image,true_label,pred_label,confidence,input_and_metadata_ms,region_validation_ms,crop_extraction_ms,resize_and_preprocess_ms,batch_construction_ms,model_inference_ms,majority_vote_ms,total_ms
img_000001.jpg,1,0,0.8884,0.22,0.004,0.034,1.617,0.604,4.353,0.239,7.298
img_000004.jpg,1,1,0.6758,0.199,0.004,0.033,1.409,0.619,4.298,0.253,7.019
img_000007.jpg,1,1,0.8374,0.199,0.004,0.031,1.548,0.724,4.259,0.224,7.191
img_000010.jpg,1,1,0.6094,0.193,0.004,0.029,1.327,0.637,4.236,0.218,6.83
img_000016.jpg,1,1,0.897,0.202,0.004,0.03,1.001,0.554,4.276,0.214,6.465
img_000019.jpg,1,0,0.9991,0.215,0.003,0.033,2.254,0.839,4.297,0.232,8.073
img_000025.jpg,1,1,0.9299,0.206,0.005,0.032,1.316,0.607,4.2,0.206,6.762
img_000028.jpg,1,0,0.8038,0.205,0.004,0.033,3.218,0.639,4.209,0.216,8.742
img_000031.jpg,1,1,0.8929,0.204,0.003,0.033,3.375,0.654,4.27,0.213,8.972
img_000034.jpg,1,0,0.5149,0.201,0.005,0.031,2.176,0.627,4.289,0.247,7.782
img_000109.jpg,1,0,0.9771,0.203,0.005,0.029,1.345,0.626,4.183,0.208,6.787
img_000172.jpg,1,1,0.9992,0.199,0.004,0.03,1.083,0.601,4.171,0.211,6.48
img_000175.jpg,1,1,0.9926,0.199,0.005,0.027,1.39,0.818,4.087,0.212,6.92
img_000178.jpg,1,1,0.8189,0.198,0.004,0.028,1.068,0.586,4.186,0.205,6.453
img_000181.jpg,1,1,0.9988,0.205,0.004,0.029,1.503,0.566,4.186,0.207,6.884
img_000184.jpg,1,1,0.9013,0.199,0.004,0.029,1.345,0.568,4.191,0.209,6.725
img_000187.jpg,1,1,0.975,0.195,0.004,0.027,1.534,0.551,4.179,0.215,6.882
img_000190.jpg,1,1,0.9755,0.238,0.004,0.032,2.15,2.295,4.277,0.227,9.421
img_000193.jpg,1,1,0.9746,0.26,0.005,0.031,1.417,0.576,4.238,0.224,6.939
img_000196.jpg,1,0,0.5281,0.207,0.004,0.034,1.127,0.582,4.242,0.222,6.638
img_000199.jpg,1,1,0.9596,0.198,0.004,0.029,1.068,0.806,4.177,0.219,6.679
img_000202.jpg,1,1,0.993,0.207,0.005,0.032,1.817,0.983,4.181,0.207,7.619
img_000205.jpg,1,1,0.9402,0.199,0.005,0.027,1.05,0.548,4.191,0.207,6.412
img_000208.jpg,1,1,0.9956,0.196,0.005,0.027,1.068,0.556,7.614,0.213,9.865
img_000211.jpg,1,1,0.9925,0.199,0.005,0.026,1.163,0.496,4.268,0.213,6.551
img_000214.jpg,1,1,0.9924,0.193,0.005,0.028,1.252,0.633,4.173,0.206,6.677
img_000217.jpg,1,1,0.8666,0.214,0.006,0.03,1.482,0.557,4.261,0.214,6.946
img_000220.jpg,1,1,0.959,0.199,0.005,0.029,1.384,0.514,4.18,0.214,6.711
img_000223.jpg,1,1,0.9955,0.239,0.004,0.03,1.237,0.828,4.183,0.209,6.912
img_000226.jpg,1,1,0.9935,0.196,0.005,0.031,1.182,0.568,4.187,0.203,6.556
img_000229.jpg,1,1,0.9883,0.207,0.004,0.032,1.492,0.512,4.203,0.21,6.84
img_000232.jpg,1,1,0.9159,0.2,0.005,0.029,1.495,0.565,4.204,0.207,6.889
img_000235.jpg,1,1,0.9905,0.204,0.005,0.033,1.059,0.565,4.249,0.23,6.525
img_000238.jpg,1,1,0.9785,0.211,0.004,0.032,1.134,0.51,4.258,0.228,6.569
img_000241.jpg,1,1,0.6754,0.275,0.007,0.046,1.261,0.811,5.715,0.298,8.667
img_000244.jpg,1,0,0.6321,0.202,0.004,0.031,1.069,2.332,8.114,0.22,12.166
img_000247.jpg,1,0,0.9443,0.201,0.005,0.03,2.424,0.585,4.185,0.212,7.826
img_000250.jpg,1,0,0.9626,0.199,0.004,0.029,1.048,0.558,4.177,0.215,6.413
img_000253.jpg,1,0,0.999,0.197,0.004,0.03,1.45,0.607,4.187,0.209,6.868
img_000256.jpg,1,0,0.9999,0.202,0.004,0.033,1.613,0.57,4.194,0.212,7.013
img_000259.jpg,1,0,0.9937,0.246,0.004,0.032,1.316,0.553,4.196,0.207,6.738
img_000265.jpg,1,0,0.7293,0.197,0.005,0.032,5.784,1.851,4.252,0.256,12.593
img_000268.jpg,1,1,0.5001,0.204,0.004,0.032,8.278,2.061,4.217,0.219,15.231
img_000297.jpg,1,1,0.8189,0.202,0.004,0.028,2.094,0.643,4.195,0.212,7.576
img_000300.jpg,1,0,0.5065,0.27,0.007,0.046,2.193,0.807,6.107,0.333,10.024
img_000303.jpg,1,0,0.9471,0.201,0.004,0.033,1.889,0.956,4.251,0.221,7.755
img_000306.jpg,1,0,0.8427,0.206,0.005,0.034,2.563,0.604,4.265,0.232,8.109
img_000309.jpg,1,0,0.9955,0.285,0.006,0.051,2.69,0.788,6.103,0.343,10.582
img_000318.jpg,1,0,0.9854,0.198,0.005,0.033,2.662,0.588,4.202,0.212,8.089
img_000375.jpg,1,1,0.9999,0.211,0.005,0.031,1.436,0.595,4.242,0.219,6.931
img_000378.jpg,1,1,0.9998,0.241,0.005,0.031,1.49,0.587,4.22,0.208,6.969
img_000381.jpg,1,1,0.9986,0.211,0.004,0.032,0.974,0.552,4.181,0.204,6.336
img_000384.jpg,1,1,1.0,0.205,0.004,0.031,1.035,0.564,4.193,0.211,6.429
img_000387.jpg,1,1,1.0,0.214,0.005,0.032,1.359,0.578,4.21,0.223,6.851
img_000390.jpg,1,1,1.0,0.254,0.004,0.03,1.995,0.614,4.236,0.215,7.544
img_000393.jpg,1,1,1.0,0.262,0.005,0.044,2.218,0.592,4.208,0.233,7.762
img_000396.jpg,1,1,1.0,0.212,0.004,0.032,1.98,0.643,4.312,0.216,7.596
img_000399.jpg,1,1,1.0,0.202,0.005,0.032,1.919,0.583,4.281,0.213,7.425
img_000402.jpg,1,1,1.0,0.205,0.004,0.032,2.211,0.609,4.291,0.233,7.789
img_000405.jpg,1,1,1.0,0.28,0.006,0.048,2.206,1.521,5.949,0.331,10.651
img_000408.jpg,1,1,1.0,0.207,0.005,0.03,3.512,3.418,5.881,0.356,13.686
img_000411.jpg,1,1,1.0,0.255,0.005,0.044,2.297,1.73,4.262,0.232,9.041
img_000414.jpg,1,1,1.0,0.199,0.005,0.029,2.443,1.7,4.297,0.226,9.108
img_000417.jpg,1,1,1.0,0.197,0.004,0.033,2.739,3.504,5.789,0.319,12.854
img_000420.jpg,1,1,0.6598,0.195,0.005,0.031,2.682,3.905,5.811,0.308,13.211
img_000423.jpg,1,1,1.0,0.204,0.004,0.031,2.524,3.51,5.759,0.31,12.625
img_000426.jpg,1,1,1.0,0.204,0.004,0.032,2.431,3.507,9.934,0.33,16.715
img_000429.jpg,1,1,1.0,0.201,0.004,0.033,2.424,1.012,6.689,0.311,10.947
img_000432.jpg,1,1,1.0,0.2,0.005,0.031,1.839,1.036,4.23,0.223,7.76
img_000435.jpg,1,1,1.0,0.2,0.004,0.028,1.643,0.593,4.219,0.215,7.094
img_000438.jpg,1,1,1.0,0.204,0.005,0.031,1.449,0.557,4.18,0.207,6.815
img_000441.jpg,1,1,0.971,0.209,0.005,0.033,2.087,3.891,5.838,0.343,12.687
img_000444.jpg,1,1,0.9957,0.21,0.005,0.031,1.33,1.641,4.281,0.236,7.937
img_000447.jpg,1,1,0.9833,0.213,0.004,0.031,1.457,0.762,4.205,0.21,7.066
img_000450.jpg,1,0,0.9877,0.286,0.007,0.05,1.166,0.806,6.689,0.409,9.705
img_000455.jpg,1,0,0.8963,0.195,0.004,0.031,1.199,0.599,4.175,0.214,6.594
img_000459.jpg,1,0,0.6159,0.203,0.005,0.025,0.974,0.552,4.167,0.21,6.311
img_000462.jpg,1,1,0.7068,0.212,0.004,0.028,0.95,0.539,4.177,0.21,6.302
img_000465.jpg,1,0,0.9971,0.203,0.005,0.035,1.225,4.014,5.026,0.385,11.171
img_000468.jpg,1,0,1.0,0.32,0.006,0.048,1.641,0.708,5.816,0.343,9.142
img_000474.jpg,1,0,0.9921,0.2,0.003,0.032,1.693,0.641,4.247,0.228,7.231
img_000477.jpg,1,0,0.7158,0.255,0.005,0.045,1.155,0.816,6.736,0.343,9.613
img_000480.jpg,1,0,0.8849,0.205,0.004,0.035,2.105,3.294,5.406,0.336,11.579
img_000483.jpg,1,1,0.7971,0.195,0.005,0.03,0.991,0.858,4.032,0.215,6.505
img_000486.jpg,1,0,0.9628,0.235,0.004,0.029,0.988,0.56,4.192,0.212,6.4
img_000489.jpg,1,0,0.8987,0.206,0.005,0.031,1.014,0.619,4.196,0.214,6.466
img_000492.jpg,1,0,0.978,0.211,0.005,0.032,0.996,0.735,4.129,0.224,6.514
img_000495.jpg,1,0,0.9808,0.205,0.004,0.032,1.296,0.61,4.254,0.218,6.807
img_000498.jpg,1,0,0.9738,0.21,0.005,0.031,0.996,0.617,4.21,0.217,6.47
img_000501.jpg,1,0,0.9331,0.204,0.004,0.032,1.345,0.896,4.209,0.225,7.102
img_000504.jpg,1,0,0.6595,0.268,0.004,0.031,0.966,0.542,4.156,0.21,6.353
img_000507.jpg,1,0,0.97,0.202,0.005,0.032,0.973,0.601,4.159,0.203,6.348
img_000510.jpg,1,0,0.9574,0.203,0.005,0.032,0.975,0.679,4.079,0.206,6.347
img_000516.jpg,1,0,0.9889,0.208,0.004,0.033,1.021,0.549,4.256,0.224,6.51
img_000519.jpg,1,0,0.6282,0.271,0.007,0.042,1.211,0.726,5.867,0.321,8.69
img_000522.jpg,1,0,0.8582,0.2,0.004,0.029,2.812,1.575,4.886,0.818,10.584
img_000525.jpg,1,1,0.6124,0.205,0.004,0.03,1.216,0.54,4.255,0.208,6.635
img_000528.jpg,1,0,0.9537,0.199,0.004,0.032,0.973,0.54,4.135,0.205,6.3
img_000531.jpg,1,0,0.543,0.198,0.005,0.031,1.019,0.54,4.182,0.216,6.37
img_000534.jpg,1,0,0.9867,0.203,0.004,0.031,1.016,0.536,4.181,0.206,6.357
img_000537.jpg,1,0,0.9635,0.207,0.005,0.031,0.948,0.547,4.192,0.211,6.325
img_000540.jpg,1,0,0.9727,0.205,0.005,0.033,0.984,0.532,4.186,0.21,6.335
img_000543.jpg,1,0,0.8883,0.203,0.004,0.03,0.969,0.537,4.191,0.206,6.317
img_000546.jpg,1,1,0.8861,0.21,0.005,0.033,1.429,0.562,4.207,0.217,6.849
img_000549.jpg,1,1,0.9566,0.209,0.004,0.078,0.987,0.574,4.196,0.21,6.442
img_000552.jpg,1,1,0.6079,0.207,0.005,0.03,1.245,0.744,4.206,0.207,6.832
img_000555.jpg,1,1,0.6892,0.209,0.004,0.03,1.273,0.577,4.199,0.219,6.701
img_000558.jpg,1,0,0.5695,0.21,0.004,0.027,0.985,0.557,4.186,0.212,6.363
img_000580.jpg,1,0,0.9988,0.203,0.005,0.029,0.964,0.538,4.186,0.207,6.312
img_000601.jpg,1,1,1.0,0.198,0.004,0.029,0.968,0.539,4.237,0.236,6.388
img_000604.jpg,1,1,0.9908,0.274,0.007,0.045,1.337,0.546,4.187,0.206,6.782
img_000607.jpg,1,1,0.9999,0.243,0.004,0.033,0.971,0.545,4.184,0.21,6.374
img_000610.jpg,1,1,0.9778,0.201,0.004,0.032,2.231,0.676,4.266,0.242,7.846
img_000613.jpg,1,1,1.0,0.204,0.005,0.033,1.308,0.574,4.266,0.229,6.814
img_000712.jpg,1,1,1.0,0.278,0.006,0.045,1.164,0.773,6.114,0.302,8.935
img_000715.jpg,1,1,0.9992,0.273,0.006,0.046,1.205,0.727,5.915,0.287,8.708
img_000718.jpg,1,1,0.9998,0.26,0.004,0.034,1.275,0.575,4.26,0.228,6.83
img_000721.jpg,1,1,0.9858,0.207,0.004,0.032,1.072,0.544,4.249,0.231,6.526
img_000724.jpg,1,1,0.9959,0.204,0.004,0.03,0.988,0.548,4.211,0.25,6.414
img_000727.jpg,1,0,0.8736,0.199,0.004,0.029,0.984,0.61,4.175,0.221,6.4
img_000754.jpg,1,1,0.9079,0.211,0.004,0.033,1.537,0.547,4.26,0.236,7.013
img_000757.jpg,1,1,0.986,0.198,0.005,0.029,0.991,0.542,4.25,0.215,6.406
img_000760.jpg,1,1,0.9998,0.275,0.006,0.045,1.166,0.802,6.587,0.304,9.441
img_000763.jpg,1,1,0.9957,0.2,0.005,0.029,0.98,0.539,4.187,0.214,6.334
img_000766.jpg,1,1,0.9686,0.204,0.004,0.03,1.249,0.539,4.193,0.208,6.599
img_000769.jpg,1,1,0.9818,0.199,0.004,0.03,1.235,0.574,4.166,0.211,6.589
img_000772.jpg,1,1,0.9545,0.28,0.006,0.045,1.187,0.731,6.651,0.301,9.454
img_000775.jpg,1,1,0.8425,0.198,0.004,0.033,1.013,0.64,4.248,0.231,6.554
img_000778.jpg,1,1,0.9322,0.205,0.003,0.031,1.107,0.564,4.207,0.216,6.512
img_000793.jpg,1,1,0.8141,0.204,0.005,0.034,0.95,0.544,4.223,0.229,6.37
img_000799.jpg,1,1,0.7726,0.209,0.004,0.031,0.954,0.547,4.193,0.219,6.338
img_000811.jpg,1,1,0.8657,0.204,0.004,0.032,0.986,0.55,4.207,0.229,6.4
img_000820.jpg,1,1,0.7273,0.199,0.005,0.031,0.989,0.54,4.232,0.212,6.387
img_000829.jpg,1,1,0.5732,0.205,0.005,0.03,0.972,0.541,6.197,0.21,8.344
img_000832.jpg,1,1,0.9992,0.332,0.006,0.045,1.139,0.722,5.771,0.298,8.57
img_000835.jpg,1,1,0.9984,0.208,0.004,0.032,1.017,0.569,4.204,0.211,6.424
img_000838.jpg,1,1,0.9299,0.206,0.004,0.032,1.894,2.115,4.275,0.235,8.967
img_000841.jpg,1,1,0.9984,0.212,0.004,0.031,2.148,0.615,4.248,0.229,7.674
img_000844.jpg,1,1,0.9997,0.205,0.004,0.031,0.99,0.575,4.262,0.241,6.49
img_000856.jpg,1,0,1.0,0.277,0.007,0.05,2.457,2.264,7.441,0.206,12.948
img_000925.jpg,1,1,1.0,0.212,0.005,0.033,0.993,0.546,4.238,0.225,6.44
img_000928.jpg,1,1,1.0,0.198,0.004,0.028,0.983,0.6,4.188,0.212,6.399
img_000931.jpg,1,1,1.0,0.274,0.006,0.044,1.187,0.721,6.582,0.335,9.401
img_000934.jpg,1,1,1.0,0.203,0.004,0.033,1.44,0.548,4.239,0.224,6.915
img_000937.jpg,1,1,1.0,0.194,0.004,0.034,1.428,0.59,4.187,0.215,6.834
img_000940.jpg,1,1,1.0,0.21,0.004,0.033,1.035,0.587,4.235,0.238,6.528
img_000943.jpg,1,1,0.8043,0.203,0.005,0.03,0.978,0.592,4.193,0.213,6.392
img_000946.jpg,1,1,0.9417,0.241,0.005,0.029,0.977,0.541,4.188,0.215,6.376
img_000949.jpg,1,1,1.0,0.2,0.004,0.03,1.225,0.558,4.226,0.209,6.631
img_000952.jpg,1,1,1.0,0.203,0.004,0.028,1.053,0.56,6.275,0.21,8.516
img_000955.jpg,1,1,1.0,0.211,0.004,0.032,1.474,0.587,4.254,0.228,6.991
img_000958.jpg,1,1,1.0,0.21,0.005,0.034,1.514,0.653,4.285,0.234,7.133
img_000961.jpg,1,1,1.0,0.204,0.005,0.03,1.538,0.597,4.261,0.242,7.076
img_000964.jpg,1,1,1.0,0.204,0.004,0.029,2.073,0.612,4.237,0.218,7.619
img_000967.jpg,1,1,1.0,0.211,0.005,0.037,2.931,0.675,4.191,0.232,8.498
img_000970.jpg,1,1,1.0,0.213,0.005,0.033,4.732,0.656,4.237,0.224,10.309
img_000973.jpg,1,1,1.0,0.203,0.004,0.034,2.752,0.625,4.28,0.232,8.331
img_000976.jpg,1,1,1.0,0.201,0.003,0.031,2.018,0.607,4.219,0.212,7.484
img_000979.jpg,1,1,1.0,0.284,0.006,0.046,1.822,0.935,6.521,0.388,10.316
img_000982.jpg,1,1,1.0,0.207,0.005,0.031,1.026,0.562,4.179,0.212,6.4
img_000985.jpg,1,1,1.0,0.21,0.005,0.033,1.301,0.558,4.221,0.228,6.735
img_000988.jpg,1,1,1.0,0.208,0.004,0.031,1.238,0.597,4.286,0.226,6.771
img_000991.jpg,1,1,1.0,0.196,0.005,0.03,1.28,0.594,4.2,0.216,6.742
img_000994.jpg,1,1,1.0,0.285,0.006,0.045,1.579,0.775,6.718,0.312,10.032
img_000997.jpg,1,1,1.0,0.287,0.006,0.045,1.721,0.954,6.994,0.302,10.638
img_001000.jpg,1,1,1.0,0.218,0.005,0.035,1.553,0.605,4.276,0.234,7.17
img_001003.jpg,1,1,1.0,0.208,0.004,0.034,1.795,0.607,4.268,0.23,7.342
img_001006.jpg,1,1,1.0,0.215,0.004,0.032,1.736,0.601,4.258,0.253,7.295
img_001009.jpg,1,1,1.0,0.243,0.005,0.031,1.741,0.589,4.228,0.221,7.244
img_001012.jpg,1,1,1.0,0.28,0.006,0.048,2.018,1.662,6.102,0.341,10.751
img_001015.jpg,1,1,1.0,0.276,0.006,0.047,1.902,0.853,6.674,0.321,10.403
img_001018.jpg,1,1,1.0,0.205,0.005,0.034,1.722,0.594,4.217,0.219,7.188
img_001021.jpg,1,1,1.0,0.273,0.007,0.046,1.995,0.889,6.62,0.366,10.513
img_001024.jpg,1,1,1.0,0.289,0.006,0.049,2.547,2.57,6.169,0.254,12.186
img_001027.jpg,1,1,1.0,0.281,0.006,0.095,2.988,0.936,6.134,0.35,11.22
img_001030.jpg,1,1,1.0,0.28,0.006,0.047,1.532,0.785,6.793,0.345,10.123
img_001033.jpg,1,1,1.0,0.209,0.005,0.032,1.213,0.564,4.202,0.21,6.623
img_001036.jpg,1,1,1.0,0.282,0.006,0.046,1.394,0.753,5.87,0.3,8.912
img_001042.jpg,1,1,0.5494,0.199,0.004,0.029,0.985,0.783,4.168,0.204,6.55
img_001045.jpg,1,1,0.9154,0.198,0.004,0.031,1.004,0.539,4.177,0.208,6.334
img_001048.jpg,1,0,0.8504,0.203,0.004,0.033,1.258,0.533,4.214,0.206,6.625
img_001051.jpg,1,0,0.999,0.198,0.004,0.031,1.029,0.547,4.184,0.21,6.376
img_001060.jpg,1,0,0.9066,0.285,0.006,0.047,1.144,0.724,6.62,0.292,9.405
img_001162.jpg,1,1,0.9389,0.213,0.004,0.03,1.052,0.57,4.177,0.213,6.44
img_001165.jpg,1,1,0.8667,0.28,0.006,0.046,1.501,0.758,6.836,0.338,10.083
img_001168.jpg,1,0,0.9807,0.206,0.003,0.031,1.242,0.554,4.191,0.22,6.663
img_001171.jpg,1,0,0.9994,0.218,0.004,0.031,0.98,0.572,4.198,0.213,6.403
img_001174.jpg,1,1,0.9982,0.288,0.006,0.048,1.166,0.739,6.774,0.335,9.619
img_001177.jpg,1,0,0.9555,0.209,0.005,0.035,1.488,0.557,4.284,0.261,7.026
img_001180.jpg,1,0,0.9309,0.372,0.007,0.045,2.477,1.911,4.818,0.233,10.172
img_001183.jpg,1,1,0.9997,0.196,0.004,0.03,2.128,1.034,4.879,0.464,9.007
img_001186.jpg,1,1,1.0,0.2,0.005,0.03,0.97,0.565,4.272,0.22,6.441
img_001189.jpg,1,1,1.0,0.206,0.004,0.031,0.998,0.609,4.28,0.234,6.552
img_001192.jpg,1,1,0.9994,0.205,0.004,0.035,1.029,0.593,4.216,0.221,6.497
img_001195.jpg,1,1,1.0,0.206,0.004,0.031,1.02,0.583,4.27,0.22,6.518
img_001198.jpg,1,1,1.0,0.217,0.004,0.033,1.241,0.577,4.21,0.217,6.684
img_001201.jpg,1,1,1.0,0.21,0.005,0.034,1.196,0.565,4.277,0.231,6.707
img_001204.jpg,1,1,1.0,0.216,0.005,0.035,1.314,0.581,4.263,0.236,6.841
img_001207.jpg,1,1,1.0,0.21,0.005,0.033,1.305,0.567,4.263,0.227,6.796
img_001210.jpg,1,1,1.0,0.213,0.005,0.031,1.235,0.569,4.2,0.22,6.658
img_001213.jpg,1,1,1.0,0.209,0.005,0.033,1.306,0.576,4.278,0.236,6.834
img_001216.jpg,1,1,1.0,0.218,0.005,0.033,1.267,0.573,4.255,0.231,6.775
img_001219.jpg,1,1,1.0,0.203,0.004,0.033,0.982,0.595,4.263,0.239,6.512
img_001222.jpg,1,1,1.0,0.212,0.005,0.035,1.294,0.582,4.268,0.23,6.818
img_001225.jpg,1,1,1.0,0.207,0.004,0.034,1.245,0.892,4.265,0.233,7.075
img_001228.jpg,1,1,1.0,0.199,0.004,0.029,1.254,0.558,4.199,0.216,6.641
img_001231.jpg,1,1,1.0,0.207,0.005,0.033,1.254,0.573,4.376,0.237,6.881
img_001234.jpg,1,1,1.0,0.201,0.003,0.078,0.97,0.627,4.269,0.237,6.579
img_001237.jpg,1,1,1.0,0.212,0.004,0.035,1.251,0.569,4.326,0.234,6.819
img_001240.jpg,1,1,1.0,0.207,0.005,0.032,1.285,0.577,4.196,0.218,6.708
img_001243.jpg,1,1,1.0,0.221,0.004,0.035,1.26,0.582,4.316,0.26,6.872
img_001246.jpg,1,1,1.0,0.209,0.004,0.034,1.268,0.573,4.256,0.227,6.789
img_001249.jpg,1,1,1.0,0.204,0.004,0.032,1.251,0.56,4.222,0.222,6.682
img_001252.jpg,1,1,1.0,0.218,0.005,0.034,1.08,0.577,4.287,0.236,6.632
img_001255.jpg,1,1,1.0,0.209,0.005,0.033,1.283,0.568,4.264,0.229,6.779
img_001258.jpg,1,1,1.0,0.205,0.004,0.03,1.267,0.569,4.195,0.215,6.674
img_001261.jpg,1,1,1.0,0.215,0.005,0.033,1.254,0.681,4.273,0.249,6.906
img_001264.jpg,1,1,1.0,0.207,0.005,0.033,1.831,0.576,4.245,0.228,7.314
img_001267.jpg,1,1,1.0,0.238,0.004,0.032,0.971,0.532,4.194,0.212,6.359
img_001270.jpg,1,1,1.0,0.203,0.004,0.031,0.977,0.537,4.163,0.208,6.3
img_001273.jpg,1,1,1.0,0.28,0.006,0.047,1.151,0.77,6.128,0.31,8.948
img_001276.jpg,1,1,1.0,0.206,0.004,0.03,1.332,0.542,4.189,0.202,6.685
img_001279.jpg,1,1,1.0,0.202,0.004,0.031,0.986,0.55,4.186,0.199,6.338
img_001282.jpg,1,1,1.0,0.2,0.004,0.028,1.23,0.55,4.185,0.2,6.577
img_001285.jpg,1,1,1.0,0.282,0.006,0.043,1.158,0.731,5.922,0.294,8.686
img_001288.jpg,1,1,1.0,0.276,0.007,0.043,1.145,0.72,5.877,0.294,8.614
img_001291.jpg,1,1,1.0,0.273,0.005,0.041,1.153,0.78,5.925,0.297,8.733
img_001294.jpg,1,1,1.0,0.205,0.005,0.025,1.434,0.556,4.178,0.204,6.787
img_001297.jpg,1,1,1.0,0.212,0.005,0.032,1.026,0.566,4.318,0.238,6.604
img_001300.jpg,1,1,1.0,0.205,0.004,0.027,1.465,0.553,4.172,0.214,6.821
img_001303.jpg,1,1,1.0,0.207,0.004,0.028,2.019,2.364,4.266,0.275,9.358
img_001306.jpg,1,1,1.0,0.204,0.004,0.032,1.322,0.559,4.248,0.228,6.782
img_001309.jpg,1,1,1.0,0.202,0.004,0.028,1.28,0.622,4.264,0.228,6.82
img_001312.jpg,1,1,1.0,0.214,0.004,0.032,1.33,1.976,4.287,0.24,8.286
img_001315.jpg,1,1,1.0,0.207,0.005,0.034,2.88,1.601,6.169,0.338,11.49
img_001318.jpg,1,1,1.0,0.274,0.005,0.043,1.392,0.712,5.738,0.313,8.721
img_001321.jpg,1,1,1.0,0.199,0.004,0.032,1.286,0.552,4.203,0.22,6.677
img_001324.jpg,1,1,1.0,0.213,0.004,0.035,1.01,0.544,4.229,0.227,6.446
img_001327.jpg,1,1,1.0,0.204,0.004,0.029,1.421,0.606,4.162,0.208,6.81
img_001330.jpg,1,1,1.0,0.208,0.005,0.034,1.067,0.561,4.223,0.221,6.498
img_001333.jpg,1,1,1.0,0.27,0.005,0.043,1.187,0.713,6.616,0.329,9.412
img_001336.jpg,1,1,1.0,0.205,0.004,0.029,0.974,0.541,4.153,0.215,6.294
img_001339.jpg,1,1,1.0,0.206,0.004,0.029,1.018,0.546,4.184,0.21,6.368
img_001342.jpg,1,1,1.0,0.199,0.004,0.033,1.158,0.573,4.195,0.215,6.554
img_001345.jpg,1,1,1.0,0.206,0.005,0.033,1.016,0.593,4.235,0.278,6.546
img_001348.jpg,1,1,1.0,0.2,0.005,0.032,1.013,0.543,4.167,0.211,6.344
img_001351.jpg,1,1,0.9999,0.21,0.004,0.033,1.242,0.551,4.228,0.233,6.683
img_001354.jpg,1,1,1.0,0.205,0.004,0.032,1.112,0.546,4.178,0.208,6.455
img_001357.jpg,1,1,1.0,0.283,0.006,0.046,1.135,0.707,6.01,0.288,8.721
img_001360.jpg,1,1,1.0,0.264,0.007,0.046,1.149,0.804,5.916,0.305,8.732
img_001363.jpg,1,1,1.0,0.286,0.007,0.048,1.147,0.718,5.992,0.296,8.738
img_001366.jpg,1,1,1.0,0.213,0.004,0.034,1.318,0.564,4.252,0.23,6.799
img_001369.jpg,1,1,1.0,0.211,0.004,0.034,2.887,3.034,5.813,0.364,12.621
img_001372.jpg,1,1,1.0,0.279,0.007,0.048,1.461,0.726,6.657,0.338,9.789
img_001375.jpg,1,1,0.8516,0.203,0.004,0.033,1.446,0.552,4.265,0.223,6.919
img_001378.jpg,1,0,0.9148,0.201,0.005,0.032,1.244,0.568,4.218,0.214,6.673
img_001381.jpg,1,0,0.9981,0.205,0.004,0.029,1.383,0.582,4.223,0.222,6.843
img_001384.jpg,1,0,0.9998,0.203,0.005,0.029,1.405,0.631,4.213,0.212,6.888
img_001387.jpg,1,0,0.9954,0.207,0.005,0.029,1.615,0.596,4.255,0.243,7.144
img_001390.jpg,1,0,1.0,0.277,0.006,0.046,1.895,1.955,5.934,0.299,10.678
img_001393.jpg,1,0,1.0,0.205,0.005,0.031,2.371,1.74,4.23,0.21,8.991
img_001396.jpg,1,0,0.9982,0.202,0.005,0.033,3.294,3.864,5.745,0.382,13.815
img_001402.jpg,1,0,0.542,0.204,0.004,0.031,2.352,1.775,4.329,0.225,9.129
img_001405.jpg,1,0,0.9108,0.205,0.005,0.033,2.416,2.175,4.262,0.219,9.517
img_001408.jpg,1,0,0.9681,0.205,0.004,0.032,3.439,4.102,6.881,0.349,15.373
img_001411.jpg,1,0,0.9997,0.279,0.006,0.048,4.654,0.887,5.887,0.221,12.251
img_001414.jpg,1,0,1.0,0.207,0.004,0.033,1.718,0.649,4.312,0.229,7.398
img_001417.jpg,1,0,0.9998,0.282,0.007,0.048,1.971,0.86,6.662,0.303,10.474
img_001438.jpg,1,1,1.0,0.287,0.007,0.05,1.201,0.73,5.954,0.339,8.871
img_001441.jpg,1,1,0.9973,0.202,0.004,0.031,0.967,0.554,4.19,0.217,6.37
img_001444.jpg,1,1,0.6658,0.208,0.005,0.07,1.263,0.608,4.203,0.216,6.755
img_001447.jpg,1,0,0.9923,0.29,0.006,0.049,1.248,0.746,5.881,0.305,8.784
img_001450.jpg,1,0,0.9749,0.204,0.004,0.031,1.057,0.552,4.241,0.227,6.501
img_001453.jpg,1,1,0.8128,0.285,0.006,0.047,1.211,0.73,6.609,0.308,9.452
img_001456.jpg,1,0,0.9249,0.28,0.006,0.045,1.109,0.54,4.54,0.698,7.404
img_001459.jpg,1,1,0.9997,0.209,0.004,0.033,1.209,0.542,4.173,0.214,6.564
img_001462.jpg,1,1,0.8646,0.209,0.005,0.032,2.376,1.006,5.45,0.354,9.699
img_001465.jpg,1,1,0.5545,0.209,0.004,0.035,1.205,0.56,4.224,0.221,6.647
img_001468.jpg,1,1,0.5998,0.206,0.005,0.031,1.243,0.603,4.211,0.214,6.697
img_001471.jpg,1,0,0.5416,0.217,0.004,0.033,0.986,0.57,4.195,0.213,6.404
img_001474.jpg,1,0,0.9763,0.21,0.004,0.033,1.03,0.567,4.308,0.252,6.593
img_001477.jpg,1,1,0.9236,0.206,0.004,0.034,1.067,0.576,4.279,0.235,6.592
img_001480.jpg,1,1,0.9946,0.204,0.004,0.031,0.956,0.559,4.208,0.223,6.373
img_001483.jpg,1,1,0.9995,0.202,0.005,0.03,2.821,3.703,5.947,0.35,13.354
img_001486.jpg,1,1,1.0,0.203,0.004,0.034,1.253,0.559,4.214,0.218,6.727
img_001489.jpg,1,1,1.0,0.212,0.005,0.032,0.992,0.584,4.307,0.257,6.584
img_001492.jpg,1,1,0.9997,0.21,0.005,0.031,1.427,0.647,4.242,0.215,6.972
img_001495.jpg,1,0,0.9592,0.207,0.005,0.032,1.039,0.605,4.284,0.237,6.607
img_001498.jpg,1,0,0.9317,0.204,0.004,0.031,0.976,0.563,4.255,0.22,6.444
img_001501.jpg,1,0,0.7232,0.206,0.004,0.027,1.027,0.662,4.243,0.216,6.575
img_001504.jpg,1,1,0.886,0.214,0.004,0.031,1.451,0.581,4.243,0.218,6.933
img_001507.jpg,1,0,0.732,0.213,0.005,0.033,1.432,0.641,4.241,0.225,6.983
img_001510.jpg,1,0,0.7097,0.227,0.005,0.072,1.688,1.244,4.146,0.216,7.792
img_001513.jpg,1,1,0.7826,0.284,0.006,0.047,1.236,0.747,6.73,0.343,9.67
img_001516.jpg,1,1,0.9615,0.202,0.004,0.031,1.064,0.571,4.222,0.221,6.501
img_001519.jpg,1,1,0.9538,0.209,0.003,0.03,1.064,0.612,4.223,0.216,6.574
img_001522.jpg,1,1,1.0,0.206,0.005,0.03,1.128,1.215,4.215,0.219,7.21
img_001525.jpg,1,1,0.9999,0.216,0.005,0.033,1.011,0.587,4.304,0.238,6.596
img_001528.jpg,1,1,1.0,0.276,0.006,0.042,2.502,2.24,5.909,0.322,11.554
img_001531.jpg,1,1,1.0,0.208,0.004,0.034,1.239,0.541,4.293,0.238,6.784
img_001534.jpg,1,1,1.0,0.221,0.004,0.032,1.26,0.579,4.251,0.231,6.773
img_001537.jpg,1,1,1.0,0.205,0.005,0.032,1.637,3.88,4.181,0.222,10.362
img_001540.jpg,1,1,1.0,0.202,0.005,0.032,1.266,0.569,4.259,0.233,6.753
img_001543.jpg,1,1,1.0,0.206,0.005,0.032,0.982,0.558,4.204,0.219,6.398
img_001546.jpg,1,1,1.0,0.2,0.005,0.035,1.295,0.574,4.242,0.229,6.838
img_001549.jpg,1,1,1.0,0.2,0.004,0.032,1.224,0.56,4.22,0.211,6.635
img_001552.jpg,1,1,1.0,0.191,0.004,0.03,1.424,0.64,4.283,0.226,6.991
img_001555.jpg,1,1,1.0,0.205,0.004,0.031,1.488,0.575,4.265,0.252,7.009
img_001558.jpg,1,1,1.0,0.253,0.005,0.032,1.02,0.568,4.259,0.232,6.561
img_001561.jpg,1,1,0.9991,0.206,0.004,0.031,1.088,0.579,4.228,0.217,6.538
img_001564.jpg,1,1,1.0,0.207,0.005,0.032,0.978,0.56,4.202,0.215,6.384
img_001567.jpg,1,1,1.0,0.203,0.004,0.029,1.443,0.564,4.21,0.22,6.859
img_001570.jpg,1,1,0.9979,0.21,0.004,0.033,1.239,0.563,4.247,0.213,6.692
img_001573.jpg,1,1,1.0,0.195,0.005,0.027,1.009,0.637,4.276,0.231,6.578
img_001576.jpg,1,1,0.9645,0.2,0.003,0.031,1.039,0.552,4.237,0.232,6.482
img_001579.jpg,1,1,0.9999,0.211,0.005,0.032,1.319,0.582,4.282,0.229,6.853
img_001582.jpg,1,1,1.0,0.222,0.005,0.033,0.993,0.571,4.229,0.215,6.46
img_001585.jpg,1,1,0.999,0.208,0.005,0.032,0.975,0.569,4.254,0.215,6.449
img_001588.jpg,1,1,0.9998,0.209,0.005,0.034,1.02,0.577,4.301,0.261,6.601
img_001591.jpg,1,1,1.0,0.2,0.004,0.032,0.992,0.558,4.195,0.215,6.383
img_001594.jpg,1,1,1.0,0.215,0.005,0.035,1.058,0.582,4.362,0.233,6.693
img_001597.jpg,1,1,1.0,0.218,0.005,0.03,0.969,0.562,4.196,0.252,6.421
img_001600.jpg,1,1,1.0,0.205,0.004,0.032,1.038,0.57,4.308,0.233,6.582
img_001603.jpg,1,1,1.0,0.212,0.005,0.029,1.036,0.557,4.22,0.215,6.465
img_001606.jpg,1,1,1.0,0.209,0.005,0.034,1.026,0.587,4.26,0.23,6.546
img_001609.jpg,1,1,1.0,0.207,0.005,0.031,0.994,0.548,4.259,0.213,6.439
img_001612.jpg,1,1,1.0,0.212,0.005,0.033,1.017,0.573,4.327,0.233,6.59
img_001615.jpg,1,1,0.9683,0.195,0.004,0.03,0.989,0.569,4.204,0.225,6.397
img_001618.jpg,1,1,0.9994,0.198,0.003,0.03,1.21,0.544,4.252,0.211,6.631
img_001621.jpg,1,1,0.9986,0.21,0.005,0.035,1.02,0.569,4.298,0.248,6.574
img_001624.jpg,1,1,0.7631,0.206,0.005,0.03,0.989,0.558,4.177,0.213,6.387
img_001627.jpg,1,0,0.9984,0.202,0.004,0.03,1.312,0.679,4.197,0.209,6.817
img_001630.jpg,1,0,0.9644,0.249,0.005,0.033,0.982,0.578,4.187,0.214,6.429
img_001633.jpg,1,1,0.8108,0.203,0.004,0.032,1.453,0.569,4.224,0.209,6.875
img_001636.jpg,1,1,0.9328,0.199,0.005,0.03,0.998,0.562,4.248,0.21,6.433
img_001639.jpg,1,1,1.0,0.2,0.004,0.031,0.963,0.739,4.241,0.214,6.582
img_001642.jpg,1,1,0.9918,0.205,0.004,0.034,1.21,0.567,4.255,0.227,6.697
img_001645.jpg,1,1,1.0,0.209,0.004,0.034,1.445,0.64,4.256,0.23,7.012
img_001648.jpg,1,1,1.0,0.209,0.004,0.033,1.037,0.56,4.335,0.228,6.603
img_001651.jpg,1,1,1.0,0.213,0.004,0.031,0.975,0.55,4.22,0.218,6.394
img_001654.jpg,1,1,1.0,0.209,0.004,0.035,1.176,0.584,4.252,0.231,6.706
img_001657.jpg,1,1,1.0,0.209,0.005,0.032,1.031,0.576,4.204,0.222,6.466
img_001660.jpg,1,1,1.0,0.211,0.005,0.03,1.042,0.561,4.186,0.211,6.429
img_001663.jpg,1,1,1.0,0.238,0.004,0.031,0.972,0.559,4.208,0.222,6.418
img_001666.jpg,1,1,1.0,0.216,0.004,0.033,1.019,0.607,4.24,0.231,6.542
img_001669.jpg,1,1,1.0,0.22,0.005,0.034,1.285,2.438,4.292,0.234,8.708
img_001672.jpg,1,1,1.0,0.21,0.004,0.031,1.428,0.566,4.26,0.231,6.925
img_001675.jpg,1,1,1.0,0.204,0.005,0.034,1.346,0.573,4.265,0.231,6.85
img_001678.jpg,1,1,1.0,0.206,0.004,0.032,0.977,0.554,4.185,0.219,6.361
img_001681.jpg,1,1,1.0,0.25,0.004,0.029,0.986,0.56,4.205,0.216,6.432
img_001684.jpg,1,1,1.0,0.203,0.005,0.03,0.974,0.561,4.163,0.212,6.361
img_001687.jpg,1,1,1.0,0.248,0.004,0.03,0.973,0.569,4.208,0.215,6.43
img_001690.jpg,1,1,1.0,0.21,0.004,0.035,1.198,0.554,4.24,0.228,6.658
img_001693.jpg,1,1,1.0,0.204,0.004,0.034,0.974,0.553,4.183,0.215,6.353
img_001696.jpg,1,1,1.0,0.205,0.005,0.036,0.961,0.557,4.208,0.215,6.37
img_001699.jpg,1,1,1.0,0.247,0.004,0.03,0.976,0.561,4.224,0.205,6.436
img_001702.jpg,1,1,1.0,0.208,0.004,0.035,1.015,0.561,4.3,0.231,6.544
img_001705.jpg,1,1,1.0,0.199,0.005,0.029,1.164,0.564,4.195,0.22,6.565
img_001708.jpg,1,1,1.0,0.209,0.005,0.033,0.979,0.575,4.254,0.211,6.456
img_001711.jpg,1,1,1.0,0.251,0.004,0.036,1.011,0.574,4.262,0.233,6.564
img_001714.jpg,1,1,1.0,0.203,0.004,0.034,1.468,0.582,4.265,0.233,6.979
img_001717.jpg,1,1,1.0,0.206,0.005,0.031,1.444,0.576,4.214,0.221,6.881
img_001720.jpg,1,1,1.0,0.208,0.005,0.033,1.039,0.629,4.258,0.23,6.596
img_001723.jpg,1,1,1.0,0.202,0.005,0.029,0.99,0.563,4.248,0.214,6.433
img_001726.jpg,1,1,1.0,0.205,0.004,0.03,0.975,0.563,4.242,0.211,6.41
img_001729.jpg,1,1,1.0,0.213,0.005,0.032,0.98,0.56,4.245,0.227,6.447
img_001732.jpg,1,1,1.0,0.206,0.004,0.03,1.022,0.567,4.203,0.219,6.435
img_001735.jpg,1,1,1.0,0.208,0.005,0.031,1.012,0.579,4.252,0.229,6.503
img_001738.jpg,1,1,1.0,0.214,0.005,0.033,0.972,0.569,4.234,0.223,6.437
img_001741.jpg,1,1,1.0,0.197,0.004,0.033,0.969,0.559,4.217,0.24,6.404
img_001744.jpg,1,1,1.0,0.21,0.004,0.032,1.987,0.588,4.199,0.209,7.421
img_001747.jpg,1,1,1.0,0.209,0.005,0.034,1.025,0.679,4.276,0.233,6.659
img_001750.jpg,1,1,1.0,0.203,0.004,0.032,0.968,0.558,4.234,0.238,6.416
img_001753.jpg,1,1,1.0,0.213,0.005,0.031,1.191,0.644,4.244,0.233,6.752
img_001756.jpg,1,1,1.0,0.209,0.004,0.033,1.1,0.566,4.206,0.222,6.525
img_001759.jpg,1,1,1.0,0.206,0.005,0.03,0.961,0.556,4.21,0.204,6.38
img_001762.jpg,1,1,1.0,0.203,0.005,0.031,1.584,3.947,5.578,0.308,11.94
img_001765.jpg,1,1,1.0,0.21,0.004,0.033,2.81,3.713,5.948,0.301,13.297
img_001768.jpg,1,1,1.0,0.194,0.004,0.031,1.602,1.725,4.227,0.211,8.186
img_001771.jpg,1,1,1.0,0.205,0.004,0.031,1.131,0.568,4.191,0.207,6.545
img_001774.jpg,1,1,1.0,0.211,0.004,0.03,0.981,0.567,4.206,0.214,6.399
img_001777.jpg,1,1,1.0,0.2,0.005,0.032,1.002,0.555,4.202,0.213,6.394
img_001780.jpg,1,1,1.0,0.201,0.004,0.028,2.331,0.811,7.026,0.305,10.974
img_001783.jpg,1,1,1.0,0.206,0.004,0.032,1.039,0.56,4.267,0.231,6.532
img_001786.jpg,1,1,1.0,0.211,0.005,0.033,1.135,0.57,4.258,0.231,6.637
img_001789.jpg,1,1,1.0,0.212,0.005,0.031,0.978,0.695,4.245,0.227,6.59
img_001792.jpg,1,1,1.0,0.204,0.005,0.033,1.249,0.581,4.266,0.228,6.759
img_001795.jpg,1,1,1.0,0.217,0.004,0.034,1.296,0.572,4.274,0.231,6.824
img_001798.jpg,1,1,1.0,0.211,0.004,0.032,1.33,0.564,4.258,0.226,6.809
img_001801.jpg,1,1,1.0,0.197,0.003,0.028,0.989,0.557,4.275,0.223,6.455
img_001804.jpg,1,1,1.0,0.21,0.004,0.03,1.424,0.569,4.223,0.225,6.872
img_001807.jpg,1,1,1.0,0.246,0.004,0.033,1.012,0.553,4.375,0.449,6.86
img_001810.jpg,1,1,1.0,0.279,0.006,0.048,1.207,0.738,5.972,0.38,8.891
img_001813.jpg,1,1,1.0,0.208,0.005,0.033,0.993,0.565,4.216,0.215,6.412
img_001816.jpg,1,1,1.0,0.238,0.004,0.032,0.976,0.536,4.172,0.21,6.343
img_001819.jpg,1,1,1.0,0.197,0.004,0.031,0.982,0.542,4.203,0.209,6.343
img_001822.jpg,1,1,1.0,0.238,0.005,0.032,0.986,0.536,4.171,0.212,6.351
img_001825.jpg,1,1,1.0,0.327,0.006,0.045,1.151,0.72,5.873,0.289,8.661
img_001828.jpg,1,1,0.9999,0.277,0.006,0.045,1.19,0.739,5.791,0.286,8.583
img_001831.jpg,1,1,0.9999,0.205,0.003,0.03,1.003,0.552,4.247,0.21,6.432
img_001834.jpg,1,1,1.0,0.25,0.004,0.032,1.198,0.554,4.151,0.208,6.567
img_001837.jpg,1,1,1.0,0.205,0.004,0.032,1.017,0.542,4.174,0.21,6.355
img_001840.jpg,1,1,1.0,0.274,0.006,0.044,2.966,3.684,6.207,0.323,13.79
img_001843.jpg,1,1,1.0,0.207,0.004,0.034,1.346,0.576,4.304,0.229,6.893
img_001846.jpg,1,1,1.0,0.215,0.004,0.032,0.955,0.56,4.193,0.217,6.362
img_001849.jpg,1,1,1.0,0.205,0.004,0.03,0.98,0.555,4.219,0.219,6.394
img_001852.jpg,1,1,1.0,0.2,0.004,0.03,1.026,0.552,4.208,0.252,6.459
img_001855.jpg,1,1,1.0,0.21,0.006,0.034,1.018,0.569,4.316,0.229,6.577
img_001858.jpg,1,1,1.0,0.211,0.005,0.033,1.059,0.57,4.263,0.227,6.558
img_001861.jpg,1,1,1.0,0.203,0.004,0.033,1.59,3.262,5.863,0.386,11.618
img_001864.jpg,1,1,1.0,0.211,0.005,0.034,1.47,0.562,4.262,0.229,6.974
img_001867.jpg,1,1,1.0,0.211,0.005,0.034,1.257,0.571,4.281,0.234,6.785
img_001870.jpg,1,1,1.0,0.201,0.005,0.031,1.003,0.59,4.275,0.233,6.532
img_001873.jpg,1,1,1.0,0.208,0.005,0.032,0.981,0.579,4.272,0.217,6.484
img_001876.jpg,1,1,1.0,0.208,0.005,0.035,0.982,0.563,4.201,0.212,6.424
img_001879.jpg,1,1,1.0,0.205,0.004,0.032,1.318,0.573,4.274,0.238,6.837
img_001882.jpg,1,1,1.0,0.199,0.004,0.03,0.971,0.559,4.196,0.222,6.364
img_001885.jpg,1,1,1.0,0.208,0.005,0.089,1.012,0.569,4.275,0.233,6.584
img_001888.jpg,1,1,1.0,0.215,0.004,0.03,0.958,0.56,4.224,0.221,6.404
img_001891.jpg,1,1,1.0,0.208,0.004,0.032,1.292,0.599,4.282,0.228,6.835
img_001894.jpg,1,1,1.0,0.209,0.004,0.034,1.282,0.571,4.214,0.259,6.764
img_001897.jpg,1,1,1.0,0.281,0.006,0.048,2.995,1.401,6.043,0.332,11.369
img_001900.jpg,1,1,1.0,0.282,0.058,0.054,1.193,0.725,5.924,0.324,8.816
img_001903.jpg,1,1,1.0,0.208,0.005,0.031,0.984,0.549,4.262,0.214,6.428
img_001906.jpg,1,1,1.0,0.214,0.005,0.035,0.971,0.555,4.215,0.228,6.404
img_001909.jpg,1,1,1.0,0.2,0.005,0.033,1.012,0.538,4.202,0.21,6.373
img_001912.jpg,1,1,1.0,0.197,0.004,0.03,1.21,0.53,4.163,0.208,6.511
img_001915.jpg,1,1,1.0,0.2,0.005,0.028,0.975,0.535,4.2,0.21,6.327
img_001918.jpg,1,1,1.0,0.206,0.004,0.031,0.956,0.526,4.184,0.208,6.288
img_001921.jpg,1,1,1.0,0.201,0.004,0.032,1.775,2.323,4.201,0.221,8.947
img_001924.jpg,1,1,0.9999,0.215,0.004,0.029,1.468,0.555,4.213,0.209,6.874
img_001927.jpg,1,1,0.9999,0.212,0.005,0.033,1.662,0.548,4.252,0.231,7.132
img_001930.jpg,1,1,1.0,0.203,0.005,0.032,1.89,2.037,4.291,0.232,8.877
img_001933.jpg,1,1,1.0,0.203,0.005,0.029,2.399,2.307,4.267,0.217,9.62
img_001936.jpg,1,1,1.0,0.203,0.004,0.033,1.891,0.687,4.243,0.259,7.506
img_001939.jpg,1,1,1.0,0.211,0.004,0.034,1.049,0.557,6.253,0.249,8.547
img_001942.jpg,1,1,1.0,0.243,0.004,0.031,0.974,0.545,4.193,0.217,6.378
img_001945.jpg,1,1,1.0,0.211,0.004,0.03,1.468,0.538,4.243,0.22,6.886
img_001948.jpg,1,1,1.0,0.207,0.004,0.029,1.667,0.552,4.209,0.217,7.061
img_001951.jpg,1,1,1.0,0.206,0.005,0.027,1.672,0.551,4.189,0.211,7.039
img_001954.jpg,1,1,1.0,0.201,0.005,0.029,1.023,0.542,4.168,0.21,6.353
img_001957.jpg,1,1,1.0,0.208,0.004,0.034,1.027,0.552,4.306,0.222,6.535
img_001960.jpg,1,1,1.0,0.195,0.004,0.031,0.984,0.548,4.177,0.21,6.353
img_001963.jpg,1,1,1.0,0.21,0.004,0.03,1.418,0.546,4.209,0.22,6.821
img_001966.jpg,1,1,1.0,0.205,0.004,0.032,1.982,0.555,4.24,0.225,7.424
img_001969.jpg,1,1,1.0,0.195,0.004,0.032,0.971,0.544,4.177,0.222,6.351
img_001972.jpg,1,1,1.0,0.191,0.004,0.027,2.137,2.711,5.592,0.311,11.219
img_001975.jpg,1,1,1.0,0.212,0.004,0.032,1.498,0.653,4.247,0.233,7.071
img_001978.jpg,1,1,1.0,0.203,0.004,0.031,1.422,0.555,4.229,0.228,6.858
img_001981.jpg,1,1,1.0,0.196,0.004,0.03,0.983,0.548,4.261,0.212,6.408
img_001984.jpg,1,1,1.0,0.273,0.006,0.045,1.184,0.818,5.896,0.296,8.77
img_001987.jpg,1,1,1.0,0.204,0.005,0.033,1.032,0.543,4.184,0.217,6.392
img_001990.jpg,1,1,1.0,0.205,0.005,0.03,0.986,0.543,4.209,0.206,6.391
img_001993.jpg,1,1,1.0,0.205,0.004,0.03,1.438,0.552,6.173,0.2,8.786
img_001996.jpg,1,1,0.9981,0.203,0.005,0.032,0.978,0.552,4.177,0.201,6.33
img_001999.jpg,1,1,0.9999,0.273,0.007,0.051,1.149,0.721,5.946,0.293,8.69
img_002002.jpg,1,1,0.9999,0.203,0.004,0.033,1.031,0.548,4.23,0.225,6.564
img_002005.jpg,1,1,0.9996,0.279,0.006,0.046,2.607,1.973,5.893,0.29,11.332
img_002008.jpg,1,1,0.9997,0.237,0.004,0.03,1.218,0.547,4.198,0.217,6.624
img_002011.jpg,1,1,1.0,0.278,0.007,0.048,1.145,0.724,5.959,0.304,8.831
img_002014.jpg,1,1,1.0,0.209,0.005,0.034,1.006,0.552,4.199,0.211,6.394
img_002017.jpg,1,1,1.0,0.274,0.007,0.045,1.214,0.724,5.937,0.304,8.747
img_002020.jpg,1,1,1.0,0.276,0.006,0.047,1.156,0.774,5.951,0.303,8.76
img_002023.jpg,1,1,1.0,0.207,0.004,0.031,0.966,0.533,4.196,0.201,6.311
img_002026.jpg,1,1,1.0,0.276,0.006,0.044,1.196,0.732,5.801,0.282,8.579
img_002029.jpg,1,1,1.0,0.202,0.005,0.029,1.025,0.537,4.182,0.211,6.363
img_002032.jpg,1,1,1.0,0.217,0.004,0.033,1.109,0.684,4.262,0.228,6.725
img_002035.jpg,1,1,1.0,0.199,0.004,0.029,1.456,0.519,4.154,0.203,6.737
img_002038.jpg,1,1,1.0,0.289,0.006,0.046,1.596,0.717,5.844,0.285,9.09
img_002041.jpg,1,1,1.0,0.276,0.007,0.045,1.269,0.717,5.791,0.281,8.626
img_002044.jpg,1,1,1.0,0.269,0.005,0.034,1.751,1.798,4.297,0.227,8.569
img_002047.jpg,1,1,1.0,0.213,0.005,0.034,1.994,1.731,4.259,0.229,8.659
img_002050.jpg,1,1,1.0,0.204,0.004,0.033,2.254,3.12,4.323,0.238,10.38
img_002053.jpg,1,1,1.0,0.212,0.005,0.034,1.767,0.516,4.286,0.226,7.241
img_002056.jpg,1,1,1.0,0.195,0.004,0.029,0.995,0.551,4.242,0.224,6.452
img_002059.jpg,1,1,1.0,0.201,0.004,0.034,1.004,0.619,4.225,0.213,6.482
img_002062.jpg,1,1,1.0,0.209,0.004,0.034,1.469,0.572,4.247,0.233,6.957
img_002065.jpg,1,1,1.0,0.368,0.004,0.035,3.143,0.637,4.253,0.227,8.864
img_002068.jpg,1,1,1.0,0.208,0.004,0.032,1.025,0.554,4.259,0.228,6.495
img_002071.jpg,1,1,1.0,0.205,0.004,0.032,1.327,0.553,4.241,0.229,6.774
img_002074.jpg,1,1,1.0,0.209,0.004,0.033,0.897,0.516,4.267,0.23,6.339
img_002077.jpg,1,1,1.0,0.213,0.005,0.034,1.047,0.551,4.264,0.227,6.525
img_002080.jpg,1,1,1.0,0.216,0.005,0.034,1.013,0.57,4.244,0.229,6.497
img_002083.jpg,1,1,1.0,0.278,0.006,0.045,1.752,0.717,6.685,0.312,10.048
img_002086.jpg,1,1,1.0,0.201,0.004,0.032,1.018,0.712,4.258,0.231,6.643
img_002089.jpg,1,1,1.0,0.213,0.005,0.031,1.003,0.552,4.219,0.219,6.427
img_002092.jpg,1,1,1.0,0.211,0.005,0.034,1.036,0.603,4.26,0.228,6.565
img_002095.jpg,1,1,1.0,0.215,0.005,0.034,1.03,0.565,4.203,0.222,6.457
img_002098.jpg,1,1,1.0,0.212,0.005,0.032,1.002,0.562,4.191,0.214,6.4
img_002101.jpg,1,1,1.0,0.293,0.007,0.047,1.179,0.732,6.629,0.29,9.433
img_002104.jpg,1,1,1.0,0.212,0.005,0.032,1.476,3.443,4.219,0.219,9.796
img_002107.jpg,1,1,1.0,0.204,0.005,0.033,1.807,0.72,4.247,0.259,7.465
img_002110.jpg,1,1,1.0,0.262,0.004,0.036,1.111,0.57,4.243,0.23,6.65
img_002113.jpg,1,1,1.0,0.197,0.004,0.028,1.007,0.545,4.175,0.213,6.35
img_002116.jpg,1,1,1.0,0.209,0.005,0.029,1.0,0.596,4.203,0.214,6.441
img_002119.jpg,1,1,1.0,0.205,0.004,0.032,1.037,0.771,4.267,0.235,6.744
img_002122.jpg,1,1,1.0,0.201,0.005,0.032,1.004,0.602,4.198,0.21,6.439
img_002125.jpg,1,1,1.0,0.281,0.006,0.048,1.222,1.274,6.431,0.311,9.86
img_002128.jpg,1,1,1.0,0.253,0.004,0.032,1.005,0.558,4.183,0.215,6.429
img_002131.jpg,1,1,1.0,0.278,0.006,0.048,1.416,0.727,6.523,0.304,9.596
img_002134.jpg,1,1,1.0,0.277,0.006,0.049,1.167,0.8,6.646,0.302,9.539
img_002137.jpg,1,1,1.0,0.207,0.004,0.034,1.449,0.57,4.262,0.224,6.938
img_002140.jpg,1,1,1.0,0.212,0.005,0.035,1.028,0.559,4.266,0.226,6.52
img_002143.jpg,1,1,1.0,0.203,0.004,0.029,1.263,0.545,4.191,0.213,6.625
img_002146.jpg,1,1,1.0,0.278,0.007,0.047,1.419,0.719,6.654,0.297,9.704
img_002149.jpg,1,1,1.0,0.262,0.005,0.031,1.011,0.549,4.235,0.266,6.546
img_002152.jpg,1,1,1.0,0.275,0.006,0.045,1.177,0.725,6.751,0.33,9.573
img_002155.jpg,1,1,1.0,0.206,0.005,0.031,1.003,0.549,4.207,0.21,6.425
img_002158.jpg,1,1,1.0,0.275,0.006,0.049,1.239,0.73,6.696,0.364,9.62
img_002161.jpg,1,1,1.0,0.206,0.004,0.032,1.412,0.56,4.261,0.214,6.878
img_002164.jpg,1,1,1.0,0.209,0.004,0.034,1.091,0.55,4.244,0.226,6.545
img_002167.jpg,1,1,1.0,0.209,0.004,0.032,1.064,0.577,4.219,0.22,6.516
img_002170.jpg,1,1,1.0,0.2,0.004,0.033,1.239,0.606,4.249,0.224,6.791
img_002173.jpg,1,1,1.0,0.204,0.005,0.032,1.251,0.593,4.25,0.22,6.755
img_002176.jpg,1,1,1.0,0.286,0.007,0.048,1.444,0.827,6.778,0.344,10.063
img_002179.jpg,1,1,1.0,0.211,0.005,0.032,1.241,0.685,4.229,0.225,6.827
img_002182.jpg,1,1,1.0,0.212,0.004,0.034,1.267,0.587,4.266,0.236,6.8
img_002185.jpg,1,1,1.0,0.207,0.005,0.034,1.557,0.596,4.255,0.221,7.071
img_002188.jpg,1,1,1.0,0.278,0.007,0.048,1.528,0.749,6.76,0.338,10.028
img_002191.jpg,1,1,0.9988,0.204,0.004,0.029,1.165,0.565,4.276,0.212,6.642
img_002194.jpg,1,1,1.0,0.246,0.005,0.028,1.186,0.573,4.21,0.213,6.654
img_002197.jpg,1,1,1.0,0.277,0.006,0.046,1.467,0.751,6.782,0.341,9.988
img_002200.jpg,1,1,1.0,0.248,0.004,0.031,1.232,0.582,4.203,0.224,6.713
img_002203.jpg,1,1,1.0,0.204,0.004,0.033,1.293,0.591,4.28,0.252,6.851
img_002206.jpg,1,1,1.0,0.322,0.006,0.046,2.632,2.098,4.754,0.239,10.388
img_002209.jpg,1,1,1.0,0.205,0.004,0.03,2.81,0.835,5.099,0.382,9.651
img_002212.jpg,1,1,1.0,0.202,0.004,0.031,1.337,0.606,4.228,0.22,6.826
img_002215.jpg,1,1,1.0,0.207,0.004,0.032,1.358,0.61,4.365,0.234,7.017
img_002218.jpg,1,1,1.0,0.218,0.005,0.032,1.381,0.806,4.246,0.224,7.117
img_002221.jpg,1,1,1.0,0.209,0.005,0.034,1.462,0.639,4.304,0.236,7.099
img_002224.jpg,1,1,1.0,0.212,0.005,0.034,1.735,0.638,4.242,0.223,7.289
img_002227.jpg,1,1,1.0,0.292,0.006,0.05,3.56,3.263,6.067,0.259,13.793
img_002230.jpg,1,1,1.0,0.275,0.005,0.094,3.504,1.654,6.051,0.335,12.209
img_002233.jpg,1,1,1.0,0.287,0.007,0.046,1.791,0.753,6.159,0.323,9.743
img_002236.jpg,1,1,1.0,0.201,0.004,0.033,1.855,0.61,4.295,0.23,7.471
img_002239.jpg,1,1,1.0,0.208,0.004,0.031,1.776,0.652,4.281,0.234,7.393
img_002242.jpg,1,1,1.0,0.208,0.005,0.034,1.955,0.615,4.262,0.226,7.505
img_002245.jpg,1,1,1.0,0.209,0.004,0.033,1.888,0.604,4.283,0.226,7.452
img_002248.jpg,1,1,1.0,0.195,0.004,0.031,1.8,0.641,4.31,0.222,7.404
img_002251.jpg,1,1,0.9999,0.196,0.004,0.032,1.931,0.627,4.244,0.216,7.45
img_002254.jpg,1,1,1.0,0.21,0.004,0.034,1.877,0.607,4.337,0.235,7.507
img_002257.jpg,1,1,1.0,0.2,0.005,0.032,1.855,0.593,4.227,0.218,7.326
img_002260.jpg,1,1,1.0,0.203,0.004,0.031,1.92,0.663,4.244,0.22,7.481
img_002263.jpg,1,1,1.0,0.212,0.006,0.032,2.125,0.672,4.312,0.236,7.803
img_002266.jpg,1,1,1.0,0.207,0.005,0.033,3.22,3.662,5.974,0.351,13.751
img_002269.jpg,1,1,1.0,0.207,0.004,0.034,3.79,3.528,5.803,0.363,14.03
img_002272.jpg,1,1,0.9277,0.214,0.005,0.034,2.588,3.224,4.986,0.468,11.826
img_002275.jpg,1,0,0.9969,0.212,0.004,0.037,2.386,0.827,4.236,0.218,8.128
img_002278.jpg,1,0,0.9999,0.317,0.007,0.049,2.108,0.609,4.285,0.23,7.842
img_002296.jpg,1,0,0.954,0.2,0.005,0.035,1.912,0.612,4.223,0.21,7.394
img_002299.jpg,1,0,0.9996,0.277,0.006,0.05,2.085,1.156,5.988,0.336,10.778
img_002305.jpg,1,0,0.5012,0.282,0.007,0.05,2.291,1.003,6.073,0.336,10.947
img_002308.jpg,1,1,0.9987,0.27,0.006,0.093,2.093,0.884,6.714,0.315,10.699
img_002314.jpg,1,0,1.0,0.199,0.004,0.032,1.906,0.6,4.225,0.211,7.374
img_002317.jpg,1,0,0.9973,0.281,0.006,0.047,2.225,1.586,6.025,0.296,10.754
img_002320.jpg,1,0,0.9999,0.202,0.004,0.033,2.017,0.618,4.283,0.282,7.646
img_002449.jpg,1,0,0.997,0.199,0.003,0.032,3.502,1.634,5.762,0.323,11.739
img_002464.jpg,1,0,0.9144,0.279,0.006,0.044,2.041,0.878,6.599,0.313,10.501
img_002473.jpg,1,0,0.9856,0.285,0.006,0.044,2.076,3.394,5.884,0.212,12.2
img_002476.jpg,1,0,0.7388,0.285,0.007,0.048,3.016,1.421,6.134,0.347,11.559
img_002479.jpg,1,1,0.6551,0.203,0.003,0.026,1.901,0.62,4.297,0.232,7.485
img_002482.jpg,1,0,0.9577,0.255,0.004,0.028,2.03,0.602,4.21,0.221,7.551
img_002485.jpg,1,1,0.652,0.284,0.006,0.046,2.306,0.793,6.812,0.342,10.921
img_002488.jpg,1,0,0.9511,0.197,0.004,0.031,1.901,0.629,4.218,0.23,7.41
img_002491.jpg,1,0,0.9145,0.202,0.004,0.034,1.96,0.608,4.265,0.218,7.491
img_002494.jpg,1,0,0.975,0.327,0.006,0.047,2.023,0.94,6.745,0.332,10.756
img_002497.jpg,1,0,0.8199,0.277,0.007,0.047,2.091,0.921,6.022,0.315,10.731
img_002500.jpg,1,1,0.9829,0.203,0.004,0.029,1.869,0.605,4.216,0.215,7.338
img_002503.jpg,1,1,0.9123,0.203,0.005,0.029,1.887,0.608,4.217,0.211,7.353
img_002506.jpg,1,0,0.9317,0.324,0.006,0.044,2.057,0.918,6.572,0.303,10.553
img_002509.jpg,1,1,0.7867,0.204,0.004,0.029,1.841,0.61,4.23,0.213,7.322
img_002512.jpg,1,0,0.9322,0.2,0.004,0.03,1.89,0.602,4.284,0.21,7.413
img_002515.jpg,1,0,0.9197,0.198,0.004,0.03,1.86,0.624,4.218,0.215,7.343
img_002518.jpg,1,0,0.8021,0.219,0.004,0.034,2.21,0.629,4.286,0.232,7.854
img_002521.jpg,1,1,0.8964,0.207,0.004,0.034,2.128,0.61,4.301,0.229,7.715
img_002524.jpg,1,1,0.9711,0.201,0.004,0.03,1.856,0.685,4.224,0.222,7.414
img_002527.jpg,1,0,0.7851,0.266,0.006,0.045,2.127,0.959,5.887,0.313,10.5
img_002530.jpg,1,0,0.5982,0.272,0.006,0.044,2.068,0.997,6.545,0.335,10.605
img_002533.jpg,1,1,0.8006,0.208,0.005,0.032,1.983,0.642,4.23,0.247,7.55
img_002536.jpg,1,1,0.8294,0.207,0.004,0.03,2.028,1.895,4.223,0.207,8.795
img_002539.jpg,1,0,0.723,0.271,0.006,0.046,4.013,1.831,5.516,0.256,12.199
img_002542.jpg,1,0,0.8874,0.271,0.007,0.046,4.417,1.85,5.488,0.257,12.624
img_002545.jpg,1,1,0.6727,0.205,0.005,0.033,3.433,3.991,6.577,0.303,14.929
img_002548.jpg,1,0,0.9137,0.208,0.005,0.032,2.659,1.728,4.228,0.211,9.271
img_002551.jpg,1,0,0.9058,0.202,0.004,0.027,3.474,3.608,6.582,0.306,14.482
img_002557.jpg,1,1,0.9703,0.287,0.006,0.047,4.004,1.865,5.598,0.232,12.32
img_002560.jpg,1,1,0.7839,0.221,0.005,0.033,2.114,1.69,4.294,0.23,8.798
img_002563.jpg,1,1,0.9159,0.274,0.006,0.093,3.272,1.568,5.888,0.219,11.599
img_002566.jpg,1,1,0.9497,0.195,0.003,0.028,2.047,0.63,4.286,0.232,7.622
img_002569.jpg,1,0,0.9806,0.332,0.006,0.048,2.112,0.96,5.994,0.312,10.675
img_002572.jpg,1,0,0.908,0.199,0.005,0.032,2.018,0.627,4.257,0.259,7.597
img_002575.jpg,1,1,0.8932,0.209,0.005,0.034,2.081,0.73,4.279,0.274,7.812
img_002578.jpg,1,0,0.9111,0.276,0.006,0.044,2.136,0.946,5.983,0.325,10.632
img_002581.jpg,1,1,0.939,0.277,0.006,0.047,2.716,4.128,5.946,0.219,13.614
img_002584.jpg,1,0,0.582,0.207,0.005,0.031,3.046,2.405,4.233,0.212,10.344
img_002587.jpg,1,0,0.8805,0.221,0.004,0.036,2.85,2.407,4.298,0.232,10.266
img_002590.jpg,1,1,0.9734,0.207,0.004,0.032,2.394,0.618,4.277,0.235,7.972
img_002593.jpg,1,1,0.9084,0.202,0.004,0.032,1.929,0.618,4.301,0.237,7.528
img_002596.jpg,1,1,0.9999,0.198,0.005,0.029,3.166,0.911,4.332,0.231,9.088
img_002599.jpg,1,1,0.9998,0.212,0.004,0.036,1.966,0.628,4.301,0.239,7.593
img_002602.jpg,1,1,0.9999,0.208,0.005,0.034,1.857,0.677,4.301,0.232,7.519
img_002605.jpg,1,1,0.9999,0.205,0.005,0.034,1.882,0.634,4.347,0.231,7.543
img_002608.jpg,1,1,1.0,0.207,0.004,0.034,1.949,0.634,4.297,0.229,7.563
img_002611.jpg,1,1,1.0,0.28,0.006,0.048,2.041,1.078,6.668,0.333,10.8
img_002614.jpg,1,1,0.9999,0.203,0.005,0.031,1.852,0.68,4.287,0.228,7.494
img_002617.jpg,1,1,0.9986,0.209,0.004,0.034,1.921,0.655,4.293,0.269,7.592
img_002620.jpg,1,1,1.0,0.204,0.005,0.036,1.817,0.808,4.295,0.229,7.599
img_002623.jpg,1,1,1.0,0.204,0.004,0.034,1.9,0.637,4.309,0.233,7.526
img_002626.jpg,1,1,1.0,0.206,0.005,0.033,1.862,0.615,4.301,0.232,7.459
img_002629.jpg,1,1,0.9999,0.209,0.004,0.034,1.855,0.685,4.314,0.232,7.539
img_002632.jpg,1,1,1.0,0.203,0.004,0.032,1.876,0.614,4.256,0.223,7.411
img_002635.jpg,1,1,0.9999,0.204,0.004,0.032,1.899,0.643,4.245,0.224,7.456
img_002638.jpg,1,1,1.0,0.204,0.004,0.034,1.928,0.644,4.281,0.23,7.527
img_002641.jpg,1,1,0.9997,0.211,0.005,0.031,1.863,0.681,4.302,0.219,7.514
img_002644.jpg,1,1,0.9969,0.204,0.004,0.034,1.918,0.621,4.262,0.221,7.466
img_002647.jpg,1,1,1.0,0.209,0.005,0.032,2.16,0.624,4.258,0.224,7.709
img_002650.jpg,1,1,1.0,0.202,0.004,0.031,1.965,0.653,4.229,0.213,7.501
img_002653.jpg,1,1,1.0,0.207,0.005,0.032,1.956,0.666,4.307,0.241,7.617
img_002656.jpg,1,1,1.0,0.2,0.004,0.03,1.974,0.626,4.229,0.222,7.483
img_002659.jpg,1,1,1.0,0.201,0.004,0.03,2.232,0.703,4.236,0.221,7.832
img_002662.jpg,1,1,1.0,0.2,0.004,0.032,2.172,0.64,4.338,0.232,7.826
img_002665.jpg,1,1,1.0,0.197,0.004,0.032,2.143,0.752,4.262,0.22,7.807
img_002668.jpg,1,1,1.0,0.201,0.004,0.031,2.086,0.733,4.233,0.215,7.703
img_002671.jpg,1,1,1.0,0.204,0.005,0.034,2.136,0.572,4.239,0.216,7.605
img_002674.jpg,1,1,1.0,0.199,0.004,0.032,1.884,0.606,4.228,0.219,7.371
img_002677.jpg,1,1,0.9999,0.201,0.004,0.031,1.807,0.653,4.253,0.216,7.367
img_002680.jpg,1,1,1.0,0.201,0.004,0.034,2.017,0.742,4.228,0.214,7.641
img_002683.jpg,1,1,1.0,0.208,0.005,0.032,1.782,0.703,4.232,0.217,7.376
img_002686.jpg,1,1,1.0,0.198,0.004,0.035,2.037,0.624,4.238,0.212,7.545
img_002689.jpg,1,1,1.0,0.201,0.005,0.03,2.044,0.67,4.315,0.229,7.701
img_002692.jpg,1,1,1.0,0.208,0.004,0.033,1.949,0.655,4.263,0.254,7.563
img_002695.jpg,1,1,1.0,0.206,0.005,0.031,2.022,0.61,4.253,0.218,7.544
img_002698.jpg,1,1,1.0,0.216,0.005,0.032,2.007,0.666,4.384,0.234,7.753
img_002701.jpg,1,1,1.0,0.214,0.004,0.035,2.014,0.635,4.375,0.232,7.718
img_002704.jpg,1,1,1.0,0.277,0.006,0.047,2.662,1.609,6.087,0.336,11.312
img_002707.jpg,1,1,1.0,0.293,0.006,0.049,2.471,2.054,6.063,0.221,11.46
img_002710.jpg,1,1,1.0,0.199,0.004,0.03,1.953,0.644,4.245,0.218,7.532
img_002713.jpg,1,1,1.0,0.201,0.004,0.028,2.233,0.703,4.246,0.218,7.84
img_002716.jpg,1,1,0.9999,0.285,0.007,0.047,2.189,1.665,6.006,0.329,10.821
img_002719.jpg,1,1,1.0,0.206,0.004,0.035,2.79,0.62,4.305,0.236,8.406
img_002722.jpg,1,1,1.0,0.21,0.005,0.035,2.009,0.697,4.324,0.235,7.737
img_002725.jpg,1,1,1.0,0.258,0.005,0.033,2.165,0.667,4.261,0.235,7.833
img_002728.jpg,1,1,1.0,0.215,0.004,0.034,2.03,0.668,4.274,0.23,7.669
img_002731.jpg,1,1,0.9999,0.211,0.004,0.034,4.244,3.77,6.759,0.342,15.728
img_002734.jpg,1,1,1.0,0.275,0.007,0.048,5.154,2.245,5.996,0.23,14.238
img_002737.jpg,1,1,0.9999,0.206,0.004,0.034,3.476,0.826,4.834,0.942,10.609
img_002740.jpg,1,1,1.0,0.279,0.005,0.048,2.199,1.005,6.011,0.349,10.804
img_002743.jpg,1,1,1.0,0.202,0.005,0.03,2.028,0.609,4.256,0.229,7.559
img_002746.jpg,1,1,1.0,0.217,0.005,0.034,1.916,0.6,4.293,0.232,7.535
img_002749.jpg,1,1,0.9876,0.207,0.004,0.034,2.038,0.639,4.308,0.234,7.672
img_002752.jpg,1,1,0.9999,0.211,0.005,0.034,1.916,0.764,4.305,0.225,7.663
img_002755.jpg,1,1,1.0,0.206,0.004,0.029,2.036,0.649,4.238,0.228,7.587
img_002758.jpg,1,1,1.0,0.204,0.004,0.029,2.031,0.64,4.271,0.248,7.626
img_002761.jpg,1,1,1.0,0.239,0.004,0.03,2.064,0.647,4.243,0.213,7.637
img_002764.jpg,1,1,1.0,0.201,0.004,0.03,2.125,0.643,4.222,0.209,7.632
img_002767.jpg,1,1,1.0,0.2,0.003,0.031,2.215,0.633,4.234,0.213,7.73
img_002770.jpg,1,1,1.0,0.207,0.004,0.034,2.272,0.994,4.316,0.235,8.267
img_002773.jpg,1,1,1.0,0.2,0.004,0.031,2.209,0.635,4.285,0.225,7.791
img_002776.jpg,1,1,1.0,0.281,0.007,0.049,2.463,1.613,6.445,0.335,11.489
img_002779.jpg,1,1,1.0,0.209,0.004,0.033,2.07,0.661,4.287,0.219,7.683
img_002782.jpg,1,1,1.0,0.207,0.005,0.034,2.232,0.645,4.315,0.241,7.887
img_002785.jpg,1,1,1.0,0.207,0.004,0.031,2.125,0.654,5.71,0.34,9.283
img_002788.jpg,1,1,1.0,0.205,0.004,0.034,2.166,0.663,4.256,0.226,7.754
img_002791.jpg,1,1,1.0,0.286,0.006,0.049,2.402,1.709,6.077,0.345,11.167
img_002794.jpg,1,1,1.0,0.202,0.004,0.031,2.11,0.632,4.238,0.218,7.634
img_002797.jpg,1,1,0.9998,0.205,0.005,0.03,2.035,0.647,4.303,0.242,7.664
img_002800.jpg,1,1,0.9995,0.218,0.004,0.036,2.176,0.64,4.285,0.236,7.802
img_002803.jpg,1,1,0.9991,0.217,0.004,0.033,2.096,0.67,4.265,0.228,7.715
img_002806.jpg,1,1,0.9995,0.282,0.006,0.049,2.332,1.648,5.923,0.32,10.846
img_002809.jpg,1,1,0.9999,0.217,0.005,0.033,2.139,0.62,4.361,0.231,7.806
img_002812.jpg,1,1,0.9998,0.28,0.006,0.048,2.406,1.644,6.074,0.329,11.085
img_002815.jpg,1,1,1.0,0.281,0.006,0.047,2.656,1.506,6.058,0.301,11.146
img_002818.jpg,1,1,1.0,0.208,0.004,0.031,2.065,0.609,4.241,0.227,7.582
img_002821.jpg,1,1,0.9995,0.204,0.005,0.031,2.067,0.625,4.275,0.218,7.671
img_002824.jpg,1,1,0.9999,0.204,0.004,0.028,2.133,0.612,4.22,0.215,7.617
img_002827.jpg,1,1,0.9987,0.283,0.006,0.048,2.878,1.541,5.973,0.287,11.295
img_002830.jpg,1,1,0.9992,0.274,0.006,0.048,2.408,1.64,5.943,0.367,11.001
img_002833.jpg,1,1,1.0,0.201,0.004,0.032,2.47,0.612,4.233,0.209,7.96
img_002836.jpg,1,1,1.0,0.286,0.007,0.051,2.413,1.599,5.969,0.296,10.907
img_002839.jpg,1,1,1.0,0.276,0.006,0.048,2.431,0.808,6.787,0.337,11.037
img_002842.jpg,1,1,0.9999,0.201,0.005,0.031,2.586,0.626,4.239,0.222,8.113
img_002845.jpg,1,1,0.9998,0.282,0.006,0.051,2.72,1.572,6.101,0.344,11.374
img_002848.jpg,1,1,1.0,0.218,0.004,0.033,3.989,3.694,5.983,0.348,14.564
img_002851.jpg,1,1,0.9995,0.213,0.005,0.035,3.539,1.871,4.25,0.23,10.357
img_002854.jpg,1,1,0.9927,0.205,0.004,0.031,3.872,3.385,6.005,0.319,14.106
img_002857.jpg,1,1,0.9997,0.291,0.006,0.048,4.132,1.127,5.791,0.236,11.922
img_002860.jpg,1,1,0.9811,0.27,0.006,0.045,2.351,0.823,6.816,0.349,10.942
img_002863.jpg,1,0,0.9641,0.233,0.004,0.028,1.923,0.614,4.242,0.22,7.462
img_002866.jpg,1,0,0.9115,0.247,0.005,0.029,1.96,0.639,4.235,0.214,7.528
img_002869.jpg,1,1,0.5383,0.208,0.004,0.033,1.929,0.637,4.361,0.235,7.61
img_002872.jpg,1,1,0.5248,0.206,0.005,0.032,1.707,0.629,4.3,0.271,7.352
img_002878.jpg,1,1,0.9979,0.269,0.006,0.048,1.864,0.858,6.617,0.297,10.282
img_002881.jpg,1,1,0.9997,0.209,0.005,0.03,1.62,0.61,4.283,0.237,7.189
img_002884.jpg,1,1,1.0,0.202,0.005,0.033,1.623,0.64,4.222,0.212,7.127
img_002887.jpg,1,1,1.0,0.209,0.005,0.033,1.734,0.639,4.313,0.233,7.367
img_002890.jpg,1,1,0.9969,0.205,0.005,0.029,1.838,0.607,4.242,0.218,7.34
img_002893.jpg,1,1,1.0,0.277,0.006,0.047,2.22,0.596,4.525,0.343,8.218
img_002896.jpg,1,1,1.0,0.201,0.004,0.032,2.032,0.659,4.22,0.217,7.565
img_002899.jpg,1,1,1.0,0.198,0.005,0.032,2.063,0.769,4.223,0.219,7.708
img_002902.jpg,1,1,1.0,0.203,0.004,0.033,2.128,0.969,4.356,0.235,8.136
img_002905.jpg,1,1,1.0,0.203,0.004,0.03,2.077,1.145,4.261,0.221,8.145
img_002908.jpg,1,1,1.0,0.347,0.007,0.046,2.209,1.625,6.072,0.332,10.954
img_002911.jpg,1,1,1.0,0.204,0.004,0.032,1.961,0.614,4.265,0.23,7.507
img_002914.jpg,1,1,1.0,0.279,0.007,0.046,2.119,0.985,6.029,0.401,10.788
img_002917.jpg,1,1,1.0,0.202,0.004,0.03,2.008,0.602,4.233,0.221,7.528
img_002920.jpg,1,1,1.0,0.197,0.004,0.029,1.853,0.592,4.207,0.214,7.295
img_002923.jpg,1,1,0.9238,0.204,0.005,0.029,1.78,0.604,4.223,0.21,7.251
img_002926.jpg,1,1,1.0,0.197,0.004,0.03,1.762,0.615,4.216,0.214,7.228
img_002929.jpg,1,1,1.0,0.203,0.004,0.03,1.722,0.679,4.24,0.214,7.285
img_002932.jpg,1,1,0.9995,0.206,0.004,0.029,1.905,0.606,4.245,0.209,7.404
img_002935.jpg,1,1,0.9999,0.21,0.005,0.03,1.748,0.615,4.303,0.217,7.326
img_002938.jpg,1,1,1.0,0.198,0.004,0.029,1.591,0.601,4.217,0.217,7.048
img_002941.jpg,1,1,1.0,0.199,0.004,0.031,1.69,0.599,4.225,0.211,7.151
img_002944.jpg,1,1,0.9992,0.204,0.005,0.031,1.653,1.171,4.229,0.214,7.703
img_002947.jpg,1,1,1.0,0.211,0.005,0.03,1.797,0.614,4.225,0.213,7.291
img_002950.jpg,1,1,0.9984,0.21,0.004,0.028,1.635,0.595,4.203,0.209,7.072
img_002953.jpg,1,1,1.0,0.214,0.003,0.032,1.451,0.744,4.243,0.211,7.092
img_002956.jpg,1,1,1.0,0.276,0.006,0.049,1.839,0.875,6.621,0.426,10.428
img_002959.jpg,1,1,1.0,0.199,0.005,0.031,1.657,0.623,4.259,0.216,7.187
img_002962.jpg,1,1,0.9985,0.204,0.004,0.032,1.618,0.612,4.219,0.217,7.095
img_002965.jpg,1,1,0.9944,0.207,0.005,0.029,1.417,0.641,4.22,0.217,6.924
img_002968.jpg,1,0,0.9951,0.201,0.005,0.032,1.722,0.604,4.202,0.212,7.173
img_002971.jpg,1,0,0.9997,0.205,0.005,0.028,1.627,0.591,4.216,0.211,7.072
img_002986.jpg,1,0,0.9975,0.212,0.005,0.031,1.346,0.61,4.215,0.21,6.823
img_002992.jpg,1,1,0.6152,0.212,0.005,0.035,1.4,0.61,4.277,0.234,6.975
img_002995.jpg,1,1,0.6203,0.204,0.004,0.032,1.355,0.583,4.216,0.221,6.803
img_002998.jpg,1,1,0.7303,0.213,0.005,0.036,1.277,0.591,4.321,0.291,6.931
img_003001.jpg,1,1,0.9936,0.201,0.005,0.034,1.302,0.575,4.22,0.22,6.743
img_003004.jpg,1,1,0.9982,0.205,0.004,0.034,1.267,0.602,4.243,0.218,6.766
img_003007.jpg,1,0,0.9454,0.208,0.005,0.034,1.242,0.608,4.24,0.22,6.746
img_003010.jpg,1,0,0.8024,0.212,0.005,0.033,1.23,0.611,4.317,0.217,6.815
img_003013.jpg,1,1,0.8797,0.209,0.005,0.032,1.279,0.602,4.252,0.221,6.795
img_003016.jpg,1,1,0.8501,0.272,0.006,0.046,1.615,0.773,5.922,0.305,9.201
img_003019.jpg,1,0,0.8715,0.21,0.003,0.029,1.246,0.617,4.238,0.214,6.752
img_003022.jpg,1,0,0.9993,0.204,0.004,0.032,3.015,3.728,6.166,0.317,13.748
img_003025.jpg,1,1,0.9717,0.212,0.005,0.031,1.496,0.591,4.256,0.221,7.005
img_003028.jpg,1,0,0.8524,0.219,0.004,0.027,1.208,0.591,4.24,0.219,6.7
img_003031.jpg,1,0,0.9959,0.208,0.004,0.03,1.382,0.599,4.25,0.215,6.881
img_003034.jpg,1,0,0.9986,0.284,0.006,0.049,1.529,0.831,6.665,0.372,10.07
img_003040.jpg,1,0,0.9992,0.278,0.006,0.047,1.51,0.783,6.776,0.351,10.087
img_003043.jpg,1,0,0.999,0.201,0.004,0.036,1.539,0.672,4.252,0.23,7.126
img_003046.jpg,1,1,0.9014,0.206,0.004,0.031,1.445,0.596,4.225,0.218,6.919
img_003049.jpg,1,1,0.9993,0.21,0.005,0.034,1.282,0.598,4.253,0.219,6.793
img_003052.jpg,1,1,0.9969,0.21,0.005,0.031,1.238,0.637,4.219,0.219,6.841
img_003055.jpg,1,1,0.9952,0.252,0.005,0.03,1.228,0.848,4.24,0.222,7.014
img_003058.jpg,1,1,0.9999,0.206,0.004,0.029,1.452,0.585,4.23,0.212,6.911
img_003061.jpg,1,1,1.0,0.207,0.004,0.031,1.232,0.606,4.34,0.214,6.826
img_003064.jpg,1,1,1.0,0.204,0.005,0.028,1.425,0.602,4.236,0.209,6.904
img_003067.jpg,1,1,1.0,0.211,0.005,0.029,2.622,0.634,4.24,0.223,8.165
img_003070.jpg,1,1,1.0,0.209,0.005,0.029,2.889,4.062,6.149,0.344,13.979
img_003073.jpg,1,1,1.0,0.217,0.005,0.032,2.849,2.659,5.825,0.316,12.17
img_003076.jpg,1,1,1.0,0.22,0.005,0.034,2.039,0.841,4.366,0.236,7.958
img_003079.jpg,1,1,1.0,0.217,0.005,0.033,1.527,0.641,4.306,0.258,7.206
img_003082.jpg,1,1,1.0,0.202,0.005,0.029,1.556,0.664,4.332,0.257,7.253
img_003085.jpg,1,1,1.0,0.315,0.007,0.046,2.309,0.81,4.316,0.238,8.264
img_003088.jpg,1,1,1.0,0.213,0.004,0.029,1.907,0.739,4.386,0.236,7.736
img_003091.jpg,1,1,1.0,0.206,0.005,0.031,1.583,0.647,4.253,0.226,7.16
img_003094.jpg,1,1,1.0,0.2,0.004,0.031,1.592,0.64,4.254,0.216,7.152
img_003097.jpg,1,1,1.0,0.21,0.004,0.032,1.824,0.786,4.345,0.238,7.662
img_003100.jpg,1,1,1.0,0.204,0.005,0.031,1.576,0.679,4.259,0.223,7.183
img_003103.jpg,1,1,1.0,0.203,0.005,0.029,1.641,0.639,4.273,0.272,7.283
img_003106.jpg,1,1,1.0,0.199,0.003,0.031,1.814,0.651,4.236,0.21,7.35
img_003109.jpg,1,1,1.0,0.197,0.004,0.03,1.819,0.667,4.245,0.212,7.379
img_003112.jpg,1,1,1.0,0.203,0.004,0.025,2.393,0.646,4.238,0.215,7.953
img_003115.jpg,1,1,1.0,0.196,0.005,0.029,1.634,0.648,4.249,0.214,7.213
img_003118.jpg,1,1,1.0,0.204,0.004,0.03,1.868,0.644,4.253,0.214,7.425
img_003121.jpg,1,1,1.0,0.208,0.004,0.031,1.872,1.004,4.379,0.303,8.024
img_003124.jpg,1,1,1.0,0.207,0.004,0.029,1.862,0.723,4.322,0.232,7.594
img_003127.jpg,1,1,1.0,0.265,0.005,0.03,1.555,0.669,4.279,0.223,7.235
img_003130.jpg,1,1,1.0,0.206,0.005,0.031,1.859,0.984,4.294,0.233,7.83
img_003133.jpg,1,1,1.0,0.216,0.004,0.03,1.577,0.721,4.295,0.227,7.287
img_003136.jpg,1,1,1.0,0.205,0.004,0.03,1.671,0.688,4.288,0.226,7.327
img_003139.jpg,1,1,1.0,0.214,0.005,0.03,1.581,0.76,4.272,0.22,7.29
img_003142.jpg,1,1,1.0,0.202,0.004,0.03,1.695,0.697,4.273,0.224,7.336
img_003145.jpg,1,1,1.0,0.212,0.005,0.03,1.699,0.69,4.268,0.225,7.34
img_003148.jpg,1,1,1.0,0.208,0.004,0.031,1.9,0.691,4.297,0.249,7.598
img_003151.jpg,1,1,1.0,0.21,0.004,0.029,2.227,0.67,4.244,0.222,7.813
img_003154.jpg,1,1,1.0,0.206,0.004,0.031,1.891,0.685,4.258,0.224,7.509
img_003157.jpg,1,1,1.0,0.213,0.005,0.031,3.2,3.047,4.733,0.429,11.974
img_003160.jpg,1,1,1.0,0.208,0.004,0.031,1.919,0.759,4.354,0.217,7.732
img_003163.jpg,1,1,1.0,0.209,0.004,0.033,2.053,0.76,4.282,0.257,7.81
img_003166.jpg,1,1,1.0,0.278,0.006,0.046,3.589,3.765,5.979,0.224,14.167
img_003169.jpg,1,1,1.0,0.2,0.005,0.028,2.71,3.494,5.849,0.333,12.89
img_003172.jpg,1,1,1.0,0.344,0.006,0.047,4.5,1.294,5.913,0.229,12.606
img_003175.jpg,1,1,1.0,0.27,0.007,0.043,2.214,0.945,6.011,0.322,10.133
img_003178.jpg,1,1,1.0,0.208,0.004,0.029,2.101,0.627,4.216,0.222,7.603
img_003181.jpg,1,1,1.0,0.269,0.006,0.047,2.391,1.015,6.076,0.291,10.422
img_003184.jpg,1,1,1.0,0.203,0.004,0.031,2.844,0.689,4.36,0.236,8.601
img_003187.jpg,1,1,1.0,0.189,0.014,0.028,2.277,0.658,4.305,0.232,7.916
img_003190.jpg,1,1,1.0,0.203,0.011,0.028,2.454,0.66,4.307,0.231,8.111
img_003193.jpg,1,1,1.0,0.202,0.01,0.027,2.642,0.69,4.251,0.218,8.252
img_003196.jpg,1,1,0.9977,0.208,0.011,0.03,2.36,0.711,4.369,0.222,8.134
img_003199.jpg,1,1,0.9938,0.207,0.011,0.028,2.392,0.672,4.279,0.23,8.032
img_003202.jpg,1,1,1.0,0.209,0.01,0.027,3.19,0.656,4.233,0.226,8.771
img_003205.jpg,1,1,1.0,0.207,0.011,0.027,3.11,3.669,4.298,0.228,11.776
img_003208.jpg,1,1,0.9997,0.202,0.011,0.029,3.068,0.653,4.398,0.235,8.808
img_003211.jpg,1,1,0.9879,0.204,0.01,0.028,2.253,0.954,4.318,0.229,8.209
img_003214.jpg,1,1,0.5217,0.204,0.005,0.03,2.18,0.692,4.249,0.217,7.786
img_003217.jpg,1,0,0.9842,0.233,0.005,0.031,2.144,0.646,4.249,0.225,7.737
img_003220.jpg,1,0,0.9872,0.205,0.005,0.029,2.286,0.645,4.344,0.251,7.978
img_003229.jpg,1,1,0.9453,0.204,0.004,0.034,2.02,0.655,4.307,0.23,7.664
img_003232.jpg,1,1,0.8962,0.2,0.004,0.067,1.92,0.663,4.236,0.218,7.52
img_003235.jpg,1,1,0.9957,0.206,0.004,0.03,1.898,0.666,4.301,0.229,7.603
img_003238.jpg,1,1,0.9988,0.214,0.004,0.03,1.761,0.653,4.314,0.231,7.413
img_003241.jpg,1,1,0.8591,0.2,0.004,0.029,1.954,0.648,4.252,0.215,7.513
img_003244.jpg,1,1,0.9996,0.209,0.004,0.032,4.374,3.834,5.909,0.338,15.008
img_003247.jpg,1,1,1.0,0.244,0.004,0.034,4.869,0.797,4.358,0.283,10.824
img_003250.jpg,1,1,1.0,0.209,0.004,0.032,3.975,3.642,4.363,0.263,12.716
img_003253.jpg,1,1,1.0,0.209,0.004,0.03,4.69,2.648,4.326,0.236,12.363
img_003256.jpg,1,1,1.0,0.203,0.011,0.028,3.533,0.668,4.361,0.253,9.28
img_003259.jpg,1,1,1.0,0.31,0.014,0.04,4.605,3.642,6.301,0.337,15.608
img_003262.jpg,1,1,1.0,0.243,0.011,0.025,2.937,0.636,4.351,0.228,8.64
img_003265.jpg,1,1,1.0,0.277,0.016,0.041,4.065,0.918,5.945,0.308,11.849
img_003268.jpg,1,1,1.0,0.197,0.01,0.027,19.239,2.123,4.275,0.227,26.318
img_003271.jpg,1,1,1.0,0.2,0.011,0.028,3.901,3.794,5.75,0.335,14.312
img_003274.jpg,1,1,1.0,0.205,0.011,0.026,4.695,0.801,5.594,0.313,11.923
img_003277.jpg,1,1,1.0,0.209,0.012,0.026,2.765,0.595,4.287,0.213,8.302
img_003280.jpg,1,1,1.0,0.207,0.01,0.029,2.662,0.804,4.305,0.229,8.456
img_003283.jpg,1,1,1.0,0.277,0.016,0.042,4.133,0.879,5.924,0.202,11.735
img_003286.jpg,1,1,1.0,0.326,0.016,0.046,3.28,1.563,5.98,0.221,11.7
img_003289.jpg,1,1,1.0,0.198,0.012,0.03,2.817,0.605,4.231,0.214,8.306
img_003292.jpg,1,1,1.0,0.207,0.012,0.029,2.738,0.615,4.325,0.261,8.384
img_003295.jpg,1,1,1.0,0.204,0.012,0.028,2.762,0.601,4.293,0.228,8.353
img_003298.jpg,1,1,1.0,0.201,0.012,0.026,2.846,0.608,4.226,0.218,8.34
img_003301.jpg,1,1,0.9974,0.201,0.011,0.027,3.044,0.636,4.318,0.21,8.656
img_003304.jpg,1,1,1.0,0.206,0.004,0.031,1.244,0.577,4.231,0.236,6.708
img_003307.jpg,1,1,1.0,0.204,0.004,0.03,1.028,0.605,4.24,0.222,6.515
img_003310.jpg,1,1,1.0,0.282,0.007,0.044,1.262,0.758,6.044,0.356,9.009
img_003313.jpg,1,1,1.0,0.197,0.004,0.028,1.016,0.67,4.204,0.221,6.519
img_003316.jpg,1,1,1.0,0.206,0.004,0.03,1.118,0.562,4.246,0.221,6.571
img_003319.jpg,1,1,1.0,0.197,0.004,0.026,1.334,0.557,4.209,0.213,6.719
img_003322.jpg,1,1,1.0,0.215,0.005,0.035,1.05,0.565,4.254,0.222,6.53
img_003325.jpg,1,1,0.9999,0.206,0.005,0.028,1.022,0.847,4.244,0.203,6.732
img_003328.jpg,1,1,1.0,0.202,0.004,0.03,1.016,0.559,4.253,0.211,6.454
img_003331.jpg,1,1,1.0,0.275,0.006,0.045,1.253,0.729,6.664,0.294,9.518
img_003334.jpg,1,1,1.0,0.27,0.007,0.043,1.193,1.056,6.596,0.297,9.743
img_003337.jpg,1,1,1.0,0.534,0.006,0.046,1.244,0.75,6.7,0.329,9.91
img_003340.jpg,1,1,1.0,0.2,0.004,0.032,1.063,0.617,4.258,0.225,6.581
img_003343.jpg,1,1,1.0,0.275,0.006,0.044,1.342,0.756,6.629,0.358,9.704
img_003346.jpg,1,1,1.0,0.206,0.004,0.027,1.233,0.556,4.185,0.204,6.594
img_003349.jpg,1,1,1.0,0.213,0.006,0.031,1.027,0.556,4.201,0.208,6.419
img_003352.jpg,1,1,1.0,0.205,0.004,0.03,1.317,0.597,4.259,0.222,6.818
img_003355.jpg,1,1,1.0,0.295,0.006,0.041,1.199,0.74,6.652,0.3,9.489
img_003358.jpg,1,1,1.0,0.209,0.004,0.031,1.053,0.611,4.239,0.217,6.55
img_003361.jpg,1,1,1.0,0.2,0.005,0.026,1.018,0.629,4.188,0.201,6.439
img_003364.jpg,1,1,1.0,0.203,0.004,0.028,1.035,0.567,4.22,0.205,6.441
img_003367.jpg,1,1,1.0,0.303,0.006,0.045,1.215,0.768,6.7,0.282,9.59
img_003370.jpg,1,1,1.0,0.274,0.006,0.044,1.269,0.747,6.633,0.323,9.549
img_003373.jpg,1,1,1.0,0.203,0.004,0.025,1.2,0.568,4.189,0.207,6.572
img_003376.jpg,1,1,1.0,0.208,0.004,0.031,2.167,0.883,4.926,0.507,9.011
img_003379.jpg,1,1,1.0,0.203,0.005,0.031,1.06,0.571,4.256,0.209,6.554
img_003382.jpg,1,1,1.0,0.215,0.005,0.032,1.06,0.592,4.352,0.229,6.681
img_003385.jpg,1,1,1.0,0.199,0.005,0.029,1.023,0.632,4.228,0.217,6.518
img_003388.jpg,1,1,1.0,0.305,0.006,0.041,1.53,0.679,4.344,0.223,7.325
img_003391.jpg,1,1,1.0,0.214,0.004,0.032,1.018,0.564,4.247,0.219,6.49
img_003394.jpg,1,1,1.0,0.209,0.005,0.03,1.095,0.593,4.222,0.215,6.561
img_003397.jpg,1,1,1.0,0.203,0.004,0.027,1.014,0.569,4.222,0.212,6.438
img_003400.jpg,1,1,1.0,0.199,0.004,0.029,1.057,0.564,4.26,0.226,6.567
img_003403.jpg,1,1,1.0,0.211,0.004,0.034,1.04,0.572,4.272,0.231,6.552
img_003406.jpg,1,1,1.0,0.202,0.004,0.03,0.971,0.59,4.234,0.214,6.427
img_003409.jpg,1,1,1.0,0.201,0.005,0.03,1.261,0.559,4.211,0.208,6.684
img_003412.jpg,1,1,1.0,0.208,0.004,0.031,1.193,0.623,4.262,0.227,6.738
img_003415.jpg,1,1,0.9778,0.258,0.004,0.031,1.249,0.558,4.22,0.217,6.725
img_003418.jpg,1,1,0.8419,0.206,0.005,0.029,1.244,0.55,4.204,0.246,6.668
img_003421.jpg,1,0,0.908,0.207,0.004,0.03,1.023,0.559,4.312,0.232,6.56
img_003424.jpg,1,1,0.9866,0.2,0.004,0.029,0.984,0.559,4.275,0.253,6.489
img_003427.jpg,1,1,0.9995,0.205,0.004,0.03,1.021,0.561,4.325,0.229,6.563
img_003430.jpg,1,1,1.0,0.209,0.004,0.034,1.464,0.589,4.28,0.233,7.008
img_003433.jpg,1,1,1.0,0.214,0.004,0.03,0.998,0.649,4.242,0.235,6.564
img_003436.jpg,1,1,1.0,0.209,0.005,0.031,1.021,0.6,4.246,0.23,6.533
img_003439.jpg,1,1,0.9936,0.203,0.005,0.03,1.3,0.541,4.206,0.22,6.686
img_003442.jpg,1,1,0.9999,0.203,0.005,0.028,1.284,0.559,4.184,0.212,6.661
img_003445.jpg,1,1,1.0,0.217,0.004,0.032,1.296,0.577,4.334,0.231,6.889
img_003448.jpg,1,1,1.0,0.204,0.004,0.03,1.314,0.575,4.27,0.227,6.811
img_003451.jpg,1,1,1.0,0.199,0.004,0.027,1.234,0.574,4.226,0.215,6.663
img_003454.jpg,1,0,0.7393,0.2,0.003,0.025,1.227,0.559,4.232,0.212,6.642
img_003457.jpg,1,1,1.0,0.208,0.004,0.03,1.306,0.591,4.262,0.227,6.822
img_003460.jpg,1,1,1.0,0.214,0.004,0.034,1.048,0.65,4.36,0.259,6.767
img_003463.jpg,1,1,0.9989,0.209,0.005,0.03,1.005,0.573,4.258,0.225,6.515
img_003466.jpg,1,1,0.9569,0.199,0.004,0.028,1.027,0.558,4.198,0.213,6.409
img_003469.jpg,1,1,0.999,0.204,0.004,0.029,1.04,0.573,4.273,0.231,6.547
img_003472.jpg,1,1,0.9977,0.212,0.004,0.032,1.036,0.587,4.341,0.233,6.641
img_003475.jpg,1,1,1.0,0.207,0.004,0.031,1.051,0.574,4.265,0.227,6.549
img_003478.jpg,1,1,1.0,0.209,0.004,0.03,0.97,0.567,4.204,0.218,6.395
img_003481.jpg,1,1,1.0,0.206,0.005,0.03,1.093,0.563,4.27,0.231,6.593
img_003484.jpg,1,1,0.961,0.324,0.008,0.038,1.234,0.726,4.228,0.242,6.994
img_003487.jpg,1,1,1.0,0.203,0.004,0.029,0.958,0.592,4.203,0.217,6.39
img_003490.jpg,1,1,0.9356,0.197,0.005,0.027,0.965,0.578,4.191,0.213,6.354
img_003493.jpg,1,1,1.0,0.206,0.005,0.03,0.981,0.568,4.211,0.21,6.399
img_003496.jpg,1,1,1.0,0.204,0.004,0.028,0.99,0.623,4.219,0.211,6.464
img_003499.jpg,1,1,0.9908,0.204,0.004,0.031,1.016,0.554,4.375,0.22,6.594
img_003502.jpg,1,0,0.999,0.209,0.005,0.032,1.059,0.598,4.276,0.231,6.608
img_003505.jpg,1,1,0.6131,0.205,0.004,0.03,0.965,0.55,4.265,0.217,6.42
img_003508.jpg,1,1,0.7754,0.196,0.003,0.031,1.044,0.554,4.19,0.209,6.414
img_003511.jpg,1,1,0.9984,0.208,0.004,0.033,1.048,0.581,4.268,0.23,6.568
img_003514.jpg,1,0,0.5951,0.28,0.007,0.045,2.593,2.022,5.966,0.221,11.383
img_003517.jpg,1,0,0.9962,0.27,0.006,0.042,1.161,0.719,5.804,0.313,8.563
img_003520.jpg,1,0,1.0,0.214,0.005,0.032,1.08,0.59,4.257,0.224,6.588
img_003523.jpg,1,0,0.9999,0.205,0.005,0.029,1.149,0.559,4.232,0.224,6.589
img_003526.jpg,1,1,0.9989,0.206,0.005,0.032,1.292,0.561,4.285,0.223,6.791
img_003529.jpg,1,1,0.7154,0.277,0.006,0.045,1.185,0.791,5.899,0.307,8.756
img_003532.jpg,1,0,0.7261,0.275,0.006,0.044,1.223,0.726,5.884,0.298,8.701
img_003535.jpg,1,0,0.7117,0.205,0.004,0.03,1.097,0.552,4.195,0.204,6.464
img_003538.jpg,1,0,0.9997,0.203,0.004,0.03,1.024,0.564,4.202,0.207,6.412
img_003541.jpg,1,0,0.9886,0.271,0.006,0.042,1.193,0.766,5.932,0.296,8.757
img_003544.jpg,1,0,1.0,0.198,0.004,0.028,1.504,0.581,4.202,0.209,6.903
img_003550.jpg,1,0,1.0,0.201,0.004,0.032,1.345,0.59,4.348,0.229,6.947
img_003553.jpg,1,0,0.9996,0.205,0.004,0.029,1.06,0.59,4.232,0.217,6.528
img_003556.jpg,1,0,0.9999,0.2,0.003,0.033,0.976,0.574,4.239,0.219,6.424
img_003559.jpg,1,0,0.8837,0.213,0.003,0.033,1.268,0.583,4.221,0.215,6.725
img_003562.jpg,1,0,0.9995,0.202,0.004,0.032,1.027,0.758,4.28,0.225,6.725
img_003565.jpg,1,0,0.9956,0.211,0.005,0.03,2.708,1.002,5.309,0.334,9.859
img_003568.jpg,1,0,0.874,0.2,0.004,0.03,1.013,0.608,4.211,0.23,6.475
img_003571.jpg,1,0,0.9967,0.216,0.004,0.027,1.02,0.558,4.197,0.21,6.413
img_003574.jpg,1,0,0.9974,0.199,0.004,0.027,0.976,0.553,4.18,0.208,6.36
img_003577.jpg,1,0,0.9992,0.194,0.005,0.028,1.016,0.546,4.21,0.21,6.387
img_003580.jpg,1,0,0.9988,0.201,0.005,0.027,1.006,0.59,4.183,0.211,6.408
img_003583.jpg,1,0,0.9679,0.199,0.004,0.029,0.986,0.542,4.186,0.215,6.339
img_003586.jpg,1,0,0.9966,0.323,0.006,0.045,1.153,0.719,6.153,0.338,8.992
img_003589.jpg,1,0,0.9988,0.204,0.004,0.032,1.721,0.597,4.286,0.229,7.268
img_003592.jpg,1,0,0.9896,0.205,0.005,0.032,1.331,0.637,4.232,0.213,6.848
img_003595.jpg,1,0,0.9152,0.212,0.004,0.032,1.279,0.576,4.318,0.23,6.844
img_003598.jpg,1,1,0.5547,0.211,0.004,0.03,1.267,0.586,4.209,0.217,6.709
img_003601.jpg,1,0,0.9908,0.213,0.004,0.031,1.301,0.564,4.274,0.226,6.805
img_003604.jpg,1,0,0.84,0.217,0.005,0.033,1.324,0.589,4.286,0.232,6.883
img_003607.jpg,1,0,0.9956,0.211,0.004,0.028,1.019,0.625,4.239,0.224,6.539
img_003610.jpg,1,1,0.8418,0.209,0.005,0.033,1.047,0.575,4.284,0.231,6.573
img_003613.jpg,1,1,0.9972,0.21,0.005,0.03,1.045,0.586,4.25,0.22,6.531
img_003616.jpg,1,1,0.9999,0.208,0.005,0.03,1.047,0.572,4.22,0.217,6.483
img_003619.jpg,1,1,1.0,0.205,0.004,0.03,0.986,0.57,4.232,0.211,6.423
img_003622.jpg,1,1,1.0,0.21,0.004,0.028,0.975,0.569,4.207,0.215,6.394
img_003625.jpg,1,1,1.0,0.207,0.004,0.031,1.005,0.561,4.271,0.231,6.494
img_003628.jpg,1,1,1.0,0.205,0.004,0.029,1.024,0.564,4.28,0.23,6.576
img_003631.jpg,1,1,0.9998,0.208,0.004,0.032,1.212,0.548,4.211,0.248,6.654
img_003634.jpg,1,1,1.0,0.211,0.005,0.031,1.43,0.682,4.325,0.221,7.093
img_003637.jpg,1,1,0.9997,0.322,0.007,0.043,1.757,0.727,4.287,0.226,7.564
img_003640.jpg,1,1,1.0,0.281,0.005,0.03,1.267,0.564,4.227,0.22,6.779
img_003643.jpg,1,1,0.9984,0.212,0.005,0.03,1.28,0.641,4.23,0.219,6.801
img_003646.jpg,1,1,1.0,0.21,0.004,0.034,1.019,0.566,4.304,0.226,6.555
img_003649.jpg,1,1,0.9998,0.216,0.004,0.029,0.976,0.57,4.215,0.214,6.406
img_003652.jpg,1,1,1.0,0.203,0.004,0.033,1.014,0.569,4.297,0.23,6.537
img_003655.jpg,1,1,0.9997,0.2,0.004,0.029,0.958,0.55,4.2,0.209,6.331
img_003658.jpg,1,1,0.9985,0.202,0.004,0.03,1.031,0.57,4.339,0.236,6.596
img_003661.jpg,1,1,0.8617,0.204,0.005,0.033,1.004,0.566,4.321,0.254,6.577
img_003664.jpg,1,1,0.9985,0.205,0.004,0.03,1.017,0.566,4.328,0.228,6.565
img_003667.jpg,1,1,0.9854,0.206,0.005,0.031,0.985,0.557,4.249,0.244,6.457
img_003670.jpg,1,1,0.9623,0.203,0.004,0.031,1.007,0.565,4.253,0.226,6.525
img_003673.jpg,1,1,0.9996,0.278,0.006,0.046,2.554,2.216,6.038,0.251,11.639
img_003676.jpg,1,1,0.9998,0.271,0.006,0.042,1.295,0.738,5.897,0.302,8.805
img_003679.jpg,1,1,1.0,0.278,0.006,0.043,1.157,0.727,5.851,0.299,8.613
img_003682.jpg,1,1,1.0,0.267,0.006,0.133,1.43,0.739,5.746,0.297,8.865
img_003685.jpg,1,1,1.0,0.209,0.004,0.03,1.013,0.621,4.246,0.222,6.533
img_003688.jpg,1,1,1.0,0.344,0.006,0.043,1.138,0.74,5.915,0.287,8.72
img_003691.jpg,1,1,1.0,0.273,0.006,0.041,1.243,0.812,5.925,0.289,8.833
img_003694.jpg,1,1,0.9999,0.194,0.005,0.027,1.883,2.398,4.178,0.207,9.067
img_003697.jpg,1,1,1.0,0.273,0.006,0.041,2.761,1.269,6.616,0.326,11.61
img_003700.jpg,1,1,1.0,0.271,0.006,0.046,1.269,3.682,6.081,0.352,11.994
img_003703.jpg,1,1,1.0,0.206,0.004,0.03,1.314,0.572,4.286,0.229,6.839
img_003706.jpg,1,1,1.0,0.203,0.004,0.03,1.054,0.567,4.285,0.224,6.554
img_003709.jpg,1,1,1.0,0.22,0.005,0.033,1.276,0.578,4.311,0.262,6.879
img_003712.jpg,1,1,0.9951,0.205,0.004,0.029,1.029,0.574,4.274,0.225,6.529
img_003715.jpg,1,1,0.9995,0.218,0.005,0.031,1.178,0.594,4.242,0.255,6.716
img_003718.jpg,1,1,0.9587,0.197,0.004,0.027,0.976,0.604,4.213,0.211,6.418
img_003721.jpg,1,1,0.9804,0.205,0.004,0.03,1.278,0.601,4.254,0.23,6.793
img_003724.jpg,1,1,0.9998,0.201,0.004,0.032,1.019,0.571,4.253,0.225,6.498
img_003727.jpg,1,1,0.7711,0.205,0.004,0.032,1.002,0.609,4.274,0.227,6.541
img_003730.jpg,1,1,0.9998,0.197,0.005,0.03,1.006,0.606,4.24,0.212,6.486
img_003733.jpg,1,1,0.693,0.2,0.004,0.029,1.041,0.558,4.204,0.207,6.425
img_003736.jpg,1,1,0.9977,0.209,0.005,0.03,1.056,0.576,4.272,0.231,6.565
img_003739.jpg,1,1,0.9994,0.203,0.004,0.031,1.032,0.645,4.264,0.228,6.618
img_003742.jpg,1,1,0.9984,0.2,0.004,0.027,0.977,0.564,4.26,0.211,6.421
img_003745.jpg,1,1,0.9997,0.206,0.004,0.031,1.111,0.572,4.267,0.228,6.61
img_003748.jpg,1,1,1.0,0.201,0.004,0.028,1.006,0.599,4.21,0.22,6.452
img_003751.jpg,1,1,1.0,0.215,0.004,0.032,1.251,0.574,4.263,0.232,6.762
img_003754.jpg,1,1,1.0,0.201,0.004,0.031,1.258,0.571,4.195,0.214,6.657
img_003757.jpg,1,1,1.0,0.19,0.004,0.03,0.977,0.582,4.261,0.245,6.47
img_003760.jpg,1,1,1.0,0.193,0.004,0.026,0.978,0.584,4.238,0.211,6.419
img_003763.jpg,1,1,1.0,0.205,0.004,0.029,0.993,0.612,4.23,0.205,6.46
img_003766.jpg,1,1,1.0,0.212,0.005,0.033,1.258,0.566,4.27,0.227,6.763
img_003769.jpg,1,1,1.0,0.204,0.004,0.029,1.22,0.554,4.244,0.235,6.673
img_003772.jpg,1,1,0.9999,0.201,0.004,0.027,0.988,0.567,4.231,0.238,6.436
img_003775.jpg,1,1,0.9995,0.204,0.004,0.031,1.054,0.587,4.267,0.231,6.571
img_003778.jpg,1,1,0.9843,0.211,0.005,0.03,1.033,0.799,4.268,0.233,6.768
img_003781.jpg,1,1,0.9953,0.282,0.006,0.043,1.712,0.808,6.252,0.333,9.719
img_003841.jpg,1,1,0.6826,0.208,0.005,0.03,1.06,0.57,4.258,0.221,6.541
img_003898.jpg,1,0,0.9995,0.207,0.004,0.028,1.048,0.583,4.181,0.213,6.449
img_003907.jpg,1,0,1.0,0.235,0.004,0.027,0.964,0.559,4.209,0.207,6.388
img_003910.jpg,1,0,0.9998,0.209,0.004,0.03,1.254,0.561,4.236,0.232,6.713
img_003913.jpg,1,0,0.9999,0.193,0.004,0.03,1.062,0.573,4.27,0.223,6.543
img_003916.jpg,1,0,1.0,0.207,0.004,0.033,1.012,0.569,4.246,0.227,6.496
img_003919.jpg,1,0,1.0,0.203,0.004,0.027,1.247,0.567,4.25,0.217,6.717
img_003922.jpg,1,0,1.0,0.202,0.005,0.027,1.076,0.571,4.207,0.216,6.488
img_003925.jpg,1,0,0.9999,0.211,0.005,0.032,1.085,0.572,4.252,0.225,6.572
img_003928.jpg,1,0,0.9999,0.203,0.005,0.03,0.974,0.561,4.192,0.249,6.427
img_003931.jpg,1,0,0.9986,0.205,0.004,0.03,1.003,0.574,4.259,0.22,6.489
img_003937.jpg,1,0,1.0,0.21,0.004,0.034,1.008,0.573,4.277,0.224,6.529
img_003940.jpg,1,0,1.0,0.211,0.005,0.031,0.942,0.556,4.199,0.209,6.341
img_003943.jpg,1,0,0.9837,0.197,0.004,0.027,0.975,0.555,4.252,0.209,6.403
img_003946.jpg,1,0,0.9983,0.206,0.004,0.031,1.24,0.567,4.305,0.227,6.792
img_003949.jpg,1,0,0.99,0.209,0.004,0.066,0.974,0.558,4.238,0.212,6.446
img_003952.jpg,1,0,0.9997,0.26,0.004,0.031,1.02,0.572,4.26,0.227,6.564
img_003955.jpg,1,0,0.5301,0.209,0.004,0.028,0.982,0.568,4.214,0.213,6.405
img_003958.jpg,1,1,0.9916,0.208,0.004,0.029,1.006,0.569,4.322,0.227,6.554
img_003961.jpg,1,1,0.8953,0.204,0.004,0.028,1.009,0.564,4.221,0.218,6.432
img_003964.jpg,1,1,0.9984,0.201,0.005,0.028,1.019,0.569,4.215,0.21,6.425
img_003967.jpg,1,1,0.9984,0.209,0.004,0.025,0.968,0.55,4.209,0.209,6.361
img_003970.jpg,1,1,0.9996,0.207,0.004,0.028,1.008,0.57,4.255,0.263,6.527
img_003973.jpg,1,1,0.9999,0.204,0.004,0.03,2.741,3.717,5.823,0.343,13.129
img_003976.jpg,1,1,1.0,0.206,0.004,0.033,1.274,0.578,4.365,0.23,6.882
img_003979.jpg,1,1,1.0,0.203,0.004,0.028,0.982,0.558,4.218,0.228,6.402
img_003982.jpg,1,1,1.0,0.196,0.005,0.027,1.3,2.58,4.268,0.215,8.785
img_003985.jpg,1,1,1.0,0.203,0.005,0.028,2.781,1.574,5.749,0.348,10.962
img_003988.jpg,1,1,1.0,0.248,0.005,0.031,1.013,0.586,4.254,0.212,6.539
img_003991.jpg,1,1,1.0,0.21,0.004,0.031,1.257,0.584,4.283,0.229,6.795
img_003994.jpg,1,1,1.0,0.205,0.004,0.032,1.104,0.588,4.212,0.216,6.547
img_003997.jpg,1,1,1.0,0.215,0.004,0.031,1.321,0.596,4.294,0.231,6.892
img_004000.jpg,1,1,1.0,0.209,0.004,0.031,1.27,0.628,4.24,0.226,6.804
img_004003.jpg,1,1,1.0,0.278,0.006,0.044,2.911,3.302,5.668,0.266,12.746
img_004006.jpg,1,1,1.0,0.204,0.004,0.029,1.224,0.558,4.249,0.216,6.671
img_004009.jpg,1,1,1.0,0.263,0.006,0.042,2.938,0.984,6.225,0.333,11.115
img_004012.jpg,1,1,1.0,0.205,0.004,0.03,3.443,3.717,6.757,0.323,14.781
img_004015.jpg,1,1,1.0,0.202,0.004,0.032,2.851,3.398,5.93,0.334,13.028
img_004018.jpg,1,1,1.0,0.205,0.004,0.03,1.741,0.689,4.273,0.232,7.37
img_004021.jpg,1,1,1.0,0.205,0.005,0.032,1.001,0.625,4.263,0.228,6.548
img_004024.jpg,1,1,1.0,0.21,0.005,0.034,1.02,0.566,4.255,0.225,6.51
img_004027.jpg,1,1,1.0,0.206,0.005,0.027,0.989,0.564,4.219,0.22,6.412
img_004030.jpg,1,1,1.0,0.208,0.004,0.026,1.228,0.576,4.22,0.213,6.661
img_004033.jpg,1,1,1.0,0.204,0.005,0.031,1.004,0.559,4.258,0.231,6.477
img_004036.jpg,1,1,1.0,0.205,0.005,0.033,1.077,0.57,4.274,0.227,6.578
img_004039.jpg,1,1,1.0,0.204,0.005,0.031,1.268,0.638,4.328,0.227,6.896
img_004042.jpg,1,1,1.0,0.277,0.006,0.044,2.503,2.879,5.946,0.23,12.133
img_004045.jpg,1,1,1.0,0.206,0.04,0.034,1.532,0.566,4.25,0.224,7.034
img_004048.jpg,1,1,1.0,0.28,0.006,0.042,1.154,0.795,5.901,0.296,8.723
img_004051.jpg,1,1,1.0,0.197,0.005,0.025,0.972,0.543,4.233,0.207,6.355
img_004054.jpg,1,1,1.0,0.211,0.004,0.027,0.974,0.552,4.179,0.204,6.326
img_004057.jpg,1,1,1.0,0.279,0.006,0.044,1.166,0.716,5.905,0.287,8.653
img_004060.jpg,1,1,1.0,0.207,0.005,0.03,0.986,0.576,4.209,0.203,6.391
img_004063.jpg,1,1,1.0,0.21,0.004,0.031,1.013,0.564,4.271,0.206,6.477
img_004066.jpg,1,1,1.0,0.199,0.004,0.03,1.27,0.604,4.197,0.207,6.693
img_004069.jpg,1,1,1.0,0.279,0.006,0.041,1.14,0.721,5.726,0.278,8.439
img_004072.jpg,1,1,1.0,0.203,0.004,0.028,0.984,0.555,4.241,0.226,6.418
img_004075.jpg,1,1,0.9987,0.207,0.005,0.032,1.04,0.553,4.252,0.225,6.495
img_004078.jpg,1,1,0.9999,0.2,0.005,0.029,0.969,0.548,4.189,0.218,6.336
img_004081.jpg,1,1,0.6945,0.21,0.005,0.032,1.257,0.557,4.25,0.222,6.719
img_004084.jpg,1,1,1.0,0.21,0.004,0.031,1.407,0.558,4.236,0.225,6.861
img_004087.jpg,1,1,1.0,0.266,0.006,0.042,1.423,0.735,5.719,0.298,8.735
img_004090.jpg,1,1,0.9987,0.276,0.006,0.045,1.204,0.726,5.862,0.3,8.662
img_004093.jpg,1,1,1.0,0.209,0.005,0.032,1.336,0.574,4.281,0.226,6.849
img_004096.jpg,1,1,1.0,0.209,0.004,0.031,0.981,0.565,4.204,0.22,6.4
img_004099.jpg,1,1,0.9984,0.201,0.005,0.031,0.999,0.545,4.18,0.203,6.341
img_004102.jpg,1,1,0.9858,0.203,0.005,0.032,1.246,0.554,4.221,0.231,6.665
img_004105.jpg,1,1,0.9994,0.207,0.004,0.033,1.062,0.565,4.264,0.225,6.541
img_004108.jpg,1,1,0.9978,0.21,0.004,0.031,1.02,0.56,4.233,0.219,6.457
img_004111.jpg,1,1,1.0,0.203,0.005,0.031,1.403,0.544,4.27,0.211,6.844
img_004114.jpg,1,1,1.0,0.276,0.006,0.043,1.125,0.745,5.751,0.301,8.541
img_004117.jpg,1,1,0.9972,0.2,0.005,0.028,1.191,0.56,4.196,0.213,6.573
img_004120.jpg,1,1,0.9953,0.209,0.005,0.03,1.042,2.246,4.276,0.229,8.233
img_004123.jpg,1,1,0.9442,0.203,0.005,0.03,1.296,0.561,4.181,0.205,6.654
img_004129.jpg,1,1,0.9878,0.201,0.005,0.025,1.251,0.547,4.186,0.206,6.593
img_004132.jpg,1,1,0.9973,0.271,0.006,0.042,1.41,0.719,5.852,0.312,8.85
img_004135.jpg,1,1,0.998,0.275,0.006,0.105,1.123,0.734,5.932,0.286,8.704
img_004138.jpg,1,1,0.9881,0.272,0.006,0.043,1.182,0.713,5.676,0.288,8.422
img_004141.jpg,1,1,0.9929,0.212,0.004,0.031,1.047,0.614,4.254,0.256,6.602
img_004144.jpg,1,1,0.9997,0.204,0.004,0.028,0.977,0.549,4.155,0.203,6.293
img_004147.jpg,1,1,0.9997,0.206,0.004,0.03,1.126,0.55,4.208,0.199,6.493
img_004150.jpg,1,1,1.0,0.195,0.004,0.029,0.973,0.535,4.193,0.201,6.296
img_004153.jpg,1,1,1.0,0.275,0.007,0.044,1.249,0.737,5.951,0.289,8.789
img_004156.jpg,1,1,1.0,0.214,0.004,0.031,1.026,0.553,4.236,0.222,6.495
img_004159.jpg,1,1,1.0,0.323,0.006,0.045,1.139,0.726,5.921,0.286,8.69
img_004162.jpg,1,1,1.0,0.204,0.004,0.028,1.243,0.537,4.19,0.201,6.577
img_004165.jpg,1,1,1.0,0.272,0.006,0.043,1.265,0.723,5.683,0.28,8.514
img_004168.jpg,1,1,1.0,0.284,0.006,0.046,1.18,0.833,6.0,0.321,8.92
img_004171.jpg,1,1,0.9999,0.201,0.004,0.026,1.34,0.552,4.175,0.2,6.687
img_004174.jpg,1,1,1.0,0.202,0.004,0.028,1.281,0.548,4.158,0.199,6.593
img_004177.jpg,1,1,0.9999,0.216,0.005,0.034,1.043,0.672,4.254,0.227,6.636
img_004180.jpg,1,1,0.9999,0.276,0.006,0.042,1.159,0.797,5.892,0.275,8.693
img_004183.jpg,1,1,1.0,0.2,0.004,0.028,1.312,0.55,4.241,0.248,6.757
img_004186.jpg,1,1,1.0,0.215,0.005,0.032,1.037,0.853,4.247,0.232,6.806
img_004189.jpg,1,1,1.0,0.271,0.006,0.043,1.467,0.737,5.93,0.28,8.977
img_004192.jpg,1,1,1.0,0.199,0.005,0.031,0.993,0.645,4.186,0.223,6.451
img_004195.jpg,1,1,0.9999,0.285,0.007,0.045,1.118,0.717,5.772,0.282,8.472
img_004198.jpg,1,1,1.0,0.199,0.004,0.029,1.224,0.698,4.167,0.194,6.685
img_004201.jpg,1,1,1.0,0.202,0.005,0.028,1.269,0.552,4.177,0.199,6.603
img_004204.jpg,1,1,1.0,0.271,0.006,0.045,1.152,0.759,5.81,0.289,8.573
img_004207.jpg,1,1,1.0,0.207,0.005,0.031,1.263,0.543,4.198,0.23,6.645
img_004210.jpg,1,1,0.9903,0.246,0.005,0.03,1.563,0.659,4.294,0.232,7.224
img_004213.jpg,1,1,0.9951,0.196,0.003,0.029,1.05,0.589,4.286,0.231,6.578
img_004216.jpg,1,1,0.9976,0.202,0.005,0.026,0.968,0.57,4.258,0.211,6.425
img_004219.jpg,1,1,1.0,0.203,0.004,0.027,0.966,0.593,4.212,0.21,6.41
img_004222.jpg,1,1,1.0,0.21,0.004,0.032,1.297,0.581,4.34,0.26,6.918
img_004225.jpg,1,1,1.0,0.343,0.006,0.046,2.198,2.6,5.954,0.395,11.798
img_004228.jpg,1,1,1.0,0.201,0.004,0.031,1.301,1.708,4.185,0.202,7.812
img_004231.jpg,1,1,1.0,0.203,0.004,0.028,1.82,0.637,4.265,0.225,7.383
img_004234.jpg,1,1,1.0,0.203,0.005,0.03,1.375,0.603,4.275,0.229,6.912
img_004237.jpg,1,1,1.0,0.209,0.005,0.027,1.02,0.585,4.217,0.217,6.47
img_004240.jpg,1,1,1.0,0.193,0.004,0.026,1.271,0.571,4.214,0.226,6.73
img_004243.jpg,1,1,1.0,0.2,0.004,0.029,1.296,0.779,4.261,0.214,6.975
img_004246.jpg,1,1,1.0,0.203,0.004,0.028,1.251,0.57,4.266,0.214,6.727
img_004249.jpg,1,1,1.0,0.279,0.006,0.046,3.018,2.917,5.939,0.227,12.684
img_004252.jpg,1,1,1.0,0.264,0.005,0.041,1.152,0.749,5.775,0.326,8.613
img_004255.jpg,1,1,1.0,0.198,0.005,0.026,1.422,0.608,4.182,0.209,6.825
img_004258.jpg,1,1,1.0,0.2,0.004,0.027,1.308,0.565,4.169,0.202,6.645
img_004261.jpg,1,1,1.0,0.199,0.004,0.026,1.178,0.697,4.171,0.203,6.65
img_004264.jpg,1,1,1.0,0.199,0.004,0.027,0.958,0.549,4.152,0.199,6.3
img_004267.jpg,1,1,1.0,0.201,0.005,0.027,2.139,3.583,5.705,0.352,12.267
img_004270.jpg,1,1,1.0,0.364,0.006,0.045,1.603,2.592,5.846,0.281,10.979
img_004273.jpg,1,1,0.9985,0.221,0.004,0.034,1.271,0.581,4.28,0.414,7.002
img_004276.jpg,1,1,0.9999,0.22,0.004,0.034,2.739,5.031,4.797,0.968,14.095
img_004279.jpg,1,1,1.0,0.205,0.004,0.032,1.374,0.601,4.261,0.212,6.887
img_004282.jpg,1,1,1.0,0.208,0.004,0.029,1.09,0.581,4.278,0.221,6.604
img_004285.jpg,1,1,1.0,0.199,0.004,0.031,0.987,0.561,4.303,0.212,6.483
img_004288.jpg,1,1,1.0,0.199,0.004,0.03,0.974,0.56,4.211,0.212,6.402
img_004291.jpg,1,1,1.0,0.208,0.004,0.032,1.317,0.563,4.293,0.226,6.834
img_004294.jpg,1,1,1.0,0.213,0.004,0.033,1.045,0.587,4.297,0.228,6.607
img_004297.jpg,1,1,1.0,0.213,0.005,0.03,0.989,0.576,4.27,0.228,6.504
img_004300.jpg,1,1,1.0,0.205,0.005,0.03,0.991,0.642,4.224,0.214,6.502
img_004303.jpg,1,1,1.0,0.206,0.004,0.03,1.062,0.572,4.269,0.228,6.563
img_004306.jpg,1,1,1.0,0.198,0.004,0.031,1.007,0.559,4.22,0.216,6.422
img_004309.jpg,1,1,1.0,0.214,0.005,0.035,0.98,0.737,4.26,0.216,6.641
img_004312.jpg,1,1,1.0,0.205,0.004,0.032,1.499,0.581,4.268,0.232,7.019
img_004315.jpg,1,1,1.0,0.206,0.005,0.034,1.037,0.568,4.221,0.215,6.481
img_004318.jpg,1,1,0.9997,0.203,0.004,0.031,1.044,0.572,4.279,0.229,6.553
img_004321.jpg,1,1,0.9971,0.203,0.005,0.031,1.06,0.575,4.264,0.227,6.555
img_004324.jpg,1,1,0.9463,0.209,0.004,0.117,1.022,0.571,4.267,0.229,6.611
img_004327.jpg,1,0,0.972,0.207,0.005,0.031,1.038,0.566,4.269,0.228,6.535
img_004330.jpg,1,1,0.9405,0.206,0.004,0.03,0.978,0.575,4.217,0.214,6.41
img_004333.jpg,1,1,0.995,0.207,0.004,0.029,0.964,0.559,4.243,0.226,6.424
img_004336.jpg,1,1,0.9558,0.206,0.004,0.031,1.151,0.581,4.332,0.224,6.721
img_004339.jpg,1,1,0.9998,0.206,0.005,0.033,1.538,0.578,4.273,0.23,7.058
img_004342.jpg,1,1,0.9997,0.213,0.004,0.03,1.224,0.56,4.21,0.212,6.642
img_004345.jpg,1,1,0.9994,0.204,0.005,0.032,0.998,0.555,4.197,0.214,6.421
img_004348.jpg,1,1,0.9999,0.199,0.004,0.028,0.98,0.561,4.197,0.207,6.363
img_004351.jpg,1,1,1.0,0.204,0.005,0.028,1.309,0.572,4.212,0.204,6.719
img_004354.jpg,1,1,1.0,0.206,0.005,0.03,1.337,1.343,4.285,0.241,7.677
img_004357.jpg,1,1,1.0,0.204,0.005,0.032,1.592,1.806,4.308,0.228,8.419
img_004360.jpg,1,1,1.0,0.205,0.004,0.03,2.384,2.358,5.691,0.337,11.282
img_004363.jpg,1,1,1.0,0.204,0.004,0.029,1.02,0.568,4.213,0.216,6.441
img_004366.jpg,1,1,1.0,0.204,0.005,0.029,1.023,0.59,4.265,0.225,6.529
img_004369.jpg,1,1,1.0,0.203,0.004,0.029,1.008,0.571,4.266,0.226,6.502
img_004372.jpg,1,1,1.0,0.217,0.005,0.031,1.001,0.569,4.249,0.225,6.486
img_004375.jpg,1,1,1.0,0.201,0.004,0.03,0.985,0.567,4.26,0.214,6.445
img_004378.jpg,1,1,1.0,0.204,0.004,0.03,0.978,0.569,4.256,0.21,6.431
img_004381.jpg,1,1,1.0,0.208,0.004,0.029,1.239,0.58,4.214,0.208,6.667
img_004384.jpg,1,1,1.0,0.198,0.003,0.027,0.964,0.602,4.215,0.215,6.409
img_004387.jpg,1,1,1.0,0.207,0.005,0.033,1.269,0.564,4.255,0.229,6.774
img_004390.jpg,1,1,0.5625,0.203,0.004,0.029,0.959,0.568,4.22,0.213,6.382
img_004393.jpg,1,0,0.9738,0.207,0.005,0.031,0.951,0.555,4.226,0.208,6.369
img_004396.jpg,1,0,0.9833,0.2,0.004,0.03,0.97,0.572,4.243,0.267,6.467
img_004399.jpg,1,0,0.9999,0.208,0.004,0.031,1.082,0.57,4.313,0.225,6.62
img_004402.jpg,1,0,0.9994,0.205,0.004,0.032,0.974,0.567,4.239,0.236,6.445
img_004405.jpg,1,0,0.9948,0.219,0.005,0.033,2.706,2.302,5.792,0.33,11.652
img_004408.jpg,1,0,0.7126,0.211,0.005,0.031,1.008,0.55,4.244,0.223,6.454
img_004411.jpg,1,0,0.9998,0.2,0.004,0.029,1.312,0.549,4.197,0.21,6.679
img_004414.jpg,1,0,0.9956,0.207,0.004,0.031,1.0,0.557,4.249,0.223,6.452
img_004417.jpg,1,0,0.9369,0.207,0.004,0.031,1.3,0.568,4.267,0.23,6.802
img_004420.jpg,1,0,0.9257,0.216,0.004,0.03,0.991,0.561,4.273,0.229,6.502
img_004423.jpg,1,1,0.9997,0.204,0.004,0.029,0.992,0.687,4.274,0.231,6.614
img_004426.jpg,1,0,0.5966,0.21,0.004,0.03,0.974,0.563,4.214,0.216,6.403
img_004429.jpg,1,0,0.901,0.202,0.004,0.029,0.958,0.553,4.218,0.215,6.397
img_004432.jpg,1,0,0.8471,0.211,0.003,0.031,1.031,0.586,4.212,0.219,6.486
img_004435.jpg,1,1,0.6998,0.208,0.004,0.031,1.278,0.577,4.313,0.22,6.822
img_004438.jpg,1,0,0.7683,0.254,0.005,0.032,1.02,0.572,4.27,0.266,6.617
img_004441.jpg,1,0,0.8995,0.209,0.005,0.032,0.979,0.654,4.236,0.217,6.555
img_004444.jpg,1,0,0.9993,0.213,0.004,0.028,0.987,0.565,4.223,0.219,6.432
img_004447.jpg,1,0,0.9999,0.206,0.004,0.032,0.969,0.625,4.239,0.217,6.481
img_004450.jpg,1,0,0.9999,0.234,0.004,0.029,0.978,0.578,4.193,0.211,6.411
img_004453.jpg,1,0,1.0,0.216,0.005,0.034,1.772,1.764,4.307,0.231,8.533
img_004456.jpg,1,0,1.0,0.209,0.004,0.034,2.731,3.715,6.029,0.329,13.329
img_004459.jpg,1,0,1.0,0.203,0.004,0.03,1.502,1.747,4.307,0.24,8.237
img_004462.jpg,1,0,1.0,0.209,0.005,0.03,2.092,3.548,5.768,0.313,12.232
img_004465.jpg,1,0,1.0,0.215,0.005,0.035,1.175,1.757,4.209,0.216,7.803
img_004468.jpg,1,0,1.0,0.199,0.004,0.028,2.204,3.573,5.813,0.333,12.461
img_004471.jpg,1,1,1.0,0.201,0.003,0.03,1.464,0.596,4.298,0.228,7.019
img_004474.jpg,1,1,1.0,0.216,0.004,0.031,1.221,0.571,4.28,0.231,6.749
img_004477.jpg,1,1,1.0,0.207,0.004,0.028,0.957,0.574,4.264,0.217,6.445
img_004480.jpg,1,1,1.0,0.204,0.004,0.03,1.03,0.597,4.288,0.265,6.617
img_004483.jpg,1,1,1.0,0.22,0.005,0.031,1.009,0.563,4.206,0.225,6.446
img_004486.jpg,1,1,1.0,0.199,0.004,0.031,1.17,0.568,4.223,0.209,6.594
img_004489.jpg,1,1,1.0,0.202,0.005,0.03,1.233,0.558,5.685,0.329,8.229
img_004492.jpg,1,1,1.0,0.196,0.005,0.03,1.219,0.621,4.182,0.207,6.639
img_004495.jpg,1,1,0.9996,0.203,0.004,0.031,1.261,0.579,4.282,0.231,6.777
img_004498.jpg,1,1,1.0,0.206,0.005,0.032,1.281,0.548,4.314,0.228,6.795
img_004501.jpg,1,1,1.0,0.274,0.006,0.046,1.185,2.069,6.163,0.322,10.373
img_004504.jpg,1,1,1.0,0.201,0.004,0.029,2.724,3.687,5.812,0.302,13.014
img_004507.jpg,1,1,1.0,0.198,0.004,0.029,2.741,1.264,5.323,0.35,10.162
img_004510.jpg,1,1,1.0,0.204,0.005,0.028,0.96,0.552,4.165,0.2,6.289
img_004513.jpg,1,1,1.0,0.279,0.007,0.047,1.172,0.739,6.048,0.325,8.874
img_004516.jpg,1,1,1.0,0.202,0.005,0.03,1.024,0.549,4.24,0.222,6.487
img_004519.jpg,1,1,1.0,0.2,0.004,0.031,0.988,0.779,4.19,0.209,6.578
img_004522.jpg,1,1,0.9998,0.204,0.005,0.028,1.252,0.561,4.196,0.208,6.635
img_004525.jpg,1,1,1.0,0.205,0.004,0.03,0.968,0.548,4.191,0.208,6.331
img_004528.jpg,1,1,1.0,0.21,0.004,0.027,0.959,0.604,4.171,0.205,6.359
img_004531.jpg,1,1,1.0,0.2,0.004,0.029,0.969,0.947,4.189,0.202,6.718
img_004534.jpg,1,1,1.0,0.2,0.004,0.032,0.997,0.558,4.301,0.223,6.493
img_004537.jpg,1,1,1.0,0.207,0.004,0.029,1.213,0.556,4.208,0.209,6.608
img_004540.jpg,1,1,1.0,0.209,0.004,0.03,1.401,0.557,4.236,0.22,6.841
img_004543.jpg,1,1,1.0,0.204,0.004,0.03,1.039,0.557,4.238,0.221,6.475
img_004546.jpg,1,1,1.0,0.201,0.005,0.031,1.397,0.599,4.248,0.226,6.892
img_004549.jpg,1,1,1.0,0.212,0.005,0.031,0.992,0.559,4.244,0.222,6.449
img_004552.jpg,1,1,1.0,0.204,0.004,0.029,1.057,0.559,4.234,0.233,6.505
img_004555.jpg,1,1,1.0,0.277,0.006,0.044,1.416,0.727,6.791,0.326,9.875
img_004558.jpg,1,1,1.0,0.206,0.004,0.031,1.015,0.538,4.195,0.207,6.369
img_004561.jpg,1,1,1.0,0.203,0.005,0.029,0.967,0.553,4.253,0.213,6.396
img_004564.jpg,1,1,1.0,0.241,0.005,0.027,0.968,0.539,4.188,0.212,6.352
img_004567.jpg,1,1,1.0,0.206,0.004,0.029,0.964,0.546,4.204,0.203,6.336
img_004570.jpg,1,1,1.0,0.2,0.004,0.03,0.964,0.596,4.182,0.211,6.363
img_004573.jpg,1,1,0.999,0.211,0.005,0.028,1.062,0.555,4.193,0.207,6.437
img_004576.jpg,1,0,0.9999,0.201,0.004,0.029,0.985,0.55,4.213,0.234,6.394
img_004579.jpg,1,0,1.0,0.201,0.003,0.03,1.026,0.551,4.243,0.199,6.425
img_004582.jpg,1,0,1.0,0.202,0.004,0.028,1.225,0.546,4.18,0.2,6.556
img_004585.jpg,1,0,1.0,0.287,0.004,0.028,0.982,0.546,4.175,0.205,6.4
img_004588.jpg,1,0,1.0,0.204,0.004,0.026,0.99,0.59,4.183,0.204,6.383
img_004591.jpg,1,0,1.0,0.209,0.005,0.031,1.427,0.565,4.304,0.251,6.977
img_004594.jpg,1,0,0.9999,0.216,0.005,0.032,1.257,0.554,4.239,0.222,6.71
img_004597.jpg,1,0,0.9998,0.201,0.005,0.028,0.976,0.592,4.195,0.211,6.381
img_004600.jpg,1,0,0.9999,0.201,0.004,0.027,2.613,1.778,4.905,0.86,10.653
img_004603.jpg,1,0,0.9995,0.277,0.006,0.045,1.233,0.739,6.748,0.332,9.64
img_004606.jpg,1,0,0.9998,0.246,0.004,0.028,0.968,0.549,4.188,0.208,6.361
img_004609.jpg,1,0,0.9999,0.207,0.004,0.032,1.3,0.627,4.261,0.228,6.841
img_004612.jpg,1,0,1.0,0.278,0.006,0.044,1.247,0.744,6.759,0.323,9.658
img_004615.jpg,1,0,1.0,0.322,0.006,0.044,1.152,0.724,6.656,0.301,9.456
img_004618.jpg,1,0,0.999,0.274,0.006,0.045,1.146,0.776,5.97,0.284,8.75
img_004621.jpg,1,0,0.9538,0.214,0.004,0.032,1.037,0.569,4.305,0.23,6.575
img_004624.jpg,1,0,0.8208,0.202,0.004,0.028,0.979,0.557,4.232,0.224,6.397
img_004627.jpg,1,1,0.9959,0.211,0.004,0.076,1.015,0.609,4.259,0.224,6.58
img_004630.jpg,1,1,0.8851,0.199,0.004,0.029,0.961,0.545,4.23,0.212,6.355
img_004633.jpg,1,1,0.9037,0.319,0.007,0.045,1.757,1.919,4.64,0.228,9.183
img_004636.jpg,1,1,0.629,0.202,0.004,0.031,1.224,0.627,4.233,0.216,6.724
img_004639.jpg,1,0,0.9977,0.207,0.005,0.03,1.308,0.566,4.286,0.227,6.816
img_004642.jpg,1,0,0.9993,0.21,0.004,0.033,1.33,0.583,4.281,0.227,6.864
img_004645.jpg,1,0,0.9916,0.204,0.005,0.028,1.279,0.568,4.22,0.227,6.725
img_004648.jpg,1,0,0.9986,0.26,0.005,0.033,2.278,3.597,4.299,0.224,10.898
img_004651.jpg,1,0,0.9881,0.204,0.004,0.03,2.234,0.857,4.27,0.272,8.067
img_004654.jpg,1,0,0.9816,0.203,0.004,0.031,1.25,0.558,4.195,0.211,6.664
img_004657.jpg,1,0,0.8598,0.205,0.004,0.031,0.986,0.596,4.214,0.212,6.43
img_004660.jpg,1,0,0.9693,0.2,0.004,0.029,1.233,0.555,4.195,0.204,6.602
img_004663.jpg,1,0,0.9998,0.208,0.005,0.031,1.286,0.57,4.274,0.23,6.798
img_004666.jpg,1,0,0.9998,0.207,0.005,0.03,0.953,0.564,4.211,0.215,6.372
img_004669.jpg,1,0,0.999,0.204,0.004,0.033,1.019,0.693,4.273,0.248,6.671
img_004672.jpg,1,0,0.9991,0.2,0.005,0.03,0.948,0.595,4.195,0.214,6.368
img_004675.jpg,1,0,0.9913,0.205,0.005,0.034,1.461,0.569,4.274,0.231,7.003
img_004678.jpg,1,0,0.9896,0.24,0.004,0.03,1.272,0.569,4.265,0.228,6.795
img_004681.jpg,1,0,0.6223,0.202,0.004,0.033,1.232,0.6,4.222,0.219,6.699
img_004684.jpg,1,0,0.7319,0.199,0.005,0.032,1.231,0.58,4.194,0.204,6.625
img_004687.jpg,1,0,0.9856,0.239,0.004,0.033,1.263,0.593,4.28,0.227,6.834
img_004690.jpg,1,0,0.9986,0.204,0.004,0.03,1.216,0.568,4.185,0.217,6.615
img_004693.jpg,1,0,0.9991,0.2,0.005,0.027,1.036,0.582,4.214,0.248,6.496
img_004696.jpg,1,0,0.9983,0.21,0.005,0.032,1.275,0.569,4.213,0.208,6.696
img_004699.jpg,1,0,1.0,0.207,0.005,0.027,1.296,0.56,4.214,0.208,6.701
img_004702.jpg,1,0,0.9999,0.205,0.004,0.03,1.099,0.598,4.294,0.239,6.657
img_004705.jpg,1,0,1.0,0.201,0.005,0.031,1.019,0.573,4.216,0.215,6.445
img_004708.jpg,1,1,1.0,0.2,0.005,0.031,1.016,0.563,4.245,0.224,6.515
img_004711.jpg,1,1,1.0,0.211,0.004,0.03,1.476,0.881,4.255,0.224,7.263
img_004714.jpg,1,1,1.0,0.278,0.007,0.044,1.283,0.768,6.65,0.366,9.653
img_004717.jpg,1,1,1.0,0.2,0.005,0.03,1.314,0.575,4.257,0.221,6.786
img_004720.jpg,1,1,1.0,0.202,0.004,0.03,1.23,0.571,4.23,0.205,6.654
img_004723.jpg,1,1,1.0,0.212,0.004,0.033,1.01,0.563,4.271,0.225,6.504
img_004726.jpg,1,1,1.0,0.203,0.004,0.028,1.023,0.55,4.205,0.219,6.406
img_004729.jpg,1,1,1.0,0.194,0.005,0.029,0.987,0.584,4.217,0.212,6.403
img_004732.jpg,1,1,1.0,0.199,0.004,0.028,0.984,0.57,4.189,0.21,6.36
img_004735.jpg,1,1,1.0,0.197,0.004,0.028,1.097,0.587,4.21,0.243,6.545
img_004738.jpg,1,1,1.0,0.198,0.004,0.032,1.444,0.553,4.324,0.224,6.967
img_004741.jpg,1,1,1.0,0.206,0.004,0.028,1.445,0.55,4.193,0.207,6.809
img_004744.jpg,1,1,1.0,0.205,0.004,0.027,1.429,0.655,4.182,0.206,6.884
img_004747.jpg,1,1,1.0,0.206,0.004,0.03,1.421,0.543,4.187,0.208,6.774
img_004750.jpg,1,1,1.0,0.276,0.006,0.046,1.197,0.75,6.244,0.335,9.176
img_004753.jpg,1,1,1.0,0.2,0.004,0.029,0.987,0.607,4.202,0.207,6.409
img_004756.jpg,1,1,1.0,0.194,0.005,0.029,1.018,0.552,4.216,0.229,6.423
img_004759.jpg,1,1,1.0,0.205,0.004,0.032,2.401,2.441,5.836,0.335,11.529
img_004762.jpg,1,1,1.0,0.209,0.004,0.031,0.978,0.574,4.263,0.218,6.461
img_004765.jpg,1,1,1.0,0.208,0.004,0.028,1.006,0.618,4.227,0.215,6.498
img_004768.jpg,1,1,1.0,0.206,0.004,0.029,1.036,0.649,4.211,0.207,6.539
img_004771.jpg,1,1,1.0,0.212,0.005,0.027,1.057,0.626,4.261,0.209,6.597
img_004774.jpg,1,1,1.0,0.209,0.004,0.028,1.103,0.729,4.252,0.214,6.736
img_004777.jpg,1,1,1.0,0.208,0.004,0.031,1.345,0.65,4.297,0.265,7.0
img_004780.jpg,1,1,1.0,0.27,0.005,0.045,1.242,0.844,6.064,0.32,9.065
img_004783.jpg,1,1,1.0,0.213,0.005,0.033,1.365,0.634,4.39,0.264,7.119
img_004786.jpg,1,1,1.0,0.211,0.005,0.031,1.347,0.63,4.4,0.236,7.07
img_004789.jpg,1,1,1.0,0.278,0.006,0.044,1.499,0.777,5.856,0.334,9.076
img_004792.jpg,1,1,1.0,0.211,0.005,0.031,1.499,0.637,4.309,0.234,7.133
img_004795.jpg,1,1,1.0,0.21,0.004,0.029,1.392,0.617,4.398,0.233,7.09
img_004798.jpg,1,1,1.0,0.21,0.004,0.032,1.402,0.621,4.299,0.232,7.007
img_004801.jpg,1,1,1.0,0.243,0.004,0.031,1.323,0.629,4.279,0.219,6.93
img_004804.jpg,1,1,1.0,0.212,0.005,0.034,1.311,0.652,4.242,0.22,6.875
img_004807.jpg,1,1,1.0,0.202,0.004,0.03,0.973,0.558,4.203,0.211,6.395
img_004810.jpg,1,1,1.0,0.209,0.004,0.03,0.995,0.582,4.275,0.228,6.524
img_004813.jpg,1,1,1.0,0.199,0.004,0.031,1.285,0.584,4.303,0.227,6.826
img_004816.jpg,1,1,1.0,0.218,0.004,0.029,2.399,0.797,5.02,0.904,9.657
img_004819.jpg,1,1,1.0,0.203,0.004,0.032,1.019,0.571,4.252,0.227,6.528
img_004822.jpg,1,1,1.0,0.206,0.005,0.03,1.263,0.581,4.278,0.226,6.785
img_004825.jpg,1,1,1.0,0.201,0.004,0.034,1.292,0.576,4.289,0.22,6.811
img_004828.jpg,1,1,1.0,0.209,0.003,0.03,1.003,0.587,4.269,0.249,6.546
img_004831.jpg,1,1,1.0,0.202,0.005,0.031,1.006,0.586,4.26,0.233,6.512
img_004834.jpg,1,1,1.0,0.202,0.005,0.028,0.954,0.591,4.218,0.207,6.39
img_004837.jpg,1,1,1.0,0.205,0.004,0.031,0.963,0.565,4.21,0.212,6.41
img_004840.jpg,1,1,1.0,0.199,0.004,0.075,0.97,0.562,4.223,0.215,6.435
img_004843.jpg,1,1,1.0,0.204,0.004,0.03,1.046,0.573,4.219,0.215,6.474
img_004846.jpg,1,1,1.0,0.201,0.004,0.027,0.974,0.578,4.215,0.211,6.399
img_004849.jpg,1,1,1.0,0.221,0.005,0.03,0.972,0.606,4.213,0.211,6.454
img_004852.jpg,1,1,1.0,0.203,0.004,0.03,1.019,0.566,4.223,0.212,6.443
img_004855.jpg,1,1,1.0,0.202,0.003,0.03,0.961,0.567,4.199,0.215,6.368
img_004858.jpg,1,1,1.0,0.199,0.004,0.028,0.955,0.575,4.206,0.218,6.369
img_004861.jpg,1,1,1.0,0.209,0.004,0.03,0.989,0.585,4.285,0.227,6.532
img_004864.jpg,1,1,1.0,0.201,0.003,0.028,0.987,0.633,4.205,0.217,6.465
img_004867.jpg,1,1,1.0,0.205,0.004,0.031,1.241,0.573,4.358,0.234,6.843
img_004870.jpg,1,1,1.0,0.208,0.005,0.032,1.022,0.575,4.317,0.227,6.574
img_004873.jpg,1,1,1.0,0.277,0.007,0.046,2.112,0.589,5.687,0.333,9.255
img_004876.jpg,1,1,1.0,0.205,0.004,0.03,0.972,0.578,4.24,0.209,6.43
img_004879.jpg,1,1,1.0,0.202,0.004,0.03,0.974,0.761,4.218,0.215,6.591
img_004882.jpg,1,1,1.0,0.206,0.004,0.03,0.972,0.562,4.218,0.216,6.397
img_004885.jpg,1,1,1.0,0.2,0.005,0.027,1.226,0.663,4.225,0.209,6.746
img_004888.jpg,1,1,1.0,0.206,0.004,0.032,1.025,0.578,4.35,0.229,6.618
img_004891.jpg,1,1,1.0,0.204,0.005,0.028,0.972,0.63,4.241,0.216,6.482
img_004894.jpg,1,1,1.0,0.195,0.004,0.025,0.977,0.57,4.232,0.211,6.405
img_004897.jpg,1,1,1.0,0.212,0.004,0.03,1.446,0.586,4.339,0.23,7.045
img_004900.jpg,1,1,1.0,0.206,0.004,0.028,0.97,0.571,4.238,0.231,6.433
img_004903.jpg,1,1,1.0,0.207,0.004,0.03,1.019,1.934,4.279,0.227,7.895
img_004906.jpg,1,1,1.0,0.241,0.005,0.031,1.002,0.584,4.247,0.225,6.523
img_004909.jpg,1,1,1.0,0.218,0.004,0.028,0.974,0.59,4.258,0.242,6.51
img_004912.jpg,1,1,1.0,0.211,0.004,0.033,1.023,0.599,4.254,0.21,6.535
img_004915.jpg,1,1,1.0,0.209,0.005,0.031,1.002,0.593,4.241,0.222,6.495
img_004918.jpg,1,1,1.0,0.209,0.004,0.031,1.065,0.575,4.223,0.216,6.514
img_004921.jpg,1,1,1.0,0.208,0.005,0.032,0.977,0.723,4.247,0.218,6.602
img_004924.jpg,1,1,1.0,0.201,0.004,0.027,0.991,0.571,4.202,0.219,6.409
img_004927.jpg,1,1,1.0,0.204,0.004,0.03,1.04,0.634,4.276,0.226,6.612
img_004930.jpg,1,1,1.0,0.204,0.005,0.03,0.944,0.579,4.236,0.216,6.407
img_004933.jpg,1,1,1.0,0.21,0.005,0.03,1.525,3.423,5.432,0.329,11.223
img_004936.jpg,1,1,1.0,0.204,0.004,0.031,1.268,0.589,4.261,0.231,6.779
img_004939.jpg,1,1,1.0,0.197,0.004,0.03,0.969,0.561,4.215,0.219,6.388
img_004942.jpg,1,1,0.9999,0.204,0.004,0.032,1.147,0.596,4.233,0.214,6.628
img_004945.jpg,1,1,0.9972,0.215,0.004,0.032,1.098,0.599,4.292,0.232,6.673
img_004948.jpg,1,0,0.8937,0.199,0.005,0.028,1.073,0.59,4.234,0.25,6.573
img_004951.jpg,1,0,0.9784,0.206,0.005,0.029,1.082,0.579,4.291,0.238,6.62
img_004954.jpg,1,1,0.775,0.206,0.004,0.031,1.158,0.593,4.29,0.232,6.71
img_004957.jpg,1,1,0.8457,0.203,0.004,0.03,1.753,0.806,4.643,0.426,8.147
img_004960.jpg,1,0,0.9669,0.211,0.005,0.033,1.077,0.611,4.315,0.216,6.661
img_004963.jpg,1,1,0.752,0.208,0.005,0.03,1.34,0.602,4.235,0.211,6.829
img_004966.jpg,1,0,0.875,0.203,0.004,0.03,2.282,2.116,5.251,0.335,10.445
img_004969.jpg,1,0,0.8361,0.206,0.004,0.029,1.084,0.586,4.275,0.224,6.608
img_004972.jpg,1,1,0.6359,0.194,0.004,0.028,1.271,0.591,4.234,0.221,6.741
img_004975.jpg,1,0,0.9997,0.205,0.004,0.028,1.037,0.575,4.242,0.227,6.511
img_004978.jpg,1,0,1.0,0.241,0.004,0.029,1.017,0.571,4.233,0.213,6.496
img_004981.jpg,1,0,1.0,0.204,0.005,0.027,0.986,0.562,4.186,0.229,6.392
img_004984.jpg,1,0,0.9999,0.196,0.004,0.028,1.295,0.584,4.265,0.227,6.788
img_004987.jpg,1,0,1.0,0.204,0.004,0.03,1.232,0.56,4.295,0.215,6.728
img_004990.jpg,1,0,0.9827,0.212,0.004,0.032,1.003,0.632,4.226,0.25,6.55
img_004993.jpg,1,0,0.9925,0.211,0.005,0.032,1.002,0.596,4.219,0.212,6.467
img_004996.jpg,1,0,0.8679,0.206,0.005,0.032,1.264,0.631,4.257,0.223,6.811
img_004999.jpg,1,1,0.9857,0.203,0.005,0.03,1.045,0.573,4.257,0.208,6.507
img_005002.jpg,1,1,0.9989,0.202,0.005,0.031,0.991,0.669,4.255,0.208,6.548
img_005005.jpg,1,1,0.9989,0.207,0.005,0.028,1.226,0.572,4.263,0.228,6.719
img_005008.jpg,1,1,0.9996,0.202,0.004,0.029,1.022,0.571,4.194,0.212,6.424
img_005011.jpg,1,1,1.0,0.202,0.004,0.029,0.972,0.558,4.245,0.209,6.405
img_005014.jpg,1,1,1.0,0.203,0.004,0.029,1.056,0.57,4.204,0.209,6.455
img_005017.jpg,1,1,1.0,0.201,0.005,0.028,0.996,0.565,4.214,0.212,6.407
img_005020.jpg,1,1,1.0,0.208,0.004,0.031,1.03,0.56,4.225,0.217,6.463
img_005023.jpg,1,1,1.0,0.275,0.004,0.03,0.986,0.56,4.197,0.215,6.454
img_005026.jpg,1,1,1.0,0.196,0.003,0.028,0.977,0.557,4.217,0.257,6.418
img_005029.jpg,1,1,1.0,0.198,0.005,0.028,1.251,0.556,4.242,0.235,6.703
img_005032.jpg,1,1,1.0,0.199,0.005,0.028,1.005,0.568,4.252,0.228,6.467
img_005035.jpg,1,1,1.0,0.211,0.004,0.03,1.234,0.578,4.414,0.205,6.87
img_005038.jpg,1,1,1.0,0.223,0.004,0.034,1.409,0.613,4.268,0.206,6.947
img_005041.jpg,1,1,1.0,0.211,0.004,0.032,1.436,0.633,4.221,0.208,6.937
img_005044.jpg,1,1,1.0,0.215,0.005,0.031,1.025,0.6,4.282,0.226,6.577
img_005047.jpg,1,1,1.0,0.21,0.004,0.031,1.031,0.584,4.226,0.216,6.493
img_005050.jpg,1,1,1.0,0.202,0.004,0.032,0.983,0.556,4.191,0.208,6.365
img_005053.jpg,1,1,1.0,0.208,0.005,0.027,1.014,0.552,4.215,0.209,6.417
img_005056.jpg,1,1,1.0,0.203,0.005,0.027,0.987,0.556,4.202,0.209,6.373
img_005059.jpg,1,1,1.0,0.202,0.004,0.028,1.245,0.616,4.281,0.223,6.785
img_005062.jpg,1,1,1.0,0.188,0.003,0.027,1.246,0.574,4.271,0.236,6.738
img_005065.jpg,1,1,1.0,0.204,0.005,0.028,2.12,2.92,4.944,0.364,10.824
img_005068.jpg,1,1,1.0,0.201,0.004,0.028,2.366,2.802,5.827,0.333,11.851
img_005071.jpg,1,1,1.0,0.204,0.005,0.03,0.994,0.575,4.273,0.215,6.486
img_005074.jpg,1,1,1.0,0.199,0.004,0.029,0.98,0.656,4.206,0.216,6.485
img_005077.jpg,1,1,1.0,0.207,0.005,0.03,1.004,0.615,4.221,0.211,6.484
img_005080.jpg,1,1,1.0,0.202,0.005,0.032,0.977,0.569,4.225,0.229,6.424
img_005083.jpg,1,1,1.0,0.203,0.005,0.029,1.255,0.567,4.21,0.208,6.67
img_005086.jpg,1,1,1.0,0.206,0.005,0.031,1.079,0.583,4.31,0.23,6.642
img_005089.jpg,1,1,1.0,0.205,0.004,0.03,1.281,0.592,4.265,0.227,6.902
img_005092.jpg,1,1,1.0,0.253,0.004,0.032,1.004,0.58,4.235,0.213,6.51
img_005095.jpg,1,1,1.0,0.203,0.004,0.029,1.015,0.596,4.386,0.227,6.657
img_005098.jpg,1,1,1.0,0.199,0.004,0.031,1.252,0.615,4.284,0.228,6.808
img_005101.jpg,1,1,1.0,0.216,0.005,0.032,0.991,0.592,4.298,0.228,6.56
img_005104.jpg,1,1,1.0,0.207,0.004,0.03,0.986,0.569,4.217,0.213,6.413
img_005107.jpg,1,1,1.0,0.202,0.004,0.029,1.039,0.579,4.244,0.215,6.502
img_005110.jpg,1,1,1.0,0.205,0.004,0.027,1.62,2.655,4.268,0.226,9.203
img_005113.jpg,1,1,1.0,0.203,0.005,0.031,2.143,3.532,5.215,0.306,11.688
img_005116.jpg,1,1,1.0,0.199,0.005,0.029,1.497,0.561,4.221,0.222,6.908
img_005119.jpg,1,1,1.0,0.207,0.004,0.031,0.988,0.677,4.169,0.212,6.461
img_005122.jpg,1,1,1.0,0.2,0.005,0.026,0.991,0.544,4.185,0.204,6.325
img_005125.jpg,1,1,1.0,0.257,0.004,0.027,0.983,0.608,4.168,0.206,6.422
img_005128.jpg,1,1,1.0,0.2,0.004,0.029,1.006,0.613,4.173,0.204,6.399
img_005131.jpg,1,1,1.0,0.212,0.004,0.032,0.943,0.76,4.164,0.2,6.492
img_005134.jpg,1,1,1.0,0.209,0.004,0.028,1.028,0.672,4.192,0.207,6.511
img_005137.jpg,1,1,1.0,0.202,0.004,0.03,1.234,0.618,4.202,0.21,6.678
img_005140.jpg,1,1,1.0,0.207,0.004,0.027,1.038,0.561,4.182,0.199,6.394
img_005143.jpg,1,1,1.0,0.218,0.005,0.03,1.001,0.555,4.189,0.205,6.375
img_005146.jpg,1,1,1.0,0.201,0.005,0.027,1.003,0.562,4.185,0.205,6.363
img_005149.jpg,1,1,1.0,0.211,0.005,0.029,1.13,0.563,4.217,0.205,6.536
img_005152.jpg,1,1,1.0,0.211,0.004,0.03,1.013,0.552,4.225,0.219,6.435
img_005155.jpg,1,1,1.0,0.2,0.004,0.028,1.001,0.551,4.183,0.21,6.381
img_005158.jpg,1,1,1.0,0.2,0.004,0.027,0.991,0.541,4.216,0.198,6.342
img_005161.jpg,1,1,1.0,0.201,0.004,0.031,1.004,0.542,4.155,0.237,6.343
img_005164.jpg,1,1,1.0,0.199,0.004,0.027,1.037,0.563,4.171,0.202,6.374
img_005167.jpg,1,1,1.0,0.199,0.004,0.03,1.028,0.544,4.187,0.199,6.358
img_005170.jpg,1,1,0.9998,0.202,0.004,0.028,0.95,0.555,4.164,0.203,6.274
img_005173.jpg,1,1,0.987,0.195,0.004,0.031,0.985,0.55,4.213,0.223,6.371
img_005176.jpg,1,1,1.0,0.202,0.004,0.031,0.958,0.548,4.157,0.206,6.274
img_005179.jpg,1,1,0.9999,0.192,0.005,0.028,0.993,0.819,4.172,0.198,6.58
img_005182.jpg,1,1,1.0,0.191,0.003,0.027,0.98,0.542,4.197,0.218,6.331
img_005185.jpg,1,1,1.0,0.202,0.005,0.029,0.964,0.72,4.211,0.202,6.506
img_005188.jpg,1,1,1.0,0.199,0.004,0.032,0.991,0.698,4.16,0.198,6.452
img_005191.jpg,1,1,1.0,0.198,0.004,0.031,1.757,2.799,4.307,0.225,9.512
img_005194.jpg,1,1,0.9999,0.201,0.004,0.028,1.891,2.336,4.265,0.207,9.125
img_005197.jpg,1,1,1.0,0.209,0.005,0.031,1.918,2.357,4.236,0.212,9.162
img_005200.jpg,1,1,1.0,0.203,0.005,0.03,1.86,2.566,4.217,0.217,9.285
img_005203.jpg,1,1,1.0,0.196,0.005,0.027,1.594,1.434,4.196,0.244,7.877
img_005206.jpg,1,1,1.0,0.202,0.004,0.026,2.402,3.583,5.802,0.317,12.596
img_005209.jpg,1,1,1.0,0.201,0.004,0.028,1.335,1.711,4.258,0.229,7.953
img_005212.jpg,1,1,1.0,0.202,0.004,0.032,1.292,0.562,4.226,0.226,6.748
img_005215.jpg,1,1,1.0,0.201,0.004,0.03,0.991,0.582,4.193,0.209,6.381
img_005218.jpg,1,1,1.0,0.215,0.005,0.031,1.008,0.559,4.237,0.228,6.467
img_005221.jpg,1,1,1.0,0.207,0.004,0.034,1.101,0.553,4.234,0.221,6.534
img_005224.jpg,1,1,1.0,0.238,0.005,0.031,0.989,0.541,4.158,0.209,6.343
img_005227.jpg,1,1,1.0,0.199,0.004,0.028,1.268,0.546,4.182,0.201,6.603
img_005230.jpg,1,1,1.0,0.202,0.004,0.027,1.077,0.548,4.166,0.196,6.392
img_005233.jpg,1,1,1.0,0.196,0.004,0.025,0.981,0.532,4.225,0.198,6.328
img_005236.jpg,1,1,1.0,0.202,0.004,0.026,0.978,0.532,4.178,0.202,6.291
img_005239.jpg,1,1,1.0,0.2,0.004,0.027,1.008,0.537,4.177,0.203,6.324
img_005242.jpg,1,1,1.0,0.204,0.004,0.03,1.243,0.599,4.178,0.203,6.63
img_005245.jpg,1,1,1.0,0.283,0.006,0.045,1.191,0.727,5.9,0.381,8.789
img_005248.jpg,1,1,1.0,0.197,0.005,0.028,0.969,0.628,4.18,0.224,6.408
img_005251.jpg,1,1,1.0,0.195,0.004,0.025,0.988,0.541,4.174,0.211,6.313
img_005254.jpg,1,1,1.0,0.277,0.006,0.043,1.237,0.75,6.742,0.356,9.666
img_005257.jpg,1,1,1.0,0.271,0.006,0.044,1.142,0.724,5.998,0.299,8.723
img_005260.jpg,1,1,1.0,0.203,0.004,0.029,0.984,0.542,4.163,0.202,6.296
img_005263.jpg,1,1,1.0,0.2,0.004,0.026,1.049,0.541,4.181,0.206,6.378
img_005266.jpg,1,1,1.0,0.201,0.004,0.032,0.96,0.542,4.222,0.2,6.331
img_005269.jpg,1,1,1.0,0.211,0.005,0.03,1.012,0.552,4.198,0.206,6.425
img_005272.jpg,1,1,1.0,0.209,0.004,0.029,1.031,0.54,4.172,0.202,6.362
img_005275.jpg,1,1,1.0,0.208,0.005,0.028,1.012,0.601,4.173,0.194,6.399
img_005278.jpg,1,1,1.0,0.21,0.005,0.028,0.955,0.542,4.163,0.198,6.275
img_005281.jpg,1,1,1.0,0.201,0.004,0.028,1.04,0.549,4.161,0.2,6.353
img_005284.jpg,1,1,1.0,0.202,0.004,0.03,1.012,0.554,4.207,0.219,6.434
img_005287.jpg,1,1,1.0,0.202,0.004,0.028,0.971,0.551,4.177,0.24,6.378
img_005290.jpg,1,1,1.0,0.205,0.005,0.03,0.952,0.643,4.211,0.205,6.423
img_005293.jpg,1,1,1.0,0.331,0.006,0.043,1.145,0.717,5.937,0.297,8.717
img_005296.jpg,1,1,1.0,0.278,0.006,0.047,1.121,0.71,5.961,0.288,8.659
img_005299.jpg,1,1,1.0,0.195,0.004,0.03,0.978,0.535,4.165,0.204,6.286
img_005302.jpg,1,1,1.0,0.213,0.005,0.029,1.194,0.538,4.155,0.203,6.518
img_005305.jpg,1,1,1.0,0.276,0.006,0.046,1.23,0.733,6.683,0.316,9.545
img_005308.jpg,1,1,1.0,0.202,0.005,0.029,1.166,0.676,4.239,0.221,6.713
img_005311.jpg,1,1,1.0,0.203,0.004,0.031,1.048,0.54,4.173,0.208,6.38
img_005314.jpg,1,1,1.0,0.215,0.004,0.032,1.241,0.656,4.245,0.225,6.803
img_005317.jpg,1,1,1.0,0.213,0.004,0.032,1.257,0.56,4.191,0.217,6.649
img_005320.jpg,1,1,1.0,0.208,0.004,0.029,1.012,0.557,4.184,0.205,6.377
img_005323.jpg,1,1,1.0,0.211,0.004,0.029,1.261,0.545,4.201,0.212,6.638
img_005326.jpg,1,1,1.0,0.277,0.006,0.045,1.433,0.732,6.666,0.326,9.835
img_005329.jpg,1,1,1.0,0.2,0.004,0.03,0.952,0.542,4.183,0.206,6.291
img_005332.jpg,1,1,1.0,0.201,0.005,0.031,0.994,0.535,4.237,0.203,6.377
img_005335.jpg,1,1,1.0,0.209,0.004,0.028,1.211,0.561,4.182,0.205,6.576
img_005338.jpg,1,1,1.0,0.202,0.005,0.031,1.288,0.546,4.227,0.219,6.721
img_005341.jpg,1,1,1.0,0.278,0.006,0.047,1.191,0.74,6.889,0.326,9.73
img_005344.jpg,1,1,1.0,0.204,0.005,0.029,1.191,0.606,4.204,0.211,6.628
img_005347.jpg,1,1,1.0,0.209,0.004,0.031,1.218,0.567,4.249,0.223,6.684
img_005350.jpg,1,1,1.0,0.203,0.005,0.029,0.966,0.557,4.174,0.21,6.317
img_005353.jpg,1,1,1.0,0.212,0.005,0.032,1.049,0.565,4.276,0.25,6.572
img_005356.jpg,1,1,1.0,0.277,0.006,0.043,1.187,0.745,5.829,0.33,8.668
img_005359.jpg,1,1,1.0,0.272,0.006,0.046,1.218,0.729,6.721,0.323,9.572
img_005362.jpg,1,1,1.0,0.204,0.005,0.028,0.958,0.637,4.16,0.201,6.368
img_005365.jpg,1,1,1.0,0.204,0.005,0.028,1.085,0.561,4.228,0.205,6.492
img_005368.jpg,1,1,1.0,0.208,0.005,0.028,0.992,0.551,4.195,0.204,6.358
img_005371.jpg,1,1,1.0,0.208,0.004,0.03,1.06,0.887,4.202,0.203,6.776
img_005374.jpg,1,1,0.887,0.195,0.004,0.027,1.128,0.565,4.183,0.201,6.48
img_005377.jpg,1,0,0.9737,0.199,0.004,0.033,1.131,0.571,4.188,0.207,6.512
img_005380.jpg,1,0,0.9665,0.202,0.004,0.031,1.139,0.564,4.191,0.199,6.507
img_005383.jpg,1,0,0.9991,0.216,0.004,0.029,0.991,0.573,4.201,0.203,6.402
img_005386.jpg,1,0,0.6725,0.205,0.005,0.029,0.958,0.546,4.165,0.198,6.287
img_005389.jpg,1,0,1.0,0.199,0.004,0.026,0.979,0.932,4.163,0.205,6.683
img_005392.jpg,1,0,0.9998,0.201,0.005,0.029,0.969,0.576,4.16,0.2,6.312
img_005395.jpg,1,0,1.0,0.195,0.004,0.03,0.982,0.538,4.182,0.197,6.298
img_005398.jpg,1,0,1.0,0.196,0.004,0.03,1.37,0.538,4.147,0.201,6.657
img_005419.jpg,1,0,1.0,0.197,0.005,0.028,1.201,0.591,4.181,0.212,6.585
img_005422.jpg,1,0,1.0,0.195,0.004,0.028,1.529,1.693,4.238,0.217,8.085
img_005425.jpg,1,0,1.0,0.273,0.007,0.104,1.637,0.737,6.756,0.331,10.112
img_005428.jpg,1,0,1.0,0.196,0.004,0.027,0.967,0.556,4.229,0.21,6.366
img_005431.jpg,1,0,1.0,0.274,0.006,0.046,1.173,0.783,6.714,0.329,9.6
img_005434.jpg,1,0,1.0,0.206,0.004,0.028,0.969,0.542,4.194,0.211,6.326
img_005437.jpg,1,0,1.0,0.207,0.005,0.03,0.992,0.556,4.254,0.206,6.428
img_005440.jpg,1,0,1.0,0.202,0.004,0.027,1.009,0.541,4.195,0.207,6.357
img_000001.jpg,0,1,0.915,0.203,0.005,0.028,3.552,4.163,5.878,0.308,14.415
img_000004.jpg,0,0,0.9638,0.281,0.006,0.044,2.481,0.885,7.083,0.332,11.457
img_000007.jpg,0,1,0.642,0.209,0.005,0.029,2.28,0.677,4.276,0.213,7.895
img_000010.jpg,0,1,0.7097,0.204,0.004,0.029,2.249,0.614,4.254,0.211,7.761
img_000013.jpg,0,1,0.9615,0.272,0.006,0.042,4.25,3.069,6.303,0.378,14.643
img_000016.jpg,0,1,0.9494,0.211,0.005,0.03,2.553,0.672,4.27,0.257,8.216
img_000019.jpg,0,1,0.8267,0.205,0.004,0.031,2.375,0.701,4.256,0.222,8.007
img_000022.jpg,0,1,0.8398,0.216,0.005,0.031,2.308,0.695,4.316,0.242,8.027
img_000025.jpg,0,1,0.858,0.213,0.004,0.033,2.325,0.685,4.306,0.215,8.028
img_000028.jpg,0,1,0.8197,0.209,0.005,0.031,2.383,0.715,4.372,0.217,8.14
img_000031.jpg,0,1,0.9436,0.209,0.004,0.03,2.357,0.666,4.262,0.217,7.953
img_000034.jpg,0,1,0.9051,0.208,0.005,0.03,3.522,3.445,4.277,0.228,11.937
img_000037.jpg,0,1,0.7242,0.21,0.004,0.031,2.639,0.664,4.275,0.22,8.261
img_000040.jpg,0,1,0.9538,0.21,0.004,0.032,2.405,0.721,4.285,0.225,8.111
img_000043.jpg,0,1,0.5038,0.25,0.005,0.033,2.309,0.716,4.315,0.223,8.119
img_000046.jpg,0,1,0.8752,0.214,0.005,0.067,2.332,0.678,4.309,0.228,8.044
img_000049.jpg,0,1,0.9298,0.215,0.005,0.03,2.769,0.689,4.312,0.213,8.449
img_000052.jpg,0,0,0.9143,0.207,0.005,0.028,2.345,0.648,4.243,0.22,7.908
img_000055.jpg,0,1,0.9404,0.214,0.004,0.029,2.273,0.657,4.25,0.213,7.907
img_000058.jpg,0,0,0.8061,0.274,0.005,0.029,2.276,0.64,6.303,0.214,9.948
img_000061.jpg,0,0,0.8008,0.211,0.005,0.031,2.596,0.684,4.313,0.231,8.294
img_000064.jpg,0,1,0.7296,0.21,0.005,0.029,2.523,0.753,5.171,0.231,9.135
img_000067.jpg,0,0,0.5188,0.208,0.004,0.033,2.361,0.708,4.324,0.237,8.096
img_000070.jpg,0,0,0.822,0.219,0.004,0.032,2.708,0.741,4.311,0.238,8.476
img_000073.jpg,0,1,0.9957,0.212,0.005,0.033,2.399,0.69,4.326,0.22,8.106
img_000076.jpg,0,1,0.7594,0.299,0.006,0.052,5.107,0.993,5.972,0.229,12.97
img_000079.jpg,0,1,0.9944,0.209,0.004,0.032,2.211,2.194,4.318,0.228,9.415
img_000082.jpg,0,1,0.9985,0.204,0.004,0.029,3.071,3.744,4.319,0.234,11.832
img_000085.jpg,0,0,0.7739,0.209,0.004,0.03,2.722,0.714,4.311,0.236,8.445
img_000088.jpg,0,0,0.809,0.23,0.004,0.029,2.608,0.654,4.384,0.233,8.363
img_000091.jpg,0,0,0.9436,0.204,0.004,0.031,2.857,1.812,4.344,0.231,9.716
img_000094.jpg,0,0,0.9792,0.203,0.005,0.031,3.522,1.634,4.335,0.237,10.198
img_000097.jpg,0,0,0.975,0.198,0.004,0.03,2.981,0.614,4.268,0.224,8.539
img_000100.jpg,0,0,0.5498,0.203,0.005,0.03,2.447,0.655,6.285,0.223,10.063
img_000103.jpg,0,1,0.5276,0.216,0.005,0.028,2.328,0.746,4.316,0.23,8.09
img_000106.jpg,0,0,0.9938,0.216,0.004,0.029,2.506,0.793,4.323,0.245,8.341
img_000109.jpg,0,1,0.9984,0.207,0.005,0.027,2.67,0.653,4.319,0.237,8.336
img_000112.jpg,0,1,0.9999,0.209,0.004,0.032,2.645,0.756,4.277,0.222,8.367
img_000115.jpg,0,1,0.9717,0.214,0.004,0.031,2.336,0.645,4.257,0.217,7.915
img_000118.jpg,0,1,0.7774,0.208,0.005,0.032,2.461,0.69,4.283,0.226,8.116
img_000121.jpg,0,0,0.6561,0.212,0.005,0.028,2.384,0.699,4.36,0.219,8.119
img_000124.jpg,0,0,0.9807,0.219,0.005,0.029,2.31,0.683,4.255,0.224,7.958
img_000127.jpg,0,0,0.963,0.214,0.005,0.027,2.296,1.375,4.258,0.219,8.613
img_000130.jpg,0,1,0.6579,0.205,0.005,0.026,2.133,0.656,4.248,0.216,7.699
img_000133.jpg,0,1,0.6646,0.214,0.005,0.029,2.279,0.685,4.3,0.227,7.95
img_000136.jpg,0,1,0.7585,0.206,0.004,0.03,2.216,0.654,4.357,0.22,7.894
img_000139.jpg,0,0,0.7365,0.208,0.004,0.03,2.129,0.648,4.309,0.223,7.763
img_000142.jpg,0,1,0.9664,0.21,0.004,0.03,2.427,0.707,4.259,0.218,8.07
img_000145.jpg,0,0,0.9381,0.211,0.005,0.03,2.112,0.683,4.322,0.289,7.871
img_000148.jpg,0,0,0.9524,0.205,0.004,0.029,2.168,0.65,4.251,0.212,7.722
img_000151.jpg,0,1,0.9226,0.204,0.005,0.027,2.298,0.649,4.146,0.216,7.763
img_000154.jpg,0,0,0.5855,0.211,0.005,0.029,2.105,0.661,4.266,0.214,7.701
img_000157.jpg,0,0,0.8661,0.212,0.005,0.033,2.185,0.699,4.26,0.215,7.82
img_000160.jpg,0,0,0.998,0.215,0.004,0.03,2.476,0.674,6.353,0.23,10.206
img_000163.jpg,0,0,0.7991,0.207,0.004,0.031,2.641,0.71,4.271,0.214,8.287
img_000166.jpg,0,1,0.9611,0.215,0.005,0.032,4.462,3.304,6.396,0.346,15.053
img_000169.jpg,0,1,0.9567,0.212,0.005,0.032,2.5,0.596,4.297,0.225,8.071
img_000172.jpg,0,1,0.9564,0.211,0.005,0.031,2.212,0.604,4.312,0.219,7.792
img_000175.jpg,0,1,0.903,0.278,0.006,0.043,3.542,1.315,6.336,0.326,12.138
img_000178.jpg,0,1,0.9719,0.204,0.004,0.032,2.376,0.613,4.356,0.232,8.018
img_000181.jpg,0,1,0.945,0.203,0.004,0.029,2.383,0.616,4.111,0.209,7.748
img_000184.jpg,0,0,0.999,0.198,0.004,0.03,2.187,0.586,4.28,0.205,7.68
img_000187.jpg,0,0,0.9095,0.213,0.004,0.029,2.207,0.653,4.245,0.245,7.795
img_000190.jpg,0,0,1.0,0.219,0.004,0.03,2.181,0.588,4.215,0.212,7.678
img_000193.jpg,0,0,0.9972,0.205,0.004,0.029,2.187,0.6,4.265,0.234,7.716
img_000196.jpg,0,0,0.9914,0.207,0.004,0.03,2.251,0.59,6.258,0.215,9.747
img_000199.jpg,0,0,0.9987,0.201,0.004,0.024,2.37,0.59,4.28,0.23,7.894
img_000202.jpg,0,0,0.9983,0.21,0.004,0.03,2.659,0.602,4.573,0.226,8.508
img_000205.jpg,0,0,0.9986,0.22,0.005,0.036,2.487,0.64,4.57,0.234,8.407
img_000208.jpg,0,0,1.0,0.218,0.005,0.031,2.481,0.596,4.287,0.229,8.046
img_000211.jpg,0,0,0.9552,0.213,0.004,0.03,4.706,0.621,4.298,0.23,10.32
img_000214.jpg,0,0,0.8621,0.214,0.004,0.03,2.426,0.631,4.302,0.23,8.039
img_000217.jpg,0,0,1.0,0.214,0.004,0.031,2.261,0.589,4.545,0.24,8.083
img_000220.jpg,0,0,1.0,0.218,0.004,0.033,4.759,0.662,4.304,0.23,10.423
img_000223.jpg,0,0,1.0,0.217,0.004,0.031,3.721,1.336,4.32,0.233,10.085
img_000226.jpg,0,0,1.0,0.21,0.005,0.032,2.283,0.596,4.291,0.231,7.846
img_000229.jpg,0,0,1.0,0.217,0.005,0.028,4.895,0.627,4.302,0.271,10.564
img_000232.jpg,0,0,1.0,0.212,0.004,0.033,2.644,0.608,4.57,0.224,8.496
img_000235.jpg,0,0,1.0,0.325,0.007,0.045,3.008,0.622,4.286,0.227,8.729
img_000238.jpg,0,0,1.0,0.216,0.004,0.03,2.199,0.654,4.268,0.225,7.795
img_000241.jpg,0,0,1.0,0.292,0.007,0.048,2.492,0.776,7.123,0.332,11.343
img_000244.jpg,0,0,1.0,0.22,0.004,0.029,2.486,0.607,4.295,0.226,8.07
img_000247.jpg,0,0,0.999,0.216,0.004,0.03,4.544,0.646,4.311,0.237,10.205
img_000250.jpg,0,0,0.9906,0.213,0.004,0.03,2.264,0.596,4.291,0.223,7.82
img_000253.jpg,0,0,0.9989,0.223,0.005,0.035,2.517,0.62,4.438,0.237,8.284
img_000256.jpg,0,0,0.9993,0.219,0.004,0.032,5.187,0.637,4.3,0.233,10.829
img_000259.jpg,0,0,0.9994,0.401,0.008,0.06,5.353,0.878,4.848,0.228,12.069
img_000262.jpg,0,0,0.9999,0.222,0.005,0.03,2.199,0.593,4.294,0.23,7.812
img_000265.jpg,0,0,0.9997,0.328,0.008,0.043,6.406,0.87,5.487,0.376,14.088
img_000268.jpg,0,0,0.9997,0.218,0.004,0.033,2.622,0.669,4.316,0.233,8.327
img_000271.jpg,0,0,0.999,0.224,0.005,0.033,2.53,0.807,4.373,0.243,8.447
img_000274.jpg,0,0,0.9997,0.213,0.004,0.033,2.602,0.727,4.332,0.233,8.373
img_000277.jpg,0,0,1.0,0.329,0.007,0.045,4.291,0.735,4.385,0.236,10.271
img_000280.jpg,0,0,0.9999,0.385,0.007,0.045,4.585,0.941,4.829,0.233,11.33
img_000283.jpg,0,0,0.9987,0.216,0.005,0.029,4.804,0.717,4.325,0.235,10.566
img_000286.jpg,0,0,0.9997,0.225,0.004,0.032,2.499,0.787,4.577,0.232,8.585
img_000289.jpg,0,0,0.9989,0.214,0.004,0.03,2.514,0.667,4.316,0.231,8.199
img_000292.jpg,0,0,1.0,0.225,0.004,0.033,4.108,0.679,4.338,0.24,9.856
img_000295.jpg,0,0,1.0,0.217,0.005,0.033,2.376,0.664,4.593,0.23,8.339
img_000298.jpg,0,0,1.0,0.247,0.004,0.03,2.314,0.663,4.364,0.253,8.098
img_000301.jpg,0,0,1.0,0.253,0.004,0.032,4.101,0.669,4.334,0.241,9.858
img_000304.jpg,0,0,1.0,0.228,0.004,0.034,2.384,0.714,4.358,0.243,8.22
img_000307.jpg,0,0,1.0,0.218,0.004,0.033,2.457,0.698,4.39,0.233,8.257
img_000310.jpg,0,0,1.0,0.217,0.005,0.032,2.42,0.672,4.317,0.23,8.12
img_000313.jpg,0,0,1.0,0.209,0.004,0.028,2.799,1.69,4.305,0.228,9.501
img_000316.jpg,0,0,1.0,0.212,0.004,0.032,3.14,3.523,5.903,0.344,13.443
img_000319.jpg,0,0,1.0,0.216,0.005,0.029,4.906,1.683,4.302,0.234,11.591
img_000322.jpg,0,0,0.9999,0.205,0.004,0.031,3.53,0.869,5.402,0.347,10.675
img_000325.jpg,0,0,1.0,0.215,0.005,0.029,2.309,0.609,4.31,0.231,7.912
img_000328.jpg,0,0,0.9996,0.221,0.005,0.031,4.068,0.645,4.295,0.231,9.712
img_000331.jpg,0,0,0.9999,0.217,0.004,0.03,2.508,0.621,4.305,0.227,8.113
img_000334.jpg,0,0,1.0,0.216,0.004,0.03,2.429,0.707,4.312,0.227,8.13
img_000337.jpg,0,0,0.9999,0.223,0.004,0.032,4.926,0.628,4.3,0.237,10.59
img_000340.jpg,0,0,1.0,0.215,0.004,0.031,2.313,0.588,4.545,0.228,8.123
img_000343.jpg,0,0,1.0,0.217,0.004,0.031,2.213,0.662,4.535,0.223,8.085
img_000346.jpg,0,0,1.0,0.239,0.004,0.03,3.721,3.376,4.373,0.268,12.233
img_000349.jpg,0,0,1.0,0.249,0.004,0.032,2.646,0.668,4.381,0.26,8.462
img_000352.jpg,0,0,1.0,0.334,0.007,0.045,3.581,1.085,4.319,0.236,9.831
img_000355.jpg,0,0,1.0,0.262,0.004,0.033,3.364,0.735,4.315,0.229,9.17
img_000358.jpg,0,0,1.0,0.223,0.004,0.034,2.456,1.062,4.357,0.241,8.605
img_000361.jpg,0,0,1.0,0.218,0.005,0.033,2.297,0.673,4.37,0.234,8.048
img_000364.jpg,0,0,1.0,0.215,0.004,0.032,3.54,0.701,4.377,0.235,9.328
img_000367.jpg,0,0,1.0,0.217,0.004,0.029,2.351,0.715,4.327,0.233,8.093
img_000370.jpg,0,0,0.9999,0.211,0.004,0.031,2.16,0.649,4.311,0.231,7.811
img_000373.jpg,0,0,0.9998,0.217,0.004,0.031,4.118,0.664,4.371,0.234,9.863
img_000376.jpg,0,0,0.9996,0.269,0.004,0.032,2.3,0.662,4.367,0.251,8.1
img_000379.jpg,0,0,0.9994,0.208,0.005,0.03,2.153,0.656,4.424,0.234,7.922
img_000382.jpg,0,0,0.9994,0.21,0.004,0.03,2.129,0.682,4.4,0.235,7.906
img_000385.jpg,0,0,0.9997,0.223,0.005,0.033,2.24,0.699,4.359,0.242,8.025
img_000388.jpg,0,0,0.9996,0.216,0.004,0.033,2.343,0.675,4.328,0.232,8.048
img_000391.jpg,0,0,0.9996,0.215,0.004,0.032,4.223,0.657,4.37,0.233,9.962
img_000394.jpg,0,0,1.0,0.215,0.004,0.029,2.152,0.651,4.323,0.233,7.827
img_000397.jpg,0,0,1.0,0.217,0.004,0.031,2.185,0.667,4.334,0.235,7.884
img_000400.jpg,0,0,1.0,0.219,0.004,0.032,4.165,0.649,4.319,0.232,9.843
img_000403.jpg,0,0,1.0,0.22,0.005,0.03,2.163,0.682,4.331,0.236,7.885
img_000406.jpg,0,0,1.0,0.212,0.004,0.032,2.136,0.649,4.319,0.237,7.804
img_000409.jpg,0,0,1.0,0.216,0.004,0.032,3.66,0.669,4.323,0.234,9.366
img_000412.jpg,0,0,0.9997,0.221,0.004,0.031,2.391,0.646,4.324,0.23,8.069
img_000415.jpg,0,0,0.9999,0.207,0.004,0.031,2.331,0.662,4.33,0.235,8.01
img_000418.jpg,0,0,0.9999,0.231,0.005,0.035,2.149,0.7,4.407,0.243,7.997
img_000421.jpg,0,0,1.0,0.221,0.004,0.031,2.171,0.739,4.32,0.233,7.937
img_000424.jpg,0,0,1.0,0.226,0.005,0.031,2.146,0.651,4.455,0.231,7.965
img_000427.jpg,0,0,1.0,0.217,0.005,0.031,4.43,0.662,4.356,0.232,10.162
img_000430.jpg,0,0,1.0,0.219,0.004,0.031,2.674,0.649,4.342,0.239,8.381
img_000433.jpg,0,0,1.0,0.222,0.004,0.034,2.396,0.668,4.596,0.24,8.384
img_000436.jpg,0,0,0.9999,0.222,0.004,0.035,4.446,0.702,4.361,0.241,10.24
img_000439.jpg,0,0,1.0,0.221,0.005,0.032,2.223,0.683,4.593,0.239,8.216
img_000442.jpg,0,0,0.9999,0.233,0.004,0.036,2.533,0.721,4.362,0.282,8.393
img_000445.jpg,0,0,1.0,0.22,0.005,0.031,4.21,0.664,4.32,0.233,9.904
img_000448.jpg,0,0,0.9999,0.219,0.004,0.031,2.153,0.709,4.34,0.236,7.911
img_000451.jpg,0,0,1.0,0.22,0.004,0.033,2.118,0.661,4.382,0.228,7.865
img_000454.jpg,0,0,0.9999,0.232,0.005,0.036,3.009,0.687,4.349,0.241,8.781
img_000457.jpg,0,0,0.9999,0.21,0.004,0.031,2.898,0.705,4.34,0.227,8.641
img_000460.jpg,0,0,0.9999,0.231,0.004,0.034,2.174,0.732,4.362,0.24,8.007
img_000463.jpg,0,0,1.0,0.216,0.005,0.032,3.4,0.672,4.325,0.234,9.112
img_000466.jpg,0,0,1.0,0.213,0.004,0.029,2.117,0.648,4.356,0.253,7.839
img_000469.jpg,0,0,0.9887,0.214,0.004,0.031,2.336,0.636,4.314,0.232,7.981
img_000472.jpg,0,0,1.0,0.215,0.004,0.031,3.544,0.675,4.332,0.235,9.264
img_000475.jpg,0,0,1.0,0.216,0.005,0.031,2.148,0.717,4.319,0.232,7.883
img_000478.jpg,0,0,1.0,0.337,0.006,0.044,3.633,0.923,4.627,0.23,10.146
img_000481.jpg,0,0,0.9994,0.251,0.005,0.031,3.395,1.247,4.354,0.245,9.765
img_000484.jpg,0,0,0.9998,0.219,0.004,0.032,2.143,0.72,4.581,0.277,8.193
img_000487.jpg,0,0,0.9354,0.214,0.005,0.031,2.548,0.666,4.317,0.233,8.261
img_000490.jpg,0,0,0.999,0.214,0.004,0.031,2.41,0.681,4.322,0.233,8.119
img_000493.jpg,0,0,0.8533,0.214,0.004,0.03,2.314,0.661,4.325,0.231,8.002
img_000496.jpg,0,0,0.5395,0.225,0.005,0.03,2.283,0.665,4.768,0.238,8.429
img_000499.jpg,0,0,1.0,0.214,0.004,0.032,3.624,0.659,4.317,0.239,9.316
img_000502.jpg,0,0,0.9997,0.219,0.005,0.03,2.107,1.266,4.31,0.224,8.369
img_000505.jpg,0,0,0.9922,0.214,0.004,0.032,2.178,0.684,4.607,0.235,8.171
img_000508.jpg,0,0,1.0,0.233,0.005,0.035,3.719,0.705,4.355,0.24,9.522
img_000511.jpg,0,0,0.9999,0.22,0.005,0.031,2.274,0.673,4.32,0.232,7.972
img_000514.jpg,0,0,1.0,0.216,0.004,0.031,2.54,0.642,4.328,0.232,8.211
img_000517.jpg,0,0,1.0,0.22,0.004,0.033,4.191,0.653,4.335,0.246,9.936
img_000520.jpg,0,0,1.0,0.221,0.004,0.029,2.092,0.641,4.359,0.241,7.803
img_000523.jpg,0,0,1.0,0.229,0.004,0.03,2.134,0.66,4.377,0.234,7.888
img_000526.jpg,0,0,1.0,0.222,0.004,0.032,2.43,0.619,4.335,0.283,8.141
img_000529.jpg,0,0,1.0,0.221,0.004,0.032,2.147,0.665,4.363,0.233,7.88
img_000532.jpg,0,0,1.0,0.22,0.004,0.032,2.194,0.638,4.321,0.23,7.849
img_000535.jpg,0,0,1.0,0.268,0.004,0.032,3.433,0.719,4.314,0.23,9.22
img_000538.jpg,0,0,0.9966,0.216,0.004,0.029,2.242,0.899,4.327,0.234,8.188
img_000541.jpg,0,0,0.9996,0.219,0.004,0.031,2.186,0.659,4.315,0.234,7.857
img_000544.jpg,0,0,0.9999,0.214,0.004,0.033,4.907,0.734,4.337,0.238,10.704
img_000547.jpg,0,0,0.9432,0.258,0.004,0.032,2.336,0.666,4.369,0.26,8.151
img_000550.jpg,0,0,0.9867,0.226,0.004,0.033,2.55,1.053,4.361,0.245,8.71
img_000553.jpg,0,0,0.9998,0.229,0.004,0.033,4.291,0.667,4.334,0.233,10.014
img_000556.jpg,0,0,1.0,0.213,0.004,0.029,2.375,0.665,4.33,0.23,8.067
img_000559.jpg,0,0,1.0,0.223,0.004,0.032,2.531,0.703,4.604,0.239,8.568
img_000562.jpg,0,0,1.0,0.222,0.005,0.033,2.505,0.703,4.419,0.247,8.364
img_000565.jpg,0,0,1.0,0.22,0.005,0.03,2.688,0.672,4.26,0.22,8.359
img_000568.jpg,0,0,1.0,0.22,0.004,0.032,2.389,0.737,4.389,0.292,8.295
img_000571.jpg,0,0,0.9999,0.219,0.004,0.031,4.784,0.73,4.307,0.237,10.571
img_000574.jpg,0,0,0.9999,0.219,0.004,0.032,2.5,1.044,4.357,0.243,8.629
img_000577.jpg,0,0,1.0,0.226,0.005,0.032,2.37,0.652,4.35,0.235,8.091
img_000580.jpg,0,0,0.9997,0.215,0.004,0.03,4.823,0.69,4.325,0.239,10.557
img_000583.jpg,0,0,0.9996,0.215,0.005,0.028,2.314,0.664,4.39,0.233,8.067
img_000586.jpg,0,0,0.9997,0.216,0.004,0.031,2.434,0.668,4.316,0.237,8.123
img_000589.jpg,0,0,0.9997,0.223,0.004,0.031,4.456,0.664,4.557,0.232,10.393
img_000592.jpg,0,0,0.9996,0.221,0.004,0.032,2.514,0.676,4.586,0.231,8.481
img_000595.jpg,0,0,0.9997,0.221,0.004,0.03,2.449,0.663,4.373,0.236,8.195
img_000598.jpg,0,0,0.999,0.223,0.004,0.032,2.327,0.745,4.326,0.234,8.111
img_000601.jpg,0,0,0.9979,0.229,0.004,0.03,2.375,0.684,4.571,0.234,8.348
img_000604.jpg,0,0,0.9988,0.23,0.005,0.036,2.567,0.714,4.366,0.248,8.398
img_000607.jpg,0,0,0.9997,0.218,0.004,0.031,4.824,0.688,4.319,0.237,10.551
img_000610.jpg,0,0,0.9997,0.206,0.004,0.028,2.315,0.651,4.357,0.289,8.061
img_000613.jpg,0,0,0.9996,0.224,0.004,0.034,2.472,0.698,4.374,0.254,8.299
img_000616.jpg,0,0,0.9999,0.225,0.004,0.032,4.696,0.692,4.447,0.242,10.571
img_000619.jpg,0,0,0.9973,0.219,0.004,0.031,2.541,0.667,4.323,0.238,8.254
img_000622.jpg,0,0,0.9998,0.23,0.005,0.033,2.296,0.785,4.367,0.243,8.199
img_000625.jpg,0,0,0.9989,0.219,0.004,0.032,4.905,0.682,4.346,0.234,10.648
img_000628.jpg,0,0,0.9997,0.222,0.005,0.034,2.411,0.714,4.618,0.242,8.48
img_000631.jpg,0,0,0.9997,0.227,0.005,0.034,2.573,3.532,4.358,0.245,11.203
img_000634.jpg,0,0,0.9998,0.216,0.004,0.03,2.779,0.665,4.342,0.234,8.5
img_000637.jpg,0,0,0.9999,0.214,0.004,0.028,2.331,0.731,4.323,0.235,8.087
img_000640.jpg,0,0,0.9998,0.22,0.004,0.03,2.404,0.667,4.312,0.236,8.103
img_000643.jpg,0,0,0.9993,0.215,0.005,0.032,4.739,0.679,4.375,0.256,10.526
img_000646.jpg,0,0,0.9993,0.213,0.004,0.03,2.567,0.769,4.567,0.229,8.603
img_000649.jpg,0,0,0.9999,0.221,0.004,0.031,2.506,0.692,4.399,0.236,8.314
img_000652.jpg,0,0,1.0,0.216,0.004,0.031,4.947,0.664,4.329,0.25,10.675
img_000655.jpg,0,0,1.0,0.226,0.005,0.035,2.411,0.713,4.608,0.243,8.473
img_000658.jpg,0,0,1.0,0.223,0.004,0.032,2.336,0.754,4.347,0.243,8.169
img_000661.jpg,0,0,1.0,0.222,0.004,0.036,4.754,0.74,4.376,0.246,10.616
img_000664.jpg,0,0,1.0,0.227,0.005,0.034,2.357,0.693,4.334,0.235,8.135
img_000667.jpg,0,0,1.0,0.217,0.004,0.03,2.516,0.673,4.338,0.235,8.246
img_000670.jpg,0,0,1.0,0.211,0.004,0.029,2.524,0.686,4.332,0.243,8.252
img_000673.jpg,0,0,1.0,0.22,0.004,0.032,2.452,0.681,4.325,0.235,8.182
img_000676.jpg,0,0,0.9999,0.218,0.004,0.03,2.367,0.678,4.325,0.23,8.073
img_000679.jpg,0,0,1.0,0.25,0.004,0.031,4.724,0.68,4.318,0.24,10.478
img_000682.jpg,0,0,1.0,0.217,0.004,0.029,2.384,0.666,4.318,0.233,8.07
img_000685.jpg,0,0,1.0,0.226,0.004,0.034,2.372,0.67,4.337,0.244,8.109
img_000688.jpg,0,0,1.0,0.213,0.004,0.031,4.789,0.678,4.316,0.235,10.498
img_000691.jpg,0,0,1.0,0.219,0.004,0.03,2.473,0.727,4.573,0.234,8.486
img_000694.jpg,0,0,1.0,0.249,0.004,0.03,2.34,0.653,4.354,0.232,8.079
img_000697.jpg,0,0,0.9999,0.214,0.005,0.03,4.715,0.654,4.333,0.239,10.418
img_000700.jpg,0,0,0.9997,0.217,0.004,0.03,2.527,0.67,4.323,0.236,8.233
img_000703.jpg,0,0,0.9999,0.223,0.005,0.033,2.362,0.662,4.323,0.235,8.065
img_000706.jpg,0,0,0.9998,0.252,0.004,0.031,2.298,0.678,4.357,0.233,8.076
img_000709.jpg,0,0,0.9996,0.221,0.004,0.031,2.358,0.665,4.308,0.24,8.049
img_000712.jpg,0,0,0.9998,0.216,0.004,0.031,2.436,0.708,4.349,0.258,8.23
img_000715.jpg,0,0,0.9999,0.213,0.004,0.032,4.891,0.688,4.353,0.238,10.646
img_000718.jpg,0,0,1.0,0.206,0.004,0.03,2.516,0.662,4.359,0.233,8.236
img_000721.jpg,0,0,0.9999,0.214,0.004,0.032,3.593,0.707,4.354,0.232,9.368
img_000724.jpg,0,0,0.9998,0.218,0.004,0.032,3.916,0.626,4.341,0.246,9.598
img_000727.jpg,0,0,0.9999,0.213,0.004,0.03,2.636,0.622,4.294,0.226,8.26
img_000730.jpg,0,0,1.0,0.215,0.004,0.031,2.503,0.642,4.292,0.235,8.132
img_000733.jpg,0,0,0.9999,0.212,0.005,0.033,4.025,0.675,4.303,0.232,9.699
img_000736.jpg,0,0,0.9999,0.215,0.005,0.031,2.422,0.626,4.295,0.229,8.024
img_000739.jpg,0,0,0.9999,0.216,0.005,0.032,2.609,0.607,4.294,0.233,8.198
img_000742.jpg,0,0,1.0,0.211,0.004,0.032,2.409,0.609,4.299,0.227,7.992
img_000745.jpg,0,0,0.9999,0.212,0.005,0.029,2.624,0.624,4.298,0.227,8.219
img_000748.jpg,0,0,0.9999,0.216,0.004,0.031,2.622,0.608,4.281,0.227,8.188
img_000751.jpg,0,0,0.9998,0.281,0.004,0.037,4.175,0.647,4.3,0.23,9.891
img_000754.jpg,0,0,0.9999,0.208,0.004,0.031,2.976,0.612,4.338,0.249,8.62
img_000757.jpg,0,0,1.0,0.212,0.004,0.032,2.409,0.61,4.274,0.23,7.965
img_000760.jpg,0,0,0.9999,0.212,0.004,0.029,4.479,0.706,4.373,0.278,10.303
img_000763.jpg,0,0,1.0,0.273,0.005,0.034,2.627,0.633,4.325,0.253,8.353
img_000766.jpg,0,0,0.9998,0.223,0.005,0.034,2.434,0.641,4.313,0.236,8.121
img_000769.jpg,0,0,0.9999,0.245,0.004,0.031,3.359,0.702,4.291,0.23,9.077
img_000772.jpg,0,0,1.0,0.218,0.004,0.032,2.39,0.619,4.289,0.23,7.98
img_000775.jpg,0,0,1.0,0.221,0.004,0.031,2.34,0.644,4.3,0.228,7.969
img_000778.jpg,0,0,0.9999,0.21,0.004,0.032,2.464,0.621,4.303,0.229,8.074
img_000781.jpg,0,0,0.9999,0.217,0.004,0.031,3.06,0.658,4.523,0.235,8.929
img_000784.jpg,0,0,1.0,0.217,0.004,0.03,2.434,0.614,4.531,0.233,8.266
img_000787.jpg,0,0,0.9999,0.208,0.004,0.032,3.542,0.701,4.311,0.225,9.235
img_000790.jpg,0,0,0.9994,0.22,0.004,0.03,2.429,0.613,4.286,0.225,8.009
img_000793.jpg,0,0,0.9996,0.214,0.005,0.032,2.461,0.612,4.282,0.228,8.035
img_000796.jpg,0,0,0.9998,0.22,0.004,0.03,3.576,0.641,4.301,0.229,9.218
img_000799.jpg,0,0,0.9995,0.219,0.004,0.03,2.592,0.717,4.286,0.229,8.289
img_000802.jpg,0,0,0.9998,0.21,0.004,0.031,2.468,0.773,4.296,0.227,8.217
img_000805.jpg,0,0,1.0,0.225,0.004,0.033,3.39,0.64,4.541,0.228,9.273
img_000808.jpg,0,0,1.0,0.219,0.004,0.035,3.144,0.717,4.364,0.256,8.959
img_000811.jpg,0,0,0.9999,0.225,0.004,0.031,2.592,0.695,4.279,0.226,8.257
img_000814.jpg,0,0,0.998,0.218,0.004,0.032,2.591,0.709,4.282,0.225,8.265
img_000817.jpg,0,1,0.6037,0.205,0.004,0.031,2.934,0.625,4.549,0.229,8.802
img_000820.jpg,0,0,0.9998,0.22,0.005,0.064,2.445,0.618,4.342,0.229,8.128
img_000823.jpg,0,0,0.9993,0.212,0.005,0.031,4.11,0.649,4.304,0.275,9.797
img_000826.jpg,0,0,0.9995,0.215,0.004,0.029,2.413,0.63,4.365,0.228,8.091
img_000829.jpg,0,0,0.9997,0.215,0.004,0.032,2.462,0.609,4.271,0.229,8.021
img_000832.jpg,0,0,0.9999,0.216,0.004,0.029,3.326,0.64,4.297,0.231,8.956
img_000835.jpg,0,0,1.0,0.215,0.004,0.029,2.434,0.608,4.694,0.223,8.406
img_000838.jpg,0,0,1.0,0.341,0.007,0.046,4.073,0.64,4.356,0.23,9.909
img_000841.jpg,0,0,0.9999,0.21,0.004,0.028,4.249,0.636,4.298,0.229,9.861
img_000844.jpg,0,0,0.9991,0.214,0.004,0.031,2.517,0.641,4.302,0.227,8.146
img_000847.jpg,0,0,0.9916,0.264,0.004,0.03,2.527,0.639,4.388,0.246,8.305
img_000850.jpg,0,0,0.9994,0.208,0.005,0.032,3.007,0.678,4.324,0.23,8.712
img_000853.jpg,0,0,1.0,0.217,0.004,0.032,2.521,0.673,4.318,0.235,8.22
img_000856.jpg,0,0,0.9999,0.221,0.005,0.033,2.718,0.681,4.307,0.234,8.426
img_000859.jpg,0,0,0.9998,0.213,0.004,0.029,4.108,0.675,4.407,0.245,9.916
img_000862.jpg,0,0,0.9996,0.211,0.004,0.031,3.007,0.687,4.326,0.236,8.729
img_000865.jpg,0,0,0.9991,0.216,0.004,0.031,2.442,1.035,4.545,0.276,8.778
img_000868.jpg,0,0,0.9994,0.223,0.004,0.034,4.119,0.731,4.338,0.235,9.921
img_000871.jpg,0,0,0.9992,0.22,0.004,0.032,2.558,0.702,4.345,0.235,8.328
img_000874.jpg,0,0,0.9983,0.214,0.005,0.031,2.543,0.672,4.321,0.234,8.245
img_000877.jpg,0,0,0.9968,0.215,0.004,0.032,4.294,0.707,4.328,0.232,10.035
img_000880.jpg,0,0,0.9983,0.216,0.004,0.03,3.256,1.297,4.3,0.23,9.545
img_000883.jpg,0,0,0.9982,0.211,0.005,0.029,2.639,0.666,4.348,0.234,8.383
img_000886.jpg,0,0,0.9962,0.342,0.006,0.045,5.217,1.08,6.795,0.354,14.205
img_000889.jpg,0,0,0.9871,0.213,0.004,0.03,3.298,1.303,4.525,0.233,9.825
img_000892.jpg,0,0,0.9964,0.346,0.006,0.043,4.544,2.124,4.362,0.242,11.895
img_000895.jpg,0,0,0.9983,0.275,0.004,0.031,4.994,0.954,4.431,0.355,11.274
img_000898.jpg,0,0,0.9985,0.21,0.004,0.029,2.569,0.72,4.305,0.231,8.284
img_000901.jpg,0,1,0.554,0.258,0.004,0.031,2.473,0.625,4.324,0.269,8.2
img_000904.jpg,0,0,0.9796,0.216,0.004,0.03,4.443,0.681,4.406,0.357,10.373
img_000907.jpg,0,0,0.9928,0.262,0.004,0.03,2.215,0.651,4.296,0.276,7.94
img_000910.jpg,0,0,0.9965,0.33,0.007,0.048,3.556,0.678,4.326,0.234,9.392
img_000913.jpg,0,1,0.6487,0.264,0.004,0.032,4.527,0.645,4.318,0.231,10.241
img_000916.jpg,0,0,0.999,0.216,0.005,0.03,3.209,1.331,4.307,0.23,9.543
img_000919.jpg,0,0,1.0,0.212,0.004,0.03,2.458,0.652,4.299,0.23,8.097
img_000922.jpg,0,0,1.0,0.276,0.004,0.03,2.431,0.643,4.335,0.227,8.155
img_000925.jpg,0,0,0.9997,0.219,0.004,0.03,2.45,0.631,4.304,0.227,8.075
img_000928.jpg,0,0,0.9324,0.217,0.004,0.031,2.431,0.67,4.303,0.231,8.098
img_000931.jpg,0,0,0.9992,0.22,0.005,0.03,4.273,0.666,4.306,0.228,9.945
img_000934.jpg,0,0,0.9964,0.219,0.004,0.032,3.123,0.65,4.318,0.232,8.795
img_000937.jpg,0,0,0.9999,0.214,0.004,0.031,2.464,0.633,4.285,0.231,8.074
img_000940.jpg,0,0,0.9627,0.218,0.005,0.068,4.688,0.647,4.301,0.232,10.379
img_000943.jpg,0,0,0.9998,0.211,0.004,0.03,2.422,0.646,4.647,0.227,8.397
img_000946.jpg,0,0,0.9989,0.209,0.005,0.032,2.412,0.656,4.54,0.353,8.418
img_000949.jpg,0,0,0.9997,0.214,0.004,0.028,4.273,0.632,4.571,0.23,10.169
img_000952.jpg,0,0,0.9998,0.224,0.004,0.031,2.415,0.691,4.314,0.227,8.119
img_000955.jpg,0,0,0.9999,0.221,0.004,0.03,2.473,0.65,4.293,0.232,8.113
img_000958.jpg,0,0,0.9999,0.211,0.004,0.03,2.589,0.689,4.464,0.366,8.581
img_000961.jpg,0,0,0.9999,0.214,0.004,0.03,2.467,0.655,4.314,0.227,8.119
img_000964.jpg,0,0,1.0,0.215,0.004,0.029,2.446,0.63,4.302,0.231,8.063
img_000967.jpg,0,0,0.9997,0.215,0.004,0.032,4.715,2.282,4.308,0.23,12.008
img_000970.jpg,0,0,0.9999,0.252,0.004,0.031,4.523,1.028,5.589,0.352,12.0
img_000973.jpg,0,0,0.9999,0.217,0.004,0.029,2.132,0.689,4.33,0.229,7.849
img_000976.jpg,0,0,0.9998,0.217,0.004,0.029,3.571,0.652,4.324,0.239,9.264
img_000979.jpg,0,0,0.9999,0.221,0.004,0.034,2.255,0.648,4.31,0.236,7.925
img_000982.jpg,0,0,1.0,0.215,0.004,0.031,2.145,0.675,4.338,0.228,7.855
img_000985.jpg,0,0,1.0,0.217,0.005,0.032,4.742,0.655,4.518,0.262,10.656
img_000988.jpg,0,0,1.0,0.218,0.004,0.033,2.219,0.636,4.296,0.231,7.852
img_000991.jpg,0,0,1.0,0.213,0.004,0.03,2.436,0.635,4.386,0.359,8.294
img_000994.jpg,0,0,1.0,0.219,0.004,0.031,2.149,0.666,4.369,0.233,7.885
img_000997.jpg,0,0,1.0,0.222,0.004,0.033,2.465,0.626,4.301,0.231,8.099
img_001000.jpg,0,0,1.0,0.218,0.004,0.031,2.208,0.711,4.31,0.23,7.926
img_001003.jpg,0,0,1.0,0.216,0.004,0.03,5.571,0.855,5.39,0.353,12.721
img_001006.jpg,0,0,0.9999,0.214,0.004,0.032,2.732,0.685,4.328,0.235,8.446
img_001009.jpg,0,0,0.9999,0.213,0.004,0.029,2.189,0.606,4.293,0.233,7.768
img_001012.jpg,0,0,1.0,0.215,0.004,0.072,4.515,0.633,4.307,0.23,10.201
img_001015.jpg,0,0,0.9999,0.255,0.004,0.03,2.191,0.617,4.319,0.224,7.854
img_001018.jpg,0,0,0.9999,0.212,0.005,0.031,2.146,0.697,4.284,0.227,7.813
img_001021.jpg,0,0,1.0,0.212,0.004,0.03,4.026,0.74,4.325,0.23,9.796
img_001024.jpg,0,0,0.9999,0.217,0.004,0.03,2.214,0.653,4.305,0.23,7.867
img_001027.jpg,0,0,1.0,0.254,0.004,0.034,2.179,0.63,4.301,0.233,7.851
img_001030.jpg,0,0,0.9999,0.219,0.004,0.033,2.166,0.698,4.316,0.252,7.9
img_001033.jpg,0,0,1.0,0.217,0.004,0.031,2.236,0.653,4.31,0.23,7.894
img_001036.jpg,0,0,0.9991,0.222,0.005,0.032,2.369,0.652,4.313,0.229,8.043
img_001039.jpg,0,0,0.9963,0.219,0.004,0.032,3.931,0.66,4.308,0.233,9.609
img_001042.jpg,0,0,0.9616,0.217,0.005,0.031,2.594,0.662,4.311,0.223,8.284
img_001045.jpg,0,0,0.9778,0.214,0.004,0.03,2.285,0.627,4.314,0.228,7.914
img_001048.jpg,0,0,0.9996,0.219,0.004,0.031,3.434,0.645,4.322,0.231,9.113
img_001051.jpg,0,0,0.9996,0.223,0.005,0.03,2.216,0.633,4.321,0.231,7.873
img_001054.jpg,0,0,0.9761,0.211,0.004,0.031,2.332,0.663,4.316,0.229,8.005
img_001057.jpg,0,0,0.9846,0.214,0.004,0.03,3.851,0.644,4.307,0.228,9.5
img_001060.jpg,0,0,0.9848,0.222,0.005,0.028,2.167,0.65,4.594,0.231,8.115
img_001063.jpg,0,1,0.7543,0.214,0.005,0.031,2.357,0.627,4.307,0.237,7.988
img_001066.jpg,0,0,0.9958,0.219,0.004,0.033,2.213,0.612,4.294,0.231,7.817
img_001069.jpg,0,0,0.7145,0.209,0.004,0.03,2.227,0.629,4.308,0.236,7.859
img_001072.jpg,0,1,0.6397,0.219,0.004,0.032,2.192,0.649,4.328,0.234,7.869
img_001075.jpg,0,0,0.9736,0.216,0.004,0.033,3.648,0.632,4.313,0.229,9.299
img_001078.jpg,0,0,0.5358,0.21,0.004,0.03,2.392,0.654,4.322,0.281,8.115
img_001081.jpg,0,0,0.9991,0.352,0.008,0.046,3.956,0.933,4.378,0.249,10.155
img_001084.jpg,0,0,0.9986,0.219,0.005,0.032,3.721,0.643,4.384,0.232,9.459
img_001087.jpg,0,0,0.9924,0.222,0.004,0.032,2.336,0.646,4.31,0.235,8.022
img_001090.jpg,0,0,0.9865,0.209,0.004,0.03,2.162,0.626,4.301,0.227,7.773
img_001093.jpg,0,0,0.9998,0.22,0.004,0.036,3.494,0.679,4.352,0.238,9.251
img_001096.jpg,0,0,1.0,0.215,0.005,0.032,2.233,0.642,4.315,0.234,7.89
img_001099.jpg,0,0,1.0,0.209,0.004,0.029,2.359,0.656,4.315,0.232,8.025
img_001102.jpg,0,0,0.9998,0.221,0.005,0.031,2.201,0.659,4.319,0.232,7.883
img_001105.jpg,0,0,0.9999,0.225,0.004,0.034,2.257,0.869,4.343,0.241,8.196
img_001108.jpg,0,0,0.9995,0.222,0.005,0.034,2.163,0.691,4.305,0.229,7.859
img_001111.jpg,0,0,0.9998,0.222,0.004,0.031,3.96,0.623,4.313,0.226,9.599
img_001114.jpg,0,0,0.997,0.216,0.004,0.033,2.235,0.643,4.321,0.229,7.894
img_001117.jpg,0,0,0.9977,0.214,0.005,0.029,2.166,0.643,4.294,0.232,7.792
img_001120.jpg,0,0,1.0,0.218,0.004,0.031,3.897,0.639,4.328,0.271,9.613
img_001123.jpg,0,0,0.9999,0.216,0.004,0.031,2.225,0.694,4.321,0.233,7.94
img_001126.jpg,0,0,1.0,0.216,0.005,0.03,2.288,0.668,4.285,0.231,7.938
img_001129.jpg,0,0,1.0,0.217,0.004,0.029,3.633,0.645,4.313,0.237,9.3
img_001132.jpg,0,0,0.9996,0.217,0.004,0.029,2.219,0.607,4.557,0.23,8.072
img_001135.jpg,0,0,0.9996,0.34,0.007,0.043,3.718,2.067,4.357,0.234,10.996
img_001138.jpg,0,0,0.9999,0.211,0.004,0.031,3.417,3.849,5.833,0.351,13.999
img_001141.jpg,0,0,1.0,0.221,0.004,0.031,2.949,0.633,4.319,0.231,8.607
img_001144.jpg,0,0,1.0,0.216,0.005,0.032,2.106,0.765,4.306,0.232,7.878
img_001147.jpg,0,0,1.0,0.216,0.004,0.03,3.42,0.659,4.314,0.231,9.101
img_001150.jpg,0,0,0.9999,0.216,0.005,0.031,2.162,0.646,4.31,0.237,7.826
img_001153.jpg,0,0,0.9986,0.215,0.004,0.033,2.208,0.661,4.327,0.235,7.9
img_001156.jpg,0,0,1.0,0.215,0.004,0.033,3.371,0.652,4.317,0.235,9.053
img_001159.jpg,0,0,1.0,0.218,0.004,0.029,2.456,0.975,4.319,0.228,8.451
img_001162.jpg,0,0,0.9715,0.212,0.004,0.031,2.151,0.645,4.314,0.234,7.805
img_001165.jpg,0,0,1.0,0.219,0.004,0.029,3.345,0.659,4.314,0.239,9.039
img_001168.jpg,0,0,0.9998,0.221,0.005,0.031,2.399,0.672,4.327,0.235,8.116
img_001171.jpg,0,0,1.0,0.216,0.004,0.032,2.443,0.657,4.318,0.235,8.124
img_001174.jpg,0,0,1.0,0.214,0.004,0.029,2.673,0.83,4.87,0.429,9.353
img_001177.jpg,0,1,0.758,0.215,0.004,0.03,2.223,0.661,4.327,0.234,7.92
img_001180.jpg,0,0,0.9944,0.212,0.004,0.03,2.149,0.675,4.369,0.246,7.902
img_001183.jpg,0,0,0.9999,0.211,0.004,0.03,3.886,0.667,4.334,0.24,9.599
img_001186.jpg,0,0,0.999,0.211,0.004,0.03,2.225,0.673,4.307,0.236,7.912
img_001189.jpg,0,0,0.9999,0.215,0.005,0.031,2.217,0.651,4.309,0.236,7.88
img_001192.jpg,0,0,0.9992,0.224,0.004,0.03,3.642,0.677,4.32,0.238,9.363
img_001195.jpg,0,0,0.9998,0.219,0.005,0.029,2.18,0.649,4.329,0.232,7.856
img_001198.jpg,0,0,0.9727,0.218,0.004,0.029,2.248,0.867,4.308,0.232,8.128
img_001201.jpg,0,0,0.996,0.218,0.004,0.031,3.44,0.657,4.31,0.235,9.122
img_001204.jpg,0,0,1.0,0.224,0.005,0.033,2.156,0.667,4.312,0.232,7.877
img_001207.jpg,0,0,1.0,0.219,0.004,0.032,2.202,0.654,4.317,0.233,7.877
img_001210.jpg,0,0,1.0,0.213,0.004,0.03,2.189,0.676,4.311,0.232,7.872
img_001213.jpg,0,0,1.0,0.254,0.004,0.029,2.131,0.651,4.359,0.225,7.872
img_001216.jpg,0,0,0.9998,0.214,0.004,0.032,2.445,0.64,4.323,0.234,8.113
img_001219.jpg,0,0,0.9997,0.217,0.004,0.032,3.468,1.374,4.326,0.234,9.918
img_001222.jpg,0,0,0.6248,0.209,0.004,0.028,2.339,0.644,4.343,0.248,8.035
img_001225.jpg,0,0,0.9996,0.217,0.004,0.032,2.344,0.687,4.314,0.234,8.056
img_001228.jpg,0,0,1.0,0.227,0.004,0.032,3.627,0.775,4.345,0.247,9.499
img_001231.jpg,0,0,0.9999,0.214,0.004,0.03,2.137,0.705,4.556,0.23,8.093
img_001234.jpg,0,0,0.9999,0.333,0.007,0.048,4.206,0.905,4.913,0.235,11.006
img_001237.jpg,0,0,0.9983,0.218,0.005,0.031,3.995,0.723,4.322,0.234,9.753
img_001240.jpg,0,0,0.9984,0.207,0.004,0.031,2.38,1.483,4.312,0.236,8.881
img_001243.jpg,0,0,0.9944,0.215,0.004,0.03,2.114,0.695,4.318,0.231,7.825
img_001246.jpg,0,0,0.846,0.213,0.004,0.03,2.137,0.661,4.326,0.234,7.823
img_001249.jpg,0,1,0.7493,0.212,0.004,0.032,2.165,0.643,4.318,0.235,7.829
img_001252.jpg,0,0,0.8673,0.215,0.004,0.032,2.121,0.721,4.302,0.23,7.839
img_001255.jpg,0,0,0.9078,0.224,0.004,0.033,3.394,0.685,4.313,0.234,9.127
img_001258.jpg,0,0,0.9907,0.217,0.004,0.03,2.14,0.684,4.319,0.23,7.846
img_001261.jpg,0,0,0.9998,0.216,0.004,0.032,2.541,0.649,4.31,0.237,8.213
img_001264.jpg,0,0,0.9995,0.215,0.004,0.03,3.499,0.657,4.319,0.235,9.188
img_001267.jpg,0,0,1.0,0.216,0.004,0.03,2.181,0.662,4.323,0.231,7.863
img_001270.jpg,0,0,0.9996,0.213,0.004,0.031,2.16,0.668,4.323,0.235,7.859
img_001273.jpg,0,0,1.0,0.222,0.004,0.03,3.593,0.663,4.318,0.23,9.287
img_001276.jpg,0,0,1.0,0.219,0.005,0.031,2.128,0.696,4.312,0.234,7.848
img_001279.jpg,0,0,1.0,0.216,0.005,0.033,2.483,0.653,4.378,0.236,8.225
img_001282.jpg,0,0,0.9996,0.22,0.005,0.031,2.136,0.717,4.317,0.233,7.875
img_001285.jpg,0,0,0.9999,0.215,0.004,0.031,2.159,0.65,4.295,0.231,7.806
img_001288.jpg,0,0,0.9999,0.212,0.004,0.029,2.126,0.653,4.36,0.289,7.888
img_001291.jpg,0,0,0.9999,0.211,0.005,0.03,3.429,0.65,4.316,0.237,9.137
img_001294.jpg,0,0,1.0,0.222,0.004,0.031,2.198,0.677,4.611,0.229,8.189
img_001297.jpg,0,0,0.9999,0.213,0.004,0.03,2.195,0.66,4.315,0.236,7.867
img_001300.jpg,0,0,0.7062,0.215,0.004,0.031,4.343,3.728,4.345,0.245,13.14
img_001303.jpg,0,0,0.9984,0.216,0.004,0.031,2.594,0.644,4.307,0.23,8.239
img_001306.jpg,0,0,0.9938,0.214,0.004,0.032,2.358,0.652,4.315,0.229,8.016
img_001309.jpg,0,0,0.9933,0.213,0.004,0.033,3.887,0.687,4.295,0.229,9.572
img_001312.jpg,0,0,0.9891,0.215,0.005,0.031,2.178,0.657,4.339,0.251,7.899
img_001315.jpg,0,0,0.9984,0.217,0.004,0.032,2.405,0.998,4.336,0.237,8.446
img_001318.jpg,0,0,0.9953,0.219,0.004,0.033,2.151,0.708,4.327,0.234,7.89
img_001321.jpg,0,0,0.9976,0.217,0.005,0.031,2.276,0.657,4.323,0.234,7.965
img_001324.jpg,0,0,0.9976,0.217,0.005,0.031,2.328,0.671,4.312,0.228,8.004
img_001327.jpg,0,0,0.9891,0.214,0.004,0.031,3.662,0.705,4.307,0.23,9.374
img_001330.jpg,0,0,0.9946,0.214,0.005,0.066,2.34,0.642,4.328,0.232,8.038
img_001333.jpg,0,0,0.9977,0.215,0.005,0.031,2.259,0.654,4.307,0.283,7.972
img_001336.jpg,0,0,0.9973,0.22,0.004,0.031,3.692,0.654,4.316,0.235,9.374
img_001339.jpg,0,0,0.997,0.217,0.004,0.033,2.242,0.639,4.553,0.231,8.137
img_001342.jpg,0,0,0.9955,0.27,0.005,0.031,2.131,0.633,4.295,0.228,7.802
img_001345.jpg,0,0,0.9989,0.22,0.004,0.03,3.809,0.643,4.31,0.231,9.471
img_001348.jpg,0,0,0.9981,0.254,0.004,0.032,2.156,0.654,4.607,0.248,8.171
img_001351.jpg,0,0,0.9974,0.41,0.006,0.046,3.637,0.693,4.349,0.239,9.605
img_001354.jpg,0,0,0.9958,0.212,0.004,0.029,2.348,0.992,4.346,0.229,8.377
img_001357.jpg,0,0,0.9917,0.214,0.004,0.03,2.193,0.627,4.339,0.251,7.873
img_001360.jpg,0,0,0.999,0.215,0.004,0.031,2.208,0.608,4.297,0.229,7.804
img_001363.jpg,0,0,0.9968,0.246,0.004,0.032,3.368,0.715,4.315,0.233,9.14
img_001366.jpg,0,0,0.9995,0.212,0.004,0.03,2.18,0.624,4.399,0.234,7.895
img_001369.jpg,0,0,0.9993,0.22,0.005,0.032,4.028,1.649,5.302,0.234,11.779
img_001372.jpg,0,0,0.9985,0.211,0.004,0.031,3.815,0.644,4.317,0.24,9.487
img_001375.jpg,0,0,0.9979,0.229,0.005,0.033,2.707,1.783,4.3,0.298,9.582
img_001378.jpg,0,0,0.999,0.213,0.004,0.032,2.169,0.659,4.307,0.229,7.826
img_001381.jpg,0,0,0.9983,0.222,0.004,0.033,3.353,0.693,4.334,0.24,9.132
img_001384.jpg,0,0,0.9995,0.217,0.004,0.028,2.347,0.676,4.302,0.232,8.022
img_001387.jpg,0,0,0.9997,0.215,0.004,0.031,2.219,0.634,4.305,0.237,7.863
img_001390.jpg,0,0,0.9884,0.211,0.004,0.03,2.16,0.62,4.302,0.233,7.77
img_001393.jpg,0,0,0.9993,0.216,0.004,0.03,2.219,0.643,4.552,0.234,8.111
img_001396.jpg,0,0,0.9995,0.215,0.005,0.028,2.59,0.622,4.311,0.232,8.219
img_001399.jpg,0,0,0.9998,0.216,0.004,0.031,3.531,0.653,4.323,0.229,9.214
img_001402.jpg,0,0,0.9999,0.211,0.005,0.031,2.284,0.671,4.567,0.237,8.228
img_001405.jpg,0,0,0.9998,0.214,0.004,0.03,2.189,0.637,4.353,0.233,7.875
img_001408.jpg,0,0,0.9998,0.221,0.004,0.033,3.418,0.649,4.308,0.229,9.09
img_001411.jpg,0,0,0.9998,0.212,0.004,0.03,2.19,1.384,4.295,0.232,8.56
img_001414.jpg,0,0,0.9998,0.222,0.004,0.031,2.156,0.646,4.31,0.232,7.861
img_001417.jpg,0,0,0.9993,0.211,0.004,0.029,3.631,0.648,4.345,0.293,9.386
img_001420.jpg,0,0,0.9994,0.212,0.004,0.031,2.39,0.646,4.57,0.228,8.301
img_001423.jpg,0,0,0.9988,0.219,0.005,0.03,2.176,0.651,4.358,0.229,7.878
img_001426.jpg,0,0,0.9997,0.214,0.004,0.031,2.185,0.638,4.299,0.226,7.812
img_001429.jpg,0,0,0.9996,0.209,0.004,0.029,2.196,0.625,4.558,0.233,8.066
img_001432.jpg,0,0,0.9997,0.209,0.004,0.028,2.4,0.644,4.305,0.241,8.044
img_001435.jpg,0,0,0.9996,0.218,0.004,0.032,3.77,0.674,4.569,0.24,9.733
img_001438.jpg,0,0,0.9981,0.251,0.004,0.032,2.169,0.653,4.306,0.23,7.851
img_001441.jpg,0,0,0.9992,0.214,0.004,0.028,2.169,0.639,4.341,0.254,7.864
img_001444.jpg,0,0,0.9992,0.213,0.004,0.057,5.358,0.663,4.314,0.234,11.071
img_001447.jpg,0,0,0.9975,0.213,0.004,0.032,2.456,1.047,4.329,0.233,8.539
img_001450.jpg,0,0,0.999,0.215,0.004,0.031,2.545,0.668,4.338,0.241,8.334
img_001453.jpg,0,0,0.9993,0.216,0.005,0.032,3.466,0.693,4.338,0.273,9.247
img_001456.jpg,0,0,0.9989,0.226,0.004,0.031,2.813,0.665,4.363,0.26,8.583
img_001459.jpg,0,0,0.9986,0.223,0.004,0.033,2.331,0.656,4.738,0.23,8.43
img_001462.jpg,0,0,0.9983,0.213,0.005,0.031,4.396,3.625,6.709,0.342,15.68
img_001465.jpg,0,0,0.9995,0.214,0.004,0.029,2.576,1.763,4.356,0.23,9.388
img_001468.jpg,0,0,0.9994,0.216,0.004,0.031,3.405,3.489,5.928,0.333,13.69
img_001471.jpg,0,0,0.9993,0.217,0.005,0.031,4.269,3.514,5.926,0.347,14.606
img_001474.jpg,0,0,0.9984,0.285,0.006,0.047,4.42,2.354,6.138,0.272,13.812
img_001477.jpg,0,0,0.9992,0.21,0.004,0.03,3.383,4.348,6.734,0.336,15.329
img_001480.jpg,0,0,0.99,0.213,0.004,0.03,5.682,3.406,6.18,0.337,16.143
img_001483.jpg,0,0,0.9948,0.217,0.004,0.032,2.731,2.001,4.371,0.248,9.866
img_001486.jpg,0,0,1.0,0.214,0.004,0.072,3.889,3.411,5.999,0.346,14.217
img_001489.jpg,0,0,0.9999,0.26,0.005,0.032,5.76,0.719,5.114,0.396,12.53
img_001492.jpg,0,0,1.0,0.211,0.004,0.03,2.472,0.663,4.319,0.241,8.163
img_001495.jpg,0,0,0.9997,0.358,0.004,0.032,2.329,0.673,4.586,0.232,8.435
img_001498.jpg,0,0,1.0,0.213,0.004,0.029,2.311,0.729,4.356,0.267,8.14
img_001501.jpg,0,0,0.9964,0.209,0.004,0.029,2.351,0.668,4.357,0.236,8.076
img_001504.jpg,0,0,0.9961,0.226,0.005,0.034,2.373,0.714,4.365,0.242,8.182
img_001507.jpg,0,0,0.9569,0.228,0.004,0.035,4.244,0.717,4.354,0.243,10.059
img_001510.jpg,0,0,0.997,0.221,0.005,0.034,2.554,0.763,4.346,0.243,8.398
img_001513.jpg,0,0,0.9971,0.225,0.004,0.034,2.387,0.721,4.355,0.241,8.196
img_001516.jpg,0,0,0.8119,0.228,0.005,0.033,4.339,0.699,4.359,0.247,10.145
img_001519.jpg,0,0,0.9968,0.216,0.004,0.03,2.407,0.691,4.32,0.237,8.13
img_001522.jpg,0,0,0.9933,0.224,0.004,0.032,2.289,0.796,4.322,0.236,8.139
img_001525.jpg,0,0,0.9957,0.217,0.004,0.03,4.231,0.69,4.398,0.253,10.054
img_001528.jpg,0,0,0.9193,0.218,0.004,0.032,2.371,0.68,4.324,0.234,8.091
img_001531.jpg,0,0,0.9998,0.215,0.004,0.03,2.367,0.796,4.324,0.233,8.19
img_001534.jpg,0,0,0.9826,0.214,0.004,0.03,2.361,0.687,4.323,0.238,8.083
img_001537.jpg,0,0,0.9944,0.218,0.004,0.031,2.407,0.665,4.326,0.234,8.149
img_001540.jpg,0,0,0.9972,0.221,0.004,0.031,2.471,0.729,4.32,0.237,8.242
img_001543.jpg,0,0,0.991,0.21,0.004,0.031,4.239,0.694,4.331,0.239,9.982
img_001546.jpg,0,0,1.0,0.223,0.004,0.03,2.319,0.686,4.322,0.237,8.074
img_001549.jpg,0,0,1.0,0.219,0.004,0.033,2.391,0.67,4.333,0.232,8.107
img_001552.jpg,0,1,0.5192,0.258,0.004,0.033,5.11,0.733,4.335,0.235,10.945
img_001555.jpg,0,1,0.8585,0.22,0.004,0.03,2.413,0.673,4.333,0.235,8.134
img_001558.jpg,0,0,0.6321,0.22,0.004,0.033,2.409,0.714,4.374,0.245,8.239
img_001561.jpg,0,0,0.6139,0.255,0.004,0.032,4.195,0.713,4.35,0.235,10.02
img_001564.jpg,0,0,1.0,0.223,0.005,0.031,2.346,0.734,4.409,0.243,8.22
img_001567.jpg,0,0,0.9995,0.23,0.005,0.034,2.397,0.693,4.355,0.24,8.184
img_001570.jpg,0,0,1.0,0.214,0.004,0.03,2.609,0.652,4.315,0.238,8.281
img_001573.jpg,0,0,1.0,0.218,0.005,0.031,2.543,0.717,4.318,0.235,8.293
img_001576.jpg,0,0,1.0,0.243,0.004,0.032,2.306,0.666,4.363,0.233,8.072
img_001579.jpg,0,0,0.9998,0.211,0.004,0.03,4.221,0.665,4.328,0.238,9.927
img_001582.jpg,0,0,0.9999,0.211,0.004,0.029,2.4,0.683,4.362,0.237,8.152
img_001585.jpg,0,0,0.9999,0.339,0.006,0.042,3.814,0.931,4.323,0.24,10.004
img_001588.jpg,0,0,1.0,0.214,0.004,0.031,4.882,0.721,4.338,0.282,10.705
img_001591.jpg,0,0,0.9999,0.217,0.005,0.031,2.36,0.765,4.33,0.235,8.163
img_001594.jpg,0,0,1.0,0.218,0.004,0.034,2.333,0.676,4.32,0.231,8.033
img_001597.jpg,0,0,1.0,0.223,0.004,0.034,4.196,0.723,4.335,0.238,9.989
img_001600.jpg,0,0,0.9999,0.223,0.004,0.031,2.362,0.669,4.354,0.239,8.108
img_001603.jpg,0,0,1.0,0.215,0.004,0.031,2.378,0.652,4.324,0.235,8.06
img_001606.jpg,0,1,0.8663,0.209,0.004,0.031,2.544,0.727,4.347,0.249,8.345
img_001609.jpg,0,0,0.9905,0.261,0.004,0.031,2.343,0.75,4.379,0.248,8.238
img_001612.jpg,0,0,0.9817,0.213,0.004,0.034,2.596,0.714,4.334,0.241,8.362
img_001615.jpg,0,0,0.9361,0.219,0.005,0.032,4.23,0.673,4.361,0.244,9.994
img_001618.jpg,0,0,0.9768,0.21,0.004,0.031,2.381,0.669,4.321,0.237,8.076
img_001621.jpg,0,0,0.9832,0.21,0.004,0.032,2.365,0.673,4.329,0.233,8.071
img_001624.jpg,0,0,0.9892,0.212,0.004,0.03,4.11,0.701,4.332,0.232,9.855
img_001627.jpg,0,0,0.7054,0.213,0.004,0.032,2.912,0.686,4.336,0.232,8.653
img_001630.jpg,0,0,0.9842,0.332,0.006,0.041,3.714,0.674,4.323,0.284,9.598
img_001633.jpg,0,0,0.9951,0.217,0.004,0.032,4.377,1.348,4.344,0.245,10.806
img_001636.jpg,0,0,0.9677,0.216,0.004,0.03,2.224,0.626,4.297,0.229,7.842
img_001639.jpg,0,0,0.9164,0.215,0.01,0.044,4.242,0.88,4.991,0.234,10.912
img_001642.jpg,0,0,0.9757,0.207,0.004,0.03,2.146,0.708,4.337,0.259,7.904
img_001645.jpg,0,0,0.5148,0.216,0.005,0.03,2.282,0.65,4.316,0.234,7.957
img_001648.jpg,0,0,0.6397,0.255,0.004,0.03,2.178,0.642,4.317,0.228,7.863
img_001651.jpg,0,0,0.8855,0.212,0.004,0.03,3.414,0.636,4.319,0.234,9.102
img_001654.jpg,0,0,0.9956,0.212,0.005,0.031,2.155,0.682,4.316,0.233,7.847
img_001657.jpg,0,0,0.9051,0.215,0.004,0.033,2.376,0.686,4.415,0.237,8.191
img_001660.jpg,0,0,0.9986,0.218,0.004,0.031,4.722,0.693,4.292,0.234,10.416
img_001663.jpg,0,0,0.9949,0.215,0.004,0.034,2.238,0.666,4.572,0.232,8.185
img_001666.jpg,0,0,0.9949,0.22,0.005,0.033,2.463,1.017,4.342,0.245,8.546
img_001669.jpg,0,0,0.9864,0.218,0.004,0.031,3.484,0.641,4.3,0.232,9.131
img_001672.jpg,0,0,0.9944,0.217,0.004,0.032,2.192,0.655,4.569,0.227,8.105
img_001675.jpg,0,0,0.9676,0.218,0.005,0.033,2.197,0.745,4.31,0.236,7.967
img_001678.jpg,0,0,0.8907,0.211,0.004,0.03,2.186,0.676,4.306,0.23,7.858
img_001681.jpg,0,0,0.9669,0.217,0.004,0.03,2.381,0.681,4.397,0.235,8.17
img_001684.jpg,0,0,0.9065,0.336,0.006,0.042,3.293,0.646,4.311,0.238,9.121
img_001687.jpg,0,0,0.9067,0.214,0.004,0.032,3.735,0.639,4.311,0.23,9.385
img_001690.jpg,0,0,0.9703,0.216,0.004,0.03,2.22,0.649,4.313,0.227,7.87
img_001693.jpg,0,0,1.0,0.22,0.004,0.032,3.531,0.87,5.699,0.232,10.882
img_001696.jpg,0,0,1.0,0.209,0.004,0.03,3.935,0.642,4.364,0.262,9.667
img_001699.jpg,0,0,1.0,0.218,0.004,0.03,2.226,0.65,4.302,0.234,7.881
img_001702.jpg,0,0,1.0,0.219,0.004,0.032,2.199,0.652,4.317,0.232,7.875
img_001705.jpg,0,0,1.0,0.221,0.005,0.03,3.675,0.723,4.321,0.235,9.425
img_001708.jpg,0,0,1.0,0.244,0.004,0.03,2.159,0.629,4.327,0.229,7.842
img_001711.jpg,0,0,1.0,0.265,0.005,0.031,2.35,0.662,4.354,0.281,8.16
img_001714.jpg,0,0,1.0,0.216,0.004,0.031,2.221,0.673,4.326,0.234,7.928
img_001717.jpg,0,0,1.0,0.216,0.004,0.035,2.183,0.666,4.567,0.232,8.116
img_001720.jpg,0,0,1.0,0.216,0.004,0.032,2.196,0.636,4.313,0.235,7.849
img_001723.jpg,0,0,1.0,0.213,0.004,0.029,3.905,0.654,4.305,0.233,9.566
img_001726.jpg,0,0,1.0,0.212,0.004,0.031,2.221,0.66,4.315,0.234,7.887
img_001729.jpg,0,0,1.0,0.339,0.007,0.044,3.782,0.751,4.305,0.24,9.694
img_001732.jpg,0,0,1.0,0.219,0.004,0.034,3.445,0.662,4.319,0.234,9.163
img_001735.jpg,0,0,1.0,0.218,0.004,0.031,2.298,0.64,4.325,0.241,7.978
img_001738.jpg,0,0,1.0,0.218,0.004,0.033,2.149,0.648,4.315,0.233,7.855
img_001741.jpg,0,0,1.0,0.217,0.004,0.029,3.417,0.657,4.327,0.232,9.106
img_001744.jpg,0,0,1.0,0.218,0.004,0.03,2.238,0.641,4.293,0.229,7.868
img_001747.jpg,0,0,1.0,0.22,0.004,0.031,2.176,0.644,4.312,0.229,7.831
img_001750.jpg,0,0,1.0,0.22,0.005,0.03,2.305,0.725,4.324,0.233,8.062
img_001753.jpg,0,0,1.0,0.21,0.004,0.033,2.211,0.622,4.304,0.229,7.819
img_001756.jpg,0,0,1.0,0.228,0.004,0.031,2.165,0.638,4.306,0.23,7.842
img_001759.jpg,0,0,1.0,0.223,0.005,0.033,4.632,0.673,4.369,0.237,10.402
img_001762.jpg,0,0,1.0,0.219,0.005,0.033,2.389,1.014,4.345,0.239,8.466
img_001765.jpg,0,0,1.0,0.215,0.004,0.031,2.208,0.66,4.304,0.225,7.859
img_001768.jpg,0,0,1.0,0.222,0.004,0.032,3.893,0.695,4.445,0.245,9.766
img_001771.jpg,0,0,1.0,0.259,0.005,0.033,2.207,0.678,4.397,0.239,8.06
img_001774.jpg,0,0,1.0,0.227,0.004,0.031,2.146,0.662,4.309,0.232,7.877
img_001777.jpg,0,0,1.0,0.215,0.004,0.033,3.502,0.646,4.309,0.233,9.169
img_001780.jpg,0,0,1.0,0.214,0.004,0.031,3.614,1.213,4.3,0.225,9.822
img_001783.jpg,0,0,1.0,0.209,0.004,0.032,2.196,0.652,4.276,0.228,7.81
img_001786.jpg,0,0,1.0,0.216,0.005,0.034,2.195,0.678,4.268,0.228,7.84
img_001789.jpg,0,0,1.0,0.208,0.004,0.029,2.114,0.674,4.299,0.219,7.752
img_001792.jpg,0,0,1.0,0.208,0.004,0.031,2.22,0.67,4.335,0.221,7.901
img_001795.jpg,0,0,1.0,0.197,0.005,0.031,2.129,0.662,4.235,0.211,7.671
img_001798.jpg,0,0,1.0,0.203,0.038,0.032,2.206,0.616,4.229,0.21,7.737
img_001801.jpg,0,0,1.0,0.216,0.004,0.031,2.143,0.641,4.262,0.222,7.728
img_001804.jpg,0,0,1.0,0.218,0.005,0.032,2.306,0.676,4.283,0.218,7.944
img_001807.jpg,0,0,1.0,0.209,0.005,0.031,2.147,0.658,4.264,0.222,7.747
img_001810.jpg,0,0,1.0,0.257,0.004,0.03,2.202,0.661,4.271,0.221,7.852
img_001813.jpg,0,0,1.0,0.218,0.004,0.033,2.137,0.666,4.271,0.217,7.785
img_001816.jpg,0,0,1.0,0.205,0.005,0.03,2.188,0.611,4.317,0.231,7.792
img_001819.jpg,0,0,1.0,0.21,0.005,0.03,2.264,0.635,4.267,0.22,7.849
img_001822.jpg,0,0,1.0,0.208,0.005,0.029,2.184,0.695,4.332,0.248,7.924
img_001825.jpg,0,0,1.0,0.283,0.005,0.029,2.177,0.625,4.367,0.229,7.921
img_001828.jpg,0,0,1.0,0.213,0.004,0.032,2.198,0.669,4.274,0.228,7.831
img_001831.jpg,0,0,1.0,0.204,0.004,0.029,2.17,0.621,4.255,0.23,7.718
img_001834.jpg,0,0,1.0,0.212,0.005,0.03,2.549,0.639,4.335,0.228,8.21
img_001837.jpg,0,0,0.9999,0.208,0.004,0.031,2.151,0.63,4.233,0.213,7.677
img_001840.jpg,0,0,1.0,0.2,0.005,0.026,2.106,0.644,4.268,0.211,7.658
img_001843.jpg,0,0,1.0,0.199,0.004,0.026,2.141,0.701,4.237,0.295,7.814
img_001846.jpg,0,0,1.0,0.213,0.005,0.032,2.145,0.65,4.332,0.229,7.815
img_001849.jpg,0,0,1.0,0.196,0.004,0.028,2.136,0.617,4.235,0.204,7.621
img_001852.jpg,0,0,1.0,0.199,0.004,0.028,2.099,0.671,4.285,0.207,7.701
img_001855.jpg,0,0,1.0,0.213,0.005,0.029,2.173,0.71,4.268,0.206,7.816
img_001858.jpg,0,0,1.0,0.212,0.005,0.028,2.557,0.697,4.313,0.24,8.268
img_001861.jpg,0,0,1.0,0.21,0.004,0.028,2.184,0.679,4.258,0.219,7.798
img_001864.jpg,0,0,1.0,0.205,0.005,0.03,2.164,0.677,4.27,0.221,7.781
img_001867.jpg,0,0,0.9996,0.204,0.004,0.032,2.168,0.661,4.272,0.225,7.775
img_001870.jpg,0,0,1.0,0.209,0.004,0.074,2.257,0.665,4.291,0.226,7.945
img_001873.jpg,0,0,1.0,0.21,0.004,0.028,2.253,0.666,4.271,0.217,7.861
img_001876.jpg,0,0,0.975,0.207,0.004,0.03,2.27,0.645,4.268,0.221,7.859
img_001879.jpg,0,0,0.9999,0.208,0.004,0.03,2.13,0.643,4.305,0.239,7.777
img_001882.jpg,0,0,0.9999,0.213,0.004,0.03,2.156,0.687,4.273,0.221,7.79
img_001885.jpg,0,0,0.9999,0.208,0.005,0.029,2.16,0.677,4.26,0.254,7.805
img_001888.jpg,0,0,1.0,0.21,0.005,0.029,2.198,0.669,4.258,0.22,7.796
img_001891.jpg,0,0,1.0,0.208,0.004,0.027,2.223,0.673,4.267,0.218,7.841
img_001894.jpg,0,0,0.9992,0.206,0.004,0.03,2.227,0.646,4.308,0.222,7.876
img_001897.jpg,0,0,1.0,0.215,0.004,0.03,2.332,0.663,4.252,0.221,7.927
img_001900.jpg,0,0,1.0,0.219,0.005,0.032,2.413,0.666,4.342,0.238,8.137
img_001903.jpg,0,0,1.0,0.207,0.004,0.028,2.335,0.652,4.314,0.217,7.973
img_001906.jpg,0,0,1.0,0.212,0.005,0.027,2.306,0.708,4.261,0.216,7.95
img_001909.jpg,0,0,1.0,0.206,0.005,0.028,2.445,0.695,4.269,0.222,8.089
img_001912.jpg,0,0,1.0,0.21,0.005,0.03,2.348,0.673,4.302,0.231,8.01
img_001915.jpg,0,0,1.0,0.21,0.005,0.031,2.375,0.683,4.275,0.219,8.018
img_001918.jpg,0,0,1.0,0.212,0.004,0.03,2.302,0.626,4.293,0.231,7.911
img_001921.jpg,0,0,1.0,0.211,0.004,0.03,2.376,0.68,4.296,0.233,8.048
img_001924.jpg,0,0,1.0,0.213,0.005,0.031,2.363,0.812,4.324,0.229,8.192
img_001927.jpg,0,0,1.0,0.195,0.004,0.029,2.15,0.602,4.243,0.246,7.677
img_001930.jpg,0,0,1.0,0.199,0.004,0.028,2.172,0.609,4.23,0.211,7.657
img_001933.jpg,0,0,1.0,0.207,0.005,0.027,2.241,0.638,4.316,0.244,7.884
img_001936.jpg,0,0,1.0,0.215,0.005,0.03,2.143,0.693,4.268,0.214,7.777
img_001939.jpg,0,0,1.0,0.216,0.005,0.028,3.445,3.434,5.274,0.37,13.077
img_001942.jpg,0,0,1.0,0.218,0.005,0.033,2.787,0.712,4.353,0.243,8.569
img_001945.jpg,0,0,1.0,0.21,0.004,0.029,2.149,0.673,4.284,0.223,7.786
img_001948.jpg,0,0,1.0,0.211,0.004,0.029,2.096,0.717,4.279,0.225,7.774
img_001951.jpg,0,0,1.0,0.251,0.005,0.031,2.085,0.662,4.271,0.214,7.729
img_001954.jpg,0,0,1.0,0.2,0.005,0.027,2.11,0.642,4.253,0.216,7.659
img_001957.jpg,0,0,1.0,0.25,0.004,0.028,2.068,0.634,4.26,0.214,7.668
img_001960.jpg,0,0,1.0,0.206,0.004,0.029,2.076,0.669,4.288,0.236,7.71
img_001963.jpg,0,0,1.0,0.209,0.005,0.028,2.266,0.668,4.273,0.227,7.898
img_001966.jpg,0,0,1.0,0.215,0.005,0.03,2.137,0.656,4.255,0.218,7.722
img_001969.jpg,0,0,1.0,0.209,0.005,0.03,2.739,0.682,4.264,0.217,8.36
img_001972.jpg,0,0,1.0,0.214,0.005,0.028,2.196,0.685,4.288,0.223,7.856
img_001975.jpg,0,0,1.0,0.211,0.004,0.028,2.111,0.918,4.264,0.215,7.958
img_001978.jpg,0,0,1.0,0.213,0.004,0.03,2.136,0.676,4.279,0.216,7.763
img_001981.jpg,0,0,1.0,0.211,0.004,0.028,2.099,0.686,4.308,0.221,7.766
img_001984.jpg,0,0,1.0,0.21,0.005,0.03,2.154,0.643,4.31,0.232,7.795
img_001987.jpg,0,0,1.0,0.202,0.005,0.027,2.148,0.655,4.265,0.22,7.731
img_001990.jpg,0,0,1.0,0.206,0.005,0.026,2.238,0.654,4.246,0.223,7.806
img_001993.jpg,0,0,1.0,0.195,0.004,0.028,2.266,0.652,4.309,0.229,7.892
img_001996.jpg,0,0,1.0,0.208,0.005,0.029,2.101,0.672,4.249,0.208,7.675
img_001999.jpg,0,0,1.0,0.21,0.005,0.031,2.159,0.662,4.249,0.207,7.728
img_002002.jpg,0,0,1.0,0.199,0.005,0.028,2.12,0.634,4.247,0.215,7.652
img_002005.jpg,0,0,1.0,0.198,0.005,0.026,2.162,0.653,4.233,0.21,7.699
img_002008.jpg,0,0,1.0,0.207,0.005,0.027,2.143,0.623,4.25,0.216,7.677
img_002011.jpg,0,0,1.0,0.204,0.005,0.026,2.122,0.642,4.243,0.207,7.65
img_002014.jpg,0,0,1.0,0.214,0.004,0.025,2.072,0.655,4.313,0.21,7.702
img_002017.jpg,0,0,1.0,0.2,0.005,0.026,2.076,0.691,4.236,0.214,7.655
img_002020.jpg,0,0,1.0,0.209,0.005,0.029,3.131,2.314,5.538,0.366,11.885
img_002023.jpg,0,0,1.0,0.203,0.004,0.029,2.169,0.604,4.296,0.22,7.719
img_002026.jpg,0,0,1.0,0.21,0.005,0.032,2.35,0.715,4.299,0.207,8.029
img_002029.jpg,0,0,1.0,0.207,0.004,0.031,2.307,0.644,4.259,0.226,7.889
img_002032.jpg,0,0,1.0,0.205,0.004,0.03,2.412,0.68,4.276,0.224,8.041
img_002035.jpg,0,0,1.0,0.214,0.004,0.028,2.199,0.667,4.271,0.218,7.81
img_002038.jpg,0,0,1.0,0.218,0.005,0.03,2.458,0.663,4.257,0.223,8.064
img_002041.jpg,0,0,1.0,0.208,0.004,0.028,2.222,0.667,4.259,0.222,7.817
img_002044.jpg,0,0,1.0,0.203,0.005,0.03,2.42,0.675,4.266,0.22,8.031
img_002047.jpg,0,0,1.0,0.21,0.004,0.027,2.23,0.653,4.274,0.217,7.824
img_002050.jpg,0,0,1.0,0.206,0.005,0.03,2.298,1.001,4.34,0.23,8.322
img_002053.jpg,0,0,1.0,0.2,0.005,0.028,2.179,0.633,4.293,0.232,7.767
img_002056.jpg,0,0,1.0,0.202,0.004,0.029,2.442,0.674,4.352,0.215,8.127
img_002059.jpg,0,0,1.0,0.279,0.007,0.045,2.437,0.932,6.636,0.341,11.102
img_002062.jpg,0,0,1.0,0.215,0.004,0.029,2.179,0.632,4.24,0.218,7.757
img_002065.jpg,0,0,1.0,0.203,0.004,0.03,2.26,0.61,4.228,0.212,7.743
img_002068.jpg,0,0,1.0,0.275,0.006,0.043,3.246,2.188,5.913,0.218,12.187
img_002071.jpg,0,0,1.0,0.203,0.004,0.027,2.319,0.633,4.229,0.212,7.839
img_002074.jpg,0,0,1.0,0.206,0.004,0.029,2.23,0.63,4.341,0.232,7.876
img_002077.jpg,0,0,1.0,0.206,0.004,0.082,2.208,0.647,4.248,0.217,7.813
img_002080.jpg,0,0,1.0,0.209,0.005,0.031,2.304,0.676,4.259,0.223,7.91
img_002083.jpg,0,0,1.0,0.208,0.004,0.031,2.201,0.662,4.329,0.222,7.86
img_002086.jpg,0,0,1.0,0.212,0.005,0.03,3.317,0.609,4.242,0.215,8.829
img_002089.jpg,0,0,1.0,0.201,0.004,0.03,2.171,0.614,4.234,0.214,7.659
img_002092.jpg,0,0,1.0,0.214,0.004,0.033,2.301,0.667,4.336,0.238,8.0
img_002095.jpg,0,0,1.0,0.213,0.005,0.029,2.282,0.644,4.256,0.223,7.857
img_002098.jpg,0,0,1.0,0.202,0.004,0.029,2.248,0.648,4.274,0.254,7.861
img_002101.jpg,0,0,1.0,0.217,0.005,0.032,2.311,0.673,4.319,0.232,7.998
img_002104.jpg,0,0,1.0,0.209,0.004,0.031,2.435,0.643,4.306,0.229,8.066
img_002107.jpg,0,0,1.0,0.202,0.004,0.029,2.532,0.623,4.237,0.212,8.043
img_002110.jpg,0,0,1.0,0.205,0.004,0.029,2.246,0.773,4.249,0.219,7.92
img_002113.jpg,0,0,1.0,0.196,0.005,0.029,2.476,0.61,4.232,0.206,7.953
img_002116.jpg,0,0,1.0,0.199,0.005,0.029,2.287,0.991,4.249,0.217,8.179
img_002119.jpg,0,0,1.0,0.285,0.006,0.045,5.158,3.689,4.851,0.226,14.567
img_002122.jpg,0,0,1.0,0.199,0.004,0.029,2.523,0.653,4.32,0.231,8.178
img_002125.jpg,0,0,1.0,0.209,0.005,0.029,2.221,0.657,4.307,0.229,7.879
img_002128.jpg,0,0,1.0,0.208,0.005,0.029,2.132,0.673,4.378,0.267,7.905
img_002131.jpg,0,0,1.0,0.209,0.005,0.033,2.341,0.681,4.382,0.25,8.113
img_002134.jpg,0,0,1.0,0.213,0.005,0.029,2.184,0.692,4.306,0.226,7.868
img_002137.jpg,0,0,1.0,0.207,0.005,0.027,2.171,0.679,4.279,0.227,7.81
img_002140.jpg,0,0,1.0,0.211,0.004,0.03,2.132,0.824,4.289,0.269,7.97
img_002143.jpg,0,0,1.0,0.215,0.005,0.031,2.385,0.751,4.301,0.226,8.131
img_002146.jpg,0,0,1.0,0.22,0.004,0.03,3.664,0.821,5.694,0.382,11.11
img_002149.jpg,0,0,1.0,0.215,0.004,0.031,2.631,0.667,4.323,0.235,8.354
img_002152.jpg,0,0,1.0,0.21,0.004,0.028,2.949,0.652,4.285,0.225,8.565
img_002155.jpg,0,0,1.0,0.213,0.005,0.03,2.3,0.621,4.297,0.229,7.901
img_002158.jpg,0,0,1.0,0.223,0.005,0.033,2.208,0.645,4.332,0.237,7.888
img_002161.jpg,0,0,1.0,0.219,0.005,0.031,2.178,0.769,4.32,0.237,7.968
img_002164.jpg,0,0,1.0,0.216,0.005,0.033,2.308,0.626,4.327,0.24,7.96
img_002167.jpg,0,0,1.0,0.211,0.005,0.03,2.149,0.635,4.269,0.234,7.74
img_002170.jpg,0,0,1.0,0.208,0.004,0.032,2.169,0.685,4.307,0.221,7.834
img_002173.jpg,0,0,1.0,0.211,0.005,0.03,2.135,0.837,4.272,0.219,7.921
img_002176.jpg,0,0,1.0,0.211,0.005,0.03,2.287,0.647,4.27,0.224,7.883
img_002179.jpg,0,0,1.0,0.212,0.005,0.03,2.164,0.642,4.26,0.218,7.732
img_002182.jpg,0,0,1.0,0.205,0.004,0.029,2.167,0.618,4.306,0.23,7.766
img_002185.jpg,0,0,1.0,0.208,0.005,0.029,2.114,0.814,4.256,0.215,7.843
img_002188.jpg,0,0,1.0,0.213,0.005,0.034,2.152,0.655,4.359,0.262,7.889
img_002191.jpg,0,0,1.0,0.213,0.004,0.03,2.129,0.699,4.277,0.23,7.784
img_002194.jpg,0,0,1.0,0.213,0.005,0.032,2.477,0.636,4.316,0.239,8.126
img_002197.jpg,0,0,1.0,0.211,0.004,0.03,2.377,0.617,4.248,0.215,7.906
img_002200.jpg,0,0,1.0,0.218,0.004,0.033,2.366,0.649,4.314,0.24,8.034
img_002203.jpg,0,0,1.0,0.217,0.004,0.029,2.136,0.623,4.298,0.223,7.735
img_002206.jpg,0,0,1.0,0.209,0.004,0.033,2.245,0.658,4.265,0.22,7.844
img_002209.jpg,0,0,1.0,0.242,0.005,0.03,2.329,0.618,4.309,0.231,7.967
img_002212.jpg,0,0,1.0,0.205,0.004,0.029,2.151,0.614,4.262,0.226,7.686
img_002215.jpg,0,0,1.0,0.205,0.005,0.028,2.306,0.625,4.244,0.215,7.831
img_002218.jpg,0,0,1.0,0.201,0.005,0.031,3.124,3.268,5.658,0.356,12.932
img_002221.jpg,0,0,1.0,0.212,0.005,0.032,2.245,0.636,4.382,0.227,7.945
img_002224.jpg,0,0,1.0,0.21,0.004,0.029,2.229,0.674,4.238,0.214,7.801
img_002227.jpg,0,0,1.0,0.204,0.004,0.025,2.216,0.608,4.246,0.211,7.748
img_002230.jpg,0,0,1.0,0.215,0.004,0.033,2.293,0.634,4.333,0.247,7.966
img_002233.jpg,0,0,1.0,0.212,0.005,0.031,2.239,0.597,4.31,0.215,7.799
img_002236.jpg,0,0,1.0,0.204,0.005,0.027,2.311,0.633,4.653,0.212,8.249
img_002239.jpg,0,0,1.0,0.209,0.004,0.031,3.842,0.892,5.386,0.342,11.004
img_002242.jpg,0,0,1.0,0.213,0.004,0.031,2.545,0.699,4.261,0.218,8.184
img_002245.jpg,0,0,1.0,0.212,0.005,0.031,2.34,0.706,4.319,0.235,8.066
img_002248.jpg,0,0,1.0,0.21,0.005,0.031,2.148,0.662,4.263,0.226,7.753
img_002251.jpg,0,0,1.0,0.214,0.004,0.03,2.277,0.683,4.39,0.228,8.036
img_002254.jpg,0,0,1.0,0.21,0.005,0.03,2.497,0.691,4.332,0.244,8.227
img_002257.jpg,0,0,1.0,0.205,0.005,0.029,2.306,0.67,4.283,0.219,7.929
img_002260.jpg,0,0,1.0,0.216,0.005,0.029,2.292,0.681,4.292,0.227,7.958
img_002263.jpg,0,0,1.0,0.211,0.005,0.029,2.267,0.67,4.334,0.245,7.974
img_002266.jpg,0,0,1.0,0.21,0.004,0.032,2.376,0.67,4.332,0.236,8.082
img_002269.jpg,0,0,1.0,0.214,0.004,0.031,2.315,0.695,4.349,0.234,8.065
img_002272.jpg,0,0,1.0,0.218,0.005,0.03,2.234,0.764,4.316,0.232,8.023
img_002275.jpg,0,0,1.0,0.21,0.004,0.03,2.127,0.681,4.364,0.234,7.869
img_002278.jpg,0,0,1.0,0.203,0.005,0.029,2.282,0.639,4.267,0.219,7.855
img_002281.jpg,0,0,1.0,0.217,0.004,0.033,2.273,0.709,4.298,0.234,7.986
img_002284.jpg,0,0,1.0,0.211,0.005,0.033,2.199,0.689,4.341,0.237,7.938
img_002287.jpg,0,0,1.0,0.259,0.004,0.03,2.096,0.685,4.328,0.237,7.858
img_002290.jpg,0,0,1.0,0.207,0.005,0.03,2.304,0.641,4.32,0.237,7.955
img_002293.jpg,0,0,1.0,0.211,0.004,0.028,2.169,0.661,4.314,0.231,7.833
img_002296.jpg,0,0,1.0,0.215,0.005,0.032,2.09,0.701,4.369,0.231,7.857
img_002299.jpg,0,0,1.0,0.207,0.004,0.032,2.193,0.685,4.321,0.232,7.893
img_002302.jpg,0,0,1.0,0.218,0.005,0.035,2.157,0.682,4.385,0.238,7.942
img_002305.jpg,0,0,1.0,0.213,0.005,0.033,2.238,0.688,4.368,0.226,7.995
img_002308.jpg,0,0,1.0,0.209,0.004,0.03,2.339,0.707,4.308,0.232,8.043
img_002311.jpg,0,0,1.0,0.209,0.004,0.078,2.093,0.679,4.258,0.219,7.753
img_002314.jpg,0,0,1.0,0.213,0.004,0.033,3.818,0.673,4.264,0.211,9.432
img_002317.jpg,0,0,1.0,0.209,0.005,0.03,2.18,0.621,4.293,0.228,7.773
img_002320.jpg,0,0,1.0,0.203,0.004,0.028,3.927,0.849,6.037,0.324,11.655
img_002323.jpg,0,0,0.9999,0.209,0.005,0.028,2.362,0.618,4.222,0.206,7.843
img_002326.jpg,0,0,1.0,0.202,0.004,0.027,2.23,0.586,4.392,0.21,7.838
img_002329.jpg,0,0,0.9999,0.198,0.004,0.03,2.396,0.588,4.228,0.21,7.844
img_002332.jpg,0,0,1.0,0.199,0.004,0.027,2.302,0.602,4.233,0.204,7.772
img_002335.jpg,0,0,1.0,0.202,0.004,0.03,2.53,0.536,4.267,0.269,8.034
img_002338.jpg,0,0,1.0,0.213,0.004,0.03,2.527,0.751,4.288,0.231,8.248
img_002341.jpg,0,0,1.0,0.2,0.003,0.03,2.182,0.652,4.236,0.211,7.707
img_002344.jpg,0,0,1.0,0.211,0.004,0.029,2.247,0.826,4.284,0.227,8.027
img_002347.jpg,0,0,1.0,0.204,0.003,0.027,2.453,0.603,4.241,0.223,7.948
img_002350.jpg,0,0,1.0,0.213,0.004,0.032,2.266,0.632,4.259,0.219,7.827
img_002353.jpg,0,0,1.0,0.201,0.004,0.029,2.477,0.7,4.238,0.244,8.089
img_002356.jpg,0,0,1.0,0.202,0.004,0.028,2.437,0.607,4.231,0.212,7.917
img_002359.jpg,0,0,1.0,0.205,0.005,0.028,2.568,0.689,4.24,0.206,8.139
img_002362.jpg,0,0,1.0,0.208,0.004,0.028,2.26,0.606,4.364,0.223,7.886
img_002365.jpg,0,0,1.0,0.205,0.005,0.03,2.301,0.597,4.294,0.222,7.857
img_002368.jpg,0,0,1.0,0.29,0.006,0.044,2.689,0.831,6.185,0.307,10.618
img_002371.jpg,0,0,1.0,0.206,0.005,0.031,2.304,0.605,4.294,0.231,7.876
img_002374.jpg,0,0,1.0,0.199,0.004,0.028,2.628,0.604,4.244,0.22,8.126
img_002377.jpg,0,0,1.0,0.206,0.004,0.028,2.252,0.605,4.305,0.247,7.841
img_002380.jpg,0,0,1.0,0.215,0.004,0.031,2.493,0.613,4.292,0.228,8.079
img_002383.jpg,0,0,1.0,0.208,0.004,0.027,2.193,1.007,4.231,0.208,8.07
img_002386.jpg,0,0,1.0,0.21,0.004,0.032,2.258,0.611,4.325,0.218,7.863
img_002389.jpg,0,0,1.0,0.215,0.004,0.032,2.276,0.627,4.337,0.228,7.917
img_002392.jpg,0,0,1.0,0.208,0.005,0.028,2.359,0.602,4.278,0.214,7.897
img_002395.jpg,0,0,1.0,0.2,0.004,0.029,2.453,0.973,4.238,0.257,8.354
