image,true_label,pred_label,confidence,input_and_metadata_ms,region_validation_ms,crop_extraction_ms,resize_and_preprocess_ms,batch_construction_ms,model_inference_ms,majority_vote_ms,total_ms
000100_jpg.rf.b9abbec7835be9b7af3255ec7de479b4.jpg,1,1,1.0,0.236,0.005,0.062,4.558,3.776,94.552,2.095,106.568
000106_jpg.rf.d783e3399a465553a2d64a2fdf856b58.jpg,1,1,1.0,0.264,0.006,0.076,4.394,2.386,90.759,4.23,103.698
000122_jpg.rf.685247eff0089580ae34288d200bca60.jpg,1,1,1.0,0.282,0.005,0.083,2.752,1.149,78.069,2.814,86.855
000129_jpg.rf.1f7c6cdf791de28bd3047472f5cb81c0.jpg,1,1,1.0,0.28,0.007,0.082,3.02,1.47,84.339,2.335,93.143
0055_jpg.rf.27fcabff916e3c0a3c186b32e38c9bcb.jpg,1,1,1.0,0.352,0.007,0.085,7.921,1.289,89.158,2.436,102.902
0069_jpg.rf.3d3c857eeaa88262c5734a554e694ef8.jpg,1,1,0.9996,0.287,0.006,0.084,8.812,7.809,74.99,2.15,95.91
0072_JPG_jpg.rf.d908a526ab722d943ae9135038599403.jpg,1,1,0.9996,0.285,0.007,0.083,13.604,3.186,75.57,2.032,96.482
0078_jpg.rf.def69482d9336c1f87fd7079adcb128c.jpg,1,1,1.0,0.286,0.006,0.081,8.848,3.158,75.184,2.192,91.475
0087_jpg.rf.73a59d5017c86e0586dcd1846ce1a577.jpg,1,0,0.6475,0.283,0.006,0.08,8.71,6.897,76.011,2.843,96.48
00980a5f319aec67_jpg.rf.4a7cfb0872fa8b4d3544baa813037767.jpg,1,1,1.0,0.29,0.007,0.082,9.59,4.921,96.553,2.572,115.397
0102_jpg.rf.b837d47356ab66b942bdeba9789c801d.jpg,1,1,1.0,0.278,0.004,0.058,10.914,7.193,113.402,3.498,136.881
0104_jpg.rf.62081790a572d1597614d2a377d86120.jpg,1,1,0.9926,0.259,0.005,0.064,12.94,6.815,127.225,2.223,150.839
0108_JPG_jpg.rf.907172095d8ea1b5aee299d4fe594bfd.jpg,1,1,1.0,0.239,0.004,0.055,6.616,8.919,132.235,4.016,153.517
0114_JPG_jpg.rf.46865d77e690576f51beda45fc1323e5.jpg,1,1,1.0,0.224,0.005,0.054,7.889,10.261,131.745,3.313,154.836
0120_jpg.rf.ce7f743a54e5498046c73abc6708e7b8.jpg,1,1,1.0,0.228,0.004,0.053,7.817,6.363,119.726,5.701,141.237
0124_jpg.rf.5cf1908fe01f9f58f734291927f1b825.jpg,1,1,0.9999,0.286,0.006,0.085,8.137,8.035,121.046,2.307,141.506
0126_jpg.rf.bb7bb7faa3aa843d47baae21384b09ea.jpg,1,1,1.0,0.289,0.006,0.083,10.271,7.905,114.008,3.845,137.728
0136_jpg.rf.2d23301b97107c59f7b36371917ba294.jpg,1,1,0.9934,0.315,0.006,0.088,12.699,5.423,111.213,4.865,135.894
0144_jpg.rf.74d1dcf2b7435a387ba91987f9ed6a9e.jpg,1,1,1.0,0.319,0.008,0.086,9.251,8.302,113.042,3.004,135.403
0151_jpg.rf.9fb58f2274367074d0c4790d042245f8.jpg,1,1,1.0,0.292,0.006,0.08,8.542,4.379,107.11,4.996,127.162
0154_jpg.rf.1318d68d09c8d28493c259414f646c81.jpg,1,1,0.9999,0.514,0.006,0.138,9.657,6.696,113.877,3.362,135.615
0158_jpg.rf.fb31e080ebfbb0148fd45e40e97fe9f3.jpg,1,1,0.921,0.298,0.007,0.082,3.515,4.952,107.778,3.012,121.372
0182_jpg.rf.3fa348b10486b1b2532eef7baee08b8f.jpg,1,1,1.0,0.26,0.005,0.072,6.622,6.033,103.45,2.211,120.248
0191_jpg.rf.7c32bb9ac150546353a84b012642d0ec.jpg,1,1,1.0,0.216,0.004,0.052,7.356,6.521,92.066,2.149,109.716
0198_jpg.rf.522b47402716aaeb4584fdcef423a3a6.jpg,1,1,1.0,0.232,0.006,0.058,6.657,4.544,82.921,2.293,98.321
0cd656f34b9411f3_jpg.rf.38a8569158615277650f64c2deeccee2.jpg,1,1,1.0,0.291,0.006,0.08,8.863,5.756,75.169,2.218,94.082
1032_jpg.rf.7ea91ad55b28432680f30028bcae81af.jpg,1,1,1.0,0.291,0.007,0.085,11.296,6.158,76.069,2.389,97.975
1055_jpg.rf.4198df7717c170954db166cd9e0294c0.jpg,1,1,1.0,0.288,0.006,0.083,10.57,6.469,81.72,2.87,103.943
105_jpg.rf.3f1b6cb3a2423b581ca0f93a0597b429.jpg,1,1,1.0,0.31,0.006,0.084,7.793,6.023,75.872,2.296,94.089
1074_jpg.rf.2851e8ff77fc20103551455f9f8147b8.jpg,1,1,1.0,0.291,0.006,0.082,6.902,5.94,80.174,2.271,97.384
110-Copy_jpg.rf.0159da86443c765ccb6db90de4c530fd.jpg,1,1,1.0,0.302,0.006,0.086,11.255,11.444,76.636,2.49,103.736
1121_jpg.rf.116023e03d1365fa8d5e81559567afbc.jpg,1,1,1.0,0.211,0.005,0.051,2.948,1.099,77.544,2.398,85.687
114_jpg.rf.d65f90e187e9c990e0e5e1dd5b5e4fa0.jpg,1,1,1.0,0.249,0.005,0.061,12.902,10.093,85.387,3.152,113.794
1166322674_jpg.rf.74031b8975b082982fa7618e45798c69.jpg,1,1,1.0,0.237,0.005,0.063,15.169,4.689,75.667,1.961,99.187
1196_jpg.rf.13d20ae4aeee6f25d95cb660cd9fd1bd.jpg,1,1,1.0,0.278,0.006,0.077,7.185,6.924,90.63,2.188,109.104
1206_jpg.rf.762ce4cc051eb29b18bbd01ff52c17f3.jpg,1,1,1.0,0.288,0.006,0.082,9.384,7.345,96.511,3.557,118.895
12159657704_jpg.rf.5b8b17269ec23ff1d5918010bf391672.jpg,1,1,1.0,0.276,0.006,0.074,7.754,9.995,75.834,2.002,97.315
12159949866_jpg.rf.4a0abca0737915a60f3e73147e124b8e.jpg,1,1,1.0,0.289,0.006,0.081,13.155,6.729,96.206,3.575,121.645
12243391985_jpg.rf.5e82272ba1916ef9b9230e93831cfe4f.jpg,1,1,1.0,0.215,0.004,0.053,10.977,12.535,112.517,5.022,143.126
123371157_jpg.rf.07c87ee9e0ce45ec33a06d514faf24b5.jpg,1,1,1.0,0.213,0.005,0.049,8.006,8.084,91.8,2.745,112.572
1287_jpg.rf.e897e74faca777494e1eb5a3bec66499.jpg,1,1,1.0,0.224,0.005,0.054,11.71,6.099,119.319,2.239,140.97
1296_jpg.rf.96634b9f19015808e35726496d1f56af.jpg,1,1,1.0,0.277,0.007,0.075,14.441,7.817,118.285,2.936,145.552
1377_jpg.rf.785de127a3f0a49cca033e341d6cf77f.jpg,1,1,1.0,0.294,0.006,0.079,11.049,10.823,115.457,6.403,145.847
1387782294_jpg.rf.80a7b6e2b8dc1ea60f56179f53d1a8fc.jpg,1,1,1.0,0.252,0.006,0.069,13.256,7.285,75.19,2.123,99.515
13_jpg.rf.52bb6e79f56bf3503c29c9c9901a2af2.jpg,1,1,1.0,0.211,0.004,0.055,6.181,2.098,81.598,2.15,93.81
140787120_jpg.rf.e44c37b83983b2c8ac4762eb222dee30.jpg,1,1,1.0,0.222,0.005,0.05,3.722,1.284,85.989,2.298,94.972
14192798397_jpg.rf.a91f2e22fe8ec5e989d108a0ff72b85a.jpg,1,1,1.0,0.266,0.006,0.074,12.168,6.965,120.883,3.037,145.012
14221560280_jpg.rf.c55e3f226e4adfeb4ccb5185dba5e8e3.jpg,1,1,1.0,0.224,0.005,0.051,10.746,6.039,125.441,2.238,146.015
14559452415_jpg.rf.b9cfbfcd1d8963d11a9f3919c2e7106e.jpg,1,1,1.0,0.261,0.006,0.146,6.828,5.325,126.231,2.558,142.629
14789934662_jpg.rf.638c70a88899b72c7a30127965eacedc.jpg,1,1,1.0,0.249,0.006,0.069,9.749,5.41,75.474,2.305,94.499
14_jpg.rf.5d34c6aeb4d20f58f3152b50e566d1ef.jpg,1,1,1.0,0.227,0.004,0.058,15.588,4.038,89.396,2.582,113.618
15_jpg.rf.80d99efd98b1fa22a347b246685edc04.jpg,1,1,1.0,0.279,0.006,0.084,8.9,5.951,75.807,2.365,94.675
184825608_jpg.rf.c66de6cebba90e65fd179d01eb93daee.jpg,1,1,1.0,0.288,0.007,0.084,8.827,6.677,91.476,2.687,111.701
188459303_jpg.rf.35fa6224d19ac13d64310dbf0a3fbd01.jpg,1,1,1.0,0.29,0.006,0.086,5.477,1.187,106.524,2.497,117.759
2172418353_jpg.rf.8597ca8fb045ac3c3af2e676e316fe32.jpg,1,1,1.0,0.288,0.006,0.081,4.883,3.675,108.71,2.815,122.199
2356652536_jpg.rf.b9e062a5936867903ec57b15160668c5.jpg,1,1,1.0,0.265,0.005,0.053,6.539,5.633,109.804,1.77,125.315
235699068_jpg.rf.74d8a0277291b4300ee01caecaf00a9d.jpg,1,1,0.6673,0.341,0.004,0.053,3.843,1.076,103.897,1.998,112.76
236347636_jpg.rf.facf0303c8916f53e385483219e0c79d.jpg,1,1,1.0,0.25,0.004,0.054,11.815,3.451,74.343,2.04,93.534
240267682_jpg.rf.a8cae3bf8533303c44ee066b335d204c.jpg,1,1,1.0,0.287,0.006,0.083,8.93,5.046,81.937,2.229,100.323
241_jpg.rf.20848b48d20f72c1599e178a0c37b2e2.jpg,1,1,1.0,0.291,0.007,0.082,3.158,1.146,77.4,2.21,85.966
24280138_jpg.rf.041aba704bbd38a2a7fa454c4175c413.jpg,1,1,1.0,0.292,0.006,0.083,11.891,5.843,79.488,3.705,102.753
24_jpg.rf.4eeebf786995f5d50a4fad401166ab75.jpg,1,1,1.0,0.288,0.006,0.081,7.405,5.921,74.987,2.534,92.887
26443367_jpg.rf.7277dcd9ef9f6a05face232ed89e9dc6.jpg,1,1,0.9996,0.288,0.007,0.083,6.782,4.358,75.676,2.232,91.086
2690384877_jpg.rf.acc1fc2d68264d23341c8b18c0bc5e65.jpg,1,1,1.0,0.284,0.006,0.087,5.752,6.994,79.121,6.895,101.008
2755519589_jpg.rf.49783317199f882c67432f40e3c31839.jpg,1,1,0.9993,0.328,0.007,0.083,10.243,5.963,76.809,2.479,97.39
277818489_jpg.rf.dcf3f1d1215d9ddcab0b0aaa5ad483e1.jpg,1,1,0.9973,0.287,0.007,0.078,7.025,6.394,88.999,2.491,106.955
2790580535_jpg.rf.2902f79606fff2e78f5d9236c82dc0d3.jpg,1,1,1.0,0.288,0.006,0.083,9.124,5.858,75.183,2.186,94.414
2791429890_jpg.rf.c21a62fa5e78949618e38e7b3cf56dec.jpg,1,1,0.996,0.293,0.005,0.086,9.894,5.954,91.54,2.526,112.002
28460392672_b45947296a_o_jpg.rf.2502d5e3450c2d89459d210f36cabd01.jpg,1,1,1.0,0.288,0.006,0.083,7.841,6.02,82.019,2.533,100.524
286329704_jpg.rf.6b5aab987e2e6629adb076753d6a3485.jpg,1,1,1.0,0.389,0.004,0.055,11.051,7.782,75.783,2.224,99.48
29_jpg.rf.8f407c2e10859f8e40d5cce342fbe733.jpg,1,1,1.0,0.293,0.006,0.118,3.878,4.366,79.893,2.538,92.795
2d30fdc58f112046_jpg.rf.bab537b27479b067ab1c63d28b637868.jpg,1,1,1.0,0.293,0.006,0.081,2.871,1.482,77.05,2.174,85.604
304_jpg.rf.ec2d7448464e65f85a1e10bcdd886480.jpg,1,1,1.0,0.293,0.007,0.081,2.792,1.318,78.448,2.738,87.32
30_jpg.rf.1a1d6be0c5bd773c9d9e11c22e81c4aa.jpg,1,1,1.0,0.211,0.004,0.053,2.745,1.224,77.972,2.193,86.031
31_jpg.rf.a846d18f3e34d71d9a71eb8e431f8530.jpg,1,1,1.0,0.287,0.007,0.084,4.181,1.377,85.345,3.096,96.08
333141944_jpg.rf.a22c6ca7788813b59b49a7d6e665a3cd.jpg,1,1,0.9994,0.288,0.006,0.086,9.34,6.088,76.178,2.252,95.877
34_jpg.rf.a6ba860bb31cf47d952e0791ec7396d9.jpg,1,1,1.0,0.288,0.006,0.083,3.318,1.258,90.519,2.551,100.687
3587d59b214a2adb_jpg.rf.fe5dfbe35af9b12872fa94aaa8482f9b.jpg,1,1,1.0,0.28,0.007,0.083,5.669,1.203,77.736,2.236,88.916
36296149066_8c2669234e_o_jpg.rf.641cef33277c634a3e1560877bfa631c.jpg,1,1,1.0,0.209,0.024,0.05,5.693,6.266,91.366,2.487,107.745
369_jpg.rf.1e94d64b4ec272ea74241029ad528ba2.jpg,1,1,1.0,0.208,0.004,0.05,6.219,5.377,76.068,2.246,91.834
36_jpg.rf.a680186f591ae98c58090c487a8a9c38.jpg,1,1,0.9999,0.283,0.006,0.082,7.488,6.602,87.743,2.308,106.197
3790977302_jpg.rf.bba29740b892543d7a958de08f7f2905.jpg,1,1,1.0,0.29,0.006,0.082,3.9,1.193,77.178,1.901,86.21
3832361948_jpg.rf.17b3dc0dbf0039e44ae5d7b17160ecd7.jpg,1,1,1.0,0.371,0.007,0.084,10.991,6.646,76.426,1.913,97.972
39_jpg.rf.b4d4baefa99b8dee6e7f9f41ff9f20e0.jpg,1,1,0.9999,0.282,0.006,0.081,7.804,1.203,75.987,1.924,88.904
407577617_jpg.rf.19abf1507b2119b93bfd6e9df75ab57b.jpg,1,1,1.0,0.292,0.007,0.082,3.776,3.026,75.787,1.833,86.374
4177753606_jpg.rf.23b9d3c5159d477fe14cc56ee809bc15.jpg,1,1,1.0,0.286,0.007,0.081,2.891,1.133,81.162,2.83,90.001
43_jpg.rf.30db802c19a1ebf5b19dcedacb265b2a.jpg,1,1,1.0,0.288,0.007,0.083,3.477,1.167,77.306,1.97,85.954
43_jpg.rf.c2c4d4552bc82e005563c5fdf17bc7a8.jpg,1,1,1.0,0.286,0.006,0.078,4.793,2.68,92.934,2.244,104.656
4407518182_jpg.rf.87f5995395bb5e5cf586828ed625b58e.jpg,1,1,1.0,0.285,0.006,0.081,10.452,1.246,76.238,1.904,92.035
456_jpg.rf.f2c165853a0f611b5fdd6f67980e00d5.jpg,1,1,1.0,0.285,0.006,0.083,3.636,1.178,82.324,2.239,91.428
4611240081_jpg.rf.a21d8f877c0c1e2ab2402af1da3c3886.jpg,1,1,1.0,0.292,0.006,0.085,3.172,1.302,77.577,1.809,85.873
479_jpg.rf.766618a784eb19735ac5ea0ee6d4332a.jpg,1,1,1.0,0.285,0.007,0.083,3.635,6.321,87.81,2.475,102.299
4866642415_jpg.rf.28bbaa83cbafdc4e7f69d0933328ad9d.jpg,1,1,1.0,0.29,0.007,0.082,3.282,1.187,77.461,1.831,85.761
4893197268_jpg.rf.5fb4e2d5e3b7bd014cf6a531735b6766.jpg,1,1,0.9999,0.3,0.006,0.083,11.031,5.893,93.065,2.525,114.761
4977802710_jpg.rf.8978e50db564add35dadfa25cfb2a5ce.jpg,1,1,1.0,0.267,0.006,0.075,15.788,8.582,83.705,5.815,115.942
5-1-_jpg.rf.206cfeb1b5de6afa801ea631281bda1c.jpg,1,1,1.0,0.217,0.005,0.052,5.925,6.524,83.29,1.714,99.033
50623038182_c2752178f2_o_jpg.rf.72092134b4a50746b002e0d9051204e8.jpg,1,1,1.0,0.227,0.005,0.056,6.61,4.069,88.596,1.798,102.687
50_jpg.rf.4879a8ab6d1e280f0d0463b27b7d1403.jpg,1,1,1.0,0.266,0.006,0.072,3.409,1.358,77.919,2.102,86.61
512200281_jpg.rf.987e3a44f319eb929ddd0afec1fe3e56.jpg,1,1,1.0,0.285,0.007,0.08,2.642,3.76,89.565,2.274,100.294
5204580546_jpg.rf.ae97728615050cbe17dcb9ca533364fc.jpg,1,1,0.9999,0.289,0.006,0.079,4.486,3.527,80.72,1.917,92.709
52353720239_c4de45cb4b_o_jpg.rf.b74beefa0619126b2c8c067068dfd0f8.jpg,1,1,1.0,0.289,0.006,0.079,7.32,7.162,93.251,1.949,111.759
5250667808_jpg.rf.69d97d91a8748094cc09b2bb3ca32a4d.jpg,1,1,1.0,0.292,0.006,0.084,6.127,3.491,75.366,1.809,88.828
5251712488_jpg.rf.e0dae8d1e174bda14f152e9379f0e03d.jpg,1,1,1.0,0.296,0.006,0.082,11.236,6.218,77.145,1.873,98.517
5261436255_jpg.rf.af1a75ebd3df650f9f97f25828d73790.jpg,1,1,1.0,0.294,0.007,0.084,9.178,5.896,76.235,2.005,95.375
5299399873_jpg.rf.ea2f8287510d477238611304b1cdbef7.jpg,1,1,1.0,0.3,0.007,0.088,10.557,4.71,75.883,1.882,95.058
5445325227_jpg.rf.e619fe39c2a5e003f3105003cc5dacc6.jpg,1,1,1.0,0.294,0.007,0.084,5.047,1.193,78.432,3.037,89.732
5508599508_jpg.rf.51c115dc7fb31703e617d22434f11f50.jpg,1,1,1.0,0.325,0.006,0.082,8.951,5.967,75.298,1.797,94.138
5517875248_jpg.rf.3203f4d5cc6c35ca9dd0ba3cadd36a8c.jpg,1,1,1.0,0.38,0.006,0.082,5.896,1.135,85.305,3.505,98.013
5520885744_jpg.rf.ac2330e34ed2c367f1727401f6d43193.jpg,1,1,1.0,0.28,0.006,0.078,3.488,1.42,76.781,1.806,85.538
5606063993_jpg.rf.516a0f0a76046e37a28189a0d9909373.jpg,1,1,1.0,0.286,0.006,0.081,3.323,1.156,86.055,2.07,94.654
5706965020_jpg.rf.85a9819d85dc30f733551ec708ee5a11.jpg,1,1,1.0,0.286,0.006,0.082,11.541,4.245,75.881,1.842,95.483
5839206232_jpg.rf.04781f87ee37f2dd7d6b83c11063cab3.jpg,1,1,1.0,0.287,0.006,0.08,2.899,1.161,88.854,2.13,97.045
5841023251_jpg.rf.6a23c18d2e2b768f60cfc5ec703555a4.jpg,1,1,1.0,0.29,0.006,0.082,3.429,1.174,76.864,1.993,85.434
5841521480_jpg.rf.f86f9c339e91dd592aa782734e62c7a9.jpg,1,1,1.0,0.292,0.006,0.085,5.813,5.876,87.153,2.494,103.377
591_jpg.rf.400d855c9a2613fd91cf3042451f005a.jpg,1,1,1.0,0.375,0.007,0.084,7.346,3.823,75.674,1.841,90.851
59_jpg.rf.ef6c0af6e716967602db619a2be29f63.jpg,1,1,1.0,0.291,0.006,0.079,8.074,4.351,76.652,1.799,92.972
60463627_jpg.rf.b819127da86583f6482e3cbf158adf6d.jpg,1,1,1.0,0.287,0.007,0.085,6.35,1.166,77.765,1.82,89.14
61-Copy_jpg.rf.d5d31c14dd9bbdef37c0cdffa634a9c4.jpg,1,1,1.0,0.289,0.006,0.085,5.672,7.033,77.128,1.836,93.727
61_jpg.rf.88d16ae53c4fc6e73954610b227cc437.jpg,1,1,1.0,0.291,0.006,0.082,7.968,6.022,81.541,3.488,101.05
655_jpg.rf.0b85a830862455a36b4bc78f419f1752.jpg,1,1,1.0,0.287,0.006,0.08,5.969,1.198,77.586,1.899,88.618
6766549169_jpg.rf.b1057898a7bf6c679521c7c77b05979f.jpg,1,1,1.0,0.286,0.006,0.088,10.757,6.486,88.351,1.948,109.58
684_jpg.rf.c0fdd12944925e788bc54ba11a1550f8.jpg,1,1,1.0,0.286,0.006,0.082,8.721,6.909,82.581,2.031,102.255
70052573_jpg.rf.68247c62aa0540a55dbeb7c0618e60aa.jpg,1,1,0.5364,0.293,0.007,0.083,8.398,6.955,90.986,1.887,110.259
7164446852_jpg.rf.6bc438184baeb617ce3a6d1a030720b1.jpg,1,1,1.0,0.288,0.006,0.082,8.354,5.977,75.969,1.777,94.096
74-Copy_jpg.rf.d656149a8ab78bc7164358b9b6925a01.jpg,1,1,1.0,0.29,0.006,0.081,6.744,6.997,75.264,1.866,92.933
7684474366_jpg.rf.a0f20486cef1517de91baa81e5db4249.jpg,1,1,1.0,0.28,0.006,0.083,7.285,5.976,76.009,1.827,93.156
781_jpg.rf.74ea3d8fe2ab117de428a963574f9945.jpg,1,1,1.0,0.284,0.006,0.082,4.432,1.226,77.537,1.884,87.017
7_jpg.rf.664ab351a94dcda907f44ba9dbbbe705.jpg,1,1,1.0,0.29,0.006,0.084,2.983,1.181,77.232,1.813,85.152
803_jpg.rf.e82677df8a18632c83bf5678f3954e3d.jpg,1,1,1.0,0.296,0.006,0.084,4.586,1.72,78.456,1.825,88.545
83_jpg.rf.c7862db58074717c871f22948b99bbfb.jpg,1,1,0.9999,0.289,0.006,0.084,2.735,1.191,77.624,1.841,85.315
8554577251_jpg.rf.ff5eb327fa63247141d49aa64f6a939c.jpg,1,1,0.6584,0.282,0.006,0.085,10.127,6.168,81.616,1.933,101.876
859_jpg.rf.dedd046d72b3995765fe2216226d1420.jpg,1,1,1.0,0.285,0.006,0.083,7.428,6.956,79.449,2.257,98.141
8636985029_jpg.rf.78be2b5f458ebc6d41929821c10d7f40.jpg,1,1,1.0,0.285,0.006,0.08,9.046,6.042,75.713,1.887,94.634
8664327041_jpg.rf.4e6390a85cc2ce480dead2e1ad720fe0.jpg,1,1,1.0,0.29,0.006,0.081,7.249,5.936,88.745,2.196,106.185
87_jpg.rf.afc802e0bbb05918f1041cf6a9df9ba9.jpg,1,1,1.0,0.296,0.007,0.085,6.898,7.757,76.247,1.957,94.933
891_jpg.rf.be360aa1c3a817d06547d6bec9df473c.jpg,1,1,1.0,0.292,0.007,0.084,6.811,6.119,88.558,2.551,106.052
8_jpg.rf.4d3efe44aca2ce0ffd3d8f1fddb85d81.jpg,1,1,1.0,0.287,0.006,0.091,9.932,5.985,74.267,1.908,94.176
915_jpg.rf.3acf97a48d16ec897e8750d0274fa779.jpg,1,1,1.0,0.289,0.006,0.08,6.487,6.001,93.714,2.505,110.755
9459328090_jpg.rf.8ab0abf01cfdb782f435114ba8e9fec0.jpg,1,1,0.9635,0.389,0.006,0.087,10.306,4.522,76.141,2.526,95.586
9515920338_jpg.rf.d65ca73ff60bc558b67fe79d17dde07f.jpg,1,1,0.9959,0.218,0.004,0.079,7.197,1.363,74.27,1.93,86.428
9573551152_f21299aed8_o_jpg.rf.ab774db380b60c8e87601111478b09f4.jpg,1,1,1.0,0.288,0.007,0.082,2.866,1.181,77.227,2.034,85.343
9674776405_jpg.rf.501caeb024e5811b40e31774dc621d70.jpg,1,1,1.0,0.294,0.007,0.082,8.211,6.557,75.011,1.917,93.3
9703240049_jpg.rf.ca3b623dd5e529c5f96df85b2ce31d5c.jpg,1,1,1.0,0.287,0.006,0.078,3.751,1.202,77.944,2.335,87.328
984_jpg.rf.f1eb6edcaab32d42cae7dbb045865ed6.jpg,1,1,1.0,0.214,0.004,0.053,3.037,1.562,78.851,2.373,87.727
BowFire_NoiseWEBSmoke2607_jpg.rf.1b58c7d28bbb2280b02ca82eb7ea3cb7.jpg,1,1,1.0,0.37,0.006,0.089,6.959,3.64,75.334,1.933,90.107
D01_20220307093433-00_03_14-20220307-102422-_jpg.rf.380a678def1e86fd129daab6a85591fa.jpg,1,1,1.0,0.286,0.006,0.081,5.099,1.106,75.512,1.8,85.484
D01_20220307093433-00_03_33-20220307-102441-_jpg.rf.764cf484dd9fbbbd5875c4df8b4a7111.jpg,1,1,1.0,0.272,0.006,0.078,2.718,5.069,76.354,2.552,88.771
D01_20220307093433-00_03_56-20220307-102503-_jpg.rf.98705d4a4f770e6e459d0d3ad7cd30f0.jpg,1,1,1.0,0.213,0.004,0.052,3.003,4.265,75.082,1.532,85.757
D01_20220307094014-00_02_59-20220307-103003-_jpg.rf.b4adf83b6803ff3b7009475ff1365ffc.jpg,1,1,0.9175,0.331,0.006,0.082,2.725,7.068,78.577,3.689,94.099
D01_20220307094014-00_03_16-20220307-103019-_jpg.rf.9b534b3904792637db6cf815e0814e0e.jpg,1,1,1.0,0.285,0.006,0.081,4.694,1.344,75.307,1.767,85.459
D01_20220307094014-00_03_23-20220307-103026-_jpg.rf.89a8ce6a894b7ad19415b735de97aae7.jpg,1,1,1.0,0.262,0.005,0.072,2.531,2.253,78.613,3.053,88.775
D01_20220307094014-00_03_25-20220307-103028-_jpg.rf.c7c70e57d1c3fbd82806b5e80e632d28.jpg,1,1,1.0,0.275,0.006,0.074,4.775,1.148,77.044,2.136,87.164
D01_20220307094014-00_03_34-20220307-103037-_jpg.rf.bd05c509c5d8789f0f6223f1c15b0310.jpg,1,1,1.0,0.284,0.006,0.082,7.58,6.034,84.483,2.672,102.773
D01_20220307094014-00_11_02-20220307-103806-_jpg.rf.ed50206161ed6a9fe51520392fb2b6b7.jpg,1,1,1.0,0.288,0.006,0.083,6.035,2.387,74.375,1.709,86.4
Datacluster-Fire-and-Smoke-Sample-100-_jpg.rf.6fdb3e1f6145d44ac2d4cdce42014452.jpg,1,1,1.0,0.258,0.006,0.073,5.408,1.138,92.065,2.047,102.6
Datacluster-Fire-and-Smoke-Sample-13-_jpg.rf.d0d0dbd656b1965069c10dd2f2b0a98a.jpg,1,1,1.0,0.263,0.005,0.076,6.497,1.281,77.878,1.866,89.551
Datacluster-Fire-and-Smoke-Sample-18-_jpg.rf.cfa4b2e26924a504624a69f9e8115743.jpg,1,1,0.9851,0.354,0.006,0.077,4.558,1.314,94.528,2.547,105.028
Datacluster-Fire-and-Smoke-Sample-20-_jpg.rf.cb5f617f2315153905ebebca55997efa.jpg,1,1,1.0,0.292,0.006,0.085,6.319,1.363,76.555,1.892,88.207
Datacluster-Fire-and-Smoke-Sample-23-_jpg.rf.27a30464526b286c61015f67d0ce6b52.jpg,1,1,1.0,0.223,0.005,0.056,8.206,6.046,76.12,2.322,94.466
Datacluster-Fire-and-Smoke-Sample-26-_jpg.rf.1944bc7e3e2978d4742e542346d8e524.jpg,1,1,1.0,0.287,0.006,0.085,11.218,5.979,76.332,2.714,98.28
Datacluster-Fire-and-Smoke-Sample-29-_jpg.rf.e6352924cc3c16d81d99a2c374a4d283.jpg,1,1,0.999,0.293,0.006,0.089,7.525,1.278,77.78,1.811,90.427
Datacluster-Fire-and-Smoke-Sample-32-_jpg.rf.4e11f610300f9f1b59190e444a8cebea.jpg,1,1,0.9993,0.277,0.006,0.078,5.878,1.196,77.735,2.827,89.601
Datacluster-Fire-and-Smoke-Sample-35-_jpg.rf.075cce9a320352c27934f1f59ab1573d.jpg,1,1,1.0,0.292,0.006,0.084,3.238,0.98,77.949,1.847,85.919
Datacluster-Fire-and-Smoke-Sample-38-_jpg.rf.26c04de1063d6c819bf8bcb32bf52709.jpg,1,1,1.0,0.292,0.006,0.083,4.118,1.232,84.278,3.479,95.16
Datacluster-Fire-and-Smoke-Sample-40-_jpg.rf.fa208db6e85b96a35805d8f3439f19fa.jpg,1,1,1.0,0.285,0.006,0.083,3.25,1.314,77.27,1.851,85.698
Datacluster-Fire-and-Smoke-Sample-43-_jpg.rf.69a983add0cfeb9a29c8d22971083256.jpg,1,1,1.0,0.296,0.006,0.082,2.78,5.136,89.08,2.145,101.198
Datacluster-Fire-and-Smoke-Sample-46-_jpg.rf.6f06185a8d0b8fd7dd7c6451378b1310.jpg,1,1,1.0,0.357,0.006,0.077,8.204,5.726,75.618,1.966,93.654
Datacluster-Fire-and-Smoke-Sample-49-_jpg.rf.78e9638ee8fe7931470885bbbdbe280c.jpg,1,1,0.6678,0.291,0.006,0.085,15.535,6.054,87.267,2.546,113.408
Datacluster-Fire-and-Smoke-Sample-52-_jpg.rf.5b8ed93d19746dbb76761c5a6d6ee3bb.jpg,1,1,1.0,0.29,0.006,0.08,4.078,1.219,77.235,2.342,86.959
Datacluster-Fire-and-Smoke-Sample-55-_jpg.rf.69f4c513b091da21db20069391f1a5e5.jpg,1,1,1.0,0.331,0.007,0.089,9.168,4.269,77.033,1.831,94.36
Datacluster-Fire-and-Smoke-Sample-58-_jpg.rf.8e99d11f26232dec5d4555de7dacc5f9.jpg,1,1,1.0,0.269,0.006,0.078,3.681,1.207,77.379,1.788,85.986
Datacluster-Fire-and-Smoke-Sample-60-_jpg.rf.5c1c270ed4443aa60aae7149eb97321a.jpg,1,1,1.0,0.291,0.007,0.082,9.955,3.498,77.081,1.794,94.329
Datacluster-Fire-and-Smoke-Sample-64-_jpg.rf.f1ebdfca4126ec0e420cd63c30069c48.jpg,1,1,1.0,0.285,0.006,0.077,2.92,1.219,77.574,1.825,85.465
Datacluster-Fire-and-Smoke-Sample-70-_jpg.rf.eb9abe262426e025f34383b38cd67781.jpg,1,1,1.0,0.283,0.006,0.142,8.527,6.171,74.266,1.946,93.011
Datacluster-Fire-and-Smoke-Sample-74-_jpg.rf.b5ed8666f61402bd49fe2a984c458594.jpg,1,1,1.0,0.281,0.006,0.082,6.78,3.444,87.929,5.862,106.023
Datacluster-Fire-and-Smoke-Sample-81-_jpg.rf.4edc2f2c530c128f392608f838eaab92.jpg,1,1,1.0,0.293,0.006,0.081,7.576,5.961,76.436,1.843,93.907
Datacluster-Fire-and-Smoke-Sample-86-_jpg.rf.fd2c597aa0c0b829a1d55500e0292788.jpg,1,1,1.0,0.282,0.006,0.083,7.539,6.235,88.115,2.549,106.483
Datacluster-Fire-and-Smoke-Sample-89-_jpg.rf.04399f52e23b36981b9a7104e5d22343.jpg,1,1,1.0,0.281,0.006,0.178,7.66,6.52,74.024,1.886,92.242
Datacluster-Fire-and-Smoke-Sample-91-_jpg.rf.f1b7744f598dcd40eee32ab7922e86ab.jpg,1,1,1.0,0.285,0.006,0.083,8.241,8.793,81.24,2.516,102.844
FireDetectionImage_MirrorWEBFire1049_jpg.rf.ef390e97854a59cec7729e3654d16132.jpg,1,1,1.0,0.291,0.006,0.077,4.68,1.222,77.28,1.899,87.053
FireDetectionImage_NoiseWEBFire1049_jpg.rf.3158ecb0a8239312fd432c05f2285e72.jpg,1,1,1.0,0.282,0.006,0.081,7.569,5.781,77.144,1.838,94.375
FireDetectionImage_WEBFire136_jpg.rf.a97a4a52beb5808af216ce1b9d587f37.jpg,1,1,1.0,0.286,0.006,0.08,3.591,1.878,75.726,1.79,85.041
FireSmoke-107_png.rf.8dba817f4fe8a3b32227dd592558b43b.jpg,1,1,1.0,0.419,0.008,0.089,9.538,6.221,77.254,1.886,97.024
FireSmoke-128_png.rf.273a76ad3c883477f7d6fcfbeca36117.jpg,1,1,0.9866,0.293,0.006,0.083,12.01,3.634,81.816,2.848,102.308
FireSmoke-136_png.rf.559188cf6471b6bac15171eb5c6d5bc8.jpg,1,1,1.0,0.284,0.006,0.079,2.707,1.125,75.712,2.302,83.821
FireSmoke-144_png.rf.a0079d8a211591bd14299e67ad66b6d5.jpg,1,1,1.0,0.286,0.006,0.082,2.774,1.367,78.145,2.067,86.344
FireSmoke-150_png.rf.6c65ab1d764bb7f43b94fac31c0b6e53.jpg,1,1,0.9996,0.286,0.006,0.086,13.643,1.761,75.615,1.86,94.903
FireSmoke-158_png.rf.6cc5fac43fac583edb0179520d8c7cf2.jpg,1,1,1.0,0.29,0.006,0.082,3.687,1.147,80.86,2.985,90.675
FireSmoke-162_png.rf.623cee5fb728a6bbd7db4740736f9f5f.jpg,1,1,1.0,0.285,0.007,0.087,12.714,1.27,75.226,1.928,93.214
FireSmoke-169_png.rf.a6c7667a8a62f01aec38bba762309f5c.jpg,1,1,0.9862,0.295,0.006,0.091,12.193,6.491,90.592,2.478,113.794
FireSmoke-174_png.rf.049906f16d26969083a5a56eee82c539.jpg,1,1,1.0,0.293,0.006,0.079,9.037,1.214,75.495,1.835,89.86
FireSmoke-177_png.rf.97855e524c503e3653303f2018fd9ba4.jpg,1,1,1.0,0.284,0.007,0.084,8.112,8.173,88.643,1.954,109.073
FireSmoke-183_png.rf.a4dc0a965178724b85b7e63b2c2cdd6d.jpg,1,1,1.0,0.29,0.006,0.086,10.14,5.993,73.763,1.927,93.93
FireSmoke-188_png.rf.7810b4397d4189e84ecc5109cc7027d3.jpg,1,1,1.0,0.288,0.006,0.083,11.871,5.892,76.214,1.797,97.84
FireSmoke-196_png.rf.29ffe40267a6a8581c93b97a9d102e13.jpg,1,1,1.0,0.284,0.006,0.078,4.243,1.843,81.936,2.83,92.933
FireSmoke-19_png.rf.fcfdb5dce35cef8b4522b44b51e738e5.jpg,1,1,1.0,0.292,0.006,0.081,5.686,1.204,76.815,1.929,87.738
FireSmoke-202_png.rf.d1ef4f3486a57f8cc8dbfcf9245fc233.jpg,1,1,1.0,0.295,0.006,0.089,8.506,6.231,90.395,2.536,109.683
FireSmoke-215_png.rf.e36a8ae0cce575023229abaf8554c83f.jpg,1,1,1.0,0.284,0.006,0.08,8.749,6.16,75.752,1.864,94.81
FireSmoke-229_png.rf.ce30c2e85fa44b49abab1b932ceedc03.jpg,1,1,1.0,0.287,0.006,0.079,3.584,1.277,89.246,1.93,98.096
FireSmoke-242_png.rf.1b00add5470c0957eec4f6a9e6ade1c0.jpg,1,1,1.0,0.269,0.006,0.071,4.121,2.344,75.794,1.871,86.151
FireSmoke-31_png.rf.f6ad2d261002cfab050e13fba0ad66a5.jpg,1,1,1.0,0.286,0.007,0.086,15.113,6.86,95.355,2.518,121.978
FireSmoke-35_png.rf.60fbcac15d7e8a9f30b54de86c3292bc.jpg,1,1,1.0,0.291,0.006,0.084,4.287,1.146,75.21,1.864,84.587
FireSmoke-47_png.rf.f1479f1aaea8a6bd84e3273f0f59367b.jpg,1,1,1.0,0.284,0.006,0.083,2.763,4.946,75.369,2.048,87.147
FireSmoke-52_png.rf.c158004ff284b2ef3b91bbf007b841f3.jpg,1,1,1.0,0.286,0.006,0.081,4.373,1.14,76.906,1.875,86.348
FireSmoke-5_png.rf.b2c543293eb653a69b1642102d047c33.jpg,1,1,1.0,0.284,0.006,0.079,2.785,1.489,77.886,1.877,86.058
FireSmoke-83_png.rf.571770aeb040d7c0feed727d77fea0cc.jpg,1,1,0.8859,0.282,0.006,0.091,7.314,4.277,74.976,1.905,90.488
FireSmoke-95_png.rf.4790fe69fc366562bf17eec47b02ba24.jpg,1,1,1.0,0.284,0.006,0.084,9.84,1.269,75.148,1.862,90.213
FireSmoke104_png.rf.da8db7ad4d0f2b142a1acec62fdb755a.jpg,1,1,1.0,0.289,0.006,0.077,2.781,1.144,76.573,1.877,84.432
FireSmoke109_png.rf.b709335411fd6f1c9b3d909c855b2f66.jpg,1,1,1.0,0.282,0.006,0.078,3.308,1.334,78.711,2.005,87.34
FireSmoke111_png.rf.0e711e9d17ecd9f0286e5defa2136b0d.jpg,1,1,1.0,0.287,0.006,0.082,4.08,1.203,77.428,1.946,86.725
FireSmoke11_png.rf.bc2b6f233717bbe026df07cb1b5972ac.jpg,1,1,1.0,0.286,0.006,0.076,7.294,6.899,75.813,1.883,93.922
FireSmoke124_png.rf.dfd2e73c6cde6f00e3f6734dbeffb2b0.jpg,1,1,1.0,0.287,0.006,0.08,6.886,2.131,77.133,2.577,90.716
FireSmoke140_png.rf.677a5523158975ef63cfa7d17efe3e93.jpg,1,1,1.0,0.211,0.004,0.05,3.055,1.187,77.761,2.25,86.154
FireSmoke163_png.rf.363bf4322d48e75c6a03ef2dadf852cb.jpg,1,1,1.0,0.273,0.006,0.077,10.278,6.197,84.257,5.471,108.13
FireSmoke173_png.rf.5b477dca0570f3b2bd1a34fb811a5219.jpg,1,1,1.0,0.247,0.005,0.067,4.122,3.339,77.222,1.845,88.29
FireSmoke191_png.rf.fbab9928580ce27286d4f9dd922a7d57.jpg,1,1,1.0,0.273,0.006,0.076,6.099,3.402,91.939,2.185,105.695
FireSmoke205_png.rf.06a0d731137ca3a44e62c9e005e1e8b8.jpg,1,1,1.0,0.293,0.006,0.082,3.347,1.229,76.405,2.259,85.351
FireSmoke21_png.rf.f28fed48526bee2eeabf298e86f404bd.jpg,1,1,1.0,0.29,0.007,0.08,3.447,1.239,89.278,2.447,98.466
FireSmoke235_png.rf.4399031fe1beebd9a60afe55336a4ae8.jpg,1,1,1.0,0.288,0.006,0.08,2.75,1.332,76.864,2.042,85.027
FireSmoke243_png.rf.eb1bfb199c3777fcaeddc3339d0a27d6.jpg,1,1,1.0,0.294,0.007,0.085,2.817,1.217,89.173,2.722,98.038
FireSmoke251_png.rf.4f19513fa9c04a9a68fa2c599b8f63ea.jpg,1,1,0.9978,0.29,0.007,0.088,9.797,1.235,76.317,1.889,91.288
FireSmoke271_png.rf.4ad6196500799be2cb1bfe676af135fe.jpg,1,1,1.0,0.217,0.004,0.053,8.333,6.124,76.237,1.805,94.523
FireSmoke280_png.rf.50ca71387666e1bf5c00b979b497474e.jpg,1,1,1.0,0.374,0.007,0.082,4.464,4.132,75.664,2.419,88.796
FireSmoke28_png.rf.5c443e6018d96c7c932628a7ec5f8e39.jpg,1,1,1.0,0.285,0.006,0.078,2.901,1.139,77.263,2.238,85.549
FireSmoke294_png.rf.4b4ae7511f3c222708e8a58cb6f16cb0.jpg,1,1,1.0,0.284,0.007,0.082,2.875,6.569,74.225,2.114,87.899
FireSmoke299_png.rf.65fd14fe65768eb5e5a6482bf4466a09.jpg,1,1,1.0,0.284,0.006,0.08,6.571,6.893,75.998,1.832,93.322
FireSmoke301_png.rf.6601bf5465563b2919c9a4a3a773f3fe.jpg,1,1,1.0,0.291,0.006,0.086,9.027,2.556,76.909,3.532,94.11
FireSmoke31_png.rf.660ad385cd9aca3eeffbf1e964e885e1.jpg,1,1,1.0,0.38,0.006,0.085,5.698,3.597,75.326,3.667,90.381
FireSmoke38_png.rf.0ea10a6303f2617cc28e567f0a18bac3.jpg,1,1,1.0,0.288,0.006,0.084,8.553,6.065,88.372,2.541,107.566
FireSmoke45_png.rf.656b97b68f5ee45e7e8254fa6d8cefb9.jpg,1,1,1.0,0.288,0.006,0.082,3.349,1.176,76.655,1.835,85.096
FireSmoke72_png.rf.a83f8559fea1013f94a97d8770cc1311.jpg,1,1,1.0,0.286,0.006,0.086,7.487,6.005,88.655,2.504,106.757
FireSmoke76_png.rf.17651730870b192864464f13bc977775.jpg,1,1,1.0,0.288,0.006,0.083,8.694,6.091,76.262,2.32,95.467
FireSmoke85_png.rf.4ee70db48fa52caefba0479d5ef32c38.jpg,1,1,1.0,0.294,0.006,0.083,10.216,8.231,76.783,1.923,99.009
FireSmoke8_png.rf.b1480ad31d5e2142fb155a602fc2dea5.jpg,1,1,1.0,0.285,0.006,0.079,8.443,5.301,75.159,2.007,93.098
FireSmoke94_png.rf.cb1dad8e6f2b3b7d348e9aac14e8d0c6.jpg,1,1,1.0,0.344,0.006,0.113,5.466,3.655,75.864,1.939,89.236
FireSmokeVideo0_f11_jpg.rf.ae6931199aae3917326811ecf2d99ed3.jpg,1,1,0.9808,0.289,0.006,0.082,3.159,1.213,77.361,2.019,85.85
FireSmokeVideo0_f5_jpg.rf.3c5b443d74da59bef347dfb5d8592522.jpg,1,1,0.9419,0.215,0.004,0.052,8.406,1.519,80.084,1.905,93.755
FireSmokeVideo0_f6_jpg.rf.5fc67c1a073552f0b1eec6914a88e470.jpg,1,1,0.7972,0.275,0.006,0.078,2.778,1.183,76.753,2.029,84.745
FireSmokeVideo0_f73_jpg.rf.f2f244dca991baa6bb3b48842e15c704.jpg,1,1,1.0,0.278,0.006,0.077,3.327,2.041,77.757,2.282,87.357
FireSmokeVideo0_f81_jpg.rf.2a323ab03510339c73c015079ce482e8.jpg,1,1,1.0,0.292,0.007,0.083,2.938,1.238,77.835,2.282,86.366
FireSmokeVideo101_f3_jpg.rf.2022b8e6fd44cffcf39f0d778e17a187.jpg,1,1,1.0,0.31,0.006,0.083,3.783,1.189,78.743,2.291,88.06
FireSmokeVideo101_f9_jpg.rf.2c54cc25f58b51cdf25d529b860a4fa3.jpg,1,1,1.0,0.291,0.006,0.083,2.976,1.18,75.963,1.935,84.077
FireSmokeVideo102_f170_jpg.rf.47f4a20504e69d1704a43a9032097db0.jpg,1,1,1.0,0.215,0.004,0.051,4.2,2.686,77.731,2.262,88.767
FireSmokeVideo103_f283_jpg.rf.5e0da86589aa9552f384ca128ccef006.jpg,1,1,1.0,0.296,0.006,0.081,6.992,2.678,75.935,2.296,90.02
FireSmokeVideo103_f56_jpg.rf.4c829ddeb638c9ddda7de0b2e6ca651d.jpg,1,1,1.0,0.214,0.005,0.05,7.708,4.478,75.654,1.91,91.445
FireSmokeVideo104_f1_jpg.rf.e55e5ad27facf86154209e1142fb73c9.jpg,1,1,1.0,0.291,0.006,0.084,5.06,4.494,84.14,4.967,100.84
FireSmokeVideo104_f5_jpg.rf.c433b8126a3475403ffcb878e496ec03.jpg,1,1,1.0,0.29,0.006,0.084,6.205,1.278,75.567,1.997,87.076
FireSmokeVideo106_f10_jpg.rf.62f5f65a003433bbfb73515b34a0daef.jpg,1,1,1.0,0.296,0.006,0.081,3.033,2.858,87.287,2.236,98.134
FireSmokeVideo106_f14_jpg.rf.447b82466ea68468a1025a74dff07b7b.jpg,1,1,1.0,0.288,0.006,0.078,2.869,1.235,77.286,1.856,85.327
FireSmokeVideo106_f5_jpg.rf.5d4d9ab38c464742ec771c1e91dc7c62.jpg,1,1,0.9999,0.277,0.006,0.073,2.781,1.197,91.503,2.315,99.723
FireSmokeVideo106_f8_jpg.rf.73f90d3d5cab09d42940c070255676ac.jpg,1,1,1.0,0.288,0.006,0.08,2.84,1.247,77.754,1.86,85.846
FireSmokeVideo107_f113_jpg.rf.400ed0840131583fd83a69fe1ea86faf.jpg,1,1,1.0,0.296,0.007,0.082,4.468,6.738,89.108,2.119,104.622
FireSmokeVideo107_f117_jpg.rf.645bdc564cba686b8c06cd8c46f49656.jpg,1,1,1.0,0.369,0.006,0.08,3.97,6.555,75.52,1.843,90.054
FireSmokeVideo107_f148_jpg.rf.480b99f96343302b8f7b742ac5159b56.jpg,1,1,1.0,0.216,0.005,0.051,9.215,6.331,76.011,1.857,95.381
FireSmokeVideo107_f22_jpg.rf.7345746c951560a18eb4fdf830179104.jpg,1,1,1.0,0.288,0.007,0.08,6.341,1.412,85.97,5.602,101.527
FireSmokeVideo107_f28_jpg.rf.b8675ce81840281b96b0bc224a4bdbad.jpg,1,1,1.0,0.296,0.007,0.08,2.733,2.773,75.389,1.986,84.871
FireSmokeVideo107_f40_jpg.rf.adafe67dc9c154ec40bfa21b745dcced.jpg,1,1,1.0,0.288,0.006,0.082,2.724,3.395,90.585,2.51,101.254
FireSmokeVideo107_f44_jpg.rf.1bc9bbf6e171750a51b0525a3b36f583.jpg,1,1,0.9999,0.287,0.006,0.08,3.85,1.201,77.667,1.875,86.639
FireSmokeVideo107_f75_jpg.rf.00f9e890f42dd80aa51e7339a5973a59.jpg,1,1,1.0,0.288,0.007,0.081,3.534,3.678,90.26,2.528,102.147
FireSmokeVideo107_f96_jpg.rf.8179ddd64cdde79adea45d405d4ad39a.jpg,1,1,1.0,0.291,0.006,0.082,3.075,1.183,77.047,2.284,85.59
FireSmokeVideo108_f28_jpg.rf.394c01400413fe26d95ab524fcd4d36c.jpg,1,1,0.9875,0.368,0.007,0.085,2.738,1.75,89.582,2.48,98.65
FireSmokeVideo109_f1_jpg.rf.3e35dca6f078a6319e52ba4a47679292.jpg,1,1,1.0,0.287,0.006,0.082,2.902,1.177,78.296,1.971,86.419
FireSmokeVideo10_f1_jpg.rf.9305559f5e11b0ba04b1ff69452d0abc.jpg,1,1,1.0,0.298,0.006,0.084,9.07,3.702,76.681,1.855,93.298
FireSmokeVideo10_f23_jpg.rf.9ff7b2e763e1ab7139ed47e51225adba.jpg,1,1,1.0,0.286,0.006,0.081,8.221,6.817,76.05,1.869,94.988
FireSmokeVideo10_f26_jpg.rf.fe1068d1ec2fb0427bcf1b26c9c0c416.jpg,1,1,1.0,0.288,0.006,0.08,7.674,6.024,76.054,1.89,93.642
FireSmokeVideo10_f32_jpg.rf.c4955b7255bbc19f1d65acfff34c90a5.jpg,1,1,1.0,0.286,0.006,0.079,7.421,6.011,88.332,1.895,105.741
FireSmokeVideo110_f145_jpg.rf.62128d7f7da280780969fb72efc68907.jpg,1,1,0.9998,0.283,0.007,0.083,11.486,5.824,75.282,1.777,96.403
FireSmokeVideo110_f53_jpg.rf.377ac81b81e3ed0819e1c04944112991.jpg,1,1,1.0,0.286,0.006,0.078,7.822,6.012,89.923,1.991,107.837
FireSmokeVideo110_f59_jpg.rf.8a9c2a02d4fb47b67f40fe3ebc16330c.jpg,1,1,1.0,0.284,0.006,0.079,9.437,5.738,75.426,1.9,94.545
FireSmokeVideo110_f69_jpg.rf.d08904460500f986902af3d48a252f2e.jpg,1,1,1.0,0.29,0.007,0.082,9.466,6.999,76.764,2.308,98.138
FireSmokeVideo111_f10_jpg.rf.cd4a9500f7701ceef2f5547a0787eab3.jpg,1,1,1.0,0.283,0.007,0.078,8.149,6.029,76.62,2.241,95.081
FireSmokeVideo111_f12_jpg.rf.e15cd678bc31071539e629a6386940dd.jpg,1,1,1.0,0.28,0.007,0.081,7.65,5.988,80.842,2.252,98.716
FireSmokeVideo111_f138_jpg.rf.8aac45fff05df40c6822666da87ced7c.jpg,1,1,1.0,0.288,0.006,0.083,7.72,6.021,77.934,2.777,96.515
FireSmokeVideo111_f2_jpg.rf.c0026d9820b4a0198e04b3f17d017924.jpg,1,1,1.0,0.288,0.006,0.081,7.708,6.304,75.94,1.877,93.917
FireSmokeVideo111_f4_jpg.rf.027cb2393155ad700801ae15672e5372.jpg,1,1,1.0,0.285,0.006,0.08,8.081,6.018,86.855,2.058,105.045
FireSmokeVideo111_f66_jpg.rf.e8592cc8099de41737cf5292873e150d.jpg,1,1,1.0,0.291,0.006,0.081,7.744,5.822,90.813,5.252,111.667
FireSmokeVideo113_f114_jpg.rf.e49a7b4dc2e90f051043806771f6ab87.jpg,1,1,0.9999,0.227,0.005,0.056,11.281,5.092,118.054,2.361,139.679
FireSmokeVideo113_f27_jpg.rf.6e12a97ceedad852dbed8e8eea971881.jpg,1,1,0.9266,0.283,0.006,0.084,10.525,9.266,116.618,2.399,140.905
FireSmokeVideo113_f78_jpg.rf.036a7562ededa4e45d8ea5b5f6d7a54a.jpg,1,1,0.9388,0.288,0.006,0.086,12.624,1.171,75.423,1.931,93.269
FireSmokeVideo114_f10_jpg.rf.2812ee31ecc2cd43a1b304827360a2f9.jpg,1,1,1.0,0.284,0.006,0.077,11.297,7.912,120.045,2.552,143.886
FireSmokeVideo114_f1_jpg.rf.aa437ff68b41c033a47b48767b7e0e91.jpg,1,1,1.0,0.292,0.006,0.082,9.948,10.761,77.02,2.53,102.502
FireSmokeVideo114_f4_jpg.rf.870bbe7029a2e131a8a0e3c3975db563.jpg,1,1,1.0,0.298,0.006,0.085,12.182,6.167,97.609,2.365,120.117
FireSmokeVideo114_f88_jpg.rf.c7085b2c3997ecb1362ad99b7ec72cea.jpg,1,1,1.0,0.287,0.007,0.081,3.205,1.146,102.656,2.191,111.204
FireSmokeVideo116_f114_jpg.rf.1304ccb2299ef614e3c5600715aafe47.jpg,1,1,1.0,0.291,0.006,0.084,8.552,6.687,87.983,2.31,107.601
FireSmokeVideo116_f149_jpg.rf.908919fbdadf3b0079e7ce99d68e5e7b.jpg,1,1,1.0,0.288,0.006,0.08,5.538,2.687,88.582,2.863,102.006
FireSmokeVideo116_f214_jpg.rf.5addd053b4e046befe9542cff6898df8.jpg,1,1,1.0,0.254,0.005,0.066,6.658,5.235,87.364,3.261,104.391
FireSmokeVideo116_f41_jpg.rf.668b4bb5ec30af3bd5a2b2b42c111f34.jpg,1,1,1.0,0.297,0.007,0.087,15.438,5.009,119.0,3.13,145.036
FireSmokeVideo116_f46_jpg.rf.d4dbafe5725066050b03e2454d7f7ce6.jpg,1,1,1.0,0.291,0.006,0.083,11.919,11.018,121.001,3.163,149.122
FireSmokeVideo119_f115_jpg.rf.c1cff1300d3097fc829b08bbd0e4143a.jpg,1,1,1.0,0.223,0.005,0.056,3.17,0.887,113.617,2.02,121.349
FireSmokeVideo119_f160_jpg.rf.6d569302c14b0fbdb579d03a9570f1b8.jpg,1,1,1.0,0.257,0.006,0.069,8.588,9.413,111.94,2.22,134.532
FireSmokeVideo119_f210_jpg.rf.75c321827049a5ea2a52e27607abcab7.jpg,1,1,1.0,0.292,0.007,0.08,13.27,10.816,103.335,2.818,132.369
FireSmokeVideo119_f2_jpg.rf.38f55ec298fa2478b2b6dec37bdcadd3.jpg,1,1,1.0,0.289,0.007,0.082,5.679,1.209,79.962,3.301,92.65
FireSmokeVideo119_f4_jpg.rf.38437fe51f4e48490171e3c4733ee441.jpg,1,1,1.0,0.273,0.006,0.127,2.904,1.192,75.821,1.826,83.661
FireSmokeVideo11_f10_jpg.rf.d6f21c847d747e0b20fec2c486e5a271.jpg,1,1,1.0,0.276,0.006,0.078,4.957,1.164,97.309,2.409,107.794
FireSmokeVideo11_f6_jpg.rf.139acb6f0981b967689d1a9da04f3110.jpg,1,1,1.0,0.231,0.006,0.054,8.918,3.151,84.517,1.897,100.279
FireSmokeVideo11_f9_jpg.rf.7a1e92cfeadab78d22be808fe7a63b3a.jpg,1,1,1.0,0.272,0.006,0.079,4.518,1.235,90.063,2.409,100.474
FireSmokeVideo120_f25_jpg.rf.e9c4b29de5c19e76bb89b10cee18e2ee.jpg,1,1,1.0,0.287,0.007,0.085,4.751,3.556,76.386,1.796,88.621
FireSmokeVideo120_f9_jpg.rf.9220aedcba8ae7be1ff9304041665afd.jpg,1,1,1.0,0.274,0.006,0.084,13.085,7.205,82.88,1.858,107.207
FireSmokeVideo121_f148_jpg.rf.76a13c4ecd40bc1f5fcd576f9006655b.jpg,1,1,1.0,0.275,0.006,0.076,3.84,1.236,77.887,1.852,86.801
FireSmokeVideo121_f179_jpg.rf.adb32222044219f8147ef58f3fd94acf.jpg,1,0,0.6705,0.294,0.006,0.082,7.738,4.091,82.62,2.14,98.245
FireSmokeVideo121_f192_jpg.rf.9265d7984963cc7efc63ee43a631bf9c.jpg,1,1,1.0,0.292,0.007,0.082,2.834,1.19,77.964,1.967,86.005
FireSmokeVideo121_f236_jpg.rf.92c8b5c3cf4e578a18c7da28d3b38bef.jpg,1,1,1.0,0.209,0.004,0.05,2.539,1.321,79.258,1.851,86.892
FireSmokeVideo121_f253_jpg.rf.7c98f8eb1c83200d8e8ead66ac90e5cf.jpg,1,1,1.0,0.293,0.006,0.087,3.571,2.775,75.595,2.102,86.52
FireSmokeVideo122_f100_jpg.rf.4a8872de73b0d3137e81821e785212df.jpg,1,1,1.0,0.23,0.005,0.056,6.071,1.821,82.98,1.863,94.722
FireSmokeVideo123_f11_jpg.rf.06e7cd42b48ca988f415b2b2f3efab1d.jpg,1,1,1.0,0.294,0.006,0.086,12.83,1.803,77.769,2.736,97.186
FireSmokeVideo123_f15_jpg.rf.10439f2d077d07d60178872b5e045eb3.jpg,1,1,1.0,0.285,0.007,0.082,11.488,5.964,75.628,1.849,97.036
FireSmokeVideo123_f29_jpg.rf.4866095a4e18517b17f40988d993f5f2.jpg,1,1,1.0,0.285,0.006,0.084,13.962,5.966,86.078,2.533,110.629
FireSmokeVideo123_f7_jpg.rf.74edd1e91b4cc44aa43456970bc8a642.jpg,1,1,1.0,0.285,0.006,0.084,11.493,5.907,75.28,2.297,97.005
FireSmokeVideo124_f63_jpg.rf.b664f7b17bf1c30f9fd43a9a36529b29.jpg,1,1,1.0,0.385,0.007,0.084,6.752,7.942,93.773,2.115,112.793
FireSmokeVideo124_f83_jpg.rf.82b2f2fe95da8a424f368a8472b12735.jpg,1,1,1.0,0.287,0.007,0.079,3.283,2.013,75.858,1.896,85.043
FireSmokeVideo124_f97_jpg.rf.e564b9195b10c5c3c40dd67918c5c917.jpg,1,1,1.0,0.286,0.006,0.082,7.133,9.285,89.914,1.912,110.357
FireSmokeVideo125_f140_jpg.rf.659f10a412930b6aa692289de589a8ce.jpg,1,1,1.0,0.292,0.006,0.083,7.244,6.388,97.507,1.932,115.07
FireSmokeVideo125_f143_jpg.rf.c6103b81485072ccfac0c795fd143233.jpg,1,1,1.0,0.285,0.006,0.079,3.16,1.127,77.588,1.794,85.696
FireSmokeVideo125_f18_jpg.rf.5682cc83593edea9afb21338e35889a2.jpg,1,1,1.0,0.295,0.006,0.083,3.078,3.964,88.881,2.289,100.279
FireSmokeVideo125_f21_jpg.rf.307d07954a4aea553020b6f0724eb217.jpg,1,1,1.0,0.286,0.006,0.083,3.514,4.329,75.51,2.261,87.622
FireSmokeVideo125_f27_jpg.rf.c7704853c79d52bdd9b6c858805bed60.jpg,1,1,1.0,0.29,0.006,0.083,7.703,6.802,98.199,2.578,117.621
FireSmokeVideo125_f32_jpg.rf.05f89cb01aaa7cbf72aef39f85a5d80d.jpg,1,1,0.8625,0.289,0.007,0.085,8.294,2.696,80.721,2.508,96.332
FireSmokeVideo125_f36_jpg.rf.5d8bc6a153d7303261f902bb82a9673f.jpg,1,1,0.9897,0.282,0.006,0.083,6.389,4.351,74.75,1.783,89.304
FireSmokeVideo125_f39_jpg.rf.10c5c880f29df9b51aeb8261ace2e38e.jpg,1,1,1.0,0.294,0.006,0.086,3.644,1.15,89.868,2.298,99.012
FireSmokeVideo125_f75_jpg.rf.1aead70d643809c32fdee0f125de9952.jpg,1,1,1.0,0.291,0.006,0.081,4.839,5.612,84.745,5.27,102.539
FireSmokeVideo126_f66_jpg.rf.c0246f2430db297e81592e4b2fd7912a.jpg,1,1,1.0,0.358,0.007,0.087,6.169,1.216,91.072,2.472,103.129
FireSmokeVideo126_f87_jpg.rf.35c41e77e2bc9c0e9faf4e6058dadfe1.jpg,1,1,1.0,0.293,0.007,0.086,7.673,3.79,75.609,1.994,91.152
FireSmokeVideo126_f93_jpg.rf.aa93c2e2038b0c1c1d6e737210d36b96.jpg,1,1,1.0,0.346,0.009,0.105,15.491,5.816,77.717,2.128,103.206
FireSmokeVideo127_f27_jpg.rf.fc13884eb0653fb8d15ba09c4528e4ef.jpg,1,1,1.0,0.286,0.007,0.081,2.919,3.399,76.244,2.38,86.985
FireSmokeVideo127_f34_jpg.rf.22520a798fcca9b663367fed173e9c9e.jpg,1,1,1.0,0.288,0.007,0.08,5.716,6.444,81.262,2.206,97.67
FireSmokeVideo127_f40_jpg.rf.f3ab5692318d24c717c5b5e093a42523.jpg,1,1,1.0,0.298,0.006,0.084,7.202,1.308,77.624,2.645,90.795
FireSmokeVideo128_f105_jpg.rf.2d2a0343396f7681ce242a26b01b328b.jpg,1,1,1.0,0.287,0.006,0.083,2.68,1.214,77.107,2.211,85.174
FireSmokeVideo129_f21_jpg.rf.2144f235c0ac045387e65cb59397ad1f.jpg,1,1,1.0,0.294,0.006,0.083,5.061,3.7,82.372,5.771,98.901
FireSmokeVideo129_f7_jpg.rf.4fa48574fa0b563aada9f06d4cd9b33c.jpg,1,1,1.0,0.286,0.006,0.084,4.954,6.728,87.688,2.225,103.606
FireSmokeVideo12_f5_jpg.rf.fc5b7d60c5371e3955f4bebe6067468b.jpg,1,1,1.0,0.289,0.007,0.08,6.089,4.991,87.957,2.441,103.553
FireSmokeVideo12_f8_jpg.rf.b92b9d9cb716d7100bea6d35d0dd1d51.jpg,1,1,1.0,0.284,0.006,0.08,4.834,1.166,78.318,2.21,88.583
FireSmokeVideo130_f108_jpg.rf.f15635ae60d6ff0a938b913434a46467.jpg,1,1,1.0,0.286,0.007,0.089,13.1,5.987,77.235,2.244,100.233
FireSmokeVideo130_f36_jpg.rf.3f61e4ea4d8cf683eaa7ec2764e55beb.jpg,1,1,1.0,0.284,0.006,0.081,10.776,6.693,78.158,3.554,101.298
FireSmokeVideo130_f65_jpg.rf.d707bfb944aaf0f27e8f7e50a1cf1881.jpg,1,1,1.0,0.297,0.006,0.078,4.467,1.095,76.847,2.134,86.444
FireSmokeVideo131_f20_jpg.rf.93049928640b5a0fa07411d43b574ace.jpg,1,1,1.0,0.287,0.006,0.078,6.311,5.3,81.376,3.871,99.306
FireSmokeVideo131_f33_jpg.rf.a887597ef3e6ff15ad439932f428eb90.jpg,1,1,1.0,0.216,0.004,0.05,6.738,3.645,80.342,2.164,94.823
FireSmokeVideo131_f3_jpg.rf.44d943147adb81d27d767929ef403512.jpg,1,1,1.0,0.285,0.006,0.078,2.81,1.231,88.431,2.352,96.915
FireSmokeVideo131_f52_jpg.rf.31a2efe42eb6b9551afaf6579a4baf74.jpg,1,1,1.0,0.31,0.007,0.085,11.83,6.11,81.928,2.252,104.261
FireSmokeVideo131_f60_jpg.rf.3d92a3a7fa09716ea7d86ce21d4a03dd.jpg,1,1,0.9998,0.291,0.007,0.081,10.95,7.077,87.379,2.243,109.718
FireSmokeVideo131_f9_jpg.rf.d7461d0c39fadb18d291669faf3e0e84.jpg,1,1,1.0,0.289,0.007,0.081,8.081,4.689,85.675,2.51,103.025
FireSmokeVideo132_f72_jpg.rf.0d3ed8264f58cfab666b7f53c0b09326.jpg,1,1,1.0,0.288,0.006,0.08,8.164,6.587,81.327,2.25,100.365
FireSmokeVideo133_f2_jpg.rf.1c6353333c2ec0193e3acdd962e34cb4.jpg,1,1,1.0,0.286,0.007,0.078,4.735,1.15,86.365,2.31,96.72
FireSmokeVideo134_f21_jpg.rf.39891f7e072f3f52747b51e2d50d5433.jpg,1,1,1.0,0.486,0.007,0.079,2.636,1.23,76.04,2.262,84.362
FireSmokeVideo134_f5_jpg.rf.cc7a8c6d6ff51448049e5e7382004e62.jpg,1,1,1.0,0.283,0.006,0.077,3.073,1.671,93.883,2.324,102.955
FireSmokeVideo135_f0_jpg.rf.52db189a99d9e8bd18299325f83c8ffa.jpg,1,1,0.9942,0.287,0.006,0.08,7.496,1.218,76.868,2.239,89.933
FireSmokeVideo135_f1_jpg.rf.6af86288e3ce6787f5106099c1044be6.jpg,1,1,0.9993,0.289,0.006,0.081,11.268,7.335,100.036,2.37,125.078
FireSmokeVideo135_f50_jpg.rf.a690a5caa239f96c36db44d6196cdf0c.jpg,1,1,1.0,0.286,0.006,0.08,10.077,1.286,75.595,2.355,91.364
FireSmokeVideo135_f76_jpg.rf.8811f0a542a88edffef4d8c35afacd7a.jpg,1,1,1.0,0.294,0.006,0.082,6.358,1.9,75.426,2.236,88.558
FireSmokeVideo136_f26_jpg.rf.83f1134da865b0acee7b6d4d3cee3b84.jpg,1,1,1.0,0.288,0.006,0.077,2.849,1.231,76.302,2.207,84.707
FireSmokeVideo136_f68_jpg.rf.b260c8e75c25a54723f7352fd322941c.jpg,1,1,1.0,0.208,0.005,0.048,2.257,2.115,88.408,1.89,96.589
FireSmokeVideo137_f0_jpg.rf.405d8072a53d424d10ad983420e286ae.jpg,1,1,1.0,0.276,0.006,0.074,2.798,1.408,84.441,4.55,95.192
FireSmokeVideo137_f107_jpg.rf.4bd32ab6da4f78f415233b37349ad295.jpg,1,1,1.0,0.286,0.006,0.076,5.115,5.587,118.921,1.615,133.249
FireSmokeVideo137_f115_jpg.rf.c67ab6690f85840d573c014d779205f4.jpg,1,1,1.0,0.291,0.007,0.081,6.647,5.083,90.408,2.126,106.39
FireSmokeVideo137_f128_jpg.rf.cbbe5c7ddef63190f235d4106b27d0bb.jpg,1,1,1.0,0.289,0.006,0.082,7.145,3.444,91.923,2.086,106.645
FireSmokeVideo137_f133_jpg.rf.75130423d8bd940fa28c9ac870842cbe.jpg,1,1,1.0,0.304,0.006,0.243,11.221,6.24,75.74,1.898,97.362
FireSmokeVideo137_f139_jpg.rf.371391abc73294e6b126dfb386be895f.jpg,1,1,0.7344,0.284,0.007,0.076,6.92,6.181,76.017,4.062,95.205
FireSmokeVideo137_f41_jpg.rf.9399acd89a8ac2d5ad5cad7208446263.jpg,1,1,1.0,0.288,0.006,0.079,7.784,4.768,76.164,1.842,92.702
FireSmokeVideo137_f44_jpg.rf.3353b0d0573618ac335db9f47fe81a1d.jpg,1,1,0.936,0.292,0.007,0.077,7.042,6.62,79.011,2.577,97.342
FireSmokeVideo137_f82_jpg.rf.e9ee970d87b98106b47fa9f30e304dcb.jpg,1,1,1.0,0.287,0.006,0.079,8.613,5.938,76.085,1.799,94.517
FireSmokeVideo137_f85_jpg.rf.b4f72bfb4245fb30cfc663f68c6a34d1.jpg,1,1,1.0,0.288,0.006,0.077,4.972,1.352,85.761,5.89,99.98
FireSmokeVideo137_f88_jpg.rf.c2943b967017d060bbb0614ee20c7e34.jpg,1,1,1.0,0.288,0.006,0.079,5.268,1.384,77.683,1.898,88.269
FireSmokeVideo137_f93_jpg.rf.4f427cda25369a3907911a6bd46f2b79.jpg,1,1,1.0,0.291,0.007,0.08,7.479,3.424,84.872,2.492,100.365
FireSmokeVideo139_f0_jpg.rf.cb0b56cd99e52a84ca5302a4eb8d82c7.jpg,1,1,1.0,0.295,0.006,0.077,3.085,2.9,88.896,2.203,99.071
FireSmokeVideo139_f106_jpg.rf.7ce9903164455b67f8100b682d0ae189.jpg,1,1,1.0,0.293,0.006,0.076,2.975,1.194,88.743,2.53,97.537
FireSmokeVideo139_f28_jpg.rf.d79dbd729aeffab361b8ddc8732c5303.jpg,1,1,1.0,0.29,0.006,0.075,3.348,6.489,75.05,1.971,88.934
FireSmokeVideo139_f50_jpg.rf.3a5130a5ed4fcc9542e6d87eec8ee910.jpg,1,1,1.0,0.287,0.006,0.076,3.294,8.121,89.935,2.105,105.5
FireSmokeVideo139_f66_jpg.rf.fbc6591c843420c811ecfbd8db4eea87.jpg,1,1,1.0,0.293,0.006,0.08,5.641,6.017,75.453,1.994,91.147
FireSmokeVideo139_f82_jpg.rf.a5bae215441357f0d889d4dc41c28ef3.jpg,1,1,1.0,0.22,0.004,0.087,5.093,5.723,75.548,2.483,90.437
FireSmokeVideo139_f88_jpg.rf.5728a484edd5f1c62ae7e84a767191d2.jpg,1,1,1.0,0.287,0.007,0.078,6.975,6.24,75.796,2.729,93.85
FireSmokeVideo13_f13_jpg.rf.985e956a6b6150840efac91cb11c2325.jpg,1,1,1.0,0.352,0.006,0.079,3.208,1.092,76.471,1.896,84.345
FireSmokeVideo13_f189_jpg.rf.d84a9fc5e1c41fe728c09ab68995ba9d.jpg,1,1,1.0,0.294,0.006,0.077,2.896,1.19,77.945,2.469,86.604
FireSmokeVideo13_f212_jpg.rf.c63f8f1b6a14b302f4b8f59b35833a47.jpg,1,1,1.0,0.297,0.007,0.08,5.337,1.331,89.747,1.927,100.275
FireSmokeVideo13_f26_jpg.rf.53c282b183b548f438b62dd177db71bd.jpg,1,1,1.0,0.288,0.006,0.074,2.891,1.143,81.017,3.024,90.122
FireSmokeVideo141_f142_jpg.rf.f861852a0ae8e1bef4558f039a090eca.jpg,1,1,1.0,0.288,0.007,0.08,3.083,6.078,76.392,2.261,89.82
FireSmokeVideo141_f160_jpg.rf.b3a9577515c8c73a88fdf4409882edf0.jpg,1,1,1.0,0.291,0.006,0.075,8.007,1.232,82.902,5.545,99.726
FireSmokeVideo141_f199_jpg.rf.e70895a6505f93fe128b569f42d572cd.jpg,1,1,1.0,0.292,0.007,0.079,4.648,1.213,77.418,1.76,87.123
FireSmokeVideo141_f21_jpg.rf.10eb316d7069513fb7bf1d7160ad91de.jpg,1,1,1.0,0.274,0.006,0.073,3.664,1.232,86.496,3.537,96.936
FireSmokeVideo141_f235_jpg.rf.e2deb7b0f48fd964ffe8041317c65ae9.jpg,1,1,1.0,0.3,0.007,0.078,4.096,1.267,76.928,1.794,86.216
FireSmokeVideo141_f259_jpg.rf.aac09484a9aa679bf0b9e927b6f802e4.jpg,1,1,0.7955,0.276,0.006,0.079,10.475,5.923,90.38,2.389,111.157
FireSmokeVideo141_f2_jpg.rf.0ac17c38e5753447b75c9a065410d98c.jpg,1,1,1.0,0.295,0.006,0.078,7.54,6.157,75.929,1.959,93.674
FireSmokeVideo141_f33_jpg.rf.9b07b62405b0cd7af6baa6d0b44877c5.jpg,1,1,1.0,0.391,0.007,0.084,8.105,1.977,82.935,2.036,97.514
FireSmokeVideo141_f6_jpg.rf.c00c6bb192bd6f83aeffabbdb45e9526.jpg,1,1,1.0,0.296,0.006,0.084,5.346,4.147,75.583,2.537,89.62
FireSmokeVideo142_f104_jpg.rf.893f1c74b7d83cff2f4155bf835498eb.jpg,1,1,1.0,0.291,0.006,0.084,5.86,1.272,77.305,1.813,88.339
FireSmokeVideo142_f108_jpg.rf.33914d65ca2e724562aeeda2e5dbc933.jpg,1,1,1.0,0.274,0.006,0.07,2.815,1.139,81.883,4.591,92.379
FireSmokeVideo142_f12_jpg.rf.d9255f845e40e8c7a1426c064dfdc176.jpg,1,1,1.0,0.285,0.006,0.079,3.134,1.18,76.698,1.863,84.946
FireSmokeVideo142_f5_jpg.rf.db6f9c134b5af42230a347515caf79c5.jpg,1,1,1.0,0.286,0.005,0.077,3.23,1.171,84.513,3.75,94.64
FireSmokeVideo142_f80_jpg.rf.7b30f8df118d39378d8ff189e46e3c3d.jpg,1,1,1.0,0.288,0.007,0.076,5.238,1.196,76.883,1.814,87.151
FireSmokeVideo142_f88_jpg.rf.6634ceaed3e9b5fac15aaad4ca87f76a.jpg,1,1,1.0,0.288,0.006,0.082,3.936,1.205,81.879,3.398,92.483
FireSmokeVideo143_f121_jpg.rf.3953b0f7f462376b3966b4e0e186dce8.jpg,1,1,1.0,0.437,0.007,0.087,7.874,7.084,74.948,2.087,94.146
FireSmokeVideo143_f54_jpg.rf.f3f03d2dcdcdb6700cfb14f64252d6a1.jpg,1,1,1.0,0.392,0.004,0.067,7.958,6.261,91.421,2.584,111.232
FireSmokeVideo144_f12_jpg.rf.22d43c3659ea99ec7d6dc4eeba62106a.jpg,1,1,1.0,0.287,0.006,0.08,11.494,5.883,75.069,1.84,96.319
FireSmokeVideo144_f1_jpg.rf.49e77957f9aa34d80ea1cda334e30f5a.jpg,1,1,1.0,0.298,0.007,0.078,8.988,5.98,91.294,2.464,110.775
FireSmokeVideo144_f27_jpg.rf.ea7c6f12b8e65dde8c4d50677366a179.jpg,1,1,1.0,0.292,0.016,0.076,9.535,1.854,76.266,1.82,91.554
FireSmokeVideo144_f30_jpg.rf.2060415c2e2bc9fcbd1f3cd8f3e5cb84.jpg,1,1,1.0,0.296,0.005,0.085,15.775,1.849,76.966,1.81,98.497
FireSmokeVideo144_f36_jpg.rf.bad4771d7072cbc83eefcd564daf928d.jpg,1,1,1.0,0.289,0.015,0.074,6.555,4.541,75.154,2.097,90.352
FireSmokeVideo144_f39_jpg.rf.f243f3b0d0fdd6959e18a3ed0409e4c1.jpg,1,1,1.0,0.216,0.004,0.051,8.542,6.232,76.144,1.882,94.714
FireSmokeVideo144_f5_jpg.rf.07ce1302a512403f144ffca0c2e00a4e.jpg,1,1,1.0,0.283,0.006,0.081,8.214,5.937,77.572,3.031,96.742
FireSmokeVideo146_f111_jpg.rf.e107a89d150e7df9a9a71a717ba3f41e.jpg,1,1,1.0,0.317,0.007,0.08,4.673,1.425,89.886,2.15,100.274
FireSmokeVideo146_f140_jpg.rf.77a512a58998ba693cc6c46d047c83fa.jpg,1,1,1.0,0.383,0.007,0.081,2.95,1.245,88.741,2.135,97.195
FireSmokeVideo146_f34_jpg.rf.2ed1637ad8b9d40727dea48d5c09e2ba.jpg,1,1,1.0,0.296,0.007,0.078,2.95,1.191,77.691,2.322,86.263
FireSmokeVideo146_f54_jpg.rf.c7637678db139581e380f188ed7b1e71.jpg,1,1,1.0,0.293,0.006,0.079,2.706,1.253,91.229,2.177,99.398
FireSmokeVideo146_f75_jpg.rf.024d3afe7686128a8db6ae98d89c1275.jpg,1,1,1.0,0.288,0.006,0.079,3.076,1.196,78.064,2.254,86.673
FireSmokeVideo146_f86_jpg.rf.4d7e09e4784ef40371ab3f267f17d53a.jpg,1,1,1.0,0.285,0.007,0.075,4.282,1.194,91.14,2.476,101.221
FireSmokeVideo146_f97_jpg.rf.71f019a50799e758795b6fc576233738.jpg,1,1,1.0,0.29,0.006,0.078,2.773,1.181,77.602,1.867,85.431
FireSmokeVideo147_f105_jpg.rf.184f7bbca0e88b4da5e6e8ba54539eb9.jpg,1,1,1.0,0.292,0.006,0.077,3.316,1.397,93.931,2.148,102.839
FireSmokeVideo147_f110_jpg.rf.39d90c0efbb0d8dcfc7fa630d8e2deb7.jpg,1,1,1.0,0.288,0.006,0.08,3.639,1.22,77.28,1.84,86.072
FireSmokeVideo147_f120_jpg.rf.c06d7529a74162fce68963556d818f7f.jpg,1,1,1.0,0.295,0.006,0.076,3.015,1.304,104.869,2.281,113.481
FireSmokeVideo147_f207_jpg.rf.a5c643e96815d6d709c528c77bb3d58f.jpg,1,1,1.0,0.38,0.007,0.078,3.376,1.239,77.74,1.96,86.415
FireSmokeVideo147_f38_jpg.rf.57a1845dad097376c10408bfef8b1cb1.jpg,1,1,1.0,0.288,0.006,0.08,2.822,1.193,78.849,1.776,86.701
FireSmokeVideo147_f44_jpg.rf.22c6865a4b5db17f99ec6327c792ff54.jpg,1,1,1.0,0.278,0.006,0.076,3.641,4.908,76.357,1.965,89.63
FireSmokeVideo147_f67_jpg.rf.25b09880bb78c55f147fd26fde50f495.jpg,1,1,1.0,0.302,0.006,0.074,3.004,1.697,77.964,1.713,86.403
FireSmokeVideo147_f78_jpg.rf.0ada9055a0da395bc34b1f776f0ddfc5.jpg,1,1,1.0,0.27,0.007,0.071,3.347,1.146,78.885,3.505,88.937
FireSmokeVideo147_f85_jpg.rf.2a5b473724bc40e5cd5a0e797bb1c091.jpg,1,1,1.0,0.286,0.007,0.082,5.396,1.291,77.448,1.815,87.985
FireSmokeVideo147_f91_jpg.rf.aabda267ea9dd4d269e5107c7a69878f.jpg,1,1,1.0,0.271,0.007,0.078,5.76,1.277,80.643,6.687,96.323
FireSmokeVideo148_f2_jpg.rf.a1048b7211c010a32a3eb107d2b3161d.jpg,1,1,1.0,0.285,0.006,0.082,3.242,2.834,78.016,1.833,87.897
FireSmokeVideo148_f41_jpg.rf.c7435563f1953b92f9b8bbb9c14607d2.jpg,1,1,0.9999,0.286,0.006,0.08,5.87,5.257,103.58,2.516,119.359
FireSmokeVideo148_f74_jpg.rf.99e042ee5ded827875d46b4647f93afe.jpg,1,1,1.0,0.283,0.006,0.081,3.92,1.378,77.336,1.9,86.573
FireSmokeVideo149_f133_jpg.rf.58002a39879ecc7a181d1ff1deab79ee.jpg,1,1,1.0,0.295,0.005,0.081,2.809,1.182,87.85,2.334,96.196
FireSmokeVideo149_f147_jpg.rf.a0f01f8a586151e92d6838330bce6184.jpg,1,1,1.0,0.297,0.006,0.081,2.913,1.29,77.593,1.931,85.758
FireSmokeVideo149_f163_jpg.rf.0e41e91d3f06afacd9d3aea7dd8253b3.jpg,1,1,1.0,0.288,0.006,0.075,2.895,1.178,91.654,2.295,100.03
FireSmokeVideo149_f184_jpg.rf.8dcba5fd32d6fb3a4190c6111c190f04.jpg,1,1,1.0,0.286,0.006,0.078,3.939,1.195,77.919,1.935,87.069
FireSmokeVideo149_f209_jpg.rf.2d33c722ab9c53557d73ca0a4d5d7d22.jpg,1,1,1.0,0.29,0.006,0.078,3.017,2.702,92.724,2.483,103.088
FireSmokeVideo149_f2_jpg.rf.97fb96aa8642edf3d09ebac339d613b5.jpg,1,1,1.0,0.293,0.006,0.076,3.301,1.175,77.37,2.043,85.902
FireSmokeVideo149_f37_jpg.rf.c978ba2364c9fa3bf52f8222f8bceb08.jpg,1,1,1.0,0.293,0.007,0.079,3.011,1.432,88.565,2.016,97.065
FireSmokeVideo14_f11_jpg.rf.a53e4cd0540f4219677b117fd3fe769c.jpg,1,1,1.0,0.44,0.006,0.055,2.318,1.229,91.592,2.452,99.829
FireSmokeVideo14_f36_jpg.rf.3a9e65b877528bf6ec1396680305cf24.jpg,1,1,1.0,0.292,0.007,0.079,2.781,1.169,77.525,1.745,85.309
FireSmokeVideo14_f40_jpg.rf.2fc0a8e8896f867add6bc24696b93cc6.jpg,1,1,1.0,0.28,0.006,0.071,2.695,1.132,77.724,2.203,85.698
FireSmokeVideo14_f60_jpg.rf.80052cc23703af67cab08e139e7dcf69.jpg,1,1,1.0,0.218,0.004,0.049,3.207,1.169,76.717,2.57,85.635
FireSmokeVideo14_f87_jpg.rf.cd14bf45668831f21f69131ed0bee249.jpg,1,1,1.0,0.289,0.006,0.08,2.791,1.178,78.122,2.357,86.473
FireSmokeVideo14_f94_jpg.rf.15ef3b5a8b7ca7d1a365f99777359ba0.jpg,1,1,1.0,0.215,0.004,0.052,9.692,1.605,76.532,1.828,91.58
FireSmokeVideo150_f2_jpg.rf.d27bae2fdb6775b5cf0f2a9684150c20.jpg,1,1,1.0,0.285,0.006,0.075,2.688,1.222,77.295,1.886,85.075
FireSmokeVideo151_f21_jpg.rf.150d373b3eebc5b5dae6f3782809b6d6.jpg,1,1,1.0,0.286,0.006,0.077,2.968,1.197,78.565,1.869,86.558
FireSmokeVideo151_f84_jpg.rf.04a0d3c85af05aa01b6278fd783e5a04.jpg,1,1,1.0,0.289,0.006,0.077,2.719,1.139,77.296,1.841,85.076
FireSmokeVideo152_f170_jpg.rf.00dc728229149f9850b22010a8bad547.jpg,1,1,1.0,0.294,0.006,0.078,2.591,1.475,95.44,1.86,103.336
FireSmokeVideo152_f191_jpg.rf.faafb8f1755a4c139cd87f38ff2be273.jpg,1,1,1.0,0.289,0.006,0.079,3.173,1.154,85.473,2.53,94.336
FireSmokeVideo152_f200_jpg.rf.41e6315881262783d4eab3a34cc81b9d.jpg,1,1,1.0,0.291,0.007,0.079,4.829,3.011,74.885,1.803,86.548
FireSmokeVideo152_f208_jpg.rf.eb594f05d234952816525c55e44bad00.jpg,1,1,1.0,0.284,0.006,0.079,2.708,1.788,87.904,2.153,96.608
FireSmokeVideo152_f245_jpg.rf.b7b45c184971854758d7a77db7c9e3be.jpg,1,1,1.0,0.294,0.006,0.078,3.136,1.223,76.899,2.519,85.877
FireSmokeVideo152_f71_jpg.rf.3a883843f9306a470f8b447daa7bbde2.jpg,1,1,1.0,0.291,0.006,0.078,3.013,1.146,90.875,2.055,99.153
FireSmokeVideo153_f11_jpg.rf.4c6f79da8e0eff39ed41fd1947dd951d.jpg,1,1,1.0,0.284,0.006,0.075,3.087,1.158,76.94,1.8,84.986
FireSmokeVideo153_f7_jpg.rf.e186dba6e965c7dfec21b54115656c42.jpg,1,1,1.0,0.288,0.006,0.075,2.638,2.844,90.747,2.072,100.352
FireSmokeVideo155_f1_jpg.rf.46c7ebc54733e74ff718d4015580ed59.jpg,1,1,1.0,0.295,0.006,0.076,3.939,1.182,77.759,1.823,86.768
FireSmokeVideo156_f2_jpg.rf.71e8eee39e58e22b1498cd670d851286.jpg,1,1,1.0,0.297,0.007,0.08,8.724,7.54,91.037,1.919,111.399
FireSmokeVideo156_f7_jpg.rf.05464e7e2a7b9e398e50eb231dc3170b.jpg,1,1,1.0,0.302,0.006,0.078,5.184,6.881,74.787,2.648,91.566
FireSmokeVideo157_f137_jpg.rf.f926506f142ce17bad68f9d6aaa3dff9.jpg,1,1,1.0,0.28,0.006,0.076,2.894,1.463,76.498,1.888,84.755
FireSmokeVideo157_f181_jpg.rf.dcd7130d85ce376a94d88372277bbb00.jpg,1,1,1.0,0.287,0.007,0.075,2.927,1.131,75.881,1.876,83.892
FireSmokeVideo157_f8_jpg.rf.a217b5aaf4c720eee771b3e4a51079aa.jpg,1,1,1.0,0.287,0.007,0.078,3.19,1.214,77.436,1.958,85.849
FireSmokeVideo158_f20_jpg.rf.55ac39e4f405681aff2174d756344254.jpg,1,1,1.0,0.284,0.006,0.077,2.875,2.054,79.287,3.493,89.709
FireSmokeVideo158_f37_jpg.rf.73305697f9b154dd563a8bd346fdf0d5.jpg,1,1,1.0,0.289,0.006,0.081,8.617,6.757,75.682,1.886,95.178
FireSmokeVideo159_f13_jpg.rf.95563750f4985b9585977cc65ea827f6.jpg,1,1,1.0,0.292,0.006,0.079,4.45,1.866,86.294,2.553,97.206
FireSmokeVideo159_f7_jpg.rf.f5c2af61435f6995f5c50ff534b60174.jpg,1,1,0.9981,0.288,0.006,0.078,8.042,1.846,77.496,1.823,91.275
FireSmokeVideo15_f19_jpg.rf.c838c9a54fb27f878b222a412e8bb50e.jpg,1,1,0.981,0.296,0.006,0.082,4.002,1.432,101.052,2.25,110.761
FireSmokeVideo15_f32_jpg.rf.0ea20ed146e137b2f4141c59f464c34e.jpg,1,1,1.0,0.295,0.006,0.081,4.861,1.243,77.124,2.143,87.477
FireSmokeVideo15_f5_jpg.rf.89cd725b7931823b705515f8fb40d261.jpg,1,1,0.9993,0.301,0.006,0.079,4.77,1.229,92.002,2.507,102.583
FireSmokeVideo160_f109_jpg.rf.91d4ac0234a82911d7cbc7c2b0fbe12b.jpg,1,1,1.0,0.244,0.005,0.059,3.923,1.132,77.13,2.066,85.945
FireSmokeVideo160_f23_jpg.rf.7a13761c4258d7361759e288ebd3a7ed.jpg,1,1,1.0,0.299,0.006,0.08,9.111,7.136,84.708,2.482,105.657
FireSmokeVideo160_f37_jpg.rf.6528491599af5353b5b8253803cd05e8.jpg,1,1,1.0,0.291,0.007,0.082,7.17,5.354,75.745,2.594,93.003
FireSmokeVideo160_f6_jpg.rf.aecdeea18caeb80749d7ac6fa3ae85d4.jpg,1,1,1.0,0.269,0.004,0.073,11.455,3.797,75.991,1.925,95.242
FireSmokeVideo160_f96_jpg.rf.6867e884e6a5dcafd64eaa2e57cbba3d.jpg,1,1,1.0,0.293,0.006,0.077,8.759,1.174,83.043,2.693,97.739
FireSmokeVideo162_f25_jpg.rf.7261b43b10cf9bd2368978b45a048984.jpg,1,1,1.0,0.286,0.006,0.079,3.476,1.162,77.29,1.812,85.709
FireSmokeVideo162_f43_jpg.rf.cdf4770aa64976a4d27564d1af65ccbe.jpg,1,1,1.0,0.285,0.008,0.078,3.064,1.14,101.598,1.88,109.682
FireSmokeVideo162_f64_jpg.rf.b28e1911e22e98bb71b063b4ca0cc78a.jpg,1,1,1.0,0.286,0.006,0.079,9.599,6.548,74.945,1.825,95.007
FireSmokeVideo163_f102_jpg.rf.76fc312f8d96130a63537882195dbb24.jpg,1,1,0.9886,0.289,0.006,0.078,8.473,6.146,92.69,1.931,111.348
FireSmokeVideo163_f16_jpg.rf.1a03de7ea7c600cbead97fa248fd908b.jpg,1,1,1.0,0.289,0.007,0.076,4.372,4.159,75.935,1.995,88.543
FireSmokeVideo163_f2_jpg.rf.6e7e3d3fc50608932e61689a36f615ad.jpg,1,1,1.0,0.29,0.006,0.073,8.45,6.61,76.173,1.881,95.187
FireSmokeVideo163_f3_jpg.rf.f44c7aa4b0def3ebb4d4017db0d86d50.jpg,1,1,1.0,0.288,0.006,0.076,7.724,1.193,76.034,1.931,88.884
FireSmokeVideo163_f46_jpg.rf.61ed1e73a78ff00293fa1c1135f1d9cd.jpg,1,1,1.0,0.286,0.006,0.075,3.07,2.783,76.211,1.82,85.922
FireSmokeVideo163_f57_jpg.rf.50d40debcd1d20b40102fbc3bf8912be.jpg,1,1,1.0,0.296,0.006,0.075,7.841,6.064,76.547,3.661,96.137
FireSmokeVideo163_f63_jpg.rf.6676cb01f5427616ef0df8f6cb714902.jpg,1,1,1.0,0.284,0.007,0.078,10.643,1.198,81.452,2.567,98.28
FireSmokeVideo163_f66_jpg.rf.9140aec59012763d04b11084f3ec033c.jpg,1,1,1.0,0.246,0.005,0.05,3.328,3.349,120.258,2.515,132.075
FireSmokeVideo163_f69_jpg.rf.8c70d5c61c892752a4bdc40cee18e6ff.jpg,1,1,1.0,0.291,0.006,0.08,7.428,6.197,77.27,1.986,94.975
FireSmokeVideo163_f71_jpg.rf.550d5b4bc02bc920af81fbf004532475.jpg,1,1,1.0,0.304,0.007,0.083,9.83,5.525,92.061,2.577,112.187
FireSmokeVideo163_f75_jpg.rf.92ca8868aa76d422ff365b7093a67ffd.jpg,1,1,1.0,0.3,0.007,0.081,14.343,3.476,113.032,1.838,134.547
FireSmokeVideo164_f0_jpg.rf.e6a8f3645e6fc7c2008f4d8285a13a3b.jpg,1,1,1.0,0.236,0.005,0.058,8.299,7.739,113.438,2.178,133.578
FireSmokeVideo164_f1_jpg.rf.57e98199fce47d00d35732d475a5f0fa.jpg,1,1,1.0,0.294,0.007,0.081,8.172,7.59,112.576,2.538,133.067
FireSmokeVideo164_f41_jpg.rf.715b4b8384f7bc9542a7b34d1e979ea4.jpg,1,1,1.0,0.294,0.006,0.075,7.248,1.909,91.2,2.495,105.546
FireSmokeVideo164_f46_jpg.rf.1aef076012dfd70135f794af80bcb2c1.jpg,1,1,1.0,0.321,0.007,0.086,8.948,4.002,102.354,2.867,120.306
FireSmokeVideo164_f65_jpg.rf.bf70d15b25c825318c73bf94f46dd161.jpg,1,1,1.0,0.296,0.006,0.078,7.403,5.881,81.048,2.298,98.763
FireSmokeVideo165_f11_jpg.rf.2e85ff9fdf051537eac5fc9b2d56999f.jpg,1,1,1.0,0.298,0.006,0.081,8.863,7.09,94.417,2.514,114.957
FireSmokeVideo165_f125_jpg.rf.6d66395a85ef464e1c94ae2fe263b1b3.jpg,1,1,1.0,0.291,0.006,0.083,9.179,1.313,77.622,2.369,92.544
FireSmokeVideo165_f130_jpg.rf.06932b78d8233fe4569548343010a31a.jpg,1,1,1.0,0.249,0.005,0.054,8.675,4.647,75.618,2.248,93.125
FireSmokeVideo165_f139_jpg.rf.190c98ac8b0e07d7b199cfeb289e03a2.jpg,1,1,1.0,0.296,0.007,0.079,2.803,1.142,76.525,2.165,84.59
FireSmokeVideo165_f17_jpg.rf.7177ab51d731a1e1f96b48db772700fc.jpg,1,1,1.0,0.288,0.006,0.076,2.843,1.436,80.699,2.206,89.139
FireSmokeVideo165_f22_jpg.rf.a8124e7ab092d041e7882cced2a126e8.jpg,1,1,1.0,0.296,0.006,0.075,2.784,1.145,77.408,2.156,85.44
FireSmokeVideo165_f27_jpg.rf.e8e0c2d8a78be8adaf828b98e5a8508e.jpg,1,1,1.0,0.308,0.006,0.08,3.27,1.243,101.252,2.291,110.034
FireSmokeVideo165_f42_jpg.rf.cc45b64827f85e36ff76623bae203921.jpg,1,1,1.0,0.286,0.006,0.076,2.973,1.194,79.883,2.48,88.502
FireSmokeVideo165_f49_jpg.rf.9b2d0925edc0a67a7e911cde5f063b99.jpg,1,1,1.0,0.283,0.006,0.074,2.693,1.139,77.189,2.197,85.208
FireSmokeVideo165_f6_jpg.rf.8bfcc2e308cdb001dda362dbfff3822e.jpg,1,1,1.0,0.281,0.006,0.072,2.854,1.143,105.69,5.154,116.876
FireSmokeVideo165_f9_jpg.rf.85a2f147e968d82c4982a0ad6617a367.jpg,1,1,1.0,0.297,0.007,0.08,2.723,1.313,118.192,1.815,126.134
FireSmokeVideo166_f15_jpg.rf.849b6da11ddd823fe412f0f540a2a766.jpg,1,1,1.0,0.251,0.005,0.052,6.253,6.177,113.692,2.212,130.542
FireSmokeVideo166_f19_jpg.rf.e0fd5c618aaacb8bbecbf1d09bc55853.jpg,1,1,1.0,0.291,0.006,0.081,14.894,7.196,100.477,2.492,128.973
FireSmokeVideo166_f21_jpg.rf.1bf6e8376350f6874cba8f85f623b1e9.jpg,1,1,1.0,0.38,0.007,0.08,6.638,4.029,76.346,2.168,91.353
FireSmokeVideo166_f29_jpg.rf.66374e281380b51d35fd37d4c1746c08.jpg,1,1,1.0,0.29,0.006,0.083,6.795,4.641,95.524,2.034,111.074
FireSmokeVideo166_f32_jpg.rf.854ccabfba895d226069d0e9ee6d22a7.jpg,1,1,1.0,0.291,0.007,0.086,7.142,5.979,81.48,3.209,99.915
FireSmokeVideo166_f39_jpg.rf.d70c6af3fb1abe67d0cdd28fd412560c.jpg,1,1,1.0,0.281,0.006,0.077,8.037,6.06,75.764,1.86,93.754
FireSmokeVideo166_f41_jpg.rf.e921ca71bd33f9e8b4dbd2393f0059f6.jpg,1,1,1.0,0.376,0.006,0.078,5.676,3.534,78.852,3.801,93.965
FireSmokeVideo166_f44_jpg.rf.f1dc0f9601357c4f3a4e107784f6cef8.jpg,1,1,1.0,0.295,0.007,0.08,9.001,1.631,80.989,1.83,95.499
FireSmokeVideo166_f52_jpg.rf.468f6528691fd4162b39199a5fe29400.jpg,1,1,1.0,0.298,0.006,0.079,2.661,2.648,91.505,1.884,100.743
FireSmokeVideo166_f55_jpg.rf.f8c057d3fafbcac0ea437071584618a5.jpg,1,1,1.0,0.372,0.006,0.081,3.16,1.78,77.738,1.78,86.517
FireSmokeVideo167_f1_jpg.rf.73413398bb5c1a6c83d0815bc6a89c9d.jpg,1,1,0.9997,0.29,0.007,0.077,3.05,1.156,95.311,1.953,103.421
FireSmokeVideo167_f29_jpg.rf.8221f4a406c0751b0f629edbd83791d6.jpg,1,1,0.997,0.289,0.007,0.076,2.718,1.152,77.494,1.834,85.118
FireSmokeVideo167_f31_jpg.rf.85108062e4f280ff88808a73037680ef.jpg,1,1,1.0,0.295,0.006,0.075,3.256,8.894,89.288,1.953,105.46
FireSmokeVideo167_f39_jpg.rf.0e80b2e44eeaba5d81c90146bb715e61.jpg,1,1,1.0,0.334,0.007,0.08,7.658,1.531,75.945,2.058,89.222
FireSmokeVideo168_f15_jpg.rf.ef1e587e857729afcd54c877036bf1bf.jpg,1,1,1.0,0.292,0.006,0.083,8.207,6.948,74.778,1.865,93.763
FireSmokeVideo168_f20_jpg.rf.ac77e414508fad2d05d891bee7b3ad0f.jpg,1,1,1.0,0.294,0.006,0.078,8.937,6.119,76.993,3.725,97.458
FireSmokeVideo169_f102_jpg.rf.4eaeb42f1cc84fb4cbf8e25b574d3a28.jpg,1,1,0.8999,0.29,0.007,0.159,8.256,2.566,75.587,1.918,90.38
FireSmokeVideo169_f17_jpg.rf.cf39d91d59aeb460c88935daf38c88cc.jpg,1,1,1.0,0.289,0.006,0.083,3.36,1.189,80.035,2.606,89.268
FireSmokeVideo169_f32_jpg.rf.bb4db6738964dcdafd5c87586b632f9b.jpg,1,1,1.0,0.288,0.007,0.077,4.535,1.711,77.856,1.818,87.991
FireSmokeVideo169_f38_jpg.rf.825b40fd225efd03f000ba9529cec652.jpg,1,1,1.0,0.273,0.006,0.072,3.758,1.15,79.538,2.694,89.067
FireSmokeVideo169_f48_jpg.rf.d56b439bc211f0b783d8569bba717cb1.jpg,1,1,1.0,0.216,0.005,0.05,3.027,1.188,83.37,2.019,91.504
FireSmokeVideo169_f55_jpg.rf.021d1b6b053a6f5776b7ba951851975a.jpg,1,1,1.0,0.284,0.006,0.079,3.675,1.136,93.779,4.016,104.645
FireSmokeVideo169_f59_jpg.rf.cb9056ef3b06604eddd8f94ecf6741ff.jpg,1,1,1.0,0.29,0.006,0.079,2.863,1.506,76.738,1.923,85.029
FireSmokeVideo169_f66_jpg.rf.c599e0030dfa3767d430cab5bb5c2ee7.jpg,1,1,0.962,0.284,0.006,0.123,5.212,4.108,85.367,5.321,102.088
FireSmokeVideo169_f77_jpg.rf.b466ac71591005e6c635178b2a8198f6.jpg,1,1,0.5097,0.291,0.007,0.078,4.855,1.273,77.516,1.906,87.58
FireSmokeVideo169_f82_jpg.rf.7b7b2d6ef577cf3a597774087a35ea12.jpg,1,1,1.0,0.285,0.006,0.082,4.508,1.228,86.518,6.014,100.343
FireSmokeVideo169_f86_jpg.rf.a125c650e2dbf88cb2b28e8539360ae1.jpg,1,1,1.0,0.328,0.006,0.08,4.482,1.474,76.547,1.85,86.413
FireSmokeVideo169_f96_jpg.rf.5a8b5274e452508f9c8b770c3ba0d191.jpg,1,0,0.4298,0.289,0.006,0.079,5.905,6.051,89.779,2.768,106.505
FireSmokeVideo16_f107_jpg.rf.443dae4c6fb11355adfc6f6eb52f42f9.jpg,1,1,1.0,0.288,0.006,0.08,11.196,5.999,75.594,1.848,96.663
FireSmokeVideo16_f114_jpg.rf.5c53212f73b1f1db7170b661369b30e1.jpg,1,1,1.0,0.217,0.005,0.049,3.154,7.598,93.729,2.202,108.483
FireSmokeVideo16_f7_jpg.rf.3163d677e8719b7331485956de808bcd.jpg,1,1,1.0,0.474,0.007,0.146,2.565,1.003,76.588,1.829,84.173
FireSmokeVideo16_f95_jpg.rf.9bacb55716cef232557ad0c88bc4ba84.jpg,1,1,1.0,0.218,0.004,0.051,7.713,6.763,85.418,2.559,104.423
FireSmokeVideo170_f44_jpg.rf.8926b36405c9b6f3784b6742a2d89db9.jpg,1,1,1.0,0.285,0.006,0.078,7.937,1.225,85.672,4.246,101.185
FireSmokeVideo170_f62_jpg.rf.bd3f7a327ead09098b18365c729aae9e.jpg,1,1,0.9997,0.212,0.004,0.049,4.83,3.379,76.055,2.149,89.021
FireSmokeVideo170_f79_jpg.rf.bbc620ad28f8e9c2c8e3322847e36b73.jpg,1,1,0.9996,0.295,0.006,0.08,3.711,1.747,91.292,2.455,101.234
FireSmokeVideo171_f127_jpg.rf.6771776e8729d38d5cdd65ca492d2d85.jpg,1,1,1.0,0.292,0.006,0.076,3.335,1.175,77.78,1.981,86.317
FireSmokeVideo171_f15_jpg.rf.97e5a5624b0f00d3b3f29ccd0de6ab80.jpg,1,1,1.0,0.289,0.006,0.077,3.046,3.756,93.405,2.502,104.5
FireSmokeVideo171_f183_jpg.rf.57cea7ea2717b3ca835a0e2b54f7b5ce.jpg,1,1,1.0,0.295,0.007,0.078,9.018,6.892,74.937,1.841,94.71
FireSmokeVideo171_f1_jpg.rf.58daa5b6f0fe8871e2ac77651c5d8745.jpg,1,1,1.0,0.298,0.006,0.078,9.241,7.479,92.735,1.919,113.252
FireSmokeVideo171_f232_jpg.rf.ba775f3bf68b2df7a0e735540368f8cc.jpg,1,1,1.0,0.333,0.007,0.079,3.701,1.357,77.139,1.847,86.031
FireSmokeVideo171_f283_jpg.rf.598f79e3bf8f21900083ead722adc87a.jpg,1,1,0.67,0.283,0.006,0.077,3.646,1.142,77.849,1.818,86.5
FireSmokeVideo171_f9_jpg.rf.33b60a6a8e527daa42db0a7c71a505ef.jpg,1,1,1.0,0.284,0.006,0.073,3.027,1.131,83.459,1.872,91.489
FireSmokeVideo172_f127_jpg.rf.765c998e5f1a05c01eb529f2953d6008.jpg,1,1,1.0,0.288,0.006,0.076,4.798,6.24,75.861,1.795,90.702
FireSmokeVideo172_f169_jpg.rf.f0a90dd4fdf59e1d3f0157ae598461b9.jpg,1,1,1.0,0.39,0.007,0.074,7.383,6.023,76.622,2.451,94.564
FireSmokeVideo172_f2_jpg.rf.02997969f0c10b14913d1bb21ef127aa.jpg,1,1,1.0,0.288,0.007,0.075,3.153,1.161,77.547,1.805,85.655
FireSmokeVideo172_f48_jpg.rf.3d8a34556332f3974de96f999f214e78.jpg,1,1,1.0,0.287,0.006,0.075,2.695,1.205,76.668,2.63,85.126
FireSmokeVideo172_f61_jpg.rf.8a1474e9e04d3a0e2e7e24ddf02652b8.jpg,1,1,1.0,0.294,0.007,0.071,3.684,2.078,82.165,1.804,91.66
FireSmokeVideo172_f8_jpg.rf.8535ac18d7ea6ec741e979365ec50de6.jpg,1,1,1.0,0.288,0.006,0.071,2.745,1.136,95.18,4.07,105.121
FireSmokeVideo173_f10_jpg.rf.4a414a235a862739429a3ce156654c26.jpg,1,1,1.0,0.335,0.006,0.078,3.109,1.23,77.126,1.847,85.305
FireSmokeVideo173_f2_jpg.rf.7529f69eb9bd0e5cdda98ad8ce1fe3f1.jpg,1,1,1.0,0.29,0.006,0.076,2.645,1.591,87.25,2.541,95.957
FireSmokeVideo173_f4_jpg.rf.a8766401962e7190a527c6881fd1e294.jpg,1,1,1.0,0.392,0.005,0.079,5.799,1.278,77.476,1.834,88.539
FireSmokeVideo173_f9_jpg.rf.26fb35e1b38eff7ac9670d3f8f23844c.jpg,1,1,1.0,0.293,0.006,0.079,11.047,7.141,95.655,1.919,117.701
FireSmokeVideo174_f19_jpg.rf.4aacac6cf0e6ddce6b0637968e72614b.jpg,1,1,1.0,0.288,0.006,0.08,11.838,6.995,76.374,1.882,99.115
FireSmokeVideo174_f25_jpg.rf.9902e58576e0f91947717390c6e9b230.jpg,1,1,1.0,0.295,0.006,0.076,4.695,1.216,77.712,1.875,87.478
FireSmokeVideo174_f55_jpg.rf.6700d916c01be938f48095abe404d26c.jpg,1,1,1.0,0.292,0.006,0.072,3.608,1.16,77.629,2.307,86.761
FireSmokeVideo174_f63_jpg.rf.fcac65ec068c51141825b522fbe9425f.jpg,1,1,1.0,0.282,0.007,0.074,3.283,1.208,77.818,1.852,86.118
FireSmokeVideo174_f71_jpg.rf.bc2d05ac132764e28d837c391af5bd23.jpg,1,1,1.0,0.289,0.006,0.08,6.85,3.966,86.641,3.714,103.155
FireSmokeVideo174_f7_jpg.rf.aaeb5f99a9182b497a9f3e6530cb8602.jpg,1,1,0.9618,0.285,0.006,0.079,11.72,6.096,75.301,1.767,96.749
FireSmokeVideo175_f17_jpg.rf.9ce6b3299ce4b7c886357abfc339bd4b.jpg,1,1,1.0,0.289,0.006,0.076,3.216,1.109,79.742,2.248,88.165
FireSmokeVideo175_f6_jpg.rf.19b00a06315f0f186a5936bf9c4c912d.jpg,1,1,0.9992,0.281,0.007,0.082,5.982,1.293,76.985,1.836,88.052
FireSmokeVideo176_f111_jpg.rf.5b3eadacfe9c8b2c1a0f36600ece7679.jpg,1,1,1.0,0.286,0.007,0.075,2.695,1.147,79.382,2.516,87.671
FireSmokeVideo176_f135_jpg.rf.02b97eaa5c08c398833c7d104a0eaa74.jpg,1,1,1.0,0.286,0.006,0.076,7.381,6.05,75.248,2.275,92.944
FireSmokeVideo176_f18_jpg.rf.c21b5961902944e745ba88dc6a4e7f49.jpg,1,1,1.0,0.287,0.006,0.076,7.623,6.046,91.595,5.833,113.08
FireSmokeVideo176_f27_jpg.rf.1eebef45f901285f9f8304e7c547ba97.jpg,1,1,1.0,0.282,0.006,0.074,8.084,5.999,76.458,1.831,94.317
FireSmokeVideo176_f46_jpg.rf.c5a5829337f6e255e7de765c6d7bda7d.jpg,1,1,1.0,0.289,0.006,0.077,8.721,6.219,88.914,1.958,107.864
FireSmokeVideo176_f74_jpg.rf.018757942b66ce7f57dc0531bf7984e4.jpg,1,1,1.0,0.294,0.006,0.078,7.222,2.048,79.894,1.896,92.679
FireSmokeVideo176_f8_jpg.rf.4392a4cefab97aa82b96414896cbc587.jpg,1,1,1.0,0.292,0.006,0.08,12.623,6.442,76.96,2.228,100.235
FireSmokeVideo177_f12_jpg.rf.8ff12ef0d593227bd035a62776f8946b.jpg,1,1,1.0,0.29,0.006,0.075,9.547,1.374,81.084,2.105,96.089
FireSmokeVideo177_f15_jpg.rf.8aebcbad3d87828763c96ff36c3c4877.jpg,1,1,1.0,0.408,0.007,0.082,2.843,1.467,78.023,2.222,86.648
FireSmokeVideo177_f31_jpg.rf.2e27ca15ddad3d3feb68d6d90aa351d7.jpg,1,1,1.0,0.285,0.007,0.083,10.468,6.012,76.156,2.687,97.377
FireSmokeVideo177_f40_jpg.rf.4212f874f3da08504a3ffe39ff7450fb.jpg,1,1,1.0,0.285,0.006,0.077,3.407,6.37,76.044,2.241,90.081
FireSmokeVideo177_f56_jpg.rf.c44541470c7b9965b720724b9ca4e104.jpg,1,1,0.9999,0.291,0.006,0.076,6.399,6.016,89.099,2.858,106.384
FireSmokeVideo177_f7_jpg.rf.6d73cfe56be2528b56a64277be35006c.jpg,1,1,1.0,0.288,0.006,0.08,9.471,5.976,81.766,2.468,101.682
FireSmokeVideo178_f25_jpg.rf.ab405d58dc7d5b37d40c27e8854d2ea0.jpg,1,1,1.0,0.294,0.006,0.076,7.453,7.429,107.727,2.633,127.55
FireSmokeVideo178_f41_jpg.rf.717b03128b90d9cafa6a2b366164d7ef.jpg,1,1,0.9982,0.29,0.007,0.083,13.968,7.085,88.138,2.371,113.568
FireSmokeVideo178_f46_jpg.rf.5709152f7ea2499acbe3d26067e4e119.jpg,1,1,0.9163,0.252,0.005,0.071,15.987,1.14,75.49,2.341,96.712
FireSmokeVideo178_f69_jpg.rf.2478fc677450f09c7f673da7a09a2327.jpg,1,1,1.0,0.291,0.006,0.078,8.758,6.419,87.599,2.308,107.201
FireSmokeVideo178_f73_jpg.rf.f9a7b194afa03d69203e35d681aed149.jpg,1,1,1.0,0.266,0.006,0.067,7.243,5.828,76.213,2.299,93.438
FireSmokeVideo178_f79_jpg.rf.f3f9569af78cfbbf2fd276fb46504d2f.jpg,1,1,1.0,0.293,0.006,0.079,5.215,6.128,89.761,2.426,105.605
FireSmokeVideo179_f109_jpg.rf.a8089c44345c712d0d9aacb5f0d8048f.jpg,1,1,1.0,0.287,0.007,0.079,3.077,1.231,77.529,2.322,86.227
FireSmokeVideo179_f166_jpg.rf.11cb799785acd5811e01c07accee344f.jpg,1,1,1.0,0.294,0.006,0.076,3.663,1.163,78.87,2.159,87.904
FireSmokeVideo179_f179_jpg.rf.54a0cf452da6c226c116894e666f944f.jpg,1,1,1.0,0.294,0.007,0.078,2.647,1.241,79.668,2.725,88.248
FireSmokeVideo179_f184_jpg.rf.b59510d4038453da60437a86a0e21940.jpg,1,1,1.0,0.289,0.007,0.076,8.367,1.612,82.124,2.131,96.182
FireSmokeVideo179_f193_jpg.rf.0dbaf4bd94d62cbb6b870c9942b70b3f.jpg,1,1,1.0,0.286,0.006,0.179,2.616,1.13,85.824,2.584,94.279
FireSmokeVideo179_f199_jpg.rf.c945c47636bbaece262470e610050fce.jpg,1,1,1.0,0.287,0.006,0.075,3.093,1.135,77.84,1.91,85.957
FireSmokeVideo179_f205_jpg.rf.86fae97c160753d1467510970c848018.jpg,1,1,1.0,0.288,0.006,0.077,2.72,1.132,92.835,2.202,100.933
FireSmokeVideo179_f27_jpg.rf.4eca08b0ad528d3fda9c98319de9820f.jpg,1,1,1.0,0.286,0.007,0.075,3.494,1.149,77.723,1.881,86.265
FireSmokeVideo179_f36_jpg.rf.873435c5e287bb03ae5c49c4dce3eefd.jpg,1,1,1.0,0.287,0.006,0.077,5.569,3.023,94.838,2.273,107.693
FireSmokeVideo179_f69_jpg.rf.db6ccc7a7ceb25eabc52ea7d8327fb6d.jpg,1,1,1.0,0.288,0.007,0.079,2.726,1.698,77.59,1.871,85.885
FireSmokeVideo17_f106_jpg.rf.794c11e369cc47b38dbea06f68808035.jpg,1,1,1.0,0.29,0.006,0.076,9.53,7.849,81.219,1.943,102.626
FireSmokeVideo17_f124_jpg.rf.b1802876d1592b20f47cbcfdef92cc70.jpg,1,1,1.0,0.375,0.006,0.078,6.426,2.509,90.966,2.45,104.503
FireSmokeVideo180_f19_jpg.rf.2d650882d3345d115784b32fa9fac9b7.jpg,1,1,1.0,0.296,0.006,0.074,3.567,1.202,77.464,1.893,86.107
FireSmokeVideo180_f21_jpg.rf.77ab659f23cf907ba98a2c2d3bd98296.jpg,1,1,1.0,0.286,0.006,0.078,3.421,1.191,82.628,2.176,91.443
FireSmokeVideo180_f2_jpg.rf.f8ccf107294f7cb21baa2d36187cfb35.jpg,1,1,1.0,0.289,0.006,0.077,9.012,5.448,75.921,1.823,94.267
FireSmokeVideo180_f4_jpg.rf.91456e38bb7647a3348a452faf9bdeac.jpg,1,1,1.0,0.288,0.006,0.079,7.522,6.187,81.296,3.797,100.836
FireSmokeVideo181_f0_jpg.rf.e8a60010f9c3f557273d2ca8a1fc9fb7.jpg,1,1,1.0,0.29,0.007,0.078,3.177,5.062,76.625,1.897,89.158
FireSmokeVideo181_f122_jpg.rf.cb28d0b20d3fd9af009fad93719b826f.jpg,1,1,1.0,0.297,0.007,0.083,4.653,6.052,88.403,2.21,103.383
FireSmokeVideo181_f211_jpg.rf.9fc84d8d9a9f71d3d0a0b2f16e9317fa.jpg,1,1,1.0,0.288,0.006,0.076,7.69,6.084,80.449,2.036,98.279
FireSmokeVideo181_f40_jpg.rf.ca3dfb05e9e6c74959c9d9fc5bbe182a.jpg,1,1,1.0,0.288,0.006,0.079,7.642,6.054,90.447,2.12,108.304
FireSmokeVideo181_f43_jpg.rf.b5beb21cb18e5ac5b1407b0ac4b07fee.jpg,1,1,1.0,0.244,0.005,0.109,4.386,2.461,88.991,1.96,99.723
FireSmokeVideo181_f56_jpg.rf.395781abcbcd90afd4c49982ee175b6a.jpg,1,1,1.0,0.302,0.005,0.05,9.425,3.337,76.359,1.802,92.877
FireSmokeVideo181_f5_jpg.rf.8f7c79bc068e75dfec82e73666cdccb3.jpg,1,1,1.0,0.277,0.006,0.074,3.446,1.137,76.707,1.867,85.093
FireSmokeVideo181_f93_jpg.rf.ebaced2783fa9dce27c3f49cf415e728.jpg,1,1,1.0,0.219,0.005,0.052,2.89,1.139,78.837,1.854,86.561
FireSmokeVideo182_f166_jpg.rf.626699ac2f48176dccb0f7d53ae74eca.jpg,1,1,1.0,0.219,0.004,0.125,4.915,1.362,77.642,1.847,87.741
FireSmokeVideo182_f40_jpg.rf.9913a8066096c40137e58038f5ab789f.jpg,1,1,1.0,0.231,0.004,0.05,4.176,7.071,77.398,1.882,92.458
FireSmokeVideo182_f43_jpg.rf.41503c2d0e53b08aa32b848d585716ca.jpg,1,1,1.0,0.287,0.006,0.076,7.612,5.746,75.948,2.011,93.321
FireSmokeVideo182_f92_jpg.rf.e6deb5ec82b4456fef283072040ae065.jpg,1,1,1.0,0.3,0.007,0.082,9.427,6.798,75.5,1.842,95.616
FireSmokeVideo182_f99_jpg.rf.a1bdfdf36827d807c6057f9b598124ff.jpg,1,1,1.0,0.287,0.006,0.076,3.418,1.249,89.202,2.538,98.422
FireSmokeVideo183_f105_jpg.rf.403f3437559c6f5aeaf6c98b3c819015.jpg,1,1,1.0,0.291,0.006,0.076,3.315,1.191,95.763,2.094,104.36
FireSmokeVideo183_f117_jpg.rf.2266f7118d910336fe57c6bbc57b482c.jpg,1,1,1.0,0.289,0.007,0.082,3.199,1.181,91.815,2.504,100.792
FireSmokeVideo183_f16_jpg.rf.7aab5a0382734c25374b5e5e1da802a9.jpg,1,1,1.0,0.292,0.006,0.075,2.8,1.176,77.357,1.899,85.229
FireSmokeVideo183_f31_jpg.rf.25d7e5e3b5b22bd2ea017ba0d5230786.jpg,1,1,1.0,0.298,0.006,0.078,2.794,1.358,92.813,2.524,101.482
FireSmokeVideo183_f35_jpg.rf.876c6fd6ba425e11a0bb4e2c80d3ed59.jpg,1,1,1.0,0.29,0.006,0.079,4.489,4.613,74.008,1.965,87.11
FireSmokeVideo183_f62_jpg.rf.92966124c7815c09afcf2844cc287ac8.jpg,1,1,1.0,0.301,0.006,0.082,8.012,5.239,82.484,2.114,99.674
FireSmokeVideo183_f96_jpg.rf.cf26a395268cce353cffb06d2c25c8d3.jpg,1,1,1.0,0.292,0.007,0.082,8.856,1.334,77.296,2.575,92.171
FireSmokeVideo184_f11_jpg.rf.382dbef19fd990669d65c84c67b915d8.jpg,1,1,1.0,0.283,0.007,0.08,3.818,1.191,76.456,1.812,85.334
FireSmokeVideo184_f30_jpg.rf.ac7606090b049e69cea785c95720ab28.jpg,1,1,1.0,0.288,0.006,0.078,3.06,1.197,79.491,2.55,88.295
FireSmokeVideo184_f33_jpg.rf.189b54d551f214c9276d9163d16d70a4.jpg,1,1,1.0,0.29,0.007,0.081,3.887,6.961,81.686,2.463,97.036
FireSmokeVideo184_f91_jpg.rf.bd9f78ce60f3e4697a1178bb1fe6988c.jpg,1,1,0.8794,0.294,0.007,0.077,4.343,1.236,92.998,2.242,102.849
FireSmokeVideo185_f1_jpg.rf.569dbd8248509c2c792ef486573f4b3d.jpg,1,1,1.0,0.286,0.006,0.081,3.061,1.712,76.297,1.888,84.935
FireSmokeVideo185_f48_jpg.rf.b2a7ed9867ef6cfbc2d34829f8acd137.jpg,1,1,1.0,0.294,0.006,0.076,2.804,1.167,92.179,2.217,100.428
FireSmokeVideo185_f61_jpg.rf.8576cae407ebc823d50b02d7459b2a50.jpg,1,1,1.0,0.286,0.006,0.078,3.056,1.173,77.798,1.988,86.062
FireSmokeVideo186_f14_jpg.rf.92e0e46f71c44485b513fb1c7044e146.jpg,1,1,1.0,0.286,0.006,0.083,8.31,1.231,88.95,2.218,102.757
FireSmokeVideo186_f25_jpg.rf.afe28440688dcc0958928b84ec35adab.jpg,1,1,1.0,0.288,0.007,0.082,11.11,1.632,80.023,3.071,97.852
FireSmokeVideo186_f42_jpg.rf.107a9d4c249316e92a6455f94f4905c8.jpg,1,1,1.0,0.297,0.006,0.077,6.719,5.3,77.595,1.945,93.889
FireSmokeVideo186_f53_jpg.rf.e26b6d11cf7b2eaa0187983295e70d07.jpg,1,1,1.0,0.295,0.006,0.078,5.626,3.242,91.42,3.572,105.863
FireSmokeVideo186_f58_jpg.rf.2a2887c0c9b70c66985c72c8e7979d25.jpg,1,1,1.0,0.299,0.007,0.081,7.281,1.23,75.071,1.863,87.486
FireSmokeVideo186_f9_jpg.rf.878605a2d7f2519a65272b27449d589b.jpg,1,1,1.0,0.333,0.006,0.08,5.332,2.256,83.948,6.092,99.727
FireSmokeVideo187_f107_jpg.rf.f3d47b40cd9bb062693f38b10d3c1428.jpg,1,1,0.9647,0.289,0.006,0.086,6.552,1.196,77.068,1.823,88.73
FireSmokeVideo187_f112_jpg.rf.dc3703b7fda1c7c6e3209ded49932cc7.jpg,1,1,1.0,0.211,0.004,0.052,8.176,6.409,89.072,1.73,107.333
FireSmokeVideo187_f124_jpg.rf.144d8910bde3fbd3b7ff2d6c8d0c464f.jpg,1,1,1.0,0.291,0.006,0.079,5.975,4.801,75.192,2.006,90.014
FireSmokeVideo187_f129_jpg.rf.32b83f8a16d591bdea8580be94cf06bc.jpg,1,1,1.0,0.284,0.007,0.078,3.613,6.117,89.554,2.44,103.813
FireSmokeVideo187_f132_jpg.rf.9d307ba3e23f091ade8b6cbac077a926.jpg,1,1,1.0,0.293,0.006,0.078,3.077,1.229,76.967,2.001,85.306
FireSmokeVideo187_f136_jpg.rf.dcc00d2191e129a0d29943dd8bb63201.jpg,1,1,1.0,0.224,0.005,0.049,8.47,6.889,75.057,2.284,94.69
FireSmokeVideo187_f143_jpg.rf.465901f476f31091a5393ee6a45b8891.jpg,1,1,1.0,0.286,0.006,0.08,8.165,5.938,99.328,2.138,117.607
FireSmokeVideo187_f31_jpg.rf.3549855a885481bf09d4c7391ebb0094.jpg,1,1,1.0,0.286,0.006,0.078,6.823,3.946,76.078,1.938,90.823
FireSmokeVideo187_f36_jpg.rf.f29a4b609c972092f227650ca76409ba.jpg,1,1,1.0,0.288,0.006,0.078,2.863,1.232,91.38,2.794,100.333
FireSmokeVideo187_f58_jpg.rf.02a95b604cc89d1b0d48a8dd2560958f.jpg,1,1,1.0,0.373,0.007,0.08,3.481,6.154,75.432,1.899,89.111
FireSmokeVideo187_f64_jpg.rf.298670477a8a756378436a2d95b3240d.jpg,1,1,1.0,0.288,0.008,0.078,3.239,1.238,91.698,2.476,100.677
FireSmokeVideo187_f71_jpg.rf.0530b3a1aa8b759fb9723d9c2f3c383d.jpg,1,1,1.0,0.295,0.006,0.086,12.499,1.897,75.305,1.972,93.724
FireSmokeVideo187_f74_jpg.rf.ff0d7e795d89c6d9dd979e1f07c1623f.jpg,1,1,1.0,0.297,0.006,0.084,11.025,6.469,80.7,2.083,104.219
FireSmokeVideo187_f80_jpg.rf.983899f6721ffc19198896a6a1c92829.jpg,1,1,0.9995,0.297,0.006,0.08,9.865,5.927,75.876,1.884,95.656
FireSmokeVideo187_f83_jpg.rf.f8e5a1ec847dea465828e03e1f8db758.jpg,1,1,1.0,0.294,0.006,0.08,9.245,5.967,75.91,2.014,95.164
FireSmokeVideo187_f96_jpg.rf.48dd035a891ab0c9d5690dbf75c60e31.jpg,1,1,1.0,0.377,0.005,0.101,4.103,1.233,77.819,3.777,89.033
FireSmokeVideo188_f114_jpg.rf.6ab9b29fea1d432ca03a682f156e5033.jpg,1,1,1.0,0.29,0.006,0.079,5.687,1.348,83.179,2.131,94.378
FireSmokeVideo188_f125_jpg.rf.898613541f3f482fc56f5d255a075a24.jpg,1,1,1.0,0.371,0.006,0.077,2.861,1.812,79.384,4.006,90.17
FireSmokeVideo188_f134_jpg.rf.62e1dfd7cc7d1256a80087b3b7e23e57.jpg,1,1,1.0,0.289,0.006,0.08,4.772,1.241,78.159,2.24,88.498
FireSmokeVideo188_f15_jpg.rf.1bcbaa29b9c21cc6db8f53b4e331621a.jpg,1,1,1.0,0.283,0.006,0.078,2.839,1.232,80.102,2.597,88.85
FireSmokeVideo188_f50_jpg.rf.14238f079d8cdee88d8020ea3ebf50e7.jpg,1,1,1.0,0.292,0.006,0.08,3.953,6.291,77.196,1.865,91.484
FireSmokeVideo188_f54_jpg.rf.26096d978cb026406e88316acb78d34b.jpg,1,1,1.0,0.293,0.006,0.08,6.582,6.444,82.09,5.33,102.396
FireSmokeVideo188_f5_jpg.rf.6bf21adf5c3ee3fe7101de8c19c732f2.jpg,1,1,1.0,0.29,0.006,0.079,6.663,5.925,75.9,1.908,92.404
FireSmokeVideo188_f62_jpg.rf.03a2e35bb60374e7cd9156182dac811a.jpg,1,1,1.0,0.288,0.006,0.083,8.505,4.23,90.28,4.876,109.964
FireSmokeVideo188_f74_jpg.rf.49ad986cd4d53243a2766b7d7acc153f.jpg,1,1,0.7085,0.23,0.004,0.048,2.545,1.175,75.058,1.82,82.829
FireSmokeVideo189_f31_jpg.rf.a5f9e7a64cff2c9837523148cff47ce6.jpg,1,1,1.0,0.287,0.007,0.077,2.8,1.164,88.612,2.222,96.803
FireSmokeVideo189_f36_jpg.rf.5882377ad0c45f5fd3cf31536c37bdb3.jpg,1,1,1.0,0.289,0.006,0.076,2.856,1.176,77.443,1.907,85.373
FireSmokeVideo189_f49_jpg.rf.5c2ddd4f174d0591a13d94c7eb1ed0fa.jpg,1,1,1.0,0.409,0.007,0.083,2.521,1.464,92.119,2.238,100.442
FireSmokeVideo189_f62_jpg.rf.82626419d25147ab47872e12b75970d2.jpg,1,1,1.0,0.287,0.006,0.079,3.314,1.169,76.637,1.865,84.988
FireSmokeVideo189_f73_jpg.rf.a7b1dc21f39c070fb4f94b7490a67dbd.jpg,1,1,1.0,0.431,0.055,0.083,3.139,1.175,82.027,1.919,90.869
FireSmokeVideo189_f78_jpg.rf.0cb5a86ae23d91efddea92e52a346210.jpg,1,1,1.0,0.298,0.007,0.074,2.797,1.568,76.012,1.926,84.354
FireSmokeVideo189_f81_jpg.rf.cc8edce9dc79c8ffabae99692e452e0d.jpg,1,1,1.0,0.505,0.006,0.082,10.859,1.149,76.759,2.546,93.799
FireSmokeVideo189_f91_jpg.rf.5436d9bc0726a53efc8d7a745b00886d.jpg,1,1,1.0,0.29,0.006,0.081,8.115,1.891,81.507,2.865,96.393
FireSmokeVideo18_f18_jpg.rf.8f5b8490adb29556be12a6156c05cc61.jpg,1,1,1.0,0.29,0.007,0.077,4.845,1.138,81.153,1.878,90.985
FireSmokeVideo190_f113_jpg.rf.c00d300b73dd9d39403a335e14d5801a.jpg,1,1,0.6767,0.277,0.007,0.074,7.461,1.404,82.253,4.59,97.691
FireSmokeVideo190_f192_jpg.rf.7ec60fd1e643100ae5db7ab9841556e3.jpg,1,1,1.0,0.288,0.006,0.081,2.949,1.117,77.685,2.313,86.113
FireSmokeVideo190_f3_jpg.rf.eb78e4b773db71f120a91783e36eb05a.jpg,1,1,0.9996,0.287,0.007,0.075,3.307,1.151,87.985,2.453,96.932
FireSmokeVideo190_f66_jpg.rf.af47aeb385c3d87a20f4d08fbcf3e7e3.jpg,1,1,1.0,0.291,0.007,0.076,3.481,1.2,82.539,2.269,91.476
FireSmokeVideo191_f11_jpg.rf.8f2ef25af553696ad69e0f514f6a72bd.jpg,1,1,0.667,0.289,0.007,0.079,4.493,6.391,91.883,1.868,106.64
FireSmokeVideo191_f14_jpg.rf.baab8472592854753879709f95982285.jpg,1,1,0.8484,0.288,0.006,0.081,8.602,6.251,76.132,1.852,94.893
FireSmokeVideo191_f22_jpg.rf.b0c9dd19bf058ab47351fb96bc8aca7e.jpg,1,1,0.9999,0.29,0.007,0.083,12.924,6.484,75.443,1.898,98.815
FireSmokeVideo191_f32_jpg.rf.161eb3cbd9e8ad7d7b46b512ecf759af.jpg,1,1,1.0,0.291,0.006,0.077,8.467,5.982,103.257,1.944,121.69
FireSmokeVideo191_f35_jpg.rf.a867f5e7bf17983c5030e04b6de2585c.jpg,1,1,0.7787,0.292,0.006,0.081,11.006,5.974,82.691,1.909,103.697
FireSmokeVideo191_f53_jpg.rf.62e2efa724a3ed15a3b86d2adb6ea91c.jpg,1,1,1.0,0.288,0.006,0.084,9.995,6.419,93.382,1.945,113.84
FireSmokeVideo191_f66_jpg.rf.c707a9c969cad67c12ab7046ec42354e.jpg,1,1,0.7303,0.29,0.007,0.076,7.917,6.014,75.798,1.903,93.622
FireSmokeVideo192_f17_jpg.rf.1ac6fd4defb979ebe2d4578b99fc6089.jpg,1,1,1.0,0.291,0.006,0.078,6.396,6.01,77.55,1.864,93.816
FireSmokeVideo192_f45_jpg.rf.104a3d54be1b4fbf3ae107d49e7296f6.jpg,1,1,1.0,0.283,0.007,0.079,8.254,5.995,76.516,4.264,97.07
FireSmokeVideo192_f50_jpg.rf.a75198ef2bc64cb1924fb652331f2272.jpg,1,1,1.0,0.298,0.007,0.08,8.099,5.967,75.794,2.225,94.175
FireSmokeVideo192_f57_jpg.rf.a7b2d6e7c94f0101f5f105d821b2c9ff.jpg,1,1,1.0,0.287,0.007,0.079,7.851,6.938,88.193,1.926,106.929
FireSmokeVideo192_f60_jpg.rf.081302240742906d380cd28506313d72.jpg,1,1,1.0,0.29,0.007,0.081,8.362,6.038,91.189,1.866,109.491
FireSmokeVideo192_f74_jpg.rf.154c0a280a04cd535994b1d4ca078da0.jpg,1,1,1.0,0.287,0.006,0.08,8.811,6.037,87.87,1.937,106.688
FireSmokeVideo192_f88_jpg.rf.0e9cf2dea9c50d16e320b2513d8c81fe.jpg,1,1,1.0,0.288,0.006,0.135,7.03,6.0,75.319,1.814,92.178
FireSmokeVideo192_f92_jpg.rf.e3d4e05de5c56add568b01ce6c46ccd3.jpg,1,1,0.9989,0.292,0.006,0.081,7.915,4.46,77.027,1.807,93.209
FireSmokeVideo193_f36_jpg.rf.a99dc375052e9db405d4e80c558dfbdb.jpg,1,1,1.0,0.289,0.006,0.078,3.131,1.257,75.556,2.301,84.22
FireSmokeVideo193_f41_jpg.rf.bd4e944e4484069f26c1c7e832117e96.jpg,1,1,1.0,0.295,0.006,0.077,2.929,3.007,76.16,1.822,85.921
FireSmokeVideo193_f55_jpg.rf.eed64e43287be8df9fd72c383c6a4722.jpg,1,1,0.9986,0.292,0.006,0.083,7.451,3.349,75.296,1.892,89.993
FireSmokeVideo194_f112_jpg.rf.626e3f905da5caf827e9ce7ba97c9f77.jpg,1,1,1.0,0.289,0.006,0.084,2.773,1.149,77.952,1.81,85.701
FireSmokeVideo194_f142_jpg.rf.b589a38bfe30fa1057fb950634f0327f.jpg,1,1,1.0,0.287,0.006,0.073,2.745,1.303,82.313,3.085,91.368
FireSmokeVideo194_f192_jpg.rf.f75b4f1510ae5ab5f2fac8399f2918f7.jpg,1,1,1.0,0.288,0.006,0.077,2.697,1.148,88.948,1.926,96.768
FireSmokeVideo194_f74_jpg.rf.a1ec74464471c59021648e7289c07f18.jpg,1,1,1.0,0.284,0.007,0.078,2.753,1.144,86.162,2.074,94.147
FireSmokeVideo195_f13_jpg.rf.af98f6056bc38a99a15ce04ef91835d4.jpg,1,1,1.0,0.286,0.006,0.081,6.127,1.904,75.952,2.269,88.323
FireSmokeVideo195_f16_jpg.rf.7496adfc00d258e0c90deec66664c001.jpg,1,1,1.0,0.374,0.007,0.082,3.405,1.459,89.837,2.086,98.845
FireSmokeVideo195_f21_jpg.rf.1e09fd9ec6af38bbe520068e32487c70.jpg,1,1,1.0,0.287,0.007,0.077,5.872,4.039,81.296,1.933,95.258
FireSmokeVideo195_f33_jpg.rf.1b94e064ceb4f5067d03c7a2093de4cd.jpg,1,1,0.7326,0.289,0.006,0.081,3.111,1.166,88.999,2.487,97.731
FireSmokeVideo195_f9_jpg.rf.e968e6505b961193c257b0b3454789bb.jpg,1,1,1.0,0.294,0.006,0.076,3.075,1.146,77.131,1.811,85.127
FireSmokeVideo196_f13_jpg.rf.f1a1f6bb8e95492e256823bd2738c83b.jpg,1,1,1.0,0.29,0.006,0.074,3.993,7.373,91.149,2.468,107.028
FireSmokeVideo196_f27_jpg.rf.50df3127d0e63f99bd352ac4b943d3d7.jpg,1,1,1.0,0.291,0.007,0.081,10.154,5.916,75.433,1.77,95.291
FireSmokeVideo196_f5_jpg.rf.2fc8cc194f80fc0b7861c889d3e94d30.jpg,1,1,0.9788,0.298,0.006,0.082,8.434,5.955,83.756,1.823,102.025
FireSmokeVideo196_f97_jpg.rf.c71e0c900c889eaa5de434bcc8664ead.jpg,1,1,0.9998,0.295,0.006,0.081,10.572,5.985,77.13,3.849,99.622
FireSmokeVideo197_f46_jpg.rf.addd3ca6884690bd615304ae31d20c24.jpg,1,1,1.0,0.284,0.006,0.076,8.566,5.918,75.564,1.863,93.905
FireSmokeVideo197_f56_jpg.rf.b037fac92bb848a6e99fb6af1ef661c2.jpg,1,1,1.0,0.286,0.006,0.075,7.922,6.917,91.598,2.052,110.464
FireSmokeVideo197_f82_jpg.rf.2ffe7a81a9d2e1de3e807c2b717f10d1.jpg,1,1,1.0,0.287,0.006,0.075,4.534,4.558,75.999,2.287,89.479
FireSmokeVideo198_f40_jpg.rf.66d2503dcfd34503bcd6a978683a5e2f.jpg,1,1,1.0,0.289,0.006,0.079,5.284,4.038,97.312,2.094,110.832
FireSmokeVideo198_f88_jpg.rf.997a1e27b8089663406d70c11f5ce35e.jpg,1,1,1.0,0.33,0.006,0.078,4.815,1.408,78.012,1.885,88.11
FireSmokeVideo199_f22_jpg.rf.e2fd6b906d71ad420fa1c5c228109734.jpg,1,1,1.0,0.301,0.006,0.13,11.74,6.063,77.301,1.856,98.899
FireSmokeVideo199_f32_jpg.rf.a8158690c9537460c314e43b533900b1.jpg,1,1,1.0,0.295,0.006,0.081,9.912,1.283,86.162,2.568,102.019
FireSmokeVideo19_f38_jpg.rf.ada246f78bc90ad08458222a6fbf91e5.jpg,1,1,1.0,0.287,0.007,0.075,2.413,1.446,77.798,1.767,85.452
FireSmokeVideo19_f47_jpg.rf.f5802ae7b1a4e49ab35189dcf935aa12.jpg,1,1,0.9986,0.378,0.007,0.079,4.65,3.679,81.171,3.658,95.219
FireSmokeVideo19_f68_jpg.rf.5657450c2243c626374b7ca1f5bd121e.jpg,1,1,1.0,0.297,0.006,0.082,3.36,6.424,75.677,2.323,90.025
FireSmokeVideo19_f96_jpg.rf.1c53426f8a1236900b0596ab1ad6bfc8.jpg,1,1,1.0,0.29,0.007,0.077,5.033,2.555,82.566,2.452,94.611
FireSmokeVideo1_f61_jpg.rf.f871521f84c7d421c64a661eac938d93.jpg,1,1,1.0,0.288,0.007,0.078,3.004,1.146,77.342,1.833,85.363
FireSmokeVideo1_f80_jpg.rf.48670c5817a71233f7c08b01945230cd.jpg,1,1,1.0,0.289,0.007,0.081,10.683,1.819,88.137,2.013,104.679
FireSmokeVideo200_f11_jpg.rf.efe433fd9933ede3ef45a64b4aca4fea.jpg,1,1,1.0,0.293,0.006,0.08,3.301,2.997,75.258,1.813,85.343
FireSmokeVideo200_f231_jpg.rf.cee21dc7e3a9dbbc99202411dc7447ea.jpg,1,1,0.9999,0.287,0.006,0.079,2.725,1.308,90.504,2.151,98.667
FireSmokeVideo200_f35_jpg.rf.1e7ab4e5f33a06b6ed442fd77cef5397.jpg,1,1,1.0,0.286,0.006,0.078,2.749,1.128,88.674,1.836,96.416
FireSmokeVideo200_f3_jpg.rf.5e31f51e9992d5c647b74a8d7c22fa85.jpg,1,1,1.0,0.284,0.006,0.074,2.731,1.123,94.333,1.992,102.167
FireSmokeVideo200_f54_jpg.rf.071f45abad8f84bf100c1827a51e824a.jpg,1,1,1.0,0.292,0.006,0.078,2.661,1.811,76.598,1.812,84.9
FireSmokeVideo200_f58_jpg.rf.e876ec872c49162a5a30da258745c1a0.jpg,1,1,1.0,0.357,0.006,0.076,10.446,6.436,76.411,1.848,97.231
FireSmokeVideo200_f63_jpg.rf.4fc430841a2bd87ae8f13f7c7768222a.jpg,1,1,1.0,0.341,0.007,0.079,8.957,1.651,75.905,1.926,90.544
FireSmokeVideo200_f73_jpg.rf.dd4ad49334d6fdc24fab27186e364918.jpg,1,1,1.0,0.288,0.006,0.078,3.723,4.129,76.187,1.886,87.912
FireSmokeVideo200_f78_jpg.rf.a7834106a9beff134fb7b76e334eed1e.jpg,1,1,1.0,0.291,0.006,0.081,7.325,5.914,76.567,2.794,94.639
FireSmokeVideo201_f173_jpg.rf.a97bd49366e70f9738ae11bc4510f332.jpg,1,1,1.0,0.298,0.006,0.082,7.403,6.162,76.104,1.955,93.685
FireSmokeVideo201_f47_jpg.rf.55de8a3004901ba3285e78fc68936ddb.jpg,1,1,1.0,0.291,0.006,0.077,7.812,6.967,81.587,2.279,100.675
FireSmokeVideo202_f109_jpg.rf.25a48a6950364e3601aa1133de930771.jpg,1,1,1.0,0.305,0.006,0.077,9.397,1.158,83.453,2.225,98.201
FireSmokeVideo202_f20_jpg.rf.3b760ffab979f799ae003a262801c290.jpg,1,1,1.0,0.277,0.006,0.072,2.722,1.138,88.916,1.841,96.773
FireSmokeVideo202_f67_jpg.rf.5a302dcaab96f8c31dbf1e2919f00f24.jpg,1,1,1.0,0.295,0.007,0.076,3.354,6.047,75.795,1.842,89.054
FireSmokeVideo202_f88_jpg.rf.a5d83728d9c027700ee63e831c6320f0.jpg,1,1,1.0,0.298,0.007,0.08,7.201,5.945,90.084,2.276,107.605
FireSmokeVideo202_f97_jpg.rf.04b6f0a63af9f5abeb499b469f491a64.jpg,1,1,1.0,0.286,0.006,0.078,6.517,5.42,76.03,1.82,91.784
FireSmokeVideo203_f17_jpg.rf.a85d79ccf4f65aacbdea4976622e2f81.jpg,1,1,1.0,0.293,0.006,0.083,9.943,3.779,84.91,2.274,102.833
FireSmokeVideo203_f23_jpg.rf.418a381a2c77d0704b5330ed37a4703d.jpg,1,1,1.0,0.287,0.007,0.077,3.183,1.139,77.551,2.269,86.095
FireSmokeVideo203_f34_jpg.rf.1fcf4954e5cd4678031ac5c6ca21477d.jpg,1,1,1.0,0.289,0.006,0.078,9.093,5.859,76.516,1.966,95.493
FireSmokeVideo203_f37_jpg.rf.5faf4421c5c9249ca645058e92699aac.jpg,1,1,1.0,0.294,0.007,0.08,9.443,6.198,102.438,4.882,124.988
FireSmokeVideo203_f7_jpg.rf.9271dc74a46599384b93cede1d4714da.jpg,1,1,1.0,0.292,0.006,0.081,13.689,9.101,111.532,4.16,140.591
FireSmokeVideo204_f159_jpg.rf.470651afb16305b4422d7fb7e200e825.jpg,1,1,1.0,0.296,0.006,0.078,8.977,4.108,127.43,3.157,145.32
FireSmokeVideo205_f105_jpg.rf.cb9e92c28689a229cab4b6d5ddce6f9c.jpg,1,1,1.0,0.301,0.007,0.083,12.01,9.391,117.463,2.323,145.809
FireSmokeVideo205_f131_jpg.rf.173a8fc987ce87cb43438426789fc553.jpg,1,1,0.9158,0.241,0.005,0.057,11.165,6.102,111.868,3.655,134.434
FireSmokeVideo205_f20_jpg.rf.9704362930ccd684d2b811bcb08d72aa.jpg,1,1,1.0,0.218,0.005,0.049,20.682,8.069,111.076,5.469,147.044
FireSmokeVideo205_f29_jpg.rf.94b5c9a5d9a6da9261856cdd542580dc.jpg,1,1,1.0,0.29,0.006,0.077,10.875,7.128,117.466,2.221,139.86
FireSmokeVideo205_f49_jpg.rf.cb1d5568ec0efcc5d4b588986cbd7864.jpg,1,1,1.0,0.292,0.006,0.077,11.521,6.8,76.46,2.491,99.396
FireSmokeVideo205_f59_jpg.rf.ab355e45a3e2e794e4b77d7ed28caaa5.jpg,1,1,1.0,0.299,0.006,0.081,10.294,10.045,112.285,2.741,137.738
FireSmokeVideo206_f2_jpg.rf.4e67ff9b6ff55db401573705f47affd9.jpg,1,1,1.0,0.308,0.007,0.079,10.52,6.177,97.859,2.594,119.102
FireSmokeVideo206_f5_jpg.rf.c89b22695d5e56ce14bbef9aef44cf79.jpg,1,1,0.9961,0.305,0.007,0.081,13.207,7.826,102.781,2.291,128.081
FireSmokeVideo206_f78_jpg.rf.72515fcc006723352b314b9c56cd8bbd.jpg,1,1,1.0,0.247,0.006,0.058,14.261,8.247,110.657,2.535,138.039
FireSmokeVideo207_f28_jpg.rf.2b10d767b836a6e312df5750163dc8f8.jpg,1,1,1.0,0.29,0.006,0.078,11.292,7.009,87.53,2.074,109.925
FireSmokeVideo207_f43_jpg.rf.9f52274026fd0221f9985ff01ee83dc2.jpg,1,0,0.9993,0.286,0.007,0.079,8.328,5.501,96.29,2.088,114.17
FireSmokeVideo207_f9_jpg.rf.e43c7c48dd9b42490ccb30c9d195d7f4.jpg,1,1,1.0,0.3,0.006,0.078,6.393,2.751,75.98,2.354,89.49
FireSmokeVideo208_f121_jpg.rf.fd7ef289a769b7e2074c0d36fd4c3dab.jpg,1,1,1.0,0.286,0.006,0.076,2.71,1.142,87.176,2.303,95.353
FireSmokeVideo208_f15_jpg.rf.72e79d9374b5bb8e78015ce55b8e152c.jpg,1,1,1.0,0.252,0.006,0.063,30.78,23.027,112.086,2.669,173.203
FireSmokeVideo208_f72_jpg.rf.ea98e633a61d65f1a4e641e008bd5b59.jpg,1,1,1.0,0.235,0.005,0.091,13.58,6.459,116.443,2.488,140.589
FireSmokeVideo209_f108_jpg.rf.65ce6fbbe046125ecd2fdcc5ce7c2898.jpg,1,1,1.0,0.288,0.007,0.079,8.485,6.17,90.029,2.159,108.867
FireSmokeVideo209_f66_jpg.rf.feb80782aa5a9b905207f761c19c8b3e.jpg,1,1,1.0,0.308,0.007,0.081,8.88,5.774,112.104,3.135,131.868
FireSmokeVideo209_f93_jpg.rf.3b7b095482315fd7f48e1e36e09f2c46.jpg,1,1,1.0,0.266,0.006,0.07,8.126,7.416,84.969,2.368,105.029
FireSmokeVideo20_f1_jpg.rf.fbd996e725ca1cc85193482e648de8c3.jpg,1,1,1.0,0.286,0.007,0.079,8.136,3.298,86.202,2.203,101.903
FireSmokeVideo210_f109_jpg.rf.cd942485b17e4ffa3e80bb231a064917.jpg,1,1,1.0,0.297,0.006,0.081,5.846,5.293,92.074,2.333,107.592
FireSmokeVideo210_f117_jpg.rf.346c2782ef83d1408be66af7817edce2.jpg,1,1,1.0,0.301,0.006,0.084,13.243,7.415,99.644,2.764,125.026
FireSmokeVideo210_f69_jpg.rf.3f9d94fd9d931b9fbcae56cbd9ffd13a.jpg,1,1,1.0,0.31,0.006,0.079,7.786,6.764,102.62,2.51,121.556
FireSmokeVideo210_f83_jpg.rf.6f672e12fe55d177b6bbdae711b42625.jpg,1,1,1.0,0.294,0.006,0.081,6.696,7.936,87.433,3.575,107.681
FireSmokeVideo211_f124_jpg.rf.3c3f2d86dee7e780a0d257ce690c1818.jpg,1,1,1.0,0.297,0.007,0.081,5.551,5.908,93.722,5.33,112.553
FireSmokeVideo211_f138_jpg.rf.d73f7f0f1be1e9c195ca9941546ab873.jpg,1,1,1.0,0.294,0.008,0.078,7.819,6.337,103.505,2.777,122.545
FireSmokeVideo211_f20_jpg.rf.ad26f93bed80ebbcbca810f43f935279.jpg,1,1,1.0,0.298,0.006,0.077,7.84,6.597,76.206,1.975,94.467
FireSmokeVideo211_f82_jpg.rf.8cc6c1f7b7ab2e870aa6a2ef0af8f6bc.jpg,1,1,0.6021,0.281,0.007,0.077,7.847,1.393,75.424,1.967,88.618
FireSmokeVideo211_f86_jpg.rf.95a726263271d506725b855e06c1c7b0.jpg,1,1,0.6592,0.292,0.007,0.08,6.726,1.069,76.799,1.85,88.362
FireSmokeVideo212_f161_jpg.rf.ce8eee22fa9185ff1b98d2ca8f8487e5.jpg,1,1,1.0,0.308,0.007,0.081,8.029,0.962,104.867,4.42,120.292
FireSmokeVideo212_f174_jpg.rf.5150354f11e1c5b133d224389ed5dbc9.jpg,1,1,1.0,0.29,0.006,0.076,7.208,6.207,77.576,3.796,96.867
FireSmokeVideo212_f206_jpg.rf.9a9e38614129fc95ea39de49588fa396.jpg,1,1,1.0,0.306,0.007,0.083,16.384,8.671,93.199,2.246,122.345
FireSmokeVideo212_f36_jpg.rf.058f0b109d5da7b46b73f7258ddaf5c2.jpg,1,1,1.0,0.294,0.007,0.079,9.48,8.75,115.488,2.156,137.921
FireSmokeVideo212_f70_jpg.rf.15c479b088d2f66fd01552c9cccdc9fc.jpg,1,1,1.0,0.31,0.004,0.05,8.169,5.701,76.97,2.17,94.658
FireSmokeVideo212_f98_jpg.rf.16a11b943a346ba516c0eb02aab64894.jpg,1,1,1.0,0.317,0.006,0.079,8.472,1.602,76.273,3.254,91.622
FireSmokeVideo213_f14_jpg.rf.fdfe623902c32da0032169deb193e29f.jpg,1,1,1.0,0.286,0.005,0.077,3.619,1.52,92.996,3.801,103.896
FireSmokeVideo214_f102_jpg.rf.7250a3c558d6e7a686c6cadabc7889b0.jpg,1,1,1.0,0.27,0.006,0.071,9.403,5.274,106.565,2.977,126.239
FireSmokeVideo214_f106_jpg.rf.71af69451e568b6d50029d2d6c01b2c5.jpg,1,1,1.0,0.287,0.007,0.078,3.339,1.158,76.499,1.811,84.824
FireSmokeVideo214_f113_jpg.rf.e186b7fe3655542d161498c2f757216a.jpg,1,1,1.0,0.293,0.006,0.079,11.937,9.258,107.321,4.808,135.208
FireSmokeVideo214_f131_jpg.rf.63730c97eebd936ea0a22c9a532f3154.jpg,1,1,1.0,0.298,0.007,0.08,3.33,1.179,108.735,2.529,117.759
FireSmokeVideo214_f27_jpg.rf.f1a4bdc168d0a608089d9ef9429c1b7e.jpg,1,1,1.0,0.676,0.007,0.191,7.713,0.978,111.968,2.218,125.648
FireSmokeVideo214_f41_jpg.rf.454017dd520a454a1228316982c74204.jpg,1,1,0.7299,0.301,0.007,0.082,8.03,6.165,81.067,2.537,99.697
FireSmokeVideo214_f95_jpg.rf.84d479db3b2420446f9db128ac0516fd.jpg,1,1,1.0,0.295,0.018,0.074,9.286,6.455,76.334,1.811,95.942
FireSmokeVideo215_f28_jpg.rf.c178ca6a33a9c67b6791a931143d6b2b.jpg,1,1,1.0,0.294,0.006,0.077,8.497,6.9,76.81,2.601,96.776
FireSmokeVideo215_f36_jpg.rf.08fc839d393a39c76b06e245b2086539.jpg,1,1,1.0,0.31,0.007,0.08,9.992,6.046,109.619,2.127,130.087
FireSmokeVideo215_f94_jpg.rf.528ba4d3be91a967bddbfb9864f51db3.jpg,1,1,1.0,0.28,0.006,0.073,10.422,5.945,94.341,2.633,115.379
FireSmokeVideo216_f11_jpg.rf.8131d69ee838f1a65103d6443561a7f1.jpg,1,1,0.9947,0.25,0.005,0.066,8.5,6.902,109.099,2.337,128.693
FireSmokeVideo216_f27_jpg.rf.ba6ca5cedbb78724dd4bccdc2c5de034.jpg,1,1,0.9999,0.221,0.005,0.047,7.159,6.071,115.8,3.37,134.101
FireSmokeVideo216_f43_jpg.rf.be44c91512113c3340efe3314da0d278.jpg,1,1,0.9995,0.275,0.006,0.073,8.082,11.969,113.625,2.361,137.777
FireSmokeVideo216_f90_jpg.rf.101b70dbb80bf6849f0b4f8d82fd8d25.jpg,1,1,0.9646,0.277,0.006,0.072,5.882,1.221,75.345,1.916,86.371
FireSmokeVideo217_f13_jpg.rf.a2865611dc480b670f27af57e2225f42.jpg,1,1,1.0,0.284,0.006,0.082,8.151,1.303,74.701,1.692,87.947
FireSmokeVideo217_f16_jpg.rf.7f156218c64860130f2c2c081c033757.jpg,1,1,1.0,0.278,0.006,0.079,5.324,4.657,76.161,1.788,89.904
FireSmokeVideo217_f19_jpg.rf.1ff7af47e46a325f7a02cde83e7fd0ac.jpg,1,1,1.0,0.29,0.007,0.075,2.8,1.179,91.154,2.229,99.396
FireSmokeVideo217_f22_jpg.rf.88d7b65c21e91bb0e3dc3123fe7cd349.jpg,1,1,1.0,0.268,0.006,0.07,2.957,1.145,77.128,1.834,84.991
FireSmokeVideo217_f56_jpg.rf.e19b41c77f0968ae4076026e7fb210de.jpg,1,1,1.0,0.293,0.006,0.081,10.372,5.414,91.955,1.984,111.899
FireSmokeVideo217_f68_jpg.rf.7347dd2296d87618177851b8d26375d5.jpg,1,1,1.0,0.291,0.006,0.078,7.322,6.181,75.74,2.18,93.455
FireSmokeVideo217_f71_jpg.rf.f38c28c58be4a14d99f8c90bed0a174b.jpg,1,1,1.0,0.297,0.007,0.079,10.407,8.621,93.074,3.483,117.632
FireSmokeVideo218_f107_jpg.rf.cf5ce7183cd966c48f8cffe2241ac51e.jpg,1,1,1.0,0.291,0.006,0.082,9.934,6.54,100.243,2.178,121.164
FireSmokeVideo218_f22_jpg.rf.a15d6d4a86f1df2627210ae38cc27dca.jpg,1,1,1.0,0.285,0.006,0.072,9.552,7.02,96.59,2.64,117.797
FireSmokeVideo218_f39_jpg.rf.b1b0823cfacbbf01eb2172a47aa8b9fc.jpg,1,1,1.0,0.295,0.006,0.083,19.53,8.39,99.403,2.528,132.852
FireSmokeVideo218_f52_jpg.rf.e8ca132ad984ab4ce29b5b9516c68431.jpg,1,1,1.0,0.293,0.007,0.083,17.865,9.93,114.729,5.712,150.188
FireSmokeVideo219_f108_jpg.rf.df7ff1411b0ed1687ab6a07efb3ee59b.jpg,1,1,1.0,0.296,0.007,0.083,9.425,7.338,105.836,2.55,126.859
FireSmokeVideo219_f1_jpg.rf.29b02b12b3ba76dd450ac265fe8b0d3a.jpg,1,1,1.0,0.293,0.006,0.079,11.718,6.879,99.628,6.82,127.024
FireSmokeVideo219_f71_jpg.rf.32f692a6f913743f4286c6d171c7b34a.jpg,1,1,1.0,0.254,0.005,0.063,6.961,1.252,88.666,2.095,100.936
FireSmokeVideo21_f0_jpg.rf.46317c6cc42bb887c39bb6ebc74cae7f.jpg,1,1,1.0,0.287,0.006,0.078,4.219,1.526,103.298,2.64,113.805
FireSmokeVideo21_f133_jpg.rf.c696ef9fd42b056388daf27710015894.jpg,1,1,1.0,0.225,0.005,0.052,11.432,8.715,97.988,2.549,122.534
FireSmokeVideo21_f17_jpg.rf.ef1145d41a9b4a231f7e5ab4937442f7.jpg,1,1,1.0,0.303,0.007,0.079,6.586,5.789,106.777,4.928,126.097
FireSmokeVideo21_f41_jpg.rf.6b4a2999660182ac37cea738b82bea8d.jpg,1,1,1.0,0.283,0.007,0.079,12.128,7.681,107.083,3.519,132.191
FireSmokeVideo21_f82_jpg.rf.9006c890db1f44a4105b7bbefca866b8.jpg,1,1,1.0,0.297,0.007,0.076,8.785,6.62,104.199,3.779,125.925
FireSmokeVideo220_f20_jpg.rf.09acd9799433597e72df53b971f51af0.jpg,1,1,1.0,0.23,0.004,0.056,13.945,7.166,104.575,2.542,129.906
FireSmokeVideo220_f62_jpg.rf.9a92d54e09fd9232ca61fc468f400d5c.jpg,1,1,1.0,0.295,0.006,0.08,5.946,1.209,76.634,2.281,88.107
FireSmokeVideo220_f66_jpg.rf.de2bd215a8bb6964e19fe9c34f2de9ab.jpg,1,1,1.0,0.302,0.006,0.081,7.185,2.209,77.507,2.196,91.189
FireSmokeVideo221_f56_jpg.rf.6a3acd64a93dc5e57ce98a6ea0bd9162.jpg,1,1,1.0,0.291,0.006,0.079,2.805,1.182,92.206,2.537,100.705
FireSmokeVideo221_f8_jpg.rf.a9af82b49a5830a16330548a0ae08a5f.jpg,1,1,1.0,0.223,0.005,0.05,6.377,10.011,110.834,3.763,132.906
FireSmokeVideo222_f18_jpg.rf.fce9a508eb4ba48201e3136dc2c84bbb.jpg,1,1,1.0,0.285,0.006,0.078,2.793,1.246,83.039,3.772,92.896
FireSmokeVideo222_f23_jpg.rf.5e67df27ac03285b68df5457094762ed.jpg,1,1,1.0,0.303,0.007,0.084,3.129,1.968,106.696,3.167,117.095
FireSmokeVideo222_f26_jpg.rf.53c20a7eaf2b488441046ab91fd751ce.jpg,1,1,1.0,0.245,0.005,0.055,9.59,9.365,104.405,2.435,127.905
FireSmokeVideo222_f30_jpg.rf.22fab0ef36fe71aec1a35f3d12b6e32d.jpg,1,1,1.0,0.224,0.004,0.054,8.542,9.379,81.249,3.157,104.073
FireSmokeVideo224_f11_jpg.rf.2f7564ccb756c8d51b3ba6c7977ffc14.jpg,1,1,1.0,0.299,0.006,0.085,9.607,1.312,83.247,2.258,98.486
FireSmokeVideo224_f14_jpg.rf.c033c0c6dfe1f3eeee0a80437c6ab8e9.jpg,1,1,1.0,0.296,0.006,0.083,8.716,7.732,116.746,2.177,137.501
FireSmokeVideo224_f1_jpg.rf.6ab499765ca270a66eaaadc6dd021eb5.jpg,1,1,0.9771,0.249,0.005,0.059,7.674,2.29,75.994,2.444,90.054
FireSmokeVideo224_f8_jpg.rf.342fd06591dd4031da220ef7f50eabc3.jpg,1,1,0.9794,0.278,0.006,0.08,11.7,1.303,90.211,2.463,108.107
FireSmokeVideo225_f14_jpg.rf.80ded2906ce70b040c063916c4daf59a.jpg,1,1,1.0,0.594,0.006,0.083,5.027,5.269,89.796,2.503,104.667
FireSmokeVideo225_f1_jpg.rf.14bfea92ad6e8e54202270005af70dbe.jpg,1,1,0.8985,0.297,0.006,0.087,8.939,1.221,89.621,2.309,104.222
FireSmokeVideo225_f2_jpg.rf.f20e5c294a9d7cc02e5c35300be99191.jpg,1,1,1.0,0.292,0.006,0.085,9.627,6.588,104.967,2.479,125.473
FireSmokeVideo225_f38_jpg.rf.0456f578520a7fb02b02b3265e253b26.jpg,1,1,1.0,0.219,0.005,0.048,7.479,5.239,74.296,2.741,91.641
FireSmokeVideo225_f43_jpg.rf.5e157f2ba5a61067e4e1f693571da685.jpg,1,1,1.0,0.298,0.006,0.081,3.519,3.28,98.415,2.495,109.866
FireSmokeVideo226_f10_jpg.rf.3b14717497d1f026b6f9adc243121bc4.jpg,1,1,1.0,0.28,0.005,0.059,9.613,6.292,104.168,2.87,124.889
FireSmokeVideo226_f2_jpg.rf.f52b853fcd1df97cf9d3dd2b0b1a0ae6.jpg,1,1,0.9952,0.297,0.007,0.076,14.568,5.191,103.201,2.614,127.455
FireSmokeVideo226_f68_jpg.rf.0d2a815de5c4641fa13a1caeecb55ea8.jpg,1,1,1.0,0.213,0.004,0.046,7.517,3.703,84.777,2.928,101.103
FireSmokeVideo226_f94_jpg.rf.2df5e8fc35eaf9221044f69469716193.jpg,1,1,1.0,0.276,0.005,0.072,8.57,11.377,100.544,2.761,125.09
FireSmokeVideo227_f115_jpg.rf.650dedfd3d553cc9d6ff5b0f7979aab0.jpg,1,1,1.0,0.295,0.007,0.083,13.919,6.216,77.556,1.886,101.574
FireSmokeVideo227_f180_jpg.rf.63ac8617f875ea9c23039373e427df1a.jpg,1,1,1.0,0.341,0.007,0.08,7.039,5.963,82.394,4.937,102.398
FireSmokeVideo227_f55_jpg.rf.8178a04af1fbc7ee2ec54389c8cfcabe.jpg,1,1,0.9997,0.29,0.006,0.083,11.076,6.535,76.646,2.06,98.448
FireSmokeVideo228_f102_jpg.rf.49fcbd2150e85592ce1f6732bcadb812.jpg,1,1,1.0,0.234,0.004,0.048,11.141,5.217,103.903,2.889,125.415
FireSmokeVideo228_f108_jpg.rf.6126ef5d41f6bf36487625a76c4baf11.jpg,1,1,1.0,0.294,0.006,0.079,10.05,6.183,109.943,2.45,130.757
FireSmokeVideo228_f126_jpg.rf.1fe3ecaa179249c9ad416a2f23d340b4.jpg,1,1,0.9999,0.252,0.006,0.061,11.65,8.244,108.174,2.535,132.808
FireSmokeVideo228_f130_jpg.rf.5528ed346a2b29533bed59e3b0943e42.jpg,1,1,1.0,0.222,0.004,0.051,10.217,5.428,99.07,3.002,119.57
FireSmokeVideo228_f171_jpg.rf.dac8de1db24118bf9df6b10d91688d91.jpg,1,1,1.0,0.271,0.006,0.07,11.727,1.592,103.395,2.524,121.263
FireSmokeVideo228_f184_jpg.rf.27f6d45b960d44d22cbff4076787a6ef.jpg,1,1,1.0,0.299,0.007,0.08,12.689,9.06,87.811,2.481,114.147
FireSmokeVideo228_f19_jpg.rf.94d66db8db8ad5e1ce4c72a0655924f1.jpg,1,1,1.0,0.293,0.006,0.081,3.719,4.384,80.107,2.57,92.893
FireSmokeVideo228_f53_jpg.rf.37201c74a0c253edd2002c997b467c14.jpg,1,1,1.0,0.306,0.006,0.078,10.179,6.1,97.362,2.459,118.163
FireSmokeVideo228_f62_jpg.rf.d3ec087c2ae4a4c68edff844ff658038.jpg,1,0,0.5061,0.37,0.006,0.082,13.318,8.625,101.684,3.528,129.185
FireSmokeVideo228_f70_jpg.rf.65764160b6c1d10e2bf300ad59e5b594.jpg,1,1,1.0,0.361,0.007,0.083,10.878,8.476,93.643,2.244,117.382
FireSmokeVideo228_f83_jpg.rf.2d66b39cdba9911486b13f190d12fe2e.jpg,1,1,1.0,0.285,0.007,0.076,5.338,2.713,92.2,2.343,104.594
FireSmokeVideo228_f91_jpg.rf.b0e8bab50d34b89e6b0ec85b5fd15c2c.jpg,1,1,1.0,0.297,0.007,0.082,6.564,3.431,77.156,2.204,91.309
FireSmokeVideo229_f30_jpg.rf.251628747ceec2e81ba825823469f83b.jpg,1,1,0.9992,0.388,0.006,0.082,8.237,7.025,111.593,2.458,131.57
FireSmokeVideo229_f40_jpg.rf.83f16bcc6483593aa98d1a5ba7ae311e.jpg,1,1,0.9964,0.296,0.007,0.084,16.06,6.552,76.209,2.265,103.165
FireSmokeVideo229_f44_jpg.rf.d3b219948dafa30fbffa43933e1f5b3d.jpg,1,1,1.0,0.29,0.006,0.083,7.233,4.535,94.994,2.499,111.346
FireSmokeVideo229_f70_jpg.rf.216bf969d4ae6e41fd7b96c685b4e435.jpg,1,1,1.0,0.28,0.007,0.082,9.549,4.985,123.622,2.066,142.797
FireSmokeVideo229_f80_jpg.rf.8f5babda982589f8fae5379a90b33458.jpg,1,1,1.0,0.238,0.005,0.054,10.992,2.047,137.808,1.972,154.971
FireSmokeVideo22_f101_jpg.rf.09ef9f85c407075ace1a62e165c22b73.jpg,1,1,1.0,0.223,0.005,0.05,8.209,5.545,108.358,2.478,126.219
FireSmokeVideo22_f116_jpg.rf.4fa34c1182107166a93d96149482517d.jpg,1,1,1.0,0.29,0.006,0.076,10.693,6.852,94.204,2.577,116.063
FireSmokeVideo22_f16_jpg.rf.dc60bc923cc4e1c1aab8002023d3b4c7.jpg,1,1,1.0,0.275,0.006,0.074,4.37,4.03,82.082,2.566,94.899
FireSmokeVideo22_f7_jpg.rf.4cafa73916ba9a665bf8cfa3c7a12d41.jpg,1,1,0.9993,0.394,0.007,0.088,12.962,3.52,76.708,1.989,97.309
FireSmokeVideo22_f94_jpg.rf.bbb4f565b777991e683eec277ec83b06.jpg,1,1,1.0,0.293,0.007,0.083,7.95,6.165,105.798,4.463,126.805
FireSmokeVideo230_f12_jpg.rf.76496cd6bfddbe445a22de965b879c79.jpg,1,1,1.0,0.336,0.006,0.081,11.236,7.797,105.227,2.666,129.638
FireSmokeVideo231_f110_jpg.rf.30bce5b72d21720a93628bbc7b4781d4.jpg,1,1,1.0,0.581,0.006,0.069,9.235,4.641,124.246,4.044,144.148
FireSmokeVideo231_f161_jpg.rf.bd5134df3741ee658cf89614ab70b0db.jpg,1,0,1.0,0.224,0.005,0.054,13.547,13.192,118.387,2.496,149.197
FireSmokeVideo231_f3_jpg.rf.bfda1ccb19be30c3b42eea4be329252e.jpg,1,1,1.0,0.25,0.005,0.059,6.09,4.576,89.26,2.201,103.864
FireSmokeVideo231_f68_jpg.rf.6cdc2fa77db443915360cf3753caadd0.jpg,1,1,0.6667,0.291,0.007,0.08,13.582,9.73,99.271,2.422,127.13
FireSmokeVideo231_f79_jpg.rf.61adce3913bf72bdd52f63c8b3a3b84e.jpg,1,1,0.667,0.291,0.006,0.087,15.748,6.332,90.411,2.465,116.937
FireSmokeVideo232_f20_jpg.rf.edd5511fc039ec6f94a42eceb445b92e.jpg,1,1,1.0,0.289,0.007,0.075,8.891,1.947,86.814,2.193,101.994
FireSmokeVideo232_f72_jpg.rf.260e06d17c7c7afbca8ff09ebde0975a.jpg,1,1,1.0,0.286,0.006,0.079,2.965,2.251,91.837,2.396,101.522
FireSmokeVideo233_f136_jpg.rf.4f1615a01ee5284320ab7283caf8b6d5.jpg,1,1,1.0,0.292,0.007,0.079,4.288,1.127,77.765,2.222,87.433
FireSmokeVideo233_f4_jpg.rf.0ea524c97d96367cfb618cf3b60e4e3e.jpg,1,1,1.0,0.297,0.007,0.076,7.911,1.289,92.597,2.071,105.873
FireSmokeVideo233_f82_jpg.rf.036d0076f6a9267c10b09b6fe0ae3bed.jpg,1,1,1.0,0.281,0.006,0.079,2.905,1.491,113.151,2.579,122.156
FireSmokeVideo234_f137_jpg.rf.f6d5a2d48d080529ff0a2e8f2f0d024b.jpg,1,1,1.0,0.286,0.006,0.079,8.808,4.864,92.67,2.315,110.599
FireSmokeVideo234_f165_jpg.rf.313a2df1188ac38f777f97eaed637fa3.jpg,1,1,1.0,0.291,0.006,0.078,6.669,3.57,115.767,2.343,130.335
FireSmokeVideo234_f183_jpg.rf.75ccfba3c076c1b4e40d2c68f52df240.jpg,1,1,1.0,0.299,0.006,0.079,9.118,4.55,116.931,2.298,134.788
FireSmokeVideo234_f196_jpg.rf.760748f0457ee1df4b8f6e3254dae313.jpg,1,1,1.0,0.287,0.045,0.081,7.229,4.29,76.071,2.249,91.885
FireSmokeVideo234_f27_jpg.rf.dd29c17e94f887096633bc7765cfd0fc.jpg,1,1,1.0,0.294,0.007,0.084,16.312,5.891,115.39,2.405,141.694
FireSmokeVideo234_f58_jpg.rf.65337b3930557b8d7f8adedde9c928f6.jpg,1,1,1.0,0.289,0.006,0.076,9.98,5.957,116.047,2.36,136.447
FireSmokeVideo234_f92_jpg.rf.3dcc9fd3d9efa3f311b1cdcd02be4e13.jpg,1,1,1.0,0.298,0.005,0.078,4.547,0.973,107.532,2.139,117.651
FireSmokeVideo235_f18_jpg.rf.2bfe83d5d70c0db98659f2b5469e7802.jpg,1,1,1.0,0.29,0.006,0.08,4.152,1.17,83.24,2.258,92.842
FireSmokeVideo235_f31_jpg.rf.b8ed6e6385335db729c5a65a6c332838.jpg,1,1,1.0,0.291,0.006,0.083,4.588,1.916,120.384,2.276,131.288
FireSmokeVideo235_f77_jpg.rf.1ed0cf17c894f5bd4fc2f1c79720cdd7.jpg,1,1,1.0,0.248,0.005,0.05,4.833,1.214,86.933,2.323,97.664
FireSmokeVideo235_f8_jpg.rf.d4fdaec0b5a84d193b7f5351f58a371e.jpg,1,1,1.0,0.236,0.004,0.051,3.642,1.186,99.43,2.433,108.923
FireSmokeVideo236_f1_jpg.rf.4003d907500157b6cb14fe6b16a73978.jpg,1,1,1.0,0.208,0.005,0.048,3.475,1.18,83.716,2.293,92.604
FireSmokeVideo237_f137_jpg.rf.5c3d30fe4ed689cbca1a3582a78c45b8.jpg,1,1,1.0,0.217,0.004,0.048,3.171,1.178,77.375,2.211,85.89
FireSmokeVideo237_f142_jpg.rf.ce083c35f0b63fd61902e8778f211b7b.jpg,1,1,1.0,0.291,0.006,0.078,2.758,4.494,79.161,3.526,92.037
FireSmokeVideo237_f22_jpg.rf.c57af0555b2677e3fab834e3d6621f86.jpg,1,1,1.0,0.297,0.007,0.083,2.892,1.397,99.468,2.124,107.977
FireSmokeVideo237_f30_jpg.rf.6a550cb499cfb31f1cf8c27a800fcf41.jpg,1,1,1.0,0.388,0.006,0.077,3.581,1.845,99.766,2.244,109.568
FireSmokeVideo237_f78_jpg.rf.ae9c4e59400ab54d45fa624fa427f798.jpg,1,1,1.0,0.221,0.004,0.05,3.814,6.277,78.659,1.905,92.986
FireSmokeVideo238_f10_jpg.rf.1dc9423495354db0e7ac134e9f63367a.jpg,1,1,1.0,0.288,0.006,0.077,4.474,1.187,95.539,2.548,105.865
FireSmokeVideo238_f16_jpg.rf.410afb63855e55b5912a788b16fec62d.jpg,1,1,1.0,0.291,0.007,0.08,3.175,1.175,93.319,2.258,101.996
FireSmokeVideo238_f36_jpg.rf.67ccaae7aac2d5ecc68e69359ea3b87a.jpg,1,1,1.0,0.323,0.007,0.086,8.926,1.201,77.37,1.879,91.428
FireSmokeVideo239_f17_jpg.rf.45ca65b239511794a3ab1b9b564615c7.jpg,1,1,1.0,0.298,0.006,0.082,3.892,1.162,77.845,2.344,87.241
FireSmokeVideo239_f5_jpg.rf.71a83413bc867fde694c6f22fd5d3609.jpg,1,1,0.9998,0.295,0.006,0.084,9.622,5.606,77.686,1.825,96.651
FireSmokeVideo239_f9_jpg.rf.2bacad7b21f6889d82ad386d3f72babc.jpg,1,1,0.9607,0.291,0.007,0.087,12.981,6.731,87.152,2.251,111.163
FireSmokeVideo23_f164_jpg.rf.052bfd05c54de3b9c2d8f191655745b4.jpg,1,1,1.0,0.287,0.006,0.076,7.667,6.042,76.005,2.24,93.957
FireSmokeVideo23_f7_jpg.rf.d5dcb3e1f8f6465dd2ebdc5e21664011.jpg,1,1,1.0,0.287,0.006,0.079,8.162,4.071,93.821,2.453,110.528
FireSmokeVideo240_f22_jpg.rf.891fa1a550afbc00b4f2b246671f3594.jpg,1,1,1.0,0.294,0.006,0.078,3.048,1.237,77.862,1.892,86.016
FireSmokeVideo240_f65_jpg.rf.4eec6de19b1ad7d9777150e04ee026d6.jpg,1,1,1.0,0.295,0.006,0.075,10.303,6.93,106.392,3.9,129.597
FireSmokeVideo240_f70_jpg.rf.24704fe563ea014734df557ca93a6b5a.jpg,1,1,0.571,0.295,0.006,0.084,12.592,4.462,93.442,2.518,114.951
FireSmokeVideo242_f27_jpg.rf.7ed3ba9423f49dc64829a1145f0e5631.jpg,1,1,1.0,0.297,0.006,0.08,3.004,1.213,77.549,1.868,85.684
FireSmokeVideo243_f60_jpg.rf.8297896e52840f832611f5962c16edab.jpg,1,1,1.0,0.289,0.006,0.077,2.879,1.229,87.605,2.545,96.281
FireSmokeVideo243_f67_jpg.rf.6aba7bc44bde05366cfbd573871b5aa9.jpg,1,1,1.0,0.286,0.007,0.08,3.741,1.439,77.183,1.822,86.333
FireSmokeVideo244_f120_jpg.rf.2bd340290fe05df37625de5ef3e2d639.jpg,1,1,1.0,0.278,0.006,0.073,8.984,6.984,108.635,2.121,128.681
FireSmokeVideo244_f63_jpg.rf.c3b0111a35797e8d57fc91510345f5f6.jpg,1,1,1.0,0.291,0.007,0.075,7.503,7.575,84.822,3.544,105.898
FireSmokeVideo244_f9_jpg.rf.2d5d0577132376e54c179d35b3f3c9a9.jpg,1,1,1.0,0.253,0.005,0.06,14.269,7.689,109.904,2.072,135.823
FireSmokeVideo245_f16_jpg.rf.53dfe3ce10c35640ee4b653e5ce6ae91.jpg,1,1,1.0,0.27,0.006,0.069,10.144,6.246,124.964,3.282,146.656
FireSmokeVideo245_f4_jpg.rf.ef5ace2f3cf63a0041032fb9ab13ecb1.jpg,1,1,1.0,0.279,0.006,0.072,7.033,7.127,80.804,1.916,98.666
FireSmokeVideo246_f21_jpg.rf.d8b33a168402b460df93457546dc9d18.jpg,1,1,1.0,0.287,0.006,0.077,9.172,6.008,83.247,4.843,105.301
FireSmokeVideo246_f36_jpg.rf.4a3efefa75d40df903ebeb5f5b399fe4.jpg,1,1,1.0,0.287,0.006,0.075,7.95,6.673,76.084,2.272,95.067
FireSmokeVideo247_f10_jpg.rf.627e3743303e1358bb0201a7c37a0073.jpg,1,1,1.0,0.29,0.006,0.077,8.864,6.197,121.934,2.51,141.156
FireSmokeVideo247_f12_jpg.rf.2676027ac6e5bb4a37d43c0900c8cac1.jpg,1,1,1.0,0.284,0.006,0.074,3.372,1.297,76.687,1.887,85.238
FireSmokeVideo247_f21_jpg.rf.830b803d920556785bf4a47c0e96b039.jpg,1,1,1.0,0.293,0.006,0.079,9.779,5.491,86.677,1.477,105.182
FireSmokeVideo247_f36_jpg.rf.5fdeef0b0fa085f3bb3ba7b37c5f7744.jpg,1,1,1.0,0.284,0.006,0.074,7.252,6.201,103.197,4.452,123.193
FireSmokeVideo247_f75_jpg.rf.020018dd84279fd1849237948a99735a.jpg,1,1,1.0,0.294,0.006,0.078,13.18,10.458,131.428,1.98,159.145
FireSmokeVideo248_f18_jpg.rf.d62a2848c7d5410a62ed70d64a9832cf.jpg,1,1,1.0,0.231,0.005,0.057,11.96,2.583,115.665,2.54,134.622
FireSmokeVideo248_f23_jpg.rf.99c192f392a8850577cc6575045729cc.jpg,1,1,1.0,0.285,0.006,0.08,7.761,1.943,91.267,2.454,105.406
FireSmokeVideo248_f3_jpg.rf.bea037a8cb8735f796fdd9d482239098.jpg,1,1,1.0,0.284,0.006,0.082,6.59,2.116,75.467,1.845,88.615
FireSmokeVideo249_f12_jpg.rf.fd8152e2028c52f64473432d4d842b58.jpg,1,1,1.0,0.284,0.006,0.076,3.294,1.559,95.771,2.26,104.859
FireSmokeVideo249_f1_jpg.rf.07755157acb97d3e4263dd769e9c7a21.jpg,1,1,1.0,0.286,0.006,0.075,4.828,3.134,75.788,2.252,88.608
FireSmokeVideo249_f38_jpg.rf.ac2afb8ffcdc1c18512a1950bfe9f7b2.jpg,1,1,1.0,0.3,0.007,0.079,10.76,0.982,75.152,1.85,91.174
FireSmokeVideo249_f44_jpg.rf.8013e3edce31eeebe711326bfd888554.jpg,1,1,1.0,0.295,0.006,0.076,3.089,1.288,76.922,1.991,85.349
FireSmokeVideo249_f78_jpg.rf.9deaf4c9ef00696c5c7aa4ecba59f102.jpg,1,1,1.0,0.294,0.006,0.081,7.847,1.603,102.657,2.539,116.738
FireSmokeVideo24_f82_jpg.rf.c4a1f9144472b1898d21722062f32c1c.jpg,1,1,1.0,0.279,0.006,0.075,3.28,1.249,86.384,2.875,95.855
FireSmokeVideo24_f95_jpg.rf.1ab48884f0df9f8254cc4b247ce1107b.jpg,1,1,1.0,0.292,0.006,0.082,7.317,1.226,78.022,1.892,90.373
FireSmokeVideo250_f100_jpg.rf.6a697fac843a1e7618650b6d440d3fe8.jpg,1,1,1.0,0.287,0.007,0.074,5.431,6.279,91.972,2.239,107.921
FireSmokeVideo250_f30_jpg.rf.ded55735557cc41f5d30e4aff70a24cd.jpg,1,1,1.0,0.29,0.006,0.081,6.752,1.263,76.757,1.911,88.799
FireSmokeVideo250_f49_jpg.rf.75d882da26f6666ffa86638aa966d7a9.jpg,1,1,1.0,0.285,0.006,0.077,5.827,1.345,92.735,2.547,104.539
FireSmokeVideo250_f58_jpg.rf.675acc17baadae5d7e6019f4d2b9e3b5.jpg,1,1,1.0,0.295,0.006,0.083,8.57,5.999,76.388,2.009,94.992
FireSmokeVideo250_f70_jpg.rf.d126c8647af816e39d195e8962132e14.jpg,1,1,1.0,0.223,0.004,0.053,9.205,5.964,75.737,1.98,94.68
FireSmokeVideo250_f76_jpg.rf.59e0c55899320ed29582496119bcaa55.jpg,1,1,1.0,0.291,0.007,0.078,8.491,6.038,76.501,2.597,95.643
FireSmokeVideo250_f94_jpg.rf.69c6b61b58dd4649c3f4d8aab8c4afd3.jpg,1,1,1.0,0.208,0.004,0.049,8.289,7.37,77.547,1.943,96.76
FireSmokeVideo251_f108_jpg.rf.08288a6c1f68dece45af3dfb3c22b060.jpg,1,1,1.0,0.276,0.006,0.073,7.705,4.802,87.989,2.165,104.543
FireSmokeVideo251_f114_jpg.rf.a34b1e7e261f9be42e91e0552e886458.jpg,1,1,1.0,0.345,0.006,0.076,7.005,2.8,74.86,1.886,88.528
FireSmokeVideo251_f120_jpg.rf.04af46a4b88f466bf6c95d9c53dd6f76.jpg,1,1,1.0,0.293,0.007,0.078,7.941,6.934,90.569,2.391,109.859
FireSmokeVideo251_f3_jpg.rf.7ac418de5fdad2a4394bd23fe4c9bd31.jpg,1,1,1.0,0.291,0.007,0.078,11.069,5.985,85.484,2.112,106.675
FireSmokeVideo251_f51_jpg.rf.38b67cb7c1b13a8341a653e09f888d09.jpg,1,1,1.0,0.661,0.007,0.122,8.601,6.079,76.308,2.412,95.881
FireSmokeVideo251_f70_jpg.rf.69f29a9fdf80c86a43a8ae9bd078b4b6.jpg,1,1,1.0,0.285,0.006,0.076,7.415,5.951,83.994,3.67,103.016
FireSmokeVideo251_f96_jpg.rf.fe9704898fa5c004a74add3e4759c680.jpg,1,1,1.0,0.291,0.006,0.08,8.51,6.004,75.879,2.004,94.437
FireSmokeVideo252_f35_jpg.rf.269193c693099a615a2d73c91edf6e98.jpg,1,1,1.0,0.36,0.006,0.078,5.201,2.197,98.774,2.251,110.285
FireSmokeVideo252_f39_jpg.rf.29b53da3cb6c4852579060c4e504bbad.jpg,1,1,0.9999,0.293,0.007,0.077,7.595,6.488,76.395,1.967,94.348
FireSmokeVideo252_f70_jpg.rf.999aea9578ef871bda7919873d354be1.jpg,1,1,1.0,0.291,0.006,0.079,7.528,6.335,89.7,2.342,108.18
FireSmokeVideo252_f7_jpg.rf.51007987b0c7bd0165403e7d6113ff28.jpg,1,1,0.973,0.289,0.006,0.087,14.836,6.042,75.819,2.97,101.695
FireSmokeVideo253_f14_jpg.rf.f3ead9c3db866a23671801b9eff5f86c.jpg,1,1,1.0,0.285,0.006,0.078,7.518,6.168,75.52,1.9,93.071
FireSmokeVideo253_f28_jpg.rf.4a373842c95c0c8decc707086977ee6b.jpg,1,1,1.0,0.292,0.006,0.078,3.481,4.018,88.327,2.256,100.125
FireSmokeVideo253_f56_jpg.rf.cac6556033338ba391c941cdf2ff496c.jpg,1,1,1.0,0.288,0.006,0.079,3.488,1.56,77.391,1.962,86.412
FireSmokeVideo253_f6_jpg.rf.cf6b3a18d63830b13ca2ef5afa8133e7.jpg,1,1,1.0,0.292,0.007,0.083,3.031,2.156,90.29,2.505,99.992
FireSmokeVideo253_f83_jpg.rf.0e6bde7666673258c0d277d2c025ccd5.jpg,1,1,1.0,0.291,0.006,0.081,3.28,1.186,81.808,2.819,91.175
FireSmokeVideo254_f42_jpg.rf.5ca6a74b50f8fe5ba87ee53e93f92141.jpg,1,1,1.0,0.29,0.006,0.078,3.023,5.131,89.898,2.556,102.678
FireSmokeVideo254_f55_jpg.rf.c0be2f293eee8f7e58b5be98d58eaaa8.jpg,1,1,1.0,0.291,0.006,0.082,11.049,5.316,75.812,1.916,96.215
FireSmokeVideo254_f61_jpg.rf.fd82f8e97539e924f316c68b0513ef25.jpg,1,1,1.0,0.314,0.008,0.09,9.735,6.266,77.079,1.971,97.204
FireSmokeVideo254_f78_jpg.rf.6e3da6868f1162c576696eda2d5a1d7d.jpg,1,1,1.0,0.283,0.007,0.075,9.679,7.131,74.437,2.376,95.558
FireSmokeVideo256_f13_jpg.rf.1c10afc66d252a0b5108c1ed00d217df.jpg,1,1,1.0,0.291,0.006,0.079,7.931,6.051,85.747,2.126,103.876
FireSmokeVideo256_f16_jpg.rf.f0111ab077d9ace0b8ea5efaa84febdd.jpg,1,1,1.0,0.291,0.006,0.082,7.375,1.27,90.151,2.481,103.377
FireSmokeVideo256_f215_jpg.rf.6efd296ca9a7f6bfc66542afda5af3e2.jpg,1,1,1.0,0.349,0.006,0.077,3.067,1.969,75.132,1.944,84.229
FireSmokeVideo256_f33_jpg.rf.90104492664eef43f098a4c93881800f.jpg,1,1,1.0,0.289,0.006,0.077,4.183,7.069,90.226,2.337,105.935
FireSmokeVideo256_f73_jpg.rf.c229e81826e7fe5e3de10a69ab0f7474.jpg,1,1,1.0,0.291,0.006,0.079,7.353,1.196,88.553,2.025,101.259
FireSmokeVideo257_f149_jpg.rf.843c3b43d8c9babd369ba79497df8a7e.jpg,1,1,1.0,0.3,0.007,0.079,7.65,3.112,77.351,1.861,92.027
FireSmokeVideo257_f2_jpg.rf.7676943851795ede176cd5d376c0a282.jpg,1,1,1.0,0.294,0.007,0.078,7.854,5.307,75.983,2.411,93.582
FireSmokeVideo257_f55_jpg.rf.51110c4bada7d4234c04e71098e8fe3e.jpg,1,1,1.0,0.291,0.006,0.08,3.464,1.177,77.582,1.834,86.154
FireSmokeVideo258_f15_jpg.rf.2aac3f05770d3962a1a22968e5d68b4b.jpg,1,1,1.0,0.278,0.006,0.076,4.996,1.226,76.645,2.021,86.974
FireSmokeVideo258_f35_jpg.rf.ea06b1d2517da722e520940b274c1d37.jpg,1,1,1.0,0.296,0.006,0.08,9.35,2.402,75.051,1.825,90.691
FireSmokeVideo258_f49_jpg.rf.85346d1f22f4f22e32e52ec764474067.jpg,1,1,1.0,0.288,0.007,0.083,10.213,1.32,89.36,2.302,105.231
FireSmokeVideo259_f107_jpg.rf.17f71bcf9e14d73b0783e448f3f5f978.jpg,1,1,1.0,0.291,0.006,0.08,10.399,6.812,95.485,2.076,116.84
FireSmokeVideo259_f116_jpg.rf.07b70687e6e1fbcee50ad8aacc88dad0.jpg,1,1,1.0,0.287,0.006,0.08,4.143,2.415,96.08,3.879,108.559
FireSmokeVideo259_f17_jpg.rf.dbbed5ca0a720638f0872dafa255eee4.jpg,1,1,1.0,0.288,0.007,0.081,8.276,1.866,94.705,2.137,109.102
FireSmokeVideo259_f21_jpg.rf.d75760a8ea32325872cb5647c608d658.jpg,1,1,1.0,0.273,0.006,0.073,3.367,1.238,109.833,2.117,118.547
FireSmokeVideo259_f31_jpg.rf.993a06c5b10da697077fe5c0dab49c24.jpg,1,1,1.0,0.221,0.004,0.05,13.669,11.116,118.745,1.846,147.263
FireSmokeVideo259_f40_jpg.rf.9c75acba27a5c5237fde69b1c97e07f3.jpg,1,1,1.0,0.297,0.006,0.081,17.604,10.565,109.815,2.261,142.008
FireSmokeVideo259_f60_jpg.rf.3f4bbae23a062761f368bbdb9b776acb.jpg,1,1,1.0,0.219,0.005,0.049,5.849,1.093,76.391,1.991,87.031
FireSmokeVideo259_f68_jpg.rf.6b2e02d49dd45951a617d25dcd341fa9.jpg,1,1,1.0,0.28,0.006,0.075,3.018,1.138,93.583,2.134,101.796
FireSmokeVideo259_f80_jpg.rf.996e16f5d49ac3229788be0605367299.jpg,1,1,1.0,0.28,0.006,0.074,3.778,1.184,77.284,1.847,86.14
FireSmokeVideo259_f92_jpg.rf.cf493c3a00e6a6929bf15dee104d86a9.jpg,1,1,1.0,0.293,0.006,0.081,11.169,7.131,93.24,2.071,115.7
FireSmokeVideo25_f112_jpg.rf.a3111313301ab65dc673e975d4c9ed5d.jpg,1,1,1.0,0.288,0.006,0.079,6.84,5.989,75.255,2.788,92.891
FireSmokeVideo25_f117_jpg.rf.39d66c772feb7fc96405f5d1a7c8c993.jpg,1,1,1.0,0.285,0.006,0.081,10.358,5.934,75.264,1.911,95.501
FireSmokeVideo25_f130_jpg.rf.37e14a81768fa37f6b87d50445d9da90.jpg,1,0,0.5459,0.294,0.006,0.078,7.121,5.982,102.546,2.532,120.197
FireSmokeVideo25_f147_jpg.rf.6d42949cc97cfae83f774de55cc427f9.jpg,1,1,1.0,0.287,0.006,0.08,7.84,5.959,76.276,2.892,94.95
FireSmokeVideo25_f36_jpg.rf.4d56df3b745633acde151ffb9b01b07e.jpg,1,1,1.0,0.223,0.005,0.052,10.318,6.463,117.734,4.403,140.597
FireSmokeVideo25_f47_jpg.rf.87c97c6fb1e6da7adab24afe12484789.jpg,1,1,1.0,0.3,0.006,0.082,8.142,8.153,117.301,3.461,139.525
FireSmokeVideo25_f54_jpg.rf.5d9e3b139067c09df8bfbf6690ca890b.jpg,1,1,1.0,0.221,0.004,0.048,9.735,2.453,112.36,3.335,129.727
FireSmokeVideo25_f72_jpg.rf.5765cb8560441a6bba55d32556a6402c.jpg,1,1,1.0,0.29,0.006,0.078,3.173,1.229,75.566,1.815,83.75
FireSmokeVideo25_f88_jpg.rf.16db0cb8bc6b514a9506c0088b2c9001.jpg,1,1,1.0,0.284,0.006,0.078,8.003,2.233,82.582,2.372,97.17
FireSmokeVideo260_f129_jpg.rf.1ad334d0e30d7319a0edb47564158f96.jpg,1,1,1.0,0.291,0.006,0.078,7.113,6.005,75.287,1.902,91.896
FireSmokeVideo260_f29_jpg.rf.11350732dd1bd5ac8446cf1dd54f7750.jpg,1,1,1.0,0.294,0.006,0.078,7.18,6.407,89.198,2.53,107.386
FireSmokeVideo260_f89_jpg.rf.3e6c1ecdfb34f83eebfb99b41cb0d5ae.jpg,1,1,1.0,0.29,0.007,0.086,10.875,5.805,81.092,1.907,101.744
FireSmokeVideo261_f33_jpg.rf.95c4379b464d5f9da59cdb01bba5aca0.jpg,1,1,1.0,0.307,0.005,0.082,4.292,1.941,77.037,1.886,87.197
FireSmokeVideo262_f16_jpg.rf.eb45238eccdf5ecc6553424f6592bbb8.jpg,1,1,1.0,0.301,0.006,0.079,8.104,5.618,76.138,2.254,94.024
FireSmokeVideo262_f26_jpg.rf.60a458aa1a7871952ba632eeac843f43.jpg,1,1,1.0,0.268,0.005,0.073,7.918,5.683,82.052,1.785,99.429
FireSmokeVideo262_f39_jpg.rf.46dedbdd8d8275d2ce5c86244e0856ce.jpg,1,1,1.0,0.272,0.007,0.074,10.116,5.235,96.855,2.141,116.317
FireSmokeVideo262_f49_jpg.rf.e088d5c51e1e9104f3b3b16531fb3ef0.jpg,1,1,1.0,0.286,0.006,0.077,2.702,1.124,83.327,1.891,91.01
FireSmokeVideo262_f85_jpg.rf.57036a68aa68d7e5f5695c4eca4effbd.jpg,1,1,0.9856,0.291,0.007,0.078,6.855,6.75,91.329,1.898,108.932
FireSmokeVideo262_f91_jpg.rf.4241dc438462ebe37c71af1d3aa7a88b.jpg,1,1,1.0,0.28,0.006,0.077,7.337,6.385,75.605,2.019,93.379
FireSmokeVideo263_f118_jpg.rf.c5348e5f1e8bc69d3f6ce41ed56f80f7.jpg,1,1,1.0,0.29,0.007,0.081,8.952,3.12,76.271,1.89,92.167
FireSmokeVideo263_f50_jpg.rf.d66c83924e17bd51940867ded09a815e.jpg,1,1,1.0,0.292,0.006,0.078,2.649,2.974,80.662,2.49,90.778
FireSmokeVideo264_f16_jpg.rf.a270885857adb1c4bf72d59a4107a3dd.jpg,1,1,0.7792,0.285,0.006,0.085,10.794,8.238,83.868,2.036,107.286
FireSmokeVideo264_f26_jpg.rf.8b5a607fcf932f6d3aa5453805ef0f1f.jpg,1,1,1.0,0.29,0.006,0.082,3.503,1.151,91.47,2.128,100.287
FireSmokeVideo264_f49_jpg.rf.043c7198ce4cf57472266cfebf068fb8.jpg,1,1,1.0,0.289,0.006,0.078,3.41,1.223,95.09,4.514,106.2
FireSmokeVideo264_f56_jpg.rf.f7857df2dcc938add9433aab8d6eff9e.jpg,1,1,1.0,0.278,0.006,0.079,12.073,6.49,86.812,1.885,109.826
FireSmokeVideo265_f32_jpg.rf.f96903191e2967183b8b8c4f12d4c903.jpg,1,1,1.0,0.382,0.006,0.076,7.838,5.996,75.674,1.867,93.452
FireSmokeVideo265_f4_jpg.rf.02b1d6d57088d852395cdd6b8bf3456a.jpg,1,1,1.0,0.331,0.015,0.077,7.982,6.396,82.256,2.007,100.819
FireSmokeVideo265_f56_jpg.rf.353ae82c8bef675fbc1910856d21a010.jpg,1,1,1.0,0.294,0.006,0.077,8.482,6.386,79.889,3.808,100.593
FireSmokeVideo265_f82_jpg.rf.4013c532f9284a5e129fdc1aa3e57abe.jpg,1,1,0.9854,0.294,0.006,0.079,8.939,1.78,76.034,1.931,90.729
FireSmokeVideo266_f0_jpg.rf.76a81bc8a560bd7c89edd85b6758ed98.jpg,1,1,1.0,0.289,0.007,0.077,4.595,2.652,84.115,2.594,96.026
FireSmokeVideo266_f48_jpg.rf.b30c9545a295a0244bf1955860068935.jpg,1,1,1.0,0.287,0.005,0.077,7.023,5.993,76.909,1.96,93.945
FireSmokeVideo267_f11_jpg.rf.4dc8c6f3be6fcf280e8a034a61c915c2.jpg,1,1,1.0,0.289,0.006,0.078,6.586,1.21,121.119,6.08,137.108
FireSmokeVideo267_f33_jpg.rf.f443bc454330112cef8cfe86cceecf52.jpg,1,1,1.0,0.286,0.006,0.076,3.282,1.158,116.326,5.075,127.878
FireSmokeVideo267_f94_jpg.rf.cdcf2b329a6dbfe8a0248edffa5a4a29.jpg,1,1,1.0,0.283,0.007,0.078,3.38,1.127,88.489,1.988,96.968
FireSmokeVideo268_f12_jpg.rf.b278d9daec5b253eb5dcd62b3a8029a5.jpg,1,1,1.0,0.389,0.006,0.08,4.841,1.165,93.726,5.865,107.7
FireSmokeVideo268_f15_jpg.rf.285aa7fc549168e81215fbe7905b589f.jpg,1,1,1.0,0.281,0.006,0.077,6.817,1.225,77.241,1.845,89.191
FireSmokeVideo268_f19_jpg.rf.73af927c94c4a5e86a270fb029761c8f.jpg,1,1,0.9976,0.288,0.006,0.079,4.637,1.189,89.514,2.487,99.838
FireSmokeVideo268_f4_jpg.rf.d1b4fbb8c43fadb543e6e1f4a30a5ec8.jpg,1,1,1.0,0.284,0.007,0.077,3.048,1.413,77.582,1.827,86.255
FireSmokeVideo268_f60_jpg.rf.392c05d3b1a5795da4cb36c2f5d5857c.jpg,1,1,1.0,0.289,0.007,0.079,7.76,9.293,82.104,1.925,103.194
FireSmokeVideo268_f72_jpg.rf.8fb18f10842cac794f3f76c343739f2d.jpg,1,1,1.0,0.284,0.006,0.078,6.154,2.797,80.403,1.838,93.169
FireSmokeVideo268_f89_jpg.rf.a33868e4870df9d9d25c078030128051.jpg,1,1,0.9975,0.287,0.007,0.078,10.578,6.924,75.333,1.845,96.69
FireSmokeVideo269_f19_jpg.rf.2e37d660da669f35edfd4c7d2ea19f27.jpg,1,1,0.932,0.278,0.007,0.077,8.235,6.987,76.61,2.413,96.27
FireSmokeVideo26_f18_jpg.rf.e38958e0d3da376339dad2acadd9fe7c.jpg,1,1,1.0,0.285,0.006,0.076,4.969,1.128,77.206,1.875,87.229
FireSmokeVideo26_f28_jpg.rf.6b00e32ea0eee68134e8865e3b1d8f3d.jpg,1,1,1.0,0.291,0.007,0.076,3.006,1.144,78.776,3.748,88.663
FireSmokeVideo26_f39_jpg.rf.fb58dca3c228e2916963f8324c416fda.jpg,1,1,1.0,0.284,0.007,0.074,2.928,1.133,77.733,1.872,85.695
FireSmokeVideo26_f98_jpg.rf.b19173733e90da5061a63f84a58dfae5.jpg,1,1,1.0,0.528,0.007,0.082,2.666,1.188,76.365,2.73,85.176
FireSmokeVideo270_f194_jpg.rf.3fd07fd39469341f1ba8021b3a817779.jpg,1,1,1.0,0.285,0.006,0.077,2.703,1.127,82.874,1.955,90.686
FireSmokeVideo270_f1_jpg.rf.8c84b603e393711b0f01c613414614cc.jpg,1,1,1.0,0.294,0.008,0.077,3.638,1.092,78.167,2.756,88.135
FireSmokeVideo270_f30_jpg.rf.90cca53a4b7778bc1aa5e849de5393c5.jpg,1,1,1.0,0.286,0.007,0.077,2.665,1.142,77.012,1.861,84.729
FireSmokeVideo270_f54_jpg.rf.7f4098e5fbc64a69d75a2cc118d60267.jpg,1,1,1.0,0.283,0.006,0.079,2.726,2.086,88.278,2.438,97.517
FireSmokeVideo271_f12_jpg.rf.184840808960899d798c8b03cddc89b2.jpg,1,1,1.0,0.29,0.007,0.075,3.271,1.295,77.323,1.831,85.695
FireSmokeVideo271_f27_jpg.rf.d2db44e2e67ee01b1bd2033734b516a7.jpg,1,1,1.0,0.283,0.007,0.076,2.747,1.133,91.145,1.961,99.027
FireSmokeVideo271_f68_jpg.rf.cb68867e6e8493aae979945dda4ff05a.jpg,1,1,1.0,0.285,0.006,0.073,2.862,1.123,77.563,1.874,85.553
FireSmokeVideo271_f70_jpg.rf.a4629618549dda2c80e9725d014ab93a.jpg,1,1,1.0,0.288,0.006,0.08,10.362,7.45,81.768,1.905,103.53
FireSmokeVideo271_f80_jpg.rf.2c60b6d77c48e39a7be3490a15672831.jpg,1,1,1.0,0.283,0.006,0.077,7.585,8.057,103.192,3.13,124.044
FireSmokeVideo272_f126_jpg.rf.973031b1bf004ebc9174303d200083bf.jpg,1,1,0.6353,0.27,0.006,0.07,16.687,6.686,110.98,3.122,139.57
FireSmokeVideo272_f167_jpg.rf.13f56cd31921ad27b97cdf8a03309cc6.jpg,1,1,1.0,0.215,0.004,0.049,7.583,7.553,113.107,5.335,135.344
FireSmokeVideo272_f17_jpg.rf.a0bad3c7057d531be9f9369449634fe6.jpg,1,1,0.9988,0.275,0.006,0.078,15.628,9.328,120.118,2.821,149.73
FireSmokeVideo272_f1_jpg.rf.ba5e6a6b3cd49a0865ff4183af192092.jpg,1,1,1.0,0.29,0.006,0.082,6.981,1.192,77.793,1.923,89.811
FireSmokeVideo272_f28_jpg.rf.d703a53c984a105417527cbc30190a40.jpg,1,1,1.0,0.289,0.007,0.079,5.494,1.259,82.736,3.113,94.593
FireSmokeVideo272_f31_jpg.rf.054a061f67ff236824e161f243e727dd.jpg,1,1,1.0,0.292,0.006,0.079,2.844,1.169,82.419,2.746,91.411
FireSmokeVideo272_f34_jpg.rf.93c2da4ccdaab8c06383ea64b844eed9.jpg,1,1,1.0,0.292,0.006,0.085,7.127,1.232,99.603,2.714,113.079
FireSmokeVideo272_f52_jpg.rf.df519a1c73a1f1df0d15a8209da52e3c.jpg,1,1,1.0,0.273,0.006,0.076,4.443,1.236,92.832,2.215,102.765
FireSmokeVideo272_f6_jpg.rf.c93993b5a6f2aa98dcb8cd88776de946.jpg,1,1,0.9873,0.288,0.006,0.084,14.444,7.289,109.358,2.497,135.732
FireSmokeVideo272_f77_jpg.rf.e2edf6c2fa49709fe92ce0c1ba6a4468.jpg,1,1,0.9907,0.301,0.006,0.087,16.412,4.53,108.375,2.686,134.165
FireSmokeVideo272_f8_jpg.rf.fa99b8a19968dc620d467f85848de7d0.jpg,1,1,1.0,0.211,0.005,0.052,13.293,9.085,112.207,4.12,140.684
FireSmokeVideo273_f10_jpg.rf.adec20ab0a105111f1d8c49a8167d947.jpg,1,1,1.0,0.214,0.005,0.052,7.831,6.805,75.91,1.879,94.19
FireSmokeVideo273_f13_jpg.rf.5f641639f7aab9e79c9142da23c8aa91.jpg,1,1,1.0,0.275,0.006,0.07,4.095,1.24,83.283,2.525,93.182
FireSmokeVideo273_f18_jpg.rf.703658405c728246eb82829f4148c41e.jpg,1,1,1.0,0.287,0.006,0.078,3.066,2.926,76.753,1.876,86.384
FireSmokeVideo273_f6_jpg.rf.a05b42254111374deedbfdc232cdeeea.jpg,1,1,0.9992,0.21,0.005,0.049,5.873,4.358,95.178,2.364,109.569
FireSmokeVideo274_f75_jpg.rf.d19468eb338c13b0ac69e711488faecd.jpg,1,1,1.0,0.284,0.006,0.076,3.234,1.22,77.374,1.84,85.666
FireSmokeVideo274_f84_jpg.rf.941c36aef987b0800beacc22e051301d.jpg,1,1,1.0,0.292,0.006,0.079,2.818,1.19,89.286,2.915,98.296
FireSmokeVideo275_f108_jpg.rf.c406ef808bc222ffc2bb5673d8849440.jpg,1,1,1.0,0.289,0.006,0.168,8.596,1.149,82.085,1.914,95.781
FireSmokeVideo275_f62_jpg.rf.b5ce190480b346f4d32a7bca0a5ef840.jpg,1,1,1.0,0.277,0.006,0.072,8.746,7.911,96.432,2.608,117.764
FireSmokeVideo275_f78_jpg.rf.1ba79a389f89f13ce3e3452445191b3b.jpg,1,1,1.0,0.489,0.005,0.066,2.493,1.028,88.425,2.423,96.668
FireSmokeVideo275_f90_jpg.rf.bb6cf39cb6f9a0b45e1f4bbb3f5d4e6d.jpg,1,1,1.0,0.286,0.006,0.113,2.799,1.457,78.16,3.011,87.486
FireSmokeVideo277_f39_jpg.rf.2a780a6e3ac75526f5a0886e0a4d2d6c.jpg,1,1,1.0,0.323,0.006,0.078,10.293,6.363,108.669,1.676,129.149
FireSmokeVideo277_f53_jpg.rf.eadc514d6b34beae143cd3bb5d339e11.jpg,1,1,1.0,0.264,0.005,0.062,9.17,5.479,114.353,2.035,134.465
FireSmokeVideo278_f12_jpg.rf.873e82856a02d3b54b9e644c9a568dc4.jpg,1,1,1.0,0.291,0.007,0.081,13.598,8.518,101.889,2.204,128.577
FireSmokeVideo278_f1_jpg.rf.c7f26614954e24d1a5122ba397371140.jpg,1,1,1.0,0.244,0.005,0.061,23.305,10.295,111.994,3.576,151.691
FireSmokeVideo278_f2_jpg.rf.60afa655fce5d06ab87ef15de2b528d7.jpg,1,1,1.0,0.227,0.005,0.053,13.763,10.036,130.868,5.726,162.127
FireSmokeVideo278_f67_jpg.rf.97528dc154bace163d967db076430a2d.jpg,1,1,1.0,0.305,0.006,0.059,15.434,10.046,124.345,3.252,155.15
FireSmokeVideo279_f111_jpg.rf.c8d26c9da59e1e0563362a1b2e8273ce.jpg,1,1,1.0,0.286,0.006,0.076,8.817,6.374,85.701,2.012,104.899
FireSmokeVideo279_f123_jpg.rf.24bb7521a57f8e7ae635b3fd2bf045ba.jpg,1,1,1.0,0.287,0.006,0.075,12.497,6.224,78.484,1.971,101.108
FireSmokeVideo279_f138_jpg.rf.21a2d7db81b473956ca6af7f160a55da.jpg,1,1,1.0,0.285,0.007,0.079,11.352,5.912,83.084,2.33,104.687
FireSmokeVideo279_f21_jpg.rf.766b3c5be55934dbfcf756814ad597e3.jpg,1,1,1.0,0.294,0.006,0.083,8.242,6.582,85.357,2.363,104.646
FireSmokeVideo279_f24_jpg.rf.81b97355b1421c71692703faadd8e350.jpg,1,1,1.0,0.263,0.006,0.067,2.964,1.02,100.065,3.99,109.822
FireSmokeVideo279_f29_jpg.rf.6435ac1699043400973fe085a9e2e78a.jpg,1,1,1.0,0.286,0.006,0.079,2.876,1.22,77.695,1.943,85.728
FireSmokeVideo279_f50_jpg.rf.1519b0567baf33ff0dbc2100a8efc411.jpg,1,1,0.9994,0.288,0.018,0.073,2.876,1.236,89.498,2.54,98.156
FireSmokeVideo279_f67_jpg.rf.06fe752cfd15e231eb52df2921c7c7a0.jpg,1,1,1.0,0.211,0.004,0.051,5.301,6.393,82.183,2.249,98.285
FireSmokeVideo279_f72_jpg.rf.54406a2d2098dbd3e439b36bdd332b66.jpg,1,1,1.0,0.286,0.006,0.426,11.708,6.412,89.8,2.239,112.593
FireSmokeVideo279_f81_jpg.rf.eeb01b0faa11f732994d16b02d62ba4a.jpg,1,1,1.0,0.241,0.005,0.05,11.561,6.356,89.713,1.999,111.459
FireSmokeVideo279_f92_jpg.rf.98a91005ca1d5a620235bf120b80fa96.jpg,1,1,1.0,0.272,0.006,0.072,9.781,1.456,75.317,1.961,90.547
FireSmokeVideo279_f9_jpg.rf.2c91bf42a565d2896cf4d36dd5acafcb.jpg,1,1,0.9999,0.218,0.005,0.049,7.987,1.503,77.462,2.327,91.162
FireSmokeVideo27_f122_jpg.rf.0cfb7aac952e00016104ea3c5e4a4e8b.jpg,1,1,1.0,0.299,0.006,0.098,11.928,9.74,77.613,2.22,103.371
FireSmokeVideo27_f145_jpg.rf.e21487ec52a0455883e299f43e93509a.jpg,1,1,1.0,0.287,0.006,0.075,10.391,6.193,76.921,2.261,97.819
FireSmokeVideo27_f4_jpg.rf.2fe265326d8d4124fef024d03f922bde.jpg,1,1,1.0,0.251,0.005,0.06,7.328,4.824,84.693,4.501,103.422
FireSmokeVideo280_f106_jpg.rf.a9c311149e296d81e78e576460f98545.jpg,1,1,1.0,0.256,0.006,0.06,8.286,7.103,113.97,3.736,134.874
FireSmokeVideo280_f117_jpg.rf.ee430977119883a380213561ca880df0.jpg,1,1,1.0,0.219,0.004,0.049,4.213,1.301,121.145,5.777,134.022
FireSmokeVideo280_f136_jpg.rf.9c802a977bb2de45136f52afb58264ec.jpg,1,1,1.0,0.397,0.005,0.088,3.646,6.94,107.265,2.218,122.303
FireSmokeVideo280_f182_jpg.rf.54db185e5e78e8098b51b6776eca57bf.jpg,1,1,1.0,0.287,0.006,0.075,8.562,7.188,112.759,3.024,133.743
FireSmokeVideo280_f33_jpg.rf.be8daa26f8470e7ff3098080fb823b3f.jpg,1,1,1.0,0.289,0.006,0.081,3.175,1.558,76.775,1.972,85.533
FireSmokeVideo280_f36_jpg.rf.d1d91fc8cbf9a253afef046ca5237c24.jpg,1,1,1.0,0.286,0.007,0.079,8.364,4.608,76.483,2.043,93.387
FireSmokeVideo280_f54_jpg.rf.986813a13916c09b82eeb270fe7e6c91.jpg,1,1,1.0,0.266,0.006,0.066,9.154,6.474,74.489,1.994,93.734
FireSmokeVideo280_f91_jpg.rf.2f2576c06933484bb0676e4beb91d38a.jpg,1,1,1.0,0.289,0.007,0.08,7.644,5.826,91.488,2.404,109.471
FireSmokeVideo282_f140_jpg.rf.944cfd7e9f3f85e7f2b0faa86843964d.jpg,1,1,0.9998,0.284,0.007,0.08,7.075,5.316,82.946,2.093,99.279
FireSmokeVideo282_f32_jpg.rf.0deac5ef8702874819b0384df89e8202.jpg,1,1,1.0,0.281,0.006,0.075,2.857,1.229,89.38,2.255,97.806
FireSmokeVideo282_f37_jpg.rf.9839975df2dc7c4d3922914796f22258.jpg,1,1,1.0,0.29,0.006,0.076,6.567,10.954,106.823,2.494,128.997
FireSmokeVideo282_f71_jpg.rf.d1c083a9c8b8dcd035a6b5a4292bc220.jpg,1,1,1.0,0.28,0.006,0.072,9.144,7.687,110.907,2.541,132.405
FireSmokeVideo283_f0_jpg.rf.1312eb5e841fdff8012290aa94222ce8.jpg,1,1,1.0,0.277,0.006,0.074,9.063,7.727,113.41,4.344,136.571
FireSmokeVideo283_f2_jpg.rf.3e25bc86471f5355e9db99084dc73ab3.jpg,1,1,1.0,0.212,0.005,0.047,6.464,1.839,78.466,1.992,90.662
FireSmokeVideo284_f105_jpg.rf.19f0b47b611ca60a5907c9cfa842523f.jpg,1,1,1.0,0.284,0.006,0.159,3.807,1.254,78.371,2.301,87.798
FireSmokeVideo284_f109_jpg.rf.bf9a60a6bb9093b384883d78c043b957.jpg,1,1,1.0,0.383,0.007,0.076,8.926,8.524,80.537,2.529,102.461
FireSmokeVideo284_f112_jpg.rf.779b4d4b251dbb629f9cc1eb79fc074c.jpg,1,1,0.9146,0.238,0.006,0.058,17.694,6.217,86.84,1.984,114.457
FireSmokeVideo284_f115_jpg.rf.fda9c41accab723846397bc2822ffc61.jpg,1,1,1.0,0.263,0.006,0.065,8.621,4.049,76.284,2.148,93.141
FireSmokeVideo284_f23_jpg.rf.5849dabffcadaadb732d3c5603220865.jpg,1,1,1.0,0.31,0.006,0.073,8.316,5.015,89.042,2.651,107.117
FireSmokeVideo284_f26_jpg.rf.51b8e8c7f6ec3bb69d86546b51897883.jpg,1,1,1.0,0.289,0.006,0.078,12.541,5.821,87.664,2.216,110.24
FireSmokeVideo284_f36_jpg.rf.17ce84612aba8dc523b46918910870b5.jpg,1,1,1.0,0.284,0.006,0.077,5.194,1.28,77.521,2.216,88.223
FireSmokeVideo284_f83_jpg.rf.81617ddce7f6a07d036e297e9b7e19a4.jpg,1,1,1.0,0.291,0.007,0.073,7.611,8.591,88.449,2.232,108.936
FireSmokeVideo284_f89_jpg.rf.4144cacd6ad106fd185e44aae9f56b0c.jpg,1,1,1.0,0.214,0.004,0.046,7.909,5.939,78.458,2.329,96.51
FireSmokeVideo284_f95_jpg.rf.7761df48c6d1e973efb71224329ae6f7.jpg,1,1,1.0,0.437,0.007,0.073,7.952,13.722,92.576,2.29,118.738
FireSmokeVideo285_f10_jpg.rf.0999e2689c44613722752601930dcae9.jpg,1,1,1.0,0.281,0.006,0.07,9.26,5.905,81.745,2.281,101.555
FireSmokeVideo285_f22_jpg.rf.185a60ab6d5b15f860a666075bc0fc57.jpg,1,1,1.0,0.277,0.007,0.07,9.556,8.115,107.252,2.501,129.833
FireSmokeVideo285_f56_jpg.rf.20ad0ddc0c96079ea2d433aa0c7dfbed.jpg,1,1,1.0,0.26,0.006,0.066,8.232,8.173,83.42,2.753,104.372
FireSmokeVideo285_f98_jpg.rf.b1edd5325414fc0dbe9980e334fb6e2e.jpg,1,1,1.0,0.271,0.005,0.058,9.13,8.285,94.052,2.493,115.763
FireSmokeVideo286_f106_jpg.rf.e30aa2818adb5627aca47e584ece498b.jpg,1,1,1.0,0.255,0.006,0.063,7.382,8.993,95.452,2.523,116.199
FireSmokeVideo286_f41_jpg.rf.4b38f62c2783d3dad76f935b56bb934f.jpg,1,1,1.0,0.249,0.006,0.062,13.292,6.696,82.875,2.517,107.042
FireSmokeVideo286_f60_jpg.rf.96b73c952024a4bc3a5882e489d0aaaa.jpg,1,1,1.0,0.293,0.007,0.082,11.813,5.929,92.535,2.822,115.065
FireSmokeVideo286_f74_jpg.rf.f231ed053a7542515644b7b4ebf5a98d.jpg,1,1,0.9889,0.279,0.006,0.079,9.135,5.906,88.477,2.439,107.985
FireSmokeVideo286_f96_jpg.rf.de44f30029a28ac17f53f225a370406a.jpg,1,1,1.0,0.285,0.006,0.075,8.095,6.821,74.311,1.946,93.176
FireSmokeVideo287_f10_jpg.rf.1da5a45cedf73abbdf6e4840fe5aca6c.jpg,1,1,1.0,0.291,0.006,0.077,9.211,10.964,87.693,2.292,112.209
FireSmokeVideo287_f15_jpg.rf.02f0e314166dc08eb609d17be0ab4eed.jpg,1,1,1.0,0.288,0.006,0.082,7.837,6.152,85.095,2.203,103.944
FireSmokeVideo287_f34_jpg.rf.f409253dfa27cb75e4b7bdf8168920e1.jpg,1,1,0.9991,0.288,0.007,0.076,6.742,8.323,85.527,2.367,104.921
FireSmokeVideo287_f5_jpg.rf.2574c82106094dc8304668a9e9297be4.jpg,1,1,1.0,0.29,0.007,0.075,5.558,5.017,75.852,2.534,90.975
FireSmokeVideo287_f90_jpg.rf.138b76aba585c389f9835005597b800f.jpg,1,1,1.0,0.516,0.007,0.08,12.425,5.162,75.784,1.991,97.54
FireSmokeVideo288_f161_jpg.rf.7b76083acfe2530997a315a87074b65f.jpg,1,1,1.0,0.283,0.006,0.074,8.687,7.776,89.17,2.488,110.077
FireSmokeVideo288_f1_jpg.rf.ac75831059758d2c648deb59bda3a8b4.jpg,1,1,1.0,0.287,0.006,0.082,10.952,6.402,90.835,2.506,112.765
FireSmokeVideo288_f314_jpg.rf.71ca314c95a365a330cd99b96393a9c6.jpg,1,1,1.0,0.282,0.006,0.078,11.136,6.856,76.128,2.177,98.391
FireSmokeVideo288_f43_jpg.rf.4cce55e32e24d2c49fe146c837d3aedc.jpg,1,1,1.0,0.274,0.005,0.057,7.191,3.68,89.959,1.987,104.506
FireSmokeVideo288_f56_jpg.rf.ec883be556caef26ca904f6ab09df30f.jpg,1,1,1.0,0.216,0.004,0.049,10.57,8.652,81.192,1.794,103.758
FireSmokeVideo288_f70_jpg.rf.dfd17c0c8f8ee39128b0f3682b690640.jpg,1,1,1.0,0.227,0.005,0.057,5.051,7.301,76.314,2.291,92.52
FireSmokeVideo289_f12_jpg.rf.1491f5f6be5c659265a5afef5eb9c5e9.jpg,1,1,1.0,0.243,0.006,0.063,10.17,1.354,80.243,2.4,95.972
FireSmokeVideo28_f10_jpg.rf.cd38ce8727f3dac83613561b768ad129.jpg,1,1,1.0,0.244,0.005,0.064,2.566,2.739,78.929,2.802,88.869
FireSmokeVideo28_f14_jpg.rf.3128e8f426e1b06e1b70136454428329.jpg,1,1,1.0,0.3,0.006,0.071,6.449,1.455,77.283,2.111,89.294
FireSmokeVideo28_f27_jpg.rf.c64405897b0f571b2ba79c03f8c30d99.jpg,1,1,1.0,0.287,0.007,0.075,8.255,6.871,80.785,1.988,100.003
FireSmokeVideo28_f47_jpg.rf.3916a3f5134a828e6ddcc72d47d2d646.jpg,1,1,1.0,0.22,0.005,0.048,5.07,7.976,75.623,1.766,92.005
FireSmokeVideo28_f76_jpg.rf.20b985f6cbaff92055f2932121ef243b.jpg,1,1,1.0,0.244,0.004,0.049,6.9,3.604,76.04,1.718,89.932
FireSmokeVideo290_f10_jpg.rf.14fb05541429c9eb1cc53a998f0f2932.jpg,1,1,1.0,0.212,0.004,0.05,6.282,5.197,78.404,1.766,93.523
FireSmokeVideo290_f24_jpg.rf.98a8c76c4fbbf42ab2614cf3d9b2dff1.jpg,1,1,1.0,0.223,0.005,0.051,6.927,7.187,75.216,2.082,93.17
FireSmokeVideo290_f3_jpg.rf.e4350edf0a92f529de5d987ca7509476.jpg,1,1,1.0,0.265,0.006,0.064,8.083,9.502,99.482,2.741,121.737
FireSmokeVideo290_f9_jpg.rf.f9f1e5f3ebeffd45c83ac41ff7b088ee.jpg,1,1,1.0,0.223,0.005,0.049,12.31,13.103,95.311,2.702,125.31
FireSmokeVideo291_f15_jpg.rf.eb3c83dd66e2adf1677fa60288628445.jpg,1,1,1.0,0.222,0.005,0.048,19.766,12.98,99.111,5.444,139.262
FireSmokeVideo292_f15_jpg.rf.0d02630692676605dc67091063aba646.jpg,1,1,1.0,0.263,0.007,0.065,13.02,9.657,107.013,2.706,134.547
FireSmokeVideo292_f26_jpg.rf.c5372e2d74226f92d1ab3c9e8668bb56.jpg,1,1,1.0,0.215,0.005,0.048,7.168,4.536,109.304,1.902,124.577
FireSmokeVideo292_f48_jpg.rf.20f667a2d8cb1d4ad84ccff2b68e8531.jpg,1,1,1.0,0.231,0.005,0.049,9.495,5.3,130.614,5.006,152.64
FireSmokeVideo293_f24_jpg.rf.8d223f9841039ab996eed4c1c02586a9.jpg,1,1,1.0,0.228,0.005,0.273,14.498,5.991,106.737,3.111,134.047
FireSmokeVideo293_f53_jpg.rf.3bff6c011b44bf48d3f1a8753941cbae.jpg,1,1,1.0,0.221,0.005,0.051,9.066,5.149,113.572,2.526,131.89
FireSmokeVideo293_f8_jpg.rf.fad4e354aff34cb32a9acbc2e51d6a52.jpg,1,1,1.0,0.219,0.005,0.047,5.935,5.927,118.191,1.728,133.412
FireSmokeVideo294_f19_jpg.rf.32b14c2e5672dade633ab4abd37a332b.jpg,1,1,1.0,0.22,0.005,0.052,5.272,7.809,90.466,2.625,107.9
FireSmokeVideo294_f61_jpg.rf.28705917008796d4705b6183ddb8d83d.jpg,1,1,1.0,0.264,0.006,0.058,9.35,6.032,104.746,2.662,125.486
FireSmokeVideo295_f19_jpg.rf.e0082015f72cde07884feb30fd3a6e28.jpg,1,1,1.0,0.242,0.005,0.058,11.866,7.235,108.871,5.95,136.119
FireSmokeVideo295_f45_jpg.rf.3e738ce177c299d6c8b9fad3ea1422fa.jpg,1,1,1.0,0.275,0.005,0.05,7.968,7.418,109.96,5.676,132.698
FireSmokeVideo295_f60_jpg.rf.e5e8001830dd0bd06c7eb1fcaf771b03.jpg,1,1,1.0,0.292,0.005,0.072,6.948,5.542,107.326,2.911,124.536
FireSmokeVideo296_f20_jpg.rf.f4af67a60e2595a211751390bffa26ee.jpg,1,1,1.0,0.22,0.005,0.051,7.933,4.617,98.662,2.57,115.398
FireSmokeVideo296_f57_jpg.rf.0af511511ec840fb8d5b96bfb261bd5a.jpg,1,1,1.0,0.288,0.007,0.078,5.402,3.956,90.994,7.292,109.307
FireSmokeVideo296_f70_jpg.rf.39646074da6914d34661249aa73be021.jpg,1,1,1.0,0.614,0.008,0.126,9.636,6.945,95.076,2.453,116.537
FireSmokeVideo296_f98_jpg.rf.c80328b752e6f32e8e427f2f759b6594.jpg,1,1,1.0,0.26,0.005,0.066,10.051,7.95,79.888,2.292,102.1
FireSmokeVideo297_f127_jpg.rf.b157efccff6c7c1fc8381054e7ae5a1d.jpg,1,1,1.0,0.287,0.007,0.076,13.231,9.68,102.99,4.963,132.569
FireSmokeVideo297_f150_jpg.rf.8f559507c90c2cda41d867642c480097.jpg,1,1,1.0,0.22,0.004,0.051,6.196,3.498,105.584,2.846,119.784
FireSmokeVideo297_f19_jpg.rf.b7648c97a18cb1a93017626f2010a3cb.jpg,1,1,1.0,0.215,0.005,0.05,4.811,3.921,109.706,1.681,121.658
FireSmokeVideo297_f3_jpg.rf.6d72103762032089de92b8c244405db3.jpg,1,1,1.0,0.22,0.004,0.049,7.856,7.232,120.59,1.773,139.106
FireSmokeVideo297_f50_jpg.rf.8300f3ff12f0fb3f59b67904ad22f954.jpg,1,1,1.0,0.258,0.006,0.068,11.621,7.722,100.357,5.579,126.946
FireSmokeVideo297_f79_jpg.rf.c4872714ca20cd534c2fc4894325b546.jpg,1,1,1.0,0.225,0.005,0.05,7.268,6.093,107.946,2.03,124.985
FireSmokeVideo298_f17_jpg.rf.ae6cb90229af2b0f2623af4fd34c700b.jpg,1,1,1.0,0.222,0.005,0.051,9.127,8.417,119.646,2.358,141.189
FireSmokeVideo298_f30_jpg.rf.d1169183cbf3838d4402f1423743fda9.jpg,1,1,1.0,0.29,0.006,0.08,10.081,9.042,106.452,4.028,131.665
FireSmokeVideo298_f93_jpg.rf.33153d56a4eef315d6a51d1ca727759a.jpg,1,1,1.0,0.296,0.007,0.077,13.67,6.982,82.694,2.315,107.741
FireSmokeVideo299_f136_jpg.rf.1895e108409a92c922abc1df145c04f8.jpg,1,1,0.9811,0.278,0.007,0.076,11.543,7.13,103.426,2.171,126.294
FireSmokeVideo299_f18_jpg.rf.fc13fcfc8525ca016a76ea109510e02f.jpg,1,1,1.0,0.287,0.006,0.082,17.521,7.652,100.215,2.566,129.881
FireSmokeVideo299_f42_jpg.rf.945219c80599b419a973776b29bf49b8.jpg,1,1,1.0,0.296,0.007,0.078,9.691,4.632,113.024,2.438,131.535
FireSmokeVideo299_f72_jpg.rf.d3d180138e29331584bbbbfae22adf46.jpg,1,1,1.0,0.289,0.006,0.08,16.42,6.39,108.676,4.464,137.78
FireSmokeVideo299_f79_jpg.rf.729b17afbd1caddd999bdfa6d5c8794e.jpg,1,1,1.0,0.289,0.006,0.079,11.391,7.638,119.11,4.353,144.582
FireSmokeVideo29_f48_jpg.rf.f4b4c0e1ce6a70c5d454dbd7c740d44a.jpg,1,1,1.0,0.393,0.007,0.077,13.277,10.276,109.943,2.401,138.206
FireSmokeVideo29_f5_jpg.rf.1d5371c417231edc2e3cae935fdcd972.jpg,1,1,1.0,0.308,0.006,0.075,5.058,6.003,88.117,2.465,103.69
FireSmokeVideo300_f104_jpg.rf.18e972eb6be695e6f52002341a80f0a6.jpg,1,1,0.9996,0.29,0.007,0.077,10.944,5.981,106.439,1.686,126.749
FireSmokeVideo300_f22_jpg.rf.4cbe29494c88d4100bbe70ede081348b.jpg,1,1,1.0,0.227,0.005,0.051,12.75,11.213,101.271,2.373,129.221
FireSmokeVideo300_f3_jpg.rf.b043dd022127ab9bd6ee60bcfc8e8ec0.jpg,1,1,1.0,0.236,0.005,0.05,7.905,6.08,76.869,1.956,94.399
FireSmokeVideo301_f10_jpg.rf.73ebf09d811786df4cfc838ae6638d64.jpg,1,1,1.0,0.234,0.005,0.055,7.698,9.652,90.101,2.061,111.096
FireSmokeVideo301_f25_jpg.rf.b0fa4c20cfc09b1e9995587d9d989f2a.jpg,1,1,1.0,0.298,0.006,0.078,6.962,5.555,77.244,2.264,93.7
FireSmokeVideo301_f37_jpg.rf.4b0197e399dcdf8238c54c009985f7d5.jpg,1,1,0.9997,0.247,0.005,0.063,9.833,8.044,89.277,2.691,111.704
FireSmokeVideo301_f41_jpg.rf.bd7f61acbb160e1e94f7635da896daec.jpg,1,1,1.0,0.285,0.007,0.074,5.308,5.723,76.048,2.33,91.426
FireSmokeVideo301_f45_jpg.rf.51d0cb10989c605a71cb90f1eb26c50f.jpg,1,1,1.0,0.265,0.005,0.053,7.849,3.677,76.572,2.422,92.437
FireSmokeVideo302_f147_jpg.rf.3a46ed4a023af64e52f3c316cef72136.jpg,1,1,1.0,0.285,0.007,0.137,8.209,6.166,79.029,2.685,98.284
FireSmokeVideo302_f196_jpg.rf.d54cd718db772cfa0546f0dd73aadc85.jpg,1,1,1.0,0.216,0.004,0.048,7.762,8.087,76.602,2.49,96.606
FireSmokeVideo302_f21_jpg.rf.4863effc18f62fd7aca427020e14c8a9.jpg,1,1,1.0,0.291,0.006,0.079,3.708,4.332,111.323,4.827,126.655
FireSmokeVideo302_f62_jpg.rf.0e8927186aac5d3ba7c02c2609273e44.jpg,1,1,1.0,0.652,0.007,0.079,12.918,13.591,94.569,2.0,125.544
FireSmokeVideo302_f81_jpg.rf.3e796ab91916d26b669b139ac31b8bee.jpg,1,1,1.0,0.292,0.006,0.081,10.201,10.836,115.977,4.273,143.514
FireSmokeVideo302_f96_jpg.rf.cb3d62e008404252e4cdf0ae05e62192.jpg,1,1,1.0,0.223,0.005,0.055,8.273,4.308,112.39,6.739,133.617
FireSmokeVideo303_f110_jpg.rf.e2f4dc918fe81bd47bcbba0dc061e976.jpg,1,1,1.0,0.365,0.004,0.111,11.087,3.837,112.23,2.484,131.416
FireSmokeVideo303_f124_jpg.rf.d91b1c1302bee540a13ced51bdb81c4f.jpg,1,1,1.0,0.266,0.006,0.067,6.38,2.901,90.584,2.869,104.579
FireSmokeVideo303_f13_jpg.rf.3e01102050bc1a048c334d621e81dd26.jpg,1,1,1.0,0.295,0.007,0.08,4.025,8.436,79.739,2.225,96.652
FireSmokeVideo303_f14_jpg.rf.ee44671b0881eb28b58468a64de8e09c.jpg,1,1,1.0,0.293,0.007,0.073,9.057,2.698,75.287,2.237,91.363
FireSmokeVideo303_f32_jpg.rf.246e2aa65e5aa76e8d749a0e43141381.jpg,1,1,1.0,0.295,0.007,0.075,4.295,1.263,98.433,3.095,109.118
FireSmokeVideo303_f75_jpg.rf.b4f98597260673fc96d05476ad3d62e1.jpg,1,1,1.0,0.287,0.006,0.077,7.458,7.822,110.634,2.313,131.696
FireSmokeVideo304_f47_jpg.rf.6065842878c3c4645354fb4d95c6c001.jpg,1,1,1.0,0.269,0.005,0.062,9.165,7.12,117.535,2.814,138.343
FireSmokeVideo304_f58_jpg.rf.43255c5d8ab2dad572663a8ae1f7abf4.jpg,1,1,1.0,0.288,0.007,0.08,3.935,11.263,127.115,4.087,148.491
FireSmokeVideo304_f71_jpg.rf.df546b6c56b23a1c8c297204c28a3111.jpg,1,1,1.0,0.26,0.006,0.064,14.926,3.495,103.709,2.488,126.38
FireSmokeVideo304_f79_jpg.rf.dc253c028839890ff22341d4e8766487.jpg,1,1,1.0,0.459,0.006,0.085,7.216,5.213,108.526,3.397,126.424
FireSmokeVideo304_f83_jpg.rf.9cc43c75b3db646a9fa8173463cde352.jpg,1,1,1.0,0.295,0.006,0.081,12.057,6.784,99.322,2.508,122.376
FireSmokeVideo304_f89_jpg.rf.23359d3ae4b91394769d5767767cb3e2.jpg,1,1,1.0,0.288,0.007,0.074,7.679,4.784,92.176,2.611,109.234
FireSmokeVideo304_f92_jpg.rf.eeb16e8f40caa25f6c96e61d6d17aba8.jpg,1,1,1.0,0.288,0.006,0.076,3.19,1.028,79.002,3.966,89.136
FireSmokeVideo304_f95_jpg.rf.f3175a32fd3266f699f70cdea8773135.jpg,1,1,1.0,0.289,0.006,0.074,7.629,4.176,100.164,6.987,121.826
FireSmokeVideo305_f21_jpg.rf.157704e334c565d56fe0912421ee595c.jpg,1,1,1.0,0.3,0.007,0.08,8.004,6.307,76.418,1.818,94.635
FireSmokeVideo305_f44_jpg.rf.98c48af6b71d91b508b6bef1d4ab513e.jpg,1,1,1.0,0.283,0.006,0.076,9.573,6.988,91.684,2.263,112.849
FireSmokeVideo305_f7_jpg.rf.628ceed315ea157ca88935d06589eb53.jpg,1,1,1.0,0.282,0.006,0.075,9.707,7.603,98.522,3.175,121.115
FireSmokeVideo306_f0_jpg.rf.814d1d2a849f9c34382250052fdaf293.jpg,1,1,1.0,0.287,0.006,0.077,8.036,8.778,107.067,1.978,127.957
FireSmokeVideo306_f14_jpg.rf.784da32a8d538a370d4925bec82b03f0.jpg,1,1,0.6707,0.23,0.005,0.055,8.707,6.152,114.124,1.669,132.44
FireSmokeVideo306_f174_jpg.rf.bc085f0c53e4c131861c426684f5d3bf.jpg,1,1,1.0,0.232,0.006,0.055,4.982,3.36,93.663,5.771,109.283
FireSmokeVideo306_f178_jpg.rf.971d66ec7b7559a694565277464c619c.jpg,1,1,1.0,0.288,0.006,0.072,8.127,7.792,105.055,2.748,126.331
FireSmokeVideo306_f183_jpg.rf.ac227e6030a53ce323b6ed7d62ad63e0.jpg,1,1,1.0,0.285,0.006,0.077,8.867,8.621,114.601,2.323,136.637
FireSmokeVideo306_f1_jpg.rf.81e9aed1dafcddaa33442864b480fa16.jpg,1,1,1.0,0.292,0.006,0.078,4.952,8.052,86.805,2.519,104.277
FireSmokeVideo306_f35_jpg.rf.c4b38ef1093367dfeb400cec5b7c8fa9.jpg,1,1,1.0,0.289,0.007,0.107,7.394,4.443,76.348,1.948,92.16
FireSmokeVideo306_f42_jpg.rf.9ed4df04ea1b9b282b09251b8bd2a555.jpg,1,1,1.0,0.303,0.006,0.079,2.815,1.119,113.671,5.655,125.285
FireSmokeVideo306_f53_jpg.rf.d3194539117b44ae5dff207bdf371fbd.jpg,1,1,1.0,0.346,0.007,0.078,4.129,1.137,111.742,2.482,121.535
FireSmokeVideo306_f65_jpg.rf.967c4838ee0f5caac13d8c0c4ea97772.jpg,1,1,0.9997,0.289,0.006,0.073,11.883,6.295,94.1,2.817,117.105
FireSmokeVideo307_f22_jpg.rf.bad11956a3e2ce15ec7cf0b74ed0307c.jpg,1,1,1.0,0.322,0.006,0.081,10.267,6.323,106.674,2.404,127.703
FireSmokeVideo307_f25_jpg.rf.1d6260a215fe05163c7312f20b916572.jpg,1,1,1.0,0.292,0.006,0.079,11.734,8.128,110.936,3.159,135.862
FireSmokeVideo307_f7_jpg.rf.0976fa14c98f380026524ad11fd21869.jpg,1,1,1.0,0.225,0.005,0.049,3.349,1.93,79.127,1.897,87.823
FireSmokeVideo308_f23_jpg.rf.aeaa664ded248b67d57b5b7478ff7cd6.jpg,1,1,1.0,0.277,0.006,0.073,8.947,7.469,78.181,3.482,100.074
FireSmokeVideo308_f43_jpg.rf.a2d59725c553771aac0686ca6e40f203.jpg,1,1,1.0,0.299,0.006,0.079,3.101,1.135,107.51,3.315,117.049
FireSmokeVideo309_f108_jpg.rf.5afc732b41d28d8a7e0e65da109c6ea7.jpg,1,1,1.0,0.295,0.007,0.078,10.335,10.499,97.703,3.761,124.289
FireSmokeVideo309_f118_jpg.rf.25365d2f40c41c91fdbcbfbb16c72432.jpg,1,1,1.0,0.26,0.006,0.071,13.385,6.981,77.43,2.223,101.993
FireSmokeVideo309_f124_jpg.rf.31b513064b487e6e8d44c4e10da41408.jpg,1,1,1.0,0.268,0.006,0.067,14.773,9.157,111.36,1.831,139.05
FireSmokeVideo309_f134_jpg.rf.715f43d75b8de35e41ef326b7148ae44.jpg,1,1,0.9989,0.212,0.005,0.049,8.394,1.595,105.673,5.76,123.609
FireSmokeVideo309_f149_jpg.rf.577bc2d1df9fe997846573ed65dd69b6.jpg,1,1,1.0,0.288,0.005,0.079,14.408,8.719,92.747,1.971,119.952
FireSmokeVideo309_f155_jpg.rf.fad64c937de0fba16825f31290f2c815.jpg,1,1,1.0,0.294,0.006,0.078,12.383,7.072,76.147,1.767,99.324
FireSmokeVideo309_f165_jpg.rf.df170b0704c604b9176bcd94498c4934.jpg,1,1,1.0,0.277,0.006,0.073,10.506,7.21,96.774,1.915,118.399
FireSmokeVideo309_f171_jpg.rf.e00a386e2f9cb67ed784321dda7ab134.jpg,1,1,1.0,0.285,0.006,0.079,7.004,3.63,75.927,1.816,90.366
FireSmokeVideo309_f182_jpg.rf.e3db75660e379e8f43d0fefdf7b90194.jpg,1,1,1.0,0.288,0.006,0.076,9.216,6.939,75.678,1.721,95.49
FireSmokeVideo309_f201_jpg.rf.085e97cf84f08c968506d45c3eca2824.jpg,1,1,1.0,0.355,0.007,0.067,8.431,6.697,105.952,2.203,125.509
FireSmokeVideo309_f217_jpg.rf.a45ec70fbf9e88796ef95ab86bfab508.jpg,1,1,1.0,0.296,0.006,0.082,13.846,10.543,102.925,2.131,131.553
FireSmokeVideo309_f221_jpg.rf.d3b19661fab6e108c2340835ebcab134.jpg,1,1,1.0,0.28,0.006,0.075,6.45,6.977,102.829,3.732,122.026
FireSmokeVideo309_f224_jpg.rf.16625ce566fc5b01cfa7c0492bf76b80.jpg,1,1,1.0,0.289,0.006,0.078,8.828,6.38,77.677,2.19,97.388
FireSmokeVideo309_f27_jpg.rf.6e1f74769fb5bc56c44ec86f70fce40f.jpg,1,1,1.0,0.286,0.007,0.076,3.562,1.176,82.699,3.419,92.911
FireSmokeVideo309_f90_jpg.rf.fc1aac42bc1c6718aaef76bc31d76296.jpg,1,1,1.0,0.272,0.006,0.074,10.444,7.841,108.518,2.699,132.814
FireSmokeVideo309_f99_jpg.rf.685425174a2ac6354e75ae94667e36c4.jpg,1,1,1.0,0.307,0.006,0.079,9.072,10.621,90.415,2.561,114.381
FireSmokeVideo30_f1_jpg.rf.14038cf988f295ea1a684c03687d0724.jpg,1,1,1.0,0.29,0.006,0.078,12.178,9.99,102.948,3.747,130.952
FireSmokeVideo30_f2_jpg.rf.92f3a62c4854a861b7aa66131410b019.jpg,1,1,1.0,0.286,0.007,0.077,10.422,3.361,84.896,2.578,103.303
FireSmokeVideo30_f6_jpg.rf.e94586626cdb23089a6b401efae1a7b3.jpg,1,1,1.0,0.287,0.007,0.076,6.155,2.835,87.729,2.746,101.545
FireSmokeVideo30_f88_jpg.rf.1985ace362baf96d32a4e7ae2904f5f5.jpg,1,1,1.0,0.272,0.006,0.074,14.238,6.505,91.126,2.439,116.263
FireSmokeVideo310_f117_jpg.rf.b0a3786f664ee6e2a60f55e209eae4e6.jpg,1,1,1.0,0.293,0.007,0.078,3.322,1.166,77.322,2.192,86.06
FireSmokeVideo310_f21_jpg.rf.2436ff3d70aefef7b061ab0ac834a449.jpg,1,1,1.0,0.3,0.007,0.078,8.216,4.97,76.415,2.085,93.668
FireSmokeVideo310_f60_jpg.rf.4e70998b95acd75aea9fee4955a72a0f.jpg,1,1,1.0,0.293,0.007,0.077,2.873,1.28,77.037,2.19,85.388
FireSmokeVideo311_f103_jpg.rf.c6aad14307c7cb88674c347eb361eb95.jpg,1,1,1.0,0.208,0.004,0.048,11.705,1.239,80.723,5.032,100.517
FireSmokeVideo311_f117_jpg.rf.c9d3eb3ed34e14b5d4d6ee4aa85b4a8f.jpg,1,1,1.0,0.284,0.006,0.08,4.858,1.22,82.688,2.309,93.129
FireSmokeVideo311_f12_jpg.rf.a02e8332f585061f1ed0f0b3651ee542.jpg,1,1,1.0,0.384,0.007,0.13,11.347,7.83,109.109,2.746,133.411
FireSmokeVideo311_f132_jpg.rf.c61075d4d56820d9b6befee7ed8cb247.jpg,1,1,1.0,0.219,0.005,0.05,7.462,3.996,97.956,2.293,113.707
FireSmokeVideo311_f147_jpg.rf.aa5bc7c47c0b2ce80da217a3c240c9fa.jpg,1,1,1.0,0.365,0.007,0.077,4.927,3.69,114.423,2.441,127.447
FireSmokeVideo311_f20_jpg.rf.bfe2d329a879001ed0545bcfc66090ad.jpg,1,1,1.0,0.285,0.006,0.077,4.649,1.534,77.055,2.162,87.461
FireSmokeVideo311_f34_jpg.rf.d099c96d6351f924d3b845c74e91fc24.jpg,1,1,1.0,0.395,0.006,0.076,3.368,1.179,77.061,2.319,86.032
FireSmokeVideo311_f42_jpg.rf.9988e3e285b33fc2ae914c00f224c8a5.jpg,1,0,0.6653,0.295,0.007,0.08,10.322,7.1,116.105,3.207,138.793
FireSmokeVideo311_f84_jpg.rf.081c9b1040c4f679231305e9738e179e.jpg,1,1,1.0,0.495,0.006,0.173,8.83,6.653,88.941,2.51,109.335
FireSmokeVideo311_f9_jpg.rf.c8680cde7418b07b6100d04b3689198d.jpg,1,1,1.0,0.283,0.006,0.074,9.343,5.906,76.215,2.18,95.644
FireSmokeVideo312_f109_jpg.rf.ed9f5bef900dd30db23ceea74f8bb191.jpg,1,1,1.0,0.4,0.007,0.161,8.071,1.122,86.603,3.099,101.107
FireSmokeVideo312_f19_jpg.rf.20d67e2d5b78efdfc744814a7aa3e5c5.jpg,1,1,1.0,0.404,0.005,0.053,12.386,4.462,96.651,3.719,119.469
FireSmokeVideo312_f21_jpg.rf.d31429b07e94cad7251b1011da663146.jpg,1,0,1.0,0.296,0.006,0.078,10.602,6.879,99.497,2.551,121.641
FireSmokeVideo312_f30_jpg.rf.b3b36d75f1879da66dac982be31c8dac.jpg,1,1,0.9747,0.285,0.006,0.075,4.002,1.809,76.348,2.129,86.308
FireSmokeVideo312_f36_jpg.rf.ab743c04a68fbd74dac333c4997f0bd0.jpg,1,1,1.0,0.292,0.007,0.078,4.511,1.599,93.271,2.489,103.932
FireSmokeVideo313_f11_jpg.rf.f09cc47e38ec7bacdb878aed10169c94.jpg,1,1,1.0,0.28,0.006,0.074,3.102,1.23,77.651,1.848,85.828
FireSmokeVideo313_f28_jpg.rf.e83947c10833b985802ed7dfa364ca42.jpg,1,1,1.0,0.29,0.006,0.074,8.769,5.579,76.77,1.887,95.126
FireSmokeVideo313_f30_jpg.rf.97b09304a4ad1ba5cfec966df26b8a37.jpg,1,1,1.0,0.288,0.006,0.075,3.421,1.214,77.234,1.821,85.761
FireSmokeVideo313_f54_jpg.rf.e1660a3efa05b25c2b7e16a54556f0b5.jpg,1,1,1.0,0.303,0.006,0.079,8.905,1.824,75.299,2.107,89.751
FireSmokeVideo313_f9_jpg.rf.f450b7a8e1a569f5bab33a25c459e193.jpg,1,1,1.0,0.302,0.007,0.076,2.982,3.768,75.811,1.838,86.286
FireSmokeVideo314_f14_jpg.rf.84f008e6ec2489655de2adfc82b3e2f7.jpg,1,1,1.0,0.262,0.006,0.068,4.891,1.227,78.699,2.745,89.476
FireSmokeVideo314_f37_jpg.rf.8d11d5df6ed5ebb508151d19f30ac850.jpg,1,1,1.0,0.366,0.006,0.066,4.915,1.832,76.59,1.937,87.438
FireSmokeVideo314_f45_jpg.rf.823c7ccd46e20491b3468e756ec2f206.jpg,1,1,1.0,0.286,0.006,0.077,5.648,3.165,78.543,2.538,91.922
FireSmokeVideo314_f71_jpg.rf.9baf737dec421d495bd4ad46b7ec4728.jpg,1,1,0.9987,0.215,0.005,0.047,3.628,1.193,77.097,1.899,85.793
FireSmokeVideo315_f135_jpg.rf.81a03a5f9ed40685540c4625261420b4.jpg,1,1,1.0,0.307,0.007,0.078,9.741,6.905,115.669,2.236,136.631
FireSmokeVideo315_f84_jpg.rf.ec17cc7788a0e5fcb7da8eb7b62d0f41.jpg,1,1,1.0,0.295,0.007,0.074,9.251,6.811,116.314,2.286,136.669
FireSmokeVideo316_f27_jpg.rf.974a425d3dc4fa9ba78d7502ab21c1a8.jpg,1,1,1.0,0.215,0.004,0.05,15.558,2.72,114.192,4.547,138.755
FireSmokeVideo316_f43_jpg.rf.39dee6cbf692c73fe1eeb38c595459bc.jpg,1,1,1.0,0.284,0.006,0.082,5.665,1.234,77.254,1.791,87.948
FireSmokeVideo316_f66_jpg.rf.d2feb3840f81b3b09dd5a81062f2d0ae.jpg,1,1,0.9885,0.278,0.006,0.071,2.618,1.27,82.389,3.012,91.213
FireSmokeVideo318_f100_jpg.rf.26198261a78c7972ce592080ffec00f2.jpg,1,1,1.0,0.292,0.006,0.076,3.31,1.255,78.51,1.984,87.05
FireSmokeVideo318_f108_jpg.rf.1ecc73b0e68a8f0d62bc5ac166d90aec.jpg,1,1,1.0,0.287,0.006,0.078,2.798,1.179,89.744,2.537,98.359
FireSmokeVideo318_f11_jpg.rf.d763fcd61576b655d44a7a7001ae0cd8.jpg,1,1,1.0,0.286,0.006,0.075,2.83,1.208,77.096,1.886,85.007
FireSmokeVideo318_f18_jpg.rf.b16c6bcaba96a5ff27e9ffcde6cf2da2.jpg,1,1,0.9615,0.288,0.006,0.074,2.891,1.182,89.081,2.214,97.429
FireSmokeVideo318_f28_jpg.rf.a425fc7523cd8858768065cc0d34f4de.jpg,1,1,1.0,0.286,0.006,0.157,2.704,1.524,76.723,1.885,84.888
FireSmokeVideo318_f4_jpg.rf.2314b45c25a13429b735fdc7f65fb7ea.jpg,1,1,1.0,0.284,0.007,0.075,4.094,1.187,92.105,1.994,101.427
FireSmokeVideo318_f82_jpg.rf.7f9a04c1a43c32b9707271276128d790.jpg,1,1,1.0,0.285,0.006,0.074,2.792,1.2,77.869,2.287,86.177
FireSmokeVideo319_f10_jpg.rf.9d19b0d8bf91850578286465c7da3f00.jpg,1,1,1.0,0.281,0.007,0.077,3.844,1.184,94.162,2.531,103.774
FireSmokeVideo319_f15_jpg.rf.52a180d79addf6e441505ea7ee8295f7.jpg,1,1,1.0,0.281,0.006,0.074,2.805,1.8,95.572,4.995,107.229
FireSmokeVideo319_f18_jpg.rf.a8865c5cd29ec09e117091559842efc9.jpg,1,1,1.0,0.337,0.007,0.077,10.056,5.578,106.397,4.948,129.048
FireSmokeVideo319_f61_jpg.rf.60a587eda905d5278455126d18631596.jpg,1,1,0.9945,0.218,0.012,0.047,8.129,9.364,106.916,4.895,131.477
FireSmokeVideo31_f13_jpg.rf.f9d2907a0e5190cce5aa213737fef178.jpg,1,1,1.0,0.357,0.007,0.083,8.673,5.309,99.754,2.466,118.225
FireSmokeVideo31_f55_jpg.rf.22336fab2e342b9448a36cc9d2d02225.jpg,1,1,1.0,0.285,0.007,0.078,2.983,1.128,87.2,3.117,96.478
FireSmokeVideo31_f9_jpg.rf.ba0253846175c86a51498c01b3e17101.jpg,1,1,0.9999,0.288,0.006,0.075,11.626,8.004,102.767,2.127,126.602
FireSmokeVideo320_f102_jpg.rf.611c157d1745a8e1e018deec93a59106.jpg,1,1,1.0,0.284,0.006,0.075,4.024,5.89,76.198,1.945,89.953
FireSmokeVideo320_f28_jpg.rf.9694f61f1b629c11b506f1e6ff78c6c4.jpg,1,1,1.0,0.282,0.006,0.073,3.458,1.182,97.056,2.413,106.147
FireSmokeVideo320_f38_jpg.rf.aa1049c49749536b8f06f446703e5e9e.jpg,1,1,1.0,0.215,0.004,0.047,6.073,9.149,99.242,2.472,118.806
FireSmokeVideo320_f86_jpg.rf.4221689820243deaadf16928c66d9c67.jpg,1,1,1.0,0.285,0.007,0.074,6.893,3.423,75.378,1.865,89.688
FireSmokeVideo320_f92_jpg.rf.d9a346129b621281ff542c51a2268525.jpg,1,1,1.0,0.285,0.006,0.075,5.38,1.154,77.399,1.825,87.768
FireSmokeVideo321_f106_jpg.rf.6c8932d4d09eca97bfa1f8495506e252.jpg,1,1,1.0,0.279,0.006,0.073,4.338,5.193,92.095,2.072,105.68
FireSmokeVideo321_f208_jpg.rf.e21b18a492fc15025190c690b3b7ece1.jpg,1,1,1.0,0.286,0.006,0.079,3.902,7.353,76.15,1.859,91.29
FireSmokeVideo321_f222_jpg.rf.f8085fd83adf7df3b53c8c6b788e412a.jpg,1,1,0.9982,0.295,0.007,0.077,8.997,5.84,88.294,6.095,111.266
FireSmokeVideo321_f22_jpg.rf.0513787ebca7c2a8346d76a7305cff87.jpg,1,1,1.0,0.297,0.006,0.079,8.167,4.932,104.773,3.472,123.38
FireSmokeVideo321_f28_jpg.rf.8c11360d57e2a1f2e8e632f064fd7132.jpg,1,1,1.0,0.288,0.006,0.08,4.594,5.558,107.916,3.533,123.689
FireSmokeVideo321_f36_jpg.rf.2ac63d1bf9f0c82f83a5b8d5196cab53.jpg,1,1,1.0,0.366,0.007,0.077,3.103,3.318,93.913,1.89,104.323
FireSmokeVideo321_f81_jpg.rf.d81150e1d10d9fb657160247396e3424.jpg,1,1,1.0,0.274,0.006,0.068,3.028,1.141,77.883,1.801,85.785
FireSmokeVideo322_f139_jpg.rf.e8510ef44843bf2ef2d57a03cac26e66.jpg,1,1,1.0,0.292,0.007,0.08,7.74,6.426,78.138,1.87,96.279
FireSmokeVideo322_f189_jpg.rf.1afc62c7de4b4c30e1a2cbfd6843e52a.jpg,1,1,1.0,0.288,0.007,0.076,7.985,6.596,76.39,2.304,95.262
FireSmokeVideo322_f23_jpg.rf.fe83f084669e047693373cd33675a2e6.jpg,1,1,1.0,0.291,0.006,0.076,9.056,6.022,75.76,1.808,94.711
FireSmokeVideo322_f58_jpg.rf.7482ade05798fa9c71eefe2e0901f6ed.jpg,1,1,1.0,0.282,0.007,0.075,6.239,6.893,89.863,1.978,107.055
FireSmokeVideo324_f10_jpg.rf.8a09b5bf1af812b4b3e61423102bf737.jpg,1,1,1.0,0.281,0.007,0.075,4.84,5.2,76.561,2.54,91.186
FireSmokeVideo324_f28_jpg.rf.30ff059f55cbd59eed5d8e080a107fea.jpg,1,1,1.0,0.309,0.008,0.078,4.166,6.263,77.858,1.979,92.037
FireSmokeVideo324_f41_jpg.rf.927277ef37c22e169394e5ec66b8c0b1.jpg,1,1,0.9414,0.291,0.006,0.083,13.45,6.031,79.786,2.723,104.051
FireSmokeVideo324_f46_jpg.rf.f27a8aa0a486f57ef843c7e4a688d735.jpg,1,1,1.0,0.212,0.004,0.046,5.038,1.401,77.212,2.126,87.757
FireSmokeVideo324_f67_jpg.rf.50904f07ebf82916a0cd9a615f846455.jpg,1,1,1.0,0.291,0.007,0.079,10.011,2.802,75.858,1.885,92.636
FireSmokeVideo325_f128_jpg.rf.aeee340ddf0688042177204b0b3bdcff.jpg,1,1,1.0,0.292,0.007,0.075,6.917,5.893,79.172,1.796,95.665
FireSmokeVideo325_f146_jpg.rf.443fddb54d59e7f18c8848886e4da7d8.jpg,1,1,1.0,0.261,0.006,0.064,4.481,2.687,77.237,2.133,88.344
FireSmokeVideo325_f164_jpg.rf.b2f2765a7055112d7b56b4fc53727d98.jpg,1,1,1.0,0.278,0.007,0.074,4.677,1.207,84.47,2.51,94.936
FireSmokeVideo325_f20_jpg.rf.2587bd2400150356f6eab15a039d0877.jpg,1,1,1.0,0.289,0.006,0.078,6.071,2.232,89.047,2.48,101.701
FireSmokeVideo325_f22_jpg.rf.5899ff9189cde62abe09d4a71b45cfb1.jpg,1,1,1.0,0.284,0.006,0.079,5.511,1.211,75.932,1.779,86.456
FireSmokeVideo325_f252_jpg.rf.46cbc6320459338ca2c15fecfa3f8e03.jpg,1,1,1.0,0.266,0.007,0.073,3.86,2.591,93.376,2.479,104.325
FireSmokeVideo325_f27_jpg.rf.6337955d18ba97cc246dccfaa3ddc483.jpg,1,1,1.0,0.295,0.007,0.08,10.203,1.525,83.491,2.283,99.416
FireSmokeVideo325_f35_jpg.rf.c4d8eae80d9c48b6f164c2893af58ccd.jpg,1,1,1.0,0.288,0.006,0.081,3.001,1.244,88.792,2.114,97.198
FireSmokeVideo325_f41_jpg.rf.33bbe234c0ee2e12109bd53d07073506.jpg,1,0,0.7446,0.271,0.005,0.054,11.688,5.949,76.03,2.17,97.673
FireSmokeVideo325_f57_jpg.rf.3b945f46e9290edfe038f9a8b0a2167d.jpg,1,1,1.0,0.289,0.007,0.082,11.599,6.026,83.406,2.525,105.91
FireSmokeVideo325_f60_jpg.rf.28f12854e39a10fa73802c5516ee9fd1.jpg,1,1,1.0,0.287,0.006,0.082,7.498,2.104,76.173,1.972,89.743
FireSmokeVideo325_f74_jpg.rf.a73bbd51fbbce187ebe65816eb755e23.jpg,1,1,1.0,0.386,0.006,0.075,3.38,1.282,92.08,2.061,100.884
FireSmokeVideo325_f82_jpg.rf.26b2488e484d2c52cd56747d61ceb987.jpg,1,1,1.0,0.287,0.006,0.079,6.957,1.384,91.418,2.22,104.671
FireSmokeVideo325_f86_jpg.rf.697194c86428e46c77ebeb244fa87b50.jpg,1,1,1.0,0.289,0.006,0.075,5.258,5.526,75.615,1.949,90.395
FireSmokeVideo326_f2_jpg.rf.6cd293d5764b83171c34dfcfeb07c429.jpg,1,1,1.0,0.29,0.005,0.064,13.341,6.016,76.463,1.832,99.708
FireSmokeVideo326_f4_jpg.rf.94495a263471aea7b6a378083c22e9ac.jpg,1,1,1.0,0.271,0.006,0.076,13.914,5.865,87.128,2.232,111.174
FireSmokeVideo326_f76_jpg.rf.c14376089fc6e94b316ab7fb11256b8a.jpg,1,1,1.0,0.284,0.007,0.078,8.916,6.918,84.687,1.909,104.498
FireSmokeVideo327_f21_jpg.rf.0a1aeb1fc6d90214c0b4b3a1fcba8ce7.jpg,1,1,1.0,0.284,0.007,0.075,6.217,8.105,108.706,5.678,131.26
FireSmokeVideo328_f101_jpg.rf.d9bb09cdd89e62e70851715d7e3a9b0f.jpg,1,1,1.0,0.267,0.006,0.067,5.873,3.339,102.657,1.939,115.891
FireSmokeVideo328_f122_jpg.rf.4ca35cefa7144f240fe330868e948a45.jpg,1,1,1.0,0.289,0.007,0.078,9.426,6.362,83.052,2.55,103.412
FireSmokeVideo328_f142_jpg.rf.02c6f46cf6c14e9e708dec74ca80d4c9.jpg,1,1,1.0,0.291,0.007,0.076,3.275,1.131,100.047,2.338,108.801
FireSmokeVideo328_f210_jpg.rf.d3cc8f1a1fed396f7bcee8f7ee3d4ba4.jpg,1,1,1.0,0.293,0.006,0.077,9.403,7.293,105.264,3.961,127.89
FireSmokeVideo328_f43_jpg.rf.0a064a069370ff59fd01eb17c526d43e.jpg,1,1,1.0,0.288,0.006,0.076,8.925,7.155,82.748,2.031,102.908
FireSmokeVideo328_f5_jpg.rf.4e3b63774c4e1a0a3756d8a0eca3185a.jpg,1,1,1.0,0.288,0.006,0.074,6.504,7.41,78.043,3.569,97.55
FireSmokeVideo328_f6_jpg.rf.8d43f3470724ea3358be52efbdccfa3e.jpg,1,1,1.0,0.291,0.006,0.074,10.178,4.314,102.306,2.583,121.328
FireSmokeVideo328_f82_jpg.rf.315c02caadcca573adc9a58b86099d0a.jpg,1,1,1.0,0.286,0.006,0.074,6.588,8.657,110.359,2.444,130.78
FireSmokeVideo328_f9_jpg.rf.1c720f7fd99704a32381b689b88af329.jpg,1,1,1.0,0.291,0.007,0.072,10.165,6.222,101.386,2.232,122.04
FireSmokeVideo329_f14_jpg.rf.fd3926fa809d5d1443a73a8f7108f8d5.jpg,1,1,1.0,0.282,0.007,0.073,4.986,1.128,77.527,1.807,87.489
FireSmokeVideo329_f23_jpg.rf.789e6385a52bd45e0a85f74b913076ec.jpg,1,1,1.0,0.29,0.007,0.078,8.24,9.542,101.179,2.493,124.149
FireSmokeVideo329_f48_jpg.rf.ea86f675921f6a6c6150927ca1479b0c.jpg,1,1,1.0,0.293,0.008,0.081,13.946,6.39,94.263,3.419,120.38
FireSmokeVideo329_f85_jpg.rf.aea9972079ae0c4ff6bd6185c2447a8c.jpg,1,1,1.0,0.282,0.006,0.07,7.67,6.156,80.23,2.093,98.129
FireSmokeVideo330_f19_jpg.rf.6f136a45ac05fe1b971d931c10c329fb.jpg,1,1,1.0,0.275,0.006,0.069,4.016,1.196,102.165,4.954,114.789
FireSmokeVideo330_f39_jpg.rf.826f13cb788a701d54e9ff5b6070e2d0.jpg,1,1,1.0,0.291,0.006,0.08,9.166,7.354,106.501,2.21,128.012
FireSmokeVideo330_f5_jpg.rf.d071602dadcc63585eff14031e340576.jpg,1,1,1.0,0.288,0.006,0.077,3.321,1.16,76.629,1.909,85.069
FireSmokeVideo330_f69_jpg.rf.3522b2c707d451b7ff90718d2aa330d8.jpg,1,1,1.0,0.29,0.006,0.081,2.763,1.127,96.485,2.252,104.661
FireSmokeVideo331_f3_jpg.rf.0da5ee8947750a975d39aa717ca76418.jpg,1,1,0.9989,0.297,0.007,0.078,4.919,6.128,115.815,4.538,133.48
FireSmokeVideo331_f5_jpg.rf.49982dd7687e8cbc15a405afcf1fd3df.jpg,1,1,1.0,0.316,0.006,0.077,9.554,6.629,110.94,2.177,131.827
FireSmokeVideo331_f77_jpg.rf.6162a4a2ba620dc343142ed2eb37e20d.jpg,1,1,1.0,0.221,0.004,0.051,12.0,5.588,96.226,2.787,118.276
FireSmokeVideo331_f83_jpg.rf.df16d07c9c37ae256b43d29759cd4cf1.jpg,1,1,1.0,0.25,0.006,0.062,8.231,6.367,76.103,1.98,94.523
FireSmokeVideo332_f110_jpg.rf.e0fdbbfb21fa4cb21afe5df7e0e7672b.jpg,1,1,1.0,0.285,0.006,0.077,3.583,1.223,76.648,1.927,85.73
FireSmokeVideo332_f114_jpg.rf.e66a50cbc8f892c782fa8c79d99ba6c4.jpg,1,1,1.0,0.284,0.007,0.079,8.71,6.593,115.134,3.183,135.385
FireSmokeVideo332_f119_jpg.rf.6dab27aa650648365bc91902c99a3b09.jpg,1,1,1.0,0.295,0.007,0.081,12.143,9.464,113.752,4.777,141.898
FireSmokeVideo332_f125_jpg.rf.2fce0b2a8ec9cf2f566ce66f91443d68.jpg,1,1,1.0,0.248,0.006,0.063,11.754,8.351,103.723,3.663,129.268
FireSmokeVideo332_f130_jpg.rf.a0e9a701e4700ddfe44b75bd08483d94.jpg,1,1,1.0,0.223,0.005,0.048,8.916,6.439,105.886,2.094,125.006
FireSmokeVideo332_f139_jpg.rf.51a0adb67d839c35635989d59b753008.jpg,1,1,1.0,0.245,0.005,0.058,8.184,1.064,91.313,2.505,104.99
FireSmokeVideo332_f165_jpg.rf.8b3a9f34dc98fc23b3d7e9639bb08ad5.jpg,1,1,1.0,0.561,0.007,0.153,9.345,7.537,82.036,2.185,103.552
FireSmokeVideo332_f23_jpg.rf.6743762d0ffb108491f7710616cb31f5.jpg,1,1,0.9998,0.288,0.006,0.116,8.638,6.796,91.248,1.984,110.783
FireSmokeVideo332_f38_jpg.rf.666f87d794465621e56b45ccc23dd1e2.jpg,1,1,1.0,0.285,0.006,0.077,3.315,1.153,99.558,5.228,111.28
FireSmokeVideo332_f47_jpg.rf.c99d130de1b2a60c303e99ee74e34d38.jpg,1,1,1.0,0.285,0.006,0.078,3.716,1.228,105.286,2.4,114.631
FireSmokeVideo332_f67_jpg.rf.43f7015242bc5a2c54087681f000bedb.jpg,1,1,1.0,0.289,0.007,0.075,2.901,1.146,91.745,3.578,101.442
FireSmokeVideo333_f139_jpg.rf.5500b6a51487a17db5b41bdd51cae1b0.jpg,1,1,1.0,0.285,0.007,0.076,2.736,1.145,92.632,3.165,101.931
FireSmokeVideo333_f16_jpg.rf.d88a2b0998c58cdea221f16f7a05add8.jpg,1,1,1.0,0.298,0.006,0.081,9.102,4.846,106.452,2.708,125.009
FireSmokeVideo333_f62_jpg.rf.3b947362277473ef56fa42eb8a80d442.jpg,1,1,1.0,0.283,0.006,0.076,7.49,4.969,76.54,2.001,92.915
FireSmokeVideo334_f113_jpg.rf.4766dc3b80b60c8ac86100bb5314b63e.jpg,1,1,1.0,0.288,0.006,0.076,4.183,1.157,96.368,2.17,106.122
FireSmokeVideo334_f47_jpg.rf.60d56123ac16cfa08bac683c0e6ae296.jpg,1,1,0.9999,0.315,0.007,0.081,13.927,6.836,111.428,4.104,138.381
FireSmokeVideo334_f68_jpg.rf.8136bb33b6461c30b55d6dc944536c4f.jpg,1,1,1.0,0.236,0.005,0.057,7.898,1.796,77.458,1.851,90.747
FireSmokeVideo334_f73_jpg.rf.b42274e9afe8ecf50903ff7e2443682d.jpg,1,1,1.0,0.267,0.006,0.072,2.623,1.195,90.17,2.451,98.337
FireSmokeVideo334_f77_jpg.rf.5b72298d5b326cf2a7624d1306aebcd8.jpg,1,1,1.0,0.294,0.006,0.078,10.094,5.985,118.017,3.992,140.19
FireSmokeVideo334_f8_jpg.rf.cd85ace94a36cf6a80776cfdd05ce532.jpg,1,1,1.0,0.297,0.006,0.079,8.973,7.809,100.97,3.07,123.029
FireSmokeVideo335_f16_jpg.rf.852b0be44adc49cfa1db529f8e41233b.jpg,1,1,1.0,0.29,0.007,0.08,9.325,7.475,103.06,2.156,124.295
FireSmokeVideo335_f25_jpg.rf.ca9486e8e8b03b04e7105a4b83d6cf43.jpg,1,1,1.0,0.286,0.006,0.076,3.219,1.162,84.44,2.027,92.92
FireSmokeVideo335_f32_jpg.rf.8823a3636950a76dc0edb4f802addfb1.jpg,1,1,1.0,0.287,0.006,0.076,9.459,7.04,101.796,2.796,123.114
FireSmokeVideo335_f39_jpg.rf.9d9099d2ce1ca799dae408caa071ca90.jpg,1,1,1.0,0.291,0.006,0.075,10.553,3.328,104.186,4.62,124.719
FireSmokeVideo337_f0_jpg.rf.fc3b875cc2d5134faabef7649a0c76ca.jpg,1,1,1.0,0.289,0.006,0.075,4.616,7.169,103.239,3.536,121.034
FireSmokeVideo337_f115_jpg.rf.adc2051a6ab5d9dee3071446b8fd17b3.jpg,1,1,1.0,0.359,0.007,0.086,6.429,6.812,99.807,2.507,117.373
FireSmokeVideo337_f1_jpg.rf.00bac15be2f49fe15d6f601ea08a7590.jpg,1,1,1.0,0.289,0.006,0.074,8.761,6.823,102.43,2.226,122.227
FireSmokeVideo337_f2_jpg.rf.9edfc7556345695a9926a871a4fbec29.jpg,1,1,1.0,0.28,0.006,0.075,9.033,6.425,99.863,2.203,119.519
FireSmokeVideo337_f4_jpg.rf.3b4b96edeb2ae879bb011982e72aebe4.jpg,1,1,1.0,0.288,0.006,0.075,3.218,1.156,78.159,2.206,86.701
FireSmokeVideo337_f7_jpg.rf.9a1ca84884fb0c0f04f4bd42287067e3.jpg,1,1,1.0,0.28,0.006,0.076,2.729,1.125,82.161,2.357,90.375
FireSmokeVideo338_f109_jpg.rf.4e71d7c7557b9adc4f75ae24fb73d4a3.jpg,1,1,0.8393,0.291,0.007,0.077,3.049,1.134,86.611,2.181,94.957
FireSmokeVideo338_f15_jpg.rf.e7f50e22cde7a8cf36d417ffecf00638.jpg,1,1,1.0,0.279,0.006,0.075,3.002,1.178,77.743,2.41,86.3
FireSmokeVideo338_f41_jpg.rf.d34819d35704bca3963128105ccf98d4.jpg,1,1,0.9238,0.291,0.006,0.077,2.756,2.404,76.2,2.238,85.594
FireSmokeVideo338_f71_jpg.rf.48c0818c568fe7c14d065b5f9ec4d0f5.jpg,1,1,1.0,0.285,0.006,0.071,5.043,3.448,91.761,2.158,104.392
FireSmokeVideo339_f49_jpg.rf.28432d189c0351e9e252f50b70c58124.jpg,1,1,1.0,0.282,0.006,0.074,2.625,1.366,92.461,1.863,100.261
FireSmokeVideo339_f60_jpg.rf.fc48b4d87950e3f54c7de16ab57d15d4.jpg,1,1,1.0,0.283,0.006,0.074,3.308,1.5,77.223,1.823,85.858
FireSmokeVideo33_f15_jpg.rf.0416d81eeeb923b3d341d50e8e54ffdf.jpg,1,1,0.719,0.285,0.006,0.076,2.813,3.538,89.494,2.074,99.921
FireSmokeVideo33_f21_jpg.rf.81b9a2787d84ed5a4007d91da03c904d.jpg,1,1,0.9997,0.287,0.006,0.075,8.282,2.932,82.55,1.852,97.596
FireSmokeVideo33_f33_jpg.rf.183b0ea5be84e04c4209fc504a7cdd72.jpg,1,1,0.6677,0.281,0.006,0.077,8.292,5.931,75.194,1.804,93.187
FireSmokeVideo340_f12_jpg.rf.fb5699dec92321b7a310798c68ee8405.jpg,1,1,0.9997,0.283,0.007,0.077,11.268,6.022,90.765,2.042,112.012
FireSmokeVideo340_f17_jpg.rf.f4361b5aad19fb93fd3ff02fb7becb7a.jpg,1,1,0.9883,0.285,0.006,0.079,13.248,6.413,101.405,2.491,125.685
FireSmokeVideo340_f25_jpg.rf.7cfe97747f2933caf697a5caf9f1942e.jpg,1,1,0.9921,0.284,0.006,0.079,12.064,6.898,96.031,2.159,119.057
FireSmokeVideo340_f35_jpg.rf.d4308be807cce63f1e900bf0d54a6e25.jpg,1,1,1.0,0.279,0.006,0.069,11.596,8.07,99.375,3.331,124.458
FireSmokeVideo340_f50_jpg.rf.4f6811094bcdbe23c4cb01c4f724d67a.jpg,1,1,0.8289,0.284,0.006,0.079,12.772,6.534,110.692,3.446,135.523
FireSmokeVideo340_f92_jpg.rf.5e4c458a65017979b60aa4bd1c4498af.jpg,1,1,0.7486,0.291,0.006,0.082,13.299,3.856,75.576,1.87,96.351
FireSmokeVideo340_f98_jpg.rf.7f1226190d8b2557391f22a051913a5c.jpg,1,1,1.0,0.303,0.006,0.071,9.628,5.323,88.083,2.211,107.319
FireSmokeVideo341_f102_jpg.rf.723c816dc6956c12502a999d2bc99d7d.jpg,1,1,1.0,0.292,0.006,0.074,10.405,7.627,110.21,2.333,132.666
FireSmokeVideo341_f114_jpg.rf.414ab6110de256085ad11135eff1b960.jpg,1,1,1.0,0.299,0.007,0.08,11.418,7.967,107.694,2.559,131.726
FireSmokeVideo341_f118_jpg.rf.7b01f37aab68ec3d2b858bda40462109.jpg,1,1,1.0,0.214,0.004,0.047,15.243,8.047,104.603,2.559,132.404
FireSmokeVideo341_f17_jpg.rf.f07be5beb8c2309527ce2b82fb8fea1a.jpg,1,1,1.0,0.285,0.006,0.078,11.396,7.892,100.984,4.057,126.931
FireSmokeVideo341_f29_jpg.rf.e520132e707ab697ff24332b9d622500.jpg,1,1,1.0,0.242,0.005,0.064,7.958,6.026,81.526,4.12,101.515
FireSmokeVideo341_f34_jpg.rf.7c4e8469ca39d3b8ada83d079bb10e82.jpg,1,1,1.0,0.276,0.006,0.076,9.823,1.2,75.014,1.717,89.737
FireSmokeVideo341_f38_jpg.rf.ef6e9e514dbb290b311f8d85ab6e6283.jpg,1,1,1.0,0.274,0.006,0.074,5.756,5.283,104.068,5.632,122.776
FireSmokeVideo341_f99_jpg.rf.f87efe88aa99e39799d5e2a067aa48fb.jpg,1,1,1.0,0.389,0.007,0.157,12.981,8.257,110.519,2.467,136.504
FireSmokeVideo342_f1_jpg.rf.20a838cb059a12914ff4fa659a8e615f.jpg,1,1,1.0,0.357,0.007,0.079,10.454,7.397,118.884,2.328,141.785
FireSmokeVideo342_f48_jpg.rf.03afa2a90a0a5e6f4d2ea4ae07afc60e.jpg,1,1,1.0,0.295,0.008,0.077,6.664,8.297,101.225,3.828,122.076
FireSmokeVideo34_f123_jpg.rf.cc6adf1d553c847fa87e117261890578.jpg,1,1,1.0,0.216,0.005,0.05,7.238,6.57,109.42,4.109,129.1
FireSmokeVideo34_f16_jpg.rf.8fb128c53b07345b429f6313a3c23e99.jpg,1,1,1.0,0.301,0.006,0.075,6.524,1.26,115.926,2.528,128.677
FireSmokeVideo34_f18_jpg.rf.9f56cc6cb0db401ced2a75b7cb82d061.jpg,1,1,1.0,0.286,0.006,0.076,2.771,1.319,87.601,2.519,96.206
FireSmokeVideo34_f23_jpg.rf.4110f0d76eabc44fa88c198e9b8414eb.jpg,1,1,1.0,0.286,0.007,0.079,3.258,1.136,83.536,2.504,92.416
FireSmokeVideo34_f40_jpg.rf.4f083fb33c84a9907bff8f22a7b7c61b.jpg,1,1,1.0,0.293,0.006,0.08,10.722,7.748,111.956,2.484,134.916
FireSmokeVideo34_f53_jpg.rf.9607d6fb5eea74336f3e06ff2cc46c35.jpg,1,1,1.0,0.286,0.006,0.073,13.066,9.422,112.312,2.187,139.124
FireSmokeVideo34_f80_jpg.rf.77135cf59791013cfdb07ce1ccf175d0.jpg,1,1,1.0,0.29,0.007,0.076,8.73,8.45,108.333,1.922,129.542
FireSmokeVideo35_f113_jpg.rf.2e77c8d7cfd2fce65eadba938722464c.jpg,1,1,1.0,0.287,0.007,0.071,6.314,6.017,87.08,2.154,103.547
FireSmokeVideo35_f130_jpg.rf.27d1867de0062f7aaa6ea29601c9b73c.jpg,1,1,1.0,0.289,0.007,0.076,6.982,7.499,100.117,2.521,119.038
FireSmokeVideo35_f147_jpg.rf.b335f8282dd5523e39f5f72b61fdec50.jpg,1,1,1.0,0.469,0.008,0.094,9.845,3.145,78.583,2.064,95.723
FireSmokeVideo35_f69_jpg.rf.4226590c68918261db800ea468902aba.jpg,1,1,1.0,0.284,0.006,0.076,2.845,1.24,77.721,1.998,85.893
FireSmokeVideo36_f22_jpg.rf.cc95d544be1ec724b73be33f94151f91.jpg,1,1,0.6697,0.273,0.006,0.068,8.532,5.97,104.885,2.125,123.602
FireSmokeVideo39_f10_jpg.rf.b7adb52411f6521d681f26cd92d8fbfe.jpg,1,1,1.0,0.295,0.006,0.078,8.986,11.536,99.715,3.322,125.92
FireSmokeVideo39_f4_jpg.rf.be2e56b9e91f9b26d2a57ea3d4898de1.jpg,1,1,1.0,0.291,0.007,0.079,9.988,5.966,100.071,4.759,122.66
FireSmokeVideo39_f66_jpg.rf.710a8e8673a4eb32a605aee3400b23e6.jpg,1,1,1.0,0.288,0.007,0.074,6.076,5.393,101.255,3.253,118.039
FireSmokeVideo3_f100_jpg.rf.669d444302f983605c408960b4ce6c37.jpg,1,1,1.0,0.374,0.007,0.076,11.331,6.381,79.973,2.002,101.78
FireSmokeVideo3_f28_jpg.rf.31564d5f007ac829d0e282bae7c95a56.jpg,1,1,0.6742,0.284,0.006,0.073,9.391,1.379,84.757,2.58,100.127
FireSmokeVideo3_f41_jpg.rf.f56f5405a0c4628aacf938dbae421290.jpg,1,1,1.0,0.353,0.006,0.08,3.085,1.294,77.287,1.992,85.694
FireSmokeVideo3_f62_jpg.rf.d22a44bba0dd3630793d14529d9ffdaf.jpg,1,1,1.0,0.283,0.007,0.075,2.856,1.167,90.494,3.491,99.988
FireSmokeVideo3_f85_jpg.rf.17de1e64a0107dc107c7fa1e8fa0df6a.jpg,1,1,0.9998,0.285,0.006,0.078,2.873,1.16,89.063,5.726,100.843
FireSmokeVideo40_f152_jpg.rf.e16880b5aaf3c1ed7ef031a4652e8779.jpg,1,1,1.0,0.284,0.006,0.076,3.234,2.261,76.17,1.903,85.632
FireSmokeVideo40_f177_jpg.rf.f924627fbe11ff2e03afa5158d2e8208.jpg,1,1,1.0,0.294,0.007,0.076,5.413,4.364,87.054,2.135,101.2
FireSmokeVideo40_f46_jpg.rf.aac214df8ba7aec91b49ef0eed055478.jpg,1,1,1.0,0.286,0.006,0.075,7.793,1.363,75.044,1.898,88.163
FireSmokeVideo40_f79_jpg.rf.449a867a9acf6afcf99b7fbae149ee8c.jpg,1,1,1.0,0.297,0.007,0.077,7.817,1.167,76.229,1.923,89.19
FireSmokeVideo40_f97_jpg.rf.91614acc0da501388980e04261ab5e9f.jpg,1,1,1.0,0.297,0.006,0.079,9.816,6.735,124.344,2.276,145.105
FireSmokeVideo41_f270_jpg.rf.2a4019a588516e3f8f03a79bf3b46c64.jpg,1,1,1.0,0.221,0.004,0.051,7.547,8.983,124.142,3.356,145.803
FireSmokeVideo41_f30_jpg.rf.07923d280be647eacff466c4cb350666.jpg,1,1,1.0,0.252,0.005,0.062,7.903,12.688,115.091,2.166,139.732
FireSmokeVideo42_f105_jpg.rf.495352560b9af9eaf714ecffa5e577ad.jpg,1,1,1.0,0.21,0.004,0.048,4.817,6.747,76.407,1.848,91.455
FireSmokeVideo42_f111_jpg.rf.989859dc3743ba979d8bbea96cc3ba9a.jpg,1,1,1.0,0.293,0.007,0.076,9.265,6.022,78.518,1.873,97.691
FireSmokeVideo42_f123_jpg.rf.a107762d0954a50260e70613d8b2108e.jpg,1,1,1.0,0.283,0.006,0.078,10.788,1.271,75.834,1.932,91.881
FireSmokeVideo42_f22_jpg.rf.cb5127bd547d06bc9d551b3eddcc67a7.jpg,1,1,1.0,0.226,0.005,0.049,6.538,7.023,82.184,2.243,100.014
FireSmokeVideo42_f32_jpg.rf.53a57042ae9dbcbb40093816224ba20a.jpg,1,1,1.0,0.279,0.006,0.072,7.765,5.895,76.988,2.71,95.345
FireSmokeVideo42_f45_jpg.rf.418b92389b6bd93f1c8ac1f312e46e63.jpg,1,1,1.0,0.279,0.006,0.076,9.542,7.002,76.24,1.75,96.423
FireSmokeVideo42_f55_jpg.rf.e83a0ee102c502b0068f537895c0dbd7.jpg,1,1,1.0,0.283,0.006,0.073,9.069,3.5,87.961,2.535,104.965
FireSmokeVideo42_f70_jpg.rf.78074e5c314ebc98b39c5b93fd797ea9.jpg,1,1,1.0,0.287,0.006,0.083,10.323,1.514,74.814,1.926,90.596
FireSmokeVideo42_f88_jpg.rf.367ae3d3754121f4c5705b56cf26356e.jpg,1,1,1.0,0.291,0.006,0.078,6.972,1.228,94.409,2.076,106.789
FireSmokeVideo42_f94_jpg.rf.4bbff8ab0e6ac5accebf96afbe4f2106.jpg,1,1,1.0,0.213,0.004,0.047,4.028,2.522,78.068,2.475,89.13
FireSmokeVideo43_f100_jpg.rf.8dbe64a19ee19cae1cd81aca5a907d8b.jpg,1,1,1.0,0.283,0.006,0.078,2.825,1.18,93.632,2.502,102.227
FireSmokeVideo43_f136_jpg.rf.801a77834c14371e23813f57232738d9.jpg,1,1,1.0,0.289,0.006,0.078,2.819,1.279,77.886,1.907,85.866
FireSmokeVideo43_f20_jpg.rf.2339987efe2252ba712a9a1826678b9e.jpg,1,1,1.0,0.288,0.006,0.075,3.031,1.463,93.402,2.459,102.377
FireSmokeVideo43_f2_jpg.rf.6ec1d6a33ad0310ae042e670e97e1b26.jpg,1,1,1.0,0.288,0.006,0.074,3.157,1.208,77.812,1.914,86.163
FireSmokeVideo43_f5_jpg.rf.a629beea1ee25c6333d3632fd9064194.jpg,1,1,1.0,0.285,0.006,0.076,10.274,6.021,91.618,3.537,113.554
FireSmokeVideo43_f92_jpg.rf.a544c7435695577c13f8d8f64135c5de.jpg,1,1,1.0,0.281,0.006,0.068,11.633,5.614,128.317,3.718,151.291
FireSmokeVideo44_f125_jpg.rf.26a930af3f6e1b522c7d852ecb802ff5.jpg,1,1,0.9999,0.279,0.006,0.076,11.013,7.165,115.906,2.098,137.995
FireSmokeVideo44_f56_jpg.rf.f2feb9ee5c93ac60b96daf6a092576b3.jpg,1,1,1.0,0.257,0.005,0.061,7.405,5.98,89.819,2.085,106.884
FireSmokeVideo44_f89_jpg.rf.aefd1d2bda23d0d6da734ec9489ff64c.jpg,1,1,1.0,0.273,0.007,0.071,7.523,5.968,89.358,2.047,106.954
FireSmokeVideo45_f29_jpg.rf.13f48d63cfdfb2962544bf9d27c8b92c.jpg,1,1,1.0,0.295,0.006,0.075,7.667,7.032,93.303,2.152,112.231
FireSmokeVideo47_f12_jpg.rf.a439f41566d628776ed35c8e9e0419bb.jpg,1,1,1.0,0.285,0.006,0.075,11.511,5.211,115.34,4.606,138.837
FireSmokeVideo47_f26_jpg.rf.fad571c23c3b5ef58f5b49064eb577dd.jpg,1,1,1.0,0.296,0.006,0.076,10.812,9.438,124.303,1.935,148.476
FireSmokeVideo48_f83_jpg.rf.7b935daa6e737714f1e4d584a90d9b5f.jpg,1,1,0.9999,0.243,0.005,0.058,6.95,12.165,113.893,3.616,138.307
FireSmokeVideo48_f90_jpg.rf.aae765452dad1c2e616f1fc62ccc0ed5.jpg,1,1,1.0,0.219,0.005,0.051,10.276,8.173,112.379,3.971,136.549
FireSmokeVideo49_f19_jpg.rf.4f8c3d53ab9c271d3d118a19a4832c60.jpg,1,1,1.0,0.265,0.004,0.049,4.407,3.934,88.727,2.183,101.32
FireSmokeVideo49_f8_jpg.rf.219f1c69d4b92f21e03162b793c088b2.jpg,1,1,1.0,0.287,0.006,0.077,3.287,4.307,98.392,4.916,112.956
FireSmokeVideo4_f23_jpg.rf.702e17ad6d82c98cd852cc423da1477c.jpg,1,1,1.0,0.309,0.007,0.081,9.143,2.417,76.594,1.963,91.913
FireSmokeVideo4_f26_jpg.rf.ec2094fb60e2b1d4baaa38e934859d37.jpg,1,1,1.0,0.284,0.007,0.076,5.465,1.254,75.074,1.815,85.623
FireSmokeVideo4_f29_jpg.rf.43c95419c93023e8c91596b299139c07.jpg,1,1,1.0,0.283,0.007,0.14,11.814,2.086,82.239,1.925,99.922
FireSmokeVideo4_f32_jpg.rf.d33dfa0a044e8b79d00a3733b39ac797.jpg,1,1,1.0,0.285,0.006,0.081,8.662,1.398,75.655,3.149,90.926
FireSmokeVideo4_f3_jpg.rf.bec9834652a035a245dcbdac1224978f.jpg,1,1,0.9984,0.289,0.007,0.083,8.69,1.217,92.152,2.396,106.609
FireSmokeVideo4_f6_jpg.rf.895538648c9dcf7244eb0b6dfd79fd5f.jpg,1,1,1.0,0.353,0.006,0.079,6.683,4.695,81.765,2.096,97.303
FireSmokeVideo50_f12_jpg.rf.4204b842f4ff338d38c65b835cd2f5e2.jpg,1,1,1.0,0.281,0.006,0.076,3.863,7.087,96.186,4.124,113.309
FireSmokeVideo50_f9_jpg.rf.ab7229c3e72eece974972d842e2af7cc.jpg,1,1,1.0,0.287,0.007,0.077,6.702,1.453,83.387,1.925,95.553
FireSmokeVideo51_f112_jpg.rf.5ea0f589a9686219e7c65b5f381e3921.jpg,1,1,1.0,0.278,0.006,0.077,2.752,1.26,93.502,2.444,101.954
FireSmokeVideo51_f12_jpg.rf.58c31c196e5dff315095eb89ced66b67.jpg,1,1,1.0,0.293,0.006,0.074,2.846,1.346,77.658,1.929,85.8
FireSmokeVideo51_f178_jpg.rf.643f991ce04fb2783cbc534a9d613d10.jpg,1,1,1.0,0.287,0.006,0.078,10.76,6.065,81.678,2.551,103.424
FireSmokeVideo51_f27_jpg.rf.fc89bebf8976dfca94a1b59eecf779f5.jpg,1,1,1.0,0.288,0.006,0.076,7.433,5.435,75.893,1.896,92.608
FireSmokeVideo51_f72_jpg.rf.232b044c0a18c96f20815666c8c5d349.jpg,1,1,1.0,0.292,0.006,0.076,3.55,1.492,86.94,6.147,100.183
FireSmokeVideo51_f91_jpg.rf.8bff3c86d4cd42973d1946dab58d48d5.jpg,1,1,1.0,0.288,0.007,0.076,8.618,5.992,76.845,2.003,95.493
FireSmokeVideo52_f122_jpg.rf.ab1032c40ac46d9341ebf9e615ded8b9.jpg,1,1,1.0,0.281,0.006,0.078,8.56,1.212,91.948,2.248,106.017
FireSmokeVideo52_f133_jpg.rf.b6411fd32d4d2e38dd4bb1f74d3c9a04.jpg,1,1,1.0,0.29,0.007,0.077,8.316,8.258,113.042,2.682,134.609
FireSmokeVideo52_f152_jpg.rf.0e9e037e167e8d9e50319a9bf086bf82.jpg,1,1,1.0,0.315,0.006,0.073,7.23,6.957,116.219,6.479,139.276
FireSmokeVideo52_f157_jpg.rf.4f3dc1ea5b0f7ca32f7871d61f746860.jpg,1,1,1.0,0.336,0.006,0.078,10.232,6.923,116.936,2.24,138.288
FireSmokeVideo52_f173_jpg.rf.f74761aca21599897cbc970c28c0bbea.jpg,1,1,1.0,0.287,0.007,0.078,10.952,6.288,112.493,5.026,136.798
FireSmokeVideo52_f3_jpg.rf.49a9b777a4c4ea701a1275a7bb094b4d.jpg,1,1,1.0,0.261,0.006,0.062,8.269,7.11,105.25,2.44,124.855
FireSmokeVideo52_f77_jpg.rf.6835333e090aae033d377c9ddfe97179.jpg,1,1,1.0,0.246,0.005,0.06,18.596,7.101,134.155,6.198,168.133
FireSmokeVideo53_f10_jpg.rf.fb9f5ec7b3c8db8758a993a8dbc679a4.jpg,1,1,1.0,0.238,0.004,0.051,4.885,7.231,106.896,2.963,123.723
FireSmokeVideo53_f165_jpg.rf.1677333dada16f47d7711903103c6ed2.jpg,1,1,1.0,0.29,0.006,0.079,8.294,4.747,90.003,2.488,107.201
FireSmokeVideo53_f44_jpg.rf.3a231624ec72dab22488b6a58e90a476.jpg,1,1,1.0,0.324,0.007,0.077,7.844,2.082,88.921,2.263,103.184
FireSmokeVideo53_f86_jpg.rf.3f516825f311c6a811658d0fd01e2081.jpg,1,1,1.0,0.233,0.005,0.054,6.774,4.021,74.768,2.222,89.396
FireSmokeVideo54_f130_jpg.rf.23ca606d900cf0f33f9e84bfd8a653bb.jpg,1,1,1.0,0.288,0.006,0.076,3.319,1.186,75.997,2.231,84.83
FireSmokeVideo54_f144_jpg.rf.52d144ea4651f5f287e3e64341961813.jpg,1,1,1.0,0.221,0.005,0.047,4.196,1.172,79.653,2.18,89.529
FireSmokeVideo54_f93_jpg.rf.af4c880dd86cb8a2eed42bf7bdb03e9b.jpg,1,1,0.9999,0.289,0.006,0.078,4.07,1.195,77.816,2.215,87.345
FireSmokeVideo55_f107_jpg.rf.74d8002d117e641a343e2fbccf7a2eeb.jpg,1,1,0.9726,0.217,0.004,0.047,3.608,6.1,103.709,5.779,121.168
FireSmokeVideo55_f19_jpg.rf.57388516511a644189ee6632394790b8.jpg,1,1,1.0,0.296,0.006,0.079,8.592,5.897,77.073,1.926,95.587
FireSmokeVideo55_f42_jpg.rf.11747dfab428745ec17d8ee88167399d.jpg,1,1,1.0,0.293,0.007,0.077,7.905,3.784,75.994,2.033,91.717
FireSmokeVideo55_f92_jpg.rf.57606fe8eb6e88ae389cff3443994279.jpg,1,1,0.998,0.29,0.007,0.078,5.709,2.723,81.332,1.971,94.37
FireSmokeVideo56_f12_jpg.rf.56a3a476c8a5af629d417e05d81b12ae.jpg,1,1,1.0,0.281,0.006,0.075,6.833,6.189,77.059,3.588,95.772
FireSmokeVideo56_f1_jpg.rf.1d5c860f3554f21dec66ef73235be892.jpg,1,1,1.0,0.336,0.007,0.076,8.735,6.84,92.056,2.227,111.791
FireSmokeVideo56_f53_jpg.rf.ff2cd1159ed45e51d6f54624ba2e2c69.jpg,1,1,1.0,0.282,0.006,0.075,8.377,6.096,78.277,4.02,98.784
FireSmokeVideo57_f23_jpg.rf.399c68c1e0a8ad017e5f118ab1460052.jpg,1,1,1.0,0.288,0.006,0.077,7.471,6.122,75.763,1.856,93.189
FireSmokeVideo57_f32_jpg.rf.d8579b6dcdc62ae8fa8eca603c88ed35.jpg,1,1,1.0,0.287,0.007,0.081,8.13,1.24,85.202,4.799,101.489
FireSmokeVideo58_f0_jpg.rf.ec5d563d312dfa34a4da407dbef2bf6b.jpg,1,1,1.0,0.291,0.007,0.081,5.448,1.247,98.197,2.44,109.395
FireSmokeVideo58_f118_jpg.rf.8265f191dbf69749c096d683c72ab75c.jpg,1,1,1.0,0.227,0.006,0.057,11.167,7.323,105.759,2.442,128.589
FireSmokeVideo58_f132_jpg.rf.cef5417bf949185f51de8eec797a2074.jpg,1,1,1.0,0.292,0.007,0.078,9.946,10.825,109.618,4.855,137.295
FireSmokeVideo58_f136_jpg.rf.e626b841928dd781f2780beecd066a69.jpg,1,1,1.0,0.25,0.005,0.062,3.178,7.119,93.086,1.91,107.319
FireSmokeVideo58_f16_jpg.rf.d8e6fd6daddd61633075a10fd1d440d3.jpg,1,1,1.0,0.285,0.006,0.075,3.763,3.768,105.636,3.333,118.829
FireSmokeVideo58_f185_jpg.rf.f8a1f651656c8ba77c8ead59cf185d18.jpg,1,1,0.9997,0.283,0.007,0.076,9.317,10.27,109.985,4.59,136.245
FireSmokeVideo58_f19_jpg.rf.026de7d422666c2c20d9342f62fde18b.jpg,1,1,0.9794,0.288,0.006,0.086,16.796,4.333,111.474,3.612,138.195
FireSmokeVideo58_f37_jpg.rf.2b366afe94a6851d09ac1ac6955d6e6e.jpg,1,1,1.0,0.283,0.006,0.075,5.476,4.093,76.749,2.239,90.317
FireSmokeVideo58_f67_jpg.rf.5d1bb6216c487919c66b429c85d55ce0.jpg,1,1,1.0,0.287,0.007,0.077,8.316,6.124,80.703,2.565,99.677
FireSmokeVideo58_f75_jpg.rf.c3ec301e7d3b1d0801565a45ae94610e.jpg,1,1,0.9998,0.279,0.006,0.076,8.35,1.072,76.243,1.85,89.488
FireSmokeVideo58_f81_jpg.rf.8a45906fe6991299e4393c7f8395b0a2.jpg,1,1,1.0,0.299,0.006,0.08,5.503,5.639,95.142,4.261,112.57
FireSmokeVideo5_f104_jpg.rf.1c19017627da9149e8e904b58c26b0c2.jpg,1,1,1.0,0.29,0.006,0.071,4.193,1.237,77.005,1.852,86.443
FireSmokeVideo5_f134_jpg.rf.6b5590aea802a518656a5793c48ede5b.jpg,1,1,1.0,0.494,0.037,0.14,6.132,5.892,111.689,2.46,128.649
FireSmokeVideo5_f167_jpg.rf.4ed4da7b0baa19dc2f7e3c20404dab5b.jpg,1,1,1.0,0.312,0.006,0.072,11.751,6.157,85.168,1.921,107.017
FireSmokeVideo5_f68_jpg.rf.1d3a3a6e4e8faa042fe6617bd698b3eb.jpg,1,1,1.0,0.28,0.006,0.075,3.26,1.139,94.135,2.487,102.985
FireSmokeVideo5_f72_jpg.rf.32f75d20a64693bd696fa77280695656.jpg,1,1,1.0,0.288,0.006,0.074,3.667,2.27,83.385,2.237,93.558
FireSmokeVideo5_f7_jpg.rf.e52c33eeda042467f2b9c920ad473148.jpg,1,1,1.0,0.287,0.006,0.077,2.67,1.751,82.873,5.542,94.824
FireSmokeVideo5_f87_jpg.rf.d38ff8f04e3911b512fc959646164d5e.jpg,1,1,1.0,0.283,0.007,0.078,13.687,5.88,76.61,2.516,100.78
FireSmokeVideo60_f126_jpg.rf.c5ffd2b4d6c1131afb951bf9dc3c3db4.jpg,1,1,1.0,0.281,0.006,0.078,3.254,1.335,80.008,3.503,90.086
FireSmokeVideo60_f159_jpg.rf.b4445ac7d95164d4568f1951ed4224ea.jpg,1,1,0.7993,0.288,0.006,0.077,9.397,8.629,86.811,2.499,110.098
FireSmokeVideo60_f1_jpg.rf.2ce222ae12f3f62997999b683cd59646.jpg,1,1,1.0,0.292,0.006,0.075,10.039,6.787,91.007,2.243,112.157
FireSmokeVideo60_f38_jpg.rf.9589fdd6cc4df354f26b4e9c7812a2d0.jpg,1,1,1.0,0.282,0.007,0.076,9.066,6.922,76.167,2.249,96.451
FireSmokeVideo60_f87_jpg.rf.31f40fd85663ea9fddf287be994830ab.jpg,1,1,1.0,0.279,0.006,0.075,8.333,6.409,90.765,2.106,109.621
FireSmokeVideo61_f6_jpg.rf.3f89c049e7517b54c7c435d333cea870.jpg,1,1,1.0,0.279,0.006,0.077,4.966,1.137,82.782,1.928,92.803
FireSmokeVideo62_f142_jpg.rf.3ec2415b49509785d4d9c1524ab80732.jpg,1,1,0.9999,0.285,0.007,0.08,10.29,5.952,75.67,1.846,95.864
FireSmokeVideo62_f221_jpg.rf.5cd10e3f878988719b77eb74afd86b07.jpg,1,1,0.9995,0.283,0.006,0.08,12.034,5.854,93.224,3.008,116.305
FireSmokeVideo62_f30_jpg.rf.b279633f10f829a475e0cdd0ba8d0a5c.jpg,1,1,1.0,0.279,0.006,0.073,3.381,1.157,89.845,2.825,99.221
FireSmokeVideo62_f35_jpg.rf.ba01c02f4e4c4ea076f52f3548225fd0.jpg,1,1,1.0,0.271,0.006,0.073,4.467,1.175,77.129,1.763,86.498
FireSmokeVideo62_f43_jpg.rf.dd0042d1208146a671107f96aff06f12.jpg,1,1,1.0,0.274,0.006,0.073,3.942,1.895,92.843,2.515,103.263
FireSmokeVideo62_f47_jpg.rf.51f567146cc3e343196d1091df8b26c4.jpg,1,1,0.9998,0.317,0.007,0.08,5.169,2.455,75.037,2.009,87.321
FireSmokeVideo62_f614_jpg.rf.a2ddd85ba7a7a2748ed00ac9eef1e7d5.jpg,1,1,1.0,0.298,0.007,0.085,8.286,6.213,89.115,2.564,108.292
FireSmokeVideo62_f662_jpg.rf.88a4a50cfadd4e5dc9e57d4adb400bff.jpg,1,1,1.0,0.282,0.006,0.079,9.223,5.895,89.609,2.426,109.316
FireSmokeVideo63_f23_jpg.rf.4f494d2e5f44675912b624d1069c9a54.jpg,1,1,1.0,0.287,0.006,0.078,3.799,1.181,76.504,1.929,85.434
FireSmokeVideo63_f38_jpg.rf.f68d85ebc63e6442d6b04a5667bcda31.jpg,1,1,1.0,0.287,0.007,0.277,9.899,5.965,76.332,1.921,96.295
FireSmokeVideo64_f114_jpg.rf.54d932ef347e8b8691949e2a79e429ce.jpg,1,1,1.0,0.286,0.006,0.08,9.236,5.897,78.264,4.606,100.085
FireSmokeVideo64_f120_jpg.rf.a7b714ab6e9f50210df8c58bb9afb751.jpg,1,1,1.0,0.291,0.006,0.077,7.982,6.959,90.995,2.439,110.481
FireSmokeVideo64_f173_jpg.rf.71b898f52b2aefc667b948e2236a7f02.jpg,1,1,1.0,0.285,0.006,0.078,7.744,1.532,75.144,1.859,88.301
FireSmokeVideo64_f223_jpg.rf.77f42fccb494ca5f4db3c583e5c47134.jpg,1,1,1.0,0.292,0.006,0.075,14.828,6.857,75.021,1.858,100.645
FireSmokeVideo64_f238_jpg.rf.4ba6a02679b6c38aa0b9733c934b213f.jpg,1,1,1.0,0.283,0.006,0.076,6.037,1.142,84.409,4.82,98.425
FireSmokeVideo65_f121_jpg.rf.a0e78e66dceeba935915807437d21fdc.jpg,1,1,0.6641,0.284,0.007,0.074,5.059,1.256,76.169,1.854,86.373
FireSmokeVideo66_f26_jpg.rf.d7da88f264be5d8b8e73f3ed9113721e.jpg,1,1,1.0,0.289,0.006,0.076,3.58,1.793,91.387,2.09,100.89
FireSmokeVideo67_f10_jpg.rf.a81a42c6654d5e1192410cbbc05fad7f.jpg,1,1,1.0,0.283,0.006,0.078,10.74,5.97,76.198,2.229,97.177
FireSmokeVideo67_f148_jpg.rf.2438b73e29658ddd4248123bdb08f36b.jpg,1,1,0.9997,0.293,0.006,0.075,9.682,6.512,89.242,2.494,110.509
FireSmokeVideo67_f1_jpg.rf.78416316ee3a950735d972d47eefaa43.jpg,1,1,1.0,0.211,0.004,0.047,3.903,1.152,77.727,1.82,86.46
FireSmokeVideo67_f48_jpg.rf.9aee0982bed4437a2648ed3a9d204ecc.jpg,1,1,0.9999,0.272,0.006,0.073,5.317,3.137,77.036,2.809,90.372
FireSmokeVideo68_f19_jpg.rf.6ee88a7831fe0d53f35619bd6774456a.jpg,1,1,1.0,0.22,0.005,0.048,5.844,1.319,77.012,2.057,88.194
FireSmokeVideo68_f3_jpg.rf.b771ef108a523e751daef571cf4220f9.jpg,1,1,1.0,0.284,0.006,0.077,3.151,1.245,81.823,3.758,92.056
FireSmokeVideo68_f64_jpg.rf.c50786fc06314b42b3ea68eb53576c7b.jpg,1,1,1.0,0.293,0.006,0.077,3.221,1.233,86.072,6.052,98.579
FireSmokeVideo6_f17_jpg.rf.ac755244654f2a0ff572b221105b38b8.jpg,1,1,1.0,0.654,0.008,0.122,9.997,8.24,114.851,2.643,138.15
FireSmokeVideo70_f44_jpg.rf.48685464363fcdd64fe77081ea1c6b42.jpg,1,1,1.0,0.302,0.007,0.08,11.543,7.585,108.896,2.183,133.001
FireSmokeVideo72_f23_jpg.rf.162617f374b601d5ec82308883a4a7c8.jpg,1,1,1.0,0.216,0.005,0.05,8.624,11.39,111.417,2.957,136.135
FireSmokeVideo72_f67_jpg.rf.23eec3be38dda09030c671fe1e48917e.jpg,1,1,1.0,0.267,0.006,0.069,8.297,4.893,107.781,3.327,126.281
FireSmokeVideo72_f72_jpg.rf.a9fb45bdb7d3a05d240a65da9576e43b.jpg,1,1,1.0,0.213,0.005,0.049,11.714,9.831,104.518,4.545,132.56
FireSmokeVideo73_f145_jpg.rf.f6214a1055786c7e1e43bbea62abdcfe.jpg,1,1,1.0,0.315,0.007,0.075,8.761,5.935,76.417,1.832,94.998
FireSmokeVideo73_f210_jpg.rf.3cddb0ab509562d99b4d2e144cd51847.jpg,1,1,1.0,0.289,0.007,0.075,8.832,6.985,101.507,2.458,121.878
FireSmokeVideo73_f39_jpg.rf.aa132cc4cde4b315fc3e191bd0e6e3cf.jpg,1,1,1.0,0.211,0.005,0.049,16.338,9.918,122.092,2.721,152.651
FireSmokeVideo73_f52_jpg.rf.ed8f32ecfca0fb879e1cc41591fff558.jpg,1,1,0.9999,0.28,0.006,0.077,8.457,5.719,87.364,2.441,105.98
FireSmokeVideo74_f15_jpg.rf.bd8a2ff93a80c491c08b49635ff2cf73.jpg,1,1,1.0,0.287,0.109,0.082,7.163,6.986,90.43,2.248,108.953
FireSmokeVideo74_f6_jpg.rf.8aaf840a428079915026ae8476ffe1f8.jpg,1,1,1.0,0.286,0.006,0.076,6.998,5.918,81.889,1.849,98.66
FireSmokeVideo74_f9_jpg.rf.70ae6c69a0a3d61dc414d50ba12589ba.jpg,1,1,1.0,0.291,0.006,0.078,8.484,6.494,75.652,2.217,94.87
FireSmokeVideo75_f120_jpg.rf.d772f03496c82d854267c6caad0767ab.jpg,1,1,1.0,0.286,0.007,0.075,7.419,6.118,75.438,1.824,92.861
FireSmokeVideo75_f34_jpg.rf.e13e4e73cba630becdec654bff37be37.jpg,1,1,1.0,0.285,0.006,0.076,9.205,6.931,74.784,1.819,94.809
FireSmokeVideo75_f8_jpg.rf.9d227198711b9c5645bb1bef5eeaa81f.jpg,1,1,1.0,0.287,0.007,0.075,7.508,6.586,78.541,2.738,97.441
FireSmokeVideo76_f103_jpg.rf.6f9884b34732cb8807349c3ea746a54d.jpg,1,1,1.0,0.288,0.006,0.076,7.373,6.023,76.012,2.302,93.62
FireSmokeVideo76_f119_jpg.rf.ba7c92c0f6330d946f51f56ca655fd8f.jpg,1,1,1.0,0.277,0.006,0.073,4.104,6.906,102.203,2.565,117.839
FireSmokeVideo76_f128_jpg.rf.4dfc919979eeb44875d4cd630d547744.jpg,1,1,1.0,0.299,0.007,0.077,10.723,7.367,119.921,4.348,144.071
FireSmokeVideo76_f138_jpg.rf.88e323d365effb85cbe0828656ac3a7e.jpg,1,1,1.0,0.247,0.007,0.066,10.693,7.043,87.716,2.559,109.921
FireSmokeVideo76_f16_jpg.rf.e376da1777b2ab9bdca30c2a28aa4041.jpg,1,1,1.0,0.289,0.006,0.076,4.12,4.264,76.27,1.902,88.623
FireSmokeVideo76_f36_jpg.rf.8050e68b80111effe2429aed1e3a5340.jpg,1,1,1.0,0.288,0.006,0.073,7.898,5.882,93.302,2.462,111.622
FireSmokeVideo76_f51_jpg.rf.77c75c39d8bd0070061cce8eeeea9a94.jpg,1,1,1.0,0.284,0.006,0.078,7.623,5.922,75.17,2.095,92.865
FireSmokeVideo76_f67_jpg.rf.21d3bff5007b7ad01585771054b7845e.jpg,1,1,1.0,0.288,0.006,0.076,8.176,5.951,76.194,1.873,94.239
FireSmokeVideo76_f9_jpg.rf.916d4217abff8c76c954c1b8334bc773.jpg,1,1,1.0,0.37,0.008,0.078,3.249,1.28,91.78,2.523,100.939
FireSmokeVideo77_f14_jpg.rf.b09b2455e42fc224189679de37b727af.jpg,1,0,0.9994,0.289,0.007,0.084,12.016,6.239,78.48,1.81,101.055
FireSmokeVideo77_f168_jpg.rf.b38324ff18d45a0e1b9dfcc594a08ee8.jpg,1,1,1.0,0.273,0.006,0.072,9.856,8.206,75.618,2.535,98.094
FireSmokeVideo77_f191_jpg.rf.ac4579ab4e8d82b49daa85ca2f761b08.jpg,1,1,1.0,0.292,0.006,0.08,12.618,7.346,116.565,2.41,141.082
FireSmokeVideo77_f203_jpg.rf.a648a1684b3c86db72b06cf14d7d36b5.jpg,1,1,1.0,0.268,0.005,0.052,9.267,4.113,112.574,2.206,130.551
FireSmokeVideo77_f216_jpg.rf.fd236a19dde468f3045cbdefae18baa6.jpg,1,1,1.0,0.225,0.005,0.051,10.816,4.245,92.517,1.921,111.334
FireSmokeVideo77_f42_jpg.rf.d9e4c29ac503844a44fbc92d681fb62a.jpg,1,1,0.9992,0.272,0.007,0.076,9.263,2.214,88.996,2.224,104.728
FireSmokeVideo77_f45_jpg.rf.037bbb58a1b0bf2b5142e611bfdb74d7.jpg,1,1,1.0,0.292,0.006,0.078,3.446,3.73,75.997,1.834,87.295
FireSmokeVideo77_f48_jpg.rf.dbbeb5155534395a616ae365bff79eaa.jpg,1,1,0.9998,0.283,0.016,0.075,7.219,1.29,88.592,2.079,101.232
FireSmokeVideo77_f54_jpg.rf.3fb5d710284901e08f9288fb4001d392.jpg,1,1,0.9999,0.287,0.006,0.08,4.715,4.439,76.134,1.837,89.11
FireSmokeVideo77_f57_jpg.rf.9ef7ce29995cd76531883bfd2df2fe2a.jpg,1,1,1.0,0.287,0.006,0.078,11.861,5.96,89.084,2.178,111.189
FireSmokeVideo77_f71_jpg.rf.bbb380d9b417eaa9e7ad51ee968dc1b0.jpg,1,1,1.0,0.287,0.007,0.077,6.855,6.409,82.06,2.01,99.397
FireSmokeVideo78_f200_jpg.rf.5bd7c95a941adfc9af4f3407402f91e0.jpg,1,1,1.0,0.288,0.007,0.08,12.37,6.255,77.361,1.91,100.057
FireSmokeVideo78_f210_jpg.rf.8d3df03e1cff9b773e11e56b93fbf04a.jpg,1,1,1.0,0.283,0.006,0.078,7.526,6.017,81.304,6.437,103.318
FireSmokeVideo78_f242_jpg.rf.2647cb4e70119a49c286f021e8b1bddc.jpg,1,1,0.9998,0.329,0.006,0.077,3.224,1.271,77.862,2.144,86.542
FireSmokeVideo78_f247_jpg.rf.c70b32cb6f0f536436ac3ddd979d5f92.jpg,1,1,0.9782,0.287,0.006,0.075,4.77,6.023,91.784,6.403,110.954
FireSmokeVideo78_f258_jpg.rf.9531e9dfb4436ed1a7c30c9ee29e1f5d.jpg,1,1,0.9981,0.289,0.007,0.082,13.638,8.128,121.894,4.991,150.542
FireSmokeVideo78_f270_jpg.rf.c235ecaa5c130a4cd1fa5b863dadfd2e.jpg,1,1,0.657,0.526,0.007,0.084,12.903,5.99,111.872,2.152,134.864
FireSmokeVideo78_f289_jpg.rf.bc34940ae7533c87c7ded5f6996ac1a5.jpg,1,1,1.0,0.281,0.006,0.073,10.736,6.782,89.475,2.163,111.27
FireSmokeVideo79_f15_jpg.rf.6160766f828defa68cd85639743fbad5.jpg,1,1,1.0,0.289,0.006,0.077,7.511,1.675,76.237,1.943,89.394
FireSmokeVideo79_f30_jpg.rf.9d4db1500baa1d80ca4e734a18e3e594.jpg,1,1,1.0,0.284,0.006,0.076,10.047,6.159,100.601,3.536,122.42
FireSmokeVideo79_f42_jpg.rf.41e912630c067016a7991acacb9ff9ef.jpg,1,1,1.0,0.292,0.006,0.075,13.71,6.096,112.52,3.073,137.409
FireSmokeVideo79_f65_jpg.rf.8bf1a138c70b1abe478216d55a896bfd.jpg,1,1,1.0,0.237,0.006,0.061,9.558,12.402,108.795,2.537,135.082
FireSmokeVideo79_f9_jpg.rf.29bf6b941efc8756872b40f5e521531e.jpg,1,1,1.0,0.292,0.006,0.118,8.8,6.31,102.711,2.764,122.695
FireSmokeVideo7_f12_jpg.rf.caf7a3e06024528aa59b0c314c7902ed.jpg,1,1,1.0,0.289,0.006,0.078,4.89,1.331,105.473,2.583,116.248
FireSmokeVideo7_f15_jpg.rf.71a9558cc131bdf004904f98a2312a1f.jpg,1,1,1.0,0.215,0.004,0.051,3.959,7.783,104.769,2.31,120.782
FireSmokeVideo80_f35_jpg.rf.be45dff70cb009fc5bddfe1e6997ae85.jpg,1,1,1.0,0.286,0.006,0.079,8.153,1.127,77.141,2.746,91.259
FireSmokeVideo82_f16_jpg.rf.20331af5ba4b15807021343acff98fb5.jpg,1,1,1.0,0.287,0.006,0.076,2.921,1.517,93.057,2.493,102.033
FireSmokeVideo82_f36_jpg.rf.8a318b4a6914edccf85cec37aacc8bb3.jpg,1,1,1.0,0.288,0.007,0.077,2.803,1.169,77.721,2.318,86.101
FireSmokeVideo82_f42_jpg.rf.8929477f8c7b1d4df92689ed469029e0.jpg,1,1,1.0,0.29,0.007,0.076,11.254,8.196,108.379,2.468,132.232
FireSmokeVideo83_f22_jpg.rf.2d8aec1ac9bb0910f2ba4a253528b5d3.jpg,1,1,1.0,0.288,0.006,0.075,4.337,2.772,96.293,2.525,107.968
FireSmokeVideo83_f45_jpg.rf.13788e6eadefc2413093364176a547b3.jpg,1,1,1.0,0.234,0.005,0.052,7.091,6.182,110.213,2.637,127.871
FireSmokeVideo83_f70_jpg.rf.c92661858dc87371c945621f731f665d.jpg,1,1,1.0,0.245,0.005,0.058,6.897,8.259,76.212,1.968,94.949
FireSmokeVideo83_f77_jpg.rf.3f0c956f7561850e7969ac7372b905f8.jpg,1,1,1.0,0.283,0.007,0.075,9.367,4.796,78.39,2.021,96.3
FireSmokeVideo84_f143_jpg.rf.434716bc38c5b2403e71c9fcf1ac6f84.jpg,1,1,1.0,0.211,0.005,0.046,4.885,3.249,77.163,2.33,89.147
FireSmokeVideo84_f2_jpg.rf.06999d9fedf1fec79816ee6e58148669.jpg,1,1,1.0,0.268,0.005,0.057,4.527,1.322,76.917,2.067,86.397
FireSmokeVideo84_f54_jpg.rf.604203964c128b011b88a7560f5ebd83.jpg,1,1,1.0,0.288,0.006,0.079,3.596,4.569,93.103,2.241,105.464
FireSmokeVideo85_f25_jpg.rf.ea2c0757e677d6e0c7cabf0ab0e2802a.jpg,1,1,1.0,0.286,0.006,0.079,12.889,9.506,92.006,3.778,120.003
FireSmokeVideo85_f60_jpg.rf.a1e7e0e35ae0e5d87c2589022395a6e0.jpg,1,1,1.0,0.295,0.017,0.076,11.479,6.835,114.398,2.138,136.798
FireSmokeVideo86_f154_jpg.rf.677c433818de099f582b66bb9c5bfa44.jpg,1,1,1.0,0.278,0.006,0.072,8.754,9.486,108.062,3.113,131.367
FireSmokeVideo86_f172_jpg.rf.d4ba7aae880767fd59b7805d4a0b26af.jpg,1,1,1.0,0.294,0.006,0.076,10.086,5.942,85.598,2.064,105.834
FireSmokeVideo86_f202_jpg.rf.5e91be615b91b6db2bd91ae7bd0750ee.jpg,1,1,1.0,0.289,0.006,0.074,6.25,1.234,75.575,2.362,87.533
FireSmokeVideo87_f0_jpg.rf.0ed4910b5f08f35a8ccf0153048e472f.jpg,1,1,1.0,0.279,0.006,0.076,5.157,1.222,76.703,1.788,86.943
FireSmokeVideo88_f11_jpg.rf.5ee309b1613d6159ccaf9dc6ec7b56e3.jpg,1,1,1.0,0.273,0.006,0.069,3.89,1.154,81.837,3.769,92.57
FireSmokeVideo88_f24_jpg.rf.3e4d03f0c09e5b2c1799d3d0a4162dd2.jpg,1,1,1.0,0.286,0.006,0.076,2.773,1.711,77.621,1.967,86.082
FireSmokeVideo88_f36_jpg.rf.001fb982a783a0a1b4c977e0c4a3addf.jpg,1,1,1.0,0.284,0.006,0.079,2.895,1.331,80.581,3.518,90.361
FireSmokeVideo88_f65_jpg.rf.d29e17b2a337328a17c97f34a3e7e0b7.jpg,1,1,1.0,0.594,0.008,0.116,3.026,1.188,90.466,2.081,99.177
FireSmokeVideo89_f118_jpg.rf.7d81f0d85099a9b91adff51e928332d3.jpg,1,1,1.0,0.289,0.007,0.079,6.224,3.377,75.117,1.798,88.817
FireSmokeVideo89_f174_jpg.rf.fa952dbcf1003ab5b52afc4386ae164e.jpg,1,1,0.9999,0.269,0.006,0.076,11.705,1.413,92.231,1.947,109.547
FireSmokeVideo89_f210_jpg.rf.89d171b1b07c17f1eeb69280f3279e22.jpg,1,1,1.0,0.257,0.006,0.064,3.291,1.153,77.03,1.726,85.12
FireSmokeVideo89_f42_jpg.rf.3d801572a22c6b047602ec74875441ac.jpg,1,1,1.0,0.274,0.006,0.072,11.822,4.276,77.296,2.04,97.403
FireSmokeVideo89_f89_jpg.rf.632e136cc06439fc0f0f09fabccf8874.jpg,1,1,1.0,0.257,0.005,0.067,2.622,1.117,83.484,4.709,93.803
FireSmokeVideo89_f93_jpg.rf.87cf9380acd65dac1ea08dc05b394e14.jpg,1,1,1.0,0.279,0.006,0.075,2.825,1.34,76.525,1.878,84.608
FireSmokeVideo8_f25_jpg.rf.f6e3cd59971e37cc5642cb7fd3699bfd.jpg,1,1,1.0,0.271,0.005,0.07,3.959,1.187,83.225,5.958,96.34
FireSmokeVideo8_f48_jpg.rf.75c2d641248acd77f5608b1e6fb3bbc7.jpg,1,1,1.0,0.28,0.006,0.075,4.8,1.296,76.413,2.012,86.518
FireSmokeVideo90_f115_jpg.rf.7d4f37685f78f95493fb92dbd8074a06.jpg,1,1,1.0,0.285,0.006,0.074,2.69,1.372,84.452,2.792,93.321
FireSmokeVideo90_f154_jpg.rf.2b608520005ecbc6012d6318ca52b684.jpg,1,1,1.0,0.284,0.006,0.073,2.902,1.182,76.516,1.832,84.442
FireSmokeVideo90_f28_jpg.rf.91f2b8a9dfb9cf87f38dea565111bd9e.jpg,1,1,0.9999,0.283,0.006,0.076,5.486,1.636,91.31,2.567,103.027
FireSmokeVideo90_f42_jpg.rf.040c11bbb7cd6d789d27383e0995dab8.jpg,1,1,1.0,0.21,0.005,0.045,3.507,1.18,77.238,1.898,85.81
FireSmokeVideo92_f113_jpg.rf.9053fc8af11b191df4877c7e0d4804b2.jpg,1,1,1.0,0.282,0.006,0.081,8.088,6.078,90.511,2.206,108.947
FireSmokeVideo92_f132_jpg.rf.9f1d0b42bcff364fca37fd2f688be8cc.jpg,1,1,1.0,0.285,0.007,0.076,7.462,6.238,74.933,1.822,92.466
FireSmokeVideo92_f14_jpg.rf.84ff9651ce937cb8e2443d1001ac24c4.jpg,1,1,1.0,0.286,0.007,0.077,7.914,6.222,87.508,2.504,106.138
FireSmokeVideo92_f20_jpg.rf.68b428258a7dfd131452e29644b04215.jpg,1,1,1.0,0.362,0.007,0.076,7.833,6.653,75.199,2.443,94.271
FireSmokeVideo92_f38_jpg.rf.4eaf6c00f146c65651617c8517a3426a.jpg,1,1,1.0,0.285,0.006,0.078,7.443,7.832,101.52,2.231,121.674
FireSmokeVideo92_f42_jpg.rf.29c465cb2022f71cd0016eccebcba2a9.jpg,1,1,1.0,0.285,0.007,0.079,13.855,6.906,76.263,1.893,101.045
FireSmokeVideo92_f47_jpg.rf.5ff54d76389357766d3c6f6a5f22bb32.jpg,1,1,1.0,0.417,0.006,0.089,15.38,1.742,97.803,1.878,118.91
FireSmokeVideo92_f5_jpg.rf.5f869e3ae43fb63a25692d2efc5b831f.jpg,1,1,1.0,0.298,0.006,0.079,3.754,1.23,75.542,1.804,84.275
FireSmokeVideo92_f89_jpg.rf.59c778dc0282e18c30a5c6c8158545d1.jpg,1,1,1.0,0.293,0.006,0.077,10.308,4.734,88.354,2.269,107.698
FireSmokeVideo93_f105_jpg.rf.9ff9b895b88adbdad92632e14d98584e.jpg,1,1,1.0,0.28,0.006,0.073,4.861,4.638,76.802,2.367,90.593
FireSmokeVideo93_f129_jpg.rf.fc2fe039f27f5ce207e026347d61138b.jpg,1,1,1.0,0.276,0.006,0.074,14.493,7.075,90.859,2.088,116.461
FireSmokeVideo93_f136_jpg.rf.677eca13c34bca74ebf4871f8e457b34.jpg,1,1,1.0,0.23,0.013,0.05,8.429,3.664,75.357,2.034,91.157
FireSmokeVideo93_f142_jpg.rf.d2dad5d1a4548932e243819003046958.jpg,1,1,1.0,0.286,0.006,0.073,8.712,7.452,78.558,2.449,99.219
FireSmokeVideo93_f56_jpg.rf.3f2c07b108820e35001cd44e076b8c11.jpg,1,1,1.0,0.284,0.006,0.077,3.33,4.864,75.433,1.814,87.512
FireSmokeVideo93_f59_jpg.rf.b04a65c15f64f5ada9296b59751f2b76.jpg,1,1,1.0,0.291,0.006,0.073,7.787,8.178,91.566,2.51,112.169
FireSmokeVideo93_f64_jpg.rf.f956fc425af3fddf8d0423786f73c7ef.jpg,1,1,1.0,0.289,0.007,0.075,6.54,6.811,76.0,2.281,93.67
FireSmokeVideo93_f67_jpg.rf.2a91f31d2e97b8946e0e242c25676404.jpg,1,1,1.0,0.216,0.005,0.05,6.137,6.004,77.659,1.815,93.404
FireSmokeVideo93_f70_jpg.rf.b0e934816deda6328872d6081115ad63.jpg,1,1,1.0,0.307,0.006,0.068,4.956,1.191,79.067,2.973,90.216
FireSmokeVideo93_f75_jpg.rf.d601578189206659107239866140e0e1.jpg,1,1,1.0,0.281,0.006,0.078,4.276,1.504,77.171,1.836,86.78
FireSmokeVideo93_f80_jpg.rf.e057969cabb669ba2cef32f5efff51ef.jpg,1,1,1.0,0.269,0.006,0.072,4.521,1.189,83.913,5.573,97.241
FireSmokeVideo93_f84_jpg.rf.65522088ce71065cb95ad10e7993a75a.jpg,1,1,1.0,0.285,0.006,0.076,4.14,1.231,77.608,1.828,86.861
FireSmokeVideo93_f93_jpg.rf.f8f21c766b6721b38c6931320435d9cc.jpg,1,1,1.0,0.273,0.006,0.074,4.915,1.186,88.974,2.379,99.379
FireSmokeVideo93_f96_jpg.rf.4a302784dd2cee4cdadcd912824289b7.jpg,1,1,1.0,0.292,0.007,0.075,4.196,1.266,76.401,1.901,85.781
FireSmokeVideo94_f24_jpg.rf.85453a6110eeb8c20e15f4dbdac3ef77.jpg,1,1,1.0,0.278,0.006,0.074,3.41,1.199,92.717,2.207,101.583
FireSmokeVideo94_f45_jpg.rf.da4e0fdd9c096c1da0c675c2697b432e.jpg,1,1,0.9996,0.278,0.006,0.081,6.084,6.382,75.21,1.905,91.592
FireSmokeVideo94_f63_jpg.rf.d5d8a9dd03867c89d82eef239d9d6033.jpg,1,1,1.0,0.28,0.006,0.076,9.403,6.004,91.27,2.553,111.228
FireSmokeVideo94_f69_jpg.rf.61151bfbc67630aac80cf706bd7b6466.jpg,1,1,1.0,0.279,0.007,0.074,5.595,3.86,75.987,2.158,89.739
FireSmokeVideo95_f21_jpg.rf.ba034438a8a3fe78225db835b15ca343.jpg,1,1,1.0,0.285,0.006,0.143,5.953,5.378,75.29,1.851,90.612
FireSmokeVideo95_f40_jpg.rf.e74de0a48b8b0047d28a066463c2aadb.jpg,1,1,1.0,0.284,0.006,0.079,2.889,1.196,78.221,2.378,86.643
FireSmokeVideo95_f49_jpg.rf.4959eb04291efdb9f17f7f1f322ffecf.jpg,1,1,1.0,0.207,0.004,0.047,3.412,1.208,77.609,1.946,86.043
FireSmokeVideo95_f56_jpg.rf.b181182b4751605a8cc2a84242852aee.jpg,1,1,1.0,0.282,0.007,0.071,2.885,1.186,76.923,2.045,85.203
FireSmokeVideo95_f67_jpg.rf.231803bf27bfbcc40dd821d30e4e290d.jpg,1,1,1.0,0.594,0.007,0.079,4.56,1.867,76.776,1.854,87.413
FireSmokeVideo96_f125_jpg.rf.8e44ca383f9c3cf352acdbf2f81cf398.jpg,1,1,1.0,0.286,0.006,0.077,3.472,1.263,77.043,2.577,86.371
FireSmokeVideo96_f240_jpg.rf.4ce829dcef6b2a3c4a4023982f408288.jpg,1,1,1.0,0.294,0.006,0.074,3.686,1.265,82.366,1.847,91.102
FireSmokeVideo96_f246_jpg.rf.9900a8efdf68d71b744129c1ed2f1738.jpg,1,1,1.0,0.276,0.006,0.071,3.591,1.348,77.376,2.361,86.593
FireSmokeVideo97_f23_jpg.rf.ad60cf6c3c2ec58ce7f6e86045024ecb.jpg,1,1,1.0,0.271,0.006,0.071,2.855,1.149,78.018,1.775,85.82
FireSmokeVideo97_f27_jpg.rf.f1107d5950fe8b5372fbfb48e90c33dd.jpg,1,1,1.0,0.273,0.006,0.075,5.5,1.244,77.418,1.997,88.101
FireSmokeVideo97_f31_jpg.rf.5d35e7177be13ff0b7b1da21beaff9c9.jpg,1,1,1.0,0.362,0.005,0.05,3.923,1.178,77.102,1.808,86.155
FireSmokeVideo98_f22_jpg.rf.bae52e8f1eda6babf7ecd0c7ab7b6fac.jpg,1,1,1.0,0.277,0.006,0.072,2.81,1.26,76.669,1.799,84.416
FireSmokeVideo98_f49_jpg.rf.bb5006d66141eccc3ffc026d529ca544.jpg,1,1,1.0,0.413,0.019,0.059,5.064,1.097,77.376,1.858,87.474
FireSmokeVideo98_f68_jpg.rf.d7ab2a6185f290fa76829c294781e51b.jpg,1,1,1.0,0.286,0.007,0.075,2.66,1.19,77.45,1.987,85.245
FireSmokeVideo99_f104_jpg.rf.c7f115e9d482d81ecb5545bc9172f5cb.jpg,1,1,1.0,0.283,0.007,0.075,3.537,1.121,77.299,1.82,85.741
FireSmokeVideo99_f254_jpg.rf.69d0ce28e8628ab953d60c4ade8184e5.jpg,1,1,1.0,0.279,0.006,0.076,2.729,1.112,78.121,2.492,86.469
FireSmokeVideo9_f122_jpg.rf.37de3bf882d573c10c09ebed54a69542.jpg,1,1,1.0,0.286,0.006,0.078,18.358,10.901,78.491,1.881,111.594
FireSmokeVideo9_f152_jpg.rf.a293334cf5959559bdd02cf29d63513b.jpg,1,1,0.9653,0.226,0.005,0.053,10.925,11.748,104.714,2.211,131.253
FireSmokeVideo9_f181_jpg.rf.380b9ec6a0aa80982f70065cc4602340.jpg,1,1,1.0,0.255,0.005,0.062,13.335,8.903,105.36,2.946,134.299
FireSmokeVideo9_f184_jpg.rf.0a97b67024b2b3e49ff49ddd89743449.jpg,1,1,1.0,0.232,0.005,0.05,8.877,3.138,77.751,2.467,93.934
FireSmokeVideo9_f69_jpg.rf.31d24a776151e9e842896f24af6b4ddc.jpg,1,1,0.9999,0.285,0.006,0.076,12.577,5.924,95.435,2.663,118.676
FireSmokeVideo9_f86_jpg.rf.08b3a7b2c6d49ea21e9606dfae43334a.jpg,1,1,1.0,0.228,0.005,0.056,11.324,7.72,114.944,4.695,140.429
FireSmokeVideo9_f94_jpg.rf.009743736a4252f5cf2dd64d6e4a4af2.jpg,1,1,1.0,0.227,0.005,0.046,18.109,7.473,108.119,3.985,139.732
FireVideo0_f127_jpg.rf.1f9ba4ec452947b670b9d7e3e25cebda.jpg,1,1,1.0,0.278,0.006,0.07,8.221,6.029,106.737,2.771,125.736
FireVideo0_f170_jpg.rf.c92c8fe4fe141769e8e13047521d5447.jpg,1,1,1.0,0.302,0.006,0.079,7.996,8.686,105.137,2.878,126.605
FireVideo0_f41_jpg.rf.853b09fcece0c0f1a94208b3b70505d6.jpg,1,1,1.0,0.212,0.005,0.048,12.051,1.654,89.938,2.44,107.816
FireVideo0_f7_jpg.rf.05739800a969b6fb4f3521ecdc79b7e1.jpg,1,1,1.0,0.289,0.007,0.077,4.666,1.342,77.555,2.195,87.78
FireVideo100_f35_jpg.rf.8fbe840fd0b234d90a7305b24cd113da.jpg,1,1,1.0,0.288,0.007,0.077,6.636,7.686,89.015,2.421,107.936
FireVideo100_f94_jpg.rf.2672d18e6148094d4abc64e17ae03ca9.jpg,1,1,1.0,0.301,0.007,0.081,4.723,1.149,77.819,2.159,87.917
FireVideo101_f0_jpg.rf.84ec6d6a08475fb2ee1057fe0e92b465.jpg,1,1,1.0,0.289,0.006,0.078,6.118,3.459,105.458,2.363,119.848
FireVideo101_f11_jpg.rf.36e47e2458e0899852242e02a990fa44.jpg,1,1,1.0,0.342,0.006,0.081,13.263,3.084,90.782,3.853,112.953
FireVideo101_f16_jpg.rf.11660a9fe78817d2a5c7baf62ffe8a9d.jpg,1,1,1.0,0.285,0.006,0.076,9.447,4.868,93.807,2.519,112.827
FireVideo101_f6_jpg.rf.6bc711dd9ca0c5cf7292754f7cfe7752.jpg,1,1,1.0,0.26,0.006,0.077,3.85,1.271,83.467,2.553,93.107
FireVideo102_f37_jpg.rf.7901b143c5f7d57c32177c7c0eafb630.jpg,1,1,1.0,0.371,0.007,0.08,8.044,10.802,110.357,2.061,133.368
FireVideo102_f51_jpg.rf.855ddb13ff3506ef84d9dd59dea10837.jpg,1,1,1.0,0.269,0.006,0.073,5.26,1.685,76.977,2.206,88.109
FireVideo103_f26_jpg.rf.34a3128150a70b1d7ce7784e477bc136.jpg,1,1,1.0,0.281,0.007,0.076,3.55,4.511,96.968,2.597,109.662
FireVideo103_f59_jpg.rf.0a2b57687c22939d0c1cec0aa1085637.jpg,1,1,1.0,0.36,0.007,0.076,4.451,1.242,87.78,2.501,97.888
FireVideo104_f100_jpg.rf.3d2bcd5dcf9f226798f241682f5e8017.jpg,1,1,1.0,0.231,0.007,0.079,14.102,8.506,109.121,5.48,139.221
FireVideo104_f143_jpg.rf.40ab17a4fbaf08cb395b94354a328abf.jpg,1,1,1.0,0.291,0.006,0.079,4.318,3.69,107.737,2.397,120.133
FireVideo104_f56_jpg.rf.6ad45b72f616f63e04fa190f741b0dc0.jpg,1,1,1.0,0.293,0.006,0.073,3.056,1.117,77.515,2.165,85.79
FireVideo104_f74_jpg.rf.92acb79e9c23c18f8f0896f9b7723bec.jpg,1,1,1.0,0.281,0.006,0.075,2.726,1.133,89.614,2.18,97.581
FireVideo104_f78_jpg.rf.738bb3a6f67b8e024babf635211d7c40.jpg,1,1,1.0,0.291,0.007,0.082,5.179,1.186,77.088,2.153,87.55
FireVideo104_f99_jpg.rf.f1a0127471cfd764882a4ab6831b7f28.jpg,1,1,1.0,0.28,0.006,0.074,3.123,1.153,93.348,2.205,101.828
FireVideo105_f1_jpg.rf.9c2ac93b42d0fc010bcad82a8553a6be.jpg,1,1,1.0,0.282,0.006,0.075,2.691,1.183,77.001,2.173,84.956
FireVideo105_f41_jpg.rf.7b68d9bc604f806e5e096d1bf75ddeff.jpg,1,1,1.0,0.286,0.006,0.079,9.621,6.259,75.744,2.238,95.875
FireVideo105_f55_jpg.rf.2e4da0ab83209887dea33ca48454c34c.jpg,1,1,1.0,0.293,0.006,0.076,8.73,6.534,101.816,2.588,121.701
FireVideo105_f90_jpg.rf.38ec18b93630149c164294fc905ddf9f.jpg,1,1,1.0,0.286,0.006,0.076,5.038,2.757,75.867,2.177,87.867
FireVideo106_f105_jpg.rf.a1704ef7f01ef6c49f9a4522af60b9d1.jpg,1,1,1.0,0.365,0.007,0.077,4.593,6.765,96.724,2.852,112.732
FireVideo106_f14_jpg.rf.d70c784778b7d6aeaf5c31316342b4ea.jpg,1,1,1.0,0.26,0.005,0.066,9.832,7.231,86.584,1.984,107.872
FireVideo106_f19_jpg.rf.d6653a079f292dc08c5e49ce3d176ed3.jpg,1,1,1.0,0.286,0.007,0.077,3.32,1.192,93.091,2.276,101.934
FireVideo106_f6_jpg.rf.2c56a19fad946ba83043fe731bb92201.jpg,1,1,0.6896,0.325,0.007,0.079,6.02,6.857,89.488,2.201,106.673
FireVideo107_f11_jpg.rf.ce54707fae1e13372bf23196bdd6cbfc.jpg,1,1,1.0,0.303,0.006,0.067,10.351,6.588,103.544,2.142,124.66
FireVideo107_f7_jpg.rf.024abd46a336eebfdd9337dc4fcea0f6.jpg,1,1,1.0,0.452,0.005,0.058,15.592,11.776,96.208,2.284,128.016
FireVideo108_f30_jpg.rf.7b07e993fdb9233e2c53b8528f826073.jpg,1,1,1.0,0.227,0.005,0.05,8.493,8.913,106.732,2.735,128.612
FireVideo108_f41_jpg.rf.21b73f26af4d6fe2829b6e465e93acd9.jpg,1,1,1.0,0.295,0.006,0.075,8.836,7.072,105.207,3.102,126.207
FireVideo109_f4_jpg.rf.efdafd292bd29487c3dea31ae22ea283.jpg,1,1,1.0,0.214,0.004,0.048,5.901,3.293,90.778,2.016,103.478
FireVideo10_f15_jpg.rf.a2dfe66f5667228665785e90bd22f79f.jpg,1,0,1.0,0.318,0.005,0.06,9.08,5.857,74.547,1.89,93.435
FireVideo10_f20_jpg.rf.21ceb6aba1c762649a9f1c0ab6760f70.jpg,1,0,1.0,0.288,0.006,0.083,12.165,6.273,76.539,1.855,98.789
FireVideo10_f34_jpg.rf.c452e7844e67332bba3276e8818871ef.jpg,1,1,0.665,0.286,0.006,0.079,12.143,5.957,87.081,1.855,109.07
FireVideo10_f45_jpg.rf.513e813a10b32a2d37800e92ea3758ca.jpg,1,1,0.6653,0.281,0.006,0.081,13.376,5.944,90.788,1.877,114.012
FireVideo111_f20_jpg.rf.25e665dbe4125e36365eaf0cea155956.jpg,1,1,1.0,0.284,0.007,0.074,7.066,6.168,86.194,2.006,103.422
FireVideo112_f14_jpg.rf.e22271403c1f1eb163d349599e05e930.jpg,1,1,1.0,0.291,0.006,0.077,7.72,5.928,74.834,1.792,92.298
FireVideo112_f75_jpg.rf.2c5dee5bab1950de299b9abb08fb9380.jpg,1,1,0.6639,0.284,0.005,0.077,8.2,7.002,111.869,3.028,132.086
FireVideo114_f2_jpg.rf.96c6b11b7717ca16f052843fdf72e201.jpg,1,1,1.0,0.28,0.006,0.074,4.652,1.134,77.723,1.907,87.465
FireVideo114_f65_jpg.rf.d3e9abd4f628780b8f07f0771216d024.jpg,1,1,1.0,0.289,0.007,0.074,2.633,1.253,90.935,1.874,98.672
FireVideo115_f19_jpg.rf.d16baded88ef563e348436c79a1b3832.jpg,1,1,1.0,0.295,0.007,0.078,4.922,3.854,74.601,2.236,87.6
FireVideo115_f7_jpg.rf.6d4e20fa6a0e572cb92e4e1fe51f17bf.jpg,1,1,1.0,0.284,0.006,0.076,5.718,3.92,95.203,4.286,111.122
FireVideo117_f12_jpg.rf.0f014ba2fbbdc766d3283d944ae68da7.jpg,1,1,1.0,0.281,0.006,0.077,3.305,1.197,77.483,2.222,86.218
FireVideo118_f0_jpg.rf.55ba85c7df5ed063f7d7fd4561fb873c.jpg,1,1,1.0,0.281,0.006,0.08,10.163,1.374,90.237,2.002,105.764
FireVideo118_f32_jpg.rf.09a2167486aca4ba0633fde1287804d5.jpg,1,1,1.0,0.291,0.006,0.078,2.669,1.177,77.726,2.233,85.783
FireVideo118_f5_jpg.rf.ae2834aa63a3b482d4f765b864821517.jpg,1,1,1.0,0.287,0.006,0.072,3.521,1.137,91.486,1.929,100.041
FireVideo118_f67_jpg.rf.f0b69480959f0c1e8484fc3cf9b818eb.jpg,1,1,1.0,0.342,0.006,0.076,4.415,1.142,104.885,2.084,114.546
FireVideo118_f91_jpg.rf.c89ba874168ab4f0bd5f15be90702ad6.jpg,1,1,1.0,0.296,0.007,0.076,10.795,9.268,109.773,2.36,134.257
FireVideo119_f28_jpg.rf.7adc94a732e86d7e8544899ff6ac1e4d.jpg,1,1,1.0,0.225,0.005,0.054,12.944,5.776,110.911,3.483,135.361
FireVideo119_f78_jpg.rf.bec09add061502184e23cd15bf6bb1f3.jpg,1,1,1.0,0.289,0.006,0.081,10.974,6.204,77.456,1.88,98.504
FireVideo11_f15_jpg.rf.4cea2b7c3d9c83ab3656e308eb9dc7de.jpg,1,1,1.0,0.289,0.007,0.077,7.624,3.662,75.799,2.057,91.211
FireVideo120_f25_jpg.rf.bb3f46069a6f394e278c0722d2f2b964.jpg,1,1,1.0,0.209,0.004,0.047,3.302,1.439,77.559,1.805,85.975
FireVideo120_f37_jpg.rf.901ec4bc24878773c8c961e5b121f3e2.jpg,1,1,1.0,0.208,0.005,0.051,5.467,1.226,77.073,1.978,87.724
FireVideo120_f71_jpg.rf.270a026e9ec1a67aa3a785aa0ff7473e.jpg,1,1,1.0,0.282,0.006,0.077,3.49,1.116,76.44,1.819,84.85
FireVideo120_f78_jpg.rf.9ad9f3e002dbfb42952c281da8a095d3.jpg,1,1,1.0,0.282,0.007,0.075,3.606,5.351,75.135,1.969,88.131
FireVideo120_f92_jpg.rf.81c17d5d31d356808fea0679f2dd54a7.jpg,1,1,1.0,0.219,0.005,0.05,3.166,1.237,76.376,1.749,84.483
FireVideo121_f109_jpg.rf.5dd8987fcddbefbdaf99536d0902427f.jpg,1,1,1.0,0.271,0.006,0.071,3.517,1.367,77.553,2.34,86.779
FireVideo121_f28_jpg.rf.0240951cb63942f387450606717754d2.jpg,1,1,0.9999,0.26,0.004,0.046,8.343,1.415,81.339,1.967,95.044
FireVideo121_f41_jpg.rf.d405d809b245175fe92308024f3e3988.jpg,1,1,1.0,0.288,0.006,0.075,2.748,1.175,81.737,4.258,91.997
FireVideo121_f59_jpg.rf.473ebc3e18ebce94ada9c2b40b2ccd6c.jpg,1,1,1.0,0.283,0.006,0.077,3.239,1.179,76.314,1.921,84.727
FireVideo121_f92_jpg.rf.0a004b24860807d3da1eba63ae3bbe2e.jpg,1,1,1.0,0.294,0.006,0.076,2.792,1.175,99.558,3.009,108.553
FireVideo122_f32_jpg.rf.14445b72b2125eac8cd7f306fb28f4f4.jpg,1,1,1.0,0.273,0.006,0.073,4.677,1.188,77.587,2.226,87.654
FireVideo122_f41_jpg.rf.db25689cb172e3ddefbdc0af2965d158.jpg,1,1,1.0,0.286,0.007,0.076,3.131,1.178,90.882,1.716,98.922
FireVideo122_f46_jpg.rf.1cf94b708fdb2957f4dfdd46374a179c.jpg,1,1,1.0,0.28,0.006,0.075,2.903,1.199,82.393,1.741,90.15
FireVideo122_f49_jpg.rf.e9a21c38f022ac1ac8261218a3edc007.jpg,1,1,1.0,0.274,0.006,0.072,3.109,1.129,89.766,2.499,98.477
FireVideo123_f105_jpg.rf.eb16421b20667dd66302d465465d7956.jpg,1,1,1.0,0.291,0.007,0.074,2.861,1.161,94.619,2.218,102.924
FireVideo123_f13_jpg.rf.04e6e5c61e968e98e00f132c36fb27ef.jpg,1,1,1.0,0.288,0.007,0.08,11.122,7.652,107.49,3.264,131.689
FireVideo123_f15_jpg.rf.cbc750ccef6f6284444a850434efd802.jpg,1,1,1.0,0.359,0.007,0.071,8.868,8.977,108.005,1.894,129.703
FireVideo123_f19_jpg.rf.2bc1939e7b420c5b47b92b505391b931.jpg,1,1,1.0,0.323,0.006,0.068,9.931,6.774,85.296,1.983,105.977
FireVideo123_f32_jpg.rf.324a06ed5edfe1da7e14da6c3e29fb02.jpg,1,1,1.0,0.271,0.006,0.07,4.118,1.171,77.159,1.789,86.249
FireVideo123_f59_jpg.rf.5f857a25ca6b693b03545adccb14706d.jpg,1,1,1.0,0.28,0.006,0.071,9.24,4.08,76.904,3.137,95.016
FireVideo123_f64_jpg.rf.9f413db5e11e52b1bf41d4ad4656679d.jpg,1,1,1.0,0.281,0.006,0.074,4.648,1.458,86.689,1.998,96.885
FireVideo123_f85_jpg.rf.e9e6e6d0a0fb8fdc1b2ddcc58edec30f.jpg,1,1,0.9996,0.287,0.006,0.076,2.921,4.157,91.356,2.146,102.656
FireVideo123_f95_jpg.rf.dc9165d4ab1188a99c2687dc51757250.jpg,1,1,1.0,0.285,0.007,0.074,4.574,4.22,76.262,1.878,88.965
FireVideo124_f12_jpg.rf.fc816d34295be1d41c9f251e40e355a5.jpg,1,1,1.0,0.29,0.006,0.075,8.372,6.829,88.867,2.046,108.159
FireVideo124_f19_jpg.rf.36c99302bf78392b859294c3b4a418ce.jpg,1,1,1.0,0.346,0.005,0.047,10.016,5.887,114.765,2.101,134.451
FireVideo124_f7_jpg.rf.7acfaaa473ade2169331464608a98464.jpg,1,1,1.0,0.213,0.005,0.046,5.562,10.859,117.258,2.214,137.826
FireVideo125_f1_jpg.rf.0e8f027f27fb31ed6fa45b32f8dba049.jpg,1,1,1.0,0.266,0.006,0.067,8.311,6.338,111.239,5.216,133.292
FireVideo125_f77_jpg.rf.392e044f0b9cc9010e1921d5afd1b889.jpg,1,1,1.0,0.283,0.006,0.078,7.462,6.546,75.977,1.988,93.956
FireVideo126_f17_jpg.rf.0d0b5eec49bf983bdbcc9239eb2bd63d.jpg,1,1,0.9988,0.286,0.006,0.078,8.482,6.307,91.691,2.27,110.795
FireVideo126_f26_jpg.rf.ee7ac739f23f09ade017dbdf4341fd83.jpg,1,1,0.9902,0.284,0.006,0.078,11.599,5.943,76.691,1.91,98.155
FireVideo126_f32_jpg.rf.f9c945ae80c5ccb45cee1d1b8065229a.jpg,1,1,0.9872,0.285,0.006,0.082,10.171,6.01,75.338,1.965,95.497
FireVideo126_f39_jpg.rf.27366f9bf3cc0f638f80f7aeee3bcaf6.jpg,1,1,1.0,0.286,0.006,0.078,7.658,5.996,74.741,2.096,92.482
FireVideo126_f4_jpg.rf.288ffe64931efdf5313465772587a1df.jpg,1,1,0.9997,0.213,0.004,0.049,9.029,5.471,76.243,1.811,94.855
FireVideo126_f65_jpg.rf.bf44f8b6c96073668eff0d8006c99e60.jpg,1,1,0.9998,0.248,0.006,0.069,10.956,1.182,79.137,4.545,97.796
FireVideo126_f8_jpg.rf.b6bac7ffd44a6a13da8837bc5c7a09d8.jpg,1,1,0.9394,0.337,0.007,0.086,8.98,5.849,77.121,1.856,95.953
FireVideo127_f12_jpg.rf.16c0405ec55c10d8bfa1afacbcc656ca.jpg,1,1,0.9978,0.284,0.007,0.083,11.623,6.154,97.426,2.206,119.4
FireVideo127_f22_jpg.rf.cdd14e0f88b2748cc7a002c3f4df0e61.jpg,1,1,1.0,0.404,0.005,0.053,12.664,5.489,109.995,5.447,135.698
FireVideo127_f27_jpg.rf.b9a9d83b3a614755063f419b6c98bc99.jpg,1,1,1.0,0.222,0.004,0.05,14.745,8.109,112.701,2.187,139.88
FireVideo127_f33_jpg.rf.3f464fb2288042e28f39acfbdf9326b0.jpg,1,1,1.0,0.27,0.006,0.074,10.923,1.236,76.712,1.793,92.688
FireVideo127_f51_jpg.rf.05d0a2deff4ee33bbd7bf576084760fe.jpg,1,1,1.0,0.282,0.007,0.08,9.425,6.581,90.656,3.551,112.326
FireVideo128_f13_jpg.rf.bfb663810aa8a5f8c4ca820bcd10e9a8.jpg,1,1,1.0,0.28,0.006,0.072,7.357,3.615,74.852,1.952,89.839
FireVideo128_f30_jpg.rf.4e8f9110332220edff736f34e266b3ea.jpg,1,1,1.0,0.282,0.006,0.076,3.661,5.202,87.746,2.142,100.704
FireVideo128_f45_jpg.rf.326c0b7c7bcc2c7be771c74996a0468a.jpg,1,1,0.9999,0.276,0.006,0.068,3.991,1.173,89.97,2.142,99.23
FireVideo128_f51_jpg.rf.0da6e9f4bb7b8f8786bdea177642e070.jpg,1,1,1.0,0.272,0.006,0.071,3.461,1.158,77.418,1.902,85.922
FireVideo128_f6_jpg.rf.1fb43da76b2be4f6f412d669a37f2dda.jpg,1,1,1.0,0.277,0.006,0.072,10.163,6.703,106.099,2.577,128.063
FireVideo129_f24_jpg.rf.77100c6c960f96e6b2c31b1ce9691591.jpg,1,1,1.0,0.283,0.006,0.077,7.724,1.413,91.102,2.055,104.285
FireVideo129_f41_jpg.rf.09ccccd2eb50b666b66e117b49202be4.jpg,1,1,1.0,0.334,0.006,0.077,3.91,6.577,75.629,1.827,90.075
FireVideo129_f6_jpg.rf.5d48435726455cb09a7e17d232cddbc9.jpg,1,1,1.0,0.283,0.008,0.078,6.824,1.173,97.489,1.879,109.411
FireVideo12_f118_jpg.rf.57b03f5db4762ed2ba2b28c88c4a2c8a.jpg,1,1,1.0,0.287,0.007,0.072,2.827,1.448,90.096,1.896,98.292
FireVideo12_f160_jpg.rf.3ac4856df8e4dd67929aa8684f93fb5b.jpg,1,1,1.0,0.283,0.006,0.074,3.124,1.157,76.539,1.783,84.507
FireVideo12_f171_jpg.rf.aa3b8672bc543f4c5e01f11d0aef653d.jpg,1,1,1.0,0.294,0.006,0.078,5.47,7.062,90.254,2.268,107.148
FireVideo12_f29_jpg.rf.3d5b4dc226dc80dd516e2db37fdb13a7.jpg,1,1,1.0,0.289,0.006,0.074,8.069,6.303,76.097,2.248,94.697
FireVideo12_f85_jpg.rf.1424310e3c99d57ef2875f409329cd8a.jpg,1,1,1.0,0.281,0.007,0.075,10.163,7.433,85.126,3.809,108.538
FireVideo12_f93_jpg.rf.f3df8255bf549ada003c22c2f6591b20.jpg,1,1,1.0,0.291,0.006,0.074,8.87,6.027,75.833,2.0,94.774
FireVideo130_f132_jpg.rf.b89cdabef569fd8e28588e6905357827.jpg,1,1,0.7768,0.288,0.007,0.078,6.824,6.156,90.754,2.526,108.308
FireVideo130_f27_jpg.rf.7f2c9b09d8603c92df7435e624dc751b.jpg,1,1,1.0,0.288,0.006,0.08,7.442,6.166,84.417,2.55,102.674
FireVideo130_f38_jpg.rf.a8f1be4d946d363c184924905722f7c9.jpg,1,1,1.0,0.291,0.007,0.077,8.183,10.613,93.457,2.799,117.216
FireVideo130_f42_jpg.rf.c0f970950281bcc2ae0253e7fc88f8f1.jpg,1,1,1.0,0.25,0.006,0.061,17.466,6.971,115.314,2.807,144.246
FireVideo130_f47_jpg.rf.d29611ee115d0c1adb4e390a0f18165e.jpg,1,1,1.0,0.296,0.006,0.077,9.976,9.315,118.834,2.123,142.804
FireVideo130_f9_jpg.rf.e8067eb5d4f4500fc6c0d522ab48f99d.jpg,1,1,1.0,0.293,0.007,0.083,18.951,11.187,123.948,2.521,158.295
FireVideo131_f3_jpg.rf.7cb504c15e3bbf6f85191e994c637494.jpg,1,1,1.0,0.234,0.006,0.057,9.415,8.197,109.931,3.741,133.012
FireVideo132_f106_jpg.rf.394a0ca5507a924f5e3fe11c84b27d70.jpg,1,1,1.0,0.295,0.006,0.076,5.128,1.096,105.395,2.18,115.987
FireVideo132_f16_jpg.rf.3b139181faf3276b1bbf9da97fc3ace1.jpg,1,1,1.0,0.285,0.007,0.074,3.093,5.563,115.477,2.929,130.013
FireVideo132_f25_jpg.rf.4ad2b9b3dcbb15f4f3c949c1d16644ef.jpg,1,1,1.0,0.215,0.004,0.047,6.019,3.593,106.339,4.261,121.732
FireVideo132_f46_jpg.rf.fdf627f7ddd1673dfccdb8bb2040a865.jpg,1,1,1.0,0.217,0.004,0.072,10.856,6.712,118.558,2.483,140.308
FireVideo133_f15_jpg.rf.caf5ebc9e9f0f76abd709181c56ec8b9.jpg,1,1,1.0,0.254,0.005,0.058,7.002,6.16,96.873,2.788,114.523
FireVideo134_f117_jpg.rf.773f5b30720879b744d3c119e3f67644.jpg,1,1,1.0,0.277,0.006,0.073,13.542,9.361,121.299,1.858,148.036
FireVideo134_f153_jpg.rf.c539c969a51347e4200b5a99134a6c9b.jpg,1,1,1.0,0.538,0.006,0.076,3.885,1.317,107.168,1.627,116.727
FireVideo134_f23_jpg.rf.274cc50200b9f9af7c2fe209c2d7580e.jpg,1,1,1.0,0.211,0.005,0.049,5.494,4.619,107.303,2.972,121.95
FireVideo134_f81_jpg.rf.3ebb4c08c75834ec59901caee44be5d2.jpg,1,1,1.0,0.21,0.005,0.05,7.327,1.028,90.304,2.221,102.534
FireVideo135_f25_jpg.rf.90692e3b5ff8286a79afc88693a56acb.jpg,1,1,1.0,0.278,0.007,0.077,8.164,7.614,97.811,2.295,117.997
FireVideo135_f59_jpg.rf.97a1af2e7a5847fe728b40118bbb468f.jpg,1,1,1.0,0.293,0.006,0.08,3.497,1.448,77.504,2.233,86.694
FireVideo136_f92_jpg.rf.53861c799d2c19dbd70047ba09fa15d4.jpg,1,1,1.0,0.289,0.007,0.076,3.044,0.999,91.327,2.393,99.694
FireVideo137_f100_jpg.rf.d23c38577616c36283289cb29be5b797.jpg,1,1,0.8513,0.293,0.006,0.078,4.77,6.337,74.957,2.251,90.438
FireVideo137_f112_jpg.rf.89d044e0d1884a0eaebeb68c5969668a.jpg,1,1,1.0,0.218,0.004,0.048,7.332,7.186,115.226,3.305,134.893
FireVideo137_f64_jpg.rf.6e7ebacdb972e3b1a8da56933b05702f.jpg,1,1,1.0,0.284,0.007,0.076,5.468,1.364,115.879,2.274,127.054
FireVideo137_f67_jpg.rf.646297bd9c4b665c2dd6d4a0f3fc512b.jpg,1,1,0.6602,0.286,0.008,0.076,9.182,8.548,113.47,3.819,136.935
FireVideo138_f112_jpg.rf.ff17039c8065106efceab0bf6b5c8eb0.jpg,1,1,1.0,0.252,0.006,0.062,9.57,6.061,77.567,2.214,97.203
FireVideo138_f126_jpg.rf.9561fab6dd450614150088f7a4b390f5.jpg,1,1,1.0,0.292,0.006,0.074,6.737,5.988,80.385,2.589,97.712
FireVideo138_f15_jpg.rf.e7c006832eff091afc09d2eb665b9d33.jpg,1,1,1.0,0.284,0.006,0.074,7.405,5.989,82.45,2.216,100.075
FireVideo138_f208_jpg.rf.27023c1ad46ce5b75a458be1ec964d9e.jpg,1,1,1.0,0.273,0.006,0.074,9.891,5.695,92.056,2.416,112.018
FireVideo138_f4_jpg.rf.d3a69e2a0efdbb2eeb3cbda21315ccab.jpg,1,1,0.9131,0.289,0.007,0.074,8.785,6.135,82.181,5.044,104.359
FireVideo138_f55_jpg.rf.6ff7b55853edf6ef900449b6ed3c4ca8.jpg,1,1,1.0,0.576,0.012,0.048,7.412,1.39,76.227,2.16,89.306
FireVideo138_f58_jpg.rf.52e480b1ea465d1ca9de4e30fba607a4.jpg,1,1,1.0,0.285,0.005,0.075,2.938,2.035,75.566,2.193,84.704
FireVideo138_f8_jpg.rf.884f227dd27ef904e2342b910d083b69.jpg,1,1,1.0,0.287,0.006,0.072,5.939,5.461,83.167,2.205,98.814
FireVideo138_f9_jpg.rf.3cb35b4f561d71fe4ecf412cb077986a.jpg,1,1,1.0,0.282,0.006,0.145,8.851,6.011,77.388,2.277,96.659
FireVideo139_f106_jpg.rf.1f9c276f6096bc948672db03022b8f9a.jpg,1,1,1.0,0.284,0.006,0.077,7.796,6.074,93.358,2.221,111.409
FireVideo139_f19_jpg.rf.f34d97283e7a178872c729c6fa18acbc.jpg,1,1,1.0,0.28,0.007,0.073,8.881,1.777,98.696,2.206,113.554
FireVideo139_f2_jpg.rf.66bb5563e5912d6a14a229fb99c46da1.jpg,1,1,1.0,0.386,0.006,0.076,2.691,1.235,79.006,2.141,87.14
FireVideo139_f3_jpg.rf.28552b0e7022f4cdbea47c851f54fc23.jpg,1,1,1.0,0.285,0.007,0.076,2.958,1.412,89.219,2.304,97.854
FireVideo139_f4_jpg.rf.ec89bac359fdd611983ae4e690f674e4.jpg,1,1,1.0,0.283,0.006,0.075,2.946,1.278,87.951,2.247,96.437
FireVideo139_f63_jpg.rf.525dfc364adf0db4e666441c6d165a38.jpg,1,1,1.0,0.29,0.006,0.075,10.687,8.351,87.683,5.559,114.407
FireVideo139_f81_jpg.rf.a254207409d1d19e297cf94d11209488.jpg,1,1,1.0,0.325,0.005,0.046,6.926,1.816,112.764,2.551,126.058
FireVideo13_f105_jpg.rf.d948c7c7289930f64e85449f17f54d36.jpg,1,1,1.0,0.297,0.007,0.076,8.277,6.421,109.744,1.887,128.312
FireVideo13_f203_jpg.rf.2400fa2bbb4f0d715898d577be8f459f.jpg,1,1,1.0,0.29,0.006,0.076,9.475,10.091,108.94,1.986,132.582
FireVideo13_f230_jpg.rf.9a0237ee10c3f2b685671b4393f76e3c.jpg,1,1,1.0,0.271,0.006,0.068,8.512,6.91,107.643,2.494,127.4
FireVideo13_f245_jpg.rf.d253fa7e9dd364a99941ea1cf5bbb979.jpg,1,1,1.0,0.285,0.007,0.076,8.442,3.527,76.077,2.171,92.23
FireVideo13_f45_jpg.rf.d05f9c44d947058cd28b69da25d498a7.jpg,1,1,1.0,0.286,0.006,0.079,3.035,1.154,106.491,2.451,115.055
FireVideo13_f69_jpg.rf.3081b714018c124fee6f7a53047b8f0b.jpg,1,1,1.0,0.282,0.006,0.075,3.213,1.272,85.668,4.554,96.668
FireVideo13_f79_jpg.rf.5ba186ab9d5c15453d0d0fd0cce36595.jpg,1,1,1.0,0.284,0.006,0.075,8.144,7.877,104.052,2.504,124.647
FireVideo13_f92_jpg.rf.bee5e88297c99d1e80f195acb081c6dc.jpg,1,1,1.0,0.285,0.007,0.075,15.387,11.422,110.383,6.501,145.895
FireVideo140_f113_jpg.rf.82e77ab9bea3f4d124e46d3298c68018.jpg,1,1,1.0,0.29,0.007,0.079,9.398,6.704,111.069,2.561,132.112
FireVideo140_f140_jpg.rf.49a096d6f48607c125a2014737062a6c.jpg,1,1,1.0,0.291,0.006,0.075,13.086,7.443,98.321,2.497,123.45
FireVideo140_f17_jpg.rf.4206ab0fa12a036d3e8f051ab2c99c46.jpg,1,1,1.0,0.269,0.006,0.068,5.569,1.187,86.816,5.059,100.66
FireVideo140_f25_jpg.rf.420753ac9607cf15659788351c95bb62.jpg,1,1,0.9996,0.29,0.007,0.08,3.146,1.232,77.166,1.868,85.597
FireVideo140_f55_jpg.rf.be5178cf6c723be07c5d7407c0538721.jpg,1,1,1.0,0.266,0.004,0.049,4.117,7.192,94.014,2.485,109.818
FireVideo140_f68_jpg.rf.8a2fbccf8849001c15df994e9b2a8133.jpg,1,1,1.0,0.289,0.006,0.076,4.932,6.36,82.835,2.345,98.507
FireVideo140_f92_jpg.rf.ef704a677f41cfd201b193383720aefa.jpg,1,1,1.0,0.284,0.007,0.077,7.654,7.446,93.856,2.349,113.39
FireVideo141_f40_jpg.rf.6801b6c8545f2fa27f6ac55b1341e7be.jpg,1,1,1.0,0.285,0.005,0.056,8.024,6.245,79.796,3.003,99.059
FireVideo141_f55_jpg.rf.60af297aa092aa3333cdf0fac87d5adf.jpg,1,1,1.0,0.29,0.007,0.073,8.423,6.987,74.56,2.212,94.167
FireVideo141_f77_jpg.rf.cf31163749862ba369a50b008bd1f337.jpg,1,1,1.0,0.293,0.007,0.077,8.734,10.399,114.761,2.192,138.191
FireVideo142_f38_jpg.rf.8b775f1acc184a68545f6507f81faad5.jpg,1,1,0.9997,0.288,0.017,0.076,12.432,10.356,112.208,5.644,142.742
FireVideo142_f77_jpg.rf.779e7eb1590cbfb4853b1cb56406fb28.jpg,1,1,1.0,0.287,0.006,0.078,15.806,10.567,115.07,4.54,148.096
FireVideo142_f90_jpg.rf.db712e046ba08d02a81ff8afefff7bab.jpg,1,1,1.0,0.291,0.007,0.078,9.459,7.055,76.671,2.158,97.431
FireVideo143_f16_jpg.rf.27ef05579705f2d9d8bb6edd88d54a97.jpg,1,1,1.0,0.283,0.006,0.075,5.766,4.865,79.118,4.035,95.884
FireVideo143_f20_jpg.rf.dc0e44d6c346bbf9af513f32ff8d82e1.jpg,1,1,1.0,0.293,0.007,0.079,3.209,1.007,78.735,2.171,87.069
FireVideo143_f40_jpg.rf.6295a21f9e3a6d99da1d2d34504996e9.jpg,1,1,1.0,0.285,0.006,0.074,4.401,1.29,80.97,7.789,96.534
FireVideo143_f75_jpg.rf.ac23b2f4624d45a1f40203d9797d3e1a.jpg,1,1,1.0,0.291,0.006,0.075,4.211,1.278,77.401,2.238,87.233
FireVideo144_f22_jpg.rf.d3aca57b154326b764ae960553842618.jpg,1,1,1.0,0.34,0.006,0.078,2.88,4.828,84.495,2.546,96.877
FireVideo144_f44_jpg.rf.8db85c8a1f6f29c2975d21455fd299ac.jpg,1,1,1.0,0.286,0.006,0.078,3.26,1.488,77.202,2.895,86.828
FireVideo145_f23_jpg.rf.11bd4ae7ba204701a73fa122d8109666.jpg,1,1,1.0,0.281,0.006,0.077,2.846,7.428,107.943,4.983,124.924
FireVideo145_f30_jpg.rf.66af731014e1d5c98c79013865b247b7.jpg,1,1,1.0,0.215,0.005,0.047,3.651,2.034,77.574,2.237,87.515
FireVideo146_f190_jpg.rf.1b06cb59d7694804878361abe14b4e32.jpg,1,1,1.0,0.287,0.006,0.075,8.381,7.271,85.214,2.343,105.316
FireVideo146_f212_jpg.rf.ff611f0059985584cca11f68943fde95.jpg,1,1,1.0,0.214,0.004,0.047,6.975,6.128,75.846,2.523,93.451
FireVideo146_f5_jpg.rf.a19134df5f19c0b89fea957ae323f6f7.jpg,1,1,1.0,0.292,0.007,0.075,2.646,2.244,77.675,2.239,86.856
FireVideo147_f116_jpg.rf.1550bd26f7f4399a51b82570b785234f.jpg,1,1,1.0,0.284,0.006,0.079,5.224,3.942,79.903,3.537,94.658
FireVideo147_f120_jpg.rf.b0220f0a06eeff33907fd399439acdbe.jpg,1,1,1.0,0.213,0.006,0.049,8.087,1.293,77.04,2.18,90.527
FireVideo147_f70_jpg.rf.259d50a85bbcd9c72a90a0d0501324de.jpg,1,1,1.0,0.29,0.007,0.078,3.755,3.007,87.279,2.453,99.217
FireVideo147_f81_jpg.rf.7dba8ec3a2eac5b8dfbb270498d65cae.jpg,1,1,1.0,0.288,0.006,0.076,3.315,1.562,83.274,2.27,92.48
FireVideo147_f91_jpg.rf.463e096e122308d570247faf3201054d.jpg,1,1,1.0,0.286,0.006,0.078,3.388,1.315,105.247,2.223,114.159
FireVideo148_f30_jpg.rf.c182d712e2e8594acdaf321f16a8ed03.jpg,1,1,1.0,0.275,0.006,0.072,5.977,1.19,76.229,2.158,87.467
FireVideo148_f49_jpg.rf.b9b0b4452509f978fe73cc8c340a39d3.jpg,1,1,1.0,0.288,0.006,0.183,11.284,2.685,77.048,2.18,95.246
FireVideo148_f54_jpg.rf.f62325542655658ca92c1258d52386f9.jpg,1,1,0.9998,0.389,0.006,0.084,5.687,3.535,114.787,3.246,130.012
FireVideo149_f1_jpg.rf.eedc5ec05996fa20af2fce0d4f989bd6.jpg,1,1,1.0,0.269,0.005,0.048,7.17,3.853,115.81,4.571,133.554
FireVideo14_f13_jpg.rf.0681210ec618d9eb5cec0e22e09b6a22.jpg,1,1,1.0,0.298,0.006,0.079,9.207,8.612,79.874,2.172,102.069
FireVideo14_f18_jpg.rf.35869fc9dbb4bffe2c9ab83d6c050358.jpg,1,1,1.0,0.29,0.006,0.077,7.418,5.917,75.572,2.226,93.151
FireVideo14_f27_jpg.rf.7e0f45e0d3513b4bad114a87c811c8b8.jpg,1,1,1.0,0.345,0.007,0.079,7.063,2.162,74.959,2.225,88.346
FireVideo151_f20_jpg.rf.86551a6eec754877301a8488620358e1.jpg,1,1,1.0,0.292,0.006,0.077,4.084,1.219,81.228,2.099,90.672
FireVideo151_f26_jpg.rf.99de289fa18964e04df2c91b1cdb5357.jpg,1,1,1.0,0.397,0.006,0.075,10.602,6.928,81.544,2.959,104.099
FireVideo151_f31_jpg.rf.19e3a8ac69cbecfa0ac4958fda3ad83d.jpg,1,1,0.9992,0.288,0.007,0.079,11.717,6.004,116.976,4.061,140.899
FireVideo151_f34_jpg.rf.95dc9f73c6c471bab8b9beb5eeb4244f.jpg,1,1,1.0,0.254,0.005,0.051,9.096,7.812,119.736,4.062,142.708
FireVideo151_f44_jpg.rf.fbefe89317aff18e0fbd14785725246e.jpg,1,1,1.0,0.279,0.006,0.068,3.622,1.38,76.677,2.261,85.858
FireVideo152_f56_jpg.rf.2faa5aa10f842cccbd85000f22437847.jpg,1,1,1.0,0.287,0.006,0.075,3.251,1.197,89.907,6.016,102.367
FireVideo152_f5_jpg.rf.8790b75cb1ca8840ad3e0fe94b9e1641.jpg,1,1,1.0,0.288,0.007,0.077,3.125,6.023,76.219,1.898,89.354
FireVideo152_f71_jpg.rf.0171a9c9d842c10bab2af85cf2813e14.jpg,1,1,1.0,0.29,0.006,0.08,7.678,4.979,87.501,2.267,104.464
FireVideo153_f14_jpg.rf.f875684e68aa4bb5286f60e6adc91afa.jpg,1,1,1.0,0.29,0.007,0.077,4.122,1.212,81.692,6.584,95.611
FireVideo153_f168_jpg.rf.17234e88d7437b9b8cdecdd2c0432ebc.jpg,1,1,1.0,0.278,0.006,0.074,5.042,1.688,90.719,2.197,101.636
FireVideo153_f27_jpg.rf.270277aec3bcb9f677fdc4f52caa3eeb.jpg,1,1,0.7401,0.288,0.006,0.078,3.142,1.513,82.636,1.905,91.213
FireVideo153_f32_jpg.rf.3012b58e61d8ff71f244e551a2a60222.jpg,1,1,1.0,0.287,0.007,0.078,12.401,6.94,76.156,1.833,99.908
FireVideo153_f4_jpg.rf.14231c91520832b082daa54b1a950093.jpg,1,1,1.0,0.288,0.006,0.076,9.287,5.784,75.702,1.86,94.695
FireVideo154_f107_jpg.rf.a8664ce3c8f7ca0244da2c897db3bd83.jpg,1,1,1.0,0.281,0.006,0.074,4.321,1.744,75.761,1.769,85.565
FireVideo154_f22_jpg.rf.f4c4af826886197af05210de79814ed6.jpg,1,1,1.0,0.271,0.006,0.073,6.426,3.528,76.177,2.261,90.444
FireVideo154_f28_jpg.rf.df9a9eb0cb7e102ca0cfd5b16002d537.jpg,1,1,1.0,0.281,0.007,0.073,2.989,2.521,75.718,2.137,85.397
FireVideo154_f3_jpg.rf.422472b8d73c9e023655eceb05336b41.jpg,1,1,1.0,0.284,0.006,0.076,3.105,1.148,77.496,1.916,85.726
FireVideo154_f56_jpg.rf.c95ef9a4a271f80d9b6c8f2c506ba3f6.jpg,1,1,1.0,0.285,0.007,0.078,5.74,1.59,84.547,2.803,96.668
FireVideo154_f7_jpg.rf.2b398310a5615d4e704efb414b7aaf4b.jpg,1,1,1.0,0.287,0.006,0.076,2.669,1.256,75.495,2.287,83.676
FireVideo154_f9_jpg.rf.09a1325d06c771c93ffec1fcd446597d.jpg,1,1,1.0,0.28,0.006,0.071,3.445,1.144,77.413,2.223,86.179
FireVideo155_f25_jpg.rf.233af3e3c00350bfd54e76423a4b196b.jpg,1,1,1.0,0.288,0.006,0.074,2.809,1.166,78.063,2.258,86.324
FireVideo155_f65_jpg.rf.0134c7b35719bcdee632dab0c829c7e4.jpg,1,1,1.0,0.28,0.006,0.073,3.315,1.598,83.312,2.217,92.455
FireVideo156_f105_jpg.rf.41de12ad299287af28f324593b8e00e8.jpg,1,1,1.0,0.286,0.006,0.193,3.73,1.5,77.9,2.266,87.48
FireVideo156_f60_jpg.rf.0f8eb61d126cce7c9e5c8326770e1b11.jpg,1,1,1.0,0.281,0.006,0.167,8.546,5.653,76.525,1.847,94.662
FireVideo156_f66_jpg.rf.7c421b43dcf96c9c711476f91fcb2da3.jpg,1,1,1.0,0.295,0.007,0.077,7.018,5.967,78.342,4.625,98.002
FireVideo156_f98_jpg.rf.fd292d4fafb9f59009ed101f609b2c28.jpg,1,1,1.0,0.295,0.006,0.076,6.573,6.859,75.013,1.883,92.399
FireVideo157_f113_jpg.rf.6375c4b5edd5e9123c1f3b28675432a4.jpg,1,1,1.0,0.283,0.006,0.075,7.23,2.963,107.778,2.473,122.498
FireVideo158_f138_jpg.rf.2588afc3e855c19114738d190aae1aef.jpg,1,1,1.0,0.289,0.006,0.074,6.676,2.706,76.238,1.931,89.681
FireVideo158_f30_jpg.rf.4f7cadf2cc15ddc2b4723be4e69d529a.jpg,1,1,1.0,0.289,0.007,0.076,3.955,1.322,90.137,2.469,99.925
FireVideo158_f55_jpg.rf.850e78cd8a537a40da2a68ae3258f7f7.jpg,1,1,1.0,0.286,0.006,0.072,3.523,1.269,76.632,1.924,85.482
FireVideo158_f69_jpg.rf.9764b7618cfc77e7889a724f9c91fdb4.jpg,1,1,1.0,0.289,0.006,0.078,5.536,2.75,89.06,2.513,101.931
FireVideo158_f74_jpg.rf.45ba37f8f1e19417fa6d2c4ee6d50364.jpg,1,1,1.0,0.298,0.007,0.076,11.067,6.544,110.896,2.118,132.774
FireVideo159_f43_jpg.rf.9276f559e4b149a1abe4091430fcc1e7.jpg,1,1,1.0,0.261,0.005,0.06,11.382,7.346,91.431,2.075,114.048
FireVideo159_f50_jpg.rf.6c4accbb695479f012ff965f31c12ebf.jpg,1,1,1.0,0.283,0.006,0.076,8.019,10.407,113.044,3.19,136.428
FireVideo159_f72_jpg.rf.1bf57c9472fdf15b2dd20c08969634d9.jpg,1,1,1.0,0.334,0.004,0.051,9.904,3.053,106.994,2.182,123.962
FireVideo15_f17_jpg.rf.9adff3a1bdea2e31c1a58932eb27168e.jpg,1,1,1.0,0.272,0.006,0.068,2.719,1.156,77.086,1.809,84.652
FireVideo160_f62_jpg.rf.0087a7ac482c8b92b408299bac27170b.jpg,1,1,1.0,0.282,0.083,0.074,11.62,1.643,88.368,2.523,106.212
FireVideo160_f72_jpg.rf.174f319a36bff584c997afb2bd52f500.jpg,1,1,1.0,0.291,0.006,0.072,3.255,1.195,76.402,2.534,85.394
FireVideo162_f132_jpg.rf.e78b3a50f32d4d2fd48e313b4ead8b05.jpg,1,1,1.0,0.217,0.005,0.048,6.018,5.973,85.104,2.206,101.212
FireVideo164_f121_jpg.rf.1ca80850ed0c6a189d32ad7ee5537202.jpg,1,1,0.9991,0.332,0.007,0.079,7.509,5.29,79.451,2.675,97.017
FireVideo165_f54_jpg.rf.8269054901ba831bd656f880035833b3.jpg,1,1,1.0,0.29,0.006,0.078,12.127,12.355,118.352,5.55,150.382
FireVideo165_f89_jpg.rf.6af3f2c44843217e0c3ca7b7ecf385eb.jpg,1,1,1.0,0.292,0.007,0.077,11.271,9.699,111.437,2.958,137.437
FireVideo167_f102_jpg.rf.cc8cc9307c949fc01edfd5c20fd26c99.jpg,1,1,1.0,0.305,0.007,0.083,11.503,7.778,118.234,2.481,141.941
FireVideo167_f11_jpg.rf.e7f2682e9a41466bcfa0a69ce5afc440.jpg,1,1,1.0,0.284,0.006,0.072,7.521,6.22,75.961,2.173,93.906
FireVideo167_f17_jpg.rf.358044e482efe3b76aa0482a4d27838e.jpg,1,1,1.0,0.318,0.007,0.214,5.276,1.273,84.835,2.099,95.758
FireVideo167_f35_jpg.rf.5674f836cdfdcb8944f08aa248faf71e.jpg,1,1,1.0,0.297,0.007,0.079,4.97,2.743,86.015,2.749,98.531
FireVideo167_f6_jpg.rf.e174dffca7b3e9bacd09b653e2788410.jpg,1,1,1.0,0.27,0.005,0.046,4.38,1.2,81.024,2.142,90.694
FireVideo169_f3_jpg.rf.fd86030cb0d90b0073396b35aa58dda4.jpg,1,1,1.0,0.373,0.007,0.077,3.313,1.761,90.817,2.185,100.19
FireVideo169_f52_jpg.rf.081f470a31de954b6d8c331c9646a1dc.jpg,1,1,0.9316,0.274,0.005,0.071,2.798,1.157,77.928,1.915,85.773
FireVideo169_f62_jpg.rf.a030d96a0fff8f8fb923f1dbb8ebd71c.jpg,1,1,1.0,0.287,0.006,0.077,3.057,1.239,93.131,2.536,102.048
FireVideo16_f14_jpg.rf.cf52bf0daf9a84b20b34a93d10feb7fc.jpg,1,1,1.0,0.289,0.006,0.076,3.689,1.217,97.802,2.505,107.355
FireVideo16_f26_jpg.rf.8e5ea90df8d6f3d876ca9690b3238c11.jpg,1,1,1.0,0.293,0.006,0.076,8.132,7.551,78.189,1.966,97.992
FireVideo16_f34_jpg.rf.c96cf85bc19e45f01fdf68a344032734.jpg,1,1,1.0,0.292,0.006,0.075,3.312,1.195,77.301,1.835,85.708
FireVideo16_f6_jpg.rf.818dd7779936f0b86d297b76d706d949.jpg,1,1,1.0,0.292,0.007,0.075,9.392,4.236,76.25,2.337,94.368
FireVideo170_f107_jpg.rf.af99824257f97a094bce73dfc6bd4905.jpg,1,0,0.5423,0.35,0.007,0.078,3.356,5.995,75.435,2.028,88.855
FireVideo170_f149_jpg.rf.b5891b51e8736e9ecb2eabc0671b74f8.jpg,1,1,1.0,0.292,0.007,0.079,8.46,6.94,82.127,2.251,101.779
FireVideo170_f44_jpg.rf.c45f0e4be6693e70df3b8cd4b1f04e31.jpg,1,1,1.0,0.285,0.006,0.077,7.047,6.002,83.79,3.097,101.982
FireVideo170_f62_jpg.rf.0f68ba6ebecac91a2d33b913c2585d79.jpg,1,1,1.0,0.282,0.006,0.077,7.517,6.028,76.175,2.265,93.986
FireVideo171_f0_jpg.rf.756ee5ab8996d63ed313d00bfc296d54.jpg,1,1,1.0,0.286,0.006,0.077,9.468,5.872,88.364,1.898,107.719
FireVideo171_f108_jpg.rf.e31ed41174dff9cad68f5d6588d63bcc.jpg,1,1,1.0,0.281,0.006,0.077,6.699,6.01,81.344,1.938,97.991
FireVideo171_f137_jpg.rf.e85745597ed6a9fa829f30443d0e82c2.jpg,1,1,1.0,0.28,0.006,0.076,9.196,8.33,81.84,1.915,103.356
FireVideo171_f176_jpg.rf.a158f7f97635387b7c2f61ab9f146910.jpg,1,1,1.0,0.288,0.006,0.076,8.512,6.067,76.37,3.792,96.909
FireVideo171_f31_jpg.rf.1d99d4f5c4282072bed866f34f544c53.jpg,1,1,0.6667,0.287,0.018,0.077,11.195,1.268,75.901,1.873,92.347
FireVideo171_f83_jpg.rf.56f011574e68a439ae6eea4a80c47067.jpg,1,1,1.0,0.284,0.006,0.078,3.056,1.191,83.327,3.037,92.625
FireVideo172_f25_jpg.rf.a030e4da2cf1e8168c6589450d6af05d.jpg,1,1,1.0,0.282,0.006,0.075,8.152,2.653,76.038,1.834,90.733
FireVideo172_f28_jpg.rf.b7418c5454bc2ca94f6e07388199dc33.jpg,1,1,1.0,0.296,0.007,0.077,8.118,3.029,95.905,2.249,111.394
FireVideo172_f31_jpg.rf.66ff8c5a1bfbf3bfb3919107d7eaaefc.jpg,1,1,1.0,0.291,0.007,0.075,3.465,1.257,115.85,2.439,124.83
FireVideo172_f41_jpg.rf.a9f91209ae576efe7ef65f9da551f1b5.jpg,1,1,1.0,0.259,0.005,0.064,7.999,7.593,113.001,5.155,135.383
FireVideo172_f46_jpg.rf.431270b117cc26ded9995ed43d8aca0c.jpg,1,1,1.0,0.256,0.005,0.063,10.651,6.929,104.208,2.799,126.626
FireVideo172_f4_jpg.rf.971728aad086d2719c64e3db2ca87069.jpg,1,1,1.0,0.214,0.004,0.046,7.598,8.969,121.041,2.13,141.512
FireVideo172_f58_jpg.rf.3444c5828611817733c45e221eda549c.jpg,1,1,1.0,0.263,0.006,0.065,6.918,5.416,77.232,1.952,93.368
FireVideo172_f64_jpg.rf.35590b454e13273faa326eaeeba9e50c.jpg,1,1,1.0,0.29,0.007,0.08,3.742,1.337,76.966,2.927,86.995
FireVideo172_f7_jpg.rf.f97083c6698e5fa907a9ee63b39ae94a.jpg,1,1,1.0,0.29,0.006,0.077,4.005,1.252,77.529,1.925,86.831
FireVideo173_f10_jpg.rf.0c44e2fb7d701d9b78300ab481bc6418.jpg,1,1,1.0,0.282,0.006,0.074,2.889,1.625,76.245,2.079,84.923
FireVideo173_f32_jpg.rf.c8b9ef2185ad29368cf0b1ae1439892d.jpg,1,1,1.0,0.291,0.006,0.075,3.047,2.854,83.426,1.987,93.299
FireVideo173_f36_jpg.rf.df4d853e42b0ac1222fcd688f9374912.jpg,1,1,1.0,0.285,0.006,0.076,3.989,1.495,102.248,2.245,112.054
FireVideo173_f41_jpg.rf.12f0de54b4c7bca768213667b99af605.jpg,1,1,1.0,0.225,0.005,0.072,9.229,7.499,114.438,2.573,135.582
FireVideo173_f54_jpg.rf.67c31dd2c285bb210e0fe8d9a3c10672.jpg,1,1,0.9983,0.279,0.006,0.074,3.215,1.126,91.446,2.062,99.829
FireVideo173_f63_jpg.rf.8fe01da3c69678ff8ffe928639375863.jpg,1,1,1.0,0.283,0.006,0.075,7.616,1.156,86.875,2.015,99.615
FireVideo173_f7_jpg.rf.a38dd788f9def24bccb0a1ca38bf1b72.jpg,1,1,1.0,0.284,0.006,0.079,2.853,2.585,102.588,3.357,113.278
FireVideo174_f36_jpg.rf.ebf0b1f3d8e05ed74e97cc2a8167ab87.jpg,1,1,1.0,0.289,0.006,0.076,9.535,6.519,75.266,1.8,95.108
FireVideo175_f16_jpg.rf.a7aff5d41f3f5674d05d48e9635aa254.jpg,1,1,1.0,0.285,0.006,0.075,8.624,1.288,89.132,2.016,103.062
FireVideo176_f108_jpg.rf.d6ea8e88d92a52624875adf4258519f0.jpg,1,1,1.0,0.359,0.007,0.076,2.825,1.218,77.695,1.841,85.587
FireVideo176_f126_jpg.rf.f9a48f827e410639708035dc290b5062.jpg,1,1,1.0,0.281,0.006,0.072,9.662,6.797,96.46,1.956,116.882
FireVideo176_f24_jpg.rf.4ea0c039b35f8f1c1797bbcd240f1122.jpg,1,1,1.0,0.285,0.006,0.075,9.05,4.809,77.642,5.27,98.875
FireVideo176_f5_jpg.rf.fa78e517cacf37dff3f3dd08c0b7465c.jpg,1,1,0.9972,0.287,0.006,0.075,3.03,1.194,77.261,1.799,85.277
FireVideo176_f87_jpg.rf.b39a1e869cbea0a242a53dacc5fa61d9.jpg,1,1,1.0,0.323,0.006,0.072,3.068,1.266,77.237,2.094,85.647
FireVideo178_f111_jpg.rf.b857c9b1cadf79b1e1463123abd25957.jpg,1,1,1.0,0.275,0.006,0.074,6.22,5.161,76.12,2.543,92.059
FireVideo178_f123_jpg.rf.1d426713a7ea24add6e97e4abf2e22ea.jpg,1,1,1.0,0.29,0.006,0.077,3.045,1.559,77.695,2.883,87.291
FireVideo178_f66_jpg.rf.b57c0c0aad6c06742bbda694f375e85a.jpg,1,1,0.6667,0.29,0.007,0.077,8.169,8.683,118.126,4.148,141.16
FireVideo178_f90_jpg.rf.b09277456f04692b97b5bccfe4f1148e.jpg,1,1,1.0,0.301,0.006,0.068,5.509,5.831,112.362,2.363,128.21
FireVideo179_f17_jpg.rf.39568c06ff1c9ebebbc420ea6c5a0b4c.jpg,1,1,1.0,0.287,0.007,0.073,8.138,8.056,112.678,2.638,133.583
FireVideo179_f25_jpg.rf.d77f8aec32fad0a4165c38fd9fdc3b57.jpg,1,1,1.0,0.289,0.006,0.076,4.525,1.274,81.308,2.329,91.06
FireVideo179_f3_jpg.rf.a68535de66e963821c45ff808e851ddb.jpg,1,1,1.0,0.289,0.006,0.074,2.864,1.176,93.678,2.212,101.973
FireVideo179_f49_jpg.rf.481aeca2fdefe865b23fecfd4236b8b3.jpg,1,1,1.0,0.29,0.007,0.078,2.785,1.6,76.393,2.194,84.93
FireVideo179_f58_jpg.rf.3ba7f48a9c1c62736cff5e27b05cad91.jpg,1,1,1.0,0.288,0.007,0.075,3.06,2.502,92.986,2.488,103.088
FireVideo179_f61_jpg.rf.69939bccc9e6482dd0623f58a2a93091.jpg,1,1,1.0,0.287,0.007,0.076,2.886,1.19,83.17,2.245,91.486
FireVideo183_f138_jpg.rf.3ca140543538f280d554f61bf8d43e05.jpg,1,1,1.0,0.283,0.007,0.078,4.056,1.211,91.497,2.131,100.875
FireVideo183_f181_jpg.rf.7cd21cdfe643402283491f3a66641bb1.jpg,1,1,1.0,0.224,0.005,0.053,3.117,1.172,76.631,2.238,85.209
FireVideo183_f24_jpg.rf.55ebea7cc4121b3fccf9247e7b5f4922.jpg,1,1,1.0,0.287,0.007,0.076,2.998,1.171,94.601,2.534,103.375
FireVideo184_f105_jpg.rf.af460b309d0d96cdffb5b7c03553f53f.jpg,1,1,1.0,0.282,0.007,0.075,2.824,1.177,88.008,5.149,99.166
FireVideo184_f38_jpg.rf.a115670f78014bdfe9f7eadfc6fdcfd5.jpg,1,1,1.0,0.284,0.006,0.079,2.82,1.181,83.169,2.075,91.343
FireVideo184_f4_jpg.rf.e3818c985a2ae49fc56a84d9e464ddce.jpg,1,1,1.0,0.285,0.007,0.079,2.728,1.278,77.554,2.783,86.37
FireVideo184_f70_jpg.rf.3fc845e368eaa1b1556f3edee49fa4cc.jpg,1,1,1.0,0.369,0.006,0.078,2.729,1.266,77.512,1.878,85.462
FireVideo184_f75_jpg.rf.03bb3087ccd4d12f1e869e3a33a44d15.jpg,1,1,1.0,0.289,0.006,0.074,2.793,1.197,93.921,2.184,102.109
FireVideo184_f96_jpg.rf.13de610d118b95bb4a04db1569f356bd.jpg,1,1,1.0,0.289,0.007,0.073,2.862,1.183,77.526,1.848,85.442
FireVideo186_f10_jpg.rf.83a4aa94412e38079019129e284d2941.jpg,1,1,1.0,0.285,0.007,0.076,2.818,1.185,94.317,2.264,102.673
FireVideo186_f8_jpg.rf.def8c7681b87b7cb5b0ba1bb37e638fd.jpg,1,1,1.0,0.283,0.007,0.075,2.755,1.254,76.659,1.836,84.5
FireVideo187_f14_jpg.rf.b6eff17e238fc878239cdec6137a1f50.jpg,1,1,1.0,0.29,0.007,0.075,3.083,1.184,94.092,2.309,102.645
FireVideo187_f24_jpg.rf.f9d68a37a3d34ece040776ff3f3146c6.jpg,1,1,1.0,0.289,0.006,0.078,3.065,1.189,93.662,2.532,102.464
FireVideo187_f28_jpg.rf.49a7254db7a9e5ec2e3ba5c555eb86cb.jpg,1,1,1.0,0.303,0.007,0.08,3.081,1.277,77.618,1.944,85.961
FireVideo187_f30_jpg.rf.c808207172d36e4e893c8c5d6d73b10b.jpg,1,1,1.0,0.282,0.006,0.076,4.113,1.197,79.458,2.735,89.565
FireVideo187_f48_jpg.rf.c7372f1747051f9e08d51bbd5fe73d60.jpg,1,1,1.0,0.294,0.007,0.076,2.963,0.959,77.372,1.875,85.122
FireVideo189_f11_jpg.rf.37ef8d218a595f369fe526be6907afdc.jpg,1,1,1.0,0.287,0.006,0.077,3.107,1.164,77.288,3.233,86.827
FireVideo189_f23_jpg.rf.4980e7e542ab2d8793d5e77a76b8747c.jpg,1,1,1.0,0.286,0.006,0.077,2.848,1.183,77.116,1.874,85.121
FireVideo189_f2_jpg.rf.af8ca556a4f31f7f469d4d1880efba5a.jpg,1,1,1.0,0.288,0.006,0.077,2.826,1.186,82.866,2.611,91.496
FireVideo189_f50_jpg.rf.7ba79105d005adf7ba7e6f3e1ba3d1d6.jpg,1,1,1.0,0.291,0.008,0.077,3.012,1.194,76.937,1.858,85.096
FireVideo18_f36_jpg.rf.80008f8ae52cca61c2e5c5e4a8d53e1f.jpg,1,1,1.0,0.284,0.007,0.078,3.054,1.251,77.385,2.38,86.032
FireVideo18_f39_jpg.rf.377b45bbdbb3f6ec040d9af9eb95cce7.jpg,1,1,1.0,0.283,0.006,0.078,2.991,1.402,85.943,5.913,98.277
FireVideo18_f44_jpg.rf.b5560ef987e47ae8bd012f8866a0253b.jpg,1,1,0.9998,0.288,0.007,0.077,3.666,2.361,81.854,2.627,92.526
FireVideo18_f49_jpg.rf.3593ea154e78e954085011382180cf08.jpg,1,1,1.0,0.296,0.006,0.08,3.675,1.196,82.288,2.892,92.071
FireVideo18_f57_jpg.rf.bb0a822a1bd0b1ab0e12876b8339edee.jpg,1,1,1.0,0.29,0.006,0.079,2.718,1.238,93.116,2.486,101.577
FireVideo18_f69_jpg.rf.a93caf0a28697f3f193df4962dccad83.jpg,1,1,1.0,0.281,0.007,0.08,5.206,1.218,77.158,2.099,87.714
FireVideo18_f90_jpg.rf.6394899ac0ddce090c85eb1a4fa0c0a7.jpg,1,1,1.0,0.285,0.007,0.076,3.113,1.197,91.724,4.59,102.69
FireVideo190_f132_jpg.rf.a7df9d3ab113486e04d25ac76f5189d9.jpg,1,1,1.0,0.28,0.005,0.052,13.219,5.197,107.186,6.096,133.689
FireVideo190_f156_jpg.rf.c0f5fd6a1be0916780699e65df719c0f.jpg,1,1,1.0,0.614,0.007,0.079,10.2,7.673,106.423,5.2,131.791
FireVideo190_f24_jpg.rf.6183634e77c11054db2eaca78f6d7629.jpg,1,1,1.0,0.538,0.005,0.054,8.681,12.897,119.811,2.516,146.237
FireVideo190_f37_jpg.rf.4433c1b66a5245784284cda808047711.jpg,1,1,1.0,0.281,0.007,0.076,10.433,6.486,75.503,2.18,96.644
FireVideo190_f55_jpg.rf.f8443292498b983767a852fc5528da82.jpg,1,1,1.0,0.293,0.006,0.079,8.646,6.255,101.811,1.96,120.707
FireVideo190_f71_jpg.rf.cbd5018accc5d14f1ac8b0752c6f73dc.jpg,1,1,1.0,0.215,0.005,0.05,7.141,6.372,96.993,1.958,114.238
FireVideo191_f107_jpg.rf.d2513d361548b96f32bc3a72c2c7f8dd.jpg,1,1,1.0,0.287,0.006,0.075,5.095,1.214,76.023,2.227,86.588
FireVideo191_f78_jpg.rf.dce34a75d0e2e0b89651ff846fd86ca8.jpg,1,1,0.9999,0.299,0.007,0.078,7.668,3.879,76.651,2.141,92.25
FireVideo192_f207_jpg.rf.db148b75cfaf4a0833aae46ef99332e1.jpg,1,1,1.0,0.295,0.007,0.076,3.048,1.193,82.15,2.288,90.702
FireVideo192_f48_jpg.rf.5e511181f37b2532511eb83ea8b437b1.jpg,1,1,1.0,0.217,0.004,0.049,3.16,2.184,77.294,2.208,86.742
FireVideo193_f10_jpg.rf.3949e53ff4abb5127eddcebabb63f4aa.jpg,1,1,1.0,0.284,0.006,0.074,2.749,1.278,77.147,1.818,84.968
FireVideo193_f17_jpg.rf.caeda7123462e014db1c40c736584262.jpg,1,1,1.0,0.288,0.007,0.076,7.491,6.549,86.277,2.359,105.71
FireVideo193_f78_jpg.rf.8a3ed134aaa3b4c82b4b4fadf64692a8.jpg,1,1,1.0,0.289,0.007,0.076,7.474,6.123,86.488,2.18,104.264
FireVideo193_f9_jpg.rf.db3efc3784bd36bc5ca605537e0fb902.jpg,1,1,1.0,0.28,0.006,0.075,8.606,6.01,74.13,1.907,92.716
FireVideo194_f1_jpg.rf.4e5d094f228245092008c64281745379.jpg,1,1,1.0,0.287,0.007,0.074,9.442,6.239,106.276,3.01,127.081
FireVideo194_f25_jpg.rf.0ee96eebd0dac82d40de70afeee22613.jpg,1,1,1.0,0.291,0.006,0.076,9.71,8.401,110.962,2.212,133.376
FireVideo194_f35_jpg.rf.aac23d45f9cd0cecccfd613bf8ce7c72.jpg,1,1,1.0,0.287,0.006,0.078,10.336,6.553,114.664,4.406,141.134
FireVideo194_f66_jpg.rf.b91592fc6294fddd03d471d7b89c0121.jpg,1,1,1.0,0.286,0.007,0.073,5.516,3.837,75.837,1.861,89.127
FireVideo194_f72_jpg.rf.2eea371b90bebc41824d714f7b578c1d.jpg,1,1,1.0,0.389,0.008,0.077,2.661,1.226,94.829,4.109,104.908
FireVideo194_f96_jpg.rf.e80fa8ba6fdfbe79e51e77ce17794408.jpg,1,1,1.0,0.282,0.006,0.074,3.47,1.33,74.187,1.838,82.825
FireVideo195_f19_jpg.rf.e57818387ffd0d8f56f4a6c8e08a869f.jpg,1,1,1.0,0.282,0.006,0.075,2.839,1.162,89.032,3.954,99.048
FireVideo195_f2_jpg.rf.672e770666492ab466d6ddc543104ca9.jpg,1,1,1.0,0.28,0.006,0.071,2.824,1.16,81.294,1.878,89.192
FireVideo197_f19_jpg.rf.be043a29248ff8e65311b9e951235654.jpg,1,1,1.0,0.283,0.007,0.073,4.43,1.865,88.188,2.472,98.957
FireVideo197_f25_jpg.rf.12ee5a85a8b2ce5f262d07150d39b5c4.jpg,1,1,1.0,0.287,0.007,0.078,5.597,5.256,75.928,1.859,90.721
FireVideo197_f45_jpg.rf.45957a382eb9df5cb5c2ba59741456e2.jpg,1,1,0.9998,0.283,0.007,0.075,4.318,1.245,91.161,2.429,101.116
FireVideo197_f52_jpg.rf.c1cde46e20ad7b7fd9cd6117327e155d.jpg,1,1,1.0,0.287,0.006,0.074,7.354,6.198,81.895,1.884,99.316
FireVideo197_f58_jpg.rf.7c3cbd38ed7b89d0be64be6f468c6471.jpg,1,1,1.0,0.281,0.006,0.076,8.29,7.317,97.625,1.991,117.325
FireVideo197_f8_jpg.rf.5d6ed2e8c209d44fd30b57fc02535136.jpg,1,1,1.0,0.28,0.006,0.079,6.111,6.626,81.471,2.053,98.62
FireVideo198_f30_jpg.rf.3a1812406c9a793e010fe39997c89e68.jpg,1,1,1.0,0.221,0.005,0.049,5.011,1.222,77.521,2.113,87.766
FireVideo198_f40_jpg.rf.b727a23ff2ddefdf3a087113f31e8da6.jpg,1,1,1.0,0.29,0.007,0.179,5.362,3.753,75.719,2.085,89.03
FireVideo198_f78_jpg.rf.f8944610c8629a5a5bfb1d127087a797.jpg,1,1,1.0,0.287,0.006,0.077,5.234,1.175,82.594,2.26,93.283
FireVideo199_f5_jpg.rf.bdbe4449a49dfe53dbe92b3889cbfcc8.jpg,1,1,1.0,0.288,0.006,0.073,2.644,3.247,75.517,1.951,85.444
FireVideo19_f14_jpg.rf.a5a1211ffa14180da4c0d5b4446d53c4.jpg,1,1,1.0,0.285,0.006,0.075,3.342,1.146,77.096,1.842,85.436
FireVideo19_f52_jpg.rf.454a7822beb42a178567902de1ffea87.jpg,1,1,1.0,0.287,0.006,0.073,3.087,1.157,77.685,1.955,85.851
FireVideo1_f121_jpg.rf.7262916d239d99fd6d6da9dfa5195b9a.jpg,1,1,1.0,0.284,0.006,0.16,3.157,1.226,77.294,2.222,85.96
FireVideo200_f20_jpg.rf.e218e7d4e0a5de70540d17ca39ce5c89.jpg,1,1,1.0,0.279,0.006,0.075,2.758,1.151,79.909,2.703,88.565
FireVideo200_f27_jpg.rf.f9c924e77bf218bda59191428fdd1a5f.jpg,1,1,1.0,0.287,0.006,0.076,2.655,1.627,91.973,1.912,100.149
FireVideo201_f16_jpg.rf.7e4719ffab0edd74751f307ee6f1138a.jpg,1,1,1.0,0.284,0.006,0.079,2.775,1.141,86.948,2.641,95.501
FireVideo201_f2_jpg.rf.eee32109672875a22987b78fd39b514f.jpg,1,1,1.0,0.279,0.006,0.074,2.915,1.146,76.949,1.814,84.8
FireVideo201_f4_jpg.rf.b71b29df4c9b5dc2f46e23fbbd99674a.jpg,1,1,1.0,0.283,0.006,0.075,2.75,1.14,90.91,2.269,99.127
FireVideo202_f112_jpg.rf.879be8c7005e4a5ce8acc5a616f5e7b7.jpg,1,1,1.0,0.284,0.007,0.079,2.78,1.131,76.339,1.879,84.318
FireVideo202_f15_jpg.rf.4efb45f5516f6376a1da3ecbebe68bd8.jpg,1,1,1.0,0.283,0.006,0.072,2.641,1.22,95.724,2.47,104.058
FireVideo202_f21_jpg.rf.ac77f4cfb1ab6500e997738cbe27aaa9.jpg,1,1,1.0,0.289,0.006,0.074,2.696,1.173,77.615,1.825,85.302
FireVideo202_f43_jpg.rf.a855796fbed86b96577cd7b28decff56.jpg,1,1,1.0,0.278,0.006,0.07,2.907,1.152,91.627,2.486,100.375
FireVideo202_f52_jpg.rf.d78c4461071799c9fc6181e85a3a01cc.jpg,1,1,1.0,0.293,0.007,0.079,2.885,1.153,77.57,1.833,85.479
FireVideo202_f59_jpg.rf.c45989c5b38eac2c3bf2baae804a5a1e.jpg,1,1,1.0,0.287,0.006,0.075,7.124,5.98,93.785,2.006,110.957
FireVideo202_f71_jpg.rf.61b1cf28319603b157c2615f513a6d43.jpg,1,1,1.0,0.289,0.006,0.074,2.776,1.167,88.055,2.517,96.544
FireVideo203_f12_jpg.rf.a5062667cbb00f6a77cba7842717fcf3.jpg,1,1,1.0,0.285,0.006,0.074,2.713,1.159,77.575,2.109,85.568
FireVideo203_f41_jpg.rf.8266aa4459b253fe7bb62729dc8857d6.jpg,1,1,1.0,0.291,0.006,0.079,2.944,4.334,80.053,3.641,93.71
FireVideo203_f55_jpg.rf.f505eca27c8bb7b17baa41f108532004.jpg,1,1,1.0,0.286,0.006,0.076,3.336,1.279,77.537,1.926,86.066
FireVideo204_f128_jpg.rf.d7552df439c6a4cb1b5f3d4fb93485fe.jpg,1,1,1.0,0.29,0.006,0.076,2.848,1.216,89.885,2.826,98.771
FireVideo204_f141_jpg.rf.3d13c0bd34a3b70cf9d57af4020ed0a0.jpg,1,1,1.0,0.28,0.006,0.075,2.735,1.33,77.447,1.851,85.339
FireVideo204_f224_jpg.rf.06ca7cd169665c096ea91ee4f8712069.jpg,1,1,1.0,0.298,0.006,0.077,2.893,1.215,91.699,2.212,100.13
FireVideo204_f31_jpg.rf.8468d93fd5d7a63d91355ebbf8ca6d64.jpg,1,1,1.0,0.285,0.007,0.075,2.811,1.445,77.355,1.915,85.578
FireVideo204_f50_jpg.rf.6609508bc3521c7b0fde61a33b05fc8c.jpg,1,1,1.0,0.294,0.007,0.078,2.821,1.21,101.209,2.206,109.476
FireVideo204_f72_jpg.rf.7a13fb89df347b28a5258233cbc66618.jpg,1,1,0.8808,0.272,0.074,0.076,2.653,1.168,77.034,1.966,84.921
FireVideo205_f108_jpg.rf.bb0644af3161726a9b0b9b7542685427.jpg,1,1,1.0,0.286,0.006,0.167,8.164,6.826,94.332,2.085,113.586
FireVideo205_f17_jpg.rf.dafad858bef9e9b4df8dc46ed1613988.jpg,1,1,1.0,0.219,0.005,0.157,10.075,2.458,75.651,1.889,92.116
FireVideo205_f2_jpg.rf.fe7222d3eb18cbfaf0ff1b9ab6a382c9.jpg,1,1,1.0,0.29,0.007,0.08,2.776,4.925,76.263,1.791,87.83
FireVideo205_f3_jpg.rf.8d4857c212a234bf34ff1bbb3449c789.jpg,1,1,1.0,0.275,0.006,0.067,2.735,1.157,77.638,1.888,85.358
FireVideo205_f76_jpg.rf.83bee912cec45b476d542745f32b95ad.jpg,1,1,1.0,0.217,0.004,0.05,6.87,1.302,76.422,1.819,88.352
FireVideo205_f86_jpg.rf.7816b37fef13cd3b1d0ebff22488a593.jpg,1,1,1.0,0.273,0.006,0.07,4.79,1.218,76.874,1.892,86.767
FireVideo205_f90_jpg.rf.12ca975f0220742acce6ca0dcd780b74.jpg,1,1,1.0,0.283,0.006,0.155,8.376,3.22,80.834,2.273,97.255
FireVideo206_f10_jpg.rf.5a31ddbc3103e588e2c37d140790e1dc.jpg,1,1,1.0,0.211,0.005,0.048,5.772,2.176,94.016,5.051,109.101
FireVideo206_f122_jpg.rf.b5e72f37d153feed1746bae69a65224c.jpg,1,1,1.0,0.297,0.006,0.079,2.895,1.247,76.585,1.917,84.752
FireVideo206_f21_jpg.rf.20dae6fe83d960f3f6bf57c1cc1b68db.jpg,1,1,1.0,0.285,0.006,0.077,2.944,1.799,82.786,3.956,93.504
FireVideo206_f33_jpg.rf.64af0cf394193f2fb541e94fea7c756e.jpg,1,1,1.0,0.293,0.007,0.076,2.913,1.256,77.183,1.841,85.196
FireVideo206_f4_jpg.rf.484a55e3b5958536dcdcba1badfb3720.jpg,1,1,1.0,0.291,0.007,0.075,3.294,6.158,89.977,2.167,103.723
FireVideo206_f5_jpg.rf.e7c74199475dc87f89330c69d31c346c.jpg,1,1,1.0,0.288,0.006,0.077,2.781,1.179,77.394,1.854,85.323
FireVideo206_f96_jpg.rf.eb95bd019f3dd555c4ffa443bee46f90.jpg,1,1,1.0,0.28,0.007,0.075,3.473,1.969,94.202,2.455,104.136
FireVideo208_f129_jpg.rf.4fd767fee36c1db515000acc65f2d313.jpg,1,1,1.0,0.288,0.007,0.074,3.341,1.236,77.166,2.268,86.019
FireVideo208_f37_jpg.rf.82c684f4dbd226605c29524767fbffc7.jpg,1,1,1.0,0.32,0.006,0.075,2.775,1.468,104.472,4.766,115.528
FireVideo208_f62_jpg.rf.adc3e4f239a64467d27e3a375fcb12ad.jpg,1,1,1.0,0.29,0.007,0.076,2.815,1.185,79.937,2.089,88.102
FireVideo209_f104_jpg.rf.83ece97cdfee7ed6aabfaace81125702.jpg,1,1,1.0,0.292,0.007,0.078,3.988,1.701,76.756,1.994,86.462
FireVideo209_f1_jpg.rf.f01b682a7169b7641e2078c0117a2bf8.jpg,1,1,1.0,0.296,0.007,0.08,4.732,3.657,75.533,2.125,88.111
FireVideo209_f24_jpg.rf.75b4d58ee53c06bdc9c53461a9cab4e9.jpg,1,1,1.0,0.213,0.005,0.045,5.232,6.053,75.357,2.316,90.845
FireVideo209_f36_jpg.rf.f47c978afe1a33baf8d3d3ba1d71d2b5.jpg,1,1,1.0,0.285,0.007,0.078,3.904,5.979,75.1,2.713,89.737
FireVideo209_f3_jpg.rf.203954fba8da596f25a176eee752a6c3.jpg,1,1,1.0,0.283,0.006,0.08,7.604,4.128,75.339,1.88,90.989
FireVideo209_f46_jpg.rf.4c4e9713de5c5ca77a5b7e3637f4731a.jpg,1,1,1.0,0.292,0.007,0.079,2.908,3.206,86.709,4.242,99.104
FireVideo209_f7_jpg.rf.3da78a86465d672ea7e863a29927f56a.jpg,1,1,1.0,0.286,0.006,0.075,7.232,1.238,75.541,1.87,88.275
FireVideo209_f88_jpg.rf.b29e54e5b20376afa27d2fb84596c1f7.jpg,1,1,1.0,0.276,0.006,0.072,5.288,7.198,94.431,2.438,111.277
FireVideo209_f93_jpg.rf.cca49353a55ade1f6003d44a9e23e29b.jpg,1,1,1.0,0.279,0.006,0.074,3.371,1.193,77.094,1.818,85.476
FireVideo209_f9_jpg.rf.af373ea1a01184c099ef120de371f2c2.jpg,1,1,1.0,0.284,0.006,0.078,4.411,1.205,88.961,2.456,99.097
FireVideo20_f13_jpg.rf.c949ac30f7b50c33be17f7f4a924f114.jpg,1,1,1.0,0.283,0.006,0.074,2.706,6.11,97.317,2.248,110.405
FireVideo20_f37_jpg.rf.207fe8eb1ab47ddb6dda375fd7b44d2a.jpg,1,1,1.0,0.293,0.006,0.076,11.469,10.084,109.681,4.301,137.437
FireVideo20_f48_jpg.rf.17aba74125da00e7e0ba2405900656e6.jpg,1,1,0.9999,0.313,0.005,0.053,8.744,9.004,99.908,2.288,121.847
FireVideo210_f12_jpg.rf.7a03b1527b645c8aca98a83012467268.jpg,1,1,0.9999,0.294,0.007,0.078,3.748,6.88,93.068,2.522,108.244
FireVideo210_f16_jpg.rf.9064eeb8c57a022475e0e53ff0892571.jpg,1,1,0.9996,0.292,0.007,0.075,7.633,6.651,95.688,2.488,114.734
FireVideo210_f31_jpg.rf.2c84467d34dad4db438f57768153d343.jpg,1,1,0.8515,0.28,0.006,0.077,4.127,5.18,88.921,3.341,103.539
FireVideo210_f42_jpg.rf.316023fd32376b61b2e4f80a71cb0618.jpg,1,1,1.0,0.286,0.007,0.08,7.117,6.2,74.67,1.821,91.845
FireVideo211_f0_jpg.rf.ef54d89a213c07bf60e80ebf7995e050.jpg,1,0,0.8334,0.312,0.006,0.078,7.635,6.55,88.435,2.807,107.488
FireVideo211_f11_jpg.rf.696a3657ad12c7a9f22e4ced4480eb80.jpg,1,1,1.0,0.288,0.007,0.076,9.104,1.263,99.497,2.294,114.165
FireVideo211_f14_jpg.rf.c81c6ffe826108059f72e7699297d8b2.jpg,1,1,0.9998,0.291,0.006,0.082,16.64,12.329,99.982,3.067,134.522
FireVideo211_f25_jpg.rf.cf4b8d9e4beb84b01b033d7cbfbbf8df.jpg,1,1,0.9972,0.305,0.008,0.092,14.976,6.77,83.384,2.184,109.253
FireVideo211_f33_jpg.rf.96b01591c072cd69f4aae9940dd618f1.jpg,1,1,1.0,0.289,0.007,0.081,9.409,1.744,77.002,2.242,92.522
FireVideo211_f42_jpg.rf.5f0ab532c563b640279bde474bffb541.jpg,1,1,1.0,0.284,0.007,0.075,3.042,1.259,102.452,2.498,111.259
FireVideo212_f0_jpg.rf.6338185769dc92567dc60dd7db898342.jpg,1,1,1.0,0.29,0.007,0.08,3.05,1.309,90.214,3.61,100.287
FireVideo212_f44_jpg.rf.55c1af0d812b81696356f0df7c87cc9c.jpg,1,1,1.0,0.286,0.004,0.051,7.147,6.162,77.473,2.183,94.992
FireVideo212_f47_jpg.rf.e1b33b271a682fda771f1db63221113b.jpg,1,1,1.0,0.286,0.006,0.079,7.599,6.359,86.061,3.119,105.202
FireVideo213_f8_jpg.rf.62877a2daab51cd5f7917583f15e8e12.jpg,1,1,0.6032,0.294,0.007,0.078,7.481,6.081,75.841,2.19,93.715
FireVideo214_f183_jpg.rf.80cdad20eeb3a36595e4689007ee0fc6.jpg,1,1,1.0,0.294,0.007,0.078,3.523,1.251,88.683,2.52,98.016
FireVideo214_f21_jpg.rf.a45d9e238a9ebb26ee35169b54761bbd.jpg,1,1,1.0,0.284,0.006,0.073,2.923,1.476,77.306,2.189,85.889
FireVideo214_f30_jpg.rf.b33714e8b3c931429c515967e12404f5.jpg,1,1,1.0,0.612,0.006,0.058,13.202,2.722,110.059,2.231,130.597
FireVideo214_f56_jpg.rf.e634505de2cb40e51ece965d55ea3fb6.jpg,1,1,0.7245,0.22,0.005,0.048,11.403,7.473,108.218,2.243,131.912
FireVideo214_f77_jpg.rf.ba38c9c31c87d6c9dd1d207f95852ea6.jpg,1,1,0.9471,0.284,0.006,0.067,14.604,7.239,108.833,4.214,136.936
FireVideo215_f19_jpg.rf.7ceaf70aa599df3f8a5308a2f9e0ac80.jpg,1,1,1.0,0.288,0.006,0.076,10.436,5.936,75.838,2.226,96.469
FireVideo215_f41_jpg.rf.4ef6da1f70b4ed5ea5bb2dfcdcfafe9c.jpg,1,1,0.9999,0.291,0.006,0.075,3.432,1.83,81.643,2.324,91.201
FireVideo215_f44_jpg.rf.6d660596c3ce509f650e44a5ad6604e2.jpg,1,1,1.0,0.37,0.007,0.076,2.825,1.925,76.977,2.186,85.999
FireVideo215_f64_jpg.rf.a9d12206552c9758673ff014ffa493b0.jpg,1,1,1.0,0.285,0.006,0.073,2.664,1.867,76.512,1.926,84.952
FireVideo216_f15_jpg.rf.d79ce03cde4578fa075bc7b5e07b7fc3.jpg,1,1,1.0,0.293,0.007,0.078,10.682,5.741,80.026,1.937,100.348
FireVideo216_f49_jpg.rf.32be7319843ee6b2c2d861c72f8d3f95.jpg,1,1,1.0,0.282,0.006,0.072,2.997,1.122,76.981,2.079,85.255
FireVideo216_f78_jpg.rf.66164ce38d6bfe8b2571efda1585a005.jpg,1,1,1.0,0.291,0.006,0.074,2.655,1.265,83.207,1.85,90.933
FireVideo216_f93_jpg.rf.3dc45435455e50ac26b6fc0da8574593.jpg,1,1,1.0,0.286,0.007,0.073,2.757,1.13,83.519,2.694,92.151
FireVideo217_f106_jpg.rf.7e302c13673e46a184b5fbc08890d1f5.jpg,1,1,1.0,0.285,0.007,0.074,5.715,3.886,76.136,1.854,89.652
FireVideo217_f22_jpg.rf.6edccc22becd922ee7239d390e54c96e.jpg,1,1,1.0,0.287,0.006,0.074,8.533,6.429,89.486,4.838,111.295
FireVideo217_f27_jpg.rf.e1b830e61cc5892c2c973a8c9fa868b1.jpg,1,1,1.0,0.286,0.006,0.075,8.086,5.171,75.797,1.797,92.823
FireVideo217_f32_jpg.rf.0c28fd807703dce53635af3fdd57d4eb.jpg,1,1,1.0,0.297,0.006,0.08,3.138,1.241,90.072,6.139,102.541
FireVideo217_f46_jpg.rf.89157a6ee58840faa3e4cad4a96c79e4.jpg,1,1,0.9997,0.287,0.007,0.075,2.655,1.21,77.67,1.814,85.318
FireVideo217_f67_jpg.rf.1af98eb58d3c67c8f897cbf2c40367fa.jpg,1,1,1.0,0.377,0.006,0.073,7.928,6.101,89.363,1.862,107.364
FireVideo218_f116_jpg.rf.ecd9e80ed736e90cc144189c7e58eeb8.jpg,1,1,1.0,0.376,0.006,0.075,7.346,6.393,75.881,1.825,93.498
FireVideo218_f119_jpg.rf.ec8ad137efd8d6ffa4cfb1dcc049107c.jpg,1,1,1.0,0.288,0.006,0.075,5.78,6.853,75.956,1.773,92.4
FireVideo218_f123_jpg.rf.a059874483f2982c61732cacec401a06.jpg,1,1,0.9821,0.283,0.006,0.073,8.151,6.845,91.639,5.06,113.605
FireVideo218_f139_jpg.rf.3c09bda3ee19fffb0064ba7922e625c6.jpg,1,1,1.0,0.285,0.006,0.075,6.901,5.944,75.911,1.82,92.547
FireVideo218_f16_jpg.rf.5ad4a377d7ca95d4b516c1af4cee3200.jpg,1,1,1.0,0.289,0.006,0.074,6.53,5.941,85.986,2.235,102.671
FireVideo218_f23_jpg.rf.23f68437a306aed14c74d7f86ed9fd36.jpg,1,1,1.0,0.286,0.006,0.074,6.458,6.391,75.529,1.899,92.274
FireVideo218_f39_jpg.rf.1c20ab3b0e70f9d7ce1c177a08fccdba.jpg,1,1,1.0,0.288,0.006,0.076,5.383,4.189,88.671,2.2,102.534
FireVideo219_f10_jpg.rf.f508e314e116f1786e47b115743f8fbc.jpg,1,1,1.0,0.288,0.006,0.075,2.985,1.238,77.728,1.889,85.865
FireVideo219_f14_jpg.rf.eecc349f16458f8192b8008403149dee.jpg,1,1,1.0,0.285,0.007,0.162,8.403,7.61,81.755,2.527,102.406
FireVideo219_f18_jpg.rf.e6a18ab360ac9ed2601173140a2f661e.jpg,1,1,1.0,0.286,0.006,0.076,3.35,1.184,77.697,1.848,86.138
FireVideo219_f3_jpg.rf.bfa1c1b204635f5252d443c85b089193.jpg,1,1,1.0,0.314,0.007,0.079,7.786,4.544,75.829,1.942,92.24
FireVideo219_f47_jpg.rf.b438be77986f51ab6f53be31cc13c383.jpg,1,1,1.0,0.212,0.004,0.045,7.688,4.188,75.385,2.233,91.759
FireVideo219_f51_jpg.rf.d013e3a32bbc572713b9d54055ea9a00.jpg,1,1,1.0,0.605,0.005,0.052,6.058,3.891,74.892,1.915,88.96
FireVideo219_f62_jpg.rf.a9e999b1a1779213390ce3d67c2f3dab.jpg,1,1,1.0,0.294,0.007,0.074,3.005,1.337,81.903,2.16,90.439
FireVideo21_f13_jpg.rf.9b43026e6f3a8ce243c28fc7c683ac8f.jpg,1,1,1.0,0.25,0.005,0.051,7.494,7.424,75.246,1.925,94.113
FireVideo21_f31_jpg.rf.abb4ff2877a1fd7f51b6b812b747e47f.jpg,1,1,1.0,0.29,0.007,0.078,5.238,2.69,75.135,2.101,87.207
FireVideo220_f152_jpg.rf.90af1ed9f17bacf7191d0bcd5fb54405.jpg,1,1,1.0,0.287,0.006,0.078,3.166,1.192,76.891,1.848,85.09
FireVideo220_f28_jpg.rf.5dca086d5f8eb57d458211c40c23c293.jpg,1,1,1.0,0.278,0.006,0.069,2.639,1.27,78.33,2.288,86.451
FireVideo220_f36_jpg.rf.5561c99faab09d2e8f969776cce2766a.jpg,1,1,1.0,0.369,0.006,0.077,2.735,1.252,81.844,3.158,90.883
FireVideo220_f47_jpg.rf.d68ffaa0f716a45c8b78194fe4d16950.jpg,1,1,1.0,0.295,0.007,0.078,9.463,6.427,85.864,3.287,107.049
FireVideo221_f21_jpg.rf.87bfabf9f26dcfd9e093948e7cef9f09.jpg,1,1,1.0,0.219,0.005,0.05,8.072,6.739,77.989,2.35,96.71
FireVideo221_f26_jpg.rf.4e83bd6c31be50752b20e5c33b032025.jpg,1,1,1.0,0.288,0.007,0.079,6.806,5.979,88.655,2.479,105.888
FireVideo221_f38_jpg.rf.d83c225c1f174c0a509c3b7929488155.jpg,1,1,0.8315,0.282,0.006,0.072,5.742,1.235,74.867,1.81,85.728
FireVideo221_f63_jpg.rf.0e0f0bb3497d36fbb46f8372113f258d.jpg,1,1,1.0,0.29,0.006,0.076,6.201,7.269,93.561,2.144,111.294
FireVideo222_f105_jpg.rf.b100316ef046b908f3ad8cc09e4c042e.jpg,1,1,1.0,0.285,0.007,0.074,3.752,1.214,76.07,1.799,84.951
FireVideo222_f124_jpg.rf.453b34b245ffe1fda95453965fa8a1a5.jpg,1,1,1.0,0.293,0.007,0.077,6.742,5.656,76.096,1.923,92.512
FireVideo222_f75_jpg.rf.0c37574f86436348a17c0ab3a5f7074b.jpg,1,1,1.0,0.282,0.006,0.075,7.476,6.328,76.286,2.146,94.28
FireVideo222_f91_jpg.rf.a287234bc4b590555192a60a23ff2aeb.jpg,1,1,1.0,0.268,0.005,0.059,7.002,8.433,76.051,2.299,95.775
FireVideo223_f15_jpg.rf.d79acedcddb3b044427df77c8d2e554e.jpg,1,1,1.0,0.282,0.007,0.073,8.967,5.874,99.333,2.684,118.906
FireVideo223_f19_jpg.rf.76453b41d1bee3bddce684713496cad6.jpg,1,1,1.0,0.282,0.006,0.072,7.172,5.972,75.082,1.843,92.075
FireVideo224_f17_jpg.rf.62be01d21fba5c0bcbb2b0bcc941441e.jpg,1,1,1.0,0.285,0.006,0.08,6.876,6.096,88.15,2.557,105.652
FireVideo224_f5_jpg.rf.052d3710e2566a107e18b78b2d4ef8af.jpg,1,1,1.0,0.295,0.007,0.077,8.044,5.904,75.359,1.841,93.203
FireVideo225_f1_jpg.rf.19c79d924a97e4a03c6490088047edc7.jpg,1,1,1.0,0.402,0.007,0.08,7.119,7.355,91.334,2.092,110.066
FireVideo226_f113_jpg.rf.fc7d291b6b1f83c860c2faad327cea6a.jpg,1,1,1.0,0.293,0.006,0.076,6.712,5.872,80.953,2.111,97.688
FireVideo226_f16_jpg.rf.ac467f076dd0911be2aa2aafa27cc225.jpg,1,1,1.0,0.299,0.006,0.083,9.421,5.983,76.124,1.907,95.481
FireVideo226_f53_jpg.rf.9ba84e9c4b70d88a5ec3d416c16d084a.jpg,1,1,1.0,0.291,0.006,0.079,7.468,4.348,75.079,2.714,91.581
FireVideo226_f83_jpg.rf.45324e6ddfdfdd6ee07b88bafc7e80e5.jpg,1,1,1.0,0.29,0.007,0.077,3.459,1.248,77.823,1.373,85.962
FireVideo226_f94_jpg.rf.4bda52fa47da61e5d199d103cb590e70.jpg,1,1,0.9925,0.217,0.004,0.048,6.156,4.325,94.428,2.08,109.023
FireVideo227_f10_jpg.rf.db2168c1f93f24fe4a38aca92528e2a1.jpg,1,1,1.0,0.286,0.006,0.079,4.314,1.252,77.131,1.873,86.658
FireVideo227_f38_jpg.rf.10c59a9a08b637015f4c051387084b4c.jpg,1,1,1.0,0.287,0.007,0.077,2.94,1.26,89.412,2.22,97.867
FireVideo227_f49_jpg.rf.a0e9762c53c706e9000e27a62d2a687d.jpg,1,1,1.0,0.279,0.007,0.077,2.912,1.237,77.53,1.878,85.58
FireVideo227_f5_jpg.rf.6b393fd71234b99d24347e049f5c3b60.jpg,1,1,1.0,0.29,0.006,0.078,2.895,1.243,88.817,2.533,97.588
FireVideo227_f67_jpg.rf.8a010779e3cc0e9cefebe8f1d5493baa.jpg,1,1,1.0,0.297,0.006,0.187,2.792,1.592,77.546,1.958,86.053
FireVideo228_f21_jpg.rf.4656015ec71a2b2d8fdf94032280cad4.jpg,1,1,1.0,0.284,0.006,0.077,3.179,1.334,92.32,2.556,101.391
FireVideo228_f43_jpg.rf.66c28d7134a22d87096a56a60f2f2738.jpg,1,1,1.0,0.291,0.007,0.077,3.007,1.254,83.636,2.493,92.449
FireVideo229_f16_jpg.rf.da5b06e53050417738e5d515806960b2.jpg,1,1,1.0,0.288,0.006,0.074,2.862,1.239,89.269,2.485,97.867
FireVideo22_f126_jpg.rf.cbd3352d73288ccb1991ddaca9fc0590.jpg,1,1,1.0,0.374,0.006,0.081,3.365,1.315,80.11,1.93,89.103
FireVideo22_f144_jpg.rf.0bec72cc6cf9dbfc43d5ab45ece3bdcb.jpg,1,1,1.0,0.293,0.006,0.079,9.016,6.934,76.354,1.843,96.144
FireVideo22_f75_jpg.rf.567e975925b3ba257efbc2a0919f4cf1.jpg,1,1,1.0,0.32,0.006,0.08,10.316,5.98,76.137,2.72,97.195
FireVideo22_f86_jpg.rf.1e116082b66974dd74665025a9983fbd.jpg,1,1,1.0,0.286,0.006,0.073,7.44,6.384,82.426,2.283,100.51
FireVideo230_f1_jpg.rf.0227682cd480a8dab290b45b73d9b6b2.jpg,1,1,1.0,0.279,0.006,0.075,7.08,6.036,94.164,2.518,111.79
FireVideo231_f15_jpg.rf.a79ff01ce13d7efaf0c95ecc93f97460.jpg,1,1,1.0,0.288,0.006,0.074,3.824,1.406,84.398,2.294,93.908
FireVideo232_f17_jpg.rf.448823b42a5ecf4d0d128706f433314b.jpg,1,1,1.0,0.286,0.006,0.074,3.057,1.156,93.755,2.177,102.122
FireVideo232_f2_jpg.rf.18d9b90218dc9d8e1242dac9fff444bf.jpg,1,1,1.0,0.284,0.006,0.075,2.646,1.197,77.657,1.853,85.306
FireVideo233_f104_jpg.rf.018c88a82677bc35468a2f6759dc527d.jpg,1,1,0.9991,0.284,0.006,0.08,8.848,5.275,98.999,2.208,117.357
FireVideo233_f83_jpg.rf.47dcd1a2ee64f64731c9bb8d3767dbda.jpg,1,1,1.0,0.282,0.006,0.076,2.756,1.221,76.798,1.801,84.574
FireVideo235_f10_jpg.rf.fba67e4e67f34d80bb4f9a1d7df0a77c.jpg,1,1,1.0,0.291,0.005,0.073,9.255,6.483,75.876,1.851,95.46
FireVideo235_f36_jpg.rf.8f6113ff78407dacb08e29ee781f91ea.jpg,1,1,1.0,0.291,0.006,0.079,8.881,7.789,75.999,2.309,96.973
FireVideo235_f42_jpg.rf.1dfa145cd3fd7db18b74c2c13a37fc71.jpg,1,1,1.0,0.338,0.006,0.078,8.264,4.068,75.764,1.877,91.93
FireVideo235_f7_jpg.rf.b3a26c295a88d358f9f25e2095fb24c1.jpg,1,1,1.0,0.238,0.005,0.055,6.448,4.065,92.057,6.102,110.358
FireVideo236_f0_jpg.rf.b3d1f2edeb6386657a902d0e01371595.jpg,1,1,1.0,0.289,0.007,0.078,13.978,5.538,75.852,2.019,99.222
FireVideo236_f24_jpg.rf.2321be0823c83f2d9f5d915d7c729716.jpg,1,1,1.0,0.293,0.007,0.08,8.486,1.252,89.873,2.226,103.901
FireVideo236_f70_jpg.rf.7c3d8922f26c2ac0cd556ceb9f7583b1.jpg,1,1,0.5553,0.285,0.007,0.08,7.606,5.822,75.046,1.947,92.499
FireVideo236_f76_jpg.rf.7e51389e3320530727bf5d8db9f4a5a9.jpg,1,1,0.9999,0.293,0.007,0.08,14.159,6.299,80.8,1.815,105.195
FireVideo238_f26_jpg.rf.864cd8861862383d643a7c7970928809.jpg,1,1,1.0,0.28,0.007,0.07,7.722,6.194,80.653,2.146,98.73
FireVideo238_f49_jpg.rf.79e0947f096160d4ff31c572a69b3b99.jpg,1,1,1.0,0.288,0.006,0.073,2.886,1.88,77.179,1.919,85.767
FireVideo238_f8_jpg.rf.19d79ca4af7cfd62b1da5646d3f140b7.jpg,1,1,1.0,0.27,0.006,0.071,2.731,1.151,79.208,4.345,89.359
FireVideo239_f26_jpg.rf.156e45d77688ea70f1b386409c6cb797.jpg,1,1,1.0,0.284,0.006,0.075,3.768,1.209,77.303,1.896,86.221
FireVideo23_f116_jpg.rf.c19d06afb2a48ace1bd8e6cf9f08711f.jpg,1,1,1.0,0.299,0.006,0.076,2.787,1.6,77.93,4.822,89.174
FireVideo23_f126_jpg.rf.179f6787546762b08b4279185b6458ee.jpg,1,1,0.6667,0.289,0.006,0.076,3.066,1.428,80.882,2.179,89.614
FireVideo23_f24_jpg.rf.610564594f9067713d34fd97419e1d35.jpg,1,1,0.6766,0.293,0.006,0.074,2.829,1.185,79.522,4.72,90.286
FireVideo23_f36_jpg.rf.84f1a868d5ac8effd547030896d4c967.jpg,1,1,0.9999,0.288,0.006,0.076,3.072,1.182,76.268,2.433,85.066
FireVideo23_f60_jpg.rf.61173a93e73c357493d12afdda0483b9.jpg,1,1,1.0,0.286,0.006,0.075,4.078,1.187,95.455,3.273,106.206
FireVideo23_f83_jpg.rf.f62ea63230316a299b7ed409c40634e2.jpg,1,1,1.0,0.289,0.006,0.076,2.838,1.176,76.766,1.917,84.836
FireVideo23_f96_jpg.rf.e8198e8163f8bcdf65a7b5ed3bd27a29.jpg,1,1,1.0,0.286,0.006,0.077,2.802,1.203,93.035,2.176,101.256
FireVideo240_f14_jpg.rf.37d750d8bd1d47d41ac3f42f14195156.jpg,1,1,1.0,0.61,0.005,0.047,3.982,1.383,79.809,1.979,89.504
FireVideo241_f1_jpg.rf.bab57be3aaffb0b18283539e58dbe981.jpg,1,1,1.0,0.287,0.006,0.077,3.071,1.187,88.638,2.538,97.441
FireVideo241_f4_jpg.rf.1bf55134d8396e868874ebf3ff8cc14f.jpg,1,1,1.0,0.286,0.006,0.075,3.449,1.189,76.355,1.818,84.917
FireVideo241_f53_jpg.rf.c014fe80a9ac4b280359258188151d94.jpg,1,1,0.9996,0.286,0.006,0.075,3.21,1.519,91.111,2.535,100.403
FireVideo24_f242_jpg.rf.83c75a266a8f83a4d4611d7773ec18c7.jpg,1,1,1.0,0.289,0.006,0.08,3.807,1.2,76.274,1.827,85.2
FireVideo24_f251_jpg.rf.1683b96eff65074dda6d21fff40f087d.jpg,1,1,1.0,0.287,0.006,0.076,7.062,7.914,104.601,2.129,123.668
FireVideo24_f2_jpg.rf.4a31928ac88c448818a42f814e8e3ac1.jpg,1,1,1.0,0.337,0.007,0.078,3.192,1.407,78.361,3.984,88.986
FireVideo25_f19_jpg.rf.9c15ec798f47c161a9d844545127483f.jpg,1,1,1.0,0.28,0.007,0.074,8.066,7.324,73.763,1.935,92.984
FireVideo25_f23_jpg.rf.e38a6d13cd06cfb36e7b663a601ba86b.jpg,1,1,1.0,0.279,0.006,0.076,8.884,2.134,85.21,2.523,100.804
FireVideo25_f26_jpg.rf.e7fc743bbbe456c9c25401cb95bfb216.jpg,1,1,1.0,0.283,0.006,0.075,4.384,1.195,77.432,1.897,86.947
FireVideo25_f31_jpg.rf.89b74accd024d13f02a178536ec285f2.jpg,1,1,1.0,0.291,0.007,0.075,2.737,1.247,97.415,2.237,105.632
FireVideo25_f39_jpg.rf.cfc018e95a9b6f281ab2314d6b5d1df2.jpg,1,1,1.0,0.284,0.007,0.078,2.859,1.168,76.957,1.847,84.867
FireVideo25_f46_jpg.rf.e476d3e975ade79167a6cdeb911a2c0e.jpg,1,1,1.0,0.283,0.006,0.073,3.45,1.391,95.251,2.236,104.327
FireVideo25_f58_jpg.rf.6774d9cdcb09d13bb63b06a021be8d04.jpg,1,1,1.0,0.284,0.007,0.076,2.885,1.174,76.632,1.814,84.502
FireVideo25_f65_jpg.rf.3668b38abeab5511d198a4b95604a963.jpg,1,1,1.0,0.288,0.006,0.078,7.759,7.871,96.736,2.199,116.668
FireVideo25_f71_jpg.rf.3d45ece1cd1e3bd8d4b0d357b80f2493.jpg,1,1,1.0,0.285,0.006,0.078,5.044,4.07,83.927,3.768,98.868
FireVideo25_f77_jpg.rf.f723eb6c778bb4fa6f5a762c46233292.jpg,1,1,1.0,0.289,0.006,0.078,2.746,1.39,77.354,1.782,85.336
FireVideo25_f88_jpg.rf.209b0e3c88b996b833e9f2b96358eb4e.jpg,1,1,1.0,0.285,0.007,0.075,2.709,1.159,85.085,2.284,93.21
FireVideo25_f94_jpg.rf.6624aadcd4904168455c19caccc9986d.jpg,1,1,1.0,0.287,0.007,0.076,6.261,6.021,76.2,1.892,92.426
FireVideo25_f98_jpg.rf.1dd8118084dfa522d8c0f5dad5def693.jpg,1,1,1.0,0.286,0.006,0.075,9.702,5.909,87.693,2.552,107.887
FireVideo26_f18_jpg.rf.4e1f532c7c6515f0b6674a230603db0a.jpg,1,1,1.0,0.289,0.007,0.075,10.608,3.512,81.447,2.1,99.663
FireVideo26_f70_jpg.rf.822b9fbbe436d44d7cfa9e04f0a0c3ea.jpg,1,1,1.0,0.285,0.006,0.077,9.569,6.502,87.005,2.153,107.739
FireVideo27_f106_jpg.rf.e229648a20b46206953e85e68a76fce7.jpg,1,1,0.9968,0.288,0.007,0.084,8.411,1.266,81.896,4.265,97.897
FireVideo27_f11_jpg.rf.1228f0f6a52bf607101eae8beaa1a0a1.jpg,1,1,1.0,0.288,0.004,0.049,3.594,3.736,76.349,1.925,87.51
FireVideo27_f31_jpg.rf.1018a11de14800ad97d42d042de8c613.jpg,1,1,1.0,0.274,0.007,0.172,6.952,4.116,75.425,1.82,90.469
FireVideo27_f41_jpg.rf.b277c3b48d4c2187771fb3007cfb536d.jpg,1,1,1.0,0.282,0.006,0.073,6.044,6.08,81.52,2.064,97.753
FireVideo27_f4_jpg.rf.a40bb714742479cde433b0469a9ba78a.jpg,1,1,0.9997,0.297,0.007,0.081,5.802,1.763,77.282,2.187,89.077
FireVideo27_f60_jpg.rf.700bc46e659e0e62d1b32d3508222b20.jpg,1,1,1.0,0.242,0.005,0.045,3.717,1.403,77.805,1.824,86.625
FireVideo28_f13_jpg.rf.71f89e10d3a9b255cca960d1f1f14919.jpg,1,1,1.0,0.272,0.006,0.07,2.82,1.188,76.604,1.821,84.368
FireVideo28_f44_jpg.rf.fd8b287c43a1946a6f9736b252853757.jpg,1,1,1.0,0.217,0.004,0.047,6.338,7.163,75.068,2.285,92.701
FireVideo28_f95_jpg.rf.f77c244fbe6085d1d518d27fcc6ae00e.jpg,1,1,1.0,0.283,0.006,0.074,6.938,7.867,76.471,3.569,96.887
FireVideo29_f15_jpg.rf.e02fbb8ef444c275c8f1ed60c491ed35.jpg,1,1,1.0,0.285,0.006,0.075,3.262,1.146,77.244,1.853,85.504
FireVideo29_f23_jpg.rf.b9fff464b0997babf111b6783ff9f110.jpg,1,1,1.0,0.284,0.006,0.074,8.931,7.306,90.045,2.144,110.456
FireVideo29_f30_jpg.rf.e25bbfaa0ec091a20f2dc48499bff430.jpg,1,1,1.0,0.283,0.007,0.075,8.594,5.489,75.132,1.915,93.144
FireVideo29_f3_jpg.rf.1f0e3276c7507755004172a2c86945a8.jpg,1,1,1.0,0.295,0.006,0.077,7.242,5.51,88.79,2.508,106.033
FireVideo29_f49_jpg.rf.73ae3f88067088997b5ed2a786d58653.jpg,1,1,1.0,0.287,0.006,0.073,5.066,2.181,76.196,1.896,87.397
FireVideo29_f55_jpg.rf.29075037f6709648e06d3083830a3b26.jpg,1,1,1.0,0.286,0.006,0.075,3.347,7.689,97.824,2.057,112.976
FireVideo29_f75_jpg.rf.0c9603f728d3cf96d9616e081d774efd.jpg,1,1,1.0,0.282,0.006,0.074,3.406,2.712,73.166,1.869,83.156
FireVideo29_f80_jpg.rf.473a292260f14dcd96b15a6e9be25e6e.jpg,1,1,1.0,0.284,0.006,0.074,5.337,6.673,77.56,2.113,93.664
FireVideo29_f85_jpg.rf.a92b429ac3df3f7104cd6391f0e8e2ed.jpg,1,1,0.9863,0.285,0.006,0.075,9.185,6.001,76.386,2.858,96.459
FireVideo29_f9_jpg.rf.fdb1c29f4836c8f58d9c759001586fb6.jpg,1,1,1.0,0.284,0.007,0.077,7.395,5.895,86.677,2.298,104.265
FireVideo2_f3_jpg.rf.f49d13b6b3c06db545f5796806a5c61b.jpg,1,1,1.0,0.283,0.006,0.075,7.052,7.379,83.55,2.324,102.337
FireVideo30_f43_jpg.rf.03f0d3b50515d93d4d515016b3f7532b.jpg,1,1,1.0,0.283,0.006,0.078,10.519,5.814,76.208,1.888,96.434
FireVideo30_f49_jpg.rf.e1a319d016f50a156536367563b40129.jpg,1,1,1.0,0.275,0.006,0.072,7.541,5.992,91.997,2.547,110.106
FireVideo30_f86_jpg.rf.a691d79f8ea18159b601a4bd76d6c8a7.jpg,1,1,1.0,0.281,0.006,0.078,6.978,5.915,75.632,1.89,92.433
FireVideo31_f17_jpg.rf.7e96a5fff631eb34e11f756196845fd8.jpg,1,1,1.0,0.284,0.006,0.079,6.538,7.038,89.469,2.163,107.341
FireVideo31_f39_jpg.rf.3e64defe8d5ab7a6717c085b41ae33b6.jpg,1,1,1.0,0.292,0.007,0.079,3.638,1.744,76.704,1.928,86.051
FireVideo31_f47_jpg.rf.79cc7914f532716a58d99a12ea24679a.jpg,1,1,0.9988,0.305,0.008,0.096,13.08,3.956,76.909,1.91,97.554
FireVideo31_f68_jpg.rf.d1fc2c99a5434b3f220227f09700ef17.jpg,1,1,1.0,0.29,0.006,0.077,2.888,2.638,75.786,2.084,85.973
FireVideo31_f94_jpg.rf.04590dcb6d31183213944d402b4b175b.jpg,1,1,1.0,0.471,0.005,0.051,6.452,1.717,83.32,1.878,95.481
FireVideo32_f142_jpg.rf.4f879f3c4f3dc23a1a5f222ac222fddb.jpg,1,1,1.0,0.288,0.006,0.074,2.797,1.826,83.198,2.568,92.362
FireVideo32_f14_jpg.rf.2809625534c3cbf56dee55337b010dec.jpg,1,1,1.0,0.294,0.006,0.077,7.883,6.468,75.441,1.804,93.59
FireVideo32_f15_jpg.rf.7c14802e68716200955eb8f34f8e972f.jpg,1,1,1.0,0.409,0.006,0.075,7.381,6.111,90.055,2.123,108.5
FireVideo32_f40_jpg.rf.ea1936f6507505aa6f4d201856e448a5.jpg,1,1,1.0,0.281,0.006,0.075,5.457,1.148,76.864,1.819,87.317
FireVideo32_f7_jpg.rf.e6670c8cc22db94fdffc80aff3cb27ce.jpg,1,1,1.0,0.41,0.006,0.077,3.317,1.201,90.68,2.39,99.684
FireVideo33_f25_jpg.rf.2358dd5436fb5da22afeea4fe7ef41dc.jpg,1,1,1.0,0.284,0.006,0.074,2.809,1.453,76.378,2.228,84.819
FireVideo33_f31_jpg.rf.b4977efa8cc7a0dd7a0e2360bc46aa77.jpg,1,1,0.9999,0.286,0.006,0.078,11.264,7.172,80.463,2.251,103.205
FireVideo33_f37_jpg.rf.0bf08094fd3272ba5534de3f810a9797.jpg,1,1,1.0,0.285,0.006,0.08,10.964,6.006,101.785,5.941,126.723
FireVideo33_f41_jpg.rf.593c77486340186677e03f5021cc4717.jpg,1,1,0.9957,0.276,0.007,0.077,8.084,5.772,75.891,1.813,93.588
FireVideo33_f48_jpg.rf.67922c718cf99ce1597ff4f2593317b5.jpg,1,1,1.0,0.286,0.007,0.078,11.3,6.784,92.13,2.495,115.01
FireVideo33_f62_jpg.rf.1e1fb9e908958928a044f1bdae0314bd.jpg,1,1,1.0,0.288,0.006,0.074,7.854,6.127,75.594,1.788,93.429
FireVideo34_f111_jpg.rf.ec5dddc4a21011da37433378e3812eb5.jpg,1,1,1.0,0.287,0.006,0.073,7.504,6.075,94.818,2.22,112.65
FireVideo35_f13_jpg.rf.137cef60aaa0aedc8c92a429ca9c3c86.jpg,1,1,1.0,0.283,0.006,0.075,6.563,4.724,76.603,2.208,92.124
FireVideo35_f21_jpg.rf.c927dbd0073bb87fbf32b3021c9797c0.jpg,1,1,1.0,0.283,0.006,0.074,3.558,3.638,76.392,1.875,87.573
FireVideo35_f35_jpg.rf.cd506776631a7ea8730348e46087a289.jpg,1,1,1.0,0.294,0.006,0.076,6.684,5.491,75.441,1.846,91.528
FireVideo35_f59_jpg.rf.b0162c6f2bcaeb74567dba8de4f66160.jpg,1,1,1.0,0.289,0.006,0.075,3.65,1.496,77.704,1.883,87.101
FireVideo35_f6_jpg.rf.7b042038d5129122bd3dd10b08361786.jpg,1,1,1.0,0.287,0.006,0.08,7.665,6.359,75.209,2.24,93.497
FireVideo35_f9_jpg.rf.31c7442e18e2c0a472c34931cb0b9f9f.jpg,1,1,1.0,0.285,0.007,0.079,4.78,1.159,82.875,2.294,93.078
FireVideo36_f32_jpg.rf.c408e45b297afae12f593306f1858994.jpg,1,1,1.0,0.282,0.006,0.075,2.669,1.224,77.163,2.263,85.282
FireVideo36_f61_jpg.rf.f6ed30cf4a4781bad3f0097d62765c27.jpg,1,1,1.0,0.282,0.006,0.075,4.292,1.243,78.1,2.218,87.807
FireVideo36_f77_jpg.rf.d0cd50473c6c5795d5a6eb527b2c1148.jpg,1,1,1.0,0.283,0.006,0.076,3.978,1.243,81.815,2.349,91.366
FireVideo37_f49_jpg.rf.668b383bc36287943b5a7f5266e67feb.jpg,1,1,1.0,0.281,0.007,0.073,3.276,1.158,77.467,1.783,85.69
FireVideo38_f111_jpg.rf.f0ecc581196afd5b606c1e66a154f64b.jpg,1,1,1.0,0.293,0.006,0.078,2.91,2.285,81.721,3.223,92.137
FireVideo38_f119_jpg.rf.b1c23d56f611b619c87e57afaaf23be9.jpg,1,1,1.0,0.282,0.006,0.074,8.032,6.313,75.533,1.814,93.763
FireVideo38_f23_jpg.rf.ecc285bc093b83dc353f9021319f843e.jpg,1,1,1.0,0.372,0.006,0.077,4.078,1.807,89.321,1.884,99.148
FireVideo38_f7_jpg.rf.ef1fd1b11dd1aad484141f50b43c7475.jpg,1,1,1.0,0.284,0.006,0.073,3.049,1.142,86.787,1.801,94.817
FireVideo39_f29_jpg.rf.f6b212e476de81461938748d42804d7f.jpg,1,1,0.655,0.287,0.006,0.08,4.466,1.476,89.417,1.878,99.33
FireVideo3_f15_jpg.rf.10284381970a7d1e0d18a723ec6247f3.jpg,1,1,1.0,0.283,0.007,0.073,3.55,7.382,75.925,2.27,91.185
FireVideo3_f37_jpg.rf.862ecc430e035a10042fc46f274d16bf.jpg,1,1,1.0,0.285,0.007,0.077,7.883,6.186,90.767,1.913,109.04
FireVideo40_f29_jpg.rf.48788cc01476a30fcf054cb1889674ed.jpg,1,1,0.6823,0.294,0.007,0.08,10.097,6.843,75.635,2.25,96.848
FireVideo40_f45_jpg.rf.5bee4b7b4b60d29e45045f3802ac00a1.jpg,1,1,1.0,0.283,0.006,0.138,8.998,1.176,75.833,2.233,90.25
FireVideo40_f51_jpg.rf.e7e71ab555e7390d9982c51dbd66ca16.jpg,1,1,1.0,0.284,0.007,0.076,4.35,1.197,80.09,2.285,89.993
FireVideo40_f59_jpg.rf.874582950f5d0977562e514942737537.jpg,1,1,1.0,0.282,0.007,0.08,10.804,1.473,76.014,2.286,92.59
FireVideo40_f66_jpg.rf.45e85b3ad8954ae1eef86eab4c9d6499.jpg,1,1,1.0,0.277,0.006,0.075,5.319,5.59,90.381,6.025,109.301
FireVideo41_f102_jpg.rf.d759b58ff97d466b55ba659a39c0dc23.jpg,1,1,1.0,0.286,0.006,0.078,8.726,6.06,75.392,2.284,94.458
FireVideo41_f18_jpg.rf.dca7b3aad0d526d897edb2582ec26882.jpg,1,1,1.0,0.283,0.006,0.078,9.815,8.245,94.854,2.201,117.199
FireVideo41_f2_jpg.rf.651c9a36984c38d994740ce00dba6bcc.jpg,1,1,1.0,0.291,0.006,0.078,6.419,4.759,75.488,2.289,90.989
FireVideo41_f44_jpg.rf.b0004bdf2beb016feb4b7d21c7c00e64.jpg,1,1,0.9952,0.68,0.006,0.082,10.048,5.997,74.487,2.286,95.421
FireVideo41_f5_jpg.rf.9b6efb36de710ce5dd82624800c7165b.jpg,1,1,1.0,0.288,0.007,0.078,8.392,6.023,75.956,3.257,95.825
FireVideo41_f73_jpg.rf.54ec98be8b2c587cd924dc979713a619.jpg,1,1,0.9999,0.301,0.007,0.078,11.001,6.906,76.524,2.136,98.661
FireVideo41_f96_jpg.rf.a1f00b604574a7ad9b3c193ca05bd94e.jpg,1,1,0.6682,0.281,0.006,0.079,9.283,5.852,89.506,2.053,108.755
FireVideo42_f30_jpg.rf.ad5890452d9e0e693ebc99d504a4412f.jpg,1,1,1.0,0.383,0.006,0.08,7.471,4.573,75.801,2.122,92.088
FireVideo42_f43_jpg.rf.4064c211ac894c9447e4d64ef9d5fe7a.jpg,1,1,1.0,0.291,0.006,0.078,3.157,1.175,101.249,4.484,112.018
FireVideo43_f40_jpg.rf.624f3ad3c702640adb1f2f1674c48781.jpg,1,1,1.0,0.286,0.006,0.077,2.724,1.171,77.553,2.129,85.528
FireVideo43_f45_jpg.rf.3c7e4b06ee3f1688e697c5a55488b978.jpg,1,1,1.0,0.285,0.007,0.076,2.816,1.694,91.451,2.236,100.215
FireVideo44_f11_jpg.rf.936480f1a33656ec45341191109122f7.jpg,1,1,1.0,0.283,0.007,0.163,3.13,1.25,77.794,2.179,86.376
FireVideo44_f35_jpg.rf.99b78877b6d580b67867899e8cfed1f4.jpg,1,1,1.0,0.286,0.006,0.077,11.789,6.678,82.271,2.16,104.959
FireVideo45_f127_jpg.rf.8a2a97551ea40086bab4fd9ead013faa.jpg,1,1,1.0,0.377,0.007,0.077,9.636,5.837,75.843,2.178,95.67
FireVideo45_f175_jpg.rf.8349490e2f735c3fcc1b824e90316a36.jpg,1,1,0.8372,0.215,0.004,0.051,3.489,1.481,83.421,2.226,92.151
FireVideo45_f178_jpg.rf.58a7be06544e80895f7b94e04408f441.jpg,1,1,1.0,0.29,0.006,0.074,3.072,1.183,77.548,2.279,86.096
FireVideo45_f182_jpg.rf.c6b6ac0e106ab55ff68fcf5ff009c286.jpg,1,1,1.0,0.288,0.006,0.079,3.789,1.567,77.187,5.003,89.618
FireVideo45_f185_jpg.rf.081abfc6b28a13109ee691128048d16f.jpg,1,1,1.0,0.29,0.007,0.078,4.675,1.198,77.6,2.26,87.728
FireVideo45_f188_jpg.rf.a9c48b99d89760925a1891df4185585a.jpg,1,1,1.0,0.218,0.004,0.046,2.819,1.425,77.423,2.149,85.801
FireVideo45_f191_jpg.rf.6a82f6cfc20cc4fb4fb592a048c5c81d.jpg,1,1,1.0,0.283,0.007,0.076,2.823,1.191,82.625,2.39,91.016
FireVideo45_f212_jpg.rf.e9c037c7bb96dd1a39431e0d25ea89f0.jpg,1,1,1.0,0.289,0.006,0.077,4.985,5.568,76.264,2.192,90.992
FireVideo45_f25_jpg.rf.7881a5210a359069827d9c9c16b730da.jpg,1,1,1.0,0.289,0.006,0.075,3.118,1.185,77.628,2.344,86.419
FireVideo45_f32_jpg.rf.b612988ad1dcc6191a3e55f47e6f6c28.jpg,1,1,1.0,0.294,0.006,0.077,6.676,3.854,75.619,2.909,91.002
FireVideo45_f40_jpg.rf.7a29b9c88a1e43e69168dd7e57afa408.jpg,1,1,1.0,0.285,0.006,0.076,9.074,1.833,75.707,2.961,91.606
FireVideo45_f7_jpg.rf.9998edc51bee43c30693573b5000f060.jpg,1,1,1.0,0.296,0.007,0.076,6.782,7.048,76.196,2.221,94.357
FireVideo45_f98_jpg.rf.56e8880a08ca04a69ba6c28e5c3b3fe9.jpg,1,1,1.0,0.288,0.006,0.076,7.401,5.963,79.164,2.492,96.993
FireVideo46_f22_jpg.rf.eb89bd73f549f440d5949e9f697583fa.jpg,1,1,1.0,0.286,0.006,0.075,6.427,2.785,83.035,2.189,96.476
FireVideo46_f51_jpg.rf.f02000d1dfd697e8e80c73bd62e039d1.jpg,1,1,1.0,0.362,0.006,0.073,4.087,1.809,85.095,2.577,95.639
FireVideo47_f20_jpg.rf.01b85311e2a345924ef7e4ad121b347f.jpg,1,1,1.0,0.287,0.006,0.077,3.825,1.138,77.146,2.223,86.369
FireVideo47_f2_jpg.rf.c13f4e3eaf9a0586590b0e16a4fec0f0.jpg,1,1,1.0,0.278,0.006,0.074,3.215,1.375,87.495,2.326,96.43
FireVideo48_f0_jpg.rf.a8c8a9845e43a249b693ca7d9098c26d.jpg,1,1,1.0,0.293,0.006,0.075,3.305,1.157,82.768,2.223,91.457
FireVideo48_f28_jpg.rf.1a4a925f15779745e1c57445d0dd13c4.jpg,1,1,1.0,0.291,0.006,0.075,3.122,1.162,90.789,2.274,99.325
FireVideo48_f57_jpg.rf.80ceadf1683ab73e2c3c394b9d574ed6.jpg,1,1,1.0,0.292,0.006,0.075,2.733,1.394,77.175,2.205,85.51
FireVideo49_f18_jpg.rf.0d2055a42a30472d8358a2490b421850.jpg,1,1,1.0,0.283,0.007,0.073,3.485,1.15,90.692,2.269,99.538
FireVideo49_f29_jpg.rf.7db1a3fed2e8c57ddeb85654edd12cbd.jpg,1,1,1.0,0.287,0.006,0.074,3.124,1.157,77.839,2.222,86.318
FireVideo49_f45_jpg.rf.09330f4cd20e51f4acd1b9c9574c1a74.jpg,1,1,1.0,0.283,0.006,0.076,8.725,5.656,83.164,2.222,101.781
FireVideo49_f53_jpg.rf.4b043fe3a54ab09d70bc41eee44a5c17.jpg,1,1,1.0,0.286,0.006,0.078,8.9,6.606,75.191,2.204,94.914
FireVideo49_f94_jpg.rf.a0164846abb7267a8880cb3fe8997924.jpg,1,1,1.0,0.281,0.006,0.072,6.176,2.805,76.334,2.154,89.494
FireVideo4_f48_jpg.rf.c45fad1954db98b961bd159d844363fa.jpg,1,1,1.0,0.284,0.007,0.073,2.721,1.157,76.981,2.22,85.054
FireVideo4_f5_jpg.rf.79e3d446014d3bd5446a1a16da263987.jpg,1,1,1.0,0.287,0.006,0.075,2.749,1.175,77.933,2.141,85.956
FireVideo50_f119_jpg.rf.3e0b8bfd5235dd9615bab27dd236a7a2.jpg,1,1,1.0,0.289,0.007,0.073,3.0,4.045,75.419,2.206,86.666
FireVideo50_f145_jpg.rf.b1313494380609f77895860128c7369b.jpg,1,1,1.0,0.28,0.006,0.074,4.028,1.241,76.625,2.19,86.024
FireVideo50_f43_jpg.rf.465ed41dc344b817f12c984a1781a837.jpg,1,1,1.0,0.359,0.006,0.075,2.681,3.679,75.65,2.223,86.418
FireVideo52_f10_jpg.rf.18d952e50424b7119f96912ac8ba23e1.jpg,1,1,1.0,0.281,0.006,0.078,3.219,1.159,77.674,2.156,86.264
FireVideo52_f128_jpg.rf.bf719baa208aa0d6cc1f9dd775155f0c.jpg,1,1,1.0,0.279,0.006,0.074,4.295,5.352,77.093,3.826,92.559
FireVideo52_f138_jpg.rf.7aef2f6488d8d18e551518adf93c6ce3.jpg,1,1,1.0,0.282,0.006,0.076,3.253,1.164,76.622,2.192,85.213
FireVideo52_f217_jpg.rf.0f9d4d05de9ba3c66e1a579b99bef89f.jpg,1,1,1.0,0.286,0.006,0.074,2.771,1.577,84.328,3.612,94.283
FireVideo52_f245_jpg.rf.184d28b1f07de8728ec3216e6674bbcd.jpg,1,1,1.0,0.28,0.006,0.075,2.663,1.196,77.521,1.811,85.138
FireVideo52_f266_jpg.rf.61343504bc172d83eb46e063e2ff533f.jpg,1,1,1.0,0.286,0.007,0.073,2.743,1.158,78.415,2.292,86.63
FireVideo52_f2_jpg.rf.f43fdb46b8e2d3ade26d6964e3283134.jpg,1,1,1.0,0.285,0.007,0.075,4.191,1.176,77.131,1.831,86.383
FireVideo52_f32_jpg.rf.877cbd2aa622c5d184e87901d35b0217.jpg,1,1,1.0,0.284,0.006,0.074,3.238,1.133,77.224,2.276,85.838
FireVideo52_f47_jpg.rf.396077a46715a87300fc9640f4c004e4.jpg,1,1,1.0,0.377,0.006,0.079,2.665,1.248,77.093,1.859,84.92
FireVideo53_f10_jpg.rf.86d2b36c9ce6050efa74a2addafb1607.jpg,1,1,1.0,0.287,0.006,0.075,2.661,1.221,76.629,1.927,84.371
FireVideo53_f3_jpg.rf.54bdef45893fbc848ae73439296e8f16.jpg,1,1,1.0,0.287,0.007,0.075,3.247,1.16,87.234,1.849,95.456
FireVideo53_f8_jpg.rf.7a4152d0fa2749a5c08cd901a91509b4.jpg,1,1,1.0,0.393,0.007,0.076,2.723,1.465,84.402,2.464,93.109
FireVideo54_f3_jpg.rf.9096436b46c585e100079353c7fd0ee7.jpg,1,1,1.0,0.284,0.005,0.076,2.752,1.144,77.998,1.854,85.718
FireVideo54_f86_jpg.rf.42cb183611986ff47894e83dc2df113f.jpg,1,1,1.0,0.282,0.006,0.074,3.004,1.146,85.349,2.259,93.674
FireVideo55_f42_jpg.rf.1f94a04fd547315143e9c6f647107539.jpg,1,1,1.0,0.285,0.006,0.078,2.975,1.678,82.819,1.886,91.416
FireVideo56_f31_jpg.rf.1e458898076b4de2080669dfdf55d7cc.jpg,1,1,1.0,0.288,0.006,0.08,9.091,2.709,86.832,2.182,102.848
FireVideo56_f68_jpg.rf.a6d0a6adf24b948f9cae4a8bb20ccc6c.jpg,1,1,1.0,0.273,0.007,0.071,4.441,1.293,76.271,1.929,85.916
FireVideo57_f34_jpg.rf.a5ee0b2493c6ba0f2b9dc7bef2399152.jpg,1,1,1.0,0.285,0.006,0.078,2.765,1.277,90.272,2.462,98.787
FireVideo57_f70_jpg.rf.fa6bab7c5c075fe6434803c4f7d8097d.jpg,1,1,1.0,0.286,0.006,0.08,5.474,5.373,76.11,2.267,91.336
FireVideo57_f78_jpg.rf.e50c90e1f82dff30e21ad53e8de4e93c.jpg,1,1,1.0,0.215,0.005,0.047,4.689,5.278,97.27,2.509,111.782
FireVideo59_f59_jpg.rf.5e6f6139597a901fb69f3c6d5ebca6b3.jpg,1,1,1.0,0.292,0.006,0.075,2.824,1.194,77.083,1.895,85.087
FireVideo5_f35_jpg.rf.a38834dfea91e682115effeb24ef0040.jpg,1,1,1.0,0.285,0.005,0.075,9.229,5.998,80.22,1.984,99.449
FireVideo60_f176_jpg.rf.9d0ee499e839e8541feac1fe352fe7b8.jpg,1,1,1.0,0.288,0.006,0.076,7.193,6.022,75.816,2.004,93.057
FireVideo60_f55_jpg.rf.be13faead3ac2b7331706056c5428aa0.jpg,1,1,1.0,0.29,0.006,0.075,4.632,2.072,75.418,1.913,86.091
FireVideo60_f65_jpg.rf.639e155dd73294cefb64ee09892b4cb1.jpg,1,1,1.0,0.286,0.006,0.076,3.45,3.139,80.921,2.929,93.14
FireVideo61_f11_jpg.rf.adce3199bb371ead81ef280313be970c.jpg,1,1,1.0,0.295,0.007,0.075,3.537,1.183,78.088,1.855,86.751
FireVideo61_f25_jpg.rf.4e146e08d0fa931e33de86ec334d2440.jpg,1,1,1.0,0.275,0.006,0.07,2.633,1.213,82.375,4.447,92.592
FireVideo61_f43_jpg.rf.70aabd01387c14e8ecdc68a91fe330af.jpg,1,1,1.0,0.295,0.006,0.079,3.331,1.197,101.403,2.207,110.182
FireVideo61_f65_jpg.rf.6a739a60913cec451a6c91dce24e4c61.jpg,1,1,0.9989,0.284,0.006,0.084,11.086,8.077,119.336,4.721,145.323
FireVideo62_f21_jpg.rf.73da29c1eae893b20466f994ba21dbbe.jpg,1,1,1.0,0.227,0.005,0.05,9.478,7.315,114.331,2.105,135.421
FireVideo62_f33_jpg.rf.5ed2caa12bcbad7f5200aca317e1ae58.jpg,1,1,1.0,0.254,0.005,0.06,10.639,6.456,106.346,2.227,127.361
FireVideo63_f101_jpg.rf.79a3dc27ee15874aeed3ce2035ece9e2.jpg,1,1,1.0,0.287,0.006,0.074,8.406,6.579,81.908,2.105,101.114
FireVideo63_f27_jpg.rf.ab732a737207137bc989e9b537f54d08.jpg,1,1,1.0,0.288,0.006,0.076,7.493,6.193,93.919,2.102,111.733
FireVideo63_f40_jpg.rf.c6c37840d93094ff14b1eae42c42edd6.jpg,1,1,1.0,0.286,0.007,0.075,7.296,6.421,74.998,2.01,92.747
FireVideo63_f77_jpg.rf.3b0cff8b2e3369c9a8c57e6e536476f3.jpg,1,1,1.0,0.325,0.007,0.08,3.163,2.116,83.543,1.779,92.549
FireVideo63_f96_jpg.rf.53badf6dcb7fffe3d3c33e2f27e79c9e.jpg,1,1,1.0,0.267,0.006,0.068,2.786,1.189,105.635,2.657,114.111
FireVideo64_f114_jpg.rf.2458a7450ce43a04b7b66f2a12a2027c.jpg,1,1,1.0,0.285,0.007,0.075,2.847,1.377,77.223,1.939,85.426
FireVideo64_f83_jpg.rf.df58b7dad7387af5eaa73326c25efe05.jpg,1,1,1.0,0.296,0.006,0.081,10.907,9.914,112.654,2.416,138.342
FireVideo65_f24_jpg.rf.2388e91bdfdcc5ac901bdc3fd1c71942.jpg,1,1,0.7052,0.221,0.005,0.053,17.642,8.822,114.112,2.321,144.766
FireVideo65_f29_jpg.rf.e74b2c57521a1c022bc05e7d4f973826.jpg,1,1,1.0,0.22,0.004,0.048,10.302,8.792,109.9,4.203,135.109
FireVideo65_f45_jpg.rf.be5ca8a41dbe06570332ead030e67ee1.jpg,1,1,1.0,0.588,0.007,0.072,7.316,1.258,93.648,2.115,106.757
FireVideo65_f68_jpg.rf.c835c19fcf89e5ac218fa5acc6125b4e.jpg,1,1,1.0,0.276,0.006,0.07,3.687,1.74,77.484,2.023,86.986
FireVideo66_f129_jpg.rf.8c984b1158fb2101d012b524e09d13f0.jpg,1,1,1.0,0.33,0.007,0.074,8.768,6.293,81.375,1.943,100.484
FireVideo66_f8_jpg.rf.309a475c8a3b19c0ecc620b076c26e8f.jpg,1,1,1.0,0.292,0.072,0.082,5.529,6.128,85.754,2.316,101.963
FireVideo67_f176_jpg.rf.bc0acdbe6c2eb4b7d6fd03039f3a9661.jpg,1,1,1.0,0.276,0.006,0.069,4.285,2.739,77.173,1.84,87.971
FireVideo67_f36_jpg.rf.00faeec2cd6747d19e2d34e15b9ae98d.jpg,1,1,1.0,0.27,0.006,0.07,3.133,1.3,76.399,1.897,84.558
FireVideo67_f85_jpg.rf.455ecd120877d83776e32a5234209ca7.jpg,1,1,1.0,0.209,0.004,0.048,2.538,1.433,82.774,1.9,90.519
FireVideo67_f90_jpg.rf.6f1cd43da41bf2194ec990137629d031.jpg,1,1,1.0,0.274,0.005,0.074,2.792,1.198,77.26,2.051,85.301
FireVideo68_f107_jpg.rf.641d6bbc5e5330fc7f96d30abbbdd37b.jpg,1,1,0.7397,0.264,0.005,0.071,3.035,1.953,82.501,2.08,91.448
FireVideo68_f16_jpg.rf.c7d991693b48936385d2ea8ad2d8592e.jpg,1,1,1.0,0.289,0.006,0.08,2.869,1.245,77.178,2.002,85.316
FireVideo68_f41_jpg.rf.78567a9980feb67293486078eb2027cf.jpg,1,1,1.0,0.215,0.005,0.048,2.807,1.564,76.832,1.83,85.002
FireVideo69_f15_jpg.rf.7e4d3dd42ac122431a9efe1da89514fc.jpg,1,1,0.9996,0.277,0.006,0.075,5.969,1.234,82.494,2.088,93.745
FireVideo69_f33_jpg.rf.b6e1c22b698af1ac32132b987f9e7675.jpg,1,1,1.0,0.275,0.006,0.07,2.695,1.506,89.202,1.938,97.23
FireVideo69_f48_jpg.rf.cde6240c4c1773d95f4124603023d326.jpg,1,1,1.0,0.276,0.006,0.075,4.654,1.29,77.583,3.166,88.794
FireVideo69_f64_jpg.rf.e9218755f3f005c36914a292c1dfe6c3.jpg,1,1,0.9998,0.287,0.006,0.079,7.46,6.633,76.022,2.006,94.074
FireVideo69_f69_jpg.rf.6c5273c5cc72ce093becb07839c631b8.jpg,1,1,0.9996,0.286,0.006,0.082,10.501,6.025,81.882,3.81,104.238
FireVideo6_f0_jpg.rf.e808898b148a48b5ba7ed300918c6e8a.jpg,1,1,1.0,0.29,0.007,0.076,3.398,1.198,77.79,1.917,86.365
FireVideo6_f13_jpg.rf.7092c5b5708f550c16f686c604a7b2d0.jpg,1,1,1.0,0.297,0.007,0.087,12.956,1.219,87.187,2.518,105.997
FireVideo6_f1_jpg.rf.0aa8e717000182b55a0f7f4a212df7c4.jpg,1,1,1.0,0.284,0.006,0.058,5.404,1.16,115.313,2.834,126.623
FireVideo6_f23_jpg.rf.57d95368c870a25d70c1339051a56043.jpg,1,1,1.0,0.304,0.007,0.079,5.152,7.179,115.135,2.693,132.023
FireVideo6_f39_jpg.rf.e50f2d3c93011993fccd65df3bb32f0b.jpg,1,1,1.0,0.291,0.007,0.075,7.349,7.386,92.77,2.514,112.075
FireVideo6_f56_jpg.rf.855d5fc5505bbd43ab5d33afececc06f.jpg,1,1,1.0,0.287,0.007,0.077,8.078,6.01,76.234,2.208,94.588
FireVideo6_f71_jpg.rf.95a2b0a42e179011aeb37f3d7c1c3b5e.jpg,1,1,1.0,0.289,0.006,0.076,8.444,6.602,99.133,1.88,118.1
FireVideo6_f91_jpg.rf.af2f1eca0edfd272ebe2a84be67a5d79.jpg,1,1,1.0,0.284,0.007,0.078,11.413,6.0,82.441,3.719,105.602
FireVideo74_f111_jpg.rf.4b048b301e63bde856ad4c66a21a21f8.jpg,1,1,1.0,0.288,0.006,0.078,6.643,7.783,75.288,1.845,93.553
FireVideo74_f25_jpg.rf.06bd60abc95c63b14063ad449fa3234a.jpg,1,1,1.0,0.287,0.006,0.076,4.74,2.729,79.303,4.679,94.072
FireVideo74_f33_jpg.rf.33dc0afa7327d0c16a43a4a076857b09.jpg,1,1,1.0,0.224,0.004,0.087,3.709,1.191,77.426,1.937,86.268
FireVideo74_f46_jpg.rf.e232c0246e47d8fd8680d5ad1eca96b9.jpg,1,1,1.0,0.29,0.006,0.076,2.847,1.184,81.352,6.738,94.146
FireVideo74_f97_jpg.rf.ebc5f292525f197b904ef02d170d9bad.jpg,1,1,1.0,0.286,0.006,0.076,2.773,1.19,82.481,1.745,90.277
FireVideo75_f10_jpg.rf.3b2ef95a9dffb2a83d8df61e814b886e.jpg,1,1,1.0,0.274,0.006,0.074,2.959,1.157,82.917,3.127,92.129
FireVideo75_f134_jpg.rf.b54cd231439160db84049015b82a3478.jpg,1,1,1.0,0.289,0.007,0.08,2.982,1.196,77.615,1.916,85.801
FireVideo75_f144_jpg.rf.2cabe3b2af97d2ce4c4b0afb9b48c9ff.jpg,1,1,1.0,0.348,0.004,0.118,2.743,1.585,85.882,7.287,99.62
FireVideo75_f22_jpg.rf.09f940339e632d222d7ff60136dde2f9.jpg,1,1,1.0,0.298,0.007,0.277,8.994,6.261,77.867,1.999,97.407
FireVideo75_f82_jpg.rf.533652f1f98f1fc0e4e8722feb40d5a6.jpg,1,1,1.0,0.294,0.006,0.078,6.2,1.316,89.87,2.509,101.994
FireVideo75_f99_jpg.rf.29944aaaebe4b091766375bf90669a1b.jpg,1,1,0.9995,0.295,0.007,0.079,2.39,1.382,79.691,1.989,87.477
FireVideo76_f109_jpg.rf.2b9d16570b2740338991b73d9e9643b2.jpg,1,1,1.0,0.293,0.007,0.075,2.755,1.371,100.415,2.311,108.839
FireVideo76_f34_jpg.rf.7c4eddfcf837087dc0e8e0ddf533a667.jpg,1,1,1.0,0.278,0.006,0.075,10.117,7.009,108.723,2.211,130.059
FireVideo76_f40_jpg.rf.eae83a291b5b60af8a47d11423187b5a.jpg,1,1,1.0,0.288,0.006,0.077,2.852,1.256,98.884,3.183,108.167
FireVideo76_f59_jpg.rf.840736dee8013f0e2c1eaffacd2b7fbb.jpg,1,1,1.0,0.288,0.007,0.167,2.944,1.268,96.946,2.089,105.613
FireVideo76_f76_jpg.rf.c45d0ee6b8c8bebdabe2f1dbc4077632.jpg,1,1,1.0,0.279,0.006,0.077,3.285,1.192,92.893,2.506,101.98
FireVideo76_f90_jpg.rf.879a9ba04d3219685094a108c2e54dee.jpg,1,1,1.0,0.288,0.006,0.077,3.104,1.194,77.446,2.001,85.8
FireVideo77_f55_jpg.rf.1699fd02c530a9db52ecee7a5734af66.jpg,1,1,1.0,0.219,0.005,0.048,2.855,1.194,77.958,1.857,85.807
FireVideo77_f68_jpg.rf.589423d6a1f05c768c59e97610bce224.jpg,1,1,1.0,0.276,0.006,0.067,3.202,1.197,77.154,2.191,85.788
FireVideo78_f1_jpg.rf.8b31ad538445c503319f0f3c7827192a.jpg,1,1,1.0,0.294,0.006,0.079,13.147,6.263,94.342,2.144,117.921
FireVideo78_f5_jpg.rf.1d9ee43c0b76d752ba627560c3af01ed.jpg,1,1,1.0,0.291,0.006,0.082,13.555,4.524,87.564,1.681,109.349
FireVideo79_f2_jpg.rf.7f69038c9f82706f841fd93940d1ca90.jpg,1,1,1.0,0.288,0.006,0.076,2.924,1.465,84.72,2.137,93.257
FireVideo79_f66_jpg.rf.f272b2f8f952aa64e586a45a9c2bbaae.jpg,1,1,1.0,0.283,0.007,0.078,2.932,1.397,101.752,2.407,110.528
FireVideo7_f191_jpg.rf.05d0bf740aac44e9f5946a85cf8562ab.jpg,1,1,1.0,0.294,0.006,0.079,3.217,1.334,78.214,1.946,86.708
FireVideo80_f108_jpg.rf.428619c87c2a562e5d37b7757ae8bd40.jpg,1,1,1.0,0.29,0.006,0.078,5.73,1.266,108.301,2.426,119.771
FireVideo80_f135_jpg.rf.dc3b08714339f0abd141eebf945586e9.jpg,1,1,1.0,0.288,0.006,0.076,3.326,0.983,83.556,2.104,91.911
FireVideo80_f21_jpg.rf.e7c104067c6adc8aa9df34c6b3228132.jpg,1,1,1.0,0.218,0.004,0.05,3.514,1.206,79.556,1.813,88.133
FireVideo80_f63_jpg.rf.cf3d5128ee4a26bfc18bc4fc2fdcc1ef.jpg,1,1,1.0,0.273,0.006,0.071,2.746,1.161,76.811,1.972,84.596
FireVideo80_f74_jpg.rf.b7f832ed55e35d6ba272019556c25123.jpg,1,1,1.0,0.285,0.006,0.071,5.323,1.711,80.069,1.93,91.089
FireVideo81_f132_jpg.rf.9f9ac0648efcbbe349a10231c0c57260.jpg,1,1,1.0,0.293,0.006,0.094,2.809,1.618,76.929,2.083,85.489
FireVideo81_f63_jpg.rf.217637969cb54ca11d440f283628b07a.jpg,1,1,1.0,0.314,0.005,0.049,4.898,1.275,96.729,4.232,109.472
FireVideo81_f83_jpg.rf.e0e1e96b1afcab7fac5936605746fb9b.jpg,1,1,1.0,0.354,0.007,0.078,2.969,1.287,79.433,3.488,89.272
FireVideo82_f101_jpg.rf.54032203dfdf66c0398b3ad5a105044a.jpg,1,1,1.0,0.289,0.006,0.076,3.582,1.208,77.613,2.671,87.248
FireVideo82_f14_jpg.rf.c17a63d7f093c2a96fc889b46f56955c.jpg,1,1,0.9981,0.3,0.007,0.081,15.386,5.186,92.267,2.269,117.511
FireVideo82_f67_jpg.rf.8c9265f26e026dfb82fd6893f2138ade.jpg,1,1,1.0,0.284,0.006,0.073,3.908,1.605,77.243,2.188,87.052
FireVideo83_f118_jpg.rf.70d96b550c58af0470840e11557807cc.jpg,1,1,1.0,0.291,0.006,0.077,2.812,1.199,103.338,2.309,111.663
FireVideo83_f20_jpg.rf.0382739db62ff77310847fb5fb09284e.jpg,1,1,1.0,0.289,0.008,0.078,3.198,1.182,106.495,2.173,115.18
FireVideo83_f38_jpg.rf.f11ab99fd393ca2d99f250df53bbbaff.jpg,1,1,1.0,0.216,0.005,0.049,7.285,6.267,114.761,2.167,132.12
FireVideo83_f45_jpg.rf.97f1bb9892aa11475e9126963c481794.jpg,1,1,1.0,0.273,0.006,0.064,15.876,12.442,120.377,3.673,154.168
FireVideo83_f57_jpg.rf.9c376a1dcbd12a2b73cbed88651e42fa.jpg,1,1,1.0,0.236,0.005,0.06,5.521,5.245,85.605,2.717,100.832
FireVideo83_f70_jpg.rf.8f71aae6a6de085e1e73f0b3e704aa11.jpg,1,1,1.0,0.223,0.005,0.046,9.161,8.816,119.429,3.645,142.773
FireVideo83_f98_jpg.rf.04c9a68840ec8871c62339b82bb612fb.jpg,1,1,1.0,0.559,0.006,0.06,13.78,9.95,108.391,2.498,137.015
FireVideo84_f17_jpg.rf.423f7a4dc17d3573863a51c2e235df1b.jpg,1,1,1.0,0.35,0.008,0.078,4.153,1.259,86.138,2.596,96.261
FireVideo84_f31_jpg.rf.b2103f346e1944b3702de423c39091fd.jpg,1,1,1.0,0.287,0.006,0.081,2.939,1.025,77.613,1.963,85.918
FireVideo84_f53_jpg.rf.1c24fd56c86926c2671dd65318713e90.jpg,1,1,1.0,0.29,0.007,0.074,2.994,1.249,91.265,2.487,100.077
FireVideo85_f96_jpg.rf.4a2cad5fcc15b14563c841520ffcf0b5.jpg,1,1,1.0,0.296,0.007,0.082,8.068,7.071,87.31,1.504,106.514
FireVideo86_f10_jpg.rf.4a7e5ee8ee8e7d3b960da46dbcbdeacd.jpg,1,1,1.0,0.289,0.006,0.077,4.17,1.2,88.184,2.103,97.736
FireVideo86_f1_jpg.rf.933f55fd4bbccd7ac7ce11a64f88fd2e.jpg,1,1,1.0,0.212,0.005,0.108,2.547,2.216,76.915,1.912,85.545
FireVideo86_f48_jpg.rf.238c71f8f56c95bc7cf95bd3b4d5082a.jpg,1,1,1.0,0.284,0.007,0.072,2.86,1.198,91.665,2.177,99.944
FireVideo86_f9_jpg.rf.35ce8252f42c60231a736af031cdd23f.jpg,1,1,1.0,0.292,0.007,0.075,2.866,1.211,90.078,2.554,98.827
FireVideo87_f13_jpg.rf.c6560a470eda26efc62034fbabebc33b.jpg,1,1,1.0,0.291,0.006,0.081,7.683,2.87,79.208,2.03,94.099
FireVideo87_f23_jpg.rf.7e1913a299039153432501d3e4424697.jpg,1,1,1.0,0.35,0.008,0.086,8.792,6.806,78.806,4.396,101.309
FireVideo87_f38_jpg.rf.33e4e862e32e89a1347cc20e7a2dd15d.jpg,1,1,1.0,0.277,0.006,0.059,11.886,4.973,75.066,1.743,95.367
FireVideo87_f8_jpg.rf.a0b77270470360c84dcdec26a0468ea3.jpg,1,1,1.0,0.24,0.005,0.061,14.963,6.227,77.262,2.123,102.187
FireVideo88_f144_jpg.rf.bdb0ebee24232961fe3485fafb054285.jpg,1,1,1.0,0.221,0.005,0.052,8.753,7.852,84.765,2.962,105.942
FireVideo88_f4_jpg.rf.84356e2cfa7fa74f7e1a29ed7b0e7c7c.jpg,1,1,1.0,0.306,0.006,0.068,14.99,7.467,95.939,2.381,122.877
FireVideo89_f22_jpg.rf.6214a052c3a3579f48a92c866fe4c39a.jpg,1,1,1.0,0.274,0.006,0.23,5.673,3.002,79.305,2.703,92.685
FireVideo89_f42_jpg.rf.20091e63d42a4d72901096c0c3c25453.jpg,1,1,1.0,0.296,0.007,0.081,10.016,4.913,103.68,2.446,123.109
FireVideo8_f11_jpg.rf.09d7e7b84cead8fd6fe29dc2d4e0ef25.jpg,1,1,1.0,0.287,0.006,0.077,4.457,1.139,77.472,1.853,86.924
FireVideo8_f15_jpg.rf.119af8579bd9ebea734155273fd59db8.jpg,1,1,1.0,0.281,0.006,0.075,3.096,1.202,83.782,2.37,92.417
FireVideo8_f27_jpg.rf.64af38e28eaaa526dd244c8b8887fc14.jpg,1,1,1.0,0.294,0.007,0.078,10.276,4.341,74.798,2.377,94.579
FireVideo8_f41_jpg.rf.ade12049ff4b1b6edfc7ffd8f8a80708.jpg,1,1,1.0,0.295,0.006,0.079,6.251,5.723,74.879,1.788,90.305
FireVideo8_f57_jpg.rf.58134030f5ae8cca756a7a2a2a22b819.jpg,1,1,1.0,0.297,0.006,0.08,4.405,3.504,76.986,2.423,89.453
FireVideo90_f0_jpg.rf.6ca6784764a437aee4049daaa47f1779.jpg,1,1,1.0,0.214,0.004,0.046,8.539,9.356,75.705,1.98,97.143
FireVideo90_f27_jpg.rf.d0791e2c74547bf4c4f28c90ac965c0e.jpg,1,1,1.0,0.293,0.007,0.076,7.508,8.706,89.399,2.277,109.805
FireVideo90_f40_jpg.rf.593cd61636a39abcb28ea98f376d230e.jpg,1,1,1.0,0.233,0.005,0.055,5.912,6.878,82.102,3.394,99.901
FireVideo91_f12_jpg.rf.666c255b1cc6266a80db8582a909bdce.jpg,1,1,0.9971,0.216,0.004,0.05,18.068,10.763,123.715,2.197,156.418
FireVideo91_f15_jpg.rf.a9d5308f8a526cf6d3abf1eca322f942.jpg,1,1,1.0,0.305,0.006,0.077,10.671,6.61,101.385,2.295,122.995
FireVideo91_f18_jpg.rf.2b8194c02c725d3a9b4d02ca398088c3.jpg,1,1,1.0,0.235,0.005,0.053,8.384,4.983,113.741,3.416,132.136
FireVideo91_f21_jpg.rf.cc70f6c1a2f5cf22d4d7a7f0fcea044a.jpg,1,1,1.0,0.218,0.004,0.048,11.235,7.06,123.177,3.583,146.939
FireVideo91_f28_jpg.rf.89b961c0e0d6197243e4b2e75999a0a9.jpg,1,1,1.0,0.221,0.005,0.049,6.799,6.037,124.647,1.851,140.875
FireVideo91_f42_jpg.rf.10e46451ce00dc6113329cd70f9cf9fb.jpg,1,1,1.0,0.245,0.005,0.058,6.965,4.885,118.449,2.129,134.193
FireVideo91_f48_jpg.rf.ed5d8916d6f817450aed34a15485c0f9.jpg,1,1,1.0,0.248,0.005,0.058,4.563,9.335,119.154,4.156,138.874
FireVideo92_f12_jpg.rf.cf5c9c590f9668613f8d93b9fcebb7bc.jpg,1,1,1.0,0.222,0.005,0.053,14.503,6.591,99.524,3.766,126.207
FireVideo92_f22_jpg.rf.9d9a0d6731e389c0bde11b12f0631f53.jpg,1,1,1.0,0.23,0.005,0.052,13.241,6.246,91.418,2.94,115.445
FireVideo92_f63_jpg.rf.e80bf134fb3095759c7c4728aac0c3c6.jpg,1,1,1.0,0.255,0.005,0.062,6.901,5.581,82.824,2.474,99.691
FireVideo93_f15_jpg.rf.1c6f14ca6b1c59ba70aef64f6c98fc72.jpg,1,1,1.0,0.281,0.006,0.075,7.86,7.833,97.875,2.776,118.015
FireVideo93_f21_jpg.rf.785d0d93692d1d431ac599707c08d911.jpg,1,1,1.0,0.262,0.006,0.066,8.186,7.923,106.078,2.0,125.833
FireVideo94_f0_jpg.rf.99dc3be38d28c961b6f66e676c04c661.jpg,1,1,1.0,0.22,0.005,0.048,9.368,10.737,107.396,1.678,130.816
FireVideo94_f109_jpg.rf.f5108bfb88ede5f1b87540579bdb52eb.jpg,1,1,1.0,0.222,0.005,0.049,7.741,8.011,94.101,1.971,113.41
FireVideo94_f113_jpg.rf.7c1523c59d905186fc9f82ebde81e7be.jpg,1,1,1.0,0.258,0.005,0.046,5.469,6.824,81.507,2.474,97.897
FireVideo94_f11_jpg.rf.deb79473c9da832179110741582ae456.jpg,1,1,1.0,0.221,0.004,0.048,4.686,7.42,107.427,2.79,123.906
FireVideo94_f133_jpg.rf.4fdbc26caca56555ac6cb2e6c8d2b95e.jpg,1,1,1.0,0.224,0.004,0.049,7.06,7.133,125.983,3.84,145.794
FireVideo94_f22_jpg.rf.cd8cd3084e041581d46793117aa04521.jpg,1,1,1.0,0.228,0.005,0.048,8.768,8.66,104.94,3.121,127.077
FireVideo94_f3_jpg.rf.5ec02037c7e3532fbf6e763556f28976.jpg,1,1,1.0,0.224,0.004,0.049,8.789,5.912,121.044,3.959,141.51
FireVideo94_f72_jpg.rf.0458abf41fa4c0f3fc4d073855fc6f7b.jpg,1,1,1.0,0.291,0.007,0.075,8.64,6.465,96.46,1.718,114.99
FireVideo95_f107_jpg.rf.d0c1812aa755c3af07b4471cfa8c22fb.jpg,1,1,1.0,0.286,0.006,0.079,8.277,4.286,96.392,1.828,113.679
FireVideo95_f162_jpg.rf.67564f006317fd7c145dee6aae332e83.jpg,1,1,1.0,0.221,0.005,0.05,9.001,7.271,112.249,1.697,131.78
FireVideo95_f27_jpg.rf.500612a61eae53d3c03d243e8981aa7a.jpg,1,1,1.0,0.219,0.004,0.05,7.864,8.587,111.336,2.095,131.988
FireVideo95_f44_jpg.rf.26f945ad77868d751482b56ce4a75d74.jpg,1,1,1.0,0.35,0.007,0.082,9.355,7.388,113.132,2.23,134.379
FireVideo95_f6_jpg.rf.0e290af48ab6449860a73f2b97ab272d.jpg,1,1,1.0,0.262,0.006,0.064,4.831,2.979,116.91,4.388,131.539
FireVideo95_f76_jpg.rf.eafc327ee186e014ed71aeb3cc54940b.jpg,1,1,1.0,0.221,0.004,0.046,12.386,7.139,103.327,2.468,127.269
FireVideo95_f84_jpg.rf.5c2c357927b9a0e9dd71d49c756db305.jpg,1,1,1.0,0.293,0.007,0.075,12.827,9.955,75.268,2.028,101.772
FireVideo98_f61_jpg.rf.c2f7a2ee11d96a014f135ef0b5892447.jpg,1,1,1.0,0.367,0.007,0.08,6.26,6.017,115.809,3.087,132.969
FireVideo98_f64_jpg.rf.43926f2a8320d862165a7ec9ffe3aef0.jpg,1,1,1.0,0.218,0.005,0.051,8.334,7.206,102.827,2.222,122.638
FireVideo98_f79_jpg.rf.aa9eb1ac724ab8a7098fd25a9aacb2af.jpg,1,1,1.0,0.253,0.005,0.062,7.1,4.314,118.316,2.4,133.905
FireVideo98_f97_jpg.rf.76847e3c5dce72f7f7cc5912ba1199cd.jpg,1,1,1.0,0.371,0.007,0.077,8.067,7.291,97.358,2.307,116.795
FireVideo9_f21_jpg.rf.ba5d9e53d9c2703fd9165197dc7ae454.jpg,1,1,1.0,0.229,0.005,0.048,6.438,6.246,102.819,2.471,126.699
FireVideo9_f93_jpg.rf.01302cb30342e118241a380ca54a397f.jpg,1,1,1.0,0.29,0.007,0.074,6.817,1.263,92.095,2.523,104.741
FrameVideoManual11_png.rf.ec53989f5fc0d4b41b4c83c06e967516.jpg,1,1,1.0,0.286,0.006,0.076,2.835,3.22,81.685,2.236,92.037
FrameVideoManual156_png.rf.be9cd71a035b1884a3cf674f386d37db.jpg,1,1,1.0,0.29,0.006,0.076,5.143,4.516,92.612,2.513,106.941
FrameVideoManual223_png.rf.279f6e6bf5a1d8d0e586e6a8e3a336eb.jpg,1,1,1.0,0.287,0.006,0.076,3.628,1.253,76.517,2.226,85.743
FrameVideoManual2_png.rf.41a88a76fe5fbf0da48c1fe875d6acaf.jpg,1,1,1.0,0.214,0.004,0.049,8.889,6.647,76.579,2.216,96.25
FrameVideoManual333_png.rf.353be57930fca221a1388946f1154b0a.jpg,1,1,1.0,0.294,0.006,0.083,7.279,5.896,75.841,2.302,93.299
FrameVideoManual3622_png.rf.f5a6c0c4774c317bea5ae218b25facc8.jpg,1,1,1.0,0.213,0.005,0.052,11.635,6.437,83.384,2.458,105.914
FrameVideoManual37_png.rf.2433002da73f0dad39f2f7cc4c6db4ce.jpg,1,1,1.0,0.285,0.007,0.077,3.489,8.953,80.038,2.89,97.486
FrameVideoManual3885_png.rf.f0dd2beec3b4f7c43ef9015b9eb022a1.jpg,1,1,0.9978,0.287,0.006,0.073,5.507,6.898,110.911,2.08,127.171
FrameVideoManual3889_png.rf.0d54dc9e7c8f2e52f1bf52cbc7cbf4ee.jpg,1,1,0.9994,0.215,0.005,0.051,17.337,10.634,121.296,2.892,153.947
FrameVideoManual3893_png.rf.292110df4cb301ddc07be71f6867cf00.jpg,1,1,0.9924,0.28,0.006,0.08,15.148,5.909,111.511,2.511,137.111
FrameVideoManual4328_png.rf.472e3c70c9b44e5881e3235903ae994d.jpg,1,1,1.0,0.289,0.006,0.077,7.651,1.215,75.657,2.28,88.958
FrameVideoManual4331_png.rf.c2f26a911561c9ca6ef540ded8bc1f7b.jpg,1,1,1.0,0.286,0.006,0.079,4.374,5.922,88.076,2.34,102.728
FrameVideoManual5633_png.rf.08323262cfadd5c4b788424615adc15a.jpg,1,1,1.0,0.288,0.007,0.077,5.784,5.862,82.736,2.525,98.924
FrameVideoManual5711_png.rf.f49659f806ef25355613e2c8ed7d9707.jpg,1,1,1.0,0.29,0.006,0.076,8.938,4.618,76.224,2.186,93.955
FrameVideoManual6059_png.rf.8952e097e2ca321ed163a3b6ee6b40b4.jpg,1,1,1.0,0.278,0.007,0.073,8.92,5.962,86.697,3.791,107.397
FrameVideoManual6128_png.rf.be6518f0423ea93acbddfc013c3141c2.jpg,1,1,1.0,0.37,0.007,0.072,3.013,1.24,76.989,2.186,85.483
FrameVideoManual6217_png.rf.d479daa34738c54a0aa6a7afffb153b1.jpg,1,1,1.0,0.287,0.006,0.072,3.434,1.144,95.01,2.407,104.064
FrameVideoManual6273_png.rf.b5c1eaee48f0e829add4d9a735455865.jpg,1,1,1.0,0.284,0.007,0.075,2.92,1.42,77.422,2.204,85.997
FrameVideoManual6363_png.rf.a25ef24b1ec06089d2892cbff0fc1cc9.jpg,1,1,1.0,0.29,0.006,0.074,2.757,1.135,90.422,2.456,98.741
FrameVideoManual6371_png.rf.7e34aca85a0f1afe0aea9e71217abf81.jpg,1,1,1.0,0.284,0.006,0.072,2.77,1.137,77.017,2.159,85.073
FrameVideoManual6428_png.rf.e6f0244338bb3f4d2461b7353dba74ba.jpg,1,1,1.0,0.396,0.006,0.074,3.234,1.198,91.147,2.464,100.128
FrameVideoManual691_png.rf.a36dac3141fcee563590c8b82fb0cfbb.jpg,1,1,1.0,0.289,0.007,0.078,11.587,5.75,75.776,2.173,97.354
FrameVideoManual716_png.rf.fd277cbdb9ae71777d16e6cf9091ae42.jpg,1,1,1.0,0.285,0.006,0.081,12.073,7.239,80.173,2.173,103.811
Img_1037_jpg.rf.77133f3653d196f71cb08eeaed08c3af.jpg,1,1,1.0,0.288,0.006,0.077,3.332,3.955,75.439,2.196,86.941
Img_1047_jpg.rf.84eec31d217202898a9aa53c043c5cd2.jpg,1,1,1.0,0.329,0.007,0.079,8.538,3.412,115.67,2.1,131.779
Img_1071_jpg.rf.662832397bd4208d92a0bb95d76bbd95.jpg,1,1,1.0,0.291,0.006,0.079,9.417,7.359,111.69,4.258,135.089
Img_1082_jpg.rf.0f48eb46122f723da685f1baaf9fad15.jpg,1,1,1.0,0.287,0.007,0.077,8.444,6.823,115.609,2.249,135.192
Img_1407_jpg.rf.17495bf66b4d6a8c3c55276c5a955e58.jpg,1,1,0.999,0.287,0.007,0.074,6.986,6.034,75.801,2.276,93.08
Img_1606_jpg.rf.7ac3e23128c1a7c5f243b30452ea1e20.jpg,1,1,1.0,0.289,0.007,0.081,8.232,5.991,87.641,2.524,106.424
Img_191_jpg.rf.a615bc378c9ab2fdf58225d375ad2013.jpg,1,1,1.0,0.29,0.007,0.077,3.666,1.184,82.832,2.287,92.038
Img_1962_jpg.rf.c7e9e6d9ac7c8716c1c4a249fc2b8d3a.jpg,1,1,0.9999,0.283,0.006,0.077,10.188,5.752,91.447,2.487,111.984
Img_197_jpg.rf.53a6eb78564197028cd1e29389597768.jpg,1,1,1.0,0.285,0.006,0.074,3.469,1.212,79.453,4.556,90.72
Img_2028_jpg.rf.f5e9932ad3bfe56757ba4d2f71e5c07a.jpg,1,1,1.0,0.217,0.005,0.05,10.152,5.817,80.463,2.151,100.39
Img_213_jpg.rf.18cd82bc4496adf4176be37f37068291.jpg,1,1,1.0,0.292,0.006,0.077,7.258,6.507,75.803,2.212,93.733
Img_236_jpg.rf.c434fbc7404d01eea2e8427d88ed491e.jpg,1,1,1.0,0.29,0.007,0.08,11.806,5.999,80.9,2.157,102.984
Img_332_jpg.rf.1090cd5f5b417006c721f50e4ccefd30.jpg,1,1,0.9801,0.286,0.006,0.076,8.08,6.094,88.25,2.433,106.869
Img_339_jpg.rf.66a11a112ce3d33dfd5b1bb4930fb3f2.jpg,1,0,0.7913,0.285,0.007,0.077,9.281,4.577,76.415,2.119,94.418
Img_373_jpg.rf.2bf5aba97dcdaca4fdc19676ad84dae0.jpg,1,0,0.5689,0.284,0.006,0.08,9.277,4.225,91.322,2.166,109.017
Img_394_jpg.rf.98a365dce1ccca137c2161fb1f19ce6c.jpg,1,0,0.9391,0.282,0.006,0.081,14.401,6.474,75.762,2.236,100.995
IncendiiSet2FireSmok15_jpg.rf.c66e2e391a7b13f484e9db0e5023b406.jpg,1,1,1.0,0.293,0.006,0.076,8.483,5.152,90.017,2.345,108.179
IncendiiSet2FireSmok5_jpg.rf.c14572e38ac73c306fec939524db8f6b.jpg,1,1,1.0,0.309,0.007,0.087,10.029,8.065,120.962,2.854,144.013
IncendiiSet2FireSmok90_jpg.rf.888d2711abcfa5b3626078fb165dd748.jpg,1,1,1.0,0.295,0.007,0.079,10.002,7.252,115.312,4.716,139.535
MirrorWEBFire1042_jpg.rf.70cfa713d71ad0577289d0a6be935df4.jpg,1,1,1.0,0.346,0.006,0.071,7.671,9.19,96.406,2.612,118.137
MirrorWEBFire1057_jpg.rf.324a1f9a771cc12ba59bf48457a93807.jpg,1,1,1.0,0.291,0.006,0.076,3.48,3.191,76.479,2.186,87.405
MirrorWEBFire1120_jpg.rf.17e0b7df7c436c7fe7bc513102774a0a.jpg,1,1,1.0,0.39,0.007,0.08,5.316,3.04,89.775,2.164,102.432
MirrorWEBFire1178_jpg.rf.263086b3505e278bb4ad0a8597781036.jpg,1,1,1.0,0.283,0.006,0.073,4.162,1.218,82.782,2.21,92.363
MirrorWEBFire1219_jpg.rf.4d87341947aa556b10b1011546e179c8.jpg,1,1,1.0,0.284,0.007,0.074,2.888,1.138,89.113,2.456,97.577
MirrorWEBFire1352_jpg.rf.91294bb5ea4fec9aebef05f90b17e53e.jpg,1,1,1.0,0.283,0.007,0.075,2.741,1.191,77.388,2.323,85.902
MirrorWEBFire1356_jpg.rf.0e19588c092dc62161493551f225da21.jpg,1,1,1.0,0.291,0.007,0.076,2.739,1.142,104.969,2.218,113.062
MirrorWEBFire1362_jpg.rf.0f83760b924fc9bf28454dbc2cb9409a.jpg,1,1,1.0,0.368,0.007,0.082,9.245,7.636,107.518,2.339,128.953
MirrorWEBFire1379_jpg.rf.2146f5dbc70c495743deb5cb3d8ae386.jpg,1,1,1.0,0.288,0.007,0.077,12.647,9.215,107.244,6.204,137.381
MirrorWEBFire1404_jpg.rf.7d56ca8ff9b5613365198bfe27c86004.jpg,1,1,1.0,0.347,0.006,0.075,8.411,7.154,104.65,2.498,124.914
MirrorWEBFire1440_jpg.rf.b6af066b7f11731dfbbb691ad81b5581.jpg,1,1,1.0,0.29,0.006,0.076,8.608,6.625,99.559,2.454,119.405
MirrorWEBFire1631_jpg.rf.92ef2a668dcfd159637369b861ee1e2c.jpg,1,1,1.0,0.291,0.006,0.079,5.527,5.228,83.296,3.244,99.414
MirrorWEBFire1754_jpg.rf.ef4671c413421bf8d688214a5b46a5ab.jpg,1,1,1.0,0.289,0.006,0.077,7.484,6.107,76.15,2.143,93.895
MirrorWEBFire180_jpg.rf.fc6e7f993270cc286c36878253708a49.jpg,1,1,1.0,0.282,0.006,0.077,3.355,1.192,93.561,2.507,102.689
MirrorWEBFire194_jpg.rf.6684ad9e6c2e701dbe51d99da1f19a56.jpg,1,1,1.0,0.285,0.006,0.073,2.931,1.255,105.092,2.514,113.799
MirrorWEBSmoke013_jpg.rf.9f49853cca11ba6be93b57ffdcca513d.jpg,1,1,1.0,0.294,0.008,0.078,11.772,7.419,115.781,2.649,139.75
MirrorWEBSmoke1205_jpg.rf.82ae69615c31b8cbfa931496ac20c372.jpg,1,1,1.0,0.291,0.007,0.078,9.702,7.023,114.869,2.459,136.123
MirrorWEBSmoke1654_jpg.rf.8ef62bff21d93a825093a9f42057ac8b.jpg,1,1,1.0,0.293,0.006,0.077,9.679,1.062,82.582,2.25,97.211
MirrorWEBSmoke2032_jpg.rf.d1c9d5ccf5bbd302390721c167cb7424.jpg,1,1,1.0,0.415,0.005,0.053,3.332,1.333,77.634,2.264,86.645
MirrorWEBSmoke2267_jpg.rf.228928123c0b8619b70ff38935fc07f7.jpg,1,1,1.0,0.49,0.006,0.083,3.92,3.736,75.427,2.293,87.939
MirrorWEBSmoke2286_jpg.rf.8b3987772f71ee448595158a27349877.jpg,1,1,1.0,0.566,0.007,0.079,9.52,6.653,77.47,2.321,98.728
MirrorWEBSmoke2289_jpg.rf.305f9caccfd897c7c7c1e706c5ad0a8a.jpg,1,1,0.9997,0.289,0.006,0.078,3.05,1.212,75.971,2.077,84.408
MirrorWEBSmoke2357_jpg.rf.62037c16800c7b418e3eecdd6ec54893.jpg,1,1,1.0,0.292,0.006,0.075,2.968,1.208,76.219,2.181,84.658
MirrorWEBSmoke2486_jpg.rf.86b00364036c56875cdfe70e377a2822.jpg,1,1,1.0,0.287,0.006,0.079,5.342,4.477,80.432,2.283,94.585
MirrorWEBSmoke2522_jpg.rf.9ae5142e41dec880557d996e7eeaaefd.jpg,1,1,1.0,0.289,0.006,0.072,3.368,3.85,74.655,2.887,87.416
MirrorWEBSmoke2540_jpg.rf.e1f7cd91b9ed0bf686c80bef3dff7e2c.jpg,1,1,1.0,0.287,0.006,0.079,7.837,6.431,75.025,2.229,93.609
MirrorWEBSmoke2825_jpg.rf.135bb5f1e1142c20c3d8da968452f0fb.jpg,1,1,1.0,0.292,0.006,0.076,2.772,1.274,78.837,2.428,87.33
MirrorWEBSmoke2952_jpg.rf.8c23b3f6fe905d7a463d772290da6182.jpg,1,1,1.0,0.286,0.006,0.076,2.894,1.304,77.648,2.111,85.936
MirrorWEBSmoke2999_jpg.rf.2b286420f6a32451c2bb69441dbf7e2e.jpg,1,1,1.0,0.287,0.006,0.077,2.832,1.214,77.745,2.443,86.31
MirrorWEBSmoke329_jpg.rf.0508c69b7dff4d111cc8a3dc0ec01f2f.jpg,1,1,1.0,0.21,0.004,0.047,3.018,1.208,77.03,2.222,85.349
MirrorWEBSmoke493_jpg.rf.696894fb2092a8fec2bcfed0ed000739.jpg,1,1,1.0,0.292,0.006,0.075,2.854,1.208,78.189,2.29,86.616
MirrorWEBSmoke969_jpg.rf.1fa1d0d03067943ff80aae110bca33f9.jpg,1,1,1.0,0.296,0.007,0.078,8.201,6.323,82.147,2.279,101.021
NEWFireVideo0_f12_jpg.rf.8d812236c54fa69007a5c7d247b48754.jpg,1,1,1.0,0.289,0.007,0.079,7.697,6.589,77.977,3.496,97.84
NEWFireVideo0_f156_jpg.rf.b020299850749e2b23c9dfa63038edb2.jpg,1,1,1.0,0.281,0.007,0.077,4.871,1.272,77.94,2.121,88.329
NEWFireVideo0_f304_jpg.rf.59be42bd906425689834a415e025b996.jpg,1,1,1.0,0.289,0.006,0.075,3.414,1.256,77.899,2.569,87.195
NEWFireVideo100_f136_jpg.rf.6c49e179ed4870ca53b34d7ccb97e855.jpg,1,1,1.0,0.28,0.006,0.079,6.006,1.548,76.682,2.141,88.399
NEWFireVideo100_f176_jpg.rf.e9b0ee2b01e628e1fa4f622f5c015a64.jpg,1,1,1.0,0.368,0.007,0.083,6.464,4.931,78.153,3.65,95.333
NEWFireVideo100_f256_jpg.rf.9b0bfc84a9de503a369ff30f17a39824.jpg,1,1,1.0,0.289,0.006,0.076,4.183,1.227,77.602,2.195,87.248
NEWFireVideo100_f413_jpg.rf.d9e2cc0ce657da6a7318054c0bb2da6c.jpg,1,1,1.0,0.288,0.006,0.076,2.784,1.287,87.15,2.255,95.504
NEWFireVideo100_f447_jpg.rf.07c86404a7462560c51882c301518314.jpg,1,1,1.0,0.287,0.006,0.075,3.352,1.203,78.201,2.217,87.027
NEWFireVideo100_f97_jpg.rf.f862d3b8d6f67066219933f3a37561b6.jpg,1,1,1.0,0.288,0.006,0.074,2.794,1.198,94.335,2.524,102.898
NEWFireVideo101_f30_jpg.rf.4adc33fae307f12d3dccd5e14115fea8.jpg,1,1,1.0,0.288,0.007,0.073,3.236,1.201,77.483,2.223,86.194
NEWFireVideo101_f53_jpg.rf.0cf03ee5939842cece04bc6c0e71bd47.jpg,1,1,1.0,0.288,0.007,0.074,2.795,1.203,89.896,2.457,98.387
NEWFireVideo101_f73_jpg.rf.bee86af24c8b4185ca0634445bc1e931.jpg,1,1,1.0,0.288,0.006,0.077,2.764,1.242,77.189,2.332,85.539
NEWFireVideo103_f25_jpg.rf.91a46891c69ce1695d15069dfe7b145c.jpg,1,1,1.0,0.292,0.007,0.075,2.983,1.449,92.915,2.256,101.624
NEWFireVideo103_f290_jpg.rf.f4aae01b7a2c26846047394ac344f111.jpg,1,1,1.0,0.288,0.006,0.077,3.125,1.205,76.65,1.977,85.025
NEWFireVideo103_f66_jpg.rf.ecc628fee0407487830368d38029be09.jpg,1,1,1.0,0.29,0.006,0.078,2.823,1.215,92.435,2.253,100.809
NEWFireVideo104_f49_jpg.rf.a2884598cff5b99770a5ab2521ebda54.jpg,1,0,0.7162,0.281,0.006,0.079,6.185,3.465,75.667,1.948,89.289
NEWFireVideo105_f125_jpg.rf.f85c67eadc597e6f8210f6e1541933d6.jpg,1,1,1.0,0.293,0.006,0.08,10.657,1.937,76.364,1.904,92.511
NEWFireVideo105_f149_jpg.rf.f7edbe01ee2d403ea306ee445b9d0889.jpg,1,1,1.0,0.283,0.006,0.075,7.41,3.215,82.073,3.438,98.24
NEWFireVideo105_f185_jpg.rf.b3390ca774259335747dc3c00f5d8490.jpg,1,1,0.9663,0.284,0.006,0.079,5.46,1.306,78.085,1.861,88.739
NEWFireVideo105_f238_jpg.rf.61327fb9335d079f9014934d4083e54d.jpg,1,1,1.0,0.268,0.006,0.072,3.036,1.196,77.785,2.023,85.973
NEWFireVideo106_f114_jpg.rf.c8a61fa5d8b6e54b3f1dc44b8f6fcfed.jpg,1,1,1.0,0.218,0.004,0.048,2.939,1.528,76.813,1.895,85.082
NEWFireVideo106_f311_jpg.rf.8ce85750a83430ff8f5397f579faa07f.jpg,1,1,1.0,0.293,0.006,0.171,3.321,1.276,76.818,2.04,85.569
NEWFireVideo106_f56_jpg.rf.d7abbf27d5f05c23ba840edf04b1837a.jpg,1,1,1.0,0.273,0.006,0.07,3.447,1.128,76.997,1.992,85.496
NEWFireVideo106_f653_jpg.rf.dc97dc4c8746782d0f1e65c1a8774137.jpg,1,1,1.0,0.287,0.006,0.076,3.799,1.225,76.482,1.647,85.164
NEWFireVideo106_f703_jpg.rf.d70db61247525ebfdfafa8ec07265270.jpg,1,1,1.0,0.358,0.006,0.072,3.192,4.083,75.876,1.856,86.89
NEWFireVideo107_f159_jpg.rf.c7d39c44fd02a6463739530b767a6073.jpg,1,1,1.0,0.288,0.007,0.154,9.655,5.869,76.299,4.054,98.151
NEWFireVideo107_f2_jpg.rf.6e475da44d32f77ea13a76b6c71514f8.jpg,1,1,0.9504,0.335,0.006,0.067,3.014,1.453,82.228,1.989,90.687
NEWFireVideo107_f84_jpg.rf.f8678827df28be3fdd7930d409cc831a.jpg,1,1,1.0,0.277,0.006,0.069,3.042,1.152,84.396,5.765,96.27
NEWFireVideo108_f138_jpg.rf.9c99faca80fcae2411b50362342f58c4.jpg,1,1,1.0,0.291,0.006,0.078,4.169,2.443,77.61,1.905,88.151
NEWFireVideo108_f23_jpg.rf.d3f348e7f047cc577de89c6d79888a01.jpg,1,1,1.0,0.283,0.006,0.076,2.732,1.377,87.139,2.211,95.453
NEWFireVideo108_f4_jpg.rf.bb082a5462ec03bd6a0ad7dce8fa7b1c.jpg,1,1,1.0,0.295,0.006,0.079,3.194,1.292,77.823,1.844,86.154
NEWFireVideo109_f105_jpg.rf.77f41cf41aa6e3d5fd69d06b88ba663f.jpg,1,1,1.0,0.286,0.007,0.073,2.839,1.25,92.62,2.193,100.948
NEWFireVideo109_f166_jpg.rf.402d2d4f92c8c186c8c23da367a05dc9.jpg,1,1,1.0,0.287,0.006,0.076,3.823,2.13,76.372,1.86,86.231
NEWFireVideo109_f184_jpg.rf.97401c82903c9caec1f5260e83ff2dc4.jpg,1,1,1.0,0.283,0.006,0.075,8.533,1.242,91.06,2.266,105.186
NEWFireVideo109_f255_jpg.rf.10ee9043db2184da1dd787c24da9c47f.jpg,1,1,1.0,0.361,0.006,0.076,2.755,1.823,78.04,1.894,86.59
NEWFireVideo109_f62_jpg.rf.2b90404fde8dbe162a489104f6f95950.jpg,1,1,1.0,0.286,0.007,0.076,8.498,6.236,82.367,1.979,101.091
NEWFireVideo109_f68_jpg.rf.97d303e56af8ebc4e85d07b96a439c01.jpg,1,1,1.0,0.29,0.006,0.078,3.678,1.441,76.115,1.958,85.246
NEWFireVideo109_f80_jpg.rf.7495bdedab0e3fb2e6bf909fbf17b117.jpg,1,1,1.0,0.219,0.006,0.047,7.408,5.965,75.367,1.875,92.591
NEWFireVideo109_f87_jpg.rf.6b490e1563dde751bc606870b12f02ad.jpg,1,1,1.0,0.332,0.006,0.076,8.856,6.037,75.663,3.832,96.486
NEWFireVideo10_f105_jpg.rf.c43e994f11ed1e196815488320f2d02c.jpg,1,0,0.6729,0.288,0.006,0.078,4.164,1.249,78.046,1.865,87.331
NEWFireVideo10_f26_jpg.rf.00577458df4556ffffecb46b019923c4.jpg,1,1,1.0,0.284,0.006,0.072,3.745,5.901,77.063,4.692,93.465
NEWFireVideo10_f5_jpg.rf.3d991f3f13e82478cef31af26c233a26.jpg,1,1,1.0,0.284,0.007,0.075,3.694,1.2,77.069,1.939,85.976
NEWFireVideo110_f169_jpg.rf.024b00eefa36258e5d83aaf5b6bd2749.jpg,1,1,1.0,0.293,0.007,0.078,5.316,2.594,77.073,2.795,89.772
NEWFireVideo110_f198_jpg.rf.436b7d4032d77b0a5600425744480350.jpg,1,1,1.0,0.289,0.007,0.078,3.884,4.694,77.357,1.929,89.904
NEWFireVideo110_f265_jpg.rf.bae12ac812c7735572b452cb48428cf2.jpg,1,1,1.0,0.285,0.007,0.078,6.562,5.932,86.888,3.045,104.465
NEWFireVideo110_f3_jpg.rf.a385d62804dd2eaa41bcdd8d241a7b2a.jpg,1,1,1.0,0.283,0.006,0.076,7.069,5.976,76.211,1.835,93.151
NEWFireVideo110_f56_jpg.rf.f05f3da42d647342845769c3aabd749e.jpg,1,1,1.0,0.287,0.006,0.077,3.766,1.962,84.693,3.046,95.511
NEWFireVideo111_f2_jpg.rf.813c2bdea2e7f6f1fd0981808f6cb6a3.jpg,1,1,1.0,0.283,0.006,0.073,4.775,1.271,77.503,1.839,87.409
NEWFireVideo111_f68_jpg.rf.fbb947b33414a097aa63992954b38375.jpg,1,1,1.0,0.293,0.007,0.078,4.292,1.28,87.19,2.397,97.205
NEWFireVideo111_f89_jpg.rf.fe00ca7f93f01307defc50bf1ddc3059.jpg,1,1,1.0,0.281,0.006,0.076,2.931,1.332,77.486,1.923,85.687
NEWFireVideo112_f14_jpg.rf.10f323bb2f97293d96d8f9148bbb3340.jpg,1,1,1.0,0.281,0.007,0.077,2.821,1.247,90.647,2.487,99.214
NEWFireVideo112_f23_jpg.rf.349fe6d6dceb3a85dfc6a99fc5762309.jpg,1,1,1.0,0.289,0.007,0.076,3.103,1.461,77.752,1.84,86.176
NEWFireVideo112_f57_jpg.rf.71690abf405a514f96bc349822126be5.jpg,1,1,1.0,0.289,0.006,0.077,6.49,6.42,87.732,2.403,105.14
NEWFireVideo112_f92_jpg.rf.df0855389e60df603bc8999f54782b2d.jpg,1,1,1.0,0.354,0.006,0.076,4.298,5.536,82.02,2.132,96.103
NEWFireVideo113_f114_jpg.rf.2f4dbc9edea69905c4a79444beb791d6.jpg,1,1,1.0,0.285,0.006,0.076,4.976,8.263,94.57,1.913,111.813
NEWFireVideo113_f128_jpg.rf.76fefd24307cb50a186cdb70263b347e.jpg,1,1,1.0,0.292,0.007,0.076,7.974,6.729,75.283,2.223,94.201
NEWFireVideo113_f144_jpg.rf.9540dd677645335c51235702c4d5aea8.jpg,1,1,1.0,0.285,0.007,0.075,3.173,1.46,77.627,2.224,86.446
NEWFireVideo113_f155_jpg.rf.6866b538e6e32e41598c8fa2a89a136a.jpg,1,1,1.0,0.282,0.007,0.076,2.722,1.164,95.187,2.0,103.017
NEWFireVideo113_f42_jpg.rf.7555379b3824584663c679cf69a37043.jpg,1,1,1.0,0.291,0.007,0.08,15.057,6.096,107.113,6.422,137.078
NEWFireVideo113_f96_jpg.rf.5b7da57da4ddf94f9b353a8e19d2edf2.jpg,1,1,1.0,0.267,0.006,0.07,12.944,5.659,105.598,6.037,132.028
NEWFireVideo114_f1486_jpg.rf.3c240dff3c3ebf809d45956b70312a26.jpg,1,1,1.0,0.26,0.005,0.066,2.891,3.008,88.451,2.425,99.357
NEWFireVideo114_f276_jpg.rf.8500bdb3068ec19ba8143ad6dc931082.jpg,1,1,1.0,0.206,0.005,0.047,3.178,1.243,83.396,2.244,92.022
NEWFireVideo114_f336_jpg.rf.d0b02bbfdddbde32e6766d1d6a0db762.jpg,1,1,1.0,0.291,0.006,0.075,8.908,6.299,77.172,1.906,96.365
NEWFireVideo114_f355_jpg.rf.7f9b0c27fd26028f66fd6b115d046537.jpg,1,1,1.0,0.289,0.006,0.075,3.32,1.267,76.839,3.021,86.519
NEWFireVideo114_f387_jpg.rf.3708b2661380dd0420589dbcba9e5318.jpg,1,1,1.0,0.286,0.007,0.079,3.667,1.164,77.118,2.021,86.093
NEWFireVideo114_f394_jpg.rf.c74f1444d8c090a4422d1036e2bac381.jpg,1,1,1.0,0.411,0.006,0.073,9.192,5.984,75.318,1.942,94.573
NEWFireVideo114_f426_jpg.rf.4e3152c316bad9b7f2396ec10e5f1e6d.jpg,1,1,1.0,0.336,0.006,0.077,7.192,5.967,90.864,2.544,108.626
NEWFireVideo114_f460_jpg.rf.9e9792207b79ab84e828c894eeb6d6d0.jpg,1,1,1.0,0.289,0.007,0.075,6.849,6.015,75.055,1.819,91.71
NEWFireVideo114_f530_jpg.rf.b3da270e69992f5d08632fdb29816d62.jpg,1,1,1.0,0.291,0.007,0.078,7.634,6.04,95.866,2.525,114.141
NEWFireVideo114_f579_jpg.rf.5099552ef0802d9557ff5c020d753273.jpg,1,1,1.0,0.266,0.006,0.056,8.693,7.006,121.56,2.312,141.645
NEWFireVideo114_f648_jpg.rf.38dcdfcb6d5ab3c618230e6d096d3138.jpg,1,1,1.0,0.552,0.006,0.056,5.941,9.715,113.89,5.865,137.333
NEWFireVideo114_f707_jpg.rf.29f166bf9c97f983633fdff4d4df7483.jpg,1,1,1.0,0.356,0.006,0.07,8.758,8.901,111.25,2.042,133.142
NEWFireVideo114_f735_jpg.rf.456dce0e99e1ef7cfd41e0f62cdd2fe7.jpg,1,1,1.0,0.297,0.007,0.076,7.757,6.637,76.291,1.872,94.642
NEWFireVideo114_f759_jpg.rf.b9de7601280827caf1aece97a7458814.jpg,1,1,1.0,0.285,0.006,0.075,6.861,6.182,92.698,2.473,110.317
NEWFireVideo114_f881_jpg.rf.092db2adef75a55aed17df25a1663763.jpg,1,1,1.0,0.296,0.006,0.076,6.571,5.363,76.127,2.087,92.187
NEWFireVideo114_f907_jpg.rf.d4155fec8dbbcb6a54c8cd12e992f01a.jpg,1,1,1.0,0.219,0.004,0.047,6.476,5.893,75.284,2.49,92.117
NEWFireVideo115_f137_jpg.rf.fa4b11a970e05e6a145b1c3ef5981d0b.jpg,1,1,1.0,0.283,0.006,0.075,6.467,6.369,75.088,2.108,92.016
NEWFireVideo115_f216_jpg.rf.dc16cc09a2e924febbdf8e9b9d238c0e.jpg,1,1,1.0,0.21,0.004,0.046,4.262,1.007,82.544,1.925,91.631
NEWFireVideo115_f332_jpg.rf.8fac0e52466165714387b073d36013c9.jpg,1,1,1.0,0.276,0.007,0.07,3.343,1.296,77.825,2.033,86.534
NEWFireVideo115_f49_jpg.rf.40170fa29f57d111208b68fefbf844a7.jpg,1,1,1.0,0.211,0.004,0.047,4.225,1.013,83.161,2.007,92.376
NEWFireVideo117_f127_jpg.rf.077252f75d2e0314364eed6c18225024.jpg,1,1,0.9681,0.362,0.006,0.081,6.47,6.494,76.872,4.737,96.642
NEWFireVideo117_f1_jpg.rf.1e20a4bd6211553e6295fcab5e94b7b6.jpg,1,1,1.0,0.283,0.006,0.075,4.571,1.56,77.336,2.012,87.503
NEWFireVideo118_f11_jpg.rf.8876c7cbea83a4f03138c7e669b648ad.jpg,1,1,1.0,0.289,0.006,0.073,3.834,1.239,80.58,3.821,91.483
NEWFireVideo118_f23_jpg.rf.fd69b06c14cdcdf8c64d2d7c92a58cb5.jpg,1,0,0.7308,0.293,0.006,0.081,8.535,1.266,77.667,2.259,91.821
NEWFireVideo118_f69_jpg.rf.a0d3f2889914502a19963a0e431db46b.jpg,1,1,1.0,0.367,0.006,0.081,5.867,1.274,87.477,2.483,99.264
NEWFireVideo119_f150_jpg.rf.e6edf7fc44202969433a814d325916b7.jpg,1,1,1.0,0.286,0.006,0.076,4.314,1.204,77.971,2.192,87.687
NEWFireVideo119_f174_jpg.rf.07b6ea6412f850e9704f735336171ef2.jpg,1,1,1.0,0.391,0.007,0.079,3.451,1.567,98.475,2.081,107.677
NEWFireVideo119_f2_jpg.rf.4496ac05399aec569dcaa593fe5be406.jpg,1,1,1.0,0.286,0.006,0.077,2.877,1.319,77.834,2.178,86.192
NEWFireVideo119_f487_jpg.rf.8da720ba73ec70bd41557d4a3a42e2cc.jpg,1,1,1.0,0.288,0.006,0.078,2.892,3.162,91.711,2.422,102.201
NEWFireVideo119_f502_jpg.rf.8e4903f978e665b90f9c2bda1daf8e35.jpg,1,1,1.0,0.287,0.007,0.074,6.792,5.944,75.25,2.205,92.203
NEWFireVideo119_f885_jpg.rf.e7daa4c3038745c2a03d65b2438b0f12.jpg,1,1,0.9905,0.3,0.007,0.081,9.821,7.794,87.331,2.231,109.213
NEWFireVideo11_f21_jpg.rf.d9863082ec68f6fa9f047e8f1fdc2467.jpg,1,1,1.0,0.284,0.006,0.073,9.145,6.556,75.373,2.182,95.524
NEWFireVideo120_f167_jpg.rf.3d244afeaeabd317654fa18982dc01ff.jpg,1,1,1.0,0.285,0.006,0.079,9.71,5.724,76.392,2.205,96.095
NEWFireVideo120_f505_jpg.rf.9aee8fb43a6dcaf5baa19981bf4d4842.jpg,1,1,1.0,0.286,0.006,0.078,7.635,5.91,80.823,2.583,98.953
NEWFireVideo121_f100_jpg.rf.c834d1d6c5ee3d7af0c05215d9dbd55a.jpg,1,1,0.9999,0.306,0.007,0.075,10.368,6.499,74.74,2.256,95.905
NEWFireVideo121_f111_jpg.rf.25e6b9bcb3c0d1606302e21046122138.jpg,1,1,1.0,0.287,0.006,0.076,8.808,1.317,89.408,2.495,104.158
NEWFireVideo121_f163_jpg.rf.27e950cd5e35bc2eea62d3bfed90e30d.jpg,1,0,0.529,0.291,0.006,0.077,4.262,1.212,77.902,2.175,87.575
NEWFireVideo121_f186_jpg.rf.8756e2a8f18e7d3e19dd7788225e8d14.jpg,1,1,1.0,0.294,0.007,0.077,2.754,1.292,93.298,2.514,101.873
NEWFireVideo121_f25_jpg.rf.0f4f1053e0a738138d38e34bc328225f.jpg,1,1,1.0,0.293,0.006,0.079,3.151,1.201,77.963,2.182,86.589
NEWFireVideo121_f5_jpg.rf.254433b8dfbab1eec48735dc5fdcc152.jpg,1,1,1.0,0.287,0.006,0.08,3.099,1.187,93.621,2.469,103.026
NEWFireVideo122_f0_jpg.rf.c2c43f8f0c7257d71c6317f1cad20fd2.jpg,1,1,1.0,0.292,0.007,0.08,4.859,1.213,77.415,2.179,87.75
NEWFireVideo122_f293_jpg.rf.66de70bf442897c81733c41da49b0f59.jpg,1,1,1.0,0.301,0.006,0.078,11.66,5.325,77.927,2.239,99.13
NEWFireVideo123_f127_jpg.rf.1ef888440983a6563ff52d69d694a70c.jpg,1,1,1.0,0.289,0.007,0.08,11.598,8.25,76.487,2.455,100.911
NEWFireVideo123_f61_jpg.rf.3ac367443d9202dcdaf2ef7f0c3f4481.jpg,1,1,1.0,0.296,0.007,0.08,3.417,1.238,81.906,2.679,91.302
NEWFireVideo123_f82_jpg.rf.78f713ca9fc773b36380a9e1a584d9c8.jpg,1,1,1.0,0.296,0.006,0.077,4.829,1.164,74.926,2.451,85.321
NEWFireVideo123_f93_jpg.rf.7840275ca45abbfbee8faa22bad6210c.jpg,1,1,1.0,0.292,0.006,0.075,3.302,1.176,77.129,2.185,85.767
NEWFireVideo124_f12_jpg.rf.6b817100e79132a03e7101cf09f7972a.jpg,1,1,1.0,0.284,0.007,0.074,2.94,1.335,77.271,2.811,86.307
NEWFireVideo124_f24_jpg.rf.bea21887bbc2685c962d076cbecbdf07.jpg,1,1,1.0,0.282,0.006,0.073,3.573,2.86,77.579,2.218,88.236
NEWFireVideo125_f110_jpg.rf.09d6771745cb78cd526d8c510fb89bc0.jpg,1,1,1.0,0.285,0.006,0.075,4.491,4.529,75.7,2.292,89.069
NEWFireVideo125_f202_jpg.rf.7e3ba4e08209b8f77705276475480095.jpg,1,1,0.9999,0.281,0.006,0.138,10.049,5.789,75.716,2.095,95.768
NEWFireVideo125_f68_jpg.rf.0d1a2da265fe93adcb73f54decda8c1e.jpg,1,1,1.0,0.29,0.006,0.076,6.897,1.257,80.517,2.376,93.037
NEWFireVideo126_f138_jpg.rf.b2f9f1fb7a6cf3c95bca73af4983872b.jpg,1,1,1.0,0.282,0.006,0.077,3.195,1.175,77.958,1.805,86.08
NEWFireVideo126_f15_jpg.rf.818384700b53f86e0d3f1909dcf0b475.jpg,1,1,1.0,0.28,0.006,0.174,4.849,2.706,86.413,4.46,100.583
NEWFireVideo126_f38_jpg.rf.282d5d67511a7595a735fbcab0424a17.jpg,1,1,1.0,0.279,0.006,0.075,7.304,5.975,75.647,1.83,92.742
NEWFireVideo126_f83_jpg.rf.88f911a9d02958202b21f5cc998e186b.jpg,1,1,1.0,0.281,0.006,0.073,5.298,4.669,86.944,2.227,101.273
NEWFireVideo127_f144_jpg.rf.11e7ea719754c18210e80fd0cc8ee8fb.jpg,1,1,1.0,0.287,0.006,0.075,6.841,3.646,75.759,1.907,90.183
NEWFireVideo127_f238_jpg.rf.fe650a60f8bd96cfb437ecae4630e0c2.jpg,1,1,1.0,0.286,0.006,0.076,3.911,1.457,91.805,2.234,101.425
NEWFireVideo127_f275_jpg.rf.e4b79dc6f97a6f8cb6137a2b6e248b65.jpg,1,1,1.0,0.289,0.006,0.077,4.865,1.704,78.541,1.891,89.021
NEWFireVideo127_f364_jpg.rf.555888bdcec3aa0847346ee2cd1d9bce.jpg,1,1,1.0,0.295,0.006,0.074,7.902,6.27,89.941,1.887,108.109
NEWFireVideo127_f378_jpg.rf.8b656a6965b954d136be491aa96b3547.jpg,1,1,1.0,0.291,0.007,0.074,4.281,2.727,75.144,4.537,89.356
NEWFireVideo127_f41_jpg.rf.8faca2e60a2c92ecf9a4965f05978742.jpg,1,1,1.0,0.29,0.007,0.077,7.578,6.418,75.781,2.507,94.286
NEWFireVideo127_f4_jpg.rf.966bbc2b5726b01242f689f6f85cdf0c.jpg,1,1,1.0,0.283,0.006,0.078,9.092,10.708,92.546,2.611,117.0
NEWFireVideo128_f0_jpg.rf.68669d626165540618def5ab7179e662.jpg,1,1,0.9968,0.242,0.005,0.044,5.282,4.089,76.747,2.061,89.715
NEWFireVideo128_f108_jpg.rf.bad9e919466c04b07601e198251d2b00.jpg,1,1,1.0,0.224,0.004,0.051,8.049,3.767,89.995,2.189,105.587
NEWFireVideo128_f236_jpg.rf.ca87ad165bac1b78e2ee8ba569296602.jpg,1,1,1.0,0.231,0.005,0.053,2.915,1.125,78.204,2.624,86.906
NEWFireVideo128_f457_jpg.rf.1d5d38b89f5527bb04c50997da8e39f6.jpg,1,1,1.0,0.293,0.006,0.082,6.214,2.735,90.58,2.667,104.66
NEWFireVideo128_f486_jpg.rf.853f131f522f62d462fc482a3aae59b9.jpg,1,1,1.0,0.296,0.007,0.076,3.041,1.231,78.311,1.912,86.609
NEWFireVideo128_f536_jpg.rf.5193ae8b7f4c0d53aca1a36e8c51e741.jpg,1,1,1.0,0.291,0.006,0.079,8.683,6.561,79.223,1.849,98.327
NEWFireVideo128_f57_jpg.rf.337f234316e5e0956d2d1184978af633.jpg,1,1,1.0,0.292,0.007,0.082,5.313,5.954,75.868,2.02,91.201
NEWFireVideo128_f99_jpg.rf.52bc1b5223539a48ead3ba9bfb1ec948.jpg,1,1,1.0,0.218,0.005,0.051,7.719,6.036,74.955,1.899,92.565
NEWFireVideo129_f4_jpg.rf.634c2f3091060b63031796b122dc3ee5.jpg,1,1,1.0,0.285,0.007,0.075,8.345,6.182,87.157,3.704,107.363
NEWFireVideo129_f93_jpg.rf.a8f86f93048275e777b61ee513c2da6c.jpg,1,1,1.0,0.281,0.007,0.073,4.218,1.205,77.883,1.871,87.139
NEWFireVideo12_f13_jpg.rf.9a917a3c4cbe12f96991aed3ead0a612.jpg,1,1,1.0,0.285,0.006,0.079,8.828,2.324,89.115,2.389,104.688
NEWFireVideo12_f4_jpg.rf.482722dc8425a5d6615c788d51837a92.jpg,1,1,1.0,0.378,0.007,0.074,4.341,1.206,77.319,1.848,86.798
NEWFireVideo12_f58_jpg.rf.d98ac3a274b3fb964bd754755ec4f7fc.jpg,1,1,1.0,0.283,0.007,0.075,5.139,4.349,88.239,2.294,102.117
NEWFireVideo12_f74_jpg.rf.a1a9edb9803738facb4807e24ed11039.jpg,1,1,1.0,0.291,0.006,0.082,9.661,2.0,75.58,1.832,91.164
NEWFireVideo130_f101_jpg.rf.b05e3bac1c90466d991ea66e1b3b1842.jpg,1,1,1.0,0.285,0.007,0.076,3.836,1.203,92.448,2.244,101.831
NEWFireVideo130_f120_jpg.rf.dd2162f013e028f34f0473490afbc60c.jpg,1,1,1.0,0.317,0.008,0.091,4.277,1.207,76.793,1.956,86.315
NEWFireVideo130_f124_jpg.rf.f487510b31815a923e6418fd43790954.jpg,1,1,1.0,0.294,0.007,0.081,9.92,5.93,77.02,1.852,96.799
NEWFireVideo130_f139_jpg.rf.6d1f31d363faa2b102653c9d23e78b9c.jpg,1,1,1.0,0.282,0.006,0.071,7.755,7.059,76.275,1.822,94.938
NEWFireVideo130_f160_jpg.rf.6b83d05c340dcf9b7f7d74aa7f0d4d2b.jpg,1,1,1.0,0.286,0.006,0.078,9.692,6.84,76.287,1.835,96.742
NEWFireVideo130_f4_jpg.rf.a9679138b6655e9ac3dec79637b337d6.jpg,1,1,1.0,0.282,0.007,0.076,6.587,6.645,79.282,2.504,96.967
NEWFireVideo131_f102_jpg.rf.3470215efe7540ba8eab3ea8252ff178.jpg,1,1,1.0,0.288,0.007,0.074,9.15,7.016,75.211,1.846,95.355
NEWFireVideo131_f14_jpg.rf.578d8ce104356a0d03a73e3bfb2924d9.jpg,1,1,1.0,0.275,0.007,0.261,2.866,1.155,86.452,5.728,98.299
NEWFireVideo131_f79_jpg.rf.eaaef85f987efeb85ff79c0a71ab85f0.jpg,1,1,1.0,0.282,0.007,0.077,2.681,1.266,77.029,1.833,84.801
NEWFireVideo131_f8_jpg.rf.63e157779d08f809cca0d64892cc2930.jpg,1,1,1.0,0.286,0.007,0.074,2.72,4.704,102.352,5.201,117.016
NEWFireVideo132_f153_jpg.rf.a1e44d10543be640787dd620460a1ef4.jpg,1,1,1.0,0.238,0.005,0.052,7.135,6.375,115.925,2.32,133.459
NEWFireVideo132_f183_jpg.rf.e6761c1cad41f1269d93e1e4634e40c1.jpg,1,1,1.0,0.232,0.005,0.528,12.278,10.858,121.455,1.965,148.734
NEWFireVideo134_f129_jpg.rf.2f382bd2712676ba3c4fb7b36847ad9d.jpg,1,1,1.0,0.219,0.004,0.045,10.059,8.156,88.305,2.403,110.518
NEWFireVideo134_f285_jpg.rf.2821acc2e4ea80f87e953bf2eab2306d.jpg,1,1,1.0,0.292,0.006,0.073,12.239,6.944,91.636,2.511,115.602
NEWFireVideo136_f16_jpg.rf.d83b7c028c0500589ae1fa7ebd55f640.jpg,1,1,0.9965,0.292,0.007,0.078,6.974,6.23,77.207,2.685,95.126
NEWFireVideo136_f395_jpg.rf.7f4869a18fa96d9ac87ae93c77340eda.jpg,1,1,0.9998,0.288,0.007,0.079,7.741,6.008,76.167,1.838,93.775
NEWFireVideo136_f450_jpg.rf.0d8bf69eb653072d4e7a04ce697bceec.jpg,1,1,1.0,0.28,0.007,0.076,7.671,6.021,87.063,2.48,105.253
NEWFireVideo136_f56_jpg.rf.49de071e8d0144a9007cc7da45e0f178.jpg,1,1,1.0,0.283,0.006,0.078,8.164,10.796,119.394,2.613,142.961
NEWFireVideo137_f332_jpg.rf.8957fc67f66b51a20351d7cc9dd300f4.jpg,1,1,1.0,0.293,0.006,0.075,11.83,6.516,117.761,3.903,142.149
NEWFireVideo137_f72_jpg.rf.5262c30c85ac1dcf956c58f1b735b3d5.jpg,1,1,1.0,0.291,0.006,0.275,8.071,6.866,116.525,2.529,136.323
NEWFireVideo138_f201_jpg.rf.1bf746220bc81e9b2ff89f119f823e9f.jpg,1,1,1.0,0.286,0.006,0.078,7.636,3.414,80.162,2.733,96.33
NEWFireVideo138_f467_jpg.rf.f98c706ae1524c25c32279d7f8c84996.jpg,1,1,1.0,0.26,0.006,0.067,10.036,7.661,85.357,2.551,107.496
NEWFireVideo138_f519_jpg.rf.881567412ba5ce8e23261ac5c348be0e.jpg,1,1,1.0,0.27,0.005,0.051,5.814,1.444,83.576,2.305,94.749
NEWFireVideo138_f531_jpg.rf.84d7e3d6eac20f056607aa2c209a9d36.jpg,1,1,1.0,0.295,0.007,0.077,7.233,7.154,89.446,2.258,108.074
NEWFireVideo138_f613_jpg.rf.f9dd7165f5245ff63b8aec270a139036.jpg,1,1,1.0,0.287,0.006,0.076,3.314,1.431,77.607,1.953,86.335
NEWFireVideo138_f72_jpg.rf.0735750a3ed4f3d4062e9bdc1ecd7f6c.jpg,1,1,1.0,0.283,0.006,0.073,3.131,1.3,88.602,2.462,97.498
NEWFireVideo139_f435_jpg.rf.fa3690e04d8bcd60902f445787dadd56.jpg,1,1,0.9999,0.281,0.006,0.123,4.469,1.241,78.41,1.99,88.163
NEWFireVideo139_f6_jpg.rf.d3ecc1914d686211be0dcf3904c17cd7.jpg,1,1,0.6736,0.376,0.006,0.075,5.478,5.706,88.375,2.004,103.804
NEWFireVideo13_f103_jpg.rf.2b7233fab2267c1a2faf9eac891d0b25.jpg,1,1,1.0,0.295,0.006,0.08,6.849,6.571,75.709,1.849,93.03
NEWFireVideo13_f143_jpg.rf.bf36487096ed7bda2c3cdd3c57e772c1.jpg,1,1,1.0,0.328,0.009,0.101,8.211,5.807,76.329,1.852,94.231
NEWFireVideo13_f184_jpg.rf.28bdb127cc077881a3246a63d9549d32.jpg,1,1,1.0,0.287,0.007,0.073,3.916,5.971,74.792,1.984,88.615
NEWFireVideo13_f208_jpg.rf.49c21cc8c04f0cf53b88b0ae24a2f89f.jpg,1,1,1.0,0.217,0.004,0.047,3.165,1.224,79.264,1.808,87.388
NEWFireVideo13_f262_jpg.rf.0cd4ad7cc2c4b12697067d0af8579fbd.jpg,1,1,1.0,0.267,0.006,0.07,5.687,3.801,76.272,2.259,90.063
NEWFireVideo13_f71_jpg.rf.9f47b3a1ab66e8fed6e2f74de221b3e9.jpg,1,1,1.0,0.217,0.005,0.049,6.519,6.249,74.193,1.842,90.726
NEWFireVideo13_f79_jpg.rf.235f5d433cace821a0ea870170599772.jpg,1,1,1.0,0.27,0.006,0.075,7.111,3.764,76.386,2.01,91.267
NEWFireVideo13_f88_jpg.rf.df7bfe040e9b9f49e9ea82a0ba42613d.jpg,1,1,1.0,0.219,0.004,0.049,7.731,1.623,76.772,2.69,90.708
NEWFireVideo140_f133_jpg.rf.1f04c0e33836b769560d551af8d71667.jpg,1,1,1.0,0.337,0.006,0.08,4.544,1.284,74.653,4.046,86.603
NEWFireVideo140_f182_jpg.rf.e7cab80b424b0a98123819508459dde3.jpg,1,1,1.0,0.282,0.007,0.078,3.969,1.27,77.039,2.176,86.52
NEWFireVideo140_f234_jpg.rf.6f919d067a9f8d13fe708bb369a8c64f.jpg,1,1,1.0,0.283,0.006,0.077,2.924,1.281,82.087,3.452,91.828
NEWFireVideo140_f274_jpg.rf.3d30bd61b9c27d44287feb9982c11c3c.jpg,1,1,1.0,0.245,0.006,0.06,2.594,1.533,77.862,2.231,85.935
NEWFireVideo140_f5_jpg.rf.8093e1ad99617892e22428eafd3615e0.jpg,1,1,1.0,0.288,0.007,0.076,4.128,1.265,83.819,5.582,96.77
NEWFireVideo141_f152_jpg.rf.e89944d6b1f14acee323f9c3b9547403.jpg,1,1,1.0,0.283,0.007,0.075,3.186,6.396,75.866,1.882,89.307
NEWFireVideo141_f157_jpg.rf.bb833a52ee4109763df30b51f21af19b.jpg,1,1,1.0,0.288,0.007,0.073,8.454,5.858,88.899,2.134,107.379
NEWFireVideo141_f237_jpg.rf.220ff8842bd5c3ecd3916617db9fa6f2.jpg,1,1,1.0,0.285,0.006,0.076,8.429,6.912,75.595,2.216,95.199
NEWFireVideo141_f245_jpg.rf.4ec26dd35e5f75546c9bb5b4ddd1d1be.jpg,1,1,1.0,0.288,0.006,0.071,7.814,6.018,95.721,1.931,113.564
NEWFireVideo141_f260_jpg.rf.75831590d4417ffaaa3fdd3d66b338e5.jpg,1,1,1.0,0.284,0.006,0.077,7.347,6.272,76.073,2.289,94.043
NEWFireVideo141_f274_jpg.rf.88933f5209757aa7652ddd47fb2c2809.jpg,1,1,1.0,0.29,0.006,0.079,12.901,5.9,75.156,1.863,97.796
NEWFireVideo141_f362_jpg.rf.5d9314d166b158ef8158987c1bea8a92.jpg,1,1,1.0,0.271,0.006,0.072,8.139,6.223,89.827,2.476,108.672
NEWFireVideo141_f406_jpg.rf.3925b1444b077aee62dedb145ba42123.jpg,1,1,0.9783,0.286,0.007,0.074,4.812,2.204,75.19,1.883,86.113
NEWFireVideo141_f417_jpg.rf.b5052b5d5ce3a3393590830b767f9681.jpg,1,1,0.9996,0.289,0.006,0.077,3.626,3.161,87.723,2.545,99.08
NEWFireVideo141_f447_jpg.rf.0e017f235d1991af5dbb6eaf19cfdd24.jpg,1,1,1.0,0.296,0.007,0.08,2.837,3.476,75.85,2.067,86.857
NEWFireVideo141_f519_jpg.rf.df3ef8b4070dc261fda133645831d291.jpg,1,1,0.6668,0.309,0.006,0.078,10.196,5.897,92.285,2.445,112.915
NEWFireVideo141_f553_jpg.rf.80a2396e635711f1d98dad47f98970b0.jpg,1,1,0.9989,0.288,0.006,0.082,10.57,6.022,74.805,2.547,95.984
NEWFireVideo141_f738_jpg.rf.d7aa97ed0c3305e5e61990af3b4791fa.jpg,1,1,1.0,0.383,0.006,0.073,7.993,1.212,75.995,2.079,89.38
NEWFireVideo141_f757_jpg.rf.b6f5fae49f2d5e6432fc449c423c37eb.jpg,1,1,1.0,0.284,0.007,0.141,7.605,5.927,87.77,2.313,105.684
NEWFireVideo142_f122_jpg.rf.60edb86250f6215c881f5749cf9e8a40.jpg,1,1,1.0,0.289,0.006,0.078,6.757,1.438,76.147,2.246,88.624
NEWFireVideo142_f139_jpg.rf.4d15ad4fb518193a6db1832b5188c9c4.jpg,1,1,1.0,0.294,0.006,0.082,3.491,1.188,91.22,2.468,100.458
NEWFireVideo142_f192_jpg.rf.6a34fd60c0be0e8e0b0c1d061fde71ea.jpg,1,1,1.0,0.283,0.006,0.164,3.159,1.49,74.911,2.163,83.771
NEWFireVideo142_f285_jpg.rf.d78f75fe44783e247013d38763a73910.jpg,1,1,1.0,0.285,0.006,0.186,3.017,1.226,92.793,2.254,101.353
NEWFireVideo142_f6_jpg.rf.ff18c5ccf074c60ebdd73f53f30d55ea.jpg,1,1,1.0,0.284,0.006,0.077,3.085,1.148,77.771,2.175,86.112
NEWFireVideo143_f148_jpg.rf.8510eb794456c23155b308960655e338.jpg,1,1,0.9804,0.292,0.006,0.081,13.808,5.783,75.61,2.236,99.418
NEWFireVideo143_f181_jpg.rf.d09299ed684a8593d7cb8a620603c8c8.jpg,1,1,1.0,0.284,0.007,0.078,3.861,1.902,76.281,2.23,86.268
NEWFireVideo143_f201_jpg.rf.f8d1e7e169ec05e96a49d6b604c1af86.jpg,1,1,1.0,0.29,0.006,0.079,4.513,1.232,78.896,2.194,88.827
NEWFireVideo143_f342_jpg.rf.bea3912d938fbb6ec523d61b26456568.jpg,1,1,0.9978,0.369,0.006,0.078,2.688,1.248,77.484,1.851,85.308
NEWFireVideo143_f53_jpg.rf.2a2e977c6d9794f15b0d75ffe9777d8e.jpg,1,1,0.6668,0.295,0.006,0.082,9.894,1.332,74.967,1.809,90.007
NEWFireVideo143_f61_jpg.rf.7319111b29e88a77da2544cc1260f39d.jpg,1,1,0.6664,0.39,0.007,0.084,9.512,6.275,75.786,2.067,95.714
NEWFireVideo144_f208_jpg.rf.63ea620ea63cf13c3a001560c44be885.jpg,1,1,1.0,0.294,0.007,0.081,6.602,4.465,75.371,1.823,90.375
NEWFireVideo144_f52_jpg.rf.603db8af1c05ca5e3e860f33dacc2152.jpg,1,1,1.0,0.289,0.006,0.08,7.973,2.731,86.891,2.294,101.99
NEWFireVideo144_f79_jpg.rf.d3c1d0fc40f93b3bb18bfda5e6d2b975.jpg,1,1,1.0,0.299,0.006,0.082,6.311,1.273,77.115,1.902,88.656
NEWFireVideo145_f138_jpg.rf.e7cf3a7a43319f5d3e82d559cc8b7b53.jpg,1,1,1.0,0.278,0.007,0.08,6.523,4.426,88.094,2.173,103.315
NEWFireVideo145_f383_jpg.rf.faff0ada6cfb936d9b81abd7564a60a5.jpg,1,1,1.0,0.288,0.006,0.077,2.962,1.228,77.986,3.471,87.728
NEWFireVideo145_f482_jpg.rf.70cb9140a0d4d806e7bbaf72b833d757.jpg,1,1,1.0,0.284,0.007,0.074,3.791,1.323,92.411,2.25,101.806
NEWFireVideo146_f117_jpg.rf.3bd8f6f9bfbabe9c714989f26529e9d2.jpg,1,1,1.0,0.293,0.007,0.078,4.104,1.248,77.787,1.823,87.022
NEWFireVideo146_f183_jpg.rf.87dc567601abb38bf20a9b91cda64da7.jpg,1,1,1.0,0.368,0.006,0.082,9.847,6.954,76.081,1.877,97.16
NEWFireVideo146_f34_jpg.rf.ee420b590f54707354d86e26469d8346.jpg,1,1,1.0,0.291,0.007,0.076,4.261,1.147,77.89,2.336,87.66
NEWFireVideo146_f8_jpg.rf.120977c3a2439a7f75b0411ff6100181.jpg,1,1,1.0,0.281,0.006,0.078,7.624,5.891,75.827,1.786,93.219
NEWFireVideo147_f202_jpg.rf.35266229a4ae80477da839d91e879c5a.jpg,1,1,1.0,0.284,0.006,0.077,8.449,6.041,77.77,3.243,97.547
NEWFireVideo148_f12_jpg.rf.eec55709bde02099d3de2fd8944de0d3.jpg,1,1,1.0,0.284,0.006,0.081,8.717,6.895,75.649,1.849,95.133
NEWFireVideo148_f35_jpg.rf.dcc8807432d3a959b5049b5f29678c7a.jpg,1,1,0.7014,0.29,0.006,0.179,12.393,1.307,87.574,2.106,105.497
NEWFireVideo149_f139_jpg.rf.366a82b76eae57a2102f56019a385c7d.jpg,1,1,1.0,0.285,0.006,0.079,6.036,2.733,81.367,2.49,94.639
NEWFireVideo149_f43_jpg.rf.a64d3d2d874d29e1fe75b2a2335457d0.jpg,1,1,1.0,0.286,0.007,0.076,6.571,5.33,88.116,2.5,104.613
NEWFireVideo14_f124_jpg.rf.3dea770f0acf53e6ac0379b1165eb8bd.jpg,1,1,1.0,0.264,0.005,0.076,11.554,2.633,75.42,1.934,93.448
NEWFireVideo14_f162_jpg.rf.cfad43e459d2dd1f26c4d76c9e4a6cb8.jpg,1,1,1.0,0.285,0.006,0.079,5.529,1.47,92.922,2.468,104.496
NEWFireVideo14_f24_jpg.rf.6cdc06b310e4e3349f8b7ce6286c7043.jpg,1,1,1.0,0.283,0.007,0.074,3.064,6.382,76.4,1.831,89.647
NEWFireVideo14_f59_jpg.rf.ef3abd012fcaf815fd2cce06d4d48bbc.jpg,1,1,1.0,0.298,0.006,0.082,8.478,6.05,90.499,2.087,109.163
NEWFireVideo14_f74_jpg.rf.c4ce2fbc2c05e16c51540ef8860ad94f.jpg,1,1,1.0,0.286,0.006,0.075,4.735,4.047,77.594,2.701,91.123
NEWFireVideo14_f92_jpg.rf.90ed79e4dd905b0a790828f38031543f.jpg,1,1,0.8134,0.404,0.007,0.085,11.579,6.005,75.87,1.874,97.467
NEWFireVideo150_f102_jpg.rf.a33eb13f7332e6d164ec653928c3bd6c.jpg,1,1,1.0,0.287,0.006,0.076,6.461,5.943,84.107,6.22,104.714
NEWFireVideo150_f107_jpg.rf.6f5cee1e64ea1d47a9a0366bbbe160cd.jpg,1,1,1.0,0.295,0.007,0.079,7.795,7.988,76.044,1.971,95.811
NEWFireVideo150_f34_jpg.rf.de8947aff8a8ed2dd283249fe1678951.jpg,1,1,1.0,0.283,0.006,0.076,4.66,1.278,89.453,2.432,99.914
NEWFireVideo150_f57_jpg.rf.d8412daa5ea815cd435f90b6dbbcf945.jpg,1,1,1.0,0.286,0.007,0.079,4.28,1.28,77.743,1.859,87.237
NEWFireVideo150_f66_jpg.rf.7889aa36751486cc0f0e8d45c0397674.jpg,1,1,1.0,0.285,0.007,0.076,8.715,7.264,88.826,2.105,109.405
NEWFireVideo150_f79_jpg.rf.a7d907a59776d6880353d578333c603e.jpg,1,1,1.0,0.286,0.006,0.08,5.252,1.307,77.645,1.912,88.141
NEWFireVideo151_f12_jpg.rf.4bb13a975ec5815f73821bb6bda88b62.jpg,1,1,1.0,0.299,0.006,0.076,10.092,2.994,75.478,2.147,92.768
NEWFireVideo151_f78_jpg.rf.8203eb92d80157c78b89d23848f494ff.jpg,1,1,1.0,0.287,0.006,0.076,3.135,1.201,77.873,3.423,87.799
NEWFireVideo152_f18_jpg.rf.42f71d2cc2e44df5f8ec9dce9e3cbe8b.jpg,1,1,1.0,0.28,0.007,0.074,2.748,1.591,76.706,1.804,84.88
NEWFireVideo152_f39_jpg.rf.045ee11390726657f42e813e5f004492.jpg,1,1,1.0,0.275,0.006,0.069,2.939,1.146,77.09,4.0,87.115
NEWFireVideo152_f52_jpg.rf.f5e76461959f3dec8e62601fd3fc037e.jpg,1,1,1.0,0.287,0.006,0.157,3.173,1.267,82.588,1.831,90.968
NEWFireVideo152_f5_jpg.rf.ba540b22463dd3a2360dc4d1edcc3947.jpg,1,1,1.0,0.279,0.006,0.068,3.712,1.23,77.925,3.73,88.589
NEWFireVideo154_f1235_jpg.rf.9c62ed207c965682f5751bcf2725b684.jpg,1,1,1.0,0.29,0.006,0.078,2.824,1.199,77.873,2.334,86.289
NEWFireVideo154_f1263_jpg.rf.11be422ac1173a1dbbfaf2d5731dd1e3.jpg,1,1,1.0,0.287,0.007,0.075,2.817,1.55,77.307,2.394,86.101
NEWFireVideo154_f1416_jpg.rf.82a63f05f9cf25f3a1dfee8d13045847.jpg,1,1,1.0,0.211,0.004,0.048,3.136,1.189,77.03,1.872,85.189
NEWFireVideo154_f1434_jpg.rf.a87e5f093d8853298659c4e56324917f.jpg,1,1,1.0,0.292,0.006,0.075,2.971,1.332,77.029,1.997,85.334
NEWFireVideo154_f1813_jpg.rf.584fdb69e1b454c243ef75c9443295f9.jpg,1,1,1.0,0.289,0.006,0.079,7.03,2.327,75.991,1.933,89.323
NEWFireVideo154_f83_jpg.rf.72b51987fa2a918f6556e96752b0a124.jpg,1,1,1.0,0.293,0.006,0.075,2.781,1.314,77.064,2.008,85.188
NEWFireVideo155_f29_jpg.rf.594be3940abe25886263271d68a68fff.jpg,1,1,0.9413,0.273,0.006,0.072,3.856,1.026,77.737,2.318,86.864
NEWFireVideo156_f313_jpg.rf.3afcab6e67be0a7454893880eb2b0a0a.jpg,1,1,1.0,0.291,0.007,0.08,2.923,1.262,82.532,2.508,91.294
NEWFireVideo157_f103_jpg.rf.1877bd64470b4dc163d397e9df90f831.jpg,1,1,1.0,0.287,0.006,0.076,4.57,1.315,77.387,2.188,87.558
NEWFireVideo157_f99_jpg.rf.777cb2044ee0e8729f814eb5fac1fdb2.jpg,1,1,1.0,0.29,0.007,0.074,3.92,4.783,76.26,2.787,89.793
NEWFireVideo158_f4_jpg.rf.5613589dc19f9db4dd69272df29b8c60.jpg,1,1,1.0,0.29,0.007,0.078,3.034,1.36,77.201,2.004,85.637
NEWFireVideo159_f114_jpg.rf.2074690de8c1ccbc8b5599ae392b2211.jpg,1,1,1.0,0.285,0.007,0.074,2.866,1.232,84.722,5.506,96.355
NEWFireVideo159_f126_jpg.rf.99ea986d00999b17cd2d37ece7ddfb66.jpg,1,1,0.998,0.288,0.007,0.073,2.832,1.235,77.455,1.976,85.566
NEWFireVideo159_f15_jpg.rf.726d0502e1251d74ff7b4c263cb5ad3b.jpg,1,1,1.0,0.289,0.006,0.075,2.855,1.412,84.863,2.579,93.804
NEWFireVideo159_f27_jpg.rf.ed7848998a7632c4e9e486b422b9288a.jpg,1,1,1.0,0.282,0.007,0.076,3.427,1.243,76.938,1.863,85.537
NEWFireVideo159_f54_jpg.rf.4588eee1fbadbbf75008a1de0b94c3b7.jpg,1,1,1.0,0.286,0.006,0.074,3.29,1.265,86.289,5.767,98.663
NEWFireVideo159_f80_jpg.rf.ed32b2c964e6a4e0a7b3d3e47ab331fa.jpg,1,1,1.0,0.286,0.006,0.073,2.837,1.23,82.639,2.056,90.859
NEWFireVideo15_f110_jpg.rf.80d0e73d3ae48587376b568d655978c1.jpg,1,1,1.0,0.274,0.006,0.077,9.907,1.344,91.49,2.286,107.065
NEWFireVideo15_f78_jpg.rf.d6477f197771073f71822af0be4d1466.jpg,1,1,1.0,0.29,0.006,0.078,5.541,4.567,76.588,1.967,90.811
NEWFireVideo15_f85_jpg.rf.185049d8feb22ee447097c8f199c7e54.jpg,1,1,1.0,0.293,0.006,0.078,10.001,7.352,83.992,2.138,106.438
NEWFireVideo15_f96_jpg.rf.7514f96de50a7ec2cda63853c387533e.jpg,1,1,1.0,0.288,0.007,0.091,11.511,1.31,75.576,1.932,92.464
NEWFireVideo160_f142_jpg.rf.da0f35951d51c275107c662c3efc067e.jpg,1,1,1.0,0.3,0.005,0.047,2.897,1.904,75.862,2.301,84.938
NEWFireVideo160_f211_jpg.rf.03e26919d2f884d90e0a1b5488d83996.jpg,1,1,0.9975,0.288,0.006,0.079,5.773,4.027,75.969,1.97,89.802
NEWFireVideo161_f34_jpg.rf.c1715047923ee80bad34d03db6e69009.jpg,1,1,1.0,0.366,0.005,0.057,3.629,1.308,77.784,1.853,86.656
NEWFireVideo162_f109_jpg.rf.92caa84ffdc30fd373fcf337d04e328d.jpg,1,1,1.0,0.285,0.006,0.076,7.679,6.045,75.541,2.483,93.818
NEWFireVideo162_f203_jpg.rf.060211375ebee5d69c7e37e1e6cd0edc.jpg,1,1,0.9999,0.283,0.007,0.075,4.425,1.244,83.578,1.905,93.166
NEWFireVideo162_f67_jpg.rf.e44682baa5b5449c507ef49083375183.jpg,1,1,0.9967,0.276,0.006,0.075,6.827,3.072,76.195,2.556,90.678
NEWFireVideo163_f173_jpg.rf.7451aada5dc34a152c0429d305ebc9d2.jpg,1,1,1.0,0.286,0.006,0.076,8.81,4.837,76.019,1.881,93.666
NEWFireVideo163_f260_jpg.rf.f58d44809b0adb15227da02d59e435d2.jpg,1,1,1.0,0.29,0.006,0.078,3.458,1.303,78.472,2.718,88.095
NEWFireVideo163_f2_jpg.rf.04c82ef160e5188a2f3fdbe9ac7908ad.jpg,1,1,1.0,0.286,0.007,0.076,2.887,1.287,78.152,2.494,86.839
NEWFireVideo164_f162_jpg.rf.494faacf698247a4797ec1f8eab1fd68.jpg,1,1,0.6433,0.286,0.007,0.079,11.119,1.265,78.012,3.986,96.515
NEWFireVideo164_f191_jpg.rf.0389ba0e5ff913549a65093ba7a889e9.jpg,1,1,0.6569,0.282,0.006,0.078,4.638,1.432,77.202,2.405,87.758
NEWFireVideo164_f281_jpg.rf.52ab762eec9b695578ccd8309df0dd82.jpg,1,1,0.9994,0.282,0.007,0.078,5.599,2.754,78.545,3.377,92.327
NEWFireVideo164_f29_jpg.rf.974a923a2a4bf245a8dfafc29ac22b27.jpg,1,1,0.9989,0.293,0.007,0.083,6.757,1.345,76.996,2.202,89.339
NEWFireVideo164_f305_jpg.rf.e0a8d00c4d6370f52deebcb58cf4f7fc.jpg,1,1,0.9715,0.286,0.006,0.081,5.472,1.216,90.173,4.261,103.147
NEWFireVideo165_f103_jpg.rf.a8db4defc48812070d12193423677493.jpg,1,1,0.9999,0.285,0.007,0.081,5.694,1.222,76.244,2.23,87.426
NEWFireVideo165_f241_jpg.rf.c9f404c7e6dff205a3982c808253fc24.jpg,1,1,1.0,0.289,0.007,0.078,3.329,1.196,90.584,2.376,99.601
NEWFireVideo166_f171_jpg.rf.2d6c993e52df7f64c60fc863533dd353.jpg,1,1,1.0,0.286,0.006,0.075,3.896,1.236,77.689,1.962,86.88
NEWFireVideo166_f251_jpg.rf.4012c6306c7e6c912be6a184bcae02bf.jpg,1,1,1.0,0.282,0.006,0.185,3.791,1.634,90.106,2.134,99.77
NEWFireVideo166_f33_jpg.rf.8c616e1b0e6c0671a70044f3473faf1b.jpg,1,1,1.0,0.286,0.007,0.077,2.873,1.186,76.785,1.864,84.77
NEWFireVideo166_f425_jpg.rf.75599599ec659dc9a1a146602eb3d35b.jpg,1,1,1.0,0.282,0.006,0.077,2.868,1.184,88.214,2.504,96.779
NEWFireVideo166_f503_jpg.rf.fff164771815b78fd6dd27ac529277f9.jpg,1,1,1.0,0.286,0.007,0.074,2.992,1.181,77.686,1.832,85.688
NEWFireVideo166_f70_jpg.rf.732ec73279b613d0cbf42208203a9b58.jpg,1,1,1.0,0.281,0.006,0.077,3.238,1.207,93.486,2.481,102.45
NEWFireVideo167_f10_jpg.rf.5dfbabc7867059a45e501f9716aaa5fb.jpg,1,1,1.0,0.288,0.007,0.078,2.911,1.314,82.935,1.967,91.138
NEWFireVideo167_f252_jpg.rf.f1aa74e91d54811c3b60b704000f2a1e.jpg,1,1,1.0,0.287,0.006,0.078,5.887,1.312,90.626,2.465,102.348
NEWFireVideo167_f690_jpg.rf.8005441f1f0e75471a9d9866836f1508.jpg,1,1,1.0,0.289,0.006,0.077,3.757,1.274,77.147,1.929,86.123
NEWFireVideo167_f738_jpg.rf.3af052fb2f96909b83c1fa35c017120b.jpg,1,1,1.0,0.284,0.006,0.077,11.688,3.78,77.147,1.909,96.495
NEWFireVideo167_f877_jpg.rf.3f69a8d68d926b80e2bd16fc0777c6a8.jpg,1,1,1.0,0.281,0.006,0.077,3.979,2.665,75.496,1.894,86.1
NEWFireVideo168_f144_jpg.rf.8fb6b1b629d3140729f01e3716ebd1d2.jpg,1,1,1.0,0.295,0.007,0.08,11.834,5.729,76.406,1.878,97.887
NEWFireVideo168_f196_jpg.rf.427b107e1d2f967c08112342056018e8.jpg,1,1,1.0,0.288,0.006,0.074,7.487,6.0,75.893,1.921,93.291
NEWFireVideo168_f244_jpg.rf.0e290f23f193668899227bf955ed88cf.jpg,1,1,1.0,0.278,0.006,0.073,8.183,5.559,76.105,1.852,93.674
NEWFireVideo168_f99_jpg.rf.4b8c09ec6a75cea20ed6a68b28776083.jpg,1,1,1.0,0.283,0.006,0.076,3.803,1.17,80.033,2.322,89.32
NEWFireVideo169_f467_jpg.rf.f4995cd1c9f7a807ed7321d801db46a0.jpg,1,1,1.0,0.283,0.007,0.074,2.729,1.168,82.172,1.937,90.036
NEWFireVideo169_f513_jpg.rf.24df7c958f07a231de680b56089279a5.jpg,1,1,1.0,0.283,0.007,0.076,2.738,1.131,80.398,3.007,89.3
NEWFireVideo16_f109_jpg.rf.a59263d1911370b28524d7b72f039de0.jpg,1,1,1.0,0.281,0.007,0.073,2.813,1.188,77.533,1.817,85.365
NEWFireVideo16_f38_jpg.rf.2dfffe5319e76a527d258af4f752ea51.jpg,1,0,1.0,0.283,0.006,0.077,2.737,1.137,80.793,4.04,90.75
NEWFireVideo16_f70_jpg.rf.ab9f9bfc842b52099e95dcafcb35f9b4.jpg,1,1,1.0,0.281,0.007,0.073,2.861,1.134,77.857,1.881,85.708
NEWFireVideo16_f91_jpg.rf.a4ef57f7aca631592949b53d8a5d704b.jpg,1,1,1.0,0.286,0.007,0.074,3.645,4.109,84.243,3.943,98.028
NEWFireVideo170_f126_jpg.rf.c4767eb2aa216c9ddeb0e17ad20fa08d.jpg,1,1,1.0,0.285,0.007,0.073,8.27,5.963,76.813,1.96,95.031
NEWFireVideo170_f23_jpg.rf.ae23bff997fac8ea62778378486af533.jpg,1,1,1.0,0.292,0.007,0.079,9.669,5.992,88.309,2.388,108.45
NEWFireVideo170_f48_jpg.rf.ca283b1f91e94e473e227e7210ccfb8e.jpg,1,1,1.0,0.288,0.007,0.075,8.354,4.002,76.042,2.268,92.655
NEWFireVideo170_f70_jpg.rf.75016ba9c5509b34a6b9c6df03f65894.jpg,1,1,1.0,0.288,0.007,0.08,3.468,3.346,93.097,2.542,104.562
NEWFireVideo171_f117_jpg.rf.90c12e6a10d9b1d4879355cc7171cccf.jpg,1,1,1.0,0.287,0.006,0.076,5.248,5.865,74.729,1.956,89.832
NEWFireVideo171_f142_jpg.rf.c9faec1395ccbdd07e3f0c2f12d73b5e.jpg,1,1,1.0,0.31,0.007,0.093,10.538,6.009,75.106,1.868,95.899
NEWFireVideo171_f165_jpg.rf.463b41a1780c544eb98b5eda306d8d67.jpg,1,1,1.0,0.291,0.006,0.077,3.9,7.723,75.543,1.957,91.161
NEWFireVideo171_f180_jpg.rf.b3ad7ea49111d6b14fe80c3a46d4a12a.jpg,1,1,1.0,0.214,0.004,0.048,3.151,1.322,77.7,2.289,86.007
NEWFireVideo171_f207_jpg.rf.ae0899edb4b9eecccd39c399b26839ad.jpg,1,1,1.0,0.289,0.006,0.075,3.07,1.5,77.222,2.072,85.874
NEWFireVideo171_f261_jpg.rf.1dead3004748cbd883740452937cfa23.jpg,1,1,1.0,0.219,0.005,0.05,7.337,4.476,75.939,1.925,91.726
NEWFireVideo171_f300_jpg.rf.929b8efedc21681daf162eacd0b9476c.jpg,1,1,1.0,0.293,0.007,0.075,3.27,6.001,75.881,2.096,89.293
NEWFireVideo171_f328_jpg.rf.a4177f80dfa0973b7d0e87cc80e83cfc.jpg,1,1,1.0,0.291,0.007,0.076,7.912,1.642,75.74,1.85,89.157
NEWFireVideo171_f355_jpg.rf.fae6413ed0fc9b37218b7b96b7d8804a.jpg,1,1,1.0,0.287,0.006,0.076,6.931,5.794,91.708,2.221,108.731
NEWFireVideo171_f392_jpg.rf.37b5ea6c76f35c0464e02201873067ad.jpg,1,1,1.0,0.293,0.007,0.077,6.88,6.203,74.819,1.922,91.896
NEWFireVideo171_f420_jpg.rf.0c59af38b60a33dca82e7f7d14ec6afd.jpg,1,1,1.0,0.29,0.006,0.076,6.561,5.543,87.951,2.534,104.656
NEWFireVideo171_f430_jpg.rf.c6fe0fc8acbbe46796ecef0ed0881e58.jpg,1,1,1.0,0.294,0.007,0.076,2.844,1.205,77.911,1.775,85.795
NEWFireVideo171_f444_jpg.rf.4332dee6eda59a2575ef5327ec02886f.jpg,1,1,1.0,0.272,0.006,0.073,4.245,3.143,90.147,2.5,102.093
NEWFireVideo171_f466_jpg.rf.2de3f5e052dbda198968440b3a1e21fb.jpg,1,1,1.0,0.289,0.006,0.077,5.773,3.229,75.757,1.927,88.782
NEWFireVideo171_f576_jpg.rf.3a7c56151c738b7aca75cd57f91a62ea.jpg,1,1,1.0,0.295,0.007,0.076,9.887,5.943,75.705,1.934,95.086
NEWFireVideo171_f669_jpg.rf.e6fb87485ef67e465462b59e26039dd1.jpg,1,1,1.0,0.29,0.007,0.076,3.05,1.212,76.727,1.877,84.878
NEWFireVideo171_f704_jpg.rf.856e36fbc1f34f665d595d952cbdb4ef.jpg,1,1,1.0,0.297,0.006,0.076,7.017,5.608,76.722,1.949,93.417
NEWFireVideo172_f158_jpg.rf.9c933e0feec6d7c3ece4a2979c46c19c.jpg,1,1,1.0,0.292,0.006,0.077,8.085,5.95,75.435,2.184,93.694
NEWFireVideo172_f16_jpg.rf.042df668ab2360d507863dbcc0a5936f.jpg,1,1,1.0,0.224,0.004,0.075,4.359,1.31,77.575,1.886,87.085
NEWFireVideo172_f186_jpg.rf.410469e4ecac6099226800448e8a18ff.jpg,1,1,1.0,0.271,0.006,0.071,3.334,1.194,77.517,2.003,86.085
NEWFireVideo172_f235_jpg.rf.c91c514ad7c9a3717bcc3c9892e5851d.jpg,1,1,1.0,0.424,0.006,0.077,3.832,4.672,75.863,1.905,88.51
NEWFireVideo172_f36_jpg.rf.6286823ab9e93599c0425c828a3d85eb.jpg,1,1,1.0,0.386,0.007,0.082,7.938,2.059,76.492,2.282,90.908
NEWFireVideo172_f72_jpg.rf.10cc6948b6a79f6dbb475e859b63fd7f.jpg,1,1,1.0,0.214,0.005,0.05,9.52,1.288,74.897,1.884,89.49
NEWFireVideo172_f93_jpg.rf.bfa5f58851665f0c552ef66fb02a6609.jpg,1,1,1.0,0.283,0.006,0.079,5.086,4.531,74.904,2.424,88.957
NEWFireVideo173_f134_jpg.rf.48c842581f0245a35a45c3bbc12fc7cc.jpg,1,1,1.0,0.38,0.006,0.078,3.429,1.222,77.524,2.222,86.459
NEWFireVideo173_f147_jpg.rf.1d8ee52de3acf07d303fa1e364404f66.jpg,1,1,1.0,0.285,0.007,0.074,2.999,1.138,77.772,1.959,85.882
NEWFireVideo173_f20_jpg.rf.207171b02860cf78f0dc53236e3bb3b1.jpg,1,1,0.993,0.368,0.006,0.156,9.958,6.493,75.766,1.798,96.127
NEWFireVideo174_f192_jpg.rf.6e82ce6b18c44f9a872a88d26a2edf40.jpg,1,1,1.0,0.282,0.007,0.077,9.617,6.024,85.947,3.751,107.403
NEWFireVideo174_f33_jpg.rf.715ed2dd514b6f1962018f856cb7f60d.jpg,1,1,1.0,0.286,0.006,0.073,3.222,1.144,76.165,1.868,84.427
NEWFireVideo174_f47_jpg.rf.5431e0425efc1ea5277a68e4e323ffc9.jpg,1,1,1.0,0.283,0.007,0.077,3.629,1.798,90.913,2.484,100.851
NEWFireVideo174_f85_jpg.rf.2da9f9605f15286e9a49f7c4894f8d21.jpg,1,1,1.0,0.282,0.007,0.077,6.418,3.96,75.989,1.866,90.413
NEWFireVideo175_f48_jpg.rf.5f4b43d3250e7cfab8ba0a3fc1b37995.jpg,1,1,1.0,0.286,0.007,0.075,3.346,1.181,90.084,2.463,99.096
NEWFireVideo175_f79_jpg.rf.1e6eea7526a25786c45f145530cb7b2b.jpg,1,1,1.0,0.291,0.006,0.08,4.821,1.99,75.876,1.836,86.596
NEWFireVideo176_f15_jpg.rf.f4bfbd985d7cf085e4ac4163c4b60579.jpg,1,1,1.0,0.29,0.006,0.08,9.332,6.684,90.894,2.104,111.298
NEWFireVideo176_f204_jpg.rf.9cd30c20630425fe3dc2f2b641248c94.jpg,1,1,1.0,0.289,0.006,0.079,4.057,1.417,76.426,2.149,86.126
NEWFireVideo176_f424_jpg.rf.ddad08ed748d70db6113c01801321985.jpg,1,1,1.0,0.397,0.007,0.08,7.434,5.918,76.162,1.85,93.513
NEWFireVideo176_f47_jpg.rf.99d5197c0b902534e62efad45aff201f.jpg,1,1,1.0,0.283,0.006,0.081,7.795,5.966,76.886,2.551,95.283
NEWFireVideo176_f74_jpg.rf.8828128e90aa759f13a0363b78c69e64.jpg,1,1,0.9999,0.286,0.007,0.078,10.864,6.014,75.537,1.893,96.336
NEWFireVideo177_f157_jpg.rf.9f111bae06c46ff5a1471557fe62ed90.jpg,1,1,1.0,0.285,0.006,0.08,4.966,5.79,82.036,2.631,97.427
NEWFireVideo177_f181_jpg.rf.7176c1cc2d15cb9ba6182f712c020967.jpg,1,1,1.0,0.281,0.006,0.079,3.768,1.216,77.692,1.971,86.72
NEWFireVideo177_f187_jpg.rf.e566ad962a2673b995e1621a03ebba73.jpg,1,1,1.0,0.288,0.007,0.076,3.058,2.364,85.716,2.485,95.68
NEWFireVideo177_f203_jpg.rf.54a40b6be896834f6a1daefb7c378b7d.jpg,1,1,1.0,0.29,0.007,0.077,8.454,1.244,76.612,2.268,90.575
NEWFireVideo177_f247_jpg.rf.8acbd1ad1d7790c43679fd63022671ef.jpg,1,1,1.0,0.291,0.006,0.077,2.731,1.133,92.11,2.514,100.545
NEWFireVideo177_f258_jpg.rf.24ffc7c084a250d38fd1d2a5cb7d359e.jpg,1,1,1.0,0.288,0.007,0.074,3.148,2.616,76.15,1.936,85.863
NEWFireVideo177_f270_jpg.rf.a44f7173ece7f56b0518c62a5e06874c.jpg,1,1,1.0,0.283,0.006,0.076,10.742,8.126,85.034,2.249,108.254
NEWFireVideo177_f290_jpg.rf.bde2ed06a10646f914db60fd4604be6c.jpg,1,1,1.0,0.291,0.007,0.074,3.38,6.166,76.34,1.824,89.8
NEWFireVideo177_f321_jpg.rf.8ab48106db29a1bce2647b31fd7ac7c9.jpg,1,1,1.0,0.291,0.007,0.074,7.417,5.972,75.825,1.834,93.08
NEWFireVideo177_f358_jpg.rf.0a7aa83fbedaf487705a98b73c19a34e.jpg,1,1,1.0,0.293,0.006,0.08,6.203,5.034,75.706,1.861,90.757
NEWFireVideo177_f366_jpg.rf.3eddd1d1858866980f89a2eaf3c9c4b7.jpg,1,1,1.0,0.287,0.007,0.075,2.918,1.42,77.362,1.813,85.486
NEWFireVideo177_f483_jpg.rf.e2f33e78f3b7ffe775774b318a0a6667.jpg,1,1,1.0,0.289,0.006,0.075,2.697,1.134,77.896,1.811,85.47
NEWFireVideo177_f564_jpg.rf.92c9ba9baa7bde935fb99a2ef59b2417.jpg,1,1,1.0,0.284,0.005,0.076,4.427,4.013,75.914,1.822,88.091
NEWFireVideo177_f572_jpg.rf.f0d12fef3a0aeb0368995f7c5afc3168.jpg,1,1,1.0,0.287,0.007,0.079,3.033,1.145,76.588,1.787,84.534
NEWFireVideo178_f114_jpg.rf.f077008bb059008cdddae6301b563501.jpg,1,1,1.0,0.288,0.007,0.076,3.022,2.229,77.681,1.884,86.742
NEWFireVideo178_f1_jpg.rf.1746b1cbe9883e5d98f01cd4c8ce6565.jpg,1,1,1.0,0.286,0.006,0.076,2.806,1.879,74.802,1.785,83.24
NEWFireVideo178_f290_jpg.rf.225dd09709a02a6d36620255a4ae7dcc.jpg,1,1,1.0,0.296,0.006,0.163,3.633,1.258,78.292,1.83,87.048
NEWFireVideo178_f44_jpg.rf.73d3d65c43556bdc2fee65f649352eb1.jpg,1,1,1.0,0.391,0.006,0.08,2.832,1.255,77.362,1.864,85.36
NEWFireVideo179_f14_jpg.rf.10938c055aadfa563bbdcc82dd3ef977.jpg,1,1,1.0,0.297,0.005,0.078,6.955,6.717,76.103,1.839,93.673
NEWFireVideo179_f364_jpg.rf.251837f6519f2ffdf8b366435ddb8f46.jpg,1,1,1.0,0.291,0.006,0.078,7.343,1.842,75.895,1.814,88.924
NEWFireVideo17_f129_jpg.rf.b67bf6f811f061b8a6e4df156aa53829.jpg,1,1,1.0,0.289,0.007,0.075,4.435,4.417,74.723,1.858,87.355
NEWFireVideo17_f64_jpg.rf.bd7876841fee84080a99cb68f85efd46.jpg,1,1,1.0,0.283,0.006,0.076,3.496,1.405,77.067,1.861,85.809
NEWFireVideo180_f5_jpg.rf.511e5d027ec9d50a35f2fc289f6f6f0e.jpg,1,1,1.0,0.288,0.007,0.072,3.362,4.617,74.547,1.819,86.296
NEWFireVideo181_f161_jpg.rf.d206bf8bab60e5d683deb38491f5fc13.jpg,1,1,1.0,0.289,0.006,0.081,3.369,1.161,75.593,2.273,84.334
NEWFireVideo181_f85_jpg.rf.da192e89cc6b6c116a53a1997c01b94e.jpg,1,1,1.0,0.366,0.006,0.078,2.663,1.25,82.224,1.806,89.994
NEWFireVideo182_f115_jpg.rf.fe01dbec97f3f71b0e5808a946b45830.jpg,1,1,1.0,0.289,0.007,0.078,2.884,1.155,74.008,1.813,81.872
NEWFireVideo182_f14_jpg.rf.f96e7b13b6ade3b118e893d9cefc853c.jpg,1,1,1.0,0.285,0.006,0.073,3.406,3.833,75.806,2.141,87.238
NEWFireVideo182_f160_jpg.rf.c649bc9d02f2335c55cf8731152b161b.jpg,1,1,1.0,0.285,0.006,0.074,4.306,1.633,75.594,2.132,85.663
NEWFireVideo182_f208_jpg.rf.7baa57b5536ad9a136cba9f2e6f407fd.jpg,1,1,1.0,0.289,0.006,0.08,5.055,6.367,74.675,1.952,90.143
NEWFireVideo182_f244_jpg.rf.02d1f4a4c77a780c6349923e734f58f7.jpg,1,1,1.0,0.283,0.006,0.079,8.92,5.95,86.789,2.317,106.05
NEWFireVideo182_f293_jpg.rf.e68f9a681ca70d520eb873bb8e03aaf9.jpg,1,1,1.0,0.289,0.006,0.08,7.821,6.464,76.086,1.876,94.218
NEWFireVideo182_f336_jpg.rf.4f7c10c0f8e947bcd5188d1c0f0e1bfa.jpg,1,1,1.0,0.36,0.007,0.078,8.93,6.026,88.119,2.48,107.686
NEWFireVideo182_f399_jpg.rf.17b27d2024ed2cb069a0142192572cca.jpg,1,1,1.0,0.284,0.006,0.072,6.829,6.605,75.13,1.872,92.577
NEWFireVideo182_f48_jpg.rf.e696cb0b479ad0b27b5b5296f63f3754.jpg,1,1,1.0,0.292,0.007,0.079,9.129,6.039,93.67,2.427,113.154
NEWFireVideo183_f11_jpg.rf.ac3fa838ba3df90d3fb979f29fb59c5f.jpg,1,1,1.0,0.286,0.006,0.075,3.49,4.749,75.571,2.061,87.941
NEWFireVideo184_f1_jpg.rf.88ffb5b146bcf3ce65d3b811e95a0d96.jpg,1,1,1.0,0.297,0.007,0.078,9.236,10.579,76.768,2.228,100.935
NEWFireVideo187_f1005_jpg.rf.b927e78b781ad24e946948fbff3377c2.jpg,1,1,1.0,0.288,0.007,0.082,10.231,1.246,76.051,2.223,91.869
NEWFireVideo187_f1024_jpg.rf.66d3b232aae96b6374a0e91066866ffd.jpg,1,1,1.0,0.27,0.007,0.073,4.147,4.418,74.965,1.906,87.277
NEWFireVideo187_f1066_jpg.rf.aa914af73e02acaf5313b6898447f58e.jpg,1,1,1.0,0.263,0.005,0.073,8.51,3.279,74.684,2.239,90.635
NEWFireVideo187_f1082_jpg.rf.b314592138794108517349a9da06132b.jpg,1,1,1.0,0.289,0.006,0.08,13.089,5.958,75.305,1.81,98.185
NEWFireVideo187_f1108_jpg.rf.9e9ab743fbc55f71a5d8a47efa57a89d.jpg,1,1,1.0,0.287,0.007,0.081,7.659,5.889,86.833,1.906,104.328
NEWFireVideo187_f1130_jpg.rf.89dc4e29f10f493e489db2bf8238c483.jpg,1,1,1.0,0.286,0.006,0.079,9.222,5.868,82.146,1.826,101.08
NEWFireVideo187_f1183_jpg.rf.3304a29df41408c028dfdc925dede4de.jpg,1,1,1.0,0.371,0.006,0.077,7.449,5.999,91.591,2.141,109.305
NEWFireVideo187_f1204_jpg.rf.f5a527a0b210e9a81110c0c0afabd092.jpg,1,1,1.0,0.286,0.006,0.077,10.483,5.897,75.447,2.074,95.969
NEWFireVideo187_f1238_jpg.rf.aff448c21a4d2b10e21267f16244afc0.jpg,1,1,1.0,0.272,0.006,0.071,9.182,5.906,75.174,1.864,94.13
NEWFireVideo187_f356_jpg.rf.c1438ca4b868dadaa691c507d0e09c0c.jpg,1,1,0.9998,0.292,0.007,0.076,9.531,6.592,80.797,5.963,104.804
NEWFireVideo187_f362_jpg.rf.e1f5f09d742a2d17d96ccdf03b84cf53.jpg,1,1,1.0,0.291,0.007,0.075,5.344,6.05,75.836,1.872,91.092
NEWFireVideo187_f383_jpg.rf.4bb8b1a5eb575d29030015b15fb6c7de.jpg,1,1,1.0,0.287,0.007,0.077,6.544,6.051,89.814,2.234,106.707
NEWFireVideo187_f393_jpg.rf.a80fda3edef64e4d3e60104c5ca67908.jpg,1,1,1.0,0.28,0.006,0.077,6.038,1.126,77.415,2.495,89.036
NEWFireVideo187_f405_jpg.rf.21827800c0ca97f26a593102c2dadac5.jpg,1,1,1.0,0.284,0.006,0.075,5.162,5.931,96.439,2.238,111.884
NEWFireVideo187_f421_jpg.rf.6e711fe0f44ee34619c8b355bd4d33d7.jpg,1,1,1.0,0.29,0.006,0.078,6.841,6.233,76.296,2.293,93.793
NEWFireVideo187_f452_jpg.rf.b9b955139259e2e86930c4b00ebb1c61.jpg,1,1,1.0,0.22,0.005,0.05,5.18,4.696,76.136,1.852,89.769
NEWFireVideo187_f476_jpg.rf.75cab8e0717c9ed0e573dcc03ed60f75.jpg,1,1,1.0,0.289,0.007,0.079,5.702,1.289,74.652,2.626,86.267
NEWFireVideo187_f527_jpg.rf.a9b3bcdf1eeb98997e32007ed45f61c2.jpg,1,1,1.0,0.274,0.006,0.077,4.771,3.628,76.246,1.97,88.726
NEWFireVideo187_f578_jpg.rf.9546249eb222ad431d02f28cb3e30931.jpg,1,1,1.0,0.284,0.006,0.084,8.373,1.461,86.16,2.29,100.388
NEWFireVideo187_f594_jpg.rf.771b70d37c1bee60aeba756d9d3267b3.jpg,1,1,1.0,0.285,0.007,0.08,7.555,6.194,76.268,1.988,93.953
NEWFireVideo187_f612_jpg.rf.ccb8a1761fbd78c1b1ecd5a678267b1e.jpg,1,1,1.0,0.283,0.006,0.076,8.912,5.953,88.176,2.506,107.578
NEWFireVideo187_f662_jpg.rf.f5d327b57f5ab275759f63cb32c3c7ee.jpg,1,1,1.0,0.287,0.006,0.082,11.238,5.888,75.906,1.849,97.006
NEWFireVideo187_f702_jpg.rf.8138d1bcdb5c3bd269066c34e352780c.jpg,1,1,1.0,0.214,0.004,0.046,9.546,5.96,81.12,2.283,100.861
NEWFireVideo187_f726_jpg.rf.281312628d35b0a28116af9bd9a74707.jpg,1,1,1.0,0.287,0.006,0.077,8.683,6.043,78.065,4.214,99.159
NEWFireVideo187_f872_jpg.rf.ca63df3f00c8a5e4697c21fb12e5c109.jpg,1,1,1.0,0.318,0.006,0.074,7.512,6.377,76.357,2.474,94.745
NEWFireVideo187_f892_jpg.rf.bd18ace06e850d3e436b347ade508e78.jpg,1,1,1.0,0.325,0.007,0.081,12.149,6.282,109.446,5.882,135.734
NEWFireVideo187_f918_jpg.rf.cf08bac86e053e2a538190e6bf29f979.jpg,1,1,1.0,0.236,0.005,0.054,8.393,5.101,103.773,2.388,121.673
NEWFireVideo187_f932_jpg.rf.0a2a446f82604d95abeb50b0ad6bee0c.jpg,1,1,1.0,0.26,0.006,0.067,11.119,13.508,112.028,2.507,141.034
NEWFireVideo187_f941_jpg.rf.b71060d93a439b5deabf935fd27d4287.jpg,1,1,1.0,0.355,0.007,0.086,12.872,13.645,110.729,2.669,142.176
NEWFireVideo188_f121_jpg.rf.b9b0bb0a68559ab8fd076695648524ba.jpg,1,1,1.0,0.249,0.005,0.062,14.487,6.315,106.528,4.016,133.158
NEWFireVideo188_f134_jpg.rf.6cbfbb4db15c4f644ea3630a4590c1df.jpg,1,1,1.0,0.223,0.005,0.052,12.387,4.25,121.064,4.284,143.7
NEWFireVideo188_f158_jpg.rf.5cbe7174117ec8e3a72ad70dbf825e2c.jpg,1,1,1.0,0.288,0.007,0.079,7.044,5.877,110.591,5.293,131.211
NEWFireVideo188_f3_jpg.rf.8e5cd450f84a05b75dd81fb92e2936ee.jpg,1,1,1.0,0.298,0.006,0.078,9.552,6.272,101.415,5.098,124.949
NEWFireVideo189_f2_jpg.rf.2861381e95c84c0c5137e6f2a61813b0.jpg,1,1,1.0,0.223,0.005,0.051,7.231,7.907,109.623,2.487,129.179
NEWFireVideo18_f118_jpg.rf.be00354380b7de5d8f47a214db2a9391.jpg,1,1,1.0,0.291,0.006,0.074,4.99,5.39,78.061,2.021,92.375
NEWFireVideo18_f1_jpg.rf.67bc39b6461c6c85df3188f11504c335.jpg,1,1,1.0,0.242,0.005,0.054,13.183,7.753,108.521,3.706,135.108
NEWFireVideo18_f238_jpg.rf.b12943f5f7c078521d22a9ffef034939.jpg,1,1,1.0,0.301,0.006,0.078,9.735,11.759,116.325,3.55,143.058
NEWFireVideo18_f29_jpg.rf.24282db17dfe8c0bb8aadcfd8026cdb1.jpg,1,1,1.0,0.216,0.004,0.049,10.745,10.001,122.658,4.923,151.563
NEWFireVideo18_f52_jpg.rf.3f1e0aca279ff1bc5808b58c770bcbb0.jpg,1,1,1.0,0.484,0.006,0.07,10.321,3.998,113.55,2.762,132.501
NEWFireVideo18_f7_jpg.rf.bf4d261f46785d17d94d3c2dca3242a1.jpg,1,1,1.0,0.267,0.006,0.063,6.794,1.134,115.383,2.144,127.461
NEWFireVideo190_f38_jpg.rf.3325e0c3d5f2b7cd994fd0450f8b3c4b.jpg,1,1,1.0,0.474,0.006,0.076,3.934,1.342,107.109,2.422,117.056
NEWFireVideo191_f183_jpg.rf.70e4e4d4d504d678d721ebcc3c373198.jpg,1,1,1.0,0.286,0.006,0.076,9.24,5.657,76.009,1.866,94.773
NEWFireVideo191_f286_jpg.rf.60f6214eb14fd8cd77efa185842cc5e4.jpg,1,1,1.0,0.46,0.007,0.076,8.483,2.39,80.725,2.047,95.812
NEWFireVideo192_f111_jpg.rf.1e4e13de8b018e40a773971a94eacd54.jpg,1,1,1.0,0.286,0.006,0.078,3.287,1.244,95.868,3.767,106.225
NEWFireVideo192_f196_jpg.rf.8f7841527f260b3053abae8132dab6cb.jpg,1,1,1.0,0.288,0.006,0.076,2.834,1.328,83.689,1.99,91.901
NEWFireVideo192_f276_jpg.rf.1a67d262f69d936aa738123cc305ba26.jpg,1,1,1.0,0.216,0.004,0.049,7.33,7.665,112.944,2.533,132.412
NEWFireVideo192_f52_jpg.rf.4c4f49fa2e62fdf88f355bcc9ce99ce2.jpg,1,1,1.0,0.214,0.005,0.047,8.519,4.474,108.501,2.298,125.929
NEWFireVideo195_f12_jpg.rf.f4ee675c46c3364ae214fc5b1e798caa.jpg,1,1,1.0,0.212,0.005,0.049,6.553,6.278,104.614,1.592,120.513
NEWFireVideo196_f24_jpg.rf.63201a57e578308d94fc477382ec3977.jpg,1,1,1.0,0.233,0.005,0.052,3.013,1.137,88.197,2.088,96.121
NEWFireVideo196_f49_jpg.rf.b9ab9a07a61d1a9bd8e1bfca6aead9c0.jpg,1,1,1.0,0.275,0.006,0.072,2.761,1.199,77.357,1.771,85.042
NEWFireVideo197_f10_jpg.rf.8a18a03c8b26cf1276aa7d404b680326.jpg,1,1,1.0,0.282,0.006,0.074,4.366,3.196,86.683,4.855,101.186
NEWFireVideo197_f22_jpg.rf.19947fcafd6864ef421ab3b62b3deae9.jpg,1,1,1.0,0.285,0.006,0.077,2.876,1.778,78.44,2.175,87.296
NEWFireVideo197_f3_jpg.rf.761b3f31fff5811adf38aa0096fae567.jpg,1,1,1.0,0.297,0.007,0.075,14.61,10.341,116.789,5.39,149.027
NEWFireVideo198_f0_jpg.rf.0851b7ca517824e9a8d5fb425e7fc917.jpg,1,1,1.0,0.295,0.006,0.074,9.524,5.742,94.588,2.239,114.19
NEWFireVideo198_f229_jpg.rf.76844c7c6c6eb2521ecd3cc918baa67a.jpg,1,1,1.0,0.293,0.007,0.077,6.494,1.478,83.005,2.121,95.166
NEWFireVideo198_f233_jpg.rf.44305075c763a9dbd8dee7b602e00d18.jpg,1,1,1.0,0.29,0.007,0.078,3.098,1.505,95.782,2.307,104.764
NEWFireVideo198_f3_jpg.rf.81ae2935b5923dc368017f5a0260d034.jpg,1,1,1.0,0.291,0.006,0.078,3.137,1.198,88.32,2.123,96.797
NEWFireVideo199_f0_jpg.rf.f7fe25fb854d698703a337afc3426a21.jpg,1,1,1.0,0.278,0.006,0.073,9.154,6.933,83.188,1.967,103.346
NEWFireVideo199_f22_jpg.rf.b89d35bab223fa109fbc632ab0ea4a47.jpg,1,1,0.9992,0.282,0.006,0.075,5.034,3.081,75.712,1.997,87.914
NEWFireVideo199_f36_jpg.rf.232346165f20c4b705bb0cd4ee24d8eb.jpg,1,1,0.966,0.291,0.007,0.078,14.575,1.396,112.175,2.498,132.605
NEWFireVideo199_f8_jpg.rf.8e380ebde06add52d4e6e77325936894.jpg,1,1,1.0,0.293,0.006,0.078,4.955,1.212,89.003,2.211,99.54
NEWFireVideo19_f102_jpg.rf.06e54af4f20a99d47e3f7ceac22237ab.jpg,1,1,1.0,0.291,0.006,0.076,2.919,1.177,83.167,2.007,91.281
NEWFireVideo19_f179_jpg.rf.f733b4b860e0aebf4f296feed3a8d8e8.jpg,1,1,1.0,0.296,0.006,0.076,9.554,2.441,78.794,2.034,94.561
NEWFireVideo19_f200_jpg.rf.5d42c165ca873526128fc51b203795d2.jpg,1,1,1.0,0.285,0.006,0.078,2.942,1.221,91.233,2.22,99.616
NEWFireVideo19_f223_jpg.rf.bd004e5b469e2515ecc0d7bcd56d6ccd.jpg,1,1,1.0,0.275,0.006,0.07,7.44,5.758,75.938,1.919,92.983
NEWFireVideo19_f234_jpg.rf.93df9c98825113100e49ef2ba5e5f121.jpg,1,1,1.0,0.271,0.006,0.069,3.653,1.145,80.118,2.504,89.341
NEWFireVideo19_f301_jpg.rf.c7c227efe93dea196199ecfe78667e8b.jpg,1,1,1.0,0.292,0.007,0.076,3.024,1.903,77.791,2.095,86.724
NEWFireVideo19_f437_jpg.rf.dd263428781c377f58eb5c410bbe2a70.jpg,1,1,1.0,0.321,0.008,0.082,13.499,10.971,116.872,3.875,147.376
NEWFireVideo19_f76_jpg.rf.ce10bad53dd8335450db4dd71f69ac5b.jpg,1,1,1.0,0.295,0.008,0.078,10.144,7.009,104.068,2.348,125.572
NEWFireVideo19_f852_jpg.rf.ae51acc29d7661b8429f766b2c93dd5c.jpg,1,1,1.0,0.432,0.007,0.078,15.532,16.315,134.536,1.927,170.492
NEWFireVideo19_f899_jpg.rf.4ba0d2a21b215fc0b04c90cd87c70a2f.jpg,1,1,1.0,0.29,0.006,0.077,13.338,6.201,108.016,2.933,132.154
NEWFireVideo1_f14_jpg.rf.600d7cb3802970587573b4684bb7e43b.jpg,1,1,1.0,0.268,0.006,0.067,10.814,2.784,76.185,1.792,93.572
NEWFireVideo1_f229_jpg.rf.4051f0e20715156d6ea020287c50f59d.jpg,1,1,0.998,0.287,0.006,0.075,4.322,1.161,77.424,1.896,86.736
NEWFireVideo1_f275_jpg.rf.dbeeea095d56abeb6a63d2f038c665e7.jpg,1,1,1.0,0.287,0.006,0.073,2.944,1.255,78.494,1.874,86.525
NEWFireVideo200_f41_jpg.rf.8f531d2579cef9660e1ebfe00e7ee3d8.jpg,1,1,1.0,0.281,0.006,0.077,7.133,1.171,92.771,3.548,106.632
NEWFireVideo201_f1201_jpg.rf.5bedd1fecc66df77df121f6d3b25752b.jpg,1,1,0.994,0.284,0.007,0.078,2.808,1.41,95.175,2.19,103.608
NEWFireVideo201_f1229_jpg.rf.ca615140560b11d534091f50bed17643.jpg,1,1,1.0,0.287,0.006,0.074,2.753,1.131,95.237,2.192,103.329
NEWFireVideo201_f149_jpg.rf.f0d486ced38c5d1cec9449b44d60cf71.jpg,1,1,1.0,0.285,0.006,0.075,2.791,1.13,77.19,1.847,84.964
NEWFireVideo202_f2_jpg.rf.4dda089b849871707a5dca06c64d2242.jpg,1,1,0.9909,0.284,0.007,0.078,3.045,1.218,80.576,2.509,89.3
NEWFireVideo203_f8_jpg.rf.cb2f2b27c8344465ef6fff30daad28eb.jpg,1,1,1.0,0.291,0.007,0.079,5.211,1.253,100.177,2.279,110.907
NEWFireVideo204_f7_jpg.rf.afb8785f9582c2e440b403e9d654c8a4.jpg,1,1,1.0,0.282,0.006,0.07,5.833,7.113,99.708,2.2,116.954
NEWFireVideo205_f15_jpg.rf.a8dcd7a259242ebaea0bb819df59422d.jpg,1,1,1.0,0.288,0.006,0.077,3.241,1.143,77.387,1.89,85.621
NEWFireVideo206_f210_jpg.rf.e69623fa128bdc70ed32b6ce675cae99.jpg,1,1,0.9999,0.296,0.006,0.079,12.751,6.966,103.639,4.572,129.945
NEWFireVideo206_f255_jpg.rf.90a827a37cd67a2e7e22ad75fd2cbba1.jpg,1,1,1.0,0.217,0.005,0.051,8.919,6.949,113.711,2.23,133.73
NEWFireVideo206_f377_jpg.rf.4e9a17056b8dee1170f164965ad1569a.jpg,1,1,1.0,0.288,0.006,0.075,4.199,2.761,75.464,2.096,87.231
NEWFireVideo207_f24_jpg.rf.68a3e389bb570a7996fc2fbee012ec12.jpg,1,1,1.0,0.296,0.006,0.078,9.862,5.711,92.976,2.265,112.782
NEWFireVideo207_f71_jpg.rf.4574572096996384b07ea9e640835d18.jpg,1,1,1.0,0.23,0.005,0.05,6.73,5.863,78.017,2.171,94.367
NEWFireVideo208_f3_jpg.rf.f7a035832f72893addecc818fbfac1d9.jpg,1,1,1.0,0.217,0.004,0.046,5.665,3.066,77.158,2.145,89.528
NEWFireVideo209_f17_jpg.rf.2f6f455ca0bb6e163f1e0492e4649f6b.jpg,1,1,1.0,0.216,0.005,0.048,11.185,7.766,87.978,3.78,112.295
NEWFireVideo209_f29_jpg.rf.2901a37d6a273cfdbdb307b15f86e6cd.jpg,1,1,1.0,0.263,0.006,0.067,6.119,4.621,115.324,2.342,129.984
NEWFireVideo20_f192_jpg.rf.1da0b1dff081c28a34f63b737ec1df25.jpg,1,1,1.0,0.235,0.005,0.055,5.892,5.379,96.123,2.399,112.175
NEWFireVideo20_f236_jpg.rf.2b7f182ce5e46f7376e76657a6728324.jpg,1,1,0.9157,0.291,0.006,0.083,10.192,6.373,98.348,2.985,120.172
NEWFireVideo20_f250_jpg.rf.2f8ae6baa6f8d535e261cba5171ffac8.jpg,1,1,1.0,0.285,0.006,0.08,9.475,5.851,75.61,1.826,94.374
NEWFireVideo20_f290_jpg.rf.1951c16f41199f912ab913ebc78dc430.jpg,1,1,1.0,0.277,0.006,0.071,3.397,1.799,77.447,1.951,86.663
NEWFireVideo20_f41_jpg.rf.cbe07118a870f9c38253eb6fccdd18de.jpg,1,1,1.0,0.3,0.006,0.073,3.545,1.39,77.903,1.886,86.755
NEWFireVideo210_f2_jpg.rf.cfe5bd70955e9c4d9fb2790fce8b1719.jpg,1,1,0.9889,0.273,0.006,0.075,5.847,2.744,92.231,5.536,108.405
NEWFireVideo210_f78_jpg.rf.d03cad40010c80a8ecb8c0ee3fddc8c3.jpg,1,1,1.0,0.378,0.006,0.089,16.017,3.667,73.472,2.212,97.456
NEWFireVideo211_f351_jpg.rf.bde3365a38bed7c40163574b6305db4a.jpg,1,1,1.0,0.279,0.007,0.073,8.774,6.067,75.882,1.661,94.107
NEWFireVideo211_f387_jpg.rf.47da64e882db548af9ba95400f291d34.jpg,1,1,1.0,0.214,0.005,0.055,10.736,6.363,75.093,1.667,95.482
NEWFireVideo211_f428_jpg.rf.53a033987038a2500cfcf4e3fbf24b99.jpg,1,1,1.0,0.216,0.005,0.054,8.95,3.097,76.102,1.719,91.466
NEWFireVideo211_f473_jpg.rf.34daa945795e5423be15a3c7f24a1179.jpg,1,1,0.9998,0.223,0.005,0.052,9.153,6.117,80.954,1.71,99.535
NEWFireVideo211_f562_jpg.rf.cf76c64bd9fff3b90e22e0c352fe5268.jpg,1,1,1.0,0.216,0.005,0.051,9.624,10.512,76.288,1.683,99.775
NEWFireVideo211_f593_jpg.rf.9188277e929f23c349ceb193c405d97b.jpg,1,1,0.9999,0.296,0.006,0.061,13.864,4.565,96.17,3.015,119.334
NEWFireVideo211_f634_jpg.rf.ba174bb3ab7fc364e2c78fcf386c0acd.jpg,1,1,1.0,0.224,0.005,0.052,15.29,3.444,98.479,2.516,121.392
NEWFireVideo211_f689_jpg.rf.a0902ee7fa68d1b318d2745cc5c809ab.jpg,1,1,1.0,0.228,0.005,0.05,7.856,5.397,101.304,1.949,118.102
NEWFireVideo211_f701_jpg.rf.fc8c50bc32ea8e713f07d84b29efe15d.jpg,1,1,1.0,0.222,0.005,0.049,10.018,9.379,101.691,2.936,125.667
NEWFireVideo211_f728_jpg.rf.01cddfe9946763f6b35feaed91d6a8d8.jpg,1,1,1.0,0.213,0.005,0.078,3.829,3.035,124.545,4.012,137.204
NEWFireVideo211_f763_jpg.rf.99319cb79186b2b9521316bcbfcf0b53.jpg,1,1,1.0,0.227,0.005,0.054,8.071,7.411,127.895,4.713,149.748
NEWFireVideo211_f798_jpg.rf.f088cfc3c7030c2708907cb938f4f11e.jpg,1,1,1.0,0.227,0.005,0.047,7.172,5.83,116.169,5.022,135.807
NEWFireVideo211_f829_jpg.rf.15216f4664ec950031c5f8d3f94a91eb.jpg,1,1,1.0,0.227,0.004,0.053,11.885,6.917,131.049,1.668,153.981
NEWFireVideo211_f894_jpg.rf.0f670629dbbcb14c1543e794e0cc5c9c.jpg,1,1,1.0,0.235,0.006,0.057,10.388,8.824,113.507,2.459,137.255
NEWFireVideo212_f109_jpg.rf.d0d16e09d50785d03e1dcac6f97a62be.jpg,1,1,1.0,0.296,0.007,0.076,12.084,4.121,80.906,3.188,102.344
NEWFireVideo212_f15_jpg.rf.319ae0a5e5f2f13327fd8c2ebbf20261.jpg,1,1,1.0,0.299,0.007,0.082,13.055,5.695,104.849,2.677,128.916
NEWFireVideo212_f276_jpg.rf.49a691fe3ee5f3c15cb358c72455519d.jpg,1,1,1.0,0.252,0.005,0.051,4.793,3.057,111.109,2.247,122.819
NEWFireVideo212_f48_jpg.rf.1dfb313766ad7ee02aec79935f25ce39.jpg,1,1,0.9999,0.268,0.006,0.071,12.799,4.565,122.052,2.031,143.733
NEWFireVideo212_f62_jpg.rf.6b906b4dc287fd4f17b95241520b8a97.jpg,1,1,0.9999,0.484,0.006,0.056,8.019,3.35,85.685,4.159,103.213
NEWFireVideo214_f108_jpg.rf.2377eb074639338cd7c8fab1bcfd17de.jpg,1,1,0.9899,0.222,0.005,0.053,6.158,5.58,90.69,5.267,109.263
NEWFireVideo214_f245_jpg.rf.34c4643cadb93b2a66ec32374bdaf024.jpg,1,1,1.0,0.257,0.005,0.055,8.985,5.994,75.307,2.05,93.97
NEWFireVideo214_f253_jpg.rf.c0754449f7f19e35f2a439c3198d3b57.jpg,1,1,1.0,0.212,0.004,0.046,10.04,9.586,106.343,2.332,129.939
NEWFireVideo21_f535_jpg.rf.75e8fa1a2cb779951e777202ffc83415.jpg,1,1,0.9999,0.289,0.006,0.078,6.788,3.559,95.741,4.298,112.513
NEWFireVideo21_f602_jpg.rf.f43e760b7616a9bb838594ee10f0b55a.jpg,1,1,0.9904,0.221,0.005,0.048,11.65,10.237,118.955,3.919,146.533
NEWFireVideo21_f676_jpg.rf.3de24f84d1f470f841dd016529aca6c6.jpg,1,1,1.0,0.291,0.006,0.075,11.814,9.204,128.853,5.568,157.393
NEWFireVideo22_f2_jpg.rf.17866728cef912b1fa99669c563457ba.jpg,1,1,1.0,0.219,0.005,0.049,8.809,5.296,109.434,2.994,128.655
NEWFireVideo22_f357_jpg.rf.95bb717cffcb184f8b62cf3f0ef337b2.jpg,1,1,1.0,0.243,0.005,0.048,8.037,6.204,115.706,2.028,133.673
NEWFireVideo22_f7_jpg.rf.aac6571e660f8d5eee177211a0968c70.jpg,1,1,1.0,0.284,0.007,0.075,8.13,11.409,120.392,2.342,144.246
NEWFireVideo23_f63_jpg.rf.f9468cc93a5c844a91fa05b438d79dea.jpg,1,1,0.9984,0.291,0.006,0.078,9.153,7.006,103.991,2.539,124.766
NEWFireVideo24_f101_jpg.rf.97d046040dfcf96b6365bbec0aa43195.jpg,1,1,1.0,0.285,0.006,0.151,9.442,9.136,112.671,2.16,135.42
NEWFireVideo24_f121_jpg.rf.37ebde21a2ff9865f90db661fe9acf2e.jpg,1,1,0.9985,0.291,0.007,0.077,12.093,8.332,106.174,3.777,132.511
NEWFireVideo24_f257_jpg.rf.75f1fe299dd4f84e4cc5a83c9c93c17b.jpg,1,1,1.0,0.295,0.007,0.077,11.518,7.796,111.917,2.195,135.36
NEWFireVideo24_f45_jpg.rf.5026f79790218025c63ddfa0847f7a0c.jpg,1,1,1.0,0.234,0.005,0.052,3.649,1.335,77.131,2.954,86.686
NEWFireVideo24_f95_jpg.rf.99d08fd11c617b8e1fc65163970b98f4.jpg,1,1,1.0,0.287,0.007,0.075,2.807,2.059,77.673,2.183,86.676
NEWFireVideo27_f14_jpg.rf.3c89a40560e2ff81c6bc163b3f79103c.jpg,1,1,0.6783,0.291,0.007,0.077,3.934,1.356,83.12,3.838,94.287
NEWFireVideo27_f2_jpg.rf.5bee2247fdc2988c5de10fdd8f76d666.jpg,1,1,1.0,0.218,0.005,0.047,7.769,3.078,75.98,1.9,90.479
NEWFireVideo27_f6_jpg.rf.983fff87e60c1d34a34f3d4fd2fcf848.jpg,1,1,1.0,0.283,0.006,0.076,2.851,1.179,88.435,6.075,100.647
NEWFireVideo28_f170_jpg.rf.3d976feb73dc9f288419c7c06aa661b5.jpg,1,1,1.0,0.212,0.005,0.049,6.831,5.903,78.261,1.894,94.842
NEWFireVideo28_f259_jpg.rf.2829e8808c8b13b1355afa942b33e335.jpg,1,1,1.0,0.29,0.007,0.077,7.246,3.631,89.014,2.488,104.442
NEWFireVideo28_f296_jpg.rf.e9565c77161e21a8f83a2e2655064925.jpg,1,1,1.0,0.287,0.007,0.075,2.917,1.235,78.251,5.085,89.563
NEWFireVideo28_f377_jpg.rf.333b0636fe87f31beaa3e5dad207ec05.jpg,1,1,1.0,0.291,0.007,0.076,3.072,1.258,114.441,5.662,126.506
NEWFireVideo28_f409_jpg.rf.58758a16c83568e5dd87adfc1e480096.jpg,1,1,1.0,0.623,0.008,0.077,10.174,7.721,105.874,2.564,128.847
NEWFireVideo28_f41_jpg.rf.19ad718dea44a7148e71f76ccc093b90.jpg,1,1,1.0,0.284,0.007,0.074,8.889,4.849,116.293,2.372,134.191
NEWFireVideo28_f43_jpg.rf.8dcd250a66b162fe675580638f24ff1c.jpg,1,1,1.0,0.255,0.006,0.067,8.705,7.898,75.117,2.134,95.618
NEWFireVideo28_f450_jpg.rf.8b7ba82d1813fb2de1afeffcd927fd16.jpg,1,1,1.0,0.288,0.006,0.077,3.485,1.258,77.569,2.01,86.376
NEWFireVideo28_f502_jpg.rf.bc5d6075ad4b13d79b27a7f60863fd84.jpg,1,1,1.0,0.294,0.006,0.077,3.948,4.438,74.97,2.522,87.942
NEWFireVideo28_f547_jpg.rf.961e14728ad1ae6b7c3b48a1e5afe7ea.jpg,1,1,1.0,0.289,0.007,0.072,3.592,1.246,83.617,2.562,93.089
NEWFireVideo28_f61_jpg.rf.556509e04dd5abc9e16d411dc662fa5b.jpg,1,1,1.0,0.209,0.005,0.047,2.293,1.02,77.635,2.262,85.003
NEWFireVideo28_f702_jpg.rf.642751d2f49964af140289ae34ada9ad.jpg,1,1,1.0,0.211,0.005,0.046,6.353,6.07,90.909,3.464,108.718
NEWFireVideo28_f712_jpg.rf.2cfaad8ca5fa8c47ad44617937759314.jpg,1,1,1.0,0.319,0.006,0.077,6.674,5.894,77.026,2.291,93.894
NEWFireVideo28_f81_jpg.rf.5e5a79dfd640bbb4687e2471ae95ea1e.jpg,1,1,1.0,0.292,0.006,0.078,6.852,7.202,94.357,2.537,112.967
NEWFireVideo29_f147_jpg.rf.0342773d01290a268831c1275ab8fa58.jpg,1,1,1.0,0.266,0.006,0.069,5.896,2.194,80.874,2.326,93.185
NEWFireVideo29_f15_jpg.rf.39932ecd5e0e47ef9a7c1eaaca740886.jpg,1,1,1.0,0.422,0.007,0.151,9.973,6.624,81.353,1.971,101.919
NEWFireVideo29_f165_jpg.rf.5324918e8fd72a471446397295eed037.jpg,1,1,1.0,0.294,0.007,0.078,9.275,5.878,76.07,2.082,95.43
NEWFireVideo29_f1_jpg.rf.c374fd555f519af044a3ef23b3349a07.jpg,1,1,1.0,0.205,0.004,0.047,4.064,3.13,76.089,2.053,87.802
NEWFireVideo29_f255_jpg.rf.5bc662611a459c420794ab96283f5f83.jpg,1,1,1.0,0.281,0.007,0.074,3.347,2.576,86.238,2.196,96.376
NEWFireVideo29_f31_jpg.rf.afd6bb28f783a30b92435234fe47fe88.jpg,1,1,1.0,0.285,0.007,0.078,8.09,5.49,81.519,2.065,99.213
NEWFireVideo29_f6_jpg.rf.61c4e7801a964cb6d56ee3466ea4c7ef.jpg,1,1,1.0,0.295,0.006,0.079,2.755,1.155,89.878,2.347,98.162
NEWFireVideo29_f86_jpg.rf.3af52319af441c745397ea748fe1c136.jpg,1,1,0.9999,0.288,0.007,0.08,6.503,8.124,75.187,1.849,93.733
NEWFireVideo29_f96_jpg.rf.44315edd3008426e1ad62b17cede4dcc.jpg,1,1,1.0,0.285,0.007,0.079,6.288,6.014,93.899,2.255,110.508
NEWFireVideo2_f1_jpg.rf.1f809d30dee5475121426227acae6b01.jpg,1,1,1.0,0.289,0.007,0.075,7.455,6.306,75.016,1.84,92.722
NEWFireVideo2_f244_jpg.rf.ece71825695912f5272257dfb0121c49.jpg,1,1,1.0,0.291,0.006,0.078,11.154,6.326,75.642,2.513,97.847
NEWFireVideo2_f77_jpg.rf.772f0c77a8647577ac3ca8b5f451f392.jpg,1,1,1.0,0.305,0.007,0.086,8.839,1.271,76.645,1.989,90.651
NEWFireVideo30_f150_jpg.rf.dd5cedf055fd1aa3b7d379652bc991eb.jpg,1,1,0.6694,0.283,0.006,0.081,10.953,1.204,76.172,1.693,91.866
NEWFireVideo30_f156_jpg.rf.9ff99f2d5725aa105a26fb6f59eab3c1.jpg,1,1,0.6785,0.26,0.006,0.069,6.643,4.182,75.956,2.005,91.879
NEWFireVideo30_f174_jpg.rf.c13566c952c00da66d4af3758ef861db.jpg,1,1,1.0,0.33,0.005,0.047,4.55,1.204,83.129,1.792,92.787
NEWFireVideo30_f198_jpg.rf.c5c8fc67d127316b9b0ab35d1aae1b2b.jpg,1,1,0.9983,0.262,0.006,0.068,5.774,1.162,77.465,3.796,90.034
NEWFireVideo30_f261_jpg.rf.c40eab297677e516cc7d225c196bb46b.jpg,1,1,1.0,0.288,0.007,0.081,4.862,1.256,77.77,1.869,87.79
NEWFireVideo30_f27_jpg.rf.2a6de74acad032b2be37578792db5c24.jpg,1,1,0.9997,0.29,0.006,0.08,7.506,5.802,77.737,4.867,97.98
NEWFireVideo30_f41_jpg.rf.52172602d6fee7b47189b3963cb1e479.jpg,1,1,1.0,0.277,0.006,0.073,10.765,5.956,76.041,2.363,97.2
NEWFireVideo30_f48_jpg.rf.070689ea2044528c02682f004247e643.jpg,1,1,1.0,0.273,0.006,0.074,8.666,7.507,88.778,1.966,108.882
NEWFireVideo30_f73_jpg.rf.92b506d07713ec727a11f0563567790c.jpg,1,1,1.0,0.287,0.006,0.078,10.279,7.193,74.714,1.838,96.061
NEWFireVideo31_f158_jpg.rf.eb2c62832e14a4885232c92dda33b795.jpg,1,1,0.9998,0.283,0.007,0.076,5.076,6.41,95.019,2.125,110.543
NEWFireVideo31_f250_jpg.rf.dbfea881cc6388448b5d9f8037a63fbc.jpg,1,1,1.0,0.28,0.007,0.073,8.233,3.485,75.21,1.937,90.839
NEWFireVideo31_f474_jpg.rf.088c6a171eef8a7ea43899d90a8a5d25.jpg,1,1,1.0,0.33,0.006,0.082,11.724,6.014,76.761,1.42,97.549
NEWFireVideo32_f13_jpg.rf.5bce7eef630530b679375e4903a476fc.jpg,1,1,1.0,0.211,0.004,0.046,4.73,4.074,80.928,2.388,94.011
NEWFireVideo32_f19_jpg.rf.2548143709ab63d18281fbfeedb88ebf.jpg,1,1,1.0,0.286,0.006,0.073,7.525,4.962,74.904,1.395,90.379
NEWFireVideo32_f29_jpg.rf.7ca4b4aa8c41fd93cf80b21ff1674b1d.jpg,1,1,1.0,0.209,0.004,0.047,5.878,3.425,87.743,1.695,100.224
NEWFireVideo32_f68_jpg.rf.0db6f591420cd8629e40bd0342b09b13.jpg,1,1,1.0,0.209,0.005,0.046,4.287,3.005,76.186,1.372,86.389
NEWFireVideo32_f74_jpg.rf.d3fde2f52b281ede185846bc66f3eae0.jpg,1,1,1.0,0.21,0.005,0.05,4.708,3.167,86.501,2.105,97.951
NEWFireVideo32_f81_jpg.rf.1d0ad087531625e75302b0ae3924a19c.jpg,1,1,1.0,0.267,0.006,0.049,4.585,3.446,75.54,1.709,86.877
NEWFireVideo33_f114_jpg.rf.c9535525d6441e51b10a300afab7eed6.jpg,1,1,0.9997,0.21,0.005,0.049,7.489,1.02,78.393,3.042,91.521
NEWFireVideo33_f143_jpg.rf.984c0721daa0b42723a4cff8afb8ea71.jpg,1,1,0.9997,0.381,0.007,0.083,7.895,3.69,76.114,1.978,92.437
NEWFireVideo33_f17_jpg.rf.32738e1189a019d39ebd6dc09e3b2601.jpg,1,1,1.0,0.394,0.005,0.079,7.965,5.992,100.064,2.5,118.671
NEWFireVideo33_f43_jpg.rf.1123d62980691bdeaccbe0229903057a.jpg,1,1,1.0,0.287,0.006,0.078,7.44,6.375,75.98,1.888,93.757
NEWFireVideo33_f61_jpg.rf.c1f0ed4a9d5dfb69441c779345558f52.jpg,1,1,1.0,0.285,0.006,0.079,7.917,6.581,88.944,2.453,107.97
NEWFireVideo33_f88_jpg.rf.1b21b84f12b27c48603fccc959e335ef.jpg,1,1,1.0,0.285,0.006,0.078,8.644,5.877,75.589,1.898,94.082
NEWFireVideo34_f109_jpg.rf.8728959846c74b288543a5a55381efbe.jpg,1,1,0.5662,0.318,0.007,0.091,13.59,2.131,75.518,1.965,95.088
NEWFireVideo34_f170_jpg.rf.a45ea34ad3454b1110a5dec7477a1843.jpg,1,1,1.0,0.368,0.006,0.071,3.917,1.172,77.035,1.89,86.117
NEWFireVideo34_f195_jpg.rf.7db95444d77400c61737ac0f13ff961a.jpg,1,1,1.0,0.299,0.007,0.075,8.435,5.893,75.717,1.914,94.052
NEWFireVideo34_f226_jpg.rf.efd08e1125498aff05c998810a8b53ac.jpg,1,1,1.0,0.286,0.006,0.075,7.744,6.032,75.661,2.346,93.852
NEWFireVideo34_f256_jpg.rf.4949e152538325e6eb0b23799bbabb47.jpg,1,1,1.0,0.213,0.005,0.05,6.905,5.138,76.07,1.996,92.065
NEWFireVideo34_f9_jpg.rf.c7e32ec61655b6ff0a443eabd41a38e3.jpg,1,1,1.0,0.288,0.007,0.078,3.395,1.191,75.055,2.443,84.077
NEWFireVideo35_f45_jpg.rf.e47d97a59f84845ce2b25b33bd79c309.jpg,1,1,1.0,0.22,0.004,0.049,5.255,1.206,78.669,6.045,93.098
NEWFireVideo35_f63_jpg.rf.e58f21aa50cdb0cf1123001ba6876284.jpg,1,1,1.0,0.287,0.006,0.079,5.516,1.328,82.863,7.007,98.728
NEWFireVideo35_f89_jpg.rf.e57fd2f77e442321a8af0a494eada614.jpg,1,1,1.0,0.287,0.006,0.075,3.017,1.183,76.324,1.835,84.382
NEWFireVideo36_f1238_jpg.rf.658944f0e1fd3a1af80d87d806cdd56a.jpg,1,1,1.0,0.277,0.006,0.075,3.104,1.248,86.628,4.982,97.933
NEWFireVideo36_f1273_jpg.rf.d16ee3781ad9276249c08129ac8f2b56.jpg,1,1,1.0,0.285,0.006,0.077,3.866,1.178,76.215,1.819,85.135
NEWFireVideo37_f16_jpg.rf.6348782d15ef844d73afc6d88c2884f0.jpg,1,1,1.0,0.288,0.006,0.078,2.752,1.341,93.906,2.489,102.476
NEWFireVideo37_f28_jpg.rf.ae5e3534810048e14a2fb42bc4defdbb.jpg,1,1,1.0,0.28,0.007,0.078,2.819,1.173,76.972,1.959,84.925
NEWFireVideo37_f36_jpg.rf.51caa252a09b13800a44881948c32318.jpg,1,1,1.0,0.35,0.006,0.077,2.971,1.307,93.416,2.414,102.189
NEWFireVideo37_f60_jpg.rf.2b6406c9cb6266d6dad2fc7ad1b2249b.jpg,1,1,1.0,0.877,0.007,0.115,7.709,5.974,75.665,1.885,93.832
NEWFireVideo37_f8_jpg.rf.ba246e20d0250ee6b4c750fe9e7b892b.jpg,1,1,0.6667,0.349,0.009,0.102,10.24,5.944,76.562,2.294,97.169
NEWFireVideo38_f123_jpg.rf.fb32db5d3dbd9029271bb1e89bb1aa24.jpg,1,1,1.0,0.286,0.006,0.077,3.323,1.223,78.06,2.582,87.2
NEWFireVideo38_f205_jpg.rf.dd39555e42ed46338b1da46eb1eb9a1c.jpg,1,1,1.0,0.284,0.007,0.078,4.075,1.187,85.194,2.517,95.072
NEWFireVideo38_f21_jpg.rf.72cdaf1d11f0ff73814d5efe4a87cb53.jpg,1,1,1.0,0.286,0.007,0.074,2.804,1.181,78.83,2.571,87.484
NEWFireVideo38_f232_jpg.rf.d2d94a20df0bd5c23806861851511ac1.jpg,1,1,1.0,0.292,0.007,0.08,2.867,2.17,76.327,1.883,84.876
NEWFireVideo38_f289_jpg.rf.ff44249dd77210c13e804f6d9356abf9.jpg,1,1,1.0,0.288,0.007,0.073,2.835,1.175,78.263,2.912,87.354
NEWFireVideo38_f40_jpg.rf.3127cce55e33e47fb35b6f8ed968a794.jpg,1,1,1.0,0.286,0.006,0.08,4.334,1.541,76.702,1.987,86.627
NEWFireVideo38_f53_jpg.rf.d93f3a68c3de362fdaae5a2ac6f579f9.jpg,1,1,1.0,0.27,0.007,0.074,7.245,6.502,78.947,2.708,97.428
NEWFireVideo38_f68_jpg.rf.56b7cb4cd93040eb26599d8c8b65bac4.jpg,1,1,1.0,0.287,0.006,0.172,9.925,5.479,75.309,1.849,95.044
NEWFireVideo38_f86_jpg.rf.9011b7c06126b8629b145d70cb377c6a.jpg,1,1,1.0,0.292,0.006,0.076,3.26,1.906,86.919,2.239,96.451
NEWFireVideo39_f144_jpg.rf.7ea6967aa7c8a79368ded3d26c720181.jpg,1,1,1.0,0.285,0.006,0.076,7.4,6.001,75.724,1.872,93.03
NEWFireVideo39_f176_jpg.rf.344bc53b924fd250dcb558bf87cceb28.jpg,1,1,0.67,0.284,0.006,0.075,8.085,5.941,88.053,2.488,106.647
NEWFireVideo39_f206_jpg.rf.8111382412913f5d1cf34ffc85b3d1ed.jpg,1,1,0.9928,0.29,0.006,0.081,8.952,3.427,76.303,1.98,92.739
NEWFireVideo39_f259_jpg.rf.aeb33b239d5bb937c6d611805860f4d0.jpg,1,1,1.0,0.29,0.006,0.077,7.396,6.422,89.815,2.542,108.29
NEWFireVideo39_f407_jpg.rf.85241304e05011f681686446d4d807b6.jpg,1,1,1.0,0.287,0.006,0.077,4.217,1.239,77.713,1.899,87.139
NEWFireVideo3_f111_jpg.rf.f13c970dbdf34a3fff21a5b9b955ede3.jpg,1,1,1.0,0.289,0.006,0.08,7.941,6.506,76.5,1.881,94.825
NEWFireVideo3_f273_jpg.rf.6940e69a0a347fdcdd81de9a1265bbce.jpg,1,1,1.0,0.282,0.007,0.077,7.26,2.833,81.685,5.316,99.147
NEWFireVideo3_f93_jpg.rf.b2e988ba945afff7d62a1d8e1ce438f8.jpg,1,1,0.9995,0.282,0.006,0.076,4.755,1.256,75.012,1.841,84.846
NEWFireVideo40_f27_jpg.rf.b22ab39b8759e1f5cf8323a6a4a834f2.jpg,1,1,1.0,0.283,0.006,0.074,3.0,1.207,77.443,2.082,85.738
NEWFireVideo40_f52_jpg.rf.82440ededcecc233687d25a71a0c99ed.jpg,1,1,1.0,0.286,0.006,0.077,2.696,1.244,76.862,1.895,84.782
NEWFireVideo40_f78_jpg.rf.7af373b8caa87956f24ae2798ca4399a.jpg,1,1,1.0,0.286,0.006,0.074,3.596,1.248,77.591,2.075,86.49
NEWFireVideo41_f5_jpg.rf.cc4bab9b134952dfb166faf5a0a7f470.jpg,1,1,1.0,0.285,0.006,0.08,9.423,1.334,76.071,1.849,90.734
NEWFireVideo42_f113_jpg.rf.1b18ae77aa124f2db4a9180a4226a8f9.jpg,1,1,1.0,0.285,0.006,0.077,8.667,5.902,76.61,3.317,96.855
NEWFireVideo42_f149_jpg.rf.a68fe171fa97992815bdbb08cb8518e2.jpg,1,1,1.0,0.285,0.007,0.077,9.859,5.965,74.303,1.914,94.1
NEWFireVideo42_f191_jpg.rf.7182649e2b3dc64e2b6ad805f5426c6c.jpg,1,1,1.0,0.29,0.006,0.078,8.784,6.066,85.157,2.565,104.6
NEWFireVideo42_f38_jpg.rf.ac732d81253d7aeaaf73dc7adec1ebb0.jpg,1,1,1.0,0.279,0.007,0.072,8.077,6.682,82.208,2.25,101.237
NEWFireVideo42_f53_jpg.rf.98227ad84374ae7c9f04f72d6d813bd9.jpg,1,1,1.0,0.285,0.006,0.074,8.05,6.05,89.922,2.48,108.541
NEWFireVideo42_f68_jpg.rf.64ddf7b90a3d8c8a8bc77eba692bf82a.jpg,1,1,1.0,0.281,0.006,0.072,7.895,2.675,76.316,1.834,90.77
NEWFireVideo42_f85_jpg.rf.ae330ba4681866ddc82813b04ac313b3.jpg,1,1,1.0,0.288,0.007,0.075,7.981,5.87,90.254,1.881,108.096
NEWFireVideo42_f95_jpg.rf.bce868c49dd3c89eb57bbb6a14cec689.jpg,1,1,1.0,0.286,0.006,0.073,10.169,5.993,76.419,1.996,96.644
NEWFireVideo43_f150_jpg.rf.7ac617f2c941e3bced8c8b990d3f6ac4.jpg,1,1,1.0,0.285,0.006,0.074,8.604,5.998,75.485,1.791,93.925
NEWFireVideo43_f16_jpg.rf.a31525c4b7671a849b2f908ab82d4c11.jpg,1,1,1.0,0.285,0.006,0.073,5.26,2.71,76.671,3.167,90.473
NEWFireVideo43_f20_jpg.rf.2130c23e76070560912ea165298bd3c7.jpg,1,1,1.0,0.289,0.007,0.076,8.566,5.903,76.306,1.817,94.638
NEWFireVideo43_f30_jpg.rf.e0372d0d036d857f64842a5a46ce8927.jpg,1,1,1.0,0.293,0.007,0.076,3.112,3.16,78.234,4.464,91.695
NEWFireVideo43_f44_jpg.rf.1fa286ce191b4d7fbe1ac0da7a633171.jpg,1,1,1.0,0.216,0.004,0.079,3.113,1.334,82.864,1.947,91.171
NEWFireVideo43_f60_jpg.rf.516e853d006ea03425ffa2d47b2bba5b.jpg,1,1,1.0,0.285,0.007,0.073,3.269,1.553,87.741,2.306,96.888
NEWFireVideo44_f107_jpg.rf.0379f93175e10025dce3fb58e63d4cef.jpg,1,1,0.9995,0.291,0.006,0.083,11.005,5.917,75.726,1.809,96.462
NEWFireVideo44_f179_jpg.rf.91f0aba0f830663be918618e61288387.jpg,1,1,1.0,0.281,0.006,0.077,9.99,6.03,91.54,1.759,111.329
NEWFireVideo44_f81_jpg.rf.c54bdfd5f4e053938b69b5054be384ea.jpg,1,1,0.6673,0.364,0.006,0.078,8.504,2.311,76.254,1.951,91.209
NEWFireVideo45_f177_jpg.rf.d05f044d11d2b43836446a75454ca2e3.jpg,1,1,1.0,0.293,0.006,0.08,5.19,3.09,91.885,2.516,105.386
NEWFireVideo45_f199_jpg.rf.1d7b0b2abcb919e646c847ef27a4e456.jpg,1,1,1.0,0.286,0.007,0.078,3.258,1.235,77.817,2.222,86.631
NEWFireVideo45_f32_jpg.rf.0ee7a81cabc8800cd387d518c23f8088.jpg,1,1,1.0,0.287,0.006,0.081,8.359,6.462,89.523,2.11,109.025
NEWFireVideo45_f60_jpg.rf.1020d7505647d1fb2fb21bb44b46acd9.jpg,1,1,1.0,0.297,0.006,0.08,9.442,5.924,76.071,2.1,95.568
NEWFireVideo45_f7_jpg.rf.9af633a500f5abc12d654da3e4c38e3b.jpg,1,1,1.0,0.21,0.004,0.048,5.247,1.019,75.405,1.878,85.263
NEWFireVideo45_f94_jpg.rf.f9c51e3263812d37b86d710bd8cdb7e8.jpg,1,1,1.0,0.29,0.006,0.078,4.502,1.322,77.544,2.085,87.736
NEWFireVideo46_f24_jpg.rf.e212bc1f7325d1ac567e3c6b485bb74e.jpg,1,1,1.0,0.219,0.005,0.05,7.063,5.78,75.075,2.3,92.101
NEWFireVideo46_f2_jpg.rf.287b3642e1055ad796154e5c3c224714.jpg,1,1,1.0,0.284,0.006,0.075,2.757,1.291,77.386,2.3,85.72
NEWFireVideo46_f327_jpg.rf.3247f1f5d1da27c189af25d7a4947562.jpg,1,1,1.0,0.234,0.005,0.053,4.226,2.184,77.034,2.254,87.249
NEWFireVideo46_f694_jpg.rf.8c824fac67e989a661067f08dbcdb46c.jpg,1,1,0.9997,0.288,0.007,0.074,3.288,1.208,77.082,1.99,85.629
NEWFireVideo46_f748_jpg.rf.ce7998344c9943153fd55d34b3e4030f.jpg,1,1,1.0,0.296,0.007,0.077,7.911,5.924,75.305,1.883,93.086
NEWFireVideo46_f798_jpg.rf.c21d37abc6ff721901460149b9dd4cb8.jpg,1,1,1.0,0.285,0.006,0.076,7.423,6.236,74.77,2.123,92.537
NEWFireVideo47_f115_jpg.rf.734714433b41f4c21cef1e9d766e4133.jpg,1,1,1.0,0.211,0.005,0.046,3.372,1.35,77.516,1.966,86.085
NEWFireVideo47_f57_jpg.rf.b450e76c092eec0b2f51fd3be178e81d.jpg,1,1,1.0,0.272,0.006,0.072,3.956,1.186,92.294,2.274,101.809
NEWFireVideo47_f89_jpg.rf.f6e46e9e733ccba9994644f5a7d0e132.jpg,1,1,1.0,0.29,0.006,0.076,2.84,1.206,76.495,1.878,84.403
NEWFireVideo48_f104_jpg.rf.611a633bcda0528dacaa6e3b316d163d.jpg,1,1,1.0,0.284,0.006,0.08,6.933,3.323,85.919,2.204,100.438
NEWFireVideo48_f322_jpg.rf.3408775e28b46ffeced791c07d0e5c60.jpg,1,1,1.0,0.285,0.006,0.075,4.467,1.285,77.401,1.873,87.008
NEWFireVideo48_f79_jpg.rf.81fed79c8afa4b42cdb54849d50356c2.jpg,1,1,1.0,0.283,0.006,0.08,7.464,3.266,87.834,2.525,103.159
NEWFireVideo49_f170_jpg.rf.1bb3e16c8665929aa448382384551d2d.jpg,1,1,1.0,0.289,0.007,0.075,3.819,1.306,76.898,1.862,85.867
NEWFireVideo49_f183_jpg.rf.7d1b3b3e480416240e7114b883fef341.jpg,1,1,1.0,0.291,0.006,0.073,3.032,1.702,93.351,2.552,102.705
NEWFireVideo49_f223_jpg.rf.b7e763706976b12f0a6065368a466f0a.jpg,1,1,1.0,0.289,0.006,0.074,2.834,1.189,77.131,1.889,85.1
NEWFireVideo49_f28_jpg.rf.3a897d2711fde2c6816d50e71f25b598.jpg,1,1,1.0,0.289,0.007,0.076,2.87,1.191,89.541,2.498,98.073
NEWFireVideo49_f306_jpg.rf.a64352d9741408df1b0ad995c7fe2d6b.jpg,1,1,1.0,0.389,0.007,0.079,4.009,6.499,74.676,1.943,89.335
NEWFireVideo49_f327_jpg.rf.93690c1345749c449572a4e4ece56047.jpg,1,1,1.0,0.287,0.006,0.077,7.183,8.114,86.714,1.952,106.072
NEWFireVideo49_f379_jpg.rf.21f1d897d1aaa28542d9b72edb3f5714.jpg,1,1,1.0,0.288,0.007,0.072,7.103,1.144,75.986,2.513,88.827
NEWFireVideo49_f435_jpg.rf.9c9a2be39185f10817788b03a8d6456d.jpg,1,1,1.0,0.293,0.006,0.074,7.77,7.052,75.965,1.832,94.66
NEWFireVideo49_f504_jpg.rf.88f98bce55fb43ddbbb3ce39c743f3bb.jpg,1,1,1.0,0.284,0.006,0.073,7.722,6.01,74.948,2.098,92.755
NEWFireVideo49_f574_jpg.rf.80b01c693d6ddb6be2a53da4d770b249.jpg,1,1,1.0,0.281,0.006,0.075,6.485,6.402,75.997,1.917,92.818
NEWFireVideo49_f682_jpg.rf.7b189629a1bec2565b4e2c121c6c27b8.jpg,1,1,1.0,0.281,0.007,0.075,7.557,5.533,79.338,3.051,97.55
NEWFireVideo49_f728_jpg.rf.4fbe9c10e5c54bb513bca5f71c7f502d.jpg,1,1,1.0,0.252,0.004,0.045,3.277,1.211,77.345,1.802,85.646
NEWFireVideo49_f876_jpg.rf.99382fa050e3ef365397d6c45f987f0d.jpg,1,1,1.0,0.287,0.007,0.074,2.828,1.191,80.38,4.485,90.946
NEWFireVideo4_f114_jpg.rf.b5674c5b252befd2e7da0d8fa0208f6e.jpg,1,1,1.0,0.285,0.006,0.073,7.342,1.236,76.0,1.94,88.524
NEWFireVideo4_f174_jpg.rf.7f57b59d1bcc442f5a7b8b1be895bb66.jpg,1,0,0.6661,0.286,0.006,0.081,6.917,4.432,86.523,2.421,102.423
NEWFireVideo4_f259_jpg.rf.e09ca5082fe6bc558e48b0578e4a339b.jpg,1,1,0.9998,0.286,0.007,0.075,2.811,1.197,77.26,1.975,85.248
NEWFireVideo4_f37_jpg.rf.fbdb2e6167a756f48b7a219dbac63f22.jpg,1,1,1.0,0.286,0.007,0.075,2.792,1.147,91.553,2.329,99.95
NEWFireVideo50_f26_jpg.rf.f0e1dc52e37e534ad4ea74ea4ac37d6e.jpg,1,1,1.0,0.287,0.006,0.073,2.869,1.19,77.321,2.419,85.799
NEWFireVideo50_f71_jpg.rf.24a1bf6813c2aaece78f621717dc5831.jpg,1,1,1.0,0.239,0.005,0.059,7.039,5.678,86.657,2.489,103.528
NEWFireVideo50_f98_jpg.rf.76ac27301ea71155671d2035ef3cd9b1.jpg,1,1,0.9997,0.287,0.006,0.075,4.091,1.194,77.522,2.54,87.443
NEWFireVideo51_f107_jpg.rf.9e053d5baa28b7bc33e0e9357737d4fe.jpg,1,1,1.0,0.296,0.007,0.079,11.864,7.123,110.289,2.067,133.272
NEWFireVideo51_f14_jpg.rf.31d33b74f10ec4d51a0776b0a92461db.jpg,1,1,1.0,0.227,0.006,0.049,9.628,6.456,124.552,1.963,144.491
NEWFireVideo51_f33_jpg.rf.7dde24ad3d77bde69a04c14fe4897824.jpg,1,1,1.0,0.224,0.005,0.051,8.307,7.324,100.74,2.481,120.798
NEWFireVideo51_f80_jpg.rf.d9c25eb68c4bb756d242763b4451b66c.jpg,1,1,1.0,0.285,0.006,0.075,7.549,6.6,107.419,2.254,125.945
NEWFireVideo52_f103_jpg.rf.41619e208795f516c5509d63f09e5099.jpg,1,1,0.6662,0.332,0.007,0.082,8.647,5.943,96.916,3.138,116.869
NEWFireVideo52_f15_jpg.rf.a4574c747dc4aacf5c651c72cd2a8bde.jpg,1,1,1.0,0.56,0.005,0.054,10.22,6.378,77.214,1.773,97.6
NEWFireVideo52_f48_jpg.rf.e9bc68e659e6f6230be77103feb900db.jpg,1,1,1.0,0.267,0.005,0.071,6.96,4.319,76.027,1.986,91.193
NEWFireVideo52_f60_jpg.rf.5dd98500cd6812184a93e888089e1d57.jpg,1,1,1.0,0.217,0.005,0.049,9.775,3.975,75.479,1.785,93.003
NEWFireVideo52_f94_jpg.rf.aeeab04a91b3611b11675bd02b6af819.jpg,1,1,0.9039,0.275,0.006,0.074,7.151,6.337,81.261,2.967,99.765
NEWFireVideo53_f121_jpg.rf.dec9b1d1993ab8ef31c5059681adc6b2.jpg,1,1,1.0,0.214,0.005,0.047,9.183,6.44,92.214,2.497,112.159
NEWFireVideo53_f170_jpg.rf.169bb3e94fe7ae425b447b67a7199310.jpg,1,1,1.0,0.285,0.006,0.077,4.396,2.57,74.536,1.813,85.3
NEWFireVideo53_f206_jpg.rf.9052ff929cd7a1bc7ece1802548a9341.jpg,1,1,1.0,0.418,0.006,0.08,10.243,6.633,76.562,1.923,97.471
NEWFireVideo53_f237_jpg.rf.f4ebe51ef6ccbc80be9db8704e49d48c.jpg,1,1,1.0,0.284,0.006,0.076,8.176,5.9,75.578,1.905,93.609
NEWFireVideo53_f262_jpg.rf.917a9ef552c967c250888b542bae3d43.jpg,1,1,1.0,0.288,0.006,0.075,7.472,6.838,75.863,2.345,94.581
NEWFireVideo53_f344_jpg.rf.4855b4eee9437c90dc5b250f025830c6.jpg,1,1,1.0,0.336,0.006,0.076,11.592,6.072,102.51,2.149,124.436
NEWFireVideo53_f57_jpg.rf.2e282600a553da49b73d936fc782e16c.jpg,1,1,1.0,0.262,0.006,0.065,9.724,8.096,113.288,2.133,135.092
NEWFireVideo53_f91_jpg.rf.ed3a352802b633622848ef398850b489.jpg,1,1,1.0,0.221,0.004,0.051,9.167,7.848,113.886,4.507,137.189
NEWFireVideo54_f33_jpg.rf.7ed296ed10d1958190bab209469ce471.jpg,1,1,1.0,0.289,0.006,0.075,3.602,7.155,75.461,1.855,90.092
NEWFireVideo54_f64_jpg.rf.6a78a51ff3b3cc838b56ffe783ba3e5e.jpg,1,1,1.0,0.284,0.006,0.075,9.207,6.112,91.66,2.013,111.0
NEWFireVideo55_f16_jpg.rf.7282ea5eb7b28a12772d7499e9fc8899.jpg,1,1,1.0,0.28,0.007,0.078,6.656,6.007,81.779,1.871,98.355
NEWFireVideo55_f247_jpg.rf.8e5403eca6f55e37f5ab53d0604fb3ea.jpg,1,1,1.0,0.287,0.007,0.077,11.143,6.847,76.219,1.841,97.918
NEWFireVideo55_f416_jpg.rf.0fe338fa8431a09a254fcff7dc4e965f.jpg,1,1,1.0,0.285,0.006,0.075,5.775,6.227,76.484,3.514,94.023
NEWFireVideo55_f613_jpg.rf.e3cefc6c6b642e8caf1bf63e8eed292c.jpg,1,1,0.9948,0.286,0.006,0.075,2.74,1.123,77.864,1.825,85.595
NEWFireVideo55_f629_jpg.rf.1e75ad3350c4b3d55e84a2366c760187.jpg,1,1,1.0,0.284,0.006,0.078,7.886,6.228,113.255,2.291,131.756
NEWFireVideo55_f79_jpg.rf.eac329e9ca55bd011832d3535a03e18c.jpg,1,1,1.0,0.286,0.007,0.078,12.067,7.897,105.597,2.206,129.738
NEWFireVideo56_f100_jpg.rf.000d839ee54014adf301465813e1adfd.jpg,1,1,0.9998,0.288,0.006,0.078,11.712,6.624,114.822,2.437,137.685
NEWFireVideo56_f212_jpg.rf.527092808e62739b1049cc8084729e88.jpg,1,1,1.0,0.213,0.005,0.048,4.482,3.712,88.89,2.172,101.163
NEWFireVideo56_f292_jpg.rf.986aa7947f6e437c636aa5d7ea7c94ef.jpg,1,1,0.6579,0.288,0.006,0.079,6.884,3.06,75.163,1.913,89.69
NEWFireVideo56_f473_jpg.rf.0acaa0f562cc6ca50041e27260ba4a81.jpg,1,1,0.9998,0.288,0.006,0.079,4.171,7.249,80.212,1.844,95.582
NEWFireVideo56_f79_jpg.rf.bf65dff7df9998dafd01490577597ceb.jpg,1,1,1.0,0.284,0.006,0.076,10.066,7.388,110.366,2.556,132.459
NEWFireVideo56_f88_jpg.rf.14e73d83c42d56478c7c5a487f493918.jpg,1,1,0.9931,0.261,0.006,0.068,12.089,6.452,98.955,2.532,122.619
NEWFireVideo57_f146_jpg.rf.a53a0979403d3557bb3ae543d4f071df.jpg,1,1,1.0,0.289,0.006,0.076,7.691,6.038,76.243,2.257,94.283
NEWFireVideo57_f22_jpg.rf.e873c39fec14feed3b2e610d85e70c47.jpg,1,1,1.0,0.287,0.007,0.078,6.494,2.728,76.104,2.151,90.189
NEWFireVideo57_f2_jpg.rf.a0ae3ff706e285fa805cc8019e8427bd.jpg,1,1,1.0,0.284,0.007,0.082,10.924,5.878,83.598,6.113,108.543
NEWFireVideo57_f43_jpg.rf.671cd55efa0ee2a4d20b1a41da19ba59.jpg,1,1,1.0,0.286,0.007,0.08,8.394,7.671,92.642,2.434,113.252
NEWFireVideo57_f60_jpg.rf.5a3bd91dc23f74a28335ae5ee7886faa.jpg,1,1,1.0,0.287,0.007,0.077,5.814,5.786,74.514,2.074,90.268
NEWFireVideo57_f78_jpg.rf.2deae1cfa68fb0060627e412d3ad449b.jpg,1,1,1.0,0.211,0.005,0.052,9.156,6.49,82.363,5.859,105.781
NEWFireVideo57_f92_jpg.rf.0631d8af5ad4fa7cd386c0b44caa5582.jpg,1,1,0.99,0.284,0.007,0.079,7.481,5.996,76.216,1.899,93.589
NEWFireVideo58_f156_jpg.rf.348382e7bc2cf1c91ed11dcb05097277.jpg,1,1,1.0,0.364,0.006,0.077,3.574,1.321,90.849,2.518,100.356
NEWFireVideo58_f189_jpg.rf.41fefc89bc475c5470461216992864f6.jpg,1,1,1.0,0.29,0.007,0.074,4.234,1.275,77.814,1.842,87.186
NEWFireVideo58_f216_jpg.rf.41d8a9cbfd289954d54e97da982552da.jpg,1,1,1.0,0.282,0.006,0.073,3.523,1.331,100.322,2.488,109.674
NEWFireVideo59_f127_jpg.rf.e24ec2be3cc4836e5dae3b7c733c1b1c.jpg,1,1,1.0,0.268,0.004,0.046,8.339,5.839,81.936,1.983,100.044
NEWFireVideo59_f96_jpg.rf.b276aabd8dce7b919a5cb165a9b41d38.jpg,1,1,1.0,0.289,0.007,0.078,7.161,4.626,89.074,2.555,105.566
NEWFireVideo5_f5_jpg.rf.f40ddc72ba5024f5cf97525028cee694.jpg,1,1,1.0,0.289,0.006,0.076,5.403,2.905,74.917,1.885,87.135
NEWFireVideo61_f115_jpg.rf.4f3eb6570261c4d543f0291f2f33167e.jpg,1,1,1.0,0.286,0.006,0.077,2.926,1.244,95.575,2.536,104.288
NEWFireVideo61_f165_jpg.rf.f3fd152d9cda8126c00f815231c645d4.jpg,1,1,1.0,0.284,0.006,0.077,2.99,1.355,77.501,1.886,85.73
NEWFireVideo61_f184_jpg.rf.55287e6097d7d7b9b4f37028f63d9a04.jpg,1,1,1.0,0.295,0.006,0.078,9.201,7.452,76.584,2.032,96.953
NEWFireVideo61_f212_jpg.rf.95ffca12bc9f8706aec0423748da00b3.jpg,1,1,1.0,0.282,0.007,0.076,7.139,2.75,75.6,1.846,89.342
NEWFireVideo61_f219_jpg.rf.8f99555251fb340bb3c859dfb7da7e47.jpg,1,1,0.9988,0.287,0.006,0.079,11.216,6.548,76.046,1.909,97.875
NEWFireVideo61_f3_jpg.rf.0f2d82fb32ffe6be649513df7ddbea9e.jpg,1,1,0.9937,0.273,0.006,0.075,11.345,6.183,76.248,2.05,98.011
NEWFireVideo61_f77_jpg.rf.33ae51bc04963568f533cffe9d7c2377.jpg,1,1,1.0,0.227,0.005,0.057,17.624,6.002,75.051,1.76,102.257
NEWFireVideo61_f9_jpg.rf.90013d6f642066e3d9721463b181309f.jpg,1,1,0.9999,0.231,0.005,0.059,10.926,6.528,88.389,1.644,109.108
NEWFireVideo62_f779_jpg.rf.b0363cd01910ac54f9554e4abc813840.jpg,1,1,1.0,0.21,0.005,0.047,3.678,3.617,77.704,2.016,88.532
NEWFireVideo63_f139_jpg.rf.1a9724dc4717aefd90a582cd4e32ca8c.jpg,1,1,1.0,0.264,0.006,0.068,2.826,1.126,81.316,2.519,89.76
NEWFireVideo63_f169_jpg.rf.8a86e957713a623e700dcd33477ce897.jpg,1,1,1.0,0.213,0.005,0.046,3.183,1.193,75.968,1.91,84.134
NEWFireVideo63_f17_jpg.rf.c4656544064867b2e39439cdf4888def.jpg,1,1,1.0,0.292,0.006,0.076,2.776,1.183,80.893,3.975,90.834
NEWFireVideo63_f27_jpg.rf.6422e16217b19a999cf9a0ad67f3bea8.jpg,1,1,1.0,0.206,0.005,0.048,3.163,1.188,77.055,1.907,85.199
NEWFireVideo63_f61_jpg.rf.0d7b807e3c72e7c33acdede95e26e298.jpg,1,1,1.0,0.272,0.006,0.068,2.964,1.153,88.212,5.541,99.75
NEWFireVideo64_f35_jpg.rf.0410521ebf48e31da56410a5d1fdb62f.jpg,1,1,1.0,0.325,0.006,0.076,5.393,1.707,77.232,1.835,88.298
NEWFireVideo64_f79_jpg.rf.0d699382db7ca81ef307c27db506f0d1.jpg,1,1,0.9997,0.278,0.005,0.148,12.735,6.737,87.498,2.159,111.219
NEWFireVideo65_f10_jpg.rf.39326c78a5d525808143077ee6dbf323.jpg,1,1,1.0,0.269,0.006,0.071,3.974,1.175,76.208,1.995,85.364
NEWFireVideo65_f20_jpg.rf.4d490c4ce9a534ad428ea53e2649605d.jpg,1,1,1.0,0.286,0.006,0.076,3.241,1.191,90.211,2.529,99.154
NEWFireVideo65_f54_jpg.rf.d702797a4380a7761b39fc14ec4ad095.jpg,1,1,1.0,0.288,0.007,0.075,2.847,1.187,77.892,1.828,85.741
NEWFireVideo65_f71_jpg.rf.464f8d32cbf430c805e8d328030a7e11.jpg,1,1,1.0,0.291,0.007,0.077,3.484,1.427,91.021,2.472,100.436
NEWFireVideo65_f88_jpg.rf.c8879d710762598591eaae27f4983735.jpg,1,1,0.9999,0.285,0.007,0.08,7.157,4.643,76.032,1.909,91.832
NEWFireVideo66_f1_jpg.rf.d9d74e11b9fea24aac792ab811184f4c.jpg,1,1,1.0,0.296,0.006,0.076,9.574,4.504,77.45,1.83,95.402
NEWFireVideo67_f153_jpg.rf.7d7d9e2234d09a144bbe0a3c5d54d5db.jpg,1,1,1.0,0.284,0.006,0.075,3.82,1.176,76.755,1.827,85.597
NEWFireVideo67_f177_jpg.rf.03cda968ee1d18630f48cb407356e6fe.jpg,1,1,1.0,0.293,0.007,0.078,10.617,3.149,76.531,2.223,94.518
NEWFireVideo67_f203_jpg.rf.c52a8ba801d0f41eb54bcd721aaeb810.jpg,1,1,1.0,0.287,0.007,0.079,5.935,1.212,84.605,2.272,96.023
NEWFireVideo67_f322_jpg.rf.57e5896332386afa7bf64f6868b00f78.jpg,1,1,0.8066,0.289,0.006,0.076,3.904,1.281,77.086,1.871,86.14
NEWFireVideo67_f386_jpg.rf.85748728163fb180f51278f333233c6f.jpg,1,1,0.9991,0.291,0.006,0.078,2.942,1.152,79.089,2.376,87.488
NEWFireVideo67_f90_jpg.rf.3968435154851eb8537ac2de1c1cb99e.jpg,1,1,1.0,0.286,0.006,0.073,3.364,1.147,76.653,1.854,84.997
NEWFireVideo68_f115_jpg.rf.b26d935674326430e0a2c4fab7aa073c.jpg,1,1,1.0,0.279,0.015,0.071,3.612,1.368,85.249,5.912,98.144
NEWFireVideo68_f127_jpg.rf.fef49c3a368e9c6b0a789ab1da477340.jpg,1,1,1.0,0.292,0.007,0.073,2.957,1.146,75.422,1.873,83.424
NEWFireVideo68_f25_jpg.rf.c979a3869580e4c560e7a2dab1df9615.jpg,1,1,1.0,0.286,0.006,0.077,4.912,1.201,85.629,2.233,96.023
NEWFireVideo68_f3_jpg.rf.7a4f015999e9af56c34593965e8943bb.jpg,1,1,1.0,0.286,0.006,0.081,6.103,1.239,77.748,1.839,88.865
NEWFireVideo68_f82_jpg.rf.b4a1d6f242f46198bf6afd5c21012fb0.jpg,1,1,1.0,0.284,0.006,0.077,4.469,1.191,91.192,2.018,100.861
NEWFireVideo68_f97_jpg.rf.6a8f796705fe9fa0a1572d3cd0681591.jpg,1,1,1.0,0.291,0.006,0.08,8.973,7.627,76.505,2.252,97.382
NEWFireVideo6_f120_jpg.rf.61ee57b1a61c09258b6005c4de30aabf.jpg,1,1,1.0,0.288,0.006,0.075,2.838,3.604,88.877,2.48,99.849
NEWFireVideo70_f103_jpg.rf.7b03a8189cda0a038eb2d47a7404a2d8.jpg,1,1,1.0,0.291,0.007,0.081,8.298,6.53,75.736,1.954,94.546
NEWFireVideo70_f182_jpg.rf.d550fa31551ac552421f09d6d7ceff93.jpg,1,1,1.0,0.287,0.006,0.081,9.88,7.672,81.788,1.941,103.373
NEWFireVideo70_f319_jpg.rf.96dddf5cffb326fd8532b27ea42e3ebd.jpg,1,1,1.0,0.295,0.007,0.079,5.943,6.276,75.661,1.816,91.72
NEWFireVideo70_f358_jpg.rf.34a8456a3aec5023c62adf12176aae16.jpg,1,1,1.0,0.29,0.006,0.077,4.828,1.194,78.859,2.26,89.131
NEWFireVideo70_f393_jpg.rf.2c07621d7446319517522399b3e31a3f.jpg,1,1,1.0,0.285,0.006,0.076,3.899,1.493,78.292,2.103,87.764
NEWFireVideo70_f496_jpg.rf.da6e628440f2156a9d2d893c63e953f7.jpg,1,1,1.0,0.278,0.006,0.074,3.701,1.151,76.733,2.226,85.831
NEWFireVideo70_f69_jpg.rf.60e9bf38ab7a7d5ddfddae86f80a5968.jpg,1,1,1.0,0.288,0.006,0.076,4.064,1.155,77.837,2.55,87.584
NEWFireVideo70_f9_jpg.rf.da223a03ae3370b1c784a58b5e541354.jpg,1,1,1.0,0.284,0.006,0.072,3.206,1.153,82.699,1.863,90.931
NEWFireVideo71_f45_jpg.rf.8b3bee9b57656a79ecfe8cdfee19cdcb.jpg,1,1,1.0,0.287,0.006,0.076,3.909,1.305,77.819,3.045,88.095
NEWFireVideo71_f82_jpg.rf.564c4b874ad749c824c540083556913f.jpg,1,1,0.6684,0.287,0.006,0.079,5.269,1.218,76.721,1.863,87.149
NEWFireVideo72_f31_jpg.rf.7bcfaa7c7116a11428d66955373161a5.jpg,1,1,1.0,0.285,0.006,0.076,4.267,1.186,79.17,2.447,89.076
NEWFireVideo72_f75_jpg.rf.4189168b1a62b4e132869c5c381fa536.jpg,1,1,1.0,0.284,0.006,0.078,8.967,6.466,77.082,1.951,96.479
NEWFireVideo73_f121_jpg.rf.2baa92aa6ecaa10816c5c4fbd5a8f2c0.jpg,1,1,1.0,0.287,0.006,0.073,9.838,7.044,90.667,2.307,111.982
NEWFireVideo73_f12_jpg.rf.b5b3e5240d2d45f9f01cafaea7d12fcc.jpg,1,1,1.0,0.284,0.006,0.164,8.861,2.896,75.762,2.52,91.932
NEWFireVideo73_f6_jpg.rf.b61dd3eaf8f43fa2cd8c0b77d4aeece6.jpg,1,1,1.0,0.287,0.006,0.079,8.385,3.828,90.26,2.521,107.054
NEWFireVideo74_f119_jpg.rf.1e4d6af05558e0aa1c720123e31dc465.jpg,1,1,1.0,0.286,0.006,0.08,7.756,1.258,76.709,1.934,89.688
NEWFireVideo74_f167_jpg.rf.a6eaa5181dfca4a8c535525962f4610a.jpg,1,1,1.0,0.287,0.006,0.076,9.079,6.824,81.863,1.898,101.59
NEWFireVideo74_f20_jpg.rf.b06b566d002b2071b94e5874389f3afd.jpg,1,1,1.0,0.274,0.006,0.07,7.625,2.584,75.045,1.977,89.291
NEWFireVideo74_f234_jpg.rf.846970b98b8cd8345dc7d5def7835501.jpg,1,1,1.0,0.28,0.007,0.076,7.57,6.59,75.607,1.833,93.579
NEWFireVideo74_f277_jpg.rf.276dc96d900b2a818f2680d19bfe58be.jpg,1,1,1.0,0.285,0.006,0.075,3.271,3.508,76.497,2.696,87.993
NEWFireVideo74_f313_jpg.rf.0530299194bb6dc4d48af3b757cc9921.jpg,1,1,1.0,0.286,0.006,0.076,7.677,2.476,76.215,2.255,90.599
NEWFireVideo74_f359_jpg.rf.f87a00ee85ccd8cb2673ee13b430cd5d.jpg,1,1,1.0,0.331,0.006,0.075,2.898,1.219,77.463,3.031,86.661
NEWFireVideo74_f69_jpg.rf.9ac1c9e8a4c06ccba90adca9ba8a7687.jpg,1,1,1.0,0.285,0.007,0.076,2.78,1.149,77.308,1.789,85.012
NEWFireVideo74_f95_jpg.rf.8b3f461f329bdebf8c0f69b7087d6938.jpg,1,1,1.0,0.286,0.007,0.076,2.829,4.074,77.855,3.827,90.56
NEWFireVideo75_f225_jpg.rf.2a1b13fdf22c3c2661af99e174aac969.jpg,1,1,1.0,0.283,0.006,0.078,3.589,1.132,77.335,1.791,85.82
NEWFireVideo76_f100_jpg.rf.65d4bb89b0d862ca64a172f033d93719.jpg,1,1,1.0,0.284,0.007,0.072,3.582,1.134,81.679,5.311,93.662
NEWFireVideo76_f133_jpg.rf.61564504a038fdb6905d9d5fd681d723.jpg,1,1,1.0,0.286,0.006,0.075,8.017,6.07,76.292,1.865,94.285
NEWFireVideo76_f16_jpg.rf.4fc994090da47d8379cba5b31eef23c1.jpg,1,1,1.0,0.289,0.006,0.074,7.804,2.847,87.978,2.524,103.214
NEWFireVideo76_f188_jpg.rf.76de53acbf25fdce6a9a534c8ab3e7d9.jpg,1,1,1.0,0.284,0.007,0.076,3.412,1.213,77.841,1.94,86.41
NEWFireVideo76_f73_jpg.rf.901b8e58d56a6dfb594631cea9670ca5.jpg,1,1,1.0,0.287,0.007,0.075,2.721,2.935,90.345,2.469,101.116
NEWFireVideo76_f87_jpg.rf.7e39b78d95dd55b722ded2eb9c845f55.jpg,1,1,1.0,0.293,0.007,0.077,3.492,3.351,75.617,1.911,86.504
NEWFireVideo76_f92_jpg.rf.bb49e42bb38e6479b6398c1654f5ddd0.jpg,1,1,1.0,0.289,0.006,0.077,9.189,6.409,80.634,2.294,100.621
NEWFireVideo77_f116_jpg.rf.a41b6f8238bf02cddd52c733476db556.jpg,1,1,1.0,0.288,0.006,0.074,3.884,4.909,75.365,1.867,88.059
NEWFireVideo77_f144_jpg.rf.039628d91eeaee528ccd8d1f8702852d.jpg,1,1,1.0,0.293,0.007,0.077,6.532,6.573,81.955,2.503,99.642
NEWFireVideo77_f157_jpg.rf.668f17ce1d68ba86bbfa96c41d719ed5.jpg,1,1,1.0,0.288,0.006,0.08,8.484,6.047,78.348,2.731,97.608
NEWFireVideo77_f189_jpg.rf.c1b3917ffd27d42f6d0e2f9697c7532c.jpg,1,1,1.0,0.289,0.006,0.081,8.555,3.613,75.319,1.897,91.269
NEWFireVideo77_f205_jpg.rf.d65bcb9031363f5b26801fc7f2688f5b.jpg,1,1,1.0,0.286,0.006,0.078,7.861,5.932,88.198,2.369,106.477
NEWFireVideo77_f239_jpg.rf.e3ef3ab0dababdd6647b5028799af8d5.jpg,1,1,1.0,0.296,0.006,0.079,7.364,6.297,76.476,1.87,94.069
NEWFireVideo77_f252_jpg.rf.616f851b0f533749fb37dd49fb4867ce.jpg,1,1,1.0,0.284,0.006,0.075,3.434,1.678,90.461,2.3,99.84
NEWFireVideo77_f284_jpg.rf.9e5ff3c87222be91376bcb5c021bdd7f.jpg,1,1,1.0,0.29,0.006,0.081,5.564,3.553,75.893,1.861,88.949
NEWFireVideo77_f377_jpg.rf.953b5ccfa7c3229ff951bfba3ba07886.jpg,1,1,1.0,0.284,0.006,0.075,5.426,3.021,90.036,2.173,102.739
NEWFireVideo79_f171_jpg.rf.12bb2c8d27c6009d3936ae83abe55364.jpg,1,1,1.0,0.282,0.006,0.076,3.439,1.251,77.236,1.844,85.804
NEWFireVideo79_f184_jpg.rf.8bb04113da7deef94fa1952186b0057e.jpg,1,1,1.0,0.259,0.005,0.048,7.332,7.047,92.903,2.094,111.366
NEWFireVideo79_f247_jpg.rf.c19c88b60a751079d7dd7fd828b1390d.jpg,1,1,1.0,0.28,0.007,0.074,7.466,5.987,76.271,1.911,93.59
NEWFireVideo79_f263_jpg.rf.6abb75808e4b4aede1470b15f569fb3b.jpg,1,1,0.9999,0.239,0.005,0.048,7.199,5.959,74.757,1.927,91.323
NEWFireVideo79_f307_jpg.rf.809b739d71ce8ae8779058dd345302e5.jpg,1,1,1.0,0.285,0.006,0.079,7.46,6.264,75.552,2.545,93.81
NEWFireVideo79_f94_jpg.rf.849e4d78e4971ae0cbc05560347eae0f.jpg,1,1,1.0,0.292,0.006,0.081,8.799,6.278,76.637,2.291,96.09
NEWFireVideo7_f120_jpg.rf.905e7ce05d26939598a6f174e53f442a.jpg,1,1,1.0,0.287,0.007,0.074,3.689,1.386,77.563,3.254,87.917
NEWFireVideo7_f17_jpg.rf.3102cfe8cf16b98d11ea3221b5457b7b.jpg,1,1,1.0,0.215,0.004,0.048,3.192,1.204,77.54,1.888,85.752
NEWFireVideo7_f220_jpg.rf.aee372806cc451cc66c5fefa3bd12de9.jpg,1,1,0.8332,0.357,0.006,0.077,2.908,1.259,80.899,4.199,91.355
NEWFireVideo7_f294_jpg.rf.0d12f6d970b0433735ecd74957d5cf45.jpg,1,1,1.0,0.21,0.004,0.046,3.248,1.194,77.589,1.789,85.695
NEWFireVideo7_f381_jpg.rf.5952a552311ec8062a8a532918fcee2b.jpg,1,1,1.0,0.279,0.006,0.069,4.391,2.243,91.796,4.533,104.559
NEWFireVideo7_f422_jpg.rf.e2af1d28754c2f8a77bbd1ef55112127.jpg,1,1,1.0,0.281,0.007,0.075,5.25,1.224,76.635,1.917,87.011
NEWFireVideo7_f62_jpg.rf.5922a54d61da01ee69f7cc7dfb402ea5.jpg,1,1,1.0,0.286,0.006,0.078,2.952,1.188,85.224,3.661,95.019
NEWFireVideo7_f81_jpg.rf.3e67f612c149d8a6a423cbf475fcccca.jpg,1,1,1.0,0.292,0.007,0.077,2.723,1.293,77.32,1.923,85.263
NEWFireVideo80_f30_jpg.rf.44fca07bbcb70221fde4b602a738fb7b.jpg,1,1,1.0,0.288,0.006,0.081,8.207,3.545,88.778,1.956,104.533
NEWFireVideo81_f149_jpg.rf.3098fb413b3858f5b13bda4dc467c932.jpg,1,1,1.0,0.283,0.006,0.077,2.804,1.2,77.288,1.876,85.163
NEWFireVideo81_f179_jpg.rf.1cbba177c0e94c67bb2fad52b5bab82b.jpg,1,1,1.0,0.287,0.006,0.078,2.838,1.588,89.787,2.522,98.806
NEWFireVideo81_f220_jpg.rf.03ced25105173e40581b3714915aa2d8.jpg,1,1,1.0,0.286,0.006,0.076,3.19,1.2,77.299,2.262,85.936
NEWFireVideo81_f232_jpg.rf.a59135a7346b03adbf50ab44118375f8.jpg,1,1,1.0,0.291,0.006,0.159,2.866,1.297,89.026,2.305,97.578
NEWFireVideo81_f243_jpg.rf.6adda48a24d965e52423a5da398ffa23.jpg,1,1,1.0,0.283,0.007,0.075,2.765,2.605,82.853,1.889,92.465
NEWFireVideo81_f260_jpg.rf.4037c260616670e34242f21b31553fd9.jpg,1,1,1.0,0.293,0.006,0.079,9.628,7.157,88.365,2.006,109.745
NEWFireVideo81_f380_jpg.rf.cac2c62779c653e7019b9310a9fb82f6.jpg,1,1,1.0,0.293,0.006,0.076,4.938,6.205,75.634,2.07,90.883
NEWFireVideo81_f400_jpg.rf.9f8ba1c293b30732544d3c38f9fc657c.jpg,1,1,1.0,0.29,0.007,0.077,3.766,3.221,75.429,1.857,86.67
NEWFireVideo81_f442_jpg.rf.553e9a3bb37c3e0ed8b166fd88be2295.jpg,1,1,1.0,0.266,0.006,0.071,8.526,6.375,76.502,1.901,95.487
NEWFireVideo81_f617_jpg.rf.689f80c20ab689dd1c67c888186b3ec5.jpg,1,1,1.0,0.279,0.006,0.073,4.828,1.148,75.951,1.819,85.719
NEWFireVideo81_f856_jpg.rf.400a0da103443c5e8484b113d6227e36.jpg,1,1,1.0,0.29,0.006,0.076,2.714,1.233,80.27,2.543,88.733
NEWFireVideo81_f983_jpg.rf.6b6553beb0580a5af732ff21045789b5.jpg,1,1,1.0,0.339,0.007,0.079,8.295,5.948,76.192,1.84,94.402
NEWFireVideo82_f1184_jpg.rf.202a23af804ce78bec90da725c1b6260.jpg,1,1,1.0,0.297,0.007,0.078,3.432,1.286,83.585,2.518,93.005
NEWFireVideo82_f1433_jpg.rf.f5aca64d3bbcc127bf51026f413ffb02.jpg,1,1,1.0,0.211,0.004,0.048,7.355,6.087,81.942,1.904,99.099
NEWFireVideo82_f41_jpg.rf.5adba0e9535f2fba5e6ad3d2d6150963.jpg,1,1,1.0,0.294,0.007,0.08,7.595,6.378,93.745,1.865,111.686
NEWFireVideo82_f689_jpg.rf.6eae639c506ee2092444b0062f3034b6.jpg,1,1,0.7952,0.288,0.007,0.081,12.237,1.201,75.711,1.846,93.072
NEWFireVideo82_f707_jpg.rf.074fa55ad750beff11cf9fcfffa778e2.jpg,1,1,1.0,0.29,0.006,0.079,8.848,6.068,91.148,1.9,109.987
NEWFireVideo82_f710_jpg.rf.99f5bfe00b72dc6e2e9287dc39cfb559.jpg,1,1,1.0,0.283,0.006,0.074,8.509,7.06,75.669,2.255,95.559
NEWFireVideo82_f721_jpg.rf.2a71e4c6c0e3ca8826caf2a3a3bde2d2.jpg,1,1,1.0,0.287,0.007,0.073,10.876,1.763,75.498,1.89,92.011
NEWFireVideo82_f739_jpg.rf.ee58c3a459babac6892c603015ddea84.jpg,1,1,1.0,0.283,0.007,0.078,3.294,1.143,77.897,1.958,86.373
NEWFireVideo82_f803_jpg.rf.3ef58c9a6dcb85248aeb1c3cf4372ed5.jpg,1,1,1.0,0.232,0.005,0.049,4.789,3.84,76.001,1.889,88.523
NEWFireVideo82_f924_jpg.rf.6036d23cbb7a946410a8b8278d5e3e36.jpg,1,1,1.0,0.282,0.007,0.078,9.77,5.933,76.024,2.811,96.577
NEWFireVideo82_f986_jpg.rf.2a1a84a569d4a117cb00043a53b2a472.jpg,1,1,0.9506,0.282,0.006,0.082,10.237,6.032,75.645,1.85,95.827
NEWFireVideo84_f101_jpg.rf.d6460e062561eeafd0c1463fdf3dbe52.jpg,1,1,1.0,0.286,0.007,0.079,7.465,6.199,85.411,2.367,103.469
NEWFireVideo84_f112_jpg.rf.3cdb156eaa974a274d6ad7afe83853ca.jpg,1,1,1.0,0.387,0.007,0.082,8.491,6.035,76.149,1.843,94.686
NEWFireVideo84_f145_jpg.rf.cd93d9bd982692f691e2fd402490d719.jpg,1,1,1.0,0.289,0.007,0.078,4.151,1.188,88.323,2.085,97.807
NEWFireVideo84_f73_jpg.rf.d8064b067c769a051087bae8ebcb02ea.jpg,1,1,1.0,0.28,0.006,0.077,2.898,1.195,77.717,2.134,85.931
NEWFireVideo85_f103_jpg.rf.83a6cd64fe4e80a002a5f808ea254cd8.jpg,1,1,1.0,0.288,0.007,0.074,2.876,1.198,92.552,2.473,101.072
NEWFireVideo85_f116_jpg.rf.e2df9aa2b46550ef217b08846338eabe.jpg,1,1,1.0,0.285,0.006,0.079,5.157,1.318,76.635,1.915,87.071
NEWFireVideo85_f148_jpg.rf.a14d5676a8e44400e42bb7d7747ba5a1.jpg,1,1,1.0,0.282,0.007,0.076,3.36,1.248,93.488,2.463,102.525
NEWFireVideo85_f232_jpg.rf.a53535884781d28c32370a918f214ae0.jpg,1,1,1.0,0.286,0.006,0.075,2.784,1.209,77.535,1.982,85.578
NEWFireVideo85_f61_jpg.rf.d26ff021252c92a26ae4a6f1dc7d89d2.jpg,1,1,1.0,0.282,0.006,0.078,2.853,1.375,92.342,2.471,101.061
NEWFireVideo85_f76_jpg.rf.cd48f5e3f5c8fe87fd1f7c6dc2b2e480.jpg,1,1,1.0,0.284,0.007,0.072,4.75,7.71,75.88,1.889,92.217
NEWFireVideo85_f89_jpg.rf.2296b08a1af7b21aa6c3604f2a23bf58.jpg,1,1,1.0,0.298,0.006,0.077,8.361,5.831,77.593,1.889,95.838
NEWFireVideo87_f15_jpg.rf.795f5250b72d460188a929fd32d4c6c6.jpg,1,1,1.0,0.407,0.006,0.078,4.553,3.298,75.12,2.304,87.466
NEWFireVideo87_f183_jpg.rf.a23b33e13082f898c912127ecf97af5f.jpg,1,1,1.0,0.242,0.006,0.048,6.14,2.823,76.9,2.172,89.967
NEWFireVideo87_f217_jpg.rf.3ca86ab3c71ca79a09fd4531cd487c5b.jpg,1,1,1.0,0.273,0.006,0.078,10.791,6.402,82.07,2.533,103.786
NEWFireVideo87_f289_jpg.rf.a86039ecc1377b354cc03b22e62c9b98.jpg,1,1,1.0,0.289,0.006,0.079,8.954,8.127,97.787,2.626,119.373
NEWFireVideo87_f34_jpg.rf.8cfaa0b47dac3c4fdab88e0090cf15ee.jpg,1,1,1.0,0.292,0.006,0.078,11.823,7.065,93.477,2.241,116.601
NEWFireVideo87_f384_jpg.rf.d3d788f1cb867d73582ca68667755168.jpg,1,1,1.0,0.284,0.006,0.075,3.85,1.181,82.208,1.872,91.112
NEWFireVideo87_f461_jpg.rf.ae116fef27742ff0cb11ee5095736f66.jpg,1,1,1.0,0.293,0.006,0.076,10.061,3.415,77.142,1.927,94.219
NEWFireVideo87_f489_jpg.rf.546d430c4aa1c419c2ee78dbfda01e0d.jpg,1,1,1.0,0.294,0.007,0.079,3.768,1.151,105.348,2.087,114.369
NEWFireVideo88_f21_jpg.rf.984ecd2c368101ea40c78d72e28f5e8a.jpg,1,1,1.0,0.279,0.006,0.076,2.864,1.146,113.014,4.238,123.213
NEWFireVideo88_f59_jpg.rf.3150b6b93b6a4af3484211a9eda502c3.jpg,1,1,1.0,0.29,0.007,0.079,4.721,1.217,76.651,1.846,86.735
NEWFireVideo89_f123_jpg.rf.9761aa1638197866784326cef3b69387.jpg,1,1,1.0,0.277,0.006,0.07,3.605,1.622,87.345,5.799,100.331
NEWFireVideo89_f55_jpg.rf.69abc5c7ef3ef6c55a7adc718e8f7ab7.jpg,1,1,0.8908,0.286,0.006,0.08,10.618,6.526,75.119,1.961,96.296
NEWFireVideo89_f89_jpg.rf.6068e88c64743f5d82a4d543c1597a74.jpg,1,1,1.0,0.292,0.006,0.074,10.542,7.16,90.735,2.457,112.911
NEWFireVideo90_f107_jpg.rf.259b2dd9cd1f290f9ca952e20b81be46.jpg,1,1,1.0,0.213,0.004,0.048,3.346,2.277,81.902,1.985,91.333
NEWFireVideo90_f177_jpg.rf.cbbdac64601ea87803b514d31518d117.jpg,1,1,1.0,0.284,0.006,0.075,12.272,1.373,87.325,2.453,105.528
NEWFireVideo90_f213_jpg.rf.a88ea8b49865efb870c20b8ca03a2042.jpg,1,1,1.0,0.285,0.006,0.079,6.774,3.128,76.312,1.82,90.098
NEWFireVideo90_f248_jpg.rf.459c59c474e78f99a421223fbe728dcc.jpg,1,1,1.0,0.273,0.006,0.074,8.558,8.858,88.127,2.087,109.709
NEWFireVideo90_f316_jpg.rf.20dd54623381e7e949339e783e646358.jpg,1,1,1.0,0.293,0.006,0.076,10.033,8.07,119.69,2.477,142.394
NEWFireVideo90_f36_jpg.rf.f839b511c9394f38debf1b5ca31618f0.jpg,1,1,1.0,0.283,0.006,0.075,9.301,5.635,111.049,2.657,130.612
NEWFireVideo90_f4_jpg.rf.5b567b0cb5fd69ff01d52262706b3945.jpg,1,1,1.0,0.216,0.006,0.052,13.626,7.029,111.942,3.496,137.951
NEWFireVideo90_f80_jpg.rf.5520b382da893dc8a412eb067dfb6b3b.jpg,1,1,1.0,0.21,0.004,0.047,5.369,1.195,77.798,2.003,88.2
NEWFireVideo91_f106_jpg.rf.420f7d591b43255fc4c16e0cf890f561.jpg,1,1,1.0,0.29,0.007,0.081,7.814,6.085,94.047,2.392,112.391
NEWFireVideo91_f45_jpg.rf.2791d1ccaa6c36d916011c83474d68f7.jpg,1,1,1.0,0.261,0.006,0.072,13.285,8.214,106.98,2.156,132.576
NEWFireVideo92_f122_jpg.rf.6f6e211f8faa27b8b37b1393d0aacaea.jpg,1,1,1.0,0.287,0.007,0.076,10.29,6.6,106.858,2.167,128.279
NEWFireVideo92_f177_jpg.rf.d1b360733bfc0ea31c982642606afc41.jpg,1,1,1.0,0.327,0.006,0.071,14.411,8.39,99.077,2.405,126.202
NEWFireVideo92_f213_jpg.rf.b2055639e90f7082a4906d69d625617e.jpg,1,1,0.6672,0.292,0.006,0.079,7.942,6.048,76.252,1.831,94.116
NEWFireVideo92_f230_jpg.rf.3cd10fed875a9610194d674a3048c816.jpg,1,1,0.9999,0.278,0.006,0.072,9.877,6.116,88.671,2.491,109.165
NEWFireVideo92_f38_jpg.rf.d50a61ae3792922b0c5b6486348805c6.jpg,1,1,0.6748,0.24,0.005,0.05,7.063,6.046,75.905,1.938,92.483
NEWFireVideo92_f97_jpg.rf.5d9c92d1ebad29f0803315b6393927b3.jpg,1,1,1.0,0.291,0.007,0.078,6.927,6.645,96.492,2.531,114.795
NEWFireVideo93_f5_jpg.rf.a55bf78c344a2960c52053870a9e76c8.jpg,1,1,1.0,0.3,0.006,0.079,10.314,6.698,113.502,2.166,134.585
NEWFireVideo94_f17_jpg.rf.4e2eebb2b9442432fc1f24aa17709ee1.jpg,1,1,1.0,0.318,0.005,0.049,9.461,5.817,111.729,2.156,131.247
NEWFireVideo94_f253_jpg.rf.21e051fd980e75ac572c26be08c98026.jpg,1,1,0.9999,0.263,0.006,0.061,12.562,6.858,110.32,2.569,134.951
NEWFireVideo94_f339_jpg.rf.399541d236de04c7ab83a06f0f7d658a.jpg,1,1,1.0,0.28,0.006,0.075,9.212,1.181,75.969,1.822,90.156
NEWFireVideo94_f38_jpg.rf.8fee2e85658d4b093f40393d804ba0eb.jpg,1,1,1.0,0.29,0.006,0.077,2.788,3.113,88.153,2.062,98.095
NEWFireVideo94_f420_jpg.rf.824762bfe38076b4702c692d3c7b28c2.jpg,1,1,1.0,0.387,0.006,0.075,4.347,3.212,82.285,1.895,93.874
NEWFireVideo94_f46_jpg.rf.d94ace546c98f0201468c45df3b5ad9c.jpg,1,1,1.0,0.28,0.006,0.072,8.532,7.202,79.467,2.014,99.309
NEWFireVideo94_f645_jpg.rf.d64d34b97a075c7cca9aa1176e77afee.jpg,1,1,1.0,0.287,0.006,0.079,8.369,6.018,79.53,1.927,97.876
NEWFireVideo94_f69_jpg.rf.039b77a8eee26815a42a8cffaf73d8b3.jpg,1,1,1.0,0.223,0.004,0.045,5.812,3.503,76.273,2.023,89.856
NEWFireVideo94_f997_jpg.rf.c641698b8c4e55e3e70ee7a4fb04fade.jpg,1,1,1.0,0.292,0.006,0.078,3.159,1.156,76.746,2.549,85.653
NEWFireVideo96_f364_jpg.rf.d9569ceb5b43695b1cde5458a19afa2f.jpg,1,1,1.0,0.312,0.006,0.082,3.234,0.972,84.026,1.993,92.683
NEWFireVideo96_f458_jpg.rf.238f694fa271d2f1141f75b1c0f2d3b7.jpg,1,1,1.0,0.273,0.006,0.069,4.556,1.236,77.47,2.705,87.855
NEWFireVideo96_f481_jpg.rf.1aeafe92f1c821a44c3b87318b8cf0d6.jpg,1,1,1.0,0.209,0.005,0.049,8.073,6.405,76.277,1.925,94.594
NEWFireVideo96_f498_jpg.rf.0146bef4d9300e98bddef93bb7ff5929.jpg,1,1,1.0,0.39,0.007,0.081,7.77,5.951,77.864,4.854,98.538
NEWFireVideo96_f521_jpg.rf.550bdb9bbd2fde3bbf8ee836692b92c5.jpg,1,1,1.0,0.286,0.006,0.078,9.698,6.084,76.174,1.877,95.842
NEWFireVideo96_f561_jpg.rf.bed2e41588ec2be81322e9ea71e2c458.jpg,1,1,1.0,0.29,0.007,0.076,8.742,5.965,89.924,2.924,109.608
NEWFireVideo96_f638_jpg.rf.081d2e205b18693c9f6ee10017401c7c.jpg,1,1,1.0,0.286,0.006,0.081,10.805,1.449,75.808,1.925,92.018
NEWFireVideo96_f785_jpg.rf.d3d0b4625b9b0add6247196ea34128c6.jpg,1,1,1.0,0.29,0.006,0.082,5.824,3.713,88.234,2.874,102.861
NEWFireVideo96_f848_jpg.rf.b55c306d1779e7a119029b31482e0945.jpg,1,1,1.0,0.284,0.006,0.08,9.606,6.19,75.215,2.279,95.249
NEWFireVideo97_f81_jpg.rf.74581153409d10d2639931dd50f8b01e.jpg,1,1,1.0,0.511,0.007,0.08,8.919,10.636,76.737,2.251,100.872
NEWFireVideo98_f196_jpg.rf.036e2335285ee23a4cace53fae68d615.jpg,1,1,1.0,0.325,0.007,0.076,7.772,2.243,74.781,2.276,89.083
NEWFireVideo98_f331_jpg.rf.a21499f1a7b0dc0777f758a128497185.jpg,1,1,1.0,0.281,0.007,0.076,4.467,5.909,76.075,1.953,90.477
NEWFireVideo98_f500_jpg.rf.567b0ed6ad7ee788910a0fc544a9ef99.jpg,1,1,1.0,0.288,0.006,0.077,3.073,1.245,77.451,2.514,86.325
NEWFireVideo98_f68_jpg.rf.1dff02c2b75203f341e2e178a04aa697.jpg,1,1,0.9998,0.211,0.005,0.047,3.039,1.895,76.151,1.85,84.766
NEWFireVideo9_f124_jpg.rf.6ecf3a7833733faafaf8f89a5327f2fa.jpg,1,1,1.0,0.29,0.007,0.076,11.227,6.192,95.063,2.067,116.63
NEWFireVideo9_f13_jpg.rf.e059dd8a27b5197cfbe059b40f4758f3.jpg,1,1,0.6725,0.284,0.007,0.083,11.833,1.264,75.87,1.833,92.805
NEWFireVideo9_f150_jpg.rf.89f22eb228dbd311e21e0ce01e9306af.jpg,1,1,1.0,0.294,0.006,0.081,4.82,3.913,90.086,2.102,102.901
NEWFireVideo9_f33_jpg.rf.14d750de548b15f59c0f0ec0e610c1b0.jpg,1,1,0.7118,0.284,0.007,0.083,12.121,6.033,75.395,1.817,97.428
NEWFireVideo9_f85_jpg.rf.f2d9fa703f509ece72cf365f05c48f62.jpg,1,1,0.9997,0.287,0.006,0.082,13.333,7.192,79.557,1.947,104.039
NoiseWEBFire1042_jpg.rf.caec72e5774d699b3a0a9614be663eb0.jpg,1,1,1.0,0.286,0.006,0.076,8.577,6.03,75.759,1.85,94.237
NoiseWEBFire1090_jpg.rf.72e7a746a59886c23945850b832739df.jpg,1,1,1.0,0.296,0.006,0.08,8.1,7.75,75.334,1.857,94.948
NoiseWEBFire1370_jpg.rf.e80d6948833957a0495572184bd9c1ae.jpg,1,1,1.0,0.284,0.007,0.077,9.613,1.535,75.821,2.405,91.437
NoiseWEBFire177_jpg.rf.b8912ded9bf27f6466b395ccc779ee90.jpg,1,1,1.0,0.214,0.005,0.046,4.562,1.165,76.735,1.788,86.155
NoiseWEBFire2235_jpg.rf.2ef04d9e30450c7c85331685c58d6a8a.jpg,1,1,1.0,0.309,0.006,0.135,10.975,6.209,93.809,4.633,117.742
NoiseWEBSmoke1795_jpg.rf.4f14b0193d13ed55c137cfb1e4a1cd3c.jpg,1,1,1.0,0.284,0.007,0.114,7.397,6.073,75.894,1.911,93.315
NoiseWEBSmoke2186_jpg.rf.683930ca11d772171c011995cd33faae.jpg,1,1,1.0,0.282,0.006,0.076,7.401,6.27,90.993,2.54,109.208
NoiseWEBSmoke2540_jpg.rf.e967c72c80f77a83decbe701b92189ff.jpg,1,1,1.0,0.285,0.006,0.076,3.368,1.186,77.908,2.311,86.787
NoiseWEBSmoke333_jpg.rf.2e41fbe0963a6a5f799f76184a47efb0.jpg,1,1,1.0,0.291,0.007,0.076,3.301,1.188,92.829,2.495,101.872
NoiseWEBSmoke390_jpg.rf.3cd908225fc8f36cc6eea8ad6c981e79.jpg,1,1,1.0,0.36,0.007,0.077,3.216,1.299,77.571,1.853,86.014
VOCDataset1008_png.rf.b35f0cd669d896af337452dbb8233fd0.jpg,1,1,0.7139,0.377,0.007,0.082,12.153,6.539,81.102,1.882,103.906
VOCDataset1049_png.rf.681cd90f851f46b0ab702b58c908642a.jpg,1,1,1.0,0.285,0.006,0.074,7.521,6.338,76.165,1.97,94.039
VOCDataset1053_png.rf.13540d2395d12f2311ea0353a77726c5.jpg,1,1,1.0,0.209,0.004,0.047,3.14,1.181,76.136,1.905,84.415
VOCDataset1137_png.rf.5728318fc22a4a516c8e6f4f976b246a.jpg,1,1,1.0,0.433,0.005,0.122,8.224,1.304,75.703,1.884,89.3
VOCDataset120_png.rf.9073eaeb9b8fb773a54653497826d438.jpg,1,1,1.0,0.271,0.006,0.07,4.137,3.702,75.858,1.917,87.708
VOCDataset137_png.rf.5565166c4dbe42135941e0fea96c0c8b.jpg,1,1,1.0,0.287,0.007,0.081,9.481,5.878,77.184,2.603,97.237
VOCDataset1577_png.rf.40f3bee2c6fa606fa5db052777af364a.jpg,1,1,1.0,0.288,0.006,0.078,6.918,6.065,75.24,1.891,92.114
VOCDataset1617_png.rf.3b692bde312b89971dcbcd6e13f3f267.jpg,1,1,1.0,0.287,0.006,0.075,6.527,4.559,80.215,7.572,101.348
VOCDataset1624_png.rf.f5ed4bd9480b82348095f907d83fd33e.jpg,1,1,1.0,0.292,0.006,0.081,9.688,6.058,76.213,2.293,96.264
VOCDataset1649_png.rf.41f0b8ef8ceaf6fb95e85f1e2fe28606.jpg,1,1,1.0,0.286,0.006,0.079,7.643,5.951,90.71,2.458,108.852
VOCDataset1671_png.rf.f3d23c896863443226cbe22bc0c42d46.jpg,1,1,1.0,0.286,0.006,0.082,10.974,5.837,76.197,1.906,97.05
VOCDataset1686_png.rf.d1a6cfab39618e0aee1495e397255b72.jpg,1,1,1.0,0.291,0.006,0.082,15.595,5.961,83.345,2.137,109.122
VOCDataset1701_png.rf.b66b2dc1edadfe5f2219564a1fc1fba5.jpg,1,1,1.0,0.295,0.017,0.08,10.602,1.248,76.316,3.765,93.923
VOCDataset170_png.rf.e7bba47b2641a125338a112f27b02c00.jpg,1,1,1.0,0.283,0.006,0.082,8.551,4.713,75.596,2.119,93.06
VOCDataset1723_png.rf.279cb780f26207c332ed8dd92945bc49.jpg,1,1,1.0,0.286,0.007,0.08,8.966,6.18,87.774,2.302,107.312
VOCDataset1727_png.rf.54eeddccc55f24003bb43415598c90ca.jpg,1,1,1.0,0.285,0.006,0.081,10.639,4.552,75.633,1.849,94.692
VOCDataset174_png.rf.e3df82548aa5d7aafe74167a7e73de6f.jpg,1,1,1.0,0.289,0.006,0.087,10.449,5.904,89.821,2.492,110.809
VOCDataset1766_png.rf.644670d16af62b8da9c6c5fb9d5a3120.jpg,1,1,1.0,0.352,0.007,0.08,9.492,6.456,75.831,1.852,95.654
VOCDataset1797_png.rf.6496344bdab6999446c4af3585d82fd0.jpg,1,1,1.0,0.38,0.007,0.079,6.839,6.716,90.962,1.946,108.634
VOCDataset1821_png.rf.e28b0532e43f85e88224b22d78a9830f.jpg,1,1,1.0,0.285,0.007,0.074,5.466,7.593,76.569,1.926,93.69
VOCDataset182_png.rf.b2acacc0044c4aef4097f5e49b6705e6.jpg,1,1,1.0,0.291,0.007,0.079,10.867,1.04,76.117,1.78,91.864
VOCDataset1841_png.rf.ebd8adcf671558f1f7435804b09a38e6.jpg,1,1,1.0,0.28,0.006,0.072,3.194,1.124,77.378,1.92,85.565
VOCDataset1851_png.rf.da21f36d64601a057c48831ec79c0787.jpg,1,1,1.0,0.268,0.005,0.072,3.184,1.204,78.096,1.79,86.14
VOCDataset1861_png.rf.d8817e2e6ca20047a63c0c778e1de37e.jpg,1,1,1.0,0.292,0.006,0.069,10.871,1.326,76.372,1.901,92.478
VOCDataset1866_png.rf.65a0082a6a1f13aa5036cee69423fe14.jpg,1,1,1.0,0.286,0.006,0.077,8.543,1.239,73.913,1.818,87.497
VOCDataset1878_png.rf.28802440a02b0522bd88cbb3b813f6ff.jpg,1,1,1.0,0.283,0.006,0.077,7.052,4.504,75.562,1.941,91.034
VOCDataset1891_png.rf.27d886fc989a24da5ec299c51098b8ef.jpg,1,1,1.0,0.284,0.006,0.074,3.087,2.589,76.617,2.27,86.462
VOCDataset1897_png.rf.542ab57293d9db53c0354be1fa760839.jpg,1,1,1.0,0.282,0.007,0.075,7.716,5.941,84.567,4.948,105.24
VOCDataset1930_png.rf.6f5d77b66aa81bd67be58ba0ed65f1ea.jpg,1,1,1.0,0.331,0.008,0.077,7.049,3.074,77.052,1.84,91.016
VOCDataset215_png.rf.b31a644b47c7f0a9ef88c1e6ec2c9b5b.jpg,1,1,1.0,0.287,0.007,0.077,6.753,1.197,89.383,2.527,101.849
VOCDataset235_png.rf.27d6d1db32b7245e2f95051124d65638.jpg,1,1,0.9999,0.283,0.007,0.079,3.002,1.164,76.506,1.857,84.532
VOCDataset246_png.rf.d6b5b1f43a3bdf1616b3bcd31c70fafe.jpg,1,1,1.0,0.287,0.007,0.078,10.469,1.318,92.073,2.452,108.371
VOCDataset275_png.rf.1416a64f122619d7d4b256f6f68c2db6.jpg,1,1,1.0,0.288,0.007,0.083,10.475,5.944,75.096,1.873,95.45
VOCDataset315_png.rf.4f1163069333f7a871f9a2fa3fad13a9.jpg,1,1,0.9592,0.362,0.007,0.086,13.448,1.864,75.781,1.839,95.266
VOCDataset319_png.rf.9e3e3d033df8c82473b0c9d5f4ebe553.jpg,1,1,1.0,0.291,0.006,0.081,8.589,1.538,75.663,1.862,89.778
VOCDataset340_png.rf.04bba9f49b11227438798ed1a6ab43a0.jpg,1,1,1.0,0.466,0.006,0.08,5.403,5.918,75.954,1.892,91.356
VOCDataset344_png.rf.ef0fb7943e32957ce2dd328f0323a803.jpg,1,1,1.0,0.292,0.006,0.082,9.234,1.582,75.925,3.003,91.803
VOCDataset352_png.rf.f73331401b6ed2beefd46311e87ab2be.jpg,1,1,1.0,0.211,0.005,0.049,8.656,3.613,80.993,1.968,97.166
VOCDataset364_png.rf.14cd0666dcb985121a4f75fa081cc3ec.jpg,1,1,1.0,0.29,0.007,0.075,4.233,1.267,82.86,4.057,94.425
VOCDataset389_png.rf.3cedb327e354f8928ed322a517e6d858.jpg,1,1,1.0,0.21,0.005,0.05,10.767,1.72,76.426,1.933,92.876
VOCDataset49_png.rf.38cd55089563f546e20cc87b921db4f7.jpg,1,1,1.0,0.287,0.006,0.077,4.035,4.157,88.79,2.447,101.421
VOCDataset565_png.rf.bd0bb46e1c0de5578516444c63baf6ee.jpg,1,1,1.0,0.289,0.006,0.074,4.195,4.177,76.026,1.958,88.256
VOCDataset585_png.rf.5b07d47cde65ae85f351af64ac19ee1f.jpg,1,1,1.0,0.289,0.006,0.078,7.44,3.814,88.518,2.829,104.743
VOCDataset595_png.rf.2550b62c5bd6dd54006b33b2a56a4194.jpg,1,1,1.0,0.288,0.006,0.081,6.691,5.999,76.035,1.836,92.572
VOCDataset614_png.rf.fba5c3c82b79b2a55557fde57f8f511e.jpg,1,1,1.0,0.291,0.007,0.083,16.946,10.433,76.376,1.941,107.748
VOCDataset62_png.rf.79d0a733df24c0491a8d8eaa707a0995.jpg,1,1,1.0,0.285,0.007,0.077,6.706,6.081,75.959,2.114,92.863
VOCDataset795_png.rf.4d7a814160e39d688d76366c8a614c93.jpg,1,1,1.0,0.294,0.006,0.081,10.044,7.137,76.259,1.874,97.429
VOCDataset909_png.rf.00e83ee5bca7cd4f36b319635085c687.jpg,1,1,1.0,0.286,0.006,0.08,10.539,5.84,82.787,5.715,106.905
VOCDataset945_png.rf.0e99f329f8703dd71c93c955b23e41a9.jpg,1,1,1.0,0.287,0.006,0.081,11.413,6.012,76.173,1.875,97.512
VOCDataset951_png.rf.fa4d6a879a4412dfae79895bff96441c.jpg,1,1,1.0,0.285,0.006,0.075,8.26,1.434,90.071,2.391,104.171
VOCDataset956_png.rf.c00801c2632e407c26b2c1048c2f741a.jpg,1,1,0.9952,0.283,0.007,0.075,2.877,1.216,77.286,1.803,85.153
VOCDataset960_png.rf.004190b7c6302413571c52313a7a8156.jpg,1,1,1.0,0.27,0.006,0.075,6.849,6.496,89.511,2.507,107.399
VOCDataset964_png.rf.a1b42d2c7993b8ae1a7f797c0a1954ae.jpg,1,1,1.0,0.284,0.006,0.079,11.372,1.441,76.254,1.91,93.026
VideoFire0_f46_jpg.rf.7ee6cc5615d85213b135621a8573d832.jpg,1,1,1.0,0.289,0.006,0.077,8.285,6.597,86.689,2.102,105.9
VideoFire0_f58_jpg.rf.6b440d6273d3be38cff2f529c1a4bfd4.jpg,1,1,1.0,0.286,0.006,0.074,3.225,1.182,83.297,2.084,91.959
VideoFire102_f0_jpg.rf.8aed35e09198c58c1a59ee8f8a05c48b.jpg,1,1,1.0,0.551,0.007,0.079,5.512,5.777,76.014,1.87,91.479
VideoFire104_f110_jpg.rf.3c96f2d2b8d0687a93588b8bcdb9ef7e.jpg,1,1,1.0,0.291,0.006,0.077,7.24,6.058,76.539,2.608,94.441
VideoFire104_f15_jpg.rf.2653c0dcd62886a366a9547ff8941aee.jpg,1,1,1.0,0.285,0.006,0.075,7.377,6.187,75.507,1.921,93.008
VideoFire104_f22_jpg.rf.9dc8b914b53e015e273d62210da2fa7d.jpg,1,1,1.0,0.283,0.006,0.077,6.659,5.954,83.651,2.557,100.89
VideoFire104_f28_jpg.rf.c506420d93fc67a1f9cdfcefbc78a3f0.jpg,1,1,1.0,0.283,0.007,0.074,4.091,1.209,77.576,1.792,86.771
VideoFire104_f30_jpg.rf.5f79f504b2642c33ca6647b6a1c02a5e.jpg,1,1,1.0,0.286,0.007,0.075,3.364,1.15,88.147,2.395,96.958
VideoFire104_f86_jpg.rf.6355962a5b7a04adcb71640bd7eb3070.jpg,1,1,0.9612,0.281,0.007,0.078,4.968,4.675,75.681,2.247,89.68
VideoFire104_f8_jpg.rf.8f42c375d5da359076b05e673a8150be.jpg,1,1,1.0,0.288,0.006,0.076,3.858,3.564,99.621,2.693,111.909
VideoFire104_f92_jpg.rf.bda232298907b9553736cae7c2137f52.jpg,1,1,0.986,0.209,0.005,0.075,9.249,6.199,74.648,1.788,93.89
VideoFire104_f95_jpg.rf.f031f3ea6d05dba2a6bc035f01734ffc.jpg,1,1,1.0,0.293,0.007,0.076,10.252,5.979,78.27,2.31,99.877
VideoFire104_f9_jpg.rf.10befc0be2788632724ccdaa242bc979.jpg,1,1,1.0,0.286,0.007,0.079,7.494,6.363,75.04,1.882,92.825
VideoFire106_f16_jpg.rf.34384cb9e6e2f7b110730610ff0e71bd.jpg,1,1,1.0,0.282,0.006,0.078,9.613,5.989,75.947,1.875,95.502
VideoFire106_f322_jpg.rf.2ec82500490409138b82dd641ee32dff.jpg,1,1,1.0,0.286,0.006,0.08,6.426,3.9,91.702,3.432,107.299
VideoFire106_f59_jpg.rf.b1cd350e51d3089843f931086776edf0.jpg,1,1,1.0,0.29,0.047,0.08,8.063,2.306,75.956,1.811,90.229
VideoFire107_f106_jpg.rf.7b2fa73786158220ad170a775ad434de.jpg,1,1,1.0,0.286,0.006,0.076,6.614,6.001,90.785,2.699,108.109
VideoFire107_f129_jpg.rf.48265b841e72409767d52c01faefcc89.jpg,1,1,1.0,0.327,0.006,0.077,3.33,1.192,77.443,1.876,86.0
VideoFire107_f134_jpg.rf.063190a434f53427e84919aa7a0009e8.jpg,1,1,1.0,0.289,0.006,0.078,6.758,6.511,95.797,3.758,114.874
VideoFire107_f152_jpg.rf.3694c23d2de411f2af296d96086832f1.jpg,1,1,1.0,0.286,0.006,0.074,8.87,6.176,75.391,1.849,94.301
VideoFire107_f167_jpg.rf.26710f15337c30471dac5fdfbf2e32ef.jpg,1,1,1.0,0.287,0.006,0.08,8.947,6.397,76.338,2.298,95.972
VideoFire107_f171_jpg.rf.9dd319878851a68de177b77b33eb3a94.jpg,1,1,1.0,0.293,0.006,0.079,4.995,6.106,75.042,2.809,91.033
VideoFire107_f175_jpg.rf.76b350c576179604eeb1fd899fdcfd3f.jpg,1,1,1.0,0.292,0.006,0.076,4.877,1.208,77.138,1.923,87.306
VideoFire107_f181_jpg.rf.f37917f8f2f428fa3f9d8c1ac67953e2.jpg,1,1,1.0,0.375,0.006,0.08,3.088,1.269,76.864,1.901,85.219
VideoFire107_f190_jpg.rf.6445e32f5b36b1066c88cd40ed2aa132.jpg,1,1,1.0,0.208,0.005,0.046,3.644,1.2,77.661,1.755,85.974
VideoFire107_f209_jpg.rf.20178dfc2572b1f9502d2e8011a6a660.jpg,1,1,1.0,0.274,0.005,0.073,3.097,1.157,77.77,1.974,85.882
VideoFire107_f218_jpg.rf.9d1ffe72624bcd20f42a4e9c28eefe18.jpg,1,1,1.0,0.284,0.006,0.078,7.325,4.35,75.62,1.971,91.022
VideoFire107_f224_jpg.rf.5363fafddad80fefa4dab563c34c5edd.jpg,1,1,1.0,0.283,0.006,0.072,2.89,1.252,77.977,1.983,86.156
VideoFire107_f233_jpg.rf.85a757d8ad694a97e07b53adc4851896.jpg,1,1,1.0,0.29,0.007,0.078,5.906,1.274,77.34,1.84,88.387
VideoFire107_f236_jpg.rf.f277c2905cba065454aa36b47a927184.jpg,1,1,1.0,0.287,0.006,0.073,2.942,1.253,76.72,1.811,84.826
VideoFire107_f240_jpg.rf.623e3b5b110d39c2567f63e7bb328b9c.jpg,1,1,1.0,0.291,0.006,0.079,2.896,1.241,77.543,1.857,85.597
VideoFire107_f243_jpg.rf.22c391db8da752b5592cf7b07ba35adc.jpg,1,1,1.0,0.294,0.006,0.079,3.256,1.355,77.14,1.906,85.65
VideoFire107_f249_jpg.rf.3b26ee3eaec6cf4f471b4d8dae108092.jpg,1,1,1.0,0.305,0.007,0.081,9.625,1.174,77.193,1.878,92.311
VideoFire107_f254_jpg.rf.6b5e950dbcbff0f804887deb54463167.jpg,1,1,1.0,0.294,0.006,0.08,3.684,1.207,77.632,1.875,86.466
VideoFire107_f261_jpg.rf.acc11d47f262af2dad2a7120a6ab0521.jpg,1,1,1.0,0.301,0.007,0.077,2.865,1.195,78.137,1.888,86.121
VideoFire107_f267_jpg.rf.7c311ba18d638bb6f757b778ebe2c75e.jpg,1,1,1.0,0.289,0.006,0.073,3.259,1.307,75.939,1.829,84.379
VideoFire107_f284_jpg.rf.b6f2cd509dbd1047c9bcfbf4a0141b77.jpg,1,1,1.0,0.221,0.005,0.049,10.589,5.981,75.525,1.85,95.752
VideoFire107_f30_jpg.rf.6cfe6c794c68609b3e7f73d937fa6cec.jpg,1,1,1.0,0.279,0.006,0.072,3.692,2.385,83.356,2.099,93.248
VideoFire107_f35_jpg.rf.aca8a241a380fd573c06f9aa32c38c70.jpg,1,1,1.0,0.442,0.007,0.078,4.002,1.166,76.979,1.832,86.102
VideoFire107_f3_jpg.rf.0336f59fb71f6d3912a7189b6dd9d7a9.jpg,1,1,1.0,0.287,0.007,0.073,3.109,1.167,85.913,2.628,94.811
VideoFire107_f50_jpg.rf.81054d4291af7d7804d38cfd18c6a57c.jpg,1,1,1.0,0.288,0.006,0.076,9.591,8.424,104.853,2.024,126.994
VideoFire107_f55_jpg.rf.15f8aa9e8d586edc8f92fe5c9435edb3.jpg,1,1,1.0,0.293,0.007,0.077,8.928,12.76,104.568,4.054,132.421
VideoFire107_f60_jpg.rf.76c35e345d7286d856b4cfac861da004.jpg,1,1,1.0,0.265,0.006,0.067,10.095,9.303,100.881,2.207,124.593
VideoFire107_f73_jpg.rf.150220232024205070084493ede2d2c7.jpg,1,1,1.0,0.375,0.007,0.076,8.592,6.9,87.746,3.479,108.853
VideoFire107_f7_jpg.rf.766f4e47ad8e92a9f8d1c114b4704528.jpg,1,1,0.9999,0.293,0.007,0.118,11.168,8.966,86.251,2.736,111.121
VideoFire107_f94_jpg.rf.dc0925d666e5d20449006c8051321403.jpg,1,1,1.0,0.289,0.007,0.075,8.775,6.088,80.466,2.616,99.977
VideoFire10_f129_jpg.rf.a22ba7554c1c5586ae70ae6bf95ee8cf.jpg,1,1,1.0,0.291,0.007,0.076,7.384,6.936,91.987,2.303,110.5
VideoFire10_f34_jpg.rf.ee24219492b05f7ddeba617837f5c29a.jpg,1,1,1.0,0.209,0.005,0.05,6.096,4.778,91.584,2.532,106.94
VideoFire10_f47_jpg.rf.c6fdb4c8c96c9b1ccb997acd98e88c34.jpg,1,1,1.0,0.265,0.006,0.065,10.442,4.831,108.11,4.189,129.315
VideoFire10_f61_jpg.rf.c9afd0fd267bc28936cea217e840260f.jpg,1,1,1.0,0.221,0.005,0.051,22.985,6.634,129.756,3.024,164.213
VideoFire10_f7_jpg.rf.1f11f52fda57e8c7e4142f6fad28d021.jpg,1,1,1.0,0.224,0.005,0.051,8.685,6.504,108.875,2.957,128.659
VideoFire10_f97_jpg.rf.155a57586be69b73f0408949a638fbfa.jpg,1,1,1.0,0.352,0.004,0.05,10.668,7.047,100.434,2.344,122.559
VideoFire110_f19_jpg.rf.1a3784c6d6e44dafbb8837d3be061374.jpg,1,1,1.0,0.217,0.005,0.049,6.275,1.15,100.109,2.583,112.149
VideoFire110_f4_jpg.rf.4091d628bc005f907c6573f629ddc631.jpg,1,1,1.0,0.264,0.006,0.064,6.684,5.929,85.051,2.129,101.448
VideoFire113_f15_jpg.rf.d88b98645479913b4b6da38a0d62451e.jpg,1,1,1.0,0.288,0.007,0.078,3.558,1.288,96.069,2.203,105.211
VideoFire113_f1_jpg.rf.89ea0dc1d5feec9d785e82cc6b337f5a.jpg,1,1,1.0,0.285,0.006,0.076,2.968,1.237,77.135,1.93,85.29
VideoFire113_f4_jpg.rf.c7d8317b32ea49153a8ae75091ef3523.jpg,1,1,1.0,0.288,0.007,0.078,3.165,1.46,90.764,2.266,99.689
VideoFire114_f15_jpg.rf.c8658ff7355aab6f0b07d3ceadaefef9.jpg,1,1,0.6933,0.285,0.007,0.077,6.116,5.027,75.767,1.868,90.806
VideoFire11_f18_jpg.rf.cacdee80874efa056bb6c42f3965311f.jpg,1,1,1.0,0.296,0.007,0.08,15.257,1.586,80.683,1.813,101.769
VideoFire11_f30_jpg.rf.e947d7dda432d7b83e7729639486307f.jpg,1,1,1.0,0.275,0.006,0.073,7.223,1.164,77.513,2.706,90.537
VideoFire11_f41_jpg.rf.e00b6a0ce189a7e84b342befa8426700.jpg,1,1,1.0,0.288,0.007,0.079,9.084,3.059,84.776,7.001,105.877
VideoFire11_f53_jpg.rf.38d3ec554821252dcf25b32abb5ebe04.jpg,1,1,1.0,0.297,0.007,0.075,4.481,1.18,82.864,3.014,93.656
VideoFire123_f15_jpg.rf.f88d5c1e4612f7ed869c82d250a22aca.jpg,1,1,1.0,0.293,0.007,0.076,2.811,1.2,77.0,1.811,84.956
VideoFire123_f8_jpg.rf.8bf06b83dc8356a35de9759109b46558.jpg,1,1,1.0,0.275,0.007,0.072,2.796,1.221,93.423,4.348,103.818
VideoFire125_f17_jpg.rf.87f451a2126611d90705370c9f63d1a8.jpg,1,1,0.992,0.284,0.006,0.079,6.158,8.64,75.217,1.733,93.751
VideoFire126_f12_jpg.rf.d6d346e8d3775cbd955290e33c5abf54.jpg,1,1,0.9968,0.274,0.006,0.07,3.158,1.088,88.869,2.125,97.179
VideoFire126_f23_jpg.rf.eabcee8af67f27280c1d70d2b7c0dfb2.jpg,1,1,1.0,0.271,0.006,0.07,2.949,1.117,77.53,1.804,85.256
VideoFire129_f12_jpg.rf.8f352d633433cbda59fe5e8a8b2d7308.jpg,1,1,0.8727,0.269,0.006,0.071,4.369,1.189,90.326,2.127,99.986
VideoFire129_f2_jpg.rf.b08bd1eb3842dde04e8be0999658ddd7.jpg,1,1,0.9993,0.271,0.006,0.071,3.877,1.225,82.646,1.904,91.567
VideoFire132_f16_jpg.rf.b87c4c9b8672ead63117d06788397054.jpg,1,1,1.0,0.271,0.006,0.074,2.902,1.381,107.944,2.09,116.26
VideoFire132_f7_jpg.rf.6f5701d70e9b9a8600cf7e4142ec83cc.jpg,1,1,1.0,0.275,0.006,0.073,3.02,1.228,77.968,1.972,86.057
VideoFire134_f3_jpg.rf.5a2c09616f5c7520b50468b88809961b.jpg,1,1,0.9992,0.274,0.007,0.07,3.939,1.153,77.66,1.792,86.498
VideoFire136_f11_jpg.rf.296687bcc760048de56c3dfcc6fda257.jpg,1,1,1.0,0.268,0.006,0.069,2.622,1.578,76.878,1.823,84.715
VideoFire137_f2_jpg.rf.05b207de227f480fb8cb8045f811a89a.jpg,1,1,1.0,0.285,0.006,0.071,8.708,5.188,81.791,1.956,99.257
VideoFire138_f21_jpg.rf.bb92bcd3b91bc37ee6d9a2c3c63d2a53.jpg,1,1,1.0,0.274,0.006,0.07,2.633,2.327,82.895,7.244,97.129
VideoFire138_f27_jpg.rf.29f41c9180c309d806433e52bc7a4554.jpg,1,1,1.0,0.291,0.007,0.075,2.817,1.178,77.714,1.814,85.537
VideoFire139_f20_jpg.rf.52d458904a8c57e1adccfb7f032bcf1a.jpg,1,1,1.0,0.276,0.006,0.072,3.078,1.253,84.668,4.216,95.15
VideoFire139_f27_jpg.rf.d2a1a145e923f60417e83b01c0fd5402.jpg,1,1,1.0,0.29,0.007,0.077,3.082,1.254,77.024,1.99,85.366
VideoFire13_f44_jpg.rf.884582a35211b660b336dd14888e46d6.jpg,1,1,1.0,0.286,0.006,0.074,3.757,1.17,97.667,2.204,106.87
VideoFire13_f75_jpg.rf.ba4d7c549b709c714e918096ce536a5b.jpg,1,1,1.0,0.289,0.007,0.08,3.73,1.181,77.442,1.912,86.402
VideoFire13_f86_jpg.rf.f03abbfcee652773feb7961d5e2f71b9.jpg,1,1,1.0,0.282,0.007,0.075,2.973,1.228,89.733,2.193,98.135
VideoFire13_f96_jpg.rf.44bf75b47d3ef6905c72b2119b04fc0d.jpg,1,1,1.0,0.29,0.006,0.077,3.047,1.183,77.312,1.908,85.559
VideoFire140_f4_jpg.rf.03c11269865c6885248126a44e909919.jpg,1,1,1.0,0.288,0.006,0.077,3.047,1.171,92.141,2.561,100.928
VideoFire144_f16_jpg.rf.22464cd295fa2c41098849b83c4059a1.jpg,1,1,0.6921,0.289,0.007,0.077,3.076,1.18,77.734,1.86,85.954
VideoFire145_f28_jpg.rf.41e354a80373db807a7b0f18cf62d2ad.jpg,1,1,0.987,0.29,0.006,0.082,9.074,6.204,88.88,2.109,108.259
VideoFire148_f44_jpg.rf.1878c7742006b68192b61704c163f152.jpg,1,1,0.6607,0.29,0.006,0.08,5.858,3.348,75.674,1.847,88.796
VideoFire149_f7_jpg.rf.dca619ec988d69d8c25a5e39c21da9c7.jpg,1,1,1.0,0.299,0.007,0.077,8.61,2.903,76.826,2.146,92.749
VideoFire14_f135_jpg.rf.5c4b76ebd0a4309dca153037944b74f8.jpg,1,1,1.0,0.526,0.007,0.141,3.803,3.433,87.384,3.801,100.789
VideoFire14_f26_jpg.rf.14b7b6e7d42b49a307212126467f8991.jpg,1,1,1.0,0.286,0.007,0.079,6.804,1.247,76.129,1.964,88.296
VideoFire14_f31_jpg.rf.f828dccdda5e27e923410434f56417b9.jpg,1,1,1.0,0.292,0.007,0.08,4.12,1.209,93.773,3.212,104.366
VideoFire14_f39_jpg.rf.a5681a6cdfe71fd3a374ac66a6183937.jpg,1,1,1.0,0.329,0.007,0.082,10.145,1.262,75.839,1.891,91.297
VideoFire14_f47_jpg.rf.a475fbb3a4c02e9fb02f9817783c8a7b.jpg,1,1,1.0,0.285,0.006,0.074,3.326,1.252,89.364,2.224,98.194
VideoFire14_f54_jpg.rf.fdfb1001d01d62803d59cfb1a3dd7c03.jpg,1,1,1.0,0.287,0.007,0.081,2.87,1.169,77.668,1.926,85.72
VideoFire14_f59_jpg.rf.44a88cf4f3903a2475486baf9d60c490.jpg,1,1,1.0,0.288,0.006,0.077,3.393,1.219,92.191,2.204,101.103
VideoFire14_f87_jpg.rf.ff19149c2159c99a554061f4db5cd020.jpg,1,1,1.0,0.283,0.006,0.076,3.032,1.22,83.245,2.001,91.609
VideoFire14_f95_jpg.rf.ff9a643894a696ed5a81f6d0b644da95.jpg,1,1,1.0,0.289,0.007,0.075,3.397,1.346,91.287,2.261,100.311
VideoFire155_f0_jpg.rf.cd9923641c7e6bf85435b5c62fcbe804.jpg,1,0,0.6629,0.232,0.005,0.05,8.485,1.234,77.922,1.972,91.704
VideoFire157_f13_jpg.rf.92766f593da3252305d67c5ee2923fe1.jpg,1,1,1.0,0.304,0.007,0.077,6.994,2.901,76.638,2.126,90.69
VideoFire157_f2_jpg.rf.116d7750a97354ab921648add8f03e01.jpg,1,1,1.0,0.289,0.006,0.074,3.656,4.281,75.68,1.934,87.54
VideoFire158_f16_jpg.rf.93d952f8863cc0a55abeb7d73c0b95e5.jpg,1,1,1.0,0.308,0.007,0.078,2.544,1.681,78.061,1.87,86.196
VideoFire158_f2_jpg.rf.0b6d7550e0faabb0ffb00e7e06410211.jpg,1,1,1.0,0.275,0.006,0.073,4.119,1.45,76.84,1.855,86.217
VideoFire160_f1_jpg.rf.07e6febc17d9425dbc75fd289b6ed8ea.jpg,1,1,1.0,0.226,0.005,0.048,4.599,1.098,77.699,1.847,87.097
VideoFire165_f15_jpg.rf.181b856ba87361ada5576073cae2e79c.jpg,1,0,0.9999,0.272,0.006,0.076,9.153,2.398,75.531,2.082,91.236
VideoFire166_f22_jpg.rf.05224d9a8b89d7dcdef0dd8fbbda643e.jpg,1,1,1.0,0.22,0.005,0.05,8.948,6.808,77.825,1.874,97.513
VideoFire167_f28_jpg.rf.ec8a3b3adf17b31cd207fd2e3e9cef97.jpg,1,1,1.0,0.286,0.006,0.08,9.222,1.36,81.219,5.605,99.464
VideoFire168_f2_jpg.rf.4fbd7264428aaa85c1c446fadd804e15.jpg,1,1,1.0,0.24,0.004,0.05,9.67,5.993,84.825,1.994,104.165
VideoFire168_f5_jpg.rf.91aae74fa0c3a0dd040c5b1bd0397a9a.jpg,1,1,0.9999,0.292,0.006,0.077,8.604,5.651,86.223,2.664,105.216
VideoFire168_f8_jpg.rf.b61f3bb39c3c15ca1f3f8108b1a6d81a.jpg,1,1,1.0,0.285,0.007,0.122,8.274,6.115,75.61,1.942,94.046
VideoFire169_f15_jpg.rf.227b412984554a118b333a661dc3ccbd.jpg,1,1,1.0,0.286,0.006,0.076,8.286,6.633,85.899,2.18,105.213
VideoFire16_f120_jpg.rf.65c0bed2440143db582a222214d4002b.jpg,1,1,1.0,0.29,0.007,0.072,9.121,6.009,75.89,2.007,95.088
VideoFire16_f144_jpg.rf.c5c65a1e53d38b75b829d15759a7ca5d.jpg,1,1,0.9996,0.282,0.006,0.075,10.35,6.072,76.702,1.928,96.997
VideoFire16_f153_jpg.rf.88a609518ca6adce827db5b794001a80.jpg,1,1,0.9995,0.295,0.006,0.079,9.298,5.968,80.336,3.934,101.505
VideoFire16_f33_jpg.rf.e8c1876d0b03ecc7365199cd129faba0.jpg,1,1,1.0,0.28,0.006,0.079,12.969,5.963,76.634,2.215,99.873
VideoFire170_f16_jpg.rf.efb83fac252275e7eb0a41c74f628be0.jpg,1,1,1.0,0.28,0.006,0.075,6.021,6.755,99.001,2.481,116.317
VideoFire170_f33_jpg.rf.4f2b3b94bd63c6e41db7bdab381495c8.jpg,1,1,1.0,0.324,0.007,0.074,8.056,1.486,75.649,2.234,89.43
VideoFire170_f6_jpg.rf.3fa469e2258de55649d86300c9840d21.jpg,1,1,1.0,0.284,0.006,0.075,2.651,2.791,92.131,2.333,101.918
VideoFire171_f21_jpg.rf.15f72fd4e58a982fde44617c05e47b00.jpg,1,1,1.0,0.287,0.006,0.08,3.197,1.236,77.844,1.843,86.076
VideoFire172_f18_jpg.rf.17cf4daf22575b3839604428c775c184.jpg,1,1,1.0,0.293,0.006,0.075,9.171,6.799,76.867,1.906,96.806
VideoFire172_f32_jpg.rf.a0daad82f02bd52752b778d7d5e51675.jpg,1,1,1.0,0.345,0.007,0.072,6.205,6.087,76.168,2.12,92.656
VideoFire173_f19_jpg.rf.121839ff6912d2ff9754cf678d141398.jpg,1,1,1.0,0.287,0.006,0.075,6.841,7.012,74.954,1.864,92.455
VideoFire174_f3_jpg.rf.6333d03ef6368f813a37b34852da101e.jpg,1,1,1.0,0.285,0.007,0.075,3.785,4.868,77.198,2.699,91.023
VideoFire174_f7_jpg.rf.14c9ca01f6275723606dffcb21a4f043.jpg,1,1,1.0,0.293,0.006,0.078,3.367,1.253,76.482,2.059,85.184
VideoFire177_f1_jpg.rf.e4890b315f3b6576f7d2880f19e95c5b.jpg,1,1,0.9985,0.285,0.006,0.078,9.467,5.986,81.412,3.274,102.197
VideoFire178_f1_jpg.rf.5c7674ed810fe94d9457b4aee094dc06.jpg,1,1,0.9999,0.29,0.006,0.078,7.188,6.867,75.376,1.961,93.432
VideoFire178_f7_jpg.rf.4059ff4c024ac32be0f5700d729f93f2.jpg,1,1,1.0,0.281,0.006,0.073,7.418,5.859,92.124,2.168,109.589
VideoFire17_f165_jpg.rf.e878cab166685d1f580f534d4957beac.jpg,1,1,1.0,0.288,0.006,0.082,11.059,5.917,82.986,1.998,103.977
VideoFire17_f43_jpg.rf.6fbe753a718adff5caff284024ba0f95.jpg,1,1,0.6835,0.288,0.006,0.081,11.242,8.026,76.526,1.869,99.692
VideoFire17_f61_jpg.rf.1fb434d647380bc545482045d6ffad9d.jpg,1,1,1.0,0.41,0.006,0.08,9.483,1.314,74.658,1.915,89.626
VideoFire17_f77_jpg.rf.a70e17b9794d21af5618d3a86896bca7.jpg,1,1,1.0,0.344,0.008,0.087,10.013,1.365,75.385,1.87,90.695
VideoFire17_f95_jpg.rf.9db1c357a7cbf8bfcbc38eb3cebfbc83.jpg,1,1,1.0,0.288,0.006,0.082,11.326,1.241,76.036,2.468,93.337
VideoFire181_f45_jpg.rf.1821b713ffe1d2235f659c4808d399ad.jpg,1,1,0.9975,0.213,0.005,0.043,2.889,3.377,93.096,2.494,103.748
VideoFire183_f46_jpg.rf.4dc5a24385d0d90da5ca10b898fe8bb7.jpg,1,1,1.0,0.285,0.007,0.077,7.598,1.308,87.811,2.48,101.321
VideoFire184_f2_jpg.rf.2522939696225f10111665f5b9f8e198.jpg,1,1,1.0,0.285,0.006,0.075,2.903,1.183,77.854,2.174,86.18
VideoFire185_f20_jpg.rf.c57222323c2507e32f4b982848fd44c5.jpg,1,1,0.9893,0.29,0.006,0.08,4.175,1.223,89.059,2.361,98.859
VideoFire185_f8_jpg.rf.a6741a01cc19e2bdefd4bc758383dd06.jpg,1,1,0.9999,0.285,0.006,0.079,4.363,1.199,76.943,1.841,86.406
VideoFire186_f38_jpg.rf.6308ad55062cc59e394fe9508e2c9436.jpg,1,1,1.0,0.283,0.006,0.078,5.343,1.283,91.514,2.461,102.603
VideoFire186_f45_jpg.rf.7d4ff7cb725f51aab73ae053ac53fc4d.jpg,1,1,1.0,0.287,0.007,0.073,3.717,1.295,77.268,1.953,86.253
VideoFire186_f53_jpg.rf.a1df78e590d0e99e5da272393b78924f.jpg,1,1,1.0,0.29,0.006,0.077,2.899,1.221,90.053,2.164,98.356
VideoFire18_f16_jpg.rf.e1060f06d4034045acbdb03dbf75dabc.jpg,1,1,1.0,0.286,0.006,0.08,6.771,1.215,76.461,1.931,88.412
VideoFire18_f26_jpg.rf.3b2b1f99731bf6718e3df9694e47ab8e.jpg,1,1,1.0,0.284,0.005,0.079,4.302,6.678,94.804,2.512,110.247
VideoFire18_f38_jpg.rf.ed1b3ec0d2fc4431a49f23aadc64d8ec.jpg,1,1,1.0,0.304,0.007,0.08,6.736,4.806,80.381,2.199,96.157
VideoFire18_f9_jpg.rf.4fb5364804e65207074b5c22d2ae2475.jpg,1,1,1.0,0.295,0.006,0.084,13.23,5.977,76.608,1.872,99.726
VideoFire191_f3_jpg.rf.2d7d2b19c7295355d3a82b02de3bcc0f.jpg,1,1,0.7938,0.285,0.007,0.077,7.989,5.928,75.515,2.011,93.478
VideoFire192_f19_jpg.rf.636912eec486ddf06e039808d090dc33.jpg,1,1,1.0,0.217,0.005,0.048,7.703,6.097,75.324,1.853,92.936
VideoFire192_f2_jpg.rf.d84740505f624953165df37292941dd3.jpg,1,1,1.0,0.291,0.007,0.078,7.973,6.046,76.045,2.617,94.661
VideoFire195_f17_jpg.rf.8b6e39197dfa80dcf506f2347881f43c.jpg,1,1,0.9999,0.606,0.007,0.121,6.851,5.916,75.199,1.9,92.28
VideoFire195_f5_jpg.rf.8180a721c1eebbab55f15e1a75d3c2a1.jpg,1,1,1.0,0.209,0.004,0.046,3.354,3.369,78.937,2.722,90.525
VideoFire197_f12_jpg.rf.82286fabdd9bce3706aaf5049aa692c7.jpg,1,1,1.0,0.286,0.006,0.073,8.865,7.703,76.571,1.816,97.003
VideoFire1_f10_jpg.rf.370def1ab2019f80456ec62241ac3692.jpg,1,1,1.0,0.283,0.007,0.076,7.747,6.377,86.864,3.086,106.14
VideoFire1_f67_jpg.rf.05fe811b5bb01efb0f96422b3d177a92.jpg,1,1,1.0,0.287,0.006,0.082,8.042,5.901,76.298,2.233,94.558
VideoFire1_f77_jpg.rf.55ecca68f8f56e3e3e610e485da02efb.jpg,1,1,1.0,0.281,0.006,0.079,10.969,6.071,91.821,1.895,112.858
VideoFire207_f0_jpg.rf.e294b9822c81a56cb1f6a4a4632a7cdf.jpg,1,1,1.0,0.288,0.007,0.078,7.467,5.984,76.25,1.789,93.444
VideoFire207_f9_jpg.rf.02b3d888e45edd8f340e9f698eaa12b5.jpg,1,1,1.0,0.284,0.006,0.078,7.253,5.994,76.363,1.963,93.63
VideoFire209_f1_jpg.rf.68e9342813995df925ff447c810f1039.jpg,1,1,1.0,0.287,0.007,0.079,13.965,1.236,75.888,2.492,95.577
VideoFire209_f59_jpg.rf.e847f7cdc82762283a02c59fb0841500.jpg,1,1,1.0,0.293,0.006,0.083,9.559,1.29,75.864,1.816,90.51
VideoFire215_f26_jpg.rf.602397dfb81c27a82de25f4c3a3cc134.jpg,1,1,0.9999,0.293,0.006,0.079,3.069,1.135,79.257,2.469,87.9
VideoFire215_f51_jpg.rf.7ed42a3d59a580ed46559ec127b331cf.jpg,1,1,0.9993,0.284,0.006,0.074,3.407,1.122,97.173,1.943,105.712
VideoFire216_f2_jpg.rf.73aaf34b8bac394800e6bd46159fbed5.jpg,1,1,0.9997,0.283,0.006,0.08,6.906,3.116,83.513,3.685,99.233
VideoFire216_f84_jpg.rf.61a2c9f06c0c012a7cb382970cf102fb.jpg,1,1,1.0,0.281,0.006,0.075,5.341,1.249,77.956,1.823,88.315
VideoFire219_f46_jpg.rf.a46b325c8627a7cc34692c69a88352b9.jpg,1,1,1.0,0.285,0.006,0.073,3.293,1.276,89.92,1.893,98.339
VideoFire219_f53_jpg.rf.08693c5aac32567a52ae14ea3139de29.jpg,1,1,1.0,0.282,0.006,0.075,3.023,1.143,77.755,1.841,85.752
VideoFire219_f58_jpg.rf.2840a8e3a9a81b79e805f792c42472e0.jpg,1,1,1.0,0.285,0.006,0.078,3.524,3.025,96.536,1.867,106.851
VideoFire219_f66_jpg.rf.5719252d919242ebf02b562e8f2d0a2b.jpg,1,1,1.0,0.284,0.006,0.076,6.747,6.291,76.142,1.837,93.034
VideoFire21_f103_jpg.rf.ca5b7ef4ebe43701ed66caae48bcb47b.jpg,1,1,1.0,0.29,0.006,0.076,9.136,7.083,77.659,1.834,99.652
VideoFire21_f112_jpg.rf.2b54d783e1a89bd3430b1b85fbe7a89f.jpg,1,1,1.0,0.28,0.007,0.074,7.154,4.453,75.53,1.967,91.179
VideoFire21_f120_jpg.rf.86f09d2ac2e249dd75add63ab14ef7bd.jpg,1,1,1.0,0.355,0.006,0.082,12.347,6.075,77.078,1.872,99.366
VideoFire21_f135_jpg.rf.d654ecff6a657baa4577e180c0399526.jpg,1,1,1.0,0.272,0.007,0.077,7.47,6.201,97.522,1.696,114.847
VideoFire21_f141_jpg.rf.717f24fd46e3b80cbb2fa73648f34a52.jpg,1,1,1.0,0.274,0.006,0.071,5.485,1.324,77.035,1.899,87.718
VideoFire21_f97_jpg.rf.d24304fa7e4d767457208fbb92fc9e7a.jpg,1,1,1.0,0.273,0.006,0.07,2.875,1.142,92.283,2.618,100.825
VideoFire223_f15_jpg.rf.a38eb4bbc41494cf154130b31aaf394f.jpg,1,1,1.0,0.289,0.006,0.076,2.817,1.422,77.679,1.853,85.773
VideoFire223_f3_jpg.rf.70bdd43dc2a499f48e4876bbd9e2fba4.jpg,1,1,1.0,0.286,0.006,0.075,2.943,7.171,92.145,2.062,106.401
VideoFire231_f1_jpg.rf.7b58daefa3c702ecc4672100b0cbe9de.jpg,1,1,1.0,0.288,0.006,0.077,9.387,1.268,81.494,2.105,96.361
VideoFire233_f106_jpg.rf.d4b30ed5e7c9eb9dae2601125a81812d.jpg,1,1,1.0,0.287,0.094,0.087,5.526,2.549,77.084,1.839,89.162
VideoFire233_f139_jpg.rf.72e8456cfd419dd7763de16b410f36bb.jpg,1,1,1.0,0.29,0.007,0.077,8.255,2.027,80.977,4.983,98.316
VideoFire233_f144_jpg.rf.58350a56c1f8d3be272ce52b31578d36.jpg,1,1,1.0,0.286,0.007,0.061,11.356,1.787,78.025,1.952,95.636
VideoFire233_f96_jpg.rf.0b4af79ff9ce6a7d7b7625dcaf6024c1.jpg,1,1,1.0,0.294,0.006,0.08,6.941,3.856,80.768,5.931,99.533
VideoFire235_f27_jpg.rf.49ae98bbff20caf2f495dd2b28bc0747.jpg,1,1,1.0,0.284,0.006,0.076,8.228,1.305,82.366,1.999,95.92
VideoFire235_f42_jpg.rf.6d69ae824e4f88b3ff9e8bd9f9526dd8.jpg,1,1,1.0,0.287,0.007,0.083,8.552,1.312,91.859,2.493,106.234
VideoFire235_f61_jpg.rf.c9bd18f96aa753989f7a111e48a64385.jpg,1,1,1.0,0.331,0.006,0.076,2.982,3.631,75.546,1.803,86.289
VideoFire235_f91_jpg.rf.00464bac8f5f4340f2cd66fb19dc4a4d.jpg,1,1,1.0,0.284,0.006,0.074,6.795,6.035,90.857,2.019,107.783
VideoFire236_f0_jpg.rf.c258d2e3e0b33a49300da720723c4200.jpg,1,1,1.0,0.291,0.006,0.074,6.828,4.683,75.971,1.845,91.328
VideoFire238_f1_jpg.rf.f0058b8e5d2d415cf7e03084c5917470.jpg,1,1,1.0,0.291,0.007,0.074,8.172,2.952,83.266,2.054,98.401
VideoFire240_f10_jpg.rf.26090fee0152ed94fd18c13079bfbd26.jpg,1,1,1.0,0.285,0.007,0.079,6.311,4.399,97.554,2.407,112.704
VideoFire241_f10_jpg.rf.ac2d59754b9aeaa085cd2929912412eb.jpg,1,1,0.9999,0.336,0.006,0.082,11.255,1.319,74.918,1.848,91.439
VideoFire241_f14_jpg.rf.fb773776ac3b701037808027839f15a7.jpg,1,1,1.0,0.286,0.006,0.074,5.31,4.618,89.191,2.485,103.73
VideoFire241_f20_jpg.rf.c9151be97500e97e425bdf778431a991.jpg,1,1,1.0,0.286,0.007,0.077,6.504,2.823,76.506,1.88,89.759
VideoFire241_f30_jpg.rf.02107a4b0fd15c2edd2a1682a191e453.jpg,1,1,1.0,0.284,0.006,0.081,7.43,6.443,96.206,2.159,114.38
VideoFire242_f19_jpg.rf.f2e5b0a638e5437cbd8b8f8829ef98f5.jpg,1,1,1.0,0.296,0.007,0.075,7.98,6.792,75.91,1.945,94.69
VideoFire242_f21_jpg.rf.79ba0ce27e3ee29f8a22876bab309778.jpg,1,1,0.9999,0.293,0.006,0.076,4.245,4.515,75.596,1.927,87.9
VideoFire242_f26_jpg.rf.73bb4f6bc966b7da066ce3659ac714fa.jpg,1,1,1.0,0.288,0.007,0.076,3.452,1.186,77.36,1.967,85.958
VideoFire243_f18_jpg.rf.e61bdd5d447d6b599b7ef910cd7038cd.jpg,1,1,1.0,0.287,0.007,0.078,4.67,6.571,79.608,2.348,94.863
VideoFire244_f0_jpg.rf.be070c4f88f2ab78e64aceb3c327e874.jpg,1,1,1.0,0.209,0.005,0.048,3.883,1.245,80.228,2.376,89.759
VideoFire244_f32_jpg.rf.72e390ff74450ec96b849c5cb61b95a0.jpg,1,1,1.0,0.288,0.007,0.077,3.488,4.244,75.902,1.86,87.985
VideoFire244_f66_jpg.rf.d51e07a7a9c739f794f82ed3411dbc6b.jpg,1,1,1.0,0.286,0.006,0.076,7.963,6.052,77.293,8.607,101.972
VideoFire245_f16_jpg.rf.f83148d39595950739ba002e6edc3172.jpg,1,1,1.0,0.285,0.007,0.082,9.845,6.093,75.289,1.81,95.085
VideoFire245_f26_jpg.rf.417327344e1548a85dba081c33b60481.jpg,1,1,1.0,0.292,0.006,0.08,8.435,6.067,87.267,2.243,106.037
VideoFire247_f13_jpg.rf.5bb9cf61b17372032d4af35c625decf5.jpg,1,1,1.0,0.293,0.006,0.079,7.568,6.038,80.038,2.125,97.839
VideoFire247_f23_jpg.rf.f7c594a6b1232390347da75b4c13896e.jpg,1,1,1.0,0.286,0.006,0.079,9.522,6.053,92.467,2.458,112.526
VideoFire247_f33_jpg.rf.19d793e3910c37f2c24910844d1eb8fb.jpg,1,1,1.0,0.285,0.007,0.078,8.789,6.012,75.864,2.06,94.745
VideoFire247_f4_jpg.rf.50493dfab3525e153f5f5802743b3f79.jpg,1,1,1.0,0.218,0.005,0.05,3.681,1.679,88.568,2.074,97.525
VideoFire247_f62_jpg.rf.85e14b5f4622d3d34ccef67801c4544e.jpg,1,1,1.0,0.285,0.007,0.078,6.053,6.493,79.13,4.543,98.231
VideoFire247_f85_jpg.rf.6f692d7a148eea10f64709a73f4bdba6.jpg,1,1,0.9999,0.287,0.007,0.079,4.655,1.321,76.793,1.868,86.615
VideoFire249_f18_jpg.rf.8e3d4cc69cf94d436db290c3ee4531e1.jpg,1,1,1.0,0.219,0.005,0.079,5.929,1.245,80.56,4.319,94.06
VideoFire249_f9_jpg.rf.9414cd542e843143be5c18d32e4b5df3.jpg,1,1,1.0,0.281,0.007,0.079,6.682,1.236,78.047,1.893,89.978
VideoFire24_f109_jpg.rf.468525041cf4b0b5d188aab8711a059c.jpg,1,1,1.0,0.276,0.007,0.073,5.761,1.217,83.377,3.872,96.201
VideoFire24_f132_jpg.rf.764f191d67b7720976ba469abc97e336.jpg,1,1,1.0,0.638,0.007,0.12,4.503,1.236,78.435,1.91,88.494
VideoFire24_f146_jpg.rf.462676e9a201516db7849e20abb5fa1f.jpg,1,1,1.0,0.273,0.006,0.072,3.152,1.154,91.742,2.491,100.409
VideoFire24_f162_jpg.rf.ff639101416189adb85a37acdd5b64e4.jpg,1,1,1.0,0.291,0.006,0.081,6.066,3.657,81.395,2.273,95.458
VideoFire24_f84_jpg.rf.0fd36812c79e62595e8cadb95e70d6c0.jpg,1,1,1.0,0.374,0.007,0.137,9.541,6.718,95.517,2.423,116.412
VideoFire24_f98_jpg.rf.f195ee2228e73678502a8986cee2e2d5.jpg,1,1,1.0,0.358,0.006,0.075,7.351,6.038,76.738,4.021,96.244
VideoFire250_f43_jpg.rf.13fd94d29d86145c09232d571c630871.jpg,1,1,1.0,0.285,0.007,0.075,6.491,4.575,76.374,2.118,91.504
VideoFire251_f105_jpg.rf.e00e7c49747fd727342f91a4adbc2232.jpg,1,1,1.0,0.289,0.007,0.077,10.194,1.427,83.464,3.054,100.269
VideoFire251_f113_jpg.rf.6c0f753a2ac8aab5eacf2a48de9e82ef.jpg,1,1,1.0,0.288,0.007,0.074,3.072,1.233,81.312,2.209,89.83
VideoFire251_f151_jpg.rf.aea093250906f576812d4e47ae018dd1.jpg,1,1,1.0,0.287,0.006,0.075,6.264,5.998,91.059,2.232,107.601
VideoFire251_f30_jpg.rf.77467555215e833494254d73b272c768.jpg,1,1,1.0,0.287,0.006,0.074,7.89,6.021,75.526,1.921,93.284
VideoFire251_f34_jpg.rf.3c99f97486254b587766f26920a3433e.jpg,1,1,1.0,0.208,0.004,0.05,6.52,3.839,88.526,2.26,102.693
VideoFire251_f63_jpg.rf.1cfd3d71c54958219e87d9e5b3e2d71b.jpg,1,1,1.0,0.289,0.006,0.081,6.662,4.418,81.068,4.409,98.463
VideoFire251_f83_jpg.rf.acadc899ffd0918046737bccf4fd5b1a.jpg,1,1,1.0,0.284,0.006,0.079,7.096,2.226,88.618,2.351,102.201
VideoFire252_f43_jpg.rf.f2bd7a95b0668b665cf48bd477ab1752.jpg,1,1,1.0,0.278,0.006,0.078,4.084,1.237,76.674,2.189,86.196
VideoFire252_f51_jpg.rf.98133e9478a672c88510dfef31e6fdb4.jpg,1,1,1.0,0.286,0.007,0.075,10.258,8.039,88.927,2.347,111.741
VideoFire252_f5_jpg.rf.a3ec4a1fe5ccfbf07863fc145380ebe9.jpg,1,1,1.0,0.293,0.007,0.08,8.71,6.042,78.024,4.465,99.288
VideoFire252_f6_jpg.rf.684f408c76c2e38d91ae6bbb717063c9.jpg,1,1,1.0,0.286,0.007,0.08,4.978,1.756,76.572,2.215,87.55
VideoFire253_f157_jpg.rf.96a11bc5b94701f0a053d4f1ff67bad3.jpg,1,1,1.0,0.282,0.006,0.076,2.821,1.171,97.605,2.438,106.041
VideoFire253_f160_jpg.rf.bb8d50d3e43bda0873c5e1cdab2eaaa9.jpg,1,1,1.0,0.286,0.006,0.075,2.823,1.39,77.666,2.242,86.169
VideoFire253_f167_jpg.rf.486281aa5198e32341089d2e9ab0b818.jpg,1,1,1.0,0.284,0.006,0.072,4.634,1.217,90.626,2.252,100.841
VideoFire253_f180_jpg.rf.81b709688c3aece75b4d9c8cd26e1e1a.jpg,1,1,1.0,0.297,0.007,0.077,3.746,1.191,87.827,2.275,97.109
VideoFire253_f186_jpg.rf.185b1d7253d8f99946ed1cf037ac132e.jpg,1,1,1.0,0.287,0.006,0.071,4.22,1.203,90.291,2.47,100.296
VideoFire257_f1_jpg.rf.45faae13a5e7a05c2f81b75284c2fdd8.jpg,1,1,1.0,0.284,0.006,0.076,2.985,4.038,81.169,2.249,92.573
VideoFire257_f62_jpg.rf.2c726d90856253cc230d836f2ec47ee8.jpg,1,1,0.999,0.29,0.007,0.08,11.846,6.906,81.793,2.204,104.818
VideoFire257_f81_jpg.rf.97071835affa5e416fb8a460cfd4aafa.jpg,1,1,1.0,0.281,0.006,0.077,4.027,4.561,75.597,2.251,88.481
VideoFire258_f24_jpg.rf.4e78bbf1885380ff6ecb3ee3fbb04bad.jpg,1,1,1.0,0.292,0.006,0.077,5.689,5.407,74.815,2.205,90.087
VideoFire258_f30_jpg.rf.2d7792e7bd750238385c89f319a375c3.jpg,1,1,1.0,0.275,0.006,0.074,3.316,1.187,77.407,2.253,86.197
VideoFire258_f33_jpg.rf.8076dd97b5f7398e14b2ff54b58a38f9.jpg,1,1,1.0,0.286,0.006,0.075,3.887,1.55,76.172,2.196,85.814
VideoFire259_f44_jpg.rf.53caf40779ba627f2a067590b6bd20ef.jpg,1,1,1.0,0.289,0.006,0.077,3.092,0.973,77.447,1.952,85.381
VideoFire259_f72_jpg.rf.e429f5cb373d21a4ece036bce692556f.jpg,1,1,1.0,0.214,0.005,0.047,3.272,1.181,90.458,2.045,98.894
VideoFire25_f11_jpg.rf.9134274c5f3e80ece97a02ffd14190ec.jpg,1,1,0.9828,0.288,0.006,0.077,2.805,5.952,75.888,2.821,89.581
VideoFire260_f101_jpg.rf.f85f97e687a5317af78199046a1a654a.jpg,1,1,1.0,0.216,0.005,0.045,3.117,1.617,77.734,1.862,86.219
VideoFire260_f159_jpg.rf.374c76781850e8ff7b3498538f46c525.jpg,1,1,1.0,0.274,0.007,0.074,2.704,1.152,77.797,2.231,85.85
VideoFire260_f31_jpg.rf.5f28576ee2e1dc2fb6610a544e7d874f.jpg,1,1,1.0,0.277,0.006,0.068,8.436,5.423,81.807,1.988,99.597
VideoFire260_f5_jpg.rf.902d3d7b1b4e39e90a79a1f70df22e66.jpg,1,1,1.0,0.276,0.006,0.071,8.576,4.199,80.454,2.762,98.083
VideoFire260_f93_jpg.rf.dc1bdd0bddc9eac1f7e5716d9f164c88.jpg,1,1,1.0,0.215,0.004,0.048,2.35,1.233,77.73,1.823,85.088
VideoFire261_f188_jpg.rf.2b3d83666f34a97bc5466afae58e315b.jpg,1,1,1.0,0.276,0.006,0.074,2.759,1.15,82.992,2.528,91.426
VideoFire261_f22_jpg.rf.c2a6bb0dc77bde42d59e6d4e4affed9f.jpg,1,1,1.0,0.287,0.006,0.081,6.896,1.245,77.571,1.843,89.568
VideoFire261_f307_jpg.rf.b75028d6718e47cf679e8664c42d5fa7.jpg,1,1,1.0,0.371,0.006,0.076,2.906,2.335,104.429,6.146,117.918
VideoFire261_f35_jpg.rf.e9e4db2fc000cbd1ac1318a9c5404a19.jpg,1,1,1.0,0.286,0.006,0.079,7.792,6.001,76.184,1.95,93.975
VideoFire261_f5_jpg.rf.0e70b3a14a9b954f6fb10d4a1d5101b5.jpg,1,1,1.0,0.366,0.006,0.076,4.66,4.824,90.637,2.499,104.75
VideoFire261_f98_jpg.rf.cd78c9a17baa8e361e82c2e0ff643b71.jpg,1,1,1.0,0.289,0.006,0.075,3.328,1.248,78.087,1.882,86.634
VideoFire262_f155_jpg.rf.ce710f1099ae649bf565dc527a403e79.jpg,1,1,1.0,0.284,0.007,0.075,3.392,5.866,92.373,2.115,106.081
VideoFire262_f198_jpg.rf.9eff029c86d1b854ababda473bb6a696.jpg,1,1,1.0,0.285,0.006,0.084,11.864,5.929,80.675,2.17,102.711
VideoFire262_f71_jpg.rf.a0fa6354358fd91f46318a81eb902f05.jpg,1,1,1.0,0.24,0.005,0.048,2.548,3.218,77.481,1.794,87.064
VideoFire263_f120_jpg.rf.d1b1c4f5dccdf6f77b74877b692283f7.jpg,1,1,1.0,0.292,0.006,0.079,6.858,5.977,74.854,1.942,91.65
VideoFire263_f155_jpg.rf.4144240e3d332d894f89c3d27a0cec59.jpg,1,1,1.0,0.29,0.006,0.081,3.511,2.0,76.814,1.872,85.794
VideoFire263_f25_jpg.rf.c47ce3d2f5ed4bf046d6b2a0b156bc64.jpg,1,1,1.0,0.277,0.006,0.077,2.927,1.24,87.39,2.325,95.924
VideoFire263_f4_jpg.rf.ae596da00eed02f35004eb4f342bdb66.jpg,1,1,1.0,0.288,0.007,0.076,3.933,1.03,77.093,1.882,86.337
VideoFire263_f9_jpg.rf.46942f8a5aa47d244980aef946826e7e.jpg,1,1,1.0,0.286,0.006,0.079,6.139,5.833,75.972,2.742,92.322
VideoFire264_f43_jpg.rf.06ff2b39787528d07280ad7cc07af8fb.jpg,1,1,1.0,0.212,0.005,0.045,3.205,1.232,77.492,1.813,85.702
VideoFire264_f64_jpg.rf.2b2f6daa54f87f699bbb9cb80e9c2690.jpg,1,1,1.0,0.276,0.007,0.07,2.725,1.548,77.259,1.908,85.319
VideoFire265_f3_jpg.rf.6731d0c57a169753167a513c2a0f54c3.jpg,1,1,1.0,0.294,0.006,0.078,8.735,6.586,75.87,1.863,94.999
VideoFire26_f111_jpg.rf.6ba77240dc2a476cfe7088bc106c8255.jpg,1,1,0.6703,0.288,0.007,0.081,9.505,4.724,88.391,2.152,106.801
VideoFire26_f18_jpg.rf.7ac4bee566e83489bdb6340cdc2e7d57.jpg,1,1,1.0,0.291,0.006,0.078,8.224,1.305,80.33,1.985,93.9
VideoFire26_f38_jpg.rf.bfb36ad193030b936e54196cb473db26.jpg,1,1,0.9748,0.291,0.006,0.082,8.368,5.708,92.978,4.914,114.051
VideoFire26_f41_jpg.rf.e57b027269876fad8a006edf59eceb0c.jpg,1,1,0.6667,0.289,0.006,0.08,6.913,1.812,76.199,1.815,88.416
VideoFire26_f49_jpg.rf.04faba1dfd97cd281a478ec904d165ff.jpg,1,1,0.6798,0.272,0.006,0.075,13.149,5.951,77.663,1.951,100.414
VideoFire26_f61_jpg.rf.dcf6753af78887ac8905d3b6fc35b45d.jpg,1,1,1.0,0.285,0.006,0.077,9.39,3.825,76.032,1.885,93.211
VideoFire26_f9_jpg.rf.9ecc125daa2f86beb78689f399b360e7.jpg,1,1,1.0,0.297,0.007,0.082,7.849,1.832,83.187,2.026,96.957
VideoFire27_f14_jpg.rf.e49f11a0aa98af7fbff67fdb2b09cd91.jpg,1,0,0.9993,0.287,0.006,0.078,7.494,5.985,76.714,2.714,95.279
VideoFire27_f2_jpg.rf.ac265bc0f8617598f2da50f2e42181ee.jpg,1,0,0.9999,0.286,0.007,0.078,10.831,5.592,75.355,1.903,95.709
VideoFire27_f5_jpg.rf.328f5cad0083b97fc610f7c3b01ee09d.jpg,1,1,0.9997,0.281,0.006,0.075,8.436,1.657,83.028,3.331,98.53
VideoFire28_f15_jpg.rf.1ccccb140fec04df565b0bb7d6928782.jpg,1,1,1.0,0.289,0.007,0.077,2.904,1.128,77.441,1.815,85.267
VideoFire28_f22_jpg.rf.379201b2102f77b453d3ab7e744def85.jpg,1,1,1.0,0.288,0.007,0.076,2.756,1.128,93.508,2.681,102.109
VideoFire28_f31_jpg.rf.14ad57f658bc5f0696d6b67ccd32119e.jpg,1,1,1.0,0.282,0.006,0.074,2.964,1.132,76.427,1.82,84.383
VideoFire28_f3_jpg.rf.fea5b8b2ab08db5f063b94704a9d9944.jpg,1,1,1.0,0.285,0.006,0.076,2.658,1.197,90.651,2.483,98.982
VideoFire28_f7_jpg.rf.10eca4493ad6446d4a405d1293b903ea.jpg,1,1,1.0,0.285,0.007,0.074,2.665,1.212,78.241,1.795,85.886
VideoFire29_f131_jpg.rf.cb3b8ce89040003bda37bd54c3541361.jpg,1,1,1.0,0.388,0.006,0.076,2.783,1.737,91.068,2.46,100.18
VideoFire29_f398_jpg.rf.27f45417b5904aacfa76476244fe303a.jpg,1,1,1.0,0.284,0.006,0.076,3.366,1.153,80.953,2.756,90.193
VideoFire29_f5_jpg.rf.29e3ff68b9da7f5eb857c115b63bca8d.jpg,1,1,1.0,0.285,0.007,0.079,6.772,7.095,90.897,1.877,108.665
VideoFire2_f10_jpg.rf.8ee3ce4b8d7d25da4a8c46f80f316a07.jpg,1,1,1.0,0.288,0.006,0.078,6.385,6.109,74.749,1.863,91.115
VideoFire2_f25_jpg.rf.39e116c70da2ed684dd7feaa63eccb77.jpg,1,1,1.0,0.295,0.006,0.074,8.888,6.019,76.117,2.26,95.28
VideoFire2_f35_jpg.rf.897228dbeda6eac1c48fb630197c474b.jpg,1,1,1.0,0.287,0.007,0.077,7.543,6.9,97.178,2.489,116.276
VideoFire30_f16_jpg.rf.c45a4d569aa7994b28971d373f925081.jpg,1,1,1.0,0.281,0.006,0.077,10.763,5.995,81.462,2.125,102.361
VideoFire30_f4_jpg.rf.a162ab24822d8229cb4eedf0460979be.jpg,1,1,1.0,0.331,0.007,0.077,9.813,5.767,90.733,2.497,110.927
VideoFire31_f127_jpg.rf.09ff06f5ce235371abcd0b6e909778df.jpg,1,1,1.0,0.286,0.007,0.078,9.598,6.031,75.377,2.225,95.323
VideoFire31_f141_jpg.rf.c4030e1255fd03be8fcf76ca75559ff2.jpg,1,1,1.0,0.288,0.006,0.075,9.609,6.186,78.983,1.94,98.481
VideoFire31_f152_jpg.rf.c7f3f2a5df984990dd06b10ff117a462.jpg,1,1,1.0,0.285,0.006,0.074,6.724,4.218,75.958,1.939,90.867
VideoFire31_f155_jpg.rf.1786d305984f84c5820226afd2881f04.jpg,1,1,1.0,0.216,0.005,0.049,3.08,1.433,84.236,2.068,92.701
VideoFire31_f159_jpg.rf.9a66b44db07bdffbfb46164073409e00.jpg,1,1,0.7833,0.285,0.007,0.079,3.309,1.253,83.799,2.806,93.152
VideoFire31_f162_jpg.rf.be164edae1a633df270a61d3ccd49357.jpg,1,1,0.6669,0.214,0.005,0.048,3.019,1.282,83.559,3.806,93.574
VideoFire31_f168_jpg.rf.7e89458288d6a8e9750d0a5c46fca16b.jpg,1,1,1.0,0.291,0.006,0.079,3.538,1.185,85.419,3.098,95.249
VideoFire3_f148_jpg.rf.385978c4e471d03a2745727f4406c47f.jpg,1,1,1.0,0.288,0.006,0.076,2.749,1.314,77.337,2.193,85.584
VideoFire3_f162_jpg.rf.11b2c55dcd9e2cf1fea59c46fbbde890.jpg,1,1,1.0,0.289,0.006,0.077,2.95,1.186,84.907,5.603,96.761
VideoFire3_f178_jpg.rf.b78004e46f5e111ef6012e8b4a1d52c7.jpg,1,1,1.0,0.293,0.006,0.079,3.718,1.848,80.418,1.76,89.809
VideoFire47_f62_jpg.rf.d8e01453d538d86d6b0105f0feb3e11b.jpg,1,1,1.0,0.28,0.006,0.073,2.785,1.142,87.171,2.778,95.747
VideoFire47_f71_jpg.rf.15e5d396e66a9112e3bf1e07bf12f356.jpg,1,1,1.0,0.288,0.007,0.075,4.252,1.012,77.629,1.873,86.775
VideoFire48_f111_jpg.rf.e7206c1ee0acaa2c2c7213b7b801a914.jpg,1,1,1.0,0.294,0.007,0.073,4.036,1.207,91.758,2.256,101.206
VideoFire48_f135_jpg.rf.8de57d92353d94b6623ce252950775f2.jpg,1,1,1.0,0.29,0.007,0.077,3.718,1.281,77.629,1.834,86.458
VideoFire48_f161_jpg.rf.214748de4c978c128153d2c91bfc3c4e.jpg,1,1,1.0,0.277,0.006,0.073,9.266,7.83,98.38,2.132,119.634
VideoFire48_f21_jpg.rf.efca9054fba4ee50ff8dd740e0ccd7c2.jpg,1,1,1.0,0.28,0.008,0.078,5.99,4.583,86.007,2.532,101.044
VideoFire48_f271_jpg.rf.9d2efcc37bbe5c7f480ac487dfe2911f.jpg,1,1,1.0,0.292,0.007,0.082,2.682,4.374,74.946,1.806,85.774
VideoFire48_f30_jpg.rf.b98d5585d9d3546bcd72201fc11d1a76.jpg,1,1,1.0,0.285,0.006,0.076,4.442,4.353,88.026,2.176,100.995
VideoFire48_f362_jpg.rf.001a08f561e1211ed22d7894d801b951.jpg,1,1,0.641,0.288,0.006,0.077,2.768,1.138,77.712,1.81,85.464
VideoFire48_f406_jpg.rf.b8b1ecd3007cffa064f356f881318dfe.jpg,1,1,1.0,0.288,0.007,0.077,3.677,1.126,97.445,2.516,106.796
VideoFire48_f466_jpg.rf.0e51cd2389c8d1315f2441fee1fd0038.jpg,1,1,1.0,0.285,0.006,0.075,2.858,1.223,77.051,1.861,84.956
VideoFire48_f481_jpg.rf.e05bf91ffceb74d53d71f3c095cc8be4.jpg,1,1,1.0,0.286,0.007,0.075,4.239,7.637,92.145,2.132,108.277
VideoFire48_f501_jpg.rf.060a595fe00545d95170e1f22e01b209.jpg,1,1,1.0,0.279,0.006,0.074,7.299,6.958,75.814,3.677,95.759
VideoFire48_f509_jpg.rf.e5f11d66235103b995bcf799d8ad2a30.jpg,1,1,1.0,0.285,0.006,0.075,8.586,7.051,78.457,1.856,97.981
VideoFire48_f520_jpg.rf.7dee61594d434664581713d285bdfa80.jpg,1,1,1.0,0.291,0.007,0.077,7.212,6.575,92.19,2.488,110.499
VideoFire48_f56_jpg.rf.bc799bc0c551596285df83f1c9a9663c.jpg,1,1,1.0,0.289,0.007,0.075,6.909,3.575,75.279,2.019,89.725
VideoFire48_f5_jpg.rf.9ba73aab820e99017d2db6c71f7bd760.jpg,1,1,1.0,0.285,0.007,0.074,2.811,1.283,92.655,2.398,101.167
VideoFire48_f75_jpg.rf.a213cb72660306d793d494582a73267b.jpg,1,1,1.0,0.287,0.006,0.076,2.74,1.258,77.763,1.844,85.61
VideoFire48_f83_jpg.rf.6d6f0c3de79ca7fbbc90daa119057a39.jpg,1,1,1.0,0.303,0.007,0.081,7.481,5.91,77.183,2.098,94.638
VideoFire48_f94_jpg.rf.c5e495d73045333b72f8f0aaffa15564.jpg,1,1,1.0,0.281,0.006,0.077,9.459,5.977,86.561,2.328,106.335
VideoFire50_f140_jpg.rf.176cb8b2c44ca7cb1f36773df62f5824.jpg,1,1,1.0,0.28,0.006,0.073,3.795,3.595,76.165,1.843,87.413
VideoFire50_f148_jpg.rf.b33fb036efe470e76a6a90c774258032.jpg,1,1,1.0,0.286,0.007,0.074,8.633,5.154,99.914,2.272,117.988
VideoFire50_f156_jpg.rf.f407ebf678d72635309f8a91d1398535.jpg,1,1,1.0,0.219,0.005,0.087,6.146,5.834,76.325,1.711,91.59
VideoFire50_f161_jpg.rf.a97b0a8989536708accf48d17b08ef2a.jpg,1,1,1.0,0.217,0.004,0.049,7.004,3.264,94.855,2.261,108.926
VideoFire50_f182_jpg.rf.ab1222bbb0bd0e005cfb836c164fb5b9.jpg,1,1,1.0,0.285,0.016,0.077,12.504,6.006,82.282,2.724,105.599
VideoFire50_f1_jpg.rf.e252125dfa91b3ac56f838fca4023a3d.jpg,1,1,1.0,0.293,0.007,0.082,10.53,8.138,75.446,1.861,97.902
VideoFire50_f222_jpg.rf.d5d0ea114ddef4ac1e58e7658001f9ed.jpg,1,1,0.997,0.287,0.006,0.079,5.599,3.735,88.312,2.4,102.067
VideoFire50_f262_jpg.rf.d79fbfb37691e8b142d85713fc63d3e5.jpg,1,1,1.0,0.285,0.006,0.077,2.753,1.554,77.084,1.945,85.356
VideoFire50_f284_jpg.rf.23d4a689e35a8a1a9156a8fee2d82dd5.jpg,1,1,1.0,0.285,0.006,0.077,2.651,1.197,91.211,2.406,99.439
VideoFire50_f304_jpg.rf.01f37bdb117b8d58715396770960d0d3.jpg,1,1,1.0,0.282,0.006,0.078,2.908,1.141,83.016,2.165,91.249
VideoFire50_f324_jpg.rf.c1aa9fe7698ed5a77be2cb0fe401fc62.jpg,1,1,1.0,0.325,0.006,0.079,13.079,8.54,89.164,2.401,115.083
VideoFire50_f346_jpg.rf.2c06ddc3605c137e3a9d61b4bf46128c.jpg,1,1,1.0,0.283,0.006,0.081,9.57,6.04,74.849,2.332,94.833
VideoFire50_f52_jpg.rf.815a591563a6bb29eaeb592b718a5175.jpg,1,1,1.0,0.284,0.006,0.076,9.543,7.331,76.126,2.254,97.187
VideoFire50_f66_jpg.rf.c8cdda50e3ae272476a268fd5dc9a364.jpg,1,1,1.0,0.279,0.006,0.074,3.198,2.675,77.413,2.642,87.919
VideoFire50_f82_jpg.rf.6a9e7182f13b47d596f59066d13930a4.jpg,1,1,1.0,0.293,0.006,0.074,9.056,1.267,81.932,2.17,96.411
VideoFire52_f200_jpg.rf.340e2fd746ed0a6d3b3bd2d78eea8677.jpg,1,1,1.0,0.28,0.007,0.073,6.174,1.232,86.614,2.171,98.237
VideoFire52_f215_jpg.rf.8b4e033e8d8c2d4c5b5976a2e35a6117.jpg,1,1,1.0,0.274,0.007,0.073,4.739,1.184,77.039,2.112,86.984
VideoFire52_f274_jpg.rf.9df2c392e15a534664dc47b11021767e.jpg,1,1,1.0,0.288,0.006,0.076,7.273,1.203,88.662,2.488,101.642
VideoFire52_f31_jpg.rf.4a2a10c490b31017dcf03aa1fbd4f4fe.jpg,1,1,1.0,0.286,0.006,0.082,11.139,5.863,87.06,2.328,108.385
VideoFire56_f30_jpg.rf.4a2e41dd63efaf251ef1bd2c354db327.jpg,1,1,1.0,0.284,0.007,0.078,10.642,7.789,81.189,2.252,104.062
VideoFire56_f45_jpg.rf.d6e523b0f4455d313855ceac2bb8455a.jpg,1,1,1.0,0.289,0.006,0.079,12.491,5.897,75.735,2.272,98.514
VideoFire56_f80_jpg.rf.c4b1ef8dc57dcf7b53dbffe04e06445c.jpg,1,1,1.0,0.213,0.005,0.047,4.134,1.268,77.644,2.146,87.305
VideoFire57_f100_jpg.rf.66715445c0182c5478694580c2183ec4.jpg,1,1,1.0,0.284,0.007,0.076,2.793,1.338,77.253,2.183,85.573
VideoFire57_f119_jpg.rf.e96516ca6cf7813b38c45b3b9a6f55ad.jpg,1,1,1.0,0.22,0.005,0.047,4.678,1.328,78.05,2.179,88.203
VideoFire57_f132_jpg.rf.d91ed1ad2053b0980a4b856c591b7dfe.jpg,1,1,0.5245,0.29,0.007,0.077,4.139,1.268,83.414,2.344,93.265
VideoFire57_f154_jpg.rf.ece7eb04321dd342dd2672d6a6cddab8.jpg,1,1,1.0,0.212,0.005,0.047,3.424,1.772,78.676,2.111,87.932
VideoFire57_f170_jpg.rf.a5be398921516678da7366c338ba6bf1.jpg,1,1,1.0,0.286,0.006,0.076,2.895,1.236,77.478,2.317,86.015
VideoFire57_f268_jpg.rf.f81644f8447c1c22a806d3f68ca6dce2.jpg,1,1,1.0,0.287,0.007,0.075,3.24,1.134,89.418,2.258,98.087
VideoFire57_f275_jpg.rf.d0db15780a8e852a5eb8854a1f78e850.jpg,1,1,1.0,0.285,0.007,0.076,4.073,1.976,76.702,3.278,88.012
VideoFire57_f294_jpg.rf.7795f64a13f799816ebe41a12c6a2ebf.jpg,1,1,1.0,0.278,0.006,0.08,2.929,1.132,77.476,2.896,86.453
VideoFire57_f299_jpg.rf.58aa7a8188f9449a5099e713195cc5ff.jpg,1,1,1.0,0.281,0.007,0.073,4.596,1.947,76.353,2.395,87.245
VideoFire57_f302_jpg.rf.634e24a937e37283184aeefa92c510e4.jpg,1,1,1.0,0.276,0.006,0.075,3.826,1.174,77.016,1.826,85.845
VideoFire57_f305_jpg.rf.025f0f59f702d8bd2cb236c36d96ffb0.jpg,1,1,1.0,0.287,0.006,0.081,3.265,1.145,76.925,1.987,85.278
VideoFire57_f308_jpg.rf.0f34b2aa0198c1f85895d2a86248d7ea.jpg,1,1,1.0,0.284,0.007,0.074,3.438,1.582,77.467,1.885,86.387
VideoFire57_f311_jpg.rf.bca345a6526f77f2d840c7d9017c05b4.jpg,1,1,1.0,0.286,0.007,0.076,3.308,1.161,77.528,1.832,85.796
VideoFire57_f317_jpg.rf.a51e04186d5f3f049c5ca73be9971ee9.jpg,1,1,1.0,0.378,0.007,0.08,2.87,1.199,83.319,1.802,91.236
VideoFire57_f342_jpg.rf.2f2931d35dd3c48690bb32fb5254e2cd.jpg,1,1,1.0,0.384,0.007,0.077,2.642,1.236,96.394,3.034,105.342
VideoFire57_f355_jpg.rf.cf2e55a784b1ed0b5b105bbcde1bf748.jpg,1,1,1.0,0.277,0.007,0.076,2.733,1.192,75.682,1.784,83.332
VideoFire57_f366_jpg.rf.21bafb0756a9cffe9cef8f63a9c62f3b.jpg,1,1,1.0,0.283,0.007,0.075,3.111,1.149,85.886,3.705,95.865
VideoFire57_f92_jpg.rf.20056436decb27b1edbaa410824f7165.jpg,1,1,1.0,0.283,0.006,0.075,2.759,1.141,78.142,2.245,86.289
VideoFire58_f100_jpg.rf.a017f11cf444e48393f0cbf0d772ff62.jpg,1,1,0.997,0.286,0.006,0.082,7.976,3.927,90.325,2.559,106.89
VideoFire58_f95_jpg.rf.dd43d3cc6f91852ac6c2ddeb3794718c.jpg,1,1,1.0,0.287,0.006,0.082,5.423,1.526,78.099,2.232,89.286
VideoFire60_f13_jpg.rf.37cc90c5f27cfcd6b43b73b190a9c5bd.jpg,1,1,1.0,0.281,0.006,0.078,2.761,1.155,90.731,2.415,99.086
VideoFire60_f33_jpg.rf.b0849a1f1136639440aa7da07a114337.jpg,1,1,1.0,0.286,0.007,0.075,2.751,1.137,78.093,2.282,86.234
VideoFire60_f38_jpg.rf.5f56b94b097dc85330300cfc88c6295e.jpg,1,1,1.0,0.282,0.007,0.075,8.077,9.567,87.169,2.362,109.259
VideoFire60_f7_jpg.rf.44b77f4f414634e660b24aed3ee6c144.jpg,1,1,1.0,0.286,0.006,0.074,3.318,1.129,88.594,2.343,97.404
VideoFire61_f103_jpg.rf.259874606b0a97cb592f22ff7b42a360.jpg,1,1,1.0,0.287,0.006,0.077,4.057,2.896,77.912,1.839,88.941
VideoFire61_f52_jpg.rf.45649c3dff5c03ba898d2d2b05da1df2.jpg,1,1,1.0,0.279,0.007,0.075,6.54,6.7,75.496,2.409,93.142
VideoFire61_f59_jpg.rf.53ea2a77568c897487acec441cb81b97.jpg,1,1,1.0,0.292,0.006,0.08,4.121,3.153,75.895,1.804,86.9
VideoFire61_f63_jpg.rf.aaf7892dab2eb131166fbfdd47742545.jpg,1,1,1.0,0.288,0.006,0.078,4.736,3.691,76.995,2.629,90.235
VideoFire61_f69_jpg.rf.0a7b6fd9d70d0b6e8d18d7627556c945.jpg,1,1,1.0,0.292,0.007,0.078,2.999,1.365,77.875,2.262,86.512
VideoFire61_f71_jpg.rf.7bf6512b846e51c7f122670080295e85.jpg,1,1,1.0,0.284,0.006,0.076,4.208,2.069,84.994,2.537,95.825
VideoFire61_f76_jpg.rf.47f37c0141444fdd55c4e0cd41276cdd.jpg,1,1,1.0,0.288,0.006,0.075,7.739,1.391,77.467,1.824,90.416
VideoFire61_f81_jpg.rf.5ec2bd66701ff6bd40a96748973516c3.jpg,1,1,1.0,0.292,0.006,0.075,2.906,1.14,79.924,2.489,88.473
VideoFire62_f212_jpg.rf.134d012fa0c0fc2794e0522ede26e110.jpg,1,1,0.6523,0.28,0.007,0.078,4.013,1.19,91.964,1.929,101.101
VideoFire62_f46_jpg.rf.b9439ee27d0a8e1fea9f09b249992a66.jpg,1,1,1.0,0.374,0.006,0.075,2.641,1.253,86.907,2.391,95.253
VideoFire62_f56_jpg.rf.5161a3f27f2fb0915ced124fedeef5df.jpg,1,1,1.0,0.288,0.006,0.075,3.053,1.155,77.631,1.911,85.682
VideoFire63_f117_jpg.rf.0a5727de2eae6aad8adefd46600ab7d4.jpg,1,1,0.676,0.278,0.006,0.077,4.586,1.76,89.015,1.904,99.211
VideoFire63_f300_jpg.rf.139e936cdf0ba3314446590a5018209c.jpg,1,1,0.9519,0.288,0.007,0.08,5.46,1.265,78.013,1.796,88.501
VideoFire63_f316_jpg.rf.5a3f8eab71d7cb372f9ae6a9a3a33b49.jpg,1,1,0.9999,0.281,0.006,0.078,6.118,6.94,89.541,1.88,106.469
VideoFire63_f329_jpg.rf.c1eb91410b2ad8574d9b454eecb6fa7e.jpg,1,1,1.0,0.282,0.006,0.076,5.523,1.162,77.64,1.768,88.022
VideoFire63_f349_jpg.rf.cc63a7137b193138b5d87def3c9e0ded.jpg,1,1,0.7945,0.29,0.006,0.079,11.648,1.108,77.362,1.869,93.887
VideoFire63_f363_jpg.rf.8c1d58f16b6f2cf69e1210d54778e44b.jpg,1,1,1.0,0.286,0.006,0.076,3.039,2.562,81.03,1.84,90.476
VideoFire63_f373_jpg.rf.84c7a2d36c7a7b906f76d0736a2b1b2c.jpg,1,1,0.9993,0.287,0.006,0.079,11.77,6.197,87.747,1.909,109.673
VideoFire64_f101_jpg.rf.6599e887d1b24a1de02320f0aa3f5f60.jpg,1,1,1.0,0.288,0.007,0.077,7.788,1.187,81.898,3.489,96.379
VideoFire64_f168_jpg.rf.0f2e80d08f33eabc4782157d028c88c8.jpg,1,1,1.0,0.278,0.006,0.075,3.115,1.139,77.196,1.784,85.28
VideoFire64_f40_jpg.rf.590a8b257cc17b781907209cb029d60d.jpg,1,1,1.0,0.287,0.006,0.074,2.949,1.28,85.496,5.853,97.557
VideoFire64_f4_jpg.rf.6e76941e38609869bf1bbcf724bed478.jpg,1,1,1.0,0.282,0.007,0.074,4.846,1.174,83.737,2.284,94.0
VideoFire64_f74_jpg.rf.a9ad64511987f7348b1c01f8b0c5aaf7.jpg,1,1,1.0,0.288,0.006,0.077,3.3,1.152,94.994,2.261,103.746
VideoFire64_f83_jpg.rf.c78e4c11f150ee984c17ec8db4097bac.jpg,1,1,1.0,0.287,0.006,0.075,2.932,1.149,76.378,2.237,84.712
VideoFire65_f220_jpg.rf.17c87d4822d2bb7745d5c8b3ce4c5377.jpg,1,0,1.0,0.285,0.006,0.077,6.506,7.402,89.539,1.919,107.423
VideoFire65_f237_jpg.rf.7b832a6355f6144d25ab4c59cacf13d4.jpg,1,1,0.5863,0.28,0.006,0.075,3.124,1.179,76.94,1.837,85.138
VideoFire65_f270_jpg.rf.a1047cf7882469be2be8d531827f7141.jpg,1,1,0.9952,0.294,0.006,0.08,8.02,4.412,88.512,1.826,104.797
VideoFire67_f10_jpg.rf.990baeb60714434388500c09262333d1.jpg,1,1,1.0,0.292,0.006,0.08,6.686,1.706,75.946,1.872,88.216
VideoFire67_f54_jpg.rf.bbe4affa06afd37194666eb85ffab04d.jpg,1,1,1.0,0.281,0.006,0.078,6.936,1.161,75.807,2.265,88.221
VideoFire67_f69_jpg.rf.0bf241021a1903c6cb8c1f71d7c3a660.jpg,1,1,1.0,0.284,0.006,0.075,4.643,3.55,77.32,3.458,91.035
VideoFire68_f119_jpg.rf.6338401ef110ca4490b32307d855a427.jpg,1,1,0.9999,0.286,0.006,0.082,8.887,6.387,75.663,1.844,94.85
VideoFire68_f166_jpg.rf.4ee5b05aea41bc7bfb33fd5a2c04bd69.jpg,1,1,1.0,0.288,0.006,0.075,8.113,5.955,94.716,2.613,113.487
VideoFire68_f4_jpg.rf.559201984ed8db89660728bb0a9aafe4.jpg,1,1,0.832,0.292,0.007,0.078,8.893,1.187,76.808,1.9,90.726
VideoFire68_f78_jpg.rf.6a023fe5674d23e0caea4fc5cc16d375.jpg,1,1,1.0,0.292,0.006,0.08,10.982,6.53,79.184,1.9,100.825
VideoFire69_f67_jpg.rf.436ed9228835ff831546edf806ef5920.jpg,1,1,1.0,0.281,0.006,0.076,7.571,5.976,99.606,2.454,117.654
VideoFire70_f101_jpg.rf.12a6001d16079b6c9cc0ab3683b0b081.jpg,1,1,1.0,0.287,0.006,0.078,10.228,5.953,75.829,1.817,95.886
VideoFire70_f137_jpg.rf.b724e158c819e9d7464746d1e824e169.jpg,1,1,1.0,0.285,0.006,0.077,10.35,6.692,89.208,2.54,110.527
VideoFire71_f44_jpg.rf.fc0e76f8573d47db5cfff9567bc2e17b.jpg,1,1,1.0,0.291,0.006,0.076,7.165,6.005,76.472,1.895,93.564
VideoFire71_f48_jpg.rf.06326f9a4498ef41072a6a8e053bc20c.jpg,1,1,1.0,0.294,0.006,0.079,6.992,7.011,93.815,2.127,112.005
VideoFire71_f58_jpg.rf.7a86a810e1d71e394fc772594a597de1.jpg,1,1,1.0,0.291,0.006,0.077,7.111,2.284,75.738,2.154,89.385
VideoFire73_f114_jpg.rf.c8bc53a50285306faa08d1a39c19145a.jpg,1,1,1.0,0.217,0.005,0.077,3.778,3.456,75.704,1.899,86.355
VideoFire73_f150_jpg.rf.73a6b5aefd019df4e4408f6dc48399a6.jpg,1,1,0.7578,0.286,0.006,0.081,11.146,1.355,83.013,3.335,101.098
VideoFire73_f250_jpg.rf.6ae61f17c876ad9f6f93dd0a661079eb.jpg,1,1,0.9996,0.294,0.006,0.081,8.012,1.334,87.563,4.568,103.501
VideoFire74_f105_jpg.rf.b75ba27945390a922d870abfe81bf641.jpg,1,1,0.9986,0.826,0.006,0.204,2.788,1.344,85.732,4.864,97.406
VideoFire74_f117_jpg.rf.c1d426b13f9887b209d6f9f8c7e57dd7.jpg,1,1,0.9934,0.291,0.007,0.081,3.49,1.23,77.535,1.95,86.311
VideoFire74_f127_jpg.rf.bd8dbbe903b4931d373a27fcb316b730.jpg,1,1,0.9996,0.288,0.006,0.077,2.935,1.228,91.617,2.2,100.073
VideoFire74_f130_jpg.rf.05a725d1eae3c4c2b0f8ac0ec2717d0d.jpg,1,1,1.0,0.282,0.006,0.076,3.707,6.864,82.062,1.849,96.539
VideoFire74_f151_jpg.rf.92fdb80b88b2be2120ace56b118af643.jpg,1,0,0.5999,0.284,0.006,0.076,9.412,6.967,86.817,1.955,107.852
VideoFire74_f164_jpg.rf.5ebb4b9c6b7eb70b75c1a0ce1a4e9739.jpg,1,1,0.6623,0.283,0.007,0.075,11.688,5.51,76.074,1.928,97.254
VideoFire74_f183_jpg.rf.f8a76fa5373ed92d0764a48f981cf4c7.jpg,1,1,1.0,0.297,0.006,0.079,7.617,4.131,76.108,1.872,92.115
VideoFire74_f186_jpg.rf.13a26fc5442b2b2131ace0bb1cd84b0a.jpg,1,1,1.0,0.281,0.006,0.079,9.923,6.015,83.428,3.939,105.39
VideoFire74_f189_jpg.rf.dd699e8ff781e3d396885a9b13e6d56e.jpg,1,1,1.0,0.585,0.007,0.083,11.899,8.47,81.998,1.962,106.681
VideoFire74_f2_jpg.rf.839032c7848cbef3dc2eb96cb413887f.jpg,1,1,1.0,0.285,0.006,0.076,7.938,3.069,92.533,2.483,108.086
VideoFire74_f33_jpg.rf.1580451aad85946d3122a3443fa98155.jpg,1,1,1.0,0.288,0.006,0.073,3.061,1.304,77.169,1.958,85.494
VideoFire74_f44_jpg.rf.76136efcec16eb30a9c998acbb4b16b8.jpg,1,1,1.0,0.38,0.007,0.078,4.049,1.45,93.166,2.475,103.266
VideoFire74_f67_jpg.rf.4bfc49ec39b832a430c1fec157561800.jpg,1,1,0.9911,0.288,0.006,0.085,8.88,5.934,75.709,1.833,94.395
VideoFire74_f97_jpg.rf.612528f03b946874c50d0d51bfa5fce9.jpg,1,1,1.0,0.304,0.006,0.08,7.943,2.046,83.395,2.346,97.516
VideoFire75_f37_jpg.rf.90161bd980759842f224226068538717.jpg,1,1,0.9968,0.28,0.007,0.075,6.267,3.745,76.24,2.007,90.159
VideoFire75_f43_jpg.rf.de830d532ebee5458d88219e3a69eb6f.jpg,1,1,1.0,0.26,0.006,0.07,4.28,4.897,75.845,2.503,89.512
VideoFire75_f48_jpg.rf.8f62e9bc05cc05e110fb5026d2e45112.jpg,1,1,1.0,0.285,0.007,0.078,7.211,5.936,77.092,2.602,94.908
VideoFire76_f12_jpg.rf.5583d5a91ffef7469fc407481c2caacf.jpg,1,1,1.0,0.286,0.007,0.077,6.94,5.742,75.986,1.833,92.224
VideoFire76_f34_jpg.rf.939073654df31ee82ea6698249689959.jpg,1,1,1.0,0.274,0.007,0.074,6.545,7.227,94.3,2.213,112.234
VideoFire76_f41_jpg.rf.a3fba03cabcb2bfd488c7ce1b788f290.jpg,1,1,1.0,0.284,0.006,0.08,4.231,1.189,76.081,1.908,85.396
VideoFire76_f6_jpg.rf.6578f183280139fd3d1738b3a9452d33.jpg,1,1,1.0,0.292,0.006,0.081,3.391,5.827,88.715,2.469,102.48
VideoFire78_f20_jpg.rf.3fb279ff641934b1daaff25d5cdee7c2.jpg,1,1,1.0,0.288,0.007,0.082,5.954,2.903,75.718,1.872,89.115
VideoFire78_f44_jpg.rf.67da2590530375520c20ee5220757560.jpg,1,1,1.0,0.387,0.006,0.081,10.306,5.964,89.962,2.511,110.888
VideoFire78_f57_jpg.rf.171668326e64693eecabd7df0717d493.jpg,1,1,1.0,0.288,0.007,0.078,6.125,3.06,81.924,2.096,95.265
VideoFire78_f66_jpg.rf.532a7db687308f1840a46a31c57dbf3d.jpg,1,1,1.0,0.215,0.004,0.051,5.848,6.655,75.847,1.844,92.327
VideoFire78_f77_jpg.rf.4e52209952a304b9e32ec96827fb9cf7.jpg,1,1,1.0,0.275,0.006,0.075,7.303,4.108,88.685,3.128,105.136
VideoFire78_f93_jpg.rf.7fd3bf14938ef5bfdecc81c29dfa9a9a.jpg,1,1,1.0,0.29,0.006,0.078,5.497,1.334,77.556,1.748,88.176
VideoFire79_f153_jpg.rf.9cd04d71e43e7505337f57f0210a5120.jpg,1,1,1.0,0.28,0.006,0.068,3.201,1.219,77.364,2.877,86.538
VideoFire79_f80_jpg.rf.c43f6361a8c5940b04efeff26d96a4d0.jpg,1,1,1.0,0.285,0.007,0.075,2.522,0.999,76.226,1.832,83.484
VideoFire7_f128_jpg.rf.53eb0a874663a5bc475e4a9f8965f9ea.jpg,1,1,0.84,0.218,0.004,0.046,2.511,1.006,76.898,1.74,83.871
VideoFire7_f136_jpg.rf.7d8340450b8c326be9bc573f8b77757e.jpg,1,1,0.996,0.217,0.004,0.054,11.607,1.735,75.641,2.419,93.01
VideoFire7_f237_jpg.rf.c145af77e51d92ca2ab603ac82b87a36.jpg,1,1,1.0,0.296,0.007,0.082,10.486,1.302,75.19,2.327,91.48
VideoFire82_f124_jpg.rf.a295fa9cba196524c8b2b177104a54b2.jpg,1,1,1.0,0.254,0.005,0.05,7.355,5.951,76.049,1.811,93.051
VideoFire88_f45_jpg.rf.6296c2a44160f1fc32a74c2265d92b9c.jpg,1,1,1.0,0.289,0.005,0.082,4.054,3.76,80.216,5.938,96.127
VideoFire88_f55_jpg.rf.ee6f0868b3641ac863e48c10f2286df5.jpg,1,1,1.0,0.286,0.007,0.077,6.859,7.422,94.306,2.521,113.149
VideoFire89_f134_jpg.rf.be5e9b052773913eef4c52f40e4c3c16.jpg,1,1,1.0,0.29,0.006,0.078,6.656,5.816,86.103,2.527,103.196
VideoFire89_f19_jpg.rf.98b6aab376852351926f736ad3b6f0a4.jpg,1,0,0.6394,0.289,0.007,0.079,8.32,6.831,75.717,1.888,94.846
VideoFire89_f308_jpg.rf.fa18e48a23ee12a9c253c4c7b62be28c.jpg,1,1,1.0,0.287,0.006,0.073,8.855,5.831,88.431,2.123,107.305
VideoFire8_f0_jpg.rf.4a30412035467f72c79f79474e0f2656.jpg,1,1,1.0,0.286,0.007,0.074,3.399,4.418,75.569,1.849,87.294
VideoFire8_f30_jpg.rf.7777202a1a4131c94a5c04b2dade805a.jpg,1,1,1.0,0.288,0.006,0.081,11.708,6.998,82.987,2.051,105.758
VideoFire8_f45_jpg.rf.996a07812a376bc265a47830098e81da.jpg,1,1,1.0,0.289,0.006,0.081,6.397,1.233,76.174,2.923,88.833
VideoFire8_f58_jpg.rf.822c5c100231618c7a539e5ac1018b66.jpg,1,1,1.0,0.371,0.007,0.082,3.307,5.185,74.536,1.891,86.996
VideoFire90_f33_jpg.rf.6a31e11c09c7538e23f43ea5ec6435f0.jpg,1,1,1.0,0.287,0.006,0.078,3.403,1.336,78.438,2.309,87.491
VideoFire90_f45_jpg.rf.1ff264fc2d1c0784d68c1c407aa43833.jpg,1,1,1.0,0.217,0.005,0.045,6.443,6.622,83.834,1.847,100.687
VideoFire90_f54_jpg.rf.008a3bdf3994a842ff1f306e1cbc0d7c.jpg,1,1,0.9928,0.269,0.006,0.073,4.357,1.99,97.251,2.5,108.08
VideoFire90_f73_jpg.rf.f3014d3831abc3ce0475515ab4372051.jpg,1,1,1.0,0.291,0.006,0.077,3.129,1.225,75.826,1.941,84.15
VideoFire91_f148_jpg.rf.b7d78834c7c8df55a1abeb5b96281136.jpg,1,1,1.0,0.29,0.006,0.083,15.141,6.171,87.079,2.129,112.698
VideoFire91_f174_jpg.rf.8b4b6f52c03a471e16d45c2f73fceb3d.jpg,1,1,0.9998,0.281,0.006,0.079,10.378,3.751,76.187,2.103,94.416
VideoFire92_f11_jpg.rf.2835d50f9d4789d93cca28d819cef7de.jpg,1,1,1.0,0.287,0.006,0.081,7.897,6.721,75.613,2.216,94.395
VideoFire92_f28_jpg.rf.fc56dfe8f1bff6738db7a149f9908d57.jpg,1,1,1.0,0.291,0.007,0.081,12.035,5.941,95.509,2.067,117.598
VideoFire92_f55_jpg.rf.397f7f2496f97a974e5c4636d8f57616.jpg,1,1,1.0,0.273,0.006,0.068,7.488,5.96,75.86,1.871,93.141
VideoFire94_f13_jpg.rf.b71ef2784f05240f43e8311f3b5349ad.jpg,1,1,1.0,0.29,0.006,0.081,9.885,5.876,97.604,2.475,118.131
VideoFire94_f27_jpg.rf.ce7ebf198f7cdfe8024a7d25a3afdabf.jpg,1,1,1.0,0.283,0.006,0.075,7.205,6.831,76.169,2.311,94.53
VideoFire94_f7_jpg.rf.8f6b55c3a60f93c5b80ce25d481e32a7.jpg,1,1,1.0,0.286,0.006,0.075,10.08,6.655,79.951,1.836,100.634
VideoFire95_f2_jpg.rf.a8085f778f4d8078dfd8988992de59eb.jpg,1,1,1.0,0.282,0.006,0.074,7.112,6.324,74.854,1.788,92.058
VideoFire95_f8_jpg.rf.f79b89b699d2bace3ef7859737468a97.jpg,1,1,1.0,0.292,0.007,0.078,7.963,3.556,77.772,2.466,93.88
VideoFire96_f12_jpg.rf.d74a9051c10ac0c15aad3929c2d2a9bd.jpg,1,1,1.0,0.283,0.007,0.078,4.948,1.899,74.76,1.93,85.557
VideoFire96_f1_jpg.rf.3e735c4bc5a6e0b4502935106c55d099.jpg,1,1,0.9999,0.398,0.006,0.083,9.138,2.056,75.256,1.804,90.476
VideoFire96_f23_jpg.rf.93b5115db821a8fbd851a6c7ad534972.jpg,1,1,1.0,0.271,0.006,0.074,5.804,1.186,79.069,4.68,92.746
VideoFire96_f6_jpg.rf.e2d6d202f9544468cf877e15701f89dc.jpg,1,1,1.0,0.286,0.006,0.074,3.368,1.311,82.338,1.876,90.925
VideoFire97_f13_jpg.rf.f421212b64c21c111fb179db75e66a01.jpg,1,1,1.0,0.235,0.005,0.048,7.527,1.189,99.248,2.471,112.408
VideoFire97_f1_jpg.rf.c2169e157042f16171d5f8f72da80742.jpg,1,1,1.0,0.283,0.007,0.072,5.131,1.819,76.526,2.215,87.726
VideoFire97_f28_jpg.rf.bd52ec17080b6a57f5fda9f19f1cb109.jpg,1,1,1.0,0.283,0.006,0.076,5.038,1.453,91.865,2.062,102.406
VideoFire99_f14_jpg.rf.f3526e24433093ccf6a7147421de7e0d.jpg,1,1,1.0,0.284,0.007,0.076,2.884,1.202,76.085,1.821,83.952
VideoFire99_f2_jpg.rf.de8727db5de3480c813e9bcbfaeef1c9.jpg,1,1,1.0,0.286,0.007,0.164,2.913,1.25,94.463,1.902,102.566
VideoFire9_f17_jpg.rf.b0f45c913e066486ccd286a31b35a6bb.jpg,1,1,1.0,0.289,0.006,0.078,2.971,1.127,76.886,1.759,84.773
VideoFire9_f1_jpg.rf.03b4f9d5b061bcdfbbd51f701c5f5246.jpg,1,1,1.0,0.286,0.006,0.078,4.049,1.155,94.656,1.933,103.786
VideoFire9_f3_jpg.rf.31265fec365c293526e02ebd33297cd9.jpg,1,1,1.0,0.284,0.005,0.077,3.441,1.133,77.323,1.8,85.707
VideoFire9_f47_jpg.rf.8b7bc3f73ae5a03b16926751d9dcce10.jpg,1,1,1.0,0.284,0.006,0.073,2.745,1.333,91.118,1.879,99.025
WEB02834-Copy_jpg.rf.f0e15370cea74b38da08a4bdab5844bb.jpg,1,1,0.5952,0.286,0.006,0.086,14.034,6.328,78.917,2.033,103.327
WEB06005_jpg.rf.b27f3c3691a3907e594b891c9607d1d6.jpg,1,1,0.9999,0.284,0.007,0.077,7.725,6.634,74.929,1.975,92.909
WEB06029_jpg.rf.c24a46ec64cebb6084d394b67befaa3d.jpg,1,1,1.0,0.286,0.006,0.074,4.067,1.559,76.921,1.973,86.548
WEB06058_jpg.rf.adba72c53914b23a95447cdd44dc3249.jpg,1,1,1.0,0.323,0.007,0.08,4.314,1.175,77.824,2.021,87.463
WEB06076_jpg.rf.15bb3e821428e4b480185bd2a54d4437.jpg,1,1,1.0,0.287,0.006,0.076,2.772,1.178,77.8,1.844,86.332
WEB06084_jpg.rf.5ac1f45918080e452a4b6d54ee317981.jpg,1,1,1.0,0.277,0.006,0.072,7.879,6.536,77.328,2.267,95.93
WEB06114_jpg.rf.f29dfbe7dc2e1eff7392e8d284796a98.jpg,1,1,1.0,0.289,0.007,0.074,7.682,5.849,82.0,3.191,100.748
WEB06177_jpg.rf.488b6cab728be18c74374026fbd7d7a8.jpg,1,1,1.0,0.207,0.005,0.461,4.744,1.192,77.193,1.812,87.191
WEB06262_jpg.rf.6dfb41f7595e68e73dfb920ce92df895.jpg,1,1,1.0,0.289,0.006,0.079,3.004,2.127,77.371,2.86,87.323
WEB06296_jpg.rf.33b6561bdbe45a7d039bfa94be9941a0.jpg,1,1,1.0,0.286,0.006,0.08,8.986,5.013,82.009,2.136,100.324
WEB06338_jpg.rf.70d6fccb3597d2c8da99c0207b685682.jpg,1,1,1.0,0.283,0.007,0.078,2.808,1.283,86.663,2.31,95.066
WEB07051_jpg.rf.fe0c76b6385f00f6b26e04f20305c1b4.jpg,1,1,1.0,0.287,0.006,0.075,3.026,1.286,82.28,1.966,90.562
WEB07062_jpg.rf.bd94e67d828d2f6eb16e829491b07542.jpg,1,1,1.0,0.278,0.006,0.071,2.712,1.591,88.114,2.384,96.811
WEB07065_jpg.rf.104b95d55e0a9c6bc876447b20b156ea.jpg,1,1,1.0,0.284,0.006,0.078,3.261,1.285,77.594,1.97,86.12
WEB07075_jpg.rf.e8e038a146334f5597a21b9f1e216a67.jpg,1,1,0.9881,0.28,0.005,0.076,2.881,1.227,89.702,1.598,97.35
WEB07079_jpg.rf.0d60d1251c108f6eca5093e1afbcef50.jpg,1,1,1.0,0.285,0.006,0.075,2.854,1.229,77.682,1.836,85.597
WEB07091_jpg.rf.4ae9aff255111f23d9ed0a41a4789db2.jpg,1,0,0.9988,0.286,0.006,0.075,4.532,1.321,92.24,2.229,102.34
WEB07149_jpg.rf.e28279d6e5deed6cb538ada545d64df5.jpg,1,1,1.0,0.29,0.007,0.077,3.518,1.32,77.021,1.897,85.753
WEB07174_jpg.rf.51a21efd2faf6cf6a85280525d3fc263.jpg,1,1,1.0,0.292,0.007,0.081,9.903,6.42,87.933,2.185,108.697
WEB07238_jpg.rf.4bcc5333cdbc3a34947fc0ed92bb4023.jpg,1,1,1.0,0.284,0.006,0.075,6.546,4.825,76.228,1.919,91.561
WEB07249_jpg.rf.61e459aba1b2547632e32ae7370209f8.jpg,1,1,1.0,0.291,0.007,0.078,3.201,1.186,95.289,2.111,103.9
WEB07275_jpg.rf.c05cbfefec7604656dcf8f15a16f5866.jpg,1,1,1.0,0.272,0.006,0.075,3.182,1.154,76.837,1.809,84.935
WEB07279_jpg.rf.d4291500730b120a93906c606d13f142.jpg,1,1,1.0,0.285,0.006,0.075,9.372,5.632,77.172,1.912,96.402
WEB07284_jpg.rf.6197dd6d9d35efe8eaee1f02075ddb3e.jpg,1,1,1.0,0.293,0.007,0.078,6.562,7.375,76.344,1.887,94.553
WEB07322_jpg.rf.5f78c879a39f55265111d76f39069f06.jpg,1,1,1.0,0.216,0.004,0.048,10.694,6.015,75.201,1.866,95.737
WEB07341_jpg.rf.7e04fadb10ab123b023c8b2ebb652375.jpg,1,1,1.0,0.272,0.006,0.07,3.784,1.146,77.511,2.063,86.396
WEB07475_jpg.rf.66d3f735eecb9d4824b99a7df3253ec2.jpg,1,1,1.0,0.28,0.007,0.076,8.349,6.051,92.117,1.831,110.43
WEB07508_jpg.rf.734a717cbaecafefe54d2c010df00f31.jpg,1,1,1.0,0.29,0.007,0.075,4.864,1.194,88.531,2.196,98.78
WEB07521_jpg.rf.72d5e88d402f27ca9edffe3ac61c52be.jpg,1,1,1.0,0.29,0.007,0.074,2.96,3.3,79.707,1.857,89.784
WEB07541_jpg.rf.ce61befb0f35da24ae96040aa276eb9e.jpg,1,1,1.0,0.335,0.006,0.077,2.917,2.714,88.642,2.171,98.523
WEB07566_jpg.rf.572766877736828531550b652941ce14.jpg,1,1,1.0,0.286,0.006,0.075,8.33,6.969,75.837,1.832,94.975
WEB07593_jpg.rf.ac43b1047f3295dc44b5df3ac0faa5db.jpg,1,1,1.0,0.292,0.006,0.076,8.935,5.918,90.493,2.212,109.647
WEB07612_jpg.rf.5ab19491188224b067e940452dfefe8b.jpg,1,1,1.0,0.288,0.006,0.079,10.551,1.319,76.943,2.097,93.52
WEB07619_jpg.rf.6f8f994cf6cf06d978e2ec6e23ffd82f.jpg,1,1,1.0,0.272,0.006,0.166,3.035,2.116,83.501,1.949,92.941
WEB07638_jpg.rf.8284f1a4bea279136eefdd6ae3d98c26.jpg,1,0,0.7541,0.269,0.006,0.077,6.947,5.845,74.422,2.759,91.985
WEB07646_jpg.rf.1e85b09026aa80fce94cba6083aa0c98.jpg,1,1,1.0,0.209,0.004,0.047,9.643,14.03,77.466,1.983,104.922
WEB07690_jpg.rf.777b65da987b29e9a51baa82ba406031.jpg,1,0,0.9505,0.291,0.006,0.08,4.54,1.213,87.58,5.096,100.503
WEB07723_jpg.rf.ae6130e80e25ab627240b7dca23d2a17.jpg,1,1,1.0,0.289,0.007,0.075,3.177,1.21,76.913,1.853,85.207
WEB07976_jpg.rf.0a4ceef2198d4a2b504811ce69d10858.jpg,1,1,1.0,0.29,0.006,0.073,3.093,1.199,96.994,2.615,105.986
WEB08392_jpg.rf.08e59570ca673da3d3575ccdde5ea92c.jpg,1,1,0.6991,0.29,0.006,0.077,2.923,1.205,77.371,2.317,85.812
WEB08434_jpg.rf.0e870b2faecd2155e04f6545ea351404.jpg,1,1,1.0,0.291,0.006,0.074,3.023,1.198,91.172,2.417,99.831
WEB08559_jpg.rf.28dca4ac97c5d14f3e5b9db02af1fc0d.jpg,1,1,1.0,0.277,0.006,0.075,2.781,1.264,78.015,1.898,85.937
WEB08658_jpg.rf.6d741539f8bbbf5fea1c196c35877d6f.jpg,1,1,1.0,0.282,0.006,0.078,2.995,1.214,92.688,2.481,101.424
WEB08697_jpg.rf.6bdebd4ca91f5332e8b4609656eee1ce.jpg,1,1,1.0,0.292,0.006,0.077,2.826,1.189,82.886,2.033,90.952
WEB08701_jpg.rf.81b4f1b58fa03e986dc17eda515106ca.jpg,1,1,1.0,0.388,0.007,0.077,7.366,6.224,81.861,1.828,99.316
WEB08705_jpg.rf.0ad081d686541afcf306e39ca6ee189c.jpg,1,1,1.0,0.286,0.006,0.076,2.823,1.182,77.374,2.084,85.672
WEB08812_jpg.rf.7b481df3cbbdc7865c92efff19b8aeca.jpg,1,1,1.0,0.292,0.007,0.077,2.798,1.183,76.828,1.838,84.812
WEB08815_jpg.rf.4caaea08c27f8f243f6c079877d30f2f.jpg,1,1,1.0,0.285,0.006,0.077,3.116,1.836,76.743,2.037,85.806
WEB08819_jpg.rf.e04542cf2db58afc4723bc5421d1bad0.jpg,1,1,1.0,0.22,0.004,0.048,3.203,1.313,79.038,1.876,87.339
WEB08822_jpg.rf.fd3e74eaaaaff34c3a611686d68968a7.jpg,1,1,1.0,0.322,0.006,0.082,3.534,1.535,77.13,1.966,86.189
WEB08826_jpg.rf.28574c8c33e93bce4d1db1da8febbacf.jpg,1,1,1.0,0.293,0.007,0.078,3.137,3.805,77.119,1.848,88.064
WEB08901_jpg.rf.723fe43049d0f1b1f185da7fab17507c.jpg,1,1,1.0,0.291,0.006,0.078,6.912,1.578,75.584,1.821,87.917
WEB08915_jpg.rf.3d8da1600c65368954cd26ee72e30443.jpg,1,1,1.0,0.286,0.007,0.076,5.255,2.631,78.415,1.834,90.136
WEB10430_jpg.rf.9ffd49d19c54fd9f22b19910ce8ceae2.jpg,1,1,1.0,0.291,0.006,0.08,3.207,7.301,96.193,4.924,113.702
WEB10453_jpg.rf.3085da9d864284be0bbce68a8068fcbb.jpg,1,1,1.0,0.29,0.006,0.077,4.615,1.306,84.169,2.132,94.34
WEB10647_jpg.rf.0e25fcaefbb425c17badfc283bfdcd06.jpg,1,1,1.0,0.285,0.007,0.075,3.858,1.241,86.662,5.124,98.962
WEB10652_jpg.rf.11d5756e9af3bdf557734781af3b5ef6.jpg,1,1,1.0,0.288,0.007,0.077,2.916,1.477,77.205,1.897,85.567
WEB10658_jpg.rf.21028905805bd04a040f9f075c839cb8.jpg,1,1,0.9975,0.274,0.006,0.073,8.052,2.893,95.29,2.148,109.998
WEB10678_jpg.rf.908c55222c3b50b2d91ae4cd9ad5b4ee.jpg,1,1,1.0,0.223,0.005,0.051,5.671,6.202,77.23,1.784,92.524
WEB10690_jpg.rf.448b009c213ee6ac327889ce9ab9518e.jpg,1,1,1.0,0.258,0.005,0.068,5.077,1.598,97.348,2.341,108.265
WEB10693_jpg.rf.2cb476f3df0a1fa97e4feee690308196.jpg,1,1,1.0,0.292,0.006,0.107,3.134,1.229,77.086,1.851,85.325
WEB10696_jpg.rf.72e270ea105e055058edbace090db430.jpg,1,1,1.0,0.295,0.006,0.077,10.861,6.948,83.424,1.999,105.256
WEB10699_jpg.rf.d0aa2802fb6abcb0312d46a802cbf5dd.jpg,1,1,1.0,0.275,0.006,0.222,5.519,1.239,77.585,2.0,88.526
WEB10702_jpg.rf.92090ebc20baefcc932a7982a90a5a56.jpg,1,1,1.0,0.282,0.006,0.076,2.988,1.246,77.87,1.703,85.903
WEB10729_jpg.rf.10030cf193eabe209f5366d1721bae22.jpg,1,1,1.0,0.272,0.006,0.069,2.685,1.298,78.728,4.586,89.184
WEB10757_jpg.rf.9afefb1701ce59d8134c14c5516185cc.jpg,1,1,1.0,0.291,0.007,0.085,13.967,1.098,75.871,1.929,95.018
WEB10765_jpg.rf.817db78c64bd1d67a7cb7e340a42adb0.jpg,1,1,1.0,0.282,0.007,0.078,3.91,1.3,82.274,3.077,92.634
WEB10769_jpg.rf.43da3440f61d339cb7fc23959cc8b779.jpg,1,1,1.0,0.298,0.006,0.078,4.659,1.231,76.748,1.915,86.655
WEB10777_jpg.rf.430cf7b9cd3442b1888fa61f26d3c5b4.jpg,1,1,1.0,0.286,0.007,0.076,2.969,1.187,83.011,7.37,96.664
WEB10785_jpg.rf.40672cc256e76812eae61573924168ca.jpg,1,1,1.0,0.289,0.006,0.078,4.239,1.278,77.627,1.902,87.078
WEB10788_jpg.rf.db71c1c5cee592275a0335544d596ee6.jpg,1,1,1.0,0.29,0.006,0.076,4.092,1.221,94.262,4.436,106.049
WEB10792_jpg.rf.67c47be82ea0bac6354e25623e20bc89.jpg,1,1,1.0,0.287,0.006,0.076,5.019,1.436,78.427,1.919,88.401
WEB10795_jpg.rf.b01bd7800bdaf1eba90ed16f59f420d6.jpg,1,1,1.0,0.295,0.006,0.08,5.282,1.287,88.472,2.532,99.582
WEB10803_jpg.rf.8e71a3c65c3f5132daea1a14d02ba672.jpg,1,1,1.0,0.287,0.006,0.078,6.561,4.562,76.567,2.291,92.047
WEB10811_jpg.rf.d9c0d12f5252e9c03647f2263256ef4e.jpg,1,1,1.0,0.29,0.007,0.076,3.883,1.234,92.783,2.464,102.386
WEB10900_jpg.rf.948b6dc6a742058ada26a7a2897214c3.jpg,1,1,1.0,0.279,0.006,0.073,3.061,1.186,82.953,2.029,91.262
WEB10978_jpg.rf.a6c6a60d88c1a00ee42e97c3d82ac32f.jpg,1,1,1.0,0.283,0.007,0.075,6.666,8.381,82.208,1.914,101.679
WEB11054_jpg.rf.70ded961e2cc09ac1581d7ac06c11528.jpg,1,1,1.0,0.287,0.006,0.077,8.658,1.233,75.912,1.929,89.834
WEB11147_jpg.rf.4835320631858611865cac72c745ed1f.jpg,1,1,1.0,0.288,0.007,0.075,3.002,5.939,75.453,1.832,88.54
WEB11196_jpg.rf.19c08207de911f57db407a293a1f4908.jpg,1,1,1.0,0.404,0.006,0.08,7.152,6.195,92.533,2.599,110.611
WEB11314_jpg.rf.f601c4e70476eb890b16d089e62fe96d.jpg,1,1,1.0,0.289,0.006,0.076,5.377,1.607,81.939,2.018,92.995
WEB11344_jpg.rf.d96c4a1bdd3948c84bc62df036537ada.jpg,1,1,1.0,0.286,0.006,0.075,3.371,1.239,85.119,3.554,95.38
WEB11371_jpg.rf.ffdf4cca04c2c54773cdf72204b6e9f9.jpg,1,1,1.0,0.291,0.006,0.076,3.587,1.405,77.392,1.866,86.355
WEB11416_jpg.rf.a010fe1f6ae8563da3f3da22c846d016.jpg,1,1,1.0,0.326,0.006,0.074,3.741,1.393,89.548,2.228,98.968
WEB11438_jpg.rf.e36b31dfc26bcc1bd4bb249d96af56d7.jpg,1,1,1.0,0.288,0.006,0.076,3.021,1.533,76.724,1.939,85.234
WEB11460_jpg.rf.a010b7241f3fe6444f95d69beea61012.jpg,1,1,1.0,0.285,0.007,0.077,5.822,3.051,88.524,2.089,101.523
WEB11582_jpg.rf.e91ae8a8b2cce3bb6b00d678b073536f.jpg,1,1,1.0,0.29,0.006,0.08,2.779,1.326,77.338,1.929,85.392
WEB11608_jpg.rf.76b6c8a366b15b205e9ff53d919bfc90.jpg,1,1,1.0,0.289,0.006,0.074,3.442,6.095,89.381,2.507,103.49
WEB11612_jpg.rf.e714e83215cddce4079aaa0e8cb56441.jpg,1,1,1.0,0.292,0.007,0.182,2.815,1.324,93.424,2.222,101.918
WEBFire052_jpg.rf.8385b9566d6ab9b0b9d3edd84c86e92a.jpg,1,1,1.0,0.288,0.007,0.076,2.945,1.232,94.629,2.453,103.546
WEBFire1025_jpg.rf.ac0e6804638cae52f9fa6fdf2375c72f.jpg,1,1,1.0,0.285,0.007,0.074,3.191,1.724,76.498,1.855,85.333
WEBFire1131_jpg.rf.06bc610d7c7349a616ca5dc452952e10.jpg,1,1,1.0,0.289,0.007,0.16,10.438,6.027,87.4,2.002,108.12
WEBFire1206_jpg.rf.d7247849911c0af8ba9e404897404aff.jpg,1,1,1.0,0.29,0.006,0.076,6.585,1.428,77.421,1.9,89.34
WEBFire1356_jpg.rf.f11738b60c780ed968d22a969de17d25.jpg,1,1,1.0,0.307,0.007,0.074,9.731,3.608,76.391,1.792,93.527
WEBFire1433_jpg.rf.e7584bc63959e559cd959feaadeb4ff5.jpg,1,1,1.0,0.279,0.006,0.074,2.874,1.223,77.426,1.848,85.276
WEBFire1542_jpg.rf.ac97f332b8f81416553616363f144a57.jpg,1,1,1.0,0.283,0.006,0.073,7.36,6.492,76.94,1.874,95.054
WEBFire1662_jpg.rf.d9924aa67acd5e010f0a8eb9f1d1e63f.jpg,1,1,1.0,0.286,0.006,0.076,3.685,1.159,84.457,2.475,93.768
WEBFire1716_jpg.rf.2fdec5b485987a41bb80759cb114c3bf.jpg,1,1,1.0,0.284,0.007,0.077,8.212,6.547,85.725,1.89,104.478
WEBFire180_jpg.rf.0a261ce950bd4185696d260387857411.jpg,1,1,1.0,0.372,0.007,0.08,5.635,6.123,88.036,2.334,104.255
WEBFire1862_jpg.rf.9d93ef099bc4531d7e7e4548ab613a52.jpg,1,1,1.0,0.285,0.007,0.082,13.696,1.487,75.871,1.926,94.976
WEBFire1975_jpg.rf.e45b0ef6a708735e5eceba62509bfc82.jpg,1,1,1.0,0.287,0.007,0.077,3.389,1.244,90.778,2.482,99.869
WEBFire2013_jpg.rf.78f6b681a25b1e8cc2ffc8811ec360c1.jpg,1,1,1.0,0.282,0.007,0.076,2.78,1.167,83.552,1.914,91.437
WEBFire208_jpg.rf.84b552cc9e01175d898d1bf1d471f960.jpg,1,1,1.0,0.289,0.007,0.076,7.824,6.78,91.804,1.858,110.282
WEBFire572_jpg.rf.48c01eb931bda7f5a033c99e725f61f8.jpg,1,1,1.0,0.283,0.007,0.073,7.26,7.334,75.331,1.903,93.833
WEBSmoke1075_jpg.rf.46e9b8024600467645c0a8194d9c2010.jpg,1,1,1.0,0.336,0.007,0.073,8.203,5.953,76.523,1.833,94.652
WEBSmoke1622_jpg.rf.664227f78ce9e0c85c3b5f6b76c71f49.jpg,1,1,1.0,0.287,0.007,0.077,3.394,4.654,75.026,2.873,87.994
WEBSmoke1882_jpg.rf.c0adc5f477a37268f5a39bfe6fcd3d89.jpg,1,1,1.0,0.286,0.006,0.074,8.671,6.088,83.823,1.942,102.892
WEBSmoke2279_jpg.rf.907fe1b4f232f72a4884c6b06d238641.jpg,1,1,1.0,0.283,0.007,0.072,7.459,4.579,87.993,2.495,104.515
WEBSmoke2290_jpg.rf.e031ec6a13248ee61b3baf99423ca5b8.jpg,1,1,1.0,0.292,0.007,0.072,2.998,1.149,77.763,1.957,85.818
WEBSmoke2357_jpg.rf.45eed3e5bfc3345bed0f3ea47fba3faa.jpg,1,1,1.0,0.288,0.006,0.077,2.777,1.137,86.204,2.592,94.781
extracct100_png.rf.f9fa28e3e417a79871e9fb8309bec76a.jpg,1,1,0.6664,0.287,0.007,0.079,2.787,1.155,78.008,2.464,86.409
extracct113_png.rf.ff9e99f4e602b224ae54e8d67d617aa3.jpg,1,1,0.6686,0.281,0.007,0.19,2.644,1.357,90.763,2.459,99.322
extracct116_png.rf.06f502e3f2c7d209794d57e3f42c0583.jpg,1,1,1.0,0.282,0.007,0.075,2.78,1.144,76.78,1.843,84.804
extracct123_png.rf.436ad872867c90137e3447e08b35884c.jpg,1,1,1.0,0.393,0.006,0.073,3.256,1.198,86.809,2.456,95.799
extracct131_png.rf.42eb748f0db2bd481d13854b1062cdae.jpg,1,1,0.7285,0.382,0.007,0.075,3.721,1.202,78.068,4.919,89.99
extracct137_png.rf.c176dafa3d75baf607a83e843b75ece8.jpg,1,1,0.9999,0.276,0.006,0.075,3.087,1.146,85.493,2.485,94.266
extracct148_png.rf.eea8c1c5b3fd59b6bce3f51d05187375.jpg,1,1,1.0,0.287,0.006,0.073,2.706,1.173,76.387,1.856,84.07
extracctt1_png.rf.f0c344f56b11d126f952c5525e4b8327.jpg,1,1,1.0,0.281,0.006,0.075,2.733,1.861,95.71,2.564,104.91
extracctt6_png.rf.53640f4d17f2bfcec27581c31a7013f8.jpg,1,1,1.0,0.28,0.006,0.076,2.682,1.235,77.883,1.817,85.584
extraccttt0_png.rf.95687f09b2e21fb205fab0882cabb8f7.jpg,1,1,1.0,0.281,0.006,0.073,2.731,1.151,93.624,2.087,101.629
extraccttt101_png.rf.11b4288bfe5a58df7309953f23aa7669.jpg,1,1,1.0,0.284,0.006,0.075,3.071,1.929,76.827,1.845,85.652
extraccttt104_png.rf.5e15628d08edcfae75b71c37aa7acee8.jpg,1,1,1.0,0.28,0.006,0.073,4.363,6.907,90.959,1.911,106.24
extraccttt107_png.rf.71292f055eab6f1b42d9c09f05885321.jpg,1,1,1.0,0.285,0.006,0.08,10.272,5.892,82.824,3.755,104.781
extraccttt110_png.rf.3a6de929754b1092790eaf88007bea4e.jpg,1,1,1.0,0.282,0.006,0.073,8.306,5.969,86.865,2.27,105.431
extraccttt129_png.rf.ba65d9b82ae43814f1f21bc2b9dbf083.jpg,1,1,1.0,0.289,0.006,0.078,4.305,1.137,88.531,2.122,98.138
extraccttt131_png.rf.f737a1bc666e37d1c408e5251eab6958.jpg,1,1,1.0,0.286,0.006,0.079,2.662,1.245,77.548,1.916,85.337
extraccttt136_png.rf.135da2a01c256aee866bbc90b07a485a.jpg,1,1,1.0,0.287,0.006,0.075,3.003,1.135,89.22,2.167,97.491
extraccttt139_png.rf.a4dc1f486e4435e6303a5c3e13eb5962.jpg,1,1,1.0,0.284,0.007,0.073,2.788,1.128,83.772,1.879,91.578
extraccttt18_png.rf.a21e7e7720bc89c22d72ce5af46ff8ed.jpg,1,1,1.0,0.29,0.007,0.078,2.906,1.873,91.157,2.129,100.053
extraccttt1_png.rf.cc9ffc9ef4fbfe229133a7470f8cc62d.jpg,1,1,0.9959,0.285,0.006,0.073,7.749,1.189,75.536,1.896,88.352
extraccttt24_png.rf.47ee3769462ecac547716e6df0b9de8a.jpg,1,1,1.0,0.294,0.006,0.077,8.592,1.264,74.743,1.844,88.442
extraccttt28_png.rf.b669ecf86534e7689b23e38f086d90bb.jpg,1,1,1.0,0.285,0.007,0.079,3.057,1.188,77.25,2.02,85.488
extraccttt30_png.rf.b8d49d86dac75770adfa8315537a16bd.jpg,1,1,0.6768,0.213,0.004,0.049,3.077,1.324,93.937,1.943,102.139
extraccttt33_png.rf.ab95e2036da12271b4e32ca39e5624a9.jpg,1,1,1.0,0.277,0.006,0.074,3.365,1.155,78.417,2.741,87.656
extraccttt35_png.rf.16875837041b54900d97570b00242fb4.jpg,1,1,1.0,0.29,0.006,0.075,2.821,1.179,78.214,1.85,86.12
extraccttt39_png.rf.1951557fe7e26727fde73f44fa77a419.jpg,1,1,0.9999,0.271,0.006,0.074,2.644,1.79,76.581,2.4,85.465
extraccttt40_png.rf.cc01c12bfbfe82613072d15310cc4d59.jpg,1,1,1.0,0.284,0.007,0.078,3.18,1.247,77.779,1.829,86.105
extraccttt46_png.rf.70fbe77b3f7d02117ffb8c65f060f0e1.jpg,1,1,1.0,0.27,0.006,0.071,2.642,1.222,77.055,2.572,85.38
extraccttt49_png.rf.844545b0e08c667336418b9729a1e6e9.jpg,1,1,1.0,0.272,0.006,0.074,5.819,5.79,78.251,1.846,93.484
extraccttt50_png.rf.d961b53845cef5ff60ba479441d44757.jpg,1,1,1.0,0.273,0.006,0.071,10.528,6.018,80.217,2.594,101.365
extraccttt53_png.rf.a958831242fe554ef7f11c974f376cfd.jpg,1,1,1.0,0.289,0.006,0.074,3.472,1.424,77.354,1.821,86.098
extraccttt56_png.rf.20c51a2796bece171ede89d3f4890cfa.jpg,1,1,1.0,0.283,0.007,0.08,6.648,3.223,99.546,2.166,113.634
extraccttt63_png.rf.e06ee48f6a1f3ea7fb9beb558ab6d855.jpg,1,1,1.0,0.288,0.006,0.074,2.842,1.45,77.085,1.886,85.312
extraccttt65_png.rf.a1b6c393b822cc96f34952a553b06e27.jpg,1,1,1.0,0.286,0.079,0.082,2.737,1.303,98.364,2.145,106.638
extraccttt68_png.rf.5e7e03eec3db6859f07c561cb6dba6bc.jpg,1,1,1.0,0.28,0.006,0.068,3.133,1.19,77.598,2.529,86.487
extraccttt6_png.rf.cf23cbf818690a759d7ad218b338b480.jpg,1,1,1.0,0.296,0.006,0.078,10.044,10.322,77.161,1.888,101.543
extraccttt71_png.rf.82a28d9ac1fcaea7d2ce6dbefaeed3fe.jpg,1,1,1.0,0.295,0.007,0.075,9.231,3.902,74.885,1.972,91.926
extraccttt72_png.rf.b90ba539cbf2c10f8eceb862e4092812.jpg,1,1,1.0,0.282,0.006,0.075,4.819,3.688,75.738,2.295,88.911
extraccttt74_png.rf.bcf2d011ba180f9297f3f8332dbe27ab.jpg,1,1,1.0,0.279,0.006,0.072,9.502,6.047,83.752,3.097,104.454
extraccttt75_png.rf.5088a15f60d5aa8f87c0fe59fcb7b4a5.jpg,1,1,1.0,0.288,0.006,0.075,7.392,6.019,75.757,1.902,93.091
extraccttt76_png.rf.5f82970c2757826afdefa060d5c2c7c1.jpg,1,1,1.0,0.21,0.005,0.047,7.982,9.62,86.232,2.482,108.199
extraccttt77_png.rf.f42813e5ef548c5192b265a55604200b.jpg,1,1,1.0,0.28,0.006,0.073,5.775,5.944,75.489,1.889,91.142
extraccttt79_png.rf.75e39f556e5d1b2127ac8b3a45a288ee.jpg,1,1,1.0,0.285,0.006,0.075,8.585,6.258,92.132,2.294,111.278
extraccttt7_png.rf.ac05e17b1e32aaf4e6cb36229794e62c.jpg,1,1,1.0,0.284,0.006,0.076,7.454,6.247,82.371,1.892,99.996
extraccttt82_png.rf.45246c09d95e7d37f42b2f2cc7d7ea8a.jpg,1,1,1.0,0.282,0.007,0.078,7.13,5.429,75.791,1.871,92.225
extraccttt84_png.rf.bfe97cc3c10df6b8a3758569a59327c8.jpg,1,1,1.0,0.285,0.006,0.075,3.466,3.617,76.222,2.088,87.39
extraccttt92_png.rf.638ec0fc2fdd607c9c371f87f3153373.jpg,1,1,1.0,0.286,0.006,0.075,5.604,5.737,76.085,1.884,91.258
extraccttt97_png.rf.2e66e1a7e6901e57f345e669a5361bf8.jpg,1,1,1.0,0.287,0.006,0.074,8.635,6.155,85.963,5.7,108.413
extracted00151_png.rf.ce78e37ca1f84cebe5b69346125cb39d.jpg,1,1,1.0,0.286,0.006,0.075,7.683,6.316,85.898,2.111,104.049
extracted00301_png.rf.fb2c30ae333a3cccdccfaf59a929ead0.jpg,1,1,1.0,0.271,0.006,0.075,6.515,5.17,93.043,2.475,109.127
extracted00601_png.rf.3d18628d069bc5057d5a797d8d332c50.jpg,1,1,1.0,0.283,0.006,0.074,2.817,6.439,76.314,1.846,89.432
extracted00701_png.rf.3821070bbc6696043e7ad9f026773e04.jpg,1,1,0.6708,0.287,0.007,0.079,9.242,5.988,76.824,1.881,95.55
extracted00801_png.rf.a6ade77bc9ad0a15f1a933a8bd37ec05.jpg,1,1,1.0,0.288,0.006,0.073,6.639,5.948,75.876,1.853,92.326
extracted00951_png.rf.91a5839341580c9c4bc4cd1474dc815e.jpg,1,1,1.0,0.279,0.007,0.07,7.328,7.809,82.155,2.003,101.343
extracted01051_png.rf.259e927f3d6072d3a0977b13a4076d69.jpg,1,1,1.0,0.287,0.006,0.075,3.585,1.229,77.324,2.723,86.938
extracted01151_png.rf.e787a66ae7738183beca597cef7f6010.jpg,1,1,1.0,0.209,0.005,0.047,3.149,1.248,77.615,1.863,85.771
extracted01401_png.rf.5b4ccaad17573ea8c63702009a30a4ed.jpg,1,1,0.9998,0.287,0.006,0.079,5.182,2.755,88.596,2.227,100.863
extracted01701_png.rf.5bc8d7d8613a4f6d963c8a05e932ca46.jpg,1,1,1.0,0.214,0.005,0.048,4.526,3.585,83.839,1.911,95.738
extracted02001_png.rf.9ae62e82168ccaeb135591002826511f.jpg,1,1,1.0,0.288,0.006,0.079,3.393,1.274,87.395,2.464,96.505
extracted06001_png.rf.ecf8e4fae63998cb2516949b1885cf48.jpg,1,1,1.0,0.289,0.007,0.08,5.008,4.253,76.671,1.887,89.915
ezgif-frame-064_jpg.rf.3ee6f1b80d480d036ac315eb4151f608.jpg,1,1,1.0,0.291,0.007,0.079,3.463,1.245,90.461,2.468,99.724
fire0_jpg.rf.0d930760219dd05ad7cea87db8c43688.jpg,1,1,0.9795,0.283,0.016,0.076,10.758,5.954,76.295,1.971,97.021
fire1-1029-_jpg.rf.718499c19a0356e76b50246d038a6ece.jpg,1,1,1.0,0.289,0.007,0.077,6.959,6.406,91.345,2.113,109.076
fire1-105-_jpg.rf.33e8b29c37b182c6d52be871ed10a161.jpg,1,1,1.0,0.284,0.007,0.079,7.213,6.132,82.319,2.604,100.294
fire1-1086-_jpg.rf.a6adeb6f0b5a5ef5c567f2aa98fe4595.jpg,1,1,1.0,0.216,0.005,0.047,5.816,1.212,75.415,1.88,86.299
fire1-110-_jpg.rf.943424cfecc4c5441c8f510bb1719339.jpg,1,1,1.0,0.287,0.007,0.077,4.555,1.235,90.268,4.277,102.431
fire1-118-_jpg.rf.30426a83d1d59b136dcf5dbec2c9c2a9.jpg,1,1,1.0,0.216,0.004,0.049,7.038,1.253,76.214,1.957,88.433
fire1-1254-_jpg.rf.938b2916400f2690efbe306d72b1fae3.jpg,1,1,1.0,0.285,0.006,0.077,4.074,1.216,90.456,2.803,100.604
fire1-133-_jpg.rf.0dd4f3114151b6e2114202ddd8de82d9.jpg,1,1,1.0,0.287,0.006,0.077,5.113,1.893,81.378,2.212,92.622
fire1-1372-_jpg.rf.17392fa1a0101c71cc8ceb43d4bfb56a.jpg,1,1,0.6692,0.289,0.006,0.077,4.692,1.344,90.805,2.844,101.753
fire1-15-_jpg.rf.febb042e083e90d24e570f255ee58fee.jpg,1,1,1.0,0.294,0.007,0.078,5.2,2.413,75.513,1.955,87.636
fire1-158-_jpg.rf.51208089007583ec5484aa4246958756.jpg,1,1,1.0,0.289,0.007,0.078,5.632,1.391,93.519,2.49,105.058
fire1-171-_jpg.rf.876f21abe5f1754b817bb7a83cf30aa9.jpg,1,1,1.0,0.288,0.006,0.074,5.605,4.31,75.549,1.844,89.343
fire1-21-_jpg.rf.83dfbbd2875d6817e165e8c99393b7e9.jpg,1,1,1.0,0.286,0.006,0.081,11.879,7.286,79.357,1.927,102.494
fire1-224-_jpg.rf.3e15530506f71102b44608ef3d44baf6.jpg,1,1,1.0,0.212,0.004,0.049,4.293,1.207,89.853,4.733,102.401
fire1-237-_jpg.rf.0f7bf01344bbabc9d25ec001f48433ed.jpg,1,1,0.9977,0.288,0.007,0.076,3.266,1.187,77.182,1.949,85.645
fire1-242-_jpg.rf.cd7bc7c00f602ef6d76d71b7d175f0ac.jpg,1,1,1.0,0.293,0.007,0.081,3.855,2.386,77.844,5.118,91.422
fire1-308-_jpg.rf.74ae9b2c4bb8b3d3087f496b0c8d5f5c.jpg,1,1,1.0,0.452,0.006,0.083,6.183,2.127,76.682,1.836,89.012
fire1-362-_jpg.rf.499d3767741a599acfcdcf14688f3fd0.jpg,1,1,1.0,0.294,0.006,0.077,7.475,6.288,80.01,4.178,99.954
fire1-408-_jpg.rf.060430b549456084c943a80e5e7f0226.jpg,1,1,1.0,0.285,0.006,0.079,9.219,1.286,82.858,2.159,97.491
fire1-443-_jpg.rf.df344087864b9e39d64bf79e24855312.jpg,1,1,1.0,0.29,0.006,0.078,3.485,1.341,90.032,2.469,99.337
fire1-455-_jpg.rf.e2da4dd42b162e7b50938f11e5bdeca9.jpg,1,1,1.0,0.282,0.006,0.075,4.564,1.311,77.186,1.929,86.984
fire1-461-_jpg.rf.6e10f09284f96d05aeca7166903c6813.jpg,1,1,1.0,0.293,0.006,0.08,3.632,1.218,92.943,2.813,102.616
fire1-468-_jpg.rf.1f6c4b6c4742864071d740246a1ac4e3.jpg,1,1,1.0,0.286,0.006,0.075,3.866,1.739,87.429,2.062,97.23
fire1-474-_jpg.rf.eba9f1f7fc0c78f8c00f6005dd34616e.jpg,1,1,1.0,0.363,0.006,0.077,6.528,7.091,95.587,2.479,113.839
fire1-480-_jpg.rf.7c554c6f0d50ee02eaf440a554d17bb4.jpg,1,1,1.0,0.285,0.007,0.08,7.917,4.809,75.817,1.966,92.555
fire1-492-_jpg.rf.43774d2ecb4770490b0780a532d6b000.jpg,1,1,1.0,0.297,0.006,0.084,12.3,6.173,76.15,1.838,98.608
fire1-501-_jpg.rf.057ee39a16bce045114e58bfad54bfd2.jpg,1,1,1.0,0.289,0.006,0.083,13.265,5.987,77.406,3.373,102.091
fire1-503-_jpg.rf.6442d687791d7105de2f3f9985ff1c8e.jpg,1,1,1.0,0.289,0.006,0.08,8.822,2.136,75.71,1.909,90.65
fire1-509-_jpg.rf.5864905121fd63d67c4c2f2fcfca8a5d.jpg,1,1,1.0,0.277,0.006,0.076,7.861,4.097,93.244,2.526,109.856
fire1-511-_jpg.rf.bca513f5a8aa6141d3271fc60806919a.jpg,1,1,1.0,0.291,0.007,0.081,7.754,3.643,76.227,1.881,91.619
fire1-526-_jpg.rf.8f9c4755186296b46a74e3e9bd5e24e9.jpg,1,1,1.0,0.282,0.006,0.075,5.626,1.23,91.456,2.161,102.491
fire1-538-_jpg.rf.30c7f67800f44798085a8f3143f58709.jpg,1,1,1.0,0.288,0.006,0.076,7.209,1.034,77.459,1.846,89.475
fire1-547-_jpg.rf.c76f15455f295832354bf1939e78cd61.jpg,1,1,1.0,0.285,0.006,0.079,7.604,6.551,88.973,2.496,107.68
fire1-56-_jpg.rf.4426f74412ddc9d93cdab914fa9bc4fb.jpg,1,1,1.0,0.284,0.007,0.078,6.927,4.256,81.235,2.032,96.509
fire1-593-_jpg.rf.06aa43bbba9c00b25b866a14c9815a9e.jpg,1,1,1.0,0.289,0.006,0.075,8.695,6.574,77.679,1.83,96.8
fire1-6-_jpg.rf.9eefe7f162186b450e5d0b17b584378c.jpg,1,1,1.0,0.295,0.006,0.079,7.129,4.969,76.206,2.239,92.566
fire1-61-_jpg.rf.70a19a7e03ddd1e0ba29a8daddbf2038.jpg,1,1,1.0,0.285,0.006,0.078,10.501,5.756,75.787,1.865,96.063
fire1-721-_jpg.rf.8149dc0d51a48edf01ecfde09f47755a.jpg,1,1,1.0,0.28,0.007,0.074,8.689,6.004,79.994,2.62,99.318
fire1-767-_jpg.rf.38cab244df5eac0c14cdb4006c906e17.jpg,1,1,1.0,0.283,0.006,0.077,10.846,4.796,80.777,1.908,100.347
fire1-772-_jpg.rf.1e4ac252fec4f1fa7beb67cc0a65cd5e.jpg,1,1,1.0,0.287,0.007,0.078,6.925,5.843,101.085,2.466,118.387
fire1-801-_jpg.rf.a29da2a6560d5becb5b29a4d63e237a9.jpg,1,1,1.0,0.282,0.007,0.077,6.339,5.781,75.172,1.911,91.215
fire1-828-_jpg.rf.dd0ad2c8c8f06e03d18f4f2a8f76f7a2.jpg,1,1,1.0,0.377,0.006,0.079,12.592,6.955,95.741,2.278,119.753
fire1-871-_jpg.rf.2c92bb9ec01bbbe78d68056a64170745.jpg,1,1,1.0,0.284,0.006,0.163,7.173,6.499,76.083,1.872,93.716
fire1-896-_jpg.rf.fdf7f9a369cf815c950d6525bbdf6fad.jpg,1,1,1.0,0.286,0.006,0.081,13.61,5.743,82.073,2.261,106.034
fire1-955-_jpg.rf.f7d3a47c6b95df29b48015c11d11c1db.jpg,1,1,1.0,0.283,0.006,0.074,6.249,6.967,79.498,2.531,97.295
fire1-980-_jpg.rf.2d02bb7a1328e37cc16f59be86f994c4.jpg,1,1,1.0,0.281,0.007,0.076,4.791,3.455,76.164,1.829,88.235
fire10_jpg.rf.a7cab15b6f0808f68a497fa9c9098ce7.jpg,1,1,1.0,0.284,0.005,0.073,6.435,6.111,83.592,2.369,100.532
fire15_jpg.rf.a7e202d79405cdc6cb6a81debd5e10a2.jpg,1,1,1.0,0.288,0.006,0.075,8.364,4.823,84.957,5.996,106.157
fire19_jpg.rf.9bae9d42f5675980a41372f78c4b5eb3.jpg,1,1,1.0,0.29,0.007,0.075,4.541,1.195,89.735,2.487,99.957
fire25_jpg.rf.ed93937549eaa8ccff012e5154ee43d1.jpg,1,1,1.0,0.287,0.006,0.073,2.966,1.797,75.969,1.842,84.606
fire35_jpg.rf.bb8f548dd9563f67439602ac2ee4f2f9.jpg,1,1,1.0,0.282,0.006,0.076,12.123,6.994,91.316,1.996,114.376
fire3_jpg.rf.cda2fe44a49b96661f18f355d6aff7d4.jpg,1,1,0.6912,0.287,0.007,0.083,6.634,2.023,75.789,1.839,88.345
fire43_jpg.rf.db96c61616c2c38e675f39ea10a5f8fb.jpg,1,1,1.0,0.29,0.006,0.08,7.279,6.362,76.435,1.813,94.265
fire49_jpg.rf.f9a876a92d090fde173131614485b976.jpg,1,1,1.0,0.286,0.007,0.08,6.99,6.428,83.724,2.564,101.757
fire58_jpg.rf.66988f19ba339f16baa2dae468c72a57.jpg,1,1,1.0,0.29,0.006,0.076,8.604,2.94,75.844,1.817,91.124
fire60_jpg.rf.4e226d312f8fb1fddc97a8981c8656b4.jpg,1,1,1.0,0.282,0.007,0.074,3.728,5.106,83.997,4.425,99.224
fire66_jpg.rf.01a39644a10fb8798037b2afa342fb07.jpg,1,1,1.0,0.279,0.006,0.073,2.754,2.744,87.035,1.834,96.426
fire74_jpg.rf.087fb84e3205dbf1c7ab81d7c0cb135c.jpg,1,1,1.0,0.286,0.007,0.079,12.846,5.577,93.645,2.062,116.198
fire77_jpg.rf.a50e6b224036e327deec4de8b3fe0351.jpg,1,1,1.0,0.293,0.007,0.081,12.194,5.872,82.84,2.632,105.611
fire81_jpg.rf.40fde18a07f5e3557d66db0026fb18a0.jpg,1,1,1.0,0.212,0.005,0.047,8.621,6.205,76.312,2.279,95.303
fire85_jpg.rf.ec01de400d56f008efdd548207e63ce4.jpg,1,0,0.9999,0.292,0.007,0.081,11.829,6.021,87.177,2.497,109.633
fire8_jpg.rf.9a4aa9208b837564b93578572eb25dfa.jpg,1,1,1.0,0.29,0.007,0.082,9.12,5.942,76.169,2.576,95.903
foc102_jpg.rf.64a7d35b934e012693aa60e296b12a22.jpg,1,1,1.0,0.285,0.006,0.077,8.702,6.557,86.52,1.915,105.644
foc106_jpg.rf.ee1381022b17af3a20038ecc3492f8e9.jpg,1,1,0.9972,0.274,0.006,0.071,12.039,6.665,83.092,3.787,107.597
foc109_jpg.rf.3b769a5b4b58b8f5c90207ecee9cc34c.jpg,1,1,1.0,0.284,0.007,0.078,14.385,6.949,77.867,1.758,102.961
foc112_jpg.rf.715847467898911b82b221a4b1ca0205.jpg,1,1,1.0,0.279,0.006,0.072,5.612,6.104,87.346,2.502,103.815
foc115_jpg.rf.f514d71b9fb240772729a61898930726.jpg,1,1,0.9992,0.335,0.006,0.08,13.519,1.37,75.456,1.816,94.284
foc11_jpg.rf.d08b12f73fd3b2c6baab2fa8474b5235.jpg,1,0,0.9487,0.289,0.006,0.083,10.31,6.496,90.063,2.503,111.398
foc123_jpg.rf.ea5231fec88e8ebefb1def1584a1c410.jpg,1,1,1.0,0.285,0.006,0.076,7.901,6.72,75.846,2.282,94.763
foc126_jpg.rf.66be93e8554ddb692c61fd236e43bf62.jpg,1,1,1.0,0.291,0.006,0.127,8.523,6.342,74.135,1.833,92.862
foc12_jpg.rf.0974f0327bb365c834c670da76e68959.jpg,1,1,0.9999,0.282,0.006,0.076,9.686,5.943,79.28,4.158,101.119
foc136_jpg.rf.1c55ec90bc7d9dcab40d58f8969440c1.jpg,1,1,1.0,0.292,0.006,0.075,4.977,1.873,77.698,1.858,88.327
foc13_jpg.rf.f9af67858740598d9ba99a1dbb092743.jpg,1,0,0.653,0.27,0.006,0.077,6.242,3.361,94.433,5.046,111.28
foc143_jpg.rf.bdbc12d7594adf3cbb9160354e4cb2c8.jpg,1,1,1.0,0.328,0.006,0.084,12.646,1.642,76.826,1.843,94.898
foc146_jpg.rf.b15e64d2f7703e9c807ea18b2f06f0fe.jpg,1,1,1.0,0.286,0.006,0.079,5.207,1.239,91.139,1.994,101.589
foc149_jpg.rf.d49dbb4727cec32aeed123aca6c70fa0.jpg,1,1,1.0,0.281,0.006,0.075,6.504,6.623,76.089,1.978,93.161
foc152_jpg.rf.d90cfdb2d2e7d8a86ad04223aab46d2e.jpg,1,1,1.0,0.285,0.007,0.082,13.687,6.079,94.078,1.872,117.814
foc155_jpg.rf.3d8cdd0fec43e5e4bc35c858f5101b87.jpg,1,1,1.0,0.283,0.006,0.075,9.37,2.042,75.486,2.3,91.176
foc158_jpg.rf.750165a499cc9ede07b86352686aaf6d.jpg,1,1,0.997,0.331,0.006,0.077,12.215,6.017,75.756,1.864,97.902
foc164-_jpg.rf.dfa153e706b38312d42156497981d247.jpg,1,1,1.0,0.283,0.006,0.08,13.287,1.289,80.38,3.575,100.551
foc168_jpg.rf.d65b380b0ad450d669bd5906fb2b178a.jpg,1,1,1.0,0.343,0.006,0.076,2.677,1.221,76.38,1.866,84.177
foc171_jpg.rf.34b42807901e006a01e7d5f66cba76e5.jpg,1,1,1.0,0.284,0.006,0.075,4.54,1.18,103.666,1.837,113.236
foc176_jpg.rf.896d131dfa6bea5722d2f4b70950a74e.jpg,1,1,1.0,0.269,0.006,0.073,5.888,5.898,75.971,1.776,91.586
foc179_jpg.rf.93718cf53be6885f8b0f499c887fa35b.jpg,1,1,1.0,0.289,0.006,0.076,9.226,6.922,91.726,1.915,111.784
foc182_jpg.rf.6f185b40d65ccefa083acaee55c465e5.jpg,1,1,1.0,0.285,0.006,0.075,8.552,1.288,77.139,2.433,91.411
foc188_jpg.rf.960d861aefc4cb8347d505a17531e793.jpg,1,1,1.0,0.286,0.007,0.078,8.155,3.063,75.596,1.838,90.706
foc192_jpg.rf.d123a96cb1884a1694af2d9c05fb113b.jpg,1,1,1.0,0.285,0.006,0.077,2.739,3.235,79.631,3.206,90.84
foc196_jpg.rf.f379a91b6c9c2ea17ea9ccd8e715dfcb.jpg,1,1,1.0,0.366,0.007,0.081,2.702,1.306,77.515,2.217,85.788
foc1_jpg.rf.6493943a0174e317d912f597a5a20178.jpg,1,1,0.9998,0.284,0.007,0.079,10.579,6.392,86.65,2.989,108.717
foc202_jpg.rf.f53eb7a730f97c4e49b28bcc10ca5d10.jpg,1,1,1.0,0.29,0.007,0.076,8.122,1.829,86.961,1.68,100.624
foc205_jpg.rf.04cf87cf38b5599092857196dae5653c.jpg,1,1,1.0,0.284,0.006,0.078,4.584,4.142,94.203,2.325,106.858
foc208_jpg.rf.e256af0fb7c54e29857c643cdf8b22ca.jpg,1,1,1.0,0.291,0.006,0.076,8.539,1.95,76.02,1.783,90.304
foc210-_jpg.rf.d3550ceb64b190c8086c8cb9f090366f.jpg,1,1,1.0,0.292,0.006,0.078,10.752,3.161,76.552,1.887,94.379
foc214_jpg.rf.0edebabeac5345f1cee3abe11e438bda.jpg,1,1,1.0,0.283,0.007,0.078,10.154,6.455,77.557,1.887,98.062
foc21_jpg.rf.03a4bee956fe920599bbf5848b7d23b7.jpg,1,1,1.0,0.283,0.007,0.079,8.753,5.893,75.348,2.269,94.277
foc227_jpg.rf.0e684dba4613509cbc8d86552fc150d7.jpg,1,1,1.0,0.283,0.006,0.082,9.52,6.155,81.678,2.661,102.128
foc25_jpg.rf.0a080d229049d88c63f87cf7cef11cd5.jpg,1,1,1.0,0.283,0.007,0.079,11.751,6.817,74.986,1.802,97.284
foc29_jpg.rf.ec19a331d02497223485a04bda0b2acd.jpg,1,1,0.9997,0.291,0.006,0.084,11.836,6.313,93.522,2.704,116.37
foc32_jpg.rf.7431d17552c63bc015b7ac84343889b2.jpg,1,1,0.9996,0.283,0.006,0.081,13.581,5.163,77.411,1.888,100.013
foc35_jpg.rf.6f0e1f3849adc4e605bd4ba9e292ed49.jpg,1,0,1.0,0.285,0.006,0.079,13.171,6.37,79.521,1.949,103.082
foc38_jpg.rf.21926d3e55ad46eacb66f35966cf88a7.jpg,1,1,0.9966,0.342,0.006,0.073,8.13,3.839,76.432,1.967,92.442
foc41_jpg.rf.85edc4cc92e4a32e2a53facc46ff992f.jpg,1,1,1.0,0.594,0.006,0.161,7.757,6.019,76.54,1.815,94.521
foc46_jpg.rf.4847183cbd7c5d0983fe4a0c5a7fc4ce.jpg,1,1,1.0,0.289,0.007,0.078,9.719,6.042,79.875,3.057,100.72
foc49_jpg.rf.15ac83403935c9e36eb8f82c926fee8c.jpg,1,1,1.0,0.247,0.005,0.121,10.09,6.047,75.552,1.965,95.676
foc64_jpg.rf.9f59a202eff684d106dfe45c43977754.jpg,1,1,1.0,0.286,0.006,0.082,10.667,5.797,92.583,2.309,113.442
foc67_jpg.rf.9e42dd8812e384face130f4c8c9676a0.jpg,1,1,1.0,0.288,0.006,0.08,9.206,5.969,75.746,1.923,94.886
foc71_jpg.rf.c0a12f37c7d76e0378f6bb9cc81b5124.jpg,1,1,1.0,0.284,0.006,0.075,7.757,6.316,98.931,2.5,117.913
foc76_jpg.rf.bca10dbb432850e439c66c167245be8f.jpg,1,1,1.0,0.289,0.017,0.076,6.317,6.046,76.465,2.912,93.9
foc7_jpg.rf.49b6baa2bea6ba7961a34921aaa14b78.jpg,1,1,1.0,0.217,0.056,0.076,6.05,1.294,77.864,1.962,89.124
foc82_jpg.rf.53f2e48780a6ba56d8d8e4f6920b2998.jpg,1,1,0.9999,0.281,0.006,0.076,7.717,5.932,81.261,6.289,103.189
foc86_jpg.rf.20c0db4305b1843f472a2ec6efd47fcc.jpg,1,1,1.0,0.287,0.006,0.078,4.062,1.184,76.977,1.931,86.249
foc89_jpg.rf.375a06b534f792685bca2b24370723c0.jpg,1,1,1.0,0.288,0.006,0.075,4.525,3.011,89.198,2.557,101.301
foc92_jpg.rf.e95d207ba8904764f9e1cbb95d25d83e.jpg,1,0,0.9979,0.287,0.006,0.078,7.817,3.198,75.394,1.853,90.278
foc96_jpg.rf.82ae16990db7bc47d3889e08de9f4cfa.jpg,1,1,0.9858,0.294,0.006,0.082,12.492,6.515,84.718,2.522,108.185
foc9_jpg.rf.c0c2c540ed9d47364437cc76e9f3f2fd.jpg,1,1,0.7036,0.288,0.007,0.082,10.679,6.039,96.393,3.022,118.24
frame1006_jpg.rf.83159d02330c18bef7eb15a63d192b73.jpg,1,1,1.0,0.276,0.007,0.077,5.342,1.394,77.631,2.256,88.582
frame1013_jpg.rf.64627ae58e038928b682f78fc89e9727.jpg,1,1,0.9986,0.323,0.006,0.065,4.455,1.135,85.584,2.561,95.634
frame103_jpg.rf.9b0dd4f148dae4e37213aab629e28f2c.jpg,1,1,0.9997,0.21,0.004,0.045,2.624,1.216,77.295,1.838,84.853
frame107_jpg.rf.6b230e4a9443c7fe4d2c878ed5cae7a3.jpg,1,1,1.0,0.28,0.006,0.072,3.017,2.709,92.066,2.465,101.91
frame1109_jpg.rf.3aa75a13f967427bb1ba9d0063caa408.jpg,1,1,1.0,0.287,0.006,0.08,9.901,1.303,75.14,1.923,90.329
frame1127_jpg.rf.d8b7b40282855e79d915452c38a90ecf.jpg,1,1,1.0,0.372,0.016,0.077,3.321,1.813,93.985,2.478,103.705
frame1174_jpg.rf.369c20fc4f8e7f199f53525909ba71a2.jpg,1,1,1.0,0.29,0.006,0.076,7.312,6.567,75.362,1.879,93.193
frame1255_jpg.rf.6e8a11e10b2519dcb6d6e22db85d8d71.jpg,1,1,1.0,0.286,0.006,0.08,10.024,6.573,93.156,1.979,113.808
frame1258_jpg.rf.e373ddc6d3d456a983c45e9f324d2d87.jpg,1,1,1.0,0.289,0.006,0.082,10.193,7.802,78.063,3.814,101.919
frame1262_jpg.rf.7e70eef08679ab2ffbabe3e58e0644fa.jpg,1,1,1.0,0.285,0.007,0.079,10.989,5.889,75.715,1.826,96.474
frame1301_jpg.rf.19b97fef3d2c50e4286f99bc47168b75.jpg,1,1,0.9999,0.277,0.006,0.074,7.819,6.941,85.711,2.528,104.978
frame1326_jpg.rf.de4805fc0332df89f61af992e3706833.jpg,1,1,1.0,0.288,0.006,0.078,8.46,5.869,75.531,1.924,93.846
frame1370_jpg.rf.da2fb4a8af1e03d2903ea3581f9dfdfe.jpg,1,1,1.0,0.272,0.006,0.067,3.308,2.106,91.48,2.482,101.37
frame1374_jpg.rf.0ede36c38525fda3d27c80fdc3f6f035.jpg,1,1,1.0,0.299,0.007,0.08,7.62,5.865,75.596,1.847,92.989
frame1382_jpg.rf.7ccb9b9e5539ad4f703b7f5ae69fbe97.jpg,1,1,1.0,0.29,0.007,0.079,11.926,5.126,78.145,1.877,98.999
frame1389_jpg.rf.c7817c8b6c0fe9f0347cfa6fd3bef87e.jpg,1,1,1.0,0.28,0.006,0.07,5.208,5.035,75.018,1.82,89.04
frame1393_jpg.rf.a85b632707ced8749deef2e5630fb53b.jpg,1,1,1.0,0.324,0.007,0.075,3.099,3.257,92.649,1.997,103.03
frame1396_jpg.rf.bd772952ee55fd09e4d0acf8deb6a456.jpg,1,1,1.0,0.287,0.007,0.074,7.084,5.738,85.668,5.56,106.056
frame1400_jpg.rf.0d839ccfacac91fa3b3db2d490a1c6ee.jpg,1,1,1.0,0.291,0.007,0.077,7.509,6.46,74.577,1.804,92.324
frame1405_jpg.rf.549c5c72e5e9c2cd908a5234a066864f.jpg,1,1,0.9989,0.29,0.006,0.077,9.103,8.003,82.598,1.957,103.728
frame1444_jpg.rf.6a6f22c9214df802b8efb3131f16645b.jpg,1,1,1.0,0.285,0.006,0.072,7.315,1.145,76.072,1.8,88.373
frame1447_jpg.rf.b741b712eb09c221274f1c026fcaaf30.jpg,1,1,1.0,0.287,0.006,0.075,3.501,3.951,75.867,1.787,87.065
frame1449_jpg.rf.69d3c8ab937dc2949fcb548ddd96f6bd.jpg,1,1,1.0,0.281,0.006,0.073,3.127,1.235,76.053,1.927,84.246
frame1456_jpg.rf.6ebb53407d21769925c9b492dbc9a365.jpg,1,1,1.0,0.283,0.006,0.072,3.833,1.907,83.489,1.769,93.027
frame1466_jpg.rf.3b08e12f564071a0d5f0fbc01fae562f.jpg,1,1,1.0,0.286,0.006,0.075,2.754,1.136,80.661,2.233,88.715
frame1469_jpg.rf.a23c8ad26fe84c045e097fab46b4e0c7.jpg,1,1,1.0,0.285,0.006,0.074,3.582,1.689,87.731,1.812,96.764
frame1472_jpg.rf.3aede7e4f56786e14aaa21685bdaf7d0.jpg,1,1,1.0,0.29,0.006,0.162,2.935,1.252,88.889,2.064,97.211
frame1475_jpg.rf.07e90bef5ea43045ae136f7d1a8fa130.jpg,1,1,1.0,0.286,0.006,0.079,2.735,1.132,76.964,1.774,84.55
frame1479_jpg.rf.e533aed743b84136e8a65d23045f390b.jpg,1,1,1.0,0.298,0.006,0.079,3.065,1.143,95.76,1.885,103.874
frame1482_jpg.rf.6cc8b89163df859d45325af9c1e6edb0.jpg,1,1,1.0,0.282,0.006,0.167,2.742,1.204,75.632,1.788,83.393
frame1485_jpg.rf.c216631e963487690cd449cf34ecc26d.jpg,1,1,1.0,0.287,0.006,0.075,2.925,1.204,93.997,1.873,101.922
frame1488_jpg.rf.c54a16ea93cfe654faf6c8482a76d2fa.jpg,1,1,1.0,0.287,0.006,0.077,2.738,1.138,77.563,1.88,85.325
frame1491_jpg.rf.731c4df6de3ca02f2f767ae10c81587b.jpg,1,1,1.0,0.284,0.006,0.075,6.702,6.635,89.866,2.357,107.654
frame1494_jpg.rf.6abf2bfbf1d04340f91913e092722b6f.jpg,1,1,1.0,0.285,0.006,0.073,4.146,1.145,83.209,2.077,92.608
frame1506_jpg.rf.efea3117dffe800995e8ddbb63b76612.jpg,1,1,1.0,0.283,0.006,0.074,7.595,5.907,78.953,1.833,96.335
frame1509_jpg.rf.757b006730e6bf45861006fa4a1bb182.jpg,1,1,0.9999,0.288,0.006,0.073,7.473,3.96,76.644,4.069,94.21
frame1515_jpg.rf.9a177638329acf043a0ad231a4c0579a.jpg,1,1,1.0,0.286,0.007,0.078,2.862,1.597,77.9,1.794,86.113
frame1520_jpg.rf.bcab362ce9bb000858deb42ce206a012.jpg,1,1,0.9943,0.29,0.007,0.073,2.99,1.141,78.404,2.257,86.731
frame1568_jpg.rf.ef68199c03889f614f9aa82390323857.jpg,1,1,1.0,0.287,0.007,0.076,2.977,1.137,76.269,1.818,84.163
frame1633_jpg.rf.0169bf7db24647d6c7f4e61adf581f7c.jpg,1,1,0.9983,0.285,0.006,0.076,3.199,1.132,78.444,2.378,87.151
frame1636_jpg.rf.49d4967dfbc8efe1ce26a873173025e5.jpg,1,1,0.86,0.289,0.006,0.076,2.985,1.163,77.668,1.794,85.559
frame1639_jpg.rf.c70a2040a9b2b108ee3b1dc422592945.jpg,1,1,0.6879,0.374,0.007,0.074,2.666,1.37,88.796,2.53,97.402
frame1642_jpg.rf.ccf23dfb374809c1a84f2976fcc18b39.jpg,1,1,0.8677,0.288,0.007,0.079,2.995,1.375,76.827,1.808,85.001
frame1645_jpg.rf.41f17a69373fabd8704a6ce7a12ec13b.jpg,1,1,0.986,0.28,0.007,0.079,6.948,7.472,89.971,2.12,108.497
frame1648_jpg.rf.8e7be11613e6aa2b18d04d25a4e425ec.jpg,1,1,0.9711,0.286,0.007,0.078,9.407,5.472,83.03,1.948,101.833
frame1652_jpg.rf.d83f724ab43201b82a8b0f9faba8c384.jpg,1,1,0.7093,0.283,0.006,0.079,5.167,6.757,93.964,2.476,110.426
frame1660_jpg.rf.9000380d00a8659a558d6b0e95081bf5.jpg,1,1,0.7535,0.287,0.006,0.076,3.878,1.199,77.725,1.796,86.626
frame1663_jpg.rf.4c8425167235a93a9161b44a179a4ef0.jpg,1,1,0.9766,0.291,0.006,0.077,7.652,6.109,76.86,1.91,94.835
frame1668_jpg.rf.43eded5c19516e8eb988111af12fb3a3.jpg,1,0,0.6287,0.29,0.007,0.079,9.731,5.388,75.693,2.166,95.025
frame1671_jpg.rf.9ac81c7512ab8e5f141dd77f565fed82.jpg,1,1,0.6798,0.286,0.006,0.081,5.972,6.108,81.632,2.097,97.844
frame1674_jpg.rf.0795c365f72efd02674391050de62a6e.jpg,1,0,0.5659,0.286,0.006,0.082,9.412,1.396,78.781,2.516,94.231
frame1677_jpg.rf.4f7d63aae4c01edbd11592fe0775e006.jpg,1,1,0.9567,0.291,0.006,0.083,5.39,1.349,92.849,2.047,103.678
frame1680_jpg.rf.7c91d2ceb3b5f715d9f2bbc97f59a356.jpg,1,0,0.7005,0.272,0.006,0.075,5.534,1.289,86.296,2.637,97.828
frame1683_jpg.rf.9bf5a2303093668765ee6944c680526c.jpg,1,0,0.794,0.286,0.006,0.081,5.523,1.254,77.494,1.937,88.224
frame1686_jpg.rf.d09b2823232da66cb834d2fd220646ed.jpg,1,1,0.591,0.407,0.006,0.084,7.39,3.854,93.898,2.498,109.922
frame1690_jpg.rf.30e3ad86f65e567f4d920bde4eed5fe0.jpg,1,1,0.6305,0.288,0.006,0.079,5.088,3.607,75.111,1.919,87.642
frame1729_jpg.rf.fc1b4ca2e613524f54156eac93f1928c.jpg,1,1,1.0,0.287,0.006,0.077,10.383,7.178,82.038,1.86,103.488
frame1737_jpg.rf.73f51c1a7ee9dea1e1d940132a0a6fbe.jpg,1,1,0.9989,0.29,0.006,0.074,9.6,5.533,76.07,2.266,95.466
frame1751_jpg.rf.2921ebf8c9a9252b4a9d36b543b89695.jpg,1,1,0.9999,0.288,0.006,0.078,5.565,2.6,77.384,2.234,89.766
frame1754_jpg.rf.a2011ba3939e983fe093a23956a9b9c6.jpg,1,1,1.0,0.368,0.006,0.077,9.994,6.001,81.901,2.439,102.426
frame1762_jpg.rf.99c6cead16957b43b909bdfe5f3609eb.jpg,1,1,1.0,0.283,0.006,0.076,6.394,5.876,86.092,1.89,102.29
frame178_jpg.rf.ddad004dfd4409a26987e03d74d561fd.jpg,1,1,1.0,0.382,0.006,0.078,6.735,7.022,88.258,2.043,106.169
frame1819_jpg.rf.28aa3fe1a2aaa73b27e5dcedc3705be7.jpg,1,1,1.0,0.289,0.006,0.078,6.664,5.922,75.007,1.837,91.451
frame1824_jpg.rf.f7b50f45712d6b1e8bf566f2512f6b82.jpg,1,1,1.0,0.287,0.007,0.076,4.043,1.146,93.839,2.472,103.546
frame1829_jpg.rf.42b0217aa0a1b673bbb0ee0308da27e1.jpg,1,1,1.0,0.281,0.006,0.075,8.795,5.768,81.234,1.991,99.802
frame1832_jpg.rf.a59fb67324301825e746ce78c74586d2.jpg,1,1,1.0,0.295,0.007,0.078,8.36,6.1,76.854,1.874,95.221
frame1836_jpg.rf.5945c8bfe99a5248c13027b50e58710c.jpg,1,1,1.0,0.286,0.006,0.076,3.618,3.436,75.559,2.176,86.857
frame1843_jpg.rf.52247694f0bdb9e3b102b9a0bb033b1e.jpg,1,1,1.0,0.21,0.004,0.047,4.08,3.129,75.913,1.824,86.848
frame1847_jpg.rf.467bc20dbda8f336afbd45338ec7f270.jpg,1,1,1.0,0.287,0.006,0.08,7.264,6.335,82.29,2.639,100.58
frame1850_jpg.rf.a1357a94b60f240396bd0e910932007e.jpg,1,1,0.9942,0.289,0.006,0.078,4.555,1.269,83.289,1.881,92.994
frame1857_jpg.rf.47b84ca51fc638006e3e00f24c5bf5c7.jpg,1,1,1.0,0.283,0.006,0.074,2.696,1.227,86.647,2.588,95.133
frame1863_jpg.rf.9609d10797cfc0dc4ebc1858ba0ef281.jpg,1,1,1.0,0.285,0.006,0.076,2.664,1.259,77.75,1.856,85.498
frame1870_jpg.rf.7b0fb6f1830776da714ba10244893f43.jpg,1,1,1.0,0.282,0.007,0.074,2.814,1.141,92.243,2.09,100.286
frame1881_jpg.rf.7513adcb21e9769ad5c8e3efecd6bd34.jpg,1,1,0.7352,0.287,0.006,0.078,8.301,6.261,76.128,1.865,94.509
frame1906_jpg.rf.7c270ea9bbe1b2fdc3551fea2e96060b.jpg,1,1,0.9757,0.29,0.007,0.083,11.125,1.848,93.745,2.258,111.058
frame190_jpg.rf.f6165e8a4e78c65617a0b39f5965577b.jpg,1,1,1.0,0.285,0.006,0.076,3.074,1.405,78.011,1.883,86.371
frame1912_jpg.rf.1382733e29d42f4bd8abacbfeeb3bf45.jpg,1,1,0.9762,0.284,0.007,0.079,13.013,6.556,77.985,1.925,102.284
frame1915_jpg.rf.7a2b85a9d90f4caf0872d76f1dde8b7d.jpg,1,1,0.9996,0.297,0.007,0.081,6.694,2.742,86.607,2.191,100.856
frame1935_jpg.rf.ee67278a7e19fbb42754118717180b81.jpg,1,1,1.0,0.279,0.006,0.076,7.424,5.981,75.404,1.917,92.6
frame1938_jpg.rf.5fc82754ec8935044111d4eb7c36c493.jpg,1,1,0.9999,0.287,0.007,0.078,6.61,6.645,86.809,2.352,104.526
frame1942_jpg.rf.d452c24df58d03dbb3908cb332ffb1ce.jpg,1,1,0.9999,0.287,0.007,0.077,7.213,1.264,77.446,1.884,89.454
frame1945_jpg.rf.73b00a798538aa5468e921ebf15750ec.jpg,1,1,0.9985,0.283,0.007,0.079,2.982,1.238,85.115,2.579,93.922
frame196_jpg.rf.03bab5a3026f0ee1604b8ed7b00d92b5.jpg,1,1,1.0,0.286,0.006,0.077,3.35,1.188,76.738,1.953,85.222
frame198_jpg.rf.73b7c8c11714af37e6cd57a24acd3691.jpg,1,1,1.0,0.287,0.006,0.077,3.008,1.166,87.162,2.756,96.202
frame1994_jpg.rf.da81dcd6f3d943464ba4ace9c85e9898.jpg,1,1,0.7176,0.282,0.007,0.078,6.064,1.255,77.147,1.778,88.272
frame1997_jpg.rf.8e42b7ce42679aee7f000539f3b39d31.jpg,1,1,1.0,0.261,0.005,0.07,6.718,6.889,99.457,2.21,117.338
frame199_jpg.rf.65e2c51dff4a8442456ed13129f63f0b.jpg,1,1,1.0,0.291,0.007,0.141,4.868,3.489,86.043,2.198,98.771
frame2002_jpg.rf.0d29afc7b389aa7dad8500a3b61faf46.jpg,1,1,0.669,0.274,0.006,0.066,11.406,6.304,77.634,1.74,98.995
frame2013_jpg.rf.9d9a1934c1411b2053076ec7680e1e88.jpg,1,1,0.9975,0.269,0.006,0.071,6.408,5.948,75.772,1.843,91.829
frame2016_jpg.rf.5266baae33d24b3d016ecb63fe25f6b0.jpg,1,1,1.0,0.214,0.005,0.048,6.726,6.186,75.91,1.685,92.424
frame2018_jpg.rf.d63a0fa38b5757cecacd453c6bd48057.jpg,1,1,1.0,0.263,0.006,0.068,4.177,1.166,83.923,2.148,93.292
frame2020_jpg.rf.638f5ba4d8c6e8a0eb996cbe8899c2e2.jpg,1,1,1.0,0.267,0.006,0.065,4.979,1.272,75.421,1.851,85.293
frame2022_jpg.rf.8ed23cefb9a0b3c690443cc9028814d4.jpg,1,1,1.0,0.287,0.006,0.077,5.826,2.744,76.057,2.076,88.761
frame2025_jpg.rf.f5096a5750da7e5ea673d3066ae3c33f.jpg,1,1,1.0,0.214,0.005,0.053,11.466,1.355,73.615,1.891,90.069
frame2028_jpg.rf.f5e22de7a1ba9893124acd6dc2074388.jpg,1,1,1.0,0.256,0.006,0.068,6.191,1.173,80.537,2.818,92.692
frame2031_jpg.rf.80e189c3d7562cf0911916f2a2609fdd.jpg,1,1,1.0,0.291,0.006,0.081,4.957,1.242,87.903,1.85,98.084
frame2035_jpg.rf.756ee4dbfac66d6362e7c5f8cd152201.jpg,1,1,1.0,0.269,0.006,0.068,2.635,1.129,83.87,4.729,94.243
frame2039_jpg.rf.2d60014f2434b535ecadfb5eec0e59bd.jpg,1,1,1.0,0.287,0.007,0.075,2.718,1.135,77.375,1.893,85.113
frame207_jpg.rf.786a95c4cbd7d18624d303a259f4f4e4.jpg,1,1,0.9999,0.284,0.006,0.08,6.176,1.493,80.79,3.615,94.074
frame209_jpg.rf.cccabb19c5bf6f0921b702e22e29d652.jpg,1,1,0.7114,0.29,0.006,0.082,7.421,1.258,76.699,1.25,88.695
frame210_jpg.rf.6541dc692d4fb0dbe394d41dcd04927a.jpg,1,1,0.9698,0.263,0.006,0.068,11.373,1.796,87.954,2.169,105.364
frame2119_jpg.rf.ef7e5507bd7ff456798e75d6be954df0.jpg,1,1,0.7017,0.289,0.006,0.078,2.787,4.737,81.978,1.913,93.389
frame2122_jpg.rf.15eae043ee0deb2081fe8cc016ea3d0f.jpg,1,1,0.9679,0.285,0.006,0.077,2.772,1.126,89.473,2.163,97.536
frame2129_jpg.rf.1ef1de7db02ec40dbd05312219816877.jpg,1,1,0.9994,0.281,0.006,0.078,2.761,1.163,77.636,1.843,85.389
frame2133_jpg.rf.7da6f066d6c27c4e567c9b13efc06b14.jpg,1,1,0.6667,0.288,0.006,0.078,2.68,1.219,98.964,2.188,107.058
frame2140_jpg.rf.2b21020b1290720682516a7873a46990.jpg,1,1,1.0,0.286,0.007,0.075,2.809,1.145,77.356,1.866,85.166
frame2145_jpg.rf.33688f35217015b5a989f21ea6f57704.jpg,1,1,0.6886,0.283,0.006,0.073,3.991,6.507,96.975,2.066,111.595
frame216_jpg.rf.85b834b83e8914c2ba2480f834191cf4.jpg,1,1,0.9302,0.284,0.006,0.083,13.725,6.119,75.004,1.937,98.855
frame221_jpg.rf.5f0befa55c5360b0508abddf91108619.jpg,1,1,0.619,0.282,0.006,0.078,10.238,1.257,74.477,1.776,89.738
frame2261_jpg.rf.70f969f40b05ee340443dc7d1ca908b9.jpg,1,1,1.0,0.283,0.007,0.077,3.22,1.163,77.541,2.215,86.078
frame2370_jpg.rf.eef93168f0922c13313c2b3aa53acb5c.jpg,1,0,1.0,0.283,0.006,0.079,9.356,5.795,76.234,2.246,95.639
frame2376_jpg.rf.6ad3b09cf4e45d5291f434ab9bbfa837.jpg,1,0,1.0,0.286,0.006,0.082,8.26,1.204,87.841,2.532,101.864
frame241_jpg.rf.2110406b7911c5ce0a89e4e6888c2f15.jpg,1,1,0.9976,0.286,0.006,0.073,2.919,1.152,76.838,1.788,84.736
frame2458_jpg.rf.6fd013519e2a806a1fe9098661aa26fa.jpg,1,1,1.0,0.288,0.006,0.076,10.282,6.164,95.657,2.493,116.25
frame2502_jpg.rf.0ca198a2f461bd7cb8ec18fafe53f172.jpg,1,1,1.0,0.293,0.007,0.081,10.788,1.235,75.654,2.242,91.959
frame2509_jpg.rf.016014f91ef15824b1b84e9c8ca5392d.jpg,1,1,0.9997,0.291,0.007,0.08,10.999,4.394,89.584,2.002,109.103
frame2514_jpg.rf.9589febcfb1172274666194f01d1564a.jpg,1,1,1.0,0.286,0.007,0.078,9.726,1.322,79.786,2.123,95.087
frame2521_jpg.rf.4d9ab5cef24a080370dc27b0cc7f95b4.jpg,1,1,1.0,0.222,0.004,0.051,9.265,3.002,75.78,1.887,91.896
frame2528_jpg.rf.8896bffa9c7601e3c1ce0b8f935b8ba8.jpg,1,1,1.0,0.27,0.006,0.074,7.205,1.266,84.641,2.242,97.326
frame2532_jpg.rf.496618d0db01745cc2129f97adbd23fc.jpg,1,1,1.0,0.286,0.007,0.078,5.715,1.333,77.215,2.173,88.478
frame2565_jpg.rf.d67e8b5c65e7f77858d9e41feb97eaf4.jpg,1,1,0.9994,0.287,0.007,0.08,4.198,4.009,89.989,2.486,103.298
frame2568_jpg.rf.b69f20ae16e726dc3ea3b1bc92e36d0e.jpg,1,1,0.9981,0.289,0.006,0.079,5.569,6.777,93.564,2.08,110.003
frame2571_jpg.rf.b41608af25e860844c83f09dfb8f4c7a.jpg,1,1,1.0,0.287,0.007,0.078,9.122,6.304,88.545,2.146,108.558
frame2576_jpg.rf.5f5d5b2abd6d725a952ad8dbf57a97ca.jpg,1,1,1.0,0.288,0.006,0.078,8.199,3.3,77.833,4.671,96.04
frame2579_jpg.rf.e07b85fdd2d228388cab6fac28f7e71c.jpg,1,1,1.0,0.288,0.006,0.077,3.106,1.183,78.133,2.509,86.941
frame2582_jpg.rf.9d7ccf6106411b81e05ece51630685b5.jpg,1,1,1.0,0.289,0.007,0.079,3.628,2.707,78.831,2.546,89.772
frame2585_jpg.rf.2e2490e72869743dfe5189d96117f45b.jpg,1,1,1.0,0.288,0.006,0.078,7.439,6.043,82.676,2.524,100.743
frame2588_jpg.rf.1524a6008a330b62f1cca7439fbd6019.jpg,1,1,1.0,0.291,0.007,0.081,3.662,1.267,88.61,2.464,98.054
frame2592_jpg.rf.be7803fa44537b6f7175d723b79c5d98.jpg,1,1,1.0,0.287,0.007,0.077,2.808,1.181,76.944,1.905,84.898
frame2595_jpg.rf.5b18afaeb2da9de4b58e3ed4f5823f03.jpg,1,1,1.0,0.377,0.007,0.079,2.733,1.281,88.981,2.491,97.605
frame2607_jpg.rf.3a7ebd169b2648c5126ccd8e54b2c32a.jpg,1,1,1.0,0.282,0.007,0.077,3.747,1.172,86.802,2.133,95.915
frame2610_jpg.rf.54386e79cf619d23b94a9f9feeaecf13.jpg,1,1,1.0,0.284,0.006,0.076,7.689,6.243,77.497,1.876,95.194
frame2613_jpg.rf.523785e30464b7bf06192bbe4e3b44bd.jpg,1,1,1.0,0.299,0.006,0.078,8.417,6.478,75.436,2.51,94.807
frame2616_jpg.rf.232f673ec140ebed973e1f51898a91e6.jpg,1,1,1.0,0.23,0.005,0.049,3.015,1.193,79.387,1.838,87.441
frame2620_jpg.rf.491ffbe14e0d05df14a997899218a1cf.jpg,1,1,1.0,0.273,0.006,0.072,2.622,1.204,76.807,1.832,84.369
frame2625_jpg.rf.319c7ec9d3470d80a8b4defd5c2b386b.jpg,1,1,1.0,0.213,0.005,0.048,4.058,1.199,78.561,1.895,87.673
frame2628_jpg.rf.5ebb32e008d9ffe9e3350b109e8e1487.jpg,1,1,1.0,0.29,0.006,0.076,3.285,3.685,76.366,2.041,87.435
frame2631_jpg.rf.7c6d1491afcea45a75f6dd965259ff6a.jpg,1,1,1.0,0.288,0.006,0.076,7.207,1.422,80.93,1.999,93.164
frame2634_jpg.rf.d05b030f55e7ccdca3e8b8674ed34131.jpg,1,1,1.0,0.293,0.007,0.076,5.278,2.783,88.366,2.26,100.705
frame2637_jpg.rf.e38fca50a6fdef39a41bf2d859b264e9.jpg,1,1,1.0,0.216,0.004,0.077,4.81,1.034,87.81,1.97,97.206
frame2640_jpg.rf.51d005a139b64c0bf08326d53dceaf92.jpg,1,1,1.0,0.272,0.006,0.068,2.633,1.583,94.3,2.191,102.697
frame2643_jpg.rf.40f3a4902a535c38130646405b73147c.jpg,1,1,1.0,0.283,0.007,0.078,2.833,1.193,77.502,1.859,85.405
frame2646_jpg.rf.df1d41201743ba1e2ec023bab8c04c8a.jpg,1,1,1.0,0.286,0.006,0.077,8.483,6.575,90.049,2.037,109.306
frame2649_jpg.rf.1b2d523c3f0882e954752343d80e745c.jpg,1,1,1.0,0.37,0.007,0.081,8.467,1.223,75.674,1.906,89.415
frame2652_jpg.rf.c23e4b389f20e72b167bce9c4fd290e1.jpg,1,1,1.0,0.273,0.006,0.055,3.51,1.123,78.317,1.745,86.497
frame2655_jpg.rf.695509831fa269aa1479af42d7523e57.jpg,1,1,1.0,0.263,0.006,0.064,2.866,1.133,76.168,1.9,83.966
frame2659_jpg.rf.6bf4fa0431231318e00fdfe96b8b1b80.jpg,1,1,1.0,0.287,0.006,0.074,7.482,4.61,77.262,2.035,93.824
frame2662_jpg.rf.dedb96ec1fd92c589cac5bc64305db16.jpg,1,1,1.0,0.292,0.006,0.075,2.839,4.56,79.484,2.235,91.116
frame2707_jpg.rf.fad96ed8a19b252a78434e52754f2ac0.jpg,1,1,1.0,0.292,0.006,0.077,13.049,6.47,77.24,1.915,100.673
frame2710_jpg.rf.66a45e5a58696ffd952965026e5e707c.jpg,1,1,1.0,0.285,0.007,0.125,3.765,3.246,78.387,2.707,90.243
frame2713_jpg.rf.ddce772302456286121167fcbd8a6884.jpg,1,1,1.0,0.279,0.007,0.079,6.253,1.163,75.275,1.883,86.582
frame2716_jpg.rf.2dbc3d4e89796610aad8c49ea2192d3f.jpg,1,1,1.0,0.283,0.006,0.075,2.687,5.086,87.67,2.24,99.682
frame2719_jpg.rf.036067646375da2fd5d743356e6c2646.jpg,1,1,1.0,0.322,0.007,0.075,2.676,2.736,75.582,1.906,84.935
frame2722_jpg.rf.11429e43c0d775742b6ece269c7d4ecd.jpg,1,1,1.0,0.283,0.007,0.076,3.299,1.148,90.248,2.492,99.469
frame2736_jpg.rf.c71791c05037e2403fa65e1c9225a907.jpg,1,1,1.0,0.278,0.006,0.073,3.157,1.149,77.781,1.87,85.912
frame2768_jpg.rf.ee4908ac9c273cd440697f015ad0c94f.jpg,1,1,1.0,0.284,0.006,0.073,3.349,3.89,89.682,2.443,101.397
frame2783_jpg.rf.79b4686c50cc7518a7880c4a4c430c14.jpg,1,1,0.9993,0.275,0.007,0.073,8.679,2.032,90.288,1.881,104.849
frame2794_jpg.rf.6410c49de219a9bd0db39920bbc93b1c.jpg,1,1,1.0,0.285,0.007,0.078,3.088,1.148,77.631,1.795,85.614
frame2808_jpg.rf.7323777753e0e3bf81311c8847237f42.jpg,1,1,1.0,0.283,0.006,0.078,7.317,6.901,83.889,4.207,104.289
frame2812_jpg.rf.62fc0437bd88b3156ccffb01b16f0804.jpg,1,1,0.9993,0.287,0.006,0.076,6.592,6.018,75.417,1.825,91.842
frame2822_jpg.rf.61feb0a44954b172170fd597fb29baad.jpg,1,1,1.0,0.285,0.006,0.073,7.216,5.982,89.553,1.948,106.721
frame2844_jpg.rf.3d6d89f10ab4749435b2a4e4640d9fc0.jpg,1,1,1.0,0.288,0.015,0.075,8.31,6.026,75.299,1.822,93.427
frame2847_jpg.rf.68755a0d4a1896c1ee5f14eb8592d0fe.jpg,1,1,0.9986,0.289,0.006,0.08,8.118,6.577,92.403,2.259,111.436
frame2850_jpg.rf.1f1dd37da3e9a10609f537a49339dc6f.jpg,1,1,0.6675,0.286,0.015,0.122,4.939,4.624,76.149,1.9,89.862
frame2856_jpg.rf.5793314fcb56305b86c3b193ddfac831.jpg,1,1,1.0,0.286,0.018,0.073,6.517,2.745,77.563,1.789,90.621
frame2860_jpg.rf.5c1f51127269c4173284108fb4f61905.jpg,1,1,1.0,0.292,0.007,0.083,5.409,7.59,82.911,3.349,101.383
frame2864_jpg.rf.c970f41c41557c87eb6215bb793e285c.jpg,1,1,0.969,0.286,0.007,0.077,6.449,4.268,75.335,1.749,89.734
frame2867_jpg.rf.da989c56d1d400b72d6a1599606aefb4.jpg,1,1,0.9999,0.265,0.006,0.069,4.916,1.149,91.839,2.07,101.851
frame2875_jpg.rf.4a5ce149dea3ffc731f62094131b7098.jpg,1,1,0.748,0.263,0.006,0.07,5.259,1.294,77.912,1.721,88.063
frame2930_jpg.rf.dbbb17c8bee34cefe200b8ae39a98556.jpg,1,1,1.0,0.261,0.005,0.069,4.52,1.135,94.893,2.326,104.789
frame2933_jpg.rf.ad28ea4b2adbe3f23cb48e31f7733ba5.jpg,1,1,1.0,0.283,0.007,0.078,7.626,6.183,75.238,2.54,93.558
frame2940_jpg.rf.3221a4527047692dea65802723a2b141.jpg,1,1,1.0,0.294,0.007,0.081,9.931,5.978,77.23,1.921,97.156
frame3239_jpg.rf.721a54c7ec14305181fc1f25beaa0807.jpg,1,1,1.0,0.287,0.006,0.074,7.431,6.06,75.232,2.108,92.949
frame3244_jpg.rf.fda57aced183c76fcefe758c77ca24fa.jpg,1,1,1.0,0.283,0.006,0.077,7.456,6.007,90.815,2.497,108.754
frame3247_jpg.rf.bb0ad38727c6318e22b99e6d0a82564b.jpg,1,1,1.0,0.283,0.006,0.074,7.375,5.923,86.48,2.401,104.189
frame3250_jpg.rf.246213554ff6ad8e46346b99acace6c5.jpg,1,1,1.0,0.217,0.005,0.048,7.09,6.48,76.25,1.89,93.61
frame3288_jpg.rf.5585913ad5887a4a26fda89cdefa104a.jpg,1,1,1.0,0.288,0.006,0.078,6.624,5.947,88.332,2.11,105.098
frame3291_jpg.rf.7bc0661b341fe2ebfd5b3439421280e9.jpg,1,1,1.0,0.284,0.007,0.075,6.739,6.021,76.441,1.933,93.11
frame3294_jpg.rf.ada4159f23d1a10ee9a9c0d5779d36ee.jpg,1,1,1.0,0.215,0.005,0.048,6.142,1.844,77.307,1.705,88.739
frame3300_jpg.rf.6dbc80ecba3d02ce3d12a6eea6bb3c21.jpg,1,1,1.0,0.264,0.006,0.069,2.949,1.159,78.109,1.757,85.831
frame3349_jpg.rf.0be6e4e58f8647b84aad2188a3c2175e.jpg,1,1,0.9997,0.263,0.006,0.068,7.423,6.011,80.749,1.978,97.774
frame3354_jpg.rf.385cc5f1d97327400f2bfe539f8d91ef.jpg,1,1,1.0,0.281,0.007,0.081,8.549,5.972,79.54,7.183,103.274
frame3429_jpg.rf.b3ac588a1916100469d6b29956de5383.jpg,1,1,1.0,0.457,0.005,0.066,7.544,6.21,80.991,1.996,98.894
frame3432_jpg.rf.69b5f1aca87532cb4a9a134a481fd652.jpg,1,1,1.0,0.349,0.006,0.073,6.555,5.933,87.133,2.387,104.123
frame3435_jpg.rf.dcbfc9d8761306dd668fae99324afa97.jpg,1,1,1.0,0.289,0.006,0.076,3.345,1.186,78.053,1.929,86.54
frame3438_jpg.rf.a941c93d008ce973df79df1914c59574.jpg,1,1,1.0,0.287,0.006,0.075,3.304,1.199,93.529,2.466,102.514
frame3441_jpg.rf.7fc92f8ebf108337518b2e6e0140d3e4.jpg,1,1,1.0,0.283,0.006,0.076,2.832,1.195,77.721,1.816,85.624
frame3444_jpg.rf.4312aa564fd8bb2e624bfc4070a8b668.jpg,1,1,1.0,0.29,0.005,0.08,2.762,1.186,92.709,2.456,101.109
frame3447_jpg.rf.0b0bf52b6655c5c44b281b6074a52159.jpg,1,1,1.0,0.286,0.007,0.076,2.919,1.187,76.362,1.836,84.297
frame3450_jpg.rf.3c0a693984f5c96648578c9d7d8e37aa.jpg,1,1,1.0,0.285,0.006,0.075,3.0,1.191,93.396,2.476,102.099
frame3453_jpg.rf.a25872d65e27ff8bc19752a62f632afe.jpg,1,1,1.0,0.289,0.007,0.077,4.409,1.19,87.734,3.825,99.199
frame3456_jpg.rf.7e52922cfdacbda040c52501c512c670.jpg,1,1,1.0,0.294,0.006,0.143,2.758,1.324,91.34,2.147,99.644
frame3459_jpg.rf.275fc3a67f8ee85d21887d7579d7f24c.jpg,1,1,1.0,0.287,0.006,0.073,2.81,1.191,79.336,4.612,90.03
frame3462_jpg.rf.d470e982857d37209483c7bfa3e0caaf.jpg,1,1,1.0,0.283,0.006,0.078,2.787,1.188,77.274,1.865,85.113
frame3465_jpg.rf.9a99172f26f3f1783dd1550d40287151.jpg,1,1,1.0,0.285,0.006,0.071,6.543,1.138,78.954,2.711,91.316
frame3468_jpg.rf.df6d2a6acd782a9d8d1a30de0fd99101.jpg,1,1,1.0,0.284,0.006,0.074,2.646,1.637,77.31,1.931,85.486
frame3475_jpg.rf.40d21c3712ef5239951f4d2a56cbcaa6.jpg,1,1,0.9994,0.285,0.006,0.077,5.672,1.277,78.541,4.263,91.773
frame3478_jpg.rf.0974756e5282c2dcc8ecc45c0cb0e440.jpg,1,1,0.8445,0.283,0.016,0.073,4.535,1.192,77.917,1.876,87.753
frame3484_jpg.rf.aeefff6bf2cf22fb424de79a3f767566.jpg,1,1,0.9984,0.284,0.006,0.078,4.933,1.199,79.02,3.441,90.648
frame3489_jpg.rf.ad5251d2f3ccd2e2e6351874aa3246ee.jpg,1,1,1.0,0.29,0.006,0.076,4.381,1.828,75.97,2.745,86.932
frame3497_jpg.rf.06c699983b8312db989426a1be9ee5e7.jpg,1,1,1.0,0.283,0.007,0.073,5.078,2.644,92.461,6.108,108.358
frame3502_jpg.rf.a78fcddd654ffe6d6c4264a77ffe2be9.jpg,1,1,1.0,0.282,0.007,0.072,8.895,5.643,81.461,1.863,99.855
frame3506_jpg.rf.f383ccd7f80ff1d31653ab6bca5d8727.jpg,1,1,1.0,0.281,0.007,0.075,10.045,5.995,90.7,2.129,111.081
frame3509_jpg.rf.ce79738a9878ee3c6b7c0782d352c995.jpg,1,1,1.0,0.283,0.007,0.075,6.438,4.819,75.896,1.868,91.015
frame3518_jpg.rf.1bb901f3a723047164642e8bfd606588.jpg,1,1,1.0,0.288,0.007,0.078,12.743,6.836,76.269,1.835,99.635
frame3521_jpg.rf.3ed5340692f8f3a13b6cc53722cbf5f0.jpg,1,1,0.9981,0.285,0.006,0.08,9.27,6.009,75.859,2.066,95.238
frame3524_jpg.rf.a74f6345639802c584111dbb9fc120ee.jpg,1,1,0.9977,0.22,0.005,0.049,10.699,6.029,81.848,1.941,102.443
frame3527_jpg.rf.363576a58aa432ac9f8fa8f58ef5263b.jpg,1,1,1.0,0.287,0.006,0.078,6.425,4.091,80.168,4.374,97.113
frame3561_jpg.rf.d8bbb1e65035b2218be5c989fc9580ac.jpg,1,1,1.0,0.288,0.006,0.074,3.706,1.326,87.73,2.038,96.883
frame3564_jpg.rf.6e441b035fe9da15df8dc02b68ecf87b.jpg,1,1,0.9993,0.275,0.006,0.073,4.057,1.226,89.176,2.427,98.833
frame3573_jpg.rf.87141f314064dbef68b490a1bc681657.jpg,1,1,1.0,0.282,0.006,0.078,4.891,1.265,77.501,1.87,87.546
frame3595_jpg.rf.3df8506f50c019be1927927cc3a68d63.jpg,1,0,0.8063,0.283,0.007,0.083,9.043,6.634,95.431,2.149,115.349
frame3656_jpg.rf.f4f05efefeb14e3e0dcc796400720aee.jpg,1,1,1.0,0.287,0.007,0.076,7.418,6.222,76.232,1.829,93.746
frame3661_jpg.rf.9307c27a782a7f4245c0758ff109fc73.jpg,1,1,0.8032,0.284,0.005,0.081,8.633,6.53,91.462,2.101,110.934
frame3664_jpg.rf.f9fe843b46c7de6727c0a83b81f8fcf7.jpg,1,1,1.0,0.29,0.006,0.076,5.31,6.623,74.77,2.02,90.772
frame3667_jpg.rf.5d0712c88ea2d664fc60e35b6c089c18.jpg,1,1,0.9992,0.292,0.006,0.078,8.523,6.071,75.185,1.862,93.65
frame3674_jpg.rf.aa7bda7b9cdd8d96a9000c6b355916c9.jpg,1,1,0.905,0.281,0.006,0.076,8.273,1.47,82.498,2.543,96.797
frame3678_jpg.rf.614c45db82627c5307ea07b713110f10.jpg,1,1,0.9626,0.28,0.006,0.076,8.53,4.694,81.46,1.926,98.307
frame3682_jpg.rf.5465d68bb1de9541ad3cd320cf071652.jpg,1,1,0.9972,0.289,0.006,0.076,4.134,8.196,86.386,2.385,103.156
frame3686_jpg.rf.12ebf5af07ed37fc2c37fd12ff7553d8.jpg,1,1,1.0,0.281,0.006,0.078,4.607,1.854,76.689,1.875,87.017
frame3689_jpg.rf.ff124205f11d48cbe5291a6d3c474fab.jpg,1,1,1.0,0.282,0.007,0.076,5.553,1.171,90.975,2.271,102.013
frame3692_jpg.rf.f2565c962a8c51e2fb765bab9ff22c99.jpg,1,1,1.0,0.283,0.007,0.08,4.021,1.144,82.476,1.977,91.666
frame3707_jpg.rf.9e59ea50fb68e43f99d8f33b37815423.jpg,1,1,1.0,0.285,0.006,0.076,5.127,6.813,91.794,1.946,107.777
frame3710_jpg.rf.49588b3a7b23791c746bd9ce92b3c7ae.jpg,1,1,1.0,0.277,0.006,0.073,3.663,1.388,76.978,1.861,85.926
frame3714_jpg.rf.23e0d02742e5545ef58819c09497353e.jpg,1,1,1.0,0.287,0.006,0.074,10.085,4.48,77.338,1.866,95.794
frame3717_jpg.rf.2fd1bb1a555b6313678763b06ca6dd06.jpg,1,1,1.0,0.293,0.006,0.077,3.862,1.239,82.175,4.864,94.171
frame3760_jpg.rf.3a384593087c49f1be9f6b5b21725280.jpg,1,1,1.0,0.282,0.006,0.054,6.493,1.402,80.447,1.952,92.154
frame3764_jpg.rf.ddf4a2f076a4189178a10152697bcba3.jpg,1,1,1.0,0.287,0.007,0.076,3.247,2.73,76.12,3.04,87.948
frame3767_jpg.rf.cebd3c91eb754e6638a745624e65377b.jpg,1,1,1.0,0.24,0.005,0.046,3.436,1.263,77.5,2.259,86.414
frame3829_jpg.rf.a411825d06ca48c8c479bbfcfd27a296.jpg,1,1,0.9999,0.286,0.006,0.074,3.173,4.132,87.585,2.427,99.309
frame3832_jpg.rf.71935880fc970097b7bbefe0cd00b270.jpg,1,1,1.0,0.413,0.006,0.076,2.706,1.267,76.951,1.861,84.905
frame3860_jpg.rf.c9b0f731c6568651accd22ed22cdc140.jpg,1,1,1.0,0.288,0.006,0.075,2.816,1.188,86.23,3.763,95.965
frame3867_jpg.rf.d94c797237a273f74c34b194cffc8023.jpg,1,1,1.0,0.32,0.006,0.075,5.706,4.008,76.773,1.852,90.433
frame3873_jpg.rf.1037fd228a868e9562eedafd92b2a4b4.jpg,1,1,1.0,0.282,0.006,0.074,7.37,5.881,92.782,2.471,110.556
frame3885_jpg.rf.7ce76eef954bcdd96ce3a2b8b91dd6ae.jpg,1,1,1.0,0.283,0.006,0.077,6.872,6.152,89.864,2.578,107.479
frame3914_jpg.rf.6c21c6ce1ac285974406f88e6f380ce0.jpg,1,0,0.8149,0.292,0.006,0.081,12.045,6.914,75.264,1.822,98.012
frame3917_jpg.rf.c98116a3b2a04f1bd1e739aa3249c2b9.jpg,1,1,0.918,0.284,0.006,0.079,11.328,6.212,83.442,2.284,105.343
frame4024_jpg.rf.eb7901394e0459f9838ded493b08d0d6.jpg,1,0,0.9943,0.284,0.006,0.082,9.435,2.144,75.461,1.797,90.839
frame4039_jpg.rf.423a3e18d1c36d37e7769560c84ecf8b.jpg,1,0,0.9283,0.283,0.006,0.077,3.787,1.168,87.629,1.979,96.615
frame4043_jpg.rf.1fb1c0438e8a5b4c69da65976c99da8a.jpg,1,1,1.0,0.27,0.006,0.07,3.09,1.126,76.718,1.784,84.677
frame4046_jpg.rf.0fddeb262e48b9662c697e2405f3c877.jpg,1,1,1.0,0.29,0.006,0.076,2.77,1.14,87.791,1.94,95.598
frame4050_jpg.rf.0b1303aad1eaa390e45c652870ad7ea0.jpg,1,1,1.0,0.357,0.007,0.076,2.732,1.208,77.551,1.84,85.378
frame4112_jpg.rf.df1a0ed30bc69e795e686c3a512a171a.jpg,1,1,1.0,0.286,0.007,0.079,11.644,1.267,95.013,2.476,112.532
frame4115_jpg.rf.d64a67d3f76c74482d2939a59c8f69ce.jpg,1,1,1.0,0.29,0.006,0.087,16.068,5.879,75.954,1.847,101.778
frame4118_jpg.rf.691d44b64f21e10029710252ccc70edc.jpg,1,1,1.0,0.286,0.006,0.085,14.39,1.217,77.04,1.813,96.549
frame4121_jpg.rf.20e5f4d1a278b11197078ca7927a120e.jpg,1,1,1.0,0.293,0.006,0.082,9.31,1.661,78.444,3.609,95.019
frame4124_jpg.rf.2e82e66caa3dd8d858dd1f052687cfd5.jpg,1,1,1.0,0.281,0.006,0.081,11.538,1.243,76.447,2.218,93.465
frame4127_jpg.rf.a87bf17acb679ce94634539dcaa7320d.jpg,1,1,1.0,0.285,0.006,0.081,14.353,6.418,88.141,2.138,113.106
frame412_jpg.rf.ce77b5f6550e7a4e1c30b941137a4a87.jpg,1,0,1.0,0.283,0.007,0.074,10.139,1.771,76.189,1.96,92.103
frame4132_jpg.rf.b3a332968776ac47810e382488abe3c0.jpg,1,1,1.0,0.29,0.006,0.083,14.2,6.069,89.097,1.971,113.454
frame4135_jpg.rf.26c660bbe1020a2382ef5af2aeabf0f8.jpg,1,1,1.0,0.286,0.006,0.079,10.833,1.255,76.457,2.147,92.755
frame4138_jpg.rf.61fb2eeb200de1147a95885e917fdb9c.jpg,1,1,1.0,0.233,0.005,0.051,13.636,6.009,91.278,2.146,115.034
frame4140_jpg.rf.438371afae78c4934e09cdc6b40995c3.jpg,1,1,1.0,0.287,0.006,0.083,11.078,1.297,85.394,2.352,102.172
frame4143_jpg.rf.246d5bcc1263f578737d5f559d0fa1c1.jpg,1,1,1.0,0.288,0.006,0.084,10.301,1.295,75.374,1.859,90.885
frame4146_jpg.rf.3979c9d2bc636b2eb5b06908fc3d6e22.jpg,1,1,0.9709,0.282,0.006,0.079,13.31,2.779,90.849,2.556,111.559
frame4149_jpg.rf.37f44a02be19f91b87a2e1b755f9ef21.jpg,1,1,0.7613,0.285,0.007,0.079,12.71,1.229,74.572,1.865,92.418
frame4151_jpg.rf.92c7eb6aa14fc6625edfd047aae77736.jpg,1,1,0.5105,0.3,0.007,0.085,15.334,6.008,81.255,2.198,106.434
frame4154_jpg.rf.1e63b1bb5899dd921de6dfee03153d68.jpg,1,1,0.9772,0.286,0.006,0.081,8.224,1.304,78.929,2.756,93.245
frame4157_jpg.rf.a6e9e64df2448c5cf357af2e2555a615.jpg,1,1,1.0,0.285,0.007,0.081,8.646,2.61,76.386,1.933,91.639
frame415_jpg.rf.c58192f035e82f9a1856d891e217032f.jpg,1,0,1.0,0.285,0.006,0.077,4.644,4.744,95.451,2.45,109.476
frame417_jpg.rf.719f86405a44eae2d4d942d4de374590.jpg,1,0,1.0,0.286,0.006,0.076,5.43,2.834,74.279,1.849,86.409
frame4188_jpg.rf.c924e9d40d613cfac87580edaae07558.jpg,1,1,1.0,0.289,0.007,0.075,8.116,5.844,94.81,2.494,113.395
frame4190_jpg.rf.f1b46d9f966867482410cd1a00db486b.jpg,1,1,1.0,0.289,0.006,0.076,4.003,1.873,76.429,1.865,86.188
frame4193_jpg.rf.616255a4330c7fab27749b0f51ccb193.jpg,1,1,1.0,0.299,0.006,0.081,10.437,6.496,77.143,1.841,97.985
frame419_jpg.rf.73030e75ac3e2dba059d3d73422b85f4.jpg,1,0,1.0,0.293,0.007,0.083,10.028,5.992,76.13,1.989,96.262
frame4238_jpg.rf.f773577bcd53dc5a24928e4198bd101b.jpg,1,1,1.0,0.293,0.018,0.075,7.958,2.007,75.085,1.895,88.694
frame4255_jpg.rf.5ec629efcbaa4aba9e63acf9602f33a8.jpg,1,1,1.0,0.289,0.006,0.079,2.919,1.175,83.319,2.862,92.47
frame426_jpg.rf.5c7c3791c018c20435440327f17df3b1.jpg,1,0,0.9998,0.291,0.006,0.082,6.234,1.198,76.773,1.771,88.009
frame428_jpg.rf.c73e1e48ca6e7563ec453637f3d51b71.jpg,1,0,0.7869,0.271,0.006,0.075,10.36,6.742,96.921,2.195,118.331
frame42_jpg.rf.c55629ea0bc3454d9b0ffd1fd759b2cb.jpg,1,1,1.0,0.287,0.006,0.08,3.512,1.252,76.532,1.815,85.121
frame452_jpg.rf.b4401d2ff1a8046323fa242dad81c574.jpg,1,1,1.0,0.268,0.006,0.071,5.574,1.249,91.645,2.493,102.951
frame458_jpg.rf.e0a3ec5287163e83f1d00ebaa6d5c4db.jpg,1,1,1.0,0.289,0.007,0.081,5.637,1.226,77.181,1.873,88.012
frame4594_jpg.rf.8c2bc260cfaf538c06d59d87949da3ee.jpg,1,1,0.928,0.213,0.004,0.046,2.934,1.19,91.149,2.528,99.771
frame4597_jpg.rf.bacd8a96d8eff6de87371e627845777d.jpg,1,1,0.9991,0.286,0.007,0.074,2.788,2.576,76.829,2.234,86.461
frame4628_jpg.rf.bd615c9dd99f67acadafa02893315fdc.jpg,1,1,0.6644,0.291,0.007,0.081,15.559,9.309,77.468,1.865,106.265
frame4645_jpg.rf.36bc01adc4c3336075684f5e60e48705.jpg,1,0,0.6212,0.299,0.007,0.086,13.572,6.464,76.197,2.268,100.613
frame4663_jpg.rf.6c1129b42042a557febdd6c0fb1194bc.jpg,1,1,1.0,0.281,0.006,0.139,10.686,6.021,91.301,3.552,113.694
frame4687_jpg.rf.68ab8de395ef22424c3bdb85f04908dd.jpg,1,1,1.0,0.283,0.006,0.082,9.776,6.013,87.288,2.506,107.644
frame46_jpg.rf.a4f6180ebe184f6d93b97c1d41a286aa.jpg,1,1,1.0,0.289,0.007,0.077,7.376,1.752,81.024,2.137,94.343
frame4774_jpg.rf.d7c79a441f1d935fc6a76b64c983800f.jpg,1,1,0.9985,0.292,0.006,0.081,7.069,6.967,83.247,1.968,101.414
frame4778_jpg.rf.4e58fa41d068d69c2a683fcedc1f0a21.jpg,1,1,0.6667,0.284,0.007,0.075,7.516,3.391,76.181,2.512,91.636
frame4781_jpg.rf.2d40d5a6f524a4ddcf2e3d39c6a26dd2.jpg,1,1,0.6482,0.286,0.006,0.078,2.692,1.234,77.241,2.221,85.348
frame4789_jpg.rf.18b70f8c87aa6e158305249670154eaf.jpg,1,1,0.9986,0.287,0.006,0.074,7.234,3.793,79.653,2.898,95.6
frame4792_jpg.rf.f9d686d2057ea163031523930ec167b1.jpg,1,1,1.0,0.241,0.005,0.058,4.46,1.212,82.839,1.855,91.941
frame4799_jpg.rf.13ed90c2860bc0919dd3cd62f7d050ad.jpg,1,1,1.0,0.247,0.005,0.062,2.577,1.564,88.589,2.367,96.923
frame4816_jpg.rf.0023c3bafbdcda7ad4c83061cf302913.jpg,1,1,0.6604,0.282,0.006,0.073,4.219,4.897,87.428,2.093,100.639
frame4821_jpg.rf.fbc9817ffd454e85ddca3a213498ca0a.jpg,1,1,0.9997,0.293,0.007,0.075,4.889,1.21,87.75,2.475,98.422
frame4826_jpg.rf.ca718de619a242fc1e60b1e17b41d0af.jpg,1,1,1.0,0.29,0.007,0.076,7.744,3.109,76.479,2.175,91.575
frame4834_jpg.rf.a84641578886deacd47c72d696d10a95.jpg,1,1,0.9998,0.293,0.006,0.078,9.613,6.253,77.836,2.257,97.713
frame4838_jpg.rf.858cb558fe7b3b1c88536519fd5ba52d.jpg,1,1,1.0,0.282,0.006,0.076,4.938,4.907,76.028,2.182,90.093
frame4841_jpg.rf.653e8d6748d973ea8fc749fb50a737f9.jpg,1,1,0.9999,0.289,0.006,0.078,7.98,6.001,75.69,2.203,93.938
frame4922_jpg.rf.1809b887d58b108ff149d736e9ae853c.jpg,1,1,1.0,0.285,0.006,0.075,4.405,6.802,76.252,2.666,92.081
frame4928_jpg.rf.5bb4411276d956741ed557d9387f6992.jpg,1,1,1.0,0.261,0.007,0.073,3.155,2.886,80.613,2.205,90.796
frame4947_jpg.rf.f624c0f63a833a6189fa5882fc7568b0.jpg,1,1,1.0,0.289,0.006,0.075,7.103,6.107,87.504,4.709,107.436
frame4951_jpg.rf.0aaf169de41543786abed5eaa900c7f3.jpg,1,1,1.0,0.282,0.007,0.079,7.957,5.902,76.482,2.903,95.297
frame4956_jpg.rf.4055c1cbdbb8941d094c073e13d581aa.jpg,1,1,0.9979,0.287,0.006,0.079,9.186,6.211,91.057,2.26,110.78
frame4966_jpg.rf.860e11d5dff3ed1a54e7ffea26acda8b.jpg,1,1,0.74,0.29,0.006,0.079,8.371,1.588,76.511,2.901,91.487
frame4977_jpg.rf.50c36df77170eab35500fdef0b464d7f.jpg,1,1,0.9963,0.282,0.018,0.073,6.031,6.367,81.162,2.883,98.453
frame5001_jpg.rf.fffbe021b113b04b159fc71243619554.jpg,1,1,0.6662,0.282,0.016,0.074,5.512,4.855,75.558,2.365,90.307
frame5005_jpg.rf.bdd23392392a23cab693c906c5999a37.jpg,1,1,0.9349,0.28,0.017,0.075,4.563,3.744,76.067,2.184,88.605
frame5010_jpg.rf.3ac153fd9b13ae93fa5d16063d0ac85a.jpg,1,1,0.9916,0.374,0.017,0.078,6.229,3.464,77.924,2.601,92.329
frame5013_jpg.rf.301963415681bda4cf35e0a285956827.jpg,1,1,0.6679,0.371,0.016,0.075,4.95,2.176,77.147,2.228,88.658
frame5049_jpg.rf.3155af244489cc54b69fb50927fa8a7d.jpg,1,1,1.0,0.286,0.006,0.074,2.857,1.454,96.965,2.509,105.817
frame5053_jpg.rf.ed83de4e074853045aa58bff0d132aec.jpg,1,1,1.0,0.287,0.006,0.074,3.248,1.153,77.449,2.205,86.074
frame5076_jpg.rf.5476a07f2b562337c374adc99b08376a.jpg,1,1,1.0,0.287,0.007,0.075,2.761,1.144,90.909,2.379,99.153
frame5079_jpg.rf.2fb2de59f6bde59f0343e9f9c2fa05dc.jpg,1,1,0.9993,0.28,0.006,0.074,3.141,1.161,77.83,2.188,86.349
frame5082_jpg.rf.feb2c4fd7397296d4cffb5dae2289d36.jpg,1,1,1.0,0.284,0.007,0.072,2.819,1.264,92.685,2.466,101.254
frame5085_jpg.rf.6a083573e94ef556266edba7aae4ae06.jpg,1,1,0.9989,0.286,0.006,0.076,3.399,1.155,82.961,2.205,91.769
frame5088_jpg.rf.3dfaca093bb368134d2f8c2f8d13a70e.jpg,1,1,0.7661,0.293,0.006,0.079,3.208,1.217,90.675,2.246,99.333
frame5091_jpg.rf.dc69081df16709a5df18aaf2eea7b181.jpg,1,1,1.0,0.281,0.007,0.074,2.85,2.683,75.597,2.215,85.327
frame5094_jpg.rf.903f414904289c01f5507c2ee62e7b5e.jpg,1,1,1.0,0.285,0.007,0.078,6.983,6.307,77.049,2.214,94.597
frame5097_jpg.rf.55935d2c1cc4f377d6ea430e902c5dc2.jpg,1,1,1.0,0.302,0.006,0.074,8.286,6.028,80.046,3.792,100.16
frame52_jpg.rf.e8f91567c345306d68225817146cbde3.jpg,1,1,1.0,0.284,0.006,0.076,4.363,4.765,82.506,2.055,95.743
frame5454_jpg.rf.ef4b53f2aa27b40ac7392f05bc8b2520.jpg,1,1,1.0,0.289,0.006,0.079,6.699,1.348,83.968,2.52,96.577
frame5458_jpg.rf.06c194361a7be86174a76e4cd5185f71.jpg,1,1,1.0,0.292,0.007,0.079,3.559,1.186,77.09,1.811,85.722
frame5465_jpg.rf.64c9d0852204d17b9c3236658129ee9c.jpg,1,1,0.9985,0.28,0.006,0.073,2.99,2.663,87.085,2.427,97.24
frame5477_jpg.rf.b5f12efb799b77ef40f53fcaae4e1a92.jpg,1,1,0.9999,0.39,0.007,0.076,4.536,3.096,75.354,1.909,87.103
frame5481_jpg.rf.807a567132dead3b928da47a0941c73d.jpg,1,1,1.0,0.289,0.006,0.076,3.872,1.226,91.672,2.177,101.042
frame5484_jpg.rf.6bd7a99ec94c2f1544077609b9f688e5.jpg,1,1,1.0,0.29,0.007,0.117,3.909,1.222,77.58,1.906,86.731
frame5498_jpg.rf.1e3e856133235be724f480ed1198272a.jpg,1,1,1.0,0.283,0.006,0.077,3.584,1.216,96.095,5.247,108.158
frame573_jpg.rf.84a191ccaf08f41eb75935553a1350e9.jpg,1,1,1.0,0.281,0.006,0.078,2.846,1.415,77.656,1.873,85.847
frame576_jpg.rf.c7c76d23239d4f82e2a8bd6a4c2bd847.jpg,1,1,0.9967,0.276,0.006,0.075,5.874,4.039,92.922,2.481,107.313
frame580_jpg.rf.1538ad1e430056f5adf8c5a3b1912340.jpg,1,1,1.0,0.287,0.006,0.076,7.494,6.026,75.803,2.321,93.713
frame584_jpg.rf.791337c3150e279b254f9da43823c67f.jpg,1,1,1.0,0.263,0.005,0.047,3.359,1.59,84.167,2.009,93.085
frame589_jpg.rf.c6b0c9c6d48e2b01fccfd8342762ad02.jpg,1,1,1.0,0.298,0.006,0.079,2.833,1.179,76.799,1.973,84.878
frame592_jpg.rf.c6e8cc710b2c10b0ace5648755a84ec1.jpg,1,1,1.0,0.286,0.007,0.074,3.327,1.199,77.882,1.895,86.548
frame595_jpg.rf.5ece35b8ca334fc0987a356ee46b3a0e.jpg,1,1,1.0,0.288,0.006,0.074,3.021,3.465,82.484,3.806,94.768
frame598_jpg.rf.e85de25c6782924d2c6cae27a647c487.jpg,1,1,1.0,0.287,0.006,0.077,2.817,1.2,76.426,1.865,84.39
frame601_jpg.rf.b550fbe0ae943455cbb54dcf10558816.jpg,1,1,1.0,0.276,0.006,0.074,3.01,1.383,108.778,2.328,117.406
frame604_jpg.rf.81ad8850314a753391be7276ab5b0f96.jpg,1,1,1.0,0.286,0.007,0.078,4.823,1.266,77.01,1.908,86.984
frame608_jpg.rf.25d507cacd788dc2c0a7f43cf9dc1f64.jpg,1,1,1.0,0.341,0.006,0.075,2.67,5.206,88.937,2.131,101.076
frame611_jpg.rf.dbbef74a5597084e06859fda6d23be49.jpg,1,1,1.0,0.287,0.006,0.076,7.221,1.213,75.557,1.783,87.731
frame614_jpg.rf.6fcc004cf044b0f7bff9f1ed6c217e7a.jpg,1,1,1.0,0.293,0.007,0.079,9.462,6.926,76.967,1.878,97.315
frame617_jpg.rf.4b2950a8d1adf9fd1bb066ffea86adb3.jpg,1,1,1.0,0.285,0.007,0.076,3.266,1.338,82.227,2.251,91.101
frame61_jpg.rf.106dbf97d67860cef1167729850b16f0.jpg,1,1,1.0,0.348,0.006,0.078,4.084,4.658,74.992,1.843,87.608
frame650_jpg.rf.2660004c6f58b5756c1a6bf3d3266e79.jpg,1,1,1.0,0.288,0.006,0.078,3.911,2.303,74.651,1.893,84.798
frame654_jpg.rf.3756e7ed418330e93fc038c1471cbeb5.jpg,1,1,1.0,0.282,0.006,0.078,8.342,1.528,76.531,1.845,90.244
frame663_jpg.rf.a7c6b288ef923f9ca7612754081c7e68.jpg,1,1,1.0,0.285,0.007,0.075,3.97,4.278,89.115,2.845,102.185
frame673_jpg.rf.2a57102c6e736a0512b82988cd4c1530.jpg,1,1,0.999,0.284,0.007,0.081,11.082,6.763,81.509,1.897,103.282
frame679_jpg.rf.4bb9ac868c2a4e489e7fdd8c22503e11.jpg,1,1,0.9999,0.282,0.006,0.078,11.758,6.689,90.41,2.005,112.93
frame690_jpg.rf.848791daaa347d4f4328cb205faffc34.jpg,1,1,0.9996,0.282,0.006,0.078,7.363,5.982,76.405,1.931,93.698
frame6_jpg.rf.a757acb13ee4f248db033713c84a55e2.jpg,1,1,0.9726,0.277,0.006,0.074,4.292,1.223,78.742,1.848,88.178
frame707_jpg.rf.4169507be795202f36f0913005556eea.jpg,1,1,1.0,0.285,0.006,0.074,2.684,1.155,77.014,2.263,85.146
frame710_jpg.rf.ff27956c88f4bcb54c266ec3166ff9a8.jpg,1,1,1.0,0.285,0.006,0.073,2.844,1.468,82.077,1.918,90.279
frame718_jpg.rf.e7810e0e16a77967025ab0b62ac2ff22.jpg,1,1,0.9997,0.281,0.007,0.076,2.754,1.149,80.152,2.534,88.553
frame735_jpg.rf.ecff892f3ba6ec63e6856c03d3bbf122.jpg,1,1,0.9999,0.287,0.006,0.075,2.653,1.91,75.067,1.884,83.477
frame738_jpg.rf.1a9401e2e1b179a45af939b6f06d7990.jpg,1,1,1.0,0.28,0.006,0.074,3.165,1.161,100.11,2.619,109.058
frame741_jpg.rf.1116c32a28adadb9f5b329438c101588.jpg,1,1,1.0,0.286,0.007,0.075,3.095,2.095,76.182,1.86,85.251
frame743_jpg.rf.ea1b1ba8013b658f145b1ce5595cca0e.jpg,1,1,1.0,0.284,0.006,0.076,10.42,5.939,93.858,5.077,117.314
frame746_jpg.rf.4fde484967d1d294f07e91ebe5012f18.jpg,1,1,1.0,0.282,0.006,0.075,10.214,7.361,75.737,1.91,97.242
frame756_jpg.rf.aa5bf40442eb486ba1703d178d9e3447.jpg,1,1,1.0,0.288,0.006,0.074,5.962,1.418,76.838,1.884,88.112
frame768_jpg.rf.556955509fdebc4ecc38c5ca8c564b9a.jpg,1,1,1.0,0.283,0.006,0.075,2.727,1.138,77.655,1.906,85.456
frame779_jpg.rf.3f6e4bc620e72a20744179563a4d9807.jpg,1,1,1.0,0.283,0.007,0.076,5.459,6.272,77.113,2.28,93.191
frame79_jpg.rf.fa42971828931a02319e32a19bfdf7b6.jpg,1,1,1.0,0.289,0.006,0.076,7.468,7.195,76.054,3.244,96.042
frame818_jpg.rf.f090da72435451885ad4cda7b2da183a.jpg,1,1,0.6667,0.293,0.007,0.08,6.821,6.786,93.505,2.148,111.322
frame821_jpg.rf.b43b145cdab9b31ce393b8d1228f53b2.jpg,1,1,0.9993,0.289,0.006,0.078,9.75,6.142,85.619,2.443,105.99
frame822_jpg.rf.caca60375853d0b5b3def25ece72124c.jpg,1,1,0.6667,0.28,0.006,0.075,5.135,2.722,74.7,1.794,86.356
frame825_jpg.rf.8080a523e33865a9e16e1af5ae0c9bdc.jpg,1,1,1.0,0.289,0.006,0.077,8.92,3.111,90.821,2.467,107.372
frame827_jpg.rf.1038b087248d59e49d2d300ac8398b0e.jpg,1,1,0.9896,0.286,0.007,0.077,4.803,5.893,75.015,1.818,89.579
frame830_jpg.rf.a69343fa0cd85db1ae2601443104c50d.jpg,1,1,0.8867,0.304,0.005,0.049,10.422,6.116,91.17,2.088,111.995
frame832_jpg.rf.9927f5b91b324a156751b827a98f622c.jpg,1,1,0.999,0.284,0.007,0.078,8.767,6.032,75.604,2.283,94.693
frame836_jpg.rf.05a13a8c97880d3d9d78cb70cd602c55.jpg,1,1,0.677,0.288,0.007,0.083,6.218,6.337,75.06,2.281,91.963
frame838_jpg.rf.807f2e0bf7a3597319c851c09b742dd7.jpg,1,1,1.0,0.282,0.007,0.156,7.647,6.053,76.556,5.037,97.606
frame844_jpg.rf.bd3ca67dc6b8800e2fc588fbee3236e3.jpg,1,1,1.0,0.211,0.005,0.047,4.884,5.394,81.917,1.92,96.04
frame847_jpg.rf.ab4c51f5e3680ad8b771a214aa4a0b8c.jpg,1,1,1.0,0.217,0.005,0.048,6.041,1.383,86.481,2.479,98.25
frame85_jpg.rf.384ffda1cce779f3913104cff2b9359e.jpg,1,1,1.0,0.284,0.006,0.072,2.834,1.175,76.635,1.821,84.54
frame87_jpg.rf.eefbf545c52d56caf27ff4d3219fe2c6.jpg,1,1,1.0,0.283,0.005,0.074,3.145,1.17,90.162,2.109,98.547
frame893_jpg.rf.f32271002c48f5f5ccdab425d9c17e6f.jpg,1,1,1.0,0.271,0.006,0.07,3.207,1.463,77.907,2.095,86.711
frame900_jpg.rf.57a52604a4d8b44448102ccecf9f7d46.jpg,1,1,0.9997,0.285,0.006,0.075,3.941,1.19,90.483,2.275,99.946
frame908_jpg.rf.b4987e72d8f55277214c2198ba49e87b.jpg,1,1,1.0,0.289,0.006,0.078,3.71,1.191,83.7,1.97,92.655
frame926_jpg.rf.578cbcd415b0616e5e9154facfb3a2ce.jpg,1,1,0.9997,0.353,0.006,0.07,9.631,6.926,80.779,1.809,102.549
frame965_jpg.rf.71e1f24f337ec9755ab5c359cc1d9bc6.jpg,1,1,0.9982,0.375,0.006,0.08,11.621,1.308,85.567,6.321,106.98
frame969_jpg.rf.36d68b8fe5b7fb11fafa82cfde857582.jpg,1,1,0.9959,0.499,0.005,0.07,8.374,1.537,75.998,1.771,89.898
frame971_jpg.rf.9808b388ba5f4add29793e98af65b4b3.jpg,1,1,0.9016,0.262,0.006,0.072,10.525,5.888,80.692,2.74,101.864
frame973_jpg.rf.9ca62adfc232c86fffe6724f069ebb63.jpg,1,1,0.9739,0.288,0.006,0.085,12.076,2.973,81.482,2.228,100.7
frame977_jpg.rf.5470510271139793e642f5b4e1c7f1ef.jpg,1,1,1.0,0.29,0.007,0.075,3.107,3.277,86.768,2.515,98.027
frame97_jpg.rf.c9879f07febc12915a02becb6b2f01a8.jpg,1,1,1.0,0.287,0.007,0.135,3.879,1.282,75.755,1.816,85.842
frame988_jpg.rf.63b39df6e79117e243ce76a492c09a71.jpg,1,1,1.0,0.287,0.006,0.078,8.875,6.012,93.644,1.983,112.629
frame991_jpg.rf.a7b361e3da9c6012e572111c9a253e48.jpg,1,1,1.0,0.332,0.007,0.079,11.257,1.239,75.225,2.254,92.017
frame99_jpg.rf.00ae6bfa441eb9e8b0833772eb370ec8.jpg,1,1,1.0,0.291,0.006,0.077,3.576,1.323,85.621,2.275,94.817
frame_004_jpg.rf.cccae9cd08d25051042d6923e26fa5d8.jpg,1,1,1.0,0.281,0.006,0.078,8.175,6.626,95.709,2.394,114.936
frame_009_jpg.rf.71111645e85b3f25541fc7435eab30fb.jpg,1,1,0.9998,0.279,0.007,0.073,4.634,1.178,77.203,1.852,86.878
frame_015_jpg.rf.0d193143d56132d6b71ff7e922994e8e.jpg,1,1,0.9957,0.287,0.006,0.075,4.013,1.217,92.717,2.275,102.218
frame_019_jpg.rf.26bc5a09e0e276955f60499d07a6a3b3.jpg,1,1,1.0,0.288,0.007,0.075,2.754,1.312,77.977,1.813,85.83
frame_01_jpg.rf.aa9da9123abec1b18b6257409fdc8150.jpg,1,1,1.0,0.284,0.006,0.075,4.022,1.227,95.915,2.191,105.344
frame_028_jpg.rf.1f3e9f9670d7815c5556f0995247c6cb.jpg,1,1,1.0,0.283,0.006,0.074,3.535,1.318,77.674,1.891,86.475
frame_031_jpg.rf.c19a9d35ca51d3394c7eefdeedb50e3c.jpg,1,1,1.0,0.293,0.007,0.074,8.853,8.57,80.683,1.941,102.707
frame_033_jpg.rf.b9ddbafa259cf03795bbc91c9b0d5aa2.jpg,1,1,1.0,0.292,0.007,0.072,3.488,1.107,77.123,1.796,85.505
frame_037_jpg.rf.5df49f25a957cf2e04318bf6bbc3c503.jpg,1,1,0.9998,0.369,0.007,0.082,10.09,6.349,77.522,1.963,98.367
frame_040_jpg.rf.183ccbe31fe50e57f759cb76bc0261a6.jpg,1,1,0.8052,0.291,0.007,0.076,8.78,5.972,95.904,2.253,114.964
frame_04_jpg.rf.0db30c91e75a830cc46b05cbf0d7b55f.jpg,1,1,1.0,0.289,0.007,0.077,6.21,1.183,77.383,1.855,88.573
frame_054_jpg.rf.7922970a6bac8b4135c2ee1ff84580b9.jpg,1,1,0.9998,0.29,0.006,0.08,6.185,5.093,89.55,2.49,105.417
frame_056_jpg.rf.f76b56af6094d92b2421d4a2addf0623.jpg,1,1,1.0,0.283,0.006,0.077,4.89,1.295,77.512,1.769,87.492
frame_065_jpg.rf.afd61bdf7b7145b5753a2c6c34438fb5.jpg,1,1,1.0,0.268,0.007,0.071,3.884,1.279,92.294,2.23,101.669
frame_075_jpg.rf.20914812e25aea2b877b0b7a66582683.jpg,1,1,0.6398,0.287,0.006,0.079,6.675,4.501,80.734,2.115,96.028
frame_082_jpg.rf.5ef391a4638991d23a5349c149571a1d.jpg,1,1,1.0,0.28,0.006,0.084,9.533,6.445,94.143,2.073,114.316
frame_089_jpg.rf.622c8f0b24b52086f1c70c78b0c8fba3.jpg,1,1,1.0,0.283,0.007,0.075,7.003,6.02,76.521,1.995,93.611
frame_099_jpg.rf.a0979d873a17ac712f8b0b29153bfdc1.jpg,1,1,1.0,0.216,0.005,0.052,10.153,5.888,86.903,2.048,107.073
frame_101_jpg.rf.91229610753dc5a8befda24779987b63.jpg,1,1,1.0,0.287,0.006,0.076,5.481,1.634,84.074,5.148,98.434
frame_105_jpg.rf.035c3fd6d8f76fe75747f0c61e57d4b8.jpg,1,1,0.9499,0.286,0.006,0.075,3.487,1.189,83.007,2.023,91.773
frame_108_jpg.rf.ed189fd84781a7c80787e922a24ef455.jpg,1,1,0.9207,0.382,0.006,0.078,3.334,1.331,84.931,5.047,96.759
frame_111_jpg.rf.3f1bb237fc758e484fcbca58a4d3652c.jpg,1,1,0.987,0.292,0.007,0.075,4.201,1.272,78.183,1.915,87.573
frame_123_jpg.rf.17d0e737700a847e0baee2a468ac14e9.jpg,1,1,1.0,0.283,0.006,0.072,2.874,1.185,90.994,2.43,99.476
frame_131_jpg.rf.ec9d9f0d830794910a923ec7b9bc88b2.jpg,1,1,1.0,0.286,0.006,0.083,6.313,1.273,76.968,1.934,88.525
frame_145_jpg.rf.16b5de5860a401754d34f54500c5353e.jpg,1,1,1.0,0.288,0.007,0.079,8.666,3.222,90.423,2.394,106.768
frame_155_jpg.rf.0674981c724f942e2ddcd96d5d3376d3.jpg,1,1,1.0,0.295,0.006,0.078,8.167,1.3,77.013,1.832,90.404
frame_15_jpg.rf.b052b69676527553b6f33433e1bc5cc3.jpg,1,1,1.0,0.367,0.006,0.082,13.907,5.307,96.329,2.177,121.014
frame_16_jpg.rf.93a723cc49842ca7a4506f05fef851d7.jpg,1,1,1.0,0.291,0.007,0.075,2.808,1.177,81.402,3.275,90.766
frame_183_jpg.rf.98746788f16b103ad1a6fbee079b90b2.jpg,1,1,1.0,0.288,0.006,0.078,3.948,1.233,76.925,1.935,86.059
frame_201_jpg.rf.25414d7957d9ac4c617dcfc7f270450a.jpg,1,1,1.0,0.281,0.006,0.075,2.845,1.185,78.263,2.862,87.175
frame_21_jpg.rf.3510d829327a4bafd2c9470aee735214.jpg,1,0,0.6088,0.214,0.005,0.047,3.922,1.296,82.569,2.509,92.213
frame_22_jpg.rf.386c33097c77a90932d4df4a6ff24d31.jpg,1,1,1.0,0.289,0.006,0.075,2.863,1.193,79.501,2.566,88.228
frame_24_jpg.rf.49b3c4ba5e42c42a9c0271f4898f5ef9.jpg,1,1,0.9999,0.208,0.004,0.047,3.075,1.333,75.767,2.404,84.44
frame_25_jpg.rf.2e4915dabaa74786ae6889b87c062138.jpg,1,1,1.0,0.283,0.006,0.078,6.466,5.019,83.603,3.462,100.603
frame_28_jpg.rf.1caa73361203ac8b623a845777363b30.jpg,1,1,0.9989,0.287,0.006,0.076,3.931,1.208,78.164,1.82,87.133
frame_30_jpg.rf.95856077d5b3a687052e1f45ee82f42c.jpg,1,1,1.0,0.276,0.004,0.048,4.271,1.632,96.674,2.454,107.144
frame_32_jpg.rf.578016d49492248bb3ae4b8e9b640692.jpg,1,1,1.0,0.288,0.006,0.082,11.039,2.841,75.472,1.936,93.369
frame_34_jpg.rf.24534616995b42e6af02ab2d97cce645.jpg,1,1,0.9437,0.285,0.007,0.077,4.707,1.214,89.44,2.559,100.011
frame_35_jpg.rf.3eaf85975ee56501e12216e4fb133f81.jpg,1,1,0.9971,0.283,0.006,0.074,3.27,1.181,76.479,2.223,85.258
frame_37_jpg.rf.98de40ecb2198c6f28ac2e2b08517f94.jpg,1,0,0.921,0.288,0.006,0.077,9.531,7.647,86.317,1.851,107.398
frame_38_jpg.rf.baa809fc1e2fc6966ecc592aee7191ff.jpg,1,1,0.8447,0.285,0.006,0.078,3.474,4.655,82.861,1.999,95.009
frame_40_jpg.rf.1c0c9e1edca83d034673326e754def8d.jpg,1,1,1.0,0.292,0.006,0.074,4.791,1.14,75.955,2.235,87.457
frame_41_jpg.rf.d3501f43ad59019c93f1777b016c1891.jpg,1,1,1.0,0.287,0.007,0.076,4.11,1.188,81.038,2.596,90.915
frame_43_jpg.rf.5e54b5e00379173fce30558f34b7f966.jpg,1,1,0.7508,0.286,0.007,0.073,3.348,1.502,77.336,2.331,86.481
frame_44_jpg.rf.acbac18e3a0b846dcc5a0a312abbb950.jpg,1,1,1.0,0.278,0.006,0.075,4.47,5.586,94.929,3.734,110.702
frame_48_jpg.rf.9827b1815d973ebbbdd826f7d434338b.jpg,1,1,1.0,0.286,0.006,0.074,6.511,6.237,76.266,1.912,93.058
frame_52_jpg.rf.537ee76dc6cfc3fa365d6e433648bde7.jpg,1,1,1.0,0.286,0.007,0.077,3.987,0.963,90.969,2.528,100.847
frame_54_jpg.rf.61e5fc0918d0754ac9e18a12c585a2db.jpg,1,1,1.0,0.287,0.007,0.076,3.043,1.183,77.475,1.862,85.581
frame_57_jpg.rf.8db67a9766164e47293fa1f1c238e7ed.jpg,1,1,1.0,0.289,0.007,0.075,4.035,1.368,89.931,2.472,99.837
frame_61_jpg.rf.55e500fdaf680857c6f505ca5024cd5d.jpg,1,1,1.0,0.282,0.006,0.077,6.634,1.268,77.631,1.95,89.603
frame_67_jpg.rf.07e2065eb8e10a9601c962ce95a575ba.jpg,1,1,1.0,0.392,0.006,0.078,4.1,1.701,94.639,2.545,105.06
frame_72_jpg.rf.1d8dd5621275868fb03a28993a6edd50.jpg,1,1,1.0,0.285,0.006,0.181,2.986,1.389,81.215,1.957,89.668
frame_74_jpg.rf.ef863bde7fbfe6cdf0c108d4532050a4.jpg,1,1,1.0,0.292,0.006,0.08,12.88,7.31,86.285,5.58,114.107
frame_76_jpg.rf.83ed609a868d5dd42310815e7071435e.jpg,1,1,1.0,0.288,0.007,0.082,7.394,1.283,81.305,5.11,97.241
frame_83_jpg.rf.d58e86474e6c1a10c166ec4c48467391.jpg,1,1,1.0,0.31,0.006,0.078,2.779,1.353,77.05,1.931,85.141
frame_85_jpg.rf.9905292c23884afabd7fc86678584ea5.jpg,1,1,1.0,0.362,0.007,0.077,3.392,1.313,80.329,4.418,91.557
image_100_jpg.rf.29dcb0fe73c23e7532dd3505f801d046.jpg,1,1,1.0,0.283,0.006,0.078,6.427,1.285,82.42,1.895,94.058
image_103_jpg.rf.b5c10c6e9379ea9f409dca78c29dc2df.jpg,1,1,1.0,0.275,0.006,0.073,5.026,5.889,88.841,2.536,104.894
image_107_jpg.rf.345cfc749dbc05063c38d009db849f09.jpg,1,1,1.0,0.292,0.006,0.077,6.054,4.13,75.001,1.869,89.091
image_113_jpg.rf.245ef254b6b2143cda4c386ba1a85c71.jpg,1,1,1.0,0.281,0.006,0.077,6.866,1.4,92.052,2.561,104.957
image_124_jpg.rf.af9532e4f4dcd03e8354052747c26b6c.jpg,1,1,1.0,0.284,0.007,0.076,6.161,4.325,74.926,1.86,89.379
image_128_jpg.rf.bedf8b172989a21089eeb54a789cdc3a.jpg,1,1,1.0,0.29,0.007,0.08,11.53,6.527,105.436,2.059,127.529
image_132_jpg.rf.224a364ba328dde917789c16be77355a.jpg,1,1,1.0,0.283,0.006,0.076,11.025,5.939,86.276,2.764,107.991
image_149_jpg.rf.b041e4115921892ec1124369a4ca33c2.jpg,1,1,1.0,0.283,0.006,0.074,4.952,1.702,76.053,1.598,86.318
image_154_jpg.rf.a82bed49a097284df8a011c7bc311513.jpg,1,1,1.0,0.259,0.005,0.065,2.914,2.138,92.441,2.055,101.398
image_160_jpg.rf.02e160450a3b0ebc9c1f2393e07e2490.jpg,1,1,1.0,0.265,0.007,0.075,6.987,4.73,75.034,1.839,90.796
image_184_jpg.rf.9e7e29466b8c69d003a516f53606bb73.jpg,1,1,1.0,0.279,0.006,0.075,10.401,6.326,82.527,1.869,103.786
image_18_jpg.rf.6ba24fca73cacae1f6502c54ccf780cc.jpg,1,1,1.0,0.285,0.006,0.078,7.424,3.998,75.54,1.834,90.83
image_196_jpg.rf.a53e1e31df97ff520f3a000c036b59f6.jpg,1,1,1.0,0.285,0.006,0.081,6.689,6.474,76.66,2.202,94.062
image_201_jpg.rf.4d01942a1623b442fcdb58d9f27130f3.jpg,1,1,1.0,0.283,0.006,0.078,7.161,3.932,80.25,2.444,95.733
image_211_jpg.rf.cdd12d80d68660985a3a237723f14fd4.jpg,1,1,1.0,0.28,0.007,0.072,7.594,3.584,76.713,1.874,91.766
image_219_jpg.rf.7e8ebdffbcd1b4ae1055788e9aca6e6b.jpg,1,1,1.0,0.28,0.006,0.074,4.856,1.181,91.494,4.815,104.341
image_233_jpg.rf.c27454e02b66ecc2f891635200b89469.jpg,1,1,1.0,0.284,0.006,0.08,6.119,6.248,76.388,1.784,92.566
image_239_jpg.rf.6ddc7a6cdc8025f5f98e596138ad5f38.jpg,1,1,1.0,0.284,0.006,0.078,12.172,6.3,89.961,2.138,112.602
image_248_jpg.rf.8f6f8763720c6b6fe8435f0e0d2f4961.jpg,1,1,1.0,0.283,0.006,0.078,13.823,6.415,74.818,1.839,98.975
image_254_jpg.rf.7280c1cf16b2d96b81eda10d6f00cc3a.jpg,1,1,1.0,0.281,0.007,0.077,9.658,6.794,89.672,2.154,110.733
image_261_jpg.rf.7329fc03af770e3ca18382042b021253.jpg,1,1,1.0,0.287,0.006,0.074,5.341,1.147,83.452,1.966,93.939
image_267_jpg.rf.0d03843df3efaf006a46becbfb11b905.jpg,1,1,1.0,0.405,0.007,0.086,9.257,5.986,76.45,1.81,95.703
image_26_jpg.rf.3d2753f0df2c2c768bf46b6957ab69c5.jpg,1,1,1.0,0.28,0.006,0.079,9.536,5.935,99.339,1.983,118.835
image_281_jpg.rf.e52c84177a7ecb8a66ffb47c5da6cbf8.jpg,1,1,1.0,0.28,0.006,0.076,7.228,5.995,76.778,1.812,93.819
image_288_jpg.rf.4c343be8fc22c5a995d10fc2ad7398c5.jpg,1,1,1.0,0.287,0.007,0.079,6.721,3.09,89.739,2.57,104.197
image_34_jpg.rf.daa499f660adb5eb21b82a9465d7f077.jpg,1,1,1.0,0.376,0.006,0.078,5.12,1.207,83.338,1.948,93.983
image_399_jpg.rf.6f89847e873b4a4bbecbfb41c6370a4c.jpg,1,1,1.0,0.286,0.007,0.078,3.892,1.791,90.722,2.491,100.874
image_404_jpg.rf.bc58e7c6453c672693a366f536e215d1.jpg,1,1,1.0,0.286,0.007,0.073,2.78,1.141,77.324,1.901,85.386
image_408_jpg.rf.6abcbe4ef68f6718ed21a447886b527a.jpg,1,1,1.0,0.286,0.006,0.079,11.916,6.644,87.773,1.892,110.279
image_45_jpg.rf.ed11a2952d8ea5bb076f083c95e0085f.jpg,1,1,1.0,0.407,0.007,0.08,5.456,4.298,73.995,1.904,87.739
image_508_jpg.rf.727531777a3cbb14f7ca00d8c6956166.jpg,1,1,1.0,0.286,0.006,0.078,11.619,2.308,95.993,2.018,113.936
image_519_jpg.rf.cab996cab2b29a84cbf06cafea2cdcac.jpg,1,1,1.0,0.285,0.006,0.076,4.146,1.516,85.94,2.22,95.821
image_537_jpg.rf.60d2d0c4d78f8e84ae48ed5d6e118336.jpg,1,1,1.0,0.285,0.006,0.075,2.85,1.141,77.64,1.923,85.54
image_548_jpg.rf.1987551ec956f7ff3575ddd2f6938b9c.jpg,1,1,1.0,0.282,0.005,0.077,4.672,1.205,85.119,5.098,98.124
image_584_jpg.rf.1b605292c0c27d52e0b3709b017d13d3.jpg,1,1,1.0,0.287,0.006,0.075,3.2,1.366,75.813,1.782,86.662
image_590_jpg.rf.5dd7f6a8f83a9999a2892530e88bd0d3.jpg,1,1,1.0,0.282,0.007,0.074,4.129,1.236,93.131,2.362,102.864
image_616_jpg.rf.afd183146ed87440192f7261a7a8bf62.jpg,1,1,0.8199,0.282,0.006,0.078,7.165,1.322,75.443,1.809,87.817
image_63_jpg.rf.3f3289632b4f7f684be1390dcff9f420.jpg,1,1,1.0,0.285,0.007,0.079,8.565,6.67,87.744,2.086,107.134
image_65_jpg.rf.9dc0fc57edf064aad567c5ba6ee02101.jpg,1,1,1.0,0.286,0.006,0.077,10.744,6.276,76.471,2.025,97.535
image_670_jpg.rf.a0c203e435b230309e9afa5761e2a39c.jpg,1,1,1.0,0.28,0.006,0.08,14.059,6.457,94.557,1.917,118.903
image_679_jpg.rf.4358d1235a6590557f8940e9e46d7a5c.jpg,1,1,1.0,0.279,0.007,0.072,5.039,3.885,87.639,5.768,104.407
image_683_jpg.rf.9a90c6a2de3fbcd62a1acd7adab136f2.jpg,1,1,1.0,0.284,0.007,0.078,9.93,7.394,75.826,1.861,96.975
image_691_jpg.rf.e36393b835fbf2cc69df4554f77e9130.jpg,1,1,1.0,0.284,0.006,0.078,13.06,3.291,87.426,2.44,108.279
image_70_jpg.rf.8dc3dee78d127d58baf968861072631a.jpg,1,1,1.0,0.287,0.007,0.079,3.629,2.717,74.757,1.949,85.082
image_72_jpg.rf.fb359c9cce2276832ccee530683d93f2.jpg,1,1,1.0,0.281,0.006,0.077,5.572,3.265,89.329,2.237,102.43
image_760_jpg.rf.fd547d66331a5226d185283488fdc67a.jpg,1,1,1.0,0.281,0.007,0.078,4.892,4.58,81.234,1.911,94.673
image_764_jpg.rf.d19e9bf408cef8ba90f3f8b77e198350.jpg,1,1,1.0,0.286,0.007,0.082,11.302,5.985,94.771,1.955,116.106
image_775_jpg.rf.11175db0d2a46d3e05015719caed8ab3.jpg,1,1,0.6851,0.281,0.006,0.078,11.625,6.035,101.611,5.539,126.841
image_78_jpg.rf.fa33307e75edbee1eb7d902083a4b2a5.jpg,1,1,1.0,0.348,0.006,0.081,7.111,1.316,75.977,2.497,88.989
image_7_jpg.rf.6ab6c818afdcf6b27b26275d939112b7.jpg,1,1,1.0,0.281,0.006,0.074,8.403,4.212,87.665,2.461,104.8
image_816_jpg.rf.5640e68858609b307eea4f82a4706e60.jpg,1,1,1.0,0.279,0.007,0.074,10.209,9.136,75.788,1.939,98.684
image_86_jpg.rf.7e395c6ec7761c4ed23d78eeb2adedce.jpg,1,1,1.0,0.497,0.061,0.12,11.525,2.071,77.334,1.904,95.25
image_93_jpg.rf.dafe2c1968d8771b6074f5fcc90a8f83.jpg,1,1,1.0,0.283,0.006,0.08,5.69,4.112,80.163,3.276,95.353
image_9_jpg.rf.885e6c60fad4be03d3d4d44a95037d8f.jpg,1,1,0.9702,0.287,0.007,0.084,8.102,2.297,75.23,1.89,89.997
istockphoto-172202319-612x612_jpg.rf.7449275c28da156b679ef6e03424286f.jpg,1,1,1.0,0.284,0.007,0.081,9.9,5.924,88.963,2.326,109.14
large_-1029-_jpg.rf.70f4d8328b29f554a93578cb8e42efa5.jpg,1,1,1.0,0.285,0.006,0.08,7.33,1.206,87.031,2.128,99.82
large_-105-_jpg.rf.e59c37400105f74283b0ec71e7a6a755.jpg,1,1,0.9318,0.292,0.007,0.083,13.869,6.254,82.355,1.915,106.517
large_-106-_jpg.rf.efe5ec54ffef94ba626fb46d9ac11bf8.jpg,1,1,1.0,0.293,0.007,0.079,10.06,5.996,75.654,2.34,96.018
large_-1104-_jpg.rf.086a83eeee1bc100511c6986bf2a3894.jpg,1,1,1.0,0.255,0.004,0.05,8.155,3.861,75.621,1.985,91.185
large_-111-_jpg.rf.2acce14cae4b98ad0093f8933a5b46d5.jpg,1,1,1.0,0.287,0.007,0.075,3.726,3.124,80.297,3.523,92.956
large_-114-_jpg.rf.5349ef04862ff68add3b8a549e003100.jpg,1,1,1.0,0.288,0.007,0.075,3.284,1.255,83.248,1.88,91.687
large_-1191-_jpg.rf.db9b2f051f5c227578ffdcb0a4fc4e21.jpg,1,1,1.0,0.266,0.005,0.071,9.006,3.503,87.592,2.55,104.659
large_-1204-_jpg.rf.cdbe0081883b44e159d4cf12127ab9da.jpg,1,1,1.0,0.357,0.006,0.078,4.759,5.99,76.585,1.812,91.286
large_-1214-_jpg.rf.6caa998ce00f9cb4e23055056d19a792.jpg,1,1,1.0,0.287,0.007,0.076,5.472,6.438,92.7,2.266,108.939
large_-1226-_jpg.rf.ca067be70e0900ca690cd274b736995f.jpg,1,1,1.0,0.286,0.007,0.079,10.31,4.489,87.353,2.126,106.174
large_-1253-_jpg.rf.e3bfb53a9c5940c0b08582bc8d46e200.jpg,1,1,1.0,0.285,0.006,0.075,4.426,1.352,84.101,1.889,93.835
large_-1277-_jpg.rf.4bed776ade3bcba6bbb1cff1351ad013.jpg,1,1,1.0,0.276,0.006,0.067,4.152,1.776,76.773,2.062,86.724
large_-130-_jpg.rf.7694cba69c2adcfc8f95296aaac18499.jpg,1,1,1.0,0.271,0.006,0.076,6.561,7.257,75.479,1.895,93.304
large_-1315-_jpg.rf.0f0d3756dc64ddebe8266b9411ee8cc7.jpg,1,1,1.0,0.287,0.007,0.085,10.909,1.302,77.841,3.042,95.119
large_-1333-_jpg.rf.8c4080a7923c50e6dafea19dd91f51a1.jpg,1,1,1.0,0.288,0.006,0.079,8.356,1.214,77.685,1.948,91.274
large_-1386-_jpg.rf.9aea7ca9ad5f89f70b568a554d113c1a.jpg,1,1,1.0,0.285,0.006,0.074,4.313,1.353,88.939,5.864,102.514
large_-1395-_jpg.rf.ab2d7d3e53e2c50868750c0eccc3de5d.jpg,1,1,1.0,0.287,0.006,0.239,8.895,4.568,75.869,1.898,93.334
large_-1404-_jpg.rf.79214289543abe8b9c135b9c5e32820b.jpg,1,1,1.0,0.292,0.006,0.077,2.752,3.577,87.376,2.437,98.296
large_-143-_jpg.rf.b126b632e77f08a82e51767928f0d45f.jpg,1,1,1.0,0.29,0.006,0.076,8.151,6.069,87.102,1.939,105.347
large_-149-_jpg.rf.c35b7e4e0a2d5af859b3b83cd3fff1eb.jpg,1,1,1.0,0.291,0.006,0.083,10.158,6.371,77.57,1.882,98.059
large_-154-_jpg.rf.d0b9477cdb9230d5ba615d82ed9e6af5.jpg,1,1,1.0,0.287,0.006,0.078,7.021,2.423,82.216,2.411,96.178
large_-170-_jpg.rf.8fbb028de775a463bbd2ae9a404e6c54.jpg,1,1,0.9999,0.256,0.005,0.052,10.666,2.068,75.516,2.319,92.543
large_-1777-_jpg.rf.f7f3fd0d6940a31d7c65f2d304860d11.jpg,1,1,1.0,0.283,0.007,0.073,2.855,1.235,77.339,1.958,85.47
large_-1794-_jpg.rf.86621f0f2b749ef0b7b9cd80de2c6f10.jpg,1,1,1.0,0.274,0.006,0.076,3.854,6.736,76.243,2.203,90.971
large_-1894-Copy_jpg.rf.47b826328584f0b6b5f1195d27ad2666.jpg,1,1,0.9995,0.288,0.006,0.081,7.289,2.951,75.625,2.246,90.143
large_-194-_jpg.rf.19b0dd19e6b8c8d7fd0312c30103902e.jpg,1,1,1.0,0.293,0.006,0.082,9.089,3.878,75.996,1.912,92.839
large_-2-_jpg.rf.114bc2a072ea6f7cfe7e30663b62dfe0.jpg,1,1,1.0,0.29,0.006,0.079,9.641,1.428,78.626,2.639,94.411
large_-2022-Copy_jpg.rf.ca394a2f252ed1d18cc206c23af9444f.jpg,1,1,1.0,0.285,0.007,0.079,8.204,4.064,80.29,1.962,96.782
large_-204-_jpg.rf.d596025d01209ea73635b94a86d67f70.jpg,1,1,1.0,0.286,0.006,0.076,4.72,1.417,89.1,4.824,102.131
large_-2193-_jpg.rf.0256ee198a644ee094dbbf5018a89f8a.jpg,1,1,1.0,0.287,0.006,0.077,4.196,1.217,77.222,1.969,86.622
large_-2202-_jpg.rf.74777ce4ec3d3e325db2536005bca95a.jpg,1,1,1.0,0.277,0.006,0.071,3.794,5.183,87.568,2.188,100.776
large_-2240-_jpg.rf.afb06e49480b04c8f8aecc2e3cd338ec.jpg,1,1,1.0,0.273,0.006,0.072,5.449,2.481,80.08,1.898,91.981
large_-2259-_jpg.rf.7264136a98dfc440d60cf360569c88f8.jpg,1,1,1.0,0.293,0.006,0.074,11.0,6.687,77.492,1.822,99.11
large_-23-_jpg.rf.8b1811e3381516eca532099d883c064c.jpg,1,1,1.0,0.293,0.007,0.077,6.534,3.001,75.742,1.828,89.045
large_-2397-Copy_jpg.rf.39f0796b67b900fcce0a85f988ff6e14.jpg,1,1,1.0,0.282,0.006,0.074,3.41,7.465,76.838,1.861,91.583
large_-251-_jpg.rf.3be8382d76630b16e730270d3945a998.jpg,1,1,1.0,0.293,0.006,0.073,5.471,5.409,81.348,3.96,98.169
large_-2609-_jpg.rf.b66c0d6e90f8e27b9804f2c45193b132.jpg,1,1,1.0,0.284,0.007,0.081,12.982,1.23,81.3,1.97,99.494
large_-2642-_jpg.rf.340fac566095c80fe756081c8b0f318d.jpg,1,1,1.0,0.283,0.006,0.077,8.155,5.91,86.746,3.818,106.678
large_-2654-_jpg.rf.00a92747611dcee0211e4fabcfd9321d.jpg,1,1,1.0,0.284,0.007,0.077,12.461,6.169,76.574,2.253,99.385
large_-2712-_jpg.rf.a0861c9939841c8a74e2d74f305dec49.jpg,1,1,1.0,0.283,0.007,0.081,9.51,6.189,88.008,2.095,107.868
large_-2800-_jpg.rf.584ce18a27839e576441dbffcf85431f.jpg,1,1,1.0,0.286,0.006,0.075,4.037,1.158,77.471,2.254,86.897
large_-2808-_jpg.rf.d0cda42d430ed36418a1949e3ca9412e.jpg,1,1,1.0,0.287,0.007,0.077,11.516,6.175,88.905,2.111,110.838
large_-2854-_jpg.rf.173522fae49c63efa89c0dd2ba420741.jpg,1,1,1.0,0.288,0.007,0.074,8.337,6.034,74.48,1.816,92.691
large_-2861-_jpg.rf.75f7fe6f47531f327c6aa6930f565164.jpg,1,1,1.0,0.293,0.007,0.077,9.336,1.501,76.486,2.196,91.587
large_-2867-_jpg.rf.97e5c0d833e7e8e3f72e3b00f76e34db.jpg,1,1,1.0,0.371,0.006,0.079,4.072,1.157,87.285,2.35,96.909
large_-2882-_jpg.rf.e9b519657b0986c5bef1634a9650c76c.jpg,1,1,1.0,0.289,0.006,0.074,5.144,4.237,74.595,2.167,88.167
large_-2908-_jpg.rf.e43cef515a87d5bbe3f9dd865f744376.jpg,1,1,1.0,0.28,0.006,0.074,4.619,2.829,93.084,2.227,105.397
large_-2924-_jpg.rf.db6e020ef7b49f7cf4a6e2097a7b84b7.jpg,1,1,1.0,0.283,0.007,0.078,9.277,4.37,75.935,2.204,93.92
large_-2932-_jpg.rf.f7ca373e44da0aa9321ed313f566b009.jpg,1,1,1.0,0.286,0.006,0.074,5.899,5.819,90.127,2.312,106.135
large_-2946-_jpg.rf.3c758cef8cd394b35654921e5c7b713b.jpg,1,1,1.0,0.284,0.006,0.076,5.578,1.227,77.162,2.167,88.12
large_-2956-_jpg.rf.c6a06aa051f1c150b203b3abebe71638.jpg,1,1,1.0,0.287,0.007,0.075,3.279,1.16,89.81,2.355,98.645
large_-2971-_jpg.rf.3155edcbf13016ce3f5673b01463cb94.jpg,1,1,1.0,0.285,0.006,0.079,7.663,6.598,81.498,2.263,100.044
large_-2979-_jpg.rf.fec6301141f4d4f03008c7993687c0f6.jpg,1,1,1.0,0.293,0.007,0.082,12.748,2.042,93.043,2.071,111.939
large_-2985-_jpg.rf.2ca21992b373c5e355dcd4fcf41fa80d.jpg,1,1,1.0,0.292,0.007,0.075,4.943,1.257,78.197,4.623,91.177
large_-2991-_jpg.rf.e4af1566ad384f5e5b30a45a66f035b4.jpg,1,1,1.0,0.288,0.006,0.079,8.346,4.469,75.676,1.942,92.496
large_-3006-_jpg.rf.eecd9025c34d6b8b398ec23e2001bb34.jpg,1,1,1.0,0.291,0.006,0.078,3.11,1.498,83.872,2.803,93.336
large_-3012-Copy_jpg.rf.5abcdf8f63a3191006517c0cbd8b1acd.jpg,1,1,1.0,0.241,0.004,0.049,5.993,3.886,80.563,1.982,94.316
large_-3025-Copy_jpg.rf.0f96bbc26f76af9590514cb6c449be61.jpg,1,1,1.0,0.27,0.006,0.069,5.06,1.298,90.655,2.195,101.299
large_-3044-Copy-Copy_jpg.rf.0f98c31e61895df7700cd7f6e37f5e58.jpg,1,1,1.0,0.272,0.006,0.072,9.278,2.936,75.906,1.851,92.061
large_-3095-_jpg.rf.ff16985e3c3e411e8d6eda63df2a4be2.jpg,1,1,1.0,0.284,0.006,0.077,3.23,1.744,87.902,2.23,97.089
large_-3156-_jpg.rf.a7e16010dc696a683231fd618e4ec822.jpg,1,1,1.0,0.289,0.006,0.073,3.716,1.25,77.775,1.892,86.673
large_-3162-Copy_jpg.rf.9962eabda6e3a8bdccc5df9e01b49fd1.jpg,1,1,1.0,0.294,0.006,0.076,6.07,6.166,104.559,2.843,121.652
large_-3172-_jpg.rf.8ee6fd417b2f6f259d0b0c0a0eefeb38.jpg,1,1,1.0,0.291,0.006,0.083,13.648,1.211,77.48,3.8,98.22
large_-3180-_jpg.rf.9a14af6676de79fb8de995a1b3b4d56e.jpg,1,1,1.0,0.282,0.006,0.079,3.735,1.154,77.473,1.797,86.225
large_-3187-_jpg.rf.09b4d209bd7cfb66cfcd73c2a2b8aee4.jpg,1,1,1.0,0.282,0.007,0.082,10.119,1.251,78.403,4.118,95.871
large_-3191-Copy-Copy_jpg.rf.8876e554105156b30d3d61b1a860707d.jpg,1,1,1.0,0.344,0.007,0.081,6.111,3.709,75.376,1.849,89.132
large_-3201-_jpg.rf.8b0dc2c918ee33294c038b8d762e1069.jpg,1,1,1.0,0.285,0.006,0.077,7.58,3.102,86.292,5.012,104.003
large_-3205-Copy-Copy-Copy_jpg.rf.c74898c76185c9346f80307ca4cdd0c7.jpg,1,1,1.0,0.287,0.007,0.079,7.95,2.093,75.928,1.842,89.797
large_-3209-_jpg.rf.196f8901cdac48b66941b0b482856e33.jpg,1,1,1.0,0.29,0.006,0.076,5.502,3.624,86.549,2.498,100.21
large_-327-_jpg.rf.b435ec236195c0a2d77df58332440aa1.jpg,1,1,1.0,0.291,0.007,0.077,3.214,1.146,77.528,1.77,85.618
large_-3288-_jpg.rf.8169466419da1ece352e8f856c606c61.jpg,1,1,1.0,0.283,0.006,0.08,6.434,6.013,93.471,2.485,110.414
large_-3303-_jpg.rf.6bc78995d636dd6c2371739ce6143079.jpg,1,1,1.0,0.287,0.007,0.075,6.574,6.306,80.93,1.832,97.638
large_-338-_jpg.rf.b6bcc3b227dfa75cadb2d22ee5a344e2.jpg,1,1,1.0,0.299,0.006,0.079,10.636,6.627,76.666,1.781,97.657
large_-357-_jpg.rf.7aa96515ea688d93a2b336308a9424fa.jpg,1,1,1.0,0.276,0.007,0.073,8.892,6.462,75.464,1.879,94.628
large_-401-_jpg.rf.e848e9ddf69c7b5d0a8d68238b1d65f5.jpg,1,1,1.0,0.29,0.006,0.079,3.261,1.144,77.49,1.796,85.656
large_-497-_jpg.rf.f053a4ef3b4872f8d51eb6fdd46b2d35.jpg,1,1,1.0,0.283,0.006,0.079,4.365,4.499,79.017,2.499,92.344
large_-537-_jpg.rf.bb2231ba15b21b4982aadbc22514924a.jpg,1,1,1.0,0.281,0.006,0.075,3.99,1.128,77.814,2.18,87.052
large_-545-_jpg.rf.8bfda4412a9f64e8018cdaec24815276.jpg,1,1,1.0,0.286,0.007,0.074,7.191,2.258,93.482,2.132,107.035
large_-563-_jpg.rf.5e9be05ef20e88b42794b35a6ad7284a.jpg,1,1,1.0,0.285,0.006,0.08,7.842,1.46,88.554,2.069,101.958
large_-570-_jpg.rf.88ab8e325c743e5cbc26bd9678a9a5ae.jpg,1,1,1.0,0.286,0.006,0.074,3.842,1.586,92.265,2.386,102.203
large_-58-_jpg.rf.b7af1d8a9817ef34a5a5e54eabbdc4df.jpg,1,1,1.0,0.287,0.007,0.084,9.529,2.2,76.115,2.195,92.0
large_-602-_jpg.rf.3d0a35751c77b518ea049961c0c16e1f.jpg,1,0,0.9584,0.294,0.006,0.076,10.035,6.716,77.805,2.236,98.886
large_-606-_jpg.rf.0a591268aa4928c2037c5ccdd451ce56.jpg,1,1,1.0,0.29,0.006,0.076,7.922,1.238,74.872,2.193,88.328
large_-612-_jpg.rf.1dec7f219f537572243d7840e89d0f33.jpg,1,1,1.0,0.216,0.005,0.053,5.794,3.95,75.365,2.15,89.178
large_-621-_jpg.rf.004d81e1fd9815fd7092db36b7da2009.jpg,1,1,1.0,0.282,0.007,0.078,4.734,4.786,75.902,1.966,89.503
large_-630-_jpg.rf.896507e1156b8424781caa18b3828b75.jpg,1,1,1.0,0.381,0.007,0.079,4.883,2.276,76.032,1.748,87.612
large_-636-_jpg.rf.beb3bac8af64f66c3567760aa5f7563c.jpg,1,1,1.0,0.271,0.006,0.07,5.125,3.168,76.189,2.167,88.687
large_-642-_jpg.rf.887bb5f84afdc50bcfdf803fd6ccf814.jpg,1,1,1.0,0.284,0.007,0.076,4.22,5.782,93.35,1.915,107.261
large_-646-_jpg.rf.a830e5301055a67aa4d74e35c9ef9f24.jpg,1,1,1.0,0.378,0.007,0.079,9.322,3.73,89.26,2.206,106.634
large_-654-_jpg.rf.7da05248962809abe43aa101880e9fdd.jpg,1,1,1.0,0.279,0.007,0.076,2.757,1.138,76.456,1.811,84.16
large_-66-_jpg.rf.a2ad7c1fc118eee1e4fe077c6b47474c.jpg,1,1,1.0,0.28,0.007,0.073,3.168,1.14,91.729,2.205,100.261
large_-664-_jpg.rf.767b4d38d421fceba73598b91243a576.jpg,1,1,1.0,0.283,0.007,0.077,2.9,1.199,77.685,1.832,85.561
large_-672-_jpg.rf.754a64f39c4797b2e662e8701cc1bb19.jpg,1,1,1.0,0.282,0.006,0.083,12.714,6.015,94.179,2.094,117.072
large_-691-_jpg.rf.a94dcd976cdb7ce09d60dbdd930fa62b.jpg,1,1,1.0,0.281,0.006,0.077,4.318,1.142,77.764,1.89,87.132
large_-710-_jpg.rf.1bb3378ccb6668194b7c311a700c1a56.jpg,1,1,1.0,0.295,0.007,0.075,6.553,5.803,76.134,1.809,92.372
large_-721-_jpg.rf.85bd341c5dbf98bf2f16ff5453de57f3.jpg,1,1,0.9999,0.285,0.006,0.076,4.793,4.289,76.075,1.579,88.772
large_-739-_jpg.rf.ee24045208acd9ef14311d14a3ccf078.jpg,1,1,1.0,0.227,0.005,0.054,3.226,1.262,93.423,2.016,101.932
large_-746-_jpg.rf.976c4901db056953b4d4280e3f16bc6a.jpg,1,1,1.0,0.282,0.006,0.076,3.07,4.345,85.809,4.012,99.193
large_-755-_jpg.rf.4ad701bac5e5ec2bb286cb06a637d7d2.jpg,1,1,1.0,0.286,0.017,0.072,8.131,5.948,76.719,1.856,94.733
large_-759-_jpg.rf.9cbdbde19d98a042f276a83b950b54ce.jpg,1,1,1.0,0.291,0.007,0.08,9.355,5.843,91.145,2.198,110.603
large_-765-_jpg.rf.24ee0a96a523eaf2583c6643d09c808d.jpg,1,1,1.0,0.287,0.006,0.081,8.078,6.892,74.996,1.835,93.945
large_-772-_jpg.rf.d9256c6f09481f3ad18c20fee5db0a2d.jpg,1,1,1.0,0.287,0.007,0.08,5.64,4.656,92.843,2.509,107.714
large_-78-_jpg.rf.b6e2760f0666695cd4bc65d015eeefb6.jpg,1,1,1.0,0.289,0.006,0.076,3.636,1.23,83.634,2.042,92.613
large_-791-_jpg.rf.3dc3a196cbc2350eed2606772309150b.jpg,1,1,1.0,0.296,0.007,0.078,8.715,1.189,77.884,1.864,91.711
large_-808-_jpg.rf.c3b96251bcf99126b4a80236d833a35a.jpg,1,1,1.0,0.292,0.006,0.082,11.809,6.053,90.708,2.77,113.394
large_-816-_jpg.rf.ddb6f938dbdd4bda0df890bb85c41456.jpg,1,1,1.0,0.284,0.006,0.075,7.942,5.984,74.941,2.225,93.077
large_-838-_jpg.rf.e8ba6ad4dc4ca936558213e26559f275.jpg,1,1,1.0,0.288,0.006,0.08,12.465,5.954,87.36,5.595,113.356
large_-876-_jpg.rf.2dd56abda46da43b35e89a24e9b544bc.jpg,1,1,1.0,0.283,0.007,0.077,9.263,6.019,76.331,2.243,95.873
large_-895-_jpg.rf.ee7fa59073fa01bbed7c230dfdb0aa25.jpg,1,1,1.0,0.284,0.006,0.079,10.826,1.212,91.41,1.939,107.398
large_-919-_jpg.rf.a3a1bf64d48d42501c8e3918e269fce7.jpg,1,1,1.0,0.273,0.006,0.078,8.685,2.869,81.023,1.84,96.408
large_-941-_jpg.rf.8c87c063d47cb070e422e9aeb840a538.jpg,1,1,1.0,0.295,0.007,0.081,14.136,6.938,77.69,2.229,103.045
large_-962-_jpg.rf.2e7e226522e6cbfc59dbef264582ef08.jpg,1,1,1.0,0.284,0.006,0.073,6.507,6.528,79.493,2.659,97.176
large_-99-_jpg.rf.ccbb6705f881a9f9cade1066818ed54c.jpg,1,1,1.0,0.288,0.007,0.078,9.629,5.928,92.18,2.274,112.032
middle_-1004-_jpg.rf.45aeabc7aa1db783b49ebcd2808faca7.jpg,1,1,1.0,0.29,0.006,0.078,9.682,1.257,90.65,2.142,105.897
middle_-1058-_jpg.rf.0e9f33fbdb3019778a646abd98e743f5.jpg,1,1,1.0,0.276,0.006,0.073,8.07,5.969,77.271,1.942,95.219
middle_-1067-_jpg.rf.fb6ddbcb14d01c156f637231776f4d3c.jpg,1,1,1.0,0.292,0.006,0.081,13.026,7.618,77.881,2.024,102.234
middle_-1145-_jpg.rf.55c3263d08e5c74aa0989c303d165923.jpg,1,1,1.0,0.285,0.006,0.075,3.302,1.236,78.066,1.927,86.665
middle_-1161-_jpg.rf.3655addf31ef38a9b4fb6f0a953aee7b.jpg,1,1,1.0,0.295,0.007,0.075,3.601,3.067,77.021,1.792,87.408
middle_-1170-_jpg.rf.c9387e7ce2cca6076a66ea8da3e0e23e.jpg,1,1,1.0,0.273,0.006,0.072,8.597,3.319,75.109,2.19,91.246
middle_-1174-_jpg.rf.e7240acefaf7da9b6cecfabd152148e7.jpg,1,1,1.0,0.325,0.007,0.077,7.778,4.454,82.151,1.819,98.207
middle_-1182-_jpg.rf.647112a9afe70870edbbbc322699743c.jpg,1,1,1.0,0.273,0.006,0.069,4.477,1.236,76.495,1.88,85.99
middle_-1194-_jpg.rf.8cdb4866d4bbfda70591768a6529d3e3.jpg,1,1,1.0,0.276,0.007,0.074,9.902,2.053,87.325,2.307,103.686
middle_-1199-_jpg.rf.6dbdbe493a1e2fbb83bf5ee327f1c0e0.jpg,1,1,1.0,0.277,0.007,0.076,10.413,1.667,87.938,2.191,104.215
middle_-1208-_jpg.rf.119dacc9b91ff90a5c02895b8c4e98f3.jpg,1,1,1.0,0.282,0.007,0.076,2.753,1.327,77.366,1.83,85.304
middle_-1222-_jpg.rf.f983c526cf6e7893e6e42299c4e3d51a.jpg,1,1,1.0,0.283,0.006,0.077,4.979,1.163,98.923,2.147,109.237
middle_-1250-_jpg.rf.d2ffe75c009b5bba666700a148c75a51.jpg,1,1,1.0,0.284,0.006,0.077,4.784,1.235,77.588,1.954,87.606
middle_-180-_jpg.rf.4f87e5a2cc2639a50fad8f39faef5fa9.jpg,1,1,1.0,0.284,0.006,0.078,8.879,6.86,87.471,2.101,107.662
middle_-196-_jpg.rf.562e6dc9555c12d90cffe4b1e60b0d5a.jpg,1,1,1.0,0.286,0.006,0.08,7.71,5.904,75.008,2.286,92.97
middle_-217-_jpg.rf.3d039cf5f76fdd5a7b9d099d56ff9e5d.jpg,1,1,1.0,0.291,0.006,0.077,8.169,1.244,73.24,1.869,86.635
middle_-839-_jpg.rf.07856fbc1232104d55541503736a8de7.jpg,1,1,0.9999,0.279,0.006,0.079,9.371,6.496,84.283,3.14,105.353
middle_-847-_jpg.rf.a8ff2139c352569359752cd26d6b8a69.jpg,1,1,1.0,0.293,0.007,0.081,7.769,5.8,75.902,1.823,93.637
middle_-854-_jpg.rf.be363f930e2eec5670c184caa38a86f6.jpg,1,1,1.0,0.284,0.007,0.077,13.836,5.984,89.636,2.46,113.955
middle_-858-_jpg.rf.d8bfeb409ded26f97510336d396b8aea.jpg,1,1,1.0,0.284,0.007,0.074,6.683,5.993,75.738,1.883,92.376
middle_-866-_jpg.rf.efab03f5fffb7b03b18188beeadfa6a1.jpg,1,1,1.0,0.362,0.006,0.079,8.799,5.975,94.004,2.099,113.592
middle_-871-_jpg.rf.d1224dfd35fcfa178f387abb281440d2.jpg,1,1,1.0,0.29,0.007,0.077,4.415,1.332,83.026,2.132,92.917
middle_-874-_jpg.rf.52a6cce172ad5f0fb984e48e13196020.jpg,1,1,1.0,0.294,0.006,0.077,6.075,6.292,75.507,1.863,91.908
middle_-883-_jpg.rf.c54aeab3d325a5519a92f7c566f0198e.jpg,1,1,1.0,0.287,0.007,0.081,9.994,6.005,76.449,4.74,99.297
middle_-891-_jpg.rf.eefc274a70dcfaa1bfcfa46f5b200f5a.jpg,1,1,0.9999,0.205,0.005,0.049,9.436,6.123,75.886,1.866,95.179
middle_-898-_jpg.rf.434ca928bf75a273eb35c4d7c5eb666a.jpg,1,1,1.0,0.288,0.007,0.074,5.289,7.144,97.693,2.469,114.601
middle_-902-_jpg.rf.e489771cb6e9746138e6c71733d44d76.jpg,1,1,1.0,0.292,0.006,0.077,6.929,5.952,81.384,2.11,98.589
middle_-912-_jpg.rf.186f9b3acace5d2dacc7388d7fc17222.jpg,1,1,1.0,0.288,0.006,0.075,8.341,6.061,89.576,2.101,108.675
middle_-928-_jpg.rf.492627c7ee75ce9283213dab624ef192.jpg,1,1,1.0,0.289,0.007,0.089,11.176,6.056,76.309,2.082,97.736
middle_-942-_jpg.rf.5d3cd09428ed91665a0987635067e95f.jpg,1,1,1.0,0.279,0.006,0.075,10.075,6.027,73.982,2.234,94.32
middle_-955-_jpg.rf.44153edc39991e0b7c91a26a16eb7c41.jpg,1,1,1.0,0.29,0.006,0.073,3.801,6.083,77.142,3.512,92.567
new_fire_108_jpg.rf.936f920d9b5b0c30bf71f03b1253856e.jpg,1,1,1.0,0.289,0.018,0.079,13.354,5.965,81.908,2.12,105.405
new_fire_fire-434_png_jpg.rf.7241651384f81fb727e5494ca1d866a3.jpg,1,1,1.0,0.293,0.006,0.078,7.659,7.898,91.174,2.296,111.117
new_fire_fire-496_png_jpg.rf.67b08131c1577aabea719de545c69337.jpg,1,1,1.0,0.287,0.006,0.08,11.607,5.954,86.422,2.102,108.279
new_fire_fire-536_png_jpg.rf.d6a9b6dadccc144baa541e7d5ab14c3e.jpg,1,1,0.9996,0.293,0.007,0.081,14.427,6.239,76.979,1.897,101.578
new_fire_fire-631_png_jpg.rf.94358aa705119aa0d51b99e3369e8b54.jpg,1,1,1.0,0.295,0.006,0.079,8.574,6.034,75.533,2.764,94.931
new_fire_fire-89_png_jpg.rf.5739015e4d9193c8cf37962e0da6c5bd.jpg,1,1,1.0,0.29,0.007,0.078,4.657,3.261,79.971,1.95,91.779
pexels-aljoscha-laschgari-4537770-1920x1080-50fps-00053_jpg.rf.2497504adad7289c871bbe4537f25395.jpg,1,1,1.0,0.293,0.006,0.08,5.855,1.147,77.741,4.383,91.207
pexels-aljoscha-laschgari-4537770-1920x1080-50fps-00074_jpg.rf.0fea7954eb940fe031a65ca5c18aaca9.jpg,1,1,0.9999,0.285,0.004,0.049,5.803,3.285,75.757,1.818,88.655
pexels-aljoscha-laschgari-4537770-1920x1080-50fps-00087_jpg.rf.3a1e482254273c1a1cc9fa53f8a77b34.jpg,1,1,1.0,0.29,0.006,0.078,8.071,7.072,79.686,2.621,99.454
pexels-fernando-latorre-4825783-1920x1080-30fps-1-00006_jpg.rf.057f9237a7be78df24fd4ef8125f55dc.jpg,1,1,1.0,0.291,0.006,0.075,3.836,1.179,77.713,1.919,86.647
pexels-fernando-latorre-4825783-1920x1080-30fps-1-00010_jpg.rf.4b111572c0cb51ae99b224d68493220d.jpg,1,1,1.0,0.288,0.007,0.075,3.231,4.467,89.862,5.072,104.732
pexels-kelly-2646933-1920x1080-24fps-00010_jpg.rf.27cc2f64eb7250685a668a5cab061e17.jpg,1,1,1.0,0.292,0.016,0.077,7.296,1.213,86.742,1.926,99.214
pexels-kelly-2646933-1920x1080-24fps-00013_jpg.rf.e88e1391c035fd359bb0ad6ed15fbd6d.jpg,1,1,1.0,0.282,0.015,0.069,6.51,1.213,90.283,2.274,102.344
pexels-kelly-5596914-3840x2160-24fps-00006_jpg.rf.dae40ecf21de873313cd4cb73b835d4a.jpg,1,1,1.0,0.285,0.007,0.081,3.769,2.284,75.012,1.904,85.67
pexels-kindel-media-7147683-3840x2160-30fps-00001_jpg.rf.0fe499b31c17f4776c8938bb6e7244b9.jpg,1,1,1.0,0.289,0.007,0.078,8.92,6.876,86.465,1.918,106.185
pexels-kindel-media-7147683-3840x2160-30fps-00004_jpg.rf.88706eb175b6e2dd18626970582be99e.jpg,1,1,1.0,0.286,0.007,0.074,7.128,5.987,81.367,2.591,99.2
pexels-kindel-media-7147683-3840x2160-30fps-00007_jpg.rf.801681476fbdc37097fb56409dd4fae7.jpg,1,1,1.0,0.327,0.006,0.079,7.438,6.286,75.037,1.929,92.743
pexels-kindel-media-7147765-2160x3840-30fps-00002_jpg.rf.c9cce01e18edc21a00772bb617de293e.jpg,1,1,1.0,0.285,0.006,0.076,7.495,6.019,78.738,4.488,98.742
pexels-kindel-media-7147765-2160x3840-30fps-00013_jpg.rf.f4137e4cd423f2a2b0809a274e3a336a.jpg,1,1,1.0,0.287,0.006,0.075,8.562,6.034,76.383,1.842,94.79
pexels-luis-quintero-3211457-1920x1080-60fps-00002_jpg.rf.61b5e4f8d0c692201438744703c1080a.jpg,1,1,1.0,0.289,0.006,0.074,9.039,6.103,89.881,3.609,110.65
pexels-luis-quintero-3211457-1920x1080-60fps-00067_jpg.rf.d6732b6d86c61ded84c85f5fd526f878.jpg,1,1,1.0,0.29,0.006,0.077,6.414,1.209,80.293,1.997,91.969
pexels-luis-quintero-3211457-1920x1080-60fps-00099_jpg.rf.505efb1787f5b106635d1196611eafd4.jpg,1,1,1.0,0.283,0.006,0.075,5.324,1.305,92.72,2.296,103.669
pexels-matthias-groeneveld-4525902-1920x1080-30fps-00020_jpg.rf.fd3c6470aed93d617e531c3c97cdd87f.jpg,1,1,0.9998,0.281,0.007,0.076,2.77,1.141,78.169,2.257,86.39
pexels-taryn-elliott-6922962-3840x2160-25fps-00003_jpg.rf.6ec3d2a590971790b1b1318992a5d3d8.jpg,1,1,1.0,0.292,0.006,0.124,6.505,6.184,91.879,2.102,108.78
pexels-victor-rogov-6775923-1920x1080-25fps-00003_jpg.rf.7eb20adacda41533a9208587dfac6c03.jpg,1,1,1.0,0.287,0.006,0.075,3.979,1.195,77.794,2.002,87.003
pexels-victor-rogov-6775923-1920x1080-25fps-00006_jpg.rf.b3b2c3d68770d001d1f7f32fdfaac995.jpg,1,1,1.0,0.295,0.007,0.075,7.613,7.179,81.714,1.95,100.461
pexels-yaroslav-shuraev-8968863-2160x4096-24fps-00000_jpg.rf.03f4589ab0c4492078fb92bb59b94199.jpg,1,1,1.0,0.276,0.007,0.072,8.846,6.31,81.548,5.956,104.724
pexels-yaroslav-shuraev-8968863-2160x4096-24fps-00003_jpg.rf.87a786bc3e14fd0c4850c84dab2c97b8.jpg,1,1,1.0,0.36,0.007,0.078,4.612,1.205,77.166,1.868,86.958
pexels-yaroslav-shuraev-8968863-2160x4096-24fps-00012_jpg.rf.c47ee7607a5decf03ed68e89700bff36.jpg,1,1,1.0,0.286,0.006,0.076,3.675,3.34,96.025,2.457,107.613
test1001_jpg.rf.e2e21cbc9d3fb916201d8dfdfb3b2d41.jpg,1,1,1.0,0.28,0.006,0.077,3.226,1.235,75.912,1.882,84.251
test1019_jpg.rf.61c50039e356024a4e36cad8fe02817c.jpg,1,1,1.0,0.286,0.006,0.077,3.881,7.721,99.089,2.256,115.064
test1054_jpg.rf.5e048ef50650c827d94b31e9aab43e29.jpg,1,1,1.0,0.288,0.006,0.076,4.664,1.418,77.907,1.944,87.955
test1068_jpg.rf.6f4a9f2f41abf3ad7c61e6c47231b194.jpg,1,1,1.0,0.288,0.006,0.077,8.931,5.824,74.881,1.976,93.683
test1074_jpg.rf.0ce9ebd1728b3cbd2af88b11ef3eb1fa.jpg,1,1,1.0,0.283,0.016,0.072,7.973,5.798,83.806,3.608,103.295
test1122_jpg.rf.9527849e7360f6c751e73039f99cff61.jpg,1,1,1.0,0.287,0.006,0.143,4.424,1.241,77.067,1.835,86.627
test1136_jpg.rf.8305a322b922bdcd6a72147fc2d25e62.jpg,1,1,1.0,0.287,0.006,0.078,3.957,3.902,86.192,6.213,102.29
test1159_jpg.rf.4e8de49b4815f8b4ef20296b98159d98.jpg,1,1,1.0,0.216,0.005,0.051,8.163,5.985,75.283,2.049,93.568
test1187_jpg.rf.3f4c40437d299749b62ca51594f37826.jpg,1,1,1.0,0.21,0.005,0.047,8.371,6.237,92.873,2.218,111.757
test1240_jpg.rf.4ff5283ff0c426508c6254f7021fb365.jpg,1,1,1.0,0.275,0.006,0.07,9.259,6.054,76.117,1.953,95.384
test2201_jpg.rf.c5898b42a093364abe5f313f4d982ffc.jpg,1,1,1.0,0.291,0.007,0.081,8.301,6.487,77.321,1.862,96.079
test279_jpg.rf.17d106b47f5e240b22544ecc802c999e.jpg,1,1,1.0,0.286,0.006,0.076,2.8,1.544,77.666,1.938,86.009
test2888_jpg.rf.a744914c582d97d228c4a2c9e1e28dd0.jpg,1,1,1.0,0.299,0.006,0.079,9.571,6.978,83.614,2.261,104.435
test4559_jpg.rf.0b1fbef6a4ce61e4d7c39053734e8a07.jpg,1,1,1.0,0.285,0.006,0.075,4.648,5.931,77.049,2.585,92.327
test4769_jpg.rf.f5c12bf199460303af5b9bf3976791e3.jpg,1,1,1.0,0.208,0.005,0.049,4.692,1.21,77.974,1.861,87.713
train_3001_jpg.rf.5005b831c8ddbcf1ad7decc248afed1f.jpg,1,1,1.0,0.284,0.006,0.074,4.243,4.474,78.195,2.602,91.559
train_3020_jpg.rf.24113b0a2279f9c4ff84f2a46643ff4f.jpg,1,1,1.0,0.287,0.006,0.076,3.529,1.317,88.22,4.714,99.809
train_3038_jpg.rf.ceab0b03835d10d3d940ff044d08e01e.jpg,1,1,1.0,0.29,0.006,0.078,2.863,1.349,95.122,2.239,103.597
train_30_jpg.rf.8de8d81119a293a86d7f74e4db307da6.jpg,1,1,1.0,0.285,0.007,0.074,2.829,1.247,76.874,1.943,85.002
train_35_jpg.rf.fdffd2fb1efbdf8fb11b04308b216c28.jpg,1,1,1.0,0.272,0.006,0.073,3.131,1.238,91.579,2.04,100.045
train_367_jpg.rf.dd4a4fb6fdb9ff0e080a4be5d1e91f13.jpg,1,1,1.0,0.29,0.007,0.076,3.232,2.171,77.353,1.964,86.727
train_383_jpg.rf.367e6c4f3c948787fc9cffa8eaa19d8a.jpg,1,1,1.0,0.282,0.006,0.075,2.855,1.241,90.696,2.392,99.232
val_28_jpg.rf.4905111c4353a765713e24e0f4b69787.jpg,1,1,1.0,0.289,0.006,0.077,3.029,1.302,83.083,2.153,91.595
val_344_jpg.rf.78ced0ba42b6955b1f5d9ee5a58e35ec.jpg,1,1,1.0,0.295,0.006,0.083,3.171,4.603,91.714,2.622,104.68
val_473_jpg.rf.1b8be492cfb796e87c312c4522c98d7c.jpg,1,1,1.0,0.292,0.007,0.078,7.653,1.22,75.948,1.975,88.904
val_536_jpg.rf.8ddba3daac92144b0df209d9e81ba507.jpg,1,1,1.0,0.29,0.007,0.081,5.427,4.216,85.909,2.145,99.764
val_553_jpg.rf.ede5c62400d663d0be2b36e5d9beb941.jpg,1,1,1.0,0.284,0.006,0.078,6.083,7.062,80.26,2.616,98.164
val_568_jpg.rf.ca93f2d18189e1bc8adddb246bdf8215.jpg,1,1,1.0,0.289,0.007,0.077,4.378,1.191,81.704,2.049,91.444
val_579_jpg.rf.d46ee9c905f5e3328b9e764006d336c3.jpg,1,1,0.9997,0.286,0.006,0.079,9.292,2.051,89.511,2.17,105.153
val_589_jpg.rf.a74a0ab5a74486a3d5184be41ba42e7a.jpg,1,1,1.0,0.29,0.007,0.075,2.759,1.315,76.402,1.86,84.324
val_594_jpg.rf.28532d958ce7cf03bf11cff3fbd44c5d.jpg,1,1,1.0,0.271,0.006,0.071,2.637,1.199,89.716,2.122,97.571
val_5_jpg.rf.16e4cf287821a4c60cb037e82e352859.jpg,1,1,1.0,0.267,0.006,0.071,2.71,1.141,77.511,1.871,85.205
val_603_jpg.rf.0a953326f9750b67d4ff9a534a05c675.jpg,1,1,1.0,0.277,0.006,0.08,6.589,6.104,99.083,2.202,116.062
val_617_jpg.rf.d464ece1ebbd5c86236a3f941435a97a.jpg,1,1,1.0,0.289,0.007,0.075,7.785,2.903,74.654,1.361,88.726
val_636_jpg.rf.3cca76b54b1dfb13bb77fe15a80fa8d9.jpg,1,1,1.0,0.285,0.006,0.077,6.898,2.274,80.511,1.906,93.424
val_63_jpg.rf.870496933fd92324fb85546698a3409d.jpg,1,1,1.0,0.283,0.006,0.079,7.545,5.976,75.777,2.063,93.43
val_649_jpg.rf.82b497d76b3c90faeadf5319a9e15c5c.jpg,1,1,1.0,0.284,0.007,0.075,8.694,5.93,75.695,1.836,94.168
val_654_jpg.rf.5e8d302d459b3a6beb193aafd973551f.jpg,1,1,1.0,0.287,0.007,0.076,3.38,2.866,77.605,2.536,88.379
val_660_jpg.rf.772c20f03821a8dff59d0a4369da89fa.jpg,1,1,1.0,0.282,0.006,0.077,9.239,5.998,76.147,1.931,95.279
val_672_jpg.rf.b56e08432763f8f3bc3566e931b82b66.jpg,1,1,1.0,0.29,0.007,0.077,6.788,5.908,85.174,2.804,102.676
val_678_jpg.rf.ecfb220603f600ad036d161a4169fd98.jpg,1,1,1.0,0.283,0.006,0.076,7.127,5.792,74.944,1.865,91.718
val_681_jpg.rf.bd4cd3bb47ad5ecaa7f2e76ddf1902c7.jpg,1,1,1.0,0.287,0.006,0.074,6.929,5.959,89.738,2.222,106.916
val_686_jpg.rf.f8dde9d549da71d5a7234c20670c1c3a.jpg,1,1,1.0,0.286,0.006,0.077,7.379,5.973,91.322,2.205,108.923
val_708_jpg.rf.e787bd8e65333ff07fadba6fe1fec5f5.jpg,1,1,1.0,0.297,0.006,0.082,7.713,5.98,76.567,1.903,94.164
val_725_jpg.rf.b38629779436d632cf910bea3ec65f20.jpg,1,1,1.0,0.284,0.007,0.079,3.882,1.184,77.297,1.978,86.431
val_733_jpg.rf.baf15f2e9232a821051350d45a6a77f2.jpg,1,1,1.0,0.292,0.007,0.078,3.381,6.108,75.371,1.919,88.794
val_756_jpg.rf.2f2715276bb1991096b9fd7187ab6be1.jpg,1,1,1.0,0.288,0.007,0.076,3.243,6.034,76.773,2.086,90.167
val_772_jpg.rf.5025ed40243bebcfe7a23e1f71a26801.jpg,1,1,1.0,0.29,0.007,0.083,11.308,5.965,75.763,1.8,96.913
val_787_jpg.rf.aae1406c913fe55872045bcab63ae5ee.jpg,1,1,1.0,0.284,0.006,0.077,7.009,5.956,87.188,5.62,107.817
val_909_jpg.rf.3c9eb1110cf88d2d2783c5ee8021680a.jpg,1,1,1.0,0.356,0.007,0.079,4.602,5.216,75.144,1.874,88.939
video_preview_h264-10-00012_jpg.rf.3c802bdcaa70b39e8d9e32f7d4b354f7.jpg,1,1,0.9999,0.274,0.006,0.074,2.731,1.141,87.896,2.362,96.102
youtube-0_jpg.rf.ceaccc8be548f406c1edfb93cecc6599.jpg,1,1,1.0,0.288,0.006,0.074,3.191,1.847,87.164,2.085,95.923
23300790324_7820f527a3_o_jpg.rf.90ad6b0251ab9c3b48cc31713c42a77e.jpg,0,0,1.0,0.286,0.007,0.074,7.782,5.558,88.458,2.508,106.392
23563965829_fa45dbe338_o_jpg.rf.d01fb944d94d15d1e29e5e4c0b5492f7.jpg,0,0,1.0,0.286,0.006,0.074,11.136,6.004,75.43,1.86,96.447
23849051021_256b51ba06_o_jpg.rf.b4483fe52c2897cdf6203776fa5ef0d4.jpg,0,0,1.0,0.295,0.006,0.073,11.658,6.076,77.251,2.227,99.234
23851865091_29e7484aa0_o_jpg.rf.c581d9a2c74f20a071198acc20737350.jpg,0,0,0.9999,0.287,0.006,0.074,11.008,2.165,74.75,1.906,91.897
23904765996_2b8611bf08_o_jpg.rf.7e29fb1d6f6d73205a0b8238488edcfe.jpg,0,0,1.0,0.289,0.007,0.073,7.448,1.387,75.673,1.839,88.392
23905687626_75ac1e721d_o_jpg.rf.9c461235da6d9e3f640a9f1959415b10.jpg,0,0,0.9999,0.294,0.006,0.074,7.072,6.025,84.317,4.771,104.19
23931777065_23aede20f6_o_jpg.rf.a8391d8e1a1bd55bd944d78c0799197d.jpg,0,0,1.0,0.346,0.006,0.074,9.669,2.947,76.684,1.867,93.248
24830436620_19aba09e25_o_jpg.rf.1edb47433a126635d2478e5c4b00b278.jpg,0,0,1.0,0.292,0.006,0.168,8.301,3.98,101.655,2.234,118.241
24830440510_98c034d1de_o_jpg.rf.26786cbd0e41f53eb2bbf4a036110462.jpg,0,0,1.0,0.286,0.007,0.075,5.266,1.583,75.239,1.841,85.897
24853174094_dc2ff0da37_o_jpg.rf.bc7e5a75d052ab57a1db7fe8adb8333b.jpg,0,0,1.0,0.293,0.007,0.071,11.691,6.597,85.584,1.899,107.838
25457570586_e0d3c21cee_o_jpg.rf.906a1f65d540758857bbe45ee62679e6.jpg,0,0,1.0,0.291,0.007,0.074,8.669,6.045,75.967,1.848,94.554
31521921702_46b5ab4d1f_o_jpg.rf.84f6f173141145dae7568e109ce4a0ac.jpg,0,0,1.0,0.297,0.006,0.073,11.732,6.943,76.076,1.8,98.598
35532008443_281665b893_o_jpg.rf.dfc9dffbbec9e79cd7422231e433c900.jpg,0,0,0.9984,0.286,0.006,0.073,9.69,1.268,88.514,2.286,103.728
35940048970_d3324ee10f_o_jpg.rf.bd303eb5c3e9f2cdc29d00b5da600c52.jpg,0,0,1.0,0.279,0.006,0.072,9.681,5.991,75.313,2.153,95.15
35944033580_07096038ac_o_jpg.rf.fc43e1277cabf613c94e93efda2a61e3.jpg,0,0,0.9883,0.286,0.007,0.076,11.106,6.376,91.75,2.387,113.648
36204219741_53d73eec90_o_jpg.rf.fe34d31a5433b6b1a24dc5d20b5c78d7.jpg,0,0,1.0,0.283,0.006,0.075,10.429,5.991,74.962,1.99,95.382
36335039364_4c327b9de1_o_jpg.rf.5a78466c63c80706713b042d8ce719e2.jpg,0,0,1.0,0.285,0.006,0.076,10.405,5.994,77.616,1.817,97.846
36683571563_2be2a8d7c0_o_jpg.rf.850f5faf56a6657e097b593944b349fd.jpg,0,0,1.0,0.286,0.006,0.077,11.578,5.763,81.043,2.596,103.057
36696223700_e330e834d3_o_jpg.rf.aab6002a3d2fd668cb6af7af8f69a25e.jpg,0,0,1.0,0.292,0.006,0.076,6.549,6.341,76.283,1.836,93.093
39697533922_11958c9c28_o_jpg.rf.1aa5a8df193313dae1e4821d48b668c7.jpg,0,0,1.0,0.286,0.006,0.073,10.045,6.007,88.852,2.484,109.403
39697540392_98e832c575_o_jpg.rf.f979a15e3af8158afe7d576b5c649951.jpg,0,0,1.0,0.282,0.006,0.073,8.329,2.63,81.917,2.271,97.174
40391460514_d774fb1cf2_o_jpg.rf.d93c60f1a9dafedbb49568a1c3b5c718.jpg,0,0,1.0,0.284,0.007,0.074,7.287,6.172,92.348,2.272,110.128
41769376962_1eab948008_o_jpg.rf.5f3e1e4978c766676c24eb168e8656ab.jpg,0,0,1.0,0.288,0.007,0.071,9.318,2.222,76.275,1.881,91.688
42396555205_6e91e7a730_o_jpg.rf.29a54e32b50b1cbbf04b80c002d71fbc.jpg,0,0,1.0,0.293,0.006,0.074,8.736,1.991,75.195,2.164,90.076
49200015953_c476838cd6_o_jpg.rf.e88b233e5c9bae2c7f19f5a01443f43d.jpg,0,0,1.0,0.284,0.007,0.074,10.318,7.166,78.638,3.793,101.93
49200507536_ceea2dfe07_o_jpg.rf.75385b896d7cdaca089f4438d14c35f6.jpg,0,0,1.0,0.338,0.006,0.075,9.84,1.225,81.643,1.969,96.764
49200711022_a6d385902c_o_jpg.rf.53fa1c8b5afcd1d69b58f09762b2eebf.jpg,0,0,1.0,0.289,0.007,0.074,5.095,2.847,87.08,2.243,99.311
49453079102_a545a50ff6_o_jpg.rf.b0afa5294fe8addc09afa5bd27c68f6d.jpg,0,0,1.0,0.285,0.007,0.075,6.953,5.184,75.568,1.917,91.603
49627515293_0a37043762_o_jpg.rf.e81474f6879d650f5bd57e1b7f29bb67.jpg,0,0,0.9999,0.28,0.006,0.075,9.339,6.065,92.46,2.509,112.376
49628032741_436dc4d408_o_jpg.rf.ba132abc1d93cdc04fbfba0025357a8d.jpg,0,0,1.0,0.288,0.006,0.073,7.644,6.521,75.877,1.833,93.933
49628338762_5fc600c4da_o_jpg.rf.ef1b7b8687ff96c251b289ec2df800dd.jpg,0,0,1.0,0.301,0.006,0.075,13.18,2.526,83.739,1.913,103.366
50380846687_1df46275af_o_jpg.rf.72ac989c468cb039a2d90fe52ad7c52c.jpg,0,0,1.0,0.288,0.007,0.074,5.449,1.858,76.887,2.371,88.56
50409242242_366143b5fc_o_jpg.rf.94ceefb747e2ce5b1656c6b4e280ff85.jpg,0,0,1.0,0.284,0.006,0.074,10.453,5.761,90.852,1.947,111.021
50409277767_1aab46e387_o_jpg.rf.fa62a2a2aae22e1dd4ac7587f772b407.jpg,0,0,0.9998,0.289,0.005,0.072,9.537,5.826,87.831,1.907,107.111
50587721368_c131de8c2d_o_jpg.rf.36737c682f4af944d4d3dc6679540398.jpg,0,0,1.0,0.286,0.006,0.073,8.807,5.894,74.975,1.844,93.525
50642193652_5d3a7708a9_o_jpg.rf.55d7ffc3dd51d40514b1389d7157372f.jpg,0,0,1.0,0.286,0.006,0.076,8.598,6.573,94.251,1.966,113.461
50774170067_6683b693bc_o_jpg.rf.028dcf7665f1b200c94f4c9fce2769d5.jpg,0,0,1.0,0.359,0.006,0.074,10.185,6.007,77.934,3.801,100.018
51276757611_826ce8bbe5_o_jpg.rf.d9d1e7454b623dcd13419f5440a2b721.jpg,0,0,1.0,0.283,0.006,0.073,7.494,2.952,75.891,1.808,90.13
51685365993_4961a37b68_o_jpg.rf.38e285e0989f314a53489f9a7d116228.jpg,0,1,0.6781,0.289,0.006,0.074,6.205,3.947,82.52,2.577,97.187
52231257457_46b980ec18_o_jpg.rf.79b3599a113e47f2b73e4b855757acb0.jpg,0,0,1.0,0.283,0.007,0.075,5.688,3.094,75.669,2.367,88.824
52231272657_49992e05aa_o_jpg.rf.4d24f639a3ec4ed00e9375ee6a6fb2b0.jpg,0,0,1.0,0.293,0.006,0.073,7.294,6.027,90.151,5.037,110.545
52232282663_4d7dfb7ed9_o_jpg.rf.923582927eb388068fae549250536728.jpg,0,0,0.6877,0.283,0.007,0.071,9.892,10.384,77.454,1.905,101.588
52292033207_127c46e4ae_o_jpg.rf.7ab6a7337be90318c89f2e1faf85002a.jpg,0,0,0.9948,0.296,0.007,0.081,9.67,6.18,75.652,1.752,95.167
52340194302_8120e8efa3_o_jpg.rf.9a761706e92d73cf14f6f54a6c8994bc.jpg,0,0,1.0,0.264,0.006,0.064,6.64,5.498,75.428,2.044,91.595
52340194432_697e9662f4_o_jpg.rf.172311d10fc58672aad8bff6380f59f0.jpg,0,0,1.0,0.257,0.005,0.047,9.249,1.334,77.654,2.184,92.428
52341400698_1b22d7d0c1_o_jpg.rf.0df7fd5b76ce876865f247c97185129c.jpg,0,0,0.9999,0.29,0.006,0.074,7.651,3.693,83.464,3.393,100.227
52341458554_918f27dc7c_o_jpg.rf.eb4a18621bdd91631959d5ddeb5fb0f2.jpg,0,0,1.0,0.296,0.007,0.075,5.71,3.747,75.728,1.874,89.162
52357656432_81e3793f1c_o_jpg.rf.c0795a3bdcb43c2945d34d557ee10f13.jpg,0,0,1.0,0.284,0.005,0.071,6.513,5.933,83.357,2.599,100.358
52357657587_395efe019d_o_jpg.rf.6205ef99208ddd993bf755ad206c8931.jpg,0,0,1.0,0.37,0.007,0.077,9.584,5.574,74.965,1.776,94.064
52357670897_5e4bd8fa2f_o_jpg.rf.a746083b791d1927e6bb3e96fdd4a0f1.jpg,0,0,1.0,0.281,0.006,0.072,9.116,5.974,97.43,2.524,117.127
52358606086_0fa4a5f2d7_o_jpg.rf.9b62a4819a041be821b11a5ab6707662.jpg,0,0,1.0,0.291,0.006,0.075,9.135,5.905,81.982,2.108,101.158
52358606311_73913736e4_o_jpg.rf.a47cdab1f78581fe4a80016fb85cbd92.jpg,0,0,1.0,0.217,0.005,0.05,9.654,5.936,75.872,1.903,95.364
52358606891_9216660b61_o_jpg.rf.a2de1888e53829f69a706c7fc07476e8.jpg,0,0,1.0,0.296,0.007,0.079,8.861,5.99,78.479,2.571,97.961
52358616321_a16d3dcb7f_o_jpg.rf.d25c13c09e7747e3188b8d56e2e3b825.jpg,0,0,0.9999,0.384,0.007,0.077,10.525,4.287,75.161,1.757,93.465
52358619731_d11d42dbb6_o_jpg.rf.fe90461a7fb155203aacfc0d02b0f70c.jpg,0,0,1.0,0.267,0.006,0.067,7.118,6.103,89.107,2.51,106.81
52358819323_9baa33acde_o_jpg.rf.c951cee5731ddd69706500f06d28ec1f.jpg,0,0,1.0,0.289,0.006,0.074,10.423,6.054,82.064,2.08,102.724
52358919084_87ed82cb44_o_jpg.rf.5a546f603b03ede80dce0ab337d0910d.jpg,0,0,1.0,0.291,0.007,0.074,10.422,5.949,82.28,1.99,104.049
52358919419_3ede7e7e1f_o_jpg.rf.50e0974c3c03f6b03cfd397eec80c68f.jpg,0,0,1.0,0.284,0.007,0.072,9.663,6.073,98.758,4.287,120.775
52358931349_9edefe0acc_o_jpg.rf.775e1669787de4d9b121d59fbf052b5a.jpg,0,0,1.0,0.288,0.006,0.073,6.066,4.204,75.712,1.86,89.904
52358931414_39e8c7bd40_o_jpg.rf.10ec6584a0d6a666831066687dcb31b7.jpg,0,0,1.0,0.289,0.006,0.075,8.131,2.269,87.577,1.896,101.951
52358932124_97cd77e686_o_jpg.rf.1f135931549cfd4915f1d98d5963d3a7.jpg,0,0,1.0,0.287,0.006,0.14,8.491,2.933,75.367,1.779,90.646
52358933749_07f0dd79c6_o_jpg.rf.470eddfa2a6e7dc2d067f37e492f9748.jpg,0,0,1.0,0.284,0.007,0.071,5.331,4.429,88.804,2.744,103.306
52359027885_6e6d8fa484_o_jpg.rf.2652f7abdae027e33386dea31f5f9458.jpg,0,0,1.0,0.281,0.006,0.075,5.409,3.606,75.979,2.119,89.297
52359036280_5557dd08e2_o_jpg.rf.b34666cfed27413c74b0104add20c872.jpg,0,0,1.0,0.293,0.007,0.075,7.855,5.892,91.505,2.195,109.506
52359037790_bccbaa71d3_o_jpg.rf.5d7b1eb79d3ca9f389b360bacb8181a1.jpg,0,0,1.0,0.294,0.006,0.074,9.764,5.976,75.711,1.919,95.437
52359039480_ab7270c4f1_o_jpg.rf.be8b33a0a56a96795c3ef2e5062cd511.jpg,0,0,1.0,0.283,0.007,0.072,9.385,6.254,83.201,2.148,102.992
52359041270_69810779bd_o_jpg.rf.19d232b0206dc22a4b1f2d7a87b880a4.jpg,0,0,1.0,0.288,0.007,0.073,7.795,5.198,80.645,2.624,98.447
52403307048_a7dba6168f_o_jpg.rf.f4e584224bb83927c34a7be274fb6c12.jpg,0,0,1.0,0.285,0.007,0.072,5.394,1.287,76.977,1.913,87.589
52451082862_018b9aaa9e_o_jpg.rf.3d699c7ba1b6494a5dbddb31bea9391e.jpg,0,0,1.0,0.286,0.006,0.074,6.422,6.227,90.491,2.456,107.639
52451596106_99dee92c84_o_jpg.rf.36fa23a61be4eb8b05710dbf72091952.jpg,0,0,1.0,0.289,0.006,0.073,9.436,1.281,78.702,1.981,95.308
52451600526_77ef5f823d_o_jpg.rf.f5473d2489a5b3017bd5219fca490d3b.jpg,0,0,0.9921,0.291,0.006,0.076,7.446,6.592,89.162,1.968,107.364
52451872444_d2fbd8ff72_o_jpg.rf.a15f6d94cae588a7fb7af98f9996d579.jpg,0,0,1.0,0.283,0.007,0.074,11.373,1.277,76.332,1.888,92.98
52451874249_17ede44193_o_jpg.rf.e44bc628c995ef1f873b1bff7b3233d7.jpg,0,0,1.0,0.297,0.007,0.077,8.653,2.179,83.301,2.157,98.747
52451969715_3e8d946708_o_jpg.rf.7c0f00c293c62681364d1036809adf28.jpg,0,0,0.9992,0.287,0.006,0.074,8.282,1.278,76.811,2.732,91.261
52452042720_8271cec62d_o_jpg.rf.e32913bc0208504b3c6be4d6860ee7bb.jpg,0,0,1.0,0.293,0.007,0.075,9.682,5.584,87.229,1.702,106.049
52452044898_aa2d693f7f_o_jpg.rf.8b748a14e689a3f76c49b7c4cc9fecd6.jpg,0,0,1.0,0.293,0.006,0.064,10.21,5.882,91.783,2.478,112.313
52452046535_137d06e145_o_jpg.rf.ba9d03cab934e8d87bc6d21c4769a3f0.jpg,0,0,1.0,0.293,0.006,0.071,10.26,1.477,75.919,1.866,91.481
52452049280_49b1b711b6_o_jpg.rf.db519b7598a9c563e6069af4bb8c5388.jpg,0,0,1.0,0.287,0.006,0.075,12.094,7.42,76.953,1.9,100.353
52452052570_d0c26b2796_o_jpg.rf.81d70422b24f69ae18ef1010da599fb7.jpg,0,0,1.0,0.289,0.006,0.073,8.164,5.975,75.359,1.963,93.533
52452119313_4c5ab49506_o_jpg.rf.eb0636fd40a523ace874dc2ae2a07365.jpg,0,0,0.9998,0.293,0.006,0.076,7.47,6.497,75.407,1.819,93.356
52452120078_d9d606485f_o_jpg.rf.c0b56ba8f2197fe4c45ab6bdcce47b04.jpg,0,0,1.0,0.291,0.007,0.075,8.395,1.37,75.608,4.15,91.621
52452306753_e9fd479f41_o_jpg.rf.20ca27b9b63a22f3b4d9e1ebc5e3c53e.jpg,0,0,1.0,0.211,0.004,0.047,6.673,6.439,75.517,2.277,92.892
52452307498_5217d473e9_o_jpg.rf.931392c30c4ad8710b31820540a40d5f.jpg,0,0,1.0,0.342,0.006,0.076,10.58,5.963,84.821,2.914,106.37
52452315723_f38f83e978_o_jpg.rf.4a7cae2e9b14a033e81403620332a406.jpg,0,0,1.0,0.216,0.005,0.045,9.004,5.934,75.02,1.888,93.721
7557570184_442f9d3545_o_jpg.rf.ffe5f784fe619b01bab67e6dad8ac47a.jpg,0,0,1.0,0.284,0.006,0.073,8.711,6.113,89.284,2.534,108.764
AoF00015_jpg.rf.48a389316f5afa1be3c827b514684358.jpg,0,0,1.0,0.289,0.007,0.074,9.323,4.573,76.457,1.825,94.232
AoF00087_jpg.rf.af7162600de8797ed1b6db1995f12178.jpg,0,0,0.9999,0.293,0.006,0.077,12.527,5.964,77.044,1.901,99.475
AoF00096_jpg.rf.4708e9cd2bfc3ee24ac3b5f949575eff.jpg,0,0,1.0,0.389,0.006,0.077,9.521,5.99,75.921,2.125,95.73
AoF00108_jpg.rf.64a64c701303ede61ddfbcd15db0d32c.jpg,0,0,0.9983,0.215,0.004,0.047,8.358,5.98,76.035,1.832,94.153
AoF00129_jpg.rf.974463c269456b45b6e4444ac82f5fab.jpg,0,0,0.9885,0.29,0.007,0.075,5.492,4.517,75.137,4.31,91.633
AoF00130_jpg.rf.655515c654fbe12f7be8502eaf8271d4.jpg,0,0,1.0,0.284,0.007,0.078,5.418,2.756,82.995,2.328,95.53
AoF00131_jpg.rf.0f31bd090979c1d9b3adf8dfeb81cb0e.jpg,0,0,1.0,0.291,0.007,0.077,10.18,3.001,98.199,2.49,116.018
AoF00210_jpg.rf.af58b70c86d9da0d1877b99f62610c16.jpg,0,0,0.9994,0.288,0.006,0.077,6.786,2.915,74.918,1.845,88.704
AoF00212_jpg.rf.90e9459d5f88bdb1839a41f117aaa658.jpg,0,0,0.9996,0.293,0.007,0.3,7.276,2.197,89.354,2.409,103.608
AoF00320_jpg.rf.4ef625580c01b8194ae9d48165b9e6e4.jpg,0,0,1.0,0.283,0.007,0.074,5.731,1.307,77.713,1.825,88.581
AoF00333_jpg.rf.bd78e10baea29a120ffc184df0e6b676.jpg,0,0,1.0,0.29,0.007,0.075,8.978,6.177,93.594,2.623,113.445
AoF00334_jpg.rf.d192700283829ef595cdfe729f26d391.jpg,0,0,1.0,0.292,0.007,0.076,9.992,6.007,75.01,2.08,95.127
AoF00448_jpg.rf.a883766e7b8b1cabd46ce6188820a739.jpg,0,0,1.0,0.294,0.006,0.074,6.811,1.298,76.626,2.144,88.893
AoF00492_jpg.rf.1f735ad24d017fb18975507abb66b465.jpg,0,0,1.0,0.287,0.006,0.077,5.976,1.959,76.044,1.898,87.981
AoF00641_jpg.rf.b41e7aa89810e31196d10dc4d9576863.jpg,0,0,1.0,0.287,0.006,0.077,9.419,6.247,75.528,1.98,95.162
AoF02732_jpg.rf.e17bd866551f3b848989475e165725f6.jpg,0,0,0.9999,0.374,0.005,0.063,9.295,5.974,82.589,3.748,103.698
AoF02763_jpg.rf.28edbae69cf214ee6d638a4d7091e002.jpg,0,0,1.0,0.287,0.007,0.076,8.781,5.201,75.845,1.861,93.636
AoF02764_jpg.rf.0d6977b260a15acfe5296a7915130075.jpg,0,0,1.0,0.291,0.006,0.071,5.608,4.483,82.131,2.724,96.9
AoF02765_jpg.rf.9b2e182a3340af6d1467fd6aef66eb2d.jpg,0,0,1.0,0.3,0.005,0.046,5.806,1.6,76.992,1.933,88.515
AoF02766_jpg.rf.6ec40745ca4a3c35f6e07abb5e17be3a.jpg,0,0,1.0,0.389,0.006,0.076,5.422,1.234,89.876,2.324,101.036
AoF02789_jpg.rf.bc85e2e9de545c766a80b4626764f156.jpg,0,0,0.9997,0.294,0.006,0.073,9.069,6.636,82.065,2.16,101.989
AoF02790_jpg.rf.334bb0cce2c137c2c7dafcf4e1f1c428.jpg,0,0,0.9973,0.29,0.006,0.075,7.522,6.675,93.392,2.14,111.823
AoF02791_jpg.rf.d23fea1ad7f22edee04a994f717255f1.jpg,0,0,0.9875,0.288,0.006,0.071,10.14,3.573,75.918,2.151,93.802
AoF02792_jpg.rf.200295462b123f89b780226d369b070f.jpg,0,0,0.9993,0.21,0.005,0.044,7.04,1.366,91.427,2.49,104.251
AoF02793_jpg.rf.3fdf03ed08188b1a180e8bd7e74fd306.jpg,0,0,0.9998,0.289,0.006,0.075,5.394,1.354,80.666,2.538,91.972
AoF02794_jpg.rf.20b7fe584fe888e0064470665b6f8429.jpg,0,0,0.9996,0.292,0.006,0.076,5.431,1.277,82.056,2.078,92.865
AoF02795_jpg.rf.86a17ffa40ae4eb9e3d8ea9c451e635f.jpg,0,0,0.9999,0.288,0.006,0.074,5.534,1.277,81.188,3.776,93.801
AoF02796_jpg.rf.6577604c06af76c91776b3a62236e564.jpg,0,0,0.9989,0.292,0.006,0.075,6.086,1.225,77.529,2.315,89.248
AoF02797_jpg.rf.341f101ed76778ac946a379ea6958b3d.jpg,0,0,0.9821,0.287,0.006,0.073,5.545,1.22,87.899,2.369,99.111
AoF03325_jpg.rf.9eb1426ece4f70ef61d127b5da87800e.jpg,0,0,1.0,0.288,0.007,0.075,5.294,1.215,77.243,2.009,87.874
AoF03593_jpg.rf.cdaa92bb38a03ee0a50a52372cd037fa.jpg,0,0,1.0,0.29,0.007,0.073,7.141,5.738,85.077,2.815,102.769
AoF03602_jpg.rf.4fa736156fc77f9e39cb1ef678010e13.jpg,0,0,0.9999,0.28,0.007,0.075,9.79,6.011,76.956,1.849,96.652
AoF03609_jpg.rf.c67baf7dcb1fb09ecbfac1554ee55f19.jpg,0,0,1.0,0.273,0.006,0.067,8.565,6.789,94.03,2.546,113.977
AoF03610_jpg.rf.e96a453a02a42e0c2ae9fc808e0dbb72.jpg,0,0,1.0,0.289,0.007,0.072,8.888,6.265,75.311,1.868,94.403
AoF03611_jpg.rf.bca56ef02fe6cf7dfffa18aa5765d443.jpg,0,0,1.0,0.295,0.007,0.075,9.494,6.757,77.436,1.926,97.693
AoF03612_jpg.rf.dc71b6a60c4d4dc58e05f6657c402315.jpg,0,0,1.0,0.289,0.007,0.073,10.159,6.225,76.366,2.025,96.859
AoF03613_jpg.rf.6f827142c234869a5617fa35a0e47c6b.jpg,0,0,1.0,0.289,0.006,0.074,12.387,6.724,75.685,2.361,99.192
AoF03614_jpg.rf.fd286064f242e2bd26fb966ef4e554a1.jpg,0,0,1.0,0.284,0.007,0.072,9.414,7.628,84.749,1.896,105.752
AoF03615_jpg.rf.18746a9a842142760870a8f1305c4876.jpg,0,0,1.0,0.285,0.007,0.073,9.096,6.262,74.998,1.833,94.21
AoF03667_jpg.rf.2ccea584fe8f00cde8eff65ecdd4b798.jpg,0,0,0.9999,0.292,0.006,0.072,9.742,6.001,89.618,2.501,109.918
AoF03834_jpg.rf.62e82fa9779ab74078f19725ef6bea2f.jpg,0,0,1.0,0.297,0.006,0.074,9.445,1.306,75.806,2.398,91.085
AoF03835_jpg.rf.2554daea0d703379d6ebee68f3ae8ba4.jpg,0,0,1.0,0.295,0.007,0.074,8.295,6.1,92.819,2.205,111.49
AoF03836_jpg.rf.ed8aa51c956ce2b61e3a372c75b1fbbe.jpg,0,0,1.0,0.287,0.007,0.075,5.25,3.578,75.051,1.858,87.721
FireSmokeVideo106_f12_jpg.rf.e7935969a4ff800c549865f559fac69c.jpg,0,1,0.6679,0.287,0.007,0.076,6.552,2.827,75.961,1.681,89.034
FireSmokeVideo10_f10_jpg.rf.72c154a0c363c9fd5179290fecffd196.jpg,0,0,0.5758,0.272,0.006,0.067,6.225,1.25,77.419,1.855,88.728
FireSmokeVideo10_f11_jpg.rf.04d3c2bf9c24dc7aec443a85f734729c.jpg,0,0,0.6093,0.287,0.007,0.072,6.138,1.209,77.421,1.917,88.674
FireSmokeVideo110_f103_jpg.rf.486fcc0265d4a181d419a7a146b35093.jpg,0,0,1.0,0.279,0.007,0.071,6.568,2.321,80.835,2.608,94.393
FireSmokeVideo116_f35_jpg.rf.a7a62747c678fe34b637eea77ff52ad2.jpg,0,1,0.4659,0.288,0.006,0.074,5.262,1.196,76.757,1.832,87.056
FireSmokeVideo116_f36_jpg.rf.1fe6f3d3c9e70c57638535ac79638353.jpg,0,0,0.6994,0.287,0.006,0.076,7.009,4.265,75.504,2.449,91.221
FireSmokeVideo131_f160_jpg.rf.295a748e151d61c8167ae79014782138.jpg,0,0,1.0,0.283,0.007,0.076,5.188,4.144,75.061,1.822,88.273
FireSmokeVideo13_f10_jpg.rf.15dc8f439d08f13f0705bb1b1fb8d426.jpg,0,0,1.0,0.282,0.006,0.073,10.346,1.388,81.304,5.066,100.111
FireSmokeVideo13_f9_jpg.rf.b107ad2d3a9f92d29b9c589709bd7909.jpg,0,0,1.0,0.284,0.007,0.075,5.93,6.119,81.432,1.917,97.458
FireSmokeVideo15_f104_jpg.rf.b435896d9b6c5614c173818e232f412f.jpg,0,0,1.0,0.379,0.007,0.075,7.137,4.355,86.903,2.191,102.745
FireSmokeVideo15_f11_jpg.rf.7a406dddbd5c99eea33bfb98000139a6.jpg,0,1,0.6154,0.285,0.006,0.072,5.905,1.219,77.465,1.997,88.631
FireSmokeVideo15_f49_jpg.rf.7ff1dd5161fa70a49fe92dbfe29a8cb7.jpg,0,0,1.0,0.281,0.006,0.074,5.447,3.264,87.616,2.488,100.86
FireSmokeVideo15_f50_jpg.rf.fbe2e073373817c7a1f2c76b434787a4.jpg,0,0,1.0,0.284,0.006,0.074,9.078,6.699,75.992,1.816,95.649
FireSmokeVideo15_f51_jpg.rf.2ec34db60a7b71e2222d57e33947bd4d.jpg,0,0,1.0,0.289,0.007,0.075,10.63,7.469,86.694,1.875,108.723
FireSmokeVideo15_f53_jpg.rf.420a5a71d6d56dc3965d4276ec298e5c.jpg,0,0,1.0,0.282,0.007,0.168,8.914,6.037,74.922,2.061,94.114
FireSmokeVideo15_f76_jpg.rf.72e38fa4115001d43ab4863f74ab9ae4.jpg,0,0,0.9892,0.28,0.006,0.074,7.957,4.209,85.834,2.005,101.994
FireSmokeVideo15_f95_jpg.rf.50e691cb05b1c82d92a87a6c44e486a6.jpg,0,0,1.0,0.285,0.006,0.074,5.738,4.239,82.041,4.919,99.175
FireSmokeVideo165_f223_jpg.rf.d061d05f3d1eba269b5876bba4b7675e.jpg,0,0,1.0,0.284,0.006,0.075,5.438,2.953,76.293,1.834,89.092
FireSmokeVideo165_f249_jpg.rf.be7fcbf453736026a3b5aa7ba3d0c875.jpg,0,0,1.0,0.292,0.007,0.076,5.593,3.394,88.575,2.587,102.157
FireSmokeVideo165_f250_jpg.rf.814a89a19a11530b49e6a743d68d13ac.jpg,0,0,1.0,0.283,0.006,0.073,5.258,3.059,75.643,1.828,87.8
FireSmokeVideo165_f72_jpg.rf.e736aa272731e7f888e60c07473036a0.jpg,0,0,1.0,0.285,0.007,0.072,9.169,6.481,92.494,2.482,112.645
FireSmokeVideo165_f73_jpg.rf.7f7931d664e717306f0355f1fac89a24.jpg,0,0,1.0,0.285,0.006,0.072,11.18,6.841,75.358,2.156,97.575
FireSmokeVideo165_f77_jpg.rf.91d75cbd9c1db8f16898dd5501ca804a.jpg,0,0,1.0,0.287,0.008,0.075,10.696,5.842,75.115,1.877,95.55
FireSmokeVideo165_f78_jpg.rf.53904202aa6fbb6d6a9c2157b0425932.jpg,0,0,1.0,0.287,0.007,0.073,9.694,5.874,83.563,2.367,103.562
FireSmokeVideo169_f107_jpg.rf.dc2aae8ebed513d6740f394b4fe17e8a.jpg,0,0,1.0,0.281,0.007,0.073,7.681,1.195,75.945,1.835,88.642
FireSmokeVideo169_f108_jpg.rf.526f90f07df91517e3b173fa429fd07b.jpg,0,0,1.0,0.293,0.006,0.074,5.456,1.274,90.927,1.877,101.593
FireSmokeVideo169_f109_jpg.rf.b0c4fcfcea1dee21175f6e59032ec550.jpg,0,0,1.0,0.284,0.007,0.074,5.142,1.267,76.791,1.802,86.971
FireSmokeVideo169_f110_jpg.rf.c79a0e94f5e994a47d406011dd03ee48.jpg,0,0,1.0,0.411,0.007,0.074,5.115,1.209,87.778,2.037,98.336
FireSmokeVideo169_f111_jpg.rf.63fba910ed1f59dbefe1602e9dfb93ea.jpg,0,0,1.0,0.289,0.007,0.074,5.168,1.28,77.544,1.898,87.861
FireSmokeVideo169_f114_jpg.rf.97a93a1256e3be1a2e633c5fe809b593.jpg,0,0,1.0,0.285,0.006,0.073,8.167,7.243,92.337,1.928,111.704
FireSmokeVideo169_f154_jpg.rf.1e64e89a4c6feedb0b67939359fcedc2.jpg,0,0,1.0,0.286,0.007,0.074,11.36,6.004,75.893,2.16,97.643
FireSmokeVideo169_f159_jpg.rf.5b0ecdcb4d0bb7a4545b2d7203690b22.jpg,0,0,1.0,0.285,0.006,0.077,6.308,7.366,75.399,1.875,93.015
FireSmokeVideo169_f177_jpg.rf.c54c82f1e06d1162d3be94cd6c328843.jpg,0,0,1.0,0.285,0.006,0.074,12.579,5.928,95.294,3.874,120.12
FireSmokeVideo169_f178_jpg.rf.773184ab739401ef637ee56437b78c8d.jpg,0,0,1.0,0.288,0.006,0.076,9.688,6.248,76.122,1.845,95.952
FireSmokeVideo171_f246_jpg.rf.6b4a5b733bc183f83180b4440142d204.jpg,0,1,0.5026,0.287,0.006,0.074,7.14,7.899,91.988,2.501,111.574
FireSmokeVideo171_f247_jpg.rf.53eb5a9c9c204776b860c470da967cc9.jpg,0,0,0.5666,0.283,0.007,0.074,5.938,3.994,76.1,1.899,89.929
FireSmokeVideo171_f248_jpg.rf.95dacd2398b2ec4b00a05008bd6733d4.jpg,0,0,0.8133,0.29,0.007,0.073,8.087,6.564,89.296,1.92,107.779
FireSmokeVideo171_f256_jpg.rf.4a1aaaf92c06a2d3a398210f51163b7e.jpg,0,0,0.9925,0.283,0.006,0.075,6.961,4.138,76.027,1.825,90.932
FireSmokeVideo171_f274_jpg.rf.5b2dccfbd136437588ec04a88300e368.jpg,0,1,0.6667,0.293,0.006,0.075,9.634,5.888,76.958,1.823,96.308
FireSmokeVideo175_f31_jpg.rf.c742de27ecb28cc6c95c49467a728cbe.jpg,0,1,0.981,0.281,0.006,0.072,11.614,6.229,76.647,2.57,99.099
FireSmokeVideo175_f34_jpg.rf.412c927a0a4e134d64eaa2db99b3d64b.jpg,0,1,0.7817,0.288,0.006,0.075,10.944,3.692,76.112,1.853,94.665
FireSmokeVideo175_f35_jpg.rf.960ddfe9332458db37f38cd6cf470132.jpg,0,0,0.9439,0.282,0.006,0.112,9.052,6.798,88.483,2.527,108.936
FireSmokeVideo175_f36_jpg.rf.75f944136f7e6bd106d02dd61e5a20fa.jpg,0,0,0.9796,0.284,0.006,0.077,9.446,2.299,74.866,1.79,90.388
FireSmokeVideo176_f40_jpg.rf.324f7efdc40de512447f5f4a00bcffb5.jpg,0,0,1.0,0.287,0.006,0.077,5.204,5.034,89.929,1.944,104.135
FireSmokeVideo178_f2_jpg.rf.5d876d3763e652c2c2e0261f7e0a8db7.jpg,0,0,0.9988,0.37,0.007,0.078,10.412,2.265,75.993,1.909,92.71
FireSmokeVideo179_f188_jpg.rf.6e9c5abd81d68a25b07efae409fd511c.jpg,0,0,1.0,0.294,0.006,0.077,8.97,6.315,90.489,2.023,109.893
FireSmokeVideo179_f237_jpg.rf.2bf4d92aeeaeb200bed8258af79af9cc.jpg,0,0,1.0,0.285,0.006,0.073,5.384,2.01,76.646,1.873,87.918
FireSmokeVideo180_f106_jpg.rf.4f2422c9a2e5a39a2ab990b7c75c8f20.jpg,0,0,1.0,0.303,0.007,0.077,12.933,6.057,74.429,1.982,97.442
FireSmokeVideo180_f116_jpg.rf.3581500dde899f1ebbe4a810308b5739.jpg,0,0,1.0,0.29,0.006,0.075,8.232,6.072,76.392,3.949,96.674
FireSmokeVideo180_f122_jpg.rf.7d50bcfab2cf267e084a92f39920bfc4.jpg,0,0,1.0,0.29,0.007,0.073,10.017,7.035,90.976,2.545,112.546
FireSmokeVideo180_f39_jpg.rf.a5648618010575360aa00535a2ed3824.jpg,0,0,1.0,0.289,0.006,0.075,10.349,5.806,88.593,2.451,109.217
FireSmokeVideo180_f40_jpg.rf.44623e1958f410370e298749f615dbcf.jpg,0,0,1.0,0.292,0.006,0.075,10.185,1.535,74.642,2.218,90.667
FireSmokeVideo180_f41_jpg.rf.0cf9b53b2d35fe3d267e62b55953dd56.jpg,0,0,1.0,0.29,0.007,0.072,6.724,6.778,90.206,2.066,107.873
FireSmokeVideo180_f51_jpg.rf.61bb71a643a1b6190010f070dafcba2c.jpg,0,0,1.0,0.4,0.026,0.08,10.95,6.097,76.345,2.043,97.592
FireSmokeVideo180_f53_jpg.rf.8849ada755960aae46819777e37ad5c0.jpg,0,0,1.0,0.287,0.007,0.074,11.999,5.093,76.213,1.764,97.087
FireSmokeVideo180_f72_jpg.rf.2046531853b40e646e4114f5e9363351.jpg,0,0,1.0,0.285,0.006,0.073,5.885,3.76,82.585,2.565,97.349
FireSmokeVideo180_f78_jpg.rf.527b5e9df7689d0888c47246818c4cc1.jpg,0,0,1.0,0.29,0.006,0.077,6.999,5.097,75.539,1.916,91.991
FireSmokeVideo180_f92_jpg.rf.f69d88725abd95578f55b0432714b51f.jpg,0,0,1.0,0.29,0.006,0.074,7.559,5.972,91.432,2.41,109.428
FireSmokeVideo180_f93_jpg.rf.66cda921f1e9954ae1188fea837971eb.jpg,0,0,1.0,0.287,0.006,0.075,10.026,6.18,77.929,1.894,98.109
FireSmokeVideo186_f66_jpg.rf.0e9ca5d8099de084a9190d9794de77a7.jpg,0,0,1.0,0.332,0.005,0.05,13.502,8.761,76.945,1.924,103.192
FireSmokeVideo188_f127_jpg.rf.185d7c725e73b67f9f391e31497c0c61.jpg,0,0,0.9997,0.294,0.006,0.076,7.275,5.849,76.018,1.966,93.2
FireSmokeVideo188_f72_jpg.rf.7a079390d965f64f1c4eb8a63eb5ba6f.jpg,0,0,0.9986,0.214,0.005,0.047,7.452,3.398,76.281,2.04,90.896
FireSmokeVideo188_f73_jpg.rf.af913a2925eed3f3fa5609460eed3cca.jpg,0,0,0.9544,0.345,0.007,0.075,8.496,5.949,78.85,3.055,98.434
FireSmokeVideo189_f100_jpg.rf.1829b1a550e0fec4f1a454a383e85614.jpg,0,0,0.9977,0.213,0.005,0.044,6.028,1.694,77.767,1.835,89.158
FireSmokeVideo189_f99_jpg.rf.81cd0494024521eedad130d9f2faa05c.jpg,0,0,0.9646,0.277,0.006,0.072,5.553,1.222,88.806,3.824,101.44
FireSmokeVideo190_f10_jpg.rf.4005c1d994cb4f99eee2f4b56435b2ea.jpg,0,0,1.0,0.289,0.007,0.125,5.27,1.263,77.085,1.827,87.59
FireSmokeVideo190_f14_jpg.rf.5e5979f2325019e0bdf2e05e9de4ac7e.jpg,0,0,0.9999,0.27,0.006,0.066,5.126,4.854,89.752,4.026,105.811
FireSmokeVideo190_f15_jpg.rf.14a21d3cdc8eed80a83c428466b6a329.jpg,0,0,1.0,0.22,0.004,0.047,10.333,6.45,76.06,1.852,96.649
FireSmokeVideo190_f16_jpg.rf.e0430f9f39a23113d0a4a9ac205c0c4e.jpg,0,0,1.0,0.289,0.007,0.073,7.163,6.469,90.131,2.168,107.958
FireSmokeVideo190_f181_jpg.rf.ffc11171b2044a04175529d15056719d.jpg,0,0,1.0,0.27,0.006,0.071,6.4,1.14,83.742,1.838,95.103
FireSmokeVideo190_f182_jpg.rf.420d7bc9bffb86d2ff09819e8d1a2021.jpg,0,0,1.0,0.261,0.006,0.065,5.42,1.155,93.288,2.392,104.17
FireSmokeVideo190_f187_jpg.rf.83146e746ca1ed98821ef1f66fecff82.jpg,0,0,0.7355,0.291,0.007,0.164,5.648,1.229,75.742,1.897,86.695
FireSmokeVideo190_f20_jpg.rf.8d4cbbbc1cbddf902918dbab8676ebec.jpg,0,0,1.0,0.29,0.007,0.073,8.704,5.957,88.384,2.124,107.244
FireSmokeVideo190_f25_jpg.rf.acdfc32b43910b09506a5fb8fc48855d.jpg,0,0,0.9778,0.287,0.007,0.074,10.267,5.892,75.98,1.958,96.118
FireSmokeVideo190_f29_jpg.rf.432647de4c17fb1301d8edc973a1422c.jpg,0,0,1.0,0.298,0.007,0.075,11.701,1.32,81.137,2.21,98.821
FireSmokeVideo190_f30_jpg.rf.4294b0f5d4422e129be8dda013b3ea46.jpg,0,0,0.9903,0.284,0.006,0.077,5.646,1.303,88.834,3.736,101.767
FireSmokeVideo190_f31_jpg.rf.7d1b978f5d853086e449194fd382348f.jpg,0,0,1.0,0.21,0.004,0.046,5.62,1.668,77.104,1.889,88.199
FireSmokeVideo190_f33_jpg.rf.4097dcd746bc2d8893be93f79adc1593.jpg,0,0,1.0,0.28,0.006,0.073,5.541,1.448,78.889,2.558,90.451
FireSmokeVideo190_f34_jpg.rf.39ecf9b0e51d7a7172aba086531aacbf.jpg,0,0,1.0,0.216,0.005,0.048,6.013,1.899,76.561,1.851,88.239
FireSmokeVideo190_f36_jpg.rf.464db893d881a5b4296741be4d8fcee2.jpg,0,0,0.9452,0.287,0.006,0.077,5.331,1.23,78.948,4.281,91.9
FireSmokeVideo190_f37_jpg.rf.fbacbdcd5ddaf31b43d73c9cd37b2fa6.jpg,0,0,1.0,0.289,0.007,0.074,8.794,7.37,76.317,1.846,96.235
FireSmokeVideo190_f39_jpg.rf.b9f7da521f9ab66df8f522063485b127.jpg,0,0,0.97,0.289,0.007,0.072,9.666,1.323,89.064,2.501,104.59
FireSmokeVideo190_f43_jpg.rf.26a435b11a41a305c4c95850bf9ee41f.jpg,0,0,0.9991,0.282,0.007,0.074,5.674,1.219,77.222,1.873,88.071
FireSmokeVideo190_f44_jpg.rf.555a010fc3b01c059c77b67be23e07e1.jpg,0,0,1.0,0.295,0.006,0.077,5.402,2.353,92.62,2.139,104.53
FireSmokeVideo190_f45_jpg.rf.96aac59f922e2a037a347cd948ec342f.jpg,0,0,0.6927,0.294,0.007,0.075,8.515,4.266,80.397,2.239,97.475
FireSmokeVideo190_f47_jpg.rf.bb753583844a1368d131d66c9d15a77f.jpg,0,0,0.9989,0.284,0.007,0.074,9.697,8.606,84.134,1.924,106.473
FireSmokeVideo190_f50_jpg.rf.b59b382d976e3f719e64aff222ada870.jpg,0,0,0.9907,0.291,0.006,0.073,6.322,4.025,75.68,1.842,89.921
FireSmokeVideo190_f51_jpg.rf.f71d71bf70509e6c07717e70a38f028f.jpg,0,0,1.0,0.29,0.007,0.072,9.987,5.967,77.274,1.891,97.208
FireSmokeVideo190_f62_jpg.rf.5200a09d7d483dc738a55e8429a6797b.jpg,0,0,1.0,0.294,0.006,0.184,10.158,1.908,75.875,1.919,91.98
FireSmokeVideo190_f78_jpg.rf.376dd9ce4c605ab15be8a78f7b5d04f7.jpg,0,0,0.9989,0.291,0.007,0.074,6.528,1.169,77.24,1.794,88.705
FireSmokeVideo190_f79_jpg.rf.9790dbaf5adffba017629cb22dac55cd.jpg,0,0,0.9992,0.333,0.007,0.075,7.526,7.218,84.455,2.803,104.063
FireSmokeVideo190_f84_jpg.rf.d6bb56ba70ca8da8f0b85c92e9f46e3d.jpg,0,0,0.9995,0.297,0.006,0.075,8.263,1.277,77.883,1.912,91.39
FireSmokeVideo190_f85_jpg.rf.45cfa7e8e8284324e03b3a397f0ba042.jpg,0,0,0.9948,0.285,0.006,0.074,5.669,1.819,87.066,2.064,98.657
FireSmokeVideo190_f89_jpg.rf.428b73b5b6d6eb48a2a7a6f1dfb11e1a.jpg,0,0,1.0,0.213,0.004,0.044,11.411,5.997,76.253,2.42,97.929
FireSmokeVideo190_f90_jpg.rf.1a94b3cc9d99e50090b2863817ac9217.jpg,0,0,1.0,0.294,0.006,0.076,11.504,1.262,90.374,2.536,107.761
FireSmokeVideo190_f92_jpg.rf.541df4b13793ebddca784c26b2595231.jpg,0,0,1.0,0.288,0.006,0.073,5.401,2.302,82.006,1.992,93.739
FireSmokeVideo190_f97_jpg.rf.9bfee7897ee0758732afce5d08c48770.jpg,0,0,1.0,0.281,0.007,0.072,10.419,6.747,88.214,2.103,109.87
FireSmokeVideo190_f98_jpg.rf.39459fad084de5cc27331eb4449d0c0d.jpg,0,0,1.0,0.285,0.007,0.074,9.993,6.035,75.788,1.95,95.757
FireSmokeVideo190_f9_jpg.rf.3d586de29386d699c5f3e33d0aba104b.jpg,0,0,1.0,0.304,0.005,0.062,10.255,6.341,75.826,1.874,95.993
FireSmokeVideo198_f73_jpg.rf.4d61a0b4edb6ab818616058beeee66b0.jpg,0,1,0.5186,0.291,0.007,0.074,10.083,6.015,76.254,3.066,97.453
FireSmokeVideo207_f127_jpg.rf.6ba914c5d032dc249a29379268533a39.jpg,0,0,1.0,0.283,0.007,0.071,10.573,4.388,81.244,1.848,100.063
FireSmokeVideo207_f131_jpg.rf.cde66df582cf5d41126a7a74ecdd2af0.jpg,0,0,1.0,0.277,0.006,0.071,11.685,1.695,98.784,2.442,116.404
FireSmokeVideo207_f18_jpg.rf.a26a33caeada4a5638804f3c1cf9beee.jpg,0,0,1.0,0.288,0.007,0.075,6.842,1.972,75.851,1.852,88.69
FireSmokeVideo20_f5_jpg.rf.73c778ef3c250b3c12e4580c1ed88458.jpg,0,0,1.0,0.28,0.007,0.077,9.119,6.459,90.139,2.002,109.853
FireSmokeVideo210_f90_jpg.rf.75dbe57ddb42b7bfe2c76c687c364169.jpg,0,0,0.9997,0.295,0.006,0.074,9.881,1.731,75.971,1.891,91.525
FireSmokeVideo213_f110_jpg.rf.d3b28fbcaeffb3b7749184cbcf2846ff.jpg,0,0,1.0,0.295,0.006,0.077,9.597,1.249,82.597,1.895,97.357
FireSmokeVideo213_f111_jpg.rf.e49bcd5689eb8a365398c32c79dff904.jpg,0,0,1.0,0.282,0.006,0.071,5.419,3.67,83.5,4.911,99.55
FireSmokeVideo213_f112_jpg.rf.20d76f206f654b5dd16dfa0c32343cec.jpg,0,0,1.0,0.284,0.006,0.073,6.816,6.655,76.349,2.225,94.118
FireSmokeVideo213_f95_jpg.rf.f3bb461fc999e5c24dec098e76eccda1.jpg,0,0,1.0,0.288,0.006,0.076,10.879,1.248,87.794,2.459,104.476
FireSmokeVideo213_f97_jpg.rf.c23729f330dff706287300769e7f0d11.jpg,0,0,1.0,0.332,0.007,0.075,10.973,1.271,90.256,1.824,106.389
FireSmokeVideo215_f1_jpg.rf.868b82b18572fdd880565c1675677ef5.jpg,0,0,0.9764,0.288,0.006,0.075,5.381,2.139,92.805,1.899,104.204
FireSmokeVideo228_f123_jpg.rf.8e543eeefa611a496973b1f91d556a5a.jpg,0,0,1.0,0.287,0.006,0.072,5.721,6.482,75.459,1.84,91.567
FireSmokeVideo228_f124_jpg.rf.fb4eb18bab30cc76728ddd3df75083a0.jpg,0,0,1.0,0.291,0.006,0.075,10.176,1.22,75.862,2.242,91.556
FireSmokeVideo228_f150_jpg.rf.4c9791671922cb8ec71de00bc52cf22d.jpg,0,0,0.9995,0.28,0.006,0.075,5.517,1.251,77.496,3.014,89.272
FireSmokeVideo228_f151_jpg.rf.39c17ab4e3018cd6182ddaf7b136a736.jpg,0,0,0.9994,0.288,0.006,0.076,5.545,3.481,75.211,1.824,88.057
FireSmokeVideo228_f152_jpg.rf.61b28496e7425480f1877fd845f411c6.jpg,0,0,0.9999,0.283,0.007,0.073,10.546,3.469,89.014,5.924,111.022
FireSmokeVideo243_f79_jpg.rf.2a074fd0636c9c351228073f8feacee9.jpg,0,0,1.0,0.285,0.006,0.072,5.175,5.443,75.974,2.145,90.747
FireSmokeVideo243_f83_jpg.rf.b972b70e0eee7676c8624aed058fa6a0.jpg,0,0,1.0,0.284,0.006,0.074,6.218,6.091,89.097,2.471,105.925
FireSmokeVideo24_f140_jpg.rf.a64bead9da6d4af439a00ddbe0d9fc5c.jpg,0,1,0.9998,0.286,0.007,0.074,7.393,5.506,86.822,2.243,103.949
FireSmokeVideo24_f146_jpg.rf.a266a37092ac25175498c0859180e089.jpg,0,1,0.9999,0.291,0.007,0.074,10.966,5.825,76.567,2.254,97.546
FireSmokeVideo24_f147_jpg.rf.176086c06e07cdc9cc4b3af2cd0b1f19.jpg,0,0,1.0,0.286,0.006,0.075,10.116,6.983,91.727,2.297,113.159
FireSmokeVideo254_f69_jpg.rf.ebbb51ff76a0bb20447c3044db8d64c7.jpg,0,0,0.9993,0.289,0.006,0.073,6.458,1.212,77.207,1.885,88.781
FireSmokeVideo25_f169_jpg.rf.7fc318752e76f1b7c3ab326cfdc7ef9a.jpg,0,0,1.0,0.29,0.006,0.075,7.645,5.95,89.113,2.52,107.279
FireSmokeVideo26_f0_jpg.rf.2983f26f82282bb930752f440f445e07.jpg,0,0,0.9998,0.29,0.006,0.075,8.994,5.982,75.401,2.25,94.685
FireSmokeVideo26_f10_jpg.rf.a21f062cb0eadedcee5777e8ac9de19a.jpg,0,0,0.9982,0.286,0.007,0.077,9.589,7.235,90.896,1.939,111.724
FireSmokeVideo26_f1_jpg.rf.6206e8fc83900494414ee699b9179468.jpg,0,0,0.9999,0.293,0.007,0.075,10.785,1.246,82.754,2.637,99.571
FireSmokeVideo26_f3_jpg.rf.babf77b97e250e79e5efe67a5760d358.jpg,0,0,0.9999,0.288,0.007,0.075,6.522,2.393,91.441,1.856,104.27
FireSmokeVideo26_f7_jpg.rf.a5de9792189377594f507b21ec815104.jpg,0,0,1.0,0.288,0.007,0.189,6.374,1.212,84.771,5.72,100.344
FireSmokeVideo278_f283_jpg.rf.3b585e672dd1937fddf25f6d6f4ceadd.jpg,0,1,1.0,0.29,0.006,0.076,5.847,1.296,76.592,1.89,87.667
FireSmokeVideo278_f294_jpg.rf.467e0cc327af33b10c02e2f8ae5d6ba0.jpg,0,0,1.0,0.31,0.006,0.071,5.79,3.556,86.986,5.766,104.211
FireSmokeVideo284_f121_jpg.rf.fdbe04ae4eed7b7a28ff28553da6bf27.jpg,0,0,1.0,0.294,0.006,0.074,6.865,1.243,83.032,1.986,95.193
FireSmokeVideo284_f122_jpg.rf.6119fc7db8290786a217b7afd53a0669.jpg,0,0,0.9993,0.291,0.006,0.076,5.446,1.241,90.971,2.529,102.242
FireSmokeVideo286_f100_jpg.rf.c7ec7cd93d0f37f3c3c701df96304f23.jpg,0,1,0.6666,0.291,0.007,0.076,6.134,1.243,77.162,1.854,88.416
FireSmokeVideo286_f103_jpg.rf.4b5064fa4ee13a7c06c20af6a3e0acb0.jpg,0,0,0.9457,0.291,0.006,0.074,10.572,3.247,90.419,2.667,109.012
FireSmokeVideo286_f69_jpg.rf.4d34db590c60c0dc5d4d70a114cc20b9.jpg,0,0,0.9077,0.292,0.007,0.075,5.849,1.295,77.157,1.936,88.269
FireSmokeVideo286_f70_jpg.rf.c03ac5f9fc4f8276ae8e059c66c4f52a.jpg,0,0,0.7509,0.293,0.006,0.074,8.7,6.289,104.469,2.475,124.634
FireSmokeVideo286_f98_jpg.rf.540be8d5be8da93a75b92274368a2e86.jpg,0,0,0.9983,0.289,0.007,0.074,9.92,5.966,77.083,2.572,97.595
FireSmokeVideo292_f8_jpg.rf.55879dec22b000f6bbdc5cd2f02fb441.jpg,0,0,0.6606,0.291,0.007,0.076,6.028,1.236,77.812,2.255,89.462
FireSmokeVideo298_f19_jpg.rf.9fa7ba5c40481d8d8ad8b5d62cec553d.jpg,0,1,0.6652,0.29,0.006,0.077,10.557,6.027,81.033,3.48,103.124
FireSmokeVideo298_f20_jpg.rf.bc8319c854288eae9c66ec2bfaee4a27.jpg,0,0,0.9254,0.287,0.007,0.074,10.289,5.441,75.763,1.811,95.422
FireSmokeVideo298_f22_jpg.rf.b855d510b4bbc99dfce1908d68c729d9.jpg,0,0,0.9997,0.286,0.007,0.071,5.302,4.916,93.487,2.497,108.186
FireSmokeVideo298_f44_jpg.rf.c77d5088c64203833918fa05dde577c8.jpg,0,0,1.0,0.286,0.006,0.073,5.567,1.205,76.663,1.836,87.248
FireSmokeVideo298_f45_jpg.rf.5a58a632b5d1bba25ceebf39ab76eb23.jpg,0,0,1.0,0.284,0.006,0.072,5.636,1.264,93.628,2.496,105.002
FireSmokeVideo298_f51_jpg.rf.3c7f310c4c342f181778fd96c0fd3101.jpg,0,0,1.0,0.287,0.006,0.073,6.31,4.088,75.931,4.812,93.141
FireSmokeVideo298_f57_jpg.rf.866637c1e770e51e9dd7f4f77d33ac5d.jpg,0,0,1.0,0.291,0.007,0.077,11.382,6.104,80.155,2.293,101.976
FireSmokeVideo298_f62_jpg.rf.f75330b26fc0ee350a516540f7339476.jpg,0,0,1.0,0.284,0.007,0.073,10.844,6.05,81.654,2.713,103.274
FireSmokeVideo299_f231_jpg.rf.6f6bef9c90255660f5f1f65832250f1f.jpg,0,0,1.0,0.288,0.006,0.075,8.903,3.683,76.179,1.806,92.626
FireSmokeVideo299_f233_jpg.rf.393840129a8cb0c31615bc426b7844a7.jpg,0,0,1.0,0.288,0.006,0.075,5.218,1.171,86.027,4.32,98.727
FireSmokeVideo299_f234_jpg.rf.83a284811a1f4595dec27b94e3618fed.jpg,0,0,1.0,0.287,0.006,0.075,15.272,5.726,75.171,1.951,100.063
FireSmokeVideo299_f57_jpg.rf.3003825ade3f8dd50c8c364ef8f56917.jpg,0,0,0.9999,0.27,0.006,0.067,11.562,1.233,93.534,2.563,110.869
FireSmokeVideo299_f58_jpg.rf.a819c6d0717906d2b4d9952475219d0c.jpg,0,1,0.5811,0.289,0.007,0.076,6.575,6.462,82.079,1.874,98.942
FireSmokeVideo304_f132_jpg.rf.f2b223a258654428fa2060fbbea147c2.jpg,0,0,1.0,0.291,0.006,0.073,12.875,6.977,76.166,1.864,99.9
FireSmokeVideo304_f141_jpg.rf.9e79b17d4efdc0e59187da6a7a045703.jpg,0,0,1.0,0.291,0.007,0.077,5.473,6.028,86.278,2.597,102.506
FireSmokeVideo304_f14_jpg.rf.8afa6d007bb30fd89caef00c8aa0ec97.jpg,0,0,1.0,0.284,0.008,0.074,6.542,1.23,77.285,1.773,88.846
FireSmokeVideo304_f17_jpg.rf.12318b5f2d512bfee0f7098846458eda.jpg,0,0,1.0,0.317,0.006,0.071,5.251,1.202,76.809,2.097,87.401
FireSmokeVideo304_f29_jpg.rf.8f149375f999b9eed19c27510cbc6c1a.jpg,0,0,1.0,0.293,0.007,0.075,5.645,1.242,78.181,5.466,92.568
FireSmokeVideo306_f125_jpg.rf.0441fd68b9514ae960d905819f69f419.jpg,0,0,1.0,0.291,0.006,0.075,6.367,1.236,84.127,2.565,96.343
FireSmokeVideo306_f130_jpg.rf.f28ca320ebdc98fd48cc6dde305d1456.jpg,0,0,0.8756,0.286,0.007,0.075,6.218,4.29,75.57,1.859,89.882
FireSmokeVideo306_f160_jpg.rf.6896d503af0e6e3c52614def94d17ed1.jpg,0,0,1.0,0.281,0.007,0.076,5.673,3.144,87.997,2.23,101.073
FireSmokeVideo306_f61_jpg.rf.8f56d35ac1aa7cd3fa9f30f4089d896a.jpg,0,0,1.0,0.284,0.007,0.075,6.059,1.249,77.729,1.905,88.964
FireSmokeVideo306_f74_jpg.rf.809c8158e2087165d9eb87095e4034c8.jpg,0,0,0.9998,0.288,0.007,0.158,5.709,4.194,86.235,2.585,100.836
FireSmokeVideo306_f76_jpg.rf.a4eb63dc2d9b096269da3c2ff7c7f1c0.jpg,0,0,0.997,0.291,0.006,0.074,7.421,6.148,82.351,1.939,99.916
FireSmokeVideo306_f77_jpg.rf.01e6a2f7f15d0e61c1a8695354f8b8b5.jpg,0,1,0.8022,0.29,0.007,0.075,8.973,6.577,87.464,2.142,107.513
FireSmokeVideo306_f82_jpg.rf.4d2ff12ff0a82f4fb5aa1f81d1c56af3.jpg,0,0,1.0,0.288,0.006,0.073,8.571,2.988,76.065,1.947,91.633
FireSmokeVideo306_f83_jpg.rf.9553c6ae2c265264c69d88104c35b5d0.jpg,0,0,1.0,0.306,0.007,0.076,11.078,5.915,77.148,1.705,97.925
FireSmokeVideo306_f96_jpg.rf.95f7773a10f7eebde029fc0df9b8ca70.jpg,0,0,0.9991,0.262,0.006,0.066,6.749,3.581,75.477,2.154,90.205
FireSmokeVideo306_f9_jpg.rf.4645fea87209aef5010802df2d4dd62d.jpg,0,0,1.0,0.285,0.007,0.1,10.145,1.372,77.472,1.914,92.547
FireSmokeVideo307_f3_jpg.rf.0ed1c99f54dacda76518591cf2b5951a.jpg,0,0,1.0,0.278,0.007,0.073,8.211,5.966,87.65,2.191,106.04
FireSmokeVideo307_f4_jpg.rf.f55387fd2e8a563b65e67a71b4f6944c.jpg,0,0,1.0,0.287,0.007,0.075,8.765,5.991,75.476,1.949,94.207
FireSmokeVideo322_f89_jpg.rf.4a185a3062840ae07cbed9b87995a77d.jpg,0,0,1.0,0.289,0.006,0.073,8.97,5.972,101.583,2.483,121.049
FireSmokeVideo325_f143_jpg.rf.8423cc958df449029b6f5fe9ff817771.jpg,0,1,0.9949,0.297,0.006,0.078,8.45,3.173,76.44,2.196,92.353
FireSmokeVideo325_f144_jpg.rf.6264a0dd18fd4c877ad22b57d459e70a.jpg,0,1,1.0,0.293,0.007,0.082,9.793,6.56,77.035,1.854,97.378
FireSmokeVideo332_f101_jpg.rf.f95cc74c0235325102dfe8041f176cbd.jpg,0,0,0.9923,0.346,0.007,0.076,10.712,2.163,79.544,2.708,97.172
FireSmokeVideo332_f102_jpg.rf.577a540ebd2252fb03efa147bf545ed3.jpg,0,0,0.9765,0.289,0.007,0.074,7.118,1.227,75.568,2.169,88.068
FireSmokeVideo332_f103_jpg.rf.e36ba9dd86b95634d5f9c5f6cb189175.jpg,0,0,1.0,0.29,0.007,0.076,9.394,6.352,86.884,2.492,107.221
FireSmokeVideo332_f104_jpg.rf.f9454505fa3e5873ffcd01c826af39cc.jpg,0,0,1.0,0.338,0.007,0.074,9.273,1.198,76.343,1.853,90.805
FireSmokeVideo332_f105_jpg.rf.cdcbce23a25f8b70905e9cab03240be9.jpg,0,0,0.9999,0.284,0.007,0.074,6.156,3.759,88.903,2.484,103.305
FireSmokeVideo332_f106_jpg.rf.ebb0dd5e29cebe599e44585b4be69af3.jpg,0,0,1.0,0.289,0.006,0.075,6.754,7.782,75.552,1.85,93.975
FireSmokeVideo332_f107_jpg.rf.2dc9ba22acd22e3060fea0599b349d02.jpg,0,0,1.0,0.289,0.007,0.075,11.596,7.106,90.649,2.093,114.215
FireSmokeVideo33_f0_jpg.rf.435b720a83e486e82aa526b650469a3e.jpg,0,0,1.0,0.297,0.007,0.075,10.072,5.963,81.805,2.603,102.483
FireSmokeVideo341_f103_jpg.rf.79fda3fff7c896595a8ecf857975f3f7.jpg,0,0,0.9998,0.294,0.006,0.076,9.341,6.023,75.181,1.913,94.495
FireSmokeVideo341_f104_jpg.rf.4af9032aae8491e30e066eb91f8ac142.jpg,0,0,0.999,0.296,0.006,0.077,8.642,5.921,89.413,2.576,108.708
FireSmokeVideo342_f22_jpg.rf.82bba1c508666dee6e496695200bbb8a.jpg,0,0,1.0,0.288,0.006,0.076,9.812,5.903,80.776,2.204,100.697
FireSmokeVideo342_f25_jpg.rf.e184fead430f54494545ef45bab59835.jpg,0,0,1.0,0.299,0.006,0.074,12.042,5.989,75.51,1.854,97.49
FireSmokeVideo342_f26_jpg.rf.979f8b29494311932d5db244a68bc710.jpg,0,0,1.0,0.288,0.007,0.072,9.211,1.285,75.878,2.142,90.583
FireSmokeVideo342_f38_jpg.rf.c5528099e1a817ddf0c93d3d7d5be82b.jpg,0,0,0.6667,0.283,0.006,0.075,9.626,6.377,75.611,2.27,95.826
FireSmokeVideo342_f39_jpg.rf.3237e2450e5bb9e8db8ace397d38b203.jpg,0,0,0.6619,0.289,0.006,0.074,8.468,1.911,96.317,2.212,111.102
FireSmokeVideo343_f24_jpg.rf.67e3e04b9d43869106a5ad8b551e715f.jpg,0,0,1.0,0.293,0.006,0.076,5.615,1.332,81.429,2.072,92.483
FireSmokeVideo3_f12_jpg.rf.5b1ea6579aa0594d3f6e1d1ceba4b13d.jpg,0,0,1.0,0.281,0.007,0.071,5.714,1.255,87.517,2.095,98.654
FireSmokeVideo5_f77_jpg.rf.9894f40bc8bc06c4ef4693262309ea03.jpg,0,0,1.0,0.286,0.006,0.077,5.593,1.249,77.143,1.834,87.904
FireSmokeVideo62_f1231_jpg.rf.8d77171a6bf50a59f3090f15a381342a.jpg,0,0,1.0,0.295,0.007,0.075,7.048,3.99,89.036,2.471,104.571
FireSmokeVideo62_f617_jpg.rf.2de0740a4f5d6023961f94b503d9cc81.jpg,0,0,0.9997,0.29,0.006,0.073,6.702,2.288,76.14,1.835,88.993
FireSmokeVideo64_f433_jpg.rf.d5c6d78fadb9745e3f6d445b99596945.jpg,0,0,1.0,0.217,0.005,0.047,7.983,1.164,75.936,3.484,90.388
FireSmokeVideo72_f20_jpg.rf.7d8030a6cd6c32d5d70fcd1ccf6f1851.jpg,0,0,0.9998,0.29,0.006,0.076,6.002,3.458,79.743,3.206,94.526
FireSmokeVideo72_f21_jpg.rf.31e015c5d78748e06b6267d20f778eec.jpg,0,0,0.9998,0.287,0.007,0.074,5.708,4.026,79.33,2.82,93.947
FireSmokeVideo72_f22_jpg.rf.a32f5fb03b198fb97b6359b0833dcdfa.jpg,0,1,0.6454,0.293,0.006,0.076,6.094,1.219,85.415,2.256,97.098
FireVideo158_f111_jpg.rf.27ffcca462ee9f9a256f26661d681386.jpg,0,0,1.0,0.289,0.007,0.077,7.471,1.262,76.289,1.893,89.015
FireVideo15_f130_jpg.rf.e621d8ab572799fcc1785db8615813ae.jpg,0,0,0.9997,0.378,0.006,0.078,7.89,1.267,89.695,2.522,103.489
FireVideo15_f131_jpg.rf.7fb5bc6ef081b7c9527db33c8c239fc2.jpg,0,0,0.8636,0.293,0.007,0.079,7.644,1.873,75.019,1.868,88.464
FireVideo239_f50_jpg.rf.4c0696ddfdd021b865b578ab9d3e55ef.jpg,0,0,1.0,0.293,0.007,0.074,10.013,6.425,90.589,2.492,111.736
FireVideo239_f78_jpg.rf.cf31e1b8c8543de7b96840d7d37f72ac.jpg,0,0,1.0,0.284,0.006,0.073,6.927,1.235,74.636,2.19,87.085
FireVideo239_f82_jpg.rf.6a860ead87e49ff29e75d1cac5808af9.jpg,0,0,1.0,0.29,0.006,0.073,6.924,6.491,75.224,1.812,92.455
FireVideo241_f45_jpg.rf.478e0d66531070df0b9b93f253a14396.jpg,0,0,0.9996,0.285,0.007,0.077,8.783,5.882,79.731,4.268,100.683
FireVideo241_f54_jpg.rf.fc726ce63be0ba32b4769baea213de61.jpg,0,0,1.0,0.287,0.007,0.151,9.559,6.037,84.207,2.149,104.114
FireVideo49_f65_jpg.rf.61ee2a07a3274650db7eff57d3aaf2ff.jpg,0,0,0.9986,0.29,0.007,0.074,8.794,1.306,87.461,2.481,102.195
FireVideo55_f23_jpg.rf.ef02175ddda17a80c74ecd332371cfac.jpg,0,0,0.9776,0.289,0.007,0.078,6.862,3.355,76.228,1.86,90.357
FrameVideoManual2032_png.rf.e8665d0a9cf6aaa0f101f83665a5b65d.jpg,0,0,1.0,0.289,0.006,0.073,9.838,7.243,85.146,1.919,106.345
FrameVideoManual2083_png.rf.5a95dcf0e1b09845fc631abed42adcf1.jpg,0,0,0.9998,0.374,0.007,0.075,6.25,4.294,75.399,2.122,90.286
FrameVideoManual2089_png.rf.db7e0b55e0526e4a2edb6cb32d9296a1.jpg,0,0,0.9999,0.286,0.007,0.119,13.141,1.408,76.96,1.869,95.444
FrameVideoManual2090_png.rf.41fc449e13cf69ed44027675410d7c68.jpg,0,0,0.9998,0.294,0.007,0.077,5.387,1.239,81.253,3.51,93.48
FrameVideoManual2091_png.rf.0d900722d707762eaae5eb15063c2da8.jpg,0,0,0.9995,0.292,0.007,0.076,5.332,1.369,77.822,1.926,88.459
FrameVideoManual2092_png.rf.f2bfb439906bf107da35d20a7a7f4d3e.jpg,0,0,1.0,0.288,0.007,0.076,10.281,5.995,88.7,2.308,109.382
FrameVideoManual2093_png.rf.f6dbcfa86f94ad6e6310f749e0816510.jpg,0,0,0.8934,0.3,0.006,0.077,10.322,1.366,76.684,1.864,92.295
FrameVideoManual2116_png.rf.402132d306de4d5c04112006c02d1cb0.jpg,0,0,1.0,0.294,0.006,0.076,7.29,5.968,95.076,2.541,112.945
FrameVideoManual2118_png.rf.9150bc1f3199041e245b005506739e27.jpg,0,0,1.0,0.287,0.007,0.075,7.443,1.282,75.304,2.259,88.338
FrameVideoManual2169_png.rf.38ec584e28bd76e9f98f824b3534306c.jpg,0,0,1.0,0.299,0.007,0.074,10.155,2.808,77.971,1.857,95.181
FrameVideoManual2170_png.rf.22a05cf7111fc7eef9109531efe92d25.jpg,0,0,1.0,0.286,0.006,0.072,8.158,2.428,76.152,2.345,91.298
FrameVideoManual2230_png.rf.039238af00c8c4cd9a6ca7ac8be1cdd1.jpg,0,0,0.9994,0.293,0.006,0.078,8.594,6.631,75.545,1.913,94.732
FrameVideoManual2231_png.rf.3309a2542466ddb427e031acff91e25d.jpg,0,0,0.9994,0.319,0.007,0.075,9.813,6.288,88.402,2.518,109.1
FrameVideoManual2242_png.rf.eab7b48edfc6fd026048810ea1870414.jpg,0,0,0.9983,0.289,0.007,0.077,9.223,5.966,75.413,1.954,94.625
FrameVideoManual2243_png.rf.e223bd998734e1e67ba639dcbd6aab34.jpg,0,0,0.9988,0.289,0.006,0.073,10.268,1.771,96.057,2.392,112.753
FrameVideoManual2246_png.rf.aa70004759db861e184e778ff63177c1.jpg,0,0,0.9999,0.291,0.007,0.072,10.141,6.223,76.172,1.837,96.458
FrameVideoManual2336_png.rf.0fb7cf9db03ee9c6bd7e3593b2c714ec.jpg,0,0,1.0,0.217,0.005,0.048,9.975,5.983,76.558,2.294,96.656
FrameVideoManual2337_png.rf.dffb18758e5f3287fc4f315fb0b16c02.jpg,0,0,1.0,0.293,0.007,0.075,9.828,7.151,74.478,2.518,95.94
FrameVideoManual2399_png.rf.470d96cd2b76463ddb04cee684b0397d.jpg,0,0,1.0,0.284,0.007,0.073,11.887,5.866,75.528,1.829,97.205
FrameVideoManual2402_png.rf.64d4092e99d6646829066cdd0c766d25.jpg,0,0,1.0,0.282,0.007,0.074,9.197,1.287,89.517,2.507,104.63
FrameVideoManual2403_png.rf.d6dc9bf0d42120b19f2b4aeca85d107b.jpg,0,0,1.0,0.29,0.008,0.076,8.836,5.981,74.983,1.899,93.728
FrameVideoManual2404_png.rf.48da6ff93cc6c0a46451dbc4053f56bf.jpg,0,0,0.9998,0.295,0.007,0.078,12.806,2.249,77.645,2.195,96.901
FrameVideoManual2420_png.rf.97ec3244753f6b01eb0c5d4a19bb7d61.jpg,0,0,1.0,0.286,0.006,0.075,7.192,6.514,100.573,2.284,118.587
FrameVideoManual2462_png.rf.41b88eac91f3ffd6debd1422c31d6c9c.jpg,0,0,1.0,0.327,0.006,0.074,9.947,5.903,76.748,1.923,96.496
FrameVideoManual2464_png.rf.afcc3ca4cea6b146f97e525a5186dc84.jpg,0,0,0.9999,0.337,0.006,0.071,9.02,1.435,89.911,2.535,105.018
FrameVideoManual2465_png.rf.49f34927ae8fd53a390f220f8c55411f.jpg,0,0,0.9747,0.332,0.007,0.077,7.821,5.976,76.196,1.859,93.9
FrameVideoManual2466_png.rf.456410e5fb4c41f37fbcd1dfb2b6de73.jpg,0,0,0.9734,0.294,0.006,0.074,11.202,6.448,97.926,2.052,119.978
FrameVideoManual2470_png.rf.1b3147255c1b516b3bef046e5ce66928.jpg,0,0,0.9998,0.348,0.006,0.074,11.593,5.929,76.374,2.516,98.519
FrameVideoManual2471_png.rf.d88efbca4fad7a15b4ccba1afd8da702.jpg,0,0,0.9746,0.282,0.006,0.074,9.551,5.806,76.269,1.84,95.486
FrameVideoManual2472_png.rf.5f5b8ec94ec283b6de3ea5487e6c70e2.jpg,0,1,0.7061,0.283,0.006,0.073,10.451,5.988,89.035,2.178,109.727
FrameVideoManual2490_png.rf.5edc8f71ab3e348a85dc4dcb1b203348.jpg,0,0,1.0,0.291,0.006,0.075,11.006,1.579,85.588,1.934,102.107
FrameVideoManual2491_png.rf.665bdcfd64bc55f2c23b86782cdde715.jpg,0,0,1.0,0.288,0.006,0.073,11.176,7.9,86.353,2.249,109.659
FrameVideoManual2492_png.rf.37e5588628573500e023998511e51e28.jpg,0,0,1.0,0.285,0.006,0.074,9.394,1.745,76.371,2.032,91.636
FrameVideoManual2493_png.rf.652f64422e6706c0d8930966376070f0.jpg,0,0,1.0,0.294,0.007,0.074,11.068,6.214,76.09,1.815,97.222
FrameVideoManual2494_png.rf.4cbbd6abbb5451efe784a00babf8cc3d.jpg,0,0,1.0,0.288,0.006,0.072,11.69,5.564,84.73,5.665,109.69
FrameVideoManual2535_png.rf.d41131c7f2ff4b05477e7fe6541848ed.jpg,0,0,1.0,0.285,0.006,0.075,7.841,1.299,76.051,1.825,89.063
FrameVideoManual2542_png.rf.80c6dac090a4447d852457a1e70c0562.jpg,0,0,1.0,0.284,0.006,0.074,6.864,6.023,94.524,2.462,111.959
FrameVideoManual2549_png.rf.00c42c07b6aab87a0ed95707769eda1c.jpg,0,0,1.0,0.288,0.006,0.075,11.156,5.971,74.961,2.278,96.397
NEWFireVideo118_f73_jpg.rf.cb0a68743cb51718272ae6da37e65238.jpg,0,0,0.9999,0.305,0.007,0.08,12.972,5.951,91.502,2.561,115.487
NEWFireVideo118_f83_jpg.rf.065bbf8447d865000b60c2dfd5c53c80.jpg,0,0,0.9871,0.289,0.006,0.074,8.523,5.794,86.142,2.486,105.028
NEWFireVideo119_f42_jpg.rf.889f48d93ad6b40cb4db1e67a5a790a2.jpg,0,0,0.7458,0.292,0.006,0.075,7.398,5.958,75.467,1.905,92.806
NEWFireVideo138_f129_jpg.rf.d00868eaa2033625ad0f79ad835c2dd4.jpg,0,0,1.0,0.291,0.006,0.076,7.473,3.104,91.255,2.426,106.788
NEWFireVideo3_f5_jpg.rf.a37b78bd77f92ddd243d4b932e704af3.jpg,0,0,0.9985,0.292,0.007,0.074,6.486,2.763,75.831,1.889,89.073
NEWFireVideo3_f7_jpg.rf.0b26882eade842fc4a7f88fbfb55558b.jpg,0,0,1.0,0.289,0.006,0.074,10.297,6.947,81.352,1.892,102.707
NEWFireVideo3_f8_jpg.rf.1ff4d1e325ef92c88c977b1be1b441df.jpg,0,0,0.9995,0.29,0.007,0.074,5.641,4.205,75.517,1.885,89.336
NEWFireVideo4_f110_jpg.rf.c82ab847e1d26c9c95a6830fa9f10af6.jpg,0,1,0.5078,0.3,0.008,0.077,9.979,4.71,75.669,1.871,94.171
NEWFireVideo84_f34_jpg.rf.424b9b7697b9b64e238a1647e8ee4e76.jpg,0,0,1.0,0.216,0.004,0.045,8.286,5.806,76.595,3.802,96.535
NEWFireVideo84_f36_jpg.rf.a2c2ac9305f3b2dec7cbd31a2049ea48.jpg,0,0,0.9616,0.249,0.005,0.048,7.62,4.521,82.631,1.841,98.637
NoFire-0_png.rf.b5034bbac3eb9c1a97fcbedd21b5fa0c.jpg,0,0,0.8343,0.289,0.006,0.076,9.324,1.455,88.421,2.101,103.347
NoFire-10_png.rf.0fe9283204c93874e9ade7f1c7337831.jpg,0,0,0.9531,0.288,0.006,0.076,7.833,6.771,75.318,1.853,93.817
NoFire-11_png.rf.297f6277255ca265d1f853c50fe83262.jpg,0,0,1.0,0.34,0.006,0.078,12.978,7.138,77.141,1.825,101.174
NoFire-12_png.rf.0255167317ab233d01e479321c054d09.jpg,0,1,0.9649,0.282,0.007,0.073,8.585,1.315,75.892,1.864,89.692
NoFire-13_png.rf.c97094a172f412e14670a8d829609879.jpg,0,0,1.0,0.287,0.007,0.075,5.189,6.547,76.674,2.236,92.671
NoFire-14_png.rf.61ae5c394141a39154d9e0bc3eb481eb.jpg,0,0,0.9999,0.28,0.006,0.076,10.489,5.986,79.262,2.436,100.264
NoFire-15_png.rf.34268b5466bc6ccc22fc9f2b2fad013a.jpg,0,0,1.0,0.291,0.006,0.075,10.91,6.612,74.566,1.887,95.91
NoFire-16_png.rf.a2a3eb01fed61acc666e86935e291bf0.jpg,0,0,0.9997,0.291,0.006,0.074,12.377,6.29,105.035,2.189,127.934
NoFire-17_png.rf.3f534f30a3b8b8cf00e8709a0a3fca2e.jpg,0,0,1.0,0.287,0.006,0.073,9.938,1.444,76.316,1.809,91.514
NoFire-18_png.rf.a64ed4a8f6c725e86814f516a33befce.jpg,0,0,1.0,0.29,0.006,0.074,12.497,3.659,75.818,1.797,95.847
NoFire-19_png.rf.b2638902dca3dbca0ddfdb008433b1a4.jpg,0,0,1.0,0.29,0.006,0.075,5.38,3.763,75.764,1.842,88.704
NoFire-1_png.rf.30760266921d9e2d820415fc106d5792.jpg,0,0,1.0,0.295,0.008,0.076,7.02,1.412,76.348,1.799,88.636
NoFire-20_png.rf.c25c09cde40d25e3330656176e7b5174.jpg,0,0,1.0,0.292,0.006,0.076,7.447,1.275,74.587,2.206,87.551
NoFire-22_png.rf.4b420756495258db84741967818aed78.jpg,0,0,1.0,0.289,0.006,0.075,10.039,1.77,75.798,1.815,91.433
NoFire-26_png.rf.1646e4e02218b314a3a44bfddf666a7a.jpg,0,0,0.9996,0.285,0.006,0.128,7.029,3.744,84.082,2.392,99.38
NoFire-27_png.rf.9c7178a754198c20cb95e3c47e0c90d0.jpg,0,0,0.9655,0.288,0.007,0.073,8.393,6.353,75.81,1.922,94.409
NoFire-28_png.rf.e177d33e6d2ebb4e950f2e62cb139c53.jpg,0,0,1.0,0.284,0.006,0.076,11.243,6.478,91.574,2.219,113.511
NoFire-29_png.rf.bb8694368bf635045dd294e5f8743a30.jpg,0,0,1.0,0.3,0.007,0.074,10.216,1.244,76.228,1.818,91.6
NoFire-2_png.rf.aff4ffeb62492eabb16a1ff9b6ed5bb0.jpg,0,0,1.0,0.279,0.006,0.071,12.257,5.926,77.295,1.911,99.408
NoFire-30_png.rf.d014e53c8dfd4965f2df163b9a653e1d.jpg,0,0,0.9992,0.282,0.006,0.074,9.172,5.973,84.56,6.166,107.899
NoFire-31_png.rf.0fd8a05c60c72df5ad7c5e8c94f9785f.jpg,0,0,0.9941,0.287,0.007,0.074,9.421,1.856,75.674,2.274,91.251
NoFire-32_png.rf.763574e57056c9a1e1f4929cfd88acb9.jpg,0,0,1.0,0.288,0.006,0.074,7.31,1.218,87.596,2.51,100.655
NoFire-33_png.rf.1a5dc34db1dbfc401cab123292df1ce6.jpg,0,0,1.0,0.292,0.007,0.077,6.011,4.123,76.23,2.23,90.642
NoFire-34_png.rf.e7469e7f42f8529e654a31bb686504d1.jpg,0,0,0.9999,0.29,0.007,0.073,5.386,1.282,91.377,2.514,102.338
NoFire-35_png.rf.d6865f23ed25e9d1e28318cf300fab24.jpg,0,0,0.8561,0.291,0.006,0.069,9.901,6.025,84.692,2.565,105.231
NoFire-3_png.rf.7a3224169251ea8ffa59c4df1544f388.jpg,0,0,1.0,0.292,0.007,0.074,10.383,5.947,75.003,1.881,95.277
NoFire-4_png.rf.b5b3c08d920e784fbf011e7b5b84ec29.jpg,0,0,0.9151,0.284,0.007,0.072,9.159,1.488,79.331,4.049,96.152
NoFire-5_png.rf.89166c1c4d9c2a6d5e2e117b4175c8b1.jpg,0,0,0.9997,0.293,0.007,0.072,9.693,4.96,76.513,1.944,94.991
NoFire-62_png.rf.bbb4be4dfd190a2a239e20ee6d6a0e02.jpg,0,0,0.9997,0.221,0.005,0.046,9.113,4.755,89.167,2.155,107.068
NoFire-64_png.rf.4c015a00c113c5617a8bc4127c151830.jpg,0,0,1.0,0.288,0.006,0.076,6.068,4.763,76.493,1.886,91.263
NoFire-69_png.rf.41258a6a2c895b13fae4f169be9dbf69.jpg,0,0,0.6748,0.285,0.006,0.073,7.816,1.395,90.217,2.483,103.96
NoFire-7_png.rf.9e9e4719e33418b9da947f4a508065e0.jpg,0,0,1.0,0.294,0.007,0.077,8.748,5.961,75.55,1.851,94.133
NoFire-9_png.rf.d8975f5536eda57c5dbdf3d26a11b2e5.jpg,0,0,0.6494,0.292,0.007,0.074,11.71,6.767,89.744,3.042,113.293
NoiseWEBFP1264_jpg.rf.d67f7a571c8f2c2f49aa4727a32a8bd4.jpg,0,0,1.0,0.291,0.006,0.078,6.017,1.276,77.097,3.575,90.117
VideoFire74_f116_jpg.rf.4363ef079ce0b0d0c4aa682da216f388.jpg,0,0,1.0,0.327,0.007,0.075,8.153,5.924,75.911,1.827,93.932
VideoFire74_f48_jpg.rf.3a8060a084e217f90dc8bf23d7f0b61b.jpg,0,0,0.9995,0.292,0.006,0.076,9.541,5.938,86.768,2.482,106.719
VideoFire74_f49_jpg.rf.25d91d7057612b1333b4583bcf067735.jpg,0,0,1.0,0.291,0.007,0.077,9.75,6.281,74.81,2.1,94.981
WEB01935_jpg.rf.af7a0278311829d01b5ff777ecb3c6bb.jpg,0,0,0.9999,0.286,0.006,0.074,10.526,5.596,78.29,1.89,98.268
WEB01938_jpg.rf.9222188053c9a31f0c34069862a0f5f1.jpg,0,0,0.9995,0.212,0.005,0.046,9.47,5.994,76.161,2.309,95.856
WEB01939_jpg.rf.b31edbbc523ecc237ed81b8e3ab85add.jpg,0,0,0.9999,0.294,0.006,0.075,8.858,7.129,75.254,2.175,95.439
WEB01948_jpg.rf.8f068250ae4e5e7526055493f971084f.jpg,0,0,1.0,0.284,0.007,0.076,8.581,5.974,74.221,2.612,93.427
WEB01964_jpg.rf.c6c798111966f973cb73ed581708ef2d.jpg,0,0,1.0,0.294,0.006,0.075,8.122,1.248,87.281,1.906,100.54
WEB01966_jpg.rf.db69aeab7fb27543f31b99407ce54109.jpg,0,0,1.0,0.287,0.007,0.074,6.565,5.911,83.777,5.848,104.169
WEB01973_jpg.rf.7f6a973c8f86430e26a53a616f54702d.jpg,0,0,0.9999,0.291,0.007,0.074,7.764,1.333,77.251,1.935,90.365
WEB02022_jpg.rf.48de61f26bc102d652d58641d830050e.jpg,0,1,0.989,0.288,0.006,0.073,5.712,4.704,87.54,2.486,102.589
WEB02023_jpg.rf.a886fb1ae869e20407a6ab192060b091.jpg,0,1,0.9926,0.288,0.006,0.074,7.052,4.672,76.652,2.206,92.682
WEB02052_jpg.rf.7957b679d00850798e9a835cf817fec0.jpg,0,0,1.0,0.286,0.006,0.076,7.16,6.317,90.737,2.523,108.783
WEB02060_jpg.rf.db0a4c19b53e8869bde60465f722e956.jpg,0,0,0.9745,0.294,0.006,0.077,8.619,6.035,76.086,1.85,94.663
WEB02061_jpg.rf.dc3c5c057f53b1e260c2f9120b9c147c.jpg,0,0,0.9974,0.386,0.007,0.075,10.659,7.874,83.21,1.999,105.564
WEB02063_jpg.rf.aa02d24a8154e82b9efd4cdfd9148bcd.jpg,0,0,0.9952,0.288,0.006,0.074,6.886,6.039,89.701,3.912,108.58
WEB02068_jpg.rf.54fe14abc1d703d14e8ede970e36012f.jpg,0,0,0.9997,0.255,0.006,0.06,6.071,1.213,74.577,1.915,85.637
WEB02101_jpg.rf.ecd5dc2b5934e8e860d553eab769b0be.jpg,0,0,1.0,0.285,0.006,0.073,5.585,3.602,85.764,2.933,100.569
WEB02102_jpg.rf.71f0e768e0a3ddeed0315d536b32c00f.jpg,0,0,1.0,0.287,0.007,0.075,5.409,1.26,76.605,2.25,87.687
WEB02106_jpg.rf.c1e3cedeed4ee196a7a24d185546ad46.jpg,0,0,1.0,0.292,0.006,0.181,5.593,1.487,94.902,2.538,106.733
WEB02114_jpg.rf.c302f56d08ddcd6d9a23f4f899a9deed.jpg,0,0,0.9999,0.287,0.006,0.073,10.11,5.972,75.373,1.875,95.394
WEB02122_jpg.rf.866e9cb47eddfd6221a7027b0247da11.jpg,0,0,1.0,0.288,0.006,0.073,11.34,6.927,82.205,1.923,104.579
WEB02127_jpg.rf.9c262e8c46ce6ee8e3759b3033a74b93.jpg,0,0,1.0,0.286,0.006,0.074,6.008,4.117,76.114,1.886,90.198
WEB02131_jpg.rf.8ea801a2f8547345ef93c028925485c5.jpg,0,0,1.0,0.298,0.007,0.075,11.404,6.223,76.168,1.874,97.712
WEB02136_jpg.rf.24770edd06a506abc27fffb29421d1f5.jpg,0,0,1.0,0.286,0.007,0.073,9.566,1.892,96.584,2.472,112.606
WEB02151_jpg.rf.f2aa07ecc7b7e5713a91994214cf04c2.jpg,0,0,1.0,0.289,0.007,0.075,5.937,2.835,75.901,1.864,88.605
WEB02181_jpg.rf.4171ebdd0f988b0786c8621e963020e9.jpg,0,0,1.0,0.293,0.006,0.074,7.622,6.461,87.334,2.296,105.765
WEB02182_jpg.rf.718674abf1176fa17f8adb027a531bab.jpg,0,0,1.0,0.244,0.006,0.055,6.475,1.252,76.077,1.89,87.643
WEB02219_jpg.rf.568d53bfb069b7847c8acaf6eda38906.jpg,0,0,1.0,0.292,0.006,0.077,6.153,6.428,92.293,2.269,109.157
WEB02220_jpg.rf.d9690d2a0549b9fff363dca48b3c82ed.jpg,0,0,1.0,0.286,0.006,0.076,7.073,3.907,81.044,2.008,96.078
WEB02223_jpg.rf.8a04201fe574f02889dfeb677b0793bc.jpg,0,0,1.0,0.29,0.007,0.074,11.441,1.682,78.789,1.97,95.853
WEB02224_jpg.rf.257ae406ba3feb12202135d7764cb1f9.jpg,0,0,1.0,0.293,0.007,0.076,8.364,5.467,76.419,1.938,94.232
WEB02225_jpg.rf.cce56f0d0deb096432fc588beba88654.jpg,0,0,1.0,0.285,0.007,0.076,8.619,5.918,80.681,4.413,101.656
WEB02226_jpg.rf.75e0d1997f46659b3c8628329b7192b8.jpg,0,0,0.9586,0.288,0.006,0.074,9.57,6.383,83.199,2.614,103.799
WEB02229_jpg.rf.93a34445d8da7b4185a6e50fe94ebdf0.jpg,0,0,1.0,0.349,0.006,0.056,5.838,1.583,82.2,2.003,94.172
WEB02230_jpg.rf.20684fdead36d5284eefcd1e8cdbe609.jpg,0,0,1.0,0.348,0.007,0.076,5.859,6.699,84.688,2.148,101.486
WEB02232_jpg.rf.06b1b8523d75c8b70121013ce84cd500.jpg,0,0,1.0,0.284,0.006,0.073,10.14,6.083,75.908,1.913,96.046
WEB02238_jpg.rf.691939d66c3fd57d1e5059a58acdf746.jpg,0,0,1.0,0.283,0.006,0.075,11.321,5.977,91.161,2.066,112.818
WEB02239_jpg.rf.7fa3ac0e8d127ccb4241c80c150881b1.jpg,0,0,1.0,0.284,0.007,0.073,6.118,5.548,77.658,2.607,93.947
WEB02241_jpg.rf.98182d23b37dea19982dbb332a888fa8.jpg,0,0,1.0,0.212,0.005,0.047,7.142,5.939,82.274,2.001,99.314
WEB02246_jpg.rf.3bb55462a9949ff2e7a4afe57f52f803.jpg,0,0,0.9997,0.289,0.006,0.076,9.044,6.032,89.402,2.118,108.657
WEB02272_jpg.rf.0dea84b8c3eeae3f9d67f3be985bee04.jpg,0,0,1.0,0.219,0.005,0.048,9.228,2.38,80.706,1.958,95.81
WEB02315_jpg.rf.0ee00bc0d311a848bc1607b80345f1aa.jpg,0,0,0.9982,0.285,0.006,0.074,6.449,2.233,91.666,2.234,104.716
WEB02384_jpg.rf.ad3223a23e4608dc01d0500edb32f64d.jpg,0,0,1.0,0.291,0.006,0.073,6.389,2.996,76.276,1.847,89.675
WEB02388_jpg.rf.fc949c43309b6997b5ade4dc6a43c79b.jpg,0,0,1.0,0.219,0.004,0.047,11.188,5.456,77.492,1.845,97.515
WEB02454_jpg.rf.fcc9e3be4801803ce40ec5e2d54e3c6e.jpg,0,0,0.998,0.287,0.007,0.074,7.877,1.305,80.578,6.382,98.241
WEB02516_jpg.rf.ec09f1d292c4073011891cb16304e6bd.jpg,0,0,1.0,0.289,0.007,0.073,8.675,4.346,75.816,2.327,93.293
WEB02543_jpg.rf.a6058330660806c7b90b9b78b26871f3.jpg,0,0,1.0,0.304,0.006,0.078,5.934,3.59,84.414,2.801,98.757
WEB02552_jpg.rf.f166f531d4e68c43997e8d690743027d.jpg,0,0,0.9927,0.292,0.006,0.075,5.894,1.278,77.577,1.898,88.744
WEB02555_jpg.rf.be7143db4c22ae2714f1846d6e12cdb9.jpg,0,0,0.9998,0.294,0.007,0.076,6.304,4.348,105.661,2.552,120.978
WEB02556_jpg.rf.98c87ab948e5454fec5af51c193e1e36.jpg,0,0,1.0,0.292,0.006,0.074,8.498,7.297,75.702,1.939,95.49
WEB02559_jpg.rf.88687243e9d4107a22f649512e6093cc.jpg,0,0,1.0,0.299,0.007,0.073,11.425,6.205,75.836,1.963,97.51
WEB02564_jpg.rf.628c8c4ade925b388c7ffeef23f902cd.jpg,0,0,0.9999,0.279,0.006,0.074,6.439,4.438,81.949,2.55,97.383
WEB02673_jpg.rf.4540accc598e27f56f6caa92b08b60ee.jpg,0,0,1.0,0.287,0.006,0.076,6.622,6.178,75.497,1.868,92.176
WEB02696_jpg.rf.a66cc40e9279da559f56c8d4fc24790d.jpg,0,0,1.0,0.282,0.006,0.076,5.633,6.961,92.139,2.501,109.256
WEB02729_jpg.rf.98b2fbe0a381e5726bd79badd6e6a2dd.jpg,0,0,1.0,0.285,0.006,0.078,6.143,1.21,77.33,1.813,88.529
WEB02792-Copy_jpg.rf.fe8231b5926e1a1dfba8db59123c682b.jpg,0,0,1.0,0.282,0.006,0.078,10.968,6.429,88.671,1.939,110.066
WEB02793-Copy_jpg.rf.5d6d58a65388a1dca1b6a515a8a3d8b3.jpg,0,0,0.9999,0.288,0.007,0.074,9.115,5.994,80.617,2.663,100.433
WEB02794-Copy_jpg.rf.b187d197f41f8485f841c0b2800c53fc.jpg,0,0,1.0,0.282,0.006,0.071,10.21,1.295,77.021,1.949,93.012
WEB02798-Copy_jpg.rf.2950408cf0825d145522bb1f099996a7.jpg,0,0,1.0,0.292,0.007,0.075,10.44,1.29,87.971,2.469,104.269
WEB02800_jpg.rf.3398685c1af03557e9f784f91ff34770.jpg,0,0,1.0,0.291,0.006,0.073,7.92,5.914,76.178,1.909,94.003
WEB02804-Copy_jpg.rf.695b7555b1276a03aa0fb57c5f190d47.jpg,0,0,0.9999,0.292,0.007,0.077,10.451,5.919,93.531,2.143,114.179
WEB02806-Copy_jpg.rf.bdd35b8406a5aaf0e545d51f84e1419d.jpg,0,0,1.0,0.29,0.007,0.074,9.482,6.148,75.43,1.998,95.095
WEB02809_jpg.rf.80bea709cd53109aa705f06973ecbaf7.jpg,0,0,0.9999,0.246,0.005,0.072,9.608,1.632,75.924,1.844,91.027
WEB02821_jpg.rf.557cd46ec9c336a412bdb98c22c21fd5.jpg,0,0,1.0,0.283,0.007,0.072,9.396,1.215,76.691,2.72,92.077
WEB02835-Copy_jpg.rf.de420ffd115089cc75b3b840834b8371.jpg,0,0,1.0,0.285,0.006,0.076,7.276,5.507,75.998,2.162,92.943
WEB02841_jpg.rf.064275a92b856d8096d5713c477c906a.jpg,0,0,1.0,0.285,0.006,0.074,9.014,1.643,98.234,1.947,112.805
WEB02843-Copy_jpg.rf.f39e0b77747056db62d54295ae660eff.jpg,0,0,1.0,0.312,0.006,0.073,7.041,2.401,76.259,1.858,89.742
WEB02859-Copy_jpg.rf.23e6ff165fc1b16a5503f50c8c4d1ba2.jpg,0,0,1.0,0.287,0.006,0.075,6.646,3.405,90.917,2.009,104.997
WEB02862-Copy_jpg.rf.4207efb7ced75f834b97bb45bec1143e.jpg,0,0,1.0,0.29,0.007,0.076,10.003,5.902,76.227,1.918,96.108
WEB02868-Copy_jpg.rf.a436a3da3dc31e015dda28ec15985da2.jpg,0,0,1.0,0.283,0.007,0.073,10.061,6.358,89.536,1.854,110.213
WEB02870_jpg.rf.51ce6bf30335de85418ccc6879688885.jpg,0,0,1.0,0.281,0.007,0.071,9.429,3.233,75.488,2.842,93.056
WEB02879_jpg.rf.0504761952c74d1f286424663fc4ac00.jpg,0,0,1.0,0.285,0.006,0.072,5.205,4.708,76.029,1.795,89.81
WEB02883_jpg.rf.798bce81116a699db494b4328d1d89a2.jpg,0,0,1.0,0.292,0.007,0.073,6.3,4.528,88.104,2.084,103.082
WEB02888_jpg.rf.22ca883f22b38292ebb8687f0143fc30.jpg,0,0,0.9999,0.283,0.006,0.074,5.759,2.206,90.128,1.931,102.043
WEB02890_jpg.rf.e6f2974ef84e90b7840ada2b19b34888.jpg,0,0,1.0,0.287,0.006,0.075,9.498,6.289,93.4,2.092,113.323
WEB02892_jpg.rf.0b10283930e0ca04079e82fd6196bfce.jpg,0,0,1.0,0.288,0.007,0.074,9.526,6.451,75.525,2.274,95.788
WEB02896_jpg.rf.b6cff7161671116f37df46f38a743ad3.jpg,0,0,1.0,0.288,0.007,0.074,10.289,5.271,73.609,1.879,93.083
WEB02900_jpg.rf.7adeea6a5fdd6f5f3e7c12c3c5501342.jpg,0,0,1.0,0.291,0.006,0.078,9.056,3.794,78.685,3.464,97.015
WEB02902_jpg.rf.5c47cdbc6b3efb1d9f28ba30cebed859.jpg,0,0,1.0,0.285,0.006,0.073,6.256,1.474,75.49,2.273,87.574
WEB02913_jpg.rf.b3f499a9ed34f8cae3f92840f6b7586c.jpg,0,0,0.9999,0.287,0.006,0.073,5.237,2.728,86.235,2.103,98.309
WEB02916_jpg.rf.f06f29ead132b8df7cb515e5a6c56005.jpg,0,0,1.0,0.286,0.007,0.076,5.454,4.995,75.305,1.823,89.576
WEB02919_jpg.rf.d0da29fc60bb4ae39eec7198a479f33a.jpg,0,0,1.0,0.282,0.006,0.072,5.248,6.18,86.871,6.03,106.317
WEB02935_jpg.rf.79151c3ed318d486ce297e49667aaaac.jpg,0,0,0.9998,0.284,0.006,0.074,10.797,6.532,77.631,1.887,98.904
WEB02961_jpg.rf.56705be45bfad213bebd188809080506.jpg,0,0,1.0,0.29,0.005,0.077,10.028,6.527,89.4,1.83,109.897
WEB02969-Copy_jpg.rf.11352ff349291b56e81b5c26e7b184dd.jpg,0,0,1.0,0.376,0.007,0.079,10.278,5.958,75.169,1.991,95.444
WEB03001_jpg.rf.9536cff4d7608a2ce1c5934f9b612c99.jpg,0,0,0.9974,0.288,0.006,0.074,10.222,1.21,75.993,1.819,91.288
WEB03041-Copy_jpg.rf.6d8488c1b8daf153f60f7255411a3b30.jpg,0,0,1.0,0.292,0.008,0.075,7.806,6.055,81.726,3.755,101.317
WEB03042-Copy_jpg.rf.7d7a571c93729796ceb7e67913a827ed.jpg,0,0,0.9998,0.29,0.007,0.074,10.648,1.197,75.513,1.792,91.195
WEB03074_jpg.rf.aa621887470aba7ee65866db6da4c702.jpg,0,0,1.0,0.288,0.006,0.076,5.327,1.224,91.502,2.221,102.274
WEB03075_jpg.rf.b0467968933de8a299b9d5f503b555fc.jpg,0,0,1.0,0.284,0.007,0.076,6.428,1.52,75.182,1.857,87.041
WEB03076_jpg.rf.79dc812096208bb7dc83a54a8872cee0.jpg,0,0,1.0,0.285,0.006,0.075,5.193,1.892,97.165,4.599,110.839
WEB03081_jpg.rf.ed8d6a0b1cd60e5c77777b992de32210.jpg,0,0,0.8848,0.29,0.006,0.075,5.986,1.22,77.195,1.812,88.215
WEB03139_jpg.rf.e5dd552a0c341eeaf9cb71deab40c9c2.jpg,0,0,0.9981,0.293,0.007,0.076,6.631,6.917,88.127,1.898,105.619
WEB03140_jpg.rf.4f1fe8885368f4a8189fe0b5fdda4562.jpg,0,0,1.0,0.289,0.007,0.074,8.07,5.95,76.279,2.49,94.772
WEB03141_jpg.rf.893e09c9057ea789d31cb7d93a873a3f.jpg,0,0,0.9982,0.339,0.007,0.074,9.001,5.903,75.679,1.819,94.5
WEB03143_jpg.rf.fd5fd450143b7376a3fbb72f56f66428.jpg,0,0,0.9998,0.284,0.006,0.072,10.329,5.421,84.483,2.665,104.966
WEB03170-Copy_jpg.rf.0d683ad44f236b85d41ddcde38cbc9ca.jpg,0,0,1.0,0.289,0.007,0.076,8.949,6.132,74.837,1.792,93.776
WEB03193-Copy_jpg.rf.8b347235709abf150a7c8e9e6d78eeb2.jpg,0,0,1.0,0.289,0.006,0.074,8.96,5.94,88.091,2.128,107.154
WEB03201-Copy_jpg.rf.fdf23c391aa7bebb1c8590b6bfa9ccfa.jpg,0,0,0.8802,0.294,0.007,0.075,7.363,3.707,76.026,1.863,90.978
WEB03211-Copy_jpg.rf.5a36861123ccad2dc8208c05427c755c.jpg,0,0,0.9999,0.286,0.006,0.074,12.804,5.323,82.674,1.879,104.569
WEB03225-Copy_jpg.rf.e96207e7e7933f4ac08d9332f99cd51f.jpg,0,0,1.0,0.29,0.007,0.076,10.037,5.974,76.173,1.873,96.096
WEB03247-Copy_jpg.rf.9a32c76e5ac63f4b7155d5c55f8f5bb7.jpg,0,0,1.0,0.29,0.006,0.075,11.921,6.015,75.58,2.262,97.816
WEB03257-Copy_jpg.rf.e7be6c6643cccb91615cbe01ab9b8cfe.jpg,0,1,0.6171,0.287,0.006,0.076,10.16,6.013,88.572,4.97,111.736
WEB03265-Copy_jpg.rf.2456f4a8cf864176509910dd09abf4a5.jpg,0,0,1.0,0.288,0.006,0.073,10.528,5.974,76.566,2.236,97.358
WEB03268-Copy_jpg.rf.b148dc25ece52e0ba9b1b7009acac51a.jpg,0,0,1.0,0.388,0.007,0.077,11.971,5.787,92.61,1.963,114.464
WEB03276-Copy_jpg.rf.c38a68ebe996599b2410bdd2597c7bd5.jpg,0,0,1.0,0.284,0.006,0.074,9.806,1.375,76.238,1.883,91.336
WEB03277-Copy_jpg.rf.69b98e2fab793455a328bbae2008ea99.jpg,0,0,1.0,0.297,0.006,0.132,12.105,5.858,75.002,1.846,96.872
WEB03282-Copy_jpg.rf.b62988a9cc37c0fc12bee584106841cf.jpg,0,0,1.0,0.286,0.007,0.076,10.098,5.517,83.504,2.212,103.388
WEB03344-Copy_jpg.rf.04f5f8b12c4d4f1215548466b0bf5a7b.jpg,0,0,1.0,0.291,0.007,0.077,11.29,6.926,76.298,1.899,98.463
WEB03364-Copy_jpg.rf.a35796f2201a5faf942fabec796b9cf4.jpg,0,0,1.0,0.354,0.006,0.076,8.723,6.42,89.261,2.198,108.759
WEB03368-Copy_jpg.rf.28d0222c7d75aa2133dfd302205b24de.jpg,0,0,1.0,0.285,0.006,0.072,9.544,1.272,75.477,1.791,90.221
WEB03373-Copy_jpg.rf.8a400e46f6a4e93da7d418e2da285b63.jpg,0,0,1.0,0.29,0.007,0.074,8.02,1.436,89.745,2.482,103.816
WEB03397-Copy_jpg.rf.eb53a8e83203b84f0fd714fafc3b925e.jpg,0,0,1.0,0.289,0.006,0.074,9.465,4.714,80.353,1.878,98.476
WEB03405-Copy_jpg.rf.2a5e5bedc40b2a1db5abf1444a0ba454.jpg,0,0,1.0,0.288,0.006,0.075,13.619,5.276,75.638,1.856,98.406
WEB03408-Copy_jpg.rf.e927bab43eb16a26a03fb5b7af77f61f.jpg,0,0,0.9999,0.29,0.007,0.076,10.356,6.059,75.296,2.131,95.842
WEB03409-Copy_jpg.rf.0b87b990e7e5cc85aaa51ab979a90bdf.jpg,0,0,1.0,0.292,0.006,0.077,10.527,1.221,87.145,2.068,102.998
WEB03453-Copy_jpg.rf.4171901e21967713040a618adf792faa.jpg,0,0,1.0,0.285,0.007,0.074,5.381,6.159,83.229,5.035,101.922
WEB03460-Copy_jpg.rf.00e6d6f007fc1c0910053485bb131b96.jpg,0,0,1.0,0.288,0.007,0.074,9.369,4.815,78.782,2.021,97.005
WEB03461-Copy_jpg.rf.5664e977991ce1b8b3bcfecde1b33dc9.jpg,0,0,1.0,0.29,0.007,0.077,5.439,4.539,88.828,2.228,103.21
WEB03479-Copy_jpg.rf.b3ac039ebb3c3849fd9ce7e8e2ecc7b6.jpg,0,0,1.0,0.288,0.006,0.077,6.623,3.529,75.857,1.81,89.838
WEB03480-Copy_jpg.rf.28d4d1c23a39d984f2a24491da6eb245.jpg,0,0,1.0,0.289,0.007,0.075,6.736,2.708,90.856,2.503,104.899
WEB03503-Copy_jpg.rf.3d75aecf5d2792d0462a9b1c2740d9cd.jpg,0,0,1.0,0.286,0.007,0.073,6.241,6.121,75.085,1.866,91.312
WEB03504-Copy_jpg.rf.8c5872513885ec88940a955f171457ec.jpg,0,0,1.0,0.292,0.006,0.078,10.311,6.501,91.53,2.07,112.742
WEB03511-Copy_jpg.rf.9cd7aea84e523a0d660c71237b462f28.jpg,0,0,1.0,0.29,0.007,0.073,10.169,5.773,82.932,3.925,104.955
WEB03512-Copy_jpg.rf.4caa79b0dbc93b84012c144de16451e4.jpg,0,0,0.9964,0.233,0.004,0.045,7.715,1.202,76.488,1.82,89.198
WEB03527-Copy_jpg.rf.7efac03aa415423a657af2bcc8fda03f.jpg,0,0,1.0,1.429,0.007,0.083,8.851,1.449,85.274,5.668,104.373
WEB03540-Copy_jpg.rf.447b0e71b9a1c4a3f68a12ca5a417685.jpg,0,0,1.0,0.289,0.007,0.075,9.176,6.038,75.315,1.883,94.433
WEB03541-Copy_jpg.rf.fabb7acddce5a6b137a2c595a252440a.jpg,0,0,1.0,0.287,0.007,0.076,9.907,5.915,93.96,2.499,114.316
WEB03554-Copy_jpg.rf.9f4dffd4c0cbd71869750f15875a8d27.jpg,0,0,1.0,0.349,0.006,0.075,8.495,1.282,76.432,1.879,90.156
WEB03566-Copy_jpg.rf.3334d0398f507f197b298c0c8feacb64.jpg,0,0,1.0,0.3,0.007,0.076,11.775,7.362,76.206,2.264,99.578
WEB03579-Copy_jpg.rf.7f0588df20b3aa9da7fc143f5d6ab65c.jpg,0,0,1.0,0.299,0.006,0.073,11.306,6.719,75.768,2.152,98.015
WEB03580-Copy_jpg.rf.a90db8d3aa705e75fb43f5a00bd0cb4d.jpg,0,0,1.0,0.29,0.007,0.076,10.065,1.305,76.326,1.952,91.72
WEB03602-Copy_jpg.rf.1c07f30079bd2ae69805199e3862e786.jpg,0,0,1.0,0.217,0.005,0.047,7.152,7.752,92.064,3.001,111.92
WEB03603-Copy_jpg.rf.e54f150728957fff195e7efce207b6e6.jpg,0,0,1.0,0.211,0.005,0.045,9.657,3.93,75.853,1.901,93.286
WEB03604-Copy_jpg.rf.251c53ebc6ce728efd69cf17a3c765f6.jpg,0,0,0.9747,0.356,0.006,0.075,7.158,1.373,91.105,2.378,104.129
WEB03620-Copy_jpg.rf.ecb5d390c293a2aafe9287318b3a4da9.jpg,0,0,0.9997,0.291,0.007,0.075,8.767,2.165,76.349,1.897,91.258
WEB03621-Copy_jpg.rf.4ed4ae954e1ad9888b72b7d70a37e0f8.jpg,0,0,1.0,0.301,0.007,0.075,10.27,7.125,84.714,2.172,106.504
WEB03623-Copy_jpg.rf.38be46ba11c5f832ed111050d2f99fc6.jpg,0,0,0.9969,0.288,0.006,0.075,9.308,1.255,82.038,2.586,97.317
WEB03624-Copy_jpg.rf.8ec093cd81b959c2175302ac8eddf6e1.jpg,0,0,1.0,0.296,0.006,0.072,8.002,5.275,76.099,1.925,93.72
WEB03625_jpg.rf.fac7e69da3a4dec8b90ff57b9e1a931c.jpg,0,0,0.9999,0.302,0.007,0.078,5.505,4.158,78.248,2.545,92.517
WEB03626_jpg.rf.1829979cabf4cec82f087ec678d166a0.jpg,0,0,0.9996,0.294,0.007,0.075,6.879,5.972,88.633,2.578,106.139
WEB03627_jpg.rf.fc3407e61061d90b48b05c37df9d2258.jpg,0,0,1.0,0.29,0.007,0.077,9.411,6.322,88.241,2.588,108.56
WEB03628_jpg.rf.7ccbc7815186cf828e38fe628984101b.jpg,0,0,1.0,0.289,0.006,0.074,7.59,6.011,81.797,1.939,99.374
WEB03629_jpg.rf.cd4530d3e76e52531541e15663a654ba.jpg,0,0,1.0,0.283,0.006,0.074,8.972,6.85,90.279,2.493,110.641
WEB03630_jpg.rf.a3dec40e61566ef989326fef378b8c9d.jpg,0,0,1.0,0.291,0.006,0.078,6.783,5.939,75.089,2.093,91.901
WEB03631_jpg.rf.d6901d5a0aebca322aee8ae2e7639d55.jpg,0,0,1.0,0.292,0.007,0.073,8.59,6.75,76.001,1.933,95.281
WEB03632_jpg.rf.920d039196db383a280a04ace15b86cb.jpg,0,0,1.0,0.281,0.007,0.073,9.321,6.301,82.811,2.816,103.283
WEB03633_jpg.rf.6ffe85a99a4a1fc241a6c490643fe45e.jpg,0,0,1.0,0.291,0.006,0.072,6.565,1.239,82.136,1.984,94.022
WEB03634_jpg.rf.06c456a1a1b35fec105d52edadcb9a48.jpg,0,0,0.9999,0.284,0.006,0.074,5.599,6.458,97.506,3.763,115.353
WEB03635_jpg.rf.9c140ebf0f58b3524997681993889500.jpg,0,0,0.9999,0.284,0.007,0.077,8.1,5.076,75.046,1.886,92.231
WEB03636_jpg.rf.9e7310832f8a3149b6d152ba16171469.jpg,0,0,1.0,0.289,0.007,0.076,13.653,6.623,79.679,1.913,103.732
WEB03637_jpg.rf.b2eaa6b230590d6b16729315a31e3520.jpg,0,0,1.0,0.293,0.006,0.075,10.729,6.058,76.01,2.114,96.933
WEB03638_jpg.rf.1f279fb8c69bd393677e10d4017c89b3.jpg,0,0,1.0,0.216,0.005,0.048,10.075,7.159,77.704,1.908,98.771
WEB03639_jpg.rf.3e4ae163e77fad78829e077e63a12b0d.jpg,0,0,1.0,0.29,0.007,0.073,8.657,1.451,88.78,2.628,103.577
WEB03640_jpg.rf.980392c88d839f5a23bef1cdfd171ad6.jpg,0,0,1.0,0.288,0.006,0.074,5.709,3.139,76.655,2.183,89.71
WEB03642_jpg.rf.7bbb931d2716cca622205d583d11667f.jpg,0,0,1.0,0.294,0.007,0.075,8.776,2.015,90.289,2.538,105.706
WEB03643_jpg.rf.3c6a0d8e8c44c814ae1ba7e5f6e7b10b.jpg,0,0,1.0,0.293,0.006,0.08,8.305,5.795,74.423,1.876,92.407
WEB03644_jpg.rf.6eb4caa6835d6e19d95373893a0a5f40.jpg,0,0,1.0,0.292,0.006,0.076,6.548,6.775,103.502,2.252,121.218
WEB03645_jpg.rf.8b02147cbeb1cf747cdd1df068207502.jpg,0,0,1.0,0.264,0.006,0.063,5.657,1.52,81.855,2.69,94.778
WEB03647_jpg.rf.fe20982aeb3722951f1178b712fba777.jpg,0,0,0.9999,0.389,0.006,0.075,6.402,3.21,75.753,1.91,89.405
WEB03648_jpg.rf.b2e8be420966caff04ac2ed6f4bd8119.jpg,0,0,1.0,0.292,0.007,0.073,6.954,3.588,75.532,2.296,90.407
WEB03649_jpg.rf.bb5f27f950f67f0fb3a5802d95576244.jpg,0,0,1.0,0.284,0.006,0.076,5.505,1.239,77.574,1.761,88.19
WEB03650_jpg.rf.8f914e101e0652b01bfcc54c20fb4fa4.jpg,0,0,1.0,0.294,0.006,0.079,5.357,4.88,85.593,3.356,101.31
WEB03651_jpg.rf.43cddf17f0a615bec0819037ca23c250.jpg,0,0,1.0,0.334,0.006,0.074,10.303,5.981,75.103,1.932,95.363
WEB03652_jpg.rf.02f4cacb44ba5a289a554ac5327aeb50.jpg,0,0,1.0,0.29,0.006,0.076,8.738,5.923,87.989,2.323,107.02
WEB03653_jpg.rf.f8402343dbdf1bf944f70184300a46ec.jpg,0,0,1.0,0.29,0.007,0.074,9.422,5.995,80.563,4.018,102.016
WEB03655_jpg.rf.d00a6d5db9d951c2ca63c8ff08bf73a3.jpg,0,0,1.0,0.291,0.006,0.076,8.291,6.471,93.606,2.498,112.84
WEB03678_jpg.rf.7099d43eed8a9a930225ee986acb8be2.jpg,0,0,1.0,0.289,0.007,0.073,10.205,6.089,82.495,2.137,103.003
WEB03679_jpg.rf.ab67913e96e2b4b75839cda113bbf85e.jpg,0,0,1.0,0.291,0.006,0.073,10.055,5.971,76.643,1.77,96.463
WEB03680_jpg.rf.9ebc563d8ea7afefdae3d1ef3945a89e.jpg,0,0,1.0,0.282,0.007,0.075,11.376,5.878,80.213,3.633,103.12
WEB03681_jpg.rf.0dcec17fc39dbbab54e71407b604b34e.jpg,0,0,0.9997,0.283,0.006,0.074,6.805,5.41,75.25,1.836,91.342
WEB03683_jpg.rf.e16bade790b5bbf5d17a93eccdd7cc75.jpg,0,0,1.0,0.287,0.006,0.073,5.505,4.004,87.01,2.012,100.524
WEB03685_jpg.rf.1db68d934db0a2c35aaf6f60236ca5d9.jpg,0,0,1.0,0.398,0.006,0.074,7.922,6.603,81.923,2.021,100.667
WEB10030_jpg.rf.79f16c3137aec01d53e0b3731f233ea7.jpg,0,0,1.0,0.287,0.006,0.075,8.916,5.912,92.759,2.518,112.219
WEB10032_jpg.rf.341cc56980ec6f00afec7c68c8b2c922.jpg,0,0,1.0,0.297,0.007,0.078,10.815,6.814,76.988,2.085,98.402
WEB10038_jpg.rf.e92373e0a67ef6da405718ba8bf96849.jpg,0,0,1.0,0.287,0.006,0.073,13.916,6.392,76.473,1.918,100.757
WEB10039_jpg.rf.8e81f12b6da164078be2297b08aa4d98.jpg,0,0,1.0,0.289,0.007,0.073,9.338,5.845,81.46,2.51,101.161
WEB10040_jpg.rf.675492710b7ba343110d67a1a0776ccb.jpg,0,0,1.0,0.289,0.007,0.077,10.21,6.526,76.795,1.892,97.434
WEB11042_jpg.rf.f65c4e6a0c1de6db8f751648e6b26f9a.jpg,0,1,1.0,0.291,0.006,0.075,6.795,4.13,86.926,4.92,104.741
aaron-burden-00QWN1J0g48-unsplash_jpg.rf.aab47ea3b0fd7e2f03fd4c4247e904a7.jpg,0,0,1.0,0.287,0.007,0.073,7.022,5.977,74.823,1.79,91.633
aaron-burden-6a6ym1Rw5VA-unsplash_jpg.rf.75bff14308c542b4c73e2b5bfd65fb72.jpg,0,0,1.0,0.297,0.007,0.077,8.956,6.568,87.303,1.909,106.811
aaron-burden-EaQBeUG9c58-unsplash_jpg.rf.b988103b83ad5cde6e9a14bec1ab759c.jpg,0,0,1.0,0.288,0.006,0.075,10.139,6.005,76.013,1.888,96.07
aaron-burden-I1ASdgphUH4-unsplash_jpg.rf.cab807867d137532307025ffd1daad8d.jpg,0,0,1.0,0.299,0.006,0.077,12.383,6.584,87.045,2.175,109.83
aaron-burden-Qy-CBKUg_X8-unsplash_jpg.rf.b1605d87ae274691334a510f320baae8.jpg,0,0,0.9861,0.351,0.007,0.075,10.082,6.055,87.559,2.53,108.332
aaron-burden-eG8-XWSicQ-unsplash_jpg.rf.5952eb453942fc5160265fa4c5a99f16.jpg,0,0,0.9994,0.286,0.007,0.074,9.393,6.136,75.566,2.25,95.457
aaron-burden-nPv3MQyMbyc-unsplash_jpg.rf.03f4d7ba7901fe8c6a0796f54e1f4ab9.jpg,0,0,1.0,0.286,0.007,0.075,5.957,6.263,90.795,2.448,107.562
aaron-burden-qqH0Clj6OFE-unsplash_jpg.rf.0beddaeb5380516f471126588f1a22cb.jpg,0,0,1.0,0.286,0.007,0.074,10.211,6.1,81.335,2.586,102.259
abigail-keenan-hG4qBPj5BJg-unsplash_jpg.rf.561dc63bb07d1ed8e34ff754080cf698.jpg,0,0,1.0,0.296,0.007,0.078,11.477,6.11,75.78,2.138,97.844
adam-smigielski-SWa6EYLCac0-unsplash_jpg.rf.0f046c6dfce9142c9572d2b88cf08213.jpg,0,0,1.0,0.334,0.006,0.075,9.844,1.178,88.362,2.314,103.808
adrian-n-0OHyXKW56No-unsplash_jpg.rf.301933f44272565d251dad61d022611b.jpg,0,0,1.0,0.288,0.006,0.075,6.235,5.85,75.749,1.919,91.769
adrienguh-pC8jEwrWV18-unsplash_jpg.rf.6ca22b742d481e9e52811bff65bd41bc.jpg,0,0,1.0,0.286,0.006,0.076,8.771,1.664,97.286,2.493,112.28
alberto-caliman-twV9DVoPB7Y-unsplash_jpg.rf.21c49f6a8098a803fd82d20a9211c83f.jpg,0,1,0.6521,0.288,0.006,0.078,8.197,1.247,82.314,2.254,96.127
alek-newton-rOSYvaW2BcU-unsplash_jpg.rf.9507791622cf75f329f91949c6b093dc.jpg,0,0,1.0,0.292,0.007,0.078,9.717,3.776,76.848,2.086,94.416
alex-bertha-lcC6oMUHW6w-unsplash_jpg.rf.aab15679cbcd3bcf719a1604a5f8bd2a.jpg,0,0,0.8212,0.293,0.007,0.072,6.592,1.342,76.645,2.959,89.562
alexandr-bormotin-ZHMZcM1_kX8-unsplash_jpg.rf.2caa09ebffca3a8de1aca218b00a11ef.jpg,0,0,0.9999,0.29,0.007,0.138,7.056,6.324,76.102,2.165,93.748
altansukh-e-r4oIVOPhxp8-unsplash_jpg.rf.3b5e69cc2878b841e0752f1cf289efac.jpg,0,0,1.0,0.285,0.007,0.075,8.133,1.29,77.695,2.788,92.02
amir-saboury-1EhK52npZMo-unsplash_jpg.rf.031b186e91ec2582f10628281b815886.jpg,0,0,1.0,0.294,0.006,0.077,9.887,6.003,82.34,2.321,102.662
andreas-dress-ePbE9yXSMhU-unsplash_jpg.rf.297d513e3d01d78a720fa13c4897d7ca.jpg,0,0,1.0,0.291,0.007,0.077,9.069,5.955,90.156,2.517,109.677
andreas-gucklhorn-mawU2PoJWfU-unsplash_jpg.rf.7b82a2fe89de54121094a196ed796b64.jpg,0,0,1.0,0.285,0.006,0.074,8.266,1.265,90.641,2.376,104.603
andreas-kind-SwLPmCYo-QM-unsplash_jpg.rf.a4cc35b23258da02085838815da4d586.jpg,0,0,0.9999,0.291,0.006,0.074,8.399,7.077,91.306,2.327,111.537
andrew-pons-p67k6hPMDCs-unsplash_jpg.rf.4975df23b480380e3e7cce087000759c.jpg,0,0,0.9999,0.292,0.006,0.076,8.346,2.912,84.206,5.984,103.529
andy-feliciotti-m3oLLB7w3Xg-unsplash_jpg.rf.c21edc127827fe900a061c7ae97e8442.jpg,0,0,0.999,0.321,0.007,0.073,10.925,2.696,75.19,2.254,93.079
aniket-deole-T-tOgjWZ0fQ-unsplash_jpg.rf.4b1a53ad3ed8e90fbc225790fd7de960.jpg,0,0,1.0,0.29,0.006,0.073,6.983,1.301,91.227,2.494,104.109
anne-sophie-benoit-1bXGI29zG54-unsplash_jpg.rf.c5b4313f936d9fb191323434ce3e5e90.jpg,0,0,1.0,0.292,0.006,0.076,8.327,5.753,75.503,2.185,93.811
annie-spratt-gfHX4x8N1kI-unsplash_jpg.rf.3fe7e46f55b92b934f6d0aa71ebd2fd9.jpg,0,0,0.9999,0.293,0.007,0.077,8.1,1.221,76.719,2.194,90.269
annie-spratt-l_npf0Tz7AQ-unsplash_jpg.rf.56298c2ca78fc0f333b8e6717e47c381.jpg,0,0,1.0,0.296,0.006,0.074,5.365,1.199,76.232,2.105,87.019
annie-spratt-osXoC977Cx0-unsplash_jpg.rf.6fdaecca3cafd0b4dfd594f9a9b79dc2.jpg,0,0,0.9884,0.294,0.006,0.073,10.338,1.906,90.439,3.108,107.799
annie-spratt-sCZ4YWtnzZA-unsplash_jpg.rf.5f1a90b4618ba12fc1828d0a12fc690f.jpg,0,0,0.9955,0.283,0.006,0.072,5.14,1.218,88.219,2.213,98.881
annie-spratt-x33OW34WHRo-unsplash_jpg.rf.3a1fbea33fb21da952a94164adb8091e.jpg,0,0,0.9979,0.29,0.006,0.074,10.973,6.038,76.199,2.084,97.312
anthony-rosset-4naW-DWkYxY-unsplash_jpg.rf.0ead6d664c238ffbceeb80e4782469b2.jpg,0,0,1.0,0.294,0.007,0.075,11.34,6.428,83.386,2.911,106.01
anton-sharov-ebc8QZdf_kk-unsplash_jpg.rf.c476bb01c69a8fe0c9e50f716421e905.jpg,0,0,1.0,0.287,0.007,0.075,10.143,6.005,81.876,2.509,102.591
anton-sharov-uEZaZOZ9lfA-unsplash_jpg.rf.376dc831e66b9ad77511937e940cc20f.jpg,0,0,0.9997,0.285,0.006,0.074,11.385,5.962,76.773,2.087,98.244
anup-shrestha-9-rPZAD3KkU-unsplash_jpg.rf.fc95f9d8bfa0028752321ab27957ebd2.jpg,0,0,1.0,0.288,0.006,0.074,10.158,2.065,87.071,2.29,103.578
artem-zhukov-ypvfLui8jh0-unsplash_jpg.rf.7c73670a6cbf62c51ac820c2adaaab47.jpg,0,0,1.0,0.29,0.006,0.072,7.322,1.335,76.452,2.162,89.272
artiom-vallat-jlifOZe8UC8-unsplash_jpg.rf.2bc1ffb34e00dc96893678c2644d2c68.jpg,0,0,0.9999,0.291,0.006,0.077,8.52,1.276,106.471,2.499,120.868
axel-czikora-GfTU54kkFmM-unsplash_jpg.rf.2b705a0dc00c9c6d22e3691fb059a5b2.jpg,0,0,1.0,0.288,0.007,0.073,9.116,6.064,79.765,2.405,99.375
bailey-alexander-k81NcbrQmo0-unsplash_jpg.rf.9ae9a68259f94271274ea3dde81b87b7.jpg,0,0,0.9999,0.291,0.007,0.073,9.111,5.952,75.849,2.219,95.159
balazs-busznyak-3mLH_hFGbD4-unsplash_jpg.rf.7274bc421b31df45e08eba2dbe6190c4.jpg,0,0,1.0,0.293,0.007,0.076,9.363,6.22,80.438,2.662,100.643
balazs-busznyak-D1PsqkR1woM-unsplash_jpg.rf.6f91a81db1f7d20d7ec311077a968528.jpg,0,0,1.0,0.29,0.006,0.077,8.5,6.01,75.175,2.19,93.952
balazs-busznyak-LuwE0_o4GAQ-unsplash_jpg.rf.767c8fe36cd863eb4bc58453acb017af.jpg,0,0,1.0,0.293,0.006,0.078,8.61,5.693,88.435,2.526,107.348
balazs-busznyak-ZGmQ4qVsaTc-unsplash_jpg.rf.7cd194a1a996f2d2cd1f22c2830fb3d7.jpg,0,0,0.9999,0.301,0.006,0.076,6.71,1.689,82.851,2.31,95.672
ben-den-engelsen-DKkR5GAyd9I-unsplash_jpg.rf.4acc8d2d254ca2c72c2d16aebaf6760e.jpg,0,0,1.0,0.297,0.006,0.078,10.185,6.368,77.459,2.181,98.233
ben-den-engelsen-HihiG19aLv8-unsplash_jpg.rf.5d31274759353e0f61c82255792c3930.jpg,0,0,1.0,0.289,0.006,0.075,8.233,1.218,90.892,4.134,106.512
ben-den-engelsen-SW_jaeIsIOg-unsplash_jpg.rf.2ab4ec9f3730f5587062662113dc692f.jpg,0,0,1.0,0.213,0.005,0.048,5.053,1.742,76.171,2.137,87.025
ben-den-engelsen-UFwW97AP0LI-unsplash_jpg.rf.2d22da06b1260802f50071674eecf6a6.jpg,0,0,1.0,0.288,0.006,0.074,7.353,1.246,89.193,2.21,102.027
ben-den-engelsen-q0THLEGsq5I-unsplash_jpg.rf.0df8c1aa9c00a75db4b880833f6c2d67.jpg,0,0,1.0,0.289,0.006,0.073,5.757,1.775,83.586,2.93,96.058
ben-dutton-HeKBd6Em5sk-unsplash_jpg.rf.c5bd7f858f768ca75300a375c4aeb6f7.jpg,0,0,1.0,0.295,0.006,0.075,5.513,6.529,91.587,2.465,108.213
ben-lambert-qVpGF060AX4-unsplash_jpg.rf.d36305b8dfbb33a3dc6b142c98e9aaf0.jpg,0,0,0.9544,0.288,0.007,0.075,9.081,1.361,76.041,2.261,90.806
benjamin-ashton-5G6jrUuKrBo-unsplash_jpg.rf.12b65ceb1269acc8b56a9d6305ecc283.jpg,0,0,0.9912,0.3,0.007,0.077,12.031,6.603,75.614,2.23,98.481
benjamin-voros-rNeBqnm1JXY-unsplash_jpg.rf.e305db6616ef8eefdba36b735eb24ede.jpg,0,0,1.0,0.281,0.006,0.072,7.442,1.808,79.955,2.861,94.032
benjamin-voros-t-3f5RS-JGI-unsplash_jpg.rf.5c171241400b4bb462deabd6d57063fd.jpg,0,0,1.0,0.291,0.007,0.077,7.553,5.457,77.243,2.583,94.83
bernd-dittrich-UOQHCo5Xnsc-unsplash_jpg.rf.8bb62c1a9f079d8673586e1a66d666b9.jpg,0,0,1.0,0.283,0.006,0.56,8.068,6.772,91.283,2.159,110.881
bernd-dittrich-mUz78jK8Y24-unsplash_jpg.rf.814f9028d931ee04326c08978b53cad4.jpg,0,0,1.0,0.33,0.006,0.076,8.724,5.938,75.695,1.925,94.394
blake-wheeler-dMakhkE1poE-unsplash_jpg.rf.8d075b0a9650eff988c6f98a083721ec.jpg,0,0,1.0,0.291,0.006,0.076,11.03,8.198,93.909,1.911,117.177
bobby-stevenson-Bi8vaFCoaNM-unsplash_jpg.rf.ec9e092ef4d374b89d279c5ced39237f.jpg,0,0,1.0,0.299,0.007,0.077,11.037,6.383,82.871,2.292,104.612
brendan-beale-Dq_YHznEXI0-unsplash_jpg.rf.a3211fa4c2949ce55fc52f1fba366c53.jpg,0,0,0.6986,0.294,0.007,0.078,9.666,1.302,76.362,1.837,91.127
bruno-melo-XsAv0ItdT5w-unsplash_jpg.rf.62f7fad912e3927b224fbf44b657b589.jpg,0,0,1.0,0.287,0.007,0.075,10.088,6.026,92.733,1.909,112.979
bryan-rodriguez-NccnfZua3aE-unsplash_jpg.rf.f04e7ee414e16f454f035f323f086282.jpg,0,0,0.9999,0.284,0.007,0.074,9.811,1.36,74.612,2.03,89.914
brydon-mccluskey-rTYQNvvomHk-unsplash_jpg.rf.731795f7c88f4259cc23bef6f9496055.jpg,0,0,1.0,0.293,0.006,0.076,10.467,5.937,76.559,4.517,99.336
brydon-mccluskey-y1Lq4Knyr-c-unsplash_jpg.rf.1d3f2b6b3ce483c23d0187d8d9baac08.jpg,0,0,0.8742,0.292,0.006,0.076,5.829,1.501,91.629,2.31,102.91
byron-johnson-XD5XverSdUo-unsplash_jpg.rf.58d330893dbde13457230cd8b5927938.jpg,0,0,0.9999,0.38,0.007,0.079,7.602,1.569,76.059,1.788,89.084
cade-roberts-TvBNbqn8TZE-unsplash_jpg.rf.136f706239f38c83b7245e13d9d89a70.jpg,0,0,1.0,0.291,0.007,0.075,6.039,6.044,91.768,2.342,108.287
caleb-woods-5NqGg1EsGmY-unsplash_jpg.rf.1d8e2e57e3733a0e564815a5c36dde34.jpg,0,0,1.0,0.294,0.006,0.079,10.149,6.134,75.97,1.841,96.166
calin-stan-s7qKz3sGhc4-unsplash_jpg.rf.2bbe69c610f7afc9b42347ae0b772c90.jpg,0,0,1.0,0.319,0.009,0.093,10.78,5.786,76.933,1.76,97.266
cameron-stow-IknUlhvcpV0-unsplash_jpg.rf.1c3dda55efa48350c407d9548d16b8f7.jpg,0,0,1.0,0.284,0.007,0.074,10.23,1.261,89.563,2.586,105.732
casey-horner-1ntpXBX2-JU-unsplash_jpg.rf.3869d81ecb2befbebb77b66863a2f3d9.jpg,0,0,1.0,0.209,0.005,0.044,6.033,2.989,75.92,1.888,89.435
casey-horner-dTLj_5Nmhjs-unsplash_jpg.rf.21583d5e844842be3c11f67daca4eeed.jpg,0,0,0.9977,0.287,0.006,0.076,9.948,5.983,90.691,2.231,110.809
casey-horner-iJT9TEt7qlo-unsplash_jpg.rf.0bc1a121067922567ae3c58b763ad096.jpg,0,0,1.0,0.217,0.005,0.045,8.903,7.046,77.977,1.844,98.12
cedric-charmillot-Mbs0OwQWNr0-unsplash_jpg.rf.cf9b5ef366453a9657e953dbc45c43bd.jpg,0,0,1.0,0.302,0.007,0.079,9.372,6.647,85.813,2.098,106.065
cesar-couto-Z83CMY9ho-I-unsplash_jpg.rf.236d0983e531ea08e01ca94a22c2ec52.jpg,0,0,1.0,0.295,0.006,0.074,10.571,6.394,78.041,3.375,100.466
charley-pangus-7nZ4uKGKngw-unsplash_jpg.rf.6c424b24a7220fb80574d61ab91b5c52.jpg,0,0,1.0,0.211,0.004,0.049,9.504,5.938,75.816,1.82,95.065
chirag-tripathi-0U_fnrfGOhE-unsplash_jpg.rf.e5cf769968af180bed879976dea6ec57.jpg,0,0,0.7868,0.288,0.007,0.074,9.657,5.977,85.822,2.452,105.962
chris-bair-n59wYPDrVVg-unsplash_jpg.rf.3c66dff2b1f7eda5c4c6c3aa95cab400.jpg,0,0,1.0,0.296,0.007,0.073,9.868,5.966,75.915,1.893,95.745
chris-bair-rrpQv3MapOg-unsplash_jpg.rf.b236cdb04fcbf48363ddae882f94c9e7.jpg,0,0,1.0,0.296,0.006,0.078,10.142,6.897,93.224,2.232,114.505
chris-kursikowski-9nya3cwmq2c-unsplash_jpg.rf.7162bf1264b6a5ad3ed60bff398ce8b1.jpg,0,0,1.0,0.287,0.006,0.075,9.45,6.032,79.943,2.574,100.009
chris-meads-n22ADP3cjrE-unsplash_jpg.rf.30e48d58e5f7e4f8d7c8d76fe8b59777.jpg,0,0,0.9929,0.225,0.005,0.047,9.39,6.116,77.197,1.933,96.289
clay-banks-NynIeQRSb74-unsplash_jpg.rf.866fa6e89fbed2ccab44b37799d0aa93.jpg,0,0,0.9997,0.288,0.006,0.073,9.783,5.89,90.998,2.411,111.112
clay-banks-n3oxNp0uV90-unsplash_jpg.rf.1f6cce32a4095e7fbeeba2a80ae08837.jpg,0,0,0.9993,0.289,0.006,0.075,8.779,5.729,75.868,1.972,94.376
clay-banks-r355OxzYdaE-unsplash_jpg.rf.f4920d5bcf7d291ab8991aa508258179.jpg,0,0,1.0,0.214,0.004,0.046,9.487,5.962,81.233,1.98,100.588
clay-elliot-nWr7mUFtyho-unsplash_jpg.rf.529e65e73ccddac41bf83dfb98bea5a1.jpg,0,0,1.0,0.293,0.006,0.074,8.972,5.973,88.777,2.263,108.023
clement-fusil-ix2rNtPgEWI-unsplash_jpg.rf.cd5bddcc7bb2b3b19576583ae2affc59.jpg,0,0,1.0,0.292,0.006,0.074,9.265,5.949,76.207,1.917,95.373
cody-doherty-i2se8qITSWA-unsplash_jpg.rf.df58f9cb26f2eac3808ba0d7178ca669.jpg,0,0,0.9998,0.289,0.006,0.075,13.405,5.667,80.228,1.701,103.042
cole-freeman-BeAiBhYTvLg-unsplash_jpg.rf.56357ee739e8a2c5abc52fdd8b8480ef.jpg,0,0,0.9984,0.29,0.006,0.078,8.296,1.294,76.066,2.263,90.029
craig-bradford-9bUkEBeXUUQ-unsplash_jpg.rf.a3982459a19384c604f1187d44ec23cf.jpg,0,0,1.0,0.294,0.006,0.075,9.008,5.744,83.192,1.992,102.107
cristina-gottardi-ahzgaalmLYY-unsplash_jpg.rf.183cc82b9f5c938d8331210e967bb0e9.jpg,0,1,0.9668,0.286,0.006,0.073,8.982,1.292,87.656,2.471,102.416
cyrus-crossan-gS_ddyX9_x4-unsplash_jpg.rf.45f0ec1926162f2ae9dff9635267d93f.jpg,0,0,0.999,0.293,0.006,0.076,7.434,1.176,76.114,1.817,88.544
damien-checoury-03YfWDpHv40-unsplash_jpg.rf.cffaf5dd7d506f26022b251417dc1256.jpg,0,0,1.0,0.285,0.006,0.075,8.192,1.202,89.412,2.259,103.159
daniel-frank-LIHiWVXaUyM-unsplash_jpg.rf.38cb462527fb937f59559b983753b8e2.jpg,0,0,0.9999,0.284,0.006,0.075,7.281,1.212,75.757,1.896,88.144
daniel-mirlea-qCMpxBhvURc-unsplash_jpg.rf.414dbe1a92a7076f81912c1c16c772f5.jpg,0,0,1.0,0.286,0.007,0.075,11.834,5.863,96.241,2.026,117.77
daniel-oberg-49CAJoYFmdg-unsplash_jpg.rf.4f0ca20a014d4e16afc2fb8e224c4766.jpg,0,0,1.0,0.28,0.006,0.074,10.159,1.325,76.184,4.443,94.209
daniel-plan-rroHrT9LtQo-unsplash_jpg.rf.ad9a86505ca8e8634e2feb424b3c2c46.jpg,0,0,0.9479,0.292,0.007,0.073,5.812,3.555,75.151,1.899,88.374
daniel-wallace-USu6TA8aQ1E-unsplash_jpg.rf.ac864334624cce4d2a580f97e0cace2e.jpg,0,0,0.9774,0.281,0.006,0.074,7.505,1.674,103.118,2.212,116.566
daniil-silantev-n6to3HSgTXI-unsplash_jpg.rf.8a9bbeb1c9e07e311e92a06645457acc.jpg,0,0,0.9989,0.285,0.006,0.074,8.198,1.357,73.992,1.891,87.467
danilo-capece-R6Svc7JWhIo-unsplash_jpg.rf.4afdf1964b5302f71bd208401daa2db4.jpg,0,0,0.993,0.29,0.007,0.074,6.11,6.462,96.678,2.286,113.585
dave-herring-D262LwMlOr8-unsplash_jpg.rf.977fc1cb2a026297037420d66bd964d3.jpg,0,0,1.0,0.296,0.007,0.075,9.929,5.845,75.28,1.989,95.081
dave-herring-Yqtv25PKjZo-unsplash_jpg.rf.2952bf8201a445ae7635e491c6d77120.jpg,0,0,1.0,0.225,0.005,0.077,7.573,5.962,76.137,1.902,93.568
dave-herring-xrjBELh1ybY-unsplash_jpg.rf.b5a523a769b0c45d3dcfd85fbc7642f7.jpg,0,0,1.0,0.289,0.007,0.075,8.891,1.26,75.584,2.665,90.506
dave-hoefler-7RrPVxOl4Sk-unsplash_jpg.rf.b72a8ccadad7d959060e83bb1896ff1f.jpg,0,0,1.0,0.219,0.005,0.048,9.976,6.052,75.925,1.819,95.676
dave-hoefler-zR1-jvnJSSc-unsplash_jpg.rf.df3d6a3564d91655d05b9922bf73d697.jpg,0,0,1.0,0.285,0.006,0.078,8.879,1.28,92.653,3.601,108.388
david-geere-oFxuQxE0Hm0-unsplash_jpg.rf.acc66ebf898db5cfd17f1085c1b99aec.jpg,0,0,1.0,0.292,0.006,0.077,10.388,6.102,90.957,2.447,111.987
david-hendricks-9MWUzbR_KwU-unsplash_jpg.rf.745a83c0d22ab025250ae01d08fa688c.jpg,0,0,1.0,0.294,0.006,0.077,9.92,6.802,86.962,2.128,108.301
david-jusko-tYehUoeNRYw-unsplash_jpg.rf.0265a6abb896435c7e643ac804d7fc22.jpg,0,0,1.0,0.29,0.008,0.074,9.376,5.824,76.223,2.02,95.459
david-kovalenko-qYMa2-P-U0M-unsplash_jpg.rf.e0671dfa5ee5068cee10e20efc3ec990.jpg,0,0,1.0,0.292,0.007,0.076,9.009,6.248,75.121,1.776,94.135
derek-sears-1CdzukjTkKE-unsplash_jpg.rf.fff52878673064a7f77fa60b6e63b5a4.jpg,0,0,1.0,0.291,0.007,0.075,10.872,6.203,85.151,4.92,109.17
deva-darshan-2XUfjLp7HYY-unsplash_jpg.rf.f04ae7d9a5b0197f6212889dcec07dc0.jpg,0,0,1.0,0.296,0.007,0.073,9.114,6.266,76.583,2.395,96.389
dillon-austin-xI-57L4_P1U-unsplash_jpg.rf.538e52b5cc2fc9aa0d8ce7e511074745.jpg,0,0,1.0,0.287,0.007,0.077,8.296,1.329,88.224,2.57,102.476
dimitar-krastev-qWO-NmBLtgI-unsplash_jpg.rf.c0f1bdf8a41184518673305e7b2c3c23.jpg,0,0,0.9999,0.286,0.006,0.075,7.904,1.229,76.493,2.26,89.971
dimitris-pallas-Kj5bXWl_ttw-unsplash_jpg.rf.8b4eacca7c59dc3d5a67188bac5c9b72.jpg,0,0,0.9999,0.293,0.006,0.076,10.729,6.142,95.735,2.137,117.082
dion-tavenier-tVzRCOosqxA-unsplash_jpg.rf.dbb544f3d0c42813fd98016efb87a707.jpg,0,0,1.0,0.292,0.006,0.075,10.529,6.007,82.175,4.841,105.637
dovydas-zilinskas-aMSL2LAtbPw-unsplash_jpg.rf.f667c00406c628c22b7652c76312557e.jpg,0,0,1.0,0.29,0.006,0.076,9.073,6.126,76.745,2.276,96.346
drew-saurus-VA4dNztZVlA-unsplash_jpg.rf.75e23964af1d69e3094f08cfaef90166.jpg,0,0,1.0,0.288,0.006,0.073,9.306,6.327,87.487,2.517,107.711
eberhard-grossgasteiger-13RPKrir2Z4-unsplash_jpg.rf.fa600033fe973da7f79aee9f187ed58c.jpg,0,0,0.9983,0.287,0.007,0.076,8.718,6.009,75.853,2.252,94.86
eberhard-grossgasteiger-5GEZczwvf9I-unsplash_jpg.rf.0654be62e12445ad83a1eb1a6d497d2e.jpg,0,0,1.0,0.292,0.006,0.072,10.053,6.005,92.672,2.428,113.266
eberhard-grossgasteiger-7ZBP5fYIg4E-unsplash_jpg.rf.a5bc210059cde10ef26e1410695833c7.jpg,0,0,0.9998,0.287,0.008,0.076,9.429,1.273,75.062,2.187,90.064
eberhard-grossgasteiger-BXasVMRGsuo-unsplash_jpg.rf.fa28428bbdc6325d4e69aa0b15624e03.jpg,0,0,1.0,0.221,0.005,0.048,8.388,5.894,76.252,2.828,95.3
eberhard-grossgasteiger-EpDhYzPsV-0-unsplash_jpg.rf.13f1973620413895b76572d1565adf84.jpg,0,0,1.0,0.285,0.006,0.076,8.781,6.036,86.608,4.084,107.522
eberhard-grossgasteiger-K27cUzugBiA-unsplash_jpg.rf.a004463b4208d510d43b492ea8530e1d.jpg,0,0,1.0,0.224,0.005,0.074,8.142,2.056,75.557,2.145,89.886
eberhard-grossgasteiger-MGTzYEi25us-unsplash_jpg.rf.7d243db265928c6974ee763dfa8fdf1c.jpg,0,0,0.9941,0.287,0.007,0.072,6.038,3.469,94.186,5.711,111.505
eberhard-grossgasteiger-RVj002xHssw-unsplash_jpg.rf.71d5803d9ce66a6c630c5422a4ec9135.jpg,0,0,1.0,0.286,0.007,0.073,5.547,1.916,75.846,2.252,87.579
eberhard-grossgasteiger-yQgOSaXemqA-unsplash_jpg.rf.2dd78e5dec7ee2d094a732314b1d9aea.jpg,0,0,1.0,0.287,0.007,0.077,9.493,1.24,87.033,2.516,102.411
ervo-rocks-KlOhFzAmkCE-unsplash_jpg.rf.4b5dc02998b58eb05ce8710d49b1921a.jpg,0,0,1.0,0.291,0.006,0.075,10.031,3.524,74.124,2.186,91.897
ethan-dow-6EljUULo4FQ-unsplash_jpg.rf.3615863c1b87b1d345c3236850304c43.jpg,0,0,0.9974,0.296,0.007,0.075,13.716,1.792,76.275,2.204,96.028
ethan-dow-BkV6n4Xi8JQ-unsplash_jpg.rf.c61142087d3d471dca5c548aa00b33b7.jpg,0,0,0.9997,0.287,0.007,0.076,7.653,1.313,80.564,2.294,93.86
ethan-dow-OX4FXemQiek-unsplash_jpg.rf.c1d87534e9e4ad70796eb7d1009cea8c.jpg,0,0,1.0,0.215,0.004,0.044,10.22,6.001,75.566,2.195,95.904
ethan-dow-ZeDw8ck4XEM-unsplash_jpg.rf.4ec2f4c2c58f00e1836d8c86d191e2b1.jpg,0,0,1.0,0.29,0.007,0.076,9.751,6.241,89.247,5.085,112.435
evgeni-evgeniev-LPKk3wtkC-g-unsplash_jpg.rf.c5d50f1131a48e6b900ef2a93b223b03.jpg,0,0,0.9998,0.29,0.006,0.075,9.524,5.972,75.342,2.239,95.1
extracctt38_png.rf.a6c9026d7d5090dbaa4a328db7b10937.jpg,0,0,1.0,0.386,0.007,0.079,8.692,5.982,88.983,2.497,108.29
extracctt59_png.rf.86b8396fcc41274e6c50911f62c57fb3.jpg,0,0,1.0,0.291,0.007,0.073,10.651,6.009,76.065,2.165,96.979
extraccttt22_png.rf.b7d8d5b32dd229042cf642f382639bc6.jpg,0,0,1.0,0.38,0.007,0.088,10.005,6.241,77.64,5.312,101.327
fabio-comparelli-JYjZDhUjaPU-unsplash_jpg.rf.fd38f1a0b99f181190b87d47f354778b.jpg,0,0,0.9998,0.295,0.007,0.073,9.668,5.942,77.026,4.421,99.166
fabio-santaniello-bruun-Ke-ENe3ByiQ-unsplash_jpg.rf.42167613a4bc63f3f79dc9e38702cfe0.jpg,0,0,1.0,0.291,0.006,0.073,8.594,1.24,76.137,2.251,90.115
farid-mardanov-91wN942yoTo-unsplash_jpg.rf.0adcf443fe36778f4fddb210162128d8.jpg,0,0,1.0,0.285,0.006,0.073,6.244,5.938,89.597,2.46,106.315
febe-vanermen-O1rItzdBjI8-unsplash_jpg.rf.4edbc4967e4379dcd5ade6dbd3beee7b.jpg,0,0,1.0,0.289,0.006,0.075,10.501,6.539,86.876,2.245,108.245
federica-galli-pF1ug8ysTtY-unsplash_jpg.rf.4985d6e6b9f588b570f12d025096117c.jpg,0,0,1.0,0.297,0.006,0.079,9.579,6.396,89.198,2.215,109.405
federico-bottos-Z3NceSeZqgI-unsplash_jpg.rf.3459a86c36d97945ec6698b60ac0c11d.jpg,0,0,0.9937,0.362,0.007,0.077,9.855,5.998,89.405,2.387,109.74
felipe-dias-0nMS196uiEs-unsplash_jpg.rf.0b44172f44dd105bdd33acb8c203f79c.jpg,0,0,1.0,0.29,0.006,0.075,9.666,1.257,76.048,2.236,91.253
felix-bacher-jEEnRx38wo-unsplash_jpg.rf.25d490e5c2b730cc401a9678d51d991c.jpg,0,0,1.0,0.288,0.006,0.075,7.652,1.244,91.589,2.533,105.06
fotografu-evJN3EAl6uM-unsplash_jpg.rf.54f834bebc0a0b0d2750ff27f1ced610.jpg,0,0,1.0,0.289,0.007,0.075,7.15,1.268,75.239,2.213,87.93
frame110_jpg.rf.92ef876044c208dc95e14f271183caa7.jpg,0,0,0.9708,0.29,0.006,0.074,9.8,6.27,95.749,2.258,117.194
frame162_jpg.rf.0e0b7d44b8e90c8d31d500f1b10993e6.jpg,0,0,1.0,0.293,0.007,0.073,11.471,1.317,75.92,4.862,95.653
frame165_jpg.rf.15e11179db9993ff53c866aac411fae3.jpg,0,0,1.0,0.292,0.006,0.075,6.425,2.116,88.588,2.218,101.486
frame166_jpg.rf.c563967972913ef63de283c610dfa5f2.jpg,0,0,1.0,0.287,0.006,0.074,8.594,1.256,88.138,2.436,102.605
frame167_jpg.rf.54bffcf52b11e09c528dffe187761e12.jpg,0,0,1.0,0.29,0.007,0.078,6.28,1.244,74.569,2.227,86.39
frame168_jpg.rf.d7a1fd2f9750941f1241867dbdd1315b.jpg,0,0,1.0,0.291,0.006,0.075,7.813,1.464,92.408,2.485,106.217
frame200_jpg.rf.a589a1f1cbf88ffbf0d61a2006c09c0a.jpg,0,0,1.0,0.291,0.007,0.078,9.705,1.213,75.053,2.208,90.249
frame208_jpg.rf.abf84ecb8d188d3a7173233994f34e83.jpg,0,0,0.9998,0.394,0.006,0.078,11.983,5.595,90.894,2.096,112.814
frame3157_jpg.rf.164ee84248c8fe5ccbba5d935d144cbf.jpg,0,0,1.0,0.296,0.007,0.074,5.349,1.858,77.465,2.012,88.706
frame3246_jpg.rf.fd939aabde2ad70e2f61d8999e52f0b9.jpg,0,0,1.0,0.292,0.006,0.076,5.312,1.217,76.575,1.745,86.938
frame3556_jpg.rf.9fcdcab33fd0edae1f7f57cf0b36f7fd.jpg,0,0,0.9791,0.283,0.006,0.074,5.52,1.232,83.049,2.63,94.478
frame355_jpg.rf.3c537ba4b849c1850831cf5cff934b3d.jpg,0,0,1.0,0.362,0.007,0.075,8.026,5.925,76.474,1.852,94.366
frame357_jpg.rf.5a645e49b44f1dafe4e89d960830ff0b.jpg,0,0,1.0,0.289,0.006,0.073,11.993,5.96,83.134,6.727,109.861
frame358_jpg.rf.1b68f5bf649e620a9e775964e0506a51.jpg,0,0,1.0,0.289,0.007,0.074,8.636,3.264,75.842,1.871,91.678
frame359_jpg.rf.1d5ebf040c5e6bae24896bb82fdee497.jpg,0,0,0.9962,0.288,0.007,0.075,5.734,3.547,90.189,2.135,103.611
frame360_jpg.rf.650769b9eba89be3e5fa1504617707b0.jpg,0,0,0.9983,0.291,0.007,0.074,5.78,6.387,82.008,2.077,98.323
frame361_jpg.rf.3dbc690b9e9ef34bc716ee9a10fa1908.jpg,0,0,1.0,0.289,0.006,0.075,9.639,6.126,89.049,2.477,109.349
frame362_jpg.rf.e6f273ed97ca257d63c7e1fe8fdefdd6.jpg,0,0,0.9886,0.334,0.007,0.076,8.36,6.108,75.648,1.893,93.951
frame365_jpg.rf.6b26fe27a9dadc3ce09ecf64843c230a.jpg,0,0,0.999,0.293,0.007,0.075,9.764,6.06,76.129,1.833,95.824
frame368_jpg.rf.d727c9382da200282d8f3b6876bb21c8.jpg,0,0,0.9983,0.294,0.006,0.076,7.203,6.311,98.54,2.434,116.655
frame369_jpg.rf.7945dbaf4c5aef8eea5d373ac6ea442e.jpg,0,0,1.0,0.29,0.006,0.074,9.204,5.929,82.521,1.971,101.642
frame370_jpg.rf.a19eec29cbce2244c16d3344dd2d499f.jpg,0,0,0.9998,0.289,0.007,0.074,9.468,6.027,92.887,2.475,112.946
frame371_jpg.rf.bf3eab5a25d5833022efc3544dd93b72.jpg,0,0,1.0,0.289,0.006,0.073,8.553,5.998,75.339,1.921,93.924
frame372_jpg.rf.414379fd4d8089ddd773d68b545a0fa0.jpg,0,0,1.0,0.287,0.006,0.073,13.176,7.175,76.095,2.23,100.734
frame391_jpg.rf.6dbe5fd35cc87b66f75d50f1bdea2c54.jpg,0,0,1.0,0.283,0.006,0.074,11.112,6.08,75.187,2.077,96.475
frame392_jpg.rf.1e5f939815ea79a7a857a41cc6b6147b.jpg,0,0,1.0,0.288,0.006,0.075,10.124,6.714,78.677,1.909,99.706
frame394_jpg.rf.395fca33077138c40f2c949788996732.jpg,0,0,0.9998,0.289,0.007,0.076,10.104,6.093,87.764,2.922,108.966
frame395_jpg.rf.81f515866a7424406f05fb993b5eab8b.jpg,0,0,1.0,0.284,0.007,0.074,10.386,6.143,85.965,2.085,106.591
frame4197_jpg.rf.11eb276de8d07b5ef16ebbba9129b549.jpg,0,0,0.9999,0.291,0.006,0.074,9.9,6.009,93.131,2.094,113.207
frame4204_jpg.rf.07b35cd5d74ce288f03b3b4ee411795d.jpg,0,0,0.9998,0.281,0.006,0.077,9.277,6.011,75.975,2.016,95.336
frame4211_jpg.rf.9f4e5ce06233d0f55b1446a7d4a27226.jpg,0,0,0.9999,0.212,0.004,0.044,9.361,6.323,75.429,1.902,95.225
frame4212_jpg.rf.dd35999f2d5127b9d575b46581dd7bf8.jpg,0,0,0.9995,0.286,0.006,0.077,9.52,6.165,88.456,2.154,108.359
frame4213_jpg.rf.8f255efb7d72f6a0d512b4cded902712.jpg,0,0,0.9999,0.286,0.006,0.073,10.402,6.15,76.492,1.73,96.776
frame4214_jpg.rf.c0dde748e68f018084af3ffadc334edc.jpg,0,0,0.9998,0.212,0.004,0.046,7.706,3.31,91.167,2.324,106.057
frame4215_jpg.rf.57937eeb6f200d9d9a9809e24eab2e27.jpg,0,0,0.9997,0.284,0.006,0.073,6.073,6.37,76.037,1.854,92.355
frame4229_jpg.rf.311db9743a3f2b7dbff663663c4e1ac5.jpg,0,0,1.0,0.229,0.005,0.049,8.742,6.274,104.717,2.473,124.365
frame4230_jpg.rf.bf590d8ada2d9dc6ca54598e0b42fdcc.jpg,0,0,1.0,0.286,0.007,0.074,8.285,5.981,77.051,2.623,96.039
frame4339_jpg.rf.6f948f31e0580a122090cf3d1c39f5f7.jpg,0,0,1.0,0.288,0.006,0.075,8.733,5.963,76.576,1.894,95.202
frame4345_jpg.rf.5b9af7fc196cadd63d5700209eb8cbee.jpg,0,0,1.0,0.294,0.007,0.075,9.792,6.299,81.125,3.633,102.889
frame4350_jpg.rf.592eb358ee9e7ccd6a35025356f75a49.jpg,0,0,1.0,0.287,0.007,0.073,9.183,7.391,76.457,1.901,96.963
frame4353_jpg.rf.a0d6010eee749af44a1705a9ff357150.jpg,0,0,1.0,0.328,0.006,0.074,10.063,1.219,88.786,2.487,104.714
frame4854_jpg.rf.a7d36a729444218164d1b25b0a0000b2.jpg,0,0,0.9742,0.283,0.006,0.072,5.402,4.246,73.845,1.899,87.388
frame4855_jpg.rf.02938daaa059be6cfee474a38dd294f8.jpg,0,0,0.9973,0.286,0.006,0.076,6.488,6.542,92.264,1.982,109.255
frame4863_jpg.rf.52db625efe3f689e821f3e2a8c1e639d.jpg,0,0,0.6712,0.289,0.007,0.076,5.146,1.993,76.11,1.794,87.229
frame4865_jpg.rf.b1e25bcc27847b562ad4877bc7afdcb7.jpg,0,0,0.9038,0.296,0.007,0.075,12.439,6.435,78.784,1.946,101.629
francesco-fanti-IEUtnsiE-WM-unsplash_jpg.rf.d2db8fa5a7720da3e6c7e8eb9a8ae589.jpg,0,0,1.0,0.287,0.008,0.073,9.565,2.153,75.996,2.519,92.234
francesco-ungaro-m1DjXxqwgMY-unsplash_jpg.rf.5d6c3c30968c7e92ffbc753643e56d50.jpg,0,0,1.0,0.353,0.006,0.074,5.24,6.869,75.577,1.962,91.745
francisco-gonzalez-2_mO5_qyevs-unsplash_jpg.rf.c9c0dd00d40483eba99f30e49e42dd7e.jpg,0,0,0.9959,0.285,0.007,0.075,9.535,5.928,83.065,3.061,103.651
francois-olwage-wd-uZFyCFfs-unsplash_jpg.rf.75f3983e3e1796c728d28cd6fbde2fa8.jpg,0,0,0.9965,0.297,0.007,0.076,10.513,6.228,75.441,1.89,96.148
futc-WnEYElZDaDE-unsplash_jpg.rf.4bc2a900ed4e56a34e816c2565c22918.jpg,0,0,1.0,0.283,0.006,0.076,10.077,6.057,93.424,2.476,114.05
geran-de-klerk-WJkc3xZjSXw-unsplash_jpg.rf.afb4416d1f63dbaae29db79c2e797886.jpg,0,0,1.0,0.292,0.006,0.073,8.174,1.283,75.91,1.881,89.301
geran-de-klerk-hl7ILaqrOqI-unsplash_jpg.rf.c3892c6d1d98131c7b830330c39abe89.jpg,0,0,1.0,0.288,0.007,0.075,11.89,6.227,77.278,1.819,99.406
geran-de-klerk-qzgN45hseN0-unsplash_jpg.rf.fe5287c4f5bad8151f7e93f04353282f.jpg,0,0,1.0,0.288,0.006,0.073,9.076,1.652,90.297,6.604,109.629
giorgio-trovato-T_QzIfMpakY-unsplash_jpg.rf.4a245f35afd70623869063aea8989463.jpg,0,0,1.0,0.29,0.006,0.074,7.346,6.488,75.242,1.978,93.375
gustavo-quinalha-mZUJl2GAaSE-unsplash_jpg.rf.07918c59274ac357f8ddb7d74bc0d36b.jpg,0,0,1.0,0.289,0.007,0.079,8.125,1.291,88.01,2.204,101.741
gwyn-XsUYcz4GyuM-unsplash_jpg.rf.badde7d08aaaf8170e8174911c62878f.jpg,0,0,0.9999,0.285,0.007,0.074,6.765,2.698,76.403,1.835,89.797
gwyn-pl3LdLSZUz8-unsplash_jpg.rf.c01fc52d4d775dde2c22334ef19d114c.jpg,0,0,1.0,0.328,0.006,0.078,5.787,4.977,87.55,2.485,103.0
hans-isaacson-GHIImz0J4lI-unsplash_jpg.rf.2aeae265e6ed84054af605b1320d2788.jpg,0,0,1.0,0.287,0.006,0.074,7.61,1.496,75.578,1.863,88.595
hans-isaacson-TwbhBNVONTI-unsplash_jpg.rf.0fdc79dff55ce77068d1da162f41078e.jpg,0,0,1.0,0.3,0.007,0.08,10.652,6.6,82.172,1.889,104.615
hans-isaacson-gDUwtvM1Ao8-unsplash_jpg.rf.d585bc8bfa249e0d20fe073974d6fda0.jpg,0,0,0.751,0.287,0.007,0.076,9.164,5.994,81.761,2.625,101.585
hans-ott-9bAcUccM-wY-unsplash_jpg.rf.29581207f856d947343f7774e8b68d0b.jpg,0,0,1.0,0.292,0.006,0.078,8.578,4.116,91.744,2.131,108.632
harrison-steen-asaAAHNJCA4-unsplash_jpg.rf.838dd472c1b048d974f18fff9cd9c288.jpg,0,0,1.0,0.293,0.006,0.075,7.478,1.304,87.538,2.52,100.956
heather-shevlin-lr83PTEvQvw-unsplash_jpg.rf.f4da398f891c32e485eecdb4aed596cb.jpg,0,0,0.9989,0.283,0.006,0.073,8.47,1.199,74.539,1.888,88.143
heather-shevlin-ssZQiAfcw10-unsplash_jpg.rf.8565cf22a0705f8661ae46120e5a0d19.jpg,0,0,1.0,0.319,0.007,0.076,7.251,1.191,91.823,2.474,104.761
henrik-verle-kp5sMoQr0Wg-unsplash_jpg.rf.5c6052637d04b68efed28fe7e39e763e.jpg,0,0,0.9766,0.284,0.007,0.075,8.053,1.182,82.936,2.345,96.598
honza-reznik-bOFoTMgG9Cs-unsplash_jpg.rf.83fce29b469a6b815ac6d21924aa5f60.jpg,0,0,1.0,0.289,0.006,0.074,12.879,6.004,76.429,1.956,99.051
honza-reznik-lScQonfzQ1s-unsplash_jpg.rf.d0fa9b2bf3dfaa25980eb662b9c55e2f.jpg,0,0,0.9984,0.294,0.007,0.078,8.792,6.02,75.719,2.295,94.811
humphrey-muleba-Zuvf5mxT5fs-unsplash_jpg.rf.1006a2a927bc84f925225cd74f733407.jpg,0,0,0.607,0.29,0.006,0.074,8.238,6.047,75.588,2.303,94.172
husen-siraaj-3fucumsUI68-unsplash_jpg.rf.47bb2ebc8229949e4c2ce6982f9096a4.jpg,0,0,1.0,0.291,0.007,0.075,7.05,1.283,78.791,3.376,92.528
ilia-bronskiy-OC4LBIPBnmo-unsplash_jpg.rf.bf8a34397cc8b5dd044dc2373c04a702.jpg,0,0,1.0,0.252,0.005,0.047,7.561,1.258,81.039,1.799,93.609
ilia-bronskiy-OZ8AoeaQiWo-unsplash_jpg.rf.7aae11450b4bc61cddee6eeda3142629.jpg,0,0,1.0,0.29,0.006,0.072,7.852,1.277,85.988,5.839,103.063
ilia-bronskiy-Tyrw_avINt8-unsplash_jpg.rf.d9ccf89d2eb23a39fbb83d80299bee62.jpg,0,0,1.0,0.289,0.006,0.074,8.238,6.006,75.355,2.255,93.867
ilia-bronskiy-iAkNLYVFclU-unsplash_jpg.rf.f6c8644149be00ca77763f0656a044f2.jpg,0,0,1.0,0.291,0.006,0.076,9.754,6.563,88.127,2.131,108.589
irina-iriser-FfmUE-cVHN8-unsplash_jpg.rf.5c05648a37f82a2f3666d043ff8188be.jpg,0,0,1.0,0.291,0.006,0.079,6.568,5.905,75.441,2.263,92.173
isaac-mitchell-vkB3A-TyQPc-unsplash_jpg.rf.608bc09f7aed8d5e1dad6d77768cc480.jpg,0,0,0.6547,0.292,0.006,0.077,9.341,1.203,82.008,2.516,97.041
ivan-bandura-Rb0AyRGE7LE-unsplash_jpg.rf.2994bbfb287097af700a0b34b1f5629b.jpg,0,0,0.9961,0.292,0.007,0.076,7.312,3.815,80.43,4.742,98.311
ivan-bandura-Sv27cxiX4lk-unsplash_jpg.rf.bd7226211da3d9e926a7982c25c41c8f.jpg,0,0,1.0,0.294,0.006,0.076,7.812,5.881,76.405,2.14,94.283
ivana-cajina-HDd-NQ_AMNQ-unsplash_jpg.rf.89ab06511406d8343104b0b2412a2b9a.jpg,0,0,0.9999,0.211,0.005,0.046,7.857,6.838,100.281,2.496,119.356
ivana-cajina-RCyqwYP8tHs-unsplash_jpg.rf.5ccfab99e76f37884cd6bdc905849701.jpg,0,0,0.979,0.291,0.006,0.076,9.455,5.906,75.915,2.158,95.52
ivana-cajina-c5qtqTHHk8Y-unsplash_jpg.rf.97a63e6f9b42115177531fdc75ecc141.jpg,0,0,1.0,0.327,0.006,0.074,15.193,5.75,82.277,2.915,108.218
ivana-cajina-g6B4rdvegMc-unsplash_jpg.rf.73e2bb2c0a079e3c83ee781ad9d5d1dd.jpg,0,0,0.9993,0.334,0.006,0.074,6.477,1.213,89.516,2.487,101.783
ivars-utinans-dRTNlyYERxM-unsplash_jpg.rf.d66d1a27c70a5d877d986453c8d0bf21.jpg,0,0,1.0,0.291,0.007,0.074,9.43,1.203,76.389,2.24,91.325
jack-hishmeh-kPQjypv2sSg-unsplash_jpg.rf.2a1f8a7e3a1590da0ae043e16497be52.jpg,0,0,1.0,0.285,0.007,0.075,6.894,1.446,92.989,2.256,105.595
jakob-owens-v0L2xcj4z-8-unsplash_jpg.rf.6587524ab6c97c65cef110c9d5e3b394.jpg,0,0,0.9993,0.291,0.007,0.075,10.204,5.93,75.779,2.155,96.084
jakub-kriz-9xa5ATghMvs-unsplash_jpg.rf.8e948503a3284ff6afbc5cd2f996b6a0.jpg,0,0,1.0,0.305,0.007,0.078,10.391,6.028,75.801,2.125,96.2
jakub-kriz-amVZ_tQwT00-unsplash_jpg.rf.db890b2b74684d5d6de5f3ff8bcbb049.jpg,0,0,1.0,0.287,0.007,0.077,7.036,5.055,89.643,3.197,106.984
jaromir-kavan-ITUstQ1x2xo-unsplash_jpg.rf.1f4d51cc651141f8887d094484d01fba.jpg,0,1,0.9426,0.296,0.007,0.075,8.422,1.301,75.666,2.262,89.798
jason-leem-50bzI1F6urA-unsplash_jpg.rf.afa3c453a8f02090b3da31a961d9b5df.jpg,0,0,1.0,0.286,0.007,0.072,8.144,1.193,87.644,2.333,101.31
jeffrey-blum-3iUSDCLX64s-unsplash_jpg.rf.4fcabf93733c6e08515c3a3b851e34fb.jpg,0,0,1.0,0.292,0.007,0.073,5.383,1.251,80.147,2.168,90.954
jens-aber-wJayMBspHVE-unsplash_jpg.rf.bdbf6c9b946c02ab4e10ab61d01a9c4b.jpg,0,0,1.0,0.289,0.006,0.075,9.219,6.336,92.509,2.204,112.412
jerad-hill-xMc1FYzNgEQ-unsplash_jpg.rf.e5b105d3667a24fa0b9e757007522e3c.jpg,0,0,1.0,0.286,0.007,0.076,10.591,6.045,76.389,2.255,97.246
jeremy-vessey-UbmYvvNt1xY-unsplash_jpg.rf.b8001b7c9dfae02f5998f358a424cf37.jpg,0,0,0.9993,0.286,0.006,0.078,10.026,5.859,75.591,2.187,95.709
jim-niakaris-4BIQP4swrSE-unsplash_jpg.rf.5fd2555647f6e08a1f696a9f6cb78537.jpg,0,0,1.0,0.29,0.007,0.077,9.952,5.946,82.484,3.085,103.502
jimena-egger-iYmdySHXNUI-unsplash_jpg.rf.3e903b5088b912fe7800a1daf39fed6b.jpg,0,0,1.0,0.288,0.006,0.076,9.173,5.932,89.948,2.332,109.006
joel-ambass-UAQ1QI2XUVU-unsplash_jpg.rf.52fdcd5fdab86a9f66391a725ca9b76f.jpg,0,0,1.0,0.293,0.006,0.076,9.712,6.06,91.16,2.521,111.648
joel-vodell-nCFY9hNoUYk-unsplash_jpg.rf.2721c6b4623132cf0d204e25c6de64b5.jpg,0,0,1.0,0.29,0.006,0.076,7.816,1.296,74.839,2.196,88.182
johannes-hofmann-h9DGSxPXTIk-unsplash_jpg.rf.8b5f0b6c4e73cf3ac41f907ea99d2108.jpg,0,0,1.0,0.226,0.005,0.051,8.842,1.308,77.066,2.225,91.395
johannes-plenio-DPd_jrugB2w-unsplash_jpg.rf.f6838088b9ee6a9d445138847826b629.jpg,0,0,1.0,0.287,0.007,0.075,7.78,6.03,76.529,4.75,97.12
johannes-plenio-GNYdKN-zjlg-unsplash_jpg.rf.91dd2614a798b8574dddfef2a49d8010.jpg,0,0,1.0,0.294,0.008,0.077,6.958,3.479,82.21,2.196,96.865
johannes-plenio-ZoqSJ-xrGY0-unsplash_jpg.rf.fa1e8cd5677665489e721f564a306e92.jpg,0,0,1.0,0.284,0.007,0.072,9.324,1.186,88.247,2.099,102.926
johannes-plenio-sY5llOA25Ck-unsplash_jpg.rf.8d1a0b4868e434f9dbae2a0925cd8134.jpg,0,0,1.0,0.289,0.006,0.076,5.262,6.055,75.966,2.248,91.535
john-salzarulo-H2j2rotqudo-unsplash_jpg.rf.ef9fa960c460ef1d368c7b6073715ae8.jpg,0,0,1.0,0.287,0.006,0.071,9.087,5.674,104.261,2.253,123.258
john-towner-prd5CXMsD68-unsplash_jpg.rf.ad0d1f742254256abc44c23fc0e98723.jpg,0,0,1.0,0.296,0.006,0.076,9.819,5.806,75.914,2.282,95.796
johnny-briggs-M8BW5vyzG6E-unsplash_jpg.rf.edf02adb85b6429950744ed5091ec987.jpg,0,0,1.0,0.291,0.006,0.074,10.963,5.99,76.316,2.122,97.335
johny-goerend-pK8Wj_wZVkw-unsplash_jpg.rf.f4c960fb5ac60d1bf72bb5cef9609312.jpg,0,0,1.0,0.287,0.007,0.073,9.15,6.343,87.791,4.42,109.796
jonas-denil-Ht6kCAcD-1Y-unsplash_jpg.rf.c275d4083123055b4faaec3257a55a6a.jpg,0,0,0.9982,0.283,0.006,0.075,7.091,1.292,75.722,2.195,88.4
jonas-denil-KYjDM67EBkI-unsplash_jpg.rf.1002ee32260c8f7ecd21eed773d2414b.jpg,0,0,0.9572,0.289,0.007,0.075,9.016,6.699,87.066,3.069,108.196
jonatan-pie-VBPzoNXYj7c-unsplash_jpg.rf.acda64782c1effbb8d323a06861422ce.jpg,0,0,1.0,0.287,0.006,0.074,10.529,5.95,75.904,5.232,99.898
jonny-caspari-GGc-yc6P218-unsplash_jpg.rf.4360aaa89d5611b32706cc5f768052e7.jpg,0,0,1.0,0.291,0.007,0.077,10.11,1.316,76.161,2.225,91.854
jonny-caspari-eUjyDDl31RY-unsplash_jpg.rf.88cfa4e053e246124ba4c3fa300847b2.jpg,0,0,1.0,0.289,0.006,0.075,5.797,4.576,95.068,5.072,112.568
jonny-caspari-hIF_K6PRjko-unsplash_jpg.rf.7cbcc8bb3b8fa0584ad454eb1b1b5c7d.jpg,0,0,1.0,0.335,0.007,0.077,9.982,6.106,75.239,1.874,95.268
jordan-mcqueen-n9iJ_9JvjWI-unsplash_jpg.rf.097cd9822f9d5aa3bae5fb3546574256.jpg,0,0,1.0,0.287,0.006,0.076,9.163,6.86,87.216,2.203,107.473
jordan-opel-N1AFXixF4qQ-unsplash_jpg.rf.c9d36024316d6c9d4f16b3e130b8ec43.jpg,0,0,1.0,0.288,0.007,0.074,9.509,5.904,82.32,2.035,101.784
jose-alejandro-cuffia-6NCtJnNpcpA-unsplash_jpg.rf.5fbb0726710ada6ef4b258e9939570e9.jpg,0,0,1.0,0.21,0.004,0.045,10.692,1.391,75.551,1.957,91.553
josh-hild-Sl1GrFYrQ1E-unsplash_jpg.rf.4531c02e221bcf6cad9ba60cf395360b.jpg,0,0,1.0,0.287,0.006,0.077,8.606,1.429,75.7,2.635,90.441
josh-withers-aCTMWTlqiEQ-unsplash_jpg.rf.3c4ba3bba6e89469c497d70ea197e89c.jpg,0,0,1.0,0.292,0.006,0.073,10.835,5.858,76.261,1.858,96.886
joshua-fuller-Cwtv6BIi8IY-unsplash_jpg.rf.ffc78349c964a8141758a0657328659a.jpg,0,0,1.0,0.293,0.006,0.077,6.941,1.202,85.147,5.096,100.518
joshua-fuller-SFRVfLZ7ORo-unsplash_jpg.rf.2783f1246f6a4d8df91a9e195a5b4313.jpg,0,0,0.6569,0.294,0.007,0.078,9.64,1.296,82.969,4.848,100.909
joshua-woods-rTRt4L-MxLQ-unsplash_jpg.rf.53900a092e1264ebe502458ff8f5f215.jpg,0,0,1.0,0.264,0.007,0.076,6.349,1.263,88.163,2.339,100.135
joss-woodhead-53ZlFYkBavc-unsplash_jpg.rf.2de0c4e85fe849c616e7e39487722437.jpg,0,0,0.9997,0.292,0.007,0.079,8.308,1.268,75.568,1.928,89.099
joyce-g-5kt45pbfyuo-unsplash_jpg.rf.ee9c8250b4b477733353828c20588664.jpg,0,0,0.9998,0.29,0.006,0.076,10.31,7.075,85.809,2.119,107.796
jp-valery-9AA5IGoIwEQ-unsplash_jpg.rf.67f6724ca11fa3e18d92d467a4f0fbd6.jpg,0,1,0.62,0.288,0.006,0.074,9.292,1.329,75.237,2.014,89.915
jp-valery-ytWGK5RPP3E-unsplash_jpg.rf.d9143ac16c0d544202c7d05810578268.jpg,0,0,1.0,0.219,0.004,0.047,12.208,5.939,80.798,2.132,102.915
julia-verea-wz7Z51XjZ_E-unsplash_jpg.rf.0dcd76d607c82ee016f928b21a4088e8.jpg,0,0,0.9999,0.288,0.006,0.073,9.515,1.187,79.818,3.695,96.545
julian-gruneberg-DupkgRi63ns-unsplash_jpg.rf.59c1c2c4429a4aa41d512df1c9be6b18.jpg,0,0,0.9989,0.291,0.006,0.077,7.223,1.219,75.886,1.817,88.173
julian-villella-pKAom32wMj4-unsplash_jpg.rf.94433d5864668316a028f95d0e255111.jpg,0,0,1.0,0.283,0.007,0.072,7.401,1.247,87.82,2.479,101.009
julien-kettmann-r8od1mgZ8Sk-unsplash_jpg.rf.d1e7ad193d8766f24ce9a3aae03a8b34.jpg,0,0,1.0,0.248,0.005,0.048,6.968,6.447,81.786,1.918,99.09
julien-lanoy-hxhmflnl5d8-unsplash_jpg.rf.190d7eb092b10f12a9d992f458379d72.jpg,0,0,0.9992,0.295,0.006,0.074,10.8,7.16,92.652,2.253,114.861
justin-kauffman-AXnzRL3fc44-unsplash-1-_jpg.rf.c42b019fe0cf9548c8a7efcfd78fdc2a.jpg,0,0,1.0,0.293,0.007,0.075,11.944,1.216,75.721,3.414,94.475
kane-taylor-a7XYUScbu74-unsplash_jpg.rf.342b48bbda8c6b1eeb098dd59529e5cb.jpg,0,0,1.0,0.291,0.006,0.076,8.457,1.434,75.963,1.899,89.792
kayle-kaupanger-EJksqmj1pPc-unsplash_jpg.rf.f6ac2939ca7647df1c46d8106335f974.jpg,0,0,1.0,0.285,0.006,0.075,9.544,5.978,90.388,2.202,110.131
keagan-henman-N8zMX_2MKJk-unsplash_jpg.rf.9681f95786ea100e745ffe9c013046ef.jpg,0,0,0.9882,0.288,0.006,0.076,8.7,5.954,75.257,1.769,93.703
keagan-henman-digbEZQyrsY-unsplash_jpg.rf.385065d27d6b11596c8fb3402e41bdd9.jpg,0,0,0.9917,0.289,0.006,0.078,9.846,8.231,93.141,2.491,115.785
keagan-henman-rJJG1nUfDSc-unsplash_jpg.rf.14fc53421588e58d992445c26aa2c1cf.jpg,0,0,0.9999,0.29,0.006,0.076,10.755,6.094,81.546,3.467,103.883
keagan-henman-wsFzXgWMlLA-unsplash_jpg.rf.fc10f0cbceb241458effd912e9eec016.jpg,0,0,0.999,0.287,0.006,0.075,11.837,7.058,74.027,1.922,96.51
keagan-henman-wyoPyihLCug-unsplash_jpg.rf.93e69835eade97ec4bd8ac0b40ab0718.jpg,0,0,0.9996,0.286,0.007,0.074,9.193,2.381,85.864,2.493,101.973
kevin-bosc-Kz9oLCDxUrA-unsplash_jpg.rf.ebc4fe8d0573910527e29d67eca8d5e5.jpg,0,0,1.0,0.287,0.006,0.075,5.677,3.055,75.621,1.839,88.286
kevin-erdvig-GkYpXeUv4nM-unsplash_jpg.rf.e2b048881b9fd762c9f7dbb477d78c91.jpg,0,1,0.9369,0.569,0.006,0.051,8.773,1.184,93.438,2.147,107.874
kimo-EPLbOv1zd4k-unsplash_jpg.rf.bf94475938a9f8775bc64a908792a5a1.jpg,0,0,1.0,0.289,0.006,0.078,12.494,6.185,74.855,1.971,97.557
kimon-maritz-1-ISIwuBMiw-unsplash_jpg.rf.f45fac75c7a0e3ffba1f43d56f33729c.jpg,0,0,0.9999,0.287,0.006,0.074,7.103,1.23,75.642,1.796,87.77
kir-simakov-6OkJxCo_yHU-unsplash_jpg.rf.b82984cd327310acf51776b208c54865.jpg,0,0,1.0,0.298,0.006,0.074,5.824,4.191,74.951,1.818,88.798
kletis-roy-AM5vvPrlqJU-unsplash_jpg.rf.3a9efda5a795add609c86f40dea6b6b6.jpg,0,0,1.0,0.282,0.007,0.074,6.02,5.538,76.2,1.807,91.527
knoell-marketing-XwAqGD4qEtI-unsplash_jpg.rf.93f832f4f71c783c5e3ed1dffbedd8fe.jpg,0,0,1.0,0.288,0.007,0.075,9.281,2.908,100.164,2.11,116.478
kristaps-ungurs-1q54ClpzDBE-unsplash_jpg.rf.4786a18f8b42a57b067e8d772a96662e.jpg,0,0,0.9992,0.287,0.006,0.076,8.623,6.281,75.312,1.818,94.089
kristaps-ungurs-2Wmp9BqcfU4-unsplash_jpg.rf.d7828fc86e8d276fe62f53ce177be075.jpg,0,0,1.0,0.29,0.006,0.076,11.904,7.994,83.345,1.874,107.178
kristaps-ungurs-5FPATjPX50g-unsplash_jpg.rf.392ae957c554744f516468a2d8be4fb8.jpg,0,0,1.0,0.286,0.006,0.073,8.101,1.202,75.739,1.931,88.966
kristaps-ungurs-6Yrbqo_RGMo-unsplash_jpg.rf.ed2d8e99d6f83ba6a34add4b6322181b.jpg,0,0,1.0,0.294,0.007,0.074,7.913,6.511,76.053,1.822,94.39
kristaps-ungurs-Hxmj17wDL-s-unsplash_jpg.rf.8fb92212ba773173973057403a907314.jpg,0,1,0.9994,0.285,0.007,0.075,7.652,1.258,75.617,1.936,88.47
kristaps-ungurs-IAHLqrnLCMw-unsplash_jpg.rf.5e54480245f133fa0104c06f71ef5a17.jpg,0,0,0.9967,0.283,0.007,0.074,8.717,1.618,75.518,1.864,89.685
kristaps-ungurs-IV7ot1J-K70-unsplash_jpg.rf.9709b431155699b3778d9929b14be334.jpg,0,0,0.9957,0.286,0.006,0.075,7.179,1.207,79.183,4.008,93.684
kristaps-ungurs-Q_vei2vnPPk-unsplash_jpg.rf.2e4da64135e3f52db3bb9d8f24fb7d29.jpg,0,0,0.9999,0.283,0.006,0.074,8.07,1.263,74.541,1.812,87.896
kristaps-ungurs-TbDgbkWt2jc-unsplash_jpg.rf.344d13273f6a4f1095df8c90ddd2f6f4.jpg,0,0,0.9998,0.288,0.006,0.074,8.84,8.778,93.269,1.912,114.83
kristaps-ungurs-Y5egGca9po-unsplash_jpg.rf.eda8a78ffd7624dc600c9674ce3b8bdb.jpg,0,0,1.0,0.29,0.007,0.075,11.056,1.206,76.082,1.792,92.175
kristaps-ungurs-bqRUmr144Rc-unsplash_jpg.rf.809d6e4249d144f3c2966e37e771817e.jpg,0,0,0.9985,0.291,0.007,0.074,7.332,6.121,90.227,2.084,107.79
kristaps-ungurs-coOIhGeKAo4-unsplash_jpg.rf.fe3da2ca2d5cc314be012641689a03b9.jpg,0,0,0.9997,0.288,0.006,0.072,7.28,1.177,75.0,1.852,87.313
kristaps-ungurs-kYN0KehKdBY-unsplash_jpg.rf.cb7dedf2838d8d87cb387fe602a6f3c9.jpg,0,0,1.0,0.284,0.007,0.077,7.449,1.449,75.584,1.784,88.355
kristaps-ungurs-vJ6gaQk_eIs-unsplash_jpg.rf.c5fea19d5efa0131ca086478c3469a0b.jpg,0,0,0.9945,0.338,0.006,0.078,9.532,1.395,75.491,1.839,90.3
kristaps-ungurs-wIEX2lI5j4A-unsplash_jpg.rf.ff09b0c48bb1408d9a296413cd656667.jpg,0,0,1.0,0.287,0.007,0.076,7.611,1.734,76.093,1.776,89.256
kristina-zeleski-CcyWBkcVaxM-unsplash_jpg.rf.7611ff49ae0e2de8d8255e555a7cfd4b.jpg,0,0,1.0,0.284,0.006,0.072,8.862,5.762,79.188,2.527,98.355
kurt-von-jNN9eZdPC5M-unsplash_jpg.rf.04918a7056f24aa88f0a8c44c2f03e08.jpg,0,0,1.0,0.289,0.007,0.076,9.809,6.593,86.128,2.14,106.335
kyle-mesdag-2tUhwqRmXns-unsplash_jpg.rf.46b29999322f05fb2a330847780618a3.jpg,0,0,1.0,0.293,0.006,0.075,10.092,1.282,87.791,2.52,103.764
kyle-peyton-iMqq7PoyL0M-unsplash_jpg.rf.6430d41d09441f8f75674a1c809da86e.jpg,0,0,0.9999,0.287,0.007,0.072,6.753,6.055,76.097,1.924,92.857
kym-mackinnon-HSFyO6DkOqQ-unsplash_jpg.rf.b87309db674227a5fa82a01e89f0ed6b.jpg,0,0,1.0,0.223,0.005,0.048,7.25,6.032,92.427,2.138,109.826
lance-asper-oJv439U1yW4-unsplash_jpg.rf.d131fc0130bea0599560f855aa3ffa3c.jpg,0,0,1.0,0.293,0.006,0.077,9.667,5.963,75.325,2.123,95.167
layne-lawson-ahjVRHrS07o-unsplash_jpg.rf.cdb3807c580d3fdbfe6edbce70ccd73b.jpg,0,0,1.0,0.287,0.006,0.076,9.829,2.316,74.546,1.878,90.631
lennart-heim-ldz-H1VyrEo-unsplash_jpg.rf.7e86d302f97cd44518c9524609762857.jpg,0,0,1.0,0.295,0.006,0.074,7.886,1.268,79.215,2.925,93.396
leslie-cross-hO9CKGCnB-M-unsplash_jpg.rf.5a18e0b371282adbc5e0e0ac4df3c223.jpg,0,0,1.0,0.293,0.007,0.073,6.885,1.277,78.089,1.77,90.114
levi-bare-fVpCWcX70ns-unsplash_jpg.rf.83fc9f858f8fc03f9b814f8032ddb649.jpg,0,0,0.9999,0.29,0.007,0.075,6.538,4.248,97.613,2.544,112.959
levi-bare-sxZ4wOoQ2io-unsplash_jpg.rf.56d18dc8a668f1a04197dcbc6623d439.jpg,0,0,1.0,0.289,0.007,0.077,5.939,1.321,75.647,1.891,86.829
levi-bare-xCfHL21VpDk-unsplash_jpg.rf.82c443a58c2432237a078fc9488419dc.jpg,0,0,1.0,0.288,0.006,0.073,7.497,2.369,88.141,2.49,102.528
levi-morsy-HPeyuY6SrUw-unsplash_jpg.rf.289cf4d305925ddf6b18738260af9ece.jpg,0,0,1.0,0.293,0.007,0.078,10.049,6.188,75.818,1.863,95.926
lewis-latham-0huRqQjz81A-unsplash_jpg.rf.c3fadcd12ba9ce18845537da3a7e1e6c.jpg,0,0,0.9992,0.292,0.007,0.078,12.022,5.869,82.513,2.013,104.504
lewis-latham-gugOBBZxty4-unsplash_jpg.rf.171fd6d791838c443e07455c6b74ea83.jpg,0,0,1.0,0.289,0.006,0.076,10.1,5.79,83.619,2.564,104.082
lili-kovac-iE2UNgYQ42g-unsplash_jpg.rf.8524ad03173827aa78f9d9ae1066db25.jpg,0,0,0.9972,0.288,0.006,0.074,8.621,1.211,76.033,1.852,89.842
lina-loos-04-C1NZk1hE-unsplash_jpg.rf.5d3d0ff3b7c9d5d128d87a6c3ae6d382.jpg,0,0,1.0,0.293,0.007,0.075,7.79,1.218,90.224,2.535,103.83
liuguangxi-r-uXQdIDsQ8-unsplash_jpg.rf.606ff4d0953d33c380b5676907a85e21.jpg,0,0,1.0,0.293,0.006,0.074,6.678,2.756,75.464,1.971,88.929
loic-furhoff-3wy-uqOBJtY-unsplash_jpg.rf.7fa32af46a8e62b62e1fdae842b03150.jpg,0,0,1.0,0.294,0.006,0.077,13.218,9.66,82.211,2.195,109.401
lou-levit-0lHIMPhRtN8-unsplash_jpg.rf.4f196d44f8b64a99e980b1eaf7aad7ed.jpg,0,0,1.0,0.285,0.006,0.072,10.594,5.651,76.217,1.853,96.325
luc-tribolet-aBe82hRak8w-unsplash_jpg.rf.1d99d110501feae75dfd99b73e4a96d1.jpg,0,0,1.0,0.298,0.006,0.077,6.771,3.747,75.882,1.848,90.24
luc-tribolet-b8bT1_ded84-unsplash_jpg.rf.080a6ca9ad2ced008ec99ab760655706.jpg,0,0,1.0,0.286,0.007,0.078,6.174,3.076,85.963,2.098,99.322
luca-bravo-A-fubu9QJxE-unsplash_jpg.rf.0067f0cc4ed00c8099be7fd0e1f27299.jpg,0,0,0.9986,0.281,0.006,0.073,9.708,5.852,75.69,1.851,95.103
luca-bravo-SgtU7sK6oP4-unsplash_jpg.rf.39c28ebf26048706ed66cba1bece3cbc.jpg,0,1,0.8837,0.291,0.006,0.072,8.839,5.818,91.929,1.957,110.584
luca-merz-PGpW4YNbzIk-unsplash_jpg.rf.ca5050f3ca2b76a1dd467aa720821675.jpg,0,0,1.0,0.291,0.006,0.076,9.985,5.485,75.958,1.843,95.197
lucas-ludwig-SRdFJC0Xblc-unsplash_jpg.rf.e63f7459edddae2bad6693a053f83f84.jpg,0,0,0.9999,0.291,0.006,0.075,12.792,7.647,77.87,2.255,102.873
lucian-dachman-Nlyae10NH7k-unsplash_jpg.rf.fe7783e9aecd16925630a6c109689a53.jpg,0,0,1.0,0.287,0.006,0.074,10.512,8.287,77.6,2.534,100.946
luis-gherasim-hYbkqbiEVDg-unsplash_jpg.rf.3318df73d3250659623a9d11e2cbf498.jpg,0,0,1.0,0.287,0.006,0.075,7.946,1.302,75.123,1.95,88.378
lukas-mann-Ixqn51tPfSM-unsplash_jpg.rf.bfed57ecff862ac932038eae08304d20.jpg,0,0,1.0,0.288,0.006,0.074,8.323,1.337,89.163,2.584,103.47
luke-baard-Cx2i30bytTo-unsplash_jpg.rf.924add3c5c40ee3b19d7220626a8785b.jpg,0,0,0.9997,0.287,0.006,0.076,5.261,1.325,77.538,1.799,87.982
luke-baard-DdNyljNFYX4-unsplash_jpg.rf.f92d424ec01eefae62968d222dfa031c.jpg,0,0,1.0,0.29,0.007,0.127,6.266,2.788,90.954,2.14,104.22
maciek-sulkowski-43gFXiPsMbY-unsplash_jpg.rf.c69905921769cd7654328b606233a200.jpg,0,0,1.0,0.369,0.007,0.077,5.561,3.245,74.826,1.866,87.816
maciek-sulkowski-oCmOCNGJM1g-unsplash_jpg.rf.84a20ba3c20f0713f971678b4e440d84.jpg,0,0,1.0,0.29,0.007,0.073,9.305,5.893,93.56,2.447,113.239
mahosadha-ong-xaWBSIUjbgc-unsplash_jpg.rf.b3b3c7a8d2b328daf0fe7a2bdf1e2c8a.jpg,0,0,1.0,0.28,0.006,0.072,9.705,6.024,81.467,1.991,101.194
malik-skydsgaard-I3ecLQjqIrA-unsplash_jpg.rf.c0f44c9f3891f4509ecb980e61c2336d.jpg,0,0,0.9994,0.295,0.007,0.074,7.834,1.622,89.815,2.058,103.23
malik-skydsgaard-zNwXhNeqqgI-unsplash_jpg.rf.0bccc904fa884a589f9416839772102c.jpg,0,0,0.9999,0.292,0.006,0.075,6.249,5.923,79.067,2.838,96.144
malte-schmidt-2l5bsmt-7wo-unsplash_jpg.rf.a68b7f14499c541dadd04c3bcf4ca439.jpg,0,0,1.0,0.29,0.007,0.076,7.442,2.763,75.689,1.782,89.787
marek-piwnicki-G_6kPyje9Lk-unsplash_jpg.rf.f5ae82ce2ae635e4dd0c44332e3233ce.jpg,0,0,1.0,0.291,0.006,0.074,6.624,1.9,87.58,2.711,100.835
marek-piwnicki-L4MklSNhuPI-unsplash_jpg.rf.09e9b9db8ccc31e7e37845ef12ee311e.jpg,0,0,1.0,0.292,0.007,0.076,7.437,1.314,82.767,1.999,95.536
marek-piwnicki-M7D3WdZKRk8-unsplash_jpg.rf.dfc0941187c25cd0a3cd20471b71556a.jpg,0,0,1.0,0.287,0.006,0.074,7.272,2.249,90.52,2.538,104.722
marek-piwnicki-WElEec96cxk-unsplash_jpg.rf.a0e6e8b4ec0e3237964e8973e1d0c5d7.jpg,0,0,1.0,0.285,0.006,0.074,5.838,4.084,75.406,1.888,89.254
marek-piwnicki-Za_PRp9Dx3Q-unsplash_jpg.rf.cea43ca85730976fee0dcd44f74a3730.jpg,0,0,1.0,0.299,0.007,0.076,12.042,3.55,75.896,1.833,95.435
marek-piwnicki-aDAivSo7IgM-unsplash_jpg.rf.18f91e95061c3e37b4532325edc324ba.jpg,0,0,1.0,0.286,0.006,0.074,9.282,1.479,75.325,2.15,90.276
marek-piwnicki-t-Fsrt79y5E-unsplash_jpg.rf.03bc87fdcf97257c46575b69a6dbb446.jpg,0,0,1.0,0.214,0.005,0.046,9.254,6.552,91.773,2.066,111.647
marek-piwnicki-z28tlg9IBDY-unsplash_jpg.rf.9574ea9de7b1e8b007c1de9efded7f08.jpg,0,0,1.0,0.287,0.006,0.077,8.596,5.966,86.332,2.443,105.328
mari-potter-nqBbhvhNxWE-unsplash_jpg.rf.17cce72d01c757747eba3311ee39b240.jpg,0,0,1.0,0.289,0.007,0.076,9.073,5.977,75.624,1.905,94.614
mari-potter-zdIF9nWyl1A-unsplash_jpg.rf.a805131e5f4c46dcdd95d46e6a4690f1.jpg,0,0,1.0,0.29,0.007,0.077,10.244,6.687,94.55,2.045,115.531
maria-orlova-tvAHVu1792A-unsplash_jpg.rf.cbff4b4c428441e0c165640ed5eeeb54.jpg,0,0,1.0,0.295,0.007,0.074,9.417,1.399,75.509,2.094,90.42
mariya-pampova-ev67IoFbO5Q-unsplash_jpg.rf.651c2cc41527890f53b0bb87e9d73b87.jpg,0,0,1.0,0.29,0.007,0.071,8.727,6.735,78.218,1.845,97.694
mark-basarab-Z0yBwzYXy7Y-unsplash_jpg.rf.49210ecf788595b77ffd390e055b2282.jpg,0,0,0.9999,0.297,0.007,0.075,9.571,1.294,81.088,2.609,96.664
mark-mialik-yPbjEnJYo8c-unsplash_jpg.rf.88c7b39c31c68746d81e133a0f73898b.jpg,0,0,1.0,0.286,0.006,0.076,5.959,1.283,77.755,1.865,88.899
markus-spiske-5KvErlbdeyo-unsplash_jpg.rf.ed05b3504784c04ec34df964933e8e0a.jpg,0,0,0.9979,0.218,0.005,0.046,8.743,1.237,100.962,1.809,114.624
martin-reisch-QELrOYfIlQM-unsplash_jpg.rf.e68376ff1a25bd9a9436271360f52587.jpg,0,0,1.0,0.291,0.006,0.074,10.229,6.031,75.105,1.846,95.204
martin-zangerl-axhLuc-JskI-unsplash_jpg.rf.0e4c339451103d701ce6b614ed077162.jpg,0,0,1.0,0.213,0.005,0.049,10.208,5.86,79.844,2.095,100.076
matheo-jbt-Qvm7Cp-Zh_I-unsplash_jpg.rf.01e2661c7ad17bd0ce2420c7bec77ac5.jpg,0,0,1.0,0.328,0.007,0.077,8.15,1.252,77.683,3.421,92.635
mathieu-odin-DOHfIUK8Dl4-unsplash_jpg.rf.3ad3739076c01002b27955f9eb3f9261.jpg,0,0,1.0,0.291,0.007,0.075,8.094,2.43,75.662,1.875,90.107
matt-howard-Nih9R2lduNw-unsplash_jpg.rf.6d02978fffeebb10d8ff4e32b94e6790.jpg,0,0,0.9919,0.293,0.006,0.078,9.319,1.232,87.211,2.528,102.346
matt-jones-eWeteZ9W3e0-unsplash_jpg.rf.1c0d0d6712cfa87a0361c8048c08873c.jpg,0,0,1.0,0.288,0.006,0.076,9.296,4.566,75.943,1.921,93.807
matt-palmer-F2MsRM7Z2as-unsplash_jpg.rf.139dcdc03f11bc4b73132576db5ba320.jpg,0,0,0.9999,0.293,0.006,0.078,9.629,5.948,89.871,2.468,109.994
matt-palmer-P2zKezpWLwY-unsplash_jpg.rf.bc46e178d6b4ae7ff02417ce956910f7.jpg,0,0,0.9995,0.286,0.007,0.076,9.33,5.814,87.894,2.532,107.6
matthew-6abeLGdk-jo-unsplash_jpg.rf.ee88f093ef0a29a5983d1c9f219f0889.jpg,0,0,1.0,0.287,0.007,0.076,9.136,5.927,75.729,1.925,94.732
matthew-ElMCuYRYY0U-unsplash_jpg.rf.0514260d10933798ce809e563dab796f.jpg,0,0,1.0,0.288,0.007,0.075,9.294,5.928,87.195,3.942,108.379
matthew-jYKv9uaJPvQ-unsplash_jpg.rf.280ec9bdf666b67d28ac0c0af8534f3b.jpg,0,0,1.0,0.294,0.006,0.076,10.155,6.001,82.376,1.987,102.546
max-hermansson-SXWnpf6KsNQ-unsplash_jpg.rf.e2013ab1adbcd4ddfdc00612594b0bdb.jpg,0,0,1.0,0.287,0.037,0.081,11.256,7.037,85.36,1.97,107.579
max-okhrimenko-Wo_EeH5I2qc-unsplash_jpg.rf.6a520869cc144ab535be0de4d5381a45.jpg,0,0,1.0,0.283,0.006,0.075,9.03,1.747,75.947,2.115,90.962
maxime-gauthier-WjrOD8zA8EU-unsplash_jpg.rf.220f0ef01feec5eff5877b0a426559cc.jpg,0,0,1.0,0.292,0.006,0.077,5.698,2.747,75.66,1.919,88.056
mekht-qoIHdN6b8kU-unsplash_jpg.rf.f27db95296917171f0161f591ea41c4f.jpg,0,0,1.0,0.292,0.006,0.076,9.544,5.966,84.612,2.47,104.666
meric-dagli-2AwOeLElK7c-unsplash_jpg.rf.38476b0256620c9caca07fe487c6f041.jpg,0,0,1.0,0.289,0.007,0.074,9.344,6.011,91.213,2.163,110.699
micaela-parente-75N5Kh4O9e0-unsplash_jpg.rf.b975e36c8e60cdabd8d590c2e4f48b77.jpg,0,0,0.9999,0.292,0.007,0.077,11.504,7.834,87.776,1.87,111.06
micaela-parente-Lw-wQiZqML0-unsplash_jpg.rf.6a9b4f6cf3118b56519019d37a65e9a1.jpg,0,0,1.0,0.285,0.006,0.076,7.757,1.188,76.41,1.863,89.283
michael-benz-IZ2sgQKIhM-unsplash_jpg.rf.a1f55a11c81ef27fb326db362c9b00e2.jpg,0,0,1.0,0.253,0.005,0.046,10.38,1.281,75.95,1.87,91.549
michael-chambers-m6WCximB8ng-unsplash_jpg.rf.a58c6c0cebc059e6407d983a8e264d2a.jpg,0,0,1.0,0.287,0.006,0.077,8.416,1.224,75.811,3.122,90.693
michael-olsen-WTMgdWNHkaU-unsplash_jpg.rf.ca97d811e71ca9d658f9363a72f8efa6.jpg,0,0,0.9991,0.293,0.006,0.075,8.255,1.323,81.754,2.144,95.516
michael-olsen-cB99rnOAs2M-unsplash_jpg.rf.2b7c5ae868044b86eb93c86bbb71a0a1.jpg,0,0,1.0,0.29,0.007,0.074,9.464,6.045,87.635,5.553,110.702
michael-vilorio-KLUoR8k9Hl8-unsplash_jpg.rf.a3656e151aeb92aad6df62d84dae84ce.jpg,0,0,1.0,0.294,0.006,0.076,9.966,1.294,76.223,1.829,91.352
michail-dementiev-E0LpPXeHGAM-unsplash_jpg.rf.5025acf2a22dc7c40d5b03b00bbe1b74.jpg,0,0,1.0,0.293,0.007,0.075,11.154,7.441,99.367,2.54,123.027
miha-rekar-wm9OmdN_Ig-unsplash_jpg.rf.13e1ddaf1af3efbd0a89248bed12beb1.jpg,0,0,1.0,0.285,0.006,0.073,10.207,6.066,79.585,2.547,100.437
mikael-stenberg-y0CRX9wdPJQ-unsplash_jpg.rf.8b98f8120827aafd45703be59917351f.jpg,0,0,0.9983,0.288,0.007,0.074,10.377,5.931,75.991,1.906,96.17
mike-petrucci-UvvoagAtotU-unsplash_jpg.rf.d3d838074f343ec0a8d720b7bf92f968.jpg,0,0,1.0,0.288,0.006,0.073,7.536,1.249,88.208,2.182,101.308
mikey-b-zXu_co6yvfw-unsplash_jpg.rf.7ebd390168fa6b62e181a9fec8547c51.jpg,0,0,1.0,0.291,0.007,0.073,8.887,1.612,75.738,1.905,90.191
miroslav-matthess-ajHzrrEeqgc-unsplash_jpg.rf.74765cda957494e5faaf8a538a0ef437.jpg,0,0,1.0,0.299,0.006,0.076,9.333,1.226,87.658,2.69,103.015
mj-FnTrZQOjaos-unsplash_jpg.rf.ea046922ba2e49378cb62179d4bdf35e.jpg,0,0,0.9998,0.291,0.007,0.075,8.334,6.082,74.557,2.28,93.282
mj-Nz-fXma87wQ-unsplash_jpg.rf.e16d2d2a9d99fb3bb9b1f249d5986125.jpg,0,0,1.0,0.221,0.005,0.047,13.984,5.573,80.514,2.525,104.589
mono-log-HKS5pyraP7k-unsplash_jpg.rf.476762cc5a47948b59bb290d53c9471e.jpg,0,0,0.9987,0.295,0.007,0.076,6.762,6.044,92.983,5.036,112.907
nadiia-ploshchenko-54nrlqy3zoI-unsplash_jpg.rf.ea15b253fee651ca8381a8fcc19c746a.jpg,0,0,0.9999,0.291,0.007,0.077,8.755,6.011,75.857,1.935,94.721
naresh-nayak-FH_5X0veEAk-unsplash_jpg.rf.c4fa51c1b62f80affce94e319c1ad483.jpg,0,0,1.0,0.333,0.006,0.075,10.512,1.274,86.944,2.472,103.259
natalya-letunova-WjqyWNCYSI8-unsplash_jpg.rf.b452895e0d7eae3f135cca85ddca06db.jpg,0,0,0.9993,0.292,0.006,0.077,7.533,1.153,79.55,2.698,92.924
nate-johnston-seLQo3j7Xu4-unsplash_jpg.rf.4e05336333282927a3dd71adc0264719.jpg,0,1,0.5113,0.284,0.007,0.071,7.927,1.309,91.151,3.046,105.445
nate-snWIEzNipEc-unsplash_jpg.rf.97e67fae76d883659b8ceb948d69aa81.jpg,0,0,1.0,0.29,0.006,0.076,9.671,5.979,76.637,1.926,96.236
nathan-anderson-0dJyOIiGkfk-unsplash_jpg.rf.3a74579ef40ff713b6621f09fea352fa.jpg,0,0,0.9033,0.472,0.006,0.051,7.686,1.495,74.896,1.858,88.098
nathan-anderson-1z6Soz2c61E-unsplash_jpg.rf.ff8ff679c71c20c54608e51043d133c0.jpg,0,0,1.0,0.289,0.006,0.075,6.25,1.278,76.254,3.755,89.553
nathan-anderson-4yR7KwuoAgE-unsplash_jpg.rf.d641d99d5251591f1a67d35a4a60cbc1.jpg,0,0,0.979,0.286,0.007,0.073,10.492,6.947,88.485,3.651,111.553
nathan-anderson-5pF0dXiAspg-unsplash_jpg.rf.7fadf4346d175c211930123133a403a4.jpg,0,0,0.9305,0.295,0.006,0.078,11.532,5.872,89.277,2.44,111.206
nathan-anderson-8x86FhrOWwA-unsplash_jpg.rf.02f199c632157d427d2f85a1d089ff3b.jpg,0,0,1.0,0.286,0.007,0.074,10.609,1.427,76.598,2.474,93.166
nathan-anderson-9rNyml9OKfI-unsplash_jpg.rf.179e2628e65a89b4ba07de6f09f28e5f.jpg,0,0,0.9999,0.286,0.006,0.074,5.726,1.641,77.37,2.148,88.888
nathan-anderson-GxPjjBNt2o-unsplash_jpg.rf.f00e15567f9608e78c0189a662e517f5.jpg,0,0,1.0,0.288,0.006,0.073,10.524,6.532,80.287,3.51,102.977
nathan-anderson-KJH3wkcGKdM-unsplash_jpg.rf.a20770fabb33c63d40c449f29779b50c.jpg,0,0,1.0,0.295,0.007,0.078,10.168,4.079,81.137,1.839,99.236
nathan-anderson-KOFidaSW1cc-unsplash_jpg.rf.e51b9142ca1ac59faa5045771e0f31a2.jpg,0,0,1.0,0.392,0.007,0.076,10.162,1.401,91.909,2.483,108.187
nathan-anderson-PBRkqx-r6_c-unsplash_jpg.rf.3333118b6cf676f4e50b54fca8812c3f.jpg,0,0,1.0,0.291,0.007,0.076,9.928,4.248,75.48,1.761,93.334
nathan-anderson-PdPKIkd1L9g-unsplash_jpg.rf.16b1f4d5ad28fc27f1ec729c07bfd020.jpg,0,0,1.0,0.288,0.007,0.075,8.065,5.1,86.549,4.511,106.284
nathan-anderson-V84H4r_G1yw-unsplash_jpg.rf.697a6b0851c893b94c22f87b46e60658.jpg,0,0,1.0,0.286,0.007,0.076,8.142,2.774,83.963,4.871,101.765
nathan-anderson-YCUI9Ntzsgc-unsplash_jpg.rf.b5602c1484bd0d6dd03e86767ccc7494.jpg,0,0,0.9994,0.288,0.007,0.074,10.12,1.237,76.222,2.278,91.853
nathan-anderson-_ZnFxTysYNc-unsplash_jpg.rf.e6c866029dba3a31318e1fd58f48f5fd.jpg,0,0,0.9996,0.284,0.006,0.071,8.783,6.055,91.452,2.256,110.553
nathan-anderson-j1_s52QX6fs-unsplash_jpg.rf.c84ea88613c660f3ffcf39d258ed7f90.jpg,0,0,0.9995,0.288,0.007,0.075,8.98,1.195,75.174,1.802,89.215
nathan-anderson-qhkXT5D7n_w-unsplash_jpg.rf.eaff28b7816ab9ab030d1a991cbfa29f.jpg,0,0,0.9999,0.285,0.007,0.075,11.496,6.497,83.036,2.249,105.423
nathan-anderson-v6YntOOHPTY-unsplash_jpg.rf.c73e9d73bd0bb4e962ad1ccc5d7ba5d1.jpg,0,0,0.7019,0.282,0.006,0.072,10.457,6.123,75.751,5.279,99.719
nathan-anderson-vtZQNphir8c-unsplash_jpg.rf.3f78f9b0df6c7a414dac6daeff893740.jpg,0,0,1.0,0.289,0.006,0.078,7.721,1.747,76.731,2.146,90.361
nathan-anderson-ypFlatkSf2o-unsplash_jpg.rf.0c92b0d6a41fb2066a8d5308325401a0.jpg,0,0,1.0,0.293,0.006,0.074,9.461,5.888,84.805,2.231,104.408
nelu-paps-TqJ2J90TS24-unsplash_jpg.rf.429bb6f9a16a7ea6caf71521212c0360.jpg,0,0,0.9997,0.289,0.006,0.074,9.063,1.724,75.338,1.804,89.959
neven-krcmarek-6CjumGKauts-unsplash_jpg.rf.dfcdf2d334028e28f7a42abc74b76827.jpg,0,0,1.0,0.287,0.006,0.076,10.122,1.364,88.729,2.245,104.523
nic-y-c-_uQqjtLk_Cs-unsplash_jpg.rf.06c6a645b467a2b210f2318d20735a6e.jpg,0,0,0.9999,0.283,0.006,0.075,5.696,1.212,81.936,1.861,92.761
nic-y-c-vNBg-a6eRtc-unsplash_jpg.rf.0eb5659e658a87ccee15ec2a601e92fa.jpg,0,0,1.0,0.382,0.007,0.075,8.758,7.969,93.343,1.946,114.173
nick-andreas-jwfmY2oVfqA-unsplash_jpg.rf.24cbe172563e44f745ff1c3a7c4a0975.jpg,0,0,1.0,0.299,0.006,0.079,7.883,1.739,75.661,1.844,89.19
nick-moore-fJg9IF9UOr0-unsplash_jpg.rf.aadbae5e5845b2f30a7fdd2a767afd2b.jpg,0,0,1.0,0.334,0.006,0.077,11.853,6.992,76.487,2.227,99.718
nico-iseli-ozkF9Yy8QTE-unsplash_jpg.rf.49ac16a8003051ca53833e67d6523c38.jpg,0,0,1.0,0.285,0.006,0.076,10.046,1.204,76.681,2.403,92.316
nicolas-hippert-4doZmorf3IE-unsplash_jpg.rf.11c98c5216d9780bbda18054fd989b7e.jpg,0,0,1.0,0.282,0.006,0.076,6.547,5.655,80.731,1.869,96.794
nikita-tikhomirov-wlo2JlSgwyM-unsplash_jpg.rf.c632310fab2735841bfabb2ebfb2d7a3.jpg,0,0,0.9991,0.283,0.006,0.076,8.917,6.129,89.011,2.16,108.217
noah-silliman-01Qqkfz-ck8-unsplash_jpg.rf.1fc15c5dfb3de107eb4ba6afac2a85f2.jpg,0,0,0.9996,0.288,0.007,0.079,8.819,6.207,76.003,2.208,95.273
noah-silliman-Udm1Kj9Y9yk-unsplash_jpg.rf.919cd23fb1331d21946e40a4c9906219.jpg,0,0,1.0,0.288,0.006,0.075,11.701,6.94,83.48,1.945,106.056
oleg-mozhevin-kioB5vGYUSo-unsplash_jpg.rf.9b25ee5a052e60072471d9fa194b79a5.jpg,0,0,1.0,0.341,0.007,0.08,8.157,5.866,75.735,1.858,93.64
olena-sergienko-0Ws_-v4Y_wY-unsplash_jpg.rf.e94e2c3e73862628d572ad419606fad2.jpg,0,0,1.0,0.287,0.006,0.073,10.51,5.954,82.156,2.155,102.827
olena-sergienko-1wYD3cqD83I-unsplash_jpg.rf.309c434c9d51061a912c39fa3ad50f7a.jpg,0,0,1.0,0.287,0.007,0.076,9.597,5.985,85.123,2.579,105.394
olena-sergienko-EFIJMW_rWKs-unsplash_jpg.rf.b78ff0dc28e55282fbbab3d6f1cfae34.jpg,0,0,0.9997,0.29,0.006,0.075,10.405,1.314,74.605,1.906,90.729
olena-sergienko-TySkkTBvSlE-unsplash_jpg.rf.2727ea9911582835b5311b00fdf325b8.jpg,0,0,1.0,0.284,0.007,0.076,7.337,1.333,90.184,2.472,103.355
olena-sergienko-Wiq_zZA6UOw-unsplash_jpg.rf.85cce0ea6bdc9a4d472d74d86dc8a988.jpg,0,0,1.0,0.293,0.006,0.079,10.036,6.633,87.798,2.135,108.575
olena-sergienko-yALeiJ1KdiQ-unsplash_jpg.rf.db2d9dc211e7fcb137175e2ef4098e04.jpg,0,0,1.0,0.352,0.008,0.087,10.976,1.586,84.033,1.974,100.698
olena-sergienko-zp1Rq3OkVpM-unsplash_jpg.rf.e7735384555207a031eb7c9877775e62.jpg,0,0,0.9994,0.333,0.006,0.076,8.485,5.638,77.964,2.756,96.925
olivier-mesnage-qj8ujkhbLfc-unsplash_jpg.rf.f839cef7e93a0a7470185ac4c33918d8.jpg,0,0,0.9991,0.287,0.007,0.074,9.144,1.545,76.374,1.783,90.776
olivier-miche-c6JZa0b4Q8Q-unsplash_jpg.rf.1f4eb1a64070121f89dbcc67b55e904d.jpg,0,0,1.0,0.294,0.007,0.075,8.441,1.29,86.522,2.47,100.68
oscar-nolasco-ufubXa4WnHs-unsplash_jpg.rf.2122194c8568c7abac86cb79155ebb7f.jpg,0,0,1.0,0.288,0.007,0.077,6.457,1.229,76.289,1.749,87.734
oskar-smethurst-3hScD_Z_KyE-unsplash_jpg.rf.c14106c4781fdb98be28c834b2ba2a92.jpg,0,0,0.9951,0.289,0.006,0.079,9.878,5.879,94.296,2.13,114.539
ozark-drones-97WaZhEg0Hg-unsplash_jpg.rf.dcc0669f91c46364842aee2b57aed3f9.jpg,0,0,0.9993,0.359,0.007,0.076,9.146,1.439,75.126,1.99,89.902
ozark-drones-H1psDNcpOfI-unsplash_jpg.rf.85f5824007084d02e9bd5e9f0fa33127.jpg,0,0,0.9999,0.22,0.005,0.048,9.373,5.952,86.854,2.231,106.351
ozark-drones-REWIV2QAEgs-unsplash_jpg.rf.522b8de322effce55bf5e951bf95ec64.jpg,0,0,0.9987,0.287,0.006,0.077,7.587,1.449,85.536,4.915,101.526
ozark-drones-dA0JNkNAu1A-unsplash_jpg.rf.adc7de411f45083f1a1beaefb0f267fe.jpg,0,0,0.9998,0.292,0.006,0.075,7.201,1.719,76.219,1.859,89.097
ozark-drones-jeV-LUEyJoE-unsplash_jpg.rf.423180deba7125d040b5fb35b50ac2b3.jpg,0,0,1.0,0.212,0.004,0.088,7.047,2.388,91.013,2.354,104.91
ozark-drones-oDUpFPUy2VU-unsplash_jpg.rf.d649f2bb2426bf2dfd8a8d1e67c9275e.jpg,0,0,0.6424,0.292,0.006,0.077,8.237,1.253,75.709,1.872,89.167
ozark-drones-rkvI-ToeV40-unsplash_jpg.rf.0095c25d2b41de99cc2a4b7f261a6fee.jpg,0,0,0.9986,0.295,0.007,0.077,9.897,6.464,90.808,1.984,111.319
pascal-scholl-2Attt7V5g-I-unsplash_jpg.rf.4483cc572f2fbfedcdf25d1d86537f8f.jpg,0,0,0.9992,0.288,0.006,0.075,7.974,1.288,79.109,2.744,93.231
pascal-scholl-YpeovwN3BLY-unsplash_jpg.rf.11e815e56c3ad28e3ae3b146f9e530cc.jpg,0,0,1.0,0.329,0.006,0.076,7.578,1.28,75.391,1.864,88.19
pascal-scholl-tCXtTfJTR6E-unsplash_jpg.rf.0d3c9c0ee3d01c26279299117fa78bd9.jpg,0,0,1.0,0.215,0.004,0.046,7.455,2.595,97.344,2.181,111.519
pat-whelen-RgRbnwcvhDo-unsplash_jpg.rf.88e55e5dc45ae1497b1ff68fab146ac8.jpg,0,0,0.9999,0.287,0.007,0.078,5.237,1.25,75.351,1.807,85.639
pat-whelen-fej4S52jRJg-unsplash_jpg.rf.9c524141b08cf2122f282db641354afa.jpg,0,0,0.9998,0.283,0.006,0.075,6.385,3.135,88.204,2.499,102.321
patrick-federi-QS8lvOcqHRo-unsplash_jpg.rf.bda0473e838075c0be36250f9bb3846e.jpg,0,0,1.0,0.287,0.007,0.074,7.663,1.209,75.596,1.85,88.298
patrick-federi-otESDtV7Tco-unsplash_jpg.rf.21003732bb6972abf36c2365beb718d7.jpg,0,0,1.0,0.287,0.007,0.077,11.361,7.174,89.636,2.962,113.21
patrick-miyaoka-XzNNcijgEHE-unsplash_jpg.rf.0b11117abdc07fe234191538cc98ea6f.jpg,0,0,1.0,0.292,0.006,0.077,8.793,6.081,76.162,2.426,95.484
paul-pastourmatzis-0NetIOwaEqQ-unsplash_jpg.rf.ad099f5e0a43700da6fc88440096e19d.jpg,0,0,1.0,0.293,0.007,0.076,9.468,6.043,76.063,1.921,95.511
paul-pastourmatzis-N2JMp29mwk4-unsplash_jpg.rf.05b61c100609c0a9cbe2a51ba36b3502.jpg,0,0,1.0,0.286,0.007,0.073,8.057,1.329,85.92,4.455,101.918
paul-trienekens-wc7X0X565IE-unsplash_jpg.rf.37b4ecdef4230370648f14b8b351983f.jpg,0,0,1.0,0.291,0.006,0.077,8.589,3.869,75.759,2.02,92.348
pavel-neznanov-ta-I8rZ6zJc-unsplash_jpg.rf.38d5b8a45a76f752d4f0eafb6a25dfed.jpg,0,0,1.0,0.296,0.007,0.074,8.555,1.084,94.154,2.228,108.009
pawan-thapa-IQQ_yieXc1s-unsplash_jpg.rf.76c97380cdea4f9123e77d6cfc8eaea0.jpg,0,0,0.9612,0.293,0.007,0.076,6.359,2.81,74.829,1.833,87.921
pawan-thapa-qEJRVTbDpTQ-unsplash_jpg.rf.065ca02a8325ee3fc22bf9caaf5f086f.jpg,0,0,1.0,0.292,0.006,0.075,5.566,6.488,91.333,2.129,107.591
petr-sevcovic-UpM3uDXBW8w-unsplash_jpg.rf.7898e5d3eb329cb9f94ce63d5fc4c559.jpg,0,0,1.0,0.29,0.006,0.075,10.357,6.137,78.403,2.637,99.621
phil-desforges-t4BwdvdvQ4I-unsplash_jpg.rf.153aed7faf29c4bf50b87c140a50f3a2.jpg,0,0,1.0,0.209,0.004,0.046,10.704,1.283,75.494,1.896,91.356
pramod-tiwari-9E8rglSXnc4-unsplash_jpg.rf.d13c7ef3f0dbc2e52c205826ae71aacd.jpg,0,0,1.0,0.29,0.006,0.075,5.701,5.02,88.715,2.523,104.005
quentin-menini-nrEb1KzuqTg-unsplash_jpg.rf.54e6142c60e3e9d0fc3b2b390cb745b8.jpg,0,1,0.4597,0.291,0.006,0.079,8.13,6.035,75.936,1.815,93.802
raghavendra-prasad-VDhBqr4y_Ho-unsplash_jpg.rf.44b63d25249ca63f19b06de58c5b0d7a.jpg,0,0,1.0,0.291,0.007,0.074,8.99,5.987,92.621,2.491,112.326
rahul-chakraborty-imTMBU0DOfo-unsplash_jpg.rf.bda27cd7413af45b9993d3f2ad478936.jpg,0,0,1.0,0.267,0.005,0.054,9.758,6.964,84.398,5.016,108.164
raphael-biscaldi-imFxAaCy_Pc-unsplash_jpg.rf.fc0aabe6e58a934c1d9205fe8985bd60.jpg,0,0,1.0,0.29,0.006,0.074,10.207,5.937,75.927,1.868,96.007
ravi-patel-UPc3D38lXFw-unsplash_jpg.rf.2201c36ab7938bb6ed554a9dca7e8365.jpg,0,0,1.0,0.295,0.006,0.08,9.176,5.957,98.853,2.463,118.462
ray-ziak-BO8K27h5lNc-unsplash_jpg.rf.ed9ff20b04490482e8fb4c19572583e3.jpg,0,0,1.0,0.292,0.007,0.074,9.104,5.969,76.196,1.89,95.187
raymond-ancog-MSLHYRXQK4-unsplash_jpg.rf.27730140ba99ffeee1bb0d5b074dc80f.jpg,0,0,1.0,0.291,0.006,0.076,11.624,5.284,76.883,1.82,97.651
rd-mcclenagan-lTQ3GT-sb9Q-unsplash_jpg.rf.a2e701676b79066f5230eb6ab3938a87.jpg,0,0,1.0,0.297,0.007,0.077,10.208,3.694,75.792,2.041,93.787
red-morley-hewitt-kizs7vYY5Dg-unsplash_jpg.rf.898de0437627a8bf937b19eaa62baea2.jpg,0,0,1.0,0.292,0.006,0.077,9.794,6.495,75.3,1.855,95.416
red-zeppelin-rVTwHuRXlho-unsplash_jpg.rf.e74d8ed2f91de3591c3e9375beb5e71a.jpg,0,0,1.0,0.288,0.007,0.075,7.609,4.832,86.727,2.768,103.698
redd-f-sW7Gir6CG_0-unsplash_jpg.rf.5d7a1bf43f3394942fe9dfad0214310c.jpg,0,0,0.9959,0.271,0.006,0.078,10.267,5.962,83.469,1.928,103.736
revolt-V0m4dPa5kNw-unsplash_jpg.rf.bc082270a9a30f9c89730ff1f33f595b.jpg,0,0,1.0,0.356,0.006,0.076,9.626,6.026,94.855,2.111,114.772
richie-nolan-jQ_RRJgun3s-unsplash_jpg.rf.c1c348b0f3fa155081930af5ef97bb0f.jpg,0,0,0.974,0.284,0.006,0.054,8.169,5.72,74.988,6.055,96.512
roberto-nickson-dCbl-CaL15k-unsplash_jpg.rf.91a00b6a22156747831b92eebb50bffd.jpg,0,0,1.0,0.29,0.006,0.076,9.489,6.026,74.666,1.936,94.158
roman-skrypnyk-a0yQ53-7ldk-unsplash_jpg.rf.5e364413065fa76e7f772e5398743289.jpg,0,0,1.0,0.29,0.006,0.075,9.608,6.073,86.263,5.708,109.751
ross-sokolovski-cWu504_3z7A-unsplash_jpg.rf.3cb4d8f001ba80d3d530d08a9b206b50.jpg,0,0,1.0,0.287,0.008,0.077,9.26,5.738,75.743,1.867,94.655
rowan-lamb-qULnOJIl_k-unsplash_jpg.rf.ab487a5c364a5f2871c2ed4928a63ebe.jpg,0,0,1.0,0.288,0.006,0.076,8.995,2.835,91.735,2.479,108.144
runde-imaging-bAN6fLT84qc-unsplash_jpg.rf.377666c7a6b880b9986688ec6ec80563.jpg,0,0,0.9833,0.288,0.007,0.074,7.849,1.279,76.085,1.817,89.051
ryan-searle-Amfd8M2nsSU-unsplash_jpg.rf.86f45dc9e31a1ca2c14b92b213c26497.jpg,0,0,0.9998,0.29,0.007,0.075,12.834,7.161,94.45,1.946,118.592
ryan-searle-H33dAQfsjZA-unsplash_jpg.rf.689e15475ecb19db293b96dc770980f3.jpg,0,0,1.0,0.296,0.007,0.073,11.947,2.793,84.533,6.133,107.55
ryo-yoshitake-fNNRU4j8c5E-unsplash_jpg.rf.e7bde212cd39dd2809e1299e3132659c.jpg,0,0,1.0,0.289,0.006,0.076,8.478,1.289,76.057,1.818,89.616
ryo-yoshitake-g3fsgTvJAcM-unsplash_jpg.rf.6f2d4962a0c53f536974ba39823bf6a8.jpg,0,0,1.0,0.293,0.007,0.076,7.846,1.224,91.36,2.492,104.96
sajad-baharvandi-8SP18l1KQMs-unsplash_jpg.rf.52881900cca79de691e458fd64fb98e3.jpg,0,0,1.0,0.34,0.006,0.076,7.374,1.474,76.145,2.279,89.37
samuel-f-h7-lHXmZl4M-unsplash_jpg.rf.9541733a051c169b111ffd8b445e2f61.jpg,0,0,1.0,0.285,0.006,0.075,9.661,7.99,95.237,2.473,117.78
samuel-scrimshaw-DMcI0cmYJYk-unsplash_jpg.rf.027810aa102cdd5bcf969c52bbd98b56.jpg,0,0,1.0,0.293,0.007,0.076,8.854,1.353,75.4,2.838,90.514
sander-weeteling-omNcHykDHp8-unsplash_jpg.rf.cb75329fe2e1fbe6f4b25daab3ab358f.jpg,0,0,1.0,0.29,0.006,0.074,7.676,3.47,75.728,2.42,91.433
sean-foster-ZK6C4EziOFQ-unsplash_jpg.rf.63e7bc090ca0324a8a4cadc1791edeb1.jpg,0,0,1.0,0.286,0.006,0.075,5.689,5.99,98.278,2.468,114.449
sean-stratton-KzYeP16sQ6Q-unsplash_jpg.rf.d1bfd5ab08178d0084a1cf9159a06a29.jpg,0,0,1.0,0.287,0.006,0.072,8.781,3.736,76.29,1.821,92.695
sean-stratton-rvVOTp6nyaM-unsplash_jpg.rf.e7565e6ebf5354bdb35f30ca11d3989c.jpg,0,0,1.0,0.289,0.006,0.074,5.384,6.416,93.203,2.51,109.551
sekwang-chia-pJ87f72_xvs-unsplash_jpg.rf.7b1a0158c578d7564e8dd64faa80471d.jpg,0,0,1.0,0.29,0.006,0.076,8.148,2.309,75.72,1.91,90.187
sergey-pesterev-i-P1lmY_e1w-unsplash_jpg.rf.bc0fcfae1427220b1647489ce8383573.jpg,0,0,1.0,0.345,0.007,0.076,13.645,1.231,76.59,1.87,95.449
shaah-shahidh-2M2N6RjUQao-unsplash_jpg.rf.917692346f5618ddff53c97c68500c1a.jpg,0,0,1.0,0.292,0.006,0.077,5.29,1.247,81.211,5.381,95.374
shai-pal-DQviXGWu-KA-unsplash_jpg.rf.73be13ccf06ea71c33bf8327a7391847.jpg,0,0,1.0,0.282,0.006,0.075,10.2,1.188,76.263,1.848,91.497
shayd-johnson-3SYi9YfTXdU-unsplash_jpg.rf.15f3254c075011080fb5b09a67e2bef6.jpg,0,0,0.9947,0.285,0.006,0.074,7.996,1.281,95.855,2.137,109.267
shep-mcallister-mKurBTV_5zY-unsplash_jpg.rf.10a2c38c373502fc8ea09a4e9fbedb4c.jpg,0,0,1.0,0.287,0.007,0.073,7.397,5.799,91.933,1.898,109.095
shifaaz-shamoon-6dRYK6FA3tw-unsplash_jpg.rf.f30f3d60c0b165cb05794bc159a0e47d.jpg,0,0,1.0,0.245,0.006,0.054,8.934,0.937,76.096,2.259,89.756
shifaaz-shamoon-rNUa5AB_Ob0-unsplash_jpg.rf.696c7ec8ec8e8a7a91c37201f29013da.jpg,0,0,1.0,0.295,0.007,0.077,6.248,1.24,76.134,2.433,88.114
shikhar-gupta-pyTdFHnhSIg-unsplash_jpg.rf.aee98cacad3aa36d27d5cd30f9502329.jpg,0,0,1.0,0.29,0.007,0.075,5.564,3.318,75.08,1.802,87.785
siddhartha-gupta-quxPC6s5L1A-unsplash_jpg.rf.6dd3be790642c8618aacfdaab3db6234.jpg,0,0,1.0,0.288,0.007,0.074,8.328,4.535,78.922,2.572,96.43
silas-baisch-rf5R1qXwlDU-unsplash_jpg.rf.397791394381c4d83b8d181724df8a8b.jpg,0,0,1.0,0.217,0.005,0.047,7.492,6.025,75.612,1.802,92.822
simone-daino-6bxvC6of7e4-unsplash_jpg.rf.e19167bf7916b51d91685e2dadb0bf5a.jpg,0,0,0.9903,0.29,0.007,0.075,10.119,1.335,86.024,2.618,102.092
sirisvisual-WvitFypONbQ-unsplash_jpg.rf.8ef1a62371a0bb306e6a5e630a154d65.jpg,0,0,0.9957,0.292,0.006,0.077,5.372,1.241,77.612,2.467,88.772
spencer-watson-5iO8hDFua04-unsplash_jpg.rf.b8045063c86b88126eba05c8a2e82bc8.jpg,0,0,0.9785,0.292,0.006,0.075,10.602,1.859,87.166,2.17,103.861
spencer-watson-dEOC8M_lmxI-unsplash_jpg.rf.0c9bbee201bf79dae39d48b10351ea6d.jpg,0,0,1.0,0.214,0.005,0.048,9.082,6.035,81.185,1.939,100.209
spencer-watson-vzVGHfxZIZ8-unsplash_jpg.rf.2c44ebf2e7c68f6bb4cb29f5c67b1037.jpg,0,0,1.0,0.298,0.007,0.076,10.211,6.585,78.027,1.859,98.372
srinis-photography-Jcek_kXF3mA-unsplash_jpg.rf.5294289beb3b76da95abc38ffdac010e.jpg,0,0,0.9919,0.293,0.006,0.077,10.081,6.799,75.754,2.011,96.735
steije-hillewaert-H2Bje-fBHQ0-unsplash_jpg.rf.47e965564f9ebfa78919a5470317925c.jpg,0,0,0.9983,0.292,0.007,0.077,9.169,1.227,76.094,1.845,90.391
stephen-leonardi-jmDz22mILEk-unsplash_jpg.rf.cb65583ed2ba17bc89cfe83396daa611.jpg,0,0,0.9989,0.291,0.007,0.075,7.259,1.346,76.698,4.299,91.65
stian-vesterinen-yiRHSGZn-eM-unsplash_jpg.rf.acaedd6374ac17632196e590e73dba49.jpg,0,0,1.0,0.21,0.005,0.047,6.021,5.101,76.242,1.906,90.908
street_view_11499_jpg.rf.2e488e35634b41edf9262248cbdff41c.jpg,0,0,1.0,0.29,0.006,0.074,7.381,1.336,83.323,2.561,96.662
street_view_1238_jpg.rf.3e912d7a30cc7f6d70793c6039a28636.jpg,0,0,0.9044,0.288,0.006,0.073,5.491,1.628,77.278,1.752,88.185
street_view_17609_jpg.rf.acdb54ea808f4be6c9500993d9a55b9d.jpg,0,0,0.9999,0.291,0.006,0.075,7.082,2.319,88.839,2.474,102.743
street_view_18428_jpg.rf.6fef03de6197025f128f01906b9272de.jpg,0,0,1.0,0.224,0.005,0.047,6.012,5.142,75.293,1.775,90.044
street_view_18570_jpg.rf.2ad2ea743b7320b34176f71f6de678f1.jpg,0,0,0.9999,0.291,0.006,0.076,9.112,6.067,90.979,2.125,110.312
street_view_19090_jpg.rf.ade0d7ecf8d00dbe3e8599c3156e2cdb.jpg,0,0,0.9999,0.292,0.007,0.073,7.384,4.504,76.036,2.484,92.423
street_view_21220_jpg.rf.723661e451f8e23b8cbdf2db5ea4e38c.jpg,0,0,0.9955,0.286,0.007,0.077,11.61,5.208,76.088,2.428,97.31
street_view_23016_jpg.rf.ff2afbd95168c1413e8e5905953b8d06.jpg,0,0,1.0,0.355,0.006,0.078,9.091,1.226,88.81,2.102,103.424
street_view_28092_jpg.rf.d3bb20c394c6acc3bd18bb503c62d771.jpg,0,0,1.0,0.292,0.007,0.075,7.742,1.276,75.942,1.909,88.929
street_view_286_jpg.rf.38216f8ab701974b72bda7894f5032cd.jpg,0,0,1.0,0.291,0.007,0.076,7.651,1.321,96.748,2.427,110.269
street_view_303_jpg.rf.66592d228ce95be0655e1eea72720c49.jpg,0,0,1.0,0.3,0.007,0.075,8.098,2.892,76.487,5.19,94.747
street_view_304_jpg.rf.524e02ee384a96398e19222dacc669f2.jpg,0,0,1.0,0.364,0.007,0.076,10.141,3.83,79.198,2.23,97.81
street_view_305_jpg.rf.8c87f1c2761d22835f9fddd271f286aa.jpg,0,0,1.0,0.297,0.006,0.075,9.699,1.349,75.985,2.312,91.411
street_view_306_jpg.rf.69cfa746c0e36669c01cd3bb8fb33f1c.jpg,0,0,1.0,0.297,0.007,0.076,10.099,1.235,76.125,2.121,91.602
street_view_307_jpg.rf.487e5a609b4445eb0d1498d5a469e2ca.jpg,0,0,1.0,0.29,0.006,0.074,8.256,1.324,83.377,4.019,100.015
street_view_3084_jpg.rf.5adf5df1a9d042a52d39fe038ad47d30.jpg,0,0,1.0,0.394,0.008,0.076,7.395,1.25,75.847,2.205,88.788
street_view_308_jpg.rf.3f7fb551b84547c826a77cf930a774e6.jpg,0,0,1.0,0.287,0.006,0.075,8.223,1.179,85.935,5.868,103.287
street_view_309_jpg.rf.a1e678e5219f8d737b193fc127ddeca2.jpg,0,0,0.999,0.28,0.006,0.074,5.496,6.339,75.957,2.193,91.969
street_view_310_jpg.rf.8410c7051f6ef4826697b8d13d87f05e.jpg,0,0,1.0,0.285,0.006,0.073,12.27,6.208,86.31,2.307,109.599
street_view_3118_jpg.rf.70748633ee384668d4641110c462d2c3.jpg,0,0,1.0,0.212,0.005,0.047,10.187,6.348,79.067,2.442,100.03
street_view_311_jpg.rf.2fd54e6e9b2608fbc587eae5e6a0e2ad.jpg,0,0,1.0,0.288,0.006,0.075,9.095,5.9,76.262,2.662,95.921
street_view_312_jpg.rf.a089badf0583e788981b3b990eca94c2.jpg,0,0,1.0,0.294,0.006,0.076,8.069,1.274,82.538,2.74,96.748
street_view_313_jpg.rf.2e90ddc6d92e5cad087cd077c7f51e83.jpg,0,0,1.0,0.213,0.004,0.045,9.425,1.307,76.448,2.11,91.5
street_view_314_jpg.rf.e126dc5a64447ac713420cc6bc00f942.jpg,0,0,1.0,0.287,0.007,0.074,8.763,6.065,92.719,2.512,112.079
street_view_315_jpg.rf.8175d6246fc912f0e825661dc2f9827d.jpg,0,0,1.0,0.343,0.007,0.077,10.539,6.006,76.344,2.204,97.163
street_view_316_jpg.rf.22f2c63305ecc64ee8205eeded2706bf.jpg,0,0,1.0,0.294,0.009,0.079,6.81,1.427,74.968,2.178,87.431
street_view_317_jpg.rf.3416c38dff50b854e3c89618c1d69d16.jpg,0,0,1.0,0.286,0.007,0.077,11.8,5.897,77.087,2.741,99.656
street_view_318_jpg.rf.1cb3aa21ee3e19dfe941f8b2cfcf358f.jpg,0,0,0.9998,0.291,0.006,0.072,7.425,6.294,86.384,2.307,104.446
street_view_319_jpg.rf.d1e1348c33988dc252d205e27b1392ce.jpg,0,0,1.0,0.289,0.006,0.072,7.926,1.285,90.405,2.323,104.036
street_view_320_jpg.rf.dae3991443cdaf667d28cfa37ad7ecef.jpg,0,0,1.0,0.281,0.006,0.074,5.965,6.238,76.12,1.852,92.207
street_view_321_jpg.rf.5a4804ee95caea7247fac6829c529559.jpg,0,0,1.0,0.334,0.006,0.079,10.176,6.607,86.625,1.976,107.364
street_view_322_jpg.rf.526bab7fcff22b3069dbc17351b41f9c.jpg,0,0,1.0,0.282,0.006,0.072,9.101,1.202,75.614,1.834,89.973
street_view_323_jpg.rf.dcc1844add5b01bf16bca1f27e18f4ec.jpg,0,0,1.0,0.285,0.006,0.077,8.661,1.219,74.715,1.871,88.517
street_view_324_jpg.rf.e89ad4a68c57282c9086138bf0c849b4.jpg,0,0,1.0,0.292,0.007,0.072,9.468,5.958,85.949,3.586,106.965
street_view_325_jpg.rf.8090a9bc5999230562a5bfae5abdf7e3.jpg,0,0,0.9997,0.346,0.007,0.075,9.409,6.228,75.588,1.945,95.281
street_view_326_jpg.rf.1e061cbee96768b0df7b8266ce578257.jpg,0,0,1.0,0.289,0.007,0.075,7.691,1.393,98.344,2.212,111.692
street_view_327_jpg.rf.1e14b074202abe5e8fd0748a3e05faae.jpg,0,0,1.0,0.298,0.007,0.076,8.161,6.104,75.933,2.267,94.487
street_view_328_jpg.rf.30e406f87ae9021c137e21d36368b7e5.jpg,0,0,1.0,0.3,0.007,0.076,9.377,1.307,76.352,1.917,91.062
street_view_329_jpg.rf.8e642568a40d46698a6798c95f0f281b.jpg,0,0,1.0,0.291,0.007,0.076,7.311,1.2,81.546,5.381,97.544
street_view_330_jpg.rf.cc26bf03e72e0f97d36b8e19a230e70e.jpg,0,0,1.0,0.289,0.006,0.075,8.417,1.189,76.117,1.693,89.405
street_view_331_jpg.rf.0e7ce32306126ed68d699c5eb25c15d5.jpg,0,0,0.9992,0.285,0.006,0.074,11.24,5.885,90.282,2.016,111.44
street_view_332_jpg.rf.01f669731b289b99046e9d84e6a4af2c.jpg,0,0,1.0,0.288,0.007,0.075,11.657,6.328,75.364,1.804,97.138
street_view_333_jpg.rf.86394d61ef71176960b7dd401d877531.jpg,0,0,1.0,0.288,0.007,0.129,11.202,6.337,87.11,1.975,109.198
street_view_334_jpg.rf.ac344ef05955bde64579a22867e94db0.jpg,0,0,1.0,0.283,0.006,0.075,12.19,6.324,85.124,3.926,109.663
street_view_335_jpg.rf.3f5bfd60349bf4a11019d5a3e42dcadd.jpg,0,0,1.0,0.346,0.006,0.075,11.807,7.155,80.931,2.161,104.188
street_view_336_jpg.rf.b3ed2a1e1f058475384e7c4f2a0e77b2.jpg,0,0,1.0,0.286,0.007,0.076,10.369,5.967,91.205,2.418,111.987
street_view_337_jpg.rf.326c48eb7865c556a4be531656e9d22d.jpg,0,0,1.0,0.293,0.007,0.074,9.47,6.038,76.131,1.978,95.627
street_view_338_jpg.rf.63a9d557d8f8a02e87367fdf84cfbfc0.jpg,0,0,1.0,0.291,0.006,0.074,9.005,1.337,76.515,2.082,90.988
street_view_339_jpg.rf.9b6ff29cf344be489ab4e84caf49ff7c.jpg,0,0,1.0,0.29,0.007,0.077,7.817,1.569,76.403,3.22,91.081
street_view_340_jpg.rf.b04d1728605b5da0307e89c4b209ed09.jpg,0,0,0.9993,0.289,0.007,0.077,7.437,2.202,74.19,1.856,87.731
street_view_341_jpg.rf.eedf3f9e7c1f963f35faead4245acb13.jpg,0,0,1.0,0.348,0.006,0.076,9.876,1.477,82.351,7.259,103.054
street_view_342_jpg.rf.f2fb0cb542497dd8c90ddd4da5df87b5.jpg,0,0,1.0,0.292,0.007,0.079,7.492,1.244,75.806,1.964,88.54
street_view_343_jpg.rf.2ac86187dbbfb79f2269c53932066ca9.jpg,0,0,1.0,0.211,0.005,0.045,11.031,6.003,87.548,2.45,108.6
street_view_344_jpg.rf.2dd7640f4a8582f29401f34b846d629a.jpg,0,0,1.0,0.292,0.007,0.077,8.111,1.26,75.611,1.996,89.045
street_view_345_jpg.rf.9ef6f0529e1ab68e1d1707f1417e5c7c.jpg,0,0,1.0,0.298,0.007,0.077,11.612,5.962,75.564,1.855,96.866
street_view_346_jpg.rf.de2f1a5d9b25e56ec44446ba3ed641c5.jpg,0,0,1.0,0.293,0.007,0.078,9.614,2.104,75.151,2.033,90.933
street_view_3478_jpg.rf.fc93906dcb792c70f0e18affd2523ebe.jpg,0,0,1.0,0.336,0.006,0.077,9.709,5.997,74.535,2.242,94.257
street_view_347_jpg.rf.5bd2aeb65a6782944d2a4cd5f79374b4.jpg,0,0,1.0,0.291,0.006,0.076,9.116,6.01,79.07,2.599,98.812
street_view_348_jpg.rf.608efe816988899eb4ff941a8dad1343.jpg,0,0,1.0,0.285,0.006,0.075,9.367,6.428,74.615,1.921,94.401
street_view_349_jpg.rf.43cc42892b6664fe5ab738056082dea6.jpg,0,0,1.0,0.29,0.007,0.072,8.925,1.352,90.784,2.159,105.274
street_view_350_jpg.rf.c559ecae1ed247ab2e27491fcf984d1f.jpg,0,0,1.0,0.288,0.007,0.074,9.85,2.988,85.248,2.15,101.937
street_view_351_jpg.rf.211bb23f34fa09481957f9d623300483.jpg,0,0,1.0,0.295,0.007,0.076,10.7,4.648,76.216,1.865,95.51
street_view_352_jpg.rf.4d52751231d124e6b14f0899e77d4503.jpg,0,0,1.0,0.292,0.007,0.074,8.211,1.297,77.718,3.316,92.799
street_view_353_jpg.rf.af04f6c50e91eb8b8be9a435de1952d0.jpg,0,0,1.0,0.29,0.007,0.073,9.196,5.373,75.344,1.912,94.076
street_view_354_jpg.rf.c8969089c10237c5d4bc2fa2485cc1eb.jpg,0,0,1.0,0.291,0.006,0.077,7.47,1.324,85.961,5.023,101.877
street_view_355_jpg.rf.20722beaee6b537ef765e5f22693edce.jpg,0,0,1.0,0.214,0.005,0.045,6.505,1.343,77.546,1.939,89.266
street_view_356_jpg.rf.6901d898053f866810d42cdf948d1c87.jpg,0,0,1.0,0.293,0.007,0.072,7.591,1.289,89.133,2.48,102.565
street_view_357_jpg.rf.3853a11acc80e115bea63895d068151e.jpg,0,0,1.0,0.293,0.007,0.077,8.597,1.35,74.971,1.947,88.924
street_view_358_jpg.rf.d7a1bd5d448eb2965d77136c6ee3840e.jpg,0,0,1.0,0.221,0.005,0.048,8.57,1.687,91.576,2.849,106.61
street_view_359_jpg.rf.ccfdc2ad7e06fdd445435e14aa94eb3b.jpg,0,0,1.0,0.324,0.007,0.079,8.814,9.998,89.877,2.352,113.222
street_view_360_jpg.rf.2a516623a0d7b57e8ed10ececdcfe4de.jpg,0,0,1.0,0.27,0.006,0.066,13.371,4.061,76.133,2.129,97.443
street_view_361_jpg.rf.97f7cdc3a1151991ace157f66c843a06.jpg,0,0,1.0,0.244,0.005,0.056,9.11,4.712,93.51,2.725,112.663
street_view_362_jpg.rf.b448d6b0a8e8d22ee52f7eeee2949bff.jpg,0,0,1.0,0.293,0.007,0.076,8.591,1.246,75.99,1.948,89.828
street_view_363_jpg.rf.34e1c5123855c50821c230bbdaa7ff65.jpg,0,0,1.0,0.219,0.005,0.048,7.223,1.289,75.338,1.943,87.73
street_view_364_jpg.rf.ccf1213a0ef5ccb55b15193cb5f2d64a.jpg,0,0,1.0,0.291,0.007,0.076,7.872,1.227,90.817,5.094,107.141
street_view_365_jpg.rf.fab33983ea7a0d3a8d789a8339aee384.jpg,0,0,1.0,0.29,0.007,0.077,5.797,6.329,76.136,1.939,92.313
street_view_366_jpg.rf.0e10ef1918af88ab501ebaa82e6dd111.jpg,0,0,1.0,0.294,0.006,0.077,9.351,5.633,102.354,2.501,121.956
street_view_4215_jpg.rf.c9c0c6847bf0d3e9ee5f2ab1fbbe4d48.jpg,0,0,0.9999,0.289,0.007,0.072,9.814,5.989,75.106,2.0,94.934
street_view_4368_jpg.rf.25c1466ef78b476d4daf2500504dda08.jpg,0,0,0.9995,0.22,0.005,0.044,10.221,6.021,75.193,1.941,95.32
street_view_4504_jpg.rf.1ed0546f320ab9c6cddb32ee2d0dce00.jpg,0,0,1.0,0.294,0.007,0.078,8.327,1.309,87.676,5.705,105.017
street_view_5338_jpg.rf.007efdd93073cf211dc13f352dd2dbc5.jpg,0,0,1.0,0.291,0.007,0.075,6.293,1.358,75.084,1.85,86.625
street_view_5457_jpg.rf.d6ecd00530937838957d94bd245bc4da.jpg,0,0,0.9999,0.293,0.007,0.075,6.836,1.401,85.188,2.524,97.98
street_view_5672_jpg.rf.0d3e6a940643c046274df45629043233.jpg,0,0,1.0,0.296,0.007,0.076,5.435,4.446,75.945,1.884,89.743
street_view_667_jpg.rf.afb63cf7cd1bcb002fe08c59b68798c4.jpg,0,0,0.925,0.294,0.006,0.074,8.025,6.093,88.804,2.452,107.357
sudarshan-bhat-jgLTHYKnd5Q-unsplash_jpg.rf.2e65fe353bda66f3973bc0d37b3f8264.jpg,0,0,1.0,0.288,0.006,0.076,8.41,1.207,81.259,1.976,94.893
tamara-bitter-rEbBI6jbs3A-unsplash_jpg.rf.728ff23b9dfb8f67d0b47616a7ac5dbc.jpg,0,0,1.0,0.218,0.005,0.048,9.703,8.098,87.238,2.065,109.239
tandya-rachmat-Md9mpoTwoaM-unsplash_jpg.rf.5631c06d40fea9a9c2c126c11c6424ac.jpg,0,0,0.8115,0.286,0.006,0.072,9.065,1.437,79.287,3.977,95.797
tandya-rachmat-wh32vzAZMHo-unsplash_jpg.rf.8ba8569ecb4c563b9f8c7fed2b5146c3.jpg,0,0,0.9992,0.286,0.006,0.073,7.116,5.674,75.299,1.874,92.0
taneli-lahtinen-bJiisZmEB2M-unsplash_jpg.rf.911ed2a6009c23f765ed534eb3813349.jpg,0,0,0.9996,0.283,0.006,0.076,8.523,1.279,85.028,2.404,99.26
taylor-smith-tPsrzIQ0JVU-unsplash_jpg.rf.71f225819763f8f2bd30a4cf109e6928.jpg,0,0,0.9991,0.29,0.007,0.073,7.35,7.449,76.526,1.947,95.221
thomas-bennie-16fPlBo_UFY-unsplash_jpg.rf.bb96ef08b1e73ce30dace7b135b9239b.jpg,0,0,0.9762,0.291,0.006,0.076,9.158,5.941,92.924,2.556,112.673
thomas-bennie-CsNq7W6mCU0-unsplash_jpg.rf.da44ce0a535babf3957e77d889891d2f.jpg,0,0,1.0,0.289,0.006,0.076,9.534,5.924,76.148,1.957,95.615
thomas-bjornstad-BXHqHSAojss-unsplash_jpg.rf.68caf1e06c3d7111ae193a9647fc0dd4.jpg,0,0,1.0,0.289,0.007,0.075,8.106,1.172,76.095,1.964,89.361
thomas-griesbeck-4ShVLvMYyZM-unsplash_jpg.rf.9617c58461d56928c565dd3c270899a7.jpg,0,0,0.9139,0.286,0.007,0.076,7.397,7.032,84.882,4.932,106.533
thomas-haas-BFyhlZYMd0Y-unsplash_jpg.rf.ba5896e300e9e5ec70f582fd847583f7.jpg,0,0,1.0,0.295,0.007,0.078,8.581,5.79,76.367,1.848,94.453
thor-schroeder-AfvHfK_LBAc-unsplash_jpg.rf.2106501bcec3c6d847a0fb80f1f4487f.jpg,0,0,1.0,0.292,0.007,0.073,9.582,6.076,89.818,2.521,110.026
tim-bernhard-3MDoLdXplac-unsplash_jpg.rf.40a305b91700cf4cbe0ca9b7b33ba35b.jpg,0,1,0.6157,0.292,0.007,0.079,8.951,2.219,75.979,1.867,91.115
timon-studler-Y9BLAs3qCOU-unsplash_jpg.rf.e14985e5211ad0536aa524703944db19.jpg,0,0,1.0,0.29,0.006,0.077,10.125,1.165,77.133,1.912,92.767
timothy-l-brock-UQiBY1yu8U0-unsplash_jpg.rf.137dd90e19fd3253dbac5fc2b55eb23f.jpg,0,0,0.9999,0.289,0.007,0.073,7.748,4.899,75.899,2.688,93.242
toa-heftiba-ujPOme_7e5s-unsplash_jpg.rf.22260d6bec0da0746ae6ce55f2d29a44.jpg,0,0,0.9517,0.565,0.005,0.051,8.702,6.428,76.955,1.865,96.223
tom-parsons-F5qVefeCrp8-unsplash_jpg.rf.a783377a4d6876252d6feb480210b46b.jpg,0,0,1.0,0.327,0.007,0.075,7.658,1.292,87.578,2.575,101.144
tristan-b-1g4shmgyGaE-unsplash_jpg.rf.a8c9b29c556ae258f65e7a58bd83b447.jpg,0,0,1.0,0.285,0.007,0.074,7.787,1.241,89.881,2.03,103.003
tyler-lastovich-DMJUIGRO_1M-unsplash_jpg.rf.77f4be4261f79c80c1fecbaf3f27c688.jpg,0,0,1.0,0.291,0.007,0.071,6.168,6.959,92.968,1.899,109.98
umit-yildirim-piBHdSSQX9U-unsplash_jpg.rf.78ec74851cc6e9b61871f63b7e82c9f7.jpg,0,0,1.0,0.29,0.006,0.073,12.921,1.215,75.534,4.7,96.351
urip-dunker-GPtSep_xvYw-unsplash_jpg.rf.3e6036911c87f24f0bbb8bc8f8ada5b7.jpg,0,0,1.0,0.251,0.006,0.062,11.051,2.224,75.851,1.831,92.963
venti-views-NliTYm_jD5o-unsplash_jpg.rf.e66676161dcd75f04afd65e60aff1f01.jpg,0,0,1.0,0.287,0.007,0.077,10.182,1.174,87.117,1.862,102.268
victor-ene-LvfWrSf5U0k-unsplash_jpg.rf.51ea3171420583bcaae69fe90c95bcb9.jpg,0,0,0.9996,0.284,0.007,0.075,6.585,1.281,76.025,1.841,87.718
vitaly-sacred-giho2M2QXQQ-unsplash_jpg.rf.96f85b03a294c59a44bed763ee697390.jpg,0,0,1.0,0.288,0.007,0.076,7.149,1.239,91.108,1.86,103.559
vlad-hilitanu-QqSIuvz94s8-unsplash_jpg.rf.edf3e6456e338e3db22149a7da9e6b43.jpg,0,0,1.0,0.287,0.007,0.074,9.684,5.878,80.911,2.692,101.181
vlad-hilitanu-pt7QzB4ZLWw-unsplash_jpg.rf.7545319e3814632edd2e260d19285264.jpg,0,0,1.0,0.285,0.007,0.076,12.175,6.835,89.37,1.962,112.43
vlad-hilitanu-xXpPNxoPTvI-unsplash_jpg.rf.d8e3d7025de4a4d53169395815011565.jpg,0,0,1.0,0.289,0.006,0.076,6.919,1.241,89.147,2.047,101.362
vladimir-fedotov-aVUd4De7Ios-unsplash_jpg.rf.d25c2b03d08565a2746b34d7d343039f.jpg,0,0,1.0,0.293,0.007,0.072,6.06,6.376,76.238,1.852,92.567
vladimir-nordmann-g-t4ZsOPDEk-unsplash_jpg.rf.5e451006522095892ab5d72bfaac7d5e.jpg,0,0,0.9949,0.282,0.006,0.074,8.286,1.314,92.285,2.121,106.024
vruyr-martirosyan-MmO1AuKAk3c-unsplash_jpg.rf.f50622186059e7c18dd5063db3d988c8.jpg,0,0,1.0,0.292,0.007,0.074,7.897,1.713,82.669,2.157,96.573
wes-hicks-yzQonz7oSUI-unsplash_jpg.rf.92e55996fbabe2c9c05aa2f8472d186d.jpg,0,0,1.0,0.222,0.005,0.046,10.182,5.962,75.424,1.822,95.304
whosaynow-YY2h-Wjv-0-unsplash_jpg.rf.3b77a86a7221fdcc659a3758f9bba956.jpg,0,0,1.0,0.287,0.006,0.074,7.464,1.212,77.395,3.273,91.316
will-suddreth-mAgKLzhKIqs-unsplash_jpg.rf.5d58905cf1db8867ed71f57c2ceb3e1e.jpg,0,0,0.9981,0.288,0.006,0.074,10.329,6.614,76.031,1.822,96.857
william-topa-tIC1KjXpa58-unsplash_jpg.rf.fabb1d43eaf41e9c4b7837529eaa63a8.jpg,0,0,0.9986,0.291,0.006,0.074,7.8,6.777,86.866,5.078,108.605
willian-justen-de-vasconcellos-2UJDfClMpiA-unsplash_jpg.rf.edfe122f6f7679f94c9e21b25ec4e128.jpg,0,0,1.0,0.295,0.006,0.073,6.566,1.263,81.827,1.951,93.663
willian-justen-de-vasconcellos-S8fNXJimqdU-unsplash_jpg.rf.0a26e078c042d9e5bbdb5ffa08967954.jpg,0,0,1.0,0.29,0.007,0.074,11.148,6.057,94.848,2.135,116.274
wynand-uys-eexqLhY2vtE-unsplash_jpg.rf.29dc084ae64659ca13034c4ac7d82050.jpg,0,0,1.0,0.291,0.006,0.076,10.729,1.485,74.525,2.025,90.806
yang-song-ol6AnELgDy0-unsplash_jpg.rf.828ae1e5b6505e8bec5b3e5b6b542fe3.jpg,0,0,1.0,0.214,0.005,0.048,7.652,1.443,74.937,1.718,87.539
yann-allegre-8EZPQcyDKUA-unsplash_jpg.rf.ba4a802ffa04d14df4ffb6efeffc3e6b.jpg,0,0,0.9818,0.286,0.007,0.074,8.951,1.292,76.397,2.78,91.457
yann-allegre-96moO4t_E1Y-unsplash_jpg.rf.1c12d511aef35e147e6ccc71442f9ea0.jpg,0,0,1.0,0.292,0.006,0.075,6.659,2.503,82.13,1.899,95.187
zac-edmonds-hKUGBLsdpI8-unsplash_jpg.rf.4f598cd79658a9dc10c05a3a1b87cf5b.jpg,0,0,1.0,0.284,0.006,0.075,7.517,1.293,87.483,2.263,100.654
zach-lezniewicz-BKun7g77_QI-unsplash_jpg.rf.24ff577ee570420fa5f98504197b6fab.jpg,0,1,0.6591,0.289,0.007,0.073,5.594,1.389,77.499,1.958,88.486
zhihao-ge-xyzLxDG5elM-unsplash_jpg.rf.273f77a998160457f61aa655858b8e1c.jpg,0,0,0.9992,0.289,0.007,0.072,5.399,1.408,97.863,2.401,109.097
FireSmokeVideoNEW0_f22_jpg.rf.8985f041e5b98af6012221a0df4f7bb4.jpg,1,1,1.0,0.271,0.005,0.072,5.717,1.198,92.8,2.287,103.832
FireSmokeVideoNEW0_f24_jpg.rf.bec4c423d7235a25d9b3146aa064ef94.jpg,1,1,1.0,0.254,0.005,0.065,5.929,2.803,95.975,2.515,109.99
FireSmokeVideoNEW0_f26_jpg.rf.e68ce6fbbf069fc3519569a9f0d61247.jpg,1,1,1.0,0.343,0.005,0.07,5.349,4.862,84.999,2.375,99.791
FireSmokeVideoNEW100_f13_jpg.rf.3cab1ba74047190369553b759c249651.jpg,1,1,1.0,0.292,0.006,0.082,9.485,6.61,88.889,2.233,109.815
FireSmokeVideoNEW100_f18_jpg.rf.ac57d16ac234ea35503434017b0d7936.jpg,1,1,1.0,0.284,0.006,0.083,7.319,5.865,91.456,5.014,111.786
FireSmokeVideoNEW100_f22_jpg.rf.414d4e3c8eabf2734516473bcee081b3.jpg,1,1,1.0,0.285,0.006,0.078,7.631,6.109,76.151,2.255,94.214
FireSmokeVideoNEW100_f27_jpg.rf.d440e669b944d0e126d6b9e9e899fd1a.jpg,1,1,1.0,0.294,0.006,0.078,9.145,6.167,87.051,4.478,108.849
FireSmokeVideoNEW100_f29_jpg.rf.8b8b298e3b9d8547f2aa97df45c87bda.jpg,1,1,1.0,0.285,0.006,0.08,5.133,1.94,75.595,2.213,86.952
FireSmokeVideoNEW100_f35_jpg.rf.26902d166504a005e989288a33974699.jpg,1,1,1.0,0.286,0.006,0.08,8.608,6.93,89.079,2.338,109.06
FireSmokeVideoNEW100_f51_jpg.rf.5d5a8fce90b54ca27c1d78496d70be98.jpg,1,1,1.0,0.285,0.007,0.083,16.165,1.959,80.119,2.695,102.94
FireSmokeVideoNEW100_f54_jpg.rf.deb4934b4d254ff0d2151ab4b226bd30.jpg,1,1,1.0,0.285,0.006,0.084,10.003,2.213,75.995,2.176,92.416
FireSmokeVideoNEW100_f56_jpg.rf.fb63e4c0e32aa91f304e675bea7c6451.jpg,1,1,1.0,0.292,0.006,0.084,13.523,6.169,82.89,2.734,107.321
FireSmokeVideoNEW100_f74_jpg.rf.6dbac089262a0484294bad2686f293a4.jpg,1,1,1.0,0.285,0.006,0.078,6.04,1.245,81.574,2.246,93.175
FireSmokeVideoNEW100_f76_jpg.rf.a3b3783d77c6060652ec1972e52945b4.jpg,1,1,1.0,0.283,0.006,0.086,5.884,1.357,83.43,2.749,95.056
FireSmokeVideoNEW100_f80_jpg.rf.c7b1b6d87fe1581d087e2babcd5343cd.jpg,1,1,1.0,0.294,0.006,0.082,9.979,6.993,86.998,2.2,108.115
FireSmokeVideoNEW100_f8_jpg.rf.8cdf1b53d711306fcc3671fb17c63715.jpg,1,1,1.0,0.282,0.006,0.078,5.972,6.827,88.417,2.22,105.468
FireSmokeVideoNEW100_f93_jpg.rf.8f1d3d0acbb786aa3e663017e362030b.jpg,1,1,1.0,0.286,0.006,0.081,12.108,6.051,75.783,2.231,98.192
FireSmokeVideoNEW101_f74_jpg.rf.b40eb61068efb3029e60fb0da7817ba0.jpg,1,0,0.6568,0.29,0.006,0.078,3.003,1.159,78.27,2.272,86.654
FireSmokeVideoNEW103_f38_jpg.rf.46f003d9350c5f9ba187385455fd722f.jpg,1,1,1.0,0.298,0.006,0.08,2.769,1.158,77.854,2.275,86.058
FireSmokeVideoNEW103_f40_jpg.rf.bbe9dcd13072bfcea5eb25d5e0e7edad.jpg,1,1,1.0,0.278,0.006,0.075,3.077,1.215,83.553,2.219,92.038
FireSmokeVideoNEW103_f43_jpg.rf.6b86f977948ffb4075bf842f40f298f8.jpg,1,1,1.0,0.286,0.006,0.078,2.651,1.205,87.644,2.534,96.013
FireSmokeVideoNEW103_f48_jpg.rf.c01bd10387110154c4d65f733af5dd33.jpg,1,1,1.0,0.284,0.006,0.081,2.71,1.271,87.606,2.281,95.864
FireSmokeVideoNEW103_f53_jpg.rf.06d78f97a6bd82da23e6934c4be34911.jpg,1,1,1.0,0.278,0.006,0.079,2.701,1.225,89.802,2.506,98.218
FireSmokeVideoNEW103_f55_jpg.rf.234b4a520a09933bc5c380c6e8ac4700.jpg,1,1,1.0,0.286,0.006,0.079,2.804,1.159,77.212,2.233,85.478
FireSmokeVideoNEW103_f57_jpg.rf.5590d8fa82c520d8f2bf21d3792422a9.jpg,1,1,1.0,0.283,0.006,0.078,3.178,1.146,98.249,2.239,107.008
FireSmokeVideoNEW103_f59_jpg.rf.f4a4ca0c64bcb51dcc538f942f4bed77.jpg,1,1,0.9999,0.284,0.006,0.078,2.714,1.207,77.496,2.248,85.675
FireSmokeVideoNEW103_f69_jpg.rf.107c6757968ca4bfeaf97df6ae6cac5b.jpg,1,1,1.0,0.305,0.007,0.078,7.689,8.037,76.921,2.252,96.822
FireSmokeVideoNEW103_f92_jpg.rf.df707faffb31edd4f980cd3123a6b460.jpg,1,1,1.0,0.35,0.006,0.08,8.159,1.72,76.271,2.428,90.727
FireSmokeVideoNEW106_f12_jpg.rf.c3a3dae95e573db93191a1edb50936e5.jpg,1,1,0.9997,0.289,0.006,0.077,2.931,1.307,77.705,2.404,86.388
FireSmokeVideoNEW106_f14_jpg.rf.331af05784389f5dc2ef80f1570a76fb.jpg,1,1,0.9993,0.288,0.006,0.077,9.084,6.522,84.064,2.404,104.147
FireSmokeVideoNEW106_f28_jpg.rf.ad2c009c83ccf5aaa3ddd7221c4ee1f4.jpg,1,1,1.0,0.285,0.006,0.078,9.038,6.439,87.608,1.906,106.989
FireSmokeVideoNEW106_f3_jpg.rf.100e86d2d578c506662d2ec505c13c32.jpg,1,1,0.9993,0.286,0.006,0.078,3.321,1.143,93.096,2.052,101.667
FireSmokeVideoNEW107_f106_jpg.rf.113c590393888042cc28e8f491be7648.jpg,1,1,1.0,0.375,0.006,0.078,2.637,1.242,78.031,1.928,85.881
FireSmokeVideoNEW107_f123_jpg.rf.9b0580b6b19e2485a2b4ba7b49973b91.jpg,1,1,1.0,0.286,0.006,0.078,5.489,7.012,93.915,2.328,110.778
FireSmokeVideoNEW107_f127_jpg.rf.829b599800fa2ff96700b10087ad3476.jpg,1,1,1.0,0.287,0.006,0.081,3.016,1.443,77.89,1.868,86.225
FireSmokeVideoNEW107_f26_jpg.rf.61a2a027fdf7da306caca75ebb153434.jpg,1,1,1.0,0.292,0.006,0.078,7.931,9.639,79.329,1.961,100.926
FireSmokeVideoNEW107_f28_jpg.rf.77d96d55d8f5bd713af7a40d7bd68cf9.jpg,1,1,1.0,0.289,0.007,0.08,7.673,3.222,75.847,2.253,91.528
FireSmokeVideoNEW107_f2_jpg.rf.2ae3871bad997558e861e368aa59a114.jpg,1,1,1.0,0.289,0.006,0.082,3.376,1.433,77.558,1.886,86.27
FireSmokeVideoNEW107_f36_jpg.rf.55484257687fcb98dd9853c45d221ffb.jpg,1,1,1.0,0.271,0.006,0.073,3.091,1.15,79.503,3.264,89.068
FireSmokeVideoNEW107_f4_jpg.rf.a620a7201724ee71ecef0da20f8f7cca.jpg,1,1,1.0,0.211,0.004,0.05,6.428,6.317,86.917,1.979,103.555
FireSmokeVideoNEW107_f7_jpg.rf.e893ab93fd1147461c1d1018f93c0b43.jpg,1,1,1.0,0.288,0.006,0.077,3.477,1.599,95.054,2.272,104.457
FireSmokeVideoNEW107_f92_jpg.rf.24302c17033c41be0e8a851dd409a218.jpg,1,1,1.0,0.29,0.006,0.08,2.867,1.242,78.103,1.988,86.358
FireSmokeVideoNEW107_f98_jpg.rf.899748aa5ce4273733a59fe30b4d0c48.jpg,1,1,1.0,0.287,0.007,0.08,7.885,5.692,88.11,2.504,106.237
FireSmokeVideoNEW108_f17_jpg.rf.ac2f7536732dd04f1f8ac409305412e5.jpg,1,1,1.0,0.284,0.006,0.079,4.211,1.216,77.407,1.861,86.753
FireSmokeVideoNEW108_f38_jpg.rf.2abf71a14111954c4580a46c4d15b3d3.jpg,1,1,1.0,0.293,0.006,0.082,7.418,5.979,92.19,2.497,110.202
FireSmokeVideoNEW110_f22_jpg.rf.61b3b4e8798ce29f7fe58d31c03ac8a2.jpg,1,1,1.0,0.293,0.006,0.083,9.751,5.914,82.332,2.538,102.6
FireSmokeVideoNEW110_f24_jpg.rf.56e533c69820c0ad447920ce32c55898.jpg,1,1,1.0,0.282,0.006,0.08,6.99,7.74,76.399,1.994,95.126
FireSmokeVideoNEW110_f32_jpg.rf.5721c6c2eef55a07841c4c832f3d07d5.jpg,1,1,1.0,0.287,0.006,0.079,7.035,7.483,101.973,2.54,121.087
FireSmokeVideoNEW110_f34_jpg.rf.acc53b1abe3327d738d65e69f13bad79.jpg,1,1,1.0,0.292,0.006,0.079,4.609,1.314,76.947,1.976,86.855
FireSmokeVideoNEW110_f36_jpg.rf.ae30defe49181bd09836a5fcdeb46fab.jpg,1,1,1.0,0.289,0.006,0.081,3.611,1.395,90.047,2.545,99.588
FireSmokeVideoNEW110_f38_jpg.rf.0bc87128341ef88532538fe138ff4f2b.jpg,1,1,1.0,0.291,0.006,0.08,4.241,1.251,82.905,2.081,92.501
FireSmokeVideoNEW110_f41_jpg.rf.f550195d19a1c0b6d424f595c2b4b1f9.jpg,1,1,1.0,0.289,0.005,0.08,2.852,1.199,92.888,2.344,101.263
FireSmokeVideoNEW110_f61_jpg.rf.54f8064cc44792ec52b6ddf320ffa3a3.jpg,1,1,1.0,0.287,0.006,0.079,2.872,1.196,77.148,1.92,85.235
FireSmokeVideoNEW110_f63_jpg.rf.40951b985ae21888cdb87e745713aa2d.jpg,1,1,1.0,0.285,0.006,0.078,2.835,1.201,93.164,2.525,101.764
FireSmokeVideoNEW110_f65_jpg.rf.22dae51c804d093b3928bb9cf5cb5565.jpg,1,1,1.0,0.291,0.006,0.082,2.925,1.19,77.842,1.915,85.929
FireSmokeVideoNEW110_f67_jpg.rf.cd33b401abcfbfd4a951fd3906e86a41.jpg,1,1,1.0,0.289,0.006,0.075,6.871,7.126,96.029,2.208,114.314
FireSmokeVideoNEW110_f76_jpg.rf.bada3c63979a4512aec38ac7d78ec2d7.jpg,1,1,1.0,0.297,0.006,0.083,3.757,2.428,88.476,2.845,99.609
FireSmokeVideoNEW110_f80_jpg.rf.9f1ecfc3ee942fd4bbd1173ba4b7c394.jpg,1,1,1.0,0.293,0.006,0.083,2.903,1.337,78.024,1.92,86.203
FireSmokeVideoNEW110_f82_jpg.rf.0ff7a178a73b8e42a819ac1739b3c564.jpg,1,1,1.0,0.295,0.006,0.081,4.286,1.201,77.081,2.055,86.688
FireSmokeVideoNEW110_f93_jpg.rf.481ecb09dee0cdc168a1d0787874ef0c.jpg,1,1,1.0,0.292,0.006,0.078,2.945,1.663,77.524,1.909,86.128
FireSmokeVideoNEW112_f10_jpg.rf.39e79e3dfd5c98f6e68045158e2af82d.jpg,1,1,1.0,0.291,0.006,0.079,3.83,1.341,76.85,1.905,85.918
FireSmokeVideoNEW112_f12_jpg.rf.11432bc655317e1fac9c6107e3b5200f.jpg,1,1,1.0,0.434,0.006,0.129,5.485,1.496,83.251,2.021,94.456
FireSmokeVideoNEW112_f14_jpg.rf.6e0c0892a684c74c1ca4670f293457d8.jpg,1,1,1.0,0.285,0.006,0.077,2.935,1.18,77.709,2.009,85.928
FireSmokeVideoNEW112_f16_jpg.rf.ba57af29c8fa8587b2c5148f046375b0.jpg,1,1,1.0,0.215,0.004,0.051,7.185,5.894,77.743,1.896,94.611
FireSmokeVideoNEW112_f18_jpg.rf.21a30cbb698713638442e8962561a9b6.jpg,1,1,1.0,0.286,0.006,0.076,6.574,6.173,87.116,3.043,105.002
FireSmokeVideoNEW112_f1_jpg.rf.90fce7c457371c8403ad89986542ee96.jpg,1,1,1.0,0.294,0.007,0.079,7.509,6.466,86.329,2.123,104.449
FireSmokeVideoNEW112_f2_jpg.rf.da1c46afa259254b1aad5c4b5da7da24.jpg,1,1,1.0,0.288,0.006,0.078,7.45,7.228,94.799,2.552,114.133
FireSmokeVideoNEW112_f4_jpg.rf.f44dba51b9e805433a996d474bd2fbd7.jpg,1,1,1.0,0.289,0.006,0.08,7.764,2.735,76.142,2.531,91.195
FireSmokeVideoNEW112_f6_jpg.rf.dd87dd731952da1d5b61e93a00655678.jpg,1,1,1.0,0.29,0.006,0.077,8.713,6.751,86.703,2.132,106.384
FireSmokeVideoNEW112_f8_jpg.rf.129c527401604ce7176db07d9d855c9c.jpg,1,1,1.0,0.295,0.006,0.08,7.551,6.541,75.581,1.979,93.661
FireSmokeVideoNEW115_f10_jpg.rf.6f4300e4b3f362eed7886f4f1a87b93d.jpg,1,1,1.0,0.352,0.006,0.081,9.681,1.624,75.525,1.871,90.823
FireSmokeVideoNEW115_f13_jpg.rf.324cc0423d48b832369d92b99a4baa51.jpg,1,1,1.0,0.288,0.006,0.078,3.38,1.184,83.811,2.326,92.7
FireSmokeVideoNEW115_f15_jpg.rf.15dbd25355578fccabf33bbbc4d6ad17.jpg,1,1,1.0,0.289,0.006,0.075,3.688,1.184,77.86,2.266,86.975
FireSmokeVideoNEW115_f20_jpg.rf.f0100e331ebd11f9a9711991e4833e3f.jpg,1,1,1.0,0.289,0.006,0.079,3.787,3.227,75.888,2.216,87.18
FireSmokeVideoNEW115_f39_jpg.rf.41762177627c892b70e006fe5cb26853.jpg,1,1,1.0,0.313,0.006,0.08,7.461,5.421,88.012,1.916,104.798
FireSmokeVideoNEW115_f46_jpg.rf.d94c8cb5cbed9575cd088fc4b493eed2.jpg,1,1,1.0,0.29,0.006,0.078,5.315,4.894,89.105,2.147,103.508
FireSmokeVideoNEW115_f50_jpg.rf.5e39ed208628142a56e09ae43ec4d605.jpg,1,1,1.0,0.283,0.006,0.078,3.595,5.998,79.402,1.972,93.005
FireSmokeVideoNEW115_f60_jpg.rf.baab27845cdd653f00986ee3b96a380e.jpg,1,1,1.0,0.286,0.006,0.08,9.29,5.821,95.0,2.263,114.47
FireSmokeVideoNEW115_f8_jpg.rf.9dcd347526c445f2baa86c5c9186f090.jpg,1,1,1.0,0.295,0.006,0.112,7.785,5.992,76.638,1.873,94.329
FireSmokeVideoNEW116_f12_jpg.rf.95a18922be59788cbf63dc24766c8fac.jpg,1,1,1.0,0.297,0.006,0.077,9.15,6.454,78.145,1.904,97.657
FireSmokeVideoNEW116_f14_jpg.rf.6fe2d6cfc1a0f7ba2d16d873a0f51aca.jpg,1,1,1.0,0.289,0.006,0.079,7.525,5.865,76.246,1.903,93.585
FireSmokeVideoNEW116_f16_jpg.rf.1d60b7f98a425c19989760a77b8b7092.jpg,1,1,1.0,0.385,0.006,0.077,6.823,4.642,81.265,1.919,96.756
FireSmokeVideoNEW116_f19_jpg.rf.e9193762a644c57d90194cc412b3e211.jpg,1,1,1.0,0.287,0.006,0.079,3.329,1.153,101.438,2.128,109.968
FireSmokeVideoNEW116_f20_jpg.rf.f2bfd4b6ed7d602b070e70eb541c8849.jpg,1,1,1.0,0.286,0.006,0.077,5.633,1.239,77.7,1.868,88.432
FireSmokeVideoNEW116_f25_jpg.rf.94faed5bcc786dc07e04a6bead7cb5c6.jpg,1,1,1.0,0.292,0.006,0.077,2.978,1.169,93.234,2.113,101.544
FireSmokeVideoNEW116_f2_jpg.rf.4c9cb9b9a3ba5e3c7f2b82764aa90f2c.jpg,1,1,1.0,0.286,0.006,0.078,3.217,1.19,77.452,1.834,85.658
FireSmokeVideoNEW117_f12_jpg.rf.fcb70a547a268008126db8dc378559b9.jpg,1,1,1.0,0.286,0.006,0.077,3.64,1.451,99.312,2.053,108.421
FireSmokeVideoNEW117_f14_jpg.rf.9b010af028bb860ed3b84a8fdb2d373c.jpg,1,1,1.0,0.287,0.006,0.079,3.632,1.513,77.492,1.866,86.528
FireSmokeVideoNEW117_f19_jpg.rf.b971752c7c2b708d3b4ad9ee4fa816bd.jpg,1,1,1.0,0.3,0.006,0.079,7.564,2.491,77.857,1.917,91.878
FireSmokeVideoNEW117_f6_jpg.rf.035a84019a5b26bcdb24a39a0789bcfd.jpg,1,1,1.0,0.292,0.006,0.08,5.291,3.619,75.449,1.987,88.343
FireSmokeVideoNEW117_f8_jpg.rf.b22f2fc6ce899d8be4ce21548f905e81.jpg,1,1,1.0,0.3,0.005,0.079,6.867,7.147,76.187,2.111,94.326
FireSmokeVideoNEW119_f0_jpg.rf.744fd2bb67b9c4f5c263823ce6d2e4a2.jpg,1,1,1.0,0.287,0.006,0.078,7.424,6.333,95.505,2.64,113.961
FireSmokeVideoNEW119_f11_jpg.rf.187de46834021c761b20f75282b71fc2.jpg,1,1,1.0,0.335,0.006,0.079,7.388,6.079,76.681,1.918,94.113
FireSmokeVideoNEW119_f17_jpg.rf.bb575498be7cb8bf09271655a827a205.jpg,1,1,1.0,0.288,0.006,0.081,7.419,6.176,88.272,2.572,106.477
FireSmokeVideoNEW119_f20_jpg.rf.83ca338b8a7a1f351f20a0392a978c58.jpg,1,1,1.0,0.28,0.006,0.078,7.626,6.748,75.242,2.31,93.957
FireSmokeVideoNEW119_f27_jpg.rf.32a58d37e8165ece6f17b61092424e7e.jpg,1,1,1.0,0.292,0.006,0.078,7.409,6.55,91.061,2.519,109.572
FireSmokeVideoNEW119_f29_jpg.rf.585557862f600c84c9c40f80eb57f8ec.jpg,1,1,1.0,0.281,0.006,0.078,7.517,6.668,76.65,2.078,94.946
FireSmokeVideoNEW119_f30_jpg.rf.c902440835c3fd8c2560c5317b035538.jpg,1,1,1.0,0.299,0.006,0.08,7.214,5.891,78.581,1.888,95.631
FireSmokeVideoNEW119_f32_jpg.rf.d27ae4e085fd41313631ebe74965ae01.jpg,1,1,1.0,0.288,0.006,0.08,6.566,5.784,76.267,1.982,92.596
FireSmokeVideoNEW119_f38_jpg.rf.d91f985ff0f9428aa2de6e6bd8ebc98a.jpg,1,1,1.0,0.288,0.006,0.08,3.764,6.524,75.353,1.925,90.181
FireSmokeVideoNEW119_f3_jpg.rf.c8cc5b5783961b03724d25c816b3e647.jpg,1,1,1.0,0.283,0.006,0.077,6.988,5.775,93.907,1.956,110.647
FireSmokeVideoNEW119_f47_jpg.rf.1ffd353c21c7b5679d7e046c6c549393.jpg,1,1,1.0,0.366,0.007,0.076,5.838,6.444,75.962,1.906,92.274
FireSmokeVideoNEW119_f7_jpg.rf.2244f93cbbd1e3e46b4d0bbdba5b6b95.jpg,1,1,1.0,0.29,0.006,0.079,3.243,2.793,91.387,1.96,101.418
FireSmokeVideoNEW119_f9_jpg.rf.ab8d6371d788579af7d9b32869f2dcfd.jpg,1,1,1.0,0.291,0.006,0.079,4.202,1.158,77.321,1.837,86.447
FireSmokeVideoNEW121_f18_jpg.rf.44673b9ce8af3ecd42f57e22a99a38e0.jpg,1,1,1.0,0.291,0.006,0.078,3.025,1.29,91.367,1.941,99.547
FireSmokeVideoNEW121_f1_jpg.rf.5be93985d812c7f5ea035ac113e0f5e0.jpg,1,1,1.0,0.297,0.006,0.078,3.311,1.173,77.608,1.87,85.95
FireSmokeVideoNEW121_f21_jpg.rf.eebcabf40ddce34c31a6c13331a65953.jpg,1,1,1.0,0.287,0.006,0.083,3.456,1.363,93.58,2.177,102.585
FireSmokeVideoNEW121_f23_jpg.rf.ac278f7e1c7a444be3f887b2c6d38717.jpg,1,1,1.0,0.288,0.006,0.078,2.862,1.159,82.925,1.936,90.86
FireSmokeVideoNEW121_f25_jpg.rf.d0ef6211efb24426ee946e1fa8c31fce.jpg,1,1,1.0,0.283,0.006,0.077,6.192,2.866,93.522,4.867,109.462
FireSmokeVideoNEW121_f27_jpg.rf.a5b8bd5483ad1bb30b723346e830127b.jpg,1,1,1.0,0.288,0.006,0.077,9.006,5.848,75.521,1.937,94.359
FireSmokeVideoNEW121_f29_jpg.rf.a99e4a5f275c636275e5efa27c36b410.jpg,1,1,1.0,0.293,0.006,0.079,8.336,6.468,77.982,2.48,97.294
FireSmokeVideoNEW121_f30_jpg.rf.33e9b2bac1a4a79c6a3de00c8a3a8d99.jpg,1,1,1.0,0.289,0.006,0.079,3.985,1.209,77.995,2.14,87.314
FireSmokeVideoNEW121_f32_jpg.rf.f8cb024d7bf28236b1e1d37b2eae22ac.jpg,1,1,1.0,0.286,0.006,0.078,2.798,1.492,83.044,2.313,91.638
FireSmokeVideoNEW121_f34_jpg.rf.6cedfb99ee40c10d727a61a74ea8f251.jpg,1,1,1.0,0.283,0.006,0.083,2.887,1.138,77.329,2.257,85.594
FireSmokeVideoNEW121_f37_jpg.rf.9a405f57987f96bd108e065a51ca2b6f.jpg,1,1,1.0,0.291,0.006,0.083,2.948,1.377,77.845,2.312,86.526
FireSmokeVideoNEW121_f39_jpg.rf.6e6af0255f04f4fe3cf20ee175bfcaad.jpg,1,1,1.0,0.288,0.007,0.082,5.095,1.19,76.718,2.27,87.279
FireSmokeVideoNEW121_f40_jpg.rf.7817cfe0fa7c24a82024b8b4fe48581f.jpg,1,1,1.0,0.287,0.006,0.081,9.926,6.849,76.423,1.876,97.136
FireSmokeVideoNEW121_f4_jpg.rf.8f335cc6c3f116510aa7b65424141dbb.jpg,1,1,1.0,0.281,0.006,0.079,6.459,1.792,76.924,2.026,89.239
FireSmokeVideoNEW121_f6_jpg.rf.0ab7d7fafe53d2118e6ce10be956dfae.jpg,1,1,1.0,0.215,0.004,0.048,5.181,1.172,81.754,2.205,92.455
FireSmokeVideoNEW122_f41_jpg.rf.ddb6da50b215710fb313bd2b6498352f.jpg,1,1,1.0,0.294,0.006,0.081,3.08,4.474,77.128,2.719,89.331
FireSmokeVideoNEW123_f106_jpg.rf.c25e4e81d45d2617b0ab2f5a640eff4b.jpg,1,1,1.0,0.291,0.007,0.079,3.694,1.12,77.652,1.915,86.323
FireSmokeVideoNEW123_f108_jpg.rf.324c16b1e030787e2a19588a578b4df5.jpg,1,1,1.0,0.294,0.006,0.083,7.894,5.809,86.812,2.248,104.865
FireSmokeVideoNEW123_f112_jpg.rf.ef7e157209fea66c4da0a9b66de88567.jpg,1,1,1.0,0.292,0.006,0.078,4.44,1.226,77.815,1.945,87.387
FireSmokeVideoNEW123_f114_jpg.rf.bf8d48047fca455b0f42a273198515cc.jpg,1,1,1.0,0.291,0.006,0.077,3.051,1.205,95.408,2.293,103.987
FireSmokeVideoNEW123_f116_jpg.rf.98c9644c9b593c5edf72505fbd46e59e.jpg,1,1,1.0,0.288,0.006,0.082,4.962,1.235,75.808,1.916,86.041
FireSmokeVideoNEW123_f118_jpg.rf.b477bf1713c31303b31eb7a199ee4c91.jpg,1,1,1.0,0.29,0.006,0.08,4.438,1.379,92.397,2.28,102.553
FireSmokeVideoNEW123_f11_jpg.rf.c8a9964859459a55d8b0b342188a4c08.jpg,1,1,1.0,0.293,0.007,0.079,3.229,1.206,82.287,2.171,90.958
FireSmokeVideoNEW123_f121_jpg.rf.e2586395c9b367a7c81ae7509f4e39db.jpg,1,1,1.0,0.291,0.006,0.08,4.852,1.814,94.993,2.255,105.964
FireSmokeVideoNEW123_f123_jpg.rf.e2375d9952733650dc776617228bb2f8.jpg,1,1,1.0,0.291,0.006,0.083,7.314,6.014,81.622,2.127,99.128
FireSmokeVideoNEW123_f126_jpg.rf.73e9b95d773d15252049d96c679bd5df.jpg,1,1,1.0,0.311,0.006,0.082,10.849,7.582,76.432,1.889,98.848
FireSmokeVideoNEW123_f128_jpg.rf.98e64005651b632e0dd4ef0e8e222a80.jpg,1,1,1.0,0.296,0.006,0.081,14.017,5.367,76.914,2.377,100.648
FireSmokeVideoNEW123_f131_jpg.rf.c92c6b57ace2f9ca7cf47e4631e4ceb8.jpg,1,1,1.0,0.294,0.006,0.087,10.057,5.911,75.96,1.945,95.942
FireSmokeVideoNEW123_f133_jpg.rf.8a731b6788e829b919dcc6fbedee2290.jpg,1,1,1.0,0.292,0.006,0.085,12.368,5.868,92.009,2.756,115.09
FireSmokeVideoNEW123_f135_jpg.rf.f13f1e5ca75a57717778dcb1a3bfbfef.jpg,1,1,1.0,0.289,0.006,0.085,11.593,5.712,82.363,2.056,103.761
FireSmokeVideoNEW123_f137_jpg.rf.89be9c03d3b298ac53b1a84fd4bdb93f.jpg,1,1,1.0,0.299,0.006,0.084,10.136,7.002,90.464,2.196,111.827
FireSmokeVideoNEW123_f148_jpg.rf.40d340666298e990735d8ca388cb9816.jpg,1,1,1.0,0.294,0.006,0.08,7.667,5.896,77.809,2.236,95.514
FireSmokeVideoNEW123_f151_jpg.rf.aa3122a12b22ffea0d7a193d7beae8c5.jpg,1,1,1.0,0.281,0.006,0.074,5.468,1.2,77.389,1.92,87.953
FireSmokeVideoNEW123_f153_jpg.rf.2a47a75fafb9f06997f57643fd0c2bd1.jpg,1,1,1.0,0.287,0.006,0.078,3.085,1.265,79.071,2.577,88.046
FireSmokeVideoNEW123_f156_jpg.rf.ae63f1b00917b26c25dda972daf3284b.jpg,1,1,1.0,0.29,0.006,0.078,2.408,1.597,84.392,2.062,92.466
FireSmokeVideoNEW123_f171_jpg.rf.9c1f0a991f5d1c042661894dd366e0fa.jpg,1,1,1.0,0.294,0.006,0.077,2.814,1.257,79.925,3.714,89.767
FireSmokeVideoNEW123_f173_jpg.rf.55d9d95cd78bdff66e92e854c28eb5f0.jpg,1,1,1.0,0.292,0.006,0.079,2.952,1.337,77.032,1.868,85.213
FireSmokeVideoNEW123_f175_jpg.rf.46d008d35dba2bb66f53dc182961d9a6.jpg,1,1,1.0,0.277,0.006,0.076,2.721,1.297,77.727,3.053,86.751
FireSmokeVideoNEW123_f177_jpg.rf.c76526af57ef0609dc042f01c15fc77e.jpg,1,1,1.0,0.218,0.004,0.049,4.27,1.609,77.15,1.815,86.779
FireSmokeVideoNEW123_f23_jpg.rf.51e35fa3a68a33dfdf723d94f317a85b.jpg,1,1,1.0,0.336,0.006,0.076,3.743,1.258,78.263,2.592,87.881
FireSmokeVideoNEW123_f43_jpg.rf.e8008f78b15654db7e58f369714def41.jpg,1,1,1.0,0.288,0.005,0.077,2.929,1.247,85.755,2.174,94.084
FireSmokeVideoNEW123_f47_jpg.rf.19c0d322d98a9e64ad8fb4efd7fc0e4d.jpg,1,1,1.0,0.289,0.006,0.08,2.891,1.243,78.593,4.295,89.061
FireSmokeVideoNEW123_f49_jpg.rf.62d9ee330226fe916f41f8470db9eb64.jpg,1,1,1.0,0.288,0.006,0.085,3.141,1.067,77.65,1.974,85.449
FireSmokeVideoNEW123_f53_jpg.rf.8c311ae20b0033cdae63327dc63e13cb.jpg,1,1,1.0,0.289,0.006,0.082,4.424,1.551,77.217,2.798,88.051
FireSmokeVideoNEW123_f56_jpg.rf.5a5e62ac291b53c106d713eebc9ab978.jpg,1,1,1.0,0.289,0.006,0.08,4.842,1.33,77.495,2.205,87.886
FireSmokeVideoNEW123_f65_jpg.rf.691203ff3979f7125a54151c4b53a24a.jpg,1,1,1.0,0.291,0.006,0.079,2.805,1.342,80.625,2.819,89.647
FireSmokeVideoNEW123_f73_jpg.rf.d9ba153281fb3ea120f2214751a49b98.jpg,1,1,1.0,0.214,0.005,0.052,9.509,3.942,76.377,1.975,93.962
FireSmokeVideoNEW123_f75_jpg.rf.2d872df94a99a62833cb4a08932ab6d5.jpg,1,1,1.0,0.335,0.006,0.081,2.611,1.675,89.323,2.522,98.162
FireSmokeVideoNEW123_f79_jpg.rf.bcd14349dff0e46dfcf8deae404a9b58.jpg,1,1,1.0,0.291,0.006,0.078,2.803,1.192,77.328,1.915,85.269
FireSmokeVideoNEW123_f81_jpg.rf.6a3dbcf3f43554d6a4828de674d3b1c6.jpg,1,1,1.0,0.297,0.006,0.077,3.107,2.414,92.406,4.067,104.184
FireSmokeVideoNEW123_f83_jpg.rf.36c5ac6ba183f6e111b612aa4e282b9c.jpg,1,1,1.0,0.294,0.006,0.082,2.802,1.176,77.786,1.979,85.804
FireSmokeVideoNEW123_f93_jpg.rf.af94d96d426a243f0b572fdd6b0cffaa.jpg,1,1,1.0,0.385,0.007,0.085,3.028,1.267,96.793,2.532,105.75
FireSmokeVideoNEW123_f96_jpg.rf.423f320fddc0053c6a0341c43c5006ec.jpg,1,1,1.0,0.293,0.006,0.079,2.933,1.239,77.753,1.873,85.818
FireSmokeVideoNEW124_f1_jpg.rf.d882ce249beeb12e24fd0367d120b1ff.jpg,1,1,1.0,0.394,0.006,0.082,8.763,7.355,81.558,1.957,103.168
FireSmokeVideoNEW124_f27_jpg.rf.5cdddd18ce788cc7cf757ab412be6519.jpg,1,1,1.0,0.289,0.006,0.079,4.682,6.135,78.53,2.589,93.997
FireSmokeVideoNEW124_f34_jpg.rf.f3d8859fca5670c5d72b6dcac9134ddf.jpg,1,1,1.0,0.274,0.004,0.047,3.704,1.291,78.026,1.887,87.147
FireSmokeVideoNEW124_f3_jpg.rf.16ade03d9e655a947e2544a8985f60f9.jpg,1,1,1.0,0.361,0.006,0.074,2.978,1.278,90.698,5.625,102.651
FireSmokeVideoNEW124_f47_jpg.rf.314dec34ced589603b4b73ba0a908a21.jpg,1,1,1.0,0.298,0.006,0.08,2.851,1.365,77.193,1.907,85.351
FireSmokeVideoNEW124_f49_jpg.rf.f17f0a12dec3ed500b6a16528b367689.jpg,1,1,1.0,0.3,0.006,0.08,2.822,1.425,102.828,2.368,111.508
FireSmokeVideoNEW124_f54_jpg.rf.3c6cd3f1f020be4de59ee26347685778.jpg,1,1,1.0,0.211,0.004,0.046,3.442,1.203,77.949,1.943,86.425
FireSmokeVideoNEW124_f56_jpg.rf.34f1587323d712197492c44f17215884.jpg,1,1,1.0,0.3,0.006,0.076,2.989,1.213,92.505,2.315,101.044
FireSmokeVideoNEW125_f0_jpg.rf.81fe7efddc3253ced13780ec6e408e3c.jpg,1,1,1.0,0.291,0.006,0.081,4.126,1.261,82.443,2.057,92.011
FireSmokeVideoNEW125_f106_jpg.rf.3a904aa90315058997b7ecacfd5fa5b5.jpg,1,1,1.0,0.292,0.006,0.079,9.421,8.84,81.273,2.128,104.237
FireSmokeVideoNEW125_f120_jpg.rf.c8d686137373b25435a8310ad00fd6ab.jpg,1,1,1.0,0.288,0.006,0.077,7.861,2.799,74.938,1.911,89.521
FireSmokeVideoNEW125_f130_jpg.rf.6f68116a78703c1e9340d77fb40469f5.jpg,1,1,1.0,0.351,0.006,0.196,3.399,6.649,76.855,2.321,91.625
FireSmokeVideoNEW125_f48_jpg.rf.cf4af7b857bae0990afd26b3c1980247.jpg,1,1,1.0,0.291,0.006,0.081,7.822,6.2,76.137,2.809,95.027
FireSmokeVideoNEW125_f74_jpg.rf.d0f371fe160c19e18a328a6024aa82cd.jpg,1,1,1.0,0.289,0.006,0.083,7.478,7.389,82.095,2.119,101.084
FireSmokeVideoNEW125_f7_jpg.rf.be240cb2d473d14c67984703664df0b7.jpg,1,1,1.0,0.257,0.004,0.051,6.148,1.146,101.915,2.575,113.731
FireSmokeVideoNEW126_f27_jpg.rf.7346fe8b8287523c5fc6b4e80eaf0f26.jpg,1,1,1.0,0.286,0.006,0.076,2.816,1.182,77.467,1.899,85.375
FireSmokeVideoNEW126_f29_jpg.rf.5077bf2b2ec0dbc0203d41adf4100e97.jpg,1,1,1.0,0.29,0.006,0.076,3.423,1.211,93.329,2.529,102.553
FireSmokeVideoNEW126_f44_jpg.rf.cd6d14d78dc95c57e52ab92b9f82b3a4.jpg,1,1,1.0,0.285,0.006,0.076,3.498,1.195,77.885,1.935,86.551
FireSmokeVideoNEW126_f48_jpg.rf.da7b9ebcf213b3796a8526e2c8aa6491.jpg,1,1,0.9991,0.29,0.007,0.076,3.392,1.354,100.421,2.566,109.768
FireSmokeVideoNEW126_f52_jpg.rf.b195208c78b88a4e65b0aa661c45f466.jpg,1,1,1.0,0.291,0.006,0.078,3.142,1.219,77.287,1.898,85.606
FireSmokeVideoNEW126_f54_jpg.rf.d787da27718524423c5c184be403cc6c.jpg,1,1,1.0,0.259,0.053,0.052,6.591,1.292,76.68,1.936,88.387
FireSmokeVideoNEW126_f56_jpg.rf.d0e363100b9c22d89de0c94a6e8d2e1d.jpg,1,1,1.0,0.298,0.007,0.081,3.015,1.203,77.553,1.979,85.852
FireSmokeVideoNEW126_f58_jpg.rf.c3a944666a891a540b1cfb2bffc2a913.jpg,1,1,1.0,0.221,0.004,0.05,7.075,6.32,83.647,6.672,105.648
FireSmokeVideoNEW126_f62_jpg.rf.812b44d2dbb2f7ac4ae3c3b0d07c88f6.jpg,1,1,1.0,0.443,0.006,0.08,8.397,6.105,85.206,3.549,105.488
FireSmokeVideoNEW126_f64_jpg.rf.de98eff962cdeb3f0682a2c381d22c4d.jpg,1,1,1.0,0.292,0.007,0.081,7.508,6.201,76.146,1.926,93.909
FireSmokeVideoNEW127_f28_jpg.rf.e61d2816bb699753b49da2bf37a1a457.jpg,1,1,1.0,0.298,0.006,0.079,3.324,1.278,90.525,2.554,99.71
FireSmokeVideoNEW127_f30_jpg.rf.3b48e7019fa19921bbcd22a8fc18a010.jpg,1,1,1.0,0.291,0.006,0.078,2.718,1.279,77.644,1.9,85.558
FireSmokeVideoNEW127_f34_jpg.rf.0c83d4fb0a63562feb910932eecf60d0.jpg,1,1,1.0,0.289,0.007,0.079,2.767,1.308,90.395,2.534,99.029
FireSmokeVideoNEW127_f44_jpg.rf.a9ef43d66b9ec7d1b8e17f8f36bca741.jpg,1,1,1.0,0.288,0.006,0.078,2.768,1.265,77.977,1.922,85.963
FireSmokeVideoNEW127_f50_jpg.rf.bdcc99d123f67fb733203559f7693ef2.jpg,1,1,1.0,0.385,0.006,0.08,2.988,6.6,95.225,2.5,109.583
FireSmokeVideoNEW127_f82_jpg.rf.9f015bb6a9818f109cc000cd7bdd16e6.jpg,1,1,1.0,0.29,0.006,0.079,7.217,6.267,75.124,1.945,92.529
FireSmokeVideoNEW127_f9_jpg.rf.eee7846a8bbb29bad98f36c3bb075784.jpg,1,1,1.0,0.214,0.004,0.05,6.648,4.395,88.606,2.434,103.981
FireSmokeVideoNEW128_f12_jpg.rf.0458b54b709948eb3bdcde19ff5095f0.jpg,1,1,1.0,0.291,0.006,0.078,2.807,1.202,77.529,3.373,87.072
FireSmokeVideoNEW128_f14_jpg.rf.a5d3694afb9300f4e3b2b0775addef04.jpg,1,1,1.0,0.273,0.006,0.074,2.668,1.158,77.502,1.985,85.258
FireSmokeVideoNEW128_f20_jpg.rf.98a1afc67a6f33f19bd2f1be2f35851b.jpg,1,1,1.0,0.278,0.006,0.073,3.238,1.302,93.702,5.232,105.489
FireSmokeVideoNEW128_f7_jpg.rf.e0935c0a1913034ce0978e5202e392f4.jpg,1,1,1.0,0.286,0.006,0.079,2.826,1.208,77.869,1.889,85.826
FireSmokeVideoNEW128_f9_jpg.rf.bad1461a9bf07e05694221fb55e56534.jpg,1,1,1.0,0.376,0.006,0.077,4.0,1.414,89.631,2.219,99.357
FireSmokeVideoNEW129_f14_jpg.rf.79c883812d7065ddbec62fd55612a017.jpg,1,1,1.0,0.289,0.006,0.081,3.09,1.202,76.831,1.896,85.105
FireSmokeVideoNEW12_f24_jpg.rf.7b20fc3b471a7b97fbe9c7e041a0109c.jpg,1,1,1.0,0.376,0.007,0.081,3.115,1.308,89.979,2.532,99.042
FireSmokeVideoNEW12_f38_jpg.rf.96c628a11234c5f9c050b2b4211a2b76.jpg,1,1,1.0,0.285,0.006,0.079,3.096,1.189,82.374,2.145,90.886
FireSmokeVideoNEW12_f51_jpg.rf.6d8e0c1a7b9920ce1193bbb2e094121b.jpg,1,1,1.0,0.286,0.006,0.079,3.141,1.191,95.855,2.451,104.725
FireSmokeVideoNEW12_f64_jpg.rf.13d8bcf8193a21886c21bb66db8fdaa1.jpg,1,1,1.0,0.287,0.006,0.078,3.115,1.186,77.706,1.973,86.041
FireSmokeVideoNEW12_f8_jpg.rf.6d3fc0fe1d943fc0e986aeb39002b689.jpg,1,1,1.0,0.292,0.006,0.08,3.09,1.188,90.864,5.274,102.55
FireSmokeVideoNEW132_f101_jpg.rf.ef8315ebdb257a7832caeb9c2b6c2c3f.jpg,1,1,1.0,0.296,0.006,0.08,2.7,1.996,84.905,3.048,94.614
FireSmokeVideoNEW132_f107_jpg.rf.0be5dc622567ae0ca9a1fa0630d1181a.jpg,1,1,1.0,0.291,0.006,0.078,3.58,1.237,82.348,1.942,91.113
FireSmokeVideoNEW132_f28_jpg.rf.74a57d7f3bf2e80e86a18b4d9ef15767.jpg,1,1,1.0,0.279,0.006,0.074,3.016,1.157,89.057,2.471,97.689
FireSmokeVideoNEW132_f31_jpg.rf.06c6b40b0e311151a8cb5c990fa23e39.jpg,1,1,1.0,0.289,0.006,0.077,2.845,1.177,76.415,1.891,84.425
FireSmokeVideoNEW132_f33_jpg.rf.cf84d4b69b24020d668380d7b87f8d2d.jpg,1,1,1.0,0.289,0.006,0.08,5.242,1.19,93.674,2.522,104.843
FireSmokeVideoNEW132_f43_jpg.rf.1ceb082efbbbe991f9d91d896796f374.jpg,1,1,1.0,0.285,0.006,0.081,3.02,3.196,76.03,2.008,86.953
FireSmokeVideoNEW132_f45_jpg.rf.d73c7cd8c7378af5a370f16c996e99fb.jpg,1,1,1.0,0.295,0.006,0.08,11.098,9.574,88.576,2.073,113.941
FireSmokeVideoNEW132_f48_jpg.rf.a09d6c000c3b5596d9fb43fad2745011.jpg,1,1,1.0,0.277,0.006,0.074,2.621,1.281,77.825,2.247,85.919
FireSmokeVideoNEW132_f51_jpg.rf.2544fe95b715eea490924ece11616b13.jpg,1,1,1.0,0.288,0.006,0.082,3.005,1.191,76.981,1.886,85.225
FireSmokeVideoNEW132_f53_jpg.rf.09f633453d5c9279a67dca6558daa432.jpg,1,1,1.0,0.354,0.006,0.075,2.854,1.396,78.255,4.599,89.081
FireSmokeVideoNEW132_f61_jpg.rf.eef43c9d98a86761615b4b2e7793aa19.jpg,1,1,1.0,0.291,0.006,0.083,7.115,2.684,76.516,2.273,90.64
FireSmokeVideoNEW132_f65_jpg.rf.b11b1fb6703934a13f463437460ee272.jpg,1,1,1.0,0.29,0.006,0.082,5.766,5.853,88.517,2.347,104.512
FireSmokeVideoNEW132_f67_jpg.rf.055d65a0c1fa6cf1aa8eea5471003adc.jpg,1,1,1.0,0.334,0.006,0.08,3.573,1.41,76.163,1.943,87.087
FireSmokeVideoNEW132_f92_jpg.rf.69db5eb51f70a35bfd0d9f540f23a975.jpg,1,1,1.0,0.301,0.006,0.083,8.696,5.991,90.907,2.261,109.979
FireSmokeVideoNEW132_f94_jpg.rf.e414a96046b887c8f237fbbeb00eed68.jpg,1,1,1.0,0.288,0.006,0.081,11.146,5.902,92.324,2.214,113.706
FireSmokeVideoNEW135_f18_jpg.rf.10d9436c6c60d63acd8bc1031b900b8b.jpg,1,1,1.0,0.297,0.006,0.08,8.055,5.93,78.538,2.071,96.67
FireSmokeVideoNEW135_f28_jpg.rf.2944aab5c6eeadf7afa0d88bd6a3a691.jpg,1,1,1.0,0.285,0.006,0.079,3.247,1.231,77.131,2.096,85.788
FireSmokeVideoNEW135_f2_jpg.rf.b170f64290a695a2b517bc86e7d0ab3b.jpg,1,1,1.0,0.28,0.006,0.075,2.771,1.198,77.456,1.888,85.426
FireSmokeVideoNEW135_f37_jpg.rf.1d9c29827509cfacfd57bc7fc93541eb.jpg,1,1,1.0,0.27,0.006,0.074,2.891,1.224,76.262,1.976,84.387
FireSmokeVideoNEW135_f3_jpg.rf.d644c4d3a7e063c498ba9048dfab4c88.jpg,1,1,1.0,0.284,0.006,0.076,6.962,5.991,74.153,1.912,90.985
FireSmokeVideoNEW135_f47_jpg.rf.a02b0d48f9e7132076a8291778099b52.jpg,1,1,1.0,0.284,0.006,0.158,8.009,6.232,76.278,2.633,95.245
FireSmokeVideoNEW135_f58_jpg.rf.51cb12d10437fa9fcb39682569a95cad.jpg,1,1,1.0,0.286,0.006,0.078,4.043,1.437,77.569,1.869,86.934
FireSmokeVideoNEW135_f60_jpg.rf.087d23aeac67fdce07ba0af44364e805.jpg,1,1,1.0,0.279,0.006,0.076,4.939,3.777,86.422,5.354,102.547
FireSmokeVideoNEW135_f64_jpg.rf.3b7b2ceaa7776dde201211a4a258376b.jpg,1,1,1.0,0.286,0.006,0.077,7.235,6.196,87.256,2.22,104.919
FireSmokeVideoNEW135_f74_jpg.rf.48f32d004d58d3ad3c6a754b68eac54f.jpg,1,1,1.0,0.288,0.006,0.076,6.858,3.204,90.227,2.276,104.632
FireSmokeVideoNEW136_f21_jpg.rf.c676865790e30db1c60eb9dd00b38102.jpg,1,1,1.0,0.334,0.006,0.081,2.799,1.564,77.944,1.959,86.343
FireSmokeVideoNEW137_f1_jpg.rf.44d20ad3d89825a859367b20018c4d55.jpg,1,1,1.0,0.292,0.006,0.08,4.068,6.194,92.54,2.247,107.232
FireSmokeVideoNEW137_f3_jpg.rf.03150810b84d787af6292f591ad6a4e2.jpg,1,1,1.0,0.286,0.006,0.081,6.705,7.076,81.773,2.121,99.715
FireSmokeVideoNEW137_f5_jpg.rf.bb04eef8f3bac3bdd70c74ab5ca80a1c.jpg,1,1,1.0,0.298,0.006,0.079,7.273,7.56,76.674,1.934,95.353
FireSmokeVideoNEW137_f7_jpg.rf.320c1db8f24d5c239dcd6e3467d680a7.jpg,1,1,1.0,0.29,0.006,0.077,9.338,6.315,75.266,2.434,95.284
FireSmokeVideoNEW13_f16_jpg.rf.6a22c435851ee372f4425942eed66e62.jpg,1,1,1.0,0.229,0.004,0.052,2.663,1.071,75.872,1.292,82.405
FireSmokeVideoNEW13_f18_jpg.rf.efa310f56dc29914b2bd9a49bb67b566.jpg,1,1,1.0,0.207,0.004,0.046,2.199,0.933,105.799,1.706,112.08
FireSmokeVideoNEW13_f21_jpg.rf.7b7410506fecac2cb64b3fe8ab09e737.jpg,1,1,1.0,0.217,0.005,0.051,8.874,5.265,77.794,1.861,95.746
FireSmokeVideoNEW13_f23_jpg.rf.78dad5d90f1bb63af854c9ace53546c4.jpg,1,1,1.0,0.289,0.007,0.076,8.086,7.309,95.666,1.96,115.108
FireSmokeVideoNEW13_f25_jpg.rf.b6cfcce6c127ccf15fb3aae89ac3b0a4.jpg,1,1,1.0,0.283,0.006,0.079,4.003,1.158,75.816,1.938,84.891
FireSmokeVideoNEW13_f31_jpg.rf.ea9667265ab5c5c893bac955cc1bd2d8.jpg,1,1,1.0,0.298,0.006,0.082,7.703,6.469,77.79,1.929,95.881
FireSmokeVideoNEW13_f42_jpg.rf.ceb4ec2b5e8a3c397fd08d830a71e4cf.jpg,1,1,1.0,0.283,0.006,0.079,7.299,6.585,75.084,1.95,92.973
FireSmokeVideoNEW13_f44_jpg.rf.348a3b9d0972a0d9c68d3917b787a6d8.jpg,1,1,1.0,0.288,0.006,0.078,5.486,5.78,81.694,1.909,96.876
FireSmokeVideoNEW13_f64_jpg.rf.25326a118e4c9cdb02082bf74f0ec540.jpg,1,1,1.0,0.28,0.006,0.079,9.947,6.006,82.49,2.526,103.013
FireSmokeVideoNEW140_f11_jpg.rf.a6207fe6ddb09f5f7e97d5d07ae02dc2.jpg,1,1,1.0,0.292,0.006,0.076,4.621,4.537,76.145,1.917,89.062
FireSmokeVideoNEW140_f13_jpg.rf.018ea90614339140984d0f1e0bec858a.jpg,1,1,1.0,0.285,0.006,0.077,3.027,1.702,104.808,2.498,114.02
FireSmokeVideoNEW140_f17_jpg.rf.5e202fe64f36b5f2a5750deeefa59055.jpg,1,1,1.0,0.289,0.006,0.079,2.681,1.17,77.607,1.839,85.28
FireSmokeVideoNEW140_f30_jpg.rf.49b2343f6127b93f05a60c8895d0f0e9.jpg,1,1,1.0,0.284,0.006,0.078,2.759,1.114,88.49,2.135,96.551
FireSmokeVideoNEW142_f10_jpg.rf.d98506831f9377f7da57191d436872e9.jpg,1,1,0.9997,0.284,0.006,0.08,2.699,1.136,77.714,1.893,85.511
FireSmokeVideoNEW142_f15_jpg.rf.906eebbf2d4656484d899568c537c722.jpg,1,1,1.0,0.283,0.006,0.078,3.303,1.176,91.425,1.967,99.87
FireSmokeVideoNEW142_f19_jpg.rf.7d661a958573c2fba2e68898fad82dd1.jpg,1,1,1.0,0.298,0.005,0.082,2.633,1.187,83.972,1.912,91.661
FireSmokeVideoNEW142_f29_jpg.rf.708929a469b97fe2cd62e6233f1d21d7.jpg,1,1,1.0,0.291,0.006,0.078,8.313,4.555,75.929,1.895,92.748
FireSmokeVideoNEW142_f37_jpg.rf.97715052124ba4f34b332433d91cc643.jpg,1,1,1.0,0.288,0.006,0.159,2.636,1.12,76.743,2.143,84.8
FireSmokeVideoNEW142_f54_jpg.rf.1f26bc7997e471dc07729284fe18c18f.jpg,1,1,1.0,0.289,0.007,0.079,9.596,6.029,75.939,2.152,95.751
FireSmokeVideoNEW142_f8_jpg.rf.00aae90130d2da7f3e57853763ed478a.jpg,1,1,0.9966,0.285,0.006,0.078,3.161,1.152,95.245,4.858,106.458
FireSmokeVideoNEW143_f10_jpg.rf.2249f8748dbed0cbe077fc35929086ad.jpg,1,1,1.0,0.286,0.006,0.077,3.106,1.134,82.743,2.013,91.028
FireSmokeVideoNEW143_f12_jpg.rf.d4416187c1c950728bad7b5f69e90e2d.jpg,1,1,1.0,0.286,0.006,0.079,2.725,1.181,86.18,2.677,94.763
FireSmokeVideoNEW143_f14_jpg.rf.5189a85e97ec559ae6cf9c019946612e.jpg,1,1,1.0,0.289,0.006,0.08,2.652,1.297,77.993,1.862,85.801
FireSmokeVideoNEW143_f16_jpg.rf.d6685538e86d776ff1c97c5216351548.jpg,1,1,1.0,0.288,0.006,0.077,3.12,1.149,91.159,2.377,99.851
FireSmokeVideoNEW143_f18_jpg.rf.472bd0b240a7f17044f20ad23dff581d.jpg,1,1,1.0,0.28,0.006,0.077,2.735,1.157,77.611,1.846,85.582
FireSmokeVideoNEW143_f1_jpg.rf.01fbe83b52f2f843ba3c88189f37fea8.jpg,1,1,1.0,0.289,0.006,0.077,2.748,1.159,92.094,2.609,100.655
FireSmokeVideoNEW143_f21_jpg.rf.6dbf0a12e69696fd0dfde2eddadb5e2e.jpg,1,1,1.0,0.285,0.006,0.081,2.78,1.623,77.674,1.93,85.964
FireSmokeVideoNEW143_f23_jpg.rf.a8cea5091500d596c76163953ec1d31f.jpg,1,1,1.0,0.287,0.007,0.081,2.768,1.144,93.391,2.481,102.079
FireSmokeVideoNEW143_f3_jpg.rf.9c2cc06b1c13399df75a9d14bd736829.jpg,1,1,1.0,0.302,0.006,0.078,4.538,3.83,77.798,1.963,90.243
FireSmokeVideoNEW143_f5_jpg.rf.64a711abecb37a1a846511bdfcbfebbb.jpg,1,1,1.0,0.324,0.008,0.088,7.505,4.625,77.534,1.957,93.674
FireSmokeVideoNEW143_f7_jpg.rf.4d5253963cd2437b2d67e58efadda1eb.jpg,1,1,1.0,0.283,0.006,0.078,3.845,2.802,77.135,1.921,87.714
FireSmokeVideoNEW143_f9_jpg.rf.3d8408a7c28207a4594f6116d3dc8e22.jpg,1,1,1.0,0.292,0.006,0.08,2.971,1.141,84.988,2.014,93.157
FireSmokeVideoNEW144_f13_jpg.rf.c9b4dbc9c1a23680b793172414c6a328.jpg,1,1,1.0,0.288,0.006,0.075,3.244,1.264,77.664,2.003,86.161
FireSmokeVideoNEW144_f15_jpg.rf.a053017bcfa3d28a92e025311f6a4898.jpg,1,1,1.0,0.319,0.006,0.08,6.2,6.925,77.783,1.909,94.871
FireSmokeVideoNEW144_f1_jpg.rf.e48ee444ef2493ae5f7c6774c4860fc8.jpg,1,1,1.0,0.289,0.006,0.08,3.286,1.172,76.855,1.864,85.087
FireSmokeVideoNEW144_f3_jpg.rf.54afa08b1aa96e20b43e15a861ee1819.jpg,1,1,1.0,0.287,0.006,0.078,2.732,1.146,76.026,1.666,83.607
FireSmokeVideoNEW144_f5_jpg.rf.df207ef6f7909fed8b962d39d097a503.jpg,1,1,1.0,0.252,0.006,0.066,4.207,3.086,87.505,2.361,99.032
FireSmokeVideoNEW145_f1_jpg.rf.c98959994bf43a00ccccdbaa8e72f04a.jpg,1,1,1.0,0.291,0.007,0.079,7.195,6.327,88.541,2.076,106.169
FireSmokeVideoNEW146_f101_jpg.rf.fe2634fca5b5d1f2c9e70545fad522da.jpg,1,1,1.0,0.286,0.006,0.078,8.189,1.257,86.668,2.514,100.69
FireSmokeVideoNEW146_f106_jpg.rf.9892c623f0f9bd29dbbcc214bc814b41.jpg,1,1,1.0,0.288,0.006,0.077,4.706,1.845,76.553,1.902,87.039
FireSmokeVideoNEW146_f109_jpg.rf.384c83e02b0e4015cf5e4c8503673308.jpg,1,1,1.0,0.294,0.014,0.076,7.512,7.188,88.114,2.099,106.939
FireSmokeVideoNEW146_f111_jpg.rf.ade51d43e61f28f35c8031cdf6817d02.jpg,1,1,1.0,0.29,0.006,0.078,3.431,1.188,84.06,2.359,93.044
FireSmokeVideoNEW146_f113_jpg.rf.ab8e22e960ad7213184583c588b4c445.jpg,1,1,1.0,0.283,0.006,0.078,6.749,7.406,77.397,1.922,95.5
FireSmokeVideoNEW146_f117_jpg.rf.23a02761ea49a223ae6bf03a68d0fbdb.jpg,1,1,1.0,0.288,0.006,0.079,7.601,5.913,76.149,2.439,94.176
FireSmokeVideoNEW146_f140_jpg.rf.2a95b7d14beac9ebfdfee7a038f57378.jpg,1,1,1.0,0.295,0.006,0.08,6.902,2.622,75.341,1.905,88.649
FireSmokeVideoNEW146_f142_jpg.rf.9d3a06313e6023fc10a5ffc8f82f475b.jpg,1,1,1.0,0.294,0.006,0.081,3.949,1.253,95.283,4.065,106.496
FireSmokeVideoNEW146_f144_jpg.rf.d8a99d5d28baa2ba0d34ff6b6332c3c8.jpg,1,1,1.0,0.286,0.006,0.077,3.504,1.178,76.195,1.877,84.786
FireSmokeVideoNEW146_f151_jpg.rf.0fbffe058eb1e6cbac9fef14aead5b33.jpg,1,1,1.0,0.287,0.006,0.19,5.102,1.344,90.514,3.64,102.744
FireSmokeVideoNEW146_f153_jpg.rf.fd1770e9a7a7dd230630573819f73610.jpg,1,1,1.0,0.282,0.006,0.079,3.417,1.229,78.252,1.868,86.74
FireSmokeVideoNEW146_f159_jpg.rf.bdff825023e2cc456f066faf7f44afb1.jpg,1,1,1.0,0.284,0.006,0.075,3.005,1.154,91.194,2.465,99.8
FireSmokeVideoNEW146_f161_jpg.rf.ff917c26295ce3ed066b0a6739d7b4e1.jpg,1,1,1.0,0.28,0.006,0.076,2.743,1.195,77.176,1.861,84.936
FireSmokeVideoNEW146_f163_jpg.rf.e4bf576b4016d399937d584007322e6b.jpg,1,1,1.0,0.286,0.006,0.082,2.91,1.421,91.741,2.419,100.486
FireSmokeVideoNEW146_f17_jpg.rf.1b3689a90a841172097fcbfa904ff096.jpg,1,1,1.0,0.288,0.006,0.079,3.424,1.163,83.239,1.961,91.858
FireSmokeVideoNEW146_f19_jpg.rf.1163c954509ad8d43502cfe74353caf1.jpg,1,1,1.0,0.285,0.006,0.081,2.718,1.143,94.81,1.965,102.61
FireSmokeVideoNEW146_f22_jpg.rf.860d47b110f7a7b5dc0909f99ed6c8aa.jpg,1,1,1.0,0.29,0.006,0.08,2.707,1.154,87.977,1.968,95.824
FireSmokeVideoNEW146_f24_jpg.rf.4d4437854a9dd5bfd679122ce6356411.jpg,1,1,1.0,0.296,0.006,0.081,4.607,4.729,75.621,1.877,88.904
FireSmokeVideoNEW146_f35_jpg.rf.569ada06b02691fc519a8f024219fe15.jpg,1,1,0.9998,0.284,0.006,0.078,3.944,3.482,76.024,1.834,87.332
FireSmokeVideoNEW146_f49_jpg.rf.0bf5dac5124fa16d11d0830e0a753409.jpg,1,1,1.0,0.293,0.006,0.082,12.592,5.946,83.126,2.284,106.024
FireSmokeVideoNEW146_f51_jpg.rf.15d197cb6c2c43ab6c0fdadab8dc7b2c.jpg,1,1,1.0,0.381,0.006,0.082,8.28,7.014,79.701,2.475,99.632
FireSmokeVideoNEW146_f53_jpg.rf.01946d65982e4d93d26c7b9db3102b40.jpg,1,1,1.0,0.385,0.006,0.077,7.657,3.889,76.334,2.32,92.331
FireSmokeVideoNEW147_f102_jpg.rf.4f6c2948924181f2c14e48f8ed4bfb1f.jpg,1,1,1.0,0.286,0.006,0.076,2.925,1.271,88.518,3.222,97.894
FireSmokeVideoNEW147_f10_jpg.rf.86ed5ec2ef774ba63776378184197396.jpg,1,1,1.0,0.284,0.006,0.079,3.048,1.156,77.387,1.885,85.495
FireSmokeVideoNEW147_f49_jpg.rf.920daf7fb589a9b3becd83173d91f717.jpg,1,1,1.0,0.293,0.006,0.076,2.724,1.152,92.967,1.998,100.819
FireSmokeVideoNEW147_f50_jpg.rf.11dc15cc50117b65a3595ffadfa635c9.jpg,1,1,1.0,0.291,0.006,0.076,2.911,2.627,88.138,1.924,97.612
FireSmokeVideoNEW147_f52_jpg.rf.1f1622d0cb5a2a41596f582631aae192.jpg,1,1,1.0,0.285,0.006,0.077,4.783,1.163,91.073,2.195,101.242
FireSmokeVideoNEW147_f62_jpg.rf.1f159e881f75e24efb4e84a5f275f06f.jpg,1,1,1.0,0.291,0.006,0.08,2.851,1.25,78.254,2.178,86.492
FireSmokeVideoNEW147_f64_jpg.rf.148efc59d85c9883a1e2a9951450522b.jpg,1,1,1.0,0.295,0.005,0.082,7.918,7.851,87.763,2.121,107.822
FireSmokeVideoNEW147_f72_jpg.rf.c65d7aa435fdb2ec18d34e18004a07e1.jpg,1,1,1.0,0.283,0.007,0.079,6.565,6.029,81.872,2.706,99.214
FireSmokeVideoNEW147_f75_jpg.rf.02fed88bb0f331b3e631edec406e62cf.jpg,1,1,1.0,0.29,0.006,0.079,6.53,5.928,75.755,1.905,92.182
FireSmokeVideoNEW147_f7_jpg.rf.9747f57a7c176ccf7009a4d4b069f9ec.jpg,1,1,1.0,0.289,0.006,0.078,4.237,2.69,78.202,2.817,89.962
FireSmokeVideoNEW147_f99_jpg.rf.b1df66b8d99531ae4e234cda5311bf60.jpg,1,1,0.9991,0.292,0.006,0.078,3.354,1.389,77.366,1.932,86.092
FireSmokeVideoNEW148_f10_jpg.rf.0dc92d22744e903a32a3c83646b68d39.jpg,1,1,1.0,0.29,0.006,0.078,2.899,1.32,77.843,2.493,86.575
FireSmokeVideoNEW148_f12_jpg.rf.52dbece6256403bd64d1463b18e78b5f.jpg,1,1,0.9999,0.402,0.006,0.08,5.212,1.152,92.261,2.272,103.386
FireSmokeVideoNEW148_f14_jpg.rf.f705015083aa7f6b5d9e98fbe6b36b40.jpg,1,1,1.0,0.282,0.006,0.078,3.572,7.01,83.379,2.489,98.46
FireSmokeVideoNEW148_f16_jpg.rf.efe282d05092639ca948cb54eec0b644.jpg,1,1,1.0,0.285,0.006,0.122,7.631,5.913,76.087,1.922,93.615
FireSmokeVideoNEW148_f18_jpg.rf.25cf073fc5c999087720cdb1568d26cb.jpg,1,1,1.0,0.282,0.006,0.078,2.677,1.146,91.913,3.055,100.836
FireSmokeVideoNEW148_f1_jpg.rf.08a7d028ddf308f88bed66f6adbe05ae.jpg,1,1,0.6915,0.287,0.006,0.079,2.821,1.147,78.087,1.849,85.9
FireSmokeVideoNEW148_f21_jpg.rf.d3c907302072bcf371911184b42a8bce.jpg,1,1,1.0,0.287,0.006,0.078,2.682,1.442,92.417,2.503,100.976
FireSmokeVideoNEW148_f23_jpg.rf.bb7a8c385f12966c93224cd7de5533ac.jpg,1,1,1.0,0.292,0.006,0.077,2.733,1.156,82.169,1.914,90.003
FireSmokeVideoNEW148_f2_jpg.rf.cc3395286ff35ee596125fb994bdfc73.jpg,1,1,0.9999,0.294,0.006,0.079,10.338,8.532,76.485,2.245,99.626
FireSmokeVideoNEW148_f38_jpg.rf.3e772f6833c02d74cc3a9eb84130c6a2.jpg,1,1,1.0,0.292,0.006,0.075,7.051,6.734,91.654,2.71,110.213
FireSmokeVideoNEW148_f45_jpg.rf.c111b115dfee39f87d8bb3fefd29e481.jpg,1,1,1.0,0.284,0.006,0.077,7.206,6.048,75.071,1.963,92.261
FireSmokeVideoNEW148_f4_jpg.rf.b5e711e0d8349a97597cf658055f912f.jpg,1,1,1.0,0.287,0.006,0.075,7.699,5.875,91.23,2.478,109.311
FireSmokeVideoNEW148_f5_jpg.rf.a5397150607d4f0b596ec44a6c28888e.jpg,1,1,1.0,0.285,0.006,0.079,7.853,6.248,77.27,2.276,95.67
FireSmokeVideoNEW148_f69_jpg.rf.0c25ebea3342d2fe4d94d8cc76dd4bcf.jpg,1,1,1.0,0.286,0.007,0.079,8.226,6.1,88.43,2.278,107.031
FireSmokeVideoNEW148_f7_jpg.rf.bef5a3ae44c17a02e467edb3d5a4c8ac.jpg,1,1,1.0,0.292,0.006,0.079,2.959,1.16,77.811,2.288,86.248
FireSmokeVideoNEW148_f86_jpg.rf.9a4b43078d141504677a016831cf6308.jpg,1,1,1.0,0.296,0.006,0.078,9.454,6.287,77.295,1.846,96.923
FireSmokeVideoNEW148_f88_jpg.rf.8c2fdce293148f53b72c01a544a59ba9.jpg,1,1,1.0,0.295,0.006,0.08,3.08,4.976,76.192,2.768,89.142
FireSmokeVideoNEW148_f9_jpg.rf.720035ab761052597ad6cea16d2280e4.jpg,1,1,1.0,0.285,0.006,0.079,3.08,1.205,83.181,2.152,91.64
FireSmokeVideoNEW150_f101_jpg.rf.33953232d7c51fdee6b7e2ce2865d0ba.jpg,1,1,1.0,0.297,0.006,0.083,4.471,5.992,94.03,3.087,109.657
FireSmokeVideoNEW150_f126_jpg.rf.32aee877b840a9c2ea22f01d2f5fb303.jpg,1,1,1.0,0.208,0.004,0.052,7.358,5.986,76.829,2.047,94.069
FireSmokeVideoNEW150_f14_jpg.rf.444a98b29116e080a6a4a0501bb9f0f7.jpg,1,1,1.0,0.29,0.006,0.08,7.484,3.724,90.763,2.537,106.532
FireSmokeVideoNEW150_f16_jpg.rf.1e363290e42953136c50c91b146e07d9.jpg,1,1,1.0,0.29,0.006,0.08,2.871,1.253,76.833,1.871,84.828
FireSmokeVideoNEW150_f19_jpg.rf.b8f3ae94cfe25f126a004e4fa29e7bdb.jpg,1,1,0.9978,0.286,0.006,0.078,3.18,1.228,96.64,2.567,105.725
FireSmokeVideoNEW150_f21_jpg.rf.d067747b0ef9247ab15d7d8d359a08aa.jpg,1,1,1.0,0.291,0.005,0.078,2.846,1.236,77.454,2.485,86.036
FireSmokeVideoNEW150_f27_jpg.rf.5c97dd97e9ed1deda7fb24fce2121f90.jpg,1,1,1.0,0.294,0.006,0.083,2.84,1.38,91.389,2.569,100.224
FireSmokeVideoNEW150_f29_jpg.rf.5511e763f9c244616f5e77ce9b91c813.jpg,1,1,1.0,0.289,0.006,0.081,2.97,1.269,77.672,1.946,85.936
FireSmokeVideoNEW150_f30_jpg.rf.9d4832733e3b2a93417a5c8b84aee5d0.jpg,1,1,1.0,0.285,0.006,0.086,6.637,7.182,96.224,6.337,118.504
FireSmokeVideoNEW150_f35_jpg.rf.e659edf7e73a723edf7cb3df1ace88a3.jpg,1,1,1.0,0.292,0.007,0.086,8.182,6.003,84.382,4.46,105.082
FireSmokeVideoNEW150_f37_jpg.rf.3d99dc493af34a4278cbad08dacccd20.jpg,1,1,1.0,0.295,0.006,0.085,6.909,4.097,75.015,1.969,90.037
FireSmokeVideoNEW150_f39_jpg.rf.16f3dc6a8d25292027d805693095ce6f.jpg,1,1,1.0,0.293,0.006,0.081,3.99,5.067,87.676,2.512,101.347
FireSmokeVideoNEW150_f40_jpg.rf.a8ed31240a813fc1b3b194e5dc286200.jpg,1,1,1.0,0.287,0.007,0.084,2.905,1.216,78.067,1.83,86.112
FireSmokeVideoNEW150_f49_jpg.rf.894a7d0a845e4f06aaf52084b00c6d3f.jpg,1,1,1.0,0.275,0.006,0.072,2.732,1.137,90.042,2.164,97.994
FireSmokeVideoNEW150_f52_jpg.rf.3a9421d2d5bba6909fe121dc0c5e5951.jpg,1,1,1.0,0.274,0.006,0.073,2.749,1.125,83.129,1.967,90.958
FireSmokeVideoNEW150_f75_jpg.rf.3abfaf3dfa1a54a3000ae55b88ef6e38.jpg,1,1,1.0,0.282,0.005,0.071,2.697,1.139,91.709,2.187,99.617
FireSmokeVideoNEW150_f93_jpg.rf.483917c98f627d6edb1ce0a19c709f2c.jpg,1,1,1.0,0.279,0.006,0.071,2.742,1.14,76.985,1.936,84.697
FireSmokeVideoNEW153_f102_jpg.rf.04284ab61b7234532f0b9026058be288.jpg,1,1,1.0,0.294,0.006,0.071,2.814,1.165,99.423,2.477,107.938
FireSmokeVideoNEW153_f105_jpg.rf.25bcafa89f42721d551841633e56ab3f.jpg,1,1,1.0,0.377,0.007,0.078,3.085,1.502,77.28,1.913,85.87
FireSmokeVideoNEW153_f108_jpg.rf.8c8d79a0e6dc7c4a31aab13cb893358b.jpg,1,1,1.0,0.29,0.007,0.08,9.154,5.425,82.499,2.024,101.241
FireSmokeVideoNEW153_f111_jpg.rf.44b4559f78806fba0bd71c69f0768418.jpg,1,1,1.0,0.279,0.006,0.076,3.392,1.144,77.681,1.844,86.087
FireSmokeVideoNEW153_f113_jpg.rf.f74466106550bec39e4d5cf1fa49d5b3.jpg,1,1,1.0,0.296,0.006,0.074,4.966,1.436,76.641,1.893,86.933
FireSmokeVideoNEW153_f117_jpg.rf.0f30b08c290b5e28fe270c5062c46051.jpg,1,1,1.0,0.276,0.006,0.075,4.652,3.041,75.716,1.918,87.288
FireSmokeVideoNEW153_f124_jpg.rf.9a2353fcb4544032a30aaa5e6bd64ee0.jpg,1,1,1.0,0.285,0.006,0.074,6.76,5.936,76.726,1.868,93.371
FireSmokeVideoNEW153_f12_jpg.rf.b366ca33845d67e9a395b25b15cb447b.jpg,1,1,1.0,0.285,0.007,0.077,4.697,6.461,82.759,3.207,99.169
FireSmokeVideoNEW153_f137_jpg.rf.d9411938e113c254dffcf511b582d027.jpg,1,1,1.0,0.282,0.006,0.071,8.773,6.904,76.94,2.299,96.934
FireSmokeVideoNEW153_f140_jpg.rf.6bf670b7eeffa899441ef3e9dba2adcd.jpg,1,1,1.0,0.296,0.006,0.075,8.561,6.241,98.259,1.988,117.072
FireSmokeVideoNEW153_f150_jpg.rf.25dbe19041bed476d4f58048b1a59414.jpg,1,1,1.0,0.284,0.006,0.072,6.778,6.066,75.678,1.98,92.502
FireSmokeVideoNEW153_f155_jpg.rf.4cbaf0dadb73c614812b924695d039a7.jpg,1,1,1.0,0.296,0.007,0.08,9.618,7.201,77.544,1.932,98.456
FireSmokeVideoNEW153_f166_jpg.rf.c1a67b7a7cbbfd8f7b0ed5186ba9ec9a.jpg,1,1,1.0,0.287,0.006,0.073,3.245,1.127,77.514,1.865,85.71
FireSmokeVideoNEW153_f175_jpg.rf.58e26ccc4e06d1d75c4b04c9b1712d9c.jpg,1,1,1.0,0.292,0.006,0.073,9.357,6.166,83.152,2.273,103.013
FireSmokeVideoNEW153_f190_jpg.rf.256ddc0fa216968cc5333bb8e84e3476.jpg,1,1,1.0,0.281,0.006,0.074,3.314,1.15,77.514,1.901,85.834
FireSmokeVideoNEW153_f20_jpg.rf.288cad55c0d4103264306149626fb2b0.jpg,1,1,1.0,0.374,0.006,0.074,3.541,1.428,77.409,1.932,86.378
FireSmokeVideoNEW153_f218_jpg.rf.bd10302a298b9d028ae7b44461c82a6f.jpg,1,1,1.0,0.287,0.006,0.079,8.042,5.849,75.928,2.783,94.656
FireSmokeVideoNEW153_f222_jpg.rf.66b912ceebfd666ff1c413bcf55c3d19.jpg,1,1,1.0,0.285,0.006,0.074,5.176,1.152,77.194,1.893,87.352
FireSmokeVideoNEW153_f224_jpg.rf.966c2cdd02d2ec6671f46f99e4fdce16.jpg,1,1,1.0,0.28,0.006,0.072,4.536,1.461,97.54,2.41,107.919
FireSmokeVideoNEW153_f228_jpg.rf.7571f42b5e5967cfa1d7a3598b22ebd0.jpg,1,1,1.0,0.418,0.006,0.074,3.341,1.16,76.455,1.941,85.002
FireSmokeVideoNEW153_f31_jpg.rf.29c7b86d56504af7fcfde12a31536ea7.jpg,1,1,1.0,0.287,0.018,0.072,5.062,1.298,83.518,4.953,96.844
FireSmokeVideoNEW153_f39_jpg.rf.67df6e0a99a896aa75dc69161de13ca4.jpg,1,1,1.0,0.284,0.006,0.072,3.681,1.157,78.066,1.968,86.914
FireSmokeVideoNEW153_f45_jpg.rf.7e48982adb68742dcb6b0fad3eb26fe8.jpg,1,1,1.0,0.283,0.006,0.078,6.608,6.224,88.012,2.484,105.356
FireSmokeVideoNEW153_f48_jpg.rf.bac071423e7f6c0aafdc107c3521e7f0.jpg,1,1,1.0,0.289,0.006,0.081,10.4,1.239,82.478,1.928,98.066
FireSmokeVideoNEW153_f64_jpg.rf.a2b94d7a56781c4cdfb3c151eb143367.jpg,1,1,1.0,0.365,0.016,0.076,2.647,1.34,91.496,1.945,99.477
FireSmokeVideoNEW153_f68_jpg.rf.f5b162bdfbc33af2159fc2bc9426eed6.jpg,1,1,1.0,0.281,0.006,0.077,2.947,1.14,77.88,1.862,85.853
FireSmokeVideoNEW153_f71_jpg.rf.c23db68bddcdb21801dbebc0c061e76b.jpg,1,1,1.0,0.284,0.006,0.08,8.284,7.18,97.934,2.52,117.974
FireSmokeVideoNEW153_f87_jpg.rf.6baf2f06090e0337483ada248509cb59.jpg,1,1,1.0,0.289,0.006,0.074,8.885,6.21,76.057,2.561,95.739
FireSmokeVideoNEW153_f90_jpg.rf.9023719adf04d4044c938ccb993dd1e8.jpg,1,1,1.0,0.291,0.006,0.076,3.623,1.213,81.403,1.953,90.161
FireSmokeVideoNEW153_f92_jpg.rf.e84aa4e8fdac769782fd8658cde448fd.jpg,1,1,1.0,0.288,0.006,0.074,4.358,2.901,82.226,3.421,94.929
FireSmokeVideoNEW153_f95_jpg.rf.99a25f547c16948f571a8789a3b182fc.jpg,1,1,1.0,0.287,0.007,0.078,8.53,2.037,76.308,1.951,90.918
FireSmokeVideoNEW155_f10_jpg.rf.c748381fdf197879771b4e7e6b3f29d8.jpg,1,1,1.0,0.289,0.005,0.076,2.875,1.256,89.214,2.482,97.793
FireSmokeVideoNEW155_f12_jpg.rf.1968aa1bef09745bcd6ac5288a9c9358.jpg,1,1,1.0,0.291,0.006,0.075,2.933,1.23,78.297,1.85,86.309
FireSmokeVideoNEW155_f14_jpg.rf.fb317c01dc2a95cdd45a4093b27718f0.jpg,1,1,1.0,0.287,0.006,0.074,2.841,1.62,92.562,2.5,101.626
FireSmokeVideoNEW155_f16_jpg.rf.d8fe076c461d48744bee7c042abcc5f8.jpg,1,1,1.0,0.375,0.004,0.065,6.83,6.511,76.287,2.583,94.331
FireSmokeVideoNEW155_f24_jpg.rf.b28dccb64a14935ed7dee307a54574de.jpg,1,1,1.0,0.292,0.006,0.077,8.726,4.915,93.119,2.074,110.453
FireSmokeVideoNEW155_f2_jpg.rf.fa36401821aec5900cc2c85e1226c0a2.jpg,1,1,1.0,0.276,0.006,0.071,2.58,1.226,76.326,2.108,84.149
FireSmokeVideoNEW155_f42_jpg.rf.c60947293513766a592f90a1541d9092.jpg,1,1,1.0,0.248,0.004,0.053,2.525,1.303,76.419,1.885,84.118
FireSmokeVideoNEW155_f49_jpg.rf.3c06fb2c6a26091589977194a4abab76.jpg,1,1,1.0,0.271,0.006,0.069,2.626,1.226,77.285,1.83,84.865
FireSmokeVideoNEW155_f50_jpg.rf.80677d5b907912711a6920a084d1e89c.jpg,1,1,1.0,0.214,0.004,0.045,2.827,1.281,83.187,2.224,91.299
FireSmokeVideoNEW155_f5_jpg.rf.3cb78f9d303c52509e0578544d2da27c.jpg,1,1,1.0,0.294,0.006,0.075,2.787,1.185,77.966,2.515,86.562
FireSmokeVideoNEW155_f62_jpg.rf.9ab8fb2faf5d035ac1c6744445b9c213.jpg,1,1,1.0,0.293,0.006,0.074,3.301,1.256,78.189,1.937,86.699
FireSmokeVideoNEW155_f6_jpg.rf.1667a85146b807e8f44d7c22058489eb.jpg,1,1,1.0,0.293,0.006,0.08,2.942,1.414,77.424,1.913,85.635
FireSmokeVideoNEW156_f15_jpg.rf.fb5dd0148524a2cda3bb53f4e0121715.jpg,1,1,1.0,0.291,0.006,0.076,2.966,1.185,81.07,1.865,89.09
FireSmokeVideoNEW156_f175_jpg.rf.60debd3147792c3a493655b096e73fa4.jpg,1,1,1.0,0.285,0.005,0.07,2.745,1.515,77.997,1.814,86.042
FireSmokeVideoNEW158_f39_jpg.rf.7f473b556e3cd2815542ec5bf6db3e6d.jpg,1,1,1.0,0.275,0.006,0.071,3.966,1.194,101.887,2.081,111.202
FireSmokeVideoNEW158_f46_jpg.rf.6b82b2f486e4e624ea9461a55db99dca.jpg,1,1,1.0,0.276,0.006,0.069,2.717,1.13,76.37,1.877,84.122
FireSmokeVideoNEW158_f48_jpg.rf.3168d65ca51af21e092746c775d953fc.jpg,1,1,1.0,0.28,0.006,0.072,7.763,8.414,76.381,1.871,96.419
FireSmokeVideoNEW158_f59_jpg.rf.869a05d37638c92d9fe0dd626efd31d0.jpg,1,1,1.0,0.298,0.006,0.078,8.669,5.888,79.514,2.605,98.764
FireSmokeVideoNEW158_f63_jpg.rf.2d1014dc2ef5040b98a27fe60ab19d6a.jpg,1,1,1.0,0.252,0.004,0.045,3.543,2.024,77.752,1.924,87.169
FireSmokeVideoNEW158_f90_jpg.rf.d48168cb4bb38538fc1ed5cabc7142b2.jpg,1,1,1.0,0.291,0.006,0.075,2.916,1.243,90.049,5.79,102.044
FireSmokeVideoNEW158_f92_jpg.rf.9c84ccbe9534bc160399d17379f8b111.jpg,1,1,1.0,0.287,0.006,0.076,2.846,1.219,77.973,1.918,86.048
FireSmokeVideoNEW159_f112_jpg.rf.591c03eb9db15672f4cd8b4abb898d89.jpg,1,1,1.0,0.287,0.006,0.08,3.719,1.823,88.019,5.715,101.374
FireSmokeVideoNEW15_f12_jpg.rf.f51125d1af8ad086351a7886b0f5009b.jpg,1,1,1.0,0.287,0.006,0.079,6.902,7.624,75.932,1.902,94.436
FireSmokeVideoNEW15_f14_jpg.rf.9d67d376bf8c041638caeff48acaf623.jpg,1,1,1.0,0.354,0.006,0.08,4.229,3.894,98.649,2.475,111.312
FireSmokeVideoNEW15_f17_jpg.rf.86e7dbb8918e3b1b2f626273bd55b8d0.jpg,1,1,1.0,0.285,0.006,0.078,6.951,5.903,84.075,2.664,101.588
FireSmokeVideoNEW15_f1_jpg.rf.f344ff4bba1c59aa5c50709afb19e455.jpg,1,1,1.0,0.283,0.006,0.075,4.19,1.121,78.24,2.269,87.799
FireSmokeVideoNEW15_f2_jpg.rf.a31e556d5f3a6dbd7ff44311ef8efbae.jpg,1,1,1.0,0.29,0.006,0.075,2.838,1.283,84.595,3.288,93.989
FireSmokeVideoNEW15_f6_jpg.rf.436addb93652b050d3dd3b2c60b0bfec.jpg,1,1,1.0,0.283,0.006,0.076,2.863,1.541,77.984,1.922,86.324
FireSmokeVideoNEW160_f103_jpg.rf.20ecce466add4381dcaa03df05ea7770.jpg,1,1,1.0,0.285,0.006,0.074,2.675,1.146,88.013,2.349,96.168
FireSmokeVideoNEW160_f12_jpg.rf.bfc71795a2763b42e2e484455ff7f31b.jpg,1,1,1.0,0.294,0.006,0.079,2.684,1.501,83.593,1.966,91.733
FireSmokeVideoNEW160_f15_jpg.rf.f44bad4c3e3af5089ecdb301e701e787.jpg,1,1,1.0,0.378,0.006,0.079,2.651,1.225,88.573,2.5,97.016
FireSmokeVideoNEW160_f16_jpg.rf.428bb15b7ae1c7facd99f425b6d7df6a.jpg,1,1,1.0,0.389,0.006,0.077,2.607,1.144,84.764,5.89,96.533
FireSmokeVideoNEW160_f173_jpg.rf.b2e66370e2f2c1cb16de0df2907336f7.jpg,1,1,1.0,0.284,0.006,0.074,8.658,6.999,79.21,1.927,98.759
FireSmokeVideoNEW160_f177_jpg.rf.d1a861e50ebc4461caaecf62f63ebc59.jpg,1,1,0.9999,0.287,0.007,0.073,4.001,1.226,77.799,2.199,87.296
FireSmokeVideoNEW160_f1_jpg.rf.190758d8c7a682c5b7daac081dfb3a78.jpg,1,1,1.0,0.214,0.004,0.046,5.075,5.773,76.742,2.338,91.793
FireSmokeVideoNEW160_f2_jpg.rf.fce089d8284f0950ae97be3eba63439a.jpg,1,1,1.0,0.216,0.004,0.048,5.035,1.304,77.945,2.108,88.2
FireSmokeVideoNEW160_f33_jpg.rf.108f8a672b6f88d2b89ac7f95422009c.jpg,1,1,1.0,0.212,0.004,0.049,4.76,1.246,77.837,1.854,87.642
FireSmokeVideoNEW160_f35_jpg.rf.c16d0976f3f76c13a1330b5768eca00a.jpg,1,1,1.0,0.264,0.005,0.069,2.756,1.177,78.062,2.333,86.221
FireSmokeVideoNEW160_f39_jpg.rf.d3e3a3c1485f2d01aec9cad353813e12.jpg,1,1,1.0,0.296,0.006,0.077,3.32,1.164,77.47,1.875,85.854
FireSmokeVideoNEW160_f41_jpg.rf.aa9f5312160d0bd036a5938074fddac9.jpg,1,1,0.9992,0.27,0.005,0.071,7.459,2.279,75.822,5.249,93.37
FireSmokeVideoNEW160_f44_jpg.rf.1cc92e380feb65d1eb40ba795881b5d5.jpg,1,1,1.0,0.29,0.006,0.077,5.169,1.232,82.911,2.474,93.829
FireSmokeVideoNEW160_f46_jpg.rf.dd383a61ddf4ac103ba2ab38fafc1304.jpg,1,1,1.0,0.293,0.006,0.165,2.793,1.366,94.251,3.791,104.317
FireSmokeVideoNEW160_f48_jpg.rf.7dd4aefed27d023e4052d016859d86ba.jpg,1,1,1.0,0.29,0.006,0.077,2.841,1.228,77.039,1.902,85.104
FireSmokeVideoNEW160_f4_jpg.rf.a216d4761627cf8ad4fe93da11263bd4.jpg,1,1,1.0,0.289,0.006,0.077,2.889,1.228,78.748,3.362,88.312
FireSmokeVideoNEW160_f52_jpg.rf.3228c111f52937aaf63b39337eba40f8.jpg,1,1,1.0,0.209,0.004,0.047,3.783,1.314,77.356,1.9,86.252
FireSmokeVideoNEW160_f55_jpg.rf.92746e806b8a448bd9fa5ebc37187ef2.jpg,1,1,1.0,0.294,0.006,0.078,3.108,1.33,81.813,6.623,94.888
FireSmokeVideoNEW160_f57_jpg.rf.8a91ec76e3647b46e08933b3462af691.jpg,1,1,1.0,0.294,0.006,0.077,3.278,2.75,80.172,1.891,90.285
FireSmokeVideoNEW160_f59_jpg.rf.170fd687380bef8f766d9e266cb85053.jpg,1,1,1.0,0.282,0.006,0.076,3.226,1.235,89.875,2.267,98.62
FireSmokeVideoNEW160_f63_jpg.rf.db93f533170822e20526f9e532b5e51b.jpg,1,1,1.0,0.28,0.006,0.07,3.297,1.321,75.824,1.749,84.202
FireSmokeVideoNEW160_f6_jpg.rf.ac5b4b5a9f3e3488066181df85e3f326.jpg,1,1,1.0,0.265,0.005,0.068,3.737,1.234,92.689,2.245,101.903
FireSmokeVideoNEW160_f83_jpg.rf.2b5c18d120808fcee84fcee8e15e0eab.jpg,1,1,1.0,0.212,0.005,0.048,8.275,5.818,77.687,1.973,95.715
FireSmokeVideoNEW160_f94_jpg.rf.fa93f0ccf8383d0537bd4526fe6dea4f.jpg,1,1,1.0,0.284,0.006,0.075,6.644,5.585,94.002,2.153,110.461
FireSmokeVideoNEW160_f96_jpg.rf.318dc1b078231bc7e8217c6b27dbf6bc.jpg,1,1,1.0,0.368,0.006,0.076,3.945,6.607,75.01,2.052,89.706
FireSmokeVideoNEW160_f98_jpg.rf.fda7903762711f01f813040b5d8aa8a2.jpg,1,1,1.0,0.294,0.006,0.076,7.095,3.389,76.564,1.962,90.645
FireSmokeVideoNEW160_f9_jpg.rf.8ad168e145acd33d27bbeeebdf9ae57e.jpg,1,1,1.0,0.289,0.006,0.074,3.096,1.239,77.841,1.952,86.145
FireSmokeVideoNEW161_f102_jpg.rf.b8a39867ca705345dd78135b6499812f.jpg,1,1,1.0,0.222,0.004,0.049,8.132,1.354,77.411,1.87,90.658
FireSmokeVideoNEW161_f104_jpg.rf.03cdb4c2815784a34a20437185bb945e.jpg,1,1,1.0,0.269,0.005,0.07,4.343,1.207,82.374,2.113,91.939
FireSmokeVideoNEW161_f108_jpg.rf.a443c4f6d93a5c29284e386e100774c7.jpg,1,1,1.0,0.336,0.005,0.055,4.599,1.256,76.483,1.798,86.182
FireSmokeVideoNEW161_f110_jpg.rf.7a3ea145a4c983d0832040f8059eab16.jpg,1,1,1.0,0.272,0.006,0.068,3.45,1.207,77.728,1.87,86.177
FireSmokeVideoNEW161_f112_jpg.rf.cc6e5f3275b57bf2b6725a9d400d562b.jpg,1,1,1.0,0.237,0.004,0.05,4.318,1.243,90.827,1.996,100.326
FireSmokeVideoNEW161_f126_jpg.rf.6be71a5552c67a041be924a65961ba25.jpg,1,1,1.0,0.288,0.006,0.075,2.953,1.248,84.699,2.632,93.528
FireSmokeVideoNEW162_f22_jpg.rf.c32b1104152593e5333cf62b573e1c78.jpg,1,1,1.0,0.22,0.004,0.047,3.588,1.216,77.598,1.972,86.327
FireSmokeVideoNEW162_f25_jpg.rf.14fe515b4881006326c100db4510d703.jpg,1,1,1.0,0.289,0.006,0.077,4.062,1.202,85.815,2.814,96.01
FireSmokeVideoNEW162_f28_jpg.rf.2100b326cec56114b93d020bc09048ce.jpg,1,1,1.0,0.21,0.004,0.047,4.235,1.687,77.094,1.757,86.66
FireSmokeVideoNEW162_f33_jpg.rf.8dad23cbfc6a51aefb21d5fad8279bb7.jpg,1,1,1.0,0.28,0.006,0.071,3.685,1.152,92.898,2.181,101.898
FireSmokeVideoNEW162_f66_jpg.rf.3631362f48db82440191fe572b490d18.jpg,1,1,1.0,0.292,0.006,0.075,2.729,1.503,76.566,1.959,84.69
FireSmokeVideoNEW162_f68_jpg.rf.e5c11af641e403c1dfd72762deb03d79.jpg,1,1,1.0,0.275,0.006,0.07,2.639,1.374,91.519,2.547,100.075
FireSmokeVideoNEW163_f1_jpg.rf.48314c99b8b115efc7e5d9aaae268c6d.jpg,1,1,1.0,0.294,0.006,0.076,3.047,1.5,83.236,2.152,91.985
FireSmokeVideoNEW163_f3_jpg.rf.37eb09b7f4a74de0e072b65a23530ffe.jpg,1,1,1.0,0.306,0.007,0.081,8.363,9.101,83.3,1.907,104.732
FireSmokeVideoNEW163_f5_jpg.rf.3ff7bc2e2acad28b6f4bd8c668b163f1.jpg,1,1,1.0,0.288,0.006,0.078,7.453,6.176,82.283,5.774,103.696
FireSmokeVideoNEW163_f91_jpg.rf.2ea42f806b1cfd13bc551fa782ea4414.jpg,1,1,1.0,0.285,0.006,0.076,7.247,4.023,76.047,1.947,91.229
FireSmokeVideoNEW164_f76_jpg.rf.73ec1d0a5c3c6223aad8ea5f96d2c287.jpg,1,0,0.8121,0.287,0.006,0.074,2.914,1.152,89.807,2.491,98.326
FireSmokeVideoNEW166_f104_jpg.rf.4ae70d75d6f1e26735b5fd2d00149140.jpg,1,1,1.0,0.291,0.006,0.075,2.616,1.235,82.873,1.905,90.587
FireSmokeVideoNEW166_f106_jpg.rf.ecdf0d1c54eed105a41ceb1c3a5e16a2.jpg,1,1,1.0,0.287,0.006,0.076,2.649,1.212,90.974,2.469,99.274
FireSmokeVideoNEW166_f114_jpg.rf.96ea691bbc9cbfaf071eff12e406a474.jpg,1,1,1.0,0.29,0.006,0.075,2.661,1.255,78.043,1.88,85.798
FireSmokeVideoNEW166_f128_jpg.rf.c8522d2e926b393fc34be90751b24e82.jpg,1,1,1.0,0.286,0.006,0.078,3.757,1.166,90.535,2.531,100.029
FireSmokeVideoNEW166_f130_jpg.rf.ec9dae17b6bbb13104fa9b611d0195b1.jpg,1,1,1.0,0.292,0.006,0.078,3.439,1.176,92.931,2.027,101.632
FireSmokeVideoNEW166_f142_jpg.rf.8777aadb7efd8b5364780535a11408ee.jpg,1,1,1.0,0.292,0.007,0.078,3.416,1.176,94.58,2.016,103.25
FireSmokeVideoNEW166_f151_jpg.rf.951f63f13e871c67cbf4167ca519c038.jpg,1,1,1.0,0.286,0.006,0.076,3.52,7.129,78.618,2.627,93.949
FireSmokeVideoNEW166_f156_jpg.rf.c3fc415b126d1c0dc2c799e8d819ba0a.jpg,1,1,1.0,0.286,0.007,0.076,4.928,3.084,75.819,1.916,87.714
FireSmokeVideoNEW166_f18_jpg.rf.91b89ccc3f2286e2046f47caeec4e617.jpg,1,1,1.0,0.289,0.006,0.074,2.618,3.94,81.678,2.532,92.802
FireSmokeVideoNEW166_f20_jpg.rf.621861e4339bc16655c7d59607418101.jpg,1,1,1.0,0.36,0.007,0.077,4.591,4.342,76.473,1.925,89.358
FireSmokeVideoNEW166_f31_jpg.rf.ec18fdfa2e1b079dc332639aca65e45b.jpg,1,1,1.0,0.29,0.006,0.071,2.701,1.138,91.102,2.475,99.422
FireSmokeVideoNEW16_f15_jpg.rf.1b1aa21c81078e3b97875626efbfa695.jpg,1,1,1.0,0.287,0.006,0.073,2.644,1.192,77.376,1.878,85.04
FireSmokeVideoNEW16_f20_jpg.rf.607dc5a69aa35cab8c152976e33f78b9.jpg,1,1,1.0,0.284,0.006,0.075,2.912,1.191,90.962,3.217,100.24
FireSmokeVideoNEW16_f22_jpg.rf.ed416c54b284805baff969bf2d477571.jpg,1,1,1.0,0.281,0.006,0.072,4.762,2.713,87.362,1.964,98.902
FireSmokeVideoNEW16_f24_jpg.rf.13b7de1341a169938a1b00b037d6e459.jpg,1,1,1.0,0.282,0.006,0.074,3.189,1.131,89.127,2.559,98.061
FireSmokeVideoNEW16_f26_jpg.rf.d88449a03f1fc06e4e5b4971b57c423e.jpg,1,1,1.0,0.291,0.006,0.075,2.691,1.163,78.11,1.946,86.099
FireSmokeVideoNEW16_f48_jpg.rf.8200e21f18799aa0faf03642cd3c3587.jpg,1,1,1.0,0.295,0.006,0.076,5.998,1.708,79.715,1.936,91.326
FireSmokeVideoNEW16_f54_jpg.rf.f5bd922fb406ec6debc8b5dbe6fed5f5.jpg,1,1,1.0,0.284,0.006,0.073,8.622,6.053,76.136,2.099,94.973
FireSmokeVideoNEW16_f73_jpg.rf.5f38b183effd9a5adcc92d6d936e082f.jpg,1,1,1.0,0.21,0.004,0.05,8.229,6.891,75.486,1.944,94.447
FireSmokeVideoNEW172_f111_jpg.rf.c0521dfdd8b774734b046dd69683eaf9.jpg,1,1,1.0,0.295,0.006,0.079,8.103,5.904,77.706,4.941,98.692
FireSmokeVideoNEW172_f163_jpg.rf.f85eb82deba112f0c669c48fd7ee61b4.jpg,1,1,1.0,0.291,0.006,0.077,6.953,5.961,75.805,1.844,92.614
FireSmokeVideoNEW172_f37_jpg.rf.1133eca3df34cbcd597de45fe6e0e94d.jpg,1,1,1.0,0.289,0.006,0.077,4.332,3.58,90.548,5.887,106.697
FireSmokeVideoNEW172_f62_jpg.rf.443f82816a29901f59cb85bddc7bc3fc.jpg,1,1,1.0,0.264,0.005,0.094,6.903,8.291,80.512,1.935,99.556
FireSmokeVideoNEW172_f79_jpg.rf.1b68d10570f4d82b070043578957f70d.jpg,1,1,1.0,0.292,0.006,0.076,3.315,2.711,89.452,2.49,100.094
FireSmokeVideoNEW176_f109_jpg.rf.11dd89709af38d8056b039c8815bf0fc.jpg,1,1,1.0,0.268,0.005,0.066,6.298,1.323,76.556,2.962,89.161
FireSmokeVideoNEW176_f119_jpg.rf.fe37062e59113046aa83d89b8ecb0b7c.jpg,1,1,1.0,0.261,0.005,0.065,3.492,1.186,77.665,1.831,86.115
FireSmokeVideoNEW176_f157_jpg.rf.d57b84235a5007bd6d675bff496183e5.jpg,1,1,1.0,0.393,0.004,0.048,4.858,0.994,88.785,2.497,99.44
FireSmokeVideoNEW176_f181_jpg.rf.cabd74e7296f4c73ee27fe028dd8e69d.jpg,1,1,1.0,0.307,0.006,0.076,13.923,1.462,76.768,1.88,96.132
FireSmokeVideoNEW176_f3_jpg.rf.c36369eb36e9298d6403fe4d09674b63.jpg,1,1,1.0,0.295,0.006,0.077,2.885,1.256,88.956,2.799,97.859
FireSmokeVideoNEW176_f72_jpg.rf.ac3b396938e401cbfa0224d45069e656.jpg,1,1,0.9992,0.277,0.006,0.069,3.592,1.169,77.693,1.951,86.426
FireSmokeVideoNEW178_f14_jpg.rf.338e69ab75ea47886780fab9072cfe97.jpg,1,1,1.0,0.286,0.006,0.072,2.811,1.174,104.874,2.598,113.479
FireSmokeVideoNEW178_f16_jpg.rf.2dfc5ee41cefadea08a7ba62ac1f579f.jpg,1,1,1.0,0.289,0.006,0.078,2.825,1.225,82.484,1.988,90.621
FireSmokeVideoNEW178_f19_jpg.rf.527dc6458507de2613fc2429950c55bd.jpg,1,1,1.0,0.3,0.006,0.08,10.859,6.603,75.359,1.87,96.693
FireSmokeVideoNEW178_f21_jpg.rf.2df23cfacf65b02094284d7cc5407e99.jpg,1,1,1.0,0.294,0.007,0.076,4.512,1.103,77.394,1.884,86.915
FireSmokeVideoNEW178_f23_jpg.rf.22f0cb6fd7d1eb2784883dee2cccc9b5.jpg,1,1,1.0,0.369,0.007,0.076,6.841,4.74,75.52,2.258,91.463
FireSmokeVideoNEW178_f27_jpg.rf.213ab9f16ff7511e8bd4d03be401ebd8.jpg,1,1,1.0,0.284,0.006,0.076,3.424,1.178,77.321,1.884,85.814
FireSmokeVideoNEW178_f29_jpg.rf.4b50b3250a85e04f2f561d0fb5b2ea19.jpg,1,1,1.0,0.291,0.006,0.077,3.183,1.198,85.107,1.932,93.368
FireSmokeVideoNEW181_f103_jpg.rf.ec93c689f6ec9a7380666966d76f179b.jpg,1,1,0.9995,0.288,0.006,0.076,2.825,1.202,88.783,1.973,96.741
FireSmokeVideoNEW181_f112_jpg.rf.a83b0b3167273cfdd0d0b3f3245fa7ee.jpg,1,1,0.9997,0.292,0.006,0.077,2.715,1.145,75.818,1.672,83.393
FireSmokeVideoNEW181_f114_jpg.rf.8fab4401cc8e1ddf41bc8f61c7083a9b.jpg,1,1,0.9986,0.263,0.005,0.069,2.615,1.08,99.205,1.972,106.668
FireSmokeVideoNEW181_f119_jpg.rf.2b9039011fbaf7cf47a8a84160eba0c7.jpg,1,1,0.9879,0.263,0.005,0.104,2.472,1.095,77.905,1.689,85.021
FireSmokeVideoNEW181_f138_jpg.rf.7b3ffbd1e0a0909c8542ecacf988e17c.jpg,1,1,1.0,0.314,0.005,0.066,4.61,1.238,83.037,1.832,92.861
FireSmokeVideoNEW181_f144_jpg.rf.be3fb045a09fe4b62ff818be5ff8df31.jpg,1,1,1.0,0.278,0.005,0.068,2.847,1.823,88.391,1.911,96.788
FireSmokeVideoNEW181_f151_jpg.rf.4d059df2c479b79d69332ab86693b9af.jpg,1,1,1.0,0.259,0.005,0.065,3.623,1.128,76.012,1.679,84.193
FireSmokeVideoNEW181_f153_jpg.rf.6e941e23754f67ed8b6a3cfa3a73da05.jpg,1,1,1.0,0.274,0.006,0.07,2.671,1.081,91.717,2.156,99.512
FireSmokeVideoNEW181_f155_jpg.rf.1b9a27b3e2dbbba1defd0a17da890d20.jpg,1,1,1.0,0.356,0.006,0.072,2.554,1.079,75.871,1.76,83.278
FireSmokeVideoNEW181_f159_jpg.rf.acfb872ee5fcb34ef13a6335bfa20c31.jpg,1,1,1.0,0.272,0.005,0.069,8.725,7.095,90.526,2.32,111.278
FireSmokeVideoNEW181_f161_jpg.rf.c66e1f5ebbe4b626eea5fb46441f68d6.jpg,1,1,1.0,0.283,0.006,0.074,5.972,3.179,98.07,1.988,111.259
FireSmokeVideoNEW181_f165_jpg.rf.944a4fa3bff479666f5d4da650df0694.jpg,1,1,1.0,0.292,0.006,0.077,6.423,3.87,76.276,1.97,90.628
FireSmokeVideoNEW181_f168_jpg.rf.09eb032299377b026f8e7a7f35185f1e.jpg,1,1,1.0,0.281,0.006,0.077,2.86,1.172,91.425,2.585,100.03
FireSmokeVideoNEW181_f35_jpg.rf.ae9d9d8481448208afb995086041c546.jpg,1,1,0.6697,0.217,0.005,0.051,2.572,0.966,92.65,5.361,103.049
FireSmokeVideoNEW181_f91_jpg.rf.4b8a5f368f4f969978581c51a5e3c72e.jpg,1,1,0.9676,0.235,0.005,0.054,2.983,1.054,75.092,1.447,82.166
FireSmokeVideoNEW181_f95_jpg.rf.5e55ec887078e0feacd31ce84a75f8ca.jpg,1,1,0.9563,0.227,0.005,0.05,12.989,10.29,74.496,1.61,100.98
FireSmokeVideoNEW181_f97_jpg.rf.18918a57d25e035d172b1857f216021f.jpg,1,1,0.7878,0.212,0.004,0.045,3.082,1.034,75.806,1.732,83.187
FireSmokeVideoNEW181_f99_jpg.rf.0e66a54a15e57cb72c3d4f8a240a2151.jpg,1,1,0.9999,0.257,0.005,0.062,9.567,8.69,82.243,1.892,104.385
FireSmokeVideoNEW184_f11_jpg.rf.ae299b7a9e7c022a3788ddc0897c134e.jpg,1,1,1.0,0.284,0.006,0.078,6.296,1.356,98.592,3.852,112.072
FireSmokeVideoNEW184_f13_jpg.rf.ce6e21ccb4aaa52937d4c2ccc7875bed.jpg,1,1,1.0,0.292,0.006,0.078,3.314,1.16,76.225,1.851,84.519
FireSmokeVideoNEW184_f15_jpg.rf.e76e5dd6c7f478e2876323df33c94fc5.jpg,1,1,1.0,0.287,0.006,0.073,3.411,1.138,78.172,1.851,86.51
FireSmokeVideoNEW184_f17_jpg.rf.8a42ec6a17e625638d9b08db25bb1da8.jpg,1,1,1.0,0.291,0.006,0.076,3.933,1.147,75.857,1.866,84.789
FireSmokeVideoNEW184_f19_jpg.rf.6721bc5e6094024520008a809861d4d1.jpg,1,1,1.0,0.289,0.006,0.071,5.024,3.321,82.152,4.669,97.102
FireSmokeVideoNEW184_f20_jpg.rf.617edddc4230d2a3489120a4d6284d6a.jpg,1,1,1.0,0.269,0.006,0.073,3.839,1.165,75.257,1.835,84.1
FireSmokeVideoNEW184_f22_jpg.rf.a60f9ac7d2baaa68f773a1f1c663adbd.jpg,1,1,1.0,0.28,0.006,0.075,3.88,1.178,88.381,1.999,97.457
FireSmokeVideoNEW184_f24_jpg.rf.76afc7e8179fbe13ae35b4ff745c6b4f.jpg,1,1,1.0,0.289,0.005,0.077,3.149,1.264,76.099,1.814,84.271
FireSmokeVideoNEW184_f26_jpg.rf.b13491a64cbb2d0463105e970f88c5a7.jpg,1,1,1.0,0.371,0.006,0.08,4.858,1.172,90.41,2.53,101.103
FireSmokeVideoNEW184_f2_jpg.rf.078a0f6b44f5bafb07c903b43f3af799.jpg,1,1,1.0,0.28,0.006,0.07,6.625,2.646,92.691,1.904,105.806
FireSmokeVideoNEW184_f35_jpg.rf.5495878b4d4300f0c679d9edf23807f2.jpg,1,1,1.0,0.292,0.006,0.075,5.07,1.208,89.506,1.969,99.717
FireSmokeVideoNEW184_f37_jpg.rf.2777cc52ac569f30719c8ae879dbd8bb.jpg,1,1,1.0,0.289,0.006,0.075,5.721,3.2,76.966,1.88,89.729
FireSmokeVideoNEW184_f40_jpg.rf.6eaf7e00d16a4113754c199d8bcd7ef4.jpg,1,1,1.0,0.281,0.006,0.166,4.379,1.203,94.214,2.548,104.406
FireSmokeVideoNEW184_f45_jpg.rf.ad114f11173cbca479065f3caebf2b34.jpg,1,1,1.0,0.289,0.006,0.076,4.032,1.275,74.657,1.84,83.733
FireSmokeVideoNEW184_f50_jpg.rf.bbb13925ceb8e2bff335a8325417437b.jpg,1,1,1.0,0.291,0.006,0.078,10.241,6.404,76.534,2.187,97.351
FireSmokeVideoNEW184_f55_jpg.rf.d1eec9ba4b6220797cbcb8975f71b2b2.jpg,1,1,1.0,0.287,0.006,0.073,7.15,5.899,76.133,1.912,93.046
FireSmokeVideoNEW184_f5_jpg.rf.c8e2cd361adfeeb0a31d3758f5f41aef.jpg,1,1,1.0,0.283,0.006,0.074,7.496,5.895,81.256,2.026,98.669
FireSmokeVideoNEW184_f7_jpg.rf.51b20038b916a76472a04ce263734a9a.jpg,1,1,1.0,0.284,0.006,0.074,6.527,1.184,86.442,2.621,98.769
FireSmokeVideoNEW184_f9_jpg.rf.87fd8eb59087813c43e0bc0a651af1de.jpg,1,1,1.0,0.283,0.006,0.077,3.554,5.45,87.614,1.967,100.663
FireSmokeVideoNEW187_f30_jpg.rf.ae1f570cf7d9572a74488eaa3debad82.jpg,1,1,1.0,0.289,0.007,0.074,7.461,6.959,91.07,1.934,109.64
FireSmokeVideoNEW187_f46_jpg.rf.8bbd48f1c7a0c21c1c9230e5525ce5af.jpg,1,1,1.0,0.286,0.006,0.076,4.193,1.314,77.869,1.884,87.293
FireSmokeVideoNEW187_f49_jpg.rf.14c155a1599a466ead22f23981911e67.jpg,1,1,1.0,0.286,0.006,0.075,2.795,1.36,91.71,2.524,100.357
FireSmokeVideoNEW187_f51_jpg.rf.0d435a458ddbd34d22ad4b2d72417df0.jpg,1,1,1.0,0.288,0.006,0.076,2.955,1.195,77.825,2.24,86.205
FireSmokeVideoNEW187_f53_jpg.rf.d871ec684608d7bf3f61bb568ac88173.jpg,1,1,1.0,0.29,0.006,0.076,7.637,7.631,90.551,1.953,110.038
FireSmokeVideoNEW187_f55_jpg.rf.0712f3244a9cf5d39b072717daedc56b.jpg,1,1,1.0,0.291,0.006,0.075,7.28,5.827,76.158,2.577,93.856
FireSmokeVideoNEW187_f57_jpg.rf.9b7d319c8d37619c608d57c3c7bed6d6.jpg,1,1,1.0,0.29,0.006,0.108,7.051,6.362,75.921,1.931,93.33
FireSmokeVideoNEW187_f59_jpg.rf.edf0bb93b118133cb359c2cab31c378b.jpg,1,1,1.0,0.377,0.006,0.078,7.958,6.814,95.87,2.489,115.266
FireSmokeVideoNEW187_f61_jpg.rf.4f009b3246be16af1da42ab71256b466.jpg,1,1,1.0,0.285,0.007,0.074,4.184,1.143,77.551,1.897,86.774
FireSmokeVideoNEW187_f66_jpg.rf.ba0506e5e6e9b1a0829ff3945083a8a9.jpg,1,1,1.0,0.294,0.006,0.076,2.768,1.595,90.073,3.062,99.449
FireSmokeVideoNEW187_f68_jpg.rf.5ac076d8dbc1f09ebc18cd0d1e5b23eb.jpg,1,1,1.0,0.273,0.006,0.073,2.731,1.146,77.724,1.952,85.567
FireSmokeVideoNEW187_f70_jpg.rf.5fd108067fe7e96989e53f2f078a9ace.jpg,1,1,1.0,0.288,0.006,0.075,3.123,1.152,90.104,2.015,98.414
FireSmokeVideoNEW187_f81_jpg.rf.dd8dd1d67a6a5770f2dd3aa04bbd44a7.jpg,1,1,1.0,0.285,0.006,0.074,2.752,1.117,82.34,1.894,90.324
FireSmokeVideoNEW187_f83_jpg.rf.1248a0c6116d3f14de2e0d8c1002795f.jpg,1,1,1.0,0.282,0.006,0.077,2.82,1.133,91.647,2.104,99.762
FireSmokeVideoNEW187_f85_jpg.rf.6511d23bfd23b9eb8e9057f3ac9da850.jpg,1,1,1.0,0.279,0.006,0.072,2.736,1.129,77.442,1.91,85.172
FireSmokeVideoNEW187_f95_jpg.rf.5d4891558279bf1ac091add3e599d1e0.jpg,1,1,0.9794,0.287,0.006,0.078,3.459,1.156,90.038,2.188,98.87
FireSmokeVideoNEW187_f98_jpg.rf.b516e11f75bff2314b57b6027da715b0.jpg,1,1,0.9962,0.279,0.006,0.077,6.636,6.585,84.223,1.94,101.434
FireSmokeVideoNEW188_f0_jpg.rf.fc6d569e759e92aa1bf39f49d704191e.jpg,1,1,1.0,0.291,0.006,0.074,8.52,1.729,81.51,2.071,95.826
FireSmokeVideoNEW188_f11_jpg.rf.3124d86b0386441621b962add617652f.jpg,1,1,1.0,0.275,0.006,0.078,2.703,1.117,77.449,2.072,85.366
FireSmokeVideoNEW188_f13_jpg.rf.c218c266a3253e8f8f8b02beda19f6db.jpg,1,1,1.0,0.281,0.006,0.076,3.187,1.122,77.444,1.942,85.749
FireSmokeVideoNEW188_f1_jpg.rf.78cee517f81fc7d7936ae6f38b16cb66.jpg,1,1,1.0,0.28,0.006,0.072,2.734,1.136,78.912,4.02,88.776
FireSmokeVideoNEW188_f29_jpg.rf.8b9e7fc00b59d5fa8cce4524ca956dd2.jpg,1,1,1.0,0.285,0.006,0.129,2.628,1.124,77.652,1.952,85.683
FireSmokeVideoNEW188_f3_jpg.rf.776e0e5bb8a5ae50c703ee454675cb74.jpg,1,1,1.0,0.281,0.006,0.073,2.826,1.126,90.465,2.249,98.703
FireSmokeVideoNEW188_f46_jpg.rf.6d5a3f5a6614d5ec2a28115e4da91a58.jpg,1,1,1.0,0.28,0.006,0.073,2.719,1.133,82.99,2.501,91.304
FireSmokeVideoNEW188_f4_jpg.rf.f8515d9c45ad1b08bf51554613f69454.jpg,1,1,1.0,0.323,0.006,0.08,2.627,1.119,89.695,2.595,98.148
FireSmokeVideoNEW188_f72_jpg.rf.5991cc08698848b3ba20af9ae58e28cc.jpg,1,1,1.0,0.281,0.006,0.074,2.702,1.132,87.953,1.977,95.781
FireSmokeVideoNEW188_f8_jpg.rf.1c4cfd22c7ec9fd23a6cafc391a63570.jpg,1,1,1.0,0.281,0.111,0.078,2.702,1.178,93.173,2.526,101.663
FireSmokeVideoNEW189_f36_jpg.rf.2429df020eeaece9f5b66e2de3dfcfb3.jpg,1,1,0.9618,0.285,0.006,0.075,2.67,1.123,76.507,1.929,84.493
FireSmokeVideoNEW189_f40_jpg.rf.89284f352804c703e361e4a1d6c1a0e1.jpg,1,1,0.7466,0.378,0.006,0.08,8.989,6.782,87.431,2.148,107.606
FireSmokeVideoNEW189_f44_jpg.rf.91986ad731e197e780360a017e5bddab.jpg,1,1,1.0,0.288,0.006,0.078,5.587,3.619,75.948,1.95,89.179
FireSmokeVideoNEW189_f47_jpg.rf.b899faf82fbc0933a0b2655bf1b84d2b.jpg,1,1,1.0,0.289,0.006,0.077,3.602,2.664,75.325,1.865,85.509
FireSmokeVideoNEW189_f49_jpg.rf.341c12e8e1fdde632278613ad7c7ff4a.jpg,1,1,1.0,0.287,0.007,0.075,4.087,1.408,77.983,2.521,87.959
FireSmokeVideoNEW189_f54_jpg.rf.93bfead985de54201941ba700cd2f5d2.jpg,1,1,0.9974,0.281,0.006,0.076,3.244,1.13,77.581,1.917,85.895
FireSmokeVideoNEW189_f57_jpg.rf.e7ecb7baefd3bc926a9fba669c566e0e.jpg,1,1,1.0,0.37,0.006,0.075,5.134,6.385,85.314,4.77,103.744
FireSmokeVideoNEW189_f60_jpg.rf.4680d8331d6645b62e40ff208a5c0393.jpg,1,1,0.966,0.358,0.006,0.08,8.947,6.893,77.328,1.976,97.203
FireSmokeVideoNEW18_f16_jpg.rf.4d26975a756077f4ee33e8cae1133cde.jpg,1,1,1.0,0.296,0.007,0.077,9.29,5.969,90.695,2.263,110.264
FireSmokeVideoNEW18_f1_jpg.rf.682bfe6fca836f6bdb93a761c8f76c6a.jpg,1,1,0.6426,0.292,0.006,0.078,10.465,1.671,75.904,1.878,91.929
FireSmokeVideoNEW18_f22_jpg.rf.ffbaa38451e75e9b6553ed719e25bf8b.jpg,1,1,1.0,0.289,0.005,0.073,3.805,6.239,92.551,2.19,106.837
FireSmokeVideoNEW18_f26_jpg.rf.c4e5334d02bf0ef86638088599a9bfcb.jpg,1,1,1.0,0.296,0.006,0.075,7.309,7.023,81.586,2.059,100.023
FireSmokeVideoNEW18_f28_jpg.rf.e97b03f948611c6791188170a5b5b243.jpg,1,1,1.0,0.209,0.004,0.047,3.547,1.633,76.675,1.85,85.651
FireSmokeVideoNEW18_f2_jpg.rf.0204e44f189df1713c81eebf03fe1ba2.jpg,1,1,1.0,0.295,0.006,0.079,7.966,1.365,76.26,2.105,89.701
FireSmokeVideoNEW18_f32_jpg.rf.e3e8455d03ffae50704ed2d2bf42fc46.jpg,1,1,1.0,0.218,0.004,0.155,2.921,1.585,76.85,1.783,85.131
FireSmokeVideoNEW18_f34_jpg.rf.db78daa23025b643f82f15732f0aebdb.jpg,1,1,0.9998,0.259,0.005,0.067,2.825,1.196,84.172,2.728,92.839
FireSmokeVideoNEW18_f37_jpg.rf.b55026c86cfba5087ea2640486dba8a7.jpg,1,1,1.0,0.29,0.006,0.075,2.595,5.52,77.369,1.788,89.319
FireSmokeVideoNEW18_f40_jpg.rf.a09c8b21417594bd3beca510ad96c086.jpg,1,1,1.0,0.274,0.006,0.072,2.891,1.195,84.162,2.492,92.673
FireSmokeVideoNEW18_f43_jpg.rf.b7d757ba37d94e776d2fe77b89e0a3d7.jpg,1,1,1.0,0.263,0.006,0.074,3.029,1.231,76.6,1.919,84.678
FireSmokeVideoNEW18_f48_jpg.rf.3dac03c9596242fe2bd07010e6237aad.jpg,1,1,1.0,0.278,0.005,0.067,2.9,1.191,78.12,3.31,87.447
FireSmokeVideoNEW18_f4_jpg.rf.9e8f2652cbfb1af75d37e44e633dcda3.jpg,1,1,1.0,0.292,0.006,0.081,6.195,1.262,77.612,1.842,88.923
FireSmokeVideoNEW18_f55_jpg.rf.5e3d4792612d0938fa0a3e668c16a486.jpg,1,1,1.0,0.278,0.006,0.073,4.261,1.255,77.947,3.356,88.769
FireSmokeVideoNEW190_f0_jpg.rf.a35b2866bfe8c0c0f6628f44c3528a79.jpg,1,1,1.0,0.285,0.006,0.076,6.891,2.756,81.104,1.981,94.719
FireSmokeVideoNEW190_f11_jpg.rf.985360832a8df61b5b0ddbdd8fbf1f73.jpg,1,1,1.0,0.346,0.016,0.075,2.817,3.652,77.057,3.99,89.591
FireSmokeVideoNEW190_f13_jpg.rf.7bb2b57e7b2b5c531d8b3b26d705d874.jpg,1,1,1.0,0.29,0.016,0.076,8.811,6.417,76.072,1.964,95.275
FireSmokeVideoNEW190_f15_jpg.rf.6efd0d63e31fe6dc87fbed3909fc4c70.jpg,1,1,1.0,0.287,0.006,0.077,8.695,1.529,87.174,2.486,101.817
FireSmokeVideoNEW190_f22_jpg.rf.0e2d7c4980641dfb7afd1452401e651f.jpg,1,1,1.0,0.29,0.006,0.075,4.046,1.195,77.338,1.849,86.47
FireSmokeVideoNEW190_f24_jpg.rf.eff680509c302b7cd3a5ada6000821a7.jpg,1,1,1.0,0.288,0.006,0.239,11.726,6.518,96.02,1.912,118.404
FireSmokeVideoNEW190_f2_jpg.rf.104bd7e3980b2cb1b90d31b3ef4f082e.jpg,1,1,1.0,0.283,0.006,0.075,5.06,1.191,80.368,3.519,92.101
FireSmokeVideoNEW190_f6_jpg.rf.2d8e3a243a79acf85362f5ac853e3a55.jpg,1,1,1.0,0.283,0.006,0.076,4.824,1.253,76.588,1.917,86.515
FireSmokeVideoNEW190_f9_jpg.rf.3cc86b991034435b13c5c152eaf141cd.jpg,1,1,1.0,0.296,0.006,0.074,4.848,1.192,81.015,2.481,91.552
FireSmokeVideoNEW192_f30_jpg.rf.b0caab4318976f8287d38e500f70f038.jpg,1,1,0.9993,0.291,0.007,0.075,2.721,1.142,77.034,1.831,84.65
FireSmokeVideoNEW193_f0_jpg.rf.3fba05722abb7959e9f186089fe131cb.jpg,1,1,1.0,0.285,0.005,0.077,2.735,1.14,80.102,3.817,89.736
FireSmokeVideoNEW193_f11_jpg.rf.c049af71be9b2965ef266467b9b1e748.jpg,1,1,1.0,0.287,0.006,0.074,6.522,6.115,81.746,2.584,99.002
FireSmokeVideoNEW193_f13_jpg.rf.054906582d1e2a5671b5037baf1ba6d7.jpg,1,1,1.0,0.294,0.006,0.074,7.135,5.967,86.339,2.455,103.881
FireSmokeVideoNEW193_f15_jpg.rf.5f5d4d7fa3f3f4bcbc94fbd951492423.jpg,1,1,1.0,0.289,0.006,0.074,4.097,1.143,77.725,1.855,86.806
FireSmokeVideoNEW193_f17_jpg.rf.958bd48046898c67eabfbdf08dabdb68.jpg,1,1,0.9997,0.289,0.006,0.076,2.713,1.12,89.471,2.565,97.915
FireSmokeVideoNEW193_f23_jpg.rf.2150d12e92cb110483da5b499a0580f9.jpg,1,1,0.9997,0.282,0.006,0.075,2.614,1.234,78.278,1.861,85.96
FireSmokeVideoNEW193_f2_jpg.rf.81915735009a8e0799dae85ad02b89fe.jpg,1,1,1.0,0.281,0.006,0.072,3.031,1.147,94.983,2.554,103.668
FireSmokeVideoNEW193_f4_jpg.rf.f2b0b44d8259124c67a81c86a577542e.jpg,1,1,1.0,0.284,0.006,0.162,2.612,1.155,77.942,2.304,86.104
FireSmokeVideoNEW193_f6_jpg.rf.d76a364d821d4ccdf9a36eccd47efee6.jpg,1,1,1.0,0.294,0.007,0.078,3.806,1.662,79.254,1.883,88.604
FireSmokeVideoNEW193_f8_jpg.rf.f6cdddc13a53b3f650e99ed4b52771e8.jpg,1,1,1.0,0.286,0.006,0.074,2.75,1.135,77.864,1.846,85.532
FireSmokeVideoNEW195_f12_jpg.rf.b121d9a71576ecf41f9f17f62e05626f.jpg,1,1,1.0,0.283,0.007,0.075,4.094,4.185,75.3,5.029,90.607
FireSmokeVideoNEW195_f1_jpg.rf.cb6aa2f9b28315913fd1c2ea6b1d192b.jpg,1,1,1.0,0.283,0.006,0.073,4.937,1.137,85.336,2.276,95.7
FireSmokeVideoNEW195_f21_jpg.rf.f985d0adab92d4dc5e69d09bd41edf54.jpg,1,1,1.0,0.291,0.006,0.075,2.955,1.132,77.835,1.876,85.741
FireSmokeVideoNEW195_f39_jpg.rf.6afa740ec99e43e78c91576a78915374.jpg,1,1,1.0,0.287,0.006,0.075,3.21,6.784,87.879,1.979,101.868
FireSmokeVideoNEW195_f52_jpg.rf.adc4744948baa9be7cba6a3051d71953.jpg,1,1,1.0,0.287,0.006,0.075,3.949,1.129,77.173,1.85,86.09
FireSmokeVideoNEW195_f54_jpg.rf.d049a979c76e3aff8e2d6f356ab8ddc4.jpg,1,1,1.0,0.287,0.006,0.075,2.798,1.201,91.311,1.967,99.188
FireSmokeVideoNEW195_f57_jpg.rf.adba774b4a6f6f50a6ebd204615e1d54.jpg,1,1,1.0,0.283,0.006,0.075,3.093,1.415,77.886,1.903,86.253
FireSmokeVideoNEW195_f8_jpg.rf.3380bf270e9dd14b8df78b20d8870b70.jpg,1,1,0.9607,0.295,0.005,0.078,5.461,1.159,96.94,1.953,107.443
FireSmokeVideoNEW197_f3_jpg.rf.163c4fe26eac9d1a08fff50952edade8.jpg,1,1,1.0,0.281,0.006,0.076,3.181,1.421,77.556,1.896,86.076
FireSmokeVideoNEW1_f13_jpg.rf.855ace32fc44c2b333eee22fc387a8c5.jpg,1,1,1.0,0.292,0.007,0.077,8.353,7.797,98.282,2.106,118.578
FireSmokeVideoNEW1_f19_jpg.rf.c1446481d1ceac0fd8c3717faf246c1a.jpg,1,1,1.0,0.291,0.007,0.076,4.929,1.259,77.405,2.294,87.828
FireSmokeVideoNEW1_f24_jpg.rf.18baea2feae86daa93dd3d5ca3042635.jpg,1,1,1.0,0.289,0.007,0.075,3.206,1.289,78.237,2.269,86.942
FireSmokeVideoNEW1_f27_jpg.rf.a6d5476ddc259bc2a5466b1bec55bff9.jpg,1,1,1.0,0.286,0.006,0.073,2.711,1.247,93.027,2.152,101.157
FireSmokeVideoNEW1_f2_jpg.rf.501504c7a5777e0e12b6e269b0a4c602.jpg,1,1,1.0,0.289,0.006,0.072,2.711,1.136,77.554,1.914,85.327
FireSmokeVideoNEW1_f31_jpg.rf.53aaf37bd8da6096ecdd40471aa5a6bd.jpg,1,1,1.0,0.371,0.006,0.075,2.729,1.392,81.751,2.599,90.526
FireSmokeVideoNEW1_f41_jpg.rf.d7cbb63350c40af73d363445d37c2f5f.jpg,1,1,1.0,0.288,0.006,0.077,2.793,1.128,77.23,1.876,84.967
FireSmokeVideoNEW1_f4_jpg.rf.5e96301b03feb9a698de973351ad0961.jpg,1,1,1.0,0.283,0.006,0.075,2.717,1.144,85.579,2.802,94.243
FireSmokeVideoNEW1_f53_jpg.rf.ba7d3b6decd4127c1c8addf13e3014a1.jpg,1,1,1.0,0.29,0.006,0.073,2.625,1.247,83.231,1.863,90.916
FireSmokeVideoNEW1_f56_jpg.rf.fe2a3b2dfc7598c26f3a30c2d59d05f4.jpg,1,1,1.0,0.288,0.006,0.073,2.728,1.128,88.184,5.586,99.568
FireSmokeVideoNEW1_f58_jpg.rf.68135a3ee4d6e797530eaebd00ad7820.jpg,1,1,1.0,0.29,0.006,0.121,3.678,1.189,77.705,1.87,86.423
FireSmokeVideoNEW1_f63_jpg.rf.8c6731bbbac8a67f7d532a01b9c52e6f.jpg,1,1,1.0,0.289,0.005,0.076,3.938,1.188,92.582,2.518,102.249
FireSmokeVideoNEW1_f8_jpg.rf.1fefecbbbda7afc85a9dcda50953853d.jpg,1,1,1.0,0.384,0.006,0.072,2.936,1.229,76.777,1.901,84.912
FireSmokeVideoNEW201_f10_jpg.rf.954026fc01f49a4e10a99c9ba7b08630.jpg,1,1,1.0,0.283,0.006,0.074,2.777,1.258,92.861,2.497,101.577
FireSmokeVideoNEW201_f12_jpg.rf.052b12a91bd93919d00678e3824b3c57.jpg,1,1,1.0,0.283,0.006,0.073,3.007,1.178,77.237,1.89,85.345
FireSmokeVideoNEW201_f16_jpg.rf.e0586c7614e0d90fcfe3ecb61ddb1ae4.jpg,1,1,1.0,0.287,0.006,0.077,3.133,1.211,88.254,1.978,96.557
FireSmokeVideoNEW201_f19_jpg.rf.00e63132ce0efb79c6d94d0ddf94c09c.jpg,1,1,1.0,0.28,0.006,0.076,4.501,1.985,77.425,1.929,87.808
FireSmokeVideoNEW201_f23_jpg.rf.c2389ea8232ce77be19f23af01c4f629.jpg,1,1,1.0,0.295,0.005,0.077,6.8,2.403,79.554,1.894,92.64
FireSmokeVideoNEW201_f26_jpg.rf.539e1f4f8841f014d1557d2a01757e4a.jpg,1,1,1.0,0.284,0.007,0.073,3.045,1.123,91.419,2.588,100.13
FireSmokeVideoNEW201_f31_jpg.rf.4515ca6d9aac4fc0a0d6d778c66caa6f.jpg,1,1,1.0,0.375,0.006,0.077,2.778,1.203,82.123,1.93,90.101
FireSmokeVideoNEW201_f33_jpg.rf.109581e811570cbf53157b29246d945a.jpg,1,1,1.0,0.292,0.006,0.073,2.699,1.143,77.994,1.92,85.65
FireSmokeVideoNEW201_f40_jpg.rf.02e8adb9f84617089040ae5f925bf99b.jpg,1,1,1.0,0.282,0.006,0.072,2.979,1.134,78.186,1.812,86.033
FireSmokeVideoNEW201_f46_jpg.rf.e476d7a6562d94f5b7e7f51c15aebdff.jpg,1,1,1.0,0.284,0.006,0.073,2.688,1.152,78.221,2.502,86.53
FireSmokeVideoNEW201_f5_jpg.rf.04537ab6ec4f0a5b84fda8d7ff07ef05.jpg,1,1,1.0,0.285,0.006,0.074,2.836,6.86,76.569,1.818,90.136
FireSmokeVideoNEW203_f106_jpg.rf.6484f9a7be6d3b99aa2a5603afdcc716.jpg,1,1,1.0,0.283,0.006,0.075,7.376,2.762,78.856,2.36,93.381
FireSmokeVideoNEW203_f110_jpg.rf.39d41649265d99af9530df65b191bdbd.jpg,1,1,1.0,0.286,0.006,0.075,3.076,1.145,77.126,1.821,85.21
FireSmokeVideoNEW203_f118_jpg.rf.1072a0f084f87963fb877021f5f7726f.jpg,1,1,1.0,0.29,0.006,0.075,2.886,1.147,82.17,3.343,91.504
FireSmokeVideoNEW203_f130_jpg.rf.27c452c868fcd9f97341c88be0c34aa3.jpg,1,1,1.0,0.288,0.007,0.075,2.731,1.137,77.72,5.004,88.57
FireSmokeVideoNEW203_f134_jpg.rf.e759e8639553419bad87c473bbbe5294.jpg,1,1,1.0,0.279,0.006,0.074,2.858,1.195,86.323,2.005,94.314
FireSmokeVideoNEW203_f140_jpg.rf.e2874067e33a35be23d1556d0397333d.jpg,1,1,1.0,0.386,0.006,0.079,2.581,1.353,77.621,1.89,85.495
FireSmokeVideoNEW203_f152_jpg.rf.0a4f5153be5b77d39034f77c4f447dba.jpg,1,1,1.0,0.287,0.006,0.076,2.671,1.129,95.715,2.047,103.545
FireSmokeVideoNEW203_f156_jpg.rf.c512e5ef573e2d2e921efdceda768fa2.jpg,1,1,1.0,0.373,0.006,0.075,2.65,1.231,77.932,1.905,85.877
FireSmokeVideoNEW203_f15_jpg.rf.8867322ed7ea1eb1ed858fbf46121653.jpg,1,1,1.0,0.29,0.006,0.076,2.74,1.127,91.537,2.19,99.612
FireSmokeVideoNEW203_f161_jpg.rf.16547bbb033af71d563e4c6c4a174343.jpg,1,1,1.0,0.285,0.006,0.128,2.585,1.121,77.623,1.912,85.313
FireSmokeVideoNEW203_f1_jpg.rf.6cb734f3d70ebeb9cd4987a2a41120ba.jpg,1,1,1.0,0.282,0.006,0.072,2.745,1.14,90.448,2.045,98.484
FireSmokeVideoNEW203_f2_jpg.rf.d3784a037e06dc217fedabf8ab6a4727.jpg,1,1,1.0,0.292,0.006,0.078,3.011,1.151,83.24,1.916,91.269
FireSmokeVideoNEW203_f37_jpg.rf.fdd9515fcb1a6649434d1d966cd76cfc.jpg,1,1,1.0,0.298,0.006,0.075,8.986,7.258,91.952,1.98,112.093
FireSmokeVideoNEW203_f39_jpg.rf.4e7544cc5c7216f84c4965d5ac252039.jpg,1,1,1.0,0.29,0.006,0.076,5.729,1.254,86.764,2.003,97.7
FireSmokeVideoNEW203_f41_jpg.rf.c1f9a9c2d5b9a7c290197d578d6d75a8.jpg,1,1,1.0,0.381,0.006,0.078,2.675,1.235,77.11,1.901,84.946
FireSmokeVideoNEW203_f44_jpg.rf.ca6edf4aa731568c93680c45aaadc202.jpg,1,1,1.0,0.281,0.006,0.075,2.974,1.153,90.908,2.207,99.226
FireSmokeVideoNEW203_f48_jpg.rf.36f107bbec8be9161fbf76c1e384a40b.jpg,1,1,1.0,0.287,0.006,0.074,3.03,1.167,83.285,1.925,91.353
FireSmokeVideoNEW203_f50_jpg.rf.5447f1766cb72b0254b85dbc4977e38b.jpg,1,1,1.0,0.293,0.006,0.077,2.844,1.147,90.629,2.506,99.119
FireSmokeVideoNEW203_f52_jpg.rf.5f61df8d59150ded57ba47f13028e7b3.jpg,1,1,1.0,0.288,0.006,0.075,2.72,1.137,76.981,1.831,84.662
FireSmokeVideoNEW203_f61_jpg.rf.17943721e04dcb8ef68a1e512641f911.jpg,1,1,1.0,0.292,0.006,0.073,3.255,1.763,91.835,2.147,100.924
FireSmokeVideoNEW203_f63_jpg.rf.5fe2b4463d033ccbc68aa1ad4c4d5493.jpg,1,1,1.0,0.287,0.006,0.076,3.448,1.171,78.031,1.827,86.437
FireSmokeVideoNEW203_f65_jpg.rf.ef14751d7b1d576a5d08824bba6a8ed8.jpg,1,1,1.0,0.291,0.006,0.074,3.381,1.471,100.937,2.512,110.235
FireSmokeVideoNEW203_f67_jpg.rf.784571c13f4496c9e5c7edf11dc04d86.jpg,1,1,1.0,0.288,0.006,0.076,3.203,1.175,77.377,1.87,85.641
FireSmokeVideoNEW203_f69_jpg.rf.c08805dd1b4f4362d2462cc30b7fa541.jpg,1,1,1.0,0.295,0.006,0.074,3.333,4.175,83.964,1.882,95.41
FireSmokeVideoNEW203_f81_jpg.rf.2501c50925550ac5428dbc0da5c8f8ae.jpg,1,1,1.0,0.283,0.006,0.075,7.616,5.989,77.194,2.693,95.498
FireSmokeVideoNEW203_f83_jpg.rf.9b2b945de7d81e78084a413be8d8a741.jpg,1,1,1.0,0.287,0.006,0.076,4.31,1.013,77.897,1.889,87.053
FireSmokeVideoNEW203_f85_jpg.rf.e4b81ba03dc79d5f5a76e8620d5e9ee4.jpg,1,1,1.0,0.288,0.006,0.075,3.613,1.241,85.685,2.613,95.144
FireSmokeVideoNEW203_f93_jpg.rf.f9dbc64517276675add630b8ae161dac.jpg,1,1,1.0,0.352,0.005,0.052,4.2,1.165,78.478,1.775,87.578
FireSmokeVideoNEW203_f98_jpg.rf.e4f9977592dca1efb082663ffef6a816.jpg,1,1,1.0,0.278,0.005,0.071,2.779,1.176,90.0,2.287,98.206
FireSmokeVideoNEW204_f138_jpg.rf.37c44efb786e179cf63b42a0b2cc3143.jpg,1,1,1.0,0.291,0.006,0.076,3.766,1.18,76.358,1.889,85.162
FireSmokeVideoNEW204_f141_jpg.rf.6b70537325375a5de7eebf169d458ff0.jpg,1,1,1.0,0.211,0.004,0.046,4.298,1.828,103.529,2.157,113.767
FireSmokeVideoNEW204_f143_jpg.rf.454f159b3de750e984d2acaf472ab51c.jpg,1,1,1.0,0.275,0.005,0.071,2.979,1.218,75.994,1.789,83.947
FireSmokeVideoNEW204_f33_jpg.rf.d1a02a349fafbe43c9102536c9c7eb9c.jpg,1,1,0.9936,0.277,0.006,0.075,5.54,1.476,97.219,2.415,108.55
FireSmokeVideoNEW204_f43_jpg.rf.bf504985dc0bbdfc1ebd0b2320c79ed3.jpg,1,1,1.0,0.292,0.006,0.076,3.829,1.34,76.402,1.894,85.476
FireSmokeVideoNEW204_f47_jpg.rf.353f8fca81b60797bc60037cb1e7d21f.jpg,1,1,1.0,0.231,0.004,0.047,7.57,5.955,77.073,1.975,94.538
FireSmokeVideoNEW204_f5_jpg.rf.1c543a52433e5878aae7c5dc2855d2cc.jpg,1,1,1.0,0.291,0.006,0.073,6.722,5.943,84.959,6.315,105.992
FireSmokeVideoNEW204_f8_jpg.rf.45bdc09c828ee0ed81b6b0689e16bc84.jpg,1,1,1.0,0.296,0.006,0.078,6.995,5.987,75.506,1.907,92.384
FireSmokeVideoNEW204_f98_jpg.rf.5c58193ed1d33a6ae8ae63b173be02ee.jpg,1,1,1.0,0.295,0.006,0.074,7.965,6.386,87.55,2.524,106.462
FireSmokeVideoNEW208_f0_jpg.rf.97bd6b8a832086b567e2f4f705d5711c.jpg,1,1,1.0,0.284,0.006,0.074,6.292,6.015,92.12,2.612,109.058
FireSmokeVideoNEW208_f11_jpg.rf.adb0c48038e05906ced14ff99dcd285d.jpg,1,1,1.0,0.29,0.006,0.17,6.558,9.061,84.381,2.005,104.263
FireSmokeVideoNEW208_f13_jpg.rf.75eacf6c544a2110e594d942c083a6bd.jpg,1,1,1.0,0.288,0.006,0.077,4.187,1.397,77.284,1.922,86.789
FireSmokeVideoNEW208_f1_jpg.rf.3d92ec2bc1b751224bf9e58c3d8d1e33.jpg,1,1,1.0,0.284,0.006,0.074,7.204,1.173,74.578,1.885,87.234
FireSmokeVideoNEW208_f3_jpg.rf.0b0363bd85c5fc81e8ce31fb0da27dee.jpg,1,1,1.0,0.292,0.006,0.073,3.095,1.365,80.634,1.983,89.106
FireSmokeVideoNEW208_f5_jpg.rf.b27e60cedf4e9e70ac3a4bc4f6a22612.jpg,1,1,1.0,0.216,0.005,0.046,4.866,1.348,77.979,1.925,87.94
FireSmokeVideoNEW208_f7_jpg.rf.7c7b8753de4111826b826f9fa04aab7f.jpg,1,1,1.0,0.288,0.006,0.075,3.178,1.153,75.661,2.978,85.174
FireSmokeVideoNEW209_f10_jpg.rf.88c7b43773903beab54d83e74cce4076.jpg,1,1,1.0,0.368,0.006,0.075,2.714,1.266,77.669,1.903,85.601
FireSmokeVideoNEW209_f18_jpg.rf.ba626acee756e94584c04ff0b2a6604a.jpg,1,1,1.0,0.353,0.006,0.096,2.846,1.198,77.078,1.971,85.153
FireSmokeVideoNEW209_f1_jpg.rf.5fe1fb563d9a05c38ee7523b4d2f2f93.jpg,1,1,0.9998,0.213,0.003,0.046,4.515,2.172,87.346,5.047,100.922
FireSmokeVideoNEW209_f21_jpg.rf.fc6c4f2d10332150b75bd4ed7ca47704.jpg,1,1,1.0,0.335,0.007,0.078,2.694,1.394,76.156,2.596,84.877
FireSmokeVideoNEW209_f3_jpg.rf.e77bd585be04ebc66ee79b05acada936.jpg,1,1,1.0,0.287,0.007,0.074,3.129,1.171,77.792,1.885,85.952
FireSmokeVideoNEW20_f25_jpg.rf.1cc06defcb39979a82c0285424a97fab.jpg,1,1,1.0,0.286,0.006,0.073,2.779,1.339,77.529,2.173,85.913
FireSmokeVideoNEW20_f27_jpg.rf.e57c41a1a5ea21d29f86a6ce294c8368.jpg,1,1,1.0,0.292,0.006,0.076,2.785,1.167,77.803,1.843,85.669
FireSmokeVideoNEW20_f29_jpg.rf.4b29026cb05d1a0b42adcb921ba70c4c.jpg,1,1,1.0,0.277,0.005,0.069,4.166,1.175,77.861,1.922,87.214
FireSmokeVideoNEW20_f39_jpg.rf.a803f0864c3ed5397401ea641d9167c0.jpg,1,1,1.0,0.277,0.005,0.07,4.504,1.166,84.252,1.948,93.899
FireSmokeVideoNEW20_f41_jpg.rf.f0bdaeed820327f326f03c112a2ed376.jpg,1,1,1.0,0.295,0.007,0.074,3.193,1.184,85.613,4.861,96.848
FireSmokeVideoNEW20_f47_jpg.rf.f231c47ab70a5b48bd068c7b87cee74e.jpg,1,1,1.0,0.282,0.006,0.074,3.055,1.102,77.681,1.802,85.553
FireSmokeVideoNEW20_f55_jpg.rf.af58953e27ab82030f5d055eeb173e49.jpg,1,1,1.0,0.282,0.006,0.076,2.643,1.145,86.689,2.306,94.714
FireSmokeVideoNEW20_f61_jpg.rf.7dd62293ab496e7c141043b5041822ec.jpg,1,1,1.0,0.292,0.007,0.081,2.808,2.46,75.351,1.837,84.409
FireSmokeVideoNEW20_f79_jpg.rf.36f704638e9ec7493aff1014dee25895.jpg,1,1,1.0,0.285,0.006,0.072,2.735,1.142,92.731,1.883,100.481
FireSmokeVideoNEW211_f105_jpg.rf.9d83b07dbaf7b8623adc776b990c9cba.jpg,1,1,1.0,0.285,0.006,0.078,2.713,1.117,77.267,1.814,84.907
FireSmokeVideoNEW211_f115_jpg.rf.dd4e1e2c40dcd3b9e2017abb5d6a808c.jpg,1,1,1.0,0.283,0.006,0.079,2.746,1.122,92.113,1.966,99.878
FireSmokeVideoNEW211_f123_jpg.rf.c7d906540e4c16e62e3329460ebde3ed.jpg,1,1,1.0,0.287,0.006,0.078,2.713,1.203,77.769,1.833,85.471
FireSmokeVideoNEW211_f18_jpg.rf.080c2495369762146513440f0e52a727.jpg,1,1,1.0,0.265,0.005,0.065,2.863,1.065,76.227,1.454,83.332
FireSmokeVideoNEW211_f21_jpg.rf.17fca5c492b7730cd8abfd3ec3c175a7.jpg,1,1,1.0,0.241,0.005,0.057,3.365,1.126,82.146,1.659,90.038
FireSmokeVideoNEW211_f23_jpg.rf.b4062b53d80a748705944dee83d83fc0.jpg,1,1,1.0,0.256,0.005,0.064,3.673,1.769,78.288,2.378,87.853
FireSmokeVideoNEW211_f33_jpg.rf.fc5dcef4f50e6d789334ae1e9d82f9d5.jpg,1,1,1.0,0.286,0.006,0.075,2.668,1.113,84.206,2.818,92.759
FireSmokeVideoNEW211_f40_jpg.rf.878e8ed1c4d7756bb89881b072f2b78f.jpg,1,1,1.0,0.291,0.006,0.074,3.158,1.08,76.693,1.881,84.643
FireSmokeVideoNEW211_f72_jpg.rf.c4b8d4fb7202ac2688b6c3ffb4d7941c.jpg,1,1,1.0,0.248,0.006,0.063,2.481,1.041,91.869,2.292,99.398
FireSmokeVideoNEW211_f83_jpg.rf.0e6e0a52c9612ed28f9dbc097d8f6206.jpg,1,1,1.0,0.274,0.006,0.074,2.701,1.087,78.225,1.923,85.831
FireSmokeVideoNEW211_f98_jpg.rf.7bebc759655b25bb4120643ccab05395.jpg,1,1,1.0,0.286,0.006,0.078,2.815,1.121,91.724,2.693,100.366
FireSmokeVideoNEW212_f20_jpg.rf.eb77f640f92703fa61edbaddc9a273a5.jpg,1,1,1.0,0.286,0.006,0.073,2.682,1.132,82.295,2.209,90.323
FireSmokeVideoNEW212_f26_jpg.rf.7bce4adbdd8e2de3d1441a1371d6c2a3.jpg,1,1,1.0,0.298,0.006,0.075,2.651,1.202,85.998,1.909,93.723
FireSmokeVideoNEW212_f29_jpg.rf.c573350a48be3b6ef33284f23ef4eb53.jpg,1,1,0.9612,0.291,0.006,0.077,2.72,1.79,75.788,2.594,84.862
FireSmokeVideoNEW212_f39_jpg.rf.6c0d067020333fde34ecc6bd051d7c57.jpg,1,1,1.0,0.284,0.006,0.073,2.679,1.126,76.172,1.846,83.811
FireSmokeVideoNEW212_f40_jpg.rf.7afe6dc7d2a400ff27e84e8518723223.jpg,1,1,0.7529,0.294,0.005,0.074,2.685,1.127,88.946,2.563,97.293
FireSmokeVideoNEW212_f42_jpg.rf.e5cc278015ab526c17bea13a66f735e0.jpg,1,1,0.6715,0.288,0.006,0.074,4.34,1.132,76.526,1.788,85.756
FireSmokeVideoNEW212_f47_jpg.rf.03a952d7d61f102e43956ceb5cd45f9c.jpg,1,1,1.0,0.284,0.006,0.074,2.793,2.973,78.65,2.419,88.815
FireSmokeVideoNEW212_f49_jpg.rf.51c963a0ee193f56af17051f72209961.jpg,1,1,1.0,0.288,0.006,0.077,2.751,1.134,74.997,1.846,82.716
FireSmokeVideoNEW212_f50_jpg.rf.19bb9e546d3cc717ee5ae092855168cb.jpg,1,1,0.8206,0.289,0.006,0.078,2.693,4.414,80.42,4.01,93.582
FireSmokeVideoNEW212_f52_jpg.rf.ae01318cbd57ba0a9333e36682302766.jpg,1,1,1.0,0.362,0.006,0.077,6.573,1.167,75.312,1.832,86.925
FireSmokeVideoNEW212_f54_jpg.rf.bf714fc85f36b3393d098b91adb0554c.jpg,1,1,1.0,0.288,0.005,0.074,2.689,6.433,86.305,2.586,100.036
FireSmokeVideoNEW212_f63_jpg.rf.701893b2b3635f143aaf7b6f9bd45aa2.jpg,1,1,1.0,0.291,0.006,0.074,8.168,1.26,82.479,2.118,96.141
FireSmokeVideoNEW212_f69_jpg.rf.766fef2a3b6070d397ade684b70c2b43.jpg,1,1,1.0,0.289,0.007,0.072,2.781,7.148,91.412,2.127,105.545
FireSmokeVideoNEW212_f70_jpg.rf.6fd1fed84808897ba86bc35faa8759f1.jpg,1,1,1.0,0.289,0.006,0.077,9.32,6.618,77.972,2.515,98.474
FireSmokeVideoNEW213_f36_jpg.rf.b52ffa4b493c47c40af87a1983b6703b.jpg,1,1,1.0,0.365,0.006,0.074,4.403,1.661,77.454,1.901,87.544
FireSmokeVideoNEW215_f13_jpg.rf.1be99abe9b01cc61b79dc950e8500b61.jpg,1,1,1.0,0.355,0.006,0.073,7.804,5.978,78.879,2.465,97.196
FireSmokeVideoNEW215_f33_jpg.rf.192cb3311ec069ab85e1df4aa4575855.jpg,1,1,1.0,0.393,0.006,0.075,5.331,1.11,82.91,1.886,93.356
FireSmokeVideoNEW215_f38_jpg.rf.c13201af97e201352fc60ff38e56a8ca.jpg,1,1,1.0,0.288,0.006,0.074,2.696,1.608,87.77,2.06,96.079
FireSmokeVideoNEW215_f3_jpg.rf.e9664a85851447730ec745ffa4fa0c6f.jpg,1,1,1.0,0.29,0.006,0.075,2.671,1.127,78.13,1.831,85.687
FireSmokeVideoNEW215_f44_jpg.rf.f8a93790f6305f4ebeddf38aedd630a2.jpg,1,1,1.0,0.39,0.007,0.076,2.84,1.226,90.811,2.0,98.925
FireSmokeVideoNEW215_f4_jpg.rf.429d1c7df213307037d5748aa75dc4dc.jpg,1,1,1.0,0.285,0.006,0.074,2.677,1.131,76.891,1.814,84.517
FireSmokeVideoNEW215_f7_jpg.rf.4b9242fb690d24c9b00c401507cfda6e.jpg,1,1,1.0,0.403,0.006,0.075,2.56,1.188,90.797,2.12,98.68
FireSmokeVideoNEW215_f9_jpg.rf.2d10b5da2bbdb8ba2218af3c5fd68ee6.jpg,1,1,1.0,0.322,0.006,0.076,3.509,2.847,86.885,1.87,97.121
FireSmokeVideoNEW216_f27_jpg.rf.9752e0401177f9ef2c00eba6afb3bf49.jpg,1,1,1.0,0.285,0.006,0.074,4.284,1.13,94.18,2.109,103.711
FireSmokeVideoNEW216_f29_jpg.rf.4602430c2f01e2aaaad22b36b613b5b4.jpg,1,1,1.0,0.29,0.006,0.074,2.7,1.115,78.229,1.854,85.895
FireSmokeVideoNEW216_f31_jpg.rf.bcf64acb747807831fdb41468fe05d3d.jpg,1,1,1.0,0.29,0.006,0.075,8.779,7.526,82.203,1.908,102.52
FireSmokeVideoNEW216_f34_jpg.rf.b6ad2762deb497a97237b66c10958486.jpg,1,1,1.0,0.296,0.006,0.075,4.369,1.872,81.159,2.015,91.314
FireSmokeVideoNEW216_f36_jpg.rf.f57ae82cb0eac7f791a1f314e59586eb.jpg,1,1,1.0,0.289,0.007,0.073,5.032,4.831,74.937,2.264,88.984
FireSmokeVideoNEW216_f38_jpg.rf.a4c46748bfe9f1e13262189ee4958a6c.jpg,1,1,1.0,0.287,0.006,0.075,9.502,1.376,75.789,2.849,91.546
FireSmokeVideoNEW216_f63_jpg.rf.43542df686881ae3bd014e792d6d0703.jpg,1,1,1.0,0.285,0.006,0.078,2.834,3.4,75.525,1.867,85.576
FireSmokeVideoNEW216_f66_jpg.rf.b55857b55e7a044c827d9875bb78fc85.jpg,1,1,1.0,0.279,0.006,0.073,3.103,3.482,75.187,2.736,86.468
FireSmokeVideoNEW216_f68_jpg.rf.d22f55fffdb7547ab82db3089e1d2ecf.jpg,1,1,1.0,0.289,0.006,0.076,3.779,1.464,76.351,1.902,85.491
FireSmokeVideoNEW216_f72_jpg.rf.b91983b01a9b8eee23ac98ac1b660312.jpg,1,1,1.0,0.287,0.006,0.073,3.056,1.195,86.503,3.469,96.159
FireSmokeVideoNEW216_f86_jpg.rf.27d882594f801518b63c93d84610f649.jpg,1,1,1.0,0.288,0.006,0.074,2.858,1.152,76.773,1.896,84.62
FireSmokeVideoNEW216_f89_jpg.rf.99a8641e3c842e990d80706bb4c00959.jpg,1,1,1.0,0.28,0.006,0.072,2.664,1.173,79.122,2.69,87.62
FireSmokeVideoNEW218_f1_jpg.rf.67f61678892a49c41d8ede805848047f.jpg,1,1,1.0,0.279,0.006,0.076,3.592,1.335,77.7,1.863,86.473
FireSmokeVideoNEW218_f33_jpg.rf.bc051305b2444a9682c6cbdc80457601.jpg,1,1,1.0,0.284,0.006,0.077,4.931,1.209,78.459,3.765,90.311
FireSmokeVideoNEW218_f36_jpg.rf.690e54d498b40201eea9b608f1d4e97d.jpg,1,1,1.0,0.285,0.006,0.075,6.804,5.5,82.751,1.989,99.075
FireSmokeVideoNEW218_f41_jpg.rf.506c5095b51cb13898c5d887dccd3c32.jpg,1,1,1.0,0.281,0.006,0.076,9.492,2.181,89.881,2.197,105.792
FireSmokeVideoNEW218_f43_jpg.rf.1ff2126f11d02341d18fd00487251fc9.jpg,1,1,1.0,0.391,0.007,0.076,5.719,2.588,75.807,1.992,88.263
FireSmokeVideoNEW218_f46_jpg.rf.09cd36ec79dd7846fcdb8dfcdcb4f039.jpg,1,1,1.0,0.289,0.006,0.074,10.099,3.395,87.308,2.454,105.396
FireSmokeVideoNEW218_f6_jpg.rf.927cb3facf92db0f994b7e641c5f1db8.jpg,1,1,1.0,0.293,0.006,0.072,3.49,1.21,77.992,2.306,87.034
FireSmokeVideoNEW218_f9_jpg.rf.59f45274803c507efa12635b802691f9.jpg,1,1,1.0,0.29,0.006,0.17,3.676,1.273,94.066,5.351,106.441
FireSmokeVideoNEW21_f1_jpg.rf.88471b473598961e0c71228c4cdcb3fc.jpg,1,1,1.0,0.286,0.006,0.075,2.793,1.185,77.652,1.867,85.549
FireSmokeVideoNEW21_f43_jpg.rf.b339aaa65d20f3b8280e31505c5517d2.jpg,1,1,1.0,0.285,0.006,0.074,2.728,1.401,92.879,2.515,101.532
FireSmokeVideoNEW21_f59_jpg.rf.7b7783cf60019879934a1f34f494e015.jpg,1,1,1.0,0.287,0.006,0.071,2.699,1.459,76.915,2.15,85.197
FireSmokeVideoNEW21_f64_jpg.rf.2c2e3982d7ef8e914cc9dce7fbcc7b68.jpg,1,1,0.6486,0.288,0.006,0.075,9.335,7.568,81.774,1.954,102.676
FireSmokeVideoNEW21_f67_jpg.rf.45d03b24f98649e0d649e2f16f22567a.jpg,1,1,1.0,0.288,0.007,0.073,3.665,3.69,75.452,7.028,91.808
FireSmokeVideoNEW21_f69_jpg.rf.75191347f6763cf9fde8a47940370227.jpg,1,1,1.0,0.332,0.006,0.073,3.048,1.204,93.687,1.954,101.886
FireSmokeVideoNEW21_f70_jpg.rf.0f544b5b509c06479c505fda09cf0295.jpg,1,1,1.0,0.283,0.006,0.075,3.061,1.168,77.635,3.748,87.559
FireSmokeVideoNEW21_f77_jpg.rf.e7c12def6552a57fe4563c66c9d29653.jpg,1,1,0.6659,0.278,0.006,0.078,2.924,2.421,75.719,1.838,84.955
FireSmokeVideoNEW21_f83_jpg.rf.f87b32087d0a74b76072b9a21c29a6a6.jpg,1,1,0.6491,0.279,0.006,0.077,8.59,6.316,82.802,5.486,105.168
FireSmokeVideoNEW220_f103_jpg.rf.9f60f17a1c5a9a730ba1b60de4479245.jpg,1,1,1.0,0.287,0.006,0.071,3.207,1.129,76.253,1.899,84.473
FireSmokeVideoNEW220_f110_jpg.rf.c11cdcdae1385a69f66503d97696a8c9.jpg,1,1,1.0,0.287,0.006,0.075,2.718,1.133,95.576,2.22,103.66
FireSmokeVideoNEW220_f114_jpg.rf.01d81e177954f3d81f3b9b6defdbead1.jpg,1,1,1.0,0.29,0.006,0.072,2.657,1.14,77.767,2.391,85.953
FireSmokeVideoNEW220_f116_jpg.rf.e10fa2eb74d831fe711d136a69945d13.jpg,1,1,1.0,0.282,0.006,0.072,3.431,1.119,89.237,3.232,98.957
FireSmokeVideoNEW220_f118_jpg.rf.04ca92392c039b2130aa7c2ece63f039.jpg,1,1,1.0,0.369,0.006,0.076,2.621,1.23,77.059,1.911,84.858
FireSmokeVideoNEW220_f14_jpg.rf.ec161231d9668ccf5db936aa777972b3.jpg,1,1,0.9985,0.29,0.006,0.076,2.669,1.13,95.908,2.472,104.132
FireSmokeVideoNEW220_f17_jpg.rf.0f695be7ce239a5c0cc9a8b30cae8918.jpg,1,1,0.9999,0.292,0.006,0.073,2.701,1.131,83.498,1.95,91.244
FireSmokeVideoNEW220_f18_jpg.rf.e62670db7e7bafc54422b1a7cd3f800c.jpg,1,1,1.0,0.278,0.006,0.074,2.616,1.209,94.943,2.476,103.17
FireSmokeVideoNEW220_f198_jpg.rf.9d39f849f2eaa96291dd0eaf00d26896.jpg,1,1,0.9999,0.285,0.006,0.075,2.686,1.148,76.066,1.815,83.721
FireSmokeVideoNEW220_f220_jpg.rf.835ac86a80b72af449ade87dc10714bd.jpg,1,1,0.9628,0.282,0.006,0.073,2.743,1.124,91.845,2.112,99.825
FireSmokeVideoNEW220_f23_jpg.rf.1778d9e44b1c8c0ff722cfc9ef5672fa.jpg,1,1,1.0,0.285,0.006,0.072,2.586,1.22,77.407,1.876,85.025
FireSmokeVideoNEW220_f51_jpg.rf.ac1bc672867e7371f0be09d6f571ab56.jpg,1,1,1.0,0.292,0.006,0.143,8.813,6.922,81.107,1.901,100.87
FireSmokeVideoNEW220_f88_jpg.rf.1d3b365a43fdcc299a0870251874be71.jpg,1,1,1.0,0.289,0.006,0.074,3.078,1.083,77.579,2.018,85.729
FireSmokeVideoNEW220_f93_jpg.rf.df73373f1582dbe860db699d1d700f42.jpg,1,1,1.0,0.293,0.006,0.075,2.804,1.397,77.969,1.88,86.029
FireSmokeVideoNEW220_f98_jpg.rf.dedba84d3f2dd3d971261de5a403cdd2.jpg,1,1,1.0,0.287,0.006,0.072,2.652,1.228,88.836,2.708,97.381
FireSmokeVideoNEW221_f11_jpg.rf.51f25bf79fba848e1852a9a8b5c1410a.jpg,1,1,1.0,0.294,0.006,0.074,4.508,1.125,78.291,1.903,87.876
FireSmokeVideoNEW221_f13_jpg.rf.1aa6a7f7dfece75b85a30283258ab8cb.jpg,1,1,1.0,0.365,0.006,0.071,2.628,1.215,78.003,2.031,85.892
FireSmokeVideoNEW221_f15_jpg.rf.b63d7f4847797de34ed8b3066e6cb3fa.jpg,1,1,0.9983,0.29,0.007,0.071,7.097,10.367,75.179,1.9,96.139
FireSmokeVideoNEW221_f19_jpg.rf.59c8d4a3c34cd694d867ae844fee89d2.jpg,1,1,0.9651,0.285,0.006,0.072,5.325,1.22,85.814,4.947,99.269
FireSmokeVideoNEW221_f26_jpg.rf.443d39e5f56c13cfae7a34e476a0e880.jpg,1,1,1.0,0.285,0.006,0.071,2.665,1.116,77.617,2.232,85.793
FireSmokeVideoNEW221_f28_jpg.rf.a523dbcbf3683d8f18235ad9302bf56a.jpg,1,1,1.0,0.286,0.006,0.073,3.475,1.131,86.079,2.671,95.374
FireSmokeVideoNEW221_f2_jpg.rf.719286f8cd9c72a30f43a047427555f0.jpg,1,1,1.0,0.283,0.006,0.072,3.41,1.103,77.433,1.858,85.76
FireSmokeVideoNEW221_f3_jpg.rf.94efb46f1672ee28d652964edf3948f3.jpg,1,1,1.0,0.285,0.006,0.07,2.709,1.12,91.313,2.066,99.157
FireSmokeVideoNEW221_f5_jpg.rf.8a43dd4aadff4528705f52d9ab00daff.jpg,1,1,1.0,0.286,0.006,0.073,2.611,1.198,88.479,1.992,96.235
FireSmokeVideoNEW221_f7_jpg.rf.a849a7edfb3c2ea171f4fd5b8f3929d5.jpg,1,1,1.0,0.366,0.006,0.074,2.606,1.196,91.206,1.93,98.979
FireSmokeVideoNEW221_f9_jpg.rf.8173796a4cc04a5cbe9067cf21f0f30f.jpg,1,1,1.0,0.281,0.006,0.071,2.729,1.114,77.296,1.856,84.929
FireSmokeVideoNEW222_f123_jpg.rf.e8747a288a227f270190e39c6c54d29a.jpg,1,1,1.0,0.29,0.006,0.071,2.689,1.107,93.39,2.285,101.41
FireSmokeVideoNEW222_f46_jpg.rf.7f1818b2c2c51b2e646eb0a4844c216b.jpg,1,1,1.0,0.286,0.006,0.075,3.191,1.12,82.529,1.951,90.785
FireSmokeVideoNEW222_f61_jpg.rf.75fc78eefea3f4529c48d95f4bf4eb04.jpg,1,1,1.0,0.295,0.006,0.077,10.512,7.28,76.702,1.894,98.414
FireSmokeVideoNEW223_f115_jpg.rf.f7e472a8fe18759fb48ba875390e3c30.jpg,1,1,1.0,0.277,0.006,0.069,4.317,1.115,80.75,4.068,92.234
FireSmokeVideoNEW223_f13_jpg.rf.01598ec4481511a2189e689632183a09.jpg,1,1,1.0,0.29,0.006,0.073,2.643,1.121,77.412,1.873,85.063
FireSmokeVideoNEW223_f161_jpg.rf.956b2c4af82583a775d6129e4bb39146.jpg,1,1,1.0,0.286,0.006,0.075,2.769,1.115,83.111,3.301,92.306
FireSmokeVideoNEW223_f172_jpg.rf.abd51942fd26b9ebc9ca011f2bdbf5e1.jpg,1,1,1.0,0.283,0.006,0.073,4.776,6.315,87.217,1.924,102.235
FireSmokeVideoNEW223_f29_jpg.rf.88d1a44b2b908c080f787711d74266e6.jpg,1,1,1.0,0.281,0.006,0.071,8.33,6.797,91.72,2.149,110.984
FireSmokeVideoNEW223_f3_jpg.rf.0f7e22b3799657901c3dda898e2ced6f.jpg,1,1,1.0,0.281,0.006,0.078,7.738,2.476,75.715,1.873,89.785
FireSmokeVideoNEW223_f74_jpg.rf.e56d1a0e7335349c6503eb813a83aa49.jpg,1,1,0.9994,0.286,0.006,0.079,12.477,6.901,77.337,1.962,100.356
FireSmokeVideoNEW223_f76_jpg.rf.966f9d338b55f99ba8222b889fa60680.jpg,1,1,0.9996,0.29,0.006,0.077,8.549,6.003,79.776,3.367,99.916
FireSmokeVideoNEW225_f1_jpg.rf.a0915ad0745d925ed5df86947f4de0b9.jpg,1,1,1.0,0.293,0.006,0.075,3.198,1.484,78.24,2.684,87.476
FireSmokeVideoNEW225_f3_jpg.rf.a6736de779bdb62129b22cd7987ed4f5.jpg,1,1,1.0,0.287,0.006,0.078,3.16,1.0,88.813,2.165,97.021
FireSmokeVideoNEW225_f5_jpg.rf.d88a1d14607636b2af3b6c973f78a796.jpg,1,1,1.0,0.373,0.006,0.073,2.762,1.354,77.624,1.944,85.755
FireSmokeVideoNEW226_f3_jpg.rf.8742a56b8ce97acfc27e30b6b5149246.jpg,1,1,1.0,0.297,0.006,0.072,3.056,1.329,95.017,2.536,103.909
FireSmokeVideoNEW226_f5_jpg.rf.ed64fa15bd532f9262728f714137fa40.jpg,1,1,1.0,0.293,0.006,0.074,2.872,1.227,80.368,1.929,88.397
FireSmokeVideoNEW227_f119_jpg.rf.0a667ed3b2ab7d75b77066dcff52cb45.jpg,1,1,1.0,0.292,0.005,0.077,2.838,4.122,89.106,2.472,100.613
FireSmokeVideoNEW227_f181_jpg.rf.52ab9937a5eed31239256aa34cf4aab9.jpg,1,1,1.0,0.29,0.006,0.073,3.298,2.747,80.171,1.933,91.101
FireSmokeVideoNEW227_f194_jpg.rf.1d83c4122e530376e476d3ea6c377052.jpg,1,1,1.0,0.598,0.007,0.117,7.609,6.396,77.725,1.862,95.919
FireSmokeVideoNEW227_f206_jpg.rf.8191ea57c6e942583d723636e7bdd453.jpg,1,1,1.0,0.291,0.007,0.076,7.344,5.99,75.856,2.884,94.104
FireSmokeVideoNEW227_f31_jpg.rf.476c57cd23743575f218662b0dbeeb6e.jpg,1,1,1.0,0.293,0.007,0.077,6.765,6.232,75.592,2.146,92.756
FireSmokeVideoNEW227_f59_jpg.rf.ae215379798f91806d993c47bd17dc01.jpg,1,1,1.0,0.293,0.006,0.073,5.151,6.007,86.89,2.536,102.577
FireSmokeVideoNEW227_f88_jpg.rf.de74bcfbfa667d7c96f39310c92128a6.jpg,1,1,1.0,0.286,0.006,0.071,7.923,1.451,81.344,1.901,94.579
FireSmokeVideoNEW229_f0_jpg.rf.744e23aefbdcb714c5dcfb90ea3a87fd.jpg,1,1,1.0,0.288,0.006,0.073,7.592,7.612,99.411,2.504,119.282
FireSmokeVideoNEW229_f101_jpg.rf.43d321f3b24853a59f9ceacef569f549.jpg,1,1,1.0,0.34,0.007,0.082,10.3,5.973,79.037,3.166,100.316
FireSmokeVideoNEW229_f110_jpg.rf.b400adef17228b944c94c9b9d09174b3.jpg,1,1,1.0,0.253,0.005,0.06,3.127,1.143,77.941,1.865,85.766
FireSmokeVideoNEW229_f136_jpg.rf.1c40c355e04cffe2494a54b84170094f.jpg,1,1,1.0,0.272,0.005,0.071,2.851,1.361,77.957,2.09,86.155
FireSmokeVideoNEW229_f143_jpg.rf.9b6eac650896f72356521e3b056d28b1.jpg,1,1,1.0,0.293,0.006,0.08,3.092,1.218,83.548,2.056,91.931
FireSmokeVideoNEW229_f190_jpg.rf.cebc8de881dc229c1045ee796412977f.jpg,1,1,1.0,0.29,0.006,0.075,2.791,1.45,77.467,2.095,85.797
FireSmokeVideoNEW229_f197_jpg.rf.5ec1307ec070f7627ed9b0e2422276c1.jpg,1,1,1.0,0.292,0.006,0.075,2.944,1.319,77.445,1.975,85.681
FireSmokeVideoNEW229_f204_jpg.rf.a9070952b4d2a98f9cd1205187bcb2e8.jpg,1,1,1.0,0.273,0.006,0.07,2.74,1.165,77.178,1.934,84.893
FireSmokeVideoNEW229_f2_jpg.rf.4fe9df5e39295b817431d6d30db26ffe.jpg,1,1,1.0,0.216,0.004,0.048,3.142,1.065,77.311,1.815,84.998
FireSmokeVideoNEW229_f3_jpg.rf.bd4422d257a9a966fd114bfe183a27c2.jpg,1,1,1.0,0.271,0.005,0.072,3.003,4.22,92.304,3.485,104.93
FireSmokeVideoNEW229_f49_jpg.rf.8318dd0ac0d9fa11a18582f419ac9805.jpg,1,1,1.0,0.295,0.006,0.074,2.857,1.235,77.733,1.821,85.726
FireSmokeVideoNEW229_f62_jpg.rf.c42da118ef779db6a6e880592daf2cd9.jpg,1,1,1.0,0.274,0.005,0.068,3.838,1.217,77.824,4.58,89.358
FireSmokeVideoNEW229_f76_jpg.rf.28d89efca31c4680197dcf15151316e4.jpg,1,1,1.0,0.288,0.006,0.075,3.194,1.238,77.179,1.892,85.484
FireSmokeVideoNEW229_f87_jpg.rf.fa7b1ae50d2aa2b99fc795483c246ec9.jpg,1,1,1.0,0.273,0.005,0.07,3.196,1.202,96.182,2.203,104.788
FireSmokeVideoNEW229_f92_jpg.rf.eb9c93d702c830a9ef174e45e6dc51c6.jpg,1,1,1.0,0.29,0.006,0.077,4.854,1.312,77.76,1.925,87.85
FireSmokeVideoNEW229_f9_jpg.rf.9eb7fa13a6b22e2e57b2d0b12dd7a4ed.jpg,1,1,1.0,0.289,0.006,0.074,5.823,1.234,94.968,2.238,106.335
FireSmokeVideoNEW22_f2_jpg.rf.5afaf3ae732bc8f876a9a4472b83d758.jpg,1,1,1.0,0.288,0.006,0.076,3.171,1.231,77.824,1.889,86.095
FireSmokeVideoNEW22_f4_jpg.rf.203f7831badeb4e02951fe9665c7f685.jpg,1,1,1.0,0.273,0.005,0.054,2.235,1.014,89.709,2.379,97.123
FireSmokeVideoNEW230_f1_jpg.rf.92be5e622a84e8eeda101de1d8b6f006.jpg,1,1,1.0,0.231,0.005,0.052,5.29,6.444,88.284,2.07,103.651
FireSmokeVideoNEW230_f2_jpg.rf.b516a23e0ee4265b82e9c124ae5403e7.jpg,1,1,1.0,0.274,0.005,0.072,3.751,1.693,90.339,2.51,100.147
FireSmokeVideoNEW230_f3_jpg.rf.eb9208f420689ab949ebbd9d144630f7.jpg,1,1,1.0,0.289,0.007,0.076,3.054,2.112,82.966,2.163,92.324
FireSmokeVideoNEW231_f13_jpg.rf.7eda31debd5ace8bf178efb2d8eee062.jpg,1,1,1.0,0.329,0.006,0.077,3.311,8.712,79.188,2.281,95.863
FireSmokeVideoNEW231_f18_jpg.rf.e12984d2a281af25030f7fc539b979ff.jpg,1,1,1.0,0.287,0.006,0.074,3.382,1.431,77.144,2.28,86.281
FireSmokeVideoNEW231_f3_jpg.rf.ac0fdc2f62e6f6f0fe35fadafd65eea3.jpg,1,1,1.0,0.258,0.004,0.077,8.863,5.329,75.858,1.891,93.944
FireSmokeVideoNEW231_f8_jpg.rf.5a73d4cdd0134ebf3f0eccf6435271ba.jpg,1,1,1.0,0.292,0.006,0.075,2.717,1.156,76.541,1.793,84.211
FireSmokeVideoNEW232_f10_jpg.rf.5d4a0d582228afc4599a8941859c79ec.jpg,1,1,1.0,0.294,0.006,0.074,5.216,2.678,82.491,1.859,94.142
FireSmokeVideoNEW232_f12_jpg.rf.b5ec45b788bf7591660aeb1c7e7a6c5c.jpg,1,1,1.0,0.293,0.006,0.073,5.639,1.257,82.524,2.46,93.805
FireSmokeVideoNEW232_f1_jpg.rf.088b08a0eb2f4470fd648ce9722d4817.jpg,1,1,1.0,0.285,0.006,0.072,4.326,1.178,87.851,2.016,97.701
FireSmokeVideoNEW232_f21_jpg.rf.271771bf62fffe17129aabb112008ce5.jpg,1,1,1.0,0.289,0.006,0.076,4.41,1.225,91.388,1.939,100.948
FireSmokeVideoNEW232_f26_jpg.rf.a179bf547e32adc65897235b8a4e5092.jpg,1,1,1.0,0.287,0.006,0.074,4.333,1.295,76.943,1.872,86.376
FireSmokeVideoNEW232_f30_jpg.rf.5d755a93dca770aa7d77d49325fcd350.jpg,1,1,1.0,0.288,0.005,0.072,4.231,1.164,90.784,2.011,100.107
FireSmokeVideoNEW232_f36_jpg.rf.9859fadb31bedf2c1e47c6fd901a5437.jpg,1,1,0.9997,0.286,0.006,0.076,4.812,1.398,77.986,1.811,87.916
FireSmokeVideoNEW232_f3_jpg.rf.515f75a19104a63f84b9cd97feac0292.jpg,1,1,1.0,0.291,0.006,0.074,4.413,1.273,88.063,1.945,97.662
FireSmokeVideoNEW232_f46_jpg.rf.d6cb8a4fe0485699a61fcae6ce80714a.jpg,1,1,1.0,0.288,0.006,0.071,3.598,1.236,77.145,1.867,85.762
FireSmokeVideoNEW232_f4_jpg.rf.37ee1d28f781085cffebace064f9a3b5.jpg,1,1,1.0,0.289,0.006,0.175,4.256,6.262,92.721,1.961,107.336
FireSmokeVideoNEW232_f51_jpg.rf.f3ab61a78ed50f6db8ee33583eadf077.jpg,1,1,0.9999,0.291,0.006,0.073,7.624,5.929,76.721,2.298,94.559
FireSmokeVideoNEW232_f57_jpg.rf.00352eb95e89173e199ffe02e0a77b79.jpg,1,1,1.0,0.281,0.007,0.075,11.43,6.867,88.24,2.257,111.169
FireSmokeVideoNEW232_f67_jpg.rf.33421177bbf4e5f31db002f6457f2f1d.jpg,1,1,1.0,0.286,0.006,0.075,10.072,5.539,78.582,2.453,98.636
FireSmokeVideoNEW232_f6_jpg.rf.381e2ade01fd02959728a4fdac8d582a.jpg,1,1,1.0,0.281,0.006,0.075,8.206,6.511,75.707,1.908,94.333
FireSmokeVideoNEW232_f71_jpg.rf.512281df1df5bc0c90e3b7ac8b428316.jpg,1,1,1.0,0.292,0.006,0.076,8.647,6.003,88.678,2.095,107.437
FireSmokeVideoNEW232_f75_jpg.rf.8de3236d482920e837e8d8b678a5931c.jpg,1,1,1.0,0.285,0.006,0.074,9.585,6.825,76.535,1.827,96.837
FireSmokeVideoNEW232_f9_jpg.rf.87ebed201de152bbc4b07674c43088f9.jpg,1,1,1.0,0.292,0.007,0.077,9.251,6.977,93.843,2.008,114.08
FireSmokeVideoNEW234_f127_jpg.rf.005a291196ed53f9e596dc27892d8242.jpg,1,1,1.0,0.287,0.006,0.077,8.541,5.996,76.687,1.877,95.142
FireSmokeVideoNEW234_f3_jpg.rf.1c10021a15131173ab90792084ae1ea2.jpg,1,1,1.0,0.288,0.006,0.175,8.216,6.869,84.548,2.165,103.947
FireSmokeVideoNEW234_f4_jpg.rf.544cdf7ddb8c01ea0161540b395cc399.jpg,1,1,1.0,0.283,0.006,0.076,7.45,6.082,87.08,2.524,105.165
FireSmokeVideoNEW234_f55_jpg.rf.e5dd649df426ba0b01e4c6d963216033.jpg,1,1,1.0,0.287,0.007,0.075,5.423,1.252,76.258,1.97,86.785
FireSmokeVideoNEW234_f5_jpg.rf.ea5d1c26f102f98da6cf96bd2b6f891b.jpg,1,1,1.0,0.291,0.006,0.077,2.763,1.512,91.024,4.975,102.242
FireSmokeVideoNEW236_f10_jpg.rf.240f95d69f9989a861a046d9172c6a3b.jpg,1,1,0.9996,0.284,0.006,0.075,4.532,1.212,77.677,1.957,87.423
FireSmokeVideoNEW236_f12_jpg.rf.3da857e1bd4ac6513237ae4ff40cbc33.jpg,1,1,0.9995,0.292,0.006,0.077,5.04,1.223,88.504,2.478,99.2
FireSmokeVideoNEW236_f14_jpg.rf.f0ca6c82bcddcc9feb9bc9028a68b120.jpg,1,1,0.9999,0.286,0.006,0.08,6.576,2.686,76.2,1.848,89.367
FireSmokeVideoNEW236_f21_jpg.rf.754a675026bcab92408959bfb9e6fcc3.jpg,1,1,1.0,0.283,0.006,0.074,5.86,1.928,89.893,2.48,102.169
FireSmokeVideoNEW236_f3_jpg.rf.42bc417b828648ccddb4878d88cd314a.jpg,1,1,1.0,0.285,0.006,0.077,9.201,6.237,82.406,2.518,102.398
FireSmokeVideoNEW236_f5_jpg.rf.cc8e7b2f8bdb3e0cec2a0ff51fa28c17.jpg,1,1,0.9998,0.289,0.006,0.163,9.407,6.066,80.268,1.944,99.865
FireSmokeVideoNEW236_f7_jpg.rf.bd6635dce83880a7113817e083b78be5.jpg,1,1,0.9955,0.289,0.006,0.075,7.291,5.905,98.823,2.147,116.196
FireSmokeVideoNEW236_f9_jpg.rf.168ae9734bfc501bc6d238f8d2f724d8.jpg,1,1,0.9991,0.29,0.006,0.076,8.928,5.98,75.591,1.935,94.466
FireSmokeVideoNEW240_f20_jpg.rf.8a6467c957e8c386af2b27d0d934c050.jpg,1,1,0.9983,0.288,0.006,0.075,7.475,6.024,88.094,5.757,109.317
FireSmokeVideoNEW242_f16_jpg.rf.cb5a984c234f69549bd7d8916ecc738a.jpg,1,1,0.9999,0.29,0.006,0.075,7.403,6.02,82.255,2.525,100.373
FireSmokeVideoNEW242_f20_jpg.rf.350ae6f9f4cfaf34dac57b430bf38bd5.jpg,1,1,1.0,0.823,0.007,0.079,8.2,6.084,93.095,2.562,112.534
FireSmokeVideoNEW242_f24_jpg.rf.4f1770fc700b14899ba1bfbb6afbd478.jpg,1,1,1.0,0.287,0.006,0.076,8.621,5.916,74.893,1.884,93.303
FireSmokeVideoNEW242_f26_jpg.rf.683758f071668ddaa0024a468c60f9a7.jpg,1,1,1.0,0.763,0.007,0.08,9.198,6.402,76.073,2.514,96.705
FireSmokeVideoNEW242_f28_jpg.rf.300cfcb4673b58751e0aaa9c40dd0817.jpg,1,1,1.0,0.283,0.006,0.076,5.193,5.75,81.485,3.926,98.358
FireSmokeVideoNEW242_f2_jpg.rf.e0fe0c90866be603ef3ea3115d07ae53.jpg,1,1,1.0,0.286,0.005,0.076,7.514,7.726,87.652,1.867,106.775
FireSmokeVideoNEW242_f37_jpg.rf.942cd9e3807e9de01255872d9810dc8e.jpg,1,1,1.0,0.283,0.006,0.078,8.546,6.156,89.85,2.486,109.017
FireSmokeVideoNEW242_f39_jpg.rf.ed7e340bb514103b25521a6342b6d0b8.jpg,1,1,1.0,0.291,0.006,0.077,8.95,5.85,76.3,1.846,94.945
FireSmokeVideoNEW242_f42_jpg.rf.9ef35700b7eefb3f791a6601099ee8d7.jpg,1,1,1.0,0.3,0.006,0.077,9.386,8.889,76.413,1.877,98.623
FireSmokeVideoNEW242_f5_jpg.rf.0862f86903811d26c50e14ae697a7bf3.jpg,1,1,1.0,0.296,0.006,0.078,8.972,3.057,76.866,1.879,92.723
FireSmokeVideoNEW243_f0_jpg.rf.b8ae4899a18f07d0cf66c78b3c5a1dd8.jpg,1,1,1.0,0.321,0.007,0.076,3.163,1.194,82.825,1.833,90.973
FireSmokeVideoNEW243_f21_jpg.rf.20e2bc6a567e338cdc5431cdda1b0f9f.jpg,1,1,1.0,0.291,0.006,0.077,4.796,1.145,78.071,2.289,88.276
FireSmokeVideoNEW243_f3_jpg.rf.ecc4982a917b338aff3cd29cfba69f31.jpg,1,1,1.0,0.342,0.006,0.077,4.03,1.092,76.555,2.004,86.09
FireSmokeVideoNEW243_f44_jpg.rf.2eaf38b6d2a398d6af80bfb726fe7216.jpg,1,1,1.0,0.288,0.006,0.076,2.944,1.605,79.062,2.35,87.956
FireSmokeVideoNEW243_f46_jpg.rf.dc718cf285258cfab125d30992916958.jpg,1,1,1.0,0.284,0.006,0.075,5.695,3.707,86.511,1.832,99.69
FireSmokeVideoNEW243_f5_jpg.rf.1b86ff64ad83437c640195f462e17ed9.jpg,1,1,1.0,0.286,0.006,0.076,2.651,1.185,93.404,2.266,101.481
FireSmokeVideoNEW245_f16_jpg.rf.affac28f81aa47b4cfb3b2e583a5e036.jpg,1,1,1.0,0.287,0.006,0.076,11.135,5.91,76.42,1.848,97.366
FireSmokeVideoNEW245_f18_jpg.rf.5f6fa5ffb536cb4e8ffc333b31b94060.jpg,1,1,1.0,0.38,0.006,0.082,9.676,6.011,93.331,2.493,113.57
FireSmokeVideoNEW245_f20_jpg.rf.8cdc752d89218b5374439c992813db4f.jpg,1,1,1.0,0.291,0.006,0.076,10.312,1.702,76.233,1.875,92.614
FireSmokeVideoNEW245_f22_jpg.rf.e4b0e4d4004a941c1776c3f52bf3b07f.jpg,1,1,1.0,0.431,0.009,0.099,11.908,2.476,75.927,2.255,94.765
FireSmokeVideoNEW245_f24_jpg.rf.b4e0a941b58e1944a9877a4b56f57db0.jpg,1,1,1.0,0.285,0.006,0.076,6.283,2.718,81.86,2.513,95.446
FireSmokeVideoNEW245_f26_jpg.rf.374fcdbd809ab2419a63cbad47609d73.jpg,1,1,1.0,0.287,0.006,0.077,8.999,6.014,75.714,1.875,94.187
FireSmokeVideoNEW245_f42_jpg.rf.7cb91c9b353d357b7d73e73d1396fb02.jpg,1,1,1.0,0.291,0.006,0.076,9.605,4.466,103.318,2.26,121.663
FireSmokeVideoNEW245_f44_jpg.rf.4f3d7c7339919582cdf9f49155ecf2c0.jpg,1,1,1.0,0.291,0.006,0.077,4.982,1.285,77.968,2.241,88.483
FireSmokeVideoNEW245_f46_jpg.rf.9e327caa1e549bd1bc4dc7387238832b.jpg,1,1,1.0,0.29,0.006,0.077,4.935,1.292,92.339,2.536,103.122
FireSmokeVideoNEW245_f48_jpg.rf.e3aa09c11084c01fb7be091002a9e24c.jpg,1,1,1.0,0.292,0.006,0.076,5.261,1.21,84.239,2.02,94.831
FireSmokeVideoNEW245_f50_jpg.rf.98199e99f42af44d74f16f98a0b28755.jpg,1,1,1.0,0.3,0.006,0.077,11.879,5.829,76.547,1.92,98.196
FireSmokeVideoNEW246_f0_jpg.rf.d0e9845d36bb6879808a62992a781c24.jpg,1,1,1.0,0.286,0.005,0.075,4.837,5.293,78.645,4.062,94.902
FireSmokeVideoNEW246_f101_jpg.rf.f7312a11e1f33c0f810c995e6172f5f9.jpg,1,1,0.9997,0.398,0.007,0.076,3.192,1.367,78.023,2.141,86.845
FireSmokeVideoNEW246_f114_jpg.rf.c54ecf66c9dfabaa65bdc3348dd4649f.jpg,1,1,1.0,0.484,0.007,0.085,4.764,3.011,81.523,3.753,95.319
FireSmokeVideoNEW246_f116_jpg.rf.0797530111fe7468dfb6e65ad1f61c49.jpg,1,1,0.9947,0.285,0.006,0.073,8.002,6.01,81.185,1.896,99.057
FireSmokeVideoNEW246_f118_jpg.rf.4aa48d18f215cee5d04f5c081db094b0.jpg,1,1,0.9992,0.351,0.006,0.074,7.739,7.116,94.491,2.31,113.729
FireSmokeVideoNEW246_f120_jpg.rf.9a867e176f5c7410d35704589b5f0dd6.jpg,1,1,1.0,0.285,0.006,0.073,4.793,4.781,76.535,2.22,90.281
FireSmokeVideoNEW246_f122_jpg.rf.9ecff2c111b84f25d3a4dfb2e8316c54.jpg,1,1,0.9931,0.289,0.006,0.073,9.383,9.069,77.881,2.263,100.758
FireSmokeVideoNEW246_f17_jpg.rf.4ceac16aeb284b22058948b39bf7f4f3.jpg,1,1,1.0,0.294,0.006,0.074,7.425,3.92,76.997,2.463,92.609
FireSmokeVideoNEW246_f19_jpg.rf.e5b92864cd4980b8843bf3d0457fe64c.jpg,1,1,1.0,0.29,0.006,0.073,2.913,1.344,83.5,1.939,91.607
FireSmokeVideoNEW246_f20_jpg.rf.390c45f2c210996a34c511ad185f53ed.jpg,1,1,1.0,0.272,0.006,0.068,2.934,1.101,77.475,2.348,85.702
FireSmokeVideoNEW246_f22_jpg.rf.ffde6341071f98a83e38a27464a91568.jpg,1,1,1.0,0.284,0.006,0.074,3.104,1.285,77.361,2.207,85.917
FireSmokeVideoNEW246_f24_jpg.rf.0e0a9f1b7656b23975c740c3db802d52.jpg,1,1,1.0,0.372,0.006,0.076,3.24,1.388,77.767,2.436,86.845
FireSmokeVideoNEW246_f29_jpg.rf.56c1b326a697c030a3632d8e1a2d0008.jpg,1,1,1.0,0.287,0.006,0.071,3.901,1.161,77.527,5.014,89.515
FireSmokeVideoNEW246_f30_jpg.rf.fb8251d2bfa3ad8e70741296130d2d7b.jpg,1,1,1.0,0.342,0.006,0.076,3.137,1.542,86.775,2.083,95.538
FireSmokeVideoNEW246_f39_jpg.rf.7f1e78c38f1141225244982c4bf3fd90.jpg,1,1,0.9999,0.286,0.006,0.073,4.691,2.699,76.274,2.224,87.854
FireSmokeVideoNEW246_f40_jpg.rf.ce1cd9a166466167c408fafad05fcb5c.jpg,1,1,1.0,0.286,0.006,0.074,10.131,6.473,86.097,2.224,106.81
FireSmokeVideoNEW246_f45_jpg.rf.2bef0d7bfd03bcc11349ab63c01e0354.jpg,1,1,1.0,0.285,0.006,0.076,9.057,5.95,75.571,2.256,94.844
FireSmokeVideoNEW246_f47_jpg.rf.d3ae86391f56dff6ac7f57a4e501bda8.jpg,1,1,1.0,0.293,0.006,0.076,9.876,6.653,93.753,2.357,114.677
FireSmokeVideoNEW246_f4_jpg.rf.c4616a4f53c69b437bf5edb23eb58402.jpg,1,1,1.0,0.29,0.006,0.074,8.126,4.55,82.056,3.304,99.855
FireSmokeVideoNEW246_f54_jpg.rf.8342f7d2be3363c8e0242c7121d8fc0d.jpg,1,1,0.6884,0.293,0.006,0.077,3.756,4.644,80.468,2.193,93.058
FireSmokeVideoNEW246_f65_jpg.rf.3aae2c8595fe047d0b9031e3b5804f5e.jpg,1,1,0.9991,0.287,0.006,0.074,10.307,1.238,75.504,2.244,91.539
FireSmokeVideoNEW246_f67_jpg.rf.c522f7d025f759951024d1f5ce536e60.jpg,1,1,0.9999,0.289,0.006,0.071,4.151,6.884,85.891,2.211,101.11
FireSmokeVideoNEW246_f8_jpg.rf.68b2fb62abf6411d6f639c1c3f5aa3bb.jpg,1,1,1.0,0.285,0.006,0.073,8.149,2.731,78.387,4.536,95.802
FireSmokeVideoNEW246_f97_jpg.rf.dd9b7749d48aa0f976dbcaf5e75e8bf0.jpg,1,1,1.0,0.29,0.006,0.074,7.106,7.124,80.201,2.148,98.615
FireSmokeVideoNEW246_f99_jpg.rf.02bf10f60d8b1a6ba82b5e928bfb273e.jpg,1,1,0.7479,0.288,0.006,0.072,6.869,7.445,91.411,2.481,110.231
FireSmokeVideoNEW249_f10_jpg.rf.a2031c818c873a4ac0b754042c9ea482.jpg,1,1,0.6679,0.287,0.005,0.074,3.848,7.281,76.017,2.222,91.44
FireSmokeVideoNEW24_f13_jpg.rf.a317f2d56bcda94cb97cf62436f5d32e.jpg,1,1,1.0,0.286,0.006,0.077,7.444,6.327,94.439,2.328,112.62
FireSmokeVideoNEW24_f1_jpg.rf.d3ad263d294b1aede3fbfd33d485dba6.jpg,1,1,1.0,0.294,0.006,0.076,6.918,5.989,74.583,2.301,91.784
FireSmokeVideoNEW24_f22_jpg.rf.7f2bc9a4785440e0b6e6daeb772b302b.jpg,1,1,1.0,0.214,0.004,0.048,7.475,5.728,80.95,2.051,98.351
FireSmokeVideoNEW24_f33_jpg.rf.e5e6458494b5dbafef0058c958cb959a.jpg,1,1,1.0,0.33,0.006,0.073,2.953,1.242,82.165,3.486,91.931
FireSmokeVideoNEW24_f44_jpg.rf.5d0c9c22217efd669f0695827497572d.jpg,1,1,1.0,0.293,0.006,0.078,7.414,6.466,75.928,2.243,93.973
FireSmokeVideoNEW24_f46_jpg.rf.c1d942063e9aca880d77b7dd545a5754.jpg,1,1,1.0,0.292,0.006,0.074,7.447,6.071,81.359,2.527,99.376
FireSmokeVideoNEW24_f48_jpg.rf.a1812b35fbd4431cc4c85c94ad816d49.jpg,1,1,1.0,0.287,0.006,0.072,7.419,6.109,76.239,2.236,93.984
FireSmokeVideoNEW24_f54_jpg.rf.d96142ba5f27258066adecb90de272ec.jpg,1,1,1.0,0.291,0.006,0.073,7.209,6.032,91.79,5.36,112.436
FireSmokeVideoNEW24_f60_jpg.rf.f1ebdc880e1bcc91aee58222f268ee0e.jpg,1,1,1.0,0.289,0.006,0.076,7.422,6.858,76.126,2.216,94.656
FireSmokeVideoNEW24_f63_jpg.rf.03c49f969686c385e069b9113c736d19.jpg,1,1,1.0,0.295,0.007,0.079,8.39,6.333,87.235,2.457,106.548
FireSmokeVideoNEW24_f70_jpg.rf.9a86d6dfad0e79a67ae55ed6416ec3ff.jpg,1,1,1.0,0.293,0.006,0.076,7.902,1.386,76.917,3.73,91.972
FireSmokeVideoNEW24_f72_jpg.rf.beaf6a0d618ec48746c39d88d1b289df.jpg,1,1,1.0,0.236,0.005,0.056,3.368,1.404,77.966,2.221,86.601
FireSmokeVideoNEW24_f76_jpg.rf.686e1c1de85c5e1ad3d7b5e275d2df54.jpg,1,1,1.0,0.29,0.006,0.079,3.397,1.253,91.69,2.6,100.949
FireSmokeVideoNEW24_f78_jpg.rf.f8c4a179f08b28b3aacca29ac9c92cb4.jpg,1,1,0.9999,0.392,0.005,0.055,7.071,6.285,76.122,2.396,93.866
FireSmokeVideoNEW251_f10_jpg.rf.541400866b2aba579bcdb76caf3a338f.jpg,1,1,1.0,0.289,0.006,0.08,9.963,5.939,88.392,2.199,108.576
FireSmokeVideoNEW251_f12_jpg.rf.85d3ad499d374561971f57ad4d079829.jpg,1,1,1.0,0.331,0.006,0.075,7.22,6.009,77.019,2.228,94.486
FireSmokeVideoNEW251_f16_jpg.rf.3285e689765e3107919d3c071ee9fb45.jpg,1,1,1.0,0.291,0.006,0.076,6.677,5.466,92.372,2.662,109.243
FireSmokeVideoNEW251_f22_jpg.rf.e3d9c6fa41b8c234dbfa87f3e606bf26.jpg,1,1,1.0,0.29,0.006,0.075,3.866,3.14,76.032,2.242,87.311
FireSmokeVideoNEW251_f24_jpg.rf.72c1196ed7ec56e7fc95cf7d41b8c8b2.jpg,1,1,1.0,0.232,0.004,0.051,9.908,5.991,79.006,2.08,98.738
FireSmokeVideoNEW251_f26_jpg.rf.4956eee32e27e79472637f03db427864.jpg,1,1,1.0,0.287,0.007,0.076,7.523,5.977,82.093,2.714,100.298
FireSmokeVideoNEW251_f28_jpg.rf.d5d77d1341fdd95d00017d860d86835d.jpg,1,1,1.0,0.28,0.006,0.077,9.547,7.75,76.173,2.879,98.358
FireSmokeVideoNEW251_f2_jpg.rf.207660a329cb32e71b591d7620e9d6ee.jpg,1,1,1.0,0.291,0.006,0.073,5.626,1.005,87.867,2.46,99.171
FireSmokeVideoNEW251_f34_jpg.rf.0b6f0a94d30e437f2f6d8c1a90f96a78.jpg,1,1,0.9999,0.287,0.006,0.077,6.684,5.793,75.306,2.19,92.005
FireSmokeVideoNEW251_f5_jpg.rf.57893ff66f5d16c89cbb35a5a9b62725.jpg,1,1,1.0,0.289,0.006,0.077,6.537,6.785,95.787,2.328,113.519
FireSmokeVideoNEW251_f9_jpg.rf.249d7624c6fa363d9e41b0ab9a2f6327.jpg,1,1,1.0,0.334,0.006,0.076,10.087,1.192,75.479,2.217,90.975
FireSmokeVideoNEW252_f1_jpg.rf.644c06965eca5f3b556450ea37c27747.jpg,1,1,1.0,0.289,0.006,0.075,3.331,4.106,76.11,2.247,87.811
FireSmokeVideoNEW252_f45_jpg.rf.8b98db927ef78395da9058306d193102.jpg,1,1,1.0,0.285,0.006,0.078,6.469,2.451,77.37,3.164,91.495
FireSmokeVideoNEW252_f51_jpg.rf.4751e1373246d5bc57295ba7ff6965bd.jpg,1,1,1.0,0.231,0.004,0.177,5.837,1.246,76.594,2.272,87.974
FireSmokeVideoNEW252_f59_jpg.rf.93fdff5fc44a03cfb24372111bb816c8.jpg,1,1,1.0,0.288,0.006,0.074,5.937,3.231,87.28,3.702,102.237
FireSmokeVideoNEW252_f64_jpg.rf.68fa95b9f56388067421607a368cef2d.jpg,1,1,1.0,0.283,0.006,0.075,4.815,1.204,93.851,2.424,104.384
FireSmokeVideoNEW253_f39_jpg.rf.fb9a239e13210f3ebef4f597588b23fb.jpg,1,1,1.0,0.287,0.006,0.077,3.703,2.691,93.793,2.426,104.611
FireSmokeVideoNEW253_f43_jpg.rf.5a5f91862546726da846953d1f07eb8f.jpg,1,1,1.0,0.283,0.006,0.075,7.519,7.086,75.209,2.364,94.177
FireSmokeVideoNEW253_f46_jpg.rf.91995eb662334f3d0957cfc515200e44.jpg,1,1,1.0,0.291,0.006,0.076,10.169,6.878,76.439,2.191,97.983
FireSmokeVideoNEW253_f48_jpg.rf.6a0d36ab045606a51acb516450eb9504.jpg,1,1,1.0,0.325,0.006,0.074,5.036,6.31,81.349,2.289,97.04
FireSmokeVideoNEW253_f54_jpg.rf.a6475322dd9c9981224c709b6eeb3ce5.jpg,1,1,0.9998,0.28,0.006,0.072,6.804,6.417,75.606,2.158,92.934
FireSmokeVideoNEW253_f64_jpg.rf.1f4f74a5249319102992373b86580c22.jpg,1,1,1.0,0.285,0.006,0.072,4.088,1.122,77.648,2.621,87.523
FireSmokeVideoNEW253_f98_jpg.rf.730180c169cd3489387a9a5b99952692.jpg,1,1,1.0,0.291,0.006,0.071,2.687,1.115,76.651,2.876,85.256
FireSmokeVideoNEW256_f0_jpg.rf.21175534bf39e57aee851b1de13350d0.jpg,1,1,1.0,0.284,0.006,0.072,2.677,1.165,77.382,2.205,85.34
FireSmokeVideoNEW256_f11_jpg.rf.40e24a1aeae73281869326a117cf44fe.jpg,1,1,1.0,0.283,0.006,0.073,3.159,1.545,92.877,2.23,101.796
FireSmokeVideoNEW256_f1_jpg.rf.8866be7cbb0dcf462762bd4d392d77d9.jpg,1,1,1.0,0.284,0.005,0.071,2.65,1.217,78.369,2.561,86.71
FireSmokeVideoNEW256_f2_jpg.rf.419b43a44c0f7b085c92185c2c0537c9.jpg,1,1,1.0,0.288,0.006,0.076,2.619,1.202,77.229,2.194,85.17
FireSmokeVideoNEW256_f32_jpg.rf.5ed2d90bbe733c00b9a37b8ad56b0333.jpg,1,1,1.0,0.286,0.006,0.07,2.709,1.127,90.175,2.187,98.106
FireSmokeVideoNEW257_f11_jpg.rf.5f8927b60d1a6891efd7e858e8c3e0e1.jpg,1,1,1.0,0.29,0.006,0.072,2.638,1.169,77.405,1.845,84.949
FireSmokeVideoNEW257_f18_jpg.rf.0f9cc808c8589d3b56f736680007c7fb.jpg,1,1,1.0,0.287,0.006,0.073,2.662,1.218,89.491,4.992,100.277
FireSmokeVideoNEW257_f23_jpg.rf.abe3a8bff303926969f378051c208a6a.jpg,1,1,1.0,0.289,0.006,0.071,2.627,1.204,77.214,1.891,84.836
FireSmokeVideoNEW257_f25_jpg.rf.620dc89a7a566a25516b88b2f10d7799.jpg,1,1,1.0,0.29,0.006,0.073,2.746,1.114,94.625,2.073,102.504
FireSmokeVideoNEW257_f27_jpg.rf.4438354a029a07cdaccb869873ce4ca1.jpg,1,1,1.0,0.285,0.006,0.071,2.874,1.12,76.764,1.83,84.535
FireSmokeVideoNEW257_f31_jpg.rf.b6e6b11163061d79f0c2f50fde34e92e.jpg,1,1,1.0,0.3,0.006,0.075,7.714,5.242,87.113,1.958,104.037
FireSmokeVideoNEW257_f7_jpg.rf.b4c190057546d32b72d7e04d2cbc9f8a.jpg,1,1,1.0,0.287,0.006,0.073,8.144,7.468,76.665,2.74,97.017
FireSmokeVideoNEW25_f13_jpg.rf.2eaa5308c6c538b5b25f2039317fa207.jpg,1,0,1.0,0.29,0.007,0.076,5.359,2.469,77.338,1.906,89.328
FireSmokeVideoNEW25_f19_jpg.rf.3549bcf35fc1e41c3fdb36e564e72210.jpg,1,1,1.0,0.285,0.006,0.073,7.448,6.073,85.546,2.579,103.753
FireSmokeVideoNEW25_f22_jpg.rf.8ef2c5ee7dfc6ff95cf68469c972af1f.jpg,1,1,0.9999,0.29,0.006,0.074,6.63,1.145,75.414,1.836,86.953
FireSmokeVideoNEW25_f24_jpg.rf.d978d587fd47ec7589cdb39d1324f4a7.jpg,1,1,0.9998,0.285,0.006,0.074,2.734,2.7,88.283,5.524,101.229
FireSmokeVideoNEW25_f42_jpg.rf.854b871d2bcc068818b226711357d71b.jpg,1,1,1.0,0.289,0.007,0.076,4.153,1.275,76.404,1.89,85.686
FireSmokeVideoNEW25_f46_jpg.rf.8f3b7c6178fdc60fd3d3c4bafc1664c1.jpg,1,1,0.9785,0.293,0.006,0.077,2.67,1.132,99.713,2.518,107.994
FireSmokeVideoNEW264_f49_jpg.rf.e734114878cd20b393cf439ae4b015fb.jpg,1,1,1.0,0.327,0.005,0.071,2.489,1.106,90.951,2.019,98.511
FireSmokeVideoNEW264_f76_jpg.rf.569a3bae734fc779f72fbf6ed5099965.jpg,1,1,1.0,0.264,0.005,0.06,2.507,1.073,75.183,1.538,82.004
FireSmokeVideoNEW266_f107_jpg.rf.02faea8858fe3f87b8063f0604604b84.jpg,1,1,1.0,0.249,0.005,0.059,2.415,1.145,78.23,1.589,85.066
FireSmokeVideoNEW266_f113_jpg.rf.0ee13ca7bce52f98cc9d6748dc732777.jpg,1,1,1.0,0.248,0.005,0.062,6.068,1.111,76.141,1.851,87.144
FireSmokeVideoNEW266_f13_jpg.rf.2da8d3951c2ab6db859bba437d172e44.jpg,1,1,1.0,0.285,0.006,0.075,2.94,1.137,83.592,2.028,91.638
FireSmokeVideoNEW266_f178_jpg.rf.4d4fc6e36132f06221b0ed5e4088bc50.jpg,1,1,1.0,0.282,0.006,0.076,3.28,1.829,75.965,1.848,84.893
FireSmokeVideoNEW266_f237_jpg.rf.f82396f9f4b30ea31840dbd51f7a8493.jpg,1,1,1.0,0.38,0.006,0.077,2.788,1.205,77.542,2.259,85.833
FireSmokeVideoNEW266_f39_jpg.rf.77b165a2621221e3075da882a7bdbe99.jpg,1,1,1.0,0.292,0.006,0.072,3.022,1.4,74.87,2.244,83.449
FireSmokeVideoNEW267_f101_jpg.rf.63c35ee1bb4f8e8ba47f672adb8edbd6.jpg,1,1,1.0,0.287,0.006,0.074,2.961,1.124,77.382,1.897,85.311
FireSmokeVideoNEW267_f118_jpg.rf.121e20767c49d77df1b806b2087a27b2.jpg,1,1,1.0,0.286,0.006,0.08,3.814,1.119,76.066,1.85,84.86
FireSmokeVideoNEW267_f121_jpg.rf.e26cd978de539fcea0af98b7ba6fc31f.jpg,1,1,1.0,0.21,0.004,0.046,8.759,6.097,80.96,3.308,101.196
FireSmokeVideoNEW267_f145_jpg.rf.4e25c29571910a8193b1dd547f2ddb9a.jpg,1,1,1.0,0.291,0.006,0.079,4.217,1.179,75.705,1.847,85.026
FireSmokeVideoNEW267_f147_jpg.rf.4ae496d4bbd2b96a928b170a6937b2b8.jpg,1,1,1.0,0.287,0.006,0.076,2.768,1.211,82.003,2.581,90.598
FireSmokeVideoNEW267_f83_jpg.rf.113dd99201cd8e546b69b03c7f7bac4a.jpg,1,1,1.0,0.293,0.006,0.076,3.239,1.179,75.739,1.892,84.024
FireSmokeVideoNEW267_f93_jpg.rf.1646a38a12d2312e7e0e54b4d6f7f497.jpg,1,1,1.0,0.29,0.006,0.073,2.71,1.467,80.471,2.621,89.321
FireSmokeVideoNEW269_f10_jpg.rf.17d96b45a4eac9157520e5aa71774678.jpg,1,1,1.0,0.315,0.006,0.076,3.541,1.226,83.145,1.984,91.887
FireSmokeVideoNEW269_f31_jpg.rf.977449849ee1d1b4cd28604a98013e1b.jpg,1,1,1.0,0.294,0.006,0.073,3.235,3.511,86.864,2.161,97.818
FireSmokeVideoNEW269_f33_jpg.rf.8b38bd9fc843c1946c4c9566fcbcdebe.jpg,1,1,1.0,0.289,0.007,0.073,2.953,1.177,77.431,1.862,85.475
FireSmokeVideoNEW269_f36_jpg.rf.6b45f2c36c902aa2f7a646fac4bd3551.jpg,1,1,1.0,0.285,0.006,0.076,5.323,5.915,88.823,2.229,104.277
FireSmokeVideoNEW269_f45_jpg.rf.3ea593179185b2a02eff432376e589f2.jpg,1,1,1.0,0.295,0.006,0.073,8.033,7.18,76.721,1.836,95.807
FireSmokeVideoNEW269_f61_jpg.rf.6bc5727e306edc11b524c4746860178f.jpg,1,1,1.0,0.286,0.006,0.073,9.128,6.809,92.122,1.884,111.99
FireSmokeVideoNEW269_f78_jpg.rf.948530e5f32ad9506e4d005519b1fe9a.jpg,1,1,1.0,0.383,0.006,0.078,8.544,5.985,76.002,1.996,94.697
FireSmokeVideoNEW269_f8_jpg.rf.c26651df50fe12ba3103e33a592f4ebb.jpg,1,1,1.0,0.322,0.006,0.079,7.928,6.059,74.925,1.872,92.81
FireSmokeVideoNEW26_f137_jpg.rf.a9ed46e4eace1936121122bbf35a5430.jpg,1,1,1.0,0.287,0.006,0.074,7.799,1.281,81.014,7.265,99.374
FireSmokeVideoNEW26_f139_jpg.rf.ba1b0babc498c22ebaf50c3930711e5b.jpg,1,1,1.0,0.291,0.006,0.075,7.792,6.02,75.727,2.36,93.763
FireSmokeVideoNEW26_f141_jpg.rf.a5fa0a322501fa9aa5f2c0fab23d79dd.jpg,1,1,1.0,0.368,0.006,0.076,3.442,1.268,96.7,2.285,105.868
FireSmokeVideoNEW26_f160_jpg.rf.a7025e07062fe6c456bc401c19e0b8cc.jpg,1,1,1.0,0.286,0.005,0.074,7.517,5.919,75.735,2.15,93.31
FireSmokeVideoNEW26_f71_jpg.rf.dc98f99d0595cb8a275c8c9afe655280.jpg,1,1,1.0,0.289,0.006,0.074,7.477,6.088,92.92,2.543,110.855
FireSmokeVideoNEW26_f73_jpg.rf.a4c7819457d40ffafe8bc3c8b510744c.jpg,1,1,1.0,0.294,0.006,0.072,3.403,1.222,75.997,1.895,84.516
FireSmokeVideoNEW26_f7_jpg.rf.57f0610ef4fec7f7361b67920ce3281f.jpg,1,1,1.0,0.291,0.006,0.075,2.764,2.751,95.205,2.566,105.341
FireSmokeVideoNEW26_f9_jpg.rf.199dead260e12ae0bf89eeb54cb43bb3.jpg,1,1,1.0,0.284,0.006,0.075,3.068,1.209,83.232,2.134,91.691
FireSmokeVideoNEW274_f22_jpg.rf.02cd1a9e0dfe7bf250bafeb57c2fc46f.jpg,1,1,1.0,0.299,0.006,0.076,7.803,4.407,76.085,1.86,92.07
FireSmokeVideoNEW277_f106_jpg.rf.09d13a0b9f5dae6b37b4df7ad76bc80f.jpg,1,1,1.0,0.283,0.006,0.078,2.664,1.142,87.867,2.119,95.802
FireSmokeVideoNEW277_f112_jpg.rf.5bf0e71562583b311f55ca80b537896a.jpg,1,1,1.0,0.294,0.007,0.075,2.611,1.219,77.777,1.815,85.365
FireSmokeVideoNEW277_f16_jpg.rf.f38d7b7283773e95c837a4a88b043def.jpg,1,1,1.0,0.291,0.005,0.075,3.116,1.159,88.021,2.11,96.313
FireSmokeVideoNEW277_f23_jpg.rf.26a5a9e63a6231703ed81eb83e506ae8.jpg,1,1,1.0,0.289,0.006,0.076,3.36,1.156,81.587,1.863,89.995
FireSmokeVideoNEW277_f2_jpg.rf.6de584ba8f4bf4e8f28b6b12e02fce56.jpg,1,1,1.0,0.282,0.006,0.079,9.198,6.205,89.15,2.14,109.364
FireSmokeVideoNEW277_f32_jpg.rf.821c4696b6666d1fc23b5e7dea66f891.jpg,1,1,1.0,0.272,0.006,0.073,9.372,5.964,76.409,1.883,95.603
FireSmokeVideoNEW277_f34_jpg.rf.7e70c7a467ae2e47817342d4fb2a0827.jpg,1,1,1.0,0.299,0.006,0.079,9.913,6.908,75.196,1.785,95.793
FireSmokeVideoNEW277_f3_jpg.rf.16feece04ba7228a83655f5a70f1ceba.jpg,1,1,1.0,0.291,0.006,0.076,10.344,1.248,75.688,1.852,91.089
FireSmokeVideoNEW277_f42_jpg.rf.bfa88f7ad8c4a729098ba826f60065bd.jpg,1,1,1.0,0.4,0.007,0.075,2.943,1.801,82.806,2.235,91.813
FireSmokeVideoNEW277_f4_jpg.rf.81c483c3c5d7ba3da0512eb641f4114d.jpg,1,1,1.0,0.371,0.006,0.075,5.838,3.978,75.878,2.013,89.776
FireSmokeVideoNEW277_f54_jpg.rf.8290d81b12f806e3a23c324952744a5e.jpg,1,1,1.0,0.291,0.006,0.075,3.2,1.395,77.784,1.875,86.198
FireSmokeVideoNEW277_f5_jpg.rf.43dfbd60ba2af38be3249f10ec1c6dd2.jpg,1,1,1.0,0.288,0.006,0.078,5.453,1.169,77.567,1.918,88.081
FireSmokeVideoNEW277_f6_jpg.rf.9246e9ca42b4ef5ffa450917955996b2.jpg,1,1,1.0,0.291,0.006,0.078,5.931,1.26,77.688,1.898,88.717
FireSmokeVideoNEW277_f76_jpg.rf.e896d63db2a85b0c36821d3664707386.jpg,1,1,1.0,0.287,0.006,0.075,6.762,6.112,78.976,3.778,97.641
FireSmokeVideoNEW277_f84_jpg.rf.de4caae65922aafc13677ba531cf76c2.jpg,1,1,1.0,0.281,0.006,0.072,7.929,2.038,82.466,2.043,96.505
FireSmokeVideoNEW27_f60_jpg.rf.038ba34328502532e3c1154c93793d2f.jpg,1,1,1.0,0.25,0.005,0.059,5.09,5.595,88.007,1.885,102.834
FireSmokeVideoNEW27_f62_jpg.rf.c1c3a5e618dfc2300dc019930e34b3ae.jpg,1,1,1.0,0.288,0.007,0.075,6.554,7.549,75.072,1.811,92.903
FireSmokeVideoNEW27_f64_jpg.rf.be4a9aaace2c63021410de1caab71d9e.jpg,1,1,1.0,0.295,0.006,0.077,7.622,5.704,78.17,1.846,95.305
FireSmokeVideoNEW27_f66_jpg.rf.22def0fbf44790ff0e2de2bb0c4201b9.jpg,1,1,1.0,0.287,0.006,0.075,2.7,1.674,77.215,1.885,85.438
FireSmokeVideoNEW29_f10_jpg.rf.8e2833f2331a68683bbe20ec22fccdbd.jpg,1,1,1.0,0.287,0.006,0.073,7.659,6.067,81.889,1.82,99.396
FireSmokeVideoNEW29_f15_jpg.rf.af74892cfd1d8c526d2b6f4807915809.jpg,1,1,1.0,0.293,0.006,0.076,8.78,2.107,74.401,2.154,89.55
FireSmokeVideoNEW29_f17_jpg.rf.5151a7a20f43e42120cfac986cec2f39.jpg,1,1,1.0,0.29,0.006,0.076,3.617,1.191,90.783,2.181,99.765
FireSmokeVideoNEW29_f25_jpg.rf.2ad0615bf93adcec78cabdaf0440d4c0.jpg,1,1,1.0,0.293,0.006,0.075,3.07,1.318,79.943,2.543,88.933
FireSmokeVideoNEW29_f27_jpg.rf.fdacc6730c826df2ae581d71f2b777bc.jpg,1,1,1.0,0.284,0.005,0.056,2.96,1.388,76.209,1.761,84.262
FireSmokeVideoNEW29_f5_jpg.rf.c884fffd4ce9b1eb0a67f95bafaa8e52.jpg,1,1,1.0,0.273,0.006,0.071,2.715,1.141,87.259,3.278,96.275
FireSmokeVideoNEW31_f0_jpg.rf.8c3177ba1b33003e26ebb311b7ea751a.jpg,1,1,1.0,0.225,0.004,0.067,3.072,1.484,75.832,1.83,84.222
FireSmokeVideoNEW31_f127_jpg.rf.0c2aa3f9cdfa16db038d4b9453ee01d7.jpg,1,1,1.0,0.291,0.006,0.076,3.931,1.196,78.573,4.004,89.732
FireSmokeVideoNEW31_f13_jpg.rf.d1126db2923b8b99a8ba03fe2983f026.jpg,1,1,1.0,0.293,0.006,0.074,5.41,1.225,77.339,1.927,87.879
FireSmokeVideoNEW31_f1_jpg.rf.3c6c950a2ed874683574dfa4d38bd25a.jpg,1,1,1.0,0.284,0.007,0.075,3.105,1.176,77.893,2.602,86.746
FireSmokeVideoNEW31_f27_jpg.rf.d6492c725bf7e3bfe7eed589dc8571a6.jpg,1,1,1.0,0.288,0.006,0.076,3.334,1.182,77.538,1.507,85.529
FireSmokeVideoNEW31_f30_jpg.rf.3dd6e3ba6fb8657caa2190bd9eb22e6f.jpg,1,1,1.0,0.216,0.004,0.048,6.201,3.641,95.607,2.301,109.231
FireSmokeVideoNEW31_f32_jpg.rf.9d38b6dc5b13b67a5546f72b78531e6a.jpg,1,1,1.0,0.235,0.004,0.048,4.772,1.077,75.912,1.778,85.161
FireSmokeVideoNEW31_f40_jpg.rf.3dd823019fe152f2623dc4ef465c1d9d.jpg,1,1,1.0,0.253,0.005,0.065,2.813,1.096,79.622,3.029,88.489
FireSmokeVideoNEW31_f47_jpg.rf.23dcad470ad03987dfae09a9b9edcc7e.jpg,1,1,1.0,0.293,0.006,0.082,3.309,1.186,77.815,2.139,86.538
FireSmokeVideoNEW31_f55_jpg.rf.9f756f8ea534a9ca9aee2b44e730e082.jpg,1,1,1.0,0.28,0.006,0.077,8.967,6.69,82.884,4.987,105.559
FireSmokeVideoNEW31_f67_jpg.rf.a700eaa5299866ede9bbdf9be7b2a56b.jpg,1,1,1.0,0.285,0.005,0.076,9.117,6.07,82.213,1.901,101.309
FireSmokeVideoNEW31_f86_jpg.rf.d0840f0493b5bd6f596350694d9a3715.jpg,1,1,1.0,0.366,0.006,0.076,7.615,6.018,89.223,2.258,107.176
FireSmokeVideoNEW35_f10_jpg.rf.6594b28e06353a07284e2f3302fb5a0a.jpg,1,1,0.9945,0.281,0.006,0.072,7.463,6.849,75.65,1.814,93.762
FireSmokeVideoNEW35_f118_jpg.rf.12e980bcb7a3263b616167caaf3b29a0.jpg,1,1,1.0,0.286,0.006,0.073,7.473,6.67,89.303,1.86,107.404
FireSmokeVideoNEW35_f122_jpg.rf.16f0e135a405be407794b5ae549f4301.jpg,1,1,0.7101,0.278,0.006,0.074,8.582,6.023,90.62,3.628,110.828
FireSmokeVideoNEW35_f14_jpg.rf.9822efb7cea5a93c34c4e22be1de699b.jpg,1,1,0.9986,0.283,0.006,0.073,7.97,6.608,77.165,1.825,95.569
FireSmokeVideoNEW35_f173_jpg.rf.deeced22196d23be062cbcc3b4891593.jpg,1,1,0.9998,0.28,0.006,0.076,2.59,1.217,88.477,1.97,96.175
FireSmokeVideoNEW35_f176_jpg.rf.d32791cdd927eee65063b56c6f5aff30.jpg,1,1,0.9998,0.282,0.006,0.075,2.577,1.233,75.514,1.823,83.079
FireSmokeVideoNEW35_f180_jpg.rf.a9be809218a94fed76e493a34764822c.jpg,1,1,1.0,0.392,0.006,0.073,2.589,1.172,89.675,1.928,97.411
FireSmokeVideoNEW35_f203_jpg.rf.742030bca636ed9683686440d8fadd69.jpg,1,1,1.0,0.282,0.006,0.073,2.978,1.139,75.997,1.858,83.894
FireSmokeVideoNEW35_f205_jpg.rf.b92e0f9847c66aa6d86bbf0c5a29f079.jpg,1,1,1.0,0.282,0.005,0.077,2.843,1.188,94.172,1.989,102.137
FireSmokeVideoNEW35_f21_jpg.rf.9fdac7de0ff6d8162b6604963b09ea74.jpg,1,1,0.9977,0.28,0.006,0.07,2.754,1.135,77.789,1.83,85.423
FireSmokeVideoNEW35_f23_jpg.rf.d330dabc9f71e0a77eb73bb7d8dc480c.jpg,1,1,0.9992,0.389,0.006,0.076,9.236,6.686,80.221,1.807,100.069
FireSmokeVideoNEW35_f25_jpg.rf.d376bc16debc42e7282a4d7d99fa2698.jpg,1,1,0.9989,0.282,0.006,0.075,4.735,3.005,87.013,1.845,98.517
FireSmokeVideoNEW35_f27_jpg.rf.af038d7b62253e3b66b764f22d5421b4.jpg,1,1,0.998,0.306,0.005,0.076,3.93,1.993,78.034,1.851,87.855
FireSmokeVideoNEW35_f32_jpg.rf.95311ade1067fa155762509fe0f2bebe.jpg,1,1,0.6791,0.276,0.006,0.074,2.781,1.176,81.245,2.291,89.566
FireSmokeVideoNEW35_f3_jpg.rf.d2060302e4ed461339a3a92d32dfddf4.jpg,1,1,0.9973,0.209,0.004,0.082,4.207,1.861,77.495,1.859,87.34
FireSmokeVideoNEW35_f4_jpg.rf.baf1ef1ca16bdaf535443c5e66bef147.jpg,1,1,0.9999,0.29,0.006,0.076,3.063,1.188,77.751,1.907,85.854
FireSmokeVideoNEW35_f62_jpg.rf.844252b9cbe891df62c59d058ed33588.jpg,1,1,0.9992,0.295,0.006,0.075,4.029,2.799,75.04,1.893,85.819
FireSmokeVideoNEW35_f6_jpg.rf.71fd2e537b6edaf6dc30e29fe1e4d4b3.jpg,1,1,0.9911,0.287,0.006,0.074,4.545,1.167,77.81,1.941,87.427
FireSmokeVideoNEW35_f77_jpg.rf.8a1940b7b15aea1c42fa0dfee03ec40a.jpg,1,1,0.9987,0.288,0.006,0.073,4.71,3.453,75.876,1.891,87.948
FireSmokeVideoNEW35_f81_jpg.rf.9d5e5f6c22b4e9bc17c660a1ada3ca23.jpg,1,1,0.9999,0.282,0.005,0.074,2.67,1.124,83.771,1.999,91.483
FireSmokeVideoNEW35_f87_jpg.rf.db9588772742238059a982e0c1fa6cae.jpg,1,1,0.9999,0.299,0.006,0.078,3.038,1.144,88.839,1.916,96.91
FireSmokeVideoNEW35_f91_jpg.rf.f6da1955af8a14bd82eff3b2d9bfdc45.jpg,1,1,0.9999,0.282,0.006,0.074,2.721,1.122,77.52,1.852,85.199
FireSmokeVideoNEW38_f10_jpg.rf.22df74a0785588255ea78153e2f436b4.jpg,1,1,1.0,0.282,0.006,0.072,3.946,1.315,76.637,1.893,85.774
FireSmokeVideoNEW38_f15_jpg.rf.cb75043ebfbfb8e6ec8c04f58959d20f.jpg,1,1,1.0,0.373,0.006,0.077,2.835,1.196,77.768,2.506,86.316
FireSmokeVideoNEW38_f17_jpg.rf.1646d3035bbf07bf0881df1f4abc2083.jpg,1,1,1.0,0.289,0.006,0.072,4.272,1.337,77.657,1.814,87.087
FireSmokeVideoNEW38_f40_jpg.rf.4c5b5f13191256490df75de68043deaa.jpg,1,1,1.0,0.276,0.005,0.075,3.298,1.165,77.657,1.843,85.955
FireSmokeVideoNEW38_f43_jpg.rf.594a8c02951151bb6211e90cf62c11a4.jpg,1,1,1.0,0.284,0.005,0.072,5.678,5.92,75.553,1.83,91.01
FireSmokeVideoNEW38_f45_jpg.rf.078930b7aca6aff0ed4b6679f6b8451f.jpg,1,1,1.0,0.281,0.006,0.075,8.044,6.257,75.309,1.97,93.543
FireSmokeVideoNEW38_f54_jpg.rf.972eae67925b5ecee5fbfb28c442d8d3.jpg,1,1,1.0,0.28,0.006,0.076,3.233,1.153,77.472,1.841,85.683
FireSmokeVideoNEW38_f7_jpg.rf.c659a9acd380439d08ae6940744107ff.jpg,1,1,1.0,0.281,0.006,0.075,2.844,1.209,92.673,3.333,101.988
FireSmokeVideoNEW3_f15_jpg.rf.1081b06a3c2748d83ac64669856e79b2.jpg,1,1,1.0,0.28,0.006,0.074,2.708,1.134,82.579,1.905,90.273
FireSmokeVideoNEW3_f21_jpg.rf.f724885ceca326978ace0ffda40d9502.jpg,1,1,1.0,0.282,0.006,0.072,2.694,1.135,77.613,2.507,85.863
FireSmokeVideoNEW3_f2_jpg.rf.e60be14df4808f7294fd069c36790326.jpg,1,1,1.0,0.278,0.006,0.074,2.581,1.209,77.624,1.864,85.196
FireSmokeVideoNEW3_f3_jpg.rf.01b4621d8e3194f1d3fbbaeb1cc64806.jpg,1,1,1.0,0.278,0.006,0.074,3.123,1.129,77.098,2.554,85.891
FireSmokeVideoNEW40_f16_jpg.rf.102bef74efdc92efde85b02586cab97f.jpg,1,1,1.0,0.271,0.006,0.068,2.985,1.135,75.626,1.581,83.158
FireSmokeVideoNEW40_f18_jpg.rf.19806f837916e1673c74c9bbcd924cd7.jpg,1,1,1.0,0.255,0.005,0.06,2.498,1.225,92.894,1.888,100.22
FireSmokeVideoNEW40_f1_jpg.rf.f77eee4e7a13d1f27e173db990f994ce.jpg,1,1,1.0,0.243,0.005,0.062,2.53,1.065,75.918,1.62,82.758
FireSmokeVideoNEW40_f21_jpg.rf.6f5b514f8bfc06ba7d6cd4bb70180881.jpg,1,1,1.0,0.256,0.006,0.062,2.567,1.067,88.125,2.336,95.824
FireSmokeVideoNEW40_f23_jpg.rf.8f33e997b3b48e9f166e42b8aef89256.jpg,1,1,1.0,0.279,0.006,0.072,2.602,1.209,92.926,1.93,100.592
FireSmokeVideoNEW40_f2_jpg.rf.7b59cc53447b7dfd356e30de13e4413a.jpg,1,1,1.0,0.283,0.006,0.074,2.636,1.242,89.842,2.479,98.148
FireSmokeVideoNEW40_f37_jpg.rf.d988e41b08831d2451907fa03ce84a58.jpg,1,1,1.0,0.284,0.006,0.075,2.658,1.15,77.644,1.807,85.188
FireSmokeVideoNEW40_f4_jpg.rf.fe367aa5fbdc677e7650ba3741527964.jpg,1,1,1.0,0.287,0.006,0.075,8.461,7.658,77.878,1.967,97.671
FireSmokeVideoNEW40_f6_jpg.rf.474d4d3f3a86310484fe42ba756e67f8.jpg,1,1,1.0,0.29,0.006,0.073,3.973,6.763,75.823,2.552,91.099
FireSmokeVideoNEW40_f8_jpg.rf.f81401ca14dbf9768eef7ef78497b6a5.jpg,1,1,1.0,0.4,0.006,0.074,3.244,1.294,76.923,1.946,85.499
FireSmokeVideoNEW42_f27_jpg.rf.99252134062c904aa86fb6321910e066.jpg,1,1,1.0,0.283,0.006,0.076,2.804,1.283,81.762,3.436,91.26
FireSmokeVideoNEW42_f29_jpg.rf.b1fd27c83a9ab38250c7d1aecc5ed389.jpg,1,1,1.0,0.347,0.006,0.074,3.188,1.348,75.306,1.893,83.785
FireSmokeVideoNEW42_f31_jpg.rf.eec1b63f9169e7e850712e19316f4dba.jpg,1,1,1.0,0.289,0.006,0.076,3.094,1.184,85.379,3.471,95.204
FireSmokeVideoNEW43_f0_jpg.rf.c803d42e9dfcc0f184208a6cfc607558.jpg,1,1,1.0,0.397,0.006,0.081,2.97,1.298,93.532,2.486,102.377
FireSmokeVideoNEW43_f119_jpg.rf.2fc8b2a7ad67c33e71458f4836ca2d95.jpg,1,1,1.0,0.289,0.006,0.076,2.754,1.21,83.121,2.542,91.687
FireSmokeVideoNEW43_f135_jpg.rf.63707d9b182d93572f75219705eccf0c.jpg,1,1,1.0,0.28,0.006,0.077,2.84,1.187,77.05,1.857,84.898
FireSmokeVideoNEW43_f151_jpg.rf.24f576fa225a18abda7a2fd239f10b85.jpg,1,1,1.0,0.294,0.006,0.075,2.817,1.173,90.332,2.181,98.539
FireSmokeVideoNEW43_f1_jpg.rf.2310e3c5fe9e5383612f329bff47eaa8.jpg,1,1,1.0,0.282,0.006,0.075,2.993,1.241,82.02,2.009,90.238
FireSmokeVideoNEW43_f46_jpg.rf.d63e0607fd5c8d3d4dbbcd7636402655.jpg,1,1,1.0,0.284,0.005,0.075,2.722,1.255,94.295,2.481,102.733
FireSmokeVideoNEW43_f58_jpg.rf.b3d534991846f7f0c3be9c8fbd069b26.jpg,1,1,1.0,0.279,0.006,0.082,2.797,1.507,77.276,1.843,85.388
FireSmokeVideoNEW43_f62_jpg.rf.82ed45487cee94fee922be6cd05861a5.jpg,1,1,1.0,0.285,0.006,0.075,9.01,7.328,92.979,1.906,113.485
FireSmokeVideoNEW43_f6_jpg.rf.28701c4a24bdca1bdda4665b2073487c.jpg,1,1,1.0,0.278,0.006,0.074,4.901,6.585,76.72,1.82,91.988
FireSmokeVideoNEW43_f7_jpg.rf.4b141a903f849b42edc219e447f6ea6f.jpg,1,1,1.0,0.284,0.006,0.077,9.071,6.337,90.41,1.834,109.61
FireSmokeVideoNEW43_f93_jpg.rf.4bb70f866badfb4bf186f497a8e15dde.jpg,1,1,1.0,0.279,0.006,0.074,4.129,4.789,84.566,5.896,101.317
FireSmokeVideoNEW44_f10_jpg.rf.1a099b11831ea324b86b7db6aad4e190.jpg,1,1,1.0,0.281,0.006,0.076,2.658,1.184,76.847,1.881,84.491
FireSmokeVideoNEW44_f12_jpg.rf.287d396056e5d666fc90652fd12aa11b.jpg,1,1,1.0,0.356,0.006,0.074,2.626,1.236,85.776,4.992,96.627
FireSmokeVideoNEW44_f1_jpg.rf.8fd84f8ede5e0d1b75fb66a03c104345.jpg,1,1,1.0,0.286,0.006,0.076,2.765,1.133,76.83,1.838,84.513
FireSmokeVideoNEW44_f29_jpg.rf.90948668219ca6b432c4311b3d1fe87d.jpg,1,1,1.0,0.277,0.006,0.071,2.997,1.127,93.405,2.176,101.627
FireSmokeVideoNEW44_f3_jpg.rf.09b7b07d778ccfbf1aa1d5fd7ab2a489.jpg,1,1,1.0,0.28,0.005,0.074,2.799,1.15,78.024,1.878,85.824
FireSmokeVideoNEW44_f4_jpg.rf.50365b4aea4174a756f3a56fcd6fef37.jpg,1,1,1.0,0.277,0.006,0.071,4.756,5.998,88.929,1.898,103.543
FireSmokeVideoNEW44_f6_jpg.rf.2d73e91d9b13ec8a2435bae47319d708.jpg,1,1,1.0,0.282,0.006,0.072,8.295,6.264,75.747,1.827,94.107
FireSmokeVideoNEW44_f8_jpg.rf.95a1c81618934dd120a2b651a50fac00.jpg,1,1,1.0,0.297,0.006,0.077,8.039,7.086,81.537,1.884,100.568
FireSmokeVideoNEW47_f40_jpg.rf.5f060801803bc643ec5f695fee43e04f.jpg,1,1,1.0,0.285,0.006,0.077,8.062,5.992,75.507,1.88,93.475
FireSmokeVideoNEW47_f43_jpg.rf.cf493df141371b9522d667079baaa29b.jpg,1,1,1.0,0.28,0.006,0.073,7.8,7.064,77.781,1.999,96.623
FireSmokeVideoNEW49_f11_jpg.rf.5ef9296295f4d96310d8ad6cd7ce240d.jpg,1,1,1.0,0.277,0.006,0.072,7.995,5.582,84.586,2.491,102.664
FireSmokeVideoNEW49_f15_jpg.rf.315f582ceebe30dd42fc7f8cff62b979.jpg,1,1,1.0,0.284,0.006,0.074,6.507,5.738,75.767,2.272,92.241
FireSmokeVideoNEW49_f18_jpg.rf.08625a6c3f2100b04902eabe25650d45.jpg,1,1,0.9992,0.284,0.006,0.075,6.568,1.42,90.932,3.236,104.134
FireSmokeVideoNEW49_f2_jpg.rf.72cea76bc326a10997d80a46a3ce5040.jpg,1,1,1.0,0.279,0.006,0.075,3.166,1.201,77.576,1.846,85.758
FireSmokeVideoNEW49_f31_jpg.rf.b59bbd3f29e6d6b839434a3a209d61a8.jpg,1,1,1.0,0.291,0.007,0.073,2.754,1.161,100.909,2.467,109.23
FireSmokeVideoNEW49_f3_jpg.rf.185decf90ce201424a98f907394f8c41.jpg,1,1,1.0,0.278,0.006,0.077,2.829,1.191,89.703,4.065,99.844
FireSmokeVideoNEW49_f58_jpg.rf.4e365c8a4b1900a66a4213a5eaf063e3.jpg,1,1,1.0,0.288,0.006,0.078,9.301,6.216,77.318,1.858,96.737
FireSmokeVideoNEW49_f6_jpg.rf.11a50cad8492926d357ba9778e6ed649.jpg,1,1,1.0,0.284,0.006,0.074,3.734,1.181,76.878,2.006,85.84
FireSmokeVideoNEW49_f8_jpg.rf.2761b9d61846feba13cac2d062a252f4.jpg,1,1,1.0,0.289,0.006,0.077,3.261,1.952,78.74,1.914,87.941
FireSmokeVideoNEW4_f100_jpg.rf.7ad1d0ad84e3ca0e958dd7071581656a.jpg,1,1,1.0,0.284,0.005,0.074,3.529,3.572,81.418,3.943,94.438
FireSmokeVideoNEW4_f12_jpg.rf.d12325c895ff0c668c6a9eedfd00ba52.jpg,1,1,1.0,0.287,0.006,0.075,4.058,1.253,76.697,1.861,85.833
FireSmokeVideoNEW4_f13_jpg.rf.01a9bf3d024f7529b6e8c2a06a817604.jpg,1,1,1.0,0.285,0.005,0.134,7.636,1.272,87.822,2.253,100.965
FireSmokeVideoNEW4_f15_jpg.rf.3fb8f4b1612aca11f76ffddb8151aa4b.jpg,1,1,1.0,0.281,0.006,0.073,2.838,1.181,77.641,1.889,85.505
FireSmokeVideoNEW4_f165_jpg.rf.4ee0f69baae7ce220e922f215fb6edac.jpg,1,1,1.0,0.281,0.005,0.074,3.552,3.745,88.401,2.121,99.887
FireSmokeVideoNEW4_f221_jpg.rf.88b5d675e9d564b0b24ab37bd0fcf432.jpg,1,1,1.0,0.285,0.006,0.076,2.636,1.182,93.176,2.299,101.223
FireSmokeVideoNEW4_f223_jpg.rf.12dd131ba3912381ce3626066fe68f66.jpg,1,1,1.0,0.281,0.006,0.075,2.682,1.128,95.816,2.508,104.058
FireSmokeVideoNEW4_f239_jpg.rf.29ab8fba092fed08b3ebd8790066b5ee.jpg,1,1,1.0,0.284,0.006,0.074,2.645,1.154,77.209,2.261,85.185
FireSmokeVideoNEW4_f70_jpg.rf.0ec10a95d83c76b8700d0fb944968dee.jpg,1,1,1.0,0.278,0.006,0.075,2.889,1.182,76.915,1.914,84.88
FireSmokeVideoNEW4_f84_jpg.rf.247fd431e9365939a31d6aef5a7ac968.jpg,1,1,1.0,0.269,0.005,0.067,3.075,1.139,77.244,2.58,85.986
FireSmokeVideoNEW50_f10_jpg.rf.d3646ae84ac48a36362c6a6dd009147f.jpg,1,1,1.0,0.283,0.006,0.076,6.163,4.854,81.918,1.981,96.951
FireSmokeVideoNEW50_f2_jpg.rf.bc12bfdd4a1f9c0b86e8552fd512e758.jpg,1,1,1.0,0.278,0.006,0.076,8.384,6.056,79.788,3.548,99.805
FireSmokeVideoNEW50_f5_jpg.rf.3029f1d118e09c470767a7e262ca607e.jpg,1,1,1.0,0.211,0.004,0.046,5.163,1.21,77.817,1.876,87.954
FireSmokeVideoNEW50_f63_jpg.rf.d6b79638d748b7db365c164660df69d5.jpg,1,1,1.0,0.278,0.006,0.074,3.799,1.443,88.179,3.744,99.126
FireSmokeVideoNEW50_f67_jpg.rf.9e7991ed3b82ce54f2a2d9586f9faf4b.jpg,1,1,1.0,0.284,0.006,0.074,4.404,3.223,88.613,2.534,100.576
FireSmokeVideoNEW50_f7_jpg.rf.19d6efa8c83f194ffb376a4a92f4f6f7.jpg,1,1,1.0,0.374,0.006,0.074,3.807,1.213,90.898,2.534,100.518
FireSmokeVideoNEW51_f17_jpg.rf.9f7842f199026aea160bdeb040f718d8.jpg,1,1,1.0,0.361,0.006,0.079,2.708,0.97,77.809,1.918,85.465
FireSmokeVideoNEW51_f20_jpg.rf.7081febf27c70a1048a3dd6929c35be7.jpg,1,1,1.0,0.282,0.006,0.074,7.642,6.031,90.127,2.498,108.268
FireSmokeVideoNEW51_f28_jpg.rf.48cfd45dadc8564becc83f554de68fd7.jpg,1,1,1.0,0.283,0.006,0.075,9.047,5.969,76.39,1.837,95.179
FireSmokeVideoNEW51_f31_jpg.rf.b1fce11800be6ffe6220fbc9ebfd115a.jpg,1,1,1.0,0.42,0.006,0.077,8.841,1.191,73.996,1.86,88.481
FireSmokeVideoNEW51_f38_jpg.rf.a0c590f3d00cd2d603a5da732c52f004.jpg,1,1,1.0,0.269,0.006,0.069,2.637,1.127,77.865,2.228,86.145
FireSmokeVideoNEW51_f45_jpg.rf.e8857c8dc3aeb5fa4a28b021cacadfc9.jpg,1,1,1.0,0.522,0.007,0.185,5.47,1.17,83.999,1.977,95.648
FireSmokeVideoNEW52_f117_jpg.rf.4c2486100b798b321e83516cabc9b952.jpg,1,1,1.0,0.29,0.006,0.077,2.735,1.157,76.787,2.231,84.828
FireSmokeVideoNEW52_f25_jpg.rf.70fc20b927b70fdef1c6b38b0bd91294.jpg,1,1,1.0,0.346,0.006,0.071,2.912,1.341,91.581,1.926,99.701
FireSmokeVideoNEW52_f27_jpg.rf.8ca5ff396c7c6b4e7b3c6caa73dd58c5.jpg,1,1,1.0,0.264,0.006,0.065,2.567,1.486,77.571,3.563,87.171
FireSmokeVideoNEW52_f48_jpg.rf.110f8a1d937dabd86246058d3abe0334.jpg,1,1,0.9984,0.288,0.006,0.076,2.784,1.162,77.406,1.908,85.289
FireSmokeVideoNEW52_f56_jpg.rf.4cfea41c17ca8e75d0a847bc08a45843.jpg,1,1,1.0,0.266,0.005,0.067,3.092,1.502,77.494,2.27,86.351
FireSmokeVideoNEW52_f73_jpg.rf.42f03c3bd3633b39a37dbfa5012e3be6.jpg,1,1,0.9995,0.272,0.005,0.072,2.583,1.188,76.75,1.789,84.181
FireSmokeVideoNEW52_f86_jpg.rf.059741169bf547d1257c50b3c141b680.jpg,1,1,1.0,0.268,0.006,0.069,2.562,1.202,80.945,2.099,88.64
FireSmokeVideoNEW55_f115_jpg.rf.d1ae9b75ffb1fc11f07252ac292e6431.jpg,1,1,1.0,0.363,0.005,0.064,3.882,1.149,76.599,1.803,85.446
FireSmokeVideoNEW55_f152_jpg.rf.b66429422c18048f82abc66f57384df3.jpg,1,1,1.0,0.286,0.006,0.077,3.175,1.171,76.628,1.886,84.763
FireSmokeVideoNEW55_f154_jpg.rf.74673752682094de5a6b34378ff0e89b.jpg,1,1,1.0,0.287,0.006,0.077,5.801,6.107,76.049,1.938,93.265
FireSmokeVideoNEW55_f25_jpg.rf.b8f388962343ad7c62262e3120adfef6.jpg,1,1,1.0,0.285,0.006,0.077,8.01,6.39,88.527,3.527,108.557
FireSmokeVideoNEW55_f33_jpg.rf.6dfe5220f8b8395651f23aab7782d716.jpg,1,1,1.0,0.285,0.006,0.078,8.614,5.967,76.195,1.947,94.631
FireSmokeVideoNEW55_f35_jpg.rf.b1ba09ffc4711f7e00d1f2f9040ed460.jpg,1,1,1.0,0.286,0.005,0.075,6.568,6.647,88.646,2.485,106.279
FireSmokeVideoNEW55_f39_jpg.rf.bda21bfaa7b58bf9e44f57e04a068571.jpg,1,1,1.0,0.285,0.006,0.076,5.204,1.246,77.866,2.519,88.797
FireSmokeVideoNEW55_f50_jpg.rf.7e57e6c280e07b130928e7b766f59d72.jpg,1,1,1.0,0.276,0.005,0.076,3.447,1.214,94.848,2.514,104.065
FireSmokeVideoNEW55_f64_jpg.rf.8ddb32c3be6ac4b80833b38834ad0018.jpg,1,1,1.0,0.286,0.006,0.076,3.451,1.232,77.459,1.841,85.962
FireSmokeVideoNEW55_f66_jpg.rf.1d537844825b5588928eb942a09d8b55.jpg,1,1,1.0,0.292,0.006,0.079,3.635,6.392,90.814,2.125,105.103
FireSmokeVideoNEW55_f72_jpg.rf.9f614fd81f654f89a0f07ee8c0bf03c0.jpg,1,1,1.0,0.292,0.006,0.075,8.062,4.558,76.504,1.934,93.275
FireSmokeVideoNEW55_f74_jpg.rf.353677df9beecc811dd207738524b80a.jpg,1,1,1.0,0.278,0.006,0.071,6.329,2.668,75.725,1.877,88.548
FireSmokeVideoNEW55_f90_jpg.rf.eaac7ac5a298d9e3c459041ceaf40eef.jpg,1,1,1.0,0.282,0.006,0.075,4.251,1.318,86.328,3.813,97.655
FireSmokeVideoNEW55_f93_jpg.rf.3d60ab78d80b5cba8cadfcfe07d71f34.jpg,1,1,1.0,0.282,0.006,0.074,2.717,1.186,77.441,1.929,85.217
FireSmokeVideoNEW55_f99_jpg.rf.2e8135bbbea4c4f8608077c3d23b9b79.jpg,1,1,1.0,0.283,0.006,0.075,4.816,1.268,88.26,2.213,98.627
FireSmokeVideoNEW58_f10_jpg.rf.34642e8d6104c2cf111d96077f69f349.jpg,1,1,1.0,0.281,0.006,0.073,2.793,1.646,83.598,1.99,91.952
FireSmokeVideoNEW58_f23_jpg.rf.7aa1922cfe5c0a987bc27e57c9cdee43.jpg,1,1,1.0,0.283,0.006,0.074,3.006,1.132,91.016,2.503,99.639
FireSmokeVideoNEW58_f25_jpg.rf.d2ede85b72b2e3e02c208a61074c897d.jpg,1,1,1.0,0.285,0.006,0.072,2.62,1.234,77.972,2.229,85.97
FireSmokeVideoNEW58_f2_jpg.rf.03e2a75bb1afb651cd8cf3315930f183.jpg,1,1,1.0,0.28,0.006,0.076,2.653,1.191,90.78,2.178,98.734
FireSmokeVideoNEW58_f7_jpg.rf.ca1e260c76e65133a009208a47475de2.jpg,1,1,1.0,0.281,0.006,0.076,2.759,1.133,77.015,1.856,84.725
FireSmokeVideoNEW5_f1_jpg.rf.fc8b943c1d95d048b71778ab67928710.jpg,1,1,1.0,0.277,0.005,0.075,2.767,1.13,94.304,2.265,102.429
FireSmokeVideoNEW5_f24_jpg.rf.27b2c054ee3691848ce763832ed16dc3.jpg,1,1,1.0,0.282,0.006,0.075,2.655,1.204,87.078,1.904,94.772
FireSmokeVideoNEW5_f2_jpg.rf.2936e138aa616aa14219f359f8debd81.jpg,1,1,1.0,0.286,0.006,0.076,4.273,3.392,76.199,1.904,87.715
FireSmokeVideoNEW5_f3_jpg.rf.45d4850aa6d9b9bb8f9d3afbc0c6d3a5.jpg,1,1,1.0,0.282,0.006,0.075,2.707,1.13,77.647,1.853,85.269
FireSmokeVideoNEW5_f5_jpg.rf.60be1f9ed53ebbff57a6e62e52522e8e.jpg,1,1,1.0,0.286,0.006,0.15,5.491,8.056,76.423,1.947,93.987
FireSmokeVideoNEW5_f8_jpg.rf.e335bc657b7862165884e0f8e6fa86d2.jpg,1,1,1.0,0.283,0.006,0.075,6.752,6.131,76.484,1.919,93.235
FireSmokeVideoNEW60_f12_jpg.rf.9ee600591abbeb4a4d576b27a8b8534c.jpg,1,1,1.0,0.204,0.004,0.051,12.279,6.196,76.965,1.88,99.13
FireSmokeVideoNEW60_f38_jpg.rf.81f0837c96882d66a37c9c077e080238.jpg,1,1,1.0,0.269,0.005,0.114,3.423,3.506,76.661,4.256,90.163
FireSmokeVideoNEW60_f46_jpg.rf.961c2dcbda93abfb50002758e070b5bf.jpg,1,1,1.0,0.335,0.007,0.076,4.053,1.149,77.071,1.85,86.101
FireSmokeVideoNEW60_f48_jpg.rf.388f14f791f28de8e5b12b7f2c854282.jpg,1,1,1.0,0.274,0.005,0.068,3.189,1.128,79.771,3.746,89.777
FireSmokeVideoNEW60_f51_jpg.rf.2468377187eec51e2eecea3d65330d9f.jpg,1,1,1.0,0.279,0.005,0.076,6.352,6.197,84.032,1.932,100.506
FireSmokeVideoNEW60_f53_jpg.rf.e5daa42d0db75cd635b04588a59731ae.jpg,1,1,1.0,0.279,0.006,0.074,7.822,6.643,94.792,2.452,113.709
FireSmokeVideoNEW60_f55_jpg.rf.e7c05e6be084452e955cb31822b2da71.jpg,1,1,1.0,0.383,0.006,0.076,6.276,1.259,77.658,1.859,89.162
FireSmokeVideoNEW60_f58_jpg.rf.6d1442fd8ba37afa5c47043a5cc629e0.jpg,1,1,1.0,0.277,0.006,0.073,4.286,1.135,88.474,2.472,98.369
FireSmokeVideoNEW60_f5_jpg.rf.aa5a968f6e31f82dcc3487faa9615c6d.jpg,1,1,1.0,0.281,0.006,0.074,3.527,1.113,77.08,2.033,85.695
FireSmokeVideoNEW60_f64_jpg.rf.b96c38426b1e25a56f10f7817118c56a.jpg,1,1,1.0,0.283,0.006,0.076,9.689,6.936,77.284,1.849,98.387
FireSmokeVideoNEW60_f69_jpg.rf.532d6f1cf55d06ded7d5e4243b6535b5.jpg,1,1,1.0,0.283,0.005,0.072,3.325,1.153,83.32,2.525,92.244
FireSmokeVideoNEW60_f70_jpg.rf.865c91bc35778ec0bbe24559b9f2c81d.jpg,1,1,1.0,0.284,0.006,0.073,3.238,1.161,77.109,1.829,85.382
FireSmokeVideoNEW60_f75_jpg.rf.b914a4abfea9b61f512996d147ec0ca3.jpg,1,1,1.0,0.292,0.006,0.077,2.609,1.961,76.805,1.978,85.243
FireSmokeVideoNEW60_f9_jpg.rf.9c8beb518c921372991999ac1c49e40c.jpg,1,1,1.0,0.286,0.006,0.079,13.002,1.107,82.254,1.923,100.177
FireSmokeVideoNEW65_f117_jpg.rf.1bbdd4f95a006a3b6b1f27ef5f536866.jpg,1,1,1.0,0.274,0.005,0.072,2.957,1.21,90.46,2.428,98.972
FireSmokeVideoNEW65_f11_jpg.rf.50cd474bf007c757d8bc138479805020.jpg,1,1,1.0,0.285,0.006,0.076,2.819,1.213,75.842,1.877,83.713
FireSmokeVideoNEW65_f12_jpg.rf.aa5bbc87c3e07da06a59f895f606509f.jpg,1,1,1.0,0.289,0.006,0.078,3.098,1.298,91.414,2.138,99.533
FireSmokeVideoNEW65_f14_jpg.rf.87c95776046ba5dabfc6ff1a147df6bd.jpg,1,1,0.9997,0.274,0.005,0.071,2.731,1.454,76.788,1.741,84.632
FireSmokeVideoNEW65_f1_jpg.rf.c3cc440dc95f4454fc091247861e6caa.jpg,1,1,1.0,0.269,0.006,0.07,2.728,1.164,89.195,2.362,97.34
FireSmokeVideoNEW65_f40_jpg.rf.25e48681a4a80d3e5a7c2d5ef33493ab.jpg,1,1,1.0,0.287,0.006,0.075,2.794,1.236,78.243,1.881,86.161
FireSmokeVideoNEW65_f46_jpg.rf.4217997f473ffe7da24315de5aaece67.jpg,1,1,1.0,0.283,0.006,0.073,3.244,1.311,93.006,2.481,102.022
FireSmokeVideoNEW65_f50_jpg.rf.d61341ea9e88e5ed5acc90a3297a851a.jpg,1,1,1.0,0.279,0.006,0.075,2.822,1.229,83.768,1.426,91.253
FireSmokeVideoNEW65_f5_jpg.rf.3441cd75841d6f97430310c78b39d6fa.jpg,1,1,1.0,0.228,0.004,0.049,9.054,6.735,93.461,1.995,113.595
FireSmokeVideoNEW65_f73_jpg.rf.4766aec0b5f45ce3be112ecf3dd68757.jpg,1,1,1.0,0.294,0.006,0.077,7.552,1.314,76.272,1.984,89.144
FireSmokeVideoNEW65_f79_jpg.rf.713d994f59767ed9bf9a3cd2b5854501.jpg,1,1,1.0,0.227,0.004,0.049,7.834,5.983,77.683,2.284,95.707
FireSmokeVideoNEW65_f88_jpg.rf.95d2b25d237ff418711f21e2e2614bf8.jpg,1,1,1.0,0.282,0.006,0.077,7.337,5.723,75.848,2.57,93.498
FireSmokeVideoNEW66_f14_jpg.rf.482cb0050ef9c8c8a0a968b3943b7694.jpg,1,1,1.0,0.364,0.006,0.078,5.73,3.079,82.184,2.013,95.079
FireSmokeVideoNEW66_f5_jpg.rf.7cb799fabf2d42e0a4f065497d86d27d.jpg,1,1,1.0,0.28,0.006,0.075,2.847,1.236,82.896,6.104,95.142
FireSmokeVideoNEW68_f0_jpg.rf.c6033aa3afcd43addcf5723dc3d55109.jpg,1,1,1.0,0.288,0.006,0.077,3.779,1.22,77.006,1.874,85.858
FireSmokeVideoNEW68_f18_jpg.rf.9d0cd9f0cd43165e76a7e897d52688bc.jpg,1,1,1.0,0.284,0.006,0.075,3.815,1.238,82.146,3.468,92.67
FireSmokeVideoNEW68_f23_jpg.rf.423c2e6022e5b48f02d1d5bd1b4ce56d.jpg,1,1,1.0,0.286,0.006,0.075,3.905,1.243,78.03,1.957,87.169
FireSmokeVideoNEW68_f2_jpg.rf.b0f36b8ac9a557cbc6240b67da533458.jpg,1,1,1.0,0.287,0.006,0.076,5.747,5.135,91.718,2.855,107.475
FireSmokeVideoNEW68_f36_jpg.rf.9ed01aedaae56ff44ba333675646ba74.jpg,1,1,1.0,0.28,0.005,0.078,7.515,6.493,75.986,1.876,93.757
FireSmokeVideoNEW68_f3_jpg.rf.2bb13b31cfa6035877e0e84c4f1b37d0.jpg,1,1,1.0,0.283,0.006,0.075,2.901,1.164,94.05,2.501,102.684
FireSmokeVideoNEW68_f7_jpg.rf.20a675000fe1db7e2751fdfe45ce1a71.jpg,1,1,1.0,0.281,0.005,0.079,2.778,1.168,77.537,1.846,85.318
FireSmokeVideoNEW68_f9_jpg.rf.cadca7ef759f84b188f1561c1cd133ef.jpg,1,1,1.0,0.286,0.005,0.077,2.882,1.171,92.989,2.507,101.521
FireSmokeVideoNEW69_f14_jpg.rf.8564b48b288a119d4cd9a5e80bf10c47.jpg,1,1,0.9999,0.289,0.006,0.076,2.802,1.819,76.354,1.859,84.882
FireSmokeVideoNEW69_f1_jpg.rf.9e44b871ec373d8efeac083f49c5f705.jpg,1,1,1.0,0.369,0.006,0.079,7.352,6.849,87.499,1.989,105.636
FireSmokeVideoNEW69_f22_jpg.rf.862ea9c76eec91567d9221b2a755959d.jpg,1,1,1.0,0.279,0.006,0.072,3.907,3.269,75.339,1.934,87.061
FireSmokeVideoNEW69_f24_jpg.rf.e26bbf96d54ff4c6de836ba7e204c604.jpg,1,1,1.0,0.417,0.005,0.053,3.693,4.234,92.504,2.11,104.746
FireSmokeVideoNEW69_f28_jpg.rf.5954fde5f89bf91ae38eb2261df37169.jpg,1,1,0.9997,0.281,0.006,0.073,2.865,1.332,75.827,2.517,84.563
FireSmokeVideoNEW69_f33_jpg.rf.110cfd07f30bb04df887e4535ddd2a45.jpg,1,1,1.0,0.213,0.004,0.047,3.781,1.217,78.071,2.273,87.251
FireSmokeVideoNEW69_f4_jpg.rf.cef4a8aaba081738c8f28ec5cb491daf.jpg,1,1,1.0,0.373,0.006,0.075,2.724,1.319,83.278,2.099,91.502
FireSmokeVideoNEW69_f8_jpg.rf.753be5b79184e5298e5828093e65739e.jpg,1,1,1.0,0.211,0.004,0.047,2.218,1.726,77.704,1.863,85.372
FireSmokeVideoNEW6_f26_jpg.rf.5fc336666efe2dea8e0559f2c13862d5.jpg,1,0,0.9994,0.287,0.017,0.075,3.616,1.186,76.973,2.712,86.438
FireSmokeVideoNEW71_f1_jpg.rf.595d2b88d2c2f78a56d269ef66bb4297.jpg,1,1,1.0,0.285,0.006,0.077,2.886,1.185,76.47,1.614,84.079
FireSmokeVideoNEW71_f2_jpg.rf.2db0e0efbeb737f7bf96e673cf0dede3.jpg,1,1,1.0,0.25,0.005,0.06,2.477,1.213,77.68,2.59,85.67
FireSmokeVideoNEW71_f4_jpg.rf.d22912ef5fd0628194172fd48f29fe54.jpg,1,1,1.0,0.365,0.006,0.076,2.76,1.274,76.717,1.764,84.548
FireSmokeVideoNEW71_f6_jpg.rf.a50cdf04986e472627204f7ec4b5f5a6.jpg,1,1,1.0,0.276,0.005,0.073,4.195,1.035,88.143,2.245,97.475
FireSmokeVideoNEW72_f11_jpg.rf.ad5313a830b6d7fee0b6c8f0c56061c3.jpg,1,1,1.0,0.354,0.005,0.05,6.28,6.532,77.132,1.624,93.267
FireSmokeVideoNEW72_f13_jpg.rf.d058cce69315377b7eadf9b7398179cb.jpg,1,1,1.0,0.292,0.006,0.076,6.74,6.404,89.305,2.516,106.963
FireSmokeVideoNEW72_f17_jpg.rf.d570def4b06c76e6cd8e89118bff7fc1.jpg,1,1,1.0,0.273,0.005,0.075,2.843,1.231,75.768,1.861,83.719
FireSmokeVideoNEW72_f22_jpg.rf.9619fa123844ddde152c20ddf323bb0d.jpg,1,1,1.0,0.284,0.006,0.075,2.827,1.239,90.564,2.26,98.866
FireSmokeVideoNEW72_f33_jpg.rf.498d88ae9e2e3fb1e7ec250d119eab2f.jpg,1,1,1.0,0.286,0.005,0.077,2.741,1.321,83.933,2.026,91.982
FireSmokeVideoNEW72_f43_jpg.rf.c3616a9cece886241f5d31d681cf3b82.jpg,1,1,1.0,0.36,0.006,0.077,2.782,1.283,92.322,2.579,101.018
FireSmokeVideoNEW72_f49_jpg.rf.fea0e91163420323b138beb4c050855b.jpg,1,1,1.0,0.283,0.006,0.076,2.698,1.281,78.022,1.891,85.863
FireSmokeVideoNEW72_f62_jpg.rf.6edd68c72b3f5912c3f1bf1213e016e0.jpg,1,1,1.0,0.289,0.006,0.076,2.887,1.82,90.328,2.53,99.559
FireSmokeVideoNEW72_f65_jpg.rf.ff3c8aafe556db2e560fe50f230391b3.jpg,1,1,1.0,0.38,0.006,0.078,2.713,1.46,77.805,2.165,86.203
FireSmokeVideoNEW72_f75_jpg.rf.62c9abfdcae23779e7dc701529aaf536.jpg,1,1,1.0,0.317,0.004,0.049,9.588,5.802,96.723,2.477,116.622
FireSmokeVideoNEW72_f7_jpg.rf.7c62522f90506aa1728fe65b914acf7c.jpg,1,1,1.0,0.278,0.006,0.076,4.32,3.235,75.904,1.853,87.282
FireSmokeVideoNEW74_f21_jpg.rf.c0f9fb0f3f221779c24897948f4ec8d7.jpg,1,1,1.0,0.286,0.006,0.078,7.93,6.642,80.26,1.876,98.704
FireSmokeVideoNEW74_f24_jpg.rf.66168d8081eda452714a8c8f07bbdcd8.jpg,1,1,1.0,0.29,0.006,0.078,3.347,1.206,76.848,2.222,85.538
FireSmokeVideoNEW74_f26_jpg.rf.345c458b97028004ad0acae920cae7b6.jpg,1,1,1.0,0.282,0.006,0.075,2.746,1.161,77.388,1.863,85.14
FireSmokeVideoNEW74_f30_jpg.rf.59c54e77e2c7cc4c68af58a2a5390808.jpg,1,1,1.0,0.283,0.006,0.074,2.705,1.15,77.383,1.937,85.103
FireSmokeVideoNEW74_f32_jpg.rf.4ac20702db05eeec56186d73cbca8766.jpg,1,1,1.0,0.284,0.006,0.077,6.872,6.264,76.758,1.799,93.692
FireSmokeVideoNEW74_f34_jpg.rf.d9724abb9bfaa342616f6c01948fea7f.jpg,1,1,1.0,0.28,0.005,0.074,4.462,1.129,77.004,2.076,86.611
FireSmokeVideoNEW74_f36_jpg.rf.fcbb11b2075d8d9f4dbf6e326a0320dc.jpg,1,1,1.0,0.28,0.005,0.152,8.081,6.274,75.205,1.847,93.476
FireSmokeVideoNEW74_f38_jpg.rf.18ff7f74a408a680122d645d40591e9a.jpg,1,1,1.0,0.289,0.006,0.075,7.584,6.709,97.724,2.144,116.096
FireSmokeVideoNEW74_f41_jpg.rf.a6c359519d19b8ed61be5ff17839f197.jpg,1,1,1.0,0.286,0.006,0.075,3.217,1.143,77.494,1.859,85.622
FireSmokeVideoNEW74_f43_jpg.rf.d00bcca3fb8e0a6d10644bc0b3bd41eb.jpg,1,1,1.0,0.283,0.006,0.075,2.722,1.15,95.038,2.157,103.006
FireSmokeVideoNEW74_f47_jpg.rf.015888a3b5629ef1c46d1f31c1046ab6.jpg,1,1,1.0,0.275,0.006,0.073,2.729,1.159,77.794,1.893,85.549
FireSmokeVideoNEW74_f4_jpg.rf.bcdd36ff2e50cd106574eb5718448952.jpg,1,1,1.0,0.283,0.005,0.077,2.648,1.149,89.907,2.483,98.119
FireSmokeVideoNEW74_f53_jpg.rf.5efb2429584d39e2b2a1a49a423fae0c.jpg,1,1,1.0,0.28,0.006,0.076,2.721,1.138,77.955,2.227,85.963
FireSmokeVideoNEW74_f58_jpg.rf.c150e91787c7f8a20f332da7927e8783.jpg,1,1,1.0,0.279,0.005,0.074,2.681,1.129,89.851,2.113,97.71
FireSmokeVideoNEW74_f60_jpg.rf.1cdc02e995445f11a06bb524a8b70053.jpg,1,1,1.0,0.283,0.006,0.075,2.757,1.155,83.77,1.913,91.521
FireSmokeVideoNEW74_f69_jpg.rf.f6ff5cbdf69fb044623d261520936a7d.jpg,1,1,1.0,0.361,0.006,0.074,2.592,1.242,92.727,2.529,101.053
FireSmokeVideoNEW74_f73_jpg.rf.01c8014550eabc4548809852b07c6a92.jpg,1,1,1.0,0.283,0.005,0.077,2.929,1.149,81.173,1.914,89.096
FireSmokeVideoNEW74_f75_jpg.rf.b29efe2ebb2ba867d688a0fb1ee8e0ee.jpg,1,1,1.0,0.285,0.006,0.075,2.623,1.573,89.383,2.016,97.539
FireSmokeVideoNEW76_f13_jpg.rf.48c07cdb4a4555c8fac7eb90799fd407.jpg,1,0,0.7283,0.284,0.006,0.077,2.749,1.145,77.649,1.856,85.367
FireSmokeVideoNEW76_f15_jpg.rf.0ed5839aa46894923b87d6cecba5efbe.jpg,1,0,0.9997,0.288,0.007,0.08,3.73,1.146,79.188,1.885,87.953
FireSmokeVideoNEW76_f17_jpg.rf.89a5b32599f08ff6d6b144b7e61b9712.jpg,1,0,1.0,0.285,0.006,0.076,3.021,1.136,77.748,1.921,85.824
FireSmokeVideoNEW76_f19_jpg.rf.78a45915d1eb907788ababec5310ba76.jpg,1,0,1.0,0.286,0.006,0.079,7.154,2.099,75.467,1.924,88.27
FireSmokeVideoNEW76_f21_jpg.rf.7ff137c89ba1e12c0f41300d976a8900.jpg,1,0,1.0,0.27,0.005,0.068,3.492,1.245,77.653,3.318,87.696
FireSmokeVideoNEW78_f129_jpg.rf.2d444dd2cf9fec590e4affcc70ee39eb.jpg,1,1,1.0,0.283,0.005,0.079,3.341,1.289,76.924,1.898,85.432
FireSmokeVideoNEW79_f11_jpg.rf.25292878eba539325fd867ff672153d7.jpg,1,1,1.0,0.285,0.006,0.072,2.848,1.251,77.418,1.925,85.457
FireSmokeVideoNEW79_f13_jpg.rf.f7e5cad16c5c444d4797fdebaedd9a6a.jpg,1,1,1.0,0.297,0.018,0.076,3.734,1.223,92.282,2.01,101.301
FireSmokeVideoNEW7_f106_jpg.rf.ba3ec205bb89efbbfc64fb46305a6ac0.jpg,1,1,1.0,0.274,0.006,0.069,2.746,1.183,79.209,4.615,89.77
FireSmokeVideoNEW7_f114_jpg.rf.19f7a9cac937c20922db17e7843964c3.jpg,1,1,0.9888,0.286,0.006,0.077,7.489,6.031,75.407,2.514,93.492
FireSmokeVideoNEW7_f40_jpg.rf.8c23940fa961ed65bde2075a96cf7d5a.jpg,1,1,1.0,0.283,0.006,0.075,8.281,6.001,83.466,2.423,102.155
FireSmokeVideoNEW7_f42_jpg.rf.fc01ed3256e4de328cbb887686c3e2b6.jpg,1,1,1.0,0.288,0.006,0.075,6.631,1.233,75.896,1.88,87.707
FireSmokeVideoNEW7_f56_jpg.rf.72eb0b9c179be3b73389cb4ecb2e66f5.jpg,1,1,0.9997,0.284,0.006,0.077,2.744,2.68,98.672,2.486,109.198
FireSmokeVideoNEW7_f69_jpg.rf.1cb69b7fbaee6b6551e64b94bcd6d8a5.jpg,1,1,1.0,0.286,0.006,0.075,3.815,6.65,76.248,1.876,90.84
FireSmokeVideoNEW7_f7_jpg.rf.557a52cc5382677ca0d46f89efc7ed2b.jpg,1,1,0.9999,0.305,0.005,0.077,9.112,6.89,76.174,2.302,96.457
FireSmokeVideoNEW7_f8_jpg.rf.5d0ea556bf5d8f7cd1d58eaa3d1842f2.jpg,1,1,1.0,0.281,0.006,0.074,6.996,1.877,78.339,2.416,91.573
FireSmokeVideoNEW80_f11_jpg.rf.05759433efcacb33d8a26468f7585b99.jpg,1,1,1.0,0.282,0.006,0.075,6.36,1.175,77.144,1.913,88.615
FireSmokeVideoNEW80_f13_jpg.rf.9c6a7629abe648bbcf71629b0d7e505e.jpg,1,1,1.0,0.396,0.006,0.077,2.718,1.361,81.265,3.5,90.931
FireSmokeVideoNEW80_f32_jpg.rf.3b5c0b1ebab68acae862f33e0374b3ec.jpg,1,1,0.9788,0.286,0.004,0.047,4.409,1.229,77.14,1.892,86.635
FireSmokeVideoNEW80_f34_jpg.rf.f1c207f818f1cd217bea5c96f9e9d4ab.jpg,1,1,0.962,0.289,0.005,0.08,4.743,1.224,81.037,3.149,92.209
FireSmokeVideoNEW80_f41_jpg.rf.bab3cbb40abe405482495f7a75346e8f.jpg,1,1,1.0,0.29,0.006,0.078,2.551,1.658,76.993,2.0,85.271
FireSmokeVideoNEW80_f8_jpg.rf.035ed7478daa45c1e06ab3523c909e64.jpg,1,1,1.0,0.283,0.006,0.074,2.699,1.266,77.889,3.516,87.341
FireSmokeVideoNEW81_f18_jpg.rf.8a4deba38a80b2d33016f55eaa30e25b.jpg,1,1,1.0,0.292,0.007,0.081,2.8,1.17,78.06,1.923,86.053
FireSmokeVideoNEW81_f34_jpg.rf.6faebf94308b689b3be118624121310c.jpg,1,1,0.752,0.284,0.004,0.077,3.13,1.17,82.877,2.874,92.007
FireSmokeVideoNEW81_f36_jpg.rf.671fb0b8fdcd8370174c641d2b48ecbf.jpg,1,1,1.0,0.289,0.006,0.077,2.76,1.161,76.921,1.927,84.745
FireSmokeVideoNEW81_f38_jpg.rf.227b1e5aee07bc90863b964edb44d457.jpg,1,1,1.0,0.222,0.004,0.045,4.689,5.201,90.83,2.557,105.183
FireSmokeVideoNEW81_f3_jpg.rf.caf4eabc98635fd866eb054ff6b28c89.jpg,1,1,1.0,0.283,0.006,0.076,4.629,1.169,77.674,1.849,87.303
FireSmokeVideoNEW81_f44_jpg.rf.3b4966647e8c86694dc973addf81e4b7.jpg,1,1,1.0,0.289,0.006,0.188,2.652,1.346,83.668,4.129,93.865
FireSmokeVideoNEW81_f4_jpg.rf.1c8e0b53c1a60eeca4a1a87725c6a33b.jpg,1,1,1.0,0.289,0.006,0.079,2.822,1.192,77.247,1.839,85.119
FireSmokeVideoNEW81_f51_jpg.rf.6eed84c90fc84bc339ab94acb5f368d5.jpg,1,0,0.9999,0.288,0.006,0.076,2.819,1.174,82.849,2.62,91.44
FireSmokeVideoNEW81_f5_jpg.rf.8fe51428c042df33ef7056792bac041e.jpg,1,1,1.0,0.286,0.006,0.079,2.817,1.199,76.794,1.907,84.778
FireSmokeVideoNEW81_f61_jpg.rf.8821e2feee7a313a5a0fa06f95aaf907.jpg,1,1,1.0,0.28,0.006,0.075,2.784,1.256,81.249,2.584,89.892
FireSmokeVideoNEW81_f67_jpg.rf.ec30df4bbf4ae496ce1894987521006c.jpg,1,1,1.0,0.304,0.006,0.081,5.082,1.139,76.796,1.853,86.846
FireSmokeVideoNEW81_f74_jpg.rf.81372f8c38cf4dc71f4aaea4c80c4f07.jpg,1,1,1.0,0.282,0.006,0.073,2.649,1.142,83.168,2.583,91.476
FireSmokeVideoNEW81_f93_jpg.rf.ad4fbc63a6dc74e3290ea7a3ec019188.jpg,1,1,1.0,0.286,0.006,0.076,2.678,1.133,92.83,1.89,100.52
FireSmokeVideoNEW82_f15_jpg.rf.e7dc2fa4db618aad84776dd955ef51bc.jpg,1,1,1.0,0.286,0.006,0.076,2.831,2.505,90.734,2.445,100.518
FireSmokeVideoNEW82_f19_jpg.rf.f89ed1457a061c51371208925b37eb5a.jpg,1,1,1.0,0.277,0.006,0.072,2.829,1.237,77.334,1.875,85.206
FireSmokeVideoNEW82_f34_jpg.rf.4dbf9c32786ae8ef9aef2aefc6c30abf.jpg,1,1,1.0,0.276,0.006,0.073,4.278,7.026,94.21,2.144,109.665
FireSmokeVideoNEW82_f53_jpg.rf.72fe99e96a5174851f2a3c7bf8f5b035.jpg,1,1,1.0,0.277,0.006,0.074,4.729,6.389,75.585,1.978,90.711
FireSmokeVideoNEW82_f5_jpg.rf.3c3f9d351bd2f08caf96dd839eb0be35.jpg,1,1,1.0,0.335,0.006,0.077,3.066,3.998,80.582,1.908,91.593
FireSmokeVideoNEW82_f63_jpg.rf.c2b1dde739bef360dd7ed5bb170a3536.jpg,1,1,1.0,0.287,0.006,0.076,3.053,1.173,80.08,2.351,88.655
FireSmokeVideoNEW82_f6_jpg.rf.97cddea8b6f913186557f3cb6b06be31.jpg,1,1,1.0,0.283,0.005,0.077,2.774,1.147,78.132,2.235,86.229
FireSmokeVideoNEW83_f79_jpg.rf.a635ec3ab697f0c8c37fc56fcb4a9d8e.jpg,1,1,1.0,0.28,0.006,0.074,2.667,1.343,81.237,2.532,89.693
FireSmokeVideoNEW83_f83_jpg.rf.7eb47aaaa2195f3b401f0534f4ab8c17.jpg,1,1,1.0,0.28,0.006,0.077,2.709,1.131,86.049,1.908,93.786
FireSmokeVideoNEW84_f11_jpg.rf.331db204725890d7841a0ba5804e1d51.jpg,1,1,1.0,0.281,0.006,0.074,3.597,1.154,92.849,3.411,102.964
FireSmokeVideoNEW84_f17_jpg.rf.f35283a94798dbd36e444f3d83fcc20c.jpg,1,1,1.0,0.285,0.006,0.073,2.67,1.154,76.982,1.855,84.634
FireSmokeVideoNEW84_f22_jpg.rf.57b54d823b56221442b406406ae6fda3.jpg,1,1,0.9999,0.275,0.006,0.072,3.053,1.139,92.28,1.967,100.366
FireSmokeVideoNEW84_f24_jpg.rf.c78709aba0fa619a1522f8a54b5eb33c.jpg,1,1,1.0,0.283,0.006,0.074,2.819,1.142,78.106,1.898,85.958
FireSmokeVideoNEW84_f26_jpg.rf.903f11c42bfe14f9284c7893c731f7fc.jpg,1,1,1.0,0.281,0.006,0.075,8.079,5.255,77.636,2.207,95.099
FireSmokeVideoNEW84_f28_jpg.rf.4a605bea32b958e1f875dc9ae4787c2c.jpg,1,1,1.0,0.286,0.005,0.076,3.52,4.053,75.867,1.938,87.351
FireSmokeVideoNEW84_f30_jpg.rf.b1fa31c3b4b0231160d0fe95a8b2df48.jpg,1,1,1.0,0.531,0.006,0.107,6.624,1.197,75.969,1.954,87.572
FireSmokeVideoNEW84_f40_jpg.rf.99b1a8a40e68bb37b4bcd6210f807577.jpg,1,1,1.0,0.288,0.006,0.075,3.656,1.163,77.735,2.605,87.135
FireSmokeVideoNEW86_f21_jpg.rf.66bfdf3c31cf623a69833f84823419be.jpg,1,1,1.0,0.281,0.006,0.078,2.945,1.296,88.044,2.183,96.478
FireSmokeVideoNEW86_f44_jpg.rf.528671157dc0f3573a31e135eb5c960b.jpg,1,1,1.0,0.283,0.006,0.075,2.937,1.181,77.793,3.011,86.954
FireSmokeVideoNEW86_f59_jpg.rf.ec954c76bba3453c1e3fbed6b0e4126f.jpg,1,1,1.0,0.286,0.006,0.077,2.764,1.196,77.35,1.978,85.258
FireSmokeVideoNEW87_f15_jpg.rf.1df24b2694a7dcd8cdc18a92d098bff5.jpg,1,1,1.0,0.289,0.005,0.074,2.773,1.179,83.066,2.502,91.592
FireSmokeVideoNEW87_f1_jpg.rf.9686a4eb8a357bcb8d6af17613d63b0b.jpg,1,1,0.9975,0.206,0.004,0.048,8.864,5.985,76.096,1.833,94.703
FireSmokeVideoNEW8_f106_jpg.rf.0ada3dacd447a467782cec413e893cbd.jpg,1,1,1.0,0.243,0.004,0.055,3.175,1.077,91.536,1.85,99.328
FireSmokeVideoNEW8_f108_jpg.rf.3e1a309d0492fd214dd909126405217a.jpg,1,1,1.0,0.241,0.005,0.06,2.479,1.085,78.002,1.655,84.979
FireSmokeVideoNEW8_f114_jpg.rf.659a33156ff972aabe16784a1005087a.jpg,1,1,1.0,0.247,0.005,0.063,2.476,1.167,88.732,2.175,96.279
FireSmokeVideoNEW8_f123_jpg.rf.599b8235aadea7fc1ce0bb31909d7f19.jpg,1,1,1.0,0.388,0.006,0.077,3.56,1.273,83.466,2.189,92.572
FireSmokeVideoNEW8_f136_jpg.rf.4393095b0e129a87566a93dfcd0319b9.jpg,1,1,1.0,0.378,0.006,0.079,2.951,1.319,104.4,2.444,113.182
FireSmokeVideoNEW8_f13_jpg.rf.62679b6bf5d5334bc0142f60ef4f0eff.jpg,1,1,1.0,0.287,0.006,0.076,2.833,1.175,77.031,2.276,85.282
FireSmokeVideoNEW8_f15_jpg.rf.2c2fab259f891543bdd6f1a6e3574bd7.jpg,1,1,1.0,0.28,0.006,0.076,2.707,1.231,93.846,2.492,102.243
FireSmokeVideoNEW8_f34_jpg.rf.7412b450156c86fc3387c7c84eeceda0.jpg,1,1,1.0,0.285,0.006,0.074,2.74,1.215,78.193,2.267,86.377
FireSmokeVideoNEW8_f37_jpg.rf.dc011763a3b94f5a5e29aeb3ba4596a0.jpg,1,1,1.0,0.294,0.006,0.075,4.533,2.063,83.435,1.826,94.132
FireSmokeVideoNEW8_f41_jpg.rf.6de16dc442177d80361115c514c890b6.jpg,1,1,1.0,0.278,0.005,0.07,4.54,3.615,75.624,2.407,88.269
FireSmokeVideoNEW8_f81_jpg.rf.f56584d054d798df76424b80b3bfdd84.jpg,1,1,1.0,0.405,0.006,0.076,6.761,1.208,77.345,2.017,89.531
FireSmokeVideoNEW8_f88_jpg.rf.39192ee49f07e11498a78bff1aacc512.jpg,1,1,1.0,0.278,0.005,0.077,3.56,1.202,77.993,2.058,86.782
FireSmokeVideoNEW8_f91_jpg.rf.4392a67e91341fcfd786ecdcae1640a0.jpg,1,1,1.0,0.25,0.006,0.076,5.06,3.232,76.012,1.986,88.221
FireSmokeVideoNEW8_f97_jpg.rf.641d276457e76b7aecb1d4383a65b4a3.jpg,1,1,1.0,0.418,0.006,0.152,7.017,1.566,75.622,2.058,88.349
FireSmokeVideoNEW90_f17_jpg.rf.c8ccb79fa9c2c104c44cca93d5de21de.jpg,1,1,1.0,0.292,0.006,0.078,3.783,4.036,82.476,2.024,94.291
FireSmokeVideoNEW90_f19_jpg.rf.613de41d6647cd63a2b9fe063c105ce9.jpg,1,1,1.0,0.282,0.006,0.077,7.773,5.944,78.074,2.746,96.545
FireSmokeVideoNEW90_f27_jpg.rf.2c40784cb40c7c2cef427bbb81a7c391.jpg,1,1,1.0,0.211,0.321,0.087,7.822,6.937,75.649,2.16,94.595
FireSmokeVideoNEW90_f6_jpg.rf.c10be0b48cd321d5a8a2a5dc3f553d3f.jpg,1,1,1.0,0.291,0.006,0.077,8.09,5.428,86.71,2.231,104.409
FireSmokeVideoNEW93_f0_jpg.rf.ecd538ef73aa82fe82414b73f93480d0.jpg,1,1,1.0,0.286,0.006,0.075,8.406,3.844,76.649,2.637,93.451
FireSmokeVideoNEW93_f16_jpg.rf.50e2056869bf72284714d466abcc3b71.jpg,1,1,0.9968,0.261,0.005,0.068,6.448,6.568,96.34,1.988,113.219
FireSmokeVideoNEW93_f18_jpg.rf.4bc8731fed1d0bf7fd60efdcedb231c3.jpg,1,1,0.9999,0.283,0.006,0.075,7.498,6.583,75.484,1.897,93.377
FireSmokeVideoNEW93_f29_jpg.rf.c7408f86cfc41eb503e26760771051c0.jpg,1,1,1.0,0.294,0.006,0.079,10.278,6.062,86.638,2.112,106.771
FireSmokeVideoNEW93_f30_jpg.rf.764d70fe8c4c3ae0ff9d8cf21ee12043.jpg,1,1,1.0,0.281,0.005,0.077,7.693,6.241,82.689,6.341,104.973
FireSmokeVideoNEW93_f32_jpg.rf.cdd491ec773c398ae162b8b88947407c.jpg,1,1,1.0,0.284,0.006,0.077,6.542,6.251,75.274,1.988,91.88
FireSmokeVideoNEW93_f35_jpg.rf.831bfa9e004cf24662687b26f9fc7bbc.jpg,1,1,1.0,0.222,0.004,0.05,6.568,4.47,90.135,2.573,105.312
FireSmokeVideoNEW93_f37_jpg.rf.43b0fc2c5a8f5b9e415acf2eb0a44e8f.jpg,1,1,1.0,0.276,0.005,0.073,6.867,3.196,76.761,1.905,90.37
FireSmokeVideoNEW93_f3_jpg.rf.74a94968f2fa218b63e4e3cc7c1237ed.jpg,1,1,1.0,0.266,0.006,0.069,5.085,1.211,92.367,2.522,103.162
FireSmokeVideoNEW93_f45_jpg.rf.7bbe8f6ef0640bd95f084b3308535460.jpg,1,1,1.0,0.291,0.006,0.077,2.769,1.205,77.814,1.923,85.743
FireSmokeVideoNEW93_f48_jpg.rf.68441a36977d0c1b506d13bb4bc73be3.jpg,1,1,1.0,0.29,0.006,0.074,8.125,6.33,87.717,2.063,106.331
FireSmokeVideoNEW93_f4_jpg.rf.983a14d28244c467fc317111087e628f.jpg,1,1,0.9999,0.287,0.006,0.075,5.199,5.071,81.518,3.716,97.325
FireSmokeVideoNEW93_f55_jpg.rf.a2c30d3a32c20b99db2b4c3ac0b4297e.jpg,1,1,1.0,0.25,0.004,0.046,3.212,1.185,78.123,1.93,86.342
FireSmokeVideoNEW93_f5_jpg.rf.761ac75e0e1983c5da2f88ea0d3fc8de.jpg,1,1,0.9999,0.291,0.006,0.077,10.593,1.861,84.992,2.447,101.891
FireSmokeVideoNEW93_f67_jpg.rf.3a5cd480f12a38d7997e5fbc779cac82.jpg,1,1,1.0,0.288,0.006,0.077,2.899,1.192,77.879,1.791,85.731
FireSmokeVideoNEW93_f6_jpg.rf.26bfc3792d1663a194ceffc2c8742ee3.jpg,1,1,1.0,0.283,0.006,0.076,5.256,1.672,82.67,2.896,94.451
FireSmokeVideoNEW93_f71_jpg.rf.4ccc78c6d53dfcac78d807fa7e564346.jpg,1,1,1.0,0.286,0.005,0.077,6.488,1.174,83.05,2.23,94.929
FireSmokeVideoNEW93_f73_jpg.rf.e4178d797313f2f5fbf1d60a9ec4becf.jpg,1,1,1.0,0.279,0.006,0.075,3.1,1.17,95.292,2.252,103.847
FireSmokeVideoNEW93_f75_jpg.rf.7e4dcddadd2cc56f63bd162c9e15f181.jpg,1,1,1.0,0.284,0.006,0.141,4.186,2.618,76.611,1.87,87.404
FireSmokeVideoNEW98_f3_jpg.rf.f7b81ad20d48fc774206f313091cb551.jpg,1,1,0.9999,0.221,0.004,0.052,3.11,0.967,76.251,1.357,83.236
FireSmokeVideoNEW98_f5_jpg.rf.81e8bb5998c4a94c0bc81f47fe363e0f.jpg,1,1,0.9996,0.209,0.004,0.044,2.361,0.96,98.827,3.752,107.334
FireSmokeVideoNEW9_f11_jpg.rf.d5937d6ad8240f9ec038085c0ceb8116.jpg,1,1,1.0,0.298,0.005,0.056,2.397,1.07,80.431,1.881,87.463
FireSmokeVideoNEW9_f18_jpg.rf.2987b1993f73055255ede2bb3de4c4c5.jpg,1,1,1.0,0.262,0.006,0.063,2.607,1.12,89.884,2.466,97.924
FireSmokeVideoNEW9_f20_jpg.rf.5af8728a36cbd1faa62b96370aff11b5.jpg,1,1,1.0,0.282,0.006,0.073,3.001,1.389,76.417,1.864,84.621
FireSmokeVideoNEW9_f22_jpg.rf.6335b077c393e21870b6c640818558e1.jpg,1,1,1.0,0.285,0.006,0.074,8.143,6.978,91.425,2.449,111.068
FireSmokeVideoNEW9_f26_jpg.rf.1df57b6fa3760b22e321f67fe0be8ef8.jpg,1,1,1.0,0.283,0.006,0.075,8.211,6.642,76.294,1.976,95.128
FireSmokeVideoNEW104_f0_jpg.rf.f38941ca7b50a50f4987ff402c110609.jpg,0,0,0.9989,0.285,0.006,0.072,12.151,7.596,84.061,2.127,108.713
FireSmokeVideoNEW104_f1_jpg.rf.63e1607e8da00040abe9170af6dc35cd.jpg,0,0,0.9938,0.286,0.006,0.072,6.744,1.203,75.959,2.145,88.032
FireSmokeVideoNEW104_f6_jpg.rf.1394a9059fb32e73077faeb60a5ba873.jpg,0,0,1.0,0.287,0.006,0.074,10.377,1.265,75.641,1.915,91.293
FireSmokeVideoNEW105_f1_jpg.rf.064a4c0288a48a850beea550023fdbc6.jpg,0,0,1.0,0.284,0.006,0.074,8.127,3.665,91.487,3.771,109.141
FireSmokeVideoNEW105_f3_jpg.rf.11af0b8aa7e5a605a91b49b09e093199.jpg,0,0,0.9806,0.21,0.003,0.044,6.299,4.736,76.383,1.864,91.192
FireSmokeVideoNEW107_f37_jpg.rf.cc8301bfc1e2fc3b2b79e44f0ac98929.jpg,0,0,1.0,0.323,0.007,0.075,6.278,1.243,92.945,2.315,104.866
FireSmokeVideoNEW107_f41_jpg.rf.de58aa9a22208465e73ae05ac3193d98.jpg,0,0,1.0,0.286,0.006,0.073,5.336,3.858,76.411,1.892,89.456
FireSmokeVideoNEW107_f43_jpg.rf.1f46ccd61ccc8ce83db35d711ecb4bea.jpg,0,0,1.0,0.29,0.006,0.072,9.056,5.994,93.582,2.482,113.102
FireSmokeVideoNEW107_f46_jpg.rf.556c3237893e435eaa208f88990e9ef1.jpg,0,0,1.0,0.281,0.006,0.072,9.55,6.019,75.723,1.896,95.22
FireSmokeVideoNEW107_f54_jpg.rf.4644d9c2b2c6d3fee105f2ef82fd4998.jpg,0,0,0.999,0.297,0.005,0.076,11.542,7.205,76.081,1.835,98.748
FireSmokeVideoNEW107_f57_jpg.rf.fae2a73f41a575268f85d3111d7b2c92.jpg,0,0,0.9984,0.287,0.006,0.072,6.612,4.222,81.509,2.132,96.506
FireSmokeVideoNEW107_f59_jpg.rf.026bbe8626b5578d93329b2db4fa9402.jpg,0,0,0.9798,0.207,0.004,0.045,5.834,2.628,91.136,2.52,104.62
FireSmokeVideoNEW107_f64_jpg.rf.244f9975df3feacfa28ff036a6fafc53.jpg,0,0,1.0,0.287,0.006,0.072,5.916,1.403,91.435,2.889,103.773
FireSmokeVideoNEW107_f67_jpg.rf.c49f54560d495c9598599c65ad340067.jpg,0,0,1.0,0.286,0.006,0.072,8.985,1.241,77.347,1.896,91.495
FireSmokeVideoNEW107_f72_jpg.rf.499f047f2f4b0bda75d65908e53370de.jpg,0,0,1.0,0.287,0.006,0.072,5.554,1.235,90.674,2.402,101.812
FireSmokeVideoNEW107_f86_jpg.rf.777704182a6a80b6411e9aff725043d0.jpg,0,0,0.9179,0.287,0.006,0.073,5.47,1.213,82.16,2.216,93.032
FireSmokeVideoNEW108_f36_jpg.rf.dcefdeb0de8b64832e93a6b99de7289b.jpg,0,0,1.0,0.288,0.007,0.074,11.263,7.738,80.535,2.483,104.085
FireSmokeVideoNEW109_f67_jpg.rf.57eaca20b02c349d304b37f08712ab9e.jpg,0,0,0.9645,0.285,0.006,0.13,7.287,6.394,76.32,2.009,94.031
FireSmokeVideoNEW10_f12_jpg.rf.2eae48f630c1c0193e2ef4cb4e6f4ff6.jpg,0,0,1.0,0.216,0.004,0.044,8.352,2.991,75.988,1.979,91.084
FireSmokeVideoNEW10_f14_jpg.rf.0cea4ec15ad93560e37aedc69c33eff3.jpg,0,0,1.0,0.279,0.006,0.071,9.05,6.501,75.567,2.13,95.188
FireSmokeVideoNEW10_f16_jpg.rf.31696eae6e003edea279b761b4390075.jpg,0,0,1.0,0.205,0.004,0.046,7.364,1.815,92.384,2.035,105.163
FireSmokeVideoNEW10_f20_jpg.rf.4f1c66d77047ae6e5bad70288ada6868.jpg,0,0,1.0,0.282,0.006,0.075,5.438,3.046,85.593,2.683,99.034
FireSmokeVideoNEW10_f9_jpg.rf.964fd783f3c44e3cf484cb44c5e7eb3a.jpg,0,0,1.0,0.28,0.006,0.07,5.948,1.293,77.143,1.894,88.243
FireSmokeVideoNEW110_f70_jpg.rf.7cb92ca6cc4d4ad99fac463a2e4b1f69.jpg,0,0,1.0,0.285,0.006,0.078,5.702,1.226,90.29,2.42,101.695
FireSmokeVideoNEW110_f72_jpg.rf.942ec348686624217e65325d78ad6d79.jpg,0,0,1.0,0.286,0.006,0.072,5.669,1.415,77.674,1.97,88.773
FireSmokeVideoNEW111_f61_jpg.rf.958fb3f1ca3de1a388d09ff31d3492cb.jpg,0,0,1.0,0.286,0.006,0.073,7.096,1.301,87.669,2.5,100.58
FireSmokeVideoNEW111_f63_jpg.rf.87908f4f677900101a4389b753e25d14.jpg,0,0,1.0,0.469,0.007,0.084,11.532,5.828,76.005,1.927,97.108
FireSmokeVideoNEW113_f0_jpg.rf.64ad130f3afce40d98d717526b192d24.jpg,0,0,0.8865,0.282,0.006,0.072,10.078,6.521,90.15,2.115,110.896
FireSmokeVideoNEW113_f14_jpg.rf.e80870bda9d84eb83bdd360a959ee02f.jpg,0,0,0.8045,0.29,0.006,0.073,10.401,1.647,75.503,2.0,91.491
FireSmokeVideoNEW113_f1_jpg.rf.e426bd569f3a8f2c8c073936261c666f.jpg,0,0,0.9106,0.288,0.006,0.077,10.809,1.329,77.248,1.951,93.464
FireSmokeVideoNEW113_f23_jpg.rf.deabb7e1e724b4345d1e7951e202ea44.jpg,0,0,1.0,0.287,0.006,0.072,5.426,2.745,77.155,4.275,91.532
FireSmokeVideoNEW113_f34_jpg.rf.e84c48b0432893e05397860d769ff647.jpg,0,0,1.0,0.278,0.005,0.049,5.363,1.217,83.117,1.856,93.518
FireSmokeVideoNEW113_f38_jpg.rf.d3f2132888b62bc6d7ad266bdb6ad6bc.jpg,0,0,1.0,0.28,0.005,0.067,5.218,1.143,82.997,3.473,94.708
FireSmokeVideoNEW113_f3_jpg.rf.82bb90bd3d0267d8e6045820916cd565.jpg,0,0,0.878,0.293,0.006,0.071,5.809,1.218,78.2,2.249,89.462
FireSmokeVideoNEW113_f41_jpg.rf.479a0376f42c153bc784faf91e059bf6.jpg,0,0,1.0,0.218,0.004,0.048,6.607,3.594,83.903,3.698,99.422
FireSmokeVideoNEW113_f43_jpg.rf.c97f0efc50fc406abeef5751198b195d.jpg,0,0,1.0,0.288,0.006,0.074,6.142,1.454,76.501,1.843,88.02
FireSmokeVideoNEW113_f47_jpg.rf.b7c82296e081c18e509ed765e11cf527.jpg,0,0,1.0,0.286,0.006,0.071,6.568,3.602,86.789,2.481,101.454
FireSmokeVideoNEW113_f49_jpg.rf.e97df0162836b03c72aae5d219f19846.jpg,0,1,0.9997,0.283,0.006,0.072,5.371,1.209,77.096,1.97,87.621
FireSmokeVideoNEW113_f50_jpg.rf.af1411ee4d7f972917db27496a3d28c6.jpg,0,1,0.9998,0.213,0.004,0.046,10.972,5.762,91.899,2.393,112.724
FireSmokeVideoNEW113_f57_jpg.rf.367d116711c51593db8d52d878bcd9cf.jpg,0,1,0.9994,0.294,0.006,0.074,7.663,3.564,76.064,1.897,91.172
FireSmokeVideoNEW113_f5_jpg.rf.56e7a8fe3f1996fa4f5b425d869ef58c.jpg,0,0,0.8668,0.295,0.006,0.077,10.484,6.115,90.155,2.127,111.406
FireSmokeVideoNEW114_f1_jpg.rf.cf044e592fb83b50e048cce22f4e9e6a.jpg,0,0,0.9995,0.276,0.006,0.072,9.368,5.936,82.401,2.513,102.206
FireSmokeVideoNEW114_f23_jpg.rf.3366618b5cd0b38698a5549e35f37769.jpg,0,0,1.0,0.291,0.006,0.074,7.195,2.734,76.224,1.827,90.074
FireSmokeVideoNEW114_f33_jpg.rf.438eae9e97228cbe711b15eed9716f40.jpg,0,0,1.0,0.282,0.006,0.074,6.289,3.918,79.142,4.446,95.868
FireSmokeVideoNEW114_f52_jpg.rf.3ef8a0e9a642bcee584f57e450499ee9.jpg,0,0,1.0,0.285,0.006,0.071,5.984,1.341,77.002,2.541,88.859
FireSmokeVideoNEW114_f63_jpg.rf.0018c16b62a065ab98bbae501ef249d1.jpg,0,0,1.0,0.284,0.006,0.072,5.398,4.635,82.726,5.511,100.307
FireSmokeVideoNEW114_f78_jpg.rf.60c9ec22b30b533e55007538edd2cd0a.jpg,0,0,1.0,0.284,0.006,0.073,5.515,1.19,91.209,2.289,102.205
FireSmokeVideoNEW123_f86_jpg.rf.99d60f8b84aaf644e4ab3eb9004e6457.jpg,0,0,1.0,0.232,0.004,0.053,5.55,1.466,88.445,2.401,99.498
FireSmokeVideoNEW131_f29_jpg.rf.a3a4ab64b1971b295c5093754ce6f3eb.jpg,0,0,0.9989,0.29,0.006,0.073,5.996,1.366,77.178,1.875,88.425
FireSmokeVideoNEW133_f0_jpg.rf.18731e698dcb15c89fe9d9a7fa357187.jpg,0,0,0.9996,0.293,0.006,0.075,5.507,1.191,90.318,2.185,101.227
FireSmokeVideoNEW133_f14_jpg.rf.c0ef040277238c405f94c45269640413.jpg,0,0,1.0,0.281,0.006,0.075,5.475,1.191,77.243,1.93,87.826
FireSmokeVideoNEW133_f16_jpg.rf.675b515ca2741a0eab5600d3b6b8ec37.jpg,0,0,1.0,0.281,0.006,0.074,5.522,1.246,91.022,2.477,102.255
FireSmokeVideoNEW133_f1_jpg.rf.e08148c34f177fdfc0855076800bfcc2.jpg,0,0,0.9997,0.288,0.006,0.073,11.754,4.18,76.894,1.763,96.254
FireSmokeVideoNEW133_f21_jpg.rf.89cf1761a3a8f737819224e48be710eb.jpg,0,0,1.0,0.268,0.005,0.071,6.509,1.231,94.038,2.517,106.234
FireSmokeVideoNEW133_f24_jpg.rf.7a96dbf3abbf336117a803fd29880d72.jpg,0,0,1.0,0.281,0.006,0.071,5.846,1.267,77.725,1.889,88.707
FireSmokeVideoNEW133_f26_jpg.rf.4c8adf184421836917a99f3244a2e8b1.jpg,0,0,1.0,0.283,0.006,0.073,8.807,7.771,98.39,2.171,119.283
FireSmokeVideoNEW133_f28_jpg.rf.9be526a6cd44573e70c5e324f97f07e8.jpg,0,0,1.0,0.286,0.006,0.072,6.601,2.721,76.049,4.265,91.626
FireSmokeVideoNEW133_f30_jpg.rf.7a61a8452694df4e1b8eb7f76edd6206.jpg,0,0,1.0,0.291,0.006,0.075,10.01,7.76,78.356,1.939,99.665
FireSmokeVideoNEW133_f35_jpg.rf.32a41bc0e615129339748a31e63c31b8.jpg,0,0,1.0,0.288,0.006,0.072,5.33,1.207,87.183,2.804,98.568
FireSmokeVideoNEW133_f45_jpg.rf.bf0fa4a99b1351103ce59df4271296f6.jpg,0,0,0.945,0.29,0.006,0.077,5.412,1.194,77.346,1.912,87.916
FireSmokeVideoNEW133_f47_jpg.rf.7e6771aa04cd95731ed20a2a0887b600.jpg,0,0,0.795,0.279,0.006,0.073,6.117,1.208,94.088,2.502,105.866
FireSmokeVideoNEW133_f52_jpg.rf.a9287d410aca47cb65187bb40b99489f.jpg,0,0,0.9738,0.282,0.006,0.073,7.833,4.908,76.299,2.256,93.354
FireSmokeVideoNEW133_f54_jpg.rf.de6a5526bf8e4c304c24aa01a61a0691.jpg,0,0,0.9929,0.287,0.005,0.071,5.959,6.316,91.313,2.497,108.18
FireSmokeVideoNEW133_f60_jpg.rf.a1a3fc738a9ffd65b6bd91b2d4a2a7ba.jpg,0,0,0.8267,0.286,0.006,0.071,10.114,2.22,75.941,1.823,92.108
FireSmokeVideoNEW133_f65_jpg.rf.19a6259c062255ee2fcaf9ce8237cdc9.jpg,0,0,0.9961,0.231,0.004,0.053,15.396,12.289,78.1,2.215,109.535
FireSmokeVideoNEW133_f6_jpg.rf.3bb32108cb527deecf2ba02db67d7158.jpg,0,0,1.0,0.287,0.006,0.072,9.054,6.283,76.353,2.092,95.795
FireSmokeVideoNEW133_f72_jpg.rf.edcd60e5a9d9d28d5802a50f156aa91a.jpg,0,0,1.0,0.207,0.004,0.043,6.712,1.261,77.076,1.769,88.757
FireSmokeVideoNEW133_f75_jpg.rf.44d394c4ee044f0263703d04c2017319.jpg,0,0,1.0,0.269,0.005,0.069,10.068,6.155,85.656,2.906,106.766
FireSmokeVideoNEW138_f24_jpg.rf.e7dac7d8bba04efdaf96bbedbfb0c17c.jpg,0,0,0.9996,0.291,0.006,0.071,8.371,6.502,76.003,1.909,94.76
FireSmokeVideoNEW138_f3_jpg.rf.e59cf2df641ee8f4a4b7a8486a277817.jpg,0,0,0.9994,0.286,0.006,0.075,9.327,6.443,90.027,2.51,110.345
FireSmokeVideoNEW138_f50_jpg.rf.0ed3e238da95d17eddb4a56c8239722d.jpg,0,0,0.9997,0.281,0.006,0.074,9.416,6.109,76.483,1.876,95.925
FireSmokeVideoNEW138_f55_jpg.rf.8692714e7ca4fce394cbde4c9b0768f4.jpg,0,0,1.0,0.28,0.006,0.072,8.579,4.629,91.409,2.468,109.156
FireSmokeVideoNEW138_f57_jpg.rf.2340c76a46752bec89de2c8dfe4e182e.jpg,0,0,0.998,0.288,0.007,0.074,9.02,6.165,88.006,2.095,107.3
FireSmokeVideoNEW138_f66_jpg.rf.217b9cf06ce30964ef36b6378b0d8f09.jpg,0,0,0.9999,0.254,0.004,0.046,6.058,4.315,76.537,1.823,90.552
FireSmokeVideoNEW138_f72_jpg.rf.7992a3ca30811d3fbefd37f1c8c0e236.jpg,0,0,0.9999,0.27,0.006,0.066,6.603,1.232,77.59,3.369,91.088
FireSmokeVideoNEW138_f87_jpg.rf.a1a1d0b32449cfbe2da04181bf56f099.jpg,0,1,0.8676,0.287,0.006,0.073,5.264,1.279,77.305,2.043,87.879
FireSmokeVideoNEW138_f89_jpg.rf.39f1903062709d554e614773c128ec01.jpg,0,1,0.9935,0.281,0.006,0.072,9.783,6.01,89.353,2.271,109.493
FireSmokeVideoNEW138_f98_jpg.rf.3d89dba42d1d2087cd0d1067f86dc0a4.jpg,0,1,0.547,0.284,0.006,0.072,6.362,1.296,82.09,2.288,94.001
FireSmokeVideoNEW139_f11_jpg.rf.4f1394a2391bb7f8b23547e415daccca.jpg,0,0,0.6897,0.283,0.006,0.073,5.305,1.291,94.148,2.5,105.238
FireSmokeVideoNEW139_f13_jpg.rf.2c6a24cf2aba98120ffbbdf73ec65122.jpg,0,0,1.0,0.282,0.006,0.075,5.532,4.281,75.602,1.994,89.407
FireSmokeVideoNEW139_f15_jpg.rf.52c4affd03ce1856f9ba11cd0f50363c.jpg,0,0,0.9984,0.381,0.006,0.073,9.941,6.628,89.116,2.113,110.024
FireSmokeVideoNEW139_f7_jpg.rf.4622bbeb672b9d0f658de7b4a192bc27.jpg,0,0,0.9999,0.284,0.006,0.074,9.468,1.288,86.157,2.891,101.742
FireSmokeVideoNEW139_f9_jpg.rf.a2676f6df6e7eb7729031d2e2dad0ca3.jpg,0,0,0.5052,0.286,0.006,0.073,5.386,1.194,81.987,2.156,92.774
FireSmokeVideoNEW141_f11_jpg.rf.73cf5a40761c0014fbd5c35ebf83aa45.jpg,0,0,1.0,0.282,0.006,0.07,5.441,1.712,77.217,2.134,88.504
FireSmokeVideoNEW141_f22_jpg.rf.d85fd254cfa43d224ad1b669783fd679.jpg,0,0,1.0,0.283,0.006,0.074,5.418,1.28,77.794,1.833,88.322
FireSmokeVideoNEW141_f26_jpg.rf.283da917093a70ddfef4070c0df63819.jpg,0,0,1.0,0.272,0.005,0.069,5.299,1.18,77.882,1.989,88.413
FireSmokeVideoNEW141_f35_jpg.rf.fb7bf34a7cb1271f578cf69f6eaf4b46.jpg,0,0,1.0,0.241,0.004,0.044,5.484,1.152,78.214,1.775,88.44
FireSmokeVideoNEW141_f44_jpg.rf.7588a5674fa796e2bf93928970dd5a6c.jpg,0,0,1.0,0.27,0.005,0.066,5.32,1.383,88.21,2.339,99.137
FireSmokeVideoNEW141_f54_jpg.rf.376afc4c31715655b5a25d8e89fb9cc9.jpg,0,0,1.0,0.29,0.006,0.075,5.407,1.215,83.292,2.042,93.975
FireSmokeVideoNEW145_f12_jpg.rf.bfa6ecea511c415c863544a108f25b2b.jpg,0,1,0.5278,0.287,0.006,0.073,5.482,1.28,90.38,2.476,101.636
FireSmokeVideoNEW145_f15_jpg.rf.01ed9bc8697dfaa658637d4bdcdb465e.jpg,0,0,0.7789,0.284,0.005,0.071,6.798,4.018,87.844,2.118,102.828
FireSmokeVideoNEW145_f17_jpg.rf.8ad859dfeb2dacc154aa7be5cd18db9a.jpg,0,1,0.5817,0.286,0.005,0.071,8.615,6.896,89.998,1.998,109.514
FireSmokeVideoNEW145_f2_jpg.rf.7d67296bc581f3d543d39070f67d5e5b.jpg,0,1,0.415,0.279,0.006,0.073,11.317,5.928,75.598,1.843,96.707
FireSmokeVideoNEW145_f4_jpg.rf.dd0fb19773528e50b2d252c0ae1821a1.jpg,0,0,0.9953,0.281,0.006,0.072,8.248,6.77,80.641,2.089,99.745
FireSmokeVideoNEW145_f70_jpg.rf.35967a4f68971ca1a880debf6cc05479.jpg,0,0,1.0,0.282,0.006,0.073,11.06,5.95,79.264,2.546,100.795
FireSmokeVideoNEW146_f102_jpg.rf.d492f5de6048aee20c269b9489b62550.jpg,0,0,1.0,0.29,0.006,0.075,9.115,3.182,76.276,1.813,92.407
FireSmokeVideoNEW146_f104_jpg.rf.bb75589e20c57f1dac406a679b2c4c34.jpg,0,0,1.0,0.274,0.005,0.066,5.586,2.646,85.146,4.796,100.151
FireSmokeVideoNEW14_f31_jpg.rf.a6bd074c897424b345df3c0d80c8472a.jpg,0,0,1.0,0.294,0.006,0.072,6.405,1.737,77.329,1.862,89.337
FireSmokeVideoNEW14_f34_jpg.rf.b7d71699bd96b5f195ff31eed9af64b9.jpg,0,0,1.0,0.287,0.005,0.072,6.275,1.258,99.132,2.303,111.05
FireSmokeVideoNEW14_f48_jpg.rf.615cbe65e58c980a44db492e4adba02b.jpg,0,0,1.0,0.286,0.006,0.074,5.758,1.495,77.876,1.721,88.508
FireSmokeVideoNEW14_f50_jpg.rf.8c05edbf34c262f9609f1aefcb3e784b.jpg,0,0,1.0,0.26,0.006,0.062,6.716,1.296,88.68,2.409,101.009
FireSmokeVideoNEW14_f52_jpg.rf.040fbb53952c8cf3eb05257d5d59ffb2.jpg,0,0,1.0,0.287,0.006,0.072,6.834,1.351,77.275,1.924,89.418
FireSmokeVideoNEW14_f54_jpg.rf.284fdffd467ae8226f2514f39a0f03a8.jpg,0,0,1.0,0.285,0.006,0.071,5.98,1.34,89.672,2.488,101.481
FireSmokeVideoNEW14_f56_jpg.rf.805f1c6f0d731bc267bcb78f5dd8613c.jpg,0,0,1.0,0.285,0.006,0.074,5.686,1.734,83.973,1.985,95.448
FireSmokeVideoNEW14_f58_jpg.rf.5255e436aa76a3c0a514d23752f4aecc.jpg,0,0,1.0,0.284,0.006,0.075,11.481,4.08,79.966,1.842,99.378
FireSmokeVideoNEW14_f70_jpg.rf.aebdcbd5a96886fd2b263e6c38a28f54.jpg,0,0,0.8301,0.284,0.006,0.072,8.08,6.017,75.891,1.875,93.892
FireSmokeVideoNEW14_f80_jpg.rf.d8f9bed0c2a0c2ccd8de093597e2cfb2.jpg,0,0,0.9995,0.28,0.006,0.073,6.772,4.917,75.341,1.945,90.988
FireSmokeVideoNEW152_f12_jpg.rf.bbbe1b5b3c91e3c832a521e8ad2a8981.jpg,0,0,1.0,0.279,0.006,0.071,5.248,1.226,85.128,7.335,100.905
FireSmokeVideoNEW152_f23_jpg.rf.83dd2175450efa7a2b61106b515ca317.jpg,0,0,1.0,0.283,0.006,0.073,5.465,1.393,76.419,1.831,87.035
FireSmokeVideoNEW152_f2_jpg.rf.0fa1d92f8ce6d7d0ef48c78928e91796.jpg,0,0,1.0,0.282,0.007,0.073,8.152,6.383,86.446,2.48,105.463
FireSmokeVideoNEW157_f48_jpg.rf.dc8ccdfd4e9375142054cff7d0ba0165.jpg,0,0,1.0,0.367,0.007,0.075,10.959,1.353,74.811,1.863,91.097
FireSmokeVideoNEW157_f68_jpg.rf.07fb0c009d78412ac43bcc20d211eba0.jpg,0,0,1.0,0.295,0.006,0.075,5.607,6.073,86.64,2.504,102.91
FireSmokeVideoNEW159_f28_jpg.rf.45115b0ae08dc6a6022b39f7487df2fc.jpg,0,0,1.0,0.289,0.006,0.072,6.024,3.852,76.76,2.302,90.988
FireSmokeVideoNEW159_f36_jpg.rf.e0c399bd3b6f812595c1d839d6f4495a.jpg,0,0,1.0,0.285,0.007,0.074,5.283,6.069,93.092,2.496,108.904
FireSmokeVideoNEW160_f132_jpg.rf.7ce27c0b807a035415178554ae865455.jpg,0,0,0.9999,0.283,0.006,0.072,5.212,3.162,75.519,1.998,87.912
FireSmokeVideoNEW160_f179_jpg.rf.f8bca75f291b224cb3a0368e85ea206a.jpg,0,1,0.9999,0.28,0.006,0.07,9.178,2.63,76.405,1.829,92.059
FireSmokeVideoNEW160_f182_jpg.rf.5ad244f4a2004bd04f80d7b88edc7b37.jpg,0,1,0.9961,0.282,0.006,0.071,5.614,4.633,89.435,2.468,104.132
FireSmokeVideoNEW167_f25_jpg.rf.66ae7015edf696c31788066c37815460.jpg,0,0,1.0,0.502,0.006,0.079,10.222,6.023,76.178,1.847,96.69
FireSmokeVideoNEW168_f32_jpg.rf.9bf96271f38fc77d55c61d5030a59ad0.jpg,0,0,1.0,0.519,0.007,0.074,10.069,1.382,85.23,2.303,101.174
FireSmokeVideoNEW168_f35_jpg.rf.344f9a485501035ee6f2ad4a8aee5fda.jpg,0,0,1.0,0.279,0.006,0.072,6.908,6.095,76.714,1.867,93.619
FireSmokeVideoNEW173_f1_jpg.rf.b8d91ed334fc3865091a43a6a1d74364.jpg,0,0,1.0,0.279,0.005,0.069,10.812,6.411,94.58,1.928,115.936
FireSmokeVideoNEW174_f14_jpg.rf.20fa8cef6b13cc5e437e36ea2ecc8c0d.jpg,0,0,1.0,0.282,0.006,0.071,9.813,3.102,75.366,1.891,92.11
FireSmokeVideoNEW174_f21_jpg.rf.1e32dfe88e5b1e1315c5b3c44b55da60.jpg,0,0,0.9999,0.284,0.006,0.073,12.218,6.293,76.79,1.853,99.182
FireSmokeVideoNEW174_f27_jpg.rf.16ff80f4c7864c40c3bdd663830a83af.jpg,0,0,0.8146,0.291,0.006,0.075,8.393,2.964,75.562,1.84,90.799
FireSmokeVideoNEW174_f3_jpg.rf.2bc73bc5168eef2ac8d65f93c8588cee.jpg,0,0,1.0,0.272,0.006,0.07,11.394,1.556,84.686,2.238,102.027
FireSmokeVideoNEW174_f9_jpg.rf.ce3e731b6125e7839516f998ba5fd615.jpg,0,0,1.0,0.204,0.004,0.043,6.765,1.267,78.931,2.591,91.557
FireSmokeVideoNEW175_f1_jpg.rf.b7755e6ebe9f220eda9f33dafd398efd.jpg,0,0,1.0,0.29,0.006,0.076,6.521,3.534,74.925,1.861,88.854
FireSmokeVideoNEW181_f246_jpg.rf.c4e8f0606306cf812ead99d7317a3dac.jpg,0,0,1.0,0.291,0.006,0.073,8.558,6.014,82.627,3.067,102.326
FireSmokeVideoNEW181_f3_jpg.rf.564525a050a1471684d3e0dce6b12093.jpg,0,0,1.0,0.288,0.005,0.073,8.589,5.301,75.959,1.967,94.196
FireSmokeVideoNEW181_f5_jpg.rf.4f32f5e7b553b2046f9ea1c3710aa953.jpg,0,0,1.0,0.284,0.006,0.072,10.179,5.993,94.168,2.12,114.44
FireSmokeVideoNEW181_f8_jpg.rf.d4f8544e21508a6a376c9eed7b3fd1c4.jpg,0,0,1.0,0.287,0.007,0.071,10.102,6.138,75.773,1.943,96.003
FireSmokeVideoNEW185_f103_jpg.rf.834fd34179153dc3cf5b3376c931bd02.jpg,0,0,0.8283,0.286,0.006,0.072,8.691,5.819,88.156,2.509,107.209
FireSmokeVideoNEW185_f105_jpg.rf.5c53bd00784e65125825c0ae9e72866e.jpg,0,0,0.7771,0.397,0.006,0.073,6.065,1.268,77.327,2.298,89.116
FireSmokeVideoNEW185_f11_jpg.rf.7fe150b7626c710cda79dce605f3a053.jpg,0,0,0.9991,0.286,0.006,0.071,9.565,6.791,95.734,2.512,116.717
FireSmokeVideoNEW185_f13_jpg.rf.a9a77212e1e05b2bed7914de92edebf4.jpg,0,0,0.9991,0.284,0.006,0.072,9.313,1.708,84.511,3.525,101.195
FireSmokeVideoNEW185_f142_jpg.rf.8a2f2852b31e3f1ec77473138afa5b07.jpg,0,1,0.7098,0.282,0.006,0.072,6.848,1.283,77.81,1.861,89.88
FireSmokeVideoNEW185_f154_jpg.rf.6b8964700ae914f8770debcf03f1fa96.jpg,0,0,1.0,0.285,0.006,0.071,5.88,4.336,80.125,3.113,95.524
FireSmokeVideoNEW185_f16_jpg.rf.9a7a2c17026407b6f8ae3721f463bea0.jpg,0,0,0.9999,0.283,0.006,0.071,5.844,1.272,77.922,1.885,89.044
FireSmokeVideoNEW185_f18_jpg.rf.d7340a22f5b42d1f5daf3df0dd737ed7.jpg,0,0,0.9999,0.27,0.005,0.068,5.604,1.664,89.445,2.288,100.91
FireSmokeVideoNEW185_f1_jpg.rf.9cbb22bfee650e45eb5c993c0ec604f0.jpg,0,0,1.0,0.27,0.005,0.068,5.948,1.25,83.114,1.931,94.127
FireSmokeVideoNEW185_f21_jpg.rf.97e9aaef5e151b6c1d8a47b5a39a3851.jpg,0,0,0.9999,0.269,0.006,0.067,5.609,1.271,88.974,2.353,100.449
FireSmokeVideoNEW185_f26_jpg.rf.74bb295ea9c3a4d2a445209c908d149c.jpg,0,0,0.9993,0.284,0.006,0.073,6.213,1.927,77.051,1.843,89.032
FireSmokeVideoNEW185_f28_jpg.rf.94c9d63f5a41228899bb4b27af54e6e6.jpg,0,0,0.9999,0.212,0.004,0.043,8.917,5.92,98.625,2.508,117.92
FireSmokeVideoNEW185_f2_jpg.rf.1be8f603fac11632f8289730c2ea3981.jpg,0,0,1.0,0.288,0.006,0.071,8.928,3.216,76.3,1.881,92.397
FireSmokeVideoNEW185_f31_jpg.rf.20d3ef9f5f7aed09171c587cf787efa3.jpg,0,0,0.9999,0.347,0.007,0.084,11.351,1.687,79.38,1.9,96.391
FireSmokeVideoNEW185_f33_jpg.rf.13bba24c675c337eb4e0d75ed2c6d59a.jpg,0,0,0.9998,0.287,0.006,0.074,6.833,6.639,76.016,2.108,93.636
FireSmokeVideoNEW185_f37_jpg.rf.90b11c519e691fa641a221142e94b8e3.jpg,0,0,0.9999,0.281,0.006,0.072,11.69,4.873,76.491,1.842,96.916
FireSmokeVideoNEW185_f39_jpg.rf.d40e85b937efa6ae5a731011f726d833.jpg,0,0,0.997,0.282,0.006,0.072,5.381,1.239,86.794,2.588,97.951
FireSmokeVideoNEW185_f41_jpg.rf.c976d09d85b00bcd5fae293ba78953cb.jpg,0,0,0.9973,0.348,0.005,0.074,5.141,1.199,77.75,2.329,88.491
FireSmokeVideoNEW185_f43_jpg.rf.cf5abe863cf4e9707e6b343d59e4f211.jpg,0,0,0.9995,0.286,0.007,0.071,5.34,1.198,90.892,2.199,101.836
FireSmokeVideoNEW185_f48_jpg.rf.40a7592afc13dbb433f59655b660a51e.jpg,0,0,0.9991,0.285,0.006,0.071,6.012,1.236,82.218,2.008,93.438
FireSmokeVideoNEW185_f4_jpg.rf.840d0b8991f52e6353634a923cce911a.jpg,0,0,1.0,0.28,0.006,0.072,5.476,1.201,91.208,2.127,102.0
FireSmokeVideoNEW185_f54_jpg.rf.02217b94b12dcd2c1361d24b46a8edd9.jpg,0,0,0.9998,0.278,0.006,0.072,6.125,3.268,76.033,1.897,89.299
FireSmokeVideoNEW185_f56_jpg.rf.818e136234c271902dcf37c554407e5b.jpg,0,0,0.9994,0.284,0.006,0.074,11.943,7.03,77.349,1.912,100.284
FireSmokeVideoNEW185_f5_jpg.rf.849447cd7f762cbb18e9edb719adfc56.jpg,0,0,1.0,0.287,0.006,0.071,11.974,6.522,75.326,2.512,98.37
FireSmokeVideoNEW185_f61_jpg.rf.9f26d8404eeb7cddb424f5cdb9a2dea9.jpg,0,0,0.6141,0.28,0.006,0.074,11.505,4.726,75.837,1.941,95.957
FireSmokeVideoNEW185_f63_jpg.rf.6e576502749efe6813e66694c6ac96d9.jpg,0,1,0.638,0.285,0.006,0.077,5.92,1.43,77.106,2.93,89.42
FireSmokeVideoNEW185_f69_jpg.rf.db6c2e969febf2a815391951068bae2c.jpg,0,0,1.0,0.28,0.006,0.071,5.621,1.142,77.264,1.861,87.832
FireSmokeVideoNEW185_f70_jpg.rf.e28c7f6fead896c59c1a05d3dadf15e5.jpg,0,0,1.0,0.279,0.006,0.072,5.294,2.333,76.941,1.96,88.539
FireSmokeVideoNEW185_f74_jpg.rf.a3cbb5e5ef37719d9abc8ed9cb13f10e.jpg,0,0,1.0,0.28,0.006,0.072,5.663,1.177,88.819,4.888,102.491
FireSmokeVideoNEW185_f76_jpg.rf.eff6abee6c5232efbeb0ffaa184ebb6d.jpg,0,0,1.0,0.285,0.006,0.072,5.215,1.241,86.78,2.52,97.946
FireSmokeVideoNEW185_f78_jpg.rf.8411f59f4794e43dea8fee3fd7e0be8f.jpg,0,0,1.0,0.285,0.007,0.074,5.284,1.634,77.18,1.857,88.041
FireSmokeVideoNEW185_f7_jpg.rf.52c412132fe5907b6a5e187fc8693d93.jpg,0,0,0.9997,0.385,0.006,0.075,10.778,1.413,84.727,2.712,101.721
FireSmokeVideoNEW185_f8_jpg.rf.b2f174a46bc664e05b2a000b1a539f0a.jpg,0,0,0.9995,0.286,0.006,0.072,5.39,1.208,77.33,1.922,87.798
FireSmokeVideoNEW186_f1_jpg.rf.9eaf3486dd5de321c58c13a8f3c0e10e.jpg,0,0,0.7469,0.277,0.006,0.073,6.153,7.276,91.989,2.528,109.996
FireSmokeVideoNEW186_f24_jpg.rf.35cb6036992c48df2555bef2057f0b53.jpg,0,1,0.5088,0.287,0.006,0.072,10.127,5.828,80.636,2.197,100.781
FireSmokeVideoNEW186_f3_jpg.rf.58728cf59ceb522c51dd6157ad6944bf.jpg,0,0,0.6836,0.284,0.006,0.075,11.739,6.019,76.129,1.926,97.813
FireSmokeVideoNEW188_f53_jpg.rf.082a762c0e4cc9b0018de58486f89da2.jpg,0,0,0.9997,0.36,0.006,0.075,10.043,6.416,75.285,2.113,95.936
FireSmokeVideoNEW191_f14_jpg.rf.8c0274a87d76e49504ea99085c3adcaa.jpg,0,0,0.9261,0.211,0.004,0.044,8.521,5.938,87.468,2.153,105.962
FireSmokeVideoNEW191_f17_jpg.rf.0b561906a11a7cb3708f59b9e5ea5285.jpg,0,0,0.9998,0.282,0.006,0.073,10.343,6.002,90.367,2.199,110.913
FireSmokeVideoNEW191_f3_jpg.rf.199e7b7c54089ad40dc08b6206796865.jpg,0,0,0.9996,0.38,0.006,0.073,9.05,5.953,82.114,2.047,101.258
FireSmokeVideoNEW191_f6_jpg.rf.c733105e5332e503fe2f91c9d2b0df7d.jpg,0,0,0.9979,0.285,0.006,0.073,10.242,5.965,91.457,2.225,111.94
FireSmokeVideoNEW193_f26_jpg.rf.810d17c9c2f0c19d3f82366a4641bffa.jpg,0,0,0.9784,0.293,0.006,0.073,7.502,2.837,75.824,2.004,90.152
FireSmokeVideoNEW193_f33_jpg.rf.9bd762994b1e0d1fa6d8fa924ced4d72.jpg,0,0,0.965,0.365,0.006,0.078,10.606,6.525,77.762,1.953,98.895
FireSmokeVideoNEW193_f37_jpg.rf.8351a8e46e2527901b0116eea4a67888.jpg,0,0,0.9125,0.287,0.005,0.072,10.762,6.116,75.337,2.168,96.446
FireSmokeVideoNEW194_f0_jpg.rf.bedc3bcac81b79f6421a12b83ca8292e.jpg,0,0,1.0,0.286,0.005,0.073,6.474,4.802,81.715,2.036,97.069
FireSmokeVideoNEW194_f11_jpg.rf.77f39c6b40eab453b277d95cf5de303e.jpg,0,0,1.0,0.289,0.006,0.072,5.358,1.244,93.018,5.825,107.441
FireSmokeVideoNEW194_f13_jpg.rf.1a936489c44dd3ea6a426232555f6385.jpg,0,0,1.0,0.279,0.006,0.072,5.616,1.213,76.287,1.99,87.187
FireSmokeVideoNEW194_f15_jpg.rf.958cda76fca7843a088129f35293e6bc.jpg,0,0,1.0,0.278,0.005,0.074,5.941,3.086,87.87,2.476,101.339
FireSmokeVideoNEW194_f17_jpg.rf.0af509bf3c4051407e9a2c323d36552d.jpg,0,0,1.0,0.282,0.006,0.073,5.54,4.477,76.262,2.016,90.283
FireSmokeVideoNEW194_f19_jpg.rf.0eaecfa3ade01642b349fa1fac2243d3.jpg,0,0,1.0,0.281,0.006,0.073,11.36,7.366,88.326,1.896,110.953
FireSmokeVideoNEW194_f20_jpg.rf.9c8d54f92010beefbf37f4971a0512d5.jpg,0,0,1.0,0.283,0.007,0.071,6.624,5.993,76.557,1.862,93.23
FireSmokeVideoNEW194_f22_jpg.rf.568fae5d24e9c604657b4e0b3210f521.jpg,0,0,1.0,0.492,0.007,0.078,8.559,6.626,76.177,1.834,95.46
FireSmokeVideoNEW194_f24_jpg.rf.715ef729ffb473d071e4f4636696c5ea.jpg,0,0,0.6616,0.283,0.006,0.071,6.16,1.842,77.178,2.383,89.527
FireSmokeVideoNEW194_f26_jpg.rf.07bffcdf632b597c877b6ebb07f7f903.jpg,0,0,0.6475,0.291,0.007,0.072,6.336,2.875,76.028,1.795,89.231
FireSmokeVideoNEW194_f28_jpg.rf.ad2eb6b3914b59cd334e04ddba2c9585.jpg,0,0,1.0,0.277,0.006,0.072,5.523,1.16,99.989,2.19,110.804
FireSmokeVideoNEW194_f4_jpg.rf.33a7f5de9a08037605f3061fd9289762.jpg,0,0,1.0,0.282,0.006,0.07,6.308,4.561,75.913,1.87,90.617
FireSmokeVideoNEW194_f6_jpg.rf.8cca41d45e1b9d48be4b6e39b449b550.jpg,0,0,1.0,0.278,0.005,0.07,5.415,1.166,89.717,2.187,100.446
FireSmokeVideoNEW194_f8_jpg.rf.1c8751d3993e5ef2ea8196810f6d337c.jpg,0,1,0.591,0.285,0.006,0.072,5.181,1.173,77.803,1.814,87.97
FireSmokeVideoNEW198_f0_jpg.rf.a197c8cac401e59c22192d1555beb0e3.jpg,0,0,1.0,0.286,0.006,0.076,9.867,7.291,89.718,2.183,111.505
FireSmokeVideoNEW198_f21_jpg.rf.a2b8b5d44e8d06e56049adcccab34051.jpg,0,0,1.0,0.288,0.006,0.075,10.015,5.934,86.07,2.551,106.627
FireSmokeVideoNEW198_f34_jpg.rf.dc59b6a3b8102f74895580de214bfb05.jpg,0,0,1.0,0.289,0.006,0.073,9.054,5.782,74.995,1.817,93.637
FireSmokeVideoNEW198_f44_jpg.rf.5dd543728cb7054631cff884b6543c99.jpg,0,0,1.0,0.268,0.005,0.067,7.489,7.649,92.833,2.525,112.568
FireSmokeVideoNEW198_f53_jpg.rf.de8d1453cc5cc99b16dce8024a19a099.jpg,0,0,1.0,0.287,0.006,0.076,9.101,4.862,83.402,4.109,103.771
FireSmokeVideoNEW198_f5_jpg.rf.884199e8cf813521587bb72304469a91.jpg,0,0,1.0,0.287,0.006,0.075,7.707,1.232,76.346,1.925,89.274
FireSmokeVideoNEW198_f62_jpg.rf.f0f37f4fd52e11ec4c2c1dc4a6a1e84b.jpg,0,0,1.0,0.287,0.006,0.072,5.357,6.079,81.821,2.705,97.99
FireSmokeVideoNEW198_f76_jpg.rf.f975d49de39948662a604f3b8699ae17.jpg,0,0,1.0,0.282,0.006,0.072,9.995,4.872,75.993,1.809,94.715
FireSmokeVideoNEW199_f12_jpg.rf.49a41daf162adddafd342b71a52d065b.jpg,0,0,1.0,0.274,0.005,0.067,5.738,1.23,78.766,2.597,90.293
FireSmokeVideoNEW199_f22_jpg.rf.8cdd9234d4536b401d4424786242eb42.jpg,0,0,1.0,0.288,0.006,0.074,5.773,1.271,76.365,1.896,87.314
FireSmokeVideoNEW199_f24_jpg.rf.008e48718432deea401ae6c22de5b75d.jpg,0,0,1.0,0.271,0.005,0.066,5.982,5.273,78.667,4.541,96.45
FireSmokeVideoNEW199_f38_jpg.rf.437998fd3a55f2321789262434449bcc.jpg,0,0,1.0,0.215,0.004,0.045,6.633,5.349,76.289,1.95,92.188
FireSmokeVideoNEW19_f10_jpg.rf.cf14bceef74bfc964ef994979cc85365.jpg,0,0,1.0,0.307,0.006,0.077,8.784,2.772,84.187,6.251,103.939
FireSmokeVideoNEW19_f14_jpg.rf.0f8ded1e4755de812e6a69682afa2fdf.jpg,0,1,0.5985,0.283,0.006,0.073,10.425,7.101,92.412,2.473,114.411
FireSmokeVideoNEW19_f1_jpg.rf.8d3f142daa5385682ce49a400b014079.jpg,0,0,1.0,0.283,0.006,0.072,10.216,2.262,90.48,1.728,106.72
FireSmokeVideoNEW19_f22_jpg.rf.ce3d1c80d56894bcf65024fa15dc5310.jpg,0,0,1.0,0.212,0.004,0.043,7.3,2.847,77.719,1.933,91.287
FireSmokeVideoNEW19_f25_jpg.rf.f697293980b11b6be600b4ac25288076.jpg,0,0,0.9999,0.266,0.005,0.063,6.351,1.248,94.831,2.483,106.882
FireSmokeVideoNEW19_f28_jpg.rf.870932a2658929b11f426603c6e76178.jpg,0,0,0.9999,0.285,0.005,0.073,5.776,1.246,77.82,1.932,88.73
FireSmokeVideoNEW19_f5_jpg.rf.4c01349c8f37322abb65548b065db87c.jpg,0,0,1.0,0.282,0.006,0.076,12.945,6.663,77.406,1.956,101.306
FireSmokeVideoNEW204_f48_jpg.rf.a6d888db8bc478f73df454d622b4af74.jpg,0,0,0.9992,0.291,0.006,0.075,5.747,5.892,77.439,4.223,95.333
FireSmokeVideoNEW204_f50_jpg.rf.ef08c4a49d4bce14c2100efb6049f535.jpg,0,0,0.9998,0.29,0.006,0.076,5.81,1.267,77.182,1.926,88.515
FireSmokeVideoNEW204_f74_jpg.rf.5a3b99ac607f85f17c275ace5db8b56c.jpg,0,0,1.0,0.283,0.006,0.073,6.001,6.281,78.983,2.512,95.763
FireSmokeVideoNEW204_f76_jpg.rf.cf1ad84e2d9dff94bca8293370941b6b.jpg,0,0,1.0,0.268,0.005,0.052,9.692,3.023,87.209,2.128,103.663
FireSmokeVideoNEW205_f10_jpg.rf.e7fba039a83b2825fe8609a3ad1fe3ca.jpg,0,0,0.9981,0.379,0.007,0.072,5.421,3.171,90.413,2.469,103.596
FireSmokeVideoNEW205_f12_jpg.rf.12f55726a2d241d15d16c3a031c7acfe.jpg,0,0,0.9962,0.286,0.006,0.072,7.399,6.642,75.211,1.844,93.076
FireSmokeVideoNEW205_f14_jpg.rf.7a8c8488271699eab8c256966bb96d8f.jpg,0,0,0.918,0.299,0.006,0.076,10.968,6.25,77.405,1.92,98.198
FireSmokeVideoNEW205_f16_jpg.rf.e905c3e16c4928c286b1f3fefbcc9f1c.jpg,0,0,0.6336,0.286,0.005,0.071,8.826,6.004,75.896,1.902,94.618
FireSmokeVideoNEW205_f18_jpg.rf.51e26c76cda96a888f7cc153c055c57e.jpg,0,0,0.606,0.28,0.006,0.072,12.081,2.532,83.071,1.937,101.638
FireSmokeVideoNEW205_f1_jpg.rf.9ee331f7891fbff5a81e53f10a46bf6c.jpg,0,0,0.8809,0.286,0.007,0.074,6.841,2.066,78.4,2.994,92.287
FireSmokeVideoNEW205_f21_jpg.rf.3f9e31151c6d741f1821d0b631734f10.jpg,0,1,0.7054,0.282,0.006,0.071,5.804,5.616,76.386,1.877,91.66
FireSmokeVideoNEW205_f23_jpg.rf.49d41f9e8f04815aecdc7705619019c0.jpg,0,1,0.9721,0.285,0.007,0.07,5.423,2.448,82.889,2.521,95.252
FireSmokeVideoNEW205_f25_jpg.rf.3ffd9812a06a282282d13f0de04d1b95.jpg,0,1,0.6511,0.279,0.006,0.071,8.237,6.695,79.867,1.885,98.712
FireSmokeVideoNEW205_f27_jpg.rf.6b467cc45707dc3b2bb6179354ba0de2.jpg,0,0,0.8684,0.381,0.007,0.075,12.541,6.337,89.523,2.03,112.572
FireSmokeVideoNEW205_f29_jpg.rf.f1b55cdd166f109f23ddbc5b550dbb25.jpg,0,0,0.8683,0.282,0.007,0.072,8.126,3.737,76.186,1.792,91.844
FireSmokeVideoNEW205_f30_jpg.rf.c39e1a1a9569704ab1625e342b6768fa.jpg,0,0,0.9473,0.277,0.006,0.177,11.197,7.433,84.692,1.861,107.328
FireSmokeVideoNEW205_f32_jpg.rf.16aadfde338db2f3d2e35229ca90b5b0.jpg,0,0,0.9997,0.282,0.006,0.071,6.518,3.524,76.429,2.147,90.701
FireSmokeVideoNEW205_f4_jpg.rf.3e50ea94e80f738241c392a66bc4dbc4.jpg,0,0,0.9852,0.287,0.006,0.072,11.986,6.026,76.242,1.865,98.148
FireSmokeVideoNEW205_f6_jpg.rf.0b84566f03710d216aaa2cb4629d22b6.jpg,0,0,0.9754,0.29,0.006,0.076,6.741,4.511,82.568,3.587,99.392
FireSmokeVideoNEW205_f8_jpg.rf.e746678079c464fa2e02dbdd96397757.jpg,0,0,0.9953,0.288,0.006,0.073,8.3,3.552,77.715,1.883,93.329
FireSmokeVideoNEW207_f29_jpg.rf.5072e43a3f70899810cd248ae290c6fc.jpg,0,0,1.0,0.284,0.006,0.075,5.704,3.017,102.207,2.488,116.048
FireSmokeVideoNEW207_f38_jpg.rf.7da7afabcee0fe3fc4e99b02cb7ec200.jpg,0,0,1.0,0.285,0.005,0.074,9.201,3.433,73.639,1.846,90.124
FireSmokeVideoNEW207_f50_jpg.rf.38e43eaa6c7f0b0b6aef8d92ae7bc33b.jpg,0,0,1.0,0.285,0.006,0.074,5.789,1.779,94.209,2.553,106.316
FireSmokeVideoNEW207_f52_jpg.rf.ac33bf9cb002460544fa6971c6294cd1.jpg,0,0,1.0,0.287,0.006,0.072,10.177,6.053,75.297,1.856,95.355
FireSmokeVideoNEW207_f62_jpg.rf.589bc38eadda71f1f9f9b5fd6a31bdaf.jpg,0,0,1.0,0.291,0.006,0.074,11.889,5.925,77.197,1.904,98.914
FireSmokeVideoNEW207_f64_jpg.rf.fa87ea2073e4c69c27d5ec48824a23ce.jpg,0,0,1.0,0.287,0.006,0.074,10.329,1.212,82.33,1.929,97.761
FireSmokeVideoNEW207_f68_jpg.rf.cb005a57beb7f72ad09dd7f63a7c65ae.jpg,0,0,1.0,0.284,0.006,0.069,7.152,7.02,76.798,1.893,95.132
FireSmokeVideoNEW213_f0_jpg.rf.acf66f73cae0ef7ffba8d96df3334bc1.jpg,0,0,1.0,0.372,0.006,0.074,10.126,5.971,80.385,2.499,101.029
FireSmokeVideoNEW213_f37_jpg.rf.504df7a22d9a3682f368bb8e9a864b74.jpg,0,0,1.0,0.28,0.005,0.074,11.148,6.32,74.921,1.876,96.258
FireSmokeVideoNEW213_f39_jpg.rf.f610dda1c4694427bb2aeb65f22d2519.jpg,0,0,1.0,0.285,0.005,0.073,9.503,6.006,91.525,2.447,111.472
FireSmokeVideoNEW214_f28_jpg.rf.b67e2997751e40a1d9c240eecdfeb90d.jpg,0,1,1.0,0.28,0.005,0.072,9.035,6.344,82.223,1.903,101.508
FireSmokeVideoNEW214_f31_jpg.rf.dddac8520abe0f1d5e75b81b84c20c28.jpg,0,1,1.0,0.33,0.006,0.074,12.062,7.42,77.317,1.893,100.836
FireSmokeVideoNEW217_f100_jpg.rf.a9373ce1ec863a48d8653481c26156f5.jpg,0,0,0.5334,0.292,0.006,0.074,6.851,6.001,76.687,2.376,93.866
FireSmokeVideoNEW217_f108_jpg.rf.16b93711189f1762379f69af719c328d.jpg,0,0,0.9776,0.283,0.006,0.071,8.064,7.375,75.597,2.049,94.981
FireSmokeVideoNEW217_f10_jpg.rf.74821e6a9bb2e7227205f7dd92777b6b.jpg,0,0,1.0,0.276,0.005,0.07,11.97,6.826,86.701,2.514,110.036
FireSmokeVideoNEW217_f111_jpg.rf.2299bed8cbf01a1b7e6778708e83477b.jpg,0,0,0.744,0.288,0.005,0.072,10.445,2.571,81.964,1.928,98.885
FireSmokeVideoNEW217_f113_jpg.rf.efd09cd8788647385379fdb3dcf3c087.jpg,0,0,0.6573,0.287,0.006,0.074,6.722,6.49,92.619,2.495,110.326
FireSmokeVideoNEW217_f116_jpg.rf.48b271377b83f27ee6794dd67b51d137.jpg,0,0,1.0,0.286,0.006,0.074,10.681,6.809,78.022,3.476,100.956
FireSmokeVideoNEW217_f118_jpg.rf.c3282ec3adcd1755ad307af23c40158c.jpg,0,0,1.0,0.377,0.006,0.073,5.535,2.393,75.548,1.826,87.341
FireSmokeVideoNEW217_f11_jpg.rf.fe9b613659b1f6ffc68f08f6db48adfc.jpg,0,0,1.0,0.282,0.005,0.072,9.12,6.292,80.343,2.306,99.966
FireSmokeVideoNEW217_f121_jpg.rf.2353ff1ea9e105ec7579a296ba31d42b.jpg,0,0,1.0,0.288,0.005,0.075,9.359,5.859,82.183,2.265,101.72
FireSmokeVideoNEW217_f128_jpg.rf.4c9569a8817155737f29d57b918b693b.jpg,0,0,1.0,0.285,0.005,0.072,9.007,6.119,90.239,1.98,109.33
FireSmokeVideoNEW217_f137_jpg.rf.355e1445e5755263e17f71f5cfb3cabd.jpg,0,0,1.0,0.289,0.006,0.071,9.006,7.257,76.184,1.842,96.286
FireSmokeVideoNEW217_f139_jpg.rf.a015957ad4d8c893764adadc3564d5e6.jpg,0,0,1.0,0.293,0.006,0.074,10.007,6.653,86.816,2.313,107.814
FireSmokeVideoNEW217_f140_jpg.rf.905cd403c725484f47e8c319d12c0bcc.jpg,0,0,1.0,0.382,0.006,0.075,9.993,2.567,75.888,1.839,92.335
FireSmokeVideoNEW217_f142_jpg.rf.7b2f15a8e46783cf42066fccdd511a78.jpg,0,0,1.0,0.299,0.006,0.076,10.986,7.023,97.856,1.898,119.749
FireSmokeVideoNEW217_f144_jpg.rf.0fc96687f30d64cc901010a04935ecea.jpg,0,0,1.0,0.401,0.007,0.075,9.714,3.924,86.473,2.52,104.732
FireSmokeVideoNEW217_f146_jpg.rf.13b5b53c5d09bff9bf09edae5d018768.jpg,0,0,1.0,0.284,0.006,0.071,5.395,2.671,75.952,1.892,88.515
FireSmokeVideoNEW217_f14_jpg.rf.33a5f93f8923477faa40a251919cbb30.jpg,0,0,1.0,0.285,0.006,0.073,9.836,6.164,91.519,2.592,112.087
FireSmokeVideoNEW217_f165_jpg.rf.c321a908fed949be52d3de878e3af068.jpg,0,0,0.9999,0.284,0.006,0.073,9.952,2.362,76.76,1.942,93.018
FireSmokeVideoNEW217_f167_jpg.rf.f5f387fa96eefadd6d5da4f9eba93fe8.jpg,0,0,0.9984,0.288,0.006,0.076,11.549,6.006,82.315,1.988,104.749
FireSmokeVideoNEW217_f169_jpg.rf.d4e8d9fc726c7674b5c544ca652f18ed.jpg,0,0,0.9977,0.287,0.006,0.072,11.916,6.303,75.92,2.549,98.688
FireSmokeVideoNEW217_f170_jpg.rf.40da8c3a814bec9203dda24f6fdc4aa2.jpg,0,0,0.9836,0.21,0.004,0.046,9.935,6.375,76.034,1.906,96.12
FireSmokeVideoNEW217_f175_jpg.rf.b2b07756e0402cc49db122e0add77753.jpg,0,0,1.0,0.286,0.006,0.071,6.739,3.464,86.85,2.284,101.466
FireSmokeVideoNEW217_f177_jpg.rf.88605f9b92cb5461c60d2194538ba864.jpg,0,0,0.9903,0.377,0.006,0.071,8.31,6.576,78.894,1.917,97.873
FireSmokeVideoNEW217_f179_jpg.rf.ffad74096c7d49c5a971bb63e9e0893e.jpg,0,0,0.6704,0.282,0.005,0.075,9.331,6.505,95.027,2.572,115.491
FireSmokeVideoNEW217_f181_jpg.rf.ae1f277e7c1fc1083975d6a487d5c575.jpg,0,0,0.976,0.287,0.006,0.073,9.02,6.526,75.515,1.902,94.951
FireSmokeVideoNEW217_f183_jpg.rf.96e621baf17954f5a25876fa98b76901.jpg,0,0,0.9692,0.289,0.006,0.072,9.448,7.003,87.657,2.156,108.333
FireSmokeVideoNEW217_f188_jpg.rf.c5e2ff45dde47a1ffaaa95f6e696e5d8.jpg,0,0,0.9999,0.286,0.006,0.072,10.029,6.032,80.552,6.186,104.799
FireSmokeVideoNEW217_f18_jpg.rf.e259ee4817325821386e228d69ec590b.jpg,0,0,1.0,0.286,0.006,0.074,9.302,6.339,75.348,1.928,94.967
FireSmokeVideoNEW217_f195_jpg.rf.abb4ee4eacb3c0bc28eb69dcce0900b1.jpg,0,0,0.9981,0.286,0.006,0.075,7.25,6.127,92.376,2.448,110.229
FireSmokeVideoNEW217_f197_jpg.rf.69f085f5fc5fe3b6704f1697894ab870.jpg,0,0,0.9878,0.29,0.006,0.072,8.679,5.906,75.466,1.879,93.961
FireSmokeVideoNEW217_f199_jpg.rf.2034ba41cbc2996d2b0be969381dd53a.jpg,0,0,0.997,0.282,0.006,0.072,9.51,6.339,94.379,2.491,114.823
FireSmokeVideoNEW217_f200_jpg.rf.8e08442e7fba319b06ec60772c8d87b9.jpg,0,0,0.9992,0.285,0.006,0.075,8.754,6.525,75.659,1.996,94.9
FireSmokeVideoNEW217_f20_jpg.rf.cd45d53c627554532a83cb04b923b1d7.jpg,0,0,1.0,0.373,0.006,0.075,12.423,7.216,75.42,1.903,98.991
FireSmokeVideoNEW217_f213_jpg.rf.907c7f8bf6e7a1f549c1d58b68a8f402.jpg,0,0,0.8667,0.332,0.004,0.044,10.424,1.274,81.289,2.675,97.769
FireSmokeVideoNEW217_f215_jpg.rf.3fa3043621fed653f78e6295cdb5490b.jpg,0,0,0.8428,0.286,0.004,0.054,5.954,1.209,76.327,1.874,87.377
FireSmokeVideoNEW217_f217_jpg.rf.55bd84fe4077a3d1595a56350af545cd.jpg,0,0,0.987,0.356,0.007,0.074,6.571,6.624,81.365,2.738,99.369
FireSmokeVideoNEW217_f21_jpg.rf.2dfb9ce2f22edf5be1fd53fa1942bfd2.jpg,0,0,1.0,0.284,0.006,0.074,6.148,1.294,77.641,2.237,89.326
FireSmokeVideoNEW217_f23_jpg.rf.cd19d39e70dfebad7cff6545b5b6019d.jpg,0,0,1.0,0.285,0.006,0.074,5.895,4.011,89.321,2.4,103.607
FireSmokeVideoNEW217_f25_jpg.rf.a94df0d3028a9abe6b8c10a09dec7c59.jpg,0,0,1.0,0.359,0.006,0.075,6.377,1.206,83.261,1.985,94.997
FireSmokeVideoNEW217_f27_jpg.rf.06ba12fefcbb80378faafa6ce1db4f32.jpg,0,0,1.0,0.204,0.004,0.044,5.995,1.273,99.983,2.503,111.629
FireSmokeVideoNEW217_f29_jpg.rf.efc5389a39f0e16e63edc5a792879459.jpg,0,0,1.0,0.284,0.006,0.073,5.535,1.885,74.908,1.855,86.162
FireSmokeVideoNEW217_f30_jpg.rf.d0b9592c67eb506d0e8be54cab7fed05.jpg,0,0,1.0,0.283,0.006,0.075,9.535,7.527,80.45,1.991,101.547
FireSmokeVideoNEW217_f32_jpg.rf.79ac9c71917c29f71dff9368fd819e70.jpg,0,0,1.0,0.287,0.006,0.071,6.453,4.73,76.327,1.871,91.438
FireSmokeVideoNEW217_f34_jpg.rf.2406074bcd38a38b07569c36e10c4c9b.jpg,0,0,1.0,0.295,0.007,0.077,10.121,6.03,81.185,2.217,101.548
FireSmokeVideoNEW217_f36_jpg.rf.f4677a9876506e73056dbb5e4d1867ac.jpg,0,0,1.0,0.282,0.006,0.075,6.401,2.861,81.4,3.764,96.426
FireSmokeVideoNEW217_f38_jpg.rf.56cbb6b9ba8dcb8a6e849b50a427e820.jpg,0,0,1.0,0.294,0.006,0.074,9.995,6.155,75.638,1.905,95.66
FireSmokeVideoNEW217_f40_jpg.rf.5e0bf555a150e965529da135af30a843.jpg,0,0,1.0,0.282,0.007,0.072,10.003,6.042,89.841,2.274,110.098
FireSmokeVideoNEW217_f42_jpg.rf.547bf36d056de255bbbe8865cf2169e4.jpg,0,0,1.0,0.285,0.006,0.075,9.93,6.024,86.468,2.161,106.661
FireSmokeVideoNEW217_f44_jpg.rf.53343693989b66932b14e172d5b51021.jpg,0,0,1.0,0.284,0.006,0.075,9.305,6.366,88.808,2.117,108.72
FireSmokeVideoNEW217_f46_jpg.rf.6c09d1078ba60b84e5eeae62e8b43ee4.jpg,0,0,1.0,0.36,0.007,0.079,8.097,1.2,77.047,1.911,90.33
FireSmokeVideoNEW217_f48_jpg.rf.960f1757efc2361b33061b66881276af.jpg,0,0,1.0,0.283,0.006,0.074,11.615,5.831,76.011,1.869,97.343
FireSmokeVideoNEW217_f50_jpg.rf.5a4c5a00a2dff53d3d1e9b4912a5e80a.jpg,0,0,1.0,0.288,0.006,0.071,9.046,2.144,75.856,1.908,90.949
FireSmokeVideoNEW217_f52_jpg.rf.f80dd0cbedbe18de1503c537d55a5481.jpg,0,0,0.9995,0.274,0.005,0.069,6.57,1.03,77.668,1.923,88.773
FireSmokeVideoNEW217_f55_jpg.rf.192d21a1a9cdd1e7400d2d5319251009.jpg,0,0,0.9992,0.285,0.005,0.074,8.408,1.943,86.563,3.469,102.434
FireSmokeVideoNEW217_f58_jpg.rf.09abcbd86f7cf4acca982ff3c84479bf.jpg,0,0,1.0,0.288,0.006,0.077,5.887,1.27,77.404,1.912,88.468
FireSmokeVideoNEW217_f60_jpg.rf.2af19e844fb73cffddc8cd48cea110ef.jpg,0,0,1.0,0.284,0.006,0.073,7.061,3.256,87.417,2.562,102.277
FireSmokeVideoNEW217_f6_jpg.rf.9ad603f7c039681979d3382daca3dfca.jpg,0,0,1.0,0.284,0.006,0.072,5.728,3.435,87.632,1.853,100.665
FireSmokeVideoNEW217_f7_jpg.rf.7a963cc9523ed71e48510b941a897169.jpg,0,0,1.0,0.288,0.006,0.076,7.909,5.278,90.259,2.451,107.897
FireSmokeVideoNEW217_f85_jpg.rf.04954f9a86137e0fdb1a724cfe2e3866.jpg,0,0,1.0,0.284,0.006,0.072,5.189,4.113,82.676,2.261,96.188
FireSmokeVideoNEW217_f96_jpg.rf.9aeddcb7059e6f24f5deb788b8d30f2b.jpg,0,0,0.6874,0.289,0.006,0.074,10.375,6.912,76.256,2.339,97.902
FireSmokeVideoNEW217_f98_jpg.rf.523eafbbea416669a571f038b78ed6db.jpg,0,0,0.7216,0.284,0.006,0.071,9.235,7.084,77.369,2.69,98.433
FireSmokeVideoNEW217_f9_jpg.rf.add7279aa36849c24e3ac2f2216f064d.jpg,0,0,1.0,0.286,0.006,0.073,11.802,1.244,76.087,1.979,93.178
FireSmokeVideoNEW219_f100_jpg.rf.e9c25439b3dad49808efeef37acaf92b.jpg,0,0,0.9998,0.291,0.006,0.071,6.695,3.252,79.31,3.987,95.27
FireSmokeVideoNEW219_f103_jpg.rf.5c3a06fd5e7e5de7bc2439421cae9ca3.jpg,0,0,1.0,0.292,0.006,0.076,5.607,1.198,81.826,2.099,92.727
FireSmokeVideoNEW219_f105_jpg.rf.93e9b68294084ef359c3fbac8af68844.jpg,0,0,0.9468,0.287,0.006,0.074,5.422,1.191,83.95,2.824,95.402
FireSmokeVideoNEW219_f107_jpg.rf.2279d0f434d08b421e5847b77ba49c98.jpg,0,0,0.9817,0.292,0.006,0.074,10.316,5.898,75.398,1.843,95.483
FireSmokeVideoNEW219_f109_jpg.rf.2497933b49e36296ad41b2a9e7c629af.jpg,0,0,0.6777,0.293,0.006,0.073,9.059,6.081,86.494,2.542,106.194
FireSmokeVideoNEW219_f111_jpg.rf.d13eb49c432b395eb0f4789afa26799e.jpg,0,0,0.7755,0.287,0.006,0.077,8.744,6.31,75.692,1.908,94.703
FireSmokeVideoNEW219_f116_jpg.rf.ae9afca806c236a71f19e8f194bf2109.jpg,0,0,0.8657,0.282,0.006,0.073,9.914,6.45,99.184,2.135,119.736
FireSmokeVideoNEW219_f118_jpg.rf.75f5a183e6eb763184506172e56826c1.jpg,0,0,0.8472,0.334,0.006,0.074,5.969,2.009,76.77,3.136,89.957
FireSmokeVideoNEW219_f120_jpg.rf.8875901f36a17bf88cbe1e1e9321ee1c.jpg,0,0,0.9995,0.287,0.006,0.074,10.004,6.023,76.633,1.849,96.502
FireSmokeVideoNEW219_f122_jpg.rf.3f2b747a1a6d8bb134411da04b6d5ceb.jpg,0,0,1.0,0.285,0.006,0.072,10.074,6.005,82.433,2.487,103.035
FireSmokeVideoNEW219_f126_jpg.rf.52f94dd838172beb57e8ec37c56c19f4.jpg,0,1,0.6665,0.29,0.006,0.072,10.494,6.046,75.754,2.271,96.565
FireSmokeVideoNEW219_f129_jpg.rf.d5223592df753ce9aeeff5fbcfd2f6f3.jpg,0,0,0.9999,0.395,0.008,0.077,10.346,6.055,99.779,2.305,120.603
FireSmokeVideoNEW219_f131_jpg.rf.af45167297be8a47f6ecf78c4971240e.jpg,0,1,0.5292,0.282,0.006,0.073,11.275,1.399,76.141,1.83,92.775
FireSmokeVideoNEW219_f15_jpg.rf.978176c15dd5ec19d9fdef9fa30e2015.jpg,0,1,0.9729,0.287,0.006,0.074,12.214,7.692,75.374,1.917,99.296
FireSmokeVideoNEW219_f17_jpg.rf.a780d3a9489a1ff49e169de9167318e6.jpg,0,1,0.9976,0.374,0.006,0.074,9.65,5.944,76.133,2.308,96.16
FireSmokeVideoNEW219_f19_jpg.rf.cee064d43b06eea7a26764d10b69fa56.jpg,0,0,0.9845,0.287,0.006,0.074,8.793,5.994,75.938,1.888,94.608
FireSmokeVideoNEW219_f20_jpg.rf.fba5b315002bba70a5f2d53923ab3523.jpg,0,1,0.9886,0.285,0.006,0.07,10.437,5.803,78.692,3.378,100.378
FireSmokeVideoNEW219_f23_jpg.rf.1e8e04436c82a1922489aa2b214fbd6f.jpg,0,0,0.6267,0.317,0.006,0.074,6.292,4.381,76.221,1.861,90.952
FireSmokeVideoNEW219_f25_jpg.rf.a18994c7f34d6a907f4692a87e6fa3f9.jpg,0,1,0.9883,0.284,0.006,0.07,5.731,4.587,82.176,5.827,100.314
FireSmokeVideoNEW219_f30_jpg.rf.fdee063af522e346cd388bc1a4242f7d.jpg,0,0,0.9438,0.272,0.006,0.067,6.469,4.012,75.987,1.944,90.47
FireSmokeVideoNEW219_f32_jpg.rf.ddc873a0551526ca65fa1d06f97bac64.jpg,0,0,1.0,0.288,0.006,0.072,10.686,5.973,93.125,2.324,114.116
FireSmokeVideoNEW219_f34_jpg.rf.cad5fbd8012adc27392d185d547a64f2.jpg,0,1,0.6163,0.287,0.006,0.074,5.659,4.905,75.617,1.969,89.953
FireSmokeVideoNEW219_f36_jpg.rf.fb0ae754ede857299d29e3b6cc6ccc0d.jpg,0,0,0.5724,0.289,0.005,0.072,8.214,5.99,92.215,2.481,110.876
FireSmokeVideoNEW219_f38_jpg.rf.4e36385b74d11f5f344b6164d4443826.jpg,0,0,0.9647,0.288,0.006,0.075,8.795,7.34,75.698,1.904,95.63
FireSmokeVideoNEW219_f3_jpg.rf.9a3acc348be776f3126eaa01a6b9143d.jpg,0,1,1.0,0.293,0.006,0.076,11.517,8.074,75.636,1.868,98.96
FireSmokeVideoNEW219_f44_jpg.rf.c6201b2a651fb15d42c47372f48143ea.jpg,0,0,0.7181,0.285,0.006,0.075,6.247,1.828,77.253,3.703,91.069
FireSmokeVideoNEW219_f49_jpg.rf.f8352761af02510da64ff9dbb7764208.jpg,0,0,0.9993,0.29,0.006,0.073,5.79,1.384,77.679,1.865,88.724
FireSmokeVideoNEW219_f50_jpg.rf.69a64e822cf2cb5905705e4998e6a371.jpg,0,0,0.5822,0.269,0.006,0.069,6.836,1.261,87.291,3.649,101.094
FireSmokeVideoNEW219_f52_jpg.rf.4ed33f2006955f25cbd6976e65731478.jpg,0,1,0.8427,0.225,0.005,0.086,5.875,2.816,91.71,2.116,104.338
FireSmokeVideoNEW219_f54_jpg.rf.2a009997f531c42dc612957036039b92.jpg,0,1,0.9999,0.286,0.005,0.078,6.346,2.779,87.54,2.489,101.176
FireSmokeVideoNEW219_f56_jpg.rf.4d435bbf60e5244de2a83067cd503697.jpg,0,1,1.0,0.29,0.006,0.072,8.563,6.174,75.331,1.881,93.983
FireSmokeVideoNEW219_f58_jpg.rf.816855101b006e8917308145fbff4683.jpg,0,1,0.9985,0.29,0.006,0.074,8.55,6.0,90.115,2.533,109.25
FireSmokeVideoNEW219_f5_jpg.rf.c45888dccdeb80cf3c1d57eaa8742807.jpg,0,1,0.9773,0.286,0.006,0.072,6.478,5.296,81.171,2.012,96.961
FireSmokeVideoNEW219_f64_jpg.rf.fcb2ab218c52a47f8b4b7a045dbaca13.jpg,0,0,1.0,0.29,0.005,0.075,10.567,8.199,80.708,2.241,103.77
FireSmokeVideoNEW219_f6_jpg.rf.42c28bdff3ab813f2e324a70ba7df0cd.jpg,0,0,0.6739,0.286,0.006,0.072,11.145,6.003,76.223,2.309,97.652
FireSmokeVideoNEW219_f79_jpg.rf.71af1f0cdfcf193eb39b9d23e563f5fe.jpg,0,0,1.0,0.296,0.006,0.076,9.89,6.811,76.423,2.221,97.345
FireSmokeVideoNEW219_f82_jpg.rf.2d98843486d600dadb1fb1f51cae9b86.jpg,0,1,0.9998,0.372,0.006,0.075,10.112,6.002,81.758,5.824,105.758
FireSmokeVideoNEW219_f84_jpg.rf.2d6d394cdec8ac45d1947e9a0a70f46b.jpg,0,1,1.0,0.311,0.005,0.07,12.255,6.022,83.327,2.373,106.024
FireSmokeVideoNEW219_f86_jpg.rf.facd7c1be6d3a656b924ea93978566be.jpg,0,1,1.0,0.286,0.006,0.071,10.134,6.539,87.834,2.441,108.952
FireSmokeVideoNEW219_f88_jpg.rf.a022c08baa2e6f8d0487a9b1be99b2fb.jpg,0,1,0.9954,0.289,0.005,0.074,9.224,6.362,75.242,2.188,94.988
FireSmokeVideoNEW219_f8_jpg.rf.046f3bd1cafb22613d463425cf33c9da.jpg,0,0,0.9982,0.283,0.007,0.073,10.083,6.435,82.02,2.999,103.662
FireSmokeVideoNEW219_f91_jpg.rf.9f1e6dfa4f1a9256334d175a92273a16.jpg,0,0,1.0,0.285,0.006,0.074,6.474,3.625,75.276,2.249,90.159
FireSmokeVideoNEW219_f96_jpg.rf.a40be148c2196c81a3b370bf04ff8cee.jpg,0,0,0.997,0.308,0.006,0.074,11.094,5.943,82.393,2.167,103.621
FireSmokeVideoNEW219_f98_jpg.rf.f2faa3e7c16967233b337aad59c2372d.jpg,0,0,0.9999,0.288,0.007,0.076,9.573,6.005,85.063,2.54,105.219
FireSmokeVideoNEW235_f33_jpg.rf.0a3116fe91b93b2b42685c8f07b15f59.jpg,0,0,0.9999,0.283,0.006,0.155,9.026,5.916,76.345,2.188,95.577
FireSmokeVideoNEW235_f37_jpg.rf.90215e2867005d19440f24ddd8be4134.jpg,0,0,1.0,0.295,0.006,0.077,9.532,6.479,99.722,2.458,120.196
FireSmokeVideoNEW235_f40_jpg.rf.8cddc8b01761e5099ffc078afe05dcfe.jpg,0,0,1.0,0.284,0.006,0.074,9.339,7.833,76.732,2.157,98.074
FireSmokeVideoNEW237_f16_jpg.rf.5f11e272d92059f407f138e3d5a60da6.jpg,0,1,0.6716,0.286,0.006,0.073,12.727,6.42,77.274,2.218,100.638
FireSmokeVideoNEW237_f18_jpg.rf.a6fdf7b427848eb4ea6973ff968a3354.jpg,0,0,0.5955,0.291,0.006,0.074,7.166,4.682,76.448,2.218,92.43
FireSmokeVideoNEW237_f1_jpg.rf.d1f928ef436c01e7b2cf526c4f809b21.jpg,0,0,1.0,0.362,0.006,0.076,11.228,4.994,76.379,2.206,96.816
FireSmokeVideoNEW237_f22_jpg.rf.db0488cc4f6f26c8e0fafe466b04c599.jpg,0,0,0.8675,0.295,0.006,0.076,5.426,1.203,88.335,2.105,98.994
FireSmokeVideoNEW237_f24_jpg.rf.50b525402b3eeb1da34eaca14126f841.jpg,0,1,0.9839,0.281,0.005,0.074,5.172,1.191,76.979,2.188,87.502
FireSmokeVideoNEW237_f26_jpg.rf.292fa36bc2afe2ee1be1016fa5349d28.jpg,0,0,1.0,0.28,0.006,0.072,5.719,1.828,91.405,2.274,103.206
FireSmokeVideoNEW237_f2_jpg.rf.2e172a45e9ba82d4ad523119d91a1e54.jpg,0,0,1.0,0.287,0.006,0.073,10.131,2.32,75.126,2.162,91.8
FireSmokeVideoNEW237_f36_jpg.rf.8489fa3bf6c71ee4d009d4fd3ced8a26.jpg,0,0,0.9522,0.279,0.006,0.074,6.262,1.238,93.054,2.01,104.568
FireSmokeVideoNEW237_f38_jpg.rf.83e1c26126ab42521c01f2d6fb8bf25c.jpg,0,1,0.6715,0.29,0.006,0.075,5.279,4.021,76.149,1.937,89.388
FireSmokeVideoNEW237_f40_jpg.rf.75afeed09f8d7c77cf67b47a49c36595.jpg,0,0,0.9992,0.284,0.006,0.075,12.166,7.382,80.284,1.894,103.735
FireSmokeVideoNEW237_f42_jpg.rf.1e54ef2074d501111766d23a9c125016.jpg,0,0,0.9926,0.299,0.006,0.075,9.98,6.056,80.659,2.109,100.837
FireSmokeVideoNEW239_f11_jpg.rf.68967d6ccd4e0696316a88c71059fe48.jpg,0,1,0.6607,0.392,0.004,0.047,6.184,4.196,75.558,1.934,90.349
FireSmokeVideoNEW239_f13_jpg.rf.47e9d94edb230b4d3d7a90e4a030b812.jpg,0,1,0.9997,0.289,0.006,0.074,5.532,3.045,76.098,2.438,89.191
FireSmokeVideoNEW239_f19_jpg.rf.547e1d5a34191e556bcee188b8d70562.jpg,0,0,1.0,0.216,0.003,0.046,9.532,6.514,76.06,1.888,95.941
FireSmokeVideoNEW239_f20_jpg.rf.fc7c6c45683e4bb495152a4a71da41c9.jpg,0,0,1.0,0.281,0.006,0.076,9.372,6.116,89.66,2.233,109.448
FireSmokeVideoNEW239_f22_jpg.rf.e5b4ae7747d32b81ac24d361025cef74.jpg,0,0,1.0,0.377,0.006,0.077,8.561,7.335,92.604,2.205,112.796
FireSmokeVideoNEW239_f39_jpg.rf.aa6a200b4d0178ecbf3e7b4245b845ed.jpg,0,1,0.9988,0.291,0.006,0.075,9.107,7.646,87.874,2.205,108.816
FireSmokeVideoNEW239_f40_jpg.rf.5400696a6507c2c33b93aefa6aefe051.jpg,0,1,0.7216,0.289,0.006,0.074,6.492,4.612,76.082,1.883,91.048
FireSmokeVideoNEW239_f46_jpg.rf.d2960d91eab4ce54a9db418325f9564a.jpg,0,0,1.0,0.611,0.006,0.116,10.692,5.854,75.639,1.931,96.514
FireSmokeVideoNEW239_f59_jpg.rf.f284514ce57dd6611a19f3b0eb179ea6.jpg,0,1,0.5616,0.283,0.005,0.072,6.847,3.99,76.322,2.089,91.253
FireSmokeVideoNEW239_f60_jpg.rf.9a19d896995c8f884c4af9a5adec577c.jpg,0,1,0.5627,0.22,0.004,0.047,8.357,6.475,81.905,2.076,100.554
FireSmokeVideoNEW239_f62_jpg.rf.c5dbdb82e651aa6e0eeadf51a3d4b0b8.jpg,0,1,0.7836,0.401,0.006,0.074,9.792,1.448,77.541,3.36,94.412
FireSmokeVideoNEW239_f70_jpg.rf.f2b597cea774e2c3131039471aa2744d.jpg,0,0,0.999,0.283,0.006,0.075,5.486,2.1,78.323,1.779,89.987
FireSmokeVideoNEW239_f7_jpg.rf.716102698433c487e0011b828b703f1d.jpg,0,1,0.994,0.274,0.006,0.069,5.447,1.238,78.892,4.513,91.982
FireSmokeVideoNEW239_f83_jpg.rf.fd4fba17753f5ce5a45588d3a16fd999.jpg,0,0,1.0,0.233,0.004,0.043,9.972,9.094,78.166,2.195,101.515
FireSmokeVideoNEW23_f102_jpg.rf.f6918e51a89dedb0dba64a14386fd485.jpg,0,0,1.0,0.295,0.006,0.074,13.724,6.075,90.241,1.74,113.591
FireSmokeVideoNEW23_f105_jpg.rf.4b98f0ba685d140a37dbbc9990c03762.jpg,0,0,1.0,0.303,0.006,0.064,10.055,6.422,76.479,1.972,96.787
FireSmokeVideoNEW23_f118_jpg.rf.e6a891db192eb91ffbb8e7475705dd9d.jpg,0,0,1.0,0.28,0.006,0.072,10.123,5.999,87.951,2.465,108.605
FireSmokeVideoNEW23_f122_jpg.rf.c171441c5b0ca3924c8c66c72534cf2b.jpg,0,0,0.9999,0.285,0.006,0.076,10.212,6.878,75.69,1.93,96.684
FireSmokeVideoNEW23_f125_jpg.rf.5debf4bd1984f010c1b1dcd28310aa83.jpg,0,0,0.9991,0.293,0.007,0.073,10.155,8.926,83.243,1.931,106.141
FireSmokeVideoNEW23_f127_jpg.rf.37c0782706a1236efceb4c739407dd25.jpg,0,0,0.9494,0.265,0.006,0.067,9.62,1.295,82.805,2.292,97.945
FireSmokeVideoNEW23_f129_jpg.rf.2ea639692a7e29daa8b8ea1de69eeb72.jpg,0,1,0.9849,0.206,0.004,0.046,7.298,7.334,75.731,1.856,94.156
FireSmokeVideoNEW23_f131_jpg.rf.466531ad1511190a89c1eb2be15960fd.jpg,0,0,0.6686,0.295,0.006,0.077,6.933,5.556,93.454,5.355,113.435
FireSmokeVideoNEW23_f133_jpg.rf.4cb0c0e8f14d2f4314645ba2d96e90d0.jpg,0,0,0.9994,0.294,0.006,0.074,6.122,3.306,76.754,2.042,90.219
FireSmokeVideoNEW23_f17_jpg.rf.7e12e7a6b3bf78ade1514efca4fa6b17.jpg,0,0,1.0,0.292,0.006,0.075,9.103,6.602,92.906,2.482,112.995
FireSmokeVideoNEW23_f20_jpg.rf.45ba21827ce25fc5f38bfbc2f24d6b8e.jpg,0,0,0.9999,0.287,0.005,0.072,8.995,3.141,81.997,2.015,98.157
FireSmokeVideoNEW23_f22_jpg.rf.29f2d535a890c06a4cf54fb62aeae916.jpg,0,0,1.0,0.292,0.005,0.074,9.522,5.873,75.955,1.942,95.387
FireSmokeVideoNEW23_f24_jpg.rf.967b8a5e7330bbab9f4342e93da5b612.jpg,0,0,1.0,0.283,0.006,0.074,8.704,6.109,81.345,2.655,100.804
FireSmokeVideoNEW23_f27_jpg.rf.31f2d7fbc4ad759a14190cf119c86cd3.jpg,0,0,0.5815,0.292,0.006,0.074,8.593,6.588,76.283,1.884,95.362
FireSmokeVideoNEW23_f30_jpg.rf.73360b6fc9f719c0b07919def1843b67.jpg,0,0,0.9995,0.287,0.006,0.074,10.526,6.992,86.41,5.715,111.713
FireSmokeVideoNEW23_f36_jpg.rf.a573980f5cbddf58725ec307297ae2c2.jpg,0,0,1.0,0.331,0.006,0.072,10.767,6.016,81.756,1.888,102.456
FireSmokeVideoNEW23_f44_jpg.rf.9cb37443c4da43f08c79e1c8c7270ad3.jpg,0,0,1.0,0.283,0.007,0.072,11.387,7.762,82.174,2.269,105.626
FireSmokeVideoNEW23_f50_jpg.rf.1d318ace626b552ab85bedae9c6fe2ae.jpg,0,0,1.0,0.284,0.006,0.072,6.785,4.177,75.663,2.27,90.868
FireSmokeVideoNEW23_f57_jpg.rf.4e21297b504ef4126b9a6b95cad8ca0c.jpg,0,0,0.9642,0.293,0.006,0.074,10.447,6.083,75.384,1.857,95.762
FireSmokeVideoNEW23_f59_jpg.rf.d2f656988b1f5b0fb714b178d9799544.jpg,0,0,1.0,0.289,0.006,0.075,10.341,1.395,80.182,4.029,97.984
FireSmokeVideoNEW23_f63_jpg.rf.0ac33d38cacbd861c7b582f17c820bb4.jpg,0,0,1.0,0.283,0.005,0.075,9.626,6.411,82.272,2.18,102.492
FireSmokeVideoNEW23_f76_jpg.rf.a966534c07edefd0f3dff0c96376a243.jpg,0,0,1.0,0.281,0.006,0.075,8.988,6.316,88.707,2.119,108.176
FireSmokeVideoNEW23_f90_jpg.rf.b61cfc180d6eceb938b4af6caf51abf9.jpg,0,0,1.0,0.286,0.006,0.072,10.346,1.212,77.67,1.967,93.176
FireSmokeVideoNEW240_f24_jpg.rf.c32f26544e37c883914250c509498e68.jpg,0,0,1.0,0.403,0.006,0.075,6.086,4.556,90.927,2.518,106.289
FireSmokeVideoNEW240_f26_jpg.rf.827a12f2836232905b4da03069e4a2bb.jpg,0,0,1.0,0.286,0.007,0.072,5.376,2.871,86.424,2.212,98.938
FireSmokeVideoNEW247_f0_jpg.rf.beef7d32aee1fcf9184bde5c0007c8a7.jpg,0,0,0.8727,0.288,0.005,0.072,10.205,6.153,91.105,2.234,111.785
FireSmokeVideoNEW247_f11_jpg.rf.22e187d3de34114cbe2eee824dcf8ea4.jpg,0,0,0.9999,0.286,0.006,0.076,8.72,2.413,81.082,2.557,96.781
FireSmokeVideoNEW247_f13_jpg.rf.cf17b57023a106f84957783337e1dd83.jpg,0,0,0.9999,0.283,0.006,0.073,5.563,1.288,76.883,1.778,87.475
FireSmokeVideoNEW247_f15_jpg.rf.36fd571e1f519a0b5e072f998cf318bf.jpg,0,0,0.9953,0.274,0.006,0.066,5.283,1.739,85.594,4.701,99.261
FireSmokeVideoNEW247_f22_jpg.rf.f99e1b6f5eb1bddbeb9ce9f856242d0b.jpg,0,0,1.0,0.288,0.006,0.074,5.629,6.077,76.535,1.875,92.108
FireSmokeVideoNEW247_f24_jpg.rf.1ee4e739ab247b40d19859c571533d93.jpg,0,0,0.9999,0.289,0.005,0.073,6.412,5.949,87.332,2.268,103.964
FireSmokeVideoNEW247_f26_jpg.rf.a797b29033eb18f9d2b6c36421877eb6.jpg,0,0,0.9954,0.284,0.006,0.074,10.221,6.643,76.152,1.938,96.957
FireSmokeVideoNEW247_f29_jpg.rf.f14ac60e4f41877c5491fde4790673c3.jpg,0,0,0.9946,0.289,0.006,0.076,7.409,3.715,93.407,2.272,108.796
FireSmokeVideoNEW247_f30_jpg.rf.aafb436047adf51b707ef78707e2b913.jpg,0,0,0.9849,0.211,0.004,0.046,11.886,3.141,77.481,1.866,96.242
FireSmokeVideoNEW247_f32_jpg.rf.e9ff5ba78f26413500f425b399e23665.jpg,0,0,0.6732,0.299,0.006,0.073,12.384,3.976,77.847,1.863,97.958
FireSmokeVideoNEW247_f34_jpg.rf.6c3c5690e43240a790d6a5e9721b8c63.jpg,0,0,0.8899,0.293,0.006,0.076,5.628,2.841,76.142,4.799,91.425
FireSmokeVideoNEW247_f4_jpg.rf.6a0ddd7371fb83e53e311ea22189d480.jpg,0,0,0.952,0.286,0.006,0.071,9.398,5.469,76.148,1.824,94.744
FireSmokeVideoNEW247_f6_jpg.rf.a694822f16bef6e50518310eca6ac39e.jpg,0,0,0.9946,0.29,0.006,0.074,11.117,5.92,84.753,2.309,106.104
FireSmokeVideoNEW247_f8_jpg.rf.6b64236393a322ec185f256a364cf11c.jpg,0,0,1.0,0.279,0.005,0.071,10.774,1.211,75.19,1.828,90.998
FireSmokeVideoNEW257_f14_jpg.rf.219b5dbc0697a8fa0cc33d06791cae70.jpg,0,0,0.5833,0.281,0.006,0.073,5.846,1.257,88.778,4.951,102.789
FireSmokeVideoNEW258_f100_jpg.rf.355178e1214dd3903eaa752ee7eef30e.jpg,0,0,1.0,0.285,0.006,0.073,5.439,3.454,75.877,1.897,88.644
FireSmokeVideoNEW258_f11_jpg.rf.0dba1da8050dc2ce1b709b5f242f741d.jpg,0,0,1.0,0.289,0.006,0.073,7.875,7.044,102.332,2.099,121.337
FireSmokeVideoNEW258_f170_jpg.rf.6c3e4b2743ca89c8ee5dd1856a6141bd.jpg,0,0,1.0,0.29,0.006,0.074,8.478,3.03,75.979,1.949,91.823
FireSmokeVideoNEW258_f1_jpg.rf.0d3b83be9ba47d2910cdb2dec33113fc.jpg,0,0,1.0,0.298,0.006,0.074,11.118,5.925,76.412,2.253,97.265
FireSmokeVideoNEW258_f2_jpg.rf.b83eafff3fd4b43c1860e76314bb50ac.jpg,0,0,1.0,0.28,0.006,0.071,10.147,5.919,80.239,2.669,100.975
FireSmokeVideoNEW258_f3_jpg.rf.cd8a2e8513bdb4e131855fb45fd1bdfc.jpg,0,0,1.0,0.283,0.006,0.074,8.57,6.085,75.812,1.913,94.331
FireSmokeVideoNEW258_f41_jpg.rf.de1a58da1bf54a7517d2312b13c76577.jpg,0,0,1.0,0.288,0.006,0.077,8.168,1.293,90.291,2.541,104.322
FireSmokeVideoNEW258_f51_jpg.rf.3235141ca98e65b2ab3e2a034029f5f0.jpg,0,0,0.9996,0.287,0.006,0.074,5.779,1.256,77.338,1.88,88.238
FireSmokeVideoNEW258_f5_jpg.rf.0858c131be1788253fc6056f1b952726.jpg,0,0,1.0,0.281,0.006,0.072,5.318,2.766,87.819,2.515,101.064
FireSmokeVideoNEW258_f7_jpg.rf.8516c19839e35db825c80a381605f57c.jpg,0,0,1.0,0.289,0.006,0.073,9.324,6.028,76.31,2.014,95.661
FireSmokeVideoNEW258_f8_jpg.rf.06a72518e055cecd6c4555cd122fc078.jpg,0,0,1.0,0.383,0.005,0.063,9.998,7.802,100.454,2.043,122.855
FireSmokeVideoNEW266_f22_jpg.rf.f1df0a77304fe82235036772cf5b8801.jpg,0,0,1.0,0.276,0.005,0.066,6.506,1.38,77.257,1.898,89.003
FireSmokeVideoNEW26_f19_jpg.rf.aeed9f3bfcb0a0dee24e772e00f3a420.jpg,0,0,0.9973,0.216,0.004,0.088,9.898,2.119,76.26,1.898,92.228
FireSmokeVideoNEW26_f21_jpg.rf.4f774db17e69a10fb5f9a8f7999edf9c.jpg,0,0,1.0,0.285,0.006,0.073,5.495,1.242,77.793,2.028,88.586
FireSmokeVideoNEW26_f23_jpg.rf.8aa65d6972e281489f02f3f5ca285e15.jpg,0,0,0.69,0.293,0.006,0.074,5.746,4.872,75.868,2.06,90.549
FireSmokeVideoNEW26_f25_jpg.rf.2dfc9f18e082edcb01be0a2710a98b76.jpg,0,0,0.9864,0.286,0.005,0.072,8.063,5.83,76.82,2.12,94.826
FireSmokeVideoNEW26_f31_jpg.rf.4143b47a6b97ba01168be4b9d2f60793.jpg,0,0,1.0,0.265,0.06,0.063,7.874,4.076,80.809,1.951,96.764
FireSmokeVideoNEW26_f35_jpg.rf.337993c7df976473f1dae7d82060e013.jpg,0,0,1.0,0.364,0.006,0.074,10.37,6.056,78.917,2.53,99.893
FireSmokeVideoNEW26_f46_jpg.rf.589a067217e777a751aad10475ecbefe.jpg,0,0,0.9999,0.274,0.006,0.069,9.704,1.266,76.467,5.168,94.541
FireSmokeVideoNEW26_f4_jpg.rf.d688d7df9f262c6d2b3e578c6873be05.jpg,0,0,0.9989,0.306,0.006,0.074,6.16,1.197,90.368,2.551,102.252
FireSmokeVideoNEW26_f56_jpg.rf.091996435ae26520beb3244b5e0ee2bc.jpg,0,1,0.9975,0.284,0.006,0.074,5.199,1.192,77.333,1.807,87.471
FireSmokeVideoNEW26_f59_jpg.rf.fa7bc3aac3cd3f1c051dd584b60dafe4.jpg,0,1,0.977,0.29,0.006,0.073,5.257,1.551,92.368,2.58,103.677
FireSmokeVideoNEW26_f60_jpg.rf.62d0d8eae4ccc467a2e8fced935b824d.jpg,0,0,0.6307,0.285,0.006,0.072,5.312,1.19,77.979,2.262,88.697
FireSmokeVideoNEW26_f63_jpg.rf.69b2cff0f2bb17ae0ff536fc67019a1d.jpg,0,1,0.7896,0.291,0.006,0.077,5.325,4.262,93.329,2.146,107.121
FireSmokeVideoNEW272_f17_jpg.rf.681a79d14101780a9bcd7453d9a3c679.jpg,0,0,1.0,0.288,0.006,0.072,6.663,3.148,75.75,1.895,90.08
FireSmokeVideoNEW272_f19_jpg.rf.9e21fc07045a840ba29d86234002d9e9.jpg,0,0,0.9529,0.337,0.006,0.074,7.499,7.0,76.382,1.784,94.74
FireSmokeVideoNEW272_f34_jpg.rf.17eab7e1f185c1bf78222fa35986e631.jpg,0,0,0.9998,0.29,0.006,0.073,5.887,2.785,81.108,2.698,94.522
FireSmokeVideoNEW272_f40_jpg.rf.5021128e8f11f4be0933cbc0e2ffd97a.jpg,0,0,0.9984,0.28,0.006,0.071,10.141,6.281,91.079,1.92,111.392
FireSmokeVideoNEW275_f0_jpg.rf.66efa8f4455c2211b1008e5a09fc635f.jpg,0,0,1.0,0.288,0.006,0.072,10.855,6.013,84.225,2.123,105.227
FireSmokeVideoNEW275_f2_jpg.rf.2c4eb2d850522c60eb1ad7590c09421c.jpg,0,0,1.0,0.278,0.006,0.073,7.109,3.469,76.146,1.871,90.557
FireSmokeVideoNEW275_f4_jpg.rf.3c3d229e122e904ca5813eb2f0b03a09.jpg,0,0,1.0,0.287,0.005,0.074,5.252,1.198,94.015,2.478,104.932
FireSmokeVideoNEW275_f7_jpg.rf.3d3cfcb2ac85080323093b5f4f6c41b8.jpg,0,0,1.0,0.284,0.006,0.071,5.352,3.7,81.375,2.1,94.578
FireSmokeVideoNEW28_f10_jpg.rf.4bb4d72f7f6c00ff76743ecb428ff3d0.jpg,0,0,1.0,0.284,0.006,0.076,5.373,6.374,91.418,2.161,107.427
FireSmokeVideoNEW28_f1_jpg.rf.d1e73d75ae2b9e6caeec1d2cdc9124e7.jpg,0,0,1.0,0.279,0.006,0.071,10.974,5.946,75.782,1.819,96.552
FireSmokeVideoNEW28_f21_jpg.rf.457752981e7607422ba3a8fc0040cba9.jpg,0,0,1.0,0.283,0.006,0.075,12.186,7.023,76.199,1.861,99.24
FireSmokeVideoNEW28_f23_jpg.rf.f783a837f645611d965ea29521af99c8.jpg,0,0,1.0,0.282,0.006,0.072,6.323,5.692,76.894,2.472,93.37
FireSmokeVideoNEW28_f29_jpg.rf.e6f9ee24d7da87d2cb32dadd9e3b77c4.jpg,0,0,1.0,0.283,0.006,0.073,7.581,8.139,85.757,1.959,105.496
FireSmokeVideoNEW28_f31_jpg.rf.b75f68e92e02020b7ebcb2ab065a5e01.jpg,0,0,1.0,0.286,0.006,0.071,8.719,5.914,90.009,1.931,108.569
FireSmokeVideoNEW28_f34_jpg.rf.92bb8541bcf700c33b44667585e21002.jpg,0,0,1.0,0.283,0.006,0.072,9.042,5.924,75.589,1.859,94.399
FireSmokeVideoNEW28_f36_jpg.rf.d36a568fc3698f3163d4868ee8ad919b.jpg,0,0,1.0,0.287,0.005,0.073,9.457,5.95,89.452,2.007,108.899
FireSmokeVideoNEW28_f38_jpg.rf.3439617aab6c1d0e3ae38eb636cbbf8f.jpg,0,0,1.0,0.289,0.006,0.072,9.733,5.916,76.038,1.798,95.479
FireSmokeVideoNEW28_f3_jpg.rf.8071c70044c10492beb8062b5511f680.jpg,0,0,1.0,0.291,0.006,0.073,10.901,6.207,83.64,1.925,104.637
FireSmokeVideoNEW2_f21_jpg.rf.0e9524cf62f6668246104036ea965a9a.jpg,0,0,0.9688,0.284,0.006,0.122,10.53,5.89,77.987,3.268,99.875
FireSmokeVideoNEW2_f23_jpg.rf.2419c84a5bda0a37d4631053393f7144.jpg,0,0,0.9899,0.288,0.005,0.072,10.297,5.789,75.822,1.807,95.73
FireSmokeVideoNEW2_f3_jpg.rf.96bdfc0d1d0807033c3499bfcca417d2.jpg,0,0,1.0,0.269,0.006,0.068,9.523,4.452,102.354,2.109,120.394
FireSmokeVideoNEW2_f5_jpg.rf.acd86e0e4ec1ad803dd924f149d009d0.jpg,0,0,0.9999,0.234,0.005,0.052,8.55,4.464,75.249,1.877,91.714
FireSmokeVideoNEW32_f0_jpg.rf.2400a4bfa095f21a573437da42451295.jpg,0,0,1.0,0.283,0.006,0.073,10.5,5.964,91.743,2.098,112.717
FireSmokeVideoNEW32_f13_jpg.rf.ae355b286908e2d29d9a44f3f1b567b9.jpg,0,0,1.0,0.381,0.006,0.075,10.027,6.611,76.605,2.253,97.575
FireSmokeVideoNEW32_f16_jpg.rf.a2bcfc2b71be00d988e48550c76c42a9.jpg,0,0,1.0,0.288,0.006,0.072,9.119,4.779,76.245,1.882,93.965
FireSmokeVideoNEW32_f1_jpg.rf.3299347e0a4bdbc4da1df1a6db03ccd7.jpg,0,0,1.0,0.364,0.006,0.073,5.745,1.215,77.019,2.296,88.329
FireSmokeVideoNEW32_f22_jpg.rf.83ac8450a5d131bcc7a1a42581404bdf.jpg,0,0,1.0,0.286,0.006,0.072,10.691,1.882,76.121,1.921,92.628
FireSmokeVideoNEW32_f30_jpg.rf.14dd351a29b47e6c65320fb88bd6908f.jpg,0,1,0.9988,0.279,0.005,0.071,10.775,6.494,83.362,2.38,105.002
FireSmokeVideoNEW32_f32_jpg.rf.c7579105a780c42823b2bf0cfe716a2f.jpg,0,0,0.9987,0.284,0.006,0.072,8.144,6.539,81.051,3.152,100.871
FireSmokeVideoNEW32_f35_jpg.rf.e85d0be8faf914b709dc04814aaf341f.jpg,0,0,0.9565,0.291,0.006,0.077,9.89,6.932,86.609,5.352,110.804
FireSmokeVideoNEW32_f5_jpg.rf.d64bb033fd7cbf4738e6dfe35fdf1703.jpg,0,0,1.0,0.286,0.005,0.073,6.859,6.0,75.802,1.826,92.467
FireSmokeVideoNEW32_f9_jpg.rf.6dee71363eb5db4b336191f69e9b1ed7.jpg,0,0,1.0,0.285,0.006,0.073,10.843,5.933,90.588,2.233,111.653
FireSmokeVideoNEW33_f22_jpg.rf.7b762c1aaea4343a5ef9d0c55f56f953.jpg,0,0,0.9946,0.283,0.006,0.071,8.911,6.391,84.524,2.517,104.363
FireSmokeVideoNEW33_f4_jpg.rf.2a2a5a5e75eee5f94bff7e57472718ad.jpg,0,0,0.9982,0.284,0.006,0.07,9.893,6.59,76.041,1.846,96.358
FireSmokeVideoNEW33_f7_jpg.rf.8f4a8f9f00ac9edbee0d4623323bdcd6.jpg,0,0,0.999,0.289,0.006,0.074,9.55,6.048,86.59,2.712,106.895
FireSmokeVideoNEW33_f9_jpg.rf.6c70578f3c4ef4ec42b2df3d2c549ceb.jpg,0,0,0.8768,0.282,0.005,0.072,9.21,6.383,75.803,2.237,95.653
FireSmokeVideoNEW34_f1_jpg.rf.8215067316131a3313e18d5ad5353d99.jpg,0,0,1.0,0.288,0.007,0.07,9.013,5.92,89.999,1.993,108.921
FireSmokeVideoNEW34_f34_jpg.rf.37cec1d82efd789d44143e68cd758395.jpg,0,0,1.0,0.286,0.006,0.073,7.821,6.278,85.862,3.165,105.1
FireSmokeVideoNEW34_f38_jpg.rf.26502230165a0194b177c8d1b86e9696.jpg,0,0,1.0,0.295,0.005,0.073,11.246,5.978,75.712,2.249,97.243
FireSmokeVideoNEW34_f40_jpg.rf.b206248a0c183d0f0c6fa6b3cea3f9b1.jpg,0,0,1.0,0.287,0.006,0.074,10.412,6.035,83.569,2.321,104.356
FireSmokeVideoNEW34_f42_jpg.rf.d53011814dbea48b0ec1dafff52177a1.jpg,0,0,1.0,0.293,0.006,0.072,6.566,3.262,76.226,1.843,89.887
FireSmokeVideoNEW34_f44_jpg.rf.1177396e61f8137af220647dce4b1245.jpg,0,0,1.0,0.28,0.006,0.073,11.487,5.46,90.443,1.939,111.354
FireSmokeVideoNEW34_f46_jpg.rf.cca6e614ca8501a020d46912f1b3ee4e.jpg,0,0,1.0,0.373,0.006,0.074,5.452,1.212,83.875,1.867,94.498
FireSmokeVideoNEW34_f50_jpg.rf.a36a4778c1868528e32b55d792489d17.jpg,0,0,1.0,0.287,0.006,0.071,5.409,7.452,92.108,1.894,108.904
FireSmokeVideoNEW34_f52_jpg.rf.8ce2843bdac208f9cecc552f7a6ca397.jpg,0,0,1.0,0.281,0.006,0.07,6.139,1.222,76.78,1.893,87.967
FireSmokeVideoNEW34_f9_jpg.rf.21533fd04be19eae845493f79a8b8d5d.jpg,0,0,1.0,0.296,0.005,0.079,11.643,1.034,92.447,2.151,108.901
FireSmokeVideoNEW39_f12_jpg.rf.6b1a04cbd026fc441becebb94e427c4a.jpg,0,0,1.0,0.326,0.006,0.076,5.587,6.163,76.505,2.808,93.108
FireSmokeVideoNEW39_f14_jpg.rf.0b630472ef3171594b7408d634811857.jpg,0,0,1.0,0.289,0.006,0.076,9.235,6.433,82.34,2.058,102.06
FireSmokeVideoNEW39_f27_jpg.rf.a348c34cb0c905bc10848eef58c16736.jpg,0,0,1.0,0.283,0.006,0.072,8.865,6.016,84.065,2.981,103.872
FireSmokeVideoNEW39_f29_jpg.rf.3153d7e1c815872b09fa97870799ef0f.jpg,0,0,1.0,0.287,0.006,0.073,10.214,6.001,75.974,1.998,96.142
FireSmokeVideoNEW39_f30_jpg.rf.bc038c090b010da4c10327f81f872cb0.jpg,0,0,1.0,0.289,0.005,0.073,10.003,5.983,90.368,2.534,110.552
FireSmokeVideoNEW39_f38_jpg.rf.82ad0aa274eed9218fd4ed14780e9bad.jpg,0,0,1.0,0.28,0.006,0.072,10.148,5.986,76.192,1.854,96.173
FireSmokeVideoNEW39_f3_jpg.rf.c34909729e2fc010ba87b670b4c77269.jpg,0,0,1.0,0.289,0.006,0.075,9.898,6.702,88.084,2.202,108.957
FireSmokeVideoNEW39_f5_jpg.rf.92baa02b2efc10d6311e03b178523e76.jpg,0,0,1.0,0.29,0.006,0.076,9.318,5.893,80.719,4.695,102.792
FireSmokeVideoNEW39_f7_jpg.rf.6fa03b62a2a987bef0d1121c557bc62a.jpg,0,0,1.0,0.281,0.006,0.074,9.21,5.994,76.528,1.93,95.649
FireSmokeVideoNEW39_f9_jpg.rf.05d7d81358629eb2852e6331007a1a4a.jpg,0,0,1.0,0.288,0.006,0.074,9.695,5.981,83.874,2.574,104.167
FireSmokeVideoNEW42_f47_jpg.rf.fefbdf8f7c2f935e5f4f0b188f792887.jpg,0,0,0.954,0.21,0.004,0.042,9.037,5.991,76.411,2.284,95.57
FireSmokeVideoNEW46_f0_jpg.rf.946d702a200935149a2bfd27e574bd51.jpg,0,0,1.0,0.288,0.006,0.075,10.078,6.095,88.884,2.515,109.558
FireSmokeVideoNEW46_f11_jpg.rf.0936909f6cd873e909fd9cec877c6170.jpg,0,0,0.9999,0.29,0.005,0.072,10.26,2.948,75.224,1.884,92.295
FireSmokeVideoNEW46_f13_jpg.rf.0473876fe175a3df05494cecb56edf4b.jpg,0,0,1.0,0.289,0.006,0.073,11.415,7.147,83.207,1.944,106.093
FireSmokeVideoNEW46_f17_jpg.rf.8ad412a7df70200affbd47d3955b8f23.jpg,0,0,1.0,0.282,0.006,0.071,10.571,1.2,82.922,2.554,99.281
FireSmokeVideoNEW46_f19_jpg.rf.a4ad74e22f482a72ff8982feeda7fc3d.jpg,0,0,1.0,0.283,0.006,0.07,7.573,7.298,76.21,1.891,94.948
FireSmokeVideoNEW46_f2_jpg.rf.c648a34debc2802b7fcc427f8100ba55.jpg,0,0,0.9999,0.282,0.006,0.072,11.404,6.314,95.3,2.335,117.282
FireSmokeVideoNEW46_f3_jpg.rf.b37ca62c29e752c22d88e612645f6f13.jpg,0,0,0.9987,0.286,0.006,0.073,7.144,1.824,75.761,5.026,91.714
FireSmokeVideoNEW46_f5_jpg.rf.6fc10ebb6c245cf0beafb1715d734d4e.jpg,0,0,0.9999,0.282,0.006,0.072,5.541,1.18,93.77,1.897,104.353
FireSmokeVideoNEW46_f7_jpg.rf.bdb3373b6a924b037a4685de7305f41b.jpg,0,0,0.935,0.281,0.006,0.073,5.704,1.22,76.129,1.88,86.87
FireSmokeVideoNEW47_f51_jpg.rf.c88a9a00e436ad4847e42bef177b68ce.jpg,0,0,0.9989,0.281,0.006,0.071,12.843,6.639,76.149,1.881,99.469
FireSmokeVideoNEW48_f14_jpg.rf.56243d543269e852e51ed4a0117e8539.jpg,0,0,1.0,0.281,0.006,0.073,9.155,2.823,83.049,2.21,99.259
FireSmokeVideoNEW48_f19_jpg.rf.0b70ec5385e2deb805c52d665f085647.jpg,0,0,0.9983,0.287,0.006,0.075,5.689,1.968,76.54,1.912,88.076
FireSmokeVideoNEW48_f20_jpg.rf.2b84e7c78da5d2d5c1921742e44bdc1e.jpg,0,0,1.0,0.286,0.006,0.163,6.249,1.713,77.465,2.455,89.993
FireSmokeVideoNEW48_f27_jpg.rf.6f0ea7fe884a78a1b811a178ab0eac35.jpg,0,0,0.5326,0.284,0.006,0.073,6.764,1.686,76.992,1.951,89.375
FireSmokeVideoNEW48_f2_jpg.rf.ec11cbfdc108affb5a7c9723dbb7e5da.jpg,0,0,1.0,0.21,0.004,0.045,10.255,6.324,79.357,2.605,100.747
FireSmokeVideoNEW48_f4_jpg.rf.8cf00b4fa17c2551537859be9fde3adc.jpg,0,0,1.0,0.288,0.006,0.075,7.05,1.272,82.768,2.115,95.25
FireSmokeVideoNEW48_f9_jpg.rf.ca91030726b8b41e67493de29adad562.jpg,0,0,1.0,0.284,0.006,0.073,6.718,2.73,83.188,6.167,100.85
FireSmokeVideoNEW53_f1_jpg.rf.be3cc4af60b8e00cd05cfa5e51ad005e.jpg,0,0,1.0,0.279,0.006,0.072,9.908,5.981,76.446,1.914,96.192
FireSmokeVideoNEW53_f2_jpg.rf.3d973bf1ac678298859d488cb4bfe757.jpg,0,0,1.0,0.284,0.006,0.126,9.228,5.94,94.381,2.481,114.128
FireSmokeVideoNEW53_f3_jpg.rf.c585371eb2404fbdf5969b1273dc86d6.jpg,0,0,1.0,0.292,0.006,0.074,8.569,5.908,76.002,2.238,94.734
FireSmokeVideoNEW53_f52_jpg.rf.a3230f3288fb962379665fb159f9317f.jpg,0,0,1.0,0.364,0.006,0.077,10.772,5.882,81.786,2.041,102.182
FireSmokeVideoNEW53_f5_jpg.rf.50876281755a19260cc1d23bde91547a.jpg,0,0,1.0,0.284,0.006,0.074,9.855,5.944,79.968,6.672,104.43
FireSmokeVideoNEW53_f7_jpg.rf.7b454ecfa010b15be836f1818eb9bdcc.jpg,0,0,1.0,0.285,0.005,0.074,9.173,5.256,87.887,2.118,106.942
FireSmokeVideoNEW53_f9_jpg.rf.fe1cd71cc35a34c3db2d47541a5a491f.jpg,0,0,1.0,0.271,0.006,0.065,9.483,6.022,88.666,2.459,108.592
FireSmokeVideoNEW54_f13_jpg.rf.a9e867909a17f3f9c11ca08ddf18b5dc.jpg,0,0,1.0,0.287,0.005,0.072,9.343,6.01,76.227,1.886,95.511
FireSmokeVideoNEW54_f38_jpg.rf.cca8610c8803098ff4c112e69e53928d.jpg,0,0,1.0,0.291,0.006,0.074,12.464,4.928,84.514,1.939,105.78
FireSmokeVideoNEW54_f55_jpg.rf.8c8d8266780830e66fd8172a9978a3f3.jpg,0,0,1.0,0.392,0.006,0.074,6.573,7.905,76.073,2.771,95.361
FireSmokeVideoNEW56_f20_jpg.rf.22946dd32acfc9afc317f1d62d04bfbf.jpg,0,0,1.0,0.289,0.006,0.072,5.462,1.2,76.651,1.881,87.197
FireSmokeVideoNEW56_f2_jpg.rf.80406e8b8db41fbb2a526666406933ea.jpg,0,0,1.0,0.276,0.006,0.067,5.523,1.286,78.049,2.232,89.048
FireSmokeVideoNEW57_f0_jpg.rf.0f2ac245a69e897a0b3f132c5bf85c27.jpg,0,0,1.0,0.206,0.004,0.042,6.014,1.242,77.336,1.906,88.324
FireSmokeVideoNEW57_f17_jpg.rf.a453dc14f6f15fc3de4a74d44c01b582.jpg,0,0,1.0,0.283,0.005,0.073,10.69,1.278,94.649,2.128,110.878
FireSmokeVideoNEW57_f19_jpg.rf.193e9484ef231b4d852a672156a828fb.jpg,0,0,1.0,0.272,0.007,0.068,10.298,1.566,75.298,1.934,91.427
FireSmokeVideoNEW57_f31_jpg.rf.4740da129b70974c33df9d8baa14ef93.jpg,0,0,1.0,0.286,0.005,0.073,6.436,3.434,90.142,2.476,104.496
FireSmokeVideoNEW57_f42_jpg.rf.4f77a2a110e95e655d236b9a91d0cddc.jpg,0,0,1.0,0.288,0.006,0.074,6.08,4.376,76.136,2.243,90.828
FireSmokeVideoNEW57_f6_jpg.rf.85c2607d9aad7c96de861d85c83cfd1e.jpg,0,0,1.0,0.287,0.006,0.075,6.08,7.096,91.985,2.077,109.303
FireSmokeVideoNEW58_f17_jpg.rf.076d9217e2466be0e0fd241ae7f862a3.jpg,0,0,1.0,0.288,0.007,0.073,6.461,1.203,83.551,4.127,97.398
FireSmokeVideoNEW63_f11_jpg.rf.25ae51ab6751c2d51da80735217b0266.jpg,0,0,0.9897,0.28,0.006,0.074,6.137,1.198,77.22,1.828,88.354
FireSmokeVideoNEW63_f13_jpg.rf.b6d8ff5649c5231eb191262548710ec5.jpg,0,0,0.9937,0.288,0.006,0.074,5.738,1.91,77.952,2.558,90.144
FireSmokeVideoNEW63_f19_jpg.rf.e15a7746a3b7c63745c8c7b7da181fdf.jpg,0,0,1.0,0.287,0.006,0.075,5.594,1.265,77.389,2.61,88.842
FireSmokeVideoNEW63_f36_jpg.rf.a0eba986ede34082f38d6ce0b5e4fbca.jpg,0,0,0.5518,0.286,0.006,0.075,5.68,1.556,90.925,2.632,102.786
FireSmokeVideoNEW63_f42_jpg.rf.fe301e2deb9d6c60b048e228f8e3f78b.jpg,0,0,0.8325,0.631,0.005,0.051,7.492,1.437,77.4,1.945,90.271
FireSmokeVideoNEW63_f6_jpg.rf.7c4ff88b991b7d55bc27353d442f6479.jpg,0,0,0.981,0.281,0.006,0.072,5.451,1.216,93.9,2.422,104.977
FireSmokeVideoNEW63_f9_jpg.rf.a020de6c38e4bc3866286605bb6758c0.jpg,0,0,0.9782,0.29,0.006,0.149,5.687,2.669,75.565,1.898,87.904
FireSmokeVideoNEW64_f150_jpg.rf.6ec4b2d180978f7148d8db8b68ec3d6c.jpg,0,0,1.0,0.285,0.007,0.074,5.694,1.247,91.849,2.482,103.312
FireSmokeVideoNEW67_f2_jpg.rf.daadde4a854a81a0f02598ae3a1873b7.jpg,0,0,0.7824,0.291,0.006,0.074,6.165,1.246,77.911,1.92,89.296
FireSmokeVideoNEW67_f3_jpg.rf.e4ecce359edcc9aaee297ded26bd224d.jpg,0,0,0.5935,0.286,0.006,0.073,10.483,6.399,82.548,1.968,103.44
FireSmokeVideoNEW67_f4_jpg.rf.7ef6096d19f1e5d6c95361f949b8b860.jpg,0,0,0.4605,0.21,0.004,0.044,10.045,1.593,75.563,2.038,91.162
FireSmokeVideoNEW6_f10_jpg.rf.8cbe534300bd63ed1a2225d5bacef23f.jpg,0,0,0.9135,0.29,0.006,0.075,9.292,5.928,75.925,1.904,95.122
FireSmokeVideoNEW6_f13_jpg.rf.0554da6efca5c9547c0d2db399f61286.jpg,0,1,0.578,0.296,0.006,0.076,8.573,6.222,92.052,6.262,114.804
FireSmokeVideoNEW6_f1_jpg.rf.3d6226ac747b206b2b0e2a82d90ad4c3.jpg,0,0,0.9995,0.21,0.004,0.044,9.649,7.014,76.003,1.891,96.49
FireSmokeVideoNEW6_f24_jpg.rf.8d2308fb08f265e0b97f90584fe28e2e.jpg,0,0,1.0,0.283,0.006,0.074,11.776,5.913,89.337,2.519,111.622
FireSmokeVideoNEW6_f2_jpg.rf.e109f60eb45b81065e94ec815811ebcd.jpg,0,0,0.9992,0.285,0.006,0.072,10.131,1.196,75.712,1.95,90.917
FireSmokeVideoNEW6_f4_jpg.rf.0d6b29d2f459353f71ddf60ae2b2fc48.jpg,0,0,0.9357,0.412,0.006,0.074,5.473,1.234,93.229,2.534,104.647
FireSmokeVideoNEW6_f6_jpg.rf.77b5c7930d92854bf87af48e1700c4e0.jpg,0,0,0.964,0.286,0.006,0.072,5.459,1.378,77.171,1.857,87.85
FireSmokeVideoNEW6_f8_jpg.rf.f309ef160b3c3c369fea22b5a31bfda5.jpg,0,0,0.6319,0.288,0.006,0.075,11.655,5.893,83.34,1.93,105.66
FireSmokeVideoNEW73_f1_jpg.rf.5804fa5e2c17b2760c764f6cd0e4ee7a.jpg,0,0,0.9945,0.36,0.006,0.077,10.161,6.068,79.688,2.744,100.725
FireSmokeVideoNEW73_f31_jpg.rf.a5a7abcd560770f3ad8075c832046ab6.jpg,0,0,0.9914,0.286,0.006,0.073,6.36,1.217,87.996,2.031,99.657
FireSmokeVideoNEW73_f33_jpg.rf.be83c389fea72019723db1dbe2661485.jpg,0,0,0.9965,0.287,0.006,0.072,6.524,1.31,88.034,2.278,100.151
FireSmokeVideoNEW73_f3_jpg.rf.80cf7fd5835b56a66d2a5007f28b4327.jpg,0,0,0.9856,0.331,0.006,0.073,5.843,1.249,77.257,1.934,88.377
FireSmokeVideoNEW73_f45_jpg.rf.9dc49a737143aa0848b6916ab608c543.jpg,0,0,0.9996,0.285,0.006,0.074,5.886,3.426,88.754,2.579,102.722
FireSmokeVideoNEW73_f4_jpg.rf.800537e07a64962896778864b0591eae.jpg,0,0,0.9475,0.286,0.007,0.074,5.46,4.403,75.931,1.899,89.753
FireSmokeVideoNEW73_f6_jpg.rf.515f0defa87139b149a5cfdee21313ac.jpg,0,0,1.0,0.289,0.005,0.072,5.335,4.791,96.499,2.333,110.997
FireSmokeVideoNEW75_f33_jpg.rf.2ee9cdd9def279ff273ef66e7a0cb377.jpg,0,0,1.0,0.286,0.005,0.073,6.986,2.642,75.995,1.889,89.524
FireSmokeVideoNEW75_f35_jpg.rf.b80679d1063fcd1f85d0d3f0c78ba13b.jpg,0,0,1.0,0.295,0.007,0.074,10.175,7.298,85.281,2.529,107.206
FireSmokeVideoNEW75_f45_jpg.rf.69e2c92e7d989e8269ffd61a27a2aa13.jpg,0,0,1.0,0.286,0.006,0.075,8.019,1.197,76.252,1.98,89.403
FireSmokeVideoNEW75_f48_jpg.rf.4fe0cc9fcd7df1aa6c6bed8ca01c8015.jpg,0,0,1.0,0.287,0.006,0.073,7.531,1.697,88.091,2.533,101.901
FireSmokeVideoNEW75_f68_jpg.rf.9aaeb12d401e8cc7f2939155adecc0f5.jpg,0,0,1.0,0.284,0.006,0.07,5.859,4.684,88.723,3.441,104.744
FireSmokeVideoNEW75_f75_jpg.rf.e88e49fecb20c35c69c34942f33a06a7.jpg,0,0,1.0,0.281,0.006,0.073,5.791,1.282,76.686,1.885,87.631
FireSmokeVideoNEW75_f78_jpg.rf.87dddcc348df8fb661dcc67f17bb9f2d.jpg,0,0,1.0,0.276,0.006,0.069,5.989,4.52,86.302,2.155,100.883
FireSmokeVideoNEW75_f80_jpg.rf.9471fe6a95f23f6cf0169b283586d685.jpg,0,0,1.0,0.287,0.006,0.073,9.274,5.965,75.505,1.909,94.681
FireSmokeVideoNEW77_f0_jpg.rf.4a14fd690d14ad736592948ee9e8479d.jpg,0,0,0.9956,0.289,0.006,0.074,9.696,5.895,90.509,2.476,110.655
FireSmokeVideoNEW77_f2_jpg.rf.88e0bee913f1efd71b9762beba9a9758.jpg,0,0,0.9723,0.285,0.006,0.075,11.297,1.248,82.089,2.183,98.91
FireSmokeVideoNEW77_f4_jpg.rf.11fca767124a67dfda05ea0ff98197d6.jpg,0,1,0.5597,0.286,0.006,0.075,9.123,6.16,89.881,2.124,109.367
FireSmokeVideoNEW77_f6_jpg.rf.0adf49b0786314e6dcf2ae804245b4c3.jpg,0,0,1.0,0.282,0.006,0.071,9.523,1.338,80.853,3.927,97.659
FireSmokeVideoNEW78_f100_jpg.rf.0246a93591f580c23841f1f7a03d4378.jpg,0,0,1.0,0.286,0.006,0.075,10.105,5.998,76.66,1.879,96.639
FireSmokeVideoNEW78_f102_jpg.rf.a2d5cf1ede7214163378c154870f20df.jpg,0,0,0.9999,0.284,0.006,0.074,10.819,1.302,85.226,5.88,105.289
FireSmokeVideoNEW78_f104_jpg.rf.4dfdeaab2d0f11e560669b1db346ab29.jpg,0,0,1.0,0.319,0.006,0.073,5.874,1.279,84.726,2.032,95.959
FireSmokeVideoNEW78_f106_jpg.rf.03e27ed66fb5e083bcd70ef8e2b22de7.jpg,0,0,1.0,0.288,0.005,0.075,5.581,1.221,89.513,2.267,100.627
FireSmokeVideoNEW78_f10_jpg.rf.69aed95726c0095073665b0547b6c0ed.jpg,0,0,0.9996,0.372,0.006,0.074,5.479,1.23,77.936,1.886,88.673
FireSmokeVideoNEW78_f122_jpg.rf.28dbb8a05a0291954b64ab4b75560d87.jpg,0,0,0.9997,0.285,0.006,0.076,5.709,4.086,87.43,2.211,101.501
FireSmokeVideoNEW78_f124_jpg.rf.da29f797f636157db5e44eeee1e233f9.jpg,0,0,0.515,0.285,0.006,0.075,7.052,6.557,74.625,1.893,92.092
FireSmokeVideoNEW78_f127_jpg.rf.321d817e07be65ecfaaed302fe940299.jpg,0,1,0.6253,0.285,0.006,0.073,6.596,6.463,94.076,2.133,111.279
FireSmokeVideoNEW78_f12_jpg.rf.2f015eabaf21f5b942f8a0bcf23d91ff.jpg,0,0,1.0,0.293,0.006,0.073,9.773,1.481,87.59,2.522,103.099
FireSmokeVideoNEW78_f131_jpg.rf.b3b8dd2cd92377e41c69b08136962380.jpg,0,0,1.0,0.285,0.006,0.071,6.663,1.317,77.574,1.929,89.49
FireSmokeVideoNEW78_f133_jpg.rf.b1330a0b83a815537dcb8cf7a805c634.jpg,0,0,0.9997,0.281,0.006,0.07,5.395,2.691,76.308,2.334,89.343
FireSmokeVideoNEW78_f136_jpg.rf.07483348f2b8003d1b57ebe68cabe6dd.jpg,0,1,0.5604,0.415,0.006,0.05,10.048,5.972,76.285,1.92,96.3
FireSmokeVideoNEW78_f138_jpg.rf.507f5c7806e18c1a350e44407de0fe2a.jpg,0,0,0.5591,0.278,0.006,0.068,9.61,7.206,90.054,2.553,111.449
FireSmokeVideoNEW78_f13_jpg.rf.e9056c18bdbf9fbd1a8673f84e127374.jpg,0,0,0.9966,0.283,0.006,0.073,9.252,7.097,75.816,2.263,96.482
FireSmokeVideoNEW78_f142_jpg.rf.3ad7a5e4c0bf22702d7b5346f04bc6ed.jpg,0,0,1.0,0.284,0.006,0.072,8.131,6.885,89.828,2.457,109.314
FireSmokeVideoNEW78_f145_jpg.rf.037ccfa0fc4c862099bf7bf7346c0f5f.jpg,0,0,1.0,0.289,0.006,0.074,9.064,5.962,75.576,1.863,94.511
FireSmokeVideoNEW78_f147_jpg.rf.53226233b248526015d8caca17485998.jpg,0,0,1.0,0.282,0.006,0.076,9.504,6.421,97.312,5.594,120.846
FireSmokeVideoNEW78_f14_jpg.rf.e0b0e00597d55eb4106355586ac58022.jpg,0,0,0.951,0.287,0.006,0.072,9.123,1.364,82.191,2.646,97.347
FireSmokeVideoNEW78_f152_jpg.rf.1468ff75ff69d32c3b5da5a0f41b31d5.jpg,0,1,0.977,0.28,0.005,0.069,8.27,3.418,75.401,1.892,90.967
FireSmokeVideoNEW78_f158_jpg.rf.44c2d57f7bada69f448ebba94a5be347.jpg,0,0,1.0,0.29,0.006,0.073,6.003,2.42,76.279,2.115,89.424
FireSmokeVideoNEW78_f15_jpg.rf.61bfc553293c8b84ca5e66929864acdf.jpg,0,1,0.867,0.273,0.006,0.07,6.304,1.221,77.774,1.859,89.127
FireSmokeVideoNEW78_f161_jpg.rf.fc6ab255d1073c4cd042aea1a9ffc0ce.jpg,0,1,0.9183,0.279,0.005,0.073,5.29,1.195,77.646,1.978,88.067
FireSmokeVideoNEW78_f164_jpg.rf.58c533961fb4ab7e37ea72d1d25da9f6.jpg,0,0,0.4568,0.208,0.004,0.046,6.815,4.024,75.777,4.538,93.001
FireSmokeVideoNEW78_f17_jpg.rf.299e2d271ee22e3adee51bd0a3922796.jpg,0,1,0.9565,0.29,0.006,0.076,5.62,1.198,77.036,2.015,87.859
FireSmokeVideoNEW78_f19_jpg.rf.6a9a9334d939cc1725e048d33aaac632.jpg,0,0,1.0,0.28,0.005,0.069,6.4,1.184,77.539,2.148,89.159
FireSmokeVideoNEW78_f26_jpg.rf.808c1332a8ddd27dc683519fdb709c59.jpg,0,0,1.0,0.285,0.006,0.075,5.406,1.282,80.801,3.281,92.756
FireSmokeVideoNEW78_f31_jpg.rf.f9b23ec992e523a23dab00a5f1df7323.jpg,0,0,1.0,0.256,0.004,0.049,8.651,6.726,80.613,1.95,99.725
FireSmokeVideoNEW78_f34_jpg.rf.048c3a009cf9f01f2c893c3a7f4d29f9.jpg,0,0,1.0,0.29,0.006,0.073,9.029,6.346,87.182,5.524,110.086
FireSmokeVideoNEW78_f38_jpg.rf.d7bcbb88a8606325bca512f08fb12b85.jpg,0,0,1.0,0.285,0.007,0.073,11.374,1.089,77.476,1.925,93.63
FireSmokeVideoNEW78_f42_jpg.rf.e3b7341b07eedc97e4f9e71568efcf3b.jpg,0,0,0.9997,0.289,0.006,0.071,5.913,1.265,91.356,2.432,102.963
FireSmokeVideoNEW78_f47_jpg.rf.0441a6536279080fb8d9e3973da359e1.jpg,0,0,1.0,0.292,0.006,0.073,5.824,3.505,76.252,1.831,89.473
FireSmokeVideoNEW78_f49_jpg.rf.dde62e81d3b1003dec55327fb90205a1.jpg,0,0,1.0,0.283,0.006,0.076,6.107,3.808,91.463,2.496,105.878
FireSmokeVideoNEW78_f52_jpg.rf.97cae6149ae8788c2184eaed6c87a189.jpg,0,0,1.0,0.29,0.006,0.071,6.296,4.511,75.718,1.863,90.485
FireSmokeVideoNEW78_f61_jpg.rf.be1e2bc45ce111239fd79c23f8ab84da.jpg,0,0,1.0,0.288,0.006,0.074,14.632,3.007,83.171,2.515,105.167
FireSmokeVideoNEW78_f63_jpg.rf.fbb9f0f738cfd1b52d9679fde4e550d0.jpg,0,0,0.999,0.29,0.006,0.177,6.282,2.496,86.805,3.151,100.895
FireSmokeVideoNEW78_f75_jpg.rf.9736fba22ca009ad8d833f2743ffdbc4.jpg,0,0,1.0,0.286,0.006,0.073,5.901,1.481,77.838,1.854,89.071
FireSmokeVideoNEW78_f78_jpg.rf.ad211232a0cea8103bc29bcabecf64d2.jpg,0,0,0.617,0.286,0.006,0.075,5.565,4.1,76.54,3.585,92.104
FireSmokeVideoNEW78_f88_jpg.rf.9c9b2172a345b216cb3b8b94a5c2d2ab.jpg,0,0,1.0,0.285,0.006,0.076,9.092,4.674,76.378,1.874,94.077
FireSmokeVideoNEW78_f90_jpg.rf.80cbc2f807fa48bb77a0ddbb4f92d53b.jpg,0,0,0.9884,0.282,0.006,0.072,5.367,3.038,94.249,2.212,107.557
FireSmokeVideoNEW78_f92_jpg.rf.27764e757cbe076dd10b68e650b76830.jpg,0,1,0.9999,0.291,0.006,0.076,5.607,1.218,77.816,1.859,88.496
FireSmokeVideoNEW79_f0_jpg.rf.6c233f9324baca74d71237694e6208bd.jpg,0,0,0.9999,0.288,0.006,0.074,5.398,1.281,86.486,4.052,99.199
FireSmokeVideoNEW79_f2_jpg.rf.5ab5b7083ef2140587b2a747e3586750.jpg,0,0,0.9782,0.288,0.078,0.083,5.405,1.214,77.782,1.854,88.413
FireSmokeVideoNEW80_f50_jpg.rf.7f64db0a23902eb4e695223dd5747b37.jpg,0,0,0.9942,0.269,0.006,0.07,7.432,3.197,89.326,2.464,105.001
FireSmokeVideoNEW80_f61_jpg.rf.959eac64f354d759776d524f88c45b54.jpg,0,0,0.9999,0.284,0.006,0.073,6.481,4.26,91.114,2.482,106.367
FireSmokeVideoNEW80_f65_jpg.rf.7f149793ecdde0a3088c67a29cf616da.jpg,0,0,0.9997,0.293,0.006,0.074,12.955,5.625,76.522,1.833,98.97
FireSmokeVideoNEW81_f211_jpg.rf.38c21e9ceb0d450c3ed4ca3cf710875d.jpg,0,0,1.0,0.288,0.006,0.076,8.008,2.366,79.816,2.713,94.916
FireSmokeVideoNEW89_f11_jpg.rf.70971440ad7fa3a635d4cc1ab55cad11.jpg,0,0,1.0,0.225,0.004,0.046,6.807,5.969,76.749,1.909,93.326
FireSmokeVideoNEW89_f17_jpg.rf.ec3175100da4cb6b501a733b338779f7.jpg,0,0,1.0,0.286,0.006,0.075,6.806,1.891,88.626,2.369,101.725
FireSmokeVideoNEW89_f1_jpg.rf.37a11c7ddf12f38ce97517fee96442bb.jpg,0,0,1.0,0.281,0.005,0.073,10.557,1.579,84.045,2.327,100.541
FireSmokeVideoNEW89_f2_jpg.rf.16478f8bf0e21d7ae5ef8e7051a527cb.jpg,0,0,1.0,0.379,0.006,0.076,5.603,1.213,89.851,2.525,101.331
FireSmokeVideoNEW89_f4_jpg.rf.fa8d6c732f82ea8bce65e81448214a57.jpg,0,0,1.0,0.289,0.006,0.074,5.278,1.213,76.679,1.889,87.099
FireSmokeVideoNEW89_f6_jpg.rf.ccdfa2eab1b682546c276d848611695a.jpg,0,0,1.0,0.283,0.005,0.072,5.398,1.205,94.094,5.673,108.37
FireSmokeVideoNEW91_f108_jpg.rf.5ef9b4b7ed321d80a6402fbdae06d84b.jpg,0,0,0.849,0.283,0.006,0.074,9.993,6.044,76.513,1.88,96.443
FireSmokeVideoNEW91_f12_jpg.rf.2be217fe87bb1d10063e40ad2f98edfb.jpg,0,0,0.9361,0.29,0.006,0.075,10.606,5.986,82.344,2.015,102.941
FireSmokeVideoNEW91_f13_jpg.rf.6304559d635dfce84893aab443a42e65.jpg,0,0,0.9034,0.275,0.006,0.068,6.278,1.224,77.292,2.195,89.021
FireSmokeVideoNEW91_f148_jpg.rf.9e5f4e32806ea4cc19e38216c32ddd68.jpg,0,0,0.9999,0.21,0.004,0.044,7.02,1.143,78.057,1.789,89.825
FireSmokeVideoNEW91_f170_jpg.rf.d36210d91c7d46d5ca51b63bc9498af5.jpg,0,0,0.9462,0.262,0.005,0.064,5.491,1.215,77.536,1.833,87.885
FireSmokeVideoNEW91_f21_jpg.rf.a12d1de3d7849f71b00134f7aad3c96e.jpg,0,0,0.9682,0.219,0.004,0.047,7.167,1.885,77.187,1.858,89.622
FireSmokeVideoNEW91_f38_jpg.rf.a087aed53a287ec998541fb45a7d99bd.jpg,0,0,0.9226,0.287,0.006,0.075,5.672,1.226,79.605,4.0,92.5
FireSmokeVideoNEW91_f40_jpg.rf.780ddb94651d757a91f575081bd62f4b.jpg,0,0,0.9999,0.289,0.006,0.074,5.514,1.23,83.978,2.18,94.899
FireSmokeVideoNEW91_f42_jpg.rf.32a7340390b259f4193b115a5e8b8e6e.jpg,0,0,0.9575,0.289,0.006,0.075,5.465,1.345,82.59,3.949,95.321
FireSmokeVideoNEW91_f47_jpg.rf.950519a05fa951eb26376e406dab7dbf.jpg,0,0,0.6722,0.285,0.006,0.073,9.846,1.71,82.531,1.924,97.904
FireSmokeVideoNEW91_f6_jpg.rf.6737f231d43f4a31b404b6c2d00a7653.jpg,0,0,0.9978,0.278,0.005,0.069,5.515,1.282,86.905,5.121,100.751
FireSmokeVideoNEW91_f83_jpg.rf.b3ce501ee874dfaa8930d94da168fbcf.jpg,0,0,0.951,0.289,0.006,0.072,5.209,1.228,77.493,2.512,88.502
FireSmokeVideoNEW94_f46_jpg.rf.388c6a516184b8ceb517c84668463f97.jpg,0,0,1.0,0.288,0.006,0.075,5.66,4.357,91.099,2.48,105.6
FireSmokeVideoNEW94_f51_jpg.rf.3626a9e872bd6254896a5f991db229b2.jpg,0,0,1.0,0.29,0.006,0.073,5.742,6.293,74.845,1.857,90.747
FireSmokeVideoNEW95_f106_jpg.rf.7ac012d87c7064e231e67b159d856e28.jpg,0,0,1.0,0.385,0.006,0.076,10.699,6.386,83.683,2.027,105.355
FireSmokeVideoNEW95_f114_jpg.rf.c99df44b78ce44d23869a9bf3e625f92.jpg,0,0,1.0,0.283,0.006,0.075,10.356,2.712,75.672,1.905,92.736
FireSmokeVideoNEW95_f13_jpg.rf.60cf14a601d84bc46dadd09d8994103b.jpg,0,0,1.0,0.219,0.004,0.046,11.062,5.901,76.252,2.266,97.411
FireSmokeVideoNEW95_f15_jpg.rf.f4b4ef47a62a51c9b6f84fe85b00c663.jpg,0,0,1.0,0.282,0.005,0.075,9.197,1.272,102.996,2.215,117.726
FireSmokeVideoNEW95_f18_jpg.rf.fdc6e6e99e84c4e6f0c6a9801a40822d.jpg,0,0,1.0,0.289,0.007,0.074,5.765,3.94,75.443,1.949,89.044
FireSmokeVideoNEW95_f1_jpg.rf.9804acdca65427359fba9b986ef302a2.jpg,0,0,1.0,0.286,0.006,0.073,8.769,1.415,89.94,2.481,104.586
FireSmokeVideoNEW95_f24_jpg.rf.7b772eb5e401a33372318f80ab499a50.jpg,0,0,1.0,0.358,0.006,0.076,5.464,6.399,75.888,1.861,91.673
FireSmokeVideoNEW95_f32_jpg.rf.44f112f3dbd99de1d1a8077f4babbf85.jpg,0,0,1.0,0.387,0.006,0.075,10.559,6.07,90.772,2.112,111.871
FireSmokeVideoNEW95_f37_jpg.rf.da1a2dd187454ee9f36d002cac9e5bbe.jpg,0,0,1.0,0.285,0.006,0.074,10.574,6.028,89.232,5.671,113.526
FireSmokeVideoNEW95_f3_jpg.rf.f97f1088cab1defa5ede17fae3662dda.jpg,0,0,1.0,0.281,0.006,0.071,7.835,1.217,76.519,1.892,89.502
FireSmokeVideoNEW95_f45_jpg.rf.9844ba63008fca16a3502cdc3c933efc.jpg,0,0,0.9636,0.282,0.006,0.075,5.47,1.23,87.171,6.013,101.911
FireSmokeVideoNEW95_f50_jpg.rf.3d5c735424cc3a268d3362e0fa08dc16.jpg,0,0,1.0,0.283,0.006,0.074,5.32,2.227,76.252,2.056,87.846
FireSmokeVideoNEW95_f5_jpg.rf.cdc15902b07229d99725abc0684fcbeb.jpg,0,0,1.0,0.338,0.004,0.048,11.236,4.64,89.187,2.512,109.654
FireSmokeVideoNEW95_f63_jpg.rf.df736824eb6997aabc4ce76c0164e51b.jpg,0,0,1.0,0.283,0.006,0.072,5.582,3.28,79.288,2.117,92.288
FireSmokeVideoNEW95_f76_jpg.rf.32126628e086bbad37b3cb91027df6f7.jpg,0,0,1.0,0.291,0.006,0.074,9.403,6.796,91.84,2.103,112.251
FireSmokeVideoNEW95_f80_jpg.rf.ff75a8d8a75895d16e986cf812a0dacb.jpg,0,0,1.0,0.287,0.006,0.072,10.46,3.823,85.68,2.277,104.237
FireSmokeVideoNEW95_f86_jpg.rf.77ef4245f2953f19593223d6430fa91d.jpg,0,0,1.0,0.287,0.006,0.072,6.954,3.13,76.358,1.798,90.28
FireSmokeVideoNEW95_f93_jpg.rf.75818e05099b5c576452f919c5123dcc.jpg,0,0,1.0,0.282,0.006,0.072,5.73,6.622,91.554,2.382,108.287
FireSmokeVideoNEW99_f10_jpg.rf.01b20f0e79f99cce5df8d577002a3842.jpg,0,1,0.9991,0.282,0.006,0.075,6.529,7.03,82.24,1.938,99.77
FireSmokeVideoNEW99_f32_jpg.rf.89458da19c6af99040a01488035d8c55.jpg,0,1,0.9996,0.28,0.005,0.071,12.621,7.877,79.163,1.892,103.545
FireSmokeVideoNEW99_f40_jpg.rf.eb37bb0cdb2d2172b8c1b9940ce6d06f.jpg,0,0,0.9999,0.276,0.006,0.071,9.724,7.138,87.105,2.588,108.57
FireSmokeVideoNEW99_f76_jpg.rf.1418a6430312c9788d22cda8ccd39184.jpg,0,1,0.5069,0.285,0.006,0.072,9.442,4.152,77.948,1.852,95.438
