image,true_label,pred_label,confidence,input_and_metadata_ms,region_validation_ms,crop_extraction_ms,resize_and_preprocess_ms,batch_construction_ms,model_inference_ms,majority_vote_ms,total_ms
FireSmokeVideoNEW0_f22_jpg.rf.8985f041e5b98af6012221a0df4f7bb4.jpg,1,1,1.0,0.209,0.004,0.05,3.6,1.475,4.227,0.233,10.172
FireSmokeVideoNEW0_f24_jpg.rf.bec4c423d7235a25d9b3146aa064ef94.jpg,1,1,1.0,0.207,0.004,0.048,5.573,0.849,4.352,0.225,11.63
FireSmokeVideoNEW0_f26_jpg.rf.e68ce6fbbf069fc3519569a9f0d61247.jpg,1,1,1.0,0.195,0.004,0.049,3.487,0.902,4.345,0.225,9.573
FireSmokeVideoNEW100_f13_jpg.rf.3cab1ba74047190369553b759c249651.jpg,1,1,1.0,0.194,0.004,0.044,2.971,0.904,4.313,0.22,9.015
FireSmokeVideoNEW100_f18_jpg.rf.ac57d16ac234ea35503434017b0d7936.jpg,1,1,0.9999,0.197,0.004,0.051,4.0,4.87,4.614,0.245,14.401
FireSmokeVideoNEW100_f22_jpg.rf.414d4e3c8eabf2734516473bcee081b3.jpg,1,1,0.9999,0.204,0.004,0.051,4.783,0.827,4.236,0.223,10.702
FireSmokeVideoNEW100_f27_jpg.rf.d440e669b944d0e126d6b9e9e899fd1a.jpg,1,1,1.0,0.211,0.004,0.05,4.481,0.931,4.195,0.218,10.457
FireSmokeVideoNEW100_f29_jpg.rf.8b8b298e3b9d8547f2aa97df45c87bda.jpg,1,1,1.0,0.202,0.004,0.048,4.015,0.96,4.294,0.215,10.103
FireSmokeVideoNEW100_f35_jpg.rf.26902d166504a005e989288a33974699.jpg,1,1,0.9999,0.204,0.004,0.047,3.912,0.946,4.298,0.213,9.995
FireSmokeVideoNEW100_f51_jpg.rf.5d5a8fce90b54ca27c1d78496d70be98.jpg,1,1,0.9999,0.198,0.004,0.051,22.532,1.034,4.362,0.217,28.775
FireSmokeVideoNEW100_f54_jpg.rf.deb4934b4d254ff0d2151ab4b226bd30.jpg,1,1,1.0,0.237,0.004,0.053,18.602,3.834,4.47,0.218,27.8
FireSmokeVideoNEW100_f56_jpg.rf.fb63e4c0e32aa91f304e675bea7c6451.jpg,1,1,0.9999,0.208,0.004,0.056,22.982,3.947,7.409,0.244,35.244
FireSmokeVideoNEW100_f74_jpg.rf.6dbac089262a0484294bad2686f293a4.jpg,1,1,0.9986,0.286,0.005,0.065,5.709,1.436,4.675,0.337,12.912
FireSmokeVideoNEW100_f76_jpg.rf.a3b3783d77c6060652ec1972e52945b4.jpg,1,1,1.0,0.297,0.005,0.063,6.84,0.996,4.413,0.253,13.257
FireSmokeVideoNEW100_f80_jpg.rf.c7b1b6d87fe1581d087e2babcd5343cd.jpg,1,1,0.9999,0.198,0.004,0.048,5.319,1.071,4.313,0.217,11.543
FireSmokeVideoNEW100_f8_jpg.rf.8cdf1b53d711306fcc3671fb17c63715.jpg,1,1,1.0,0.207,0.004,0.051,5.142,3.192,4.3,0.214,13.489
FireSmokeVideoNEW100_f93_jpg.rf.8f1d3d0acbb786aa3e663017e362030b.jpg,1,1,1.0,0.204,0.004,0.051,8.055,3.125,4.355,0.214,16.394
FireSmokeVideoNEW101_f74_jpg.rf.b40eb61068efb3029e60fb0da7817ba0.jpg,1,0,0.9943,0.286,0.004,0.049,7.042,3.781,5.16,0.563,17.376
FireSmokeVideoNEW103_f38_jpg.rf.46f003d9350c5f9ba187385455fd722f.jpg,1,1,1.0,0.308,0.006,0.06,5.012,3.397,6.516,0.246,16.003
FireSmokeVideoNEW103_f40_jpg.rf.bbe9dcd13072bfcea5eb25d5e0e7edad.jpg,1,1,1.0,0.198,0.004,0.044,4.263,2.997,9.274,0.229,17.371
FireSmokeVideoNEW103_f43_jpg.rf.6b86f977948ffb4075bf842f40f298f8.jpg,1,1,0.9999,0.197,0.004,0.042,5.99,1.119,5.256,0.352,13.435
FireSmokeVideoNEW103_f48_jpg.rf.c01bd10387110154c4d65f733af5dd33.jpg,1,1,1.0,0.206,0.004,0.05,2.57,0.997,4.484,0.235,9.072
FireSmokeVideoNEW103_f53_jpg.rf.06d78f97a6bd82da23e6934c4be34911.jpg,1,1,1.0,0.202,0.004,0.046,2.17,0.91,4.327,0.216,8.287
FireSmokeVideoNEW103_f55_jpg.rf.234b4a520a09933bc5c380c6e8ac4700.jpg,1,1,1.0,0.209,0.004,0.046,4.869,3.398,4.35,0.214,13.466
FireSmokeVideoNEW103_f57_jpg.rf.5590d8fa82c520d8f2bf21d3792422a9.jpg,1,1,0.9999,0.197,0.004,0.047,4.365,3.168,4.431,0.249,12.833
FireSmokeVideoNEW103_f59_jpg.rf.f4a4ca0c64bcb51dcc538f942f4bed77.jpg,1,1,0.9996,0.197,0.004,0.047,2.374,0.968,4.316,0.216,8.486
FireSmokeVideoNEW103_f69_jpg.rf.107c6757968ca4bfeaf97df6ae6cac5b.jpg,1,1,1.0,0.195,0.004,0.046,3.423,2.961,4.304,0.228,11.539
FireSmokeVideoNEW103_f92_jpg.rf.df707faffb31edd4f980cd3123a6b460.jpg,1,1,1.0,0.207,0.004,0.08,5.372,4.358,4.186,0.216,14.805
FireSmokeVideoNEW106_f12_jpg.rf.c3a3dae95e573db93191a1edb50936e5.jpg,1,1,0.9824,0.209,0.004,0.049,4.942,3.337,4.233,0.236,13.395
FireSmokeVideoNEW106_f14_jpg.rf.331af05784389f5dc2ef80f1570a76fb.jpg,1,1,0.9993,0.205,0.004,0.05,4.487,2.988,4.34,0.226,12.665
FireSmokeVideoNEW106_f28_jpg.rf.ad2c009c83ccf5aaa3ddd7221c4ee1f4.jpg,1,1,0.9998,0.202,0.004,0.05,4.275,2.989,4.389,0.219,12.507
FireSmokeVideoNEW106_f3_jpg.rf.100e86d2d578c506662d2ec505c13c32.jpg,1,1,0.9993,0.2,0.004,0.05,3.971,2.949,4.483,0.26,12.269
FireSmokeVideoNEW107_f106_jpg.rf.113c590393888042cc28e8f491be7648.jpg,1,1,1.0,0.214,0.004,0.048,3.987,2.981,4.187,0.22,12.013
FireSmokeVideoNEW107_f123_jpg.rf.9b0580b6b19e2485a2b4ba7b49973b91.jpg,1,1,1.0,0.199,0.004,0.043,3.953,2.985,4.322,0.218,12.077
FireSmokeVideoNEW107_f127_jpg.rf.829b599800fa2ff96700b10087ad3476.jpg,1,1,1.0,0.198,0.004,0.048,3.934,2.967,4.305,0.214,12.036
FireSmokeVideoNEW107_f26_jpg.rf.61a2a027fdf7da306caca75ebb153434.jpg,1,1,1.0,0.201,0.004,0.047,4.807,2.982,9.206,0.232,17.856
FireSmokeVideoNEW107_f28_jpg.rf.77d96d55d8f5bd713af7a40d7bd68cf9.jpg,1,1,1.0,0.312,0.006,0.056,3.858,0.927,4.411,0.214,10.156
FireSmokeVideoNEW107_f2_jpg.rf.2ae3871bad997558e861e368aa59a114.jpg,1,1,1.0,0.204,0.004,0.049,2.247,1.019,4.165,0.217,8.309
FireSmokeVideoNEW107_f36_jpg.rf.55484257687fcb98dd9853c45d221ffb.jpg,1,1,1.0,0.2,0.004,0.047,2.61,1.015,4.319,0.215,8.772
FireSmokeVideoNEW107_f4_jpg.rf.a620a7201724ee71ecef0da20f8f7cca.jpg,1,1,1.0,0.204,0.004,0.046,2.393,0.963,4.32,0.209,8.491
FireSmokeVideoNEW107_f7_jpg.rf.e893ab93fd1147461c1d1018f93c0b43.jpg,1,1,1.0,0.202,0.004,0.045,2.231,0.967,4.288,0.214,8.311
FireSmokeVideoNEW107_f92_jpg.rf.24302c17033c41be0e8a851dd409a218.jpg,1,1,1.0,0.202,0.004,0.048,2.272,0.908,4.31,0.215,8.306
FireSmokeVideoNEW107_f98_jpg.rf.899748aa5ce4273733a59fe30b4d0c48.jpg,1,1,1.0,0.199,0.004,0.045,2.913,1.366,6.242,0.217,11.349
FireSmokeVideoNEW108_f17_jpg.rf.ac2f7536732dd04f1f8ac409305412e5.jpg,1,1,0.9595,0.202,0.004,0.047,2.986,0.939,4.31,0.218,9.084
FireSmokeVideoNEW108_f38_jpg.rf.2abf71a14111954c4580a46c4d15b3d3.jpg,1,1,0.6658,0.212,0.004,0.051,11.889,3.165,4.924,0.242,21.069
FireSmokeVideoNEW110_f22_jpg.rf.61b3b4e8798ce29f7fe58d31c03ac8a2.jpg,1,1,1.0,0.205,0.004,0.052,7.003,2.958,4.467,0.272,15.353
FireSmokeVideoNEW110_f24_jpg.rf.56e533c69820c0ad447920ce32c55898.jpg,1,1,1.0,0.665,0.008,0.072,4.889,1.172,4.496,0.253,12.162
FireSmokeVideoNEW110_f32_jpg.rf.5721c6c2eef55a07841c4c832f3d07d5.jpg,1,1,0.9999,0.307,0.006,0.063,3.406,0.838,5.063,0.221,10.271
FireSmokeVideoNEW110_f34_jpg.rf.acc53b1abe3327d738d65e69f13bad79.jpg,1,1,0.9999,0.205,0.004,0.048,3.55,0.974,4.321,0.219,9.684
FireSmokeVideoNEW110_f36_jpg.rf.ae30defe49181bd09836a5fcdeb46fab.jpg,1,1,1.0,0.199,0.004,0.046,3.009,1.834,4.388,0.219,10.079
FireSmokeVideoNEW110_f38_jpg.rf.0bc87128341ef88532538fe138ff4f2b.jpg,1,1,1.0,0.201,0.004,0.046,3.424,0.971,4.302,0.213,9.588
FireSmokeVideoNEW110_f41_jpg.rf.f550195d19a1c0b6d424f595c2b4b1f9.jpg,1,1,1.0,0.201,0.004,0.083,2.354,0.931,4.406,0.216,8.562
FireSmokeVideoNEW110_f61_jpg.rf.54f8064cc44792ec52b6ddf320ffa3a3.jpg,1,1,1.0,0.203,0.003,0.044,3.315,2.932,4.301,0.267,11.455
FireSmokeVideoNEW110_f63_jpg.rf.40951b985ae21888cdb87e745713aa2d.jpg,1,1,0.9999,0.235,0.004,0.056,7.613,5.71,7.194,0.241,21.619
FireSmokeVideoNEW110_f65_jpg.rf.22dae51c804d093b3928bb9cf5cb5565.jpg,1,1,0.9999,0.204,0.004,0.049,2.465,1.216,4.362,0.229,8.92
FireSmokeVideoNEW110_f67_jpg.rf.cd33b401abcfbfd4a951fd3906e86a41.jpg,1,1,1.0,0.198,0.004,0.046,2.469,0.91,4.315,0.226,8.533
FireSmokeVideoNEW110_f76_jpg.rf.bada3c63979a4512aec38ac7d78ec2d7.jpg,1,1,1.0,0.204,0.004,0.052,2.221,0.916,4.301,0.218,8.301
FireSmokeVideoNEW110_f80_jpg.rf.9f1ecfc3ee942fd4bbd1173ba4b7c394.jpg,1,1,1.0,0.205,0.003,0.051,3.986,1.235,4.416,0.236,10.549
FireSmokeVideoNEW110_f82_jpg.rf.0ff7a178a73b8e42a819ac1739b3c564.jpg,1,1,1.0,0.207,0.004,0.05,3.753,1.521,4.461,0.233,10.623
FireSmokeVideoNEW110_f93_jpg.rf.481ecb09dee0cdc168a1d0787874ef0c.jpg,1,1,1.0,0.2,0.004,0.048,2.381,0.988,4.373,0.248,8.625
FireSmokeVideoNEW112_f10_jpg.rf.39e79e3dfd5c98f6e68045158e2af82d.jpg,1,1,1.0,0.199,0.004,0.046,3.186,1.032,4.324,0.217,9.39
FireSmokeVideoNEW112_f12_jpg.rf.11432bc655317e1fac9c6107e3b5200f.jpg,1,1,1.0,0.21,0.004,0.049,3.577,1.101,4.381,0.296,10.011
FireSmokeVideoNEW112_f14_jpg.rf.6e0c0892a684c74c1ca4670f293457d8.jpg,1,1,1.0,0.218,0.004,0.048,4.281,1.667,4.341,0.25,11.207
FireSmokeVideoNEW112_f16_jpg.rf.ba57af29c8fa8587b2c5148f046375b0.jpg,1,1,1.0,0.362,0.006,0.081,8.5,2.251,4.257,0.242,16.114
FireSmokeVideoNEW112_f18_jpg.rf.21a30cbb698713638442e8962561a9b6.jpg,1,1,1.0,0.203,0.004,0.049,2.45,0.975,4.301,0.222,8.584
FireSmokeVideoNEW112_f1_jpg.rf.90fce7c457371c8403ad89986542ee96.jpg,1,1,1.0,0.211,0.004,0.047,2.79,1.531,4.335,0.224,9.516
FireSmokeVideoNEW112_f2_jpg.rf.da1c46afa259254b1aad5c4b5da7da24.jpg,1,1,1.0,0.205,0.004,0.05,2.978,1.017,4.317,0.225,9.177
FireSmokeVideoNEW112_f4_jpg.rf.f44dba51b9e805433a996d474bd2fbd7.jpg,1,1,1.0,0.222,0.004,0.052,6.317,1.219,4.398,0.238,12.849
FireSmokeVideoNEW112_f6_jpg.rf.dd87dd731952da1d5b61e93a00655678.jpg,1,1,1.0,0.203,0.004,0.051,4.618,1.04,4.417,0.235,10.96
FireSmokeVideoNEW112_f8_jpg.rf.129c527401604ce7176db07d9d855c9c.jpg,1,1,1.0,0.205,0.004,0.051,2.721,0.995,4.346,0.224,8.933
FireSmokeVideoNEW115_f10_jpg.rf.6f4300e4b3f362eed7886f4f1a87b93d.jpg,1,1,0.9999,0.208,0.004,0.049,3.016,1.021,4.309,0.222,9.23
FireSmokeVideoNEW115_f13_jpg.rf.324cc0423d48b832369d92b99a4baa51.jpg,1,1,1.0,0.209,0.004,0.049,2.922,1.038,4.371,0.223,9.211
FireSmokeVideoNEW115_f15_jpg.rf.15dbd25355578fccabf33bbbc4d6ad17.jpg,1,1,1.0,0.208,0.004,0.048,6.607,5.432,7.359,0.418,21.085
FireSmokeVideoNEW115_f20_jpg.rf.f0100e331ebd11f9a9711991e4833e3f.jpg,1,1,1.0,0.206,0.004,0.054,3.894,1.713,4.356,0.281,10.896
FireSmokeVideoNEW115_f39_jpg.rf.41762177627c892b70e006fe5cb26853.jpg,1,1,1.0,0.206,0.004,0.047,3.073,0.966,4.455,0.239,9.389
FireSmokeVideoNEW115_f46_jpg.rf.d94c8cb5cbed9575cd088fc4b493eed2.jpg,1,1,1.0,0.214,0.004,0.051,3.548,1.079,4.384,0.231,9.9
FireSmokeVideoNEW115_f50_jpg.rf.5e39ed208628142a56e09ae43ec4d605.jpg,1,1,1.0,0.206,0.004,0.05,2.753,1.01,4.312,0.231,8.955
FireSmokeVideoNEW115_f60_jpg.rf.baab27845cdd653f00986ee3b96a380e.jpg,1,1,1.0,0.207,0.004,0.049,5.777,1.112,4.217,0.217,11.974
FireSmokeVideoNEW115_f8_jpg.rf.9dcd347526c445f2baa86c5c9186f090.jpg,1,1,1.0,0.211,0.004,0.051,5.47,3.66,4.215,0.221,14.213
FireSmokeVideoNEW116_f12_jpg.rf.95a18922be59788cbf63dc24766c8fac.jpg,1,1,1.0,0.2,0.004,0.046,2.412,0.955,4.314,0.218,8.537
FireSmokeVideoNEW116_f14_jpg.rf.6fe2d6cfc1a0f7ba2d16d873a0f51aca.jpg,1,1,1.0,0.203,0.004,0.048,3.249,1.292,4.308,0.21,9.692
FireSmokeVideoNEW116_f16_jpg.rf.1d60b7f98a425c19989760a77b8b7092.jpg,1,1,1.0,0.201,0.004,0.046,3.629,3.038,4.549,0.356,12.232
FireSmokeVideoNEW116_f19_jpg.rf.e9193762a644c57d90194cc412b3e211.jpg,1,1,1.0,0.199,0.004,0.048,4.846,1.297,4.653,0.24,11.746
FireSmokeVideoNEW116_f20_jpg.rf.f2bfd4b6ed7d602b070e70eb541c8849.jpg,1,1,1.0,0.208,0.004,0.049,4.558,1.116,4.266,0.237,10.835
FireSmokeVideoNEW116_f25_jpg.rf.94faed5bcc786dc07e04a6bead7cb5c6.jpg,1,1,1.0,0.21,0.004,0.046,2.414,1.062,4.349,0.23,8.696
FireSmokeVideoNEW116_f2_jpg.rf.4c9cb9b9a3ba5e3c7f2b82764aa90f2c.jpg,1,1,1.0,0.208,0.004,0.048,2.744,1.063,4.33,0.223,8.995
FireSmokeVideoNEW117_f12_jpg.rf.fcb70a547a268008126db8dc378559b9.jpg,1,1,1.0,0.205,0.004,0.048,3.152,1.035,4.402,0.234,9.461
FireSmokeVideoNEW117_f14_jpg.rf.9b010af028bb860ed3b84a8fdb2d373c.jpg,1,1,1.0,0.219,0.004,0.053,5.28,1.115,4.219,0.23,11.506
FireSmokeVideoNEW117_f19_jpg.rf.b971752c7c2b708d3b4ad9ee4fa816bd.jpg,1,1,1.0,0.208,0.004,0.052,3.416,0.994,4.4,0.236,9.703
FireSmokeVideoNEW117_f6_jpg.rf.035a84019a5b26bcdb24a39a0789bcfd.jpg,1,1,1.0,0.213,0.004,0.049,2.891,1.31,4.359,0.231,9.429
FireSmokeVideoNEW117_f8_jpg.rf.b22f2fc6ce899d8be4ce21548f905e81.jpg,1,1,0.9992,0.208,0.004,0.05,2.412,1.596,4.414,0.256,9.325
FireSmokeVideoNEW119_f0_jpg.rf.744fd2bb67b9c4f5c263823ce6d2e4a2.jpg,1,1,1.0,0.218,0.004,0.05,5.448,6.227,6.067,0.282,18.848
FireSmokeVideoNEW119_f11_jpg.rf.187de46834021c761b20f75282b71fc2.jpg,1,1,1.0,0.285,0.004,0.049,4.403,0.997,6.509,0.252,13.121
FireSmokeVideoNEW119_f17_jpg.rf.bb575498be7cb8bf09271655a827a205.jpg,1,1,1.0,0.21,0.005,0.053,2.292,1.135,4.387,0.227,8.699
FireSmokeVideoNEW119_f20_jpg.rf.83ca338b8a7a1f351f20a0392a978c58.jpg,1,1,1.0,0.299,0.007,0.064,2.586,0.966,4.338,0.223,8.87
FireSmokeVideoNEW119_f27_jpg.rf.32a58d37e8165ece6f17b61092424e7e.jpg,1,1,1.0,0.327,0.006,0.065,2.701,0.967,4.372,0.232,9.063
FireSmokeVideoNEW119_f29_jpg.rf.585557862f600c84c9c40f80eb57f8ec.jpg,1,1,1.0,0.204,0.003,0.047,2.542,0.985,4.34,0.226,8.735
FireSmokeVideoNEW119_f30_jpg.rf.c902440835c3fd8c2560c5317b035538.jpg,1,1,1.0,0.213,0.004,0.048,4.684,1.605,4.321,0.234,11.557
FireSmokeVideoNEW119_f32_jpg.rf.d27ae4e085fd41313631ebe74965ae01.jpg,1,1,1.0,0.239,0.004,0.072,2.229,1.145,4.299,0.221,8.628
FireSmokeVideoNEW119_f38_jpg.rf.d91f985ff0f9428aa2de6e6bd8ebc98a.jpg,1,1,1.0,0.208,0.004,0.052,3.353,1.145,4.35,0.225,9.72
FireSmokeVideoNEW119_f3_jpg.rf.c8cc5b5783961b03724d25c816b3e647.jpg,1,1,1.0,0.206,0.004,0.048,5.612,5.264,5.774,0.285,17.723
FireSmokeVideoNEW119_f47_jpg.rf.1ffd353c21c7b5679d7e046c6c549393.jpg,1,1,1.0,0.211,0.004,0.053,3.9,1.687,5.133,0.339,11.85
FireSmokeVideoNEW119_f7_jpg.rf.2244f93cbbd1e3e46b4d0bbdba5b6b95.jpg,1,1,1.0,0.206,0.004,0.05,4.389,3.146,6.613,0.356,15.285
FireSmokeVideoNEW119_f9_jpg.rf.ab8d6371d788579af7d9b32869f2dcfd.jpg,1,1,1.0,0.85,0.007,0.08,4.898,3.109,4.839,0.242,14.41
FireSmokeVideoNEW121_f18_jpg.rf.44673b9ce8af3ecd42f57e22a99a38e0.jpg,1,1,1.0,0.307,0.006,0.066,4.564,3.525,8.985,0.392,18.236
FireSmokeVideoNEW121_f1_jpg.rf.5be93985d812c7f5ea035ac113e0f5e0.jpg,1,1,0.9999,0.839,0.008,0.069,5.923,5.723,4.882,0.973,18.929
FireSmokeVideoNEW121_f21_jpg.rf.eebcabf40ddce34c31a6c13331a65953.jpg,1,1,1.0,0.304,0.005,0.076,3.88,3.316,4.93,0.347,13.251
FireSmokeVideoNEW121_f23_jpg.rf.ac278f7e1c7a444be3f887b2c6d38717.jpg,1,1,1.0,0.254,0.004,0.047,3.691,3.497,6.597,0.272,14.747
FireSmokeVideoNEW121_f25_jpg.rf.d0ef6211efb24426ee946e1fa8c31fce.jpg,1,1,0.9999,0.203,0.004,0.048,4.947,3.541,4.295,0.236,13.663
FireSmokeVideoNEW121_f27_jpg.rf.a5b8bd5483ad1bb30b723346e830127b.jpg,1,1,0.9998,0.276,0.007,0.076,4.089,1.34,5.051,0.248,11.584
FireSmokeVideoNEW121_f29_jpg.rf.a99e4a5f275c636275e5efa27c36b410.jpg,1,1,0.9997,0.199,0.004,0.046,2.45,0.902,4.383,0.233,8.601
FireSmokeVideoNEW121_f30_jpg.rf.33e9b2bac1a4a79c6a3de00c8a3a8d99.jpg,1,1,1.0,0.208,0.004,0.049,2.264,1.185,4.423,0.272,8.777
FireSmokeVideoNEW121_f32_jpg.rf.f8cb024d7bf28236b1e1d37b2eae22ac.jpg,1,1,1.0,0.216,0.004,0.053,4.324,3.353,5.129,0.235,13.7
FireSmokeVideoNEW121_f34_jpg.rf.6cedfb99ee40c10d727a61a74ea8f251.jpg,1,1,0.9999,0.207,0.004,0.051,4.606,3.257,4.319,0.225,13.056
FireSmokeVideoNEW121_f37_jpg.rf.9a405f57987f96bd108e065a51ca2b6f.jpg,1,1,1.0,0.205,0.004,0.049,2.584,1.308,4.321,0.227,9.077
FireSmokeVideoNEW121_f39_jpg.rf.6e6af0255f04f4fe3cf20ee175bfcaad.jpg,1,1,0.9983,0.206,0.004,0.049,4.361,0.987,4.368,0.216,10.592
FireSmokeVideoNEW121_f40_jpg.rf.7817cfe0fa7c24a82024b8b4fe48581f.jpg,1,1,0.9994,0.206,0.004,0.05,7.64,5.598,9.565,0.258,23.725
FireSmokeVideoNEW121_f4_jpg.rf.8f335cc6c3f116510aa7b65424141dbb.jpg,1,1,0.9999,0.208,0.004,0.05,5.144,1.351,4.694,0.334,12.262
FireSmokeVideoNEW121_f6_jpg.rf.0ab7d7fafe53d2118e6ce10be956dfae.jpg,1,1,1.0,0.198,0.004,0.047,2.275,0.941,4.331,0.217,8.389
FireSmokeVideoNEW122_f41_jpg.rf.ddb6da50b215710fb313bd2b6498352f.jpg,1,1,1.0,0.203,0.004,0.047,2.28,0.928,4.331,0.215,8.385
FireSmokeVideoNEW123_f106_jpg.rf.c25e4e81d45d2617b0ab2f5a640eff4b.jpg,1,1,1.0,0.199,0.005,0.05,2.202,0.934,4.322,0.217,8.335
FireSmokeVideoNEW123_f108_jpg.rf.324c16b1e030787e2a19588a578b4df5.jpg,1,1,1.0,0.205,0.004,0.046,2.813,0.976,4.311,0.216,8.956
FireSmokeVideoNEW123_f112_jpg.rf.ef7e157209fea66c4da0a9b66de88567.jpg,1,1,1.0,0.203,0.004,0.048,4.116,1.27,4.19,0.219,10.42
FireSmokeVideoNEW123_f114_jpg.rf.bf8d48047fca455b0f42a273198515cc.jpg,1,1,1.0,0.207,0.004,0.047,2.239,0.982,4.329,0.217,8.402
FireSmokeVideoNEW123_f116_jpg.rf.98c9644c9b593c5edf72505fbd46e59e.jpg,1,1,1.0,0.196,0.004,0.049,4.321,0.981,4.315,0.211,10.462
FireSmokeVideoNEW123_f118_jpg.rf.b477bf1713c31303b31eb7a199ee4c91.jpg,1,1,1.0,0.203,0.004,0.05,6.308,6.485,7.652,0.363,21.941
FireSmokeVideoNEW123_f11_jpg.rf.c8a9964859459a55d8b0b342188a4c08.jpg,1,1,0.7134,0.204,0.004,0.048,2.516,0.925,6.401,0.233,10.728
FireSmokeVideoNEW123_f121_jpg.rf.e2586395c9b367a7c81ae7509f4e39db.jpg,1,1,1.0,0.215,0.004,0.052,3.614,1.013,6.496,0.249,12.035
FireSmokeVideoNEW123_f123_jpg.rf.e2375d9952733650dc776617228bb2f8.jpg,1,1,0.9999,0.202,0.004,0.05,5.427,1.133,4.374,0.222,11.8
FireSmokeVideoNEW123_f126_jpg.rf.73e9b95d773d15252049d96c679bd5df.jpg,1,1,1.0,0.204,0.004,0.046,4.604,1.0,4.392,0.236,10.883
FireSmokeVideoNEW123_f128_jpg.rf.98e64005651b632e0dd4ef0e8e222a80.jpg,1,1,1.0,0.204,0.004,0.053,6.524,1.099,4.362,0.228,12.862
FireSmokeVideoNEW123_f131_jpg.rf.c92c6b57ace2f9ca7cf47e4631e4ceb8.jpg,1,1,1.0,0.206,0.004,0.052,6.214,1.1,4.353,0.224,12.55
FireSmokeVideoNEW123_f133_jpg.rf.8a731b6788e829b919dcc6fbedee2290.jpg,1,1,1.0,0.249,0.048,0.125,7.188,1.057,4.406,0.24,13.712
FireSmokeVideoNEW123_f135_jpg.rf.f13f1e5ca75a57717778dcb1a3bfbfef.jpg,1,1,1.0,0.203,0.004,0.053,6.355,1.024,4.4,0.237,12.679
FireSmokeVideoNEW123_f137_jpg.rf.89be9c03d3b298ac53b1a84fd4bdb93f.jpg,1,1,1.0,0.208,0.004,0.052,9.43,3.121,6.618,0.252,20.076
FireSmokeVideoNEW123_f148_jpg.rf.40d340666298e990735d8ca388cb9816.jpg,1,1,1.0,0.206,0.004,0.051,2.122,0.897,4.452,0.219,8.33
FireSmokeVideoNEW123_f151_jpg.rf.aa3122a12b22ffea0d7a193d7beae8c5.jpg,1,1,1.0,0.203,0.003,0.045,2.306,0.955,4.324,0.218,8.438
FireSmokeVideoNEW123_f153_jpg.rf.2a47a75fafb9f06997f57643fd0c2bd1.jpg,1,1,1.0,0.213,0.004,0.05,4.1,1.251,4.938,0.218,11.164
FireSmokeVideoNEW123_f156_jpg.rf.ae63f1b00917b26c25dda972daf3284b.jpg,1,1,1.0,0.2,0.004,0.047,2.85,0.943,4.315,0.213,8.947
FireSmokeVideoNEW123_f171_jpg.rf.9c1f0a991f5d1c042661894dd366e0fa.jpg,1,1,0.997,0.207,0.004,0.049,2.323,0.95,4.313,0.221,8.441
FireSmokeVideoNEW123_f173_jpg.rf.55d9d95cd78bdff66e92e854c28eb5f0.jpg,1,1,0.9941,0.203,0.004,0.048,2.275,0.944,4.299,0.217,8.363
FireSmokeVideoNEW123_f175_jpg.rf.46d008d35dba2bb66f53dc182961d9a6.jpg,1,1,0.9987,0.208,0.004,0.05,2.268,0.943,4.316,0.221,8.38
FireSmokeVideoNEW123_f177_jpg.rf.c76526af57ef0609dc042f01c15fc77e.jpg,1,1,0.9998,0.2,0.004,0.045,4.678,1.018,4.336,0.212,10.882
FireSmokeVideoNEW123_f23_jpg.rf.51e35fa3a68a33dfdf723d94f317a85b.jpg,1,1,1.0,0.207,0.004,0.046,2.247,0.948,6.243,0.211,10.287
FireSmokeVideoNEW123_f43_jpg.rf.e8008f78b15654db7e58f369714def41.jpg,1,1,1.0,0.21,0.004,0.047,6.088,4.722,9.929,0.278,21.915
FireSmokeVideoNEW123_f47_jpg.rf.19c0d322d98a9e64ad8fb4efd7fc0e4d.jpg,1,1,1.0,0.207,0.004,0.052,2.281,0.955,4.339,0.22,8.428
FireSmokeVideoNEW123_f49_jpg.rf.62d9ee330226fe916f41f8470db9eb64.jpg,1,1,1.0,0.203,0.004,0.052,2.245,0.946,4.305,0.217,8.357
FireSmokeVideoNEW123_f53_jpg.rf.8c311ae20b0033cdae63327dc63e13cb.jpg,1,1,1.0,0.208,0.004,0.051,3.551,0.999,4.3,0.222,9.716
FireSmokeVideoNEW123_f56_jpg.rf.5a5e62ac291b53c106d713eebc9ab978.jpg,1,1,1.0,0.2,0.004,0.046,5.221,0.986,4.382,0.239,11.483
FireSmokeVideoNEW123_f65_jpg.rf.691203ff3979f7125a54151c4b53a24a.jpg,1,1,1.0,0.209,0.004,0.049,2.315,1.119,4.333,0.221,8.647
FireSmokeVideoNEW123_f73_jpg.rf.d9ba153281fb3ea120f2214751a49b98.jpg,1,1,0.9999,0.201,0.004,0.053,5.015,1.099,4.493,0.238,11.514
FireSmokeVideoNEW123_f75_jpg.rf.2d872df94a99a62833cb4a08932ab6d5.jpg,1,1,0.9979,0.208,0.004,0.049,2.407,0.941,4.342,0.232,8.566
FireSmokeVideoNEW123_f79_jpg.rf.bcd14349dff0e46dfcf8deae404a9b58.jpg,1,1,1.0,0.206,0.004,0.047,2.49,0.943,4.384,0.225,8.674
FireSmokeVideoNEW123_f81_jpg.rf.6a3dbcf3f43554d6a4828de674d3b1c6.jpg,1,1,1.0,0.206,0.004,0.047,4.412,2.967,4.271,0.235,12.529
FireSmokeVideoNEW123_f83_jpg.rf.36c5ac6ba183f6e111b612aa4e282b9c.jpg,1,1,1.0,0.217,0.004,0.051,7.245,6.429,4.49,0.239,19.115
FireSmokeVideoNEW123_f93_jpg.rf.af94d96d426a243f0b572fdd6b0cffaa.jpg,1,1,0.9996,0.206,0.004,0.048,3.288,1.071,4.397,0.233,9.636
FireSmokeVideoNEW123_f96_jpg.rf.423f320fddc0053c6a0341c43c5006ec.jpg,1,1,1.0,0.206,0.004,0.049,2.268,1.506,4.409,0.24,9.067
FireSmokeVideoNEW124_f1_jpg.rf.d882ce249beeb12e24fd0367d120b1ff.jpg,1,1,0.9997,0.207,0.004,0.049,2.703,1.141,6.327,0.231,11.037
FireSmokeVideoNEW124_f27_jpg.rf.5cdddd18ce788cc7cf757ab412be6519.jpg,1,1,1.0,0.214,0.004,0.05,3.065,0.957,4.321,0.251,9.232
FireSmokeVideoNEW124_f34_jpg.rf.f3d8859fca5670c5d72b6dcac9134ddf.jpg,1,1,1.0,0.21,0.004,0.048,2.844,0.968,4.378,0.283,9.135
FireSmokeVideoNEW124_f3_jpg.rf.16ade03d9e655a947e2544a8985f60f9.jpg,1,1,0.9999,0.235,0.004,0.047,2.366,1.037,4.402,0.22,8.686
FireSmokeVideoNEW124_f47_jpg.rf.314dec34ced589603b4b73ba0a908a21.jpg,1,1,0.9999,0.2,0.004,0.046,2.263,0.942,4.318,0.215,8.412
FireSmokeVideoNEW124_f49_jpg.rf.f17f0a12dec3ed500b6a16528b367689.jpg,1,1,1.0,0.203,0.004,0.048,2.282,1.024,4.336,0.234,8.518
FireSmokeVideoNEW124_f54_jpg.rf.3c6cd3f1f020be4de59ee26347685778.jpg,1,1,0.9999,0.308,0.004,0.068,5.638,6.147,8.446,0.573,21.669
FireSmokeVideoNEW124_f56_jpg.rf.34f1587323d712197492c44f17215884.jpg,1,1,0.9997,0.213,0.004,0.05,2.53,0.945,4.288,0.231,8.649
FireSmokeVideoNEW125_f0_jpg.rf.81fe7efddc3253ced13780ec6e408e3c.jpg,1,1,1.0,0.21,0.037,0.054,3.055,1.028,4.343,0.219,9.331
FireSmokeVideoNEW125_f106_jpg.rf.3a904aa90315058997b7ecacfd5fa5b5.jpg,1,1,1.0,0.2,0.004,0.05,2.214,0.997,4.327,0.214,8.386
FireSmokeVideoNEW125_f120_jpg.rf.c8d686137373b25435a8310ad00fd6ab.jpg,1,1,1.0,0.205,0.004,0.05,2.195,1.028,4.347,0.218,8.436
FireSmokeVideoNEW125_f130_jpg.rf.6f68116a78703c1e9340d77fb40469f5.jpg,1,1,1.0,0.197,0.004,0.05,5.765,3.131,6.348,0.235,16.11
FireSmokeVideoNEW125_f48_jpg.rf.cf4af7b857bae0990afd26b3c1980247.jpg,1,1,1.0,0.211,0.004,0.048,4.035,1.779,4.375,0.252,11.139
FireSmokeVideoNEW125_f74_jpg.rf.d0f371fe160c19e18a328a6024aa82cd.jpg,1,1,1.0,0.202,0.004,0.048,2.203,0.989,4.362,0.223,8.426
FireSmokeVideoNEW125_f7_jpg.rf.be240cb2d473d14c67984703664df0b7.jpg,1,1,1.0,0.33,0.004,0.048,2.234,0.93,4.318,0.218,8.462
FireSmokeVideoNEW126_f27_jpg.rf.7346fe8b8287523c5fc6b4e80eaf0f26.jpg,1,1,0.9999,0.204,0.004,0.048,5.343,5.338,9.157,0.431,21.426
FireSmokeVideoNEW126_f29_jpg.rf.5077bf2b2ec0dbc0203d41adf4100e97.jpg,1,1,0.9999,0.317,0.005,0.065,3.343,1.054,4.536,0.332,10.066
FireSmokeVideoNEW126_f44_jpg.rf.cd6d14d78dc95c57e52ab92b9f82b3a4.jpg,1,1,1.0,0.206,0.004,0.045,2.834,0.999,4.344,0.225,9.02
FireSmokeVideoNEW126_f48_jpg.rf.da7b9ebcf213b3796a8526e2c8aa6491.jpg,1,1,1.0,0.311,0.004,0.047,2.503,0.977,4.327,0.215,8.758
FireSmokeVideoNEW126_f52_jpg.rf.b195208c78b88a4e65b0aa661c45f466.jpg,1,1,1.0,0.197,0.004,0.045,2.469,1.317,4.302,0.215,8.928
FireSmokeVideoNEW126_f54_jpg.rf.d787da27718524423c5c184be403cc6c.jpg,1,1,1.0,0.211,0.004,0.046,2.507,0.943,4.398,0.219,8.704
FireSmokeVideoNEW126_f56_jpg.rf.d0e363100b9c22d89de0c94a6e8d2e1d.jpg,1,1,1.0,0.354,0.004,0.051,3.473,0.945,4.479,0.216,10.053
FireSmokeVideoNEW126_f58_jpg.rf.c3a944666a891a540b1cfb2bffc2a913.jpg,1,1,1.0,0.211,0.004,0.049,2.572,0.945,4.333,0.216,8.702
FireSmokeVideoNEW126_f62_jpg.rf.812b44d2dbb2f7ac4ae3c3b0d07c88f6.jpg,1,1,1.0,0.2,0.004,0.047,4.32,3.321,4.894,0.334,13.643
FireSmokeVideoNEW126_f64_jpg.rf.de98eff962cdeb3f0682a2c381d22c4d.jpg,1,1,1.0,0.244,0.004,0.049,4.033,1.072,4.671,0.337,10.869
FireSmokeVideoNEW127_f28_jpg.rf.e61d2816bb699753b49da2bf37a1a457.jpg,1,1,0.6788,0.212,0.004,0.052,2.37,0.944,4.427,0.25,8.64
FireSmokeVideoNEW127_f30_jpg.rf.3b48e7019fa19921bbcd22a8fc18a010.jpg,1,1,0.9999,0.235,0.005,0.052,4.19,1.096,4.795,0.322,11.169
FireSmokeVideoNEW127_f34_jpg.rf.0c83d4fb0a63562feb910932eecf60d0.jpg,1,1,1.0,0.204,0.004,0.05,2.28,1.027,4.356,0.212,8.51
FireSmokeVideoNEW127_f44_jpg.rf.a9ef43d66b9ec7d1b8e17f8f36bca741.jpg,1,1,0.9999,0.205,0.004,0.049,2.235,1.194,4.331,0.214,8.596
FireSmokeVideoNEW127_f50_jpg.rf.bdcc99d123f67fb733203559f7693ef2.jpg,1,0,0.5507,0.198,0.004,0.047,2.515,0.934,4.327,0.247,8.651
FireSmokeVideoNEW127_f82_jpg.rf.9f015bb6a9818f109cc000cd7bdd16e6.jpg,1,1,0.5528,0.213,0.004,0.047,3.638,2.998,4.482,0.208,12.039
FireSmokeVideoNEW127_f9_jpg.rf.eee7846a8bbb29bad98f36c3bb075784.jpg,1,1,1.0,0.206,0.004,0.048,2.201,0.975,4.232,0.222,8.321
FireSmokeVideoNEW128_f12_jpg.rf.0458b54b709948eb3bdcde19ff5095f0.jpg,1,1,1.0,0.315,0.006,0.063,2.779,0.969,4.312,0.212,9.035
FireSmokeVideoNEW128_f14_jpg.rf.a5d3694afb9300f4e3b2b0775addef04.jpg,1,1,0.9999,0.2,0.004,0.045,4.181,4.188,6.654,0.283,15.948
FireSmokeVideoNEW128_f20_jpg.rf.98a1afc67a6f33f19bd2f1be2f35851b.jpg,1,1,1.0,0.33,0.006,0.07,3.201,0.968,4.268,0.213,9.446
FireSmokeVideoNEW128_f7_jpg.rf.e0935c0a1913034ce0978e5202e392f4.jpg,1,1,1.0,0.201,0.004,0.05,4.365,1.338,4.882,0.352,11.699
FireSmokeVideoNEW128_f9_jpg.rf.bad1461a9bf07e05694221fb55e56534.jpg,1,1,1.0,0.209,0.004,0.051,2.291,0.976,4.257,0.221,8.391
FireSmokeVideoNEW129_f14_jpg.rf.79c883812d7065ddbec62fd55612a017.jpg,1,1,0.9997,0.196,0.004,0.048,5.508,0.976,4.368,0.217,11.698
FireSmokeVideoNEW12_f24_jpg.rf.7b20fc3b471a7b97fbe9c7e041a0109c.jpg,1,1,1.0,0.201,0.004,0.047,3.885,0.982,4.343,0.218,10.047
FireSmokeVideoNEW12_f38_jpg.rf.96c628a11234c5f9c050b2b4211a2b76.jpg,1,1,1.0,0.204,0.004,0.046,2.414,0.961,4.303,0.217,8.538
FireSmokeVideoNEW12_f51_jpg.rf.6d8e0c1a7b9920ce1193bbb2e094121b.jpg,1,1,1.0,0.204,0.004,0.045,2.226,0.967,4.321,0.218,8.364
FireSmokeVideoNEW12_f64_jpg.rf.13d8bcf8193a21886c21bb66db8fdaa1.jpg,1,1,1.0,0.205,0.004,0.046,6.806,3.033,6.876,0.24,18.125
FireSmokeVideoNEW12_f8_jpg.rf.6d3fc0fe1d943fc0e986aeb39002b689.jpg,1,1,1.0,0.213,0.004,0.05,2.271,0.982,4.378,0.233,8.53
FireSmokeVideoNEW132_f101_jpg.rf.ef8315ebdb257a7832caeb9c2b6c2c3f.jpg,1,1,1.0,0.21,0.004,0.134,4.953,1.645,5.306,0.397,13.204
FireSmokeVideoNEW132_f107_jpg.rf.0be5dc622567ae0ca9a1fa0630d1181a.jpg,1,1,1.0,0.205,0.004,0.05,3.131,1.032,4.315,0.225,9.355
FireSmokeVideoNEW132_f28_jpg.rf.74a57d7f3bf2e80e86a18b4d9ef15767.jpg,1,1,1.0,0.252,0.004,0.048,2.667,0.975,6.299,0.257,10.897
FireSmokeVideoNEW132_f31_jpg.rf.06c6b40b0e311151a8cb5c990fa23e39.jpg,1,1,1.0,0.21,0.004,0.049,2.192,0.978,4.383,0.233,8.428
FireSmokeVideoNEW132_f33_jpg.rf.cf84d4b69b24020d668380d7b87f8d2d.jpg,1,1,1.0,0.205,0.004,0.051,2.214,1.316,4.346,0.217,8.75
FireSmokeVideoNEW132_f43_jpg.rf.1ceb082efbbbe991f9d91d896796f374.jpg,1,1,1.0,0.204,0.004,0.05,2.265,0.964,4.335,0.212,8.41
FireSmokeVideoNEW132_f45_jpg.rf.d73c7cd8c7378af5a370f16c996e99fb.jpg,1,1,1.0,0.206,0.004,0.047,2.281,0.985,4.309,0.209,8.425
FireSmokeVideoNEW132_f48_jpg.rf.a09d6c000c3b5596d9fb43fad2745011.jpg,1,1,1.0,0.215,0.004,0.05,2.448,1.296,4.186,0.217,8.799
FireSmokeVideoNEW132_f51_jpg.rf.2544fe95b715eea490924ece11616b13.jpg,1,1,0.987,0.203,0.004,0.052,2.468,0.968,4.377,0.234,8.703
FireSmokeVideoNEW132_f53_jpg.rf.09f633453d5c9279a67dca6558daa432.jpg,1,1,0.9905,0.217,0.004,0.053,9.303,5.072,7.887,0.368,23.469
FireSmokeVideoNEW132_f61_jpg.rf.eef43c9d98a86761615b4b2e7793aa19.jpg,1,1,1.0,0.285,0.006,0.078,3.213,2.005,5.243,0.372,11.736
FireSmokeVideoNEW132_f65_jpg.rf.b11b1fb6703934a13f463437460ee272.jpg,1,1,1.0,0.207,0.004,0.052,2.784,0.97,4.362,0.237,8.997
FireSmokeVideoNEW132_f67_jpg.rf.055d65a0c1fa6cf1aa8eea5471003adc.jpg,1,1,1.0,0.204,0.004,0.048,2.585,1.255,4.305,0.229,8.99
FireSmokeVideoNEW132_f92_jpg.rf.69db5eb51f70a35bfd0d9f540f23a975.jpg,1,1,1.0,0.201,0.004,0.05,6.354,0.992,4.329,0.226,12.534
FireSmokeVideoNEW132_f94_jpg.rf.e414a96046b887c8f237fbbeb00eed68.jpg,1,1,0.9995,0.203,0.004,0.05,5.289,1.154,4.408,0.222,11.696
FireSmokeVideoNEW135_f18_jpg.rf.10d9436c6c60d63acd8bc1031b900b8b.jpg,1,1,1.0,0.203,0.004,0.05,2.609,0.966,4.335,0.218,8.752
FireSmokeVideoNEW135_f28_jpg.rf.2944aab5c6eeadf7afa0d88bd6a3a691.jpg,1,1,1.0,0.201,0.004,0.045,2.153,0.931,4.333,0.219,8.273
FireSmokeVideoNEW135_f2_jpg.rf.b170f64290a695a2b517bc86e7d0ab3b.jpg,1,1,1.0,0.253,0.004,0.045,2.846,0.933,4.315,0.232,9.026
FireSmokeVideoNEW135_f37_jpg.rf.1d9c29827509cfacfd57bc7fc93541eb.jpg,1,1,1.0,0.207,0.004,0.052,4.474,3.114,7.093,0.235,15.635
FireSmokeVideoNEW135_f3_jpg.rf.d644c4d3a7e063c498ba9048dfab4c88.jpg,1,1,1.0,0.2,0.004,0.049,2.072,0.768,4.325,0.233,8.012
FireSmokeVideoNEW135_f47_jpg.rf.a02b0d48f9e7132076a8291778099b52.jpg,1,1,1.0,0.198,0.003,0.049,3.407,1.121,4.371,0.236,9.755
FireSmokeVideoNEW135_f58_jpg.rf.51cb12d10437fa9fcb39682569a95cad.jpg,1,1,1.0,0.202,0.004,0.048,2.826,0.944,4.306,0.232,8.939
FireSmokeVideoNEW135_f60_jpg.rf.087d23aeac67fdce07ba0af44364e805.jpg,1,1,1.0,0.21,0.004,0.051,3.04,0.879,4.152,0.217,8.936
FireSmokeVideoNEW135_f64_jpg.rf.3b7b2ceaa7776dde201211a4a258376b.jpg,1,1,1.0,0.205,0.004,0.045,2.681,1.24,4.391,0.243,9.181
FireSmokeVideoNEW135_f74_jpg.rf.48f32d004d58d3ad3c6a754b68eac54f.jpg,1,1,1.0,0.203,0.004,0.048,2.176,0.909,4.375,0.277,8.385
FireSmokeVideoNEW136_f21_jpg.rf.c676865790e30db1c60eb9dd00b38102.jpg,1,1,1.0,0.202,0.004,0.046,2.292,0.914,4.418,0.219,8.454
FireSmokeVideoNEW137_f1_jpg.rf.44d20ad3d89825a859367b20018c4d55.jpg,1,1,1.0,0.204,0.004,0.044,2.132,0.905,4.313,0.214,8.277
FireSmokeVideoNEW137_f3_jpg.rf.03150810b84d787af6292f591ad6a4e2.jpg,1,1,1.0,0.207,0.004,0.047,7.454,3.458,6.409,0.239,18.197
FireSmokeVideoNEW137_f5_jpg.rf.bb04eef8f3bac3bdd70c74ab5ca80a1c.jpg,1,1,1.0,0.791,0.007,0.094,3.863,1.392,4.946,0.309,12.002
FireSmokeVideoNEW137_f7_jpg.rf.320c1db8f24d5c239dcd6e3467d680a7.jpg,1,1,1.0,0.199,0.004,0.046,2.453,1.011,4.4,0.249,8.75
FireSmokeVideoNEW13_f16_jpg.rf.6a22c435851ee372f4425942eed66e62.jpg,1,1,1.0,0.21,0.004,0.049,2.404,1.761,4.326,0.229,9.357
FireSmokeVideoNEW13_f18_jpg.rf.efa310f56dc29914b2bd9a49bb67b566.jpg,1,1,1.0,0.208,0.004,0.05,2.48,0.952,4.315,0.226,8.62
FireSmokeVideoNEW13_f21_jpg.rf.7b7410506fecac2cb64b3fe8ab09e737.jpg,1,1,1.0,0.202,0.004,0.047,2.364,1.075,4.302,0.21,8.587
FireSmokeVideoNEW13_f23_jpg.rf.78dad5d90f1bb63af854c9ace53546c4.jpg,1,1,1.0,0.203,0.004,0.048,2.25,0.937,4.371,0.21,8.403
FireSmokeVideoNEW13_f25_jpg.rf.b6cfcce6c127ccf15fb3aae89ac3b0a4.jpg,1,1,1.0,0.21,0.004,0.05,4.83,0.985,6.729,0.279,13.489
FireSmokeVideoNEW13_f31_jpg.rf.ea9667265ab5c5c893bac955cc1bd2d8.jpg,1,1,1.0,0.237,0.004,0.053,3.525,1.073,4.311,0.24,9.835
FireSmokeVideoNEW13_f42_jpg.rf.ceb4ec2b5e8a3c397fd08d830a71e4cf.jpg,1,1,1.0,0.214,0.004,0.051,2.267,1.006,6.403,0.266,10.583
FireSmokeVideoNEW13_f44_jpg.rf.348a3b9d0972a0d9c68d3917b787a6d8.jpg,1,1,1.0,0.204,0.004,0.046,2.229,0.992,4.351,0.223,8.433
FireSmokeVideoNEW13_f64_jpg.rf.25326a118e4c9cdb02082bf74f0ec540.jpg,1,1,0.9999,0.202,0.004,0.046,3.864,1.04,4.32,0.22,10.093
FireSmokeVideoNEW140_f11_jpg.rf.a6207fe6ddb09f5f7e97d5d07ae02dc2.jpg,1,1,1.0,0.201,0.004,0.047,2.583,1.006,4.312,0.208,8.747
FireSmokeVideoNEW140_f13_jpg.rf.018ea90614339140984d0f1e0bec858a.jpg,1,1,1.0,0.205,0.004,0.047,2.227,1.112,4.378,0.28,8.638
FireSmokeVideoNEW140_f17_jpg.rf.5e202fe64f36b5f2a5750deeefa59055.jpg,1,1,0.9999,0.296,0.004,0.07,2.93,1.427,4.301,0.215,9.628
FireSmokeVideoNEW140_f30_jpg.rf.49b2343f6127b93f05a60c8895d0f0e9.jpg,1,1,0.9999,0.203,0.004,0.046,2.421,1.002,4.354,0.226,8.642
FireSmokeVideoNEW142_f10_jpg.rf.d98506831f9377f7da57191d436872e9.jpg,1,1,0.9684,0.202,0.004,0.045,2.663,0.996,4.329,0.217,8.842
FireSmokeVideoNEW142_f15_jpg.rf.906eebbf2d4656484d899568c537c722.jpg,1,1,0.9111,0.208,0.004,0.045,4.659,4.426,6.989,0.385,17.121
FireSmokeVideoNEW142_f19_jpg.rf.7d661a958573c2fba2e68898fad82dd1.jpg,1,1,0.9978,0.2,0.004,0.048,5.025,3.373,6.333,0.271,15.628
FireSmokeVideoNEW142_f29_jpg.rf.708929a469b97fe2cd62e6233f1d21d7.jpg,1,1,0.9824,0.317,0.006,0.063,4.598,3.549,4.372,0.237,13.556
FireSmokeVideoNEW142_f37_jpg.rf.97715052124ba4f34b332433d91cc643.jpg,1,1,0.9998,0.199,0.004,0.048,2.427,0.922,6.248,0.229,10.495
FireSmokeVideoNEW142_f54_jpg.rf.1f26bc7997e471dc07729284fe18c18f.jpg,1,1,1.0,0.24,0.004,0.05,2.583,0.926,4.335,0.273,8.777
FireSmokeVideoNEW142_f8_jpg.rf.00aae90130d2da7f3e57853763ed478a.jpg,1,1,0.8833,0.304,0.007,0.061,5.198,3.338,4.303,0.212,13.8
FireSmokeVideoNEW143_f10_jpg.rf.2249f8748dbed0cbe077fc35929086ad.jpg,1,1,1.0,0.199,0.004,0.046,2.168,0.917,4.306,0.214,8.218
FireSmokeVideoNEW143_f12_jpg.rf.d4416187c1c950728bad7b5f69e90e2d.jpg,1,1,1.0,0.199,0.004,0.043,2.306,0.916,4.34,0.212,8.386
FireSmokeVideoNEW143_f14_jpg.rf.5189a85e97ec559ae6cf9c019946612e.jpg,1,1,1.0,0.198,0.004,0.048,3.97,3.003,4.463,0.246,12.31
FireSmokeVideoNEW143_f16_jpg.rf.d6685538e86d776ff1c97c5216351548.jpg,1,1,1.0,0.202,0.004,0.05,5.852,5.679,7.638,0.223,20.034
FireSmokeVideoNEW143_f18_jpg.rf.472bd0b240a7f17044f20ad23dff581d.jpg,1,1,1.0,0.307,0.005,0.077,4.929,3.528,4.329,0.218,13.832
FireSmokeVideoNEW143_f1_jpg.rf.01fbe83b52f2f843ba3c88189f37fea8.jpg,1,1,1.0,0.198,0.004,0.047,2.437,0.987,4.32,0.219,8.576
FireSmokeVideoNEW143_f21_jpg.rf.6dbf0a12e69696fd0dfde2eddadb5e2e.jpg,1,1,0.9992,0.309,0.006,0.064,2.33,0.907,4.299,0.218,8.494
FireSmokeVideoNEW143_f23_jpg.rf.a8cea5091500d596c76163953ec1d31f.jpg,1,1,0.9986,0.202,0.004,0.048,2.132,0.916,4.399,0.255,8.316
FireSmokeVideoNEW143_f3_jpg.rf.9c2cc06b1c13399df75a9d14bd736829.jpg,1,1,1.0,0.201,0.004,0.049,4.499,2.937,4.266,0.235,12.62
FireSmokeVideoNEW143_f5_jpg.rf.64a711abecb37a1a846511bdfcbfebbb.jpg,1,1,1.0,0.288,0.005,0.058,4.479,3.234,4.314,0.215,12.966
FireSmokeVideoNEW143_f7_jpg.rf.4d5253963cd2437b2d67e58efadda1eb.jpg,1,1,1.0,0.195,0.004,0.05,4.031,3.563,4.313,0.222,12.757
FireSmokeVideoNEW143_f9_jpg.rf.3d8408a7c28207a4594f6116d3dc8e22.jpg,1,1,1.0,0.203,0.004,0.047,5.114,1.795,4.202,0.208,11.949
FireSmokeVideoNEW144_f13_jpg.rf.c9b4dbc9c1a23680b793172414c6a328.jpg,1,1,1.0,0.199,0.004,0.046,3.195,0.931,4.395,0.217,9.346
FireSmokeVideoNEW144_f15_jpg.rf.a053017bcfa3d28a92e025311f6a4898.jpg,1,1,1.0,0.202,0.004,0.048,3.269,1.617,6.233,0.217,11.957
FireSmokeVideoNEW144_f1_jpg.rf.e48ee444ef2493ae5f7c6774c4860fc8.jpg,1,1,1.0,0.192,0.004,0.048,2.319,1.06,4.308,0.219,8.513
FireSmokeVideoNEW144_f3_jpg.rf.54afa08b1aa96e20b43e15a861ee1819.jpg,1,1,1.0,0.198,0.004,0.045,2.121,0.925,4.306,0.213,8.229
FireSmokeVideoNEW144_f5_jpg.rf.df207ef6f7909fed8b962d39d097a503.jpg,1,1,1.0,0.198,0.004,0.045,2.273,0.924,4.286,0.213,8.368
FireSmokeVideoNEW145_f1_jpg.rf.c98959994bf43a00ccccdbaa8e72f04a.jpg,1,1,0.9999,0.193,0.004,0.045,2.198,1.038,4.293,0.217,8.346
FireSmokeVideoNEW146_f101_jpg.rf.fe2634fca5b5d1f2c9e70545fad522da.jpg,1,1,0.9999,0.206,0.004,0.047,3.614,0.824,4.266,0.213,9.573
FireSmokeVideoNEW146_f106_jpg.rf.9892c623f0f9bd29dbbcc214bc814b41.jpg,1,1,1.0,0.201,0.004,0.045,2.375,0.997,4.305,0.21,8.5
FireSmokeVideoNEW146_f109_jpg.rf.384c83e02b0e4015cf5e4c8503673308.jpg,1,1,0.9999,0.198,0.012,0.042,4.758,4.547,6.569,0.24,16.798
FireSmokeVideoNEW146_f111_jpg.rf.ade51d43e61f28f35c8031cdf6817d02.jpg,1,1,0.9998,0.213,0.004,0.053,4.125,1.196,5.885,0.349,12.457
FireSmokeVideoNEW146_f113_jpg.rf.ab8e22e960ad7213184583c588b4c445.jpg,1,1,0.9997,0.203,0.004,0.049,2.465,0.92,4.346,0.235,8.601
FireSmokeVideoNEW146_f117_jpg.rf.23a02761ea49a223ae6bf03a68d0fbdb.jpg,1,1,1.0,0.207,0.004,0.051,6.569,4.413,6.267,0.225,18.135
FireSmokeVideoNEW146_f140_jpg.rf.2a95b7d14beac9ebfdfee7a038f57378.jpg,1,1,0.9897,0.213,0.004,0.052,3.64,1.066,4.403,0.238,10.018
FireSmokeVideoNEW146_f142_jpg.rf.9d3a06313e6023fc10a5ffc8f82f475b.jpg,1,1,0.9952,0.2,0.004,0.051,3.49,0.962,4.335,0.226,9.651
FireSmokeVideoNEW146_f144_jpg.rf.d8a99d5d28baa2ba0d34ff6b6332c3c8.jpg,1,1,1.0,0.196,0.004,0.051,2.986,0.975,4.321,0.219,9.135
FireSmokeVideoNEW146_f151_jpg.rf.0fbffe058eb1e6cbac9fef14aead5b33.jpg,1,1,0.7837,0.213,0.004,0.051,3.615,0.993,4.39,0.222,9.874
FireSmokeVideoNEW146_f153_jpg.rf.fd1770e9a7a7dd230630573819f73610.jpg,1,1,0.9997,0.204,0.005,0.052,3.792,2.629,4.301,0.24,11.651
FireSmokeVideoNEW146_f159_jpg.rf.bdff825023e2cc456f066faf7f44afb1.jpg,1,1,1.0,0.212,0.004,0.05,5.099,3.344,4.247,0.234,13.574
FireSmokeVideoNEW146_f161_jpg.rf.ff917c26295ce3ed066b0a6739d7b4e1.jpg,1,1,1.0,0.198,0.004,0.047,2.728,0.93,4.319,0.227,8.818
FireSmokeVideoNEW146_f163_jpg.rf.e4bf576b4016d399937d584007322e6b.jpg,1,1,1.0,0.2,0.004,0.045,2.787,0.93,4.408,0.219,8.953
FireSmokeVideoNEW146_f17_jpg.rf.1b3689a90a841172097fcbfa904ff096.jpg,1,1,1.0,0.196,0.003,0.048,2.1,1.037,4.32,0.218,8.285
FireSmokeVideoNEW146_f19_jpg.rf.1163c954509ad8d43502cfe74353caf1.jpg,1,1,1.0,0.207,0.004,0.05,3.715,2.698,4.303,0.238,11.616
FireSmokeVideoNEW146_f22_jpg.rf.860d47b110f7a7b5dc0909f99ed6c8aa.jpg,1,1,1.0,0.209,0.004,0.048,3.097,1.039,4.339,0.225,9.357
FireSmokeVideoNEW146_f24_jpg.rf.4d4437854a9dd5bfd679122ce6356411.jpg,1,1,1.0,0.21,0.004,0.049,2.243,0.995,4.315,0.252,8.486
FireSmokeVideoNEW146_f35_jpg.rf.569ada06b02691fc519a8f024219fe15.jpg,1,1,0.967,0.236,0.005,0.047,2.712,1.057,4.342,0.218,8.998
FireSmokeVideoNEW146_f49_jpg.rf.0bf5dac5124fa16d11d0830e0a753409.jpg,1,1,1.0,0.203,0.004,0.048,5.439,1.093,4.414,0.26,11.855
FireSmokeVideoNEW146_f51_jpg.rf.15d197cb6c2c43ab6c0fdadab8dc7b2c.jpg,1,1,1.0,0.203,0.004,0.051,8.999,6.558,8.663,0.411,25.517
FireSmokeVideoNEW146_f53_jpg.rf.01946d65982e4d93d26c7b9db3102b40.jpg,1,1,1.0,0.202,0.004,0.049,2.536,1.01,4.21,0.22,8.621
FireSmokeVideoNEW147_f102_jpg.rf.4f6c2948924181f2c14e48f8ed4bfb1f.jpg,1,1,1.0,0.206,0.004,0.048,2.217,1.075,4.33,0.221,8.491
FireSmokeVideoNEW147_f10_jpg.rf.86ed5ec2ef774ba63776378184197396.jpg,1,1,1.0,0.205,0.004,0.046,2.218,1.045,4.328,0.216,8.442
FireSmokeVideoNEW147_f49_jpg.rf.920daf7fb589a9b3becd83173d91f717.jpg,1,1,1.0,0.206,0.003,0.046,2.223,0.981,4.322,0.222,8.441
FireSmokeVideoNEW147_f50_jpg.rf.11dc15cc50117b65a3595ffadfa635c9.jpg,1,1,1.0,0.203,0.003,0.048,5.017,5.755,6.375,0.234,18.02
FireSmokeVideoNEW147_f52_jpg.rf.1f1622d0cb5a2a41596f582631aae192.jpg,1,1,1.0,0.203,0.004,0.05,2.749,1.02,4.389,0.234,9.034
FireSmokeVideoNEW147_f62_jpg.rf.1f159e881f75e24efb4e84a5f275f06f.jpg,1,1,1.0,0.204,0.004,0.047,2.219,1.226,4.336,0.22,8.636
FireSmokeVideoNEW147_f64_jpg.rf.148efc59d85c9883a1e2a9951450522b.jpg,1,1,1.0,0.202,0.004,0.05,2.53,0.956,4.349,0.22,8.729
FireSmokeVideoNEW147_f72_jpg.rf.c65d7aa435fdb2ec18d34e18004a07e1.jpg,1,1,1.0,0.21,0.004,0.049,7.096,7.892,7.837,0.241,24.186
FireSmokeVideoNEW147_f75_jpg.rf.02fed88bb0f331b3e631edec406e62cf.jpg,1,1,1.0,0.202,0.004,0.05,2.517,1.278,5.613,0.241,10.287
FireSmokeVideoNEW147_f7_jpg.rf.9747f57a7c176ccf7009a4d4b069f9ec.jpg,1,1,1.0,0.204,0.004,0.05,2.335,0.961,4.315,0.264,8.517
FireSmokeVideoNEW147_f99_jpg.rf.b1df66b8d99531ae4e234cda5311bf60.jpg,1,1,1.0,0.205,0.004,0.046,2.281,1.471,4.334,0.225,8.942
FireSmokeVideoNEW148_f10_jpg.rf.0dc92d22744e903a32a3c83646b68d39.jpg,1,1,0.9992,0.208,0.004,0.046,2.272,0.96,4.322,0.216,8.41
FireSmokeVideoNEW148_f12_jpg.rf.52dbece6256403bd64d1463b18e78b5f.jpg,1,1,0.9988,0.203,0.004,0.047,2.459,0.971,4.413,0.233,8.722
FireSmokeVideoNEW148_f14_jpg.rf.f705015083aa7f6b5d9e98fbe6b36b40.jpg,1,1,0.9996,0.205,0.004,0.05,2.699,2.03,4.623,0.43,10.56
FireSmokeVideoNEW148_f16_jpg.rf.efe282d05092639ca948cb54eec0b644.jpg,1,1,1.0,0.214,0.004,0.046,4.268,3.537,5.001,0.377,13.961
FireSmokeVideoNEW148_f18_jpg.rf.25cf073fc5c999087720cdb1568d26cb.jpg,1,1,1.0,0.234,0.004,0.05,2.209,0.953,4.427,0.224,8.481
FireSmokeVideoNEW148_f1_jpg.rf.08a7d028ddf308f88bed66f6adbe05ae.jpg,1,1,0.9196,0.206,0.004,0.05,3.374,3.142,4.465,0.237,11.91
FireSmokeVideoNEW148_f21_jpg.rf.d3c907302072bcf371911184b42a8bce.jpg,1,1,1.0,0.212,0.005,0.049,3.805,0.964,4.424,0.224,10.147
FireSmokeVideoNEW148_f23_jpg.rf.bb7a8c385f12966c93224cd7de5533ac.jpg,1,1,1.0,0.203,0.004,0.05,2.274,1.361,4.204,0.224,8.694
FireSmokeVideoNEW148_f2_jpg.rf.cc3395286ff35ee596125fb994bdfc73.jpg,1,1,0.8201,0.204,0.004,0.05,2.461,0.964,4.326,0.216,8.606
FireSmokeVideoNEW148_f38_jpg.rf.3e772f6833c02d74cc3a9eb84130c6a2.jpg,1,1,1.0,0.204,0.004,0.051,2.56,0.97,4.319,0.212,8.706
FireSmokeVideoNEW148_f45_jpg.rf.c111b115dfee39f87d8bb3fefd29e481.jpg,1,1,0.9994,0.199,0.004,0.047,2.529,0.956,4.334,0.215,8.667
FireSmokeVideoNEW148_f4_jpg.rf.b5e711e0d8349a97597cf658055f912f.jpg,1,1,0.9996,0.207,0.004,0.045,2.289,0.953,4.362,0.212,8.456
FireSmokeVideoNEW148_f5_jpg.rf.a5397150607d4f0b596ec44a6c28888e.jpg,1,1,0.9987,0.216,0.004,0.048,3.192,1.212,4.206,0.251,9.521
FireSmokeVideoNEW148_f69_jpg.rf.0c25ebea3342d2fe4d94d8cc76dd4bcf.jpg,1,1,1.0,0.203,0.004,0.046,2.895,0.972,4.332,0.217,9.043
FireSmokeVideoNEW148_f7_jpg.rf.bef5a3ae44c17a02e467edb3d5a4c8ac.jpg,1,1,0.8864,0.203,0.004,0.049,2.245,0.957,4.317,0.217,8.376
FireSmokeVideoNEW148_f86_jpg.rf.9a4b43078d141504677a016831cf6308.jpg,1,1,1.0,0.202,0.004,0.047,9.023,6.598,5.607,0.244,22.303
FireSmokeVideoNEW148_f88_jpg.rf.8c2fdce293148f53b72c01a544a59ba9.jpg,1,1,1.0,0.207,0.004,0.048,2.745,1.924,4.634,0.384,10.417
FireSmokeVideoNEW148_f9_jpg.rf.720035ab761052597ad6cea16d2280e4.jpg,1,1,0.982,0.208,0.004,0.048,2.293,0.958,6.259,0.223,10.373
FireSmokeVideoNEW150_f101_jpg.rf.33953232d7c51fdee6b7e2ce2865d0ba.jpg,1,1,1.0,0.268,0.005,0.077,5.112,1.216,4.992,0.233,12.422
FireSmokeVideoNEW150_f126_jpg.rf.32aee877b840a9c2ea22f01d2f5fb303.jpg,1,1,1.0,0.206,0.004,0.052,2.278,1.196,4.361,0.273,8.751
FireSmokeVideoNEW150_f14_jpg.rf.444a98b29116e080a6a4a0501bb9f0f7.jpg,1,1,1.0,0.208,0.004,0.052,2.273,0.954,4.386,0.22,8.477
FireSmokeVideoNEW150_f16_jpg.rf.1e363290e42953136c50c91b146e07d9.jpg,1,1,1.0,0.241,0.004,0.049,2.223,0.952,4.344,0.284,8.47
FireSmokeVideoNEW150_f19_jpg.rf.b8f3ae94cfe25f126a004e4fa29e7bdb.jpg,1,1,1.0,0.212,0.004,0.05,4.835,1.421,5.126,0.343,12.497
FireSmokeVideoNEW150_f21_jpg.rf.d067747b0ef9247ab15d7d8d359a08aa.jpg,1,1,1.0,0.208,0.004,0.066,6.4,6.03,12.438,0.26,26.046
FireSmokeVideoNEW150_f27_jpg.rf.5c97dd97e9ed1deda7fb24fce2121f90.jpg,1,1,1.0,0.307,0.005,0.067,4.819,0.978,4.699,0.343,11.617
FireSmokeVideoNEW150_f29_jpg.rf.5511e763f9c244616f5e77ce9b91c813.jpg,1,1,1.0,0.205,0.004,0.051,2.233,1.017,4.335,0.228,8.462
FireSmokeVideoNEW150_f30_jpg.rf.9d4832733e3b2a93417a5c8b84aee5d0.jpg,1,1,1.0,0.214,0.004,0.054,2.236,1.008,4.335,0.226,8.456
FireSmokeVideoNEW150_f35_jpg.rf.e659edf7e73a723edf7cb3df1ace88a3.jpg,1,1,1.0,0.274,0.004,0.052,3.881,1.031,4.5,0.3,10.441
FireSmokeVideoNEW150_f37_jpg.rf.3d99dc493af34a4278cbad08dacccd20.jpg,1,1,1.0,0.209,0.004,0.08,2.497,0.956,4.461,0.249,8.84
FireSmokeVideoNEW150_f39_jpg.rf.16f3dc6a8d25292027d805693095ce6f.jpg,1,1,1.0,0.309,0.006,0.066,2.882,0.957,4.315,0.223,9.132
FireSmokeVideoNEW150_f40_jpg.rf.a8ed31240a813fc1b3b194e5dc286200.jpg,1,1,1.0,0.202,0.004,0.054,2.276,1.345,4.368,0.212,8.843
FireSmokeVideoNEW150_f49_jpg.rf.894a7d0a845e4f06aaf52084b00c6d3f.jpg,1,1,1.0,0.213,0.004,0.08,4.361,3.701,6.689,0.284,15.727
FireSmokeVideoNEW150_f52_jpg.rf.3a9421d2d5bba6909fe121dc0c5e5951.jpg,1,1,1.0,0.205,0.004,0.049,3.893,1.348,4.258,0.235,10.381
FireSmokeVideoNEW150_f75_jpg.rf.3abfaf3dfa1a54a3000ae55b88ef6e38.jpg,1,1,1.0,0.21,0.004,0.048,2.35,1.49,4.289,0.237,9.022
FireSmokeVideoNEW150_f93_jpg.rf.483917c98f627d6edb1ce0a19c709f2c.jpg,1,1,1.0,0.205,0.004,0.048,2.265,0.962,4.378,0.219,8.462
FireSmokeVideoNEW153_f102_jpg.rf.04284ab61b7234532f0b9026058be288.jpg,1,1,0.9998,0.203,0.003,0.047,2.264,0.944,4.324,0.217,8.378
FireSmokeVideoNEW153_f105_jpg.rf.25bcafa89f42721d551841633e56ab3f.jpg,1,1,1.0,0.206,0.004,0.046,2.189,1.003,4.302,0.22,8.351
FireSmokeVideoNEW153_f108_jpg.rf.8c8d79a0e6dc7c4a31aab13cb893358b.jpg,1,1,1.0,0.21,0.004,0.046,4.412,3.745,4.288,0.237,13.345
FireSmokeVideoNEW153_f111_jpg.rf.44b4559f78806fba0bd71c69f0768418.jpg,1,1,1.0,0.21,0.004,0.047,2.854,1.251,4.379,0.236,9.386
FireSmokeVideoNEW153_f113_jpg.rf.f74466106550bec39e4d5cf1fa49d5b3.jpg,1,1,1.0,0.243,0.005,0.046,3.099,1.007,4.372,0.219,9.388
FireSmokeVideoNEW153_f117_jpg.rf.0f30b08c290b5e28fe270c5062c46051.jpg,1,1,1.0,0.207,0.004,0.047,3.56,1.101,4.343,0.236,9.894
FireSmokeVideoNEW153_f124_jpg.rf.9a2353fcb4544032a30aaa5e6bd64ee0.jpg,1,1,0.9999,0.212,0.004,0.046,6.387,7.374,10.737,0.258,25.592
FireSmokeVideoNEW153_f12_jpg.rf.b366ca33845d67e9a395b25b15cb447b.jpg,1,1,1.0,0.214,0.004,0.047,4.059,0.938,4.362,0.212,10.225
FireSmokeVideoNEW153_f137_jpg.rf.d9411938e113c254dffcf511b582d027.jpg,1,1,1.0,0.201,0.004,0.043,2.247,0.957,4.32,0.215,8.367
FireSmokeVideoNEW153_f140_jpg.rf.6bf670b7eeffa899441ef3e9dba2adcd.jpg,1,1,1.0,0.209,0.004,0.049,3.184,0.985,4.324,0.214,9.36
FireSmokeVideoNEW153_f150_jpg.rf.25dbe19041bed476d4f58048b1a59414.jpg,1,1,1.0,0.208,0.004,0.046,2.25,1.15,4.335,0.233,8.607
FireSmokeVideoNEW153_f155_jpg.rf.4cbaf0dadb73c614812b924695d039a7.jpg,1,1,0.9999,0.203,0.004,0.048,2.385,1.262,4.35,0.226,8.848
FireSmokeVideoNEW153_f166_jpg.rf.c1a67b7a7cbbfd8f7b0ed5186ba9ec9a.jpg,1,1,1.0,0.207,0.004,0.048,4.76,1.541,6.395,0.237,13.772
FireSmokeVideoNEW153_f175_jpg.rf.58e26ccc4e06d1d75c4b04c9b1712d9c.jpg,1,1,1.0,0.208,0.004,0.047,2.589,0.978,4.326,0.22,8.764
FireSmokeVideoNEW153_f190_jpg.rf.256ddc0fa216968cc5333bb8e84e3476.jpg,1,1,1.0,0.205,0.004,0.044,2.578,1.017,4.314,0.222,8.776
FireSmokeVideoNEW153_f20_jpg.rf.288cad55c0d4103264306149626fb2b0.jpg,1,1,1.0,0.208,0.004,0.045,6.119,4.68,9.594,0.374,21.423
FireSmokeVideoNEW153_f218_jpg.rf.bd10302a298b9d028ae7b44461c82a6f.jpg,1,1,1.0,0.203,0.004,0.046,5.631,1.055,4.689,0.36,12.39
FireSmokeVideoNEW153_f222_jpg.rf.66b912ceebfd666ff1c413bcf55c3d19.jpg,1,1,0.9999,0.196,0.004,0.046,2.339,1.483,5.196,0.236,9.869
FireSmokeVideoNEW153_f224_jpg.rf.966c2cdd02d2ec6671f46f99e4fdce16.jpg,1,1,0.9999,0.315,0.006,0.059,3.486,1.345,4.296,0.221,10.1
FireSmokeVideoNEW153_f228_jpg.rf.7571f42b5e5967cfa1d7a3598b22ebd0.jpg,1,1,0.9997,0.201,0.004,0.045,2.807,0.953,4.353,0.234,9.041
FireSmokeVideoNEW153_f31_jpg.rf.29c7b86d56504af7fcfde12a31536ea7.jpg,1,1,1.0,0.194,0.011,0.04,4.687,0.982,4.344,0.219,10.856
FireSmokeVideoNEW153_f39_jpg.rf.67df6e0a99a896aa75dc69161de13ca4.jpg,1,1,1.0,0.204,0.004,0.045,3.219,0.956,4.368,0.218,9.392
FireSmokeVideoNEW153_f45_jpg.rf.7e48982adb68742dcb6b0fad3eb26fe8.jpg,1,1,1.0,0.208,0.004,0.051,6.657,1.08,6.265,0.225,14.865
FireSmokeVideoNEW153_f48_jpg.rf.bac071423e7f6c0aafdc107c3521e7f0.jpg,1,1,1.0,0.196,0.004,0.045,5.18,1.224,4.333,0.219,11.565
FireSmokeVideoNEW153_f64_jpg.rf.a2b94d7a56781c4cdfb3c151eb143367.jpg,1,1,0.9999,0.209,0.011,0.044,9.08,5.909,5.028,0.235,21.076
FireSmokeVideoNEW153_f68_jpg.rf.f5b162bdfbc33af2159fc2bc9426eed6.jpg,1,1,1.0,0.211,0.004,0.049,4.694,3.426,4.395,0.226,13.38
FireSmokeVideoNEW153_f71_jpg.rf.c23db68bddcdb21801dbebc0c061e76b.jpg,1,1,1.0,0.201,0.004,0.047,2.189,0.821,4.35,0.23,8.199
FireSmokeVideoNEW153_f87_jpg.rf.6baf2f06090e0337483ada248509cb59.jpg,1,1,1.0,0.307,0.005,0.057,6.901,3.589,5.27,0.529,17.213
FireSmokeVideoNEW153_f90_jpg.rf.9023719adf04d4044c938ccb993dd1e8.jpg,1,1,0.9999,0.204,0.004,0.048,2.96,0.962,4.386,0.23,9.174
FireSmokeVideoNEW153_f92_jpg.rf.e84aa4e8fdac769782fd8658cde448fd.jpg,1,1,0.9999,0.316,0.005,0.062,4.122,1.022,4.476,0.235,10.642
FireSmokeVideoNEW153_f95_jpg.rf.99a25f547c16948f571a8789a3b182fc.jpg,1,1,1.0,0.2,0.004,0.046,3.507,0.961,4.313,0.219,9.63
FireSmokeVideoNEW155_f10_jpg.rf.c748381fdf197879771b4e7e6b3f29d8.jpg,1,1,1.0,0.205,0.003,0.046,2.538,0.99,4.321,0.217,8.695
FireSmokeVideoNEW155_f12_jpg.rf.1968aa1bef09745bcd6ac5288a9c9358.jpg,1,1,1.0,0.209,0.004,0.046,4.774,1.235,4.356,0.25,11.336
FireSmokeVideoNEW155_f14_jpg.rf.fb317c01dc2a95cdd45a4093b27718f0.jpg,1,1,1.0,0.22,0.004,0.05,6.248,1.893,5.75,0.375,14.978
FireSmokeVideoNEW155_f16_jpg.rf.d8fe076c461d48744bee7c042abcc5f8.jpg,1,1,1.0,0.206,0.004,0.046,4.033,1.046,4.354,0.251,10.327
FireSmokeVideoNEW155_f24_jpg.rf.b28dccb64a14935ed7dee307a54574de.jpg,1,1,1.0,0.202,0.004,0.044,2.673,1.606,4.37,0.223,9.505
FireSmokeVideoNEW155_f2_jpg.rf.fa36401821aec5900cc2c85e1226c0a2.jpg,1,1,1.0,0.205,0.004,0.045,2.53,0.951,4.316,0.221,8.695
FireSmokeVideoNEW155_f42_jpg.rf.c60947293513766a592f90a1541d9092.jpg,1,1,1.0,0.21,0.004,0.047,6.711,1.781,5.451,0.345,15.156
FireSmokeVideoNEW155_f49_jpg.rf.3c06fb2c6a26091589977194a4abab76.jpg,1,1,1.0,0.198,0.004,0.046,2.306,0.964,4.55,0.221,8.707
FireSmokeVideoNEW155_f50_jpg.rf.80677d5b907912711a6920a084d1e89c.jpg,1,1,1.0,0.205,0.004,0.046,2.451,0.998,4.329,0.222,8.642
FireSmokeVideoNEW155_f5_jpg.rf.3cb78f9d303c52509e0578544d2da27c.jpg,1,1,1.0,0.211,0.004,0.047,2.212,0.95,4.329,0.218,8.353
FireSmokeVideoNEW155_f62_jpg.rf.9ab8fb2faf5d035ac1c6744445b9c213.jpg,1,1,1.0,0.209,0.004,0.045,2.49,0.945,4.336,0.215,8.622
FireSmokeVideoNEW155_f6_jpg.rf.1667a85146b807e8f44d7c22058489eb.jpg,1,1,1.0,0.208,0.004,0.05,6.321,4.282,7.171,0.243,18.751
FireSmokeVideoNEW156_f15_jpg.rf.fb5dd0148524a2cda3bb53f4e0121715.jpg,1,1,1.0,0.203,0.004,0.047,4.757,3.452,5.545,0.226,14.607
FireSmokeVideoNEW156_f175_jpg.rf.60debd3147792c3a493655b096e73fa4.jpg,1,1,1.0,0.306,0.006,0.056,2.551,1.193,4.311,0.219,9.014
FireSmokeVideoNEW158_f39_jpg.rf.7f473b556e3cd2815542ec5bf6db3e6d.jpg,1,1,0.9999,0.203,0.004,0.044,2.527,0.956,4.3,0.214,8.615
FireSmokeVideoNEW158_f46_jpg.rf.6b82b2f486e4e624ea9461a55db99dca.jpg,1,1,1.0,0.206,0.004,0.045,2.213,0.93,4.294,0.213,8.261
FireSmokeVideoNEW158_f48_jpg.rf.3168d65ca51af21e092746c775d953fc.jpg,1,1,1.0,0.201,0.004,0.048,4.172,3.841,4.385,0.235,13.264
FireSmokeVideoNEW158_f59_jpg.rf.869a05d37638c92d9fe0dd626efd31d0.jpg,1,1,1.0,0.335,0.005,0.061,3.356,1.203,4.783,0.262,10.945
FireSmokeVideoNEW158_f63_jpg.rf.2d1014dc2ef5040b98a27fe60ab19d6a.jpg,1,1,0.9999,0.197,0.004,0.047,2.448,1.001,4.32,0.216,8.605
FireSmokeVideoNEW158_f90_jpg.rf.d48168cb4bb38538fc1ed5cabc7142b2.jpg,1,1,1.0,0.2,0.004,0.045,2.232,1.001,4.308,0.213,8.367
FireSmokeVideoNEW158_f92_jpg.rf.9c84ccbe9534bc160399d17379f8b111.jpg,1,1,0.9989,0.195,0.004,0.044,2.231,3.441,4.379,0.226,10.896
FireSmokeVideoNEW159_f112_jpg.rf.591c03eb9db15672f4cd8b4abb898d89.jpg,1,1,0.9998,0.213,0.004,0.048,4.772,0.987,4.761,0.248,11.427
FireSmokeVideoNEW15_f12_jpg.rf.f51125d1af8ad086351a7886b0f5009b.jpg,1,1,1.0,0.204,0.004,0.048,2.312,0.994,4.332,0.236,8.516
FireSmokeVideoNEW15_f14_jpg.rf.9d67d376bf8c041638caeff48acaf623.jpg,1,1,1.0,0.198,0.004,0.044,2.5,1.012,4.324,0.229,8.711
FireSmokeVideoNEW15_f17_jpg.rf.86e7dbb8918e3b1b2f626273bd55b8d0.jpg,1,1,1.0,0.206,0.004,0.048,2.2,1.062,4.336,0.221,8.463
FireSmokeVideoNEW15_f1_jpg.rf.f344ff4bba1c59aa5c50709afb19e455.jpg,1,1,1.0,0.201,0.004,0.045,2.284,1.075,4.317,0.218,8.533
FireSmokeVideoNEW15_f2_jpg.rf.a31e556d5f3a6dbd7ff44311ef8efbae.jpg,1,1,1.0,0.207,0.004,0.046,2.634,1.024,4.242,0.228,8.772
FireSmokeVideoNEW15_f6_jpg.rf.436addb93652b050d3dd3b2c60b0bfec.jpg,1,1,1.0,0.208,0.003,0.047,2.301,1.314,4.362,0.228,8.838
FireSmokeVideoNEW160_f103_jpg.rf.20ecce466add4381dcaa03df05ea7770.jpg,1,1,0.9987,0.205,0.004,0.048,2.25,0.984,4.39,0.242,8.509
FireSmokeVideoNEW160_f12_jpg.rf.bfc71795a2763b42e2e484455ff7f31b.jpg,1,1,0.9992,0.2,0.004,0.045,2.238,0.983,4.304,0.217,8.374
FireSmokeVideoNEW160_f15_jpg.rf.f44bad4c3e3af5089ecdb301e701e787.jpg,1,1,0.9993,0.207,0.004,0.049,3.951,2.988,4.39,0.242,12.213
FireSmokeVideoNEW160_f16_jpg.rf.428bb15b7ae1c7facd99f425b6d7df6a.jpg,1,1,0.9814,0.215,0.004,0.049,4.462,4.1,10.205,0.285,19.714
FireSmokeVideoNEW160_f173_jpg.rf.b2e66370e2f2c1cb16de0df2907336f7.jpg,1,1,1.0,0.202,0.004,0.045,2.399,1.76,4.41,0.23,9.445
FireSmokeVideoNEW160_f177_jpg.rf.d1a861e50ebc4461caaecf62f63ebc59.jpg,1,1,0.9964,0.205,0.004,0.08,2.785,0.946,4.359,0.233,9.036
FireSmokeVideoNEW160_f1_jpg.rf.190758d8c7a682c5b7daac081dfb3a78.jpg,1,1,1.0,0.204,0.004,0.047,2.255,0.954,4.321,0.226,8.394
FireSmokeVideoNEW160_f2_jpg.rf.fce089d8284f0950ae97be3eba63439a.jpg,1,1,1.0,0.208,0.004,0.047,2.589,0.971,4.321,0.222,8.748
FireSmokeVideoNEW160_f33_jpg.rf.108f8a672b6f88d2b89ac7f95422009c.jpg,1,1,1.0,0.205,0.004,0.046,4.751,1.33,4.827,0.356,12.026
FireSmokeVideoNEW160_f35_jpg.rf.c16d0976f3f76c13a1330b5768eca00a.jpg,1,1,0.9999,0.207,0.004,0.046,2.185,1.242,4.328,0.222,8.649
FireSmokeVideoNEW160_f39_jpg.rf.d3e3a3c1485f2d01aec9cad353813e12.jpg,1,1,1.0,0.21,0.004,0.048,2.569,1.015,4.399,0.214,8.853
FireSmokeVideoNEW160_f41_jpg.rf.aa9f5312160d0bd036a5938074fddac9.jpg,1,1,0.9237,0.207,0.004,0.049,2.294,0.964,4.315,0.215,8.433
FireSmokeVideoNEW160_f44_jpg.rf.1cc92e380feb65d1eb40ba795881b5d5.jpg,1,1,1.0,0.207,0.004,0.047,2.235,1.037,4.34,0.218,8.481
FireSmokeVideoNEW160_f46_jpg.rf.dd383a61ddf4ac103ba2ab38fafc1304.jpg,1,1,1.0,0.209,0.004,0.044,4.414,4.043,6.61,0.236,15.984
FireSmokeVideoNEW160_f48_jpg.rf.7dd4aefed27d023e4052d016859d86ba.jpg,1,1,0.9995,0.199,0.004,0.048,2.423,0.965,4.244,0.219,8.482
FireSmokeVideoNEW160_f4_jpg.rf.a216d4761627cf8ad4fe93da11263bd4.jpg,1,1,1.0,0.197,0.004,0.045,4.369,3.467,4.231,0.214,12.905
FireSmokeVideoNEW160_f52_jpg.rf.3228c111f52937aaf63b39337eba40f8.jpg,1,1,1.0,0.205,0.004,0.048,3.622,3.198,4.442,0.242,12.153
FireSmokeVideoNEW160_f55_jpg.rf.92746e806b8a448bd9fa5ebc37187ef2.jpg,1,1,1.0,0.206,0.004,0.049,2.645,1.049,4.367,0.265,8.983
FireSmokeVideoNEW160_f57_jpg.rf.8a91ec76e3647b46e08933b3462af691.jpg,1,1,1.0,0.202,0.004,0.046,2.668,0.952,4.385,0.224,8.862
FireSmokeVideoNEW160_f59_jpg.rf.170fd687380bef8f766d9e266cb85053.jpg,1,1,1.0,0.199,0.004,0.044,5.509,1.214,4.411,0.218,11.994
FireSmokeVideoNEW160_f63_jpg.rf.db93f533170822e20526f9e532b5e51b.jpg,1,1,1.0,0.204,0.004,0.046,2.492,0.95,4.324,0.217,8.617
FireSmokeVideoNEW160_f6_jpg.rf.ac5b4b5a9f3e3488066181df85e3f326.jpg,1,1,1.0,0.196,0.004,0.044,3.291,1.156,4.795,0.349,10.316
FireSmokeVideoNEW160_f83_jpg.rf.2b5c18d120808fcee84fcee8e15e0eab.jpg,1,1,1.0,0.237,0.004,0.047,2.199,0.954,4.472,0.238,8.533
FireSmokeVideoNEW160_f94_jpg.rf.fa93f0ccf8383d0537bd4526fe6dea4f.jpg,1,1,0.9999,0.293,0.006,0.075,10.238,2.23,6.608,0.247,20.101
FireSmokeVideoNEW160_f96_jpg.rf.318dc1b078231bc7e8217c6b27dbf6bc.jpg,1,1,0.9798,0.202,0.004,0.045,3.417,1.616,4.352,0.217,10.245
FireSmokeVideoNEW160_f98_jpg.rf.fda7903762711f01f813040b5d8aa8a2.jpg,1,1,0.9998,0.204,0.004,0.047,3.022,0.955,4.407,0.235,9.269
FireSmokeVideoNEW160_f9_jpg.rf.8ad168e145acd33d27bbeeebdf9ae57e.jpg,1,1,0.9973,0.208,0.004,0.047,2.21,1.009,4.323,0.228,8.419
FireSmokeVideoNEW161_f102_jpg.rf.b8a39867ca705345dd78135b6499812f.jpg,1,1,1.0,0.208,0.004,0.049,3.561,0.997,4.335,0.223,9.783
FireSmokeVideoNEW161_f104_jpg.rf.03cdb4c2815784a34a20437185bb945e.jpg,1,1,1.0,0.203,0.004,0.046,3.405,0.989,4.322,0.218,9.563
FireSmokeVideoNEW161_f108_jpg.rf.a443c4f6d93a5c29284e386e100774c7.jpg,1,1,1.0,0.207,0.004,0.045,4.688,5.474,5.35,0.348,16.687
FireSmokeVideoNEW161_f110_jpg.rf.7a3ea145a4c983d0832040f8059eab16.jpg,1,1,1.0,0.404,0.005,0.05,3.303,1.033,4.433,0.228,9.857
FireSmokeVideoNEW161_f112_jpg.rf.cc6e5f3275b57bf2b6725a9d400d562b.jpg,1,1,1.0,0.206,0.004,0.047,3.46,1.012,4.375,0.238,9.742
FireSmokeVideoNEW161_f126_jpg.rf.6be71a5552c67a041be924a65961ba25.jpg,1,1,1.0,0.21,0.004,0.049,4.513,6.02,7.256,0.253,18.722
FireSmokeVideoNEW162_f22_jpg.rf.c32b1104152593e5333cf62b573e1c78.jpg,1,1,0.9999,0.208,0.004,0.046,5.031,1.045,6.354,0.234,13.312
FireSmokeVideoNEW162_f25_jpg.rf.14fe515b4881006326c100db4510d703.jpg,1,1,0.9995,0.208,0.004,0.048,3.341,1.033,4.364,0.227,9.623
FireSmokeVideoNEW162_f28_jpg.rf.2100b326cec56114b93d020bc09048ce.jpg,1,1,1.0,0.201,0.004,0.049,6.916,1.053,4.296,0.269,13.188
FireSmokeVideoNEW162_f33_jpg.rf.8dad23cbfc6a51aefb21d5fad8279bb7.jpg,1,1,1.0,0.209,0.004,0.049,3.479,1.113,4.388,0.236,9.875
FireSmokeVideoNEW162_f66_jpg.rf.3631362f48db82440191fe572b490d18.jpg,1,1,1.0,0.206,0.004,0.045,2.237,0.996,4.312,0.232,8.469
FireSmokeVideoNEW162_f68_jpg.rf.e5c11af641e403c1dfd72762deb03d79.jpg,1,1,1.0,0.203,0.004,0.118,2.226,1.001,4.465,0.212,8.621
FireSmokeVideoNEW163_f1_jpg.rf.48314c99b8b115efc7e5d9aaae268c6d.jpg,1,1,1.0,0.21,0.004,0.045,2.425,1.0,4.343,0.214,8.665
FireSmokeVideoNEW163_f3_jpg.rf.37eb09b7f4a74de0e072b65a23530ffe.jpg,1,1,0.9999,0.206,0.004,0.048,3.148,1.036,6.249,0.216,11.304
FireSmokeVideoNEW163_f5_jpg.rf.3ff7bc2e2acad28b6f4bd8c668b163f1.jpg,1,1,0.9992,0.208,0.004,0.044,6.611,6.385,10.121,0.257,24.662
FireSmokeVideoNEW163_f91_jpg.rf.2ea42f806b1cfd13bc551fa782ea4414.jpg,1,1,1.0,0.201,0.004,0.049,2.315,1.655,4.387,0.239,9.256
FireSmokeVideoNEW164_f76_jpg.rf.73ec1d0a5c3c6223aad8ea5f96d2c287.jpg,1,0,0.9455,0.208,0.004,0.05,2.269,0.992,4.374,0.24,8.533
FireSmokeVideoNEW166_f104_jpg.rf.4ae70d75d6f1e26735b5fd2d00149140.jpg,1,1,0.9999,0.202,0.004,0.044,2.368,0.991,4.336,0.227,8.552
FireSmokeVideoNEW166_f106_jpg.rf.ecdf0d1c54eed105a41ceb1c3a5e16a2.jpg,1,1,1.0,0.2,0.003,0.047,3.336,0.976,4.277,0.24,9.472
FireSmokeVideoNEW166_f114_jpg.rf.96ea691bbc9cbfaf071eff12e406a474.jpg,1,1,1.0,0.2,0.004,0.047,2.744,5.622,5.233,0.343,14.698
FireSmokeVideoNEW166_f128_jpg.rf.c8522d2e926b393fc34be90751b24e82.jpg,1,1,1.0,0.205,0.004,0.049,3.18,1.042,4.325,0.236,9.43
FireSmokeVideoNEW166_f130_jpg.rf.ec9dae17b6bbb13104fa9b611d0195b1.jpg,1,1,1.0,0.206,0.004,0.048,2.946,1.052,4.353,0.215,9.223
FireSmokeVideoNEW166_f142_jpg.rf.8777aadb7efd8b5364780535a11408ee.jpg,1,1,1.0,0.201,0.004,0.047,3.383,0.979,4.382,0.22,9.603
FireSmokeVideoNEW166_f151_jpg.rf.951f63f13e871c67cbf4167ca519c038.jpg,1,1,1.0,0.218,0.004,0.049,5.521,3.341,6.135,0.275,15.949
FireSmokeVideoNEW166_f156_jpg.rf.c3fc415b126d1c0dc2c799e8d819ba0a.jpg,1,1,1.0,0.252,0.005,0.066,7.346,1.153,5.866,0.217,15.41
FireSmokeVideoNEW166_f18_jpg.rf.91b89ccc3f2286e2046f47caeec4e617.jpg,1,1,1.0,0.206,0.004,0.047,2.219,1.05,4.294,0.219,8.424
FireSmokeVideoNEW166_f20_jpg.rf.621861e4339bc16655c7d59607418101.jpg,1,1,1.0,0.204,0.004,0.046,2.712,0.942,4.314,0.214,8.822
FireSmokeVideoNEW166_f31_jpg.rf.ec18fdfa2e1b079dc332639aca65e45b.jpg,1,1,1.0,0.209,0.004,0.044,2.496,0.995,4.321,0.215,8.676
FireSmokeVideoNEW16_f15_jpg.rf.1b1aa21c81078e3b97875626efbfa695.jpg,1,1,0.9999,0.207,0.004,0.046,4.06,1.393,5.212,0.216,11.533
FireSmokeVideoNEW16_f20_jpg.rf.607dc5a69aa35cab8c152976e33f78b9.jpg,1,1,1.0,0.203,0.004,0.049,2.266,0.951,4.318,0.217,8.388
FireSmokeVideoNEW16_f22_jpg.rf.ed416c54b284805baff969bf2d477571.jpg,1,1,1.0,0.202,0.004,0.044,2.206,1.018,4.31,0.216,8.388
FireSmokeVideoNEW16_f24_jpg.rf.13b7de1341a169938a1b00b037d6e459.jpg,1,1,1.0,0.204,0.004,0.08,2.202,1.483,4.291,0.218,8.904
FireSmokeVideoNEW16_f26_jpg.rf.d88449a03f1fc06e4e5b4971b57c423e.jpg,1,1,1.0,0.198,0.004,0.047,4.03,3.355,4.37,0.251,12.646
FireSmokeVideoNEW16_f48_jpg.rf.8200e21f18799aa0faf03642cd3c3587.jpg,1,1,1.0,0.214,0.004,0.048,4.582,3.346,4.311,0.234,13.134
FireSmokeVideoNEW16_f54_jpg.rf.f5bd922fb406ec6debc8b5dbe6fed5f5.jpg,1,1,1.0,0.206,0.004,0.045,5.501,4.577,6.307,0.239,17.256
FireSmokeVideoNEW16_f73_jpg.rf.5f38b183effd9a5adcc92d6d936e082f.jpg,1,1,1.0,0.199,0.004,0.048,6.555,1.785,4.379,0.239,13.604
FireSmokeVideoNEW172_f111_jpg.rf.c0521dfdd8b774734b046dd69683eaf9.jpg,1,1,1.0,0.21,0.004,0.048,4.709,3.528,4.435,0.235,13.564
FireSmokeVideoNEW172_f163_jpg.rf.f85eb82deba112f0c669c48fd7ee61b4.jpg,1,1,1.0,0.207,0.004,0.047,4.718,1.112,4.362,0.227,11.065
FireSmokeVideoNEW172_f37_jpg.rf.1133eca3df34cbcd597de45fe6e0e94d.jpg,1,1,1.0,0.223,0.004,0.045,2.283,1.005,4.324,0.221,8.505
FireSmokeVideoNEW172_f62_jpg.rf.443f82816a29901f59cb85bddc7bc3fc.jpg,1,1,1.0,0.26,0.004,0.046,3.128,1.005,4.339,0.224,9.556
FireSmokeVideoNEW172_f79_jpg.rf.1b68d10570f4d82b070043578957f70d.jpg,1,1,1.0,0.206,0.004,0.047,2.277,1.001,4.326,0.217,8.466
FireSmokeVideoNEW176_f109_jpg.rf.11dd89709af38d8056b039c8815bf0fc.jpg,1,1,1.0,0.222,0.004,0.052,4.401,4.217,6.57,0.221,16.478
FireSmokeVideoNEW176_f119_jpg.rf.fe37062e59113046aa83d89b8ecb0b7c.jpg,1,1,1.0,0.204,0.004,0.045,4.566,1.008,4.314,0.219,10.783
FireSmokeVideoNEW176_f157_jpg.rf.d57b84235a5007bd6d675bff496183e5.jpg,1,1,0.9998,0.332,0.015,0.065,2.57,1.07,4.199,0.221,8.861
FireSmokeVideoNEW176_f181_jpg.rf.cabd74e7296f4c73ee27fe028dd8e69d.jpg,1,1,1.0,0.206,0.004,0.044,2.256,1.001,4.331,0.22,8.446
FireSmokeVideoNEW176_f3_jpg.rf.c36369eb36e9298d6403fe4d09674b63.jpg,1,1,1.0,0.203,0.004,0.045,2.26,1.003,4.355,0.213,8.465
FireSmokeVideoNEW176_f72_jpg.rf.ac3b396938e401cbfa0224d45069e656.jpg,1,1,0.9999,0.2,0.004,0.044,2.236,0.991,4.321,0.214,8.401
FireSmokeVideoNEW178_f14_jpg.rf.338e69ab75ea47886780fab9072cfe97.jpg,1,1,1.0,0.2,0.004,0.042,2.739,1.04,4.346,0.251,9.007
FireSmokeVideoNEW178_f16_jpg.rf.2dfc5ee41cefadea08a7ba62ac1f579f.jpg,1,1,0.9997,0.26,0.004,0.11,4.054,1.223,4.261,0.236,10.548
FireSmokeVideoNEW178_f19_jpg.rf.527dc6458507de2613fc2429950c55bd.jpg,1,1,0.9999,0.206,0.004,0.047,2.365,0.987,4.36,0.217,8.565
FireSmokeVideoNEW178_f21_jpg.rf.2df23cfacf65b02094284d7cc5407e99.jpg,1,1,1.0,0.203,0.003,0.044,2.42,0.998,4.333,0.22,8.611
FireSmokeVideoNEW178_f23_jpg.rf.22f0cb6fd7d1eb2784883dee2cccc9b5.jpg,1,1,0.9999,0.209,0.004,0.042,6.319,5.423,11.79,0.254,24.665
FireSmokeVideoNEW178_f27_jpg.rf.213ab9f16ff7511e8bd4d03be401ebd8.jpg,1,1,1.0,0.203,0.004,0.048,2.54,1.072,4.343,0.22,8.802
FireSmokeVideoNEW178_f29_jpg.rf.4b50b3250a85e04f2f561d0fb5b2ea19.jpg,1,1,1.0,0.207,0.004,0.047,4.889,1.797,4.338,0.241,12.15
FireSmokeVideoNEW181_f103_jpg.rf.ec93c689f6ec9a7380666966d76f179b.jpg,1,1,0.9871,0.209,0.004,0.047,2.683,0.974,4.395,0.232,8.937
FireSmokeVideoNEW181_f112_jpg.rf.a83b0b3167273cfdd0d0b3f3245fa7ee.jpg,1,1,1.0,0.212,0.004,0.047,2.202,0.967,4.338,0.235,8.485
FireSmokeVideoNEW181_f114_jpg.rf.8fab4401cc8e1ddf41bc8f61c7083a9b.jpg,1,1,0.9999,0.206,0.004,0.044,2.192,0.955,4.415,0.227,8.426
FireSmokeVideoNEW181_f119_jpg.rf.2b9039011fbaf7cf47a8a84160eba0c7.jpg,1,1,0.8992,0.207,0.004,0.047,2.468,0.968,4.337,0.221,8.636
FireSmokeVideoNEW181_f138_jpg.rf.7b3ffbd1e0a0909c8542ecacf988e17c.jpg,1,1,0.9999,0.279,0.004,0.045,2.42,0.955,4.333,0.223,8.638
FireSmokeVideoNEW181_f144_jpg.rf.be3fb045a09fe4b62ff818be5ff8df31.jpg,1,1,1.0,0.443,0.004,0.126,5.771,1.91,6.312,0.239,15.207
FireSmokeVideoNEW181_f151_jpg.rf.4d059df2c479b79d69332ab86693b9af.jpg,1,1,1.0,0.215,0.004,0.049,2.212,3.52,10.056,0.376,17.067
FireSmokeVideoNEW181_f153_jpg.rf.6e941e23754f67ed8b6a3cfa3a73da05.jpg,1,1,0.9999,0.205,0.004,0.048,2.549,0.962,4.393,0.286,8.839
FireSmokeVideoNEW181_f155_jpg.rf.1b9a27b3e2dbbba1defd0a17da890d20.jpg,1,1,0.9999,0.211,0.004,0.049,2.218,0.947,4.329,0.232,8.372
FireSmokeVideoNEW181_f159_jpg.rf.acfb872ee5fcb34ef13a6335bfa20c31.jpg,1,1,0.9999,0.206,0.004,0.047,2.211,0.962,4.368,0.227,8.408
FireSmokeVideoNEW181_f161_jpg.rf.c66e1f5ebbe4b626eea5fb46441f68d6.jpg,1,1,1.0,0.206,0.004,0.048,2.531,0.952,4.373,0.214,8.72
FireSmokeVideoNEW181_f165_jpg.rf.944a4fa3bff479666f5d4da650df0694.jpg,1,1,0.9998,0.21,0.004,0.047,2.211,1.081,4.333,0.234,8.506
FireSmokeVideoNEW181_f168_jpg.rf.09eb032299377b026f8e7a7f35185f1e.jpg,1,1,0.9999,0.213,0.004,0.045,2.212,1.018,4.416,0.23,8.537
FireSmokeVideoNEW181_f35_jpg.rf.ae9d9d8481448208afb995086041c546.jpg,1,1,0.9948,0.224,0.004,0.052,2.289,0.953,4.32,0.222,8.443
FireSmokeVideoNEW181_f91_jpg.rf.4b8a5f368f4f969978581c51a5e3c72e.jpg,1,1,0.9878,0.211,0.004,0.048,2.338,1.171,4.314,0.219,8.693
FireSmokeVideoNEW181_f95_jpg.rf.5e55ec887078e0feacd31ce84a75f8ca.jpg,1,1,0.9941,0.244,0.004,0.051,2.551,0.941,4.314,0.214,8.761
FireSmokeVideoNEW181_f97_jpg.rf.18918a57d25e035d172b1857f216021f.jpg,1,1,0.8103,0.208,0.004,0.046,2.577,0.948,4.335,0.215,8.725
FireSmokeVideoNEW181_f99_jpg.rf.0e66a54a15e57cb72c3d4f8a240a2151.jpg,1,1,0.986,0.219,0.004,0.047,2.884,0.967,4.32,0.236,9.073
FireSmokeVideoNEW184_f11_jpg.rf.ae299b7a9e7c022a3788ddc0897c134e.jpg,1,1,0.9999,0.202,0.004,0.048,2.676,1.531,4.302,0.228,9.386
FireSmokeVideoNEW184_f13_jpg.rf.ce6e21ccb4aaa52937d4c2ccc7875bed.jpg,1,1,1.0,0.204,0.004,0.045,9.436,6.096,6.89,0.246,24.038
FireSmokeVideoNEW184_f15_jpg.rf.e76e5dd6c7f478e2876323df33c94fc5.jpg,1,1,1.0,0.207,0.004,0.048,4.126,1.067,6.341,0.234,12.426
FireSmokeVideoNEW184_f17_jpg.rf.8a42ec6a17e625638d9b08db25bb1da8.jpg,1,1,1.0,0.209,0.004,0.047,2.8,1.011,4.347,0.231,9.035
FireSmokeVideoNEW184_f19_jpg.rf.6721bc5e6094024520008a809861d4d1.jpg,1,1,0.9991,0.201,0.004,0.045,3.682,1.299,4.339,0.221,10.187
FireSmokeVideoNEW184_f20_jpg.rf.617edddc4230d2a3489120a4d6284d6a.jpg,1,1,1.0,0.199,0.004,0.046,2.955,0.975,4.331,0.215,9.122
FireSmokeVideoNEW184_f22_jpg.rf.a60f9ac7d2baaa68f773a1f1c663adbd.jpg,1,1,1.0,0.206,0.003,0.045,2.892,0.985,4.333,0.214,9.072
FireSmokeVideoNEW184_f24_jpg.rf.76afc7e8179fbe13ae35b4ff745c6b4f.jpg,1,1,1.0,0.206,0.004,0.048,5.581,1.396,4.393,0.218,12.238
FireSmokeVideoNEW184_f26_jpg.rf.b13491a64cbb2d0463105e970f88c5a7.jpg,1,1,1.0,0.203,0.004,0.047,4.008,1.22,4.317,0.212,10.414
FireSmokeVideoNEW184_f2_jpg.rf.078a0f6b44f5bafb07c903b43f3af799.jpg,1,1,1.0,0.204,0.004,0.044,3.143,1.018,4.331,0.216,9.35
FireSmokeVideoNEW184_f35_jpg.rf.5495878b4d4300f0c679d9edf23807f2.jpg,1,1,1.0,0.201,0.004,0.043,3.949,1.056,4.318,0.22,10.187
FireSmokeVideoNEW184_f37_jpg.rf.2777cc52ac569f30719c8ae879dbd8bb.jpg,1,1,1.0,0.216,0.004,0.048,7.0,6.258,10.558,0.239,24.877
FireSmokeVideoNEW184_f40_jpg.rf.6eaf7e00d16a4113754c199d8bcd7ef4.jpg,1,1,1.0,0.2,0.004,0.046,3.377,0.972,4.381,0.251,9.634
FireSmokeVideoNEW184_f45_jpg.rf.ad114f11173cbca479065f3caebf2b34.jpg,1,1,0.999,0.201,0.004,0.047,3.558,0.997,4.314,0.225,9.778
FireSmokeVideoNEW184_f50_jpg.rf.bbb13925ceb8e2bff335a8325417437b.jpg,1,1,0.9997,0.28,0.004,0.049,6.324,1.344,4.577,0.237,13.209
FireSmokeVideoNEW184_f55_jpg.rf.d1eec9ba4b6220797cbcb8975f71b2b2.jpg,1,1,0.9998,0.203,0.004,0.046,4.012,0.987,4.34,0.229,10.218
FireSmokeVideoNEW184_f5_jpg.rf.c8e2cd361adfeeb0a31d3758f5f41aef.jpg,1,1,1.0,0.201,0.004,0.047,4.345,0.949,4.308,0.224,10.47
FireSmokeVideoNEW184_f7_jpg.rf.51b20038b916a76472a04ce263734a9a.jpg,1,1,1.0,0.205,0.004,0.046,2.387,0.952,4.311,0.217,8.502
FireSmokeVideoNEW184_f9_jpg.rf.87fd8eb59087813c43e0bc0a651af1de.jpg,1,1,1.0,0.196,0.004,0.046,2.282,1.065,4.289,0.215,8.476
FireSmokeVideoNEW187_f30_jpg.rf.ae1f570cf7d9572a74488eaa3debad82.jpg,1,1,0.9999,0.273,0.004,0.042,2.212,0.954,4.385,0.22,8.47
FireSmokeVideoNEW187_f46_jpg.rf.8bbd48f1c7a0c21c1c9230e5525ce5af.jpg,1,1,1.0,0.196,0.004,0.047,2.248,0.948,4.374,0.214,8.413
FireSmokeVideoNEW187_f49_jpg.rf.14c155a1599a466ead22f23981911e67.jpg,1,1,1.0,0.217,0.004,0.047,7.776,3.639,10.794,0.246,23.255
FireSmokeVideoNEW187_f51_jpg.rf.0d435a458ddbd34d22ad4b2d72417df0.jpg,1,1,0.9999,0.202,0.005,0.047,4.556,1.212,4.934,0.429,11.957
FireSmokeVideoNEW187_f53_jpg.rf.d871ec684608d7bf3f61bb568ac88173.jpg,1,1,1.0,0.201,0.004,0.074,4.143,1.005,4.343,0.233,10.392
FireSmokeVideoNEW187_f55_jpg.rf.0712f3244a9cf5d39b072717daedc56b.jpg,1,1,1.0,0.2,0.004,0.043,2.251,1.018,4.328,0.227,8.452
FireSmokeVideoNEW187_f57_jpg.rf.9b7d319c8d37619c608d57c3c7bed6d6.jpg,1,1,1.0,0.204,0.004,0.042,2.252,1.471,4.306,0.222,8.891
FireSmokeVideoNEW187_f59_jpg.rf.edf0bb93b118133cb359c2cab31c378b.jpg,1,1,1.0,0.206,0.004,0.044,2.327,0.998,4.339,0.219,8.518
FireSmokeVideoNEW187_f61_jpg.rf.4f009b3246be16af1da42ab71256b466.jpg,1,1,1.0,0.208,0.004,0.044,5.667,1.443,4.422,0.225,12.608
FireSmokeVideoNEW187_f66_jpg.rf.ba0506e5e6e9b1a0829ff3945083a8a9.jpg,1,1,1.0,0.206,0.005,0.046,4.85,3.319,4.393,0.243,13.448
FireSmokeVideoNEW187_f68_jpg.rf.5ac076d8dbc1f09ebc18cd0d1e5b23eb.jpg,1,1,1.0,0.206,0.004,0.048,2.516,0.957,4.412,0.25,8.784
FireSmokeVideoNEW187_f70_jpg.rf.5fd108067fe7e96989e53f2f078a9ace.jpg,1,1,1.0,0.203,0.004,0.045,7.13,6.025,8.744,0.245,22.942
FireSmokeVideoNEW187_f81_jpg.rf.dd8dd1d67a6a5770f2dd3aa04bbd44a7.jpg,1,1,1.0,0.202,0.004,0.046,2.537,1.087,4.516,0.272,9.051
FireSmokeVideoNEW187_f83_jpg.rf.1248a0c6116d3f14de2e0d8c1002795f.jpg,1,1,1.0,0.201,0.004,0.046,2.538,1.012,4.334,0.224,8.745
FireSmokeVideoNEW187_f85_jpg.rf.6511d23bfd23b9eb8e9057f3ac9da850.jpg,1,1,1.0,0.21,0.004,0.049,7.397,0.994,4.257,0.231,13.539
FireSmokeVideoNEW187_f95_jpg.rf.5d4891558279bf1ac091add3e599d1e0.jpg,1,1,0.9893,0.207,0.004,0.047,2.983,0.967,4.376,0.234,9.43
FireSmokeVideoNEW187_f98_jpg.rf.b516e11f75bff2314b57b6027da715b0.jpg,1,1,0.9385,0.2,0.004,0.049,3.189,0.982,4.308,0.224,9.35
FireSmokeVideoNEW188_f0_jpg.rf.fc6d569e759e92aa1bf39f49d704191e.jpg,1,1,1.0,0.202,0.004,0.048,2.267,1.214,4.332,0.222,8.672
FireSmokeVideoNEW188_f11_jpg.rf.3124d86b0386441621b962add617652f.jpg,1,1,1.0,0.197,0.004,0.045,2.432,0.942,4.325,0.222,8.55
FireSmokeVideoNEW188_f13_jpg.rf.c218c266a3253e8f8f8b02beda19f6db.jpg,1,1,1.0,0.201,0.004,0.045,3.784,3.535,4.375,0.218,12.546
FireSmokeVideoNEW188_f1_jpg.rf.78cee517f81fc7d7936ae6f38b16cb66.jpg,1,1,1.0,0.214,0.004,0.047,7.312,4.511,6.3,0.233,19.018
FireSmokeVideoNEW188_f29_jpg.rf.8b9e7fc00b59d5fa8cce4524ca956dd2.jpg,1,1,1.0,0.203,0.004,0.045,2.213,1.064,4.384,0.238,8.541
FireSmokeVideoNEW188_f3_jpg.rf.776e0e5bb8a5ae50c703ee454675cb74.jpg,1,1,1.0,0.207,0.004,0.046,2.225,1.772,4.356,0.22,9.225
FireSmokeVideoNEW188_f46_jpg.rf.6d5a3f5a6614d5ec2a28115e4da91a58.jpg,1,1,1.0,0.202,0.004,0.045,2.183,1.016,4.336,0.22,8.391
FireSmokeVideoNEW188_f4_jpg.rf.f8515d9c45ad1b08bf51554613f69454.jpg,1,1,1.0,0.204,0.004,0.045,3.035,0.969,4.542,0.259,9.458
FireSmokeVideoNEW188_f72_jpg.rf.5991cc08698848b3ba20af9ae58e28cc.jpg,1,1,1.0,0.206,0.004,0.046,2.228,0.956,4.451,0.238,8.742
FireSmokeVideoNEW188_f8_jpg.rf.1c4cfd22c7ec9fd23a6cafc391a63570.jpg,1,1,1.0,0.251,0.004,0.048,3.115,1.308,4.899,1.026,11.182
FireSmokeVideoNEW189_f36_jpg.rf.2429df020eeaece9f5b66e2de3dfcfb3.jpg,1,1,0.9884,0.207,0.004,0.051,2.251,0.955,4.384,0.237,8.477
FireSmokeVideoNEW189_f40_jpg.rf.89284f352804c703e361e4a1d6c1a0e1.jpg,1,1,0.9801,0.201,0.004,0.047,2.223,0.955,4.403,0.222,8.437
FireSmokeVideoNEW189_f44_jpg.rf.91986ad731e197e780360a017e5bddab.jpg,1,1,0.9991,0.21,0.004,0.051,2.667,1.094,4.337,0.248,8.997
FireSmokeVideoNEW189_f47_jpg.rf.b899faf82fbc0933a0b2655bf1b84d2b.jpg,1,1,0.9999,0.214,0.005,0.051,5.089,1.012,6.261,0.217,13.233
FireSmokeVideoNEW189_f49_jpg.rf.341c12e8e1fdde632278613ad7c7ff4a.jpg,1,1,1.0,0.2,0.004,0.047,3.699,1.052,4.323,0.22,9.933
FireSmokeVideoNEW189_f54_jpg.rf.93bfead985de54201941ba700cd2f5d2.jpg,1,1,1.0,0.21,0.004,0.047,3.515,1.059,4.33,0.214,9.758
FireSmokeVideoNEW189_f57_jpg.rf.e7ecb7baefd3bc926a9fba669c566e0e.jpg,1,1,1.0,0.209,0.004,0.046,2.292,0.953,4.327,0.218,8.437
FireSmokeVideoNEW189_f60_jpg.rf.4680d8331d6645b62e40ff208a5c0393.jpg,1,1,1.0,0.21,0.004,0.048,2.889,0.987,4.23,0.219,8.968
FireSmokeVideoNEW18_f16_jpg.rf.4d26975a756077f4ee33e8cae1133cde.jpg,1,1,0.9999,0.2,0.004,0.045,3.191,1.182,4.313,0.217,9.549
FireSmokeVideoNEW18_f1_jpg.rf.682bfe6fca836f6bdb93a761c8f76c6a.jpg,1,1,1.0,0.204,0.004,0.047,5.447,1.034,4.493,0.317,11.931
FireSmokeVideoNEW18_f22_jpg.rf.ffbaa38451e75e9b6553ed719e25bf8b.jpg,1,1,1.0,0.203,0.004,0.045,2.62,0.957,4.434,0.232,8.876
FireSmokeVideoNEW18_f26_jpg.rf.c4e5334d02bf0ef86638088599a9bfcb.jpg,1,1,1.0,0.212,0.004,0.045,2.254,1.249,4.341,0.229,8.717
FireSmokeVideoNEW18_f28_jpg.rf.e97b03f948611c6791188170a5b5b243.jpg,1,1,1.0,0.207,0.004,0.045,6.877,7.545,5.165,0.277,20.681
FireSmokeVideoNEW18_f2_jpg.rf.0204e44f189df1713c81eebf03fe1ba2.jpg,1,1,1.0,0.204,0.004,0.048,6.258,1.125,4.292,0.24,12.58
FireSmokeVideoNEW18_f32_jpg.rf.e3e8455d03ffae50704ed2d2bf42fc46.jpg,1,1,0.9996,0.202,0.004,0.047,2.254,1.003,4.321,0.222,8.44
FireSmokeVideoNEW18_f34_jpg.rf.db78daa23025b643f82f15732f0aebdb.jpg,1,1,0.9998,0.205,0.004,0.047,2.258,1.085,4.321,0.231,8.535
FireSmokeVideoNEW18_f37_jpg.rf.b55026c86cfba5087ea2640486dba8a7.jpg,1,1,0.9999,0.206,0.004,0.047,2.298,0.999,4.38,0.216,8.541
FireSmokeVideoNEW18_f40_jpg.rf.a09c8b21417594bd3beca510ad96c086.jpg,1,1,1.0,0.205,0.004,0.047,6.133,0.916,6.619,0.357,14.664
FireSmokeVideoNEW18_f43_jpg.rf.b7d757ba37d94e776d2fe77b89e0a3d7.jpg,1,1,1.0,0.358,0.006,0.076,2.898,1.208,5.397,0.348,10.873
FireSmokeVideoNEW18_f48_jpg.rf.3dac03c9596242fe2bd07010e6237aad.jpg,1,1,1.0,0.239,0.004,0.048,2.172,0.926,4.406,0.264,8.424
FireSmokeVideoNEW18_f4_jpg.rf.9e8f2652cbfb1af75d37e44e633dcda3.jpg,1,1,1.0,0.197,0.003,0.05,4.968,1.0,4.32,0.222,11.138
FireSmokeVideoNEW18_f55_jpg.rf.5e3d4792612d0938fa0a3e668c16a486.jpg,1,1,1.0,0.205,0.004,0.048,6.852,3.226,10.15,0.258,21.128
FireSmokeVideoNEW190_f0_jpg.rf.a35b2866bfe8c0c0f6628f44c3528a79.jpg,1,1,1.0,0.211,0.004,0.048,5.524,3.197,6.344,0.222,15.935
FireSmokeVideoNEW190_f11_jpg.rf.985360832a8df61b5b0ddbdd8fbf1f73.jpg,1,1,1.0,0.204,0.012,0.044,3.218,0.934,4.388,0.335,9.514
FireSmokeVideoNEW190_f13_jpg.rf.7bb2b57e7b2b5c531d8b3b26d705d874.jpg,1,1,1.0,0.193,0.012,0.041,2.961,1.046,4.293,0.217,9.129
FireSmokeVideoNEW190_f15_jpg.rf.6efd0d63e31fe6dc87fbed3909fc4c70.jpg,1,1,1.0,0.203,0.004,0.047,3.274,0.949,4.297,0.219,9.355
FireSmokeVideoNEW190_f22_jpg.rf.0e2d7c4980641dfb7afd1452401e651f.jpg,1,1,0.9999,0.203,0.004,0.046,3.412,0.984,4.391,0.271,9.689
FireSmokeVideoNEW190_f24_jpg.rf.eff680509c302b7cd3a5ada6000821a7.jpg,1,1,1.0,0.208,0.004,0.05,5.975,0.951,4.316,0.234,12.119
FireSmokeVideoNEW190_f2_jpg.rf.104bd7e3980b2cb1b90d31b3ef4f082e.jpg,1,1,1.0,0.203,0.004,0.046,3.978,0.99,4.379,0.233,10.218
FireSmokeVideoNEW190_f6_jpg.rf.2d8e3a243a79acf85362f5ac853e3a55.jpg,1,1,0.9998,0.202,0.004,0.047,4.47,1.067,4.376,0.232,10.781
FireSmokeVideoNEW190_f9_jpg.rf.3cc86b991034435b13c5c152eaf141cd.jpg,1,1,1.0,0.198,0.004,0.045,11.49,2.769,5.027,0.242,20.632
FireSmokeVideoNEW192_f30_jpg.rf.b0caab4318976f8287d38e500f70f038.jpg,1,1,1.0,0.207,0.004,0.047,4.325,3.42,4.444,0.241,13.076
FireSmokeVideoNEW193_f0_jpg.rf.3fba05722abb7959e9f186089fe131cb.jpg,1,1,1.0,0.274,0.004,0.048,4.201,3.215,4.419,0.241,12.775
FireSmokeVideoNEW193_f11_jpg.rf.c049af71be9b2965ef266467b9b1e748.jpg,1,1,0.9992,0.198,0.004,0.047,2.505,1.285,4.404,0.253,9.084
FireSmokeVideoNEW193_f13_jpg.rf.054906582d1e2a5671b5037baf1ba6d7.jpg,1,1,0.9687,0.201,0.004,0.045,2.409,1.274,4.321,0.22,8.852
FireSmokeVideoNEW193_f15_jpg.rf.5f5d4d7fa3f3f4bcbc94fbd951492423.jpg,1,1,0.9995,0.201,0.003,0.046,2.33,0.993,4.333,0.214,8.502
FireSmokeVideoNEW193_f17_jpg.rf.958bd48046898c67eabfbdf08dabdb68.jpg,1,1,0.9997,0.2,0.004,0.045,2.528,1.0,4.355,0.211,8.722
FireSmokeVideoNEW193_f23_jpg.rf.2150d12e92cb110483da5b499a0580f9.jpg,1,1,0.7478,0.201,0.004,0.046,4.052,3.271,4.256,0.236,12.454
FireSmokeVideoNEW193_f2_jpg.rf.81915735009a8e0799dae85ad02b89fe.jpg,1,1,0.9992,0.204,0.004,0.048,3.962,3.254,4.443,0.246,12.55
FireSmokeVideoNEW193_f4_jpg.rf.f2b0b44d8259124c67a81c86a577542e.jpg,1,1,0.9998,0.331,0.004,0.064,4.303,3.498,4.28,0.241,13.109
FireSmokeVideoNEW193_f6_jpg.rf.d76a364d821d4ccdf9a36eccd47efee6.jpg,1,1,0.9987,0.207,0.004,0.048,2.465,1.015,4.321,0.223,8.669
FireSmokeVideoNEW193_f8_jpg.rf.f6cdddc13a53b3f650e99ed4b52771e8.jpg,1,1,0.9999,0.204,0.004,0.046,2.498,1.053,4.318,0.218,8.723
FireSmokeVideoNEW195_f12_jpg.rf.b121d9a71576ecf41f9f17f62e05626f.jpg,1,1,0.6944,0.205,0.004,0.046,5.812,1.924,4.27,0.237,12.902
FireSmokeVideoNEW195_f1_jpg.rf.cb6aa2f9b28315913fd1c2ea6b1d192b.jpg,1,1,1.0,0.204,0.004,0.046,2.952,0.969,4.338,0.227,9.123
FireSmokeVideoNEW195_f21_jpg.rf.f985d0adab92d4dc5e69d09bd41edf54.jpg,1,1,1.0,0.206,0.004,0.046,5.172,1.112,4.734,0.389,12.134
FireSmokeVideoNEW195_f39_jpg.rf.6afa740ec99e43e78c91576a78915374.jpg,1,1,1.0,0.21,0.004,0.047,2.442,0.974,4.325,0.221,8.608
FireSmokeVideoNEW195_f52_jpg.rf.adc4744948baa9be7cba6a3051d71953.jpg,1,1,0.9999,0.204,0.004,0.045,3.307,0.958,4.37,0.223,9.5
FireSmokeVideoNEW195_f54_jpg.rf.d049a979c76e3aff8e2d6f356ab8ddc4.jpg,1,1,1.0,0.216,0.004,0.046,5.431,5.369,5.982,0.43,17.984
FireSmokeVideoNEW195_f57_jpg.rf.adba774b4a6f6f50a6ebd204615e1d54.jpg,1,1,0.9993,0.218,0.004,0.049,3.748,1.016,4.276,0.238,10.002
FireSmokeVideoNEW195_f8_jpg.rf.3380bf270e9dd14b8df78b20d8870b70.jpg,1,0,0.7782,0.238,0.004,0.047,4.95,1.046,4.316,0.229,11.221
FireSmokeVideoNEW197_f3_jpg.rf.163c4fe26eac9d1a08fff50952edade8.jpg,1,1,1.0,0.208,0.004,0.047,2.818,1.027,4.307,0.217,9.011
FireSmokeVideoNEW1_f13_jpg.rf.855ace32fc44c2b333eee22fc387a8c5.jpg,1,1,1.0,0.205,0.004,0.043,2.557,0.998,4.325,0.219,8.731
FireSmokeVideoNEW1_f19_jpg.rf.c1446481d1ceac0fd8c3717faf246c1a.jpg,1,1,1.0,0.204,0.004,0.046,4.912,2.047,4.532,0.238,12.481
FireSmokeVideoNEW1_f24_jpg.rf.18baea2feae86daa93dd3d5ca3042635.jpg,1,1,1.0,0.207,0.004,0.047,2.264,1.082,4.335,0.232,8.566
FireSmokeVideoNEW1_f27_jpg.rf.a6d5476ddc259bc2a5466b1bec55bff9.jpg,1,1,1.0,0.203,0.004,0.044,2.224,1.04,4.361,0.217,8.52
FireSmokeVideoNEW1_f2_jpg.rf.501504c7a5777e0e12b6e269b0a4c602.jpg,1,1,0.9998,0.201,0.004,0.045,2.454,1.037,4.388,0.215,8.729
FireSmokeVideoNEW1_f31_jpg.rf.53aaf37bd8da6096ecdd40471aa5a6bd.jpg,1,1,1.0,0.201,0.004,0.045,2.436,1.0,4.377,0.245,8.694
FireSmokeVideoNEW1_f41_jpg.rf.d7cbb63350c40af73d363445d37c2f5f.jpg,1,1,1.0,0.34,0.004,0.189,6.933,6.573,6.599,0.264,21.308
FireSmokeVideoNEW1_f4_jpg.rf.5e96301b03feb9a698de973351ad0961.jpg,1,1,0.9998,0.205,0.004,0.046,2.346,1.239,6.237,0.271,10.741
FireSmokeVideoNEW1_f53_jpg.rf.ba7d3b6decd4127c1c8addf13e3014a1.jpg,1,1,1.0,0.198,0.004,0.047,2.266,1.006,4.318,0.224,8.447
FireSmokeVideoNEW1_f56_jpg.rf.fe2a3b2dfc7598c26f3a30c2d59d05f4.jpg,1,1,1.0,0.201,0.004,0.043,2.283,0.992,4.32,0.217,8.447
FireSmokeVideoNEW1_f58_jpg.rf.68135a3ee4d6e797530eaebd00ad7820.jpg,1,1,1.0,0.204,0.004,0.047,2.798,1.004,4.327,0.215,8.981
FireSmokeVideoNEW1_f63_jpg.rf.8c6731bbbac8a67f7d532a01b9c52e6f.jpg,1,1,1.0,0.212,0.004,0.047,6.921,1.016,4.744,0.235,13.582
FireSmokeVideoNEW1_f8_jpg.rf.1fefecbbbda7afc85a9dcda50953853d.jpg,1,1,1.0,0.205,0.004,0.047,2.245,0.945,4.327,0.226,8.384
FireSmokeVideoNEW201_f10_jpg.rf.954026fc01f49a4e10a99c9ba7b08630.jpg,1,1,0.9967,0.199,0.004,0.045,2.323,0.939,4.342,0.22,8.455
FireSmokeVideoNEW201_f12_jpg.rf.052b12a91bd93919d00678e3824b3c57.jpg,1,1,1.0,0.206,0.004,0.047,2.682,0.996,4.319,0.215,8.858
FireSmokeVideoNEW201_f16_jpg.rf.e0586c7614e0d90fcfe3ecb61ddb1ae4.jpg,1,1,0.9999,0.206,0.004,0.046,2.746,0.962,4.328,0.212,8.899
FireSmokeVideoNEW201_f19_jpg.rf.00e63132ce0efb79c6d94d0ddf94c09c.jpg,1,1,0.9986,0.252,0.004,0.071,9.469,2.779,6.837,0.239,20.093
FireSmokeVideoNEW201_f23_jpg.rf.c2389ea8232ce77be19f23af01c4f629.jpg,1,1,1.0,0.208,0.004,0.046,2.988,0.978,4.849,0.224,9.682
FireSmokeVideoNEW201_f26_jpg.rf.539e1f4f8841f014d1557d2a01757e4a.jpg,1,1,1.0,0.205,0.004,0.045,2.36,0.965,4.368,0.243,8.567
FireSmokeVideoNEW201_f31_jpg.rf.4515ca6d9aac4fc0a0d6d778c66caa6f.jpg,1,1,1.0,0.202,0.004,0.046,2.275,0.945,4.314,0.245,8.413
FireSmokeVideoNEW201_f33_jpg.rf.109581e811570cbf53157b29246d945a.jpg,1,1,1.0,0.207,0.004,0.046,2.74,0.955,4.303,0.217,8.861
FireSmokeVideoNEW201_f40_jpg.rf.02e8adb9f84617089040ae5f925bf99b.jpg,1,1,0.9999,0.212,0.004,0.046,5.333,2.043,6.294,0.316,14.813
FireSmokeVideoNEW201_f46_jpg.rf.e476d7a6562d94f5b7e7f51c15aebdff.jpg,1,1,1.0,0.2,0.004,0.046,2.516,0.96,4.359,0.238,8.703
FireSmokeVideoNEW201_f5_jpg.rf.04537ab6ec4f0a5b84fda8d7ff07ef05.jpg,1,1,0.9995,0.206,0.004,0.047,2.271,0.952,4.297,0.218,8.368
FireSmokeVideoNEW203_f106_jpg.rf.6484f9a7be6d3b99aa2a5603afdcc716.jpg,1,1,1.0,0.203,0.004,0.049,2.862,0.981,4.315,0.212,9.018
FireSmokeVideoNEW203_f110_jpg.rf.39d41649265d99af9530df65b191bdbd.jpg,1,1,1.0,0.203,0.004,0.049,6.94,4.365,6.768,0.266,19.144
FireSmokeVideoNEW203_f118_jpg.rf.1072a0f084f87963fb877021f5f7726f.jpg,1,1,1.0,0.214,0.004,0.047,3.866,1.031,6.316,0.236,12.092
FireSmokeVideoNEW203_f130_jpg.rf.27c452c868fcd9f97341c88be0c34aa3.jpg,1,1,1.0,0.2,0.004,0.047,2.606,1.096,4.365,0.239,8.925
FireSmokeVideoNEW203_f134_jpg.rf.e759e8639553419bad87c473bbbe5294.jpg,1,1,1.0,0.2,0.004,0.046,2.591,0.907,4.381,0.232,8.729
FireSmokeVideoNEW203_f140_jpg.rf.e2874067e33a35be23d1556d0397333d.jpg,1,1,1.0,0.203,0.004,0.091,2.161,0.927,4.405,0.289,8.447
FireSmokeVideoNEW203_f152_jpg.rf.0a4f5153be5b77d39034f77c4f447dba.jpg,1,1,1.0,0.203,0.004,0.046,2.199,0.929,4.315,0.23,8.291
FireSmokeVideoNEW203_f156_jpg.rf.c512e5ef573e2d2e921efdceda768fa2.jpg,1,1,1.0,0.21,0.004,0.047,2.836,1.094,4.377,0.234,9.172
FireSmokeVideoNEW203_f15_jpg.rf.8867322ed7ea1eb1ed858fbf46121653.jpg,1,1,0.9871,0.202,0.004,0.047,2.294,1.009,4.353,0.233,8.506
FireSmokeVideoNEW203_f161_jpg.rf.16547bbb033af71d563e4c6c4a174343.jpg,1,1,1.0,0.206,0.004,0.046,4.004,2.975,4.362,0.269,12.239
FireSmokeVideoNEW203_f1_jpg.rf.6cb734f3d70ebeb9cd4987a2a41120ba.jpg,1,1,0.9998,0.195,0.004,0.045,4.116,3.139,4.319,0.231,12.432
FireSmokeVideoNEW203_f2_jpg.rf.d3784a037e06dc217fedabf8ab6a4727.jpg,1,1,1.0,0.219,0.004,0.053,4.672,1.139,4.929,0.351,11.859
FireSmokeVideoNEW203_f37_jpg.rf.fdd9515fcb1a6649434d1d966cd76cfc.jpg,1,1,1.0,0.203,0.004,0.047,2.406,1.0,4.223,0.22,8.471
FireSmokeVideoNEW203_f39_jpg.rf.4e7544cc5c7216f84c4965d5ac252039.jpg,1,1,1.0,0.203,0.005,0.044,2.166,1.019,4.342,0.217,8.368
FireSmokeVideoNEW203_f41_jpg.rf.c1f9a9c2d5b9a7c290197d578d6d75a8.jpg,1,1,1.0,0.199,0.004,0.045,2.174,1.008,4.311,0.216,8.343
FireSmokeVideoNEW203_f44_jpg.rf.ca6edf4aa731568c93680c45aaadc202.jpg,1,1,1.0,0.202,0.004,0.047,5.008,1.012,4.439,0.269,11.373
FireSmokeVideoNEW203_f48_jpg.rf.36f107bbec8be9161fbf76c1e384a40b.jpg,1,1,1.0,0.237,0.004,0.05,2.935,1.018,4.324,0.224,9.181
FireSmokeVideoNEW203_f50_jpg.rf.5447f1766cb72b0254b85dbc4977e38b.jpg,1,1,1.0,0.207,0.004,0.048,3.233,0.951,6.237,0.215,11.279
FireSmokeVideoNEW203_f52_jpg.rf.5f61df8d59150ded57ba47f13028e7b3.jpg,1,1,1.0,0.207,0.004,0.047,2.273,0.969,4.377,0.22,8.48
FireSmokeVideoNEW203_f61_jpg.rf.17943721e04dcb8ef68a1e512641f911.jpg,1,1,1.0,0.203,0.004,0.046,2.741,0.973,4.411,0.3,9.07
FireSmokeVideoNEW203_f63_jpg.rf.5fe2b4463d033ccbc68aa1ad4c4d5493.jpg,1,1,1.0,0.208,0.004,0.051,6.281,5.22,4.391,0.24,16.774
FireSmokeVideoNEW203_f65_jpg.rf.ef14751d7b1d576a5d08824bba6a8ed8.jpg,1,1,1.0,0.201,0.004,0.046,3.049,0.978,4.435,0.233,9.348
FireSmokeVideoNEW203_f67_jpg.rf.784571c13f4496c9e5c7edf11dc04d86.jpg,1,1,1.0,0.211,0.004,0.049,2.954,0.921,4.301,0.236,9.073
FireSmokeVideoNEW203_f69_jpg.rf.c08805dd1b4f4362d2462cc30b7fa541.jpg,1,1,1.0,0.202,0.004,0.047,4.624,3.149,4.38,0.277,13.077
FireSmokeVideoNEW203_f81_jpg.rf.2501c50925550ac5428dbc0da5c8f8ae.jpg,1,1,1.0,0.199,0.004,0.047,5.937,4.097,5.281,0.331,16.424
FireSmokeVideoNEW203_f83_jpg.rf.9b2b945de7d81e78084a413be8d8a741.jpg,1,1,1.0,0.207,0.004,0.046,6.067,1.211,4.855,0.347,13.241
FireSmokeVideoNEW203_f85_jpg.rf.e4b81ba03dc79d5f5a76e8620d5e9ee4.jpg,1,1,0.9999,0.209,0.004,0.048,3.981,1.398,4.328,0.238,10.597
FireSmokeVideoNEW203_f93_jpg.rf.f9dbc64517276675add630b8ae161dac.jpg,1,1,0.9998,0.209,0.004,0.047,2.626,0.948,5.113,0.226,9.56
FireSmokeVideoNEW203_f98_jpg.rf.e4f9977592dca1efb082663ffef6a816.jpg,1,1,1.0,0.239,0.004,0.046,5.095,3.264,7.803,0.225,17.256
FireSmokeVideoNEW204_f138_jpg.rf.37c44efb786e179cf63b42a0b2cc3143.jpg,1,1,0.9996,0.21,0.004,0.046,3.909,3.17,4.446,0.237,12.409
FireSmokeVideoNEW204_f141_jpg.rf.6b70537325375a5de7eebf169d458ff0.jpg,1,1,0.9932,0.205,0.004,0.049,4.426,0.938,4.374,0.231,10.605
FireSmokeVideoNEW204_f143_jpg.rf.454f159b3de750e984d2acaf472ab51c.jpg,1,1,1.0,0.201,0.004,0.046,3.714,1.304,4.228,0.22,10.092
FireSmokeVideoNEW204_f33_jpg.rf.d1a02a349fafbe43c9102536c9c7eb9c.jpg,1,1,0.8901,0.201,0.004,0.048,9.863,2.505,5.249,0.268,18.698
FireSmokeVideoNEW204_f43_jpg.rf.bf504985dc0bbdfc1ebd0b2320c79ed3.jpg,1,1,0.9999,0.205,0.004,0.047,3.452,1.046,4.333,0.222,9.695
FireSmokeVideoNEW204_f47_jpg.rf.353f8fca81b60797bc60037cb1e7d21f.jpg,1,1,0.9985,0.212,0.003,0.046,3.439,1.01,4.362,0.215,9.674
FireSmokeVideoNEW204_f5_jpg.rf.1c543a52433e5878aae7c5dc2855d2cc.jpg,1,1,0.9998,0.221,0.004,0.048,3.214,0.958,4.324,0.256,9.42
FireSmokeVideoNEW204_f8_jpg.rf.45bdc09c828ee0ed81b6b0689e16bc84.jpg,1,1,1.0,0.21,0.004,0.046,4.345,5.38,6.04,0.435,16.998
FireSmokeVideoNEW204_f98_jpg.rf.5c58193ed1d33a6ae8ae63b173be02ee.jpg,1,1,0.9999,0.203,0.004,0.048,6.243,4.456,4.793,0.279,16.419
FireSmokeVideoNEW208_f0_jpg.rf.97bd6b8a832086b567e2f4f705d5711c.jpg,1,1,1.0,0.201,0.004,0.048,2.687,1.252,4.325,0.223,9.136
FireSmokeVideoNEW208_f11_jpg.rf.adb0c48038e05906ced14ff99dcd285d.jpg,1,1,1.0,0.2,0.004,0.045,2.887,0.949,4.342,0.225,9.037
FireSmokeVideoNEW208_f13_jpg.rf.75eacf6c544a2110e594d942c083a6bd.jpg,1,1,0.9998,0.199,0.004,0.047,4.875,1.119,6.266,0.236,13.125
FireSmokeVideoNEW208_f1_jpg.rf.3d92ec2bc1b751224bf9e58c3d8d1e33.jpg,1,1,1.0,0.205,0.004,0.046,2.273,0.96,4.408,0.242,8.53
FireSmokeVideoNEW208_f3_jpg.rf.0b0363bd85c5fc81e8ce31fb0da27dee.jpg,1,1,1.0,0.206,0.004,0.047,2.389,0.985,4.351,0.22,8.585
FireSmokeVideoNEW208_f5_jpg.rf.b27e60cedf4e9e70ac3a4bc4f6a22612.jpg,1,1,1.0,0.204,0.004,0.045,2.988,0.956,4.325,0.221,9.126
FireSmokeVideoNEW208_f7_jpg.rf.7c7b8753de4111826b826f9fa04aab7f.jpg,1,1,1.0,0.2,0.004,0.042,2.254,0.963,4.316,0.217,8.374
FireSmokeVideoNEW209_f10_jpg.rf.88c7b43773903beab54d83e74cce4076.jpg,1,1,1.0,0.204,0.004,0.046,3.864,1.353,4.484,0.22,10.732
FireSmokeVideoNEW209_f18_jpg.rf.ba626acee756e94584c04ff0b2a6604a.jpg,1,1,1.0,0.254,0.004,0.05,6.405,4.675,10.733,0.25,22.767
FireSmokeVideoNEW209_f1_jpg.rf.5fe1fb563d9a05c38ee7523b4d2f2f93.jpg,1,1,1.0,0.199,0.004,0.048,2.768,0.953,4.399,0.24,9.004
FireSmokeVideoNEW209_f21_jpg.rf.fc6c4f2d10332150b75bd4ed7ca47704.jpg,1,1,1.0,0.204,0.004,0.048,2.214,1.65,4.384,0.235,9.12
FireSmokeVideoNEW209_f3_jpg.rf.e77bd585be04ebc66ee79b05acada936.jpg,1,1,1.0,0.212,0.004,0.048,2.535,1.016,4.327,0.214,8.741
FireSmokeVideoNEW20_f25_jpg.rf.1cc06defcb39979a82c0285424a97fab.jpg,1,1,1.0,0.256,0.004,0.049,3.599,1.25,4.385,0.242,10.347
FireSmokeVideoNEW20_f27_jpg.rf.e57c41a1a5ea21d29f86a6ce294c8368.jpg,1,1,0.9999,0.198,0.005,0.044,2.398,1.071,4.35,0.226,8.683
FireSmokeVideoNEW20_f29_jpg.rf.4b29026cb05d1a0b42adcb921ba70c4c.jpg,1,1,1.0,0.201,0.004,0.044,2.926,1.012,4.342,0.219,9.135
FireSmokeVideoNEW20_f39_jpg.rf.a803f0864c3ed5397401ea641d9167c0.jpg,1,1,1.0,0.202,0.004,0.044,2.311,1.012,4.321,0.215,8.49
FireSmokeVideoNEW20_f41_jpg.rf.f0bdaeed820327f326f03c112a2ed376.jpg,1,1,1.0,0.207,0.004,0.043,2.248,1.017,4.423,0.221,8.539
FireSmokeVideoNEW20_f47_jpg.rf.f231c47ab70a5b48bd068c7b87cee74e.jpg,1,1,1.0,0.228,0.005,0.053,7.899,5.204,7.866,0.246,22.331
FireSmokeVideoNEW20_f55_jpg.rf.af58953e27ab82030f5d055eeb173e49.jpg,1,1,1.0,0.2,0.004,0.045,2.18,1.572,4.338,0.229,8.946
FireSmokeVideoNEW20_f61_jpg.rf.7dd62293ab496e7c141043b5041822ec.jpg,1,1,1.0,0.202,0.004,0.046,2.202,1.03,4.321,0.223,8.414
FireSmokeVideoNEW20_f79_jpg.rf.36f704638e9ec7493aff1014dee25895.jpg,1,1,1.0,0.203,0.004,0.046,2.452,0.946,4.307,0.22,8.559
FireSmokeVideoNEW211_f105_jpg.rf.9d83b07dbaf7b8623adc776b990c9cba.jpg,1,1,1.0,0.21,0.004,0.049,2.707,1.106,4.382,0.23,9.081
FireSmokeVideoNEW211_f115_jpg.rf.dd4e1e2c40dcd3b9e2017abb5d6a808c.jpg,1,1,0.9996,0.324,0.004,0.181,3.929,1.707,4.392,0.23,11.174
FireSmokeVideoNEW211_f123_jpg.rf.c7d906540e4c16e62e3329460ebde3ed.jpg,1,1,0.9999,0.234,0.004,0.049,2.22,0.952,4.413,0.217,8.466
FireSmokeVideoNEW211_f18_jpg.rf.080c2495369762146513440f0e52a727.jpg,1,1,0.9998,0.208,0.004,0.048,2.282,0.955,4.318,0.223,8.423
FireSmokeVideoNEW211_f21_jpg.rf.17fca5c492b7730cd8abfd3ec3c175a7.jpg,1,1,0.9999,0.208,0.004,0.047,2.431,0.897,6.676,0.317,11.015
FireSmokeVideoNEW211_f23_jpg.rf.b4062b53d80a748705944dee83d83fc0.jpg,1,1,0.9999,0.269,0.004,0.047,2.472,0.972,4.244,0.222,8.664
FireSmokeVideoNEW211_f33_jpg.rf.fc5dcef4f50e6d789334ae1e9d82f9d5.jpg,1,1,0.9997,0.21,0.004,0.043,2.84,0.964,4.338,0.225,9.01
FireSmokeVideoNEW211_f40_jpg.rf.878e8ed1c4d7756bb89881b072f2b78f.jpg,1,1,0.9994,0.21,0.004,0.046,2.274,0.964,4.34,0.258,8.483
FireSmokeVideoNEW211_f72_jpg.rf.c4b8d4fb7202ac2688b6c3ffb4d7941c.jpg,1,1,0.9996,0.206,0.004,0.047,2.226,1.052,4.331,0.219,8.476
FireSmokeVideoNEW211_f83_jpg.rf.0e6e0a52c9612ed28f9dbc097d8f6206.jpg,1,1,1.0,0.208,0.004,0.049,2.354,0.954,5.09,0.227,9.45
FireSmokeVideoNEW211_f98_jpg.rf.7bebc759655b25bb4120643ccab05395.jpg,1,1,0.9996,0.204,0.004,0.048,2.309,0.954,4.36,0.219,8.472
FireSmokeVideoNEW212_f20_jpg.rf.eb77f640f92703fa61edbaddc9a273a5.jpg,1,1,0.9946,0.202,0.004,0.046,2.298,0.948,4.399,0.223,8.495
FireSmokeVideoNEW212_f26_jpg.rf.7bce4adbdd8e2de3d1441a1371d6c2a3.jpg,1,1,0.9443,0.204,0.004,0.044,4.108,3.46,7.354,0.236,16.03
FireSmokeVideoNEW212_f29_jpg.rf.c573350a48be3b6ef33284f23ef4eb53.jpg,1,1,0.8288,0.208,0.004,0.046,2.265,1.137,4.811,0.244,9.233
FireSmokeVideoNEW212_f39_jpg.rf.6c0d067020333fde34ecc6bd051d7c57.jpg,1,1,0.9846,0.209,0.004,0.049,2.353,1.571,4.192,0.217,8.971
FireSmokeVideoNEW212_f40_jpg.rf.7afe6dc7d2a400ff27e84e8518723223.jpg,1,1,0.73,0.207,0.004,0.05,2.231,0.958,4.322,0.219,8.369
FireSmokeVideoNEW212_f42_jpg.rf.e5cc278015ab526c17bea13a66f735e0.jpg,1,1,0.6682,0.242,0.004,0.047,2.229,0.954,4.386,0.233,8.478
FireSmokeVideoNEW212_f47_jpg.rf.03a952d7d61f102e43956ceb5cd45f9c.jpg,1,1,0.9802,0.206,0.004,0.046,2.342,1.021,4.364,0.219,8.58
FireSmokeVideoNEW212_f49_jpg.rf.51c963a0ee193f56af17051f72209961.jpg,1,1,0.9983,0.204,0.004,0.046,2.925,1.104,4.343,0.221,9.238
FireSmokeVideoNEW212_f50_jpg.rf.19bb9e546d3cc717ee5ae092855168cb.jpg,1,1,0.881,0.234,0.004,0.047,2.237,0.958,4.407,0.223,8.492
FireSmokeVideoNEW212_f52_jpg.rf.ae01318cbd57ba0a9333e36682302766.jpg,1,1,0.9998,0.206,0.004,0.045,2.203,1.071,4.335,0.223,8.466
FireSmokeVideoNEW212_f54_jpg.rf.bf714fc85f36b3393d098b91adb0554c.jpg,1,1,1.0,0.285,0.004,0.05,3.576,5.016,4.9,0.438,14.789
FireSmokeVideoNEW212_f63_jpg.rf.701893b2b3635f143aaf7b6f9bd45aa2.jpg,1,1,0.9998,0.206,0.004,0.049,3.323,0.965,4.264,0.221,9.426
FireSmokeVideoNEW212_f69_jpg.rf.766fef2a3b6070d397ade684b70c2b43.jpg,1,1,0.9999,0.237,0.004,0.045,2.74,0.972,4.32,0.215,8.959
FireSmokeVideoNEW212_f70_jpg.rf.6fd1fed84808897ba86bc35faa8759f1.jpg,1,1,0.9966,0.203,0.004,0.047,2.217,0.987,4.324,0.212,8.378
FireSmokeVideoNEW213_f36_jpg.rf.b52ffa4b493c47c40af87a1983b6703b.jpg,1,1,0.9999,0.204,0.004,0.046,2.505,1.064,4.313,0.208,8.739
FireSmokeVideoNEW215_f13_jpg.rf.1be99abe9b01cc61b79dc950e8500b61.jpg,1,1,1.0,0.205,0.004,0.045,2.245,0.972,4.3,0.218,8.414
FireSmokeVideoNEW215_f33_jpg.rf.192cb3311ec069ab85e1df4aa4575855.jpg,1,1,1.0,0.215,0.004,0.05,3.244,1.088,4.183,0.211,9.37
FireSmokeVideoNEW215_f38_jpg.rf.c13201af97e201352fc60ff38e56a8ca.jpg,1,1,1.0,0.203,0.004,0.046,2.251,0.962,4.331,0.214,8.396
FireSmokeVideoNEW215_f3_jpg.rf.e9664a85851447730ec745ffa4fa0c6f.jpg,1,1,1.0,0.204,0.004,0.047,2.227,0.995,4.322,0.213,8.394
FireSmokeVideoNEW215_f44_jpg.rf.f8a93790f6305f4ebeddf38aedd630a2.jpg,1,1,1.0,0.201,0.004,0.043,2.196,0.991,4.318,0.214,8.351
FireSmokeVideoNEW215_f4_jpg.rf.429d1c7df213307037d5748aa75dc4dc.jpg,1,1,1.0,0.201,0.004,0.044,2.246,2.033,4.569,0.291,9.87
FireSmokeVideoNEW215_f7_jpg.rf.4b9242fb690d24c9b00c401507cfda6e.jpg,1,1,1.0,0.213,0.004,0.048,5.662,3.571,8.087,0.265,18.27
FireSmokeVideoNEW215_f9_jpg.rf.2d10b5da2bbdb8ba2218af3c5fd68ee6.jpg,1,1,1.0,0.203,0.004,0.047,4.802,5.327,6.299,0.23,17.303
FireSmokeVideoNEW216_f27_jpg.rf.9752e0401177f9ef2c00eba6afb3bf49.jpg,1,1,1.0,0.3,0.005,0.059,3.036,2.254,4.324,0.227,10.665
FireSmokeVideoNEW216_f29_jpg.rf.4602430c2f01e2aaaad22b36b613b5b4.jpg,1,1,1.0,0.199,0.004,0.045,2.268,0.968,4.32,0.254,8.439
FireSmokeVideoNEW216_f31_jpg.rf.bcf64acb747807831fdb41468fe05d3d.jpg,1,1,1.0,0.201,0.004,0.045,2.225,0.966,4.313,0.221,8.358
FireSmokeVideoNEW216_f34_jpg.rf.b6ad2762deb497a97237b66c10958486.jpg,1,1,1.0,0.201,0.004,0.05,2.281,0.948,4.325,0.214,8.401
FireSmokeVideoNEW216_f36_jpg.rf.f57ae82cb0eac7f791a1f314e59586eb.jpg,1,1,1.0,0.206,0.004,0.046,3.013,1.575,4.379,0.221,9.845
FireSmokeVideoNEW216_f38_jpg.rf.a4c46748bfe9f1e13262189ee4958a6c.jpg,1,1,1.0,0.215,0.004,0.049,3.584,0.97,4.205,0.218,9.637
FireSmokeVideoNEW216_f63_jpg.rf.43542df686881ae3bd014e792d6d0703.jpg,1,1,1.0,0.206,0.004,0.05,5.806,3.853,6.876,0.234,17.448
FireSmokeVideoNEW216_f66_jpg.rf.b55857b55e7a044c827d9875bb78fc85.jpg,1,1,1.0,0.207,0.004,0.048,2.535,1.05,6.361,0.24,10.845
FireSmokeVideoNEW216_f68_jpg.rf.d22f55fffdb7547ab82db3089e1d2ecf.jpg,1,1,1.0,0.206,0.004,0.048,2.358,0.99,4.314,0.225,8.586
FireSmokeVideoNEW216_f72_jpg.rf.b91983b01a9b8eee23ac98ac1b660312.jpg,1,1,0.9999,0.209,0.004,0.047,3.552,3.315,4.357,0.233,12.12
FireSmokeVideoNEW216_f86_jpg.rf.27d882594f801518b63c93d84610f649.jpg,1,1,0.9998,0.211,0.004,0.049,4.041,2.845,4.358,0.217,12.107
FireSmokeVideoNEW216_f89_jpg.rf.99a8641e3c842e990d80706bb4c00959.jpg,1,1,0.9999,0.202,0.004,0.043,2.523,1.006,4.353,0.212,8.732
FireSmokeVideoNEW218_f1_jpg.rf.67f61678892a49c41d8ede805848047f.jpg,1,1,0.9494,0.203,0.004,0.046,3.082,1.032,4.303,0.211,9.278
FireSmokeVideoNEW218_f33_jpg.rf.bc051305b2444a9682c6cbdc80457601.jpg,1,1,0.9975,0.206,0.004,0.046,3.675,1.088,4.296,0.218,9.928
FireSmokeVideoNEW218_f36_jpg.rf.690e54d498b40201eea9b608f1d4e97d.jpg,1,1,0.9903,0.202,0.004,0.046,4.465,1.002,4.34,0.217,10.667
FireSmokeVideoNEW218_f41_jpg.rf.506c5095b51cb13898c5d887dccd3c32.jpg,1,1,0.9995,0.202,0.004,0.047,7.398,4.744,5.42,0.43,18.881
FireSmokeVideoNEW218_f43_jpg.rf.1ff2126f11d02341d18fd00487251fc9.jpg,1,1,0.9596,0.207,0.004,0.048,7.253,0.996,4.283,0.23,13.745
FireSmokeVideoNEW218_f46_jpg.rf.09cd36ec79dd7846fcdb8dfcdcb4f039.jpg,1,1,0.9425,0.202,0.004,0.048,5.837,1.386,4.322,0.216,12.411
FireSmokeVideoNEW218_f6_jpg.rf.927cb3facf92db0f994b7e641c5f1db8.jpg,1,1,0.9945,0.205,0.004,0.046,4.416,0.953,4.338,0.218,10.572
FireSmokeVideoNEW218_f9_jpg.rf.59f45274803c507efa12635b802691f9.jpg,1,1,0.7947,0.205,0.004,0.044,3.132,0.968,4.402,0.217,9.363
FireSmokeVideoNEW21_f1_jpg.rf.88471b473598961e0c71228c4cdcb3fc.jpg,1,1,1.0,0.212,0.004,0.045,4.364,3.766,6.344,0.244,15.365
FireSmokeVideoNEW21_f43_jpg.rf.b339aaa65d20f3b8280e31505c5517d2.jpg,1,1,1.0,0.21,0.004,0.046,3.527,3.067,4.347,0.224,11.873
FireSmokeVideoNEW21_f59_jpg.rf.7b7783cf60019879934a1f34f494e015.jpg,1,1,1.0,0.207,0.004,0.047,3.857,0.958,4.39,0.238,10.094
FireSmokeVideoNEW21_f64_jpg.rf.2c2e3982d7ef8e914cc9dce7fbcc7b68.jpg,1,0,0.9444,0.207,0.004,0.053,2.248,0.953,4.323,0.232,8.403
FireSmokeVideoNEW21_f67_jpg.rf.45d03b24f98649e0d649e2f16f22567a.jpg,1,1,1.0,0.205,0.004,0.047,2.842,0.967,4.409,0.297,9.154
FireSmokeVideoNEW21_f69_jpg.rf.75191347f6763cf9fde8a47940370227.jpg,1,1,1.0,0.347,0.007,0.069,9.168,2.393,4.959,0.376,17.738
FireSmokeVideoNEW21_f70_jpg.rf.0f544b5b509c06479c505fda09cf0295.jpg,1,1,1.0,0.203,0.004,0.047,5.659,3.934,5.172,0.354,15.953
FireSmokeVideoNEW21_f77_jpg.rf.e7c12def6552a57fe4563c66c9d29653.jpg,1,0,0.9179,0.205,0.005,0.049,4.599,3.941,4.45,0.241,13.879
FireSmokeVideoNEW21_f83_jpg.rf.f87b32087d0a74b76072b9a21c29a6a6.jpg,1,0,0.9269,0.206,0.004,0.05,3.677,3.022,4.449,0.236,12.031
FireSmokeVideoNEW220_f103_jpg.rf.9f60f17a1c5a9a730ba1b60de4479245.jpg,1,1,1.0,0.228,0.004,0.048,4.283,3.162,4.397,0.237,12.795
FireSmokeVideoNEW220_f110_jpg.rf.c11cdcdae1385a69f66503d97696a8c9.jpg,1,1,1.0,0.202,0.004,0.093,5.481,4.703,5.381,0.346,16.857
FireSmokeVideoNEW220_f114_jpg.rf.01d81e177954f3d81f3b9b6defdbead1.jpg,1,1,1.0,0.2,0.004,0.047,2.287,1.547,4.387,0.233,9.09
FireSmokeVideoNEW220_f116_jpg.rf.e10fa2eb74d831fe711d136a69945d13.jpg,1,1,1.0,0.204,0.004,0.047,2.272,0.942,4.328,0.22,8.39
FireSmokeVideoNEW220_f118_jpg.rf.04ca92392c039b2130aa7c2ece63f039.jpg,1,1,1.0,0.208,0.004,0.044,5.749,6.793,7.09,0.263,20.715
FireSmokeVideoNEW220_f14_jpg.rf.ec161231d9668ccf5db936aa777972b3.jpg,1,1,1.0,0.215,0.004,0.047,4.758,0.999,6.255,0.229,12.913
FireSmokeVideoNEW220_f17_jpg.rf.0f695be7ce239a5c0cc9a8b30cae8918.jpg,1,1,0.9999,0.202,0.004,0.049,2.351,1.016,4.317,0.226,8.548
FireSmokeVideoNEW220_f18_jpg.rf.e62670db7e7bafc54422b1a7cd3f800c.jpg,1,1,1.0,0.199,0.004,0.046,2.281,1.341,4.308,0.227,8.788
FireSmokeVideoNEW220_f198_jpg.rf.9d39f849f2eaa96291dd0eaf00d26896.jpg,1,1,0.9998,0.2,0.004,0.046,2.517,1.059,4.302,0.218,8.74
FireSmokeVideoNEW220_f220_jpg.rf.835ac86a80b72af449ade87dc10714bd.jpg,1,1,0.9999,0.196,0.004,0.043,2.195,1.038,4.316,0.219,8.395
FireSmokeVideoNEW220_f23_jpg.rf.1778d9e44b1c8c0ff722cfc9ef5672fa.jpg,1,1,1.0,0.208,0.004,0.046,2.252,1.11,4.283,0.221,8.507
FireSmokeVideoNEW220_f51_jpg.rf.ac1bc672867e7371f0be09d6f571ab56.jpg,1,1,1.0,0.206,0.004,0.046,4.174,1.024,4.27,0.236,10.358
FireSmokeVideoNEW220_f88_jpg.rf.1d3b365a43fdcc299a0870251874be71.jpg,1,1,1.0,0.204,0.004,0.048,2.457,1.006,4.406,0.21,8.729
FireSmokeVideoNEW220_f93_jpg.rf.df73373f1582dbe860db699d1d700f42.jpg,1,1,1.0,0.205,0.003,0.046,2.244,1.0,4.324,0.217,8.428
FireSmokeVideoNEW220_f98_jpg.rf.dedba84d3f2dd3d971261de5a403cdd2.jpg,1,1,1.0,0.213,0.004,0.049,4.797,5.681,7.049,0.358,18.699
FireSmokeVideoNEW221_f11_jpg.rf.51f25bf79fba848e1852a9a8b5c1410a.jpg,1,1,0.9992,0.205,0.004,0.049,3.751,1.006,4.301,0.233,9.947
FireSmokeVideoNEW221_f13_jpg.rf.1aa6a7f7dfece75b85a30283258ab8cb.jpg,1,1,0.9992,0.27,0.004,0.049,3.475,1.191,4.604,0.23,10.314
FireSmokeVideoNEW221_f15_jpg.rf.b63d7f4847797de34ed8b3066e6cb3fa.jpg,1,1,0.9992,0.197,0.004,0.044,2.216,1.009,4.335,0.225,8.416
FireSmokeVideoNEW221_f19_jpg.rf.59c8d4a3c34cd694d867ae844fee89d2.jpg,1,1,0.9958,0.203,0.004,0.045,2.271,0.995,4.363,0.223,8.477
FireSmokeVideoNEW221_f26_jpg.rf.443d39e5f56c13cfae7a34e476a0e880.jpg,1,1,0.998,0.199,0.003,0.043,2.211,1.446,4.32,0.224,8.837
FireSmokeVideoNEW221_f28_jpg.rf.a523dbcbf3683d8f18235ad9302bf56a.jpg,1,1,0.9991,0.206,0.004,0.048,2.241,0.992,4.399,0.218,8.487
FireSmokeVideoNEW221_f2_jpg.rf.719286f8cd9c72a30f43a047427555f0.jpg,1,1,0.9997,0.193,0.004,0.048,2.244,1.005,4.332,0.22,8.436
FireSmokeVideoNEW221_f3_jpg.rf.94efb46f1672ee28d652964edf3948f3.jpg,1,1,0.996,0.208,0.004,0.045,4.332,2.251,4.274,0.235,11.753
FireSmokeVideoNEW221_f5_jpg.rf.8a43dd4aadff4528705f52d9ab00daff.jpg,1,1,0.999,0.245,0.004,0.047,2.267,1.002,4.402,0.246,8.608
FireSmokeVideoNEW221_f7_jpg.rf.a849a7edfb3c2ea171f4fd5b8f3929d5.jpg,1,1,0.9981,0.248,0.004,0.049,6.671,4.894,5.733,0.383,18.519
FireSmokeVideoNEW221_f9_jpg.rf.8173796a4cc04a5cbe9067cf21f0f30f.jpg,1,1,0.9984,0.206,0.004,0.048,3.514,3.866,4.496,0.341,12.904
FireSmokeVideoNEW222_f123_jpg.rf.e8747a288a227f270190e39c6c54d29a.jpg,1,1,1.0,0.205,0.004,0.047,2.336,0.999,4.327,0.215,8.521
FireSmokeVideoNEW222_f46_jpg.rf.7f1818b2c2c51b2e646eb0a4844c216b.jpg,1,1,1.0,0.203,0.004,0.046,2.586,0.994,4.303,0.222,8.817
FireSmokeVideoNEW222_f61_jpg.rf.75fc78eefea3f4529c48d95f4bf4eb04.jpg,1,1,1.0,0.199,0.004,0.044,2.401,1.009,4.3,0.214,8.562
FireSmokeVideoNEW223_f115_jpg.rf.f7e472a8fe18759fb48ba875390e3c30.jpg,1,1,1.0,0.199,0.004,0.045,2.501,0.99,4.323,0.215,8.657
FireSmokeVideoNEW223_f13_jpg.rf.01598ec4481511a2189e689632183a09.jpg,1,1,1.0,0.198,0.004,0.044,2.278,0.995,4.326,0.216,8.441
FireSmokeVideoNEW223_f161_jpg.rf.956b2c4af82583a775d6129e4bb39146.jpg,1,1,0.9996,0.205,0.004,0.045,2.245,0.998,4.315,0.216,8.409
FireSmokeVideoNEW223_f172_jpg.rf.abd51942fd26b9ebc9ca011f2bdbf5e1.jpg,1,1,1.0,0.246,0.004,0.047,3.515,1.066,4.192,0.213,9.681
FireSmokeVideoNEW223_f29_jpg.rf.88d1a44b2b908c080f787711d74266e6.jpg,1,1,1.0,0.211,0.005,0.047,4.997,6.019,7.3,0.373,19.672
FireSmokeVideoNEW223_f3_jpg.rf.0f7e22b3799657901c3dda898e2ced6f.jpg,1,1,1.0,0.209,0.005,0.052,5.799,1.044,6.321,0.263,14.087
FireSmokeVideoNEW223_f74_jpg.rf.e56d1a0e7335349c6503eb813a83aa49.jpg,1,1,0.9982,0.209,0.004,0.053,5.998,1.067,4.398,0.224,12.36
FireSmokeVideoNEW223_f76_jpg.rf.966f9d338b55f99ba8222b889fa60680.jpg,1,1,0.9996,0.206,0.004,0.046,3.495,1.034,4.303,0.217,9.706
FireSmokeVideoNEW225_f1_jpg.rf.a0915ad0745d925ed5df86947f4de0b9.jpg,1,1,1.0,0.21,0.004,0.047,5.38,1.21,4.783,0.357,12.475
FireSmokeVideoNEW225_f3_jpg.rf.a6736de779bdb62129b22cd7987ed4f5.jpg,1,1,1.0,0.2,0.004,0.049,2.294,1.496,4.355,0.221,9.018
FireSmokeVideoNEW225_f5_jpg.rf.d88a1d14607636b2af3b6c973f78a796.jpg,1,1,1.0,0.207,0.004,0.045,2.48,1.001,4.329,0.218,8.702
FireSmokeVideoNEW226_f3_jpg.rf.8742a56b8ce97acfc27e30b6b5149246.jpg,1,1,1.0,0.229,0.004,0.047,2.2,1.001,4.376,0.226,8.463
FireSmokeVideoNEW226_f5_jpg.rf.ed64fa15bd532f9262728f714137fa40.jpg,1,1,1.0,0.203,0.004,0.047,2.288,0.995,4.375,0.251,8.543
FireSmokeVideoNEW227_f119_jpg.rf.0a667ed3b2ab7d75b77066dcff52cb45.jpg,1,1,1.0,0.211,0.004,0.051,3.281,0.999,4.211,0.215,9.358
FireSmokeVideoNEW227_f181_jpg.rf.52ab9937a5eed31239256aa34cf4aab9.jpg,1,1,1.0,0.216,0.003,0.046,4.515,4.261,6.526,0.285,16.59
FireSmokeVideoNEW227_f194_jpg.rf.1d83c4122e530376e476d3ea6c377052.jpg,1,1,1.0,0.198,0.004,0.045,2.223,1.071,4.357,0.23,8.503
FireSmokeVideoNEW227_f206_jpg.rf.8191ea57c6e942583d723636e7bdd453.jpg,1,1,0.9999,0.207,0.004,0.048,2.272,0.992,4.305,0.22,8.436
FireSmokeVideoNEW227_f31_jpg.rf.476c57cd23743575f218662b0dbeeb6e.jpg,1,1,1.0,0.198,0.004,0.047,2.227,1.009,4.367,0.279,8.514
FireSmokeVideoNEW227_f59_jpg.rf.ae215379798f91806d993c47bd17dc01.jpg,1,1,1.0,0.35,0.004,0.047,2.947,0.996,4.313,0.221,9.254
FireSmokeVideoNEW227_f88_jpg.rf.de74bcfbfa667d7c96f39310c92128a6.jpg,1,1,1.0,0.202,0.004,0.046,2.477,0.985,4.417,0.213,8.732
FireSmokeVideoNEW229_f0_jpg.rf.744e23aefbdcb714c5dcfb90ea3a87fd.jpg,1,1,1.0,0.203,0.004,0.046,2.247,1.003,4.304,0.216,8.406
FireSmokeVideoNEW229_f101_jpg.rf.43d321f3b24853a59f9ceacef569f549.jpg,1,1,1.0,0.205,0.004,0.045,6.311,1.055,4.328,0.218,12.569
FireSmokeVideoNEW229_f110_jpg.rf.b400adef17228b944c94c9b9d09174b3.jpg,1,1,1.0,0.203,0.004,0.044,2.502,1.004,4.339,0.219,8.701
FireSmokeVideoNEW229_f136_jpg.rf.1c40c355e04cffe2494a54b84170094f.jpg,1,1,1.0,0.216,0.003,0.048,5.585,3.533,4.581,0.332,14.801
FireSmokeVideoNEW229_f143_jpg.rf.9b6eac650896f72356521e3b056d28b1.jpg,1,1,1.0,0.207,0.004,0.046,2.483,1.408,4.223,0.215,8.982
FireSmokeVideoNEW229_f190_jpg.rf.cebc8de881dc229c1045ee796412977f.jpg,1,1,1.0,0.206,0.004,0.048,2.176,1.057,4.341,0.219,8.445
FireSmokeVideoNEW229_f197_jpg.rf.5ec1307ec070f7627ed9b0e2422276c1.jpg,1,1,1.0,0.203,0.004,0.048,2.188,1.023,4.339,0.219,8.407
FireSmokeVideoNEW229_f204_jpg.rf.a9070952b4d2a98f9cd1205187bcb2e8.jpg,1,1,1.0,0.2,0.004,0.044,2.222,1.06,4.315,0.218,8.449
FireSmokeVideoNEW229_f2_jpg.rf.4fe9df5e39295b817431d6d30db26ffe.jpg,1,1,1.0,0.339,0.004,0.065,3.388,1.16,4.275,0.273,9.93
FireSmokeVideoNEW229_f3_jpg.rf.bd4422d257a9a966fd114bfe183a27c2.jpg,1,1,1.0,0.206,0.004,0.048,2.368,1.016,4.33,0.219,8.576
FireSmokeVideoNEW229_f49_jpg.rf.8318dd0ac0d9fa11a18582f419ac9805.jpg,1,1,1.0,0.196,0.004,0.048,2.231,1.01,4.346,0.219,8.444
FireSmokeVideoNEW229_f62_jpg.rf.c42da118ef779db6a6e880592daf2cd9.jpg,1,1,1.0,0.199,0.004,0.046,2.209,1.004,4.301,0.216,8.359
FireSmokeVideoNEW229_f76_jpg.rf.28d89efca31c4680197dcf15151316e4.jpg,1,1,1.0,0.208,0.004,0.047,2.459,1.001,4.375,0.233,8.714
FireSmokeVideoNEW229_f87_jpg.rf.fa7b1ae50d2aa2b99fc795483c246ec9.jpg,1,1,1.0,0.215,0.004,0.05,6.115,3.953,6.892,0.253,18.041
FireSmokeVideoNEW229_f92_jpg.rf.eb9c93d702c830a9ef174e45e6dc51c6.jpg,1,1,1.0,0.208,0.004,0.048,7.708,5.326,5.106,0.243,19.157
FireSmokeVideoNEW229_f9_jpg.rf.9eb7fa13a6b22e2e57b2d0b12dd7a4ed.jpg,1,1,1.0,0.21,0.004,0.048,2.462,1.326,4.431,0.232,9.106
FireSmokeVideoNEW22_f2_jpg.rf.5afaf3ae732bc8f876a9a4472b83d758.jpg,1,1,1.0,0.205,0.004,0.048,2.475,1.012,4.42,0.237,8.788
FireSmokeVideoNEW22_f4_jpg.rf.203f7831badeb4e02951fe9665c7f685.jpg,1,1,1.0,0.208,0.003,0.046,2.567,1.007,4.314,0.23,8.759
FireSmokeVideoNEW230_f1_jpg.rf.92be5e622a84e8eeda101de1d8b6f006.jpg,1,1,1.0,0.209,0.004,0.043,5.327,1.699,4.293,0.247,12.208
FireSmokeVideoNEW230_f2_jpg.rf.b516a23e0ee4265b82e9c124ae5403e7.jpg,1,1,1.0,0.206,0.004,0.049,3.304,1.259,4.399,0.253,9.869
FireSmokeVideoNEW230_f3_jpg.rf.eb9208f420689ab949ebbd9d144630f7.jpg,1,1,1.0,0.202,0.004,0.046,2.204,1.097,4.351,0.222,8.519
FireSmokeVideoNEW231_f13_jpg.rf.7eda31debd5ace8bf178efb2d8eee062.jpg,1,1,1.0,0.203,0.004,0.046,2.484,1.105,4.33,0.221,8.78
FireSmokeVideoNEW231_f18_jpg.rf.e12984d2a281af25030f7fc539b979ff.jpg,1,1,1.0,0.213,0.004,0.046,6.035,3.314,5.399,0.434,16.429
FireSmokeVideoNEW231_f3_jpg.rf.ac0fdc2f62e6f6f0fe35fadafd65eea3.jpg,1,1,1.0,0.238,0.004,0.047,4.269,1.194,9.008,0.251,15.398
FireSmokeVideoNEW231_f8_jpg.rf.5a73d4cdd0134ebf3f0eccf6435271ba.jpg,1,1,1.0,0.261,0.004,0.046,2.29,1.152,4.392,0.241,8.807
FireSmokeVideoNEW232_f10_jpg.rf.5d4a0d582228afc4599a8941859c79ec.jpg,1,1,0.9932,0.2,0.004,0.047,4.15,1.149,4.349,0.22,10.531
FireSmokeVideoNEW232_f12_jpg.rf.b5ec45b788bf7591660aeb1c7e7a6c5c.jpg,1,1,0.9975,0.198,0.004,0.047,4.212,1.486,4.367,0.236,10.963
FireSmokeVideoNEW232_f1_jpg.rf.088b08a0eb2f4470fd648ce9722d4817.jpg,1,1,0.9996,0.198,0.004,0.048,4.23,1.164,4.316,0.223,10.615
FireSmokeVideoNEW232_f21_jpg.rf.271771bf62fffe17129aabb112008ce5.jpg,1,1,1.0,0.205,0.004,0.05,8.258,3.039,4.409,0.243,16.656
FireSmokeVideoNEW232_f26_jpg.rf.a179bf547e32adc65897235b8a4e5092.jpg,1,1,0.9831,0.203,0.004,0.048,4.649,1.064,4.379,0.235,10.987
FireSmokeVideoNEW232_f30_jpg.rf.5d755a93dca770aa7d77d49325fcd350.jpg,1,1,0.9979,0.205,0.004,0.049,3.922,1.045,4.333,0.217,10.217
FireSmokeVideoNEW232_f36_jpg.rf.9859fadb31bedf2c1e47c6fd901a5437.jpg,1,1,0.9801,0.207,0.004,0.049,8.886,5.918,7.47,0.242,23.185
FireSmokeVideoNEW232_f3_jpg.rf.515f75a19104a63f84b9cd97feac0292.jpg,1,1,0.9998,0.202,0.004,0.048,4.724,0.98,4.479,0.237,11.077
FireSmokeVideoNEW232_f46_jpg.rf.d6cb8a4fe0485699a61fcae6ce80714a.jpg,1,1,0.9992,0.29,0.006,0.079,5.573,3.281,5.199,0.362,15.361
FireSmokeVideoNEW232_f4_jpg.rf.37ee1d28f781085cffebace064f9a3b5.jpg,1,1,0.9991,0.299,0.006,0.06,5.68,0.962,4.386,0.335,12.121
FireSmokeVideoNEW232_f51_jpg.rf.f3ab61a78ed50f6db8ee33583eadf077.jpg,1,1,0.9949,0.309,0.005,0.063,3.447,0.952,4.371,0.232,9.748
FireSmokeVideoNEW232_f57_jpg.rf.00352eb95e89173e199ffe02e0a77b79.jpg,1,1,0.9824,0.201,0.004,0.042,3.876,1.587,4.361,0.231,10.714
FireSmokeVideoNEW232_f67_jpg.rf.33421177bbf4e5f31db002f6457f2f1d.jpg,1,1,0.999,0.204,0.004,0.047,3.661,0.984,4.348,0.213,9.844
FireSmokeVideoNEW232_f6_jpg.rf.381e2ade01fd02959728a4fdac8d582a.jpg,1,1,0.9994,0.203,0.004,0.046,6.586,0.965,4.376,0.235,12.797
FireSmokeVideoNEW232_f71_jpg.rf.512281df1df5bc0c90e3b7ac8b428316.jpg,1,1,0.9981,0.282,0.006,0.077,11.323,4.207,4.269,0.244,20.798
FireSmokeVideoNEW232_f75_jpg.rf.8de3236d482920e837e8d8b678a5931c.jpg,1,1,0.9996,0.202,0.004,0.044,7.828,3.959,4.881,0.222,17.668
FireSmokeVideoNEW232_f9_jpg.rf.87ebed201de152bbc4b07674c43088f9.jpg,1,1,0.9998,0.204,0.004,0.047,4.76,0.986,4.622,0.331,11.348
FireSmokeVideoNEW234_f127_jpg.rf.005a291196ed53f9e596dc27892d8242.jpg,1,1,0.9999,0.206,0.004,0.047,2.442,1.075,4.313,0.219,8.671
FireSmokeVideoNEW234_f3_jpg.rf.1c10021a15131173ab90792084ae1ea2.jpg,1,1,1.0,0.209,0.004,0.047,3.877,1.108,4.891,0.36,10.956
FireSmokeVideoNEW234_f4_jpg.rf.544cdf7ddb8c01ea0161540b395cc399.jpg,1,1,1.0,0.195,0.004,0.045,2.119,1.825,4.307,0.219,9.079
FireSmokeVideoNEW234_f55_jpg.rf.e5dd649df426ba0b01e4c6d963216033.jpg,1,1,1.0,0.2,0.004,0.047,2.142,0.944,4.301,0.22,8.261
FireSmokeVideoNEW234_f5_jpg.rf.ea5d1c26f102f98da6cf96bd2b6f891b.jpg,1,1,1.0,0.207,0.004,0.048,2.217,0.916,4.336,0.216,8.307
FireSmokeVideoNEW236_f10_jpg.rf.240f95d69f9989a861a046d9172c6a3b.jpg,1,1,1.0,0.201,0.004,0.045,3.884,1.173,4.419,0.219,10.325
FireSmokeVideoNEW236_f12_jpg.rf.3da857e1bd4ac6513237ae4ff40cbc33.jpg,1,1,0.9999,0.282,0.005,0.07,6.971,3.533,8.495,0.25,20.152
FireSmokeVideoNEW236_f14_jpg.rf.f0ca6c82bcddcc9feb9bc9028a68b120.jpg,1,1,1.0,0.292,0.006,0.078,6.793,1.267,5.315,0.341,14.622
FireSmokeVideoNEW236_f21_jpg.rf.754a675026bcab92408959bfb9e6fcc3.jpg,1,1,1.0,0.313,0.006,0.065,6.145,3.577,5.185,0.224,16.03
FireSmokeVideoNEW236_f3_jpg.rf.42bc417b828648ccddb4878d88cd314a.jpg,1,1,1.0,0.236,0.004,0.046,3.715,1.028,4.376,0.238,10.022
FireSmokeVideoNEW236_f5_jpg.rf.cc8e7b2f8bdb3e0cec2a0ff51fa28c17.jpg,1,1,1.0,0.206,0.004,0.048,3.203,0.969,4.346,0.225,9.381
FireSmokeVideoNEW236_f7_jpg.rf.bd6635dce83880a7113817e083b78be5.jpg,1,1,0.9997,0.209,0.004,0.049,3.992,0.857,4.229,0.239,9.958
FireSmokeVideoNEW236_f9_jpg.rf.168ae9734bfc501bc6d238f8d2f724d8.jpg,1,1,1.0,0.198,0.004,0.045,3.738,0.972,4.367,0.285,9.99
FireSmokeVideoNEW240_f20_jpg.rf.8a6467c957e8c386af2b27d0d934c050.jpg,1,1,0.9713,0.197,0.004,0.045,2.19,0.918,4.306,0.219,8.241
FireSmokeVideoNEW242_f16_jpg.rf.cb5a984c234f69549bd7d8916ecc738a.jpg,1,1,0.9934,0.208,0.004,0.046,5.674,4.073,7.024,0.23,17.649
FireSmokeVideoNEW242_f20_jpg.rf.350ae6f9f4cfaf34dac57b430bf38bd5.jpg,1,1,1.0,0.201,0.004,0.045,3.606,1.349,4.374,0.233,10.203
FireSmokeVideoNEW242_f24_jpg.rf.4f1770fc700b14899ba1bfbb6afbd478.jpg,1,1,1.0,0.403,0.007,0.097,6.507,1.433,4.718,0.234,13.783
FireSmokeVideoNEW242_f26_jpg.rf.683758f071668ddaa0024a468c60f9a7.jpg,1,1,0.9999,0.194,0.004,0.045,2.896,0.942,4.333,0.223,9.002
FireSmokeVideoNEW242_f28_jpg.rf.300cfcb4673b58751e0aaa9c40dd0817.jpg,1,1,0.9999,0.195,0.004,0.05,5.577,3.07,4.796,0.45,14.719
FireSmokeVideoNEW242_f2_jpg.rf.e0fe0c90866be603ef3ea3115d07ae53.jpg,1,1,1.0,0.192,0.004,0.043,2.76,0.947,4.311,0.225,8.861
FireSmokeVideoNEW242_f37_jpg.rf.942cd9e3807e9de01255872d9810dc8e.jpg,1,1,1.0,0.189,0.004,0.043,5.025,2.981,4.312,0.218,13.156
FireSmokeVideoNEW242_f39_jpg.rf.ed7e340bb514103b25521a6342b6d0b8.jpg,1,1,1.0,0.202,0.004,0.048,5.513,5.038,4.629,0.349,16.212
FireSmokeVideoNEW242_f42_jpg.rf.9ef35700b7eefb3f791a6601099ee8d7.jpg,1,1,1.0,0.206,0.004,0.046,5.34,3.453,5.6,0.445,15.557
FireSmokeVideoNEW242_f5_jpg.rf.0862f86903811d26c50e14ae697a7bf3.jpg,1,1,1.0,0.208,0.004,0.049,4.152,0.971,4.289,0.235,10.345
FireSmokeVideoNEW243_f0_jpg.rf.b8ae4899a18f07d0cf66c78b3c5a1dd8.jpg,1,1,1.0,0.211,0.004,0.047,2.307,0.963,4.368,0.228,8.505
FireSmokeVideoNEW243_f21_jpg.rf.20e2bc6a567e338cdc5431cdda1b0f9f.jpg,1,1,1.0,0.204,0.004,0.044,2.603,0.951,4.318,0.221,8.73
FireSmokeVideoNEW243_f3_jpg.rf.ecc4982a917b338aff3cd29cfba69f31.jpg,1,1,1.0,0.203,0.004,0.045,4.672,1.14,4.979,0.344,11.892
FireSmokeVideoNEW243_f44_jpg.rf.2eaf38b6d2a398d6af80bfb726fe7216.jpg,1,1,1.0,0.204,0.004,0.046,3.518,0.949,4.315,0.223,9.645
FireSmokeVideoNEW243_f46_jpg.rf.dc718cf285258cfab125d30992916958.jpg,1,1,0.9933,0.2,0.004,0.046,3.707,2.365,4.354,0.222,11.28
FireSmokeVideoNEW243_f5_jpg.rf.1b86ff64ad83437c640195f462e17ed9.jpg,1,1,1.0,0.198,0.004,0.042,3.059,0.987,4.315,0.222,9.213
FireSmokeVideoNEW245_f16_jpg.rf.affac28f81aa47b4cfb3b2e583a5e036.jpg,1,1,1.0,0.207,0.004,0.046,6.724,1.06,4.336,0.215,12.992
FireSmokeVideoNEW245_f18_jpg.rf.5f6fa5ffb536cb4e8ffc333b31b94060.jpg,1,1,1.0,0.247,0.004,0.046,7.323,3.345,4.716,0.315,16.403
FireSmokeVideoNEW245_f20_jpg.rf.8cdc752d89218b5374439c992813db4f.jpg,1,1,1.0,0.204,0.004,0.048,8.759,1.974,4.425,0.245,16.052
FireSmokeVideoNEW245_f22_jpg.rf.e4b0e4d4004a941c1776c3f52bf3b07f.jpg,1,1,1.0,0.193,0.004,0.049,4.863,1.056,4.315,0.217,11.089
FireSmokeVideoNEW245_f24_jpg.rf.b4e0a941b58e1944a9877a4b56f57db0.jpg,1,1,1.0,0.208,0.004,0.046,4.612,1.044,4.376,0.268,10.959
FireSmokeVideoNEW245_f26_jpg.rf.374fcdbd809ab2419a63cbad47609d73.jpg,1,1,1.0,0.203,0.004,0.051,5.198,1.087,4.335,0.221,11.498
FireSmokeVideoNEW245_f42_jpg.rf.7cb91c9b353d357b7d73e73d1396fb02.jpg,1,1,1.0,0.211,0.004,0.051,6.477,1.269,4.764,0.319,13.572
FireSmokeVideoNEW245_f44_jpg.rf.4f3d7c7339919582cdf9f49155ecf2c0.jpg,1,1,1.0,0.204,0.004,0.046,5.338,1.587,4.313,0.252,12.139
FireSmokeVideoNEW245_f46_jpg.rf.9e327caa1e549bd1bc4dc7387238832b.jpg,1,1,1.0,0.2,0.004,0.047,5.767,1.088,4.389,0.239,12.14
FireSmokeVideoNEW245_f48_jpg.rf.e3aa09c11084c01fb7be091002a9e24c.jpg,1,1,1.0,0.204,0.004,0.045,5.755,1.047,4.351,0.237,12.045
FireSmokeVideoNEW245_f50_jpg.rf.98199e99f42af44d74f16f98a0b28755.jpg,1,1,1.0,0.198,0.004,0.048,8.155,5.299,8.172,0.284,22.752
FireSmokeVideoNEW246_f0_jpg.rf.d0e9845d36bb6879808a62992a781c24.jpg,1,1,1.0,0.21,0.004,0.049,3.234,1.156,10.026,0.26,15.321
FireSmokeVideoNEW246_f101_jpg.rf.f7312a11e1f33c0f810c995e6172f5f9.jpg,1,1,1.0,0.311,0.006,0.059,3.22,1.03,4.383,0.219,9.627
FireSmokeVideoNEW246_f114_jpg.rf.c54ecf66c9dfabaa65bdc3348dd4649f.jpg,1,1,0.9939,0.203,0.004,0.049,2.35,0.995,4.338,0.214,8.541
FireSmokeVideoNEW246_f116_jpg.rf.0797530111fe7468dfb6e65ad1f61c49.jpg,1,1,0.6434,0.202,0.004,0.046,3.111,0.94,4.321,0.228,9.28
FireSmokeVideoNEW246_f118_jpg.rf.4aa48d18f215cee5d04f5c081db094b0.jpg,1,1,0.9506,0.204,0.003,0.046,4.097,2.939,4.391,0.237,12.306
FireSmokeVideoNEW246_f120_jpg.rf.9a867e176f5c7410d35704589b5f0dd6.jpg,1,1,0.9568,0.206,0.004,0.045,2.214,1.044,6.256,0.221,10.378
FireSmokeVideoNEW246_f122_jpg.rf.9ecff2c111b84f25d3a4dfb2e8316c54.jpg,1,1,0.8139,0.196,0.004,0.047,4.983,3.615,4.439,0.235,13.906
FireSmokeVideoNEW246_f17_jpg.rf.4ceac16aeb284b22058948b39bf7f4f3.jpg,1,1,0.9997,0.209,0.004,0.048,8.51,6.204,7.149,0.248,23.187
FireSmokeVideoNEW246_f19_jpg.rf.e5b92864cd4980b8843bf3d0457fe64c.jpg,1,1,1.0,0.245,0.004,0.067,2.706,1.024,4.381,0.218,9.033
FireSmokeVideoNEW246_f20_jpg.rf.390c45f2c210996a34c511ad185f53ed.jpg,1,1,1.0,0.277,0.004,0.044,2.871,1.088,4.194,0.214,9.084
FireSmokeVideoNEW246_f22_jpg.rf.ffde6341071f98a83e38a27464a91568.jpg,1,1,0.995,0.205,0.004,0.047,2.85,1.003,4.299,0.25,9.054
FireSmokeVideoNEW246_f24_jpg.rf.0e0a9f1b7656b23975c740c3db802d52.jpg,1,1,1.0,0.202,0.004,0.046,3.111,1.039,4.352,0.263,9.402
FireSmokeVideoNEW246_f29_jpg.rf.56c1b326a697c030a3632d8e1a2d0008.jpg,1,1,1.0,0.204,0.004,0.047,3.75,1.074,4.393,0.229,10.11
FireSmokeVideoNEW246_f30_jpg.rf.fb8251d2bfa3ad8e70741296130d2d7b.jpg,1,1,1.0,0.202,0.004,0.046,2.932,1.016,4.395,0.234,9.21
FireSmokeVideoNEW246_f39_jpg.rf.7f1e78c38f1141225244982c4bf3fd90.jpg,1,1,0.9999,0.216,0.004,0.049,4.751,1.086,4.407,0.237,11.152
FireSmokeVideoNEW246_f40_jpg.rf.ce1cd9a166466167c408fafad05fcb5c.jpg,1,1,0.9999,0.204,0.004,0.049,4.878,1.083,4.328,0.22,11.165
FireSmokeVideoNEW246_f45_jpg.rf.2bef0d7bfd03bcc11349ab63c01e0354.jpg,1,1,1.0,0.211,0.004,0.052,10.497,4.353,9.878,0.242,25.794
FireSmokeVideoNEW246_f47_jpg.rf.d3ae86391f56dff6ac7f57a4e501bda8.jpg,1,1,0.9996,0.199,0.004,0.048,5.085,2.052,5.353,0.345,13.579
FireSmokeVideoNEW246_f4_jpg.rf.c4616a4f53c69b437bf5edb23eb58402.jpg,1,1,1.0,0.204,0.004,0.046,2.716,1.01,4.383,0.224,8.972
FireSmokeVideoNEW246_f54_jpg.rf.8342f7d2be3363c8e0242c7121d8fc0d.jpg,1,1,0.9592,0.321,0.006,0.066,5.765,1.625,4.901,0.344,13.54
FireSmokeVideoNEW246_f65_jpg.rf.3aae2c8595fe047d0b9031e3b5804f5e.jpg,1,1,0.9905,0.236,0.004,0.047,4.125,1.063,4.316,0.223,10.42
FireSmokeVideoNEW246_f67_jpg.rf.c522f7d025f759951024d1f5ce536e60.jpg,1,1,1.0,0.202,0.004,0.045,3.313,1.646,4.338,0.224,10.169
FireSmokeVideoNEW246_f8_jpg.rf.68b2fb62abf6411d6f639c1c3f5aa3bb.jpg,1,1,1.0,0.2,0.004,0.047,2.585,1.456,4.308,0.219,9.256
FireSmokeVideoNEW246_f97_jpg.rf.dd9b7749d48aa0f976dbcaf5e75e8bf0.jpg,1,1,0.9998,0.214,0.004,0.046,2.414,1.058,4.315,0.212,8.652
FireSmokeVideoNEW246_f99_jpg.rf.02bf10f60d8b1a6ba82b5e928bfb273e.jpg,1,1,0.9804,0.214,0.004,0.048,6.51,5.892,6.591,0.28,19.949
FireSmokeVideoNEW249_f10_jpg.rf.a2031c818c873a4ac0b754042c9ea482.jpg,1,0,0.5459,0.203,0.004,0.048,4.57,1.137,4.239,0.225,10.801
FireSmokeVideoNEW24_f13_jpg.rf.a317f2d56bcda94cb97cf62436f5d32e.jpg,1,1,1.0,0.2,0.004,0.044,2.206,1.029,4.288,0.226,8.38
FireSmokeVideoNEW24_f1_jpg.rf.d3ad263d294b1aede3fbfd33d485dba6.jpg,1,1,1.0,0.201,0.004,0.047,2.181,1.267,4.31,0.218,8.601
FireSmokeVideoNEW24_f22_jpg.rf.7f2bc9a4785440e0b6e6daeb772b302b.jpg,1,1,1.0,0.211,0.004,0.046,2.317,1.014,4.305,0.217,8.491
FireSmokeVideoNEW24_f33_jpg.rf.e5e6458494b5dbafef0058c958cb959a.jpg,1,1,0.9982,0.206,0.004,0.046,5.771,1.143,5.21,0.303,13.251
FireSmokeVideoNEW24_f44_jpg.rf.5d0c9c22217efd669f0695827497572d.jpg,1,1,1.0,0.203,0.004,0.048,2.221,1.04,4.307,0.217,8.423
FireSmokeVideoNEW24_f46_jpg.rf.c1d942063e9aca880d77b7dd545a5754.jpg,1,1,1.0,0.203,0.004,0.048,2.224,1.649,4.309,0.215,9.036
FireSmokeVideoNEW24_f48_jpg.rf.a1812b35fbd4431cc4c85c94ad816d49.jpg,1,1,1.0,0.205,0.004,0.045,2.257,1.281,4.327,0.215,8.718
FireSmokeVideoNEW24_f54_jpg.rf.d96142ba5f27258066adecb90de272ec.jpg,1,1,1.0,0.207,0.004,0.048,5.47,5.228,8.133,0.238,19.876
FireSmokeVideoNEW24_f60_jpg.rf.f1ebdc880e1bcc91aee58222f268ee0e.jpg,1,1,1.0,0.28,0.006,0.077,4.502,2.94,8.836,0.242,17.263
FireSmokeVideoNEW24_f63_jpg.rf.03c49f969686c385e069b9113c736d19.jpg,1,1,1.0,0.311,0.005,0.132,4.573,3.101,5.89,0.37,14.852
FireSmokeVideoNEW24_f70_jpg.rf.9a86d6dfad0e79a67ae55ed6416ec3ff.jpg,1,1,1.0,0.317,0.005,0.066,4.91,3.118,4.62,0.391,13.83
FireSmokeVideoNEW24_f72_jpg.rf.beaf6a0d618ec48746c39d88d1b289df.jpg,1,1,1.0,0.289,0.005,0.06,4.745,3.239,4.436,0.26,13.429
FireSmokeVideoNEW24_f76_jpg.rf.686e1c1de85c5e1ad3d7b5e275d2df54.jpg,1,1,0.9999,0.205,0.004,0.046,4.155,2.986,4.308,0.222,12.302
FireSmokeVideoNEW24_f78_jpg.rf.f8c4a179f08b28b3aacca29ac9c92cb4.jpg,1,1,0.9996,0.198,0.004,0.045,3.488,0.937,4.186,0.22,9.506
FireSmokeVideoNEW251_f10_jpg.rf.541400866b2aba579bcdb76caf3a338f.jpg,1,1,1.0,0.206,0.003,0.049,10.541,5.461,7.055,0.234,23.997
FireSmokeVideoNEW251_f12_jpg.rf.85d3ad499d374561971f57ad4d079829.jpg,1,1,1.0,0.201,0.004,0.045,3.93,1.101,4.699,0.361,10.709
FireSmokeVideoNEW251_f16_jpg.rf.3285e689765e3107919d3c071ee9fb45.jpg,1,1,1.0,0.198,0.004,0.045,3.022,0.927,4.317,0.217,9.096
FireSmokeVideoNEW251_f22_jpg.rf.e3d9c6fa41b8c234dbfa87f3e606bf26.jpg,1,1,1.0,0.206,0.004,0.045,2.9,1.007,4.315,0.214,9.05
FireSmokeVideoNEW251_f24_jpg.rf.72c1196ed7ec56e7fc95cf7d41b8c8b2.jpg,1,1,1.0,0.216,0.004,0.048,4.007,0.839,4.299,0.215,9.998
FireSmokeVideoNEW251_f26_jpg.rf.4956eee32e27e79472637f03db427864.jpg,1,1,1.0,0.2,0.004,0.044,3.236,0.984,4.31,0.218,9.364
FireSmokeVideoNEW251_f28_jpg.rf.d5d77d1341fdd95d00017d860d86835d.jpg,1,1,0.9999,0.201,0.004,0.049,4.825,1.026,4.284,0.217,10.981
FireSmokeVideoNEW251_f2_jpg.rf.207660a329cb32e71b591d7620e9d6ee.jpg,1,1,1.0,0.196,0.004,0.043,2.463,0.95,4.377,0.233,8.635
FireSmokeVideoNEW251_f34_jpg.rf.0b6f0a94d30e437f2f6d8c1a90f96a78.jpg,1,1,0.9999,0.206,0.004,0.049,8.597,7.169,8.233,0.26,25.036
FireSmokeVideoNEW251_f5_jpg.rf.57893ff66f5d16c89cbb35a5a9b62725.jpg,1,1,0.9811,0.202,0.004,0.047,4.609,3.143,4.317,0.22,12.916
FireSmokeVideoNEW251_f9_jpg.rf.249d7624c6fa363d9e41b0ab9a2f6327.jpg,1,1,1.0,0.234,0.004,0.049,5.801,3.006,4.383,0.238,14.111
FireSmokeVideoNEW252_f1_jpg.rf.644c06965eca5f3b556450ea37c27747.jpg,1,1,0.9998,0.202,0.004,0.046,4.455,3.468,4.331,0.223,13.104
FireSmokeVideoNEW252_f45_jpg.rf.8b98db927ef78395da9058306d193102.jpg,1,1,0.9996,0.2,0.004,0.047,9.149,3.558,5.052,0.235,18.773
FireSmokeVideoNEW252_f51_jpg.rf.4751e1373246d5bc57295ba7ff6965bd.jpg,1,1,1.0,0.247,0.005,0.1,9.277,1.351,7.287,0.264,19.041
FireSmokeVideoNEW252_f59_jpg.rf.93fdff5fc44a03cfb24372111bb816c8.jpg,1,1,1.0,0.205,0.004,0.049,3.874,1.002,4.382,0.231,10.149
FireSmokeVideoNEW252_f64_jpg.rf.68fa95b9f56388067421607a368cef2d.jpg,1,1,1.0,0.202,0.004,0.046,3.968,3.361,4.511,0.256,12.752
FireSmokeVideoNEW253_f39_jpg.rf.fb9a239e13210f3ebef4f597588b23fb.jpg,1,1,1.0,0.394,0.004,0.052,3.539,1.963,4.311,0.237,10.938
FireSmokeVideoNEW253_f43_jpg.rf.5a5f91862546726da846953d1f07eb8f.jpg,1,1,0.9997,0.204,0.004,0.05,2.25,1.499,4.379,0.239,9.054
FireSmokeVideoNEW253_f46_jpg.rf.91995eb662334f3d0957cfc515200e44.jpg,1,1,0.9999,0.213,0.004,0.049,3.079,5.585,4.679,0.232,14.223
FireSmokeVideoNEW253_f48_jpg.rf.6a0d36ab045606a51acb516450eb9504.jpg,1,1,0.9972,0.198,0.004,0.049,2.233,0.998,4.308,0.224,8.395
FireSmokeVideoNEW253_f54_jpg.rf.a6475322dd9c9981224c709b6eeb3ce5.jpg,1,1,0.9997,0.203,0.004,0.046,2.386,1.399,4.299,0.222,8.947
FireSmokeVideoNEW253_f64_jpg.rf.1f4f74a5249319102992373b86580c22.jpg,1,1,0.9989,0.2,0.004,0.045,2.435,0.987,4.314,0.22,8.596
FireSmokeVideoNEW253_f98_jpg.rf.730180c169cd3489387a9a5b99952692.jpg,1,1,0.9998,0.202,0.004,0.048,2.233,0.984,4.328,0.218,8.397
FireSmokeVideoNEW256_f0_jpg.rf.21175534bf39e57aee851b1de13350d0.jpg,1,1,1.0,0.208,0.004,0.05,3.935,2.891,4.458,0.23,12.171
FireSmokeVideoNEW256_f11_jpg.rf.40e24a1aeae73281869326a117cf44fe.jpg,1,1,1.0,0.202,0.004,0.047,2.795,1.031,4.383,0.237,9.092
FireSmokeVideoNEW256_f1_jpg.rf.8866be7cbb0dcf462762bd4d392d77d9.jpg,1,1,1.0,0.21,0.004,0.05,4.692,7.099,9.681,0.288,22.86
FireSmokeVideoNEW256_f2_jpg.rf.419b43a44c0f7b085c92185c2c0537c9.jpg,1,1,1.0,0.209,0.004,0.045,2.744,1.007,6.298,0.239,10.94
FireSmokeVideoNEW256_f32_jpg.rf.5ed2d90bbe733c00b9a37b8ad56b0333.jpg,1,1,1.0,0.202,0.004,0.048,2.349,1.097,4.335,0.225,8.648
FireSmokeVideoNEW257_f11_jpg.rf.5f8927b60d1a6891efd7e858e8c3e0e1.jpg,1,1,0.9961,0.21,0.004,0.051,3.543,1.038,4.256,0.232,9.728
FireSmokeVideoNEW257_f18_jpg.rf.0f9cc808c8589d3b56f736680007c7fb.jpg,1,1,0.9979,0.205,0.004,0.048,2.227,0.992,4.398,0.232,8.497
FireSmokeVideoNEW257_f23_jpg.rf.abe3a8bff303926969f378051c208a6a.jpg,1,1,0.9999,0.202,0.004,0.044,2.268,1.031,4.337,0.226,8.5
FireSmokeVideoNEW257_f25_jpg.rf.620dc89a7a566a25516b88b2f10d7799.jpg,1,1,0.9999,0.201,0.004,0.043,2.204,1.104,4.311,0.222,8.475
FireSmokeVideoNEW257_f27_jpg.rf.4438354a029a07cdaccb869873ce4ca1.jpg,1,1,0.9999,0.209,0.004,0.043,2.192,1.099,4.327,0.213,8.48
FireSmokeVideoNEW257_f31_jpg.rf.b6e6b11163061d79f0c2f50fde34e92e.jpg,1,1,0.9994,0.211,0.004,0.048,4.125,1.175,4.67,0.364,11.085
FireSmokeVideoNEW257_f7_jpg.rf.b4c190057546d32b72d7e04d2cbc9f8a.jpg,1,1,0.9999,0.208,0.004,0.046,4.369,5.581,7.891,0.389,19.136
FireSmokeVideoNEW25_f13_jpg.rf.2eaa5308c6c538b5b25f2039317fa207.jpg,1,0,0.6985,0.209,0.004,0.049,6.307,1.382,4.378,0.219,12.953
FireSmokeVideoNEW25_f19_jpg.rf.3549bcf35fc1e41c3fdb36e564e72210.jpg,1,1,0.977,0.206,0.004,0.046,2.603,1.03,4.389,0.235,8.911
FireSmokeVideoNEW25_f22_jpg.rf.8ef2c5ee7dfc6ff95cf68469c972af1f.jpg,1,1,0.7045,0.206,0.004,0.047,4.492,0.969,6.282,0.262,12.659
FireSmokeVideoNEW25_f24_jpg.rf.d978d587fd47ec7589cdb39d1324f4a7.jpg,1,1,0.7856,0.207,0.004,0.049,2.22,0.971,4.371,0.291,8.489
FireSmokeVideoNEW25_f42_jpg.rf.854b871d2bcc068818b226711357d71b.jpg,1,1,0.9999,0.207,0.004,0.047,3.463,1.042,4.33,0.223,9.712
FireSmokeVideoNEW25_f46_jpg.rf.8f3b7c6178fdc60fd3d3c4bafc1664c1.jpg,1,1,0.9687,0.201,0.004,0.047,2.208,0.989,4.323,0.214,8.36
FireSmokeVideoNEW264_f49_jpg.rf.e734114878cd20b393cf439ae4b015fb.jpg,1,1,1.0,0.211,0.004,0.046,2.45,4.542,7.834,0.244,15.72
FireSmokeVideoNEW264_f76_jpg.rf.569a3bae734fc779f72fbf6ed5099965.jpg,1,1,1.0,0.214,0.004,0.051,7.581,6.565,7.065,0.249,22.893
FireSmokeVideoNEW266_f107_jpg.rf.02faea8858fe3f87b8063f0604604b84.jpg,1,1,1.0,0.204,0.004,0.048,2.531,0.967,6.256,0.225,10.615
FireSmokeVideoNEW266_f113_jpg.rf.0ee13ca7bce52f98cc9d6748dc732777.jpg,1,1,1.0,0.202,0.004,0.045,2.207,1.047,4.316,0.219,8.422
FireSmokeVideoNEW266_f13_jpg.rf.2da8d3951c2ab6db859bba437d172e44.jpg,1,1,1.0,0.197,0.004,0.044,4.051,0.962,4.333,0.232,10.193
FireSmokeVideoNEW266_f178_jpg.rf.4d4fc6e36132f06221b0ed5e4088bc50.jpg,1,1,1.0,0.205,0.004,0.048,2.415,0.984,4.309,0.219,8.549
FireSmokeVideoNEW266_f237_jpg.rf.f82396f9f4b30ea31840dbd51f7a8493.jpg,1,1,1.0,0.196,0.004,0.046,2.335,1.18,4.308,0.217,8.649
FireSmokeVideoNEW266_f39_jpg.rf.77b165a2621221e3075da882a7bdbe99.jpg,1,1,1.0,0.197,0.004,0.042,2.555,0.929,4.32,0.216,8.632
FireSmokeVideoNEW267_f101_jpg.rf.63c35ee1bb4f8e8ba47f672adb8edbd6.jpg,1,1,1.0,0.2,0.003,0.043,2.491,1.096,4.312,0.225,8.739
FireSmokeVideoNEW267_f118_jpg.rf.121e20767c49d77df1b806b2087a27b2.jpg,1,1,1.0,0.211,0.004,0.044,3.005,0.799,6.233,0.221,10.887
FireSmokeVideoNEW267_f121_jpg.rf.e26cd978de539fcea0af98b7ba6fc31f.jpg,1,1,1.0,0.208,0.004,0.044,4.525,4.137,6.5,0.242,16.06
FireSmokeVideoNEW267_f145_jpg.rf.4e25c29571910a8193b1dd547f2ddb9a.jpg,1,1,1.0,0.2,0.004,0.049,2.591,0.914,4.892,0.228,9.238
FireSmokeVideoNEW267_f147_jpg.rf.4ae496d4bbd2b96a928b170a6937b2b8.jpg,1,1,1.0,0.198,0.004,0.047,4.989,3.238,4.42,0.239,13.518
FireSmokeVideoNEW267_f83_jpg.rf.113dd99201cd8e546b69b03c7f7bac4a.jpg,1,1,1.0,0.203,0.004,0.045,4.851,3.462,4.372,0.234,13.547
FireSmokeVideoNEW267_f93_jpg.rf.1646a38a12d2312e7e0e54b4d6f7f497.jpg,1,1,1.0,0.252,0.004,0.046,3.955,2.972,4.377,0.284,12.264
FireSmokeVideoNEW269_f10_jpg.rf.17d96b45a4eac9157520e5aa71774678.jpg,1,1,1.0,0.198,0.004,0.046,3.422,2.926,4.298,0.22,11.488
FireSmokeVideoNEW269_f31_jpg.rf.977449849ee1d1b4cd28604a98013e1b.jpg,1,1,1.0,0.196,0.004,0.048,3.774,2.912,4.391,0.249,11.947
FireSmokeVideoNEW269_f33_jpg.rf.8b38bd9fc843c1946c4c9566fcbcdebe.jpg,1,1,1.0,0.197,0.004,0.044,3.81,3.237,4.319,0.217,12.21
FireSmokeVideoNEW269_f36_jpg.rf.6b45f2c36c902aa2f7a646fac4bd3551.jpg,1,1,1.0,0.2,0.004,0.045,3.841,2.995,4.288,0.219,11.973
FireSmokeVideoNEW269_f45_jpg.rf.3ea593179185b2a02eff432376e589f2.jpg,1,1,1.0,0.209,0.004,0.045,4.851,1.893,9.351,0.235,16.964
FireSmokeVideoNEW269_f61_jpg.rf.6bc5727e306edc11b524c4746860178f.jpg,1,1,1.0,0.303,0.006,0.058,2.938,0.938,4.389,0.213,9.214
FireSmokeVideoNEW269_f78_jpg.rf.948530e5f32ad9506e4d005519b1fe9a.jpg,1,1,1.0,0.196,0.004,0.044,2.281,1.003,4.307,0.212,8.417
FireSmokeVideoNEW269_f8_jpg.rf.c26651df50fe12ba3103e33a592f4ebb.jpg,1,1,1.0,0.202,0.004,0.043,3.94,2.989,4.311,0.205,12.063
FireSmokeVideoNEW26_f137_jpg.rf.a9ed46e4eace1936121122bbf35a5430.jpg,1,1,1.0,0.204,0.004,0.045,4.36,2.982,7.153,0.218,15.336
FireSmokeVideoNEW26_f139_jpg.rf.ba1b0babc498c22ebaf50c3930711e5b.jpg,1,1,0.9884,0.203,0.004,0.046,5.025,3.618,4.311,0.218,13.795
FireSmokeVideoNEW26_f141_jpg.rf.a5fa0a322501fa9aa5f2c0fab23d79dd.jpg,1,1,0.9998,0.199,0.004,0.042,2.709,0.906,4.295,0.219,8.735
FireSmokeVideoNEW26_f160_jpg.rf.a7025e07062fe6c456bc401c19e0b8cc.jpg,1,1,1.0,0.188,0.004,0.042,4.586,3.074,4.453,0.264,13.01
FireSmokeVideoNEW26_f71_jpg.rf.dc98f99d0595cb8a275c8c9afe655280.jpg,1,1,0.9999,0.206,0.004,0.046,4.815,2.535,4.401,0.244,12.642
FireSmokeVideoNEW26_f73_jpg.rf.a4c7819457d40ffafe8bc3c8b510744c.jpg,1,1,0.9999,0.204,0.004,0.045,4.023,0.967,6.296,0.266,12.241
FireSmokeVideoNEW26_f7_jpg.rf.57f0610ef4fec7f7361b67920ce3281f.jpg,1,1,1.0,0.204,0.004,0.046,3.583,0.933,4.558,0.355,10.055
FireSmokeVideoNEW26_f9_jpg.rf.199dead260e12ae0bf89eeb54cb43bb3.jpg,1,1,1.0,0.207,0.004,0.047,2.336,0.932,4.358,0.215,8.466
FireSmokeVideoNEW274_f22_jpg.rf.02cd1a9e0dfe7bf250bafeb57c2fc46f.jpg,1,1,1.0,0.202,0.004,0.048,2.876,1.302,5.046,0.212,10.183
FireSmokeVideoNEW277_f106_jpg.rf.09d13a0b9f5dae6b37b4df7ad76bc80f.jpg,1,1,1.0,0.215,0.004,0.049,2.449,1.055,5.621,0.316,10.202
FireSmokeVideoNEW277_f112_jpg.rf.5bf0e71562583b311f55ca80b537896a.jpg,1,1,1.0,0.297,0.005,0.063,3.115,0.894,4.351,0.215,9.306
FireSmokeVideoNEW277_f16_jpg.rf.f38d7b7283773e95c837a4a88b043def.jpg,1,1,1.0,0.196,0.004,0.043,3.511,0.995,4.327,0.21,9.648
FireSmokeVideoNEW277_f23_jpg.rf.26a5a9e63a6231703ed81eb83e506ae8.jpg,1,1,1.0,0.198,0.004,0.044,7.104,6.954,10.65,0.258,25.863
FireSmokeVideoNEW277_f2_jpg.rf.6de584ba8f4bf4e8f28b6b12e02fce56.jpg,1,1,0.9999,0.3,0.006,0.064,8.585,3.18,7.664,0.244,20.57
FireSmokeVideoNEW277_f32_jpg.rf.821c4696b6666d1fc23b5e7dea66f891.jpg,1,1,1.0,0.299,0.006,0.06,7.288,0.975,4.29,0.221,13.597
FireSmokeVideoNEW277_f34_jpg.rf.7e70c7a467ae2e47817342d4fb2a0827.jpg,1,1,1.0,0.198,0.004,0.047,4.122,0.965,4.292,0.217,10.223
FireSmokeVideoNEW277_f3_jpg.rf.16feece04ba7228a83655f5a70f1ceba.jpg,1,1,1.0,0.199,0.004,0.044,4.886,1.619,4.286,0.217,11.626
FireSmokeVideoNEW277_f42_jpg.rf.bfa88f7ad8c4a729098ba826f60065bd.jpg,1,1,1.0,0.2,0.004,0.042,2.386,0.912,4.291,0.215,8.416
FireSmokeVideoNEW277_f4_jpg.rf.81c483c3c5d7ba3da0512eb641f4114d.jpg,1,1,1.0,0.205,0.004,0.045,4.837,1.021,4.312,0.211,11.008
FireSmokeVideoNEW277_f54_jpg.rf.8290d81b12f806e3a23c324952744a5e.jpg,1,1,1.0,0.206,0.004,0.045,2.493,0.799,4.197,0.25,8.358
FireSmokeVideoNEW277_f5_jpg.rf.43dfbd60ba2af38be3249f10ec1c6dd2.jpg,1,1,1.0,0.211,0.004,0.051,10.189,3.022,4.461,0.329,18.662
FireSmokeVideoNEW277_f6_jpg.rf.9246e9ca42b4ef5ffa450917955996b2.jpg,1,1,1.0,0.199,0.004,0.047,7.502,3.531,5.129,0.315,17.229
FireSmokeVideoNEW277_f76_jpg.rf.e896d63db2a85b0c36821d3664707386.jpg,1,1,1.0,0.301,0.006,0.06,4.535,3.005,4.29,0.217,12.791
FireSmokeVideoNEW277_f84_jpg.rf.de4caae65922aafc13677ba531cf76c2.jpg,1,1,1.0,0.201,0.004,0.044,4.008,2.986,4.302,0.231,12.147
FireSmokeVideoNEW27_f60_jpg.rf.038ba34328502532e3c1154c93793d2f.jpg,1,1,1.0,0.205,0.004,0.048,4.75,3.386,4.463,0.238,13.476
FireSmokeVideoNEW27_f62_jpg.rf.c1c3a5e618dfc2300dc019930e34b3ae.jpg,1,1,1.0,0.438,0.005,0.086,3.042,1.246,4.946,0.223,10.481
FireSmokeVideoNEW27_f64_jpg.rf.be4a9aaace2c63021410de1caab71d9e.jpg,1,1,1.0,0.201,0.004,0.044,3.832,0.961,4.651,0.356,10.427
FireSmokeVideoNEW27_f66_jpg.rf.22def0fbf44790ff0e2de2bb0c4201b9.jpg,1,1,0.9998,0.208,0.004,0.046,4.621,3.694,4.452,0.257,13.661
FireSmokeVideoNEW29_f10_jpg.rf.8e2833f2331a68683bbe20ec22fccdbd.jpg,1,1,1.0,0.213,0.004,0.045,3.112,2.944,4.264,0.238,11.214
FireSmokeVideoNEW29_f15_jpg.rf.af74892cfd1d8c526d2b6f4807915809.jpg,1,1,0.9999,0.201,0.004,0.047,4.652,3.561,4.522,0.234,13.601
FireSmokeVideoNEW29_f17_jpg.rf.5151a7a20f43e42120cfac986cec2f39.jpg,1,1,1.0,0.203,0.004,0.046,3.946,2.841,4.48,0.235,12.142
FireSmokeVideoNEW29_f25_jpg.rf.2ad0615bf93adcec78cabdaf0440d4c0.jpg,1,1,1.0,0.202,0.004,0.047,3.764,2.906,4.364,0.236,11.971
FireSmokeVideoNEW29_f27_jpg.rf.fdacc6730c826df2ae581d71f2b777bc.jpg,1,1,1.0,0.193,0.004,0.045,3.689,3.443,4.306,0.22,12.281
FireSmokeVideoNEW29_f5_jpg.rf.c884fffd4ce9b1eb0a67f95bafaa8e52.jpg,1,1,1.0,0.201,0.004,0.046,2.346,0.788,4.171,0.254,8.168
FireSmokeVideoNEW31_f0_jpg.rf.8c3177ba1b33003e26ebb311b7ea751a.jpg,1,1,1.0,0.195,0.004,0.045,2.496,0.928,4.296,0.217,8.545
FireSmokeVideoNEW31_f127_jpg.rf.0c2aa3f9cdfa16db038d4b9453ee01d7.jpg,1,1,1.0,0.225,0.004,0.044,2.208,0.914,4.315,0.22,8.292
FireSmokeVideoNEW31_f13_jpg.rf.d1126db2923b8b99a8ba03fe2983f026.jpg,1,1,1.0,0.228,0.004,0.052,6.752,3.596,6.974,0.243,18.234
FireSmokeVideoNEW31_f1_jpg.rf.3c6c950a2ed874683574dfa4d38bd25a.jpg,1,1,1.0,0.204,0.004,0.044,4.115,2.957,4.381,0.23,12.315
FireSmokeVideoNEW31_f27_jpg.rf.d6492c725bf7e3bfe7eed589dc8571a6.jpg,1,1,1.0,0.202,0.004,0.045,3.516,1.479,5.14,0.237,11.134
FireSmokeVideoNEW31_f30_jpg.rf.3dd6e3ba6fb8657caa2190bd9eb22e6f.jpg,1,1,1.0,0.3,0.006,0.062,3.201,1.495,4.386,0.27,10.09
FireSmokeVideoNEW31_f32_jpg.rf.9d38b6dc5b13b67a5546f72b78531e6a.jpg,1,1,1.0,0.208,0.004,0.046,2.179,0.932,4.382,0.29,8.455
FireSmokeVideoNEW31_f40_jpg.rf.3dd823019fe152f2623dc4ef465c1d9d.jpg,1,1,1.0,0.193,0.004,0.045,2.28,2.563,4.314,0.217,9.992
FireSmokeVideoNEW31_f47_jpg.rf.23dcad470ad03987dfae09a9b9edcc7e.jpg,1,1,1.0,0.204,0.004,0.045,4.608,2.956,4.361,0.233,12.842
FireSmokeVideoNEW31_f55_jpg.rf.9f756f8ea534a9ca9aee2b44e730e082.jpg,1,1,1.0,0.204,0.004,0.048,4.397,1.262,4.923,0.336,11.651
FireSmokeVideoNEW31_f67_jpg.rf.a700eaa5299866ede9bbdf9be7b2a56b.jpg,1,1,0.9998,0.204,0.004,0.045,3.072,3.552,4.326,0.214,11.779
FireSmokeVideoNEW31_f86_jpg.rf.d0840f0493b5bd6f596350694d9a3715.jpg,1,1,1.0,0.203,0.004,0.045,4.863,5.135,4.164,0.221,15.005
FireSmokeVideoNEW35_f10_jpg.rf.6594b28e06353a07284e2f3302fb5a0a.jpg,1,1,0.9402,0.3,0.006,0.058,4.594,1.445,4.676,0.417,12.046
FireSmokeVideoNEW35_f118_jpg.rf.12e980bcb7a3263b616167caaf3b29a0.jpg,1,1,0.9954,0.385,0.007,0.076,2.833,1.227,5.12,0.259,10.397
FireSmokeVideoNEW35_f122_jpg.rf.16f0e135a405be407794b5ae549f4301.jpg,1,1,0.974,0.306,0.006,0.059,2.802,0.891,4.193,0.221,8.847
FireSmokeVideoNEW35_f14_jpg.rf.9822efb7cea5a93c34c4e22be1de699b.jpg,1,1,0.7113,0.202,0.004,0.043,2.124,0.935,4.38,0.22,8.267
FireSmokeVideoNEW35_f173_jpg.rf.deeced22196d23be062cbcc3b4891593.jpg,1,1,0.9999,0.197,0.004,0.092,2.091,1.526,4.27,0.216,8.793
FireSmokeVideoNEW35_f176_jpg.rf.d32791cdd927eee65063b56c6f5aff30.jpg,1,1,0.9999,0.239,0.004,0.043,2.278,0.922,4.374,0.211,8.425
FireSmokeVideoNEW35_f180_jpg.rf.a9be809218a94fed76e493a34764822c.jpg,1,1,0.9991,0.201,0.004,0.043,2.128,1.017,4.305,0.212,8.27
FireSmokeVideoNEW35_f203_jpg.rf.742030bca636ed9683686440d8fadd69.jpg,1,1,0.9999,0.208,0.003,0.046,4.177,3.215,4.237,0.223,12.493
FireSmokeVideoNEW35_f205_jpg.rf.b92e0f9847c66aa6d86bbf0c5a29f079.jpg,1,1,0.9996,0.203,0.004,0.047,8.007,0.919,4.422,0.227,14.193
FireSmokeVideoNEW35_f21_jpg.rf.9fdac7de0ff6d8162b6604963b09ea74.jpg,1,1,0.7726,0.198,0.004,0.046,2.666,0.867,4.312,0.219,8.674
FireSmokeVideoNEW35_f23_jpg.rf.d330dabc9f71e0a77eb73bb7d8dc480c.jpg,1,1,0.9998,0.198,0.004,0.044,2.72,0.921,4.324,0.219,8.791
FireSmokeVideoNEW35_f25_jpg.rf.d376bc16debc42e7282a4d7d99fa2698.jpg,1,1,0.9998,0.201,0.003,0.044,2.165,0.922,4.369,0.209,8.275
FireSmokeVideoNEW35_f27_jpg.rf.af038d7b62253e3b66b764f22d5421b4.jpg,1,1,0.9992,0.202,0.004,0.044,3.067,1.852,4.297,0.228,10.051
FireSmokeVideoNEW35_f32_jpg.rf.95311ade1067fa155762509fe0f2bebe.jpg,1,1,0.9974,0.197,0.004,0.045,2.199,1.145,4.369,0.217,8.543
FireSmokeVideoNEW35_f3_jpg.rf.d2060302e4ed461339a3a92d32dfddf4.jpg,1,1,0.9335,0.197,0.004,0.045,2.671,0.92,4.339,0.247,8.783
FireSmokeVideoNEW35_f4_jpg.rf.baf1ef1ca16bdaf535443c5e66bef147.jpg,1,1,0.9978,0.196,0.004,0.046,2.176,0.922,4.297,0.211,8.209
FireSmokeVideoNEW35_f62_jpg.rf.844252b9cbe891df62c59d058ed33588.jpg,1,1,0.9996,0.207,0.003,0.043,2.15,0.922,4.291,0.215,8.188
FireSmokeVideoNEW35_f6_jpg.rf.71fd2e537b6edaf6dc30e29fe1e4d4b3.jpg,1,1,0.9451,0.194,0.004,0.045,4.267,0.865,4.192,0.215,10.146
FireSmokeVideoNEW35_f77_jpg.rf.8a1940b7b15aea1c42fa0dfee03ec40a.jpg,1,1,0.9992,0.213,0.004,0.045,6.805,4.133,6.192,0.231,18.003
FireSmokeVideoNEW35_f81_jpg.rf.9d5e5f6c22b4e9bc17c660a1ada3ca23.jpg,1,1,0.8141,0.205,0.004,0.044,2.242,0.928,4.372,0.232,8.39
FireSmokeVideoNEW35_f87_jpg.rf.db9588772742238059a982e0c1fa6cae.jpg,1,1,0.9908,0.195,0.004,0.043,2.516,0.914,4.368,0.217,8.618
FireSmokeVideoNEW35_f91_jpg.rf.f6da1955af8a14bd82eff3b2d9bfdc45.jpg,1,1,0.9995,0.209,0.004,0.043,2.136,0.913,4.308,0.219,8.255
FireSmokeVideoNEW38_f10_jpg.rf.22df74a0785588255ea78153e2f436b4.jpg,1,1,1.0,0.204,0.004,0.041,2.831,2.062,4.286,0.213,10.005
FireSmokeVideoNEW38_f15_jpg.rf.cb75043ebfbfb8e6ec8c04f58959d20f.jpg,1,1,1.0,0.199,0.004,0.046,2.2,0.988,4.287,0.214,8.3
FireSmokeVideoNEW38_f17_jpg.rf.1646d3035bbf07bf0881df1f4abc2083.jpg,1,1,1.0,0.201,0.004,0.045,2.909,0.931,4.362,0.224,9.034
FireSmokeVideoNEW38_f40_jpg.rf.4c5b5f13191256490df75de68043deaa.jpg,1,1,1.0,0.2,0.004,0.046,2.219,0.917,4.411,0.225,8.385
FireSmokeVideoNEW38_f43_jpg.rf.594a8c02951151bb6211e90cf62c11a4.jpg,1,1,1.0,0.201,0.003,0.043,2.133,0.915,4.457,0.222,8.333
FireSmokeVideoNEW38_f45_jpg.rf.078930b7aca6aff0ed4b6679f6b8451f.jpg,1,1,1.0,0.21,0.004,0.046,6.103,3.851,6.846,0.232,17.693
FireSmokeVideoNEW38_f54_jpg.rf.972eae67925b5ecee5fbfb28c442d8d3.jpg,1,1,1.0,0.195,0.004,0.044,2.079,0.847,5.727,0.214,9.47
FireSmokeVideoNEW38_f7_jpg.rf.c659a9acd380439d08ae6940744107ff.jpg,1,1,1.0,0.195,0.004,0.048,2.192,0.93,4.303,0.215,8.24
FireSmokeVideoNEW3_f15_jpg.rf.1081b06a3c2748d83ac64669856e79b2.jpg,1,1,1.0,0.192,0.004,0.045,3.483,0.971,4.294,0.21,9.563
FireSmokeVideoNEW3_f21_jpg.rf.f724885ceca326978ace0ffda40d9502.jpg,1,1,1.0,0.198,0.004,0.046,2.48,0.908,4.308,0.217,8.522
FireSmokeVideoNEW3_f2_jpg.rf.e60be14df4808f7294fd069c36790326.jpg,1,1,1.0,0.216,0.004,0.046,3.101,1.379,4.821,0.35,10.343
FireSmokeVideoNEW3_f3_jpg.rf.01b4621d8e3194f1d3fbbaeb1cc64806.jpg,1,1,1.0,0.203,0.004,0.046,2.639,0.927,4.37,0.227,8.776
FireSmokeVideoNEW40_f16_jpg.rf.102bef74efdc92efde85b02586cab97f.jpg,1,1,1.0,0.199,0.004,0.047,2.146,0.935,4.319,0.221,8.28
FireSmokeVideoNEW40_f18_jpg.rf.19806f837916e1673c74c9bbcd924cd7.jpg,1,1,1.0,0.223,0.004,0.046,2.173,0.917,4.372,0.268,8.363
FireSmokeVideoNEW40_f1_jpg.rf.f77eee4e7a13d1f27e173db990f994ce.jpg,1,1,1.0,0.205,0.004,0.046,7.209,6.915,7.12,0.237,22.267
FireSmokeVideoNEW40_f21_jpg.rf.6f5b514f8bfc06ba7d6cd4bb70180881.jpg,1,1,1.0,0.194,0.003,0.043,3.197,2.801,4.197,0.223,11.028
FireSmokeVideoNEW40_f23_jpg.rf.8f33e997b3b48e9f166e42b8aef89256.jpg,1,1,1.0,0.2,0.004,0.047,2.181,0.914,4.349,0.213,8.268
FireSmokeVideoNEW40_f2_jpg.rf.7b59cc53447b7dfd356e30de13e4413a.jpg,1,1,1.0,0.192,0.004,0.047,2.295,0.916,4.301,0.217,8.377
FireSmokeVideoNEW40_f37_jpg.rf.d988e41b08831d2451907fa03ce84a58.jpg,1,1,1.0,0.197,0.003,0.045,2.217,1.033,4.316,0.21,8.381
FireSmokeVideoNEW40_f4_jpg.rf.fe367aa5fbdc677e7650ba3741527964.jpg,1,1,1.0,0.194,0.004,0.045,2.164,0.978,4.305,0.211,8.251
FireSmokeVideoNEW40_f6_jpg.rf.474d4d3f3a86310484fe42ba756e67f8.jpg,1,1,1.0,0.205,0.004,0.045,4.427,3.486,4.38,0.263,13.188
FireSmokeVideoNEW40_f8_jpg.rf.f81401ca14dbf9768eef7ef78497b6a5.jpg,1,1,1.0,0.204,0.004,0.047,2.965,0.927,4.355,0.229,9.102
FireSmokeVideoNEW42_f27_jpg.rf.99252134062c904aa86fb6321910e066.jpg,1,1,1.0,0.199,0.004,0.044,7.318,4.261,7.137,0.253,19.741
FireSmokeVideoNEW42_f29_jpg.rf.b1fd27c83a9ab38250c7d1aecc5ed389.jpg,1,1,1.0,0.221,0.004,0.046,4.645,2.998,6.31,0.216,14.822
FireSmokeVideoNEW42_f31_jpg.rf.eec1b63f9169e7e850712e19316f4dba.jpg,1,1,1.0,0.2,0.004,0.044,4.399,3.023,4.328,0.216,12.592
FireSmokeVideoNEW43_f0_jpg.rf.c803d42e9dfcc0f184208a6cfc607558.jpg,1,1,1.0,0.198,0.004,0.046,4.212,2.974,4.424,0.219,12.461
FireSmokeVideoNEW43_f119_jpg.rf.2fc8b2a7ad67c33e71458f4836ca2d95.jpg,1,1,1.0,0.197,0.004,0.044,3.932,2.982,4.309,0.218,12.062
FireSmokeVideoNEW43_f135_jpg.rf.63707d9b182d93572f75219705eccf0c.jpg,1,1,1.0,0.204,0.004,0.045,4.023,2.989,4.299,0.212,12.15
FireSmokeVideoNEW43_f151_jpg.rf.24f576fa225a18abda7a2fd239f10b85.jpg,1,1,1.0,0.259,0.004,0.046,3.952,2.943,4.4,0.21,12.218
FireSmokeVideoNEW43_f1_jpg.rf.2310e3c5fe9e5383612f329bff47eaa8.jpg,1,1,1.0,0.198,0.004,0.046,4.485,3.196,4.295,0.209,12.801
FireSmokeVideoNEW43_f46_jpg.rf.d63e0607fd5c8d3d4dbbcd7636402655.jpg,1,1,1.0,0.202,0.004,0.047,5.123,6.029,4.366,0.245,16.389
FireSmokeVideoNEW43_f58_jpg.rf.b3d534991846f7f0c3be9c8fbd069b26.jpg,1,1,1.0,0.199,0.004,0.049,6.557,5.544,4.265,0.221,17.218
FireSmokeVideoNEW43_f62_jpg.rf.82ed45487cee94fee922be6cd05861a5.jpg,1,1,1.0,0.197,0.004,0.045,6.328,1.207,4.322,0.221,12.687
FireSmokeVideoNEW43_f6_jpg.rf.28701c4a24bdca1bdda4665b2073487c.jpg,1,1,0.9997,0.199,0.004,0.046,2.194,1.363,4.337,0.219,8.721
FireSmokeVideoNEW43_f7_jpg.rf.4b141a903f849b42edc219e447f6ea6f.jpg,1,1,1.0,0.206,0.004,0.045,2.273,0.916,4.305,0.212,8.32
FireSmokeVideoNEW43_f93_jpg.rf.4bb70f866badfb4bf186f497a8e15dde.jpg,1,1,1.0,0.208,0.003,0.049,2.668,0.87,4.296,0.211,8.676
FireSmokeVideoNEW44_f10_jpg.rf.1a099b11831ea324b86b7db6aad4e190.jpg,1,1,1.0,0.197,0.004,0.044,2.735,0.993,4.299,0.208,8.846
FireSmokeVideoNEW44_f12_jpg.rf.287d396056e5d666fc90652fd12aa11b.jpg,1,1,1.0,0.195,0.004,0.043,2.621,0.972,4.326,0.209,8.729
FireSmokeVideoNEW44_f1_jpg.rf.8fd84f8ede5e0d1b75fb66a03c104345.jpg,1,1,1.0,0.197,0.004,0.046,2.211,0.972,4.31,0.211,8.316
FireSmokeVideoNEW44_f29_jpg.rf.90948668219ca6b432c4311b3d1fe87d.jpg,1,1,1.0,0.199,0.004,0.047,5.068,5.059,6.965,0.239,17.961
FireSmokeVideoNEW44_f3_jpg.rf.09b7b07d778ccfbf1aa1d5fd7ab2a489.jpg,1,1,1.0,0.207,0.004,0.046,2.231,0.815,4.231,0.211,8.115
FireSmokeVideoNEW44_f4_jpg.rf.50365b4aea4174a756f3a56fcd6fef37.jpg,1,1,0.9998,0.204,0.004,0.043,2.243,0.902,6.168,0.214,10.142
FireSmokeVideoNEW44_f6_jpg.rf.2d73e91d9b13ec8a2435bae47319d708.jpg,1,1,1.0,0.2,0.004,0.046,2.392,1.012,4.301,0.212,8.536
FireSmokeVideoNEW44_f8_jpg.rf.95a1c81618934dd120a2b651a50fac00.jpg,1,1,0.9999,0.199,0.004,0.043,2.731,0.929,4.334,0.208,8.811
FireSmokeVideoNEW47_f40_jpg.rf.5f060801803bc643ec5f695fee43e04f.jpg,1,1,1.0,0.202,0.004,0.046,2.296,0.917,4.306,0.208,8.34
FireSmokeVideoNEW47_f43_jpg.rf.cf493df141371b9522d667079baaa29b.jpg,1,1,1.0,0.202,0.004,0.045,4.493,1.097,4.408,0.235,10.88
FireSmokeVideoNEW49_f11_jpg.rf.5ef9296295f4d96310d8ad6cd7ce240d.jpg,1,1,0.9913,0.205,0.004,0.086,2.228,0.968,4.488,0.228,8.592
FireSmokeVideoNEW49_f15_jpg.rf.315f582ceebe30dd42fc7f8cff62b979.jpg,1,1,0.9998,0.199,0.004,0.046,2.283,1.109,4.373,0.225,8.622
FireSmokeVideoNEW49_f18_jpg.rf.08625a6c3f2100b04902eabe25650d45.jpg,1,1,1.0,0.216,0.004,0.047,4.563,4.892,7.339,0.361,17.919
FireSmokeVideoNEW49_f2_jpg.rf.72cea76bc326a10997d80a46a3ce5040.jpg,1,1,0.9303,0.202,0.004,0.046,2.23,1.273,6.284,0.23,10.661
FireSmokeVideoNEW49_f31_jpg.rf.b59bbd3f29e6d6b839434a3a209d61a8.jpg,1,1,0.9963,0.213,0.004,0.048,4.238,5.711,4.353,0.231,15.18
FireSmokeVideoNEW49_f3_jpg.rf.185decf90ce201424a98f907394f8c41.jpg,1,1,0.9711,0.2,0.004,0.045,2.493,1.08,4.396,0.228,8.835
FireSmokeVideoNEW49_f58_jpg.rf.4e365c8a4b1900a66a4213a5eaf063e3.jpg,1,1,0.9999,0.202,0.004,0.044,2.651,1.032,4.382,0.229,8.935
FireSmokeVideoNEW49_f6_jpg.rf.11a50cad8492926d357ba9778e6ed649.jpg,1,1,1.0,0.203,0.004,0.046,2.235,1.015,4.322,0.215,8.467
FireSmokeVideoNEW49_f8_jpg.rf.2761b9d61846feba13cac2d062a252f4.jpg,1,1,1.0,0.2,0.003,0.047,2.513,0.994,4.388,0.263,8.788
FireSmokeVideoNEW4_f100_jpg.rf.7ad1d0ad84e3ca0e958dd7071581656a.jpg,1,1,1.0,0.297,0.005,0.072,4.886,1.818,7.127,0.235,14.966
FireSmokeVideoNEW4_f12_jpg.rf.d12325c895ff0c668c6a9eedfd00ba52.jpg,1,1,0.9998,0.2,0.004,0.044,2.365,1.085,4.355,0.22,8.661
FireSmokeVideoNEW4_f13_jpg.rf.01a9bf3d024f7529b6e8c2a06a817604.jpg,1,1,0.9999,0.197,0.004,0.044,2.345,3.587,4.485,0.253,11.352
FireSmokeVideoNEW4_f15_jpg.rf.3fb8f4b1612aca11f76ffddb8151aa4b.jpg,1,1,1.0,0.214,0.004,0.049,4.217,1.158,4.711,0.233,10.989
FireSmokeVideoNEW4_f165_jpg.rf.4ee0f69baae7ce220e922f215fb6edac.jpg,1,1,1.0,0.202,0.004,0.048,3.091,1.315,4.331,0.222,9.599
FireSmokeVideoNEW4_f221_jpg.rf.88b5d675e9d564b0b24ab37bd0fcf432.jpg,1,1,1.0,0.202,0.004,0.046,2.811,1.012,6.278,0.215,10.945
FireSmokeVideoNEW4_f223_jpg.rf.12dd131ba3912381ce3626066fe68f66.jpg,1,1,0.9999,0.207,0.004,0.045,5.298,3.72,5.138,0.341,15.241
FireSmokeVideoNEW4_f239_jpg.rf.29ab8fba092fed08b3ebd8790066b5ee.jpg,1,1,1.0,0.203,0.004,0.047,2.538,0.958,4.432,0.232,8.794
FireSmokeVideoNEW4_f70_jpg.rf.0ec10a95d83c76b8700d0fb944968dee.jpg,1,1,0.9992,0.202,0.004,0.046,2.19,1.002,4.335,0.224,8.378
FireSmokeVideoNEW4_f84_jpg.rf.247fd431e9365939a31d6aef5a7ac968.jpg,1,1,0.9999,0.206,0.004,0.047,2.46,0.955,4.344,0.218,8.618
FireSmokeVideoNEW50_f10_jpg.rf.d3646ae84ac48a36362c6a6dd009147f.jpg,1,1,1.0,0.42,0.004,0.071,3.627,1.295,6.267,0.212,12.269
FireSmokeVideoNEW50_f2_jpg.rf.bc12bfdd4a1f9c0b86e8552fd512e758.jpg,1,1,0.9999,0.271,0.006,0.068,7.726,5.921,6.295,0.26,20.931
FireSmokeVideoNEW50_f5_jpg.rf.3029f1d118e09c470767a7e262ca607e.jpg,1,1,1.0,0.203,0.004,0.047,3.794,1.008,4.304,0.223,10.054
FireSmokeVideoNEW50_f63_jpg.rf.d6b79638d748b7db365c164660df69d5.jpg,1,1,1.0,0.207,0.004,0.047,3.105,1.325,4.292,0.227,9.633
FireSmokeVideoNEW50_f67_jpg.rf.9e7991ed3b82ce54f2a2d9586f9faf4b.jpg,1,1,1.0,0.206,0.004,0.049,3.553,1.068,4.312,0.223,9.815
FireSmokeVideoNEW50_f7_jpg.rf.19d6efa8c83f194ffb376a4a92f4f6f7.jpg,1,1,1.0,0.344,0.004,0.051,5.523,1.745,4.675,0.233,13.027
FireSmokeVideoNEW51_f17_jpg.rf.9f7842f199026aea160bdeb040f718d8.jpg,1,1,0.9995,0.209,0.004,0.046,2.281,0.957,4.316,0.22,8.471
FireSmokeVideoNEW51_f20_jpg.rf.7081febf27c70a1048a3dd6929c35be7.jpg,1,1,1.0,0.205,0.004,0.045,2.395,1.022,4.327,0.217,8.6
FireSmokeVideoNEW51_f28_jpg.rf.48cfd45dadc8564becc83f554de68fd7.jpg,1,1,1.0,0.2,0.004,0.044,2.161,1.024,4.348,0.212,8.369
FireSmokeVideoNEW51_f31_jpg.rf.b1fce11800be6ffe6220fbc9ebfd115a.jpg,1,1,1.0,0.202,0.004,0.042,2.233,1.038,4.313,0.219,8.432
FireSmokeVideoNEW51_f38_jpg.rf.a0c590f3d00cd2d603a5da732c52f004.jpg,1,1,0.9999,0.212,0.004,0.048,2.554,0.998,4.302,0.248,8.742
FireSmokeVideoNEW51_f45_jpg.rf.e8857c8dc3aeb5fa4a28b021cacadfc9.jpg,1,1,1.0,0.216,0.004,0.048,5.343,1.889,6.337,0.23,14.452
FireSmokeVideoNEW52_f117_jpg.rf.4c2486100b798b321e83516cabc9b952.jpg,1,1,1.0,0.199,0.004,0.048,4.974,4.522,5.356,0.406,16.621
FireSmokeVideoNEW52_f25_jpg.rf.70fc20b927b70fdef1c6b38b0bd91294.jpg,1,1,1.0,0.196,0.004,0.045,3.599,0.957,4.384,0.233,9.808
FireSmokeVideoNEW52_f27_jpg.rf.8ca5ff396c7c6b4e7b3c6caa73dd58c5.jpg,1,1,1.0,0.2,0.004,0.044,2.212,1.028,4.338,0.217,8.418
FireSmokeVideoNEW52_f48_jpg.rf.110f8a1d937dabd86246058d3abe0334.jpg,1,1,0.9992,0.208,0.004,0.046,3.409,0.959,4.283,0.234,9.541
FireSmokeVideoNEW52_f56_jpg.rf.4cfea41c17ca8e75d0a847bc08a45843.jpg,1,1,0.9998,0.201,0.004,0.044,2.213,1.132,4.317,0.215,8.506
FireSmokeVideoNEW52_f73_jpg.rf.42f03c3bd3633b39a37dbfa5012e3be6.jpg,1,1,0.9924,0.204,0.003,0.047,2.232,0.955,4.309,0.208,8.332
FireSmokeVideoNEW52_f86_jpg.rf.059741169bf547d1257c50b3c141b680.jpg,1,1,0.9993,0.203,0.004,0.044,2.254,0.952,4.333,0.215,8.378
FireSmokeVideoNEW55_f115_jpg.rf.d1ae9b75ffb1fc11f07252ac292e6431.jpg,1,1,1.0,0.203,0.004,0.047,3.19,5.219,4.516,0.252,13.838
FireSmokeVideoNEW55_f152_jpg.rf.b66429422c18048f82abc66f57384df3.jpg,1,1,1.0,0.272,0.004,0.086,4.992,3.375,4.378,0.238,13.736
FireSmokeVideoNEW55_f154_jpg.rf.74673752682094de5a6b34378ff0e89b.jpg,1,1,1.0,0.197,0.004,0.044,2.221,1.719,4.284,0.222,9.048
FireSmokeVideoNEW55_f25_jpg.rf.b8f388962343ad7c62262e3120adfef6.jpg,1,1,1.0,0.201,0.004,0.046,2.795,1.21,4.317,0.218,9.152
FireSmokeVideoNEW55_f33_jpg.rf.6dfe5220f8b8395651f23aab7782d716.jpg,1,1,1.0,0.201,0.004,0.043,2.129,0.978,4.28,0.214,8.205
FireSmokeVideoNEW55_f35_jpg.rf.b1ba09ffc4711f7e00d1f2f9040ed460.jpg,1,1,1.0,0.247,0.004,0.044,4.67,1.003,4.725,0.353,11.431
FireSmokeVideoNEW55_f39_jpg.rf.bda21bfaa7b58bf9e44f57e04a068571.jpg,1,1,1.0,0.213,0.004,0.047,3.288,1.723,4.692,0.413,10.903
FireSmokeVideoNEW55_f50_jpg.rf.7e57e6c280e07b130928e7b766f59d72.jpg,1,1,1.0,0.2,0.004,0.047,2.795,1.0,4.331,0.259,9.017
FireSmokeVideoNEW55_f64_jpg.rf.8ddb32c3be6ac4b80833b38834ad0018.jpg,1,1,1.0,0.325,0.006,0.066,2.892,0.975,4.31,0.212,9.167
FireSmokeVideoNEW55_f66_jpg.rf.1d537844825b5588928eb942a09d8b55.jpg,1,1,1.0,0.205,0.004,0.046,2.646,1.061,4.317,0.214,8.875
FireSmokeVideoNEW55_f72_jpg.rf.9f614fd81f654f89a0f07ee8c0bf03c0.jpg,1,1,1.0,0.202,0.004,0.049,7.422,5.063,6.511,0.241,20.0
FireSmokeVideoNEW55_f74_jpg.rf.353677df9beecc811dd207738524b80a.jpg,1,1,1.0,0.207,0.004,0.051,4.333,0.986,4.27,0.219,10.466
FireSmokeVideoNEW55_f90_jpg.rf.eaac7ac5a298d9e3c459041ceaf40eef.jpg,1,1,1.0,0.199,0.004,0.046,2.967,0.981,4.337,0.214,9.122
FireSmokeVideoNEW55_f93_jpg.rf.3d60ab78d80b5cba8cadfcfe07d71f34.jpg,1,1,1.0,0.201,0.004,0.044,2.307,1.18,4.325,0.219,8.667
FireSmokeVideoNEW55_f99_jpg.rf.2e8135bbbea4c4f8608077c3d23b9b79.jpg,1,1,1.0,0.199,0.004,0.045,3.421,1.032,4.3,0.219,9.613
FireSmokeVideoNEW58_f10_jpg.rf.34642e8d6104c2cf111d96077f69f349.jpg,1,1,0.9998,0.204,0.004,0.046,2.649,1.008,4.316,0.216,8.832
FireSmokeVideoNEW58_f23_jpg.rf.7aa1922cfe5c0a987bc27e57c9cdee43.jpg,1,1,1.0,0.203,0.004,0.048,4.832,2.822,4.307,0.234,12.837
FireSmokeVideoNEW58_f25_jpg.rf.d2ede85b72b2e3e02c208a61074c897d.jpg,1,1,1.0,0.198,0.004,0.044,2.764,0.962,4.324,0.217,8.89
FireSmokeVideoNEW58_f2_jpg.rf.03e2a75bb1afb651cd8cf3315930f183.jpg,1,1,1.0,0.197,0.004,0.046,2.221,1.139,4.318,0.218,8.523
FireSmokeVideoNEW58_f7_jpg.rf.ca1e260c76e65133a009208a47475de2.jpg,1,1,1.0,0.202,0.003,0.045,3.647,4.142,6.719,0.267,15.427
FireSmokeVideoNEW5_f1_jpg.rf.fc8b943c1d95d048b71778ab67928710.jpg,1,1,1.0,0.21,0.004,0.044,2.879,0.992,4.264,0.237,9.015
FireSmokeVideoNEW5_f24_jpg.rf.27b2c054ee3691848ce763832ed16dc3.jpg,1,1,1.0,0.239,0.004,0.049,4.539,5.444,4.194,0.231,15.073
FireSmokeVideoNEW5_f2_jpg.rf.2936e138aa616aa14219f359f8debd81.jpg,1,1,1.0,0.2,0.003,0.045,6.079,4.31,4.312,0.219,15.549
FireSmokeVideoNEW5_f3_jpg.rf.45d4850aa6d9b9bb8f9d3afbc0c6d3a5.jpg,1,1,1.0,0.228,0.004,0.044,2.216,0.995,4.416,0.219,8.516
FireSmokeVideoNEW5_f5_jpg.rf.60be1f9ed53ebbff57a6e62e52522e8e.jpg,1,1,1.0,0.206,0.004,0.046,2.267,1.01,4.323,0.216,8.449
FireSmokeVideoNEW5_f8_jpg.rf.e335bc657b7862165884e0f8e6fa86d2.jpg,1,1,1.0,0.206,0.004,0.046,2.251,1.004,4.365,0.229,8.502
FireSmokeVideoNEW60_f12_jpg.rf.9ee600591abbeb4a4d576b27a8b8534c.jpg,1,1,1.0,0.207,0.004,0.052,8.485,1.058,4.335,0.234,14.783
FireSmokeVideoNEW60_f38_jpg.rf.81f0837c96882d66a37c9c077e080238.jpg,1,1,1.0,0.206,0.004,0.046,2.854,0.988,4.314,0.227,9.035
FireSmokeVideoNEW60_f46_jpg.rf.961c2dcbda93abfb50002758e070b5bf.jpg,1,1,1.0,0.202,0.004,0.049,3.26,0.972,4.537,0.252,9.669
FireSmokeVideoNEW60_f48_jpg.rf.388f14f791f28de8e5b12b7f2c854282.jpg,1,1,0.9997,0.207,0.004,0.047,7.067,5.132,4.387,0.234,17.515
FireSmokeVideoNEW60_f51_jpg.rf.2468377187eec51e2eecea3d65330d9f.jpg,1,1,1.0,0.204,0.004,0.046,2.281,0.962,4.319,0.219,8.416
FireSmokeVideoNEW60_f53_jpg.rf.e5daa42d0db75cd635b04588a59731ae.jpg,1,1,1.0,0.303,0.029,0.053,3.654,1.25,4.198,0.218,10.093
FireSmokeVideoNEW60_f55_jpg.rf.e7c05e6be084452e955cb31822b2da71.jpg,1,1,1.0,0.202,0.004,0.045,3.021,1.227,4.382,0.225,9.492
FireSmokeVideoNEW60_f58_jpg.rf.6d1442fd8ba37afa5c47043a5cc629e0.jpg,1,1,1.0,0.206,0.004,0.046,2.634,0.972,4.335,0.213,8.785
FireSmokeVideoNEW60_f5_jpg.rf.aa5a968f6e31f82dcc3487faa9615c6d.jpg,1,1,0.9999,0.2,0.004,0.044,2.269,0.966,4.546,0.213,8.62
FireSmokeVideoNEW60_f64_jpg.rf.b96c38426b1e25a56f10f7817118c56a.jpg,1,1,1.0,0.207,0.004,0.046,2.741,0.96,4.329,0.211,8.877
FireSmokeVideoNEW60_f69_jpg.rf.532d6f1cf55d06ded7d5e4243b6535b5.jpg,1,1,1.0,0.21,0.004,0.045,3.066,1.034,6.204,0.211,11.194
FireSmokeVideoNEW60_f70_jpg.rf.865c91bc35778ec0bbe24559b9f2c81d.jpg,1,1,1.0,0.2,0.004,0.045,2.243,0.976,4.306,0.21,8.363
FireSmokeVideoNEW60_f75_jpg.rf.b914a4abfea9b61f512996d147ec0ca3.jpg,1,1,1.0,0.205,0.004,0.043,7.096,6.247,7.99,0.249,22.228
FireSmokeVideoNEW60_f9_jpg.rf.9c8beb518c921372991999ac1c49e40c.jpg,1,1,0.9999,0.196,0.004,0.049,6.913,1.02,4.363,0.217,13.242
FireSmokeVideoNEW65_f117_jpg.rf.1bbdd4f95a006a3b6b1f27ef5f536866.jpg,1,1,1.0,0.212,0.004,0.042,2.191,0.95,4.414,0.219,8.409
FireSmokeVideoNEW65_f11_jpg.rf.50cd474bf007c757d8bc138479805020.jpg,1,1,1.0,0.212,0.004,0.045,5.455,2.034,5.704,0.31,14.35
FireSmokeVideoNEW65_f12_jpg.rf.aa5bbc87c3e07da06a59f895f606509f.jpg,1,1,0.9997,0.201,0.004,0.048,2.577,1.007,4.379,0.232,8.837
FireSmokeVideoNEW65_f14_jpg.rf.87c95776046ba5dabfc6ff1a147df6bd.jpg,1,1,0.9999,0.205,0.004,0.048,2.166,1.0,4.315,0.221,8.349
FireSmokeVideoNEW65_f1_jpg.rf.c3cc440dc95f4454fc091247861e6caa.jpg,1,1,0.9999,0.202,0.004,0.047,2.145,0.951,4.337,0.224,8.336
FireSmokeVideoNEW65_f40_jpg.rf.25e48681a4a80d3e5a7c2d5ef33493ab.jpg,1,1,0.9999,0.208,0.004,0.046,4.335,3.299,4.35,0.235,12.852
FireSmokeVideoNEW65_f46_jpg.rf.4217997f473ffe7da24315de5aaece67.jpg,1,1,1.0,0.211,0.004,0.051,5.915,6.255,7.465,0.246,20.761
FireSmokeVideoNEW65_f50_jpg.rf.d61341ea9e88e5ed5acc90a3297a851a.jpg,1,1,0.9998,0.206,0.004,0.048,4.027,1.002,4.28,0.232,10.19
FireSmokeVideoNEW65_f5_jpg.rf.3441cd75841d6f97430310c78b39d6fa.jpg,1,1,0.9997,0.209,0.004,0.045,2.268,0.997,4.311,0.213,8.427
FireSmokeVideoNEW65_f73_jpg.rf.4766aec0b5f45ce3be112ecf3dd68757.jpg,1,1,0.9994,0.204,0.004,0.048,2.187,1.136,4.295,0.213,8.464
FireSmokeVideoNEW65_f79_jpg.rf.713d994f59767ed9bf9a3cd2b5854501.jpg,1,1,0.9953,0.204,0.004,0.046,2.205,1.047,4.305,0.211,8.4
FireSmokeVideoNEW65_f88_jpg.rf.95d2b25d237ff418711f21e2e2614bf8.jpg,1,1,0.9996,0.212,0.004,0.048,4.165,1.349,4.269,0.231,10.665
FireSmokeVideoNEW66_f14_jpg.rf.482cb0050ef9c8c8a0a968b3943b7694.jpg,1,1,1.0,0.208,0.004,0.046,2.55,1.004,4.335,0.218,8.745
FireSmokeVideoNEW66_f5_jpg.rf.7cb799fabf2d42e0a4f065497d86d27d.jpg,1,1,1.0,0.199,0.003,0.047,2.185,1.099,4.31,0.218,8.442
FireSmokeVideoNEW68_f0_jpg.rf.c6033aa3afcd43addcf5723dc3d55109.jpg,1,1,1.0,0.206,0.004,0.046,2.216,1.006,4.361,0.205,8.422
FireSmokeVideoNEW68_f18_jpg.rf.9d0cd9f0cd43165e76a7e897d52688bc.jpg,1,1,0.9999,0.201,0.004,0.045,2.413,1.006,4.374,0.212,8.627
FireSmokeVideoNEW68_f23_jpg.rf.423c2e6022e5b48f02d1d5bd1b4ce56d.jpg,1,1,1.0,0.202,0.004,0.046,2.489,0.986,4.332,0.22,8.659
FireSmokeVideoNEW68_f2_jpg.rf.b0f36b8ac9a557cbc6240b67da533458.jpg,1,1,1.0,0.236,0.004,0.047,5.062,4.936,8.084,0.356,19.479
FireSmokeVideoNEW68_f36_jpg.rf.9ed01aedaae56ff44ba333675646ba74.jpg,1,1,1.0,0.333,0.004,0.066,2.637,0.949,4.451,0.224,9.051
FireSmokeVideoNEW68_f3_jpg.rf.2bb13b31cfa6035877e0e84c4f1b37d0.jpg,1,1,1.0,0.2,0.004,0.048,5.379,1.219,4.898,0.349,12.603
FireSmokeVideoNEW68_f7_jpg.rf.20a675000fe1db7e2751fdfe45ce1a71.jpg,1,1,1.0,0.197,0.004,0.049,4.692,1.255,4.906,0.357,11.967
FireSmokeVideoNEW68_f9_jpg.rf.cadca7ef759f84b188f1561c1cd133ef.jpg,1,1,1.0,0.207,0.004,0.049,4.868,1.105,4.317,0.226,11.162
FireSmokeVideoNEW69_f14_jpg.rf.8564b48b288a119d4cd9a5e80bf10c47.jpg,1,1,0.9997,0.208,0.004,0.048,4.862,3.509,5.147,0.231,14.399
FireSmokeVideoNEW69_f1_jpg.rf.9e44b871ec373d8efeac083f49c5f705.jpg,1,1,1.0,0.194,0.004,0.045,4.001,2.375,4.878,0.487,12.51
FireSmokeVideoNEW69_f22_jpg.rf.862ea9c76eec91567d9221b2a755959d.jpg,1,1,1.0,0.204,0.004,0.047,2.956,0.955,4.399,0.271,9.217
FireSmokeVideoNEW69_f24_jpg.rf.e26bbf96d54ff4c6de836ba7e204c604.jpg,1,1,1.0,0.213,0.004,0.046,6.163,5.899,9.809,0.361,23.25
FireSmokeVideoNEW69_f28_jpg.rf.5954fde5f89bf91ae38eb2261df37169.jpg,1,1,0.9999,0.319,0.005,0.058,2.804,1.071,4.345,0.222,9.217
FireSmokeVideoNEW69_f33_jpg.rf.110cfd07f30bb04df887e4535ddd2a45.jpg,1,1,0.9998,0.259,0.005,0.096,2.651,1.927,4.213,0.241,9.778
FireSmokeVideoNEW69_f4_jpg.rf.cef4a8aaba081738c8f28ec5cb491daf.jpg,1,1,1.0,0.209,0.004,0.045,2.5,5.84,4.367,0.23,13.565
FireSmokeVideoNEW69_f8_jpg.rf.753be5b79184e5298e5828093e65739e.jpg,1,1,1.0,0.201,0.004,0.048,2.73,0.971,4.318,0.218,8.866
FireSmokeVideoNEW6_f26_jpg.rf.5fc336666efe2dea8e0559f2c13862d5.jpg,1,0,0.6831,0.205,0.014,0.043,2.781,1.013,4.319,0.217,8.991
FireSmokeVideoNEW71_f1_jpg.rf.595d2b88d2c2f78a56d269ef66bb4297.jpg,1,1,0.9997,0.203,0.004,0.046,2.217,1.116,4.314,0.221,8.499
FireSmokeVideoNEW71_f2_jpg.rf.2db0e0efbeb737f7bf96e673cf0dede3.jpg,1,1,1.0,0.202,0.004,0.045,2.207,1.123,4.496,0.212,8.657
FireSmokeVideoNEW71_f4_jpg.rf.d22912ef5fd0628194172fd48f29fe54.jpg,1,1,0.9998,0.201,0.004,0.044,2.207,1.051,4.323,0.208,8.414
FireSmokeVideoNEW71_f6_jpg.rf.a50cdf04986e472627204f7ec4b5f5a6.jpg,1,1,1.0,0.203,0.004,0.046,5.464,4.877,5.93,0.334,17.45
FireSmokeVideoNEW72_f11_jpg.rf.ad5313a830b6d7fee0b6c8f0c56061c3.jpg,1,1,1.0,0.203,0.004,0.045,4.818,3.474,4.215,0.213,13.37
FireSmokeVideoNEW72_f13_jpg.rf.d058cce69315377b7eadf9b7398179cb.jpg,1,1,1.0,0.203,0.004,0.05,2.906,0.951,4.293,0.206,8.992
FireSmokeVideoNEW72_f17_jpg.rf.d570def4b06c76e6cd8e89118bff7fc1.jpg,1,1,1.0,0.206,0.004,0.048,4.25,2.173,4.559,0.217,11.846
FireSmokeVideoNEW72_f22_jpg.rf.9619fa123844ddde152c20ddf323bb0d.jpg,1,1,1.0,0.223,0.004,0.047,2.196,0.966,4.363,0.245,8.42
FireSmokeVideoNEW72_f33_jpg.rf.498d88ae9e2e3fb1e7ec250d119eab2f.jpg,1,1,1.0,0.203,0.003,0.047,2.244,1.048,4.318,0.213,8.458
FireSmokeVideoNEW72_f43_jpg.rf.c3616a9cece886241f5d31d681cf3b82.jpg,1,1,1.0,0.2,0.004,0.047,3.012,1.277,4.842,0.435,10.33
FireSmokeVideoNEW72_f49_jpg.rf.fea0e91163420323b138beb4c050855b.jpg,1,1,1.0,0.204,0.004,0.047,2.24,0.967,4.354,0.231,8.487
FireSmokeVideoNEW72_f62_jpg.rf.6edd68c72b3f5912c3f1bf1213e016e0.jpg,1,1,1.0,0.318,0.006,0.074,4.79,1.285,4.768,0.312,12.076
FireSmokeVideoNEW72_f65_jpg.rf.ff3c8aafe556db2e560fe50f230391b3.jpg,1,1,1.0,0.2,0.004,0.044,4.207,3.341,4.754,0.342,13.295
FireSmokeVideoNEW72_f75_jpg.rf.62c9abfdcae23779e7dc701529aaf536.jpg,1,1,1.0,0.203,0.004,0.045,3.758,3.44,6.962,0.245,15.05
FireSmokeVideoNEW72_f7_jpg.rf.7c62522f90506aa1728fe65b914acf7c.jpg,1,1,1.0,0.206,0.004,0.048,4.231,0.904,4.678,0.339,10.787
FireSmokeVideoNEW74_f21_jpg.rf.c0f9fb0f3f221779c24897948f4ec8d7.jpg,1,1,1.0,0.389,0.008,0.083,5.274,2.368,4.498,0.226,13.325
FireSmokeVideoNEW74_f24_jpg.rf.66168d8081eda452714a8c8f07bbdcd8.jpg,1,1,1.0,0.352,0.006,0.062,3.05,1.017,4.25,0.216,9.332
FireSmokeVideoNEW74_f26_jpg.rf.345c458b97028004ad0acae920cae7b6.jpg,1,1,1.0,0.298,0.004,0.045,2.624,1.127,4.395,0.321,9.189
FireSmokeVideoNEW74_f30_jpg.rf.59c54e77e2c7cc4c68af58a2a5390808.jpg,1,1,1.0,0.291,0.006,0.058,3.237,1.175,5.013,0.219,10.47
FireSmokeVideoNEW74_f32_jpg.rf.4ac20702db05eeec56186d73cbca8766.jpg,1,1,1.0,0.296,0.005,0.057,3.275,0.913,4.385,0.228,9.526
FireSmokeVideoNEW74_f34_jpg.rf.d9724abb9bfaa342616f6c01948fea7f.jpg,1,1,1.0,0.268,0.006,0.072,2.774,1.135,5.198,0.34,10.332
FireSmokeVideoNEW74_f36_jpg.rf.fcbb11b2075d8d9f4dbf6e326a0320dc.jpg,1,1,1.0,0.211,0.004,0.047,3.171,0.782,4.297,0.247,9.13
FireSmokeVideoNEW74_f38_jpg.rf.18ff7f74a408a680122d645d40591e9a.jpg,1,1,1.0,0.208,0.004,0.047,4.723,2.937,8.224,0.245,16.788
FireSmokeVideoNEW74_f41_jpg.rf.a6c359519d19b8ed61be5ff17839f197.jpg,1,1,1.0,0.205,0.004,0.047,2.315,0.988,4.332,0.216,8.495
FireSmokeVideoNEW74_f43_jpg.rf.d00bcca3fb8e0a6d10644bc0b3bd41eb.jpg,1,1,1.0,0.202,0.004,0.043,2.215,0.955,4.319,0.221,8.381
FireSmokeVideoNEW74_f47_jpg.rf.015888a3b5629ef1c46d1f31c1046ab6.jpg,1,1,1.0,0.205,0.004,0.045,2.564,1.322,4.352,0.27,9.148
FireSmokeVideoNEW74_f4_jpg.rf.bcdd36ff2e50cd106574eb5718448952.jpg,1,1,1.0,0.206,0.004,0.049,3.468,0.994,4.207,0.217,9.528
FireSmokeVideoNEW74_f53_jpg.rf.5efb2429584d39e2b2a1a49a423fae0c.jpg,1,1,1.0,0.201,0.004,0.046,4.09,3.196,4.303,0.214,12.431
FireSmokeVideoNEW74_f58_jpg.rf.c150e91787c7f8a20f332da7927e8783.jpg,1,1,1.0,0.2,0.004,0.045,4.177,3.008,4.376,0.237,12.45
FireSmokeVideoNEW74_f60_jpg.rf.1cdc02e995445f11a06bb524a8b70053.jpg,1,1,1.0,0.203,0.004,0.044,3.591,1.667,4.381,0.228,10.501
FireSmokeVideoNEW74_f69_jpg.rf.f6ff5cbdf69fb044623d261520936a7d.jpg,1,1,1.0,0.204,0.004,0.047,2.654,0.989,4.335,0.221,8.838
FireSmokeVideoNEW74_f73_jpg.rf.01c8014550eabc4548809852b07c6a92.jpg,1,1,1.0,0.21,0.004,0.049,5.665,2.138,5.282,0.357,14.304
FireSmokeVideoNEW74_f75_jpg.rf.b29efe2ebb2ba867d688a0fb1ee8e0ee.jpg,1,1,1.0,0.238,0.005,0.056,4.692,4.141,8.417,0.251,18.311
FireSmokeVideoNEW76_f13_jpg.rf.48c07cdb4a4555c8fac7eb90799fd407.jpg,1,1,0.7671,0.198,0.004,0.047,4.333,0.96,4.378,0.231,10.541
FireSmokeVideoNEW76_f15_jpg.rf.0ed5839aa46894923b87d6cecba5efbe.jpg,1,1,0.8503,0.202,0.004,0.048,2.279,0.952,4.371,0.228,8.47
FireSmokeVideoNEW76_f17_jpg.rf.89a5b32599f08ff6d6b144b7e61b9712.jpg,1,0,0.7182,0.203,0.004,0.046,2.242,0.949,4.34,0.216,8.383
FireSmokeVideoNEW76_f19_jpg.rf.78a45915d1eb907788ababec5310ba76.jpg,1,0,0.9111,0.331,0.004,0.051,3.734,1.102,4.21,0.214,10.031
FireSmokeVideoNEW76_f21_jpg.rf.7ff137c89ba1e12c0f41300d976a8900.jpg,1,0,0.8395,0.203,0.004,0.045,3.893,0.991,4.328,0.213,10.057
FireSmokeVideoNEW78_f129_jpg.rf.2d444dd2cf9fec590e4affcc70ee39eb.jpg,1,1,0.9991,0.201,0.004,0.044,4.133,1.244,4.916,0.34,11.457
FireSmokeVideoNEW79_f11_jpg.rf.25292878eba539325fd867ff672153d7.jpg,1,1,1.0,0.2,0.004,0.048,2.99,1.004,4.303,0.216,9.149
FireSmokeVideoNEW79_f13_jpg.rf.f7e5cad16c5c444d4797fdebaedd9a6a.jpg,1,1,1.0,0.203,0.004,0.047,2.614,3.317,4.426,0.237,11.238
FireSmokeVideoNEW7_f106_jpg.rf.ba3ec205bb89efbbfc64fb46305a6ac0.jpg,1,1,1.0,0.241,0.004,0.047,4.419,3.312,9.457,0.297,18.531
FireSmokeVideoNEW7_f114_jpg.rf.19f7a9cac937c20922db17e7843964c3.jpg,1,1,1.0,0.202,0.004,0.044,6.74,5.411,5.047,0.229,18.195
FireSmokeVideoNEW7_f40_jpg.rf.8c23940fa961ed65bde2075a96cf7d5a.jpg,1,1,1.0,0.202,0.004,0.045,4.731,2.18,5.312,0.357,13.356
FireSmokeVideoNEW7_f42_jpg.rf.fc01ed3256e4de328cbb887686c3e2b6.jpg,1,1,1.0,0.203,0.004,0.048,2.277,1.184,4.308,0.223,8.627
FireSmokeVideoNEW7_f56_jpg.rf.72eb0b9c179be3b73389cb4ecb2e66f5.jpg,1,1,1.0,0.2,0.004,0.045,2.256,1.588,4.316,0.219,9.017
FireSmokeVideoNEW7_f69_jpg.rf.1cb69b7fbaee6b6551e64b94bcd6d8a5.jpg,1,1,1.0,0.204,0.004,0.05,3.15,1.123,4.203,0.217,9.345
FireSmokeVideoNEW7_f7_jpg.rf.557a52cc5382677ca0d46f89efc7ed2b.jpg,1,1,1.0,0.206,0.004,0.048,2.532,1.0,4.309,0.214,8.696
FireSmokeVideoNEW7_f8_jpg.rf.5d0ea556bf5d8f7cd1d58eaa3d1842f2.jpg,1,1,1.0,0.199,0.004,0.046,2.27,1.005,4.307,0.216,8.429
FireSmokeVideoNEW80_f11_jpg.rf.05759433efcacb33d8a26468f7585b99.jpg,1,1,1.0,0.202,0.004,0.046,4.078,3.95,7.156,0.214,16.038
FireSmokeVideoNEW80_f13_jpg.rf.9c6a7629abe648bbcf71629b0d7e505e.jpg,1,1,1.0,0.235,0.004,0.047,2.214,1.171,5.255,0.216,9.517
FireSmokeVideoNEW80_f32_jpg.rf.3b5c0b1ebab68acae862f33e0374b3ec.jpg,1,1,0.9429,0.206,0.004,0.05,7.062,1.316,4.228,0.232,13.478
FireSmokeVideoNEW80_f34_jpg.rf.f1c207f818f1cd217bea5c96f9e9d4ab.jpg,1,1,0.9616,0.207,0.004,0.05,4.2,0.928,4.351,0.231,10.339
FireSmokeVideoNEW80_f41_jpg.rf.bab3cbb40abe405482495f7a75346e8f.jpg,1,1,1.0,0.203,0.004,0.044,2.242,0.929,4.356,0.227,8.365
FireSmokeVideoNEW80_f8_jpg.rf.035ed7478daa45c1e06ab3523c909e64.jpg,1,1,1.0,0.201,0.004,0.046,2.264,1.321,4.48,0.269,8.947
FireSmokeVideoNEW81_f18_jpg.rf.8a4deba38a80b2d33016f55eaa30e25b.jpg,1,1,1.0,0.196,0.004,0.045,2.665,1.008,4.343,0.214,8.832
FireSmokeVideoNEW81_f34_jpg.rf.6faebf94308b689b3be118624121310c.jpg,1,1,0.9743,0.207,0.004,0.05,5.374,1.174,5.247,0.332,12.84
FireSmokeVideoNEW81_f36_jpg.rf.671fb0b8fdcd8370174c641d2b48ecbf.jpg,1,1,1.0,0.245,0.003,0.049,2.09,0.918,4.392,0.311,8.366
FireSmokeVideoNEW81_f38_jpg.rf.227b1e5aee07bc90863b964edb44d457.jpg,1,1,1.0,0.21,0.004,0.047,7.992,5.938,4.699,0.226,20.167
FireSmokeVideoNEW81_f3_jpg.rf.caf4eabc98635fd866eb054ff6b28c89.jpg,1,1,1.0,0.296,0.005,0.056,2.696,1.144,4.584,0.213,9.703
FireSmokeVideoNEW81_f44_jpg.rf.3b4966647e8c86694dc973addf81e4b7.jpg,1,1,1.0,0.294,0.006,0.061,2.847,0.937,4.298,0.212,9.015
FireSmokeVideoNEW81_f4_jpg.rf.1c8e0b53c1a60eeca4a1a87725c6a33b.jpg,1,1,1.0,0.205,0.004,0.048,4.671,3.133,4.183,0.21,12.822
FireSmokeVideoNEW81_f51_jpg.rf.6eed84c90fc84bc339ab94acb5f368d5.jpg,1,1,0.637,0.197,0.003,0.045,2.464,0.917,4.414,0.216,8.617
FireSmokeVideoNEW81_f5_jpg.rf.8fe51428c042df33ef7056792bac041e.jpg,1,1,0.9993,0.197,0.004,0.048,2.297,0.916,4.385,0.215,8.421
FireSmokeVideoNEW81_f61_jpg.rf.8821e2feee7a313a5a0fa06f95aaf907.jpg,1,1,0.9996,0.2,0.004,0.045,2.121,0.906,4.313,0.259,8.313
FireSmokeVideoNEW81_f67_jpg.rf.ec30df4bbf4ae496ce1894987521006c.jpg,1,1,0.9952,0.2,0.004,0.044,2.66,0.936,4.364,0.215,8.785
FireSmokeVideoNEW81_f74_jpg.rf.81372f8c38cf4dc71f4aaea4c80c4f07.jpg,1,1,1.0,0.209,0.004,0.046,4.413,3.18,4.334,0.223,12.786
FireSmokeVideoNEW81_f93_jpg.rf.ad4fbc63a6dc74e3290ea7a3ec019188.jpg,1,1,1.0,0.21,0.004,0.05,4.878,3.166,4.207,0.211,13.098
FireSmokeVideoNEW82_f15_jpg.rf.e7dc2fa4db618aad84776dd955ef51bc.jpg,1,1,1.0,0.196,0.004,0.046,3.971,3.182,4.435,0.226,12.435
FireSmokeVideoNEW82_f19_jpg.rf.f89ed1457a061c51371208925b37eb5a.jpg,1,1,1.0,0.197,0.004,0.045,5.181,1.159,5.383,0.326,12.787
FireSmokeVideoNEW82_f34_jpg.rf.4dbf9c32786ae8ef9aef2aefc6c30abf.jpg,1,1,0.9999,0.2,0.004,0.047,3.575,0.972,4.309,0.224,9.744
FireSmokeVideoNEW82_f53_jpg.rf.72fe99e96a5174851f2a3c7bf8f5b035.jpg,1,1,0.9999,0.209,0.004,0.043,5.919,2.986,4.297,0.215,14.059
FireSmokeVideoNEW82_f5_jpg.rf.3c3f9d351bd2f08caf96dd839eb0be35.jpg,1,1,0.9998,0.198,0.004,0.046,3.961,2.951,4.34,0.231,12.181
FireSmokeVideoNEW82_f63_jpg.rf.c2b1dde739bef360dd7ed5bb170a3536.jpg,1,1,1.0,0.199,0.004,0.045,4.41,2.994,4.379,0.23,12.643
FireSmokeVideoNEW82_f6_jpg.rf.97cddea8b6f913186557f3cb6b06be31.jpg,1,1,0.9988,0.201,0.004,0.044,4.026,2.95,4.535,0.236,12.444
FireSmokeVideoNEW83_f79_jpg.rf.a635ec3ab697f0c8c37fc56fcb4a9d8e.jpg,1,1,1.0,0.224,0.004,0.05,3.994,2.996,10.765,0.252,18.667
FireSmokeVideoNEW83_f83_jpg.rf.7eb47aaaa2195f3b401f0534f4ab8c17.jpg,1,1,1.0,0.324,0.006,0.065,4.376,2.989,4.236,0.23,12.616
FireSmokeVideoNEW84_f11_jpg.rf.331db204725890d7841a0ba5804e1d51.jpg,1,1,1.0,0.206,0.004,0.046,3.992,2.981,4.373,0.228,12.21
FireSmokeVideoNEW84_f17_jpg.rf.f35283a94798dbd36e444f3d83fcc20c.jpg,1,1,1.0,0.198,0.004,0.045,4.173,2.99,4.364,0.229,12.375
FireSmokeVideoNEW84_f22_jpg.rf.57b54d823b56221442b406406ae6fda3.jpg,1,1,0.966,0.198,0.004,0.046,4.029,2.956,4.436,0.228,12.268
FireSmokeVideoNEW84_f24_jpg.rf.c78709aba0fa619a1522f8a54b5eb33c.jpg,1,1,0.6679,0.204,0.004,0.045,4.158,2.979,4.363,0.23,12.36
FireSmokeVideoNEW84_f26_jpg.rf.903f11c42bfe14f9284c7893c731f7fc.jpg,1,1,0.9946,0.206,0.003,0.047,4.034,3.203,4.344,0.228,12.436
FireSmokeVideoNEW84_f28_jpg.rf.4a605bea32b958e1f875dc9ae4787c2c.jpg,1,1,1.0,0.194,0.004,0.045,4.057,2.991,4.468,0.236,12.374
FireSmokeVideoNEW84_f30_jpg.rf.b1fa31c3b4b0231160d0fe95a8b2df48.jpg,1,1,1.0,0.212,0.004,0.047,4.026,3.005,4.442,0.224,12.337
FireSmokeVideoNEW84_f40_jpg.rf.99b1a8a40e68bb37b4bcd6210f807577.jpg,1,1,1.0,0.199,0.004,0.045,4.174,2.982,4.368,0.23,12.379
FireSmokeVideoNEW86_f21_jpg.rf.66bfdf3c31cf623a69833f84823419be.jpg,1,1,0.9997,0.211,0.004,0.047,4.006,2.983,4.577,0.255,12.47
FireSmokeVideoNEW86_f44_jpg.rf.528671157dc0f3573a31e135eb5c960b.jpg,1,1,1.0,0.204,0.004,0.045,4.145,3.022,4.253,0.23,12.285
FireSmokeVideoNEW86_f59_jpg.rf.ec954c76bba3453c1e3fbed6b0e4126f.jpg,1,1,1.0,0.205,0.004,0.046,4.012,2.998,4.367,0.229,12.238
FireSmokeVideoNEW87_f15_jpg.rf.1df24b2694a7dcd8cdc18a92d098bff5.jpg,1,1,0.9998,0.204,0.004,0.045,4.14,2.973,4.44,0.228,12.405
FireSmokeVideoNEW87_f1_jpg.rf.9686a4eb8a357bcb8d6af17613d63b0b.jpg,1,1,0.9575,0.235,0.004,0.049,5.376,2.96,4.403,0.232,13.643
FireSmokeVideoNEW8_f106_jpg.rf.0ada3dacd447a467782cec413e893cbd.jpg,1,1,1.0,0.213,0.004,0.046,5.647,3.671,4.517,0.269,14.76
FireSmokeVideoNEW8_f108_jpg.rf.3e1a309d0492fd214dd909126405217a.jpg,1,1,1.0,0.215,0.004,0.05,2.497,1.798,4.274,0.231,9.47
FireSmokeVideoNEW8_f114_jpg.rf.659a33156ff972aabe16784a1005087a.jpg,1,1,1.0,0.204,0.004,0.047,2.266,0.953,4.333,0.21,8.393
FireSmokeVideoNEW8_f123_jpg.rf.599b8235aadea7fc1ce0bb31909d7f19.jpg,1,1,1.0,0.206,0.004,0.046,2.915,0.941,4.31,0.215,9.015
FireSmokeVideoNEW8_f136_jpg.rf.4393095b0e129a87566a93dfcd0319b9.jpg,1,1,1.0,0.203,0.004,0.048,2.256,0.957,4.376,0.23,8.434
FireSmokeVideoNEW8_f13_jpg.rf.62679b6bf5d5334bc0142f60ef4f0eff.jpg,1,1,1.0,0.201,0.004,0.046,3.997,1.559,4.306,0.211,10.917
FireSmokeVideoNEW8_f15_jpg.rf.2c2fab259f891543bdd6f1a6e3574bd7.jpg,1,1,1.0,0.206,0.004,0.044,5.928,5.57,5.26,0.34,17.884
FireSmokeVideoNEW8_f34_jpg.rf.7412b450156c86fc3387c7c84eeceda0.jpg,1,1,1.0,0.204,0.004,0.047,3.892,0.998,4.375,0.228,10.142
FireSmokeVideoNEW8_f37_jpg.rf.dc011763a3b94f5a5e29aeb3ba4596a0.jpg,1,1,1.0,0.205,0.004,0.046,3.642,0.944,4.334,0.217,9.769
FireSmokeVideoNEW8_f41_jpg.rf.6de16dc442177d80361115c514c890b6.jpg,1,1,0.9999,0.205,0.004,0.046,2.309,0.987,4.441,0.267,8.643
FireSmokeVideoNEW8_f81_jpg.rf.f56584d054d798df76424b80b3bfdd84.jpg,1,1,1.0,0.213,0.004,0.047,8.294,6.865,10.153,0.291,26.394
FireSmokeVideoNEW8_f88_jpg.rf.39192ee49f07e11498a78bff1aacc512.jpg,1,1,1.0,0.199,0.004,0.043,3.438,0.997,4.703,0.384,10.174
FireSmokeVideoNEW8_f91_jpg.rf.4392a67e91341fcfd786ecdcae1640a0.jpg,1,1,1.0,0.205,0.004,0.048,2.319,0.947,4.365,0.224,8.489
FireSmokeVideoNEW8_f97_jpg.rf.641d276457e76b7aecb1d4383a65b4a3.jpg,1,1,1.0,0.204,0.004,0.047,2.361,0.935,4.343,0.218,8.492
FireSmokeVideoNEW90_f17_jpg.rf.c8ccb79fa9c2c104c44cca93d5de21de.jpg,1,1,1.0,0.206,0.004,0.046,2.678,1.123,4.34,0.214,9.044
FireSmokeVideoNEW90_f19_jpg.rf.613de41d6647cd63a2b9fe063c105ce9.jpg,1,1,1.0,0.204,0.004,0.046,3.408,0.994,4.278,0.233,9.567
FireSmokeVideoNEW90_f27_jpg.rf.2c40784cb40c7c2cef427bbb81a7c391.jpg,1,1,1.0,0.204,0.004,0.044,2.672,0.998,4.38,0.273,8.96
FireSmokeVideoNEW90_f6_jpg.rf.c10be0b48cd321d5a8a2a5dc3f553d3f.jpg,1,1,0.9755,0.234,0.004,0.047,2.695,0.983,4.338,0.224,8.934
FireSmokeVideoNEW93_f0_jpg.rf.ecd538ef73aa82fe82414b73f93480d0.jpg,1,1,0.988,0.201,0.004,0.045,4.163,3.137,4.559,0.289,12.801
FireSmokeVideoNEW93_f16_jpg.rf.50e2056869bf72284714d466abcc3b71.jpg,1,1,0.8166,0.198,0.004,0.048,3.219,0.977,4.356,0.216,9.419
FireSmokeVideoNEW93_f18_jpg.rf.4bc8731fed1d0bf7fd60efdcedb231c3.jpg,1,1,0.9935,0.235,0.004,0.05,2.595,0.97,4.222,0.208,8.704
FireSmokeVideoNEW93_f29_jpg.rf.c7408f86cfc41eb503e26760771051c0.jpg,1,1,0.9253,0.21,0.004,0.048,2.636,0.951,4.336,0.218,8.79
FireSmokeVideoNEW93_f30_jpg.rf.764d70fe8c4c3ae0ff9d8cf21ee12043.jpg,1,1,1.0,0.203,0.004,0.046,2.421,1.303,4.323,0.208,8.896
FireSmokeVideoNEW93_f32_jpg.rf.cdd491ec773c398ae162b8b88947407c.jpg,1,1,1.0,0.203,0.004,0.045,2.321,0.94,4.316,0.206,8.425
FireSmokeVideoNEW93_f35_jpg.rf.831bfa9e004cf24662687b26f9fc7bbc.jpg,1,1,0.9999,0.206,0.003,0.045,2.425,0.952,4.319,0.215,8.543
FireSmokeVideoNEW93_f37_jpg.rf.43b0fc2c5a8f5b9e415acf2eb0a44e8f.jpg,1,1,0.9999,0.29,0.004,0.148,4.554,0.97,4.384,0.233,11.016
FireSmokeVideoNEW93_f3_jpg.rf.74a94968f2fa218b63e4e3cc7c1237ed.jpg,1,1,0.9996,0.205,0.004,0.047,3.113,1.349,4.396,0.22,9.723
FireSmokeVideoNEW93_f45_jpg.rf.7bbe8f6ef0640bd95f084b3308535460.jpg,1,1,1.0,0.2,0.004,0.044,2.253,0.949,4.321,0.228,8.376
FireSmokeVideoNEW93_f48_jpg.rf.68441a36977d0c1b506d13bb4bc73be3.jpg,1,1,1.0,0.207,0.004,0.086,5.421,6.038,8.227,0.235,20.836
FireSmokeVideoNEW93_f4_jpg.rf.983a14d28244c467fc317111087e628f.jpg,1,1,0.9986,0.204,0.004,0.046,3.676,0.999,6.28,0.222,11.818
FireSmokeVideoNEW93_f55_jpg.rf.a2c30d3a32c20b99db2b4c3ac0b4297e.jpg,1,1,1.0,0.2,0.004,0.046,2.202,1.033,4.315,0.251,8.432
FireSmokeVideoNEW93_f5_jpg.rf.761ac75e0e1983c5da2f88ea0d3fc8de.jpg,1,1,0.9972,0.2,0.003,0.045,3.97,0.993,4.307,0.216,10.134
FireSmokeVideoNEW93_f67_jpg.rf.3a5cd480f12a38d7997e5fbc779cac82.jpg,1,1,0.998,0.201,0.004,0.048,2.215,0.961,4.306,0.213,8.322
FireSmokeVideoNEW93_f6_jpg.rf.26bfc3792d1663a194ceffc2c8742ee3.jpg,1,1,0.9999,0.205,0.004,0.047,4.27,0.99,4.391,0.271,10.568
FireSmokeVideoNEW93_f71_jpg.rf.4ccc78c6d53dfcac78d807fa7e564346.jpg,1,1,1.0,0.201,0.003,0.046,2.212,1.271,4.46,0.224,8.782
FireSmokeVideoNEW93_f73_jpg.rf.e4178d797313f2f5fbf1d60a9ec4becf.jpg,1,1,1.0,0.208,0.004,0.045,3.738,1.245,4.274,0.231,10.144
FireSmokeVideoNEW93_f75_jpg.rf.7e4dcddadd2cc56f63bd162c9e15f181.jpg,1,1,1.0,0.21,0.004,0.045,2.169,1.005,4.333,0.223,8.367
FireSmokeVideoNEW98_f3_jpg.rf.f7b81ad20d48fc774206f313091cb551.jpg,1,1,0.9691,0.225,0.004,0.051,3.307,1.341,4.304,0.219,9.831
FireSmokeVideoNEW98_f5_jpg.rf.81e8bb5998c4a94c0bc81f47fe363e0f.jpg,1,1,0.8923,0.21,0.004,0.046,2.738,1.271,5.561,0.405,10.72
FireSmokeVideoNEW9_f11_jpg.rf.d5937d6ad8240f9ec038085c0ceb8116.jpg,1,1,0.9936,0.198,0.004,0.046,2.222,1.001,4.333,0.218,8.398
FireSmokeVideoNEW9_f18_jpg.rf.2987b1993f73055255ede2bb3de4c4c5.jpg,1,1,1.0,0.199,0.004,0.046,5.702,1.212,5.622,0.332,13.635
FireSmokeVideoNEW9_f20_jpg.rf.5af8728a36cbd1faa62b96370aff11b5.jpg,1,1,1.0,0.245,0.004,0.045,2.204,0.968,4.411,0.216,8.47
FireSmokeVideoNEW9_f22_jpg.rf.6335b077c393e21870b6c640818558e1.jpg,1,1,1.0,0.2,0.004,0.043,2.245,0.973,4.333,0.213,8.386
FireSmokeVideoNEW9_f26_jpg.rf.1df57b6fa3760b22e321f67fe0be8ef8.jpg,1,1,1.0,0.202,0.004,0.043,2.881,0.948,4.35,0.207,9.01
FireSmokeVideoNEW104_f0_jpg.rf.f38941ca7b50a50f4987ff402c110609.jpg,0,0,0.9976,0.263,0.004,0.05,8.504,5.735,6.346,0.228,21.538
FireSmokeVideoNEW104_f1_jpg.rf.63e1607e8da00040abe9170af6dc35cd.jpg,0,0,0.9998,0.206,0.004,0.045,4.915,1.0,4.48,0.247,11.335
FireSmokeVideoNEW104_f6_jpg.rf.1394a9059fb32e73077faeb60a5ba873.jpg,0,0,1.0,0.214,0.004,0.044,7.67,1.021,6.336,0.261,15.954
FireSmokeVideoNEW105_f1_jpg.rf.064a4c0288a48a850beea550023fdbc6.jpg,0,0,0.9995,0.203,0.004,0.044,5.212,1.566,4.361,0.235,12.091
FireSmokeVideoNEW105_f3_jpg.rf.11af0b8aa7e5a605a91b49b09e093199.jpg,0,0,0.7199,0.201,0.004,0.044,5.83,1.045,4.305,0.218,12.126
FireSmokeVideoNEW107_f37_jpg.rf.cc8301bfc1e2fc3b2b79e44f0ac98929.jpg,0,0,1.0,0.233,0.004,0.044,7.428,3.642,5.335,0.349,17.584
FireSmokeVideoNEW107_f41_jpg.rf.de58aa9a22208465e73ae05ac3193d98.jpg,0,0,0.993,0.205,0.004,0.046,5.421,0.991,4.234,0.22,11.54
FireSmokeVideoNEW107_f43_jpg.rf.1f46ccd61ccc8ce83db35d711ecb4bea.jpg,0,0,0.9988,0.195,0.004,0.045,6.859,3.072,4.384,0.23,15.173
FireSmokeVideoNEW107_f46_jpg.rf.556c3237893e435eaa208f88990e9ef1.jpg,0,0,1.0,0.205,0.004,0.044,4.801,1.0,4.39,0.232,11.069
FireSmokeVideoNEW107_f54_jpg.rf.4644d9c2b2c6d3fee105f2ef82fd4998.jpg,0,0,0.99,0.201,0.004,0.044,4.733,0.987,4.342,0.217,10.956
FireSmokeVideoNEW107_f57_jpg.rf.fae2a73f41a575268f85d3111d7b2c92.jpg,0,0,0.9389,0.201,0.004,0.088,5.754,3.03,4.607,0.286,14.361
FireSmokeVideoNEW107_f59_jpg.rf.026bbe8626b5578d93329b2db4fa9402.jpg,0,0,0.654,0.214,0.004,0.045,5.028,2.052,4.403,0.229,12.376
FireSmokeVideoNEW107_f64_jpg.rf.244f9975df3feacfa28ff036a6fafc53.jpg,0,0,0.9736,0.203,0.003,0.043,6.971,1.192,6.827,0.341,16.077
FireSmokeVideoNEW107_f67_jpg.rf.c49f54560d495c9598599c65ad340067.jpg,0,0,0.9999,0.203,0.004,0.044,6.195,0.986,4.415,0.227,12.477
FireSmokeVideoNEW107_f72_jpg.rf.499f047f2f4b0bda75d65908e53370de.jpg,0,0,0.9998,0.201,0.004,0.043,4.428,1.038,4.337,0.251,10.692
FireSmokeVideoNEW107_f86_jpg.rf.777704182a6a80b6411e9aff725043d0.jpg,0,0,0.9991,0.242,0.004,0.044,7.762,3.205,4.44,0.256,16.335
FireSmokeVideoNEW108_f36_jpg.rf.dcefdeb0de8b64832e93a6b99de7289b.jpg,0,0,1.0,0.195,0.004,0.044,6.17,0.968,4.318,0.228,12.392
FireSmokeVideoNEW109_f67_jpg.rf.57eaca20b02c349d304b37f08712ab9e.jpg,0,0,0.782,0.202,0.004,0.043,4.78,0.98,4.415,0.271,11.091
FireSmokeVideoNEW10_f12_jpg.rf.2eae48f630c1c0193e2ef4cb4e6f4ff6.jpg,0,0,1.0,0.203,0.004,0.042,7.228,3.068,4.615,0.275,15.868
FireSmokeVideoNEW10_f14_jpg.rf.0cea4ec15ad93560e37aedc69c33eff3.jpg,0,0,1.0,0.204,0.004,0.043,6.147,1.01,4.385,0.21,12.404
FireSmokeVideoNEW10_f16_jpg.rf.31696eae6e003edea279b761b4390075.jpg,0,0,0.9998,0.202,0.004,0.043,5.452,1.207,4.386,0.228,11.931
FireSmokeVideoNEW10_f20_jpg.rf.4f1c66d77047ae6e5bad70288ada6868.jpg,0,0,0.9509,0.205,0.004,0.046,6.969,0.957,4.37,0.221,13.171
FireSmokeVideoNEW10_f9_jpg.rf.964fd783f3c44e3cf484cb44c5e7eb3a.jpg,0,0,1.0,0.206,0.004,0.048,7.515,1.009,4.301,0.262,13.748
FireSmokeVideoNEW110_f70_jpg.rf.7cb92ca6cc4d4ad99fac463a2e4b1f69.jpg,0,0,1.0,0.198,0.004,0.043,5.785,1.006,4.403,0.218,12.066
FireSmokeVideoNEW110_f72_jpg.rf.942ec348686624217e65325d78ad6d79.jpg,0,0,0.9999,0.202,0.004,0.043,6.329,1.08,4.303,0.229,12.588
FireSmokeVideoNEW111_f61_jpg.rf.958fb3f1ca3de1a388d09ff31d3492cb.jpg,0,0,0.9998,0.207,0.004,0.045,5.786,1.049,4.308,0.213,12.0
FireSmokeVideoNEW111_f63_jpg.rf.87908f4f677900101a4389b753e25d14.jpg,0,0,0.9999,0.203,0.004,0.045,6.306,1.108,4.479,0.234,12.781
FireSmokeVideoNEW113_f0_jpg.rf.64ad130f3afce40d98d717526b192d24.jpg,0,0,0.9947,0.205,0.004,0.078,8.49,5.789,7.2,0.234,22.441
FireSmokeVideoNEW113_f14_jpg.rf.e80870bda9d84eb83bdd360a959ee02f.jpg,0,0,0.9975,0.204,0.004,0.047,6.156,1.051,4.659,0.232,12.756
FireSmokeVideoNEW113_f1_jpg.rf.e426bd569f3a8f2c8c073936261c666f.jpg,0,0,0.9992,0.208,0.004,0.044,5.543,1.151,4.332,0.217,11.906
FireSmokeVideoNEW113_f23_jpg.rf.deabb7e1e724b4345d1e7951e202ea44.jpg,0,0,0.9984,0.204,0.004,0.047,5.424,1.137,4.323,0.214,11.745
FireSmokeVideoNEW113_f34_jpg.rf.e84c48b0432893e05397860d769ff647.jpg,0,0,1.0,0.205,0.004,0.043,5.745,1.107,4.332,0.212,12.046
FireSmokeVideoNEW113_f38_jpg.rf.d3f2132888b62bc6d7ad266bdb6ad6bc.jpg,0,0,1.0,0.231,0.004,0.045,5.156,1.445,4.202,0.207,11.68
FireSmokeVideoNEW113_f3_jpg.rf.82bb90bd3d0267d8e6045820916cd565.jpg,0,0,0.9937,0.209,0.004,0.045,4.902,1.073,4.365,0.213,11.2
FireSmokeVideoNEW113_f41_jpg.rf.479a0376f42c153bc784faf91e059bf6.jpg,0,0,1.0,0.202,0.004,0.042,4.814,1.112,4.328,0.211,11.106
FireSmokeVideoNEW113_f43_jpg.rf.c97f0efc50fc406abeef5751198b195d.jpg,0,0,1.0,0.2,0.004,0.042,8.506,1.035,5.125,0.373,15.721
FireSmokeVideoNEW113_f47_jpg.rf.b7c82296e081c18e509ed765e11cf527.jpg,0,0,1.0,0.208,0.004,0.045,8.792,3.618,10.27,0.28,23.599
FireSmokeVideoNEW113_f49_jpg.rf.e97df0162836b03c72aae5d219f19846.jpg,0,1,0.9995,0.255,0.006,0.066,5.9,2.148,5.12,0.348,14.381
FireSmokeVideoNEW113_f50_jpg.rf.af1411ee4d7f972917db27496a3d28c6.jpg,0,1,0.9995,0.319,0.006,0.06,8.962,1.247,4.396,0.289,15.672
FireSmokeVideoNEW113_f57_jpg.rf.367d116711c51593db8d52d878bcd9cf.jpg,0,1,0.9859,0.203,0.004,0.044,4.885,1.03,4.32,0.216,11.099
FireSmokeVideoNEW113_f5_jpg.rf.56e7a8fe3f1996fa4f5b425d869ef58c.jpg,0,0,0.9923,0.202,0.004,0.042,4.941,1.07,4.379,0.221,11.248
FireSmokeVideoNEW114_f1_jpg.rf.cf044e592fb83b50e048cce22f4e9e6a.jpg,0,0,0.9999,0.208,0.004,0.042,5.122,1.08,4.387,0.216,11.456
FireSmokeVideoNEW114_f23_jpg.rf.3366618b5cd0b38698a5549e35f37769.jpg,0,0,1.0,0.205,0.004,0.04,4.897,1.068,4.951,0.27,11.835
FireSmokeVideoNEW114_f33_jpg.rf.438eae9e97228cbe711b15eed9716f40.jpg,0,0,0.9999,0.207,0.004,0.043,5.31,3.81,4.585,0.258,14.626
FireSmokeVideoNEW114_f52_jpg.rf.3ef8a0e9a642bcee584f57e450499ee9.jpg,0,0,0.9984,0.212,0.004,0.045,7.989,5.854,4.436,0.231,19.18
FireSmokeVideoNEW114_f63_jpg.rf.0018c16b62a065ab98bbae501ef249d1.jpg,0,0,0.9982,0.2,0.004,0.043,5.193,1.042,4.378,0.232,11.5
FireSmokeVideoNEW114_f78_jpg.rf.60c9ec22b30b533e55007538edd2cd0a.jpg,0,0,1.0,0.204,0.004,0.045,4.807,1.081,4.338,0.221,11.092
FireSmokeVideoNEW123_f86_jpg.rf.99d60f8b84aaf644e4ab3eb9004e6457.jpg,0,0,0.9956,0.204,0.004,0.048,5.418,1.053,4.194,0.214,11.57
FireSmokeVideoNEW131_f29_jpg.rf.a3a4ab64b1971b295c5093754ce6f3eb.jpg,0,0,0.9999,0.204,0.003,0.113,4.797,1.057,4.315,0.212,11.099
FireSmokeVideoNEW133_f0_jpg.rf.18731e698dcb15c89fe9d9a7fa357187.jpg,0,0,0.812,0.205,0.004,0.041,4.897,1.104,4.354,0.217,11.218
FireSmokeVideoNEW133_f14_jpg.rf.c0ef040277238c405f94c45269640413.jpg,0,0,1.0,0.196,0.003,0.043,5.154,1.101,4.309,0.207,11.408
FireSmokeVideoNEW133_f16_jpg.rf.675b515ca2741a0eab5600d3b6b8ec37.jpg,0,0,1.0,0.2,0.005,0.044,5.351,1.06,4.331,0.208,11.591
FireSmokeVideoNEW133_f1_jpg.rf.e08148c34f177fdfc0855076800bfcc2.jpg,0,0,0.8727,0.208,0.004,0.045,8.031,0.974,4.485,0.245,14.393
FireSmokeVideoNEW133_f21_jpg.rf.89cf1761a3a8f737819224e48be710eb.jpg,0,0,1.0,0.427,0.004,0.048,9.901,3.757,4.392,0.234,19.145
FireSmokeVideoNEW133_f24_jpg.rf.7a96dbf3abbf336117a803fd29880d72.jpg,0,0,1.0,0.197,0.004,0.044,5.131,1.02,4.416,0.22,11.431
FireSmokeVideoNEW133_f26_jpg.rf.4c8adf184421836917a99f3244a2e8b1.jpg,0,0,1.0,0.206,0.004,0.044,4.741,1.02,4.37,0.232,11.109
FireSmokeVideoNEW133_f28_jpg.rf.9be526a6cd44573e70c5e324f97f07e8.jpg,0,0,1.0,0.195,0.004,0.045,4.642,1.012,4.349,0.219,10.859
FireSmokeVideoNEW133_f30_jpg.rf.7a61a8452694df4e1b8eb7f76edd6206.jpg,0,0,1.0,0.421,0.005,0.09,9.71,1.313,6.697,0.228,19.006
FireSmokeVideoNEW133_f35_jpg.rf.32a41bc0e615129339748a31e63c31b8.jpg,0,0,1.0,0.202,0.004,0.043,4.538,0.982,4.392,0.221,10.779
FireSmokeVideoNEW133_f45_jpg.rf.bf0fa4a99b1351103ce59df4271296f6.jpg,0,0,0.9984,0.192,0.004,0.044,5.695,1.017,4.449,0.241,12.065
FireSmokeVideoNEW133_f47_jpg.rf.7e6771aa04cd95731ed20a2a0887b600.jpg,0,0,0.7935,0.204,0.004,0.044,4.715,1.002,4.454,0.269,11.091
FireSmokeVideoNEW133_f52_jpg.rf.a9287d410aca47cb65187bb40b99489f.jpg,0,0,0.7708,0.202,0.004,0.044,5.07,1.052,4.4,0.239,11.411
FireSmokeVideoNEW133_f54_jpg.rf.de6a5526bf8e4c304c24aa01a61a0691.jpg,0,0,0.8614,0.217,0.004,0.044,7.309,4.123,9.798,0.25,22.129
FireSmokeVideoNEW133_f60_jpg.rf.a1a3fc738a9ffd65b6bd91b2d4a2a7ba.jpg,0,0,0.9534,0.297,0.006,0.089,5.595,1.024,4.38,0.23,12.016
FireSmokeVideoNEW133_f65_jpg.rf.19a6259c062255ee2fcaf9ce8237cdc9.jpg,0,0,0.9262,0.204,0.004,0.045,4.6,0.986,4.325,0.22,10.829
FireSmokeVideoNEW133_f6_jpg.rf.3bb32108cb527deecf2ba02db67d7158.jpg,0,0,1.0,0.202,0.004,0.042,4.481,1.055,4.337,0.221,10.738
FireSmokeVideoNEW133_f72_jpg.rf.edcd60e5a9d9d28d5802a50f156aa91a.jpg,0,0,0.9984,0.203,0.004,0.045,4.969,2.368,4.777,0.411,13.271
FireSmokeVideoNEW133_f75_jpg.rf.44d394c4ee044f0263703d04c2017319.jpg,0,0,0.9999,0.204,0.004,0.048,5.528,0.967,4.913,0.225,12.273
FireSmokeVideoNEW138_f24_jpg.rf.e7dac7d8bba04efdaf96bbedbfb0c17c.jpg,0,0,1.0,0.307,0.006,0.055,5.167,1.52,4.316,0.216,12.023
FireSmokeVideoNEW138_f3_jpg.rf.e59cf2df641ee8f4a4b7a8486a277817.jpg,0,0,1.0,0.202,0.004,0.044,4.501,1.098,4.33,0.211,10.772
FireSmokeVideoNEW138_f50_jpg.rf.0ed3e238da95d17eddb4a56c8239722d.jpg,0,0,0.9829,0.206,0.003,0.045,5.96,3.279,6.123,0.27,16.28
FireSmokeVideoNEW138_f55_jpg.rf.8692714e7ca4fce394cbde4c9b0768f4.jpg,0,0,0.9999,0.212,0.003,0.045,5.811,1.027,4.282,0.27,12.049
FireSmokeVideoNEW138_f57_jpg.rf.2340c76a46752bec89de2c8dfe4e182e.jpg,0,0,0.9284,0.218,0.005,0.048,5.398,1.124,4.474,0.233,11.907
FireSmokeVideoNEW138_f66_jpg.rf.217b9cf06ce30964ef36b6378b0d8f09.jpg,0,0,1.0,0.236,0.004,0.046,4.593,0.998,4.39,0.231,10.895
FireSmokeVideoNEW138_f72_jpg.rf.7992a3ca30811d3fbefd37f1c8c0e236.jpg,0,0,0.9974,0.198,0.004,0.042,4.628,1.309,4.362,0.223,11.15
FireSmokeVideoNEW138_f87_jpg.rf.a1a1d0b32449cfbe2da04181bf56f099.jpg,0,0,0.6899,0.203,0.004,0.045,4.468,1.072,4.313,0.214,10.705
FireSmokeVideoNEW138_f89_jpg.rf.39f1903062709d554e614773c128ec01.jpg,0,1,0.7621,0.2,0.004,0.042,4.765,1.039,4.307,0.214,10.978
FireSmokeVideoNEW138_f98_jpg.rf.3d89dba42d1d2087cd0d1067f86dc0a4.jpg,0,0,0.9911,0.2,0.004,0.043,7.265,1.067,4.266,0.234,13.471
FireSmokeVideoNEW139_f11_jpg.rf.4f1394a2391bb7f8b23547e415daccca.jpg,0,0,0.9934,0.206,0.004,0.044,4.704,1.031,4.326,0.223,10.931
FireSmokeVideoNEW139_f13_jpg.rf.2c6a24cf2aba98120ffbbdf73ec65122.jpg,0,0,0.9999,0.204,0.004,0.045,4.481,1.033,4.35,0.225,10.806
FireSmokeVideoNEW139_f15_jpg.rf.52c4affd03ce1856f9ba11cd0f50363c.jpg,0,0,0.9998,0.21,0.004,0.042,9.494,1.458,10.676,0.374,22.752
FireSmokeVideoNEW139_f7_jpg.rf.4622bbeb672b9d0f658de7b4a192bc27.jpg,0,0,0.9998,0.207,0.004,0.044,5.046,1.107,4.358,0.214,11.384
FireSmokeVideoNEW139_f9_jpg.rf.a2676f6df6e7eb7729031d2e2dad0ca3.jpg,0,0,0.8444,0.232,0.005,0.044,6.501,1.002,6.268,0.217,14.709
FireSmokeVideoNEW141_f11_jpg.rf.73cf5a40761c0014fbd5c35ebf83aa45.jpg,0,0,1.0,0.203,0.004,0.041,5.469,1.027,4.365,0.218,11.755
FireSmokeVideoNEW141_f22_jpg.rf.d85fd254cfa43d224ad1b669783fd679.jpg,0,0,1.0,0.202,0.004,0.041,4.66,1.068,4.305,0.218,10.887
FireSmokeVideoNEW141_f26_jpg.rf.283da917093a70ddfef4070c0df63819.jpg,0,0,1.0,0.207,0.004,0.043,4.5,1.031,4.312,0.245,10.716
FireSmokeVideoNEW141_f35_jpg.rf.fb7bf34a7cb1271f578cf69f6eaf4b46.jpg,0,0,1.0,0.2,0.004,0.043,4.533,1.076,4.305,0.212,10.764
FireSmokeVideoNEW141_f44_jpg.rf.7588a5674fa796e2bf93928970dd5a6c.jpg,0,0,1.0,0.205,0.004,0.041,8.306,1.566,4.281,0.236,15.036
FireSmokeVideoNEW141_f54_jpg.rf.376afc4c31715655b5a25d8e89fb9cc9.jpg,0,0,1.0,0.214,0.004,0.046,7.191,4.567,6.197,0.232,18.837
FireSmokeVideoNEW145_f12_jpg.rf.bfa6ecea511c415c863544a108f25b2b.jpg,0,1,0.6965,0.207,0.004,0.044,4.873,1.142,4.412,0.234,11.309
FireSmokeVideoNEW145_f15_jpg.rf.01ed9bc8697dfaa658637d4bdcdb465e.jpg,0,1,0.5703,0.196,0.004,0.042,5.213,4.393,4.402,0.234,14.911
FireSmokeVideoNEW145_f17_jpg.rf.8ad859dfeb2dacc154aa7be5cd18db9a.jpg,0,1,0.7309,0.261,0.004,0.043,5.456,1.065,4.377,0.231,11.83
FireSmokeVideoNEW145_f2_jpg.rf.7d67296bc581f3d543d39070f67d5e5b.jpg,0,1,0.6856,0.29,0.004,0.047,5.6,1.229,4.239,0.225,12.036
FireSmokeVideoNEW145_f4_jpg.rf.dd0fb19773528e50b2d252c0ae1821a1.jpg,0,0,0.838,0.204,0.004,0.043,4.718,1.096,4.363,0.215,11.032
FireSmokeVideoNEW145_f70_jpg.rf.35967a4f68971ca1a880debf6cc05479.jpg,0,0,0.9928,0.2,0.004,0.043,4.864,1.063,4.318,0.217,11.098
FireSmokeVideoNEW146_f102_jpg.rf.d492f5de6048aee20c269b9489b62550.jpg,0,0,0.9918,0.198,0.004,0.04,5.093,1.087,4.322,0.209,11.344
FireSmokeVideoNEW146_f104_jpg.rf.bb75589e20c57f1dac406a679b2c4c34.jpg,0,0,0.9598,0.21,0.004,0.044,4.857,1.082,4.368,0.231,11.237
FireSmokeVideoNEW14_f31_jpg.rf.a6bd074c897424b345df3c0d80c8472a.jpg,0,0,1.0,0.254,0.005,0.163,9.928,3.975,4.721,0.23,19.685
FireSmokeVideoNEW14_f34_jpg.rf.b7d71699bd96b5f195ff31eed9af64b9.jpg,0,0,0.9975,0.205,0.004,0.045,5.996,1.071,4.309,0.221,12.246
FireSmokeVideoNEW14_f48_jpg.rf.615cbe65e58c980a44db492e4adba02b.jpg,0,0,1.0,0.202,0.004,0.042,4.968,1.093,4.357,0.214,11.255
FireSmokeVideoNEW14_f50_jpg.rf.8c05edbf34c262f9609f1aefcb3e784b.jpg,0,0,1.0,0.2,0.004,0.043,5.28,1.152,4.302,0.209,11.582
FireSmokeVideoNEW14_f52_jpg.rf.040fbb53952c8cf3eb05257d5d59ffb2.jpg,0,0,0.9999,0.208,0.004,0.044,5.146,1.087,4.304,0.214,11.426
FireSmokeVideoNEW14_f54_jpg.rf.284fdffd467ae8226f2514f39a0f03a8.jpg,0,0,1.0,0.21,0.004,0.045,6.718,1.049,4.266,0.211,12.896
FireSmokeVideoNEW14_f56_jpg.rf.805f1c6f0d731bc267bcb78f5dd8613c.jpg,0,0,1.0,0.202,0.004,0.045,5.119,1.064,4.354,0.268,11.448
FireSmokeVideoNEW14_f58_jpg.rf.5255e436aa76a3c0a514d23752f4aecc.jpg,0,0,0.9999,0.204,0.004,0.044,4.84,1.103,4.31,0.211,11.108
FireSmokeVideoNEW14_f70_jpg.rf.aebdcbd5a96886fd2b263e6c38a28f54.jpg,0,1,0.4886,0.205,0.004,0.046,5.043,1.05,4.353,0.24,11.333
FireSmokeVideoNEW14_f80_jpg.rf.d8f9bed0c2a0c2ccd8de093597e2cfb2.jpg,0,0,0.816,0.214,0.004,0.046,12.583,5.625,8.399,0.257,27.529
FireSmokeVideoNEW152_f12_jpg.rf.bbbe1b5b3c91e3c832a521e8ad2a8981.jpg,0,0,0.9777,0.308,0.005,0.059,6.262,1.162,4.364,0.231,12.792
FireSmokeVideoNEW152_f23_jpg.rf.83dd2175450efa7a2b61106b515ca317.jpg,0,0,0.9993,0.206,0.004,0.046,4.774,1.076,4.401,0.227,11.131
FireSmokeVideoNEW152_f2_jpg.rf.0fa1d92f8ce6d7d0ef48c78928e91796.jpg,0,0,0.8569,0.205,0.004,0.043,4.948,0.982,4.296,0.219,11.09
FireSmokeVideoNEW157_f48_jpg.rf.dc8ccdfd4e9375142054cff7d0ba0165.jpg,0,0,1.0,0.209,0.004,0.044,4.522,1.027,4.316,0.215,10.77
FireSmokeVideoNEW157_f68_jpg.rf.07fb0c009d78412ac43bcc20d211eba0.jpg,0,0,1.0,0.205,0.004,0.042,5.235,1.345,4.43,0.273,11.937
FireSmokeVideoNEW159_f28_jpg.rf.45115b0ae08dc6a6022b39f7487df2fc.jpg,0,0,1.0,0.214,0.004,0.044,5.964,1.048,4.209,0.222,12.097
FireSmokeVideoNEW159_f36_jpg.rf.e0c399bd3b6f812595c1d839d6f4495a.jpg,0,0,1.0,0.202,0.004,0.045,4.518,1.038,4.32,0.215,10.734
FireSmokeVideoNEW160_f132_jpg.rf.7ce27c0b807a035415178554ae865455.jpg,0,0,0.9997,0.202,0.004,0.085,4.471,1.069,4.381,0.222,10.835
FireSmokeVideoNEW160_f179_jpg.rf.f8bca75f291b224cb3a0368e85ea206a.jpg,0,1,0.7648,0.213,0.005,0.045,8.404,2.907,5.169,0.304,18.162
FireSmokeVideoNEW160_f182_jpg.rf.5ad244f4a2004bd04f80d7b88edc7b37.jpg,0,1,0.8019,0.201,0.004,0.046,6.367,1.17,4.68,0.341,13.417
FireSmokeVideoNEW167_f25_jpg.rf.66ae7015edf696c31788066c37815460.jpg,0,0,1.0,0.203,0.004,0.045,5.282,0.954,4.36,0.212,11.449
FireSmokeVideoNEW168_f32_jpg.rf.9bf96271f38fc77d55c61d5030a59ad0.jpg,0,0,0.9999,0.278,0.006,0.074,7.281,1.334,4.985,0.235,14.715
FireSmokeVideoNEW168_f35_jpg.rf.344f9a485501035ee6f2ad4a8aee5fda.jpg,0,0,0.9922,0.2,0.004,0.041,4.638,1.025,4.337,0.228,10.838
FireSmokeVideoNEW173_f1_jpg.rf.b8d91ed334fc3865091a43a6a1d74364.jpg,0,0,0.7606,0.307,0.006,0.054,10.252,5.395,5.333,0.231,22.091
FireSmokeVideoNEW174_f14_jpg.rf.20fa8cef6b13cc5e437e36ea2ecc8c0d.jpg,0,0,1.0,0.205,0.004,0.045,5.914,1.0,4.366,0.236,12.284
FireSmokeVideoNEW174_f21_jpg.rf.1e32dfe88e5b1e1315c5b3c44b55da60.jpg,0,0,1.0,0.304,0.005,0.055,7.11,3.462,7.321,0.233,18.891
FireSmokeVideoNEW174_f27_jpg.rf.16ff80f4c7864c40c3bdd663830a83af.jpg,0,0,1.0,0.196,0.004,0.045,6.639,1.168,5.915,0.31,14.844
FireSmokeVideoNEW174_f3_jpg.rf.2bc73bc5168eef2ac8d65f93c8588cee.jpg,0,0,1.0,0.204,0.004,0.044,4.696,0.971,4.379,0.218,10.95
FireSmokeVideoNEW174_f9_jpg.rf.ce3e731b6125e7839516f998ba5fd615.jpg,0,0,1.0,0.274,0.003,0.044,4.51,1.145,4.362,0.214,10.917
FireSmokeVideoNEW175_f1_jpg.rf.b7755e6ebe9f220eda9f33dafd398efd.jpg,0,0,1.0,0.202,0.004,0.043,5.326,1.022,4.421,0.215,11.615
FireSmokeVideoNEW181_f246_jpg.rf.c4e8f0606306cf812ead99d7317a3dac.jpg,0,0,0.933,0.201,0.004,0.045,4.98,1.352,4.304,0.212,11.465
FireSmokeVideoNEW181_f3_jpg.rf.564525a050a1471684d3e0dce6b12093.jpg,0,0,1.0,0.194,0.004,0.041,4.637,1.693,4.321,0.214,11.482
FireSmokeVideoNEW181_f5_jpg.rf.4f32f5e7b553b2046f9ea1c3710aa953.jpg,0,0,1.0,0.201,0.004,0.042,4.539,0.984,4.447,0.207,10.785
FireSmokeVideoNEW181_f8_jpg.rf.d4f8544e21508a6a376c9eed7b3fd1c4.jpg,0,0,1.0,0.199,0.004,0.042,4.751,0.993,4.306,0.214,10.888
FireSmokeVideoNEW185_f103_jpg.rf.834fd34179153dc3cf5b3376c931bd02.jpg,0,0,0.9976,0.349,0.004,0.047,12.308,8.354,7.753,0.367,29.658
FireSmokeVideoNEW185_f105_jpg.rf.5c53bd00784e65125825c0ae9e72866e.jpg,0,0,0.9999,0.237,0.004,0.044,6.604,4.125,4.468,0.229,16.1
FireSmokeVideoNEW185_f11_jpg.rf.7fe150b7626c710cda79dce605f3a053.jpg,0,0,1.0,0.203,0.004,0.042,5.492,0.974,4.781,0.31,12.179
FireSmokeVideoNEW185_f13_jpg.rf.a9a77212e1e05b2bed7914de92edebf4.jpg,0,0,1.0,0.199,0.004,0.046,4.75,0.984,4.362,0.256,10.978
FireSmokeVideoNEW185_f142_jpg.rf.8a2f2852b31e3f1ec77473138afa5b07.jpg,0,0,0.559,0.201,0.004,0.044,4.79,0.994,4.313,0.213,10.926
FireSmokeVideoNEW185_f154_jpg.rf.6b8964700ae914f8770debcf03f1fa96.jpg,0,0,0.9994,0.205,0.004,0.043,4.707,1.022,4.284,0.215,10.855
FireSmokeVideoNEW185_f16_jpg.rf.9a7a2c17026407b6f8ae3721f463bea0.jpg,0,0,1.0,0.209,0.004,0.045,7.117,4.984,5.216,0.306,18.457
FireSmokeVideoNEW185_f18_jpg.rf.d7340a22f5b42d1f5daf3df0dd737ed7.jpg,0,0,0.9999,0.233,0.003,0.043,6.734,2.968,4.335,0.216,14.908
FireSmokeVideoNEW185_f1_jpg.rf.9cbb22bfee650e45eb5c993c0ec604f0.jpg,0,0,0.9999,0.214,0.003,0.045,8.702,6.62,5.127,0.335,21.593
FireSmokeVideoNEW185_f21_jpg.rf.97e9aaef5e151b6c1d8a47b5a39a3851.jpg,0,0,0.9996,0.198,0.004,0.043,4.827,0.996,4.404,0.217,11.066
FireSmokeVideoNEW185_f26_jpg.rf.74bb295ea9c3a4d2a445209c908d149c.jpg,0,0,0.9997,0.207,0.004,0.045,7.062,2.998,4.378,0.231,15.309
FireSmokeVideoNEW185_f28_jpg.rf.94c9d63f5a41228899bb4b27af54e6e6.jpg,0,0,0.9985,0.208,0.004,0.044,6.554,3.007,4.356,0.278,14.84
FireSmokeVideoNEW185_f2_jpg.rf.1be8f603fac11632f8289730c2ea3981.jpg,0,0,0.9996,0.201,0.004,0.043,6.587,1.125,4.302,0.218,12.866
FireSmokeVideoNEW185_f31_jpg.rf.20d3ef9f5f7aed09171c587cf787efa3.jpg,0,0,1.0,0.2,0.004,0.042,4.713,1.0,4.322,0.211,10.857
FireSmokeVideoNEW185_f33_jpg.rf.13bba24c675c337eb4e0d75ed2c6d59a.jpg,0,0,1.0,0.22,0.004,0.046,6.367,0.977,4.335,0.214,12.523
FireSmokeVideoNEW185_f37_jpg.rf.90b11c519e691fa641a221142e94b8e3.jpg,0,0,1.0,0.202,0.004,0.043,5.809,2.977,4.375,0.215,14.01
FireSmokeVideoNEW185_f39_jpg.rf.d40e85b937efa6ae5a731011f726d833.jpg,0,0,1.0,0.207,0.003,0.045,6.521,5.308,6.787,0.21,19.518
FireSmokeVideoNEW185_f41_jpg.rf.c976d09d85b00bcd5fae293ba78953cb.jpg,0,0,0.9999,0.204,0.004,0.046,5.349,1.398,4.381,0.231,11.995
FireSmokeVideoNEW185_f43_jpg.rf.cf5abe863cf4e9707e6b343d59e4f211.jpg,0,0,0.9999,0.271,0.005,0.067,5.861,1.278,5.227,0.334,13.577
FireSmokeVideoNEW185_f48_jpg.rf.40a7592afc13dbb433f59655b660a51e.jpg,0,0,1.0,0.203,0.004,0.047,7.022,1.434,5.236,0.345,14.818
FireSmokeVideoNEW185_f4_jpg.rf.840d0b8991f52e6353634a923cce911a.jpg,0,0,1.0,0.313,0.006,0.056,6.914,1.29,4.341,0.219,13.508
FireSmokeVideoNEW185_f54_jpg.rf.02217b94b12dcd2c1361d24b46a8edd9.jpg,0,0,0.9905,0.284,0.004,0.045,5.002,1.498,4.309,0.214,11.74
FireSmokeVideoNEW185_f56_jpg.rf.818e136234c271902dcf37c554407e5b.jpg,0,0,0.9551,0.202,0.004,0.046,6.324,1.007,6.278,0.212,14.441
FireSmokeVideoNEW185_f5_jpg.rf.849447cd7f762cbb18e9edb719adfc56.jpg,0,0,0.9998,0.193,0.004,0.046,4.831,0.984,4.325,0.214,10.972
FireSmokeVideoNEW185_f61_jpg.rf.9f26d8404eeb7cddb424f5cdb9a2dea9.jpg,0,1,0.5737,0.209,0.004,0.044,10.392,1.26,9.444,0.45,22.297
FireSmokeVideoNEW185_f63_jpg.rf.6e576502749efe6813e66694c6ac96d9.jpg,0,0,0.648,0.237,0.004,0.045,6.771,1.289,5.265,0.397,14.506
FireSmokeVideoNEW185_f69_jpg.rf.db6c2e969febf2a815391951068bae2c.jpg,0,0,0.9998,0.206,0.004,0.044,6.297,3.284,5.293,0.338,15.984
FireSmokeVideoNEW185_f70_jpg.rf.e28c7f6fead896c59c1a05d3dadf15e5.jpg,0,0,0.9993,0.202,0.004,0.043,5.968,2.935,4.371,0.225,14.135
FireSmokeVideoNEW185_f74_jpg.rf.a3cbb5e5ef37719d9abc8ed9cb13f10e.jpg,0,0,0.9999,0.202,0.004,0.044,8.684,2.161,5.296,0.354,17.259
FireSmokeVideoNEW185_f76_jpg.rf.eff6abee6c5232efbeb0ffaa184ebb6d.jpg,0,0,1.0,0.206,0.003,0.043,5.444,0.995,4.386,0.235,11.7
FireSmokeVideoNEW185_f78_jpg.rf.8411f59f4794e43dea8fee3fd7e0be8f.jpg,0,0,1.0,0.203,0.004,0.043,6.412,0.935,4.271,0.234,12.471
FireSmokeVideoNEW185_f7_jpg.rf.52c412132fe5907b6a5e187fc8693d93.jpg,0,0,0.9994,0.198,0.004,0.043,4.905,0.984,4.434,0.221,11.168
FireSmokeVideoNEW185_f8_jpg.rf.b2f174a46bc664e05b2a000b1a539f0a.jpg,0,0,0.9998,0.201,0.004,0.043,6.489,5.277,6.517,0.23,19.147
FireSmokeVideoNEW186_f1_jpg.rf.9eaf3486dd5de321c58c13a8f3c0e10e.jpg,0,0,0.9708,0.202,0.004,0.045,6.564,0.883,4.431,0.23,12.743
FireSmokeVideoNEW186_f24_jpg.rf.35cb6036992c48df2555bef2057f0b53.jpg,0,0,0.9785,0.203,0.004,0.047,6.362,0.968,6.319,0.216,14.487
FireSmokeVideoNEW186_f3_jpg.rf.58728cf59ceb522c51dd6157ad6944bf.jpg,0,0,0.9558,0.199,0.004,0.041,4.848,1.0,4.327,0.225,11.029
FireSmokeVideoNEW188_f53_jpg.rf.082a762c0e4cc9b0018de58486f89da2.jpg,0,0,1.0,0.202,0.004,0.042,5.457,0.992,4.394,0.231,11.697
FireSmokeVideoNEW191_f14_jpg.rf.8c0274a87d76e49504ea99085c3adcaa.jpg,0,0,0.6323,0.203,0.004,0.044,4.788,1.018,4.317,0.216,10.967
FireSmokeVideoNEW191_f17_jpg.rf.0b561906a11a7cb3708f59b9e5ea5285.jpg,0,1,0.8162,0.2,0.004,0.045,4.942,1.406,4.307,0.215,11.537
FireSmokeVideoNEW191_f3_jpg.rf.199e7b7c54089ad40dc08b6206796865.jpg,0,0,0.8697,0.217,0.004,0.044,5.007,2.936,6.279,0.21,15.087
FireSmokeVideoNEW191_f6_jpg.rf.c733105e5332e503fe2f91c9d2b0df7d.jpg,0,0,0.679,0.211,0.004,0.045,6.476,2.967,6.037,0.236,16.358
FireSmokeVideoNEW193_f26_jpg.rf.810d17c9c2f0c19d3f82366a4641bffa.jpg,0,0,0.797,0.204,0.004,0.043,6.179,2.969,4.313,0.214,14.312
FireSmokeVideoNEW193_f33_jpg.rf.9bd762994b1e0d1fa6d8fa924ced4d72.jpg,0,0,1.0,0.208,0.004,0.041,6.332,2.921,4.308,0.208,14.416
FireSmokeVideoNEW193_f37_jpg.rf.8351a8e46e2527901b0116eea4a67888.jpg,0,0,0.9589,0.209,0.004,0.045,5.14,0.864,4.319,0.228,11.183
FireSmokeVideoNEW194_f0_jpg.rf.bedc3bcac81b79f6421a12b83ca8292e.jpg,0,0,1.0,0.202,0.004,0.044,5.452,1.07,4.366,0.225,11.73
FireSmokeVideoNEW194_f11_jpg.rf.77f39c6b40eab453b277d95cf5de303e.jpg,0,0,0.9565,0.198,0.004,0.045,4.659,1.003,4.306,0.22,10.818
FireSmokeVideoNEW194_f13_jpg.rf.1a936489c44dd3ea6a426232555f6385.jpg,0,0,0.9998,0.196,0.004,0.043,4.525,1.229,4.279,0.218,10.857
FireSmokeVideoNEW194_f15_jpg.rf.958cda76fca7843a088129f35293e6bc.jpg,0,0,1.0,0.199,0.004,0.043,5.334,0.984,4.292,0.211,11.485
FireSmokeVideoNEW194_f17_jpg.rf.0af509bf3c4051407e9a2c323d36552d.jpg,0,0,1.0,0.209,0.003,0.047,8.916,6.363,8.439,0.243,24.896
FireSmokeVideoNEW194_f19_jpg.rf.0eaecfa3ade01642b349fa1fac2243d3.jpg,0,0,1.0,0.31,0.005,0.061,7.332,3.209,4.308,0.227,15.83
FireSmokeVideoNEW194_f20_jpg.rf.9c8d54f92010beefbf37f4971a0512d5.jpg,0,0,1.0,0.305,0.006,0.054,6.835,2.962,4.321,0.228,15.478
FireSmokeVideoNEW194_f22_jpg.rf.568fae5d24e9c604657b4e0b3210f521.jpg,0,0,0.9882,0.195,0.004,0.043,5.946,0.991,4.348,0.229,12.174
FireSmokeVideoNEW194_f24_jpg.rf.715ef729ffb473d071e4f4636696c5ea.jpg,0,0,0.6613,0.197,0.004,0.043,4.611,1.016,4.39,0.218,10.881
FireSmokeVideoNEW194_f26_jpg.rf.07bffcdf632b597c877b6ebb07f7f903.jpg,0,1,0.521,0.209,0.004,0.042,6.325,1.768,4.26,0.287,13.278
FireSmokeVideoNEW194_f28_jpg.rf.ad2eb6b3914b59cd334e04ddba2c9585.jpg,0,0,0.9452,0.201,0.004,0.045,5.195,1.041,4.302,0.213,11.407
FireSmokeVideoNEW194_f4_jpg.rf.33a7f5de9a08037605f3061fd9289762.jpg,0,0,1.0,0.195,0.004,0.045,4.549,1.029,4.315,0.212,10.723
FireSmokeVideoNEW194_f6_jpg.rf.8cca41d45e1b9d48be4b6e39b449b550.jpg,0,0,0.9998,0.196,0.004,0.045,4.524,1.001,4.412,0.216,10.757
FireSmokeVideoNEW194_f8_jpg.rf.1c8751d3993e5ef2ea8196810f6d337c.jpg,0,1,0.3536,0.258,0.004,0.048,8.906,3.885,6.449,0.267,20.208
FireSmokeVideoNEW198_f0_jpg.rf.a197c8cac401e59c22192d1555beb0e3.jpg,0,0,1.0,0.207,0.004,0.047,8.284,1.027,4.469,0.317,14.775
FireSmokeVideoNEW198_f21_jpg.rf.a2b8b5d44e8d06e56049adcccab34051.jpg,0,0,0.9997,0.197,0.004,0.043,4.604,1.121,4.343,0.227,10.912
FireSmokeVideoNEW198_f34_jpg.rf.dc59b6a3b8102f74895580de214bfb05.jpg,0,0,0.9998,0.203,0.004,0.044,4.979,0.993,4.467,0.23,11.295
FireSmokeVideoNEW198_f44_jpg.rf.5dd543728cb7054631cff884b6543c99.jpg,0,0,1.0,0.202,0.004,0.044,4.557,1.018,4.37,0.226,10.808
FireSmokeVideoNEW198_f53_jpg.rf.de8d1453cc5cc99b16dce8024a19a099.jpg,0,0,1.0,0.2,0.005,0.044,4.82,1.006,4.374,0.23,11.205
FireSmokeVideoNEW198_f5_jpg.rf.884199e8cf813521587bb72304469a91.jpg,0,0,1.0,0.208,0.004,0.047,6.066,1.218,7.458,0.34,15.831
FireSmokeVideoNEW198_f62_jpg.rf.f0f37f4fd52e11ec4c2c1dc4a6a1e84b.jpg,0,0,1.0,0.201,0.004,0.043,5.056,0.984,4.377,0.229,11.262
FireSmokeVideoNEW198_f76_jpg.rf.f975d49de39948662a604f3b8699ae17.jpg,0,0,1.0,0.207,0.004,0.043,6.202,2.921,4.442,0.255,14.465
FireSmokeVideoNEW199_f12_jpg.rf.49a41daf162adddafd342b71a52d065b.jpg,0,0,0.9996,0.208,0.004,0.046,8.069,3.249,4.277,0.231,16.46
FireSmokeVideoNEW199_f22_jpg.rf.8cdd9234d4536b401d4424786242eb42.jpg,0,0,1.0,0.203,0.004,0.044,5.428,2.925,4.476,0.227,13.703
FireSmokeVideoNEW199_f24_jpg.rf.008e48718432deea401ae6c22de5b75d.jpg,0,0,1.0,0.206,0.004,0.044,6.979,3.395,5.702,0.314,17.167
FireSmokeVideoNEW199_f38_jpg.rf.437998fd3a55f2321789262434449bcc.jpg,0,0,1.0,0.195,0.004,0.043,6.148,1.047,4.345,0.215,12.374
FireSmokeVideoNEW19_f10_jpg.rf.cf14bceef74bfc964ef994979cc85365.jpg,0,0,0.9246,0.304,0.005,0.055,4.864,0.981,4.294,0.209,11.075
FireSmokeVideoNEW19_f14_jpg.rf.0f8ded1e4755de812e6a69682afa2fdf.jpg,0,1,0.648,0.207,0.004,0.041,4.943,1.017,4.442,0.216,11.253
FireSmokeVideoNEW19_f1_jpg.rf.8d3f142daa5385682ce49a400b014079.jpg,0,0,0.965,0.212,0.004,0.045,9.819,2.56,5.153,0.256,18.542
FireSmokeVideoNEW19_f22_jpg.rf.ce3d1c80d56894bcf65024fa15dc5310.jpg,0,0,1.0,0.292,0.005,0.059,6.869,2.931,4.468,0.235,15.256
FireSmokeVideoNEW19_f25_jpg.rf.f697293980b11b6be600b4ac25288076.jpg,0,0,0.9986,0.205,0.004,0.046,8.403,3.913,4.263,0.218,17.433
FireSmokeVideoNEW19_f28_jpg.rf.870932a2658929b11f426603c6e76178.jpg,0,0,0.9998,0.202,0.004,0.042,5.791,2.942,4.387,0.236,14.028
FireSmokeVideoNEW19_f5_jpg.rf.4c01349c8f37322abb65548b065db87c.jpg,0,0,0.991,0.212,0.004,0.045,5.738,2.975,4.203,0.222,13.77
FireSmokeVideoNEW204_f48_jpg.rf.a6d888db8bc478f73df454d622b4af74.jpg,0,0,0.9999,0.202,0.004,0.044,5.692,3.335,4.439,0.232,14.337
FireSmokeVideoNEW204_f50_jpg.rf.ef08c4a49d4bce14c2100efb6049f535.jpg,0,0,0.998,0.206,0.004,0.045,5.535,0.995,4.335,0.216,11.703
FireSmokeVideoNEW204_f74_jpg.rf.5a3b99ac607f85f17c275ace5db8b56c.jpg,0,0,1.0,0.199,0.004,0.044,4.941,0.981,4.303,0.219,11.071
FireSmokeVideoNEW204_f76_jpg.rf.cf1ad84e2d9dff94bca8293370941b6b.jpg,0,0,1.0,0.21,0.004,0.044,8.192,3.587,6.262,0.218,18.88
FireSmokeVideoNEW205_f10_jpg.rf.e7fba039a83b2825fe8609a3ad1fe3ca.jpg,0,0,0.9997,0.205,0.004,0.042,10.479,6.745,5.095,0.232,23.307
FireSmokeVideoNEW205_f12_jpg.rf.12f55726a2d241d15d16c3a031c7acfe.jpg,0,0,0.9999,0.302,0.006,0.058,8.469,3.773,4.613,0.332,17.931
FireSmokeVideoNEW205_f14_jpg.rf.7a8c8488271699eab8c256966bb96d8f.jpg,0,0,0.9996,0.194,0.004,0.045,6.18,3.072,5.758,0.311,15.978
FireSmokeVideoNEW205_f16_jpg.rf.e905c3e16c4928c286b1f3fefbcc9f1c.jpg,0,0,0.9893,0.313,0.006,0.057,8.021,3.675,4.378,0.236,17.097
FireSmokeVideoNEW205_f18_jpg.rf.51e26c76cda96a888f7cc153c055c57e.jpg,0,0,0.9996,0.231,0.004,0.047,5.36,1.058,4.371,0.222,11.692
FireSmokeVideoNEW205_f1_jpg.rf.9ee331f7891fbff5a81e53f10a46bf6c.jpg,0,0,0.7817,0.209,0.004,0.045,4.441,1.022,4.325,0.217,10.682
FireSmokeVideoNEW205_f21_jpg.rf.3f9e31151c6d741f1821d0b631734f10.jpg,0,0,0.9993,0.205,0.004,0.049,4.717,2.422,4.334,0.271,12.383
FireSmokeVideoNEW205_f23_jpg.rf.49d41f9e8f04815aecdc7705619019c0.jpg,0,0,0.8186,0.408,0.004,0.113,8.386,5.031,6.013,0.236,20.599
FireSmokeVideoNEW205_f25_jpg.rf.3ffd9812a06a282282d13f0de04d1b95.jpg,0,0,0.9432,0.214,0.004,0.05,7.094,1.051,6.311,0.233,15.421
FireSmokeVideoNEW205_f27_jpg.rf.6b467cc45707dc3b2bb6179354ba0de2.jpg,0,1,0.4782,0.203,0.004,0.046,5.309,1.077,4.328,0.217,11.58
FireSmokeVideoNEW205_f29_jpg.rf.f1b55cdd166f109f23ddbc5b550dbb25.jpg,0,0,0.835,0.21,0.004,0.044,5.175,1.11,4.362,0.219,11.518
FireSmokeVideoNEW205_f30_jpg.rf.c39e1a1a9569704ab1625e342b6768fa.jpg,0,0,0.7853,0.207,0.004,0.045,6.361,1.218,4.318,0.215,12.751
FireSmokeVideoNEW205_f32_jpg.rf.16aadfde338db2f3d2e35229ca90b5b0.jpg,0,0,0.9207,0.195,0.004,0.045,4.915,1.35,4.309,0.207,11.423
FireSmokeVideoNEW205_f4_jpg.rf.3e50ea94e80f738241c392a66bc4dbc4.jpg,0,0,0.9576,0.263,0.004,0.049,4.743,1.066,4.303,0.206,11.024
FireSmokeVideoNEW205_f6_jpg.rf.0b84566f03710d216aaa2cb4629d22b6.jpg,0,0,0.9944,0.208,0.004,0.044,4.869,1.046,4.32,0.219,11.136
FireSmokeVideoNEW205_f8_jpg.rf.e746678079c464fa2e02dbdd96397757.jpg,0,0,0.9986,0.204,0.004,0.043,5.243,1.172,4.335,0.214,11.599
FireSmokeVideoNEW207_f29_jpg.rf.5072e43a3f70899810cd248ae290c6fc.jpg,0,0,0.9911,0.209,0.004,0.043,9.56,5.661,8.762,0.361,25.114
FireSmokeVideoNEW207_f38_jpg.rf.7da7afabcee0fe3fc4e99b02cb7ec200.jpg,0,0,0.7864,0.201,0.004,0.044,4.913,1.114,6.243,0.216,13.126
FireSmokeVideoNEW207_f50_jpg.rf.38e43eaa6c7f0b0b6aef8d92ae7bc33b.jpg,0,0,0.9842,0.201,0.004,0.041,4.724,1.08,4.397,0.229,11.075
FireSmokeVideoNEW207_f52_jpg.rf.ac33bf9cb002460544fa6971c6294cd1.jpg,0,0,0.9978,0.203,0.004,0.044,4.843,1.053,4.319,0.224,11.079
FireSmokeVideoNEW207_f62_jpg.rf.589bc38eadda71f1f9f9b5fd6a31bdaf.jpg,0,0,0.8534,0.212,0.004,0.045,4.416,1.253,4.315,0.218,10.866
FireSmokeVideoNEW207_f64_jpg.rf.fa87ea2073e4c69c27d5ec48824a23ce.jpg,0,0,0.9787,0.203,0.004,0.045,7.47,1.164,6.015,0.346,15.74
FireSmokeVideoNEW207_f68_jpg.rf.cb005a57beb7f72ad09dd7f63a7c65ae.jpg,0,0,0.9914,0.2,0.004,0.043,7.194,3.452,4.305,0.219,15.804
FireSmokeVideoNEW213_f0_jpg.rf.acf66f73cae0ef7ffba8d96df3334bc1.jpg,0,0,1.0,0.248,0.004,0.043,10.679,1.327,5.188,0.311,18.324
FireSmokeVideoNEW213_f37_jpg.rf.504df7a22d9a3682f368bb8e9a864b74.jpg,0,0,1.0,0.199,0.004,0.045,4.586,2.345,4.304,0.222,12.082
FireSmokeVideoNEW213_f39_jpg.rf.f610dda1c4694427bb2aeb65f22d2519.jpg,0,0,1.0,0.209,0.004,0.045,9.596,4.944,6.453,0.332,21.994
FireSmokeVideoNEW214_f28_jpg.rf.b67e2997751e40a1d9c240eecdfeb90d.jpg,0,1,0.9993,0.306,0.006,0.058,6.857,2.269,4.373,0.225,14.48
FireSmokeVideoNEW214_f31_jpg.rf.dddac8520abe0f1d5e75b81b84c20c28.jpg,0,1,0.9945,0.196,0.004,0.044,5.086,1.0,4.326,0.225,11.244
FireSmokeVideoNEW217_f100_jpg.rf.a9373ce1ec863a48d8653481c26156f5.jpg,0,0,0.9125,0.204,0.004,0.045,4.923,0.971,4.448,0.217,11.196
FireSmokeVideoNEW217_f108_jpg.rf.16b93711189f1762379f69af719c328d.jpg,0,0,1.0,0.209,0.004,0.047,5.66,3.426,4.192,0.242,14.155
FireSmokeVideoNEW217_f10_jpg.rf.74821e6a9bb2e7227205f7dd92777b6b.jpg,0,0,1.0,0.205,0.004,0.044,5.552,2.948,4.377,0.202,13.717
FireSmokeVideoNEW217_f111_jpg.rf.2299bed8cbf01a1b7e6778708e83477b.jpg,0,0,0.9971,0.205,0.004,0.045,6.291,2.936,4.31,0.212,14.367
FireSmokeVideoNEW217_f113_jpg.rf.efd09cd8788647385379fdb3dcf3c087.jpg,0,0,0.9734,0.198,0.004,0.046,5.322,1.177,4.283,0.207,11.611
FireSmokeVideoNEW217_f116_jpg.rf.48b271377b83f27ee6794dd67b51d137.jpg,0,0,1.0,0.211,0.004,0.045,8.142,2.611,9.043,0.243,20.674
FireSmokeVideoNEW217_f118_jpg.rf.c3282ec3adcd1755ad307af23c40158c.jpg,0,0,1.0,0.309,0.006,0.059,5.653,0.977,4.315,0.218,11.92
FireSmokeVideoNEW217_f11_jpg.rf.fe9b613659b1f6ffc68f08f6db48adfc.jpg,0,0,1.0,0.197,0.004,0.044,4.853,1.065,4.333,0.213,11.071
FireSmokeVideoNEW217_f121_jpg.rf.2353ff1ea9e105ec7579a296ba31d42b.jpg,0,0,1.0,0.203,0.004,0.044,4.882,1.264,4.339,0.229,11.339
FireSmokeVideoNEW217_f128_jpg.rf.4c9569a8817155737f29d57b918b693b.jpg,0,0,1.0,0.209,0.004,0.045,6.94,1.113,7.234,0.312,16.422
FireSmokeVideoNEW217_f137_jpg.rf.355e1445e5755263e17f71f5cfb3cabd.jpg,0,0,1.0,0.21,0.004,0.046,10.011,1.597,4.465,0.23,16.957
FireSmokeVideoNEW217_f139_jpg.rf.a015957ad4d8c893764adadc3564d5e6.jpg,0,0,0.9994,0.306,0.006,0.059,6.439,1.394,4.37,0.214,13.206
FireSmokeVideoNEW217_f140_jpg.rf.905cd403c725484f47e8c319d12c0bcc.jpg,0,0,0.9759,0.208,0.004,0.046,8.367,5.756,8.165,0.262,23.723
FireSmokeVideoNEW217_f142_jpg.rf.7b2f15a8e46783cf42066fccdd511a78.jpg,0,0,0.9607,0.217,0.004,0.048,11.591,5.345,4.284,0.233,22.099
FireSmokeVideoNEW217_f144_jpg.rf.0fc96687f30d64cc901010a04935ecea.jpg,0,0,0.9946,0.207,0.004,0.045,5.384,1.059,4.428,0.234,11.76
FireSmokeVideoNEW217_f146_jpg.rf.13b5b53c5d09bff9bf09edae5d018768.jpg,0,0,0.9969,0.209,0.004,0.044,4.802,1.119,4.327,0.253,11.146
FireSmokeVideoNEW217_f14_jpg.rf.33a5f93f8923477faa40a251919cbb30.jpg,0,0,1.0,0.201,0.004,0.044,5.043,1.091,4.412,0.299,11.499
FireSmokeVideoNEW217_f165_jpg.rf.c321a908fed949be52d3de878e3af068.jpg,0,0,1.0,0.216,0.004,0.048,5.721,1.045,6.33,0.233,13.989
FireSmokeVideoNEW217_f167_jpg.rf.f5f387fa96eefadd6d5da4f9eba93fe8.jpg,0,0,1.0,0.204,0.004,0.045,6.027,1.064,4.391,0.229,12.446
FireSmokeVideoNEW217_f169_jpg.rf.d4e8d9fc726c7674b5c544ca652f18ed.jpg,0,0,1.0,0.23,0.004,0.045,7.189,1.118,4.411,0.253,13.641
FireSmokeVideoNEW217_f170_jpg.rf.40da8c3a814bec9203dda24f6fdc4aa2.jpg,0,0,0.9992,0.202,0.004,0.046,5.383,0.954,4.462,0.231,11.659
FireSmokeVideoNEW217_f175_jpg.rf.b2b07756e0402cc49db122e0add77753.jpg,0,0,1.0,0.214,0.004,0.046,8.05,6.301,7.164,0.236,22.535
FireSmokeVideoNEW217_f177_jpg.rf.88605f9b92cb5461c60d2194538ba864.jpg,0,0,1.0,0.203,0.004,0.046,6.804,2.987,4.965,0.22,15.612
FireSmokeVideoNEW217_f179_jpg.rf.ffad74096c7d49c5a971bb63e9e0893e.jpg,0,0,1.0,0.197,0.004,0.043,6.6,3.029,4.298,0.215,14.762
FireSmokeVideoNEW217_f181_jpg.rf.ae1f277e7c1fc1083975d6a487d5c575.jpg,0,0,0.998,0.193,0.003,0.043,6.461,2.984,4.295,0.217,14.581
FireSmokeVideoNEW217_f183_jpg.rf.96e621baf17954f5a25876fa98b76901.jpg,0,0,1.0,0.196,0.004,0.045,7.728,3.51,4.402,0.237,16.502
FireSmokeVideoNEW217_f188_jpg.rf.c5e2ff45dde47a1ffaaa95f6e696e5d8.jpg,0,0,1.0,0.202,0.004,0.047,4.817,0.898,4.319,0.218,10.879
FireSmokeVideoNEW217_f18_jpg.rf.e259ee4817325821386e228d69ec590b.jpg,0,0,1.0,0.204,0.004,0.045,4.989,0.973,4.441,0.226,11.249
FireSmokeVideoNEW217_f195_jpg.rf.abb4ee4eacb3c0bc28eb69dcce0900b1.jpg,0,0,1.0,0.203,0.005,0.044,7.816,5.053,8.034,0.241,22.54
FireSmokeVideoNEW217_f197_jpg.rf.69f085f5fc5fe3b6704f1697894ab870.jpg,0,0,1.0,0.208,0.004,0.044,6.483,3.139,4.317,0.224,14.85
FireSmokeVideoNEW217_f199_jpg.rf.2034ba41cbc2996d2b0be969381dd53a.jpg,0,0,1.0,0.195,0.004,0.043,6.546,2.97,4.322,0.221,14.679
FireSmokeVideoNEW217_f200_jpg.rf.8e08442e7fba319b06ec60772c8d87b9.jpg,0,0,1.0,0.205,0.003,0.043,6.637,3.011,4.305,0.217,14.786
FireSmokeVideoNEW217_f20_jpg.rf.cd45d53c627554532a83cb04b923b1d7.jpg,0,0,1.0,0.201,0.004,0.04,6.449,2.958,4.393,0.214,14.646
FireSmokeVideoNEW217_f213_jpg.rf.907c7f8bf6e7a1f549c1d58b68a8f402.jpg,0,0,1.0,0.203,0.004,0.046,6.592,2.967,4.302,0.214,14.695
FireSmokeVideoNEW217_f215_jpg.rf.3fa3043621fed653f78e6295cdb5490b.jpg,0,0,1.0,0.2,0.004,0.043,7.001,2.257,4.347,0.231,14.447
FireSmokeVideoNEW217_f217_jpg.rf.55bd84fe4077a3d1595a56350af545cd.jpg,0,0,1.0,0.203,0.004,0.042,5.475,0.992,4.375,0.23,11.789
FireSmokeVideoNEW217_f21_jpg.rf.2dfb9ce2f22edf5be1fd53fa1942bfd2.jpg,0,0,1.0,0.211,0.004,0.046,6.648,3.492,6.665,0.254,17.712
FireSmokeVideoNEW217_f23_jpg.rf.cd19d39e70dfebad7cff6545b5b6019d.jpg,0,0,1.0,0.214,0.004,0.045,10.012,4.162,8.028,0.245,23.237
FireSmokeVideoNEW217_f25_jpg.rf.a94df0d3028a9abe6b8c10a09dec7c59.jpg,0,0,1.0,0.297,0.006,0.052,7.082,3.512,5.726,0.317,17.513
FireSmokeVideoNEW217_f27_jpg.rf.06ba12fefcbb80378faafa6ce1db4f32.jpg,0,0,1.0,0.314,0.006,0.052,6.679,1.143,4.401,0.236,13.236
FireSmokeVideoNEW217_f29_jpg.rf.efc5389a39f0e16e63edc5a792879459.jpg,0,0,1.0,0.211,0.004,0.045,4.535,1.051,4.447,0.22,10.905
FireSmokeVideoNEW217_f30_jpg.rf.d0b9592c67eb506d0e8be54cab7fed05.jpg,0,0,1.0,0.204,0.004,0.043,5.008,1.02,4.339,0.214,11.217
FireSmokeVideoNEW217_f32_jpg.rf.79ac9c71917c29f71dff9368fd819e70.jpg,0,0,1.0,0.214,0.004,0.048,5.578,1.022,6.339,0.211,13.809
FireSmokeVideoNEW217_f34_jpg.rf.2406074bcd38a38b07569c36e10c4c9b.jpg,0,0,1.0,0.203,0.004,0.043,4.614,1.038,4.357,0.221,10.863
FireSmokeVideoNEW217_f36_jpg.rf.f4677a9876506e73056dbb5e4d1867ac.jpg,0,0,1.0,0.217,0.004,0.044,7.068,4.481,6.638,0.353,19.2
FireSmokeVideoNEW217_f38_jpg.rf.56cbb6b9ba8dcb8a6e849b50a427e820.jpg,0,0,1.0,0.211,0.004,0.046,5.261,1.095,4.39,0.232,11.662
FireSmokeVideoNEW217_f40_jpg.rf.5e0bf555a150e965529da135af30a843.jpg,0,0,1.0,0.208,0.004,0.044,4.571,1.017,4.387,0.236,10.866
FireSmokeVideoNEW217_f42_jpg.rf.547bf36d056de255bbbe8865cf2169e4.jpg,0,0,1.0,0.207,0.004,0.047,5.114,1.008,4.34,0.224,11.336
FireSmokeVideoNEW217_f44_jpg.rf.53343693989b66932b14e172d5b51021.jpg,0,0,1.0,0.204,0.004,0.045,4.72,1.023,4.451,0.213,11.062
FireSmokeVideoNEW217_f46_jpg.rf.6c09d1078ba60b84e5eeae62e8b43ee4.jpg,0,0,1.0,0.202,0.003,0.045,4.496,1.015,4.313,0.216,10.704
FireSmokeVideoNEW217_f48_jpg.rf.960f1757efc2361b33061b66881276af.jpg,0,0,1.0,0.205,0.004,0.046,4.425,1.004,4.337,0.209,10.627
FireSmokeVideoNEW217_f50_jpg.rf.5a4c5a00a2dff53d3d1e9b4912a5e80a.jpg,0,0,1.0,0.201,0.004,0.047,4.749,1.013,4.302,0.212,10.92
FireSmokeVideoNEW217_f52_jpg.rf.f80dd0cbedbe18de1503c537d55a5481.jpg,0,0,0.9998,0.214,0.003,0.045,8.85,5.843,6.867,0.23,22.869
FireSmokeVideoNEW217_f55_jpg.rf.192d21a1a9cdd1e7400d2d5319251009.jpg,0,0,0.9994,0.219,0.004,0.043,5.121,1.224,4.397,0.254,11.646
FireSmokeVideoNEW217_f58_jpg.rf.09abcbd86f7cf4acca982ff3c84479bf.jpg,0,0,1.0,0.207,0.004,0.042,4.591,1.073,4.304,0.218,10.845
FireSmokeVideoNEW217_f60_jpg.rf.2af19e844fb73cffddc8cd48cea110ef.jpg,0,0,1.0,0.214,0.004,0.045,4.341,1.045,4.363,0.214,10.651
FireSmokeVideoNEW217_f6_jpg.rf.9ad603f7c039681979d3382daca3dfca.jpg,0,0,1.0,0.208,0.004,0.043,5.687,1.072,4.359,0.226,11.989
FireSmokeVideoNEW217_f7_jpg.rf.7a963cc9523ed71e48510b941a897169.jpg,0,0,1.0,0.199,0.003,0.044,7.441,1.22,4.991,0.344,14.722
FireSmokeVideoNEW217_f85_jpg.rf.04954f9a86137e0fdb1a724cfe2e3866.jpg,0,0,1.0,0.206,0.004,0.046,5.901,1.163,4.319,0.223,12.259
FireSmokeVideoNEW217_f96_jpg.rf.9aeddcb7059e6f24f5deb788b8d30f2b.jpg,0,0,0.9813,0.203,0.004,0.046,6.165,1.083,4.339,0.22,12.485
FireSmokeVideoNEW217_f98_jpg.rf.523eafbbea416669a571f038b78ed6db.jpg,0,0,0.9651,0.205,0.004,0.046,5.912,1.064,4.397,0.219,12.236
FireSmokeVideoNEW217_f9_jpg.rf.add7279aa36849c24e3ac2f2216f064d.jpg,0,0,1.0,0.218,0.004,0.047,10.345,5.339,5.055,0.236,22.301
FireSmokeVideoNEW219_f100_jpg.rf.e9c25439b3dad49808efeef37acaf92b.jpg,0,1,0.7261,0.232,0.004,0.105,5.614,1.115,4.316,0.223,12.009
FireSmokeVideoNEW219_f103_jpg.rf.5c3a06fd5e7e5de7bc2439421cae9ca3.jpg,0,1,0.9999,0.209,0.004,0.045,4.712,1.103,4.353,0.221,11.034
FireSmokeVideoNEW219_f105_jpg.rf.93e9b68294084ef359c3fbac8af68844.jpg,0,1,0.7887,0.204,0.004,0.044,4.97,1.082,4.317,0.225,11.241
FireSmokeVideoNEW219_f107_jpg.rf.2279d0f434d08b421e5847b77ba49c98.jpg,0,0,0.9664,0.204,0.004,0.043,4.951,1.625,4.314,0.212,11.747
FireSmokeVideoNEW219_f109_jpg.rf.2497933b49e36296ad41b2a9e7c629af.jpg,0,1,0.6401,0.23,0.005,0.047,5.808,1.173,6.26,0.215,14.124
FireSmokeVideoNEW219_f111_jpg.rf.d13eb49c432b395eb0f4789afa26799e.jpg,0,0,0.9304,0.198,0.004,0.041,4.963,1.076,4.347,0.214,11.261
FireSmokeVideoNEW219_f116_jpg.rf.ae9afca806c236a71f19e8f194bf2109.jpg,0,0,0.7455,0.201,0.004,0.043,5.175,1.059,4.31,0.221,11.408
FireSmokeVideoNEW219_f118_jpg.rf.75f5a183e6eb763184506172e56826c1.jpg,0,1,0.5764,0.206,0.003,0.044,7.655,5.04,7.467,0.238,21.057
FireSmokeVideoNEW219_f120_jpg.rf.8875901f36a17bf88cbe1e1e9321ee1c.jpg,0,0,0.781,0.212,0.004,0.044,5.532,1.078,6.258,0.22,13.745
FireSmokeVideoNEW219_f122_jpg.rf.3f2b747a1a6d8bb134411da04b6d5ceb.jpg,0,0,0.9749,0.21,0.004,0.041,4.722,1.038,4.338,0.22,10.946
FireSmokeVideoNEW219_f126_jpg.rf.52f94dd838172beb57e8ec37c56c19f4.jpg,0,0,0.9732,0.234,0.004,0.044,4.887,0.992,4.32,0.249,11.124
FireSmokeVideoNEW219_f129_jpg.rf.d5223592df753ce9aeeff5fbcfd2f6f3.jpg,0,0,0.9635,0.204,0.004,0.044,4.488,0.982,4.358,0.214,10.67
FireSmokeVideoNEW219_f131_jpg.rf.af45167297be8a47f6ecf78c4971240e.jpg,0,0,0.9088,0.199,0.004,0.044,4.688,1.001,4.293,0.21,10.854
FireSmokeVideoNEW219_f15_jpg.rf.978176c15dd5ec19d9fdef9fa30e2015.jpg,0,1,1.0,0.208,0.004,0.043,5.111,1.012,4.304,0.213,11.273
FireSmokeVideoNEW219_f17_jpg.rf.a780d3a9489a1ff49e169de9167318e6.jpg,0,1,0.9995,0.211,0.004,0.043,6.858,1.016,6.243,0.208,14.975
FireSmokeVideoNEW219_f19_jpg.rf.cee064d43b06eea7a26764d10b69fa56.jpg,0,1,0.8202,0.205,0.004,0.046,4.546,1.053,4.337,0.227,10.789
FireSmokeVideoNEW219_f20_jpg.rf.fba5b315002bba70a5f2d53923ab3523.jpg,0,1,0.971,0.201,0.004,0.047,5.489,3.108,4.51,0.253,14.019
FireSmokeVideoNEW219_f23_jpg.rf.1e8e04436c82a1922489aa2b214fbd6f.jpg,0,0,0.4725,0.208,0.004,0.046,5.922,1.038,4.369,0.228,12.202
FireSmokeVideoNEW219_f25_jpg.rf.a18994c7f34d6a907f4692a87e6fa3f9.jpg,0,1,0.9514,0.199,0.004,0.043,5.074,1.043,4.321,0.219,11.298
FireSmokeVideoNEW219_f30_jpg.rf.fdee063af522e346cd388bc1a4242f7d.jpg,0,0,0.6677,0.207,0.004,0.045,5.305,0.999,6.27,0.221,13.455
FireSmokeVideoNEW219_f32_jpg.rf.ddc873a0551526ca65fa1d06f97bac64.jpg,0,0,0.9965,0.197,0.004,0.041,4.594,1.283,4.31,0.219,11.029
FireSmokeVideoNEW219_f34_jpg.rf.cad5fbd8012adc27392d185d547a64f2.jpg,0,0,0.9323,0.204,0.004,0.041,4.849,0.998,4.33,0.215,11.035
FireSmokeVideoNEW219_f36_jpg.rf.fb0ae754ede857299d29e3b6cc6ccc0d.jpg,0,1,0.5125,0.203,0.004,0.04,4.571,1.074,4.309,0.213,10.811
FireSmokeVideoNEW219_f38_jpg.rf.4e36385b74d11f5f344b6164d4443826.jpg,0,0,0.9515,0.205,0.004,0.043,5.063,0.999,4.312,0.215,11.237
FireSmokeVideoNEW219_f3_jpg.rf.9a3acc348be776f3126eaa01a6b9143d.jpg,0,1,1.0,0.209,0.004,0.043,7.996,1.996,5.102,0.414,16.314
FireSmokeVideoNEW219_f44_jpg.rf.c6201b2a651fb15d42c47372f48143ea.jpg,0,0,0.6598,0.212,0.004,0.045,8.154,5.131,10.869,0.25,25.488
FireSmokeVideoNEW219_f49_jpg.rf.f8352761af02510da64ff9dbb7764208.jpg,0,0,0.9768,0.208,0.004,0.044,5.003,1.012,4.439,0.23,11.341
FireSmokeVideoNEW219_f50_jpg.rf.69a64e822cf2cb5905705e4998e6a371.jpg,0,1,0.4888,0.203,0.004,0.046,5.359,1.001,4.321,0.22,11.555
FireSmokeVideoNEW219_f52_jpg.rf.4ed33f2006955f25cbd6976e65731478.jpg,0,1,0.6457,0.204,0.004,0.042,4.853,0.997,4.42,0.249,11.164
FireSmokeVideoNEW219_f54_jpg.rf.2a009997f531c42dc612957036039b92.jpg,0,1,0.6918,0.205,0.004,0.047,5.547,1.009,4.373,0.23,11.821
FireSmokeVideoNEW219_f56_jpg.rf.4d435bbf60e5244de2a83067cd503697.jpg,0,1,0.9958,0.208,0.004,0.044,4.888,1.007,4.389,0.219,11.158
FireSmokeVideoNEW219_f58_jpg.rf.816855101b006e8917308145fbff4683.jpg,0,1,0.8075,0.199,0.004,0.045,4.557,1.014,4.298,0.214,10.764
FireSmokeVideoNEW219_f5_jpg.rf.c45888dccdeb80cf3c1d57eaa8742807.jpg,0,1,0.998,0.205,0.004,0.043,4.483,1.083,4.315,0.21,10.75
FireSmokeVideoNEW219_f64_jpg.rf.fcb2ab218c52a47f8b4b7a045dbaca13.jpg,0,0,0.9828,0.207,0.004,0.044,4.919,1.295,4.332,0.208,11.403
FireSmokeVideoNEW219_f6_jpg.rf.42c28bdff3ab813f2e324a70ba7df0cd.jpg,0,1,0.7663,0.221,0.004,0.045,8.462,5.19,5.26,0.664,20.343
FireSmokeVideoNEW219_f79_jpg.rf.71af1f0cdfcf193eb39b9d23e563f5fe.jpg,0,0,0.9609,0.213,0.004,0.044,8.282,1.045,6.285,0.23,16.497
FireSmokeVideoNEW219_f82_jpg.rf.2d98843486d600dadb1fb1f51cae9b86.jpg,0,1,0.9904,0.204,0.004,0.045,4.754,1.052,4.335,0.23,11.025
FireSmokeVideoNEW219_f84_jpg.rf.2d6d394cdec8ac45d1947e9a0a70f46b.jpg,0,1,1.0,0.206,0.004,0.045,5.059,1.077,4.384,0.219,11.395
FireSmokeVideoNEW219_f86_jpg.rf.facd7c1be6d3a656b924ea93978566be.jpg,0,1,0.996,0.209,0.004,0.044,5.153,1.073,4.309,0.215,11.405
FireSmokeVideoNEW219_f88_jpg.rf.a022c08baa2e6f8d0487a9b1be99b2fb.jpg,0,1,0.9974,0.209,0.003,0.046,7.657,2.024,4.238,0.23,14.803
FireSmokeVideoNEW219_f8_jpg.rf.046f3bd1cafb22613d463425cf33c9da.jpg,0,0,0.9954,0.211,0.004,0.047,4.878,1.082,4.302,0.214,11.173
FireSmokeVideoNEW219_f91_jpg.rf.9f1e6dfa4f1a9256334d175a92273a16.jpg,0,0,0.9595,0.204,0.004,0.043,4.867,1.069,4.327,0.215,11.119
FireSmokeVideoNEW219_f96_jpg.rf.a40be148c2196c81a3b370bf04ff8cee.jpg,0,0,0.7641,0.203,0.004,0.044,4.867,1.871,4.304,0.212,11.926
FireSmokeVideoNEW219_f98_jpg.rf.f2faa3e7c16967233b337aad59c2372d.jpg,0,0,0.724,0.201,0.004,0.048,7.123,4.916,5.041,0.435,18.181
FireSmokeVideoNEW235_f33_jpg.rf.0a3116fe91b93b2b42685c8f07b15f59.jpg,0,0,1.0,0.208,0.004,0.045,5.373,1.042,7.638,0.237,14.958
FireSmokeVideoNEW235_f37_jpg.rf.90215e2867005d19440f24ddd8be4134.jpg,0,0,1.0,0.194,0.004,0.045,5.095,1.078,4.323,0.222,11.385
FireSmokeVideoNEW235_f40_jpg.rf.8cddc8b01761e5099ffc078afe05dcfe.jpg,0,0,1.0,0.194,0.004,0.044,5.252,1.044,4.338,0.215,11.494
FireSmokeVideoNEW237_f16_jpg.rf.5f11e272d92059f407f138e3d5a60da6.jpg,0,1,0.9991,0.207,0.004,0.045,4.896,1.078,4.394,0.218,11.221
FireSmokeVideoNEW237_f18_jpg.rf.a6fdf7b427848eb4ea6973ff968a3354.jpg,0,1,0.7155,0.2,0.003,0.044,5.16,1.051,4.4,0.227,11.481
FireSmokeVideoNEW237_f1_jpg.rf.d1f928ef436c01e7b2cf526c4f809b21.jpg,0,0,0.9965,0.272,0.006,0.071,8.805,1.442,5.453,0.235,16.68
FireSmokeVideoNEW237_f22_jpg.rf.db0488cc4f6f26c8e0fafe466b04c599.jpg,0,1,0.8823,0.196,0.004,0.042,4.502,1.007,4.384,0.221,10.755
FireSmokeVideoNEW237_f24_jpg.rf.50b525402b3eeb1da34eaca14126f841.jpg,0,1,0.933,0.2,0.004,0.043,6.289,3.327,4.651,0.272,15.199
FireSmokeVideoNEW237_f26_jpg.rf.292fa36bc2afe2ee1be1016fa5349d28.jpg,0,0,0.8764,0.209,0.004,0.046,5.005,1.068,4.361,0.251,11.337
FireSmokeVideoNEW237_f2_jpg.rf.2e172a45e9ba82d4ad523119d91a1e54.jpg,0,0,0.9976,0.204,0.004,0.04,4.965,1.027,4.386,0.272,11.285
FireSmokeVideoNEW237_f36_jpg.rf.8489fa3bf6c71ee4d009d4fd3ced8a26.jpg,0,1,0.5024,0.207,0.004,0.043,4.624,1.033,4.413,0.215,10.934
FireSmokeVideoNEW237_f38_jpg.rf.83e1c26126ab42521c01f2d6fb8bf25c.jpg,0,1,0.6475,0.205,0.004,0.043,4.751,1.071,4.347,0.216,11.088
FireSmokeVideoNEW237_f40_jpg.rf.75afeed09f8d7c77cf67b47a49c36595.jpg,0,0,0.9499,0.206,0.004,0.043,4.68,0.988,4.314,0.212,10.849
FireSmokeVideoNEW237_f42_jpg.rf.1e54ef2074d501111766d23a9c125016.jpg,0,0,0.9784,0.21,0.004,0.043,4.57,1.047,4.321,0.21,10.783
FireSmokeVideoNEW239_f11_jpg.rf.68967d6ccd4e0696316a88c71059fe48.jpg,0,0,0.732,0.203,0.004,0.044,4.542,1.092,4.333,0.213,10.818
FireSmokeVideoNEW239_f13_jpg.rf.47e9d94edb230b4d3d7a90e4a030b812.jpg,0,1,0.6754,0.203,0.004,0.042,6.771,1.03,4.194,0.209,12.889
FireSmokeVideoNEW239_f19_jpg.rf.547e1d5a34191e556bcee188b8d70562.jpg,0,0,0.9667,0.204,0.004,0.043,4.614,1.021,4.344,0.21,10.844
FireSmokeVideoNEW239_f20_jpg.rf.fc7c6c45683e4bb495152a4a71da41c9.jpg,0,0,1.0,0.208,0.003,0.045,9.251,3.841,6.356,0.239,20.344
FireSmokeVideoNEW239_f22_jpg.rf.e5b4ae7747d32b81ac24d361025cef74.jpg,0,0,1.0,0.199,0.004,0.046,6.508,1.283,5.373,0.322,14.235
FireSmokeVideoNEW239_f39_jpg.rf.aa6a200b4d0178ecbf3e7b4245b845ed.jpg,0,1,0.8999,0.206,0.003,0.046,6.305,1.097,4.507,0.235,12.791
FireSmokeVideoNEW239_f40_jpg.rf.5400696a6507c2c33b93aefa6aefe051.jpg,0,0,0.6758,0.208,0.004,0.046,5.485,1.047,4.323,0.218,11.725
FireSmokeVideoNEW239_f46_jpg.rf.d2960d91eab4ce54a9db418325f9564a.jpg,0,0,1.0,0.204,0.004,0.046,6.308,1.081,4.414,0.235,12.684
FireSmokeVideoNEW239_f59_jpg.rf.f284514ce57dd6611a19f3b0eb179ea6.jpg,0,0,0.6702,0.209,0.004,0.045,6.756,1.087,4.35,0.229,13.077
FireSmokeVideoNEW239_f60_jpg.rf.9a19d896995c8f884c4af9a5adec577c.jpg,0,0,0.7271,0.199,0.004,0.044,6.122,1.071,4.35,0.214,12.395
FireSmokeVideoNEW239_f62_jpg.rf.c5dbdb82e651aa6e0eeadf51a3d4b0b8.jpg,0,0,0.7923,0.2,0.004,0.044,5.554,1.103,4.324,0.214,11.844
FireSmokeVideoNEW239_f70_jpg.rf.f2b597cea774e2c3131039471aa2744d.jpg,0,0,0.9973,0.214,0.004,0.043,11.49,4.983,4.512,0.255,21.897
FireSmokeVideoNEW239_f7_jpg.rf.716102698433c487e0011b828b703f1d.jpg,0,1,0.5981,0.212,0.004,0.047,8.654,1.122,4.275,0.231,14.951
FireSmokeVideoNEW239_f83_jpg.rf.fd4fba17753f5ce5a45588d3a16fd999.jpg,0,0,0.9999,0.208,0.004,0.042,5.758,1.111,4.321,0.22,12.045
FireSmokeVideoNEW23_f102_jpg.rf.f6918e51a89dedb0dba64a14386fd485.jpg,0,0,0.9957,0.199,0.004,0.046,6.989,3.364,4.36,0.213,15.56
FireSmokeVideoNEW23_f105_jpg.rf.4b98f0ba685d140a37dbbc9990c03762.jpg,0,0,1.0,0.206,0.004,0.046,7.494,2.431,4.401,0.234,15.215
FireSmokeVideoNEW23_f118_jpg.rf.e6a891db192eb91ffbb8e7475705dd9d.jpg,0,0,0.9411,0.23,0.004,0.047,5.911,0.985,4.978,0.352,12.897
FireSmokeVideoNEW23_f122_jpg.rf.c171441c5b0ca3924c8c66c72534cf2b.jpg,0,0,1.0,0.206,0.004,0.047,4.55,0.993,4.421,0.224,10.815
FireSmokeVideoNEW23_f125_jpg.rf.5debf4bd1984f010c1b1dcd28310aa83.jpg,0,0,0.9982,0.205,0.004,0.045,4.964,1.004,4.478,0.229,11.312
FireSmokeVideoNEW23_f127_jpg.rf.37c0782706a1236efceb4c739407dd25.jpg,0,0,0.7764,0.203,0.004,0.045,6.609,3.204,4.546,0.275,15.269
FireSmokeVideoNEW23_f129_jpg.rf.2ea639692a7e29daa8b8ea1de69eeb72.jpg,0,1,0.5351,0.208,0.004,0.044,6.78,1.306,4.235,0.21,13.172
FireSmokeVideoNEW23_f131_jpg.rf.466531ad1511190a89c1eb2be15960fd.jpg,0,0,0.7532,0.213,0.004,0.045,4.595,0.926,5.228,0.286,11.838
FireSmokeVideoNEW23_f133_jpg.rf.4cb0c0e8f14d2f4314645ba2d96e90d0.jpg,0,0,0.9996,0.205,0.004,0.044,5.169,0.987,4.476,0.227,11.492
FireSmokeVideoNEW23_f17_jpg.rf.7e12e7a6b3bf78ade1514efca4fa6b17.jpg,0,0,0.9905,0.207,0.004,0.044,4.564,0.997,4.317,0.222,10.717
FireSmokeVideoNEW23_f20_jpg.rf.45ba21827ce25fc5f38bfbc2f24d6b8e.jpg,0,0,0.9946,0.197,0.004,0.045,4.606,1.031,4.311,0.217,10.783
FireSmokeVideoNEW23_f22_jpg.rf.29f2d535a890c06a4cf54fb62aeae916.jpg,0,0,0.9996,0.202,0.004,0.046,5.279,1.106,4.326,0.217,11.594
FireSmokeVideoNEW23_f24_jpg.rf.967b8a5e7330bbab9f4342e93da5b612.jpg,0,0,1.0,0.215,0.004,0.043,5.94,0.996,4.204,0.22,12.09
FireSmokeVideoNEW23_f27_jpg.rf.31f2d7fbc4ad759a14190cf119c86cd3.jpg,0,0,0.906,0.249,0.004,0.043,4.584,1.655,4.316,0.214,11.424
FireSmokeVideoNEW23_f30_jpg.rf.73360b6fc9f719c0b07919def1843b67.jpg,0,0,0.9366,0.2,0.004,0.042,6.767,2.988,4.408,0.241,15.038
FireSmokeVideoNEW23_f36_jpg.rf.a573980f5cbddf58725ec307297ae2c2.jpg,0,0,0.9999,0.21,0.004,0.046,6.826,2.994,4.262,0.227,15.007
FireSmokeVideoNEW23_f44_jpg.rf.9cb37443c4da43f08c79e1c8c7270ad3.jpg,0,0,1.0,0.205,0.004,0.045,6.571,2.995,4.315,0.221,14.736
FireSmokeVideoNEW23_f50_jpg.rf.1d318ace626b552ab85bedae9c6fe2ae.jpg,0,0,0.9997,0.203,0.004,0.045,8.166,3.423,6.292,0.224,18.722
FireSmokeVideoNEW23_f57_jpg.rf.4e21297b504ef4126b9a6b95cad8ca0c.jpg,0,0,0.9999,0.198,0.004,0.042,5.97,1.674,4.369,0.24,12.885
FireSmokeVideoNEW23_f59_jpg.rf.d2f656988b1f5b0fb714b178d9799544.jpg,0,0,0.9997,0.214,0.004,0.079,4.46,0.981,4.33,0.224,10.677
FireSmokeVideoNEW23_f63_jpg.rf.0ac33d38cacbd861c7b582f17c820bb4.jpg,0,0,0.9991,0.212,0.004,0.046,4.622,1.043,4.336,0.212,10.868
FireSmokeVideoNEW23_f76_jpg.rf.a966534c07edefd0f3dff0c96376a243.jpg,0,0,1.0,0.203,0.004,0.043,4.751,1.065,4.322,0.216,10.989
FireSmokeVideoNEW23_f90_jpg.rf.b61cfc180d6eceb938b4af6caf51abf9.jpg,0,0,1.0,0.293,0.006,0.074,10.998,10.905,7.402,0.362,30.621
FireSmokeVideoNEW240_f24_jpg.rf.c32f26544e37c883914250c509498e68.jpg,0,0,0.9958,0.204,0.004,0.046,5.96,1.023,5.416,0.341,13.409
FireSmokeVideoNEW240_f26_jpg.rf.827a12f2836232905b4da03069e4a2bb.jpg,0,0,0.9972,0.206,0.004,0.047,4.467,1.017,4.434,0.22,10.789
FireSmokeVideoNEW247_f0_jpg.rf.beef7d32aee1fcf9184bde5c0007c8a7.jpg,0,0,0.5672,0.206,0.004,0.045,4.408,1.106,4.319,0.221,10.706
FireSmokeVideoNEW247_f11_jpg.rf.22e187d3de34114cbe2eee824dcf8ea4.jpg,0,0,0.9984,0.209,0.004,0.044,4.799,1.533,4.31,0.217,11.564
FireSmokeVideoNEW247_f13_jpg.rf.cf17b57023a106f84957783337e1dd83.jpg,0,0,0.9998,0.205,0.004,0.041,4.822,1.057,4.179,0.219,10.935
FireSmokeVideoNEW247_f15_jpg.rf.36fd571e1f519a0b5e072f998cf318bf.jpg,0,0,0.9986,0.209,0.004,0.041,4.554,1.052,4.34,0.231,10.829
FireSmokeVideoNEW247_f22_jpg.rf.f99e1b6f5eb1bddbeb9ce9f856242d0b.jpg,0,0,0.9983,0.204,0.004,0.045,4.521,1.289,4.376,0.214,11.048
FireSmokeVideoNEW247_f24_jpg.rf.1ee4e739ab247b40d19859c571533d93.jpg,0,0,0.9705,0.202,0.004,0.043,4.753,1.035,4.334,0.214,10.985
FireSmokeVideoNEW247_f26_jpg.rf.a797b29033eb18f9d2b6c36421877eb6.jpg,0,0,0.5791,0.217,0.004,0.046,9.482,5.073,11.135,0.23,26.785
FireSmokeVideoNEW247_f29_jpg.rf.f14ac60e4f41877c5491fde4790673c3.jpg,0,1,0.471,0.214,0.004,0.045,6.41,1.228,4.261,0.23,12.792
FireSmokeVideoNEW247_f30_jpg.rf.aafb436047adf51b707ef78707e2b913.jpg,0,0,0.6509,0.203,0.004,0.043,4.619,1.05,4.309,0.225,10.844
FireSmokeVideoNEW247_f32_jpg.rf.e9ff5ba78f26413500f425b399e23665.jpg,0,1,0.806,0.195,0.004,0.043,4.462,1.093,4.298,0.215,10.712
FireSmokeVideoNEW247_f34_jpg.rf.6c3c5690e43240a790d6a5e9721b8c63.jpg,0,1,0.7565,0.199,0.004,0.041,4.92,1.039,4.292,0.215,11.107
FireSmokeVideoNEW247_f4_jpg.rf.6a0ddd7371fb83e53e311ea22189d480.jpg,0,0,0.5773,0.216,0.004,0.045,4.501,1.06,4.32,0.218,10.758
FireSmokeVideoNEW247_f6_jpg.rf.a694822f16bef6e50518310eca6ac39e.jpg,0,1,0.4742,0.201,0.004,0.044,6.026,1.028,4.359,0.249,12.337
FireSmokeVideoNEW247_f8_jpg.rf.6b64236393a322ec185f256a364cf11c.jpg,0,0,0.7228,0.204,0.004,0.041,7.692,1.202,4.968,0.345,14.964
FireSmokeVideoNEW257_f14_jpg.rf.219b5dbc0697a8fa0cc33d06791cae70.jpg,0,0,0.969,0.21,0.004,0.048,4.832,1.018,4.355,0.232,11.097
FireSmokeVideoNEW258_f100_jpg.rf.355178e1214dd3903eaa752ee7eef30e.jpg,0,0,0.9998,0.215,0.004,0.046,7.824,5.038,5.061,0.232,18.815
FireSmokeVideoNEW258_f11_jpg.rf.0dba1da8050dc2ce1b709b5f242f741d.jpg,0,0,0.9999,0.205,0.004,0.044,5.578,1.093,4.441,0.218,11.97
FireSmokeVideoNEW258_f170_jpg.rf.6c3e4b2743ca89c8ee5dd1856a6141bd.jpg,0,0,1.0,0.211,0.004,0.046,4.808,1.081,6.232,0.213,12.982
FireSmokeVideoNEW258_f1_jpg.rf.0d3b83be9ba47d2910cdb2dec33113fc.jpg,0,0,1.0,0.208,0.004,0.047,4.9,1.077,4.325,0.212,11.157
FireSmokeVideoNEW258_f2_jpg.rf.b83eafff3fd4b43c1860e76314bb50ac.jpg,0,0,1.0,0.2,0.004,0.045,4.983,1.156,4.322,0.212,11.314
FireSmokeVideoNEW258_f3_jpg.rf.cd8a2e8513bdb4e131855fb45fd1bdfc.jpg,0,0,1.0,0.208,0.004,0.044,4.794,1.055,4.295,0.212,10.997
FireSmokeVideoNEW258_f41_jpg.rf.de1a58da1bf54a7517d2312b13c76577.jpg,0,0,1.0,0.209,0.004,0.049,4.785,1.055,4.341,0.213,11.047
FireSmokeVideoNEW258_f51_jpg.rf.3235141ca98e65b2ab3e2a034029f5f0.jpg,0,0,0.8014,0.214,0.005,0.044,7.497,1.005,4.281,0.243,13.676
FireSmokeVideoNEW258_f5_jpg.rf.0858c131be1788253fc6056f1b952726.jpg,0,0,1.0,0.2,0.004,0.045,4.601,1.034,4.405,0.24,10.924
FireSmokeVideoNEW258_f7_jpg.rf.8516c19839e35db825c80a381605f57c.jpg,0,0,0.9999,0.212,0.004,0.046,8.143,4.79,9.482,0.242,23.41
FireSmokeVideoNEW258_f8_jpg.rf.06a72518e055cecd6c4555cd122fc078.jpg,0,0,0.9999,0.201,0.004,0.045,5.191,1.09,4.36,0.218,11.513
FireSmokeVideoNEW266_f22_jpg.rf.f1df0a77304fe82235036772cf5b8801.jpg,0,0,1.0,0.206,0.004,0.046,4.925,1.074,4.317,0.267,11.221
FireSmokeVideoNEW26_f19_jpg.rf.aeed9f3bfcb0a0dee24e772e00f3a420.jpg,0,0,0.6767,0.205,0.004,0.044,5.908,1.064,4.237,0.212,12.138
FireSmokeVideoNEW26_f21_jpg.rf.4f774db17e69a10fb5f9a8f7999edf9c.jpg,0,0,0.9999,0.202,0.004,0.041,6.901,4.76,5.298,0.305,18.025
FireSmokeVideoNEW26_f23_jpg.rf.8aa65d6972e281489f02f3f5ca285e15.jpg,0,0,0.5563,0.201,0.004,0.045,5.392,1.478,4.291,0.214,12.013
FireSmokeVideoNEW26_f25_jpg.rf.2dfc9f18e082edcb01be0a2710a98b76.jpg,0,0,0.7803,0.202,0.004,0.045,6.284,1.138,4.325,0.212,12.597
FireSmokeVideoNEW26_f31_jpg.rf.4143b47a6b97ba01168be4b9d2f60793.jpg,0,0,1.0,0.203,0.004,0.044,5.387,1.103,4.363,0.214,11.709
FireSmokeVideoNEW26_f35_jpg.rf.337993c7df976473f1dae7d82060e013.jpg,0,0,1.0,0.214,0.004,0.047,11.045,5.057,8.103,0.273,25.5
FireSmokeVideoNEW26_f46_jpg.rf.589a067217e777a751aad10475ecbefe.jpg,0,0,0.9993,0.201,0.004,0.047,5.499,1.061,4.341,0.217,11.759
FireSmokeVideoNEW26_f4_jpg.rf.d688d7df9f262c6d2b3e578c6873be05.jpg,0,0,0.78,0.205,0.004,0.047,5.165,1.056,4.362,0.228,11.518
FireSmokeVideoNEW26_f56_jpg.rf.091996435ae26520beb3244b5e0ee2bc.jpg,0,0,0.9504,0.207,0.004,0.046,4.759,1.107,4.317,0.22,11.057
FireSmokeVideoNEW26_f59_jpg.rf.fa7bc3aac3cd3f1c051dd584b60dafe4.jpg,0,0,0.9929,0.205,0.004,0.042,5.497,1.083,4.466,0.232,11.919
FireSmokeVideoNEW26_f60_jpg.rf.62d0d8eae4ccc467a2e8fced935b824d.jpg,0,0,0.9967,0.239,0.004,0.094,7.254,1.048,5.253,0.226,14.591
FireSmokeVideoNEW26_f63_jpg.rf.69b2cff0f2bb17ae0ff536fc67019a1d.jpg,0,0,0.99,0.199,0.004,0.044,4.92,1.079,4.309,0.22,11.164
FireSmokeVideoNEW272_f17_jpg.rf.681a79d14101780a9bcd7453d9a3c679.jpg,0,0,0.8135,0.208,0.004,0.045,5.131,1.259,4.301,0.21,11.609
FireSmokeVideoNEW272_f19_jpg.rf.9e21fc07045a840ba29d86234002d9e9.jpg,0,0,0.9407,0.208,0.004,0.042,8.902,4.418,9.136,0.382,23.619
FireSmokeVideoNEW272_f34_jpg.rf.17eab7e1f185c1bf78222fa35986e631.jpg,0,0,0.9903,0.203,0.004,0.045,4.746,1.085,4.439,0.222,11.141
FireSmokeVideoNEW272_f40_jpg.rf.5021128e8f11f4be0933cbc0e2ffd97a.jpg,0,0,0.9987,0.201,0.003,0.043,5.938,1.023,4.262,0.23,12.142
FireSmokeVideoNEW275_f0_jpg.rf.66efa8f4455c2211b1008e5a09fc635f.jpg,0,0,1.0,0.226,0.004,0.046,4.671,1.044,4.368,0.223,10.981
FireSmokeVideoNEW275_f2_jpg.rf.2c4eb2d850522c60eb1ad7590c09421c.jpg,0,0,1.0,0.199,0.004,0.046,4.537,1.006,4.34,0.218,10.773
FireSmokeVideoNEW275_f4_jpg.rf.3c3d229e122e904ca5813eb2f0b03a09.jpg,0,0,1.0,0.203,0.004,0.044,4.559,1.771,4.317,0.217,11.514
FireSmokeVideoNEW275_f7_jpg.rf.3d3cfcb2ac85080323093b5f4f6c41b8.jpg,0,0,0.9999,0.206,0.004,0.043,4.399,1.077,4.324,0.212,10.644
FireSmokeVideoNEW28_f10_jpg.rf.4bb4d72f7f6c00ff76743ecb428ff3d0.jpg,0,0,1.0,0.213,0.004,0.046,8.075,1.154,5.46,0.339,15.78
FireSmokeVideoNEW28_f1_jpg.rf.d1e73d75ae2b9e6caeec1d2cdc9124e7.jpg,0,0,1.0,0.205,0.004,0.048,4.432,1.001,4.33,0.215,10.625
FireSmokeVideoNEW28_f21_jpg.rf.457752981e7607422ba3a8fc0040cba9.jpg,0,0,1.0,0.203,0.004,0.045,10.633,8.088,8.826,0.505,28.809
FireSmokeVideoNEW28_f23_jpg.rf.f783a837f645611d965ea29521af99c8.jpg,0,0,1.0,0.208,0.004,0.047,5.614,1.068,5.177,0.353,12.869
FireSmokeVideoNEW28_f29_jpg.rf.e6f9ee24d7da87d2cb32dadd9e3b77c4.jpg,0,0,1.0,0.204,0.004,0.046,5.426,1.09,4.381,0.235,11.787
FireSmokeVideoNEW28_f31_jpg.rf.b75f68e92e02020b7ebcb2ab065a5e01.jpg,0,0,1.0,0.215,0.004,0.047,7.593,1.083,4.396,0.239,13.975
FireSmokeVideoNEW28_f34_jpg.rf.92bb8541bcf700c33b44667585e21002.jpg,0,0,1.0,0.199,0.004,0.044,5.005,1.105,4.396,0.233,11.386
FireSmokeVideoNEW28_f36_jpg.rf.d36a568fc3698f3163d4868ee8ad919b.jpg,0,0,1.0,0.208,0.004,0.046,4.865,1.089,4.361,0.235,11.201
FireSmokeVideoNEW28_f38_jpg.rf.3439617aab6c1d0e3ae38eb636cbbf8f.jpg,0,0,1.0,0.202,0.004,0.043,5.263,1.347,4.379,0.231,11.881
FireSmokeVideoNEW28_f3_jpg.rf.8071c70044c10492beb8062b5511f680.jpg,0,0,1.0,0.206,0.004,0.044,4.945,1.072,4.328,0.226,11.262
FireSmokeVideoNEW2_f21_jpg.rf.0e9524cf62f6668246104036ea965a9a.jpg,0,0,0.9982,0.205,0.004,0.044,5.774,1.403,4.331,0.22,12.371
FireSmokeVideoNEW2_f23_jpg.rf.2419c84a5bda0a37d4631053393f7144.jpg,0,0,0.9985,0.226,0.005,0.061,8.296,3.902,5.614,0.235,18.728
FireSmokeVideoNEW2_f3_jpg.rf.96bdfc0d1d0807033c3499bfcca417d2.jpg,0,0,0.9903,0.201,0.004,0.043,5.826,0.935,4.457,0.264,12.107
FireSmokeVideoNEW2_f5_jpg.rf.acd86e0e4ec1ad803dd924f149d009d0.jpg,0,0,0.9883,0.203,0.004,0.043,4.705,0.979,4.367,0.214,10.874
FireSmokeVideoNEW32_f0_jpg.rf.2400a4bfa095f21a573437da42451295.jpg,0,0,1.0,0.2,0.004,0.045,4.753,0.962,4.343,0.216,10.899
FireSmokeVideoNEW32_f13_jpg.rf.ae355b286908e2d29d9a44f3f1b567b9.jpg,0,0,1.0,0.204,0.004,0.044,6.502,0.997,4.26,0.229,12.609
FireSmokeVideoNEW32_f16_jpg.rf.a2bcfc2b71be00d988e48550c76c42a9.jpg,0,0,1.0,0.207,0.004,0.044,4.755,1.05,4.367,0.23,11.036
FireSmokeVideoNEW32_f1_jpg.rf.3299347e0a4bdbc4da1df1a6db03ccd7.jpg,0,0,1.0,0.2,0.004,0.045,4.859,0.985,4.31,0.22,10.984
FireSmokeVideoNEW32_f22_jpg.rf.83ac8450a5d131bcc7a1a42581404bdf.jpg,0,0,1.0,0.198,0.004,0.046,4.708,1.039,4.315,0.212,10.895
FireSmokeVideoNEW32_f30_jpg.rf.14dd351a29b47e6c65320fb88bd6908f.jpg,0,0,0.6012,0.206,0.004,0.044,4.849,0.965,4.404,0.272,11.103
FireSmokeVideoNEW32_f32_jpg.rf.c7579105a780c42823b2bf0cfe716a2f.jpg,0,0,0.9987,0.216,0.004,0.045,9.916,1.748,9.312,0.24,21.866
FireSmokeVideoNEW32_f35_jpg.rf.e85d0be8faf914b709dc04814aaf341f.jpg,0,0,0.9996,0.211,0.004,0.044,6.502,3.288,4.452,0.235,15.124
FireSmokeVideoNEW32_f5_jpg.rf.d64bb033fd7cbf4738e6dfe35fdf1703.jpg,0,0,1.0,0.216,0.004,0.045,6.456,1.104,4.42,0.238,12.888
FireSmokeVideoNEW32_f9_jpg.rf.6dee71363eb5db4b336191f69e9b1ed7.jpg,0,0,1.0,0.199,0.004,0.042,5.391,1.015,4.356,0.215,11.612
FireSmokeVideoNEW33_f22_jpg.rf.7b762c1aaea4343a5ef9d0c55f56f953.jpg,0,0,0.9998,0.204,0.004,0.047,5.134,1.089,4.387,0.276,11.543
FireSmokeVideoNEW33_f4_jpg.rf.2a2a5a5e75eee5f94bff7e57472718ad.jpg,0,0,0.9999,0.21,0.004,0.044,6.237,1.077,4.31,0.221,12.487
FireSmokeVideoNEW33_f7_jpg.rf.8f4a8f9f00ac9edbee0d4623323bdcd6.jpg,0,0,0.9997,0.199,0.004,0.043,5.018,1.19,4.311,0.217,11.386
FireSmokeVideoNEW33_f9_jpg.rf.6c70578f3c4ef4ec42b2df3d2c549ceb.jpg,0,0,0.9995,0.203,0.004,0.046,4.827,1.058,4.306,0.219,11.054
FireSmokeVideoNEW34_f1_jpg.rf.8215067316131a3313e18d5ad5353d99.jpg,0,0,1.0,0.213,0.004,0.045,8.509,6.173,5.247,0.241,20.935
FireSmokeVideoNEW34_f34_jpg.rf.37cec1d82efd789d44143e68cd758395.jpg,0,0,1.0,0.198,0.004,0.044,5.51,0.983,4.665,0.362,12.147
FireSmokeVideoNEW34_f38_jpg.rf.26502230165a0194b177c8d1b86e9696.jpg,0,0,1.0,0.21,0.004,0.045,5.944,1.168,4.171,0.216,12.133
FireSmokeVideoNEW34_f40_jpg.rf.b206248a0c183d0f0c6fa6b3cea3f9b1.jpg,0,0,1.0,0.203,0.004,0.044,4.995,1.026,4.303,0.22,11.153
FireSmokeVideoNEW34_f42_jpg.rf.d53011814dbea48b0ec1dafff52177a1.jpg,0,0,1.0,0.202,0.004,0.044,5.034,1.378,4.317,0.213,11.623
FireSmokeVideoNEW34_f44_jpg.rf.1177396e61f8137af220647dce4b1245.jpg,0,0,1.0,0.194,0.004,0.043,4.665,0.98,4.312,0.207,10.769
FireSmokeVideoNEW34_f46_jpg.rf.cca6e614ca8501a020d46912f1b3ee4e.jpg,0,0,1.0,0.201,0.004,0.042,4.75,0.969,4.317,0.212,10.868
FireSmokeVideoNEW34_f50_jpg.rf.a36a4778c1868528e32b55d792489d17.jpg,0,0,1.0,0.207,0.004,0.047,5.942,1.023,4.199,0.212,11.992
FireSmokeVideoNEW34_f52_jpg.rf.8ce2843bdac208f9cecc552f7a6ca397.jpg,0,0,1.0,0.205,0.004,0.042,6.713,3.886,4.508,0.295,16.034
FireSmokeVideoNEW34_f9_jpg.rf.21533fd04be19eae845493f79a8b8d5d.jpg,0,0,1.0,0.204,0.004,0.042,7.461,0.918,4.588,0.334,13.964
FireSmokeVideoNEW39_f12_jpg.rf.6b1a04cbd026fc441becebb94e427c4a.jpg,0,0,1.0,0.247,0.004,0.048,6.944,1.31,5.314,0.341,15.434
FireSmokeVideoNEW39_f14_jpg.rf.0b630472ef3171594b7408d634811857.jpg,0,0,1.0,0.228,0.004,0.047,6.242,1.063,4.408,0.219,12.607
FireSmokeVideoNEW39_f27_jpg.rf.a348c34cb0c905bc10848eef58c16736.jpg,0,0,1.0,0.208,0.004,0.045,6.596,1.113,4.339,0.219,12.926
FireSmokeVideoNEW39_f29_jpg.rf.3153d7e1c815872b09fa97870799ef0f.jpg,0,0,1.0,0.201,0.004,0.043,5.929,1.107,4.301,0.216,12.2
FireSmokeVideoNEW39_f30_jpg.rf.bc038c090b010da4c10327f81f872cb0.jpg,0,0,1.0,0.205,0.004,0.042,5.74,1.054,4.301,0.219,11.999
FireSmokeVideoNEW39_f38_jpg.rf.82ad0aa274eed9218fd4ed14780e9bad.jpg,0,0,1.0,0.202,0.004,0.043,5.334,0.987,4.359,0.255,11.573
FireSmokeVideoNEW39_f3_jpg.rf.c34909729e2fc010ba87b670b4c77269.jpg,0,0,1.0,0.21,0.004,0.044,9.318,6.452,9.464,0.245,26.304
FireSmokeVideoNEW39_f5_jpg.rf.92baa02b2efc10d6311e03b178523e76.jpg,0,0,1.0,0.199,0.004,0.045,7.608,1.136,5.224,0.345,15.089
FireSmokeVideoNEW39_f7_jpg.rf.6fa03b62a2a987bef0d1121c557bc62a.jpg,0,0,1.0,0.202,0.004,0.046,5.515,1.428,4.315,0.223,12.131
FireSmokeVideoNEW39_f9_jpg.rf.05d7d81358629eb2852e6331007a1a4a.jpg,0,0,1.0,0.207,0.004,0.045,6.17,1.273,4.391,0.237,12.72
FireSmokeVideoNEW42_f47_jpg.rf.fefbdf8f7c2f935e5f4f0b188f792887.jpg,0,0,0.9989,0.197,0.004,0.044,6.424,3.054,4.318,0.233,14.649
FireSmokeVideoNEW46_f0_jpg.rf.946d702a200935149a2bfd27e574bd51.jpg,0,0,0.9999,0.206,0.004,0.045,6.797,1.218,4.817,0.325,13.918
FireSmokeVideoNEW46_f11_jpg.rf.0936909f6cd873e909fd9cec877c6170.jpg,0,0,0.5805,0.207,0.004,0.046,4.315,1.06,4.298,0.252,10.578
FireSmokeVideoNEW46_f13_jpg.rf.0473876fe175a3df05494cecb56edf4b.jpg,0,0,0.9997,0.21,0.004,0.044,4.386,1.01,4.407,0.227,10.662
FireSmokeVideoNEW46_f17_jpg.rf.8ad412a7df70200affbd47d3955b8f23.jpg,0,0,1.0,0.211,0.004,0.044,7.644,5.03,4.39,0.237,18.007
FireSmokeVideoNEW46_f19_jpg.rf.a4ad74e22f482a72ff8982feeda7fc3d.jpg,0,0,0.9997,0.201,0.004,0.044,4.734,1.084,4.346,0.225,11.018
FireSmokeVideoNEW46_f2_jpg.rf.c648a34debc2802b7fcc427f8100ba55.jpg,0,0,0.9992,0.205,0.004,0.045,4.852,1.116,4.306,0.218,11.138
FireSmokeVideoNEW46_f3_jpg.rf.b37ca62c29e752c22d88e612645f6f13.jpg,0,0,0.9544,0.209,0.004,0.045,5.495,1.441,4.35,0.218,12.135
FireSmokeVideoNEW46_f5_jpg.rf.6fc10ebb6c245cf0beafb1715d734d4e.jpg,0,0,0.879,0.2,0.004,0.043,7.226,1.198,5.405,0.341,14.91
FireSmokeVideoNEW46_f7_jpg.rf.bdb3373b6a924b037a4685de7305f41b.jpg,0,0,0.8807,0.204,0.004,0.044,5.708,1.292,4.321,0.221,12.176
FireSmokeVideoNEW47_f51_jpg.rf.c88a9a00e436ad4847e42bef177b68ce.jpg,0,0,0.8972,0.208,0.004,0.042,6.716,0.981,4.383,0.233,12.967
FireSmokeVideoNEW48_f14_jpg.rf.56243d543269e852e51ed4a0117e8539.jpg,0,0,0.9691,0.202,0.004,0.047,5.833,1.023,4.518,0.224,12.237
FireSmokeVideoNEW48_f19_jpg.rf.0b70ec5385e2deb805c52d665f085647.jpg,0,0,0.9999,0.269,0.004,0.046,6.807,3.978,4.357,0.271,16.151
FireSmokeVideoNEW48_f20_jpg.rf.2b84e7c78da5d2d5c1921742e44bdc1e.jpg,0,0,1.0,0.21,0.004,0.047,8.279,4.551,4.538,0.305,18.321
FireSmokeVideoNEW48_f27_jpg.rf.6f0ea7fe884a78a1b811a178ab0eac35.jpg,0,0,0.7766,0.316,0.006,0.056,5.47,1.057,4.432,0.251,11.99
FireSmokeVideoNEW48_f2_jpg.rf.ec11cbfdc108affb5a7c9723dbb7e5da.jpg,0,0,1.0,0.199,0.004,0.044,4.992,1.032,4.348,0.214,11.226
FireSmokeVideoNEW48_f4_jpg.rf.8cf00b4fa17c2551537859be9fde3adc.jpg,0,0,1.0,0.206,0.004,0.042,4.524,1.333,4.384,0.21,11.086
FireSmokeVideoNEW48_f9_jpg.rf.ca91030726b8b41e67493de29adad562.jpg,0,0,0.9999,0.208,0.004,0.045,5.323,1.022,4.336,0.215,11.547
FireSmokeVideoNEW53_f1_jpg.rf.be3cc4af60b8e00cd05cfa5e51ad005e.jpg,0,0,0.9983,0.199,0.004,0.043,5.039,1.028,4.305,0.216,11.235
FireSmokeVideoNEW53_f2_jpg.rf.3d973bf1ac678298859d488cb4bfe757.jpg,0,0,0.9986,0.2,0.004,0.041,4.584,1.035,4.292,0.211,10.752
FireSmokeVideoNEW53_f3_jpg.rf.c585371eb2404fbdf5969b1273dc86d6.jpg,0,0,0.9986,0.208,0.004,0.042,4.582,2.033,4.336,0.226,11.851
FireSmokeVideoNEW53_f52_jpg.rf.a3230f3288fb962379665fb159f9317f.jpg,0,0,0.9999,0.202,0.004,0.042,7.932,4.681,6.616,0.239,20.096
FireSmokeVideoNEW53_f5_jpg.rf.50876281755a19260cc1d23bde91547a.jpg,0,0,0.9988,0.211,0.004,0.047,5.334,1.072,4.334,0.221,11.623
FireSmokeVideoNEW53_f7_jpg.rf.7b454ecfa010b15be836f1818eb9bdcc.jpg,0,0,0.9999,0.203,0.004,0.044,4.886,1.057,4.305,0.222,11.149
FireSmokeVideoNEW53_f9_jpg.rf.fe1cd71cc35a34c3db2d47541a5a491f.jpg,0,0,0.9997,0.207,0.004,0.043,5.089,1.068,4.298,0.215,11.318
FireSmokeVideoNEW54_f13_jpg.rf.a9e867909a17f3f9c11ca08ddf18b5dc.jpg,0,0,0.9973,0.205,0.004,0.044,5.047,1.104,4.318,0.213,11.315
FireSmokeVideoNEW54_f38_jpg.rf.cca8610c8803098ff4c112e69e53928d.jpg,0,0,0.9997,0.209,0.004,0.045,4.829,1.072,4.36,0.213,11.124
FireSmokeVideoNEW54_f55_jpg.rf.8c8d8266780830e66fd8172a9978a3f3.jpg,0,0,0.9996,0.209,0.004,0.044,6.243,1.059,4.214,0.213,12.421
FireSmokeVideoNEW56_f20_jpg.rf.22946dd32acfc9afc317f1d62d04bfbf.jpg,0,0,0.9999,0.224,0.004,0.043,6.039,1.081,4.423,0.217,12.416
FireSmokeVideoNEW56_f2_jpg.rf.80406e8b8db41fbb2a526666406933ea.jpg,0,0,0.9993,0.211,0.004,0.046,10.154,3.712,5.274,0.234,20.296
FireSmokeVideoNEW57_f0_jpg.rf.0f2ac245a69e897a0b3f132c5bf85c27.jpg,0,0,1.0,0.198,0.004,0.045,6.7,0.923,4.419,0.272,12.95
FireSmokeVideoNEW57_f17_jpg.rf.a453dc14f6f15fc3de4a74d44c01b582.jpg,0,0,1.0,0.207,0.004,0.044,4.928,1.095,4.369,0.23,11.246
FireSmokeVideoNEW57_f19_jpg.rf.193e9484ef231b4d852a672156a828fb.jpg,0,0,1.0,0.201,0.004,0.044,5.76,1.01,4.343,0.234,12.076
FireSmokeVideoNEW57_f31_jpg.rf.4740da129b70974c33df9d8baa14ef93.jpg,0,0,1.0,0.199,0.004,0.044,5.407,1.04,4.369,0.23,11.664
FireSmokeVideoNEW57_f42_jpg.rf.4f77a2a110e95e655d236b9a91d0cddc.jpg,0,0,0.9983,0.188,0.004,0.041,4.887,0.983,4.36,0.216,11.057
FireSmokeVideoNEW57_f6_jpg.rf.85c2607d9aad7c96de861d85c83cfd1e.jpg,0,0,0.9985,0.203,0.004,0.042,5.201,0.997,4.307,0.218,11.342
FireSmokeVideoNEW58_f17_jpg.rf.076d9217e2466be0e0fd241ae7f862a3.jpg,0,0,0.9883,0.203,0.004,0.042,5.575,1.164,4.316,0.224,11.914
FireSmokeVideoNEW63_f11_jpg.rf.25ae51ab6751c2d51da80735217b0266.jpg,0,0,0.9925,0.218,0.004,0.045,6.53,3.371,4.312,0.256,15.121
FireSmokeVideoNEW63_f13_jpg.rf.b6d8ff5649c5231eb191262548710ec5.jpg,0,0,0.9846,0.217,0.004,0.046,8.28,5.358,4.359,0.23,18.872
FireSmokeVideoNEW63_f19_jpg.rf.e15a7746a3b7c63745c8c7b7da181fdf.jpg,0,0,0.9948,0.208,0.004,0.042,5.105,1.081,4.394,0.261,11.489
FireSmokeVideoNEW63_f36_jpg.rf.a0eba986ede34082f38d6ce0b5e4fbca.jpg,0,1,0.7075,0.21,0.004,0.044,4.849,1.151,4.308,0.223,11.185
FireSmokeVideoNEW63_f42_jpg.rf.fe301e2deb9d6c60b048e228f8e3f78b.jpg,0,1,0.9629,0.203,0.004,0.044,5.328,1.078,4.434,0.217,11.703
FireSmokeVideoNEW63_f6_jpg.rf.7c4ff88b991b7d55bc27353d442f6479.jpg,0,0,0.9895,0.217,0.004,0.046,7.503,4.8,4.29,0.214,17.47
FireSmokeVideoNEW63_f9_jpg.rf.a020de6c38e4bc3866286605bb6758c0.jpg,0,0,0.9341,0.199,0.004,0.044,7.086,1.309,4.859,0.338,14.328
FireSmokeVideoNEW64_f150_jpg.rf.6ec4b2d180978f7148d8db8b68ec3d6c.jpg,0,0,1.0,0.21,0.004,0.045,4.805,1.094,4.329,0.219,11.105
FireSmokeVideoNEW67_f2_jpg.rf.daadde4a854a81a0f02598ae3a1873b7.jpg,0,0,0.9928,0.2,0.004,0.043,5.095,1.071,4.328,0.217,11.349
FireSmokeVideoNEW67_f3_jpg.rf.e4ecce359edcc9aaee297ded26bd224d.jpg,0,0,0.9992,0.242,0.004,0.047,12.795,8.882,8.929,0.25,31.791
FireSmokeVideoNEW67_f4_jpg.rf.7ef6096d19f1e5d6c95361f949b8b860.jpg,0,0,0.999,0.209,0.004,0.045,11.015,5.119,4.369,0.24,21.38
FireSmokeVideoNEW6_f10_jpg.rf.8cbe534300bd63ed1a2225d5bacef23f.jpg,0,0,0.9834,0.211,0.004,0.046,7.786,3.171,4.333,0.221,16.156
FireSmokeVideoNEW6_f13_jpg.rf.0554da6efca5c9547c0d2db399f61286.jpg,0,0,0.9188,0.231,0.004,0.045,7.895,3.388,4.475,0.233,16.661
FireSmokeVideoNEW6_f1_jpg.rf.3d6226ac747b206b2b0e2a82d90ad4c3.jpg,0,0,0.995,0.2,0.004,0.043,6.535,0.9,4.385,0.217,12.667
FireSmokeVideoNEW6_f24_jpg.rf.8d2308fb08f265e0b97f90584fe28e2e.jpg,0,0,1.0,0.207,0.004,0.046,4.773,1.311,4.324,0.211,11.258
FireSmokeVideoNEW6_f2_jpg.rf.e109f60eb45b81065e94ec815811ebcd.jpg,0,0,0.9977,0.26,0.004,0.044,7.638,1.016,4.282,0.233,13.873
FireSmokeVideoNEW6_f4_jpg.rf.0d6b29d2f459353f71ddf60ae2b2fc48.jpg,0,0,0.9849,0.206,0.004,0.043,7.13,1.027,4.375,0.231,13.406
FireSmokeVideoNEW6_f6_jpg.rf.77b5c7930d92854bf87af48e1700c4e0.jpg,0,1,0.4349,0.209,0.004,0.042,9.309,4.145,8.357,0.241,22.717
FireSmokeVideoNEW6_f8_jpg.rf.f309ef160b3c3c369fea22b5a31bfda5.jpg,0,0,0.9598,0.203,0.004,0.045,5.88,1.052,4.328,0.216,12.116
FireSmokeVideoNEW73_f1_jpg.rf.5804fa5e2c17b2760c764f6cd0e4ee7a.jpg,0,0,0.9993,0.208,0.004,0.044,5.401,1.089,4.298,0.232,11.666
FireSmokeVideoNEW73_f31_jpg.rf.a5a7abcd560770f3ad8075c832046ab6.jpg,0,0,0.6229,0.2,0.004,0.042,4.852,1.568,4.299,0.211,11.565
FireSmokeVideoNEW73_f33_jpg.rf.be83c389fea72019723db1dbe2661485.jpg,0,1,0.5219,0.21,0.004,0.04,4.483,1.046,4.291,0.209,10.674
FireSmokeVideoNEW73_f3_jpg.rf.80cf7fd5835b56a66d2a5007f28b4327.jpg,0,0,0.9998,0.205,0.004,0.042,4.63,1.014,4.35,0.208,10.837
FireSmokeVideoNEW73_f45_jpg.rf.9dc49a737143aa0848b6916ab608c543.jpg,0,0,0.995,0.233,0.004,0.042,4.917,1.015,4.305,0.209,11.11
FireSmokeVideoNEW73_f4_jpg.rf.800537e07a64962896778864b0591eae.jpg,0,0,0.9999,0.199,0.004,0.041,4.758,0.993,6.272,0.209,12.874
FireSmokeVideoNEW73_f6_jpg.rf.515f0defa87139b149a5cfdee21313ac.jpg,0,0,1.0,0.205,0.004,0.043,4.474,0.981,4.329,0.216,10.644
FireSmokeVideoNEW75_f33_jpg.rf.2ee9cdd9def279ff273ef66e7a0cb377.jpg,0,0,1.0,0.213,0.004,0.048,9.218,5.686,5.402,0.342,21.448
FireSmokeVideoNEW75_f35_jpg.rf.b80679d1063fcd1f85d0d3f0c78ba13b.jpg,0,0,1.0,0.209,0.004,0.042,5.113,1.024,4.33,0.224,11.417
FireSmokeVideoNEW75_f45_jpg.rf.69e2c92e7d989e8269ffd61a27a2aa13.jpg,0,0,1.0,0.2,0.004,0.045,4.802,1.028,4.396,0.222,11.088
FireSmokeVideoNEW75_f48_jpg.rf.4fe0cc9fcd7df1aa6c6bed8ca01c8015.jpg,0,0,0.9999,0.201,0.004,0.045,4.781,1.058,4.331,0.224,11.026
FireSmokeVideoNEW75_f68_jpg.rf.9aaeb12d401e8cc7f2939155adecc0f5.jpg,0,0,0.9999,0.208,0.004,0.043,4.372,1.047,4.337,0.21,10.593
FireSmokeVideoNEW75_f75_jpg.rf.e88e49fecb20c35c69c34942f33a06a7.jpg,0,0,1.0,0.206,0.004,0.043,4.407,1.165,4.321,0.206,10.746
FireSmokeVideoNEW75_f78_jpg.rf.87dddcc348df8fb661dcc67f17bb9f2d.jpg,0,0,1.0,0.203,0.004,0.044,5.015,1.06,4.326,0.215,11.249
FireSmokeVideoNEW75_f80_jpg.rf.9471fe6a95f23f6cf0169b283586d685.jpg,0,0,1.0,0.207,0.004,0.044,4.878,1.028,4.816,0.237,11.652
FireSmokeVideoNEW77_f0_jpg.rf.4a14fd690d14ad736592948ee9e8479d.jpg,0,0,0.9999,0.21,0.004,0.047,4.502,6.173,4.396,0.243,15.952
FireSmokeVideoNEW77_f2_jpg.rf.88e0bee913f1efd71b9762beba9a9758.jpg,0,0,0.9974,0.212,0.004,0.046,6.22,3.267,4.326,0.242,14.728
FireSmokeVideoNEW77_f4_jpg.rf.11fca767124a67dfda05ea0ff98197d6.jpg,0,0,0.9298,0.208,0.004,0.045,4.912,1.009,4.339,0.222,11.122
FireSmokeVideoNEW77_f6_jpg.rf.0adf49b0786314e6dcf2ae804245b4c3.jpg,0,0,1.0,0.212,0.004,0.045,4.489,1.081,4.322,0.22,10.771
FireSmokeVideoNEW78_f100_jpg.rf.0246a93591f580c23841f1f7a03d4378.jpg,0,0,0.9965,0.209,0.004,0.042,5.896,2.765,4.312,0.228,13.853
FireSmokeVideoNEW78_f102_jpg.rf.a2d5cf1ede7214163378c154870f20df.jpg,0,0,0.9827,0.201,0.004,0.045,4.58,1.015,4.321,0.225,10.822
FireSmokeVideoNEW78_f104_jpg.rf.4dfdeaab2d0f11e560669b1db346ab29.jpg,0,0,0.9995,0.198,0.004,0.042,4.512,1.195,4.312,0.218,10.876
FireSmokeVideoNEW78_f106_jpg.rf.03e27ed66fb5e083bcd70ef8e2b22de7.jpg,0,0,0.9983,0.212,0.004,0.043,4.658,1.033,4.306,0.215,10.866
FireSmokeVideoNEW78_f10_jpg.rf.69aed95726c0095073665b0547b6c0ed.jpg,0,0,0.9986,0.205,0.004,0.043,5.864,1.081,4.314,0.225,12.12
FireSmokeVideoNEW78_f122_jpg.rf.28dbb8a05a0291954b64ab4b75560d87.jpg,0,0,0.9409,0.211,0.005,0.048,5.943,1.133,4.378,0.233,12.35
FireSmokeVideoNEW78_f124_jpg.rf.da29f797f636157db5e44eeee1e233f9.jpg,0,1,0.7074,0.274,0.004,0.047,8.499,4.555,6.866,0.234,20.884
FireSmokeVideoNEW78_f127_jpg.rf.321d817e07be65ecfaaed302fe940299.jpg,0,0,0.9752,0.202,0.004,0.044,5.025,1.525,4.323,0.217,11.731
FireSmokeVideoNEW78_f12_jpg.rf.2f015eabaf21f5b942f8a0bcf23d91ff.jpg,0,0,0.9989,0.204,0.004,0.046,4.812,0.925,4.315,0.212,10.913
FireSmokeVideoNEW78_f131_jpg.rf.b3b8dd2cd92377e41c69b08136962380.jpg,0,0,0.9999,0.204,0.004,0.042,5.274,0.998,4.307,0.209,11.424
FireSmokeVideoNEW78_f133_jpg.rf.b1330a0b83a815537dcb8cf7a805c634.jpg,0,0,0.9999,0.214,0.004,0.044,5.835,1.012,4.196,0.208,11.894
FireSmokeVideoNEW78_f136_jpg.rf.07483348f2b8003d1b57ebe68cabe6dd.jpg,0,0,0.9876,0.197,0.004,0.043,7.264,1.22,4.897,0.379,14.52
FireSmokeVideoNEW78_f138_jpg.rf.507f5c7806e18c1a350e44407de0fe2a.jpg,0,0,0.9963,0.207,0.004,0.046,5.556,1.724,4.415,0.258,12.602
FireSmokeVideoNEW78_f13_jpg.rf.e9056c18bdbf9fbd1a8673f84e127374.jpg,0,0,0.9865,0.204,0.004,0.043,6.013,1.071,4.317,0.214,12.271
FireSmokeVideoNEW78_f142_jpg.rf.3ad7a5e4c0bf22702d7b5346f04bc6ed.jpg,0,0,1.0,0.202,0.004,0.046,5.7,1.056,4.318,0.217,11.934
FireSmokeVideoNEW78_f145_jpg.rf.037ccfa0fc4c862099bf7bf7346c0f5f.jpg,0,0,0.9829,0.22,0.004,0.048,9.243,4.323,7.185,0.348,21.946
FireSmokeVideoNEW78_f147_jpg.rf.53226233b248526015d8caca17485998.jpg,0,0,0.9997,0.198,0.004,0.043,4.96,1.045,4.364,0.219,11.237
FireSmokeVideoNEW78_f14_jpg.rf.e0b0e00597d55eb4106355586ac58022.jpg,0,0,0.9952,0.212,0.003,0.043,4.577,1.01,4.32,0.217,10.86
FireSmokeVideoNEW78_f152_jpg.rf.1468ff75ff69d32c3b5da5a0f41b31d5.jpg,0,0,0.9204,0.199,0.004,0.044,4.47,1.086,4.312,0.216,10.726
FireSmokeVideoNEW78_f158_jpg.rf.44c2d57f7bada69f448ebba94a5be347.jpg,0,0,0.9892,0.208,0.004,0.04,5.096,1.039,4.374,0.207,11.363
FireSmokeVideoNEW78_f15_jpg.rf.61bfc553293c8b84ca5e66929864acdf.jpg,0,1,0.421,0.21,0.004,0.044,6.423,1.023,6.343,0.239,14.686
FireSmokeVideoNEW78_f161_jpg.rf.fc6ab255d1073c4cd042aea1a9ffc0ce.jpg,0,0,0.5946,0.209,0.004,0.045,4.377,1.059,4.337,0.224,10.655
FireSmokeVideoNEW78_f164_jpg.rf.58c533961fb4ab7e37ea72d1d25da9f6.jpg,0,0,0.9513,0.206,0.004,0.046,5.251,1.047,4.415,0.236,11.609
FireSmokeVideoNEW78_f17_jpg.rf.299e2d271ee22e3adee51bd0a3922796.jpg,0,0,0.6376,0.207,0.004,0.045,4.983,1.073,4.38,0.233,11.366
FireSmokeVideoNEW78_f19_jpg.rf.6a9a9334d939cc1725e048d33aaac632.jpg,0,0,1.0,0.291,0.006,0.075,12.59,5.79,9.532,0.396,29.153
FireSmokeVideoNEW78_f26_jpg.rf.808c1332a8ddd27dc683519fdb709c59.jpg,0,0,0.9997,0.21,0.004,0.046,5.172,1.074,6.204,0.237,13.338
FireSmokeVideoNEW78_f31_jpg.rf.f9b23ec992e523a23dab00a5f1df7323.jpg,0,0,0.9999,0.301,0.005,0.051,6.26,1.308,4.371,0.27,12.971
FireSmokeVideoNEW78_f34_jpg.rf.048c3a009cf9f01f2c893c3a7f4d29f9.jpg,0,0,0.9854,0.206,0.004,0.045,5.644,1.132,4.316,0.227,11.968
FireSmokeVideoNEW78_f38_jpg.rf.d7bcbb88a8606325bca512f08fb12b85.jpg,0,0,0.9999,0.206,0.004,0.044,5.163,1.047,4.401,0.217,11.463
FireSmokeVideoNEW78_f42_jpg.rf.e3b7341b07eedc97e4f9e71568efcf3b.jpg,0,0,1.0,0.205,0.004,0.043,5.971,1.077,4.373,0.222,12.283
FireSmokeVideoNEW78_f47_jpg.rf.0441a6536279080fb8d9e3973da359e1.jpg,0,0,0.9998,0.21,0.004,0.043,5.629,1.065,4.21,0.217,11.76
FireSmokeVideoNEW78_f49_jpg.rf.dde62e81d3b1003dec55327fb90205a1.jpg,0,0,0.9999,0.198,0.004,0.043,6.37,4.408,4.452,0.25,16.127
FireSmokeVideoNEW78_f52_jpg.rf.97cae6149ae8788c2184eaed6c87a189.jpg,0,0,0.9998,0.214,0.004,0.047,8.73,3.31,5.235,0.255,18.331
FireSmokeVideoNEW78_f61_jpg.rf.be1e2bc45ce111239fd79c23f8ab84da.jpg,0,0,0.9996,0.241,0.004,0.043,7.333,3.381,4.429,0.257,16.082
FireSmokeVideoNEW78_f63_jpg.rf.fbb9f0f738cfd1b52d9679fde4e550d0.jpg,0,0,0.9865,0.203,0.004,0.044,6.844,3.262,4.437,0.234,15.42
FireSmokeVideoNEW78_f75_jpg.rf.9736fba22ca009ad8d833f2743ffdbc4.jpg,0,0,0.9986,0.207,0.004,0.046,5.086,1.238,4.303,0.216,11.495
FireSmokeVideoNEW78_f78_jpg.rf.ad211232a0cea8103bc29bcabecf64d2.jpg,0,1,0.5794,0.205,0.004,0.045,5.084,1.056,4.413,0.218,11.42
FireSmokeVideoNEW78_f88_jpg.rf.9c9b2172a345b216cb3b8b94a5c2d2ab.jpg,0,0,0.9994,0.209,0.004,0.048,4.879,1.071,4.325,0.212,11.138
FireSmokeVideoNEW78_f90_jpg.rf.80cbc2f807fa48bb77a0ddbb4f92d53b.jpg,0,0,0.6637,0.202,0.004,0.045,4.747,1.052,4.408,0.209,11.052
FireSmokeVideoNEW78_f92_jpg.rf.27764e757cbe076dd10b68e650b76830.jpg,0,1,0.9334,0.207,0.004,0.044,5.331,4.218,4.463,0.248,14.908
FireSmokeVideoNEW79_f0_jpg.rf.6c233f9324baca74d71237694e6208bd.jpg,0,0,0.8925,0.207,0.004,0.044,8.283,1.5,8.691,0.248,19.39
FireSmokeVideoNEW79_f2_jpg.rf.5ab5b7083ef2140587b2a747e3586750.jpg,0,0,0.5182,0.197,0.004,0.046,5.213,1.107,4.368,0.214,11.553
FireSmokeVideoNEW80_f50_jpg.rf.7f64db0a23902eb4e695223dd5747b37.jpg,0,1,0.6223,0.207,0.004,0.046,8.922,6.127,4.711,0.235,21.329
FireSmokeVideoNEW80_f61_jpg.rf.959eac64f354d759776d524f88c45b54.jpg,0,0,1.0,0.202,0.004,0.044,5.402,1.549,4.368,0.234,12.238
FireSmokeVideoNEW80_f65_jpg.rf.7f149793ecdde0a3088c67a29cf616da.jpg,0,0,1.0,0.208,0.004,0.046,4.783,1.961,4.419,0.222,12.042
FireSmokeVideoNEW81_f211_jpg.rf.38c21e9ceb0d450c3ed4ca3cf710875d.jpg,0,0,0.9999,0.21,0.004,0.047,5.19,1.065,6.271,0.217,13.4
FireSmokeVideoNEW89_f11_jpg.rf.70971440ad7fa3a635d4cc1ab55cad11.jpg,0,0,1.0,0.203,0.004,0.046,4.896,1.094,4.324,0.214,11.159
FireSmokeVideoNEW89_f17_jpg.rf.ec3175100da4cb6b501a733b338779f7.jpg,0,0,1.0,0.196,0.003,0.043,5.788,4.032,4.47,0.264,15.193
FireSmokeVideoNEW89_f1_jpg.rf.37a11c7ddf12f38ce97517fee96442bb.jpg,0,0,0.9999,0.27,0.005,0.046,6.011,1.039,4.52,0.292,12.572
FireSmokeVideoNEW89_f2_jpg.rf.16478f8bf0e21d7ae5ef8e7051a527cb.jpg,0,0,0.9999,0.2,0.004,0.044,5.105,1.016,4.381,0.229,11.383
FireSmokeVideoNEW89_f4_jpg.rf.fa8d6c732f82ea8bce65e81448214a57.jpg,0,0,0.9999,0.23,0.004,0.049,5.355,1.047,6.352,0.236,13.71
FireSmokeVideoNEW89_f6_jpg.rf.ccdfa2eab1b682546c276d848611695a.jpg,0,0,1.0,0.202,0.004,0.042,4.65,1.056,4.372,0.225,10.936
FireSmokeVideoNEW91_f108_jpg.rf.5ef9b4b7ed321d80a6402fbdae06d84b.jpg,0,0,0.679,0.196,0.003,0.042,7.182,1.205,4.867,0.349,14.369
FireSmokeVideoNEW91_f12_jpg.rf.2be217fe87bb1d10063e40ad2f98edfb.jpg,0,0,0.6453,0.204,0.004,0.043,4.519,0.999,4.366,0.233,10.766
FireSmokeVideoNEW91_f13_jpg.rf.6304559d635dfce84893aab443a42e65.jpg,0,0,0.713,0.204,0.003,0.042,5.273,1.058,4.314,0.222,11.503
FireSmokeVideoNEW91_f148_jpg.rf.9e5f4e32806ea4cc19e38216c32ddd68.jpg,0,0,0.7906,0.217,0.004,0.05,5.873,0.992,4.341,0.359,12.235
FireSmokeVideoNEW91_f170_jpg.rf.d36210d91c7d46d5ca51b63bc9498af5.jpg,0,0,0.8369,0.206,0.004,0.047,4.851,1.1,4.318,0.22,11.146
FireSmokeVideoNEW91_f21_jpg.rf.a12d1de3d7849f71b00134f7aad3c96e.jpg,0,0,0.8325,0.203,0.004,0.043,9.62,4.149,6.304,0.238,20.956
FireSmokeVideoNEW91_f38_jpg.rf.a087aed53a287ec998541fb45a7d99bd.jpg,0,0,0.9991,0.21,0.004,0.044,8.007,3.866,4.442,0.231,17.177
FireSmokeVideoNEW91_f40_jpg.rf.780ddb94651d757a91f575081bd62f4b.jpg,0,0,0.9995,0.224,0.004,0.049,7.476,3.134,4.319,0.22,15.814
FireSmokeVideoNEW91_f42_jpg.rf.32a7340390b259f4193b115a5e8b8e6e.jpg,0,0,0.6102,0.205,0.004,0.043,5.636,1.059,4.32,0.214,11.877
FireSmokeVideoNEW91_f47_jpg.rf.950519a05fa951eb26376e406dab7dbf.jpg,0,0,0.7512,0.203,0.003,0.042,4.748,1.054,4.461,0.212,11.114
FireSmokeVideoNEW91_f6_jpg.rf.6737f231d43f4a31b404b6c2d00a7653.jpg,0,0,0.9706,0.207,0.004,0.043,4.842,1.248,4.298,0.214,11.249
FireSmokeVideoNEW91_f83_jpg.rf.b3ce501ee874dfaa8930d94da168fbcf.jpg,0,0,0.6615,0.205,0.004,0.044,4.946,1.05,4.297,0.214,11.154
FireSmokeVideoNEW94_f46_jpg.rf.388c6a516184b8ceb517c84668463f97.jpg,0,0,1.0,0.212,0.004,0.044,4.844,1.137,4.341,0.214,11.171
FireSmokeVideoNEW94_f51_jpg.rf.3626a9e872bd6254896a5f991db229b2.jpg,0,0,1.0,0.277,0.004,0.043,5.67,1.055,4.432,0.216,12.085
FireSmokeVideoNEW95_f106_jpg.rf.7ac012d87c7064e231e67b159d856e28.jpg,0,0,0.9985,0.202,0.004,0.046,11.166,2.985,4.273,0.239,19.355
FireSmokeVideoNEW95_f114_jpg.rf.c99df44b78ce44d23869a9bf3e625f92.jpg,0,0,0.9113,0.205,0.004,0.045,5.884,2.916,4.354,0.232,14.029
FireSmokeVideoNEW95_f13_jpg.rf.60cf14a601d84bc46dadd09d8994103b.jpg,0,0,1.0,0.203,0.004,0.043,5.499,2.978,4.374,0.23,13.697
FireSmokeVideoNEW95_f15_jpg.rf.f4b4ef47a62a51c9b6f84fe85b00c663.jpg,0,0,1.0,0.197,0.004,0.043,7.429,3.432,4.395,0.234,16.122
FireSmokeVideoNEW95_f18_jpg.rf.fdc6e6e99e84c4e6f0c6a9801a40822d.jpg,0,0,1.0,0.206,0.004,0.046,6.516,3.856,4.386,0.229,15.62
FireSmokeVideoNEW95_f1_jpg.rf.9804acdca65427359fba9b986ef302a2.jpg,0,0,1.0,0.2,0.004,0.043,7.135,1.209,4.989,0.39,14.464
FireSmokeVideoNEW95_f24_jpg.rf.7b772eb5e401a33372318f80ab499a50.jpg,0,0,1.0,0.202,0.004,0.041,5.263,1.065,4.375,0.229,11.557
FireSmokeVideoNEW95_f32_jpg.rf.44f112f3dbd99de1d1a8077f4babbf85.jpg,0,0,1.0,0.203,0.004,0.043,4.541,1.011,4.355,0.234,10.953
FireSmokeVideoNEW95_f37_jpg.rf.da1a2dd187454ee9f36d002cac9e5bbe.jpg,0,0,1.0,0.208,0.004,0.044,10.441,6.623,7.919,0.225,26.612
FireSmokeVideoNEW95_f3_jpg.rf.f97f1088cab1defa5ede17fae3662dda.jpg,0,0,1.0,0.206,0.004,0.045,5.516,2.929,6.282,0.217,15.6
FireSmokeVideoNEW95_f45_jpg.rf.9844ba63008fca16a3502cdc3c933efc.jpg,0,0,0.9855,0.2,0.004,0.043,5.937,2.991,4.392,0.233,14.173
FireSmokeVideoNEW95_f50_jpg.rf.3d5c735424cc3a268d3362e0fa08dc16.jpg,0,0,0.9984,0.202,0.004,0.044,8.303,1.327,5.402,0.335,16.215
FireSmokeVideoNEW95_f5_jpg.rf.cdc15902b07229d99725abc0684fcbeb.jpg,0,0,1.0,0.338,0.006,0.057,5.942,0.988,4.369,0.213,12.279
FireSmokeVideoNEW95_f63_jpg.rf.df736824eb6997aabc4ce76c0164e51b.jpg,0,0,1.0,0.194,0.004,0.042,4.871,0.993,4.302,0.231,11.023
FireSmokeVideoNEW95_f76_jpg.rf.32126628e086bbad37b3cb91027df6f7.jpg,0,0,0.9999,0.238,0.004,0.043,5.448,1.025,4.218,0.217,11.566
FireSmokeVideoNEW95_f80_jpg.rf.ff75a8d8a75895d16e986cf812a0dacb.jpg,0,0,0.9999,0.201,0.004,0.083,8.651,6.565,8.032,0.259,24.349
FireSmokeVideoNEW95_f86_jpg.rf.77ef4245f2953f19593223d6430fa91d.jpg,0,0,1.0,0.199,0.004,0.044,8.006,3.07,4.71,0.343,16.795
FireSmokeVideoNEW95_f93_jpg.rf.75818e05099b5c576452f919c5123dcc.jpg,0,0,1.0,0.199,0.004,0.045,6.505,2.997,4.338,0.258,14.73
FireSmokeVideoNEW99_f10_jpg.rf.01b20f0e79f99cce5df8d577002a3842.jpg,0,1,0.8179,0.299,0.006,0.053,6.447,1.04,4.192,0.209,12.651
FireSmokeVideoNEW99_f32_jpg.rf.89458da19c6af99040a01488035d8c55.jpg,0,0,0.9967,0.202,0.004,0.04,4.667,1.177,4.4,0.229,11.099
FireSmokeVideoNEW99_f40_jpg.rf.eb37bb0cdb2d2172b8c1b9940ce6d06f.jpg,0,0,0.9997,0.197,0.004,0.045,5.251,0.975,4.31,0.214,11.364
FireSmokeVideoNEW99_f76_jpg.rf.1418a6430312c9788d22cda8ccd39184.jpg,0,0,0.9994,0.203,0.004,0.044,5.033,1.002,4.283,0.209,11.148
