image,true_label,pred_label,confidence,input_and_metadata_ms,region_validation_ms,crop_extraction_ms,resize_and_preprocess_ms,batch_construction_ms,model_inference_ms,majority_vote_ms,total_ms
FireSmokeVideoNEW0_f22_jpg.rf.8985f041e5b98af6012221a0df4f7bb4.jpg,1,1,1.0,0.271,0.005,0.059,6.144,0.944,36.679,0.268,44.769
FireSmokeVideoNEW0_f24_jpg.rf.bec4c423d7235a25d9b3146aa064ef94.jpg,1,1,1.0,0.319,0.006,0.063,4.32,1.21,43.882,0.498,50.789
FireSmokeVideoNEW0_f26_jpg.rf.e68ce6fbbf069fc3519569a9f0d61247.jpg,1,1,1.0,0.249,0.005,0.066,7.603,5.046,20.83,0.321,34.606
FireSmokeVideoNEW100_f13_jpg.rf.3cab1ba74047190369553b759c249651.jpg,1,1,1.0,0.264,0.006,0.072,9.506,5.417,29.244,0.349,45.335
FireSmokeVideoNEW100_f18_jpg.rf.ac57d16ac234ea35503434017b0d7936.jpg,1,1,1.0,0.279,0.006,0.086,5.742,5.901,29.207,0.383,42.109
FireSmokeVideoNEW100_f22_jpg.rf.414d4e3c8eabf2734516473bcee081b3.jpg,1,1,1.0,0.28,0.006,0.079,8.973,6.499,29.439,0.33,46.192
FireSmokeVideoNEW100_f27_jpg.rf.d440e669b944d0e126d6b9e9e899fd1a.jpg,1,1,1.0,0.283,0.006,0.079,10.406,5.864,46.301,0.38,63.838
FireSmokeVideoNEW100_f29_jpg.rf.8b8b298e3b9d8547f2aa97df45c87bda.jpg,1,1,1.0,0.285,0.006,0.084,6.441,1.231,29.138,0.337,38.013
FireSmokeVideoNEW100_f35_jpg.rf.26902d166504a005e989288a33974699.jpg,1,1,1.0,0.284,0.007,0.083,10.994,5.053,29.103,0.326,46.363
FireSmokeVideoNEW100_f51_jpg.rf.5d5a8fce90b54ca27c1d78496d70be98.jpg,1,1,1.0,0.283,0.006,0.086,21.033,6.974,47.337,0.355,76.546
FireSmokeVideoNEW100_f54_jpg.rf.deb4934b4d254ff0d2151ab4b226bd30.jpg,1,1,1.0,0.3,0.007,0.084,21.134,5.924,36.612,0.343,64.929
FireSmokeVideoNEW100_f56_jpg.rf.fb63e4c0e32aa91f304e675bea7c6451.jpg,1,1,1.0,0.279,0.007,0.087,13.039,6.002,20.355,0.339,40.623
FireSmokeVideoNEW100_f74_jpg.rf.6dbac089262a0484294bad2686f293a4.jpg,1,1,1.0,0.301,0.006,0.175,7.756,6.305,29.43,0.334,44.812
FireSmokeVideoNEW100_f76_jpg.rf.a3b3783d77c6060652ec1972e52945b4.jpg,1,1,1.0,0.288,0.006,0.083,9.966,5.877,29.29,0.334,46.323
FireSmokeVideoNEW100_f80_jpg.rf.c7b1b6d87fe1581d087e2babcd5343cd.jpg,1,1,1.0,0.272,0.006,0.083,8.213,5.124,38.261,0.338,52.821
FireSmokeVideoNEW100_f8_jpg.rf.8cdf1b53d711306fcc3671fb17c63715.jpg,1,1,1.0,0.295,0.007,0.082,10.534,6.895,40.029,0.338,58.71
FireSmokeVideoNEW100_f93_jpg.rf.8f1d3d0acbb786aa3e663017e362030b.jpg,1,1,1.0,0.279,0.006,0.083,10.868,1.358,20.587,0.337,34.035
FireSmokeVideoNEW101_f74_jpg.rf.b40eb61068efb3029e60fb0da7817ba0.jpg,1,0,0.6567,0.268,0.006,0.08,2.631,1.191,29.135,0.329,34.145
FireSmokeVideoNEW103_f38_jpg.rf.46f003d9350c5f9ba187385455fd722f.jpg,1,1,1.0,0.29,0.006,0.079,7.989,6.274,36.564,0.353,52.078
FireSmokeVideoNEW103_f40_jpg.rf.bbe9dcd13072bfcea5eb25d5e0e7edad.jpg,1,1,1.0,0.28,0.006,0.076,7.825,5.987,29.133,0.331,44.15
FireSmokeVideoNEW103_f43_jpg.rf.6b86f977948ffb4075bf842f40f298f8.jpg,1,1,1.0,0.277,0.006,0.077,6.441,5.514,29.212,0.34,42.392
FireSmokeVideoNEW103_f48_jpg.rf.c01bd10387110154c4d65f733af5dd33.jpg,1,1,1.0,0.279,0.006,0.078,7.484,6.108,57.511,0.373,72.35
FireSmokeVideoNEW103_f53_jpg.rf.06d78f97a6bd82da23e6934c4be34911.jpg,1,1,1.0,0.288,0.006,0.078,8.912,3.351,38.234,0.338,51.757
FireSmokeVideoNEW103_f55_jpg.rf.234b4a520a09933bc5c380c6e8ac4700.jpg,1,1,1.0,0.282,0.006,0.079,2.756,1.249,38.183,0.335,43.374
FireSmokeVideoNEW103_f57_jpg.rf.5590d8fa82c520d8f2bf21d3792422a9.jpg,1,1,1.0,0.29,0.006,0.083,8.451,5.818,47.289,0.353,63.131
FireSmokeVideoNEW103_f59_jpg.rf.f4a4ca0c64bcb51dcc538f942f4bed77.jpg,1,1,0.9999,0.282,0.006,0.077,5.116,1.156,20.435,0.359,28.325
FireSmokeVideoNEW103_f69_jpg.rf.107c6757968ca4bfeaf97df6ae6cac5b.jpg,1,1,1.0,0.283,0.006,0.082,2.724,1.675,42.419,0.341,48.027
FireSmokeVideoNEW103_f92_jpg.rf.df707faffb31edd4f980cd3123a6b460.jpg,1,1,1.0,0.266,0.006,0.074,8.359,6.007,27.631,0.386,43.283
FireSmokeVideoNEW106_f12_jpg.rf.c3a3dae95e573db93191a1edb50936e5.jpg,1,1,0.9997,0.278,0.006,0.081,9.041,6.217,20.413,0.324,36.868
FireSmokeVideoNEW106_f14_jpg.rf.331af05784389f5dc2ef80f1570a76fb.jpg,1,1,0.9992,0.275,0.006,0.079,8.234,6.322,29.049,0.377,44.899
FireSmokeVideoNEW106_f28_jpg.rf.ad2c009c83ccf5aaa3ddd7221c4ee1f4.jpg,1,1,1.0,0.273,0.006,0.082,7.911,6.019,44.423,0.383,59.63
FireSmokeVideoNEW106_f3_jpg.rf.100e86d2d578c506662d2ec505c13c32.jpg,1,1,0.9993,0.372,0.007,0.082,7.456,5.753,20.363,0.328,34.885
FireSmokeVideoNEW107_f106_jpg.rf.113c590393888042cc28e8f491be7648.jpg,1,1,1.0,0.278,0.007,0.079,4.73,1.336,33.283,0.333,40.553
FireSmokeVideoNEW107_f123_jpg.rf.9b0580b6b19e2485a2b4ba7b49973b91.jpg,1,1,1.0,0.278,0.006,0.078,2.727,1.127,29.141,0.346,34.185
FireSmokeVideoNEW107_f127_jpg.rf.829b599800fa2ff96700b10087ad3476.jpg,1,1,1.0,0.358,0.006,0.082,3.402,1.156,33.301,0.324,39.103
FireSmokeVideoNEW107_f26_jpg.rf.61a2a027fdf7da306caca75ebb153434.jpg,1,1,1.0,0.278,0.007,0.076,2.871,1.13,29.1,0.313,34.282
FireSmokeVideoNEW107_f28_jpg.rf.77d96d55d8f5bd713af7a40d7bd68cf9.jpg,1,1,1.0,0.275,0.007,0.076,2.714,1.212,33.186,0.329,38.278
FireSmokeVideoNEW107_f2_jpg.rf.2ae3871bad997558e861e368aa59a114.jpg,1,1,1.0,0.274,0.005,0.079,8.585,6.983,46.672,0.373,63.498
FireSmokeVideoNEW107_f36_jpg.rf.55484257687fcb98dd9853c45d221ffb.jpg,1,1,1.0,0.273,0.006,0.08,3.37,1.118,23.083,0.319,28.746
FireSmokeVideoNEW107_f4_jpg.rf.a620a7201724ee71ecef0da20f8f7cca.jpg,1,1,1.0,0.281,0.006,0.078,2.72,1.118,29.066,0.318,34.068
FireSmokeVideoNEW107_f7_jpg.rf.e893ab93fd1147461c1d1018f93c0b43.jpg,1,1,1.0,0.278,0.006,0.077,3.264,1.133,34.769,0.341,40.446
FireSmokeVideoNEW107_f92_jpg.rf.24302c17033c41be0e8a851dd409a218.jpg,1,1,1.0,0.279,0.006,0.077,2.902,1.1,20.519,0.317,25.688
FireSmokeVideoNEW107_f98_jpg.rf.899748aa5ce4273733a59fe30b4d0c48.jpg,1,1,1.0,0.273,0.007,0.078,2.662,1.137,26.705,0.324,31.736
FireSmokeVideoNEW108_f17_jpg.rf.ac2f7536732dd04f1f8ac409305412e5.jpg,1,1,1.0,0.281,0.007,0.079,3.364,1.162,31.94,0.327,37.656
FireSmokeVideoNEW108_f38_jpg.rf.2abf71a14111954c4580a46c4d15b3d3.jpg,1,1,1.0,0.28,0.006,0.083,7.676,1.157,29.219,0.342,39.259
FireSmokeVideoNEW110_f22_jpg.rf.61b3b4e8798ce29f7fe58d31c03ac8a2.jpg,1,1,1.0,0.271,0.006,0.08,6.09,1.204,20.569,0.342,29.07
FireSmokeVideoNEW110_f24_jpg.rf.56e533c69820c0ad447920ce32c55898.jpg,1,1,1.0,0.697,0.006,0.079,4.009,1.207,27.094,0.356,33.955
FireSmokeVideoNEW110_f32_jpg.rf.5721c6c2eef55a07841c4c832f3d07d5.jpg,1,1,1.0,0.253,0.005,0.071,3.449,1.195,27.237,0.37,33.078
FireSmokeVideoNEW110_f34_jpg.rf.acc53b1abe3327d738d65e69f13bad79.jpg,1,1,1.0,0.268,0.006,0.079,4.679,1.205,33.408,0.435,40.959
FireSmokeVideoNEW110_f36_jpg.rf.ae30defe49181bd09836a5fcdeb46fab.jpg,1,1,1.0,0.201,0.004,0.049,3.786,1.72,29.387,0.372,36.02
FireSmokeVideoNEW110_f38_jpg.rf.0bc87128341ef88532538fe138ff4f2b.jpg,1,1,1.0,0.321,0.007,0.094,15.465,10.581,39.192,0.411,66.558
FireSmokeVideoNEW110_f41_jpg.rf.f550195d19a1c0b6d424f595c2b4b1f9.jpg,1,1,1.0,0.269,0.006,0.071,8.031,7.164,50.07,0.389,66.491
FireSmokeVideoNEW110_f61_jpg.rf.54f8064cc44792ec52b6ddf320ffa3a3.jpg,1,1,1.0,0.289,0.006,0.08,14.754,8.46,39.826,0.289,64.189
FireSmokeVideoNEW110_f63_jpg.rf.40951b985ae21888cdb87e745713aa2d.jpg,1,1,1.0,0.234,0.005,0.053,7.062,0.996,38.791,0.299,47.831
FireSmokeVideoNEW110_f65_jpg.rf.22dae51c804d093b3928bb9cf5cb5565.jpg,1,1,1.0,0.218,0.005,0.053,9.537,9.883,31.435,0.299,51.889
FireSmokeVideoNEW110_f67_jpg.rf.cd33b401abcfbfd4a951fd3906e86a41.jpg,1,1,1.0,0.211,0.004,0.053,7.46,11.045,31.952,0.337,51.483
FireSmokeVideoNEW110_f76_jpg.rf.bada3c63979a4512aec38ac7d78ec2d7.jpg,1,1,1.0,0.213,0.005,0.053,2.569,0.933,24.1,0.268,28.528
FireSmokeVideoNEW110_f80_jpg.rf.9f1ecfc3ee942fd4bbd1173ba4b7c394.jpg,1,1,1.0,0.206,0.004,0.051,2.848,1.307,22.412,0.304,27.556
FireSmokeVideoNEW110_f82_jpg.rf.0ff7a178a73b8e42a819ac1739b3c564.jpg,1,1,1.0,0.244,0.006,0.068,3.909,1.139,23.709,0.277,29.836
FireSmokeVideoNEW110_f93_jpg.rf.481ecb09dee0cdc168a1d0787874ef0c.jpg,1,1,1.0,0.248,0.005,0.063,2.424,1.077,26.715,0.34,31.33
FireSmokeVideoNEW112_f10_jpg.rf.39e79e3dfd5c98f6e68045158e2af82d.jpg,1,1,1.0,0.205,0.004,0.051,6.36,4.994,34.432,0.359,46.919
FireSmokeVideoNEW112_f12_jpg.rf.11432bc655317e1fac9c6107e3b5200f.jpg,1,1,1.0,0.267,0.006,0.072,8.124,1.244,23.741,0.328,34.256
FireSmokeVideoNEW112_f14_jpg.rf.6e0c0892a684c74c1ca4670f293457d8.jpg,1,1,1.0,0.272,0.007,0.074,3.208,1.207,28.68,0.408,34.351
FireSmokeVideoNEW112_f16_jpg.rf.ba57af29c8fa8587b2c5148f046375b0.jpg,1,1,1.0,0.309,0.006,0.076,3.469,1.197,26.892,0.347,32.794
FireSmokeVideoNEW112_f18_jpg.rf.21a30cbb698713638442e8962561a9b6.jpg,1,1,1.0,0.265,0.006,0.071,5.065,6.181,33.182,0.598,45.923
FireSmokeVideoNEW112_f1_jpg.rf.90fce7c457371c8403ad89986542ee96.jpg,1,1,1.0,0.268,0.006,0.074,4.97,1.27,23.236,0.348,30.684
FireSmokeVideoNEW112_f2_jpg.rf.da1c46afa259254b1aad5c4b5da7da24.jpg,1,1,1.0,0.283,0.006,0.08,3.594,1.627,23.624,0.369,30.174
FireSmokeVideoNEW112_f4_jpg.rf.f44dba51b9e805433a996d474bd2fbd7.jpg,1,1,1.0,0.27,0.006,0.073,8.916,7.036,29.745,0.339,47.179
FireSmokeVideoNEW112_f6_jpg.rf.dd87dd731952da1d5b61e93a00655678.jpg,1,1,1.0,0.297,0.007,0.422,9.859,4.497,35.308,0.356,51.211
FireSmokeVideoNEW112_f8_jpg.rf.129c527401604ce7176db07d9d855c9c.jpg,1,1,1.0,0.517,0.005,0.057,7.975,9.279,30.066,0.402,48.773
FireSmokeVideoNEW115_f10_jpg.rf.6f4300e4b3f362eed7886f4f1a87b93d.jpg,1,1,1.0,0.282,0.006,0.078,8.494,8.892,36.511,0.327,54.998
FireSmokeVideoNEW115_f13_jpg.rf.324cc0423d48b832369d92b99a4baa51.jpg,1,1,1.0,0.244,0.006,0.063,12.569,6.76,41.02,0.303,61.49
FireSmokeVideoNEW115_f15_jpg.rf.15dbd25355578fccabf33bbbc4d6ad17.jpg,1,1,1.0,0.246,0.005,0.064,8.216,6.802,39.506,0.358,55.878
FireSmokeVideoNEW115_f20_jpg.rf.f0100e331ebd11f9a9711991e4833e3f.jpg,1,1,1.0,0.216,0.004,0.053,9.974,5.531,34.697,0.396,51.482
FireSmokeVideoNEW115_f39_jpg.rf.41762177627c892b70e006fe5cb26853.jpg,1,1,1.0,0.248,0.005,0.068,3.692,1.216,22.689,0.317,28.623
FireSmokeVideoNEW115_f46_jpg.rf.d94c8cb5cbed9575cd088fc4b493eed2.jpg,1,1,1.0,0.225,0.005,0.06,4.123,1.362,22.881,0.31,29.51
FireSmokeVideoNEW115_f50_jpg.rf.5e39ed208628142a56e09ae43ec4d605.jpg,1,1,1.0,0.266,0.006,0.069,3.133,1.237,23.539,0.328,29.06
FireSmokeVideoNEW115_f60_jpg.rf.baab27845cdd653f00986ee3b96a380e.jpg,1,1,1.0,0.254,0.006,0.065,4.379,1.33,30.857,0.347,37.728
FireSmokeVideoNEW115_f8_jpg.rf.9dcd347526c445f2baa86c5c9186f090.jpg,1,1,1.0,0.3,0.005,0.069,3.318,1.362,23.708,0.296,29.549
FireSmokeVideoNEW116_f12_jpg.rf.95a18922be59788cbf63dc24766c8fac.jpg,1,1,1.0,0.244,0.005,0.065,2.64,1.133,23.573,0.308,28.45
FireSmokeVideoNEW116_f14_jpg.rf.6fe2d6cfc1a0f7ba2d16d873a0f51aca.jpg,1,1,1.0,0.232,0.005,0.058,6.957,6.046,23.463,0.314,37.555
FireSmokeVideoNEW116_f16_jpg.rf.1d60b7f98a425c19989760a77b8b7092.jpg,1,1,1.0,0.241,0.005,0.064,2.554,1.576,23.823,0.377,29.136
FireSmokeVideoNEW116_f19_jpg.rf.e9193762a644c57d90194cc412b3e211.jpg,1,1,1.0,0.228,0.004,0.084,5.659,4.12,26.948,0.316,37.828
FireSmokeVideoNEW116_f20_jpg.rf.f2bfd4b6ed7d602b070e70eb541c8849.jpg,1,1,1.0,0.233,0.005,0.06,6.037,3.384,23.492,0.311,33.941
FireSmokeVideoNEW116_f25_jpg.rf.94faed5bcc786dc07e04a6bead7cb5c6.jpg,1,1,1.0,0.24,0.005,0.063,2.571,1.192,26.748,0.33,31.635
FireSmokeVideoNEW116_f2_jpg.rf.4c9cb9b9a3ba5e3c7f2b82764aa90f2c.jpg,1,1,1.0,0.237,0.005,0.063,3.479,1.21,23.528,0.29,29.287
FireSmokeVideoNEW117_f12_jpg.rf.fcb70a547a268008126db8dc378559b9.jpg,1,1,1.0,0.248,0.005,0.064,9.079,7.072,25.326,0.333,42.647
FireSmokeVideoNEW117_f14_jpg.rf.9b010af028bb860ed3b84a8fdb2d373c.jpg,1,1,1.0,0.268,0.006,0.077,4.965,1.146,26.84,0.341,34.093
FireSmokeVideoNEW117_f19_jpg.rf.b971752c7c2b708d3b4ad9ee4fa816bd.jpg,1,1,1.0,0.25,0.006,0.066,2.486,1.239,23.569,0.298,28.38
FireSmokeVideoNEW117_f6_jpg.rf.035a84019a5b26bcdb24a39a0789bcfd.jpg,1,1,1.0,0.246,0.005,0.068,3.386,1.122,23.586,0.298,29.19
FireSmokeVideoNEW117_f8_jpg.rf.b22f2fc6ce899d8be4ce21548f905e81.jpg,1,1,1.0,0.247,0.005,0.067,2.741,1.396,30.835,0.357,36.206
FireSmokeVideoNEW119_f0_jpg.rf.744fd2bb67b9c4f5c263823ce6d2e4a2.jpg,1,1,1.0,0.254,0.006,0.073,2.661,1.69,23.779,0.324,29.275
FireSmokeVideoNEW119_f11_jpg.rf.187de46834021c761b20f75282b71fc2.jpg,1,1,1.0,0.268,0.006,0.075,2.659,1.142,23.628,0.365,28.746
FireSmokeVideoNEW119_f17_jpg.rf.bb575498be7cb8bf09271655a827a205.jpg,1,1,1.0,0.269,0.006,0.077,3.017,1.106,30.037,0.344,35.35
FireSmokeVideoNEW119_f20_jpg.rf.83ca338b8a7a1f351f20a0392a978c58.jpg,1,1,1.0,0.263,0.006,0.077,3.021,1.151,23.738,0.321,29.076
FireSmokeVideoNEW119_f27_jpg.rf.32a58d37e8165ece6f17b61092424e7e.jpg,1,1,1.0,0.224,0.004,0.053,7.467,4.525,23.799,0.342,36.912
FireSmokeVideoNEW119_f29_jpg.rf.585557862f600c84c9c40f80eb57f8ec.jpg,1,1,1.0,0.268,0.006,0.072,3.538,1.751,26.875,0.316,33.329
FireSmokeVideoNEW119_f30_jpg.rf.c902440835c3fd8c2560c5317b035538.jpg,1,1,1.0,0.281,0.006,0.077,2.869,1.137,23.833,0.324,29.098
FireSmokeVideoNEW119_f32_jpg.rf.d27ae4e085fd41313631ebe74965ae01.jpg,1,1,1.0,0.271,0.006,0.077,3.663,1.416,23.559,0.341,29.768
FireSmokeVideoNEW119_f38_jpg.rf.d91f985ff0f9428aa2de6e6bd8ebc98a.jpg,1,1,1.0,0.263,0.005,0.066,3.578,0.963,23.754,0.345,29.374
FireSmokeVideoNEW119_f3_jpg.rf.c8cc5b5783961b03724d25c816b3e647.jpg,1,1,1.0,0.243,0.005,0.068,2.667,1.195,23.5,0.324,28.479
FireSmokeVideoNEW119_f47_jpg.rf.1ffd353c21c7b5679d7e046c6c549393.jpg,1,1,1.0,0.25,0.006,0.07,2.752,1.149,23.551,0.332,28.593
FireSmokeVideoNEW119_f7_jpg.rf.2244f93cbbd1e3e46b4d0bbdba5b6b95.jpg,1,1,1.0,0.258,0.004,0.066,2.471,1.084,26.746,0.341,31.513
FireSmokeVideoNEW119_f9_jpg.rf.ab8d6371d788579af7d9b32869f2dcfd.jpg,1,1,1.0,0.261,0.006,0.072,2.614,1.11,24.985,0.363,29.885
FireSmokeVideoNEW121_f18_jpg.rf.44673b9ce8af3ecd42f57e22a99a38e0.jpg,1,1,1.0,0.268,0.006,0.075,3.138,1.125,23.792,0.349,29.313
FireSmokeVideoNEW121_f1_jpg.rf.5be93985d812c7f5ea035ac113e0f5e0.jpg,1,1,1.0,0.268,0.006,0.072,3.599,1.137,26.886,0.328,32.789
FireSmokeVideoNEW121_f21_jpg.rf.eebcabf40ddce34c31a6c13331a65953.jpg,1,1,1.0,0.27,0.006,0.078,2.93,1.145,23.663,0.298,28.894
FireSmokeVideoNEW121_f23_jpg.rf.ac278f7e1c7a444be3f887b2c6d38717.jpg,1,1,1.0,0.273,0.006,0.132,2.619,1.122,23.621,0.337,28.679
FireSmokeVideoNEW121_f25_jpg.rf.d0ef6211efb24426ee946e1fa8c31fce.jpg,1,1,1.0,0.212,0.005,0.053,4.782,0.93,28.556,0.354,35.292
FireSmokeVideoNEW121_f27_jpg.rf.a5b8bd5483ad1bb30b723346e830127b.jpg,1,1,1.0,0.283,0.006,0.076,2.842,1.134,23.603,0.379,28.957
FireSmokeVideoNEW121_f29_jpg.rf.a99e4a5f275c636275e5efa27c36b410.jpg,1,1,1.0,0.271,0.006,0.072,2.541,1.255,23.522,0.297,28.465
FireSmokeVideoNEW121_f30_jpg.rf.33e9b2bac1a4a79c6a3de00c8a3a8d99.jpg,1,1,1.0,0.319,0.006,0.076,2.726,1.235,27.092,0.365,32.307
FireSmokeVideoNEW121_f32_jpg.rf.f8cb024d7bf28236b1e1d37b2eae22ac.jpg,1,1,1.0,0.278,0.006,0.079,7.822,4.908,23.57,0.342,37.463
FireSmokeVideoNEW121_f34_jpg.rf.6cedfb99ee40c10d727a61a74ea8f251.jpg,1,1,1.0,0.283,0.006,0.083,5.653,4.435,23.594,0.321,34.85
FireSmokeVideoNEW121_f37_jpg.rf.9a405f57987f96bd108e065a51ca2b6f.jpg,1,1,1.0,0.27,0.006,0.076,2.839,1.171,31.179,0.343,36.391
FireSmokeVideoNEW121_f39_jpg.rf.6e6af0255f04f4fe3cf20ee175bfcaad.jpg,1,1,1.0,0.253,0.005,0.072,6.527,5.493,29.184,0.4,42.443
FireSmokeVideoNEW121_f40_jpg.rf.7817cfe0fa7c24a82024b8b4fe48581f.jpg,1,1,1.0,0.288,0.007,0.085,7.693,5.89,29.329,0.323,44.483
FireSmokeVideoNEW121_f4_jpg.rf.8f335cc6c3f116510aa7b65424141dbb.jpg,1,1,1.0,0.284,0.006,0.08,7.302,6.402,29.227,0.336,44.144
FireSmokeVideoNEW121_f6_jpg.rf.0ab7d7fafe53d2118e6ce10be956dfae.jpg,1,1,1.0,0.276,0.006,0.129,7.052,6.238,29.244,0.354,43.809
FireSmokeVideoNEW122_f41_jpg.rf.ddb6da50b215710fb313bd2b6498352f.jpg,1,1,1.0,0.287,0.006,0.079,7.618,7.469,45.844,0.345,62.18
FireSmokeVideoNEW123_f106_jpg.rf.c25e4e81d45d2617b0ab2f5a640eff4b.jpg,1,1,1.0,0.277,0.006,0.08,5.537,1.146,20.309,0.315,28.143
FireSmokeVideoNEW123_f108_jpg.rf.324c16b1e030787e2a19588a578b4df5.jpg,1,1,1.0,0.284,0.007,0.078,2.804,1.152,33.144,0.34,38.284
FireSmokeVideoNEW123_f112_jpg.rf.ef7e157209fea66c4da0a9b66de88567.jpg,1,1,1.0,0.277,0.006,0.081,3.18,1.149,29.252,0.341,34.769
FireSmokeVideoNEW123_f114_jpg.rf.bf8d48047fca455b0f42a273198515cc.jpg,1,1,1.0,0.29,0.006,0.081,9.437,2.289,29.785,0.338,43.081
FireSmokeVideoNEW123_f116_jpg.rf.98c9644c9b593c5edf72505fbd46e59e.jpg,1,1,1.0,0.279,0.006,0.085,4.755,1.236,29.375,0.333,36.576
FireSmokeVideoNEW123_f118_jpg.rf.b477bf1713c31303b31eb7a199ee4c91.jpg,1,1,1.0,0.279,0.007,0.083,4.451,2.343,32.36,0.342,40.371
FireSmokeVideoNEW123_f11_jpg.rf.c8a9964859459a55d8b0b342188a4c08.jpg,1,1,1.0,0.273,0.006,0.08,7.558,6.592,44.24,0.355,59.608
FireSmokeVideoNEW123_f121_jpg.rf.e2586395c9b367a7c81ae7509f4e39db.jpg,1,1,1.0,0.283,0.006,0.085,7.141,3.115,20.491,0.336,32.338
FireSmokeVideoNEW123_f123_jpg.rf.e2375d9952733650dc776617228bb2f8.jpg,1,1,1.0,0.282,0.007,0.089,7.144,1.755,29.269,0.296,39.34
FireSmokeVideoNEW123_f126_jpg.rf.73e9b95d773d15252049d96c679bd5df.jpg,1,1,1.0,0.265,0.006,0.07,6.236,1.25,39.21,0.366,47.92
FireSmokeVideoNEW123_f128_jpg.rf.98e64005651b632e0dd4ef0e8e222a80.jpg,1,1,1.0,0.267,0.007,0.078,9.415,1.32,29.369,0.321,41.302
FireSmokeVideoNEW123_f131_jpg.rf.c92c6b57ace2f9ca7cf47e4631e4ceb8.jpg,1,1,1.0,0.286,0.006,0.089,7.858,6.022,29.271,0.339,44.376
FireSmokeVideoNEW123_f133_jpg.rf.8a731b6788e829b919dcc6fbedee2290.jpg,1,1,1.0,0.284,0.006,0.084,13.119,6.067,29.381,0.364,49.83
FireSmokeVideoNEW123_f135_jpg.rf.f13f1e5ca75a57717778dcb1a3bfbfef.jpg,1,1,1.0,0.357,0.006,0.091,13.238,1.211,29.739,0.337,45.487
FireSmokeVideoNEW123_f137_jpg.rf.89be9c03d3b298ac53b1a84fd4bdb93f.jpg,1,1,1.0,0.281,0.006,0.082,6.41,1.399,29.198,0.331,38.204
FireSmokeVideoNEW123_f148_jpg.rf.40d340666298e990735d8ca388cb9816.jpg,1,1,1.0,0.282,0.006,0.079,2.821,1.129,29.787,0.333,34.934
FireSmokeVideoNEW123_f151_jpg.rf.aa3122a12b22ffea0d7a193d7beae8c5.jpg,1,1,1.0,0.278,0.006,0.137,7.494,6.79,41.467,0.361,57.481
FireSmokeVideoNEW123_f153_jpg.rf.2a47a75fafb9f06997f57643fd0c2bd1.jpg,1,1,1.0,0.283,0.007,0.08,8.54,3.862,29.187,0.33,42.786
FireSmokeVideoNEW123_f156_jpg.rf.ae63f1b00917b26c25dda972daf3284b.jpg,1,1,1.0,0.278,0.006,0.081,2.715,1.124,29.037,0.321,34.042
FireSmokeVideoNEW123_f171_jpg.rf.9c1f0a991f5d1c042661894dd366e0fa.jpg,1,1,1.0,0.285,0.006,0.082,3.271,1.351,34.494,0.369,40.346
FireSmokeVideoNEW123_f173_jpg.rf.55d9d95cd78bdff66e92e854c28eb5f0.jpg,1,1,1.0,0.276,0.006,0.081,2.704,1.11,20.645,0.327,25.623
FireSmokeVideoNEW123_f175_jpg.rf.46d008d35dba2bb66f53dc182961d9a6.jpg,1,1,1.0,0.286,0.006,0.079,2.684,1.124,33.25,0.327,38.242
FireSmokeVideoNEW123_f177_jpg.rf.c76526af57ef0609dc042f01c15fc77e.jpg,1,1,1.0,0.28,0.006,0.079,5.319,1.431,29.062,0.322,36.991
FireSmokeVideoNEW123_f23_jpg.rf.51e35fa3a68a33dfdf723d94f317a85b.jpg,1,1,1.0,0.278,0.005,0.077,2.742,1.12,39.221,0.337,44.264
FireSmokeVideoNEW123_f43_jpg.rf.e8008f78b15654db7e58f369714def41.jpg,1,1,1.0,0.283,0.007,0.081,2.581,1.202,20.403,0.357,25.386
FireSmokeVideoNEW123_f47_jpg.rf.19c0d322d98a9e64ad8fb4efd7fc0e4d.jpg,1,1,1.0,0.288,0.006,0.188,4.786,6.112,29.549,0.338,41.847
FireSmokeVideoNEW123_f49_jpg.rf.62d9ee330226fe916f41f8470db9eb64.jpg,1,1,1.0,0.28,0.006,0.082,7.392,1.493,29.471,0.329,39.541
FireSmokeVideoNEW123_f53_jpg.rf.8c311ae20b0033cdae63327dc63e13cb.jpg,1,1,1.0,0.291,0.006,0.084,9.259,5.288,31.095,0.344,46.844
FireSmokeVideoNEW123_f56_jpg.rf.5a5e62ac291b53c106d713eebc9ab978.jpg,1,1,1.0,0.268,0.006,0.076,6.534,1.191,29.083,0.322,37.986
FireSmokeVideoNEW123_f65_jpg.rf.691203ff3979f7125a54151c4b53a24a.jpg,1,1,1.0,0.282,0.007,0.082,2.724,2.19,33.188,0.342,39.301
FireSmokeVideoNEW123_f73_jpg.rf.d9ba153281fb3ea120f2214751a49b98.jpg,1,1,1.0,0.281,0.006,0.084,5.365,1.442,20.438,0.34,28.46
FireSmokeVideoNEW123_f75_jpg.rf.2d872df94a99a62833cb4a08932ab6d5.jpg,1,1,1.0,0.279,0.006,0.085,2.999,1.179,33.112,0.345,38.495
FireSmokeVideoNEW123_f79_jpg.rf.bcd14349dff0e46dfcf8deae404a9b58.jpg,1,1,1.0,0.281,0.006,0.079,2.752,1.139,38.662,0.331,43.739
FireSmokeVideoNEW123_f81_jpg.rf.6a3dbcf3f43554d6a4828de674d3b1c6.jpg,1,1,1.0,0.283,0.006,0.081,2.928,1.154,33.172,0.324,38.435
FireSmokeVideoNEW123_f83_jpg.rf.36c5ac6ba183f6e111b612aa4e282b9c.jpg,1,1,1.0,0.277,0.006,0.083,2.775,1.143,43.794,0.355,48.917
FireSmokeVideoNEW123_f93_jpg.rf.af94d96d426a243f0b572fdd6b0cffaa.jpg,1,1,1.0,0.276,0.007,0.083,2.889,1.537,23.17,0.331,28.776
FireSmokeVideoNEW123_f96_jpg.rf.423f320fddc0053c6a0341c43c5006ec.jpg,1,1,1.0,0.282,0.006,0.081,3.248,1.3,29.194,0.336,34.944
FireSmokeVideoNEW124_f1_jpg.rf.d882ce249beeb12e24fd0367d120b1ff.jpg,1,1,1.0,0.282,0.007,0.081,2.861,1.146,33.122,0.364,38.348
FireSmokeVideoNEW124_f27_jpg.rf.5cdddd18ce788cc7cf757ab412be6519.jpg,1,1,1.0,0.292,0.006,0.08,9.318,6.008,31.569,0.344,48.084
FireSmokeVideoNEW124_f34_jpg.rf.f3d8859fca5670c5d72b6dcac9134ddf.jpg,1,1,1.0,0.282,0.006,0.081,8.04,5.994,20.426,0.354,35.682
FireSmokeVideoNEW124_f3_jpg.rf.16ade03d9e655a947e2544a8985f60f9.jpg,1,1,1.0,0.28,0.006,0.083,8.973,5.84,28.789,0.249,44.601
FireSmokeVideoNEW124_f47_jpg.rf.314dec34ced589603b4b73ba0a908a21.jpg,1,1,1.0,0.206,0.005,0.05,2.948,1.069,47.954,0.457,53.156
FireSmokeVideoNEW124_f49_jpg.rf.f17f0a12dec3ed500b6a16528b367689.jpg,1,1,1.0,0.253,0.006,0.068,6.549,1.173,29.224,0.344,38.452
FireSmokeVideoNEW124_f54_jpg.rf.3c6cd3f1f020be4de59ee26347685778.jpg,1,1,1.0,0.268,0.006,0.077,2.695,1.133,33.397,0.387,38.461
FireSmokeVideoNEW124_f56_jpg.rf.34f1587323d712197492c44f17215884.jpg,1,1,1.0,0.361,0.006,0.075,2.707,1.364,29.448,0.329,34.8
FireSmokeVideoNEW125_f0_jpg.rf.81fe7efddc3253ced13780ec6e408e3c.jpg,1,1,1.0,0.876,0.039,0.089,6.399,3.09,29.601,0.327,40.939
FireSmokeVideoNEW125_f106_jpg.rf.3a904aa90315058997b7ecacfd5fa5b5.jpg,1,1,1.0,0.266,0.006,0.076,2.721,1.142,29.256,0.299,34.273
FireSmokeVideoNEW125_f120_jpg.rf.c8d686137373b25435a8310ad00fd6ab.jpg,1,1,1.0,0.256,0.006,0.07,2.638,1.155,33.394,0.396,38.404
FireSmokeVideoNEW125_f130_jpg.rf.6f68116a78703c1e9340d77fb40469f5.jpg,1,1,1.0,0.259,0.006,0.07,2.6,1.114,29.268,0.343,34.158
FireSmokeVideoNEW125_f48_jpg.rf.cf4af7b857bae0990afd26b3c1980247.jpg,1,1,1.0,0.21,0.005,0.049,7.378,6.594,34.816,0.296,49.84
FireSmokeVideoNEW125_f74_jpg.rf.d0f371fe160c19e18a328a6024aa82cd.jpg,1,1,1.0,0.277,0.006,0.078,3.09,1.122,20.485,0.32,25.858
FireSmokeVideoNEW125_f7_jpg.rf.be240cb2d473d14c67984703664df0b7.jpg,1,1,1.0,0.274,0.006,0.078,3.565,1.2,33.427,0.343,39.405
FireSmokeVideoNEW126_f27_jpg.rf.7346fe8b8287523c5fc6b4e80eaf0f26.jpg,1,1,1.0,0.306,0.007,0.082,3.148,1.273,37.976,0.379,43.689
FireSmokeVideoNEW126_f29_jpg.rf.5077bf2b2ec0dbc0203d41adf4100e97.jpg,1,1,1.0,0.269,0.005,0.076,2.688,1.251,32.618,0.349,37.764
FireSmokeVideoNEW126_f44_jpg.rf.cd6d14d78dc95c57e52ab92b9f82b3a4.jpg,1,1,1.0,0.279,0.007,0.081,3.27,1.826,20.357,0.316,26.657
FireSmokeVideoNEW126_f48_jpg.rf.da7b9ebcf213b3796a8526e2c8aa6491.jpg,1,1,0.9991,0.27,0.006,0.074,4.681,5.999,29.109,0.347,41.027
FireSmokeVideoNEW126_f52_jpg.rf.b195208c78b88a4e65b0aa661c45f466.jpg,1,1,1.0,0.283,0.006,0.082,8.557,5.969,34.728,0.351,50.49
FireSmokeVideoNEW126_f54_jpg.rf.d787da27718524423c5c184be403cc6c.jpg,1,1,1.0,0.278,0.006,0.079,7.076,4.434,29.145,0.341,41.879
FireSmokeVideoNEW126_f56_jpg.rf.d0e363100b9c22d89de0c94a6e8d2e1d.jpg,1,1,1.0,0.277,0.006,0.08,2.963,1.859,29.304,0.398,35.406
FireSmokeVideoNEW126_f58_jpg.rf.c3a944666a891a540b1cfb2bffc2a913.jpg,1,1,1.0,0.269,0.006,0.072,2.928,1.245,39.656,0.365,45.056
FireSmokeVideoNEW126_f62_jpg.rf.812b44d2dbb2f7ac4ae3c3b0d07c88f6.jpg,1,1,1.0,0.208,0.005,0.051,4.197,1.176,29.478,0.377,35.999
FireSmokeVideoNEW126_f64_jpg.rf.de98eff962cdeb3f0682a2c381d22c4d.jpg,1,1,1.0,0.277,0.006,0.074,2.686,1.214,33.327,0.333,38.416
FireSmokeVideoNEW127_f28_jpg.rf.e61d2816bb699753b49da2bf37a1a457.jpg,1,1,1.0,0.263,0.006,0.077,2.706,1.467,29.069,0.333,34.422
FireSmokeVideoNEW127_f30_jpg.rf.3b48e7019fa19921bbcd22a8fc18a010.jpg,1,1,1.0,0.314,0.006,0.077,6.542,8.349,45.142,0.374,61.672
FireSmokeVideoNEW127_f34_jpg.rf.0c83d4fb0a63562feb910932eecf60d0.jpg,1,1,1.0,0.276,0.006,0.083,5.279,1.309,20.313,0.341,28.08
FireSmokeVideoNEW127_f44_jpg.rf.a9ef43d66b9ec7d1b8e17f8f36bca741.jpg,1,1,1.0,0.279,0.006,0.081,3.158,1.15,33.462,0.351,39.028
FireSmokeVideoNEW127_f50_jpg.rf.bdcc99d123f67fb733203559f7693ef2.jpg,1,1,1.0,0.292,0.006,0.07,3.841,1.225,44.506,0.398,50.848
FireSmokeVideoNEW127_f82_jpg.rf.9f015bb6a9818f109cc000cd7bdd16e6.jpg,1,1,1.0,0.268,0.006,0.073,2.672,1.112,23.249,0.33,28.194
FireSmokeVideoNEW127_f9_jpg.rf.eee7846a8bbb29bad98f36c3bb075784.jpg,1,1,1.0,0.268,0.006,0.077,3.404,1.142,23.669,0.336,29.41
FireSmokeVideoNEW128_f12_jpg.rf.0458b54b709948eb3bdcde19ff5095f0.jpg,1,1,1.0,0.283,0.006,0.08,2.99,1.174,28.117,0.313,33.553
FireSmokeVideoNEW128_f14_jpg.rf.a5d3694afb9300f4e3b2b0775addef04.jpg,1,1,1.0,0.351,0.006,0.077,4.353,1.139,47.267,0.37,54.048
FireSmokeVideoNEW128_f20_jpg.rf.98a1afc67a6f33f19bd2f1be2f35851b.jpg,1,1,1.0,0.286,0.007,0.079,5.033,1.152,20.497,0.335,27.905
FireSmokeVideoNEW128_f7_jpg.rf.e0935c0a1913034ce0978e5202e392f4.jpg,1,1,1.0,0.321,0.005,0.062,2.658,1.074,26.739,0.312,31.678
FireSmokeVideoNEW128_f9_jpg.rf.bad1461a9bf07e05694221fb55e56534.jpg,1,1,1.0,0.258,0.006,0.07,2.779,1.206,26.46,0.347,31.602
FireSmokeVideoNEW129_f14_jpg.rf.79c883812d7065ddbec62fd55612a017.jpg,1,1,1.0,0.262,0.005,0.07,8.418,6.773,35.447,0.357,52.146
FireSmokeVideoNEW12_f24_jpg.rf.7b20fc3b471a7b97fbe9c7e041a0109c.jpg,1,1,1.0,0.29,0.006,0.08,7.544,6.008,29.15,0.324,43.895
FireSmokeVideoNEW12_f38_jpg.rf.96c628a11234c5f9c050b2b4211a2b76.jpg,1,1,1.0,0.283,0.006,0.084,7.424,6.515,29.146,0.329,44.348
FireSmokeVideoNEW12_f51_jpg.rf.6d8e0c1a7b9920ce1193bbb2e094121b.jpg,1,1,1.0,0.347,0.006,0.084,5.485,1.218,38.916,0.382,46.968
FireSmokeVideoNEW12_f64_jpg.rf.13d8bcf8193a21886c21bb66db8fdaa1.jpg,1,1,1.0,0.282,0.006,0.081,2.889,1.188,33.296,0.347,38.616
FireSmokeVideoNEW12_f8_jpg.rf.6d3fc0fe1d943fc0e986aeb39002b689.jpg,1,1,1.0,0.275,0.006,0.079,2.833,1.183,29.136,0.329,34.348
FireSmokeVideoNEW132_f101_jpg.rf.ef8315ebdb257a7832caeb9c2b6c2c3f.jpg,1,1,1.0,0.276,0.006,0.077,5.592,1.195,29.363,0.423,37.447
FireSmokeVideoNEW132_f107_jpg.rf.0be5dc622567ae0ca9a1fa0630d1181a.jpg,1,1,1.0,0.285,0.007,0.081,7.647,1.288,29.672,0.327,39.832
FireSmokeVideoNEW132_f28_jpg.rf.74a57d7f3bf2e80e86a18b4d9ef15767.jpg,1,1,1.0,0.374,0.006,0.083,6.178,3.942,29.264,0.325,40.701
FireSmokeVideoNEW132_f31_jpg.rf.06c6b40b0e311151a8cb5c990fa23e39.jpg,1,1,1.0,0.284,0.006,0.081,3.088,1.756,21.897,0.317,27.93
FireSmokeVideoNEW132_f33_jpg.rf.cf84d4b69b24020d668380d7b87f8d2d.jpg,1,1,1.0,0.264,0.006,0.08,6.448,1.244,39.278,0.352,48.177
FireSmokeVideoNEW132_f43_jpg.rf.1ceb082efbbbe991f9d91d896796f374.jpg,1,1,1.0,0.263,0.005,0.076,2.634,1.124,29.409,0.293,34.297
FireSmokeVideoNEW132_f45_jpg.rf.d73c7cd8c7378af5a370f16c996e99fb.jpg,1,1,1.0,0.337,0.006,0.07,3.003,1.316,33.398,0.36,38.971
FireSmokeVideoNEW132_f48_jpg.rf.a09d6c000c3b5596d9fb43fad2745011.jpg,1,1,1.0,0.261,0.005,0.068,3.006,1.097,20.419,0.336,25.664
FireSmokeVideoNEW132_f51_jpg.rf.2544fe95b715eea490924ece11616b13.jpg,1,1,1.0,0.26,0.006,0.075,7.664,1.133,33.067,0.33,42.997
FireSmokeVideoNEW132_f53_jpg.rf.09f633453d5c9279a67dca6558daa432.jpg,1,1,1.0,0.336,0.006,0.077,5.94,3.954,29.023,0.387,40.195
FireSmokeVideoNEW132_f61_jpg.rf.eef43c9d98a86761615b4b2e7793aa19.jpg,1,1,1.0,0.25,0.005,0.068,3.319,1.154,33.246,0.312,38.905
FireSmokeVideoNEW132_f65_jpg.rf.b11b1fb6703934a13f463437460ee272.jpg,1,1,1.0,0.272,0.005,0.065,3.351,1.251,20.24,0.326,25.998
FireSmokeVideoNEW132_f67_jpg.rf.055d65a0c1fa6cf1aa8eea5471003adc.jpg,1,1,1.0,0.352,0.006,0.16,3.121,1.156,33.796,0.296,39.413
FireSmokeVideoNEW132_f92_jpg.rf.69db5eb51f70a35bfd0d9f540f23a975.jpg,1,1,1.0,0.25,0.005,0.106,7.383,1.68,28.947,0.328,39.188
FireSmokeVideoNEW132_f94_jpg.rf.e414a96046b887c8f237fbbeb00eed68.jpg,1,1,1.0,0.254,0.006,0.074,6.097,1.201,33.257,0.329,41.711
FireSmokeVideoNEW135_f18_jpg.rf.10d9436c6c60d63acd8bc1031b900b8b.jpg,1,1,1.0,0.258,0.006,0.073,3.274,1.146,29.6,0.538,35.432
FireSmokeVideoNEW135_f28_jpg.rf.2944aab5c6eeadf7afa0d88bd6a3a691.jpg,1,1,1.0,0.26,0.006,0.073,2.658,1.276,33.122,0.492,38.38
FireSmokeVideoNEW135_f2_jpg.rf.b170f64290a695a2b517bc86e7d0ab3b.jpg,1,1,1.0,0.262,0.005,0.07,2.647,1.457,28.958,0.338,34.233
FireSmokeVideoNEW135_f37_jpg.rf.1d9c29827509cfacfd57bc7fc93541eb.jpg,1,1,1.0,0.271,0.006,0.076,3.228,1.161,33.234,0.34,38.796
FireSmokeVideoNEW135_f3_jpg.rf.d644c4d3a7e063c498ba9048dfab4c88.jpg,1,1,1.0,0.275,0.006,0.076,8.155,6.793,36.664,0.356,52.853
FireSmokeVideoNEW135_f47_jpg.rf.a02b0d48f9e7132076a8291778099b52.jpg,1,1,1.0,0.273,0.006,0.083,9.111,5.84,31.194,0.512,47.528
FireSmokeVideoNEW135_f58_jpg.rf.51cb12d10437fa9fcb39682569a95cad.jpg,1,1,1.0,0.283,0.006,0.081,4.177,1.647,29.11,0.31,36.128
FireSmokeVideoNEW135_f60_jpg.rf.087d23aeac67fdce07ba0af44364e805.jpg,1,1,1.0,0.272,0.006,0.076,10.06,6.259,38.76,0.357,56.341
FireSmokeVideoNEW135_f64_jpg.rf.3b7b2ceaa7776dde201211a4a258376b.jpg,1,1,1.0,0.284,0.007,0.079,3.855,1.174,29.188,0.388,35.501
FireSmokeVideoNEW135_f74_jpg.rf.48f32d004d58d3ad3c6a754b68eac54f.jpg,1,1,1.0,0.286,0.006,0.08,3.037,1.864,32.341,0.335,38.463
FireSmokeVideoNEW136_f21_jpg.rf.c676865790e30db1c60eb9dd00b38102.jpg,1,1,1.0,0.281,0.006,0.08,4.091,1.188,29.678,0.385,36.222
FireSmokeVideoNEW137_f1_jpg.rf.44d20ad3d89825a859367b20018c4d55.jpg,1,1,1.0,0.267,0.006,0.075,2.814,1.186,33.226,0.304,38.381
FireSmokeVideoNEW137_f3_jpg.rf.03150810b84d787af6292f591ad6a4e2.jpg,1,1,1.0,0.253,0.006,0.066,2.918,1.267,28.997,0.312,34.282
FireSmokeVideoNEW137_f5_jpg.rf.bb04eef8f3bac3bdd70c74ab5ca80a1c.jpg,1,1,1.0,0.269,0.007,0.075,2.731,1.18,33.197,0.355,38.418
FireSmokeVideoNEW137_f7_jpg.rf.320c1db8f24d5c239dcd6e3467d680a7.jpg,1,1,1.0,0.269,0.006,0.072,2.699,1.188,29.289,0.33,34.361
FireSmokeVideoNEW13_f16_jpg.rf.6a22c435851ee372f4425942eed66e62.jpg,1,1,1.0,0.214,0.004,0.053,2.965,1.464,29.324,0.287,34.698
FireSmokeVideoNEW13_f18_jpg.rf.efa310f56dc29914b2bd9a49bb67b566.jpg,1,1,1.0,0.224,0.004,0.054,2.397,1.874,32.741,0.287,38.076
FireSmokeVideoNEW13_f21_jpg.rf.7b7410506fecac2cb64b3fe8ab09e737.jpg,1,1,1.0,0.227,0.005,0.059,2.811,1.346,20.271,0.282,25.447
FireSmokeVideoNEW13_f23_jpg.rf.78dad5d90f1bb63af854c9ace53546c4.jpg,1,1,1.0,0.237,0.005,0.063,7.347,6.799,42.805,0.346,58.113
FireSmokeVideoNEW13_f25_jpg.rf.b6cfcce6c127ccf15fb3aae89ac3b0a4.jpg,1,1,1.0,0.261,0.006,0.075,4.268,1.201,29.078,0.347,35.827
FireSmokeVideoNEW13_f31_jpg.rf.ea9667265ab5c5c893bac955cc1bd2d8.jpg,1,1,1.0,0.284,0.006,0.08,3.392,1.151,33.277,0.392,39.083
FireSmokeVideoNEW13_f42_jpg.rf.ceb4ec2b5e8a3c397fd08d830a71e4cf.jpg,1,1,1.0,0.263,0.006,0.074,2.55,1.214,20.677,0.363,25.641
FireSmokeVideoNEW13_f44_jpg.rf.348a3b9d0972a0d9c68d3917b787a6d8.jpg,1,1,1.0,0.241,0.005,0.052,3.035,1.306,29.401,0.333,34.884
FireSmokeVideoNEW13_f64_jpg.rf.25326a118e4c9cdb02082bf74f0ec540.jpg,1,1,1.0,0.285,0.006,0.082,4.737,1.389,43.024,0.335,50.395
FireSmokeVideoNEW140_f11_jpg.rf.a6207fe6ddb09f5f7e97d5d07ae02dc2.jpg,1,1,1.0,0.267,0.006,0.075,2.693,1.127,20.522,0.303,25.49
FireSmokeVideoNEW140_f13_jpg.rf.018ea90614339140984d0f1e0bec858a.jpg,1,1,1.0,0.27,0.006,0.076,2.705,1.285,40.293,0.376,45.524
FireSmokeVideoNEW140_f17_jpg.rf.5e202fe64f36b5f2a5750deeefa59055.jpg,1,1,1.0,0.268,0.006,0.077,3.017,6.005,29.943,0.341,40.15
FireSmokeVideoNEW140_f30_jpg.rf.49b2343f6127b93f05a60c8895d0f0e9.jpg,1,1,1.0,0.282,0.006,0.08,7.496,6.158,29.197,0.34,44.073
FireSmokeVideoNEW142_f10_jpg.rf.d98506831f9377f7da57191d436872e9.jpg,1,1,0.9997,0.277,0.006,0.08,7.497,6.163,29.403,0.4,44.34
FireSmokeVideoNEW142_f15_jpg.rf.906eebbf2d4656484d899568c537c722.jpg,1,1,1.0,0.281,0.006,0.079,3.503,1.147,33.497,0.345,39.354
FireSmokeVideoNEW142_f19_jpg.rf.7d661a958573c2fba2e68898fad82dd1.jpg,1,1,1.0,0.282,0.006,0.081,6.863,5.027,29.104,0.368,42.186
FireSmokeVideoNEW142_f29_jpg.rf.708929a469b97fe2cd62e6233f1d21d7.jpg,1,1,1.0,0.266,0.006,0.44,5.761,1.067,29.089,0.308,37.393
FireSmokeVideoNEW142_f37_jpg.rf.97715052124ba4f34b332433d91cc643.jpg,1,1,1.0,0.299,0.006,0.082,7.674,5.43,29.399,0.333,43.692
FireSmokeVideoNEW142_f54_jpg.rf.1f26bc7997e471dc07729284fe18c18f.jpg,1,1,1.0,0.26,0.006,0.069,6.91,5.931,29.361,0.343,43.353
FireSmokeVideoNEW142_f8_jpg.rf.00aae90130d2da7f3e57853763ed478a.jpg,1,1,0.9966,0.274,0.006,0.078,3.252,1.196,33.457,0.337,39.102
FireSmokeVideoNEW143_f10_jpg.rf.2249f8748dbed0cbe077fc35929086ad.jpg,1,1,1.0,0.274,0.006,0.077,2.676,1.257,30.458,0.37,35.63
FireSmokeVideoNEW143_f12_jpg.rf.d4416187c1c950728bad7b5f69e90e2d.jpg,1,1,1.0,0.269,0.006,0.077,6.388,1.563,33.32,0.348,42.455
FireSmokeVideoNEW143_f14_jpg.rf.5189a85e97ec559ae6cf9c019946612e.jpg,1,1,1.0,0.285,0.006,0.084,4.304,1.095,29.012,0.327,35.564
FireSmokeVideoNEW143_f16_jpg.rf.d6685538e86d776ff1c97c5216351548.jpg,1,1,1.0,0.261,0.006,0.071,8.147,6.155,29.167,0.358,44.665
FireSmokeVideoNEW143_f18_jpg.rf.472bd0b240a7f17044f20ad23dff581d.jpg,1,1,1.0,0.27,0.006,0.077,5.082,1.37,29.458,0.338,37.062
FireSmokeVideoNEW143_f1_jpg.rf.01fbe83b52f2f843ba3c88189f37fea8.jpg,1,1,1.0,0.284,0.006,0.079,3.057,1.135,42.387,0.334,47.772
FireSmokeVideoNEW143_f21_jpg.rf.6dbf0a12e69696fd0dfde2eddadb5e2e.jpg,1,1,1.0,0.324,0.006,0.076,2.764,2.165,29.079,0.342,35.239
FireSmokeVideoNEW143_f23_jpg.rf.a8cea5091500d596c76163953ec1d31f.jpg,1,1,1.0,0.282,0.006,0.084,2.636,1.21,40.972,0.376,46.056
FireSmokeVideoNEW143_f3_jpg.rf.9c2cc06b1c13399df75a9d14bd736829.jpg,1,1,1.0,0.283,0.007,0.083,2.752,1.127,29.374,0.342,34.457
FireSmokeVideoNEW143_f5_jpg.rf.64a711abecb37a1a846511bdfcbfebbb.jpg,1,1,1.0,0.285,0.006,0.079,2.748,1.133,33.244,0.341,38.324
FireSmokeVideoNEW143_f7_jpg.rf.4d5253963cd2437b2d67e58efadda1eb.jpg,1,1,1.0,0.284,0.006,0.081,2.694,1.382,29.162,0.329,34.411
FireSmokeVideoNEW143_f9_jpg.rf.3d8408a7c28207a4594f6116d3dc8e22.jpg,1,1,1.0,0.285,0.006,0.08,8.193,8.073,35.474,0.354,52.986
FireSmokeVideoNEW144_f13_jpg.rf.c9b4dbc9c1a23680b793172414c6a328.jpg,1,1,1.0,0.277,0.006,0.078,3.935,1.121,29.224,0.323,35.438
FireSmokeVideoNEW144_f15_jpg.rf.a053017bcfa3d28a92e025311f6a4898.jpg,1,1,1.0,0.278,0.006,0.078,3.57,1.287,33.223,0.321,39.247
FireSmokeVideoNEW144_f1_jpg.rf.e48ee444ef2493ae5f7c6774c4860fc8.jpg,1,1,1.0,0.282,0.006,0.078,2.844,1.113,29.06,0.326,34.193
FireSmokeVideoNEW144_f3_jpg.rf.54afa08b1aa96e20b43e15a861ee1819.jpg,1,1,1.0,0.272,0.007,0.073,2.578,1.148,29.345,0.317,34.208
FireSmokeVideoNEW144_f5_jpg.rf.df207ef6f7909fed8b962d39d097a503.jpg,1,1,1.0,0.252,0.006,0.067,6.425,3.786,29.269,0.339,40.975
FireSmokeVideoNEW145_f1_jpg.rf.c98959994bf43a00ccccdbaa8e72f04a.jpg,1,1,1.0,0.288,0.006,0.081,2.823,1.19,33.552,0.359,38.821
FireSmokeVideoNEW146_f101_jpg.rf.fe2634fca5b5d1f2c9e70545fad522da.jpg,1,1,1.0,0.289,0.006,0.084,8.83,6.627,31.218,0.343,47.938
FireSmokeVideoNEW146_f106_jpg.rf.9892c623f0f9bd29dbbcc214bc814b41.jpg,1,1,1.0,0.282,0.006,0.08,3.605,4.187,29.63,0.342,38.646
FireSmokeVideoNEW146_f109_jpg.rf.384c83e02b0e4015cf5e4c8503673308.jpg,1,1,1.0,0.276,0.017,0.079,2.744,1.291,29.187,0.379,34.499
FireSmokeVideoNEW146_f111_jpg.rf.ade51d43e61f28f35c8031cdf6817d02.jpg,1,1,1.0,0.281,0.006,0.081,3.998,2.712,34.714,0.376,42.669
FireSmokeVideoNEW146_f113_jpg.rf.ab8e22e960ad7213184583c588b4c445.jpg,1,1,1.0,0.276,0.007,0.082,3.439,1.2,20.552,0.332,26.481
FireSmokeVideoNEW146_f117_jpg.rf.23a02761ea49a223ae6bf03a68d0fbdb.jpg,1,1,1.0,0.285,0.006,0.081,3.027,1.233,33.41,0.409,38.968
FireSmokeVideoNEW146_f140_jpg.rf.2a95b7d14beac9ebfdfee7a038f57378.jpg,1,1,1.0,0.27,0.006,0.078,4.559,1.226,29.271,0.364,36.289
FireSmokeVideoNEW146_f142_jpg.rf.9d3a06313e6023fc10a5ffc8f82f475b.jpg,1,1,1.0,0.269,0.006,0.077,6.217,1.156,38.979,0.385,47.594
FireSmokeVideoNEW146_f144_jpg.rf.d8a99d5d28baa2ba0d34ff6b6332c3c8.jpg,1,1,1.0,0.285,0.007,0.082,3.862,1.285,20.508,0.322,26.84
FireSmokeVideoNEW146_f151_jpg.rf.0fbffe058eb1e6cbac9fef14aead5b33.jpg,1,1,1.0,0.283,0.006,0.081,4.898,6.751,29.139,0.325,41.983
FireSmokeVideoNEW146_f153_jpg.rf.fd1770e9a7a7dd230630573819f73610.jpg,1,1,1.0,0.28,0.006,0.081,7.022,1.171,29.242,0.344,38.645
FireSmokeVideoNEW146_f159_jpg.rf.bdff825023e2cc456f066faf7f44afb1.jpg,1,1,1.0,0.29,0.006,0.08,6.72,7.277,29.294,0.347,44.502
FireSmokeVideoNEW146_f161_jpg.rf.ff917c26295ce3ed066b0a6739d7b4e1.jpg,1,1,1.0,0.289,0.007,0.08,6.407,1.104,29.075,0.335,37.801
FireSmokeVideoNEW146_f163_jpg.rf.e4bf576b4016d399937d584007322e6b.jpg,1,1,1.0,0.28,0.006,0.08,2.714,1.121,33.376,0.351,38.411
FireSmokeVideoNEW146_f17_jpg.rf.1b3689a90a841172097fcbfa904ff096.jpg,1,1,1.0,0.267,0.006,0.073,7.207,6.245,35.337,0.375,50.015
FireSmokeVideoNEW146_f19_jpg.rf.1163c954509ad8d43502cfe74353caf1.jpg,1,1,1.0,0.282,0.006,0.08,5.923,3.97,20.493,0.322,31.62
FireSmokeVideoNEW146_f22_jpg.rf.860d47b110f7a7b5dc0909f99ed6c8aa.jpg,1,1,1.0,0.283,0.006,0.08,7.781,5.75,28.984,0.326,43.701
FireSmokeVideoNEW146_f24_jpg.rf.4d4437854a9dd5bfd679122ce6356411.jpg,1,1,1.0,0.28,0.006,0.078,7.145,6.053,29.142,0.374,43.647
FireSmokeVideoNEW146_f35_jpg.rf.569ada06b02691fc519a8f024219fe15.jpg,1,1,0.9998,0.285,0.006,0.082,9.424,5.999,31.104,0.335,47.719
FireSmokeVideoNEW146_f49_jpg.rf.0bf5dac5124fa16d11d0830e0a753409.jpg,1,1,1.0,0.287,0.006,0.083,10.788,5.658,29.181,0.344,46.89
FireSmokeVideoNEW146_f51_jpg.rf.15d197cb6c2c43ab6c0fdadab8dc7b2c.jpg,1,1,1.0,0.283,0.006,0.087,9.791,1.973,29.285,0.343,42.301
FireSmokeVideoNEW146_f53_jpg.rf.01946d65982e4d93d26c7b9db3102b40.jpg,1,1,1.0,0.281,0.007,0.078,2.818,1.646,39.311,0.364,45.012
FireSmokeVideoNEW147_f102_jpg.rf.4f6c2948924181f2c14e48f8ed4bfb1f.jpg,1,1,1.0,0.272,0.005,0.076,2.786,1.166,29.225,0.339,34.478
FireSmokeVideoNEW147_f10_jpg.rf.86ed5ec2ef774ba63776378184197396.jpg,1,1,1.0,0.285,0.006,0.078,3.194,1.61,33.337,0.346,39.412
FireSmokeVideoNEW147_f49_jpg.rf.920daf7fb589a9b3becd83173d91f717.jpg,1,1,1.0,0.282,0.006,0.084,3.18,1.188,29.23,0.346,34.83
FireSmokeVideoNEW147_f50_jpg.rf.11dc15cc50117b65a3595ffadfa635c9.jpg,1,1,1.0,0.29,0.007,0.082,8.839,9.457,33.138,0.35,52.642
FireSmokeVideoNEW147_f52_jpg.rf.1f1622d0cb5a2a41596f582631aae192.jpg,1,1,1.0,0.278,0.006,0.082,6.827,6.0,29.102,0.341,43.149
FireSmokeVideoNEW147_f62_jpg.rf.1f159e881f75e24efb4e84a5f275f06f.jpg,1,1,1.0,0.288,0.006,0.081,7.196,5.81,29.218,0.335,43.445
FireSmokeVideoNEW147_f64_jpg.rf.148efc59d85c9883a1e2a9951450522b.jpg,1,1,1.0,0.287,0.006,0.084,6.679,5.882,45.211,0.303,59.036
FireSmokeVideoNEW147_f72_jpg.rf.c65d7aa435fdb2ec18d34e18004a07e1.jpg,1,1,1.0,0.278,0.006,0.078,4.493,3.183,29.228,0.346,38.191
FireSmokeVideoNEW147_f75_jpg.rf.02fed88bb0f331b3e631edec406e62cf.jpg,1,1,1.0,0.269,0.006,0.075,3.652,1.234,29.086,0.327,35.169
FireSmokeVideoNEW147_f7_jpg.rf.9747f57a7c176ccf7009a4d4b069f9ec.jpg,1,1,1.0,0.255,0.005,0.072,7.369,8.423,44.475,0.406,61.567
FireSmokeVideoNEW147_f99_jpg.rf.b1df66b8d99531ae4e234cda5311bf60.jpg,1,1,0.999,0.283,0.007,0.083,3.718,1.597,29.116,0.324,35.645
FireSmokeVideoNEW148_f10_jpg.rf.0dc92d22744e903a32a3c83646b68d39.jpg,1,1,1.0,0.282,0.007,0.202,2.988,1.289,33.296,0.347,38.932
FireSmokeVideoNEW148_f12_jpg.rf.52dbece6256403bd64d1463b18e78b5f.jpg,1,1,0.9999,0.28,0.006,0.081,3.165,1.234,29.229,0.362,34.934
FireSmokeVideoNEW148_f14_jpg.rf.f705015083aa7f6b5d9e98fbe6b36b40.jpg,1,1,1.0,0.29,0.007,0.082,2.851,1.239,33.245,0.331,38.57
FireSmokeVideoNEW148_f16_jpg.rf.efe282d05092639ca948cb54eec0b644.jpg,1,1,1.0,0.284,0.007,0.081,2.721,1.428,20.267,0.32,25.61
FireSmokeVideoNEW148_f18_jpg.rf.25cf073fc5c999087720cdb1568d26cb.jpg,1,1,1.0,0.282,0.006,0.078,3.319,1.331,42.345,0.35,48.231
FireSmokeVideoNEW148_f1_jpg.rf.08a7d028ddf308f88bed66f6adbe05ae.jpg,1,1,0.6931,0.281,0.007,0.08,3.29,1.227,35.305,0.387,41.111
FireSmokeVideoNEW148_f21_jpg.rf.d3c907302072bcf371911184b42a8bce.jpg,1,1,1.0,0.287,0.006,0.081,2.876,1.536,33.084,0.345,38.75
FireSmokeVideoNEW148_f23_jpg.rf.bb7a8c385f12966c93224cd7de5533ac.jpg,1,1,1.0,0.366,0.006,0.08,2.794,2.547,29.071,0.335,35.717
FireSmokeVideoNEW148_f2_jpg.rf.cc3395286ff35ee596125fb994bdfc73.jpg,1,1,0.9999,0.294,0.006,0.081,3.308,1.223,33.223,0.369,39.02
FireSmokeVideoNEW148_f38_jpg.rf.3e772f6833c02d74cc3a9eb84130c6a2.jpg,1,1,1.0,0.286,0.006,0.08,9.472,7.7,30.378,0.343,48.8
FireSmokeVideoNEW148_f45_jpg.rf.c111b115dfee39f87d8bb3fefd29e481.jpg,1,1,1.0,0.277,0.006,0.075,2.755,2.627,21.832,0.339,28.423
FireSmokeVideoNEW148_f4_jpg.rf.b5e711e0d8349a97597cf658055f912f.jpg,1,1,1.0,0.276,0.007,0.079,6.282,5.932,29.137,0.333,42.6
FireSmokeVideoNEW148_f5_jpg.rf.a5397150607d4f0b596ec44a6c28888e.jpg,1,1,1.0,0.283,0.006,0.081,6.88,6.334,34.569,0.432,49.063
FireSmokeVideoNEW148_f69_jpg.rf.0c25ebea3342d2fe4d94d8cc76dd4bcf.jpg,1,1,1.0,0.283,0.006,0.081,3.881,1.246,29.332,0.324,35.729
FireSmokeVideoNEW148_f7_jpg.rf.bef5a3ae44c17a02e467edb3d5a4c8ac.jpg,1,1,1.0,0.288,0.007,0.079,2.877,1.238,33.28,0.338,38.69
FireSmokeVideoNEW148_f86_jpg.rf.9a4b43078d141504677a016831cf6308.jpg,1,1,1.0,0.266,0.006,0.075,2.695,3.352,29.291,0.335,36.554
FireSmokeVideoNEW148_f88_jpg.rf.8c2fdce293148f53b72c01a544a59ba9.jpg,1,1,1.0,0.3,0.007,0.084,8.027,3.815,32.664,0.358,45.665
FireSmokeVideoNEW148_f9_jpg.rf.720035ab761052597ad6cea16d2280e4.jpg,1,1,1.0,0.286,0.006,0.082,2.904,1.219,29.142,0.339,34.494
FireSmokeVideoNEW150_f101_jpg.rf.33953232d7c51fdee6b7e2ce2865d0ba.jpg,1,1,1.0,0.288,0.006,0.085,2.913,1.238,33.319,0.346,38.721
FireSmokeVideoNEW150_f126_jpg.rf.32aee877b840a9c2ea22f01d2f5fb303.jpg,1,1,1.0,0.276,0.006,0.079,2.964,1.232,31.735,0.379,37.199
FireSmokeVideoNEW150_f14_jpg.rf.444a98b29116e080a6a4a0501bb9f0f7.jpg,1,1,1.0,0.288,0.007,0.082,3.232,1.23,33.067,0.339,38.708
FireSmokeVideoNEW150_f16_jpg.rf.1e363290e42953136c50c91b146e07d9.jpg,1,1,1.0,0.271,0.006,0.081,2.816,1.194,20.363,0.357,25.599
FireSmokeVideoNEW150_f19_jpg.rf.b8f3ae94cfe25f126a004e4fa29e7bdb.jpg,1,1,0.9978,0.289,0.006,0.08,7.197,5.287,29.156,0.374,42.861
FireSmokeVideoNEW150_f21_jpg.rf.d067747b0ef9247ab15d7d8d359a08aa.jpg,1,1,1.0,0.264,0.006,0.075,4.321,5.227,46.516,0.384,57.276
FireSmokeVideoNEW150_f27_jpg.rf.5c97dd97e9ed1deda7fb24fce2121f90.jpg,1,1,1.0,0.257,0.006,0.07,7.102,6.735,20.515,0.351,35.531
FireSmokeVideoNEW150_f29_jpg.rf.5511e763f9c244616f5e77ce9b91c813.jpg,1,1,1.0,0.276,0.006,0.083,4.636,1.579,29.077,0.342,36.531
FireSmokeVideoNEW150_f30_jpg.rf.9d4832733e3b2a93417a5c8b84aee5d0.jpg,1,1,1.0,0.281,0.006,0.087,3.514,4.528,43.536,0.386,52.872
FireSmokeVideoNEW150_f35_jpg.rf.e659edf7e73a723edf7cb3df1ace88a3.jpg,1,1,1.0,0.281,0.006,0.083,2.827,1.343,29.289,0.326,34.683
FireSmokeVideoNEW150_f37_jpg.rf.3d99dc493af34a4278cbad08dacccd20.jpg,1,1,1.0,0.288,0.006,0.083,6.909,3.583,29.244,0.342,40.963
FireSmokeVideoNEW150_f39_jpg.rf.16f3dc6a8d25292027d805693095ce6f.jpg,1,1,1.0,0.277,0.006,0.082,2.921,1.233,29.321,0.343,34.714
FireSmokeVideoNEW150_f40_jpg.rf.a8ed31240a813fc1b3b194e5dc286200.jpg,1,1,1.0,0.383,0.006,0.091,7.576,6.004,29.377,0.374,44.263
FireSmokeVideoNEW150_f49_jpg.rf.894a7d0a845e4f06aaf52084b00c6d3f.jpg,1,1,1.0,0.281,0.006,0.079,4.737,1.178,28.938,0.332,36.003
FireSmokeVideoNEW150_f52_jpg.rf.3a9421d2d5bba6909fe121dc0c5e5951.jpg,1,1,1.0,0.266,0.006,0.073,2.788,1.097,32.784,0.304,37.857
FireSmokeVideoNEW150_f75_jpg.rf.3abfaf3dfa1a54a3000ae55b88ef6e38.jpg,1,1,1.0,0.258,0.006,0.066,5.67,1.362,31.2,0.389,39.42
FireSmokeVideoNEW150_f93_jpg.rf.483917c98f627d6edb1ce0a19c709f2c.jpg,1,1,1.0,0.284,0.006,0.077,3.267,1.1,33.31,0.315,38.832
FireSmokeVideoNEW153_f102_jpg.rf.04284ab61b7234532f0b9026058be288.jpg,1,1,1.0,0.265,0.006,0.068,3.651,1.344,29.061,0.338,35.223
FireSmokeVideoNEW153_f105_jpg.rf.25bcafa89f42721d551841633e56ab3f.jpg,1,1,1.0,0.279,0.006,0.075,2.738,1.133,33.317,0.335,38.364
FireSmokeVideoNEW153_f108_jpg.rf.8c8d79a0e6dc7c4a31aab13cb893358b.jpg,1,1,1.0,0.278,0.006,0.074,3.109,1.12,21.329,0.373,26.765
FireSmokeVideoNEW153_f111_jpg.rf.44b4559f78806fba0bd71c69f0768418.jpg,1,1,1.0,0.281,0.006,0.072,3.389,1.602,42.353,0.342,48.582
FireSmokeVideoNEW153_f113_jpg.rf.f74466106550bec39e4d5cf1fa49d5b3.jpg,1,1,1.0,0.275,0.006,0.075,3.843,1.166,29.061,0.321,35.237
FireSmokeVideoNEW153_f117_jpg.rf.0f30b08c290b5e28fe270c5062c46051.jpg,1,1,1.0,0.276,0.007,0.077,7.038,6.023,29.412,0.384,43.746
FireSmokeVideoNEW153_f124_jpg.rf.9a2353fcb4544032a30aaa5e6bd64ee0.jpg,1,1,1.0,0.284,0.006,0.078,8.616,7.932,28.747,0.346,46.483
FireSmokeVideoNEW153_f12_jpg.rf.b366ca33845d67e9a395b25b15cb447b.jpg,1,1,1.0,0.257,0.006,0.067,6.169,6.433,20.486,0.335,34.27
FireSmokeVideoNEW153_f137_jpg.rf.d9411938e113c254dffcf511b582d027.jpg,1,1,1.0,0.269,0.006,0.074,5.417,1.181,29.054,0.311,36.801
FireSmokeVideoNEW153_f140_jpg.rf.6bf670b7eeffa899441ef3e9dba2adcd.jpg,1,1,1.0,0.278,0.007,0.077,4.019,1.22,33.493,0.364,39.957
FireSmokeVideoNEW153_f150_jpg.rf.25dbe19041bed476d4f58048b1a59414.jpg,1,1,1.0,0.276,0.007,0.078,3.374,1.124,29.407,0.322,35.071
FireSmokeVideoNEW153_f155_jpg.rf.4cbaf0dadb73c614812b924695d039a7.jpg,1,1,1.0,0.325,0.007,0.08,2.791,1.192,33.52,0.336,38.736
FireSmokeVideoNEW153_f166_jpg.rf.c1a67b7a7cbbfd8f7b0ed5186ba9ec9a.jpg,1,1,1.0,0.279,0.006,0.076,2.87,1.132,29.141,0.314,34.31
FireSmokeVideoNEW153_f175_jpg.rf.58e26ccc4e06d1d75c4b04c9b1712d9c.jpg,1,1,1.0,0.28,0.007,0.076,2.952,1.584,34.724,0.368,40.49
FireSmokeVideoNEW153_f190_jpg.rf.256ddc0fa216968cc5333bb8e84e3476.jpg,1,1,1.0,0.277,0.006,0.074,3.114,1.153,29.538,0.365,35.027
FireSmokeVideoNEW153_f20_jpg.rf.288cad55c0d4103264306149626fb2b0.jpg,1,1,1.0,0.285,0.006,0.075,3.606,1.155,32.882,0.334,38.846
FireSmokeVideoNEW153_f218_jpg.rf.bd10302a298b9d028ae7b44461c82a6f.jpg,1,1,1.0,0.284,0.006,0.078,4.599,1.174,29.061,0.315,36.062
FireSmokeVideoNEW153_f222_jpg.rf.66b912ceebfd666ff1c413bcf55c3d19.jpg,1,1,1.0,0.283,0.007,0.074,2.905,1.232,41.525,0.345,46.858
FireSmokeVideoNEW153_f224_jpg.rf.966c2cdd02d2ec6671f46f99e4fdce16.jpg,1,1,1.0,0.342,0.007,0.073,3.113,1.278,29.287,0.319,34.91
FireSmokeVideoNEW153_f228_jpg.rf.7571f42b5e5967cfa1d7a3598b22ebd0.jpg,1,1,1.0,0.279,0.006,0.073,3.415,1.159,33.233,0.319,38.983
FireSmokeVideoNEW153_f31_jpg.rf.29c7b86d56504af7fcfde12a31536ea7.jpg,1,1,1.0,0.272,0.016,0.072,5.285,1.155,20.277,0.318,27.916
FireSmokeVideoNEW153_f39_jpg.rf.67df6e0a99a896aa75dc69161de13ca4.jpg,1,1,1.0,0.295,0.006,0.075,7.189,1.295,32.873,0.336,42.566
FireSmokeVideoNEW153_f45_jpg.rf.7e48982adb68742dcb6b0fad3eb26fe8.jpg,1,1,1.0,0.28,0.006,0.078,7.543,1.199,29.248,0.34,39.208
FireSmokeVideoNEW153_f48_jpg.rf.bac071423e7f6c0aafdc107c3521e7f0.jpg,1,1,1.0,0.279,0.006,0.078,5.712,1.187,33.277,0.322,41.427
FireSmokeVideoNEW153_f64_jpg.rf.a2b94d7a56781c4cdfb3c151eb143367.jpg,1,1,1.0,0.264,0.016,0.117,7.072,5.93,38.68,0.377,52.971
FireSmokeVideoNEW153_f68_jpg.rf.f5b162bdfbc33af2159fc2bc9426eed6.jpg,1,1,1.0,0.286,0.007,0.077,7.261,6.204,29.44,0.345,44.117
FireSmokeVideoNEW153_f71_jpg.rf.c23db68bddcdb21801dbebc0c061e76b.jpg,1,1,1.0,0.282,0.007,0.079,7.524,6.082,29.084,0.328,43.871
FireSmokeVideoNEW153_f87_jpg.rf.6baf2f06090e0337483ada248509cb59.jpg,1,1,1.0,0.284,0.006,0.075,7.429,6.507,43.582,0.377,58.78
FireSmokeVideoNEW153_f90_jpg.rf.9023719adf04d4044c938ccb993dd1e8.jpg,1,1,1.0,0.28,0.007,0.074,7.313,5.989,29.284,0.328,43.782
FireSmokeVideoNEW153_f92_jpg.rf.e84aa4e8fdac769782fd8658cde448fd.jpg,1,1,1.0,0.282,0.006,0.078,7.889,5.984,29.258,0.35,44.363
FireSmokeVideoNEW153_f95_jpg.rf.99a25f547c16948f571a8789a3b182fc.jpg,1,1,1.0,0.283,0.006,0.078,6.937,1.305,38.969,0.388,48.496
FireSmokeVideoNEW155_f10_jpg.rf.c748381fdf197879771b4e7e6b3f29d8.jpg,1,1,1.0,0.287,0.006,0.077,2.695,1.268,23.336,0.344,28.517
FireSmokeVideoNEW155_f12_jpg.rf.1968aa1bef09745bcd6ac5288a9c9358.jpg,1,1,1.0,0.281,0.006,0.077,7.147,6.021,29.116,0.336,43.492
FireSmokeVideoNEW155_f14_jpg.rf.fb317c01dc2a95cdd45a4093b27718f0.jpg,1,1,1.0,0.287,0.006,0.077,7.626,6.197,29.401,0.36,44.537
FireSmokeVideoNEW155_f16_jpg.rf.d8fe076c461d48744bee7c042abcc5f8.jpg,1,1,1.0,0.21,0.004,0.047,7.725,6.008,29.504,0.34,44.343
FireSmokeVideoNEW155_f24_jpg.rf.b28dccb64a14935ed7dee307a54574de.jpg,1,1,1.0,0.323,0.006,0.084,7.318,6.069,29.221,0.342,43.864
FireSmokeVideoNEW155_f2_jpg.rf.fa36401821aec5900cc2c85e1226c0a2.jpg,1,1,1.0,0.282,0.006,0.076,3.338,1.178,29.411,0.34,35.229
FireSmokeVideoNEW155_f42_jpg.rf.c60947293513766a592f90a1541d9092.jpg,1,1,1.0,0.294,0.006,0.079,7.529,8.023,41.087,0.353,57.89
FireSmokeVideoNEW155_f49_jpg.rf.3c06fb2c6a26091589977194a4abab76.jpg,1,1,1.0,0.285,0.007,0.079,7.45,6.033,20.353,0.331,35.074
FireSmokeVideoNEW155_f50_jpg.rf.80677d5b907912711a6920a084d1e89c.jpg,1,1,1.0,0.323,0.006,0.078,4.38,1.186,33.303,0.355,40.155
FireSmokeVideoNEW155_f5_jpg.rf.3cb78f9d303c52509e0578544d2da27c.jpg,1,1,1.0,0.282,0.007,0.076,2.846,1.603,29.233,0.409,34.979
FireSmokeVideoNEW155_f62_jpg.rf.9ab8fb2faf5d035ac1c6744445b9c213.jpg,1,1,1.0,0.209,0.005,0.049,3.895,1.199,33.446,0.353,39.679
FireSmokeVideoNEW155_f6_jpg.rf.1667a85146b807e8f44d7c22058489eb.jpg,1,1,1.0,0.278,0.006,0.08,2.806,1.187,29.248,0.338,34.465
FireSmokeVideoNEW156_f15_jpg.rf.fb5dd0148524a2cda3bb53f4e0121715.jpg,1,1,1.0,0.284,0.007,0.076,2.718,1.331,33.279,0.33,38.554
FireSmokeVideoNEW156_f175_jpg.rf.60debd3147792c3a493655b096e73fa4.jpg,1,1,1.0,0.276,0.006,0.074,2.804,1.184,29.369,0.579,34.874
FireSmokeVideoNEW158_f39_jpg.rf.7f473b556e3cd2815542ec5bf6db3e6d.jpg,1,1,1.0,0.292,0.006,0.074,2.793,1.171,23.295,0.347,28.489
FireSmokeVideoNEW158_f46_jpg.rf.6b82b2f486e4e624ea9461a55db99dca.jpg,1,1,1.0,0.277,0.006,0.077,2.686,1.331,29.118,0.324,34.41
FireSmokeVideoNEW158_f48_jpg.rf.3168d65ca51af21e092746c775d953fc.jpg,1,1,1.0,0.281,0.006,0.078,3.267,1.143,33.172,0.371,38.822
FireSmokeVideoNEW158_f59_jpg.rf.869a05d37638c92d9fe0dd626efd31d0.jpg,1,1,1.0,0.285,0.006,0.074,3.014,1.296,38.443,0.934,44.587
FireSmokeVideoNEW158_f63_jpg.rf.2d1014dc2ef5040b98a27fe60ab19d6a.jpg,1,1,1.0,0.268,0.006,0.071,3.226,1.21,33.45,0.352,39.112
FireSmokeVideoNEW158_f90_jpg.rf.d48168cb4bb38538fc1ed5cabc7142b2.jpg,1,1,1.0,0.324,0.006,0.077,3.427,1.31,29.154,0.333,35.155
FireSmokeVideoNEW158_f92_jpg.rf.9c84ccbe9534bc160399d17379f8b111.jpg,1,1,1.0,0.288,0.006,0.079,2.753,1.18,33.224,0.351,38.492
FireSmokeVideoNEW159_f112_jpg.rf.591c03eb9db15672f4cd8b4abb898d89.jpg,1,1,1.0,0.595,0.076,0.12,4.091,1.265,40.358,0.351,47.388
FireSmokeVideoNEW15_f12_jpg.rf.f51125d1af8ad086351a7886b0f5009b.jpg,1,1,1.0,0.268,0.006,0.07,2.56,1.232,23.034,0.333,28.0
FireSmokeVideoNEW15_f14_jpg.rf.9d67d376bf8c041638caeff48acaf623.jpg,1,1,1.0,0.284,0.006,0.07,3.777,1.192,29.26,0.346,35.458
FireSmokeVideoNEW15_f17_jpg.rf.86e7dbb8918e3b1b2f626273bd55b8d0.jpg,1,1,1.0,0.288,0.007,0.075,2.76,1.2,35.384,0.751,40.988
FireSmokeVideoNEW15_f1_jpg.rf.f344ff4bba1c59aa5c50709afb19e455.jpg,1,1,1.0,0.288,0.006,0.072,2.625,1.132,20.448,0.348,25.422
FireSmokeVideoNEW15_f2_jpg.rf.a31e556d5f3a6dbd7ff44311ef8efbae.jpg,1,1,1.0,0.266,0.006,0.069,3.019,1.535,26.878,0.339,32.621
FireSmokeVideoNEW15_f6_jpg.rf.436addb93652b050d3dd3b2c60b0bfec.jpg,1,1,1.0,0.271,0.006,0.07,2.608,1.587,26.817,0.327,32.197
FireSmokeVideoNEW160_f103_jpg.rf.20ecce466add4381dcaa03df05ea7770.jpg,1,1,1.0,0.277,0.006,0.074,5.567,1.193,38.812,0.424,46.861
FireSmokeVideoNEW160_f12_jpg.rf.bfc71795a2763b42e2e484455ff7f31b.jpg,1,1,1.0,0.264,0.006,0.072,2.622,1.158,29.492,0.341,34.46
FireSmokeVideoNEW160_f15_jpg.rf.f44bad4c3e3af5089ecdb301e701e787.jpg,1,1,1.0,0.287,0.006,0.077,2.701,1.477,33.294,0.35,38.694
FireSmokeVideoNEW160_f16_jpg.rf.428bb15b7ae1c7facd99f425b6d7df6a.jpg,1,1,1.0,0.281,0.006,0.078,2.81,1.19,29.147,0.369,34.396
FireSmokeVideoNEW160_f173_jpg.rf.b2e66370e2f2c1cb16de0df2907336f7.jpg,1,1,1.0,0.526,0.007,0.185,6.205,6.15,29.306,0.344,43.206
FireSmokeVideoNEW160_f177_jpg.rf.d1a861e50ebc4461caaecf62f63ebc59.jpg,1,1,0.9999,0.251,0.005,0.066,5.374,1.275,29.114,0.326,36.9
FireSmokeVideoNEW160_f1_jpg.rf.190758d8c7a682c5b7daac081dfb3a78.jpg,1,1,1.0,0.274,0.006,0.072,2.727,1.472,32.851,0.36,38.265
FireSmokeVideoNEW160_f2_jpg.rf.fce089d8284f0950ae97be3eba63439a.jpg,1,1,1.0,0.255,0.005,0.068,3.016,1.422,34.198,0.68,40.248
FireSmokeVideoNEW160_f33_jpg.rf.108f8a672b6f88d2b89ac7f95422009c.jpg,1,1,1.0,0.273,0.004,0.048,3.102,1.152,33.323,0.378,38.765
FireSmokeVideoNEW160_f35_jpg.rf.c16d0976f3f76c13a1330b5768eca00a.jpg,1,1,1.0,0.28,0.006,0.078,3.144,1.195,29.22,0.321,34.755
FireSmokeVideoNEW160_f39_jpg.rf.d3e3a3c1485f2d01aec9cad353813e12.jpg,1,1,1.0,0.383,0.007,0.081,3.034,1.313,33.36,0.349,39.049
FireSmokeVideoNEW160_f41_jpg.rf.aa9f5312160d0bd036a5938074fddac9.jpg,1,1,0.9992,0.286,0.007,0.078,6.384,6.342,46.321,0.379,60.322
FireSmokeVideoNEW160_f44_jpg.rf.1cc92e380feb65d1eb40ba795881b5d5.jpg,1,1,1.0,0.283,0.006,0.083,7.582,6.023,29.362,0.336,44.191
FireSmokeVideoNEW160_f46_jpg.rf.dd383a61ddf4ac103ba2ab38fafc1304.jpg,1,1,1.0,0.275,0.006,0.076,5.53,1.15,38.527,0.358,46.41
FireSmokeVideoNEW160_f48_jpg.rf.7dd4aefed27d023e4052d016859d86ba.jpg,1,1,1.0,0.287,0.007,0.076,6.764,8.576,34.373,0.377,50.988
FireSmokeVideoNEW160_f4_jpg.rf.a216d4761627cf8ad4fe93da11263bd4.jpg,1,1,1.0,0.28,0.006,0.075,6.53,5.89,29.074,0.328,42.688
FireSmokeVideoNEW160_f52_jpg.rf.3228c111f52937aaf63b39337eba40f8.jpg,1,1,1.0,0.344,0.006,0.073,7.296,5.904,29.114,0.317,43.562
FireSmokeVideoNEW160_f55_jpg.rf.92746e806b8a448bd9fa5ebc37187ef2.jpg,1,1,1.0,0.283,0.007,0.075,7.132,5.944,38.294,0.399,52.638
FireSmokeVideoNEW160_f57_jpg.rf.8a91ec76e3647b46e08933b3462af691.jpg,1,1,1.0,0.341,0.006,0.074,6.226,6.45,29.284,0.316,43.199
FireSmokeVideoNEW160_f59_jpg.rf.170fd687380bef8f766d9e266cb85053.jpg,1,1,1.0,0.278,0.006,0.069,5.375,1.163,29.13,0.312,36.818
FireSmokeVideoNEW160_f63_jpg.rf.db93f533170822e20526f9e532b5e51b.jpg,1,1,1.0,0.274,0.006,0.069,3.044,1.608,29.037,0.319,34.828
FireSmokeVideoNEW160_f6_jpg.rf.ac5b4b5a9f3e3488066181df85e3f326.jpg,1,1,1.0,0.29,0.006,0.075,6.563,1.208,31.755,0.348,40.776
FireSmokeVideoNEW160_f83_jpg.rf.2b5c18d120808fcee84fcee8e15e0eab.jpg,1,1,1.0,0.276,0.006,0.072,4.094,1.188,29.547,0.341,36.04
FireSmokeVideoNEW160_f94_jpg.rf.fa93f0ccf8383d0537bd4526fe6dea4f.jpg,1,1,1.0,0.281,0.006,0.077,2.825,1.179,29.162,0.322,34.362
FireSmokeVideoNEW160_f96_jpg.rf.318dc1b078231bc7e8217c6b27dbf6bc.jpg,1,1,1.0,0.288,0.006,0.074,2.964,6.25,49.741,0.378,60.23
FireSmokeVideoNEW160_f98_jpg.rf.fda7903762711f01f813040b5d8aa8a2.jpg,1,1,1.0,0.327,0.007,0.076,7.71,6.122,20.411,0.341,35.495
FireSmokeVideoNEW160_f9_jpg.rf.8ad168e145acd33d27bbeeebdf9ae57e.jpg,1,1,1.0,0.279,0.006,0.077,7.453,6.059,29.081,0.323,43.787
FireSmokeVideoNEW161_f102_jpg.rf.b8a39867ca705345dd78135b6499812f.jpg,1,1,1.0,0.287,0.007,0.078,8.852,6.358,32.825,0.386,49.31
FireSmokeVideoNEW161_f104_jpg.rf.03cdb4c2815784a34a20437185bb945e.jpg,1,1,1.0,0.287,0.007,0.078,7.742,1.187,20.553,0.341,30.826
FireSmokeVideoNEW161_f108_jpg.rf.a443c4f6d93a5c29284e386e100774c7.jpg,1,1,1.0,0.266,0.006,0.069,4.194,1.112,41.843,0.32,48.291
FireSmokeVideoNEW161_f110_jpg.rf.7a3ea145a4c983d0832040f8059eab16.jpg,1,1,1.0,0.26,0.005,0.066,3.336,1.141,29.07,0.316,34.771
FireSmokeVideoNEW161_f112_jpg.rf.cc6e5f3275b57bf2b6725a9d400d562b.jpg,1,1,1.0,0.363,0.006,0.07,8.098,7.443,35.337,0.421,52.275
FireSmokeVideoNEW161_f126_jpg.rf.6be71a5552c67a041be924a65961ba25.jpg,1,1,1.0,0.277,0.007,0.078,7.394,5.971,20.432,0.327,34.972
FireSmokeVideoNEW162_f22_jpg.rf.c32b1104152593e5333cf62b573e1c78.jpg,1,1,1.0,0.28,0.006,0.076,8.444,5.98,29.198,0.349,44.9
FireSmokeVideoNEW162_f25_jpg.rf.14fe515b4881006326c100db4510d703.jpg,1,1,1.0,0.282,0.006,0.078,8.553,6.721,42.631,0.377,59.153
FireSmokeVideoNEW162_f28_jpg.rf.2100b326cec56114b93d020bc09048ce.jpg,1,1,1.0,0.279,0.007,0.077,7.46,6.365,20.5,0.36,35.539
FireSmokeVideoNEW162_f33_jpg.rf.8dad23cbfc6a51aefb21d5fad8279bb7.jpg,1,1,1.0,0.286,0.006,0.076,8.434,6.019,29.101,0.327,44.813
FireSmokeVideoNEW162_f66_jpg.rf.3631362f48db82440191fe572b490d18.jpg,1,1,1.0,0.291,0.006,0.08,8.629,5.852,29.833,0.38,45.594
FireSmokeVideoNEW162_f68_jpg.rf.e5c11af641e403c1dfd72762deb03d79.jpg,1,1,1.0,0.212,0.004,0.047,7.254,5.965,20.694,0.327,34.997
FireSmokeVideoNEW163_f1_jpg.rf.48314c99b8b115efc7e5d9aaae268c6d.jpg,1,1,1.0,0.264,0.006,0.071,3.201,1.492,33.296,0.328,39.149
FireSmokeVideoNEW163_f3_jpg.rf.37eb09b7f4a74de0e072b65a23530ffe.jpg,1,1,1.0,0.268,0.006,0.07,3.386,1.183,29.055,0.299,34.772
FireSmokeVideoNEW163_f5_jpg.rf.3ff7bc2e2acad28b6f4bd8c668b163f1.jpg,1,1,1.0,0.269,0.006,0.071,2.931,1.177,41.726,0.593,47.423
FireSmokeVideoNEW163_f91_jpg.rf.2ea42f806b1cfd13bc551fa782ea4414.jpg,1,1,1.0,0.277,0.006,0.073,3.018,1.171,20.427,0.327,25.797
FireSmokeVideoNEW164_f76_jpg.rf.73ec1d0a5c3c6223aad8ea5f96d2c287.jpg,1,0,0.8088,0.265,0.006,0.068,2.677,1.671,32.427,0.349,37.954
FireSmokeVideoNEW166_f104_jpg.rf.4ae70d75d6f1e26735b5fd2d00149140.jpg,1,1,1.0,0.275,0.006,0.072,2.925,1.182,29.022,0.33,34.368
FireSmokeVideoNEW166_f106_jpg.rf.ecdf0d1c54eed105a41ceb1c3a5e16a2.jpg,1,1,1.0,0.273,0.006,0.072,8.564,6.516,36.265,0.396,52.6
FireSmokeVideoNEW166_f114_jpg.rf.96ea691bbc9cbfaf071eff12e406a474.jpg,1,1,1.0,0.288,0.007,0.159,5.966,1.154,29.216,0.333,37.617
FireSmokeVideoNEW166_f128_jpg.rf.c8522d2e926b393fc34be90751b24e82.jpg,1,1,1.0,0.286,0.006,0.08,8.438,6.329,29.354,0.343,45.348
FireSmokeVideoNEW166_f130_jpg.rf.ec9dae17b6bbb13104fa9b611d0195b1.jpg,1,1,1.0,0.283,0.007,0.077,6.721,1.279,40.145,0.385,49.632
FireSmokeVideoNEW166_f142_jpg.rf.8777aadb7efd8b5364780535a11408ee.jpg,1,1,1.0,0.284,0.006,0.077,3.745,1.18,23.11,0.335,29.235
FireSmokeVideoNEW166_f151_jpg.rf.951f63f13e871c67cbf4167ca519c038.jpg,1,1,1.0,0.283,0.006,0.076,3.074,1.181,29.209,0.317,34.745
FireSmokeVideoNEW166_f156_jpg.rf.c3fc415b126d1c0dc2c799e8d819ba0a.jpg,1,1,1.0,0.266,0.006,0.071,3.481,1.154,33.282,0.361,39.11
FireSmokeVideoNEW166_f18_jpg.rf.91b89ccc3f2286e2046f47caeec4e617.jpg,1,1,1.0,0.216,0.005,0.048,3.376,1.57,29.528,0.334,35.649
FireSmokeVideoNEW166_f20_jpg.rf.621861e4339bc16655c7d59607418101.jpg,1,1,1.0,0.282,0.006,0.076,2.78,1.842,33.557,0.342,39.395
FireSmokeVideoNEW166_f31_jpg.rf.ec18fdfa2e1b079dc332639aca65e45b.jpg,1,1,1.0,0.273,0.006,0.07,2.635,1.262,29.37,0.328,34.442
FireSmokeVideoNEW16_f15_jpg.rf.1b1aa21c81078e3b97875626efbfa695.jpg,1,1,1.0,0.27,0.005,0.071,2.611,1.251,33.331,0.372,38.421
FireSmokeVideoNEW16_f20_jpg.rf.607dc5a69aa35cab8c152976e33f78b9.jpg,1,1,1.0,0.211,0.005,0.049,3.54,1.138,29.482,0.32,35.568
FireSmokeVideoNEW16_f22_jpg.rf.ed416c54b284805baff969bf2d477571.jpg,1,1,1.0,0.286,0.007,0.078,2.839,1.208,32.872,0.335,38.143
FireSmokeVideoNEW16_f24_jpg.rf.13b7de1341a169938a1b00b037d6e459.jpg,1,1,1.0,0.28,0.006,0.079,3.023,1.188,29.02,0.361,34.478
FireSmokeVideoNEW16_f26_jpg.rf.d88449a03f1fc06e4e5b4971b57c423e.jpg,1,1,1.0,0.288,0.006,0.074,2.752,1.219,33.086,0.382,38.325
FireSmokeVideoNEW16_f48_jpg.rf.8200e21f18799aa0faf03642cd3c3587.jpg,1,1,1.0,0.208,0.005,0.048,3.064,1.196,29.375,0.319,34.738
FireSmokeVideoNEW16_f54_jpg.rf.f5bd922fb406ec6debc8b5dbe6fed5f5.jpg,1,1,1.0,0.284,0.006,0.113,2.702,1.202,33.16,0.327,38.399
FireSmokeVideoNEW16_f73_jpg.rf.5f38b183effd9a5adcc92d6d936e082f.jpg,1,1,1.0,0.353,0.006,0.077,6.688,1.292,29.108,0.318,38.365
FireSmokeVideoNEW172_f111_jpg.rf.c0521dfdd8b774734b046dd69683eaf9.jpg,1,1,1.0,0.294,0.007,0.086,9.925,6.801,48.501,0.374,67.175
FireSmokeVideoNEW172_f163_jpg.rf.f85eb82deba112f0c669c48fd7ee61b4.jpg,1,1,1.0,0.287,0.007,0.078,3.436,1.307,29.154,0.366,35.16
FireSmokeVideoNEW172_f37_jpg.rf.1133eca3df34cbcd597de45fe6e0e94d.jpg,1,1,1.0,0.284,0.005,0.077,2.973,3.202,29.763,0.393,37.188
FireSmokeVideoNEW172_f62_jpg.rf.443f82816a29901f59cb85bddc7bc3fc.jpg,1,1,1.0,0.279,0.007,0.074,3.38,1.201,37.244,1.256,43.997
FireSmokeVideoNEW172_f79_jpg.rf.1b68d10570f4d82b070043578957f70d.jpg,1,1,1.0,0.284,0.006,0.077,2.761,1.185,33.351,0.345,38.569
FireSmokeVideoNEW176_f109_jpg.rf.11dd89709af38d8056b039c8815bf0fc.jpg,1,1,1.0,0.254,0.005,0.063,2.821,1.091,29.038,0.305,34.05
FireSmokeVideoNEW176_f119_jpg.rf.fe37062e59113046aa83d89b8ecb0b7c.jpg,1,1,1.0,0.237,0.005,0.06,2.574,1.085,42.735,0.362,47.531
FireSmokeVideoNEW176_f157_jpg.rf.d57b84235a5007bd6d675bff496183e5.jpg,1,1,1.0,0.239,0.005,0.061,2.489,1.095,29.111,0.394,33.871
FireSmokeVideoNEW176_f181_jpg.rf.cabd74e7296f4c73ee27fe028dd8e69d.jpg,1,1,1.0,0.246,0.005,0.061,2.885,1.097,29.007,0.32,34.103
FireSmokeVideoNEW176_f3_jpg.rf.c36369eb36e9298d6403fe4d09674b63.jpg,1,1,1.0,0.251,0.005,0.062,2.547,1.095,33.107,0.4,37.946
FireSmokeVideoNEW176_f72_jpg.rf.ac3b396938e401cbfa0224d45069e656.jpg,1,1,0.9992,0.26,0.006,0.068,2.898,7.458,45.787,0.366,57.368
FireSmokeVideoNEW178_f14_jpg.rf.338e69ab75ea47886780fab9072cfe97.jpg,1,1,1.0,0.284,0.006,0.073,7.115,5.626,20.377,0.321,34.286
FireSmokeVideoNEW178_f16_jpg.rf.2dfc5ee41cefadea08a7ba62ac1f579f.jpg,1,1,1.0,0.277,0.006,0.073,2.658,1.264,29.124,0.342,34.227
FireSmokeVideoNEW178_f19_jpg.rf.527dc6458507de2613fc2429950c55bd.jpg,1,1,1.0,0.28,0.006,0.073,6.539,1.743,38.112,0.357,47.647
FireSmokeVideoNEW178_f21_jpg.rf.2df23cfacf65b02094284d7cc5407e99.jpg,1,1,1.0,0.279,0.007,0.072,3.228,6.184,29.34,0.323,39.944
FireSmokeVideoNEW178_f23_jpg.rf.22f0cb6fd7d1eb2784883dee2cccc9b5.jpg,1,1,1.0,0.281,0.006,0.071,6.57,1.379,33.36,0.379,42.573
FireSmokeVideoNEW178_f27_jpg.rf.213ab9f16ff7511e8bd4d03be401ebd8.jpg,1,1,1.0,0.278,0.007,0.1,3.06,1.171,20.725,0.336,26.187
FireSmokeVideoNEW178_f29_jpg.rf.4b50b3250a85e04f2f561d0fb5b2ea19.jpg,1,1,1.0,0.28,0.006,0.076,8.985,8.321,46.384,0.382,64.988
FireSmokeVideoNEW181_f103_jpg.rf.ec93c689f6ec9a7380666966d76f179b.jpg,1,1,0.9995,0.261,0.006,0.065,3.104,1.068,20.165,0.31,25.606
FireSmokeVideoNEW181_f112_jpg.rf.a83b0b3167273cfdd0d0b3f3245fa7ee.jpg,1,1,0.9997,0.256,0.005,0.063,4.2,1.081,29.094,0.274,35.45
FireSmokeVideoNEW181_f114_jpg.rf.8fab4401cc8e1ddf41bc8f61c7083a9b.jpg,1,1,0.9986,0.231,0.005,0.056,3.0,6.0,46.097,0.382,56.323
FireSmokeVideoNEW181_f119_jpg.rf.2b9039011fbaf7cf47a8a84160eba0c7.jpg,1,1,0.988,0.27,0.006,0.073,3.05,1.087,20.429,0.337,25.728
FireSmokeVideoNEW181_f138_jpg.rf.7b3ffbd1e0a0909c8542ecacf988e17c.jpg,1,1,1.0,0.253,0.005,0.062,2.501,1.081,28.872,0.266,33.567
FireSmokeVideoNEW181_f144_jpg.rf.be3fb045a09fe4b62ff818be5ff8df31.jpg,1,1,1.0,0.236,0.004,0.06,5.974,5.607,46.115,0.326,58.767
FireSmokeVideoNEW181_f151_jpg.rf.4d059df2c479b79d69332ab86693b9af.jpg,1,1,1.0,0.242,0.006,0.059,5.35,1.072,33.195,0.339,40.711
FireSmokeVideoNEW181_f153_jpg.rf.6e941e23754f67ed8b6a3cfa3a73da05.jpg,1,1,1.0,0.248,0.005,0.062,2.518,1.098,29.137,0.32,33.832
FireSmokeVideoNEW181_f155_jpg.rf.1b9a27b3e2dbbba1defd0a17da890d20.jpg,1,1,1.0,0.234,0.005,0.062,2.778,1.166,43.194,0.342,48.229
FireSmokeVideoNEW181_f159_jpg.rf.acfb872ee5fcb34ef13a6335bfa20c31.jpg,1,1,1.0,0.248,0.006,0.065,2.491,1.068,33.217,0.332,37.874
FireSmokeVideoNEW181_f161_jpg.rf.c66e1f5ebbe4b626eea5fb46441f68d6.jpg,1,1,1.0,0.242,0.006,0.063,2.549,1.072,28.991,0.318,33.681
FireSmokeVideoNEW181_f165_jpg.rf.944a4fa3bff479666f5d4da650df0694.jpg,1,1,1.0,0.259,0.006,0.11,2.461,1.08,33.528,0.331,38.308
FireSmokeVideoNEW181_f168_jpg.rf.09eb032299377b026f8e7a7f35185f1e.jpg,1,1,1.0,0.249,0.006,0.062,2.348,1.254,29.514,0.312,34.166
FireSmokeVideoNEW181_f35_jpg.rf.ae9d9d8481448208afb995086041c546.jpg,1,1,0.6698,0.207,0.004,0.048,2.19,0.969,29.146,0.25,33.187
FireSmokeVideoNEW181_f91_jpg.rf.4b8a5f368f4f969978581c51a5e3c72e.jpg,1,1,0.9682,0.215,0.004,0.048,3.619,3.286,30.973,0.258,38.875
FireSmokeVideoNEW181_f95_jpg.rf.5e55ec887078e0feacd31ce84a75f8ca.jpg,1,1,0.9565,0.215,0.004,0.051,6.906,4.379,20.174,0.34,32.493
FireSmokeVideoNEW181_f97_jpg.rf.18918a57d25e035d172b1857f216021f.jpg,1,1,0.7898,0.238,0.005,0.059,2.756,4.168,33.242,0.295,41.197
FireSmokeVideoNEW181_f99_jpg.rf.0e66a54a15e57cb72c3d4f8a240a2151.jpg,1,1,0.9999,0.249,0.005,0.063,7.325,5.677,29.063,0.339,43.185
FireSmokeVideoNEW184_f11_jpg.rf.ae299b7a9e7c022a3788ddc0897c134e.jpg,1,1,1.0,0.301,0.006,0.066,5.029,1.135,29.558,0.326,36.902
FireSmokeVideoNEW184_f13_jpg.rf.ce6e21ccb4aaa52937d4c2ccc7875bed.jpg,1,1,1.0,0.265,0.006,0.07,3.251,1.131,29.636,0.327,35.16
FireSmokeVideoNEW184_f15_jpg.rf.e76e5dd6c7f478e2876323df33c94fc5.jpg,1,1,1.0,0.266,0.006,0.07,3.319,1.128,29.727,0.367,35.387
FireSmokeVideoNEW184_f17_jpg.rf.8a42ec6a17e625638d9b08db25bb1da8.jpg,1,1,1.0,0.313,0.006,0.072,3.2,1.246,33.506,0.357,39.187
FireSmokeVideoNEW184_f19_jpg.rf.6721bc5e6094024520008a809861d4d1.jpg,1,1,1.0,0.26,0.005,0.069,9.86,6.021,29.363,0.337,46.423
FireSmokeVideoNEW184_f20_jpg.rf.617edddc4230d2a3489120a4d6284d6a.jpg,1,1,1.0,0.311,0.006,0.074,8.165,1.343,29.127,0.319,39.828
FireSmokeVideoNEW184_f22_jpg.rf.a60f9ac7d2baaa68f773a1f1c663adbd.jpg,1,1,1.0,0.277,0.007,0.076,3.358,1.311,29.083,0.334,34.933
FireSmokeVideoNEW184_f24_jpg.rf.76afc7e8179fbe13ae35b4ff745c6b4f.jpg,1,1,1.0,0.28,0.006,0.073,5.84,6.061,46.915,0.288,59.956
FireSmokeVideoNEW184_f26_jpg.rf.b13491a64cbb2d0463105e970f88c5a7.jpg,1,1,1.0,0.264,0.006,0.071,11.571,3.048,29.024,0.286,44.652
FireSmokeVideoNEW184_f2_jpg.rf.078a0f6b44f5bafb07c903b43f3af799.jpg,1,1,1.0,0.205,0.004,0.045,4.832,5.867,28.892,0.308,40.655
FireSmokeVideoNEW184_f35_jpg.rf.5495878b4d4300f0c679d9edf23807f2.jpg,1,1,1.0,0.256,0.006,0.068,7.84,1.273,29.1,0.326,39.379
FireSmokeVideoNEW184_f37_jpg.rf.2777cc52ac569f30719c8ae879dbd8bb.jpg,1,1,1.0,0.223,0.005,0.048,7.1,5.698,29.245,0.362,43.165
FireSmokeVideoNEW184_f40_jpg.rf.6eaf7e00d16a4113754c199d8bcd7ef4.jpg,1,1,1.0,0.275,0.006,0.075,7.689,5.978,29.293,0.334,44.198
FireSmokeVideoNEW184_f45_jpg.rf.ad114f11173cbca479065f3caebf2b34.jpg,1,1,1.0,0.284,0.006,0.078,7.467,5.991,29.11,0.323,43.771
FireSmokeVideoNEW184_f50_jpg.rf.bbb13925ceb8e2bff335a8325417437b.jpg,1,1,1.0,0.375,0.006,0.079,8.539,6.38,46.842,0.382,63.124
FireSmokeVideoNEW184_f55_jpg.rf.d1eec9ba4b6220797cbcb8975f71b2b2.jpg,1,1,1.0,0.288,0.006,0.079,7.513,5.922,29.147,0.326,43.791
FireSmokeVideoNEW184_f5_jpg.rf.c8e2cd361adfeeb0a31d3758f5f41aef.jpg,1,1,1.0,0.281,0.006,0.074,6.881,6.008,29.316,0.346,43.417
FireSmokeVideoNEW184_f7_jpg.rf.51b20038b916a76472a04ce263734a9a.jpg,1,1,1.0,0.284,0.006,0.074,6.565,6.261,40.988,0.359,55.114
FireSmokeVideoNEW184_f9_jpg.rf.87fd8eb59087813c43e0bc0a651af1de.jpg,1,1,1.0,0.283,0.006,0.076,6.858,5.927,29.343,0.322,43.325
FireSmokeVideoNEW187_f30_jpg.rf.ae1f570cf7d9572a74488eaa3debad82.jpg,1,1,1.0,0.285,0.006,0.074,6.758,5.954,29.097,0.322,43.004
FireSmokeVideoNEW187_f46_jpg.rf.8bbd48f1c7a0c21c1c9230e5525ce5af.jpg,1,1,1.0,0.393,0.007,0.076,7.567,6.698,44.544,0.393,60.18
FireSmokeVideoNEW187_f49_jpg.rf.14c155a1599a466ead22f23981911e67.jpg,1,1,1.0,0.271,0.006,0.074,7.102,6.007,20.731,0.339,35.032
FireSmokeVideoNEW187_f51_jpg.rf.0d435a458ddbd34d22ad4b2d72417df0.jpg,1,1,1.0,0.281,0.006,0.076,3.199,1.149,33.23,0.327,38.797
FireSmokeVideoNEW187_f53_jpg.rf.d871ec684608d7bf3f61bb568ac88173.jpg,1,1,1.0,0.276,0.007,0.077,4.005,1.138,29.252,0.341,35.595
FireSmokeVideoNEW187_f55_jpg.rf.0712f3244a9cf5d39b072717daedc56b.jpg,1,1,1.0,0.283,0.006,0.073,3.381,4.931,29.574,0.342,39.076
FireSmokeVideoNEW187_f57_jpg.rf.9b7d319c8d37619c608d57c3c7bed6d6.jpg,1,1,1.0,0.273,0.006,0.072,7.411,6.02,29.38,0.338,44.023
FireSmokeVideoNEW187_f59_jpg.rf.edf0bb93b118133cb359c2cab31c378b.jpg,1,1,1.0,0.272,0.006,0.074,7.249,6.023,29.508,0.346,43.992
FireSmokeVideoNEW187_f61_jpg.rf.4f009b3246be16af1da42ab71256b466.jpg,1,1,1.0,0.28,0.007,0.074,8.853,5.839,31.364,0.349,47.294
FireSmokeVideoNEW187_f66_jpg.rf.ba0506e5e6e9b1a0829ff3945083a8a9.jpg,1,1,1.0,0.279,0.006,0.073,4.234,3.69,42.245,0.346,51.352
FireSmokeVideoNEW187_f68_jpg.rf.5ac076d8dbc1f09ebc18cd0d1e5b23eb.jpg,1,1,1.0,0.291,0.007,0.077,7.696,6.22,29.206,0.321,44.368
FireSmokeVideoNEW187_f70_jpg.rf.5fd108067fe7e96989e53f2f078a9ace.jpg,1,1,1.0,0.386,0.006,0.072,9.12,7.232,37.8,0.349,55.436
FireSmokeVideoNEW187_f81_jpg.rf.dd8dd1d67a6a5770f2dd3aa04bbd44a7.jpg,1,1,1.0,0.274,0.006,0.074,2.733,1.121,20.351,0.326,25.356
FireSmokeVideoNEW187_f83_jpg.rf.1248a0c6116d3f14de2e0d8c1002795f.jpg,1,1,1.0,0.28,0.006,0.072,3.365,1.192,33.203,0.332,38.933
FireSmokeVideoNEW187_f85_jpg.rf.6511d23bfd23b9eb8e9057f3ac9da850.jpg,1,1,1.0,0.28,0.006,0.074,3.036,1.265,29.086,0.361,34.598
FireSmokeVideoNEW187_f95_jpg.rf.5d4891558279bf1ac091add3e599d1e0.jpg,1,1,0.9792,0.282,0.006,0.077,3.461,1.168,23.188,0.328,29.046
FireSmokeVideoNEW187_f98_jpg.rf.b516e11f75bff2314b57b6027da715b0.jpg,1,1,0.9961,0.279,0.006,0.077,3.655,1.337,29.09,0.325,35.263
FireSmokeVideoNEW188_f0_jpg.rf.fc6d569e759e92aa1bf39f49d704191e.jpg,1,1,1.0,0.284,0.007,0.073,2.943,1.154,32.828,0.327,38.149
FireSmokeVideoNEW188_f11_jpg.rf.3124d86b0386441621b962add617652f.jpg,1,1,1.0,0.28,0.006,0.076,3.078,1.137,29.145,0.411,34.623
FireSmokeVideoNEW188_f13_jpg.rf.c218c266a3253e8f8f8b02beda19f6db.jpg,1,1,1.0,0.283,0.006,0.078,2.731,1.172,33.228,0.337,38.322
FireSmokeVideoNEW188_f1_jpg.rf.78cee517f81fc7d7936ae6f38b16cb66.jpg,1,1,1.0,0.36,0.006,0.075,2.876,1.436,29.096,0.328,34.658
FireSmokeVideoNEW188_f29_jpg.rf.8b9e7fc00b59d5fa8cce4524ca956dd2.jpg,1,1,1.0,0.286,0.006,0.077,2.7,1.148,33.07,0.322,38.088
FireSmokeVideoNEW188_f3_jpg.rf.776e0e5bb8a5ae50c703ee454675cb74.jpg,1,1,1.0,0.279,0.006,0.075,3.319,1.122,38.899,0.367,44.553
FireSmokeVideoNEW188_f46_jpg.rf.6d5a3f5a6614d5ec2a28115e4da91a58.jpg,1,1,1.0,0.277,0.007,0.072,5.96,7.007,20.752,0.34,34.969
FireSmokeVideoNEW188_f4_jpg.rf.f8515d9c45ad1b08bf51554613f69454.jpg,1,1,1.0,0.276,0.007,0.077,7.54,5.72,29.062,0.337,43.565
FireSmokeVideoNEW188_f72_jpg.rf.5991cc08698848b3ba20af9ae58e28cc.jpg,1,1,1.0,0.282,0.006,0.074,3.001,1.31,33.358,0.368,38.878
FireSmokeVideoNEW188_f8_jpg.rf.1c4cfd22c7ec9fd23a6cafc391a63570.jpg,1,1,1.0,0.272,0.006,0.071,2.872,1.096,29.406,0.354,34.55
FireSmokeVideoNEW189_f36_jpg.rf.2429df020eeaece9f5b66e2de3dfcfb3.jpg,1,1,0.9602,0.282,0.006,0.076,3.022,1.091,33.163,0.39,38.491
FireSmokeVideoNEW189_f40_jpg.rf.89284f352804c703e361e4a1d6c1a0e1.jpg,1,1,0.7515,0.283,0.006,0.079,2.558,1.187,20.26,0.32,25.168
FireSmokeVideoNEW189_f44_jpg.rf.91986ad731e197e780360a017e5bddab.jpg,1,1,1.0,0.279,0.006,0.079,3.261,1.119,37.181,0.377,42.793
FireSmokeVideoNEW189_f47_jpg.rf.b899faf82fbc0933a0b2655bf1b84d2b.jpg,1,1,1.0,0.278,0.006,0.076,2.699,1.129,29.389,0.378,34.454
FireSmokeVideoNEW189_f49_jpg.rf.341c12e8e1fdde632278613ad7c7ff4a.jpg,1,1,1.0,0.281,0.007,0.077,2.726,1.128,33.188,0.326,38.287
FireSmokeVideoNEW189_f54_jpg.rf.93bfead985de54201941ba700cd2f5d2.jpg,1,1,0.9973,0.283,0.006,0.078,2.75,1.131,29.085,0.322,34.146
FireSmokeVideoNEW189_f57_jpg.rf.e7ecb7baefd3bc926a9fba669c566e0e.jpg,1,1,1.0,0.292,0.006,0.075,8.934,6.807,31.698,0.351,48.666
FireSmokeVideoNEW189_f60_jpg.rf.4680d8331d6645b62e40ff208a5c0393.jpg,1,1,0.9651,0.327,0.006,0.077,7.359,6.523,29.09,0.368,44.259
FireSmokeVideoNEW18_f16_jpg.rf.4d26975a756077f4ee33e8cae1133cde.jpg,1,1,1.0,0.281,0.006,0.076,5.063,2.815,31.203,0.346,40.302
FireSmokeVideoNEW18_f1_jpg.rf.682bfe6fca836f6bdb93a761c8f76c6a.jpg,1,1,0.6451,0.279,0.006,0.08,9.236,6.293,40.552,0.362,57.369
FireSmokeVideoNEW18_f22_jpg.rf.ffbaa38451e75e9b6553ed719e25bf8b.jpg,1,1,1.0,0.282,0.006,0.073,6.617,5.798,20.455,0.319,34.054
FireSmokeVideoNEW18_f26_jpg.rf.c4e5334d02bf0ef86638088599a9bfcb.jpg,1,1,1.0,0.275,0.007,0.074,6.787,5.903,29.073,0.32,42.979
FireSmokeVideoNEW18_f28_jpg.rf.e97b03f948611c6791188170a5b5b243.jpg,1,1,1.0,0.278,0.006,0.073,7.096,7.149,29.174,0.368,44.648
FireSmokeVideoNEW18_f2_jpg.rf.0204e44f189df1713c81eebf03fe1ba2.jpg,1,1,1.0,0.281,0.007,0.077,13.083,6.049,29.399,0.314,49.724
FireSmokeVideoNEW18_f32_jpg.rf.e3e8455d03ffae50704ed2d2bf42fc46.jpg,1,1,1.0,0.284,0.006,0.077,7.463,6.804,29.123,0.325,44.622
FireSmokeVideoNEW18_f34_jpg.rf.db78daa23025b643f82f15732f0aebdb.jpg,1,1,0.9998,0.286,0.006,0.076,7.167,5.991,29.088,0.325,43.477
FireSmokeVideoNEW18_f37_jpg.rf.b55026c86cfba5087ea2640486dba8a7.jpg,1,1,1.0,0.291,0.007,0.077,8.374,8.41,30.95,0.326,48.98
FireSmokeVideoNEW18_f40_jpg.rf.a09c8b21417594bd3beca510ad96c086.jpg,1,1,1.0,0.273,0.007,0.072,8.015,1.345,29.162,0.339,39.744
FireSmokeVideoNEW18_f43_jpg.rf.b7d757ba37d94e776d2fe77b89e0a3d7.jpg,1,1,1.0,0.279,0.007,0.074,3.429,1.416,33.223,0.335,39.246
FireSmokeVideoNEW18_f48_jpg.rf.3dac03c9596242fe2bd07010e6237aad.jpg,1,1,1.0,0.284,0.006,0.076,2.783,1.328,34.686,0.358,40.014
FireSmokeVideoNEW18_f4_jpg.rf.9e8f2652cbfb1af75d37e44e633dcda3.jpg,1,1,1.0,0.275,0.006,0.076,6.221,1.166,33.258,0.375,41.871
FireSmokeVideoNEW18_f55_jpg.rf.5e3d4792612d0938fa0a3e668c16a486.jpg,1,1,1.0,0.28,0.006,0.076,2.689,1.55,29.056,0.326,34.472
FireSmokeVideoNEW190_f0_jpg.rf.a35b2866bfe8c0c0f6628f44c3528a79.jpg,1,1,1.0,0.376,0.006,0.075,9.445,7.105,29.064,0.321,46.881
FireSmokeVideoNEW190_f11_jpg.rf.985360832a8df61b5b0ddbdd8fbf1f73.jpg,1,1,1.0,0.291,0.018,0.075,5.816,3.507,31.073,0.321,41.601
FireSmokeVideoNEW190_f13_jpg.rf.7bb2b57e7b2b5c531d8b3b26d705d874.jpg,1,1,1.0,0.277,0.016,0.071,3.489,1.205,33.163,0.33,39.038
FireSmokeVideoNEW190_f15_jpg.rf.6efd0d63e31fe6dc87fbed3909fc4c70.jpg,1,1,1.0,0.276,0.007,0.078,3.673,1.142,29.162,0.327,35.156
FireSmokeVideoNEW190_f22_jpg.rf.0e2d7c4980641dfb7afd1452401e651f.jpg,1,1,1.0,0.276,0.006,0.077,4.513,1.154,35.743,0.341,42.599
FireSmokeVideoNEW190_f24_jpg.rf.eff680509c302b7cd3a5ada6000821a7.jpg,1,1,1.0,0.279,0.006,0.077,4.757,1.26,29.33,0.368,36.575
FireSmokeVideoNEW190_f2_jpg.rf.104bd7e3980b2cb1b90d31b3ef4f082e.jpg,1,1,1.0,0.284,0.006,0.072,7.079,4.787,29.338,0.347,42.43
FireSmokeVideoNEW190_f6_jpg.rf.2d8e3a243a79acf85362f5ac853e3a55.jpg,1,1,1.0,0.279,0.006,0.081,5.339,5.925,29.162,0.348,41.699
FireSmokeVideoNEW190_f9_jpg.rf.3cc86b991034435b13c5c152eaf141cd.jpg,1,1,1.0,0.228,0.004,0.191,8.88,5.844,29.528,0.366,45.524
FireSmokeVideoNEW192_f30_jpg.rf.b0caab4318976f8287d38e500f70f038.jpg,1,1,0.9993,0.27,0.006,0.07,4.647,1.227,29.165,0.331,36.243
FireSmokeVideoNEW193_f0_jpg.rf.3fba05722abb7959e9f186089fe131cb.jpg,1,1,1.0,0.538,0.005,0.051,3.557,2.879,33.084,0.343,40.896
FireSmokeVideoNEW193_f11_jpg.rf.c049af71be9b2965ef266467b9b1e748.jpg,1,1,1.0,0.283,0.006,0.076,2.896,1.248,35.611,0.691,41.364
FireSmokeVideoNEW193_f13_jpg.rf.054906582d1e2a5671b5037baf1ba6d7.jpg,1,1,1.0,0.281,0.006,0.077,2.983,1.87,23.321,0.331,29.296
FireSmokeVideoNEW193_f15_jpg.rf.5f5d4d7fa3f3f4bcbc94fbd951492423.jpg,1,1,1.0,0.277,0.006,0.077,2.776,1.202,28.829,0.326,34.092
FireSmokeVideoNEW193_f17_jpg.rf.958bd48046898c67eabfbdf08dabdb68.jpg,1,1,0.9997,0.272,0.006,0.069,2.935,1.439,29.08,0.33,34.638
FireSmokeVideoNEW193_f23_jpg.rf.2150d12e92cb110483da5b499a0580f9.jpg,1,1,0.9997,0.288,0.006,0.073,2.935,1.346,35.701,0.597,41.473
FireSmokeVideoNEW193_f2_jpg.rf.81915735009a8e0799dae85ad02b89fe.jpg,1,1,1.0,0.274,0.006,0.073,2.736,1.199,29.484,0.328,34.608
FireSmokeVideoNEW193_f4_jpg.rf.f2b0b44d8259124c67a81c86a577542e.jpg,1,1,1.0,0.286,0.006,0.076,2.759,1.341,33.285,0.338,38.603
FireSmokeVideoNEW193_f6_jpg.rf.d76a364d821d4ccdf9a36eccd47efee6.jpg,1,1,1.0,0.28,0.006,0.076,2.909,1.232,29.067,0.316,34.395
FireSmokeVideoNEW193_f8_jpg.rf.f6cdddc13a53b3f650e99ed4b52771e8.jpg,1,1,1.0,0.282,0.006,0.075,2.849,1.232,39.5,0.418,44.885
FireSmokeVideoNEW195_f12_jpg.rf.b121d9a71576ecf41f9f17f62e05626f.jpg,1,1,1.0,0.27,0.006,0.069,3.946,1.507,20.407,0.343,27.012
FireSmokeVideoNEW195_f1_jpg.rf.cb6aa2f9b28315913fd1c2ea6b1d192b.jpg,1,1,1.0,0.278,0.006,0.073,3.075,7.463,23.898,0.341,35.663
FireSmokeVideoNEW195_f21_jpg.rf.f985d0adab92d4dc5e69d09bd41edf54.jpg,1,1,1.0,0.269,0.006,0.071,3.195,1.109,29.094,0.326,34.531
FireSmokeVideoNEW195_f39_jpg.rf.6afa740ec99e43e78c91576a78915374.jpg,1,1,1.0,0.262,0.005,0.072,6.635,8.521,47.221,0.376,63.66
FireSmokeVideoNEW195_f52_jpg.rf.adc4744948baa9be7cba6a3051d71953.jpg,1,1,1.0,0.283,0.007,0.075,3.902,1.227,29.135,0.339,35.541
FireSmokeVideoNEW195_f54_jpg.rf.d049a979c76e3aff8e2d6f356ab8ddc4.jpg,1,1,1.0,0.279,0.007,0.074,3.564,1.189,33.355,0.357,39.333
FireSmokeVideoNEW195_f57_jpg.rf.adba774b4a6f6f50a6ebd204615e1d54.jpg,1,1,1.0,0.278,0.006,0.073,3.325,1.374,44.266,0.359,50.208
FireSmokeVideoNEW195_f8_jpg.rf.3380bf270e9dd14b8df78b20d8870b70.jpg,1,1,0.9597,0.27,0.005,0.072,5.86,1.28,33.356,0.362,41.732
FireSmokeVideoNEW197_f3_jpg.rf.163c4fe26eac9d1a08fff50952edade8.jpg,1,1,1.0,0.284,0.006,0.078,3.283,1.186,29.167,0.325,34.889
FireSmokeVideoNEW1_f13_jpg.rf.855ace32fc44c2b333eee22fc387a8c5.jpg,1,1,1.0,0.285,0.007,0.074,2.738,1.276,33.259,0.362,38.506
FireSmokeVideoNEW1_f19_jpg.rf.c1446481d1ceac0fd8c3717faf246c1a.jpg,1,1,1.0,0.289,0.006,0.078,2.993,1.121,21.994,0.327,27.291
FireSmokeVideoNEW1_f24_jpg.rf.18baea2feae86daa93dd3d5ca3042635.jpg,1,1,1.0,0.293,0.006,0.07,3.643,1.22,33.091,0.336,39.182
FireSmokeVideoNEW1_f27_jpg.rf.a6d5476ddc259bc2a5466b1bec55bff9.jpg,1,1,1.0,0.28,0.006,0.074,2.989,1.228,29.079,0.318,34.554
FireSmokeVideoNEW1_f2_jpg.rf.501504c7a5777e0e12b6e269b0a4c602.jpg,1,1,1.0,0.282,0.006,0.073,2.907,1.216,33.488,0.407,38.908
FireSmokeVideoNEW1_f31_jpg.rf.53aaf37bd8da6096ecdd40471aa5a6bd.jpg,1,1,1.0,0.269,0.005,0.053,2.751,1.945,29.323,0.367,35.134
FireSmokeVideoNEW1_f41_jpg.rf.d7cbb63350c40af73d363445d37c2f5f.jpg,1,1,1.0,0.264,0.006,0.071,3.052,1.186,33.223,0.335,38.675
FireSmokeVideoNEW1_f4_jpg.rf.5e96301b03feb9a698de973351ad0961.jpg,1,1,1.0,0.274,0.006,0.071,2.921,1.178,29.064,0.307,34.326
FireSmokeVideoNEW1_f53_jpg.rf.ba7d3b6decd4127c1c8addf13e3014a1.jpg,1,1,1.0,0.385,0.006,0.068,4.395,1.178,39.427,0.905,46.997
FireSmokeVideoNEW1_f56_jpg.rf.fe2a3b2dfc7598c26f3a30c2d59d05f4.jpg,1,1,1.0,0.28,0.006,0.076,2.886,0.987,29.472,0.326,34.443
FireSmokeVideoNEW1_f58_jpg.rf.68135a3ee4d6e797530eaebd00ad7820.jpg,1,1,1.0,0.387,0.007,0.077,2.949,1.353,33.232,0.344,38.877
FireSmokeVideoNEW1_f63_jpg.rf.8c6731bbbac8a67f7d532a01b9c52e6f.jpg,1,1,1.0,0.275,0.006,0.077,4.498,1.793,29.135,0.321,36.627
FireSmokeVideoNEW1_f8_jpg.rf.1fefecbbbda7afc85a9dcda50953853d.jpg,1,1,1.0,0.279,0.006,0.074,7.175,7.39,46.683,0.381,62.51
FireSmokeVideoNEW201_f10_jpg.rf.954026fc01f49a4e10a99c9ba7b08630.jpg,1,1,1.0,0.248,0.006,0.064,4.115,1.724,29.301,0.348,36.333
FireSmokeVideoNEW201_f12_jpg.rf.052b12a91bd93919d00678e3824b3c57.jpg,1,1,1.0,0.277,0.006,0.077,3.118,1.245,33.291,0.332,38.869
FireSmokeVideoNEW201_f16_jpg.rf.e0586c7614e0d90fcfe3ecb61ddb1ae4.jpg,1,1,1.0,0.282,0.006,0.074,3.532,1.399,29.201,0.351,35.375
FireSmokeVideoNEW201_f19_jpg.rf.00e63132ce0efb79c6d94d0ddf94c09c.jpg,1,1,1.0,0.286,0.006,0.076,6.282,4.696,39.788,0.358,51.929
FireSmokeVideoNEW201_f23_jpg.rf.c2389ea8232ce77be19f23af01c4f629.jpg,1,1,1.0,0.334,0.006,0.076,3.553,4.543,20.332,0.337,29.679
FireSmokeVideoNEW201_f26_jpg.rf.539e1f4f8841f014d1557d2a01757e4a.jpg,1,1,1.0,0.278,0.007,0.075,2.762,1.097,33.304,0.359,38.334
FireSmokeVideoNEW201_f31_jpg.rf.4515ca6d9aac4fc0a0d6d778c66caa6f.jpg,1,1,1.0,0.309,0.006,0.067,8.659,3.944,32.796,0.341,46.585
FireSmokeVideoNEW201_f33_jpg.rf.109581e811570cbf53157b29246d945a.jpg,1,1,1.0,0.28,0.006,0.078,2.742,1.614,33.237,0.324,38.827
FireSmokeVideoNEW201_f40_jpg.rf.02e8adb9f84617089040ae5f925bf99b.jpg,1,1,1.0,0.281,0.007,0.077,3.021,1.167,29.097,0.314,34.455
FireSmokeVideoNEW201_f46_jpg.rf.e476d7a6562d94f5b7e7f51c15aebdff.jpg,1,1,1.0,0.272,0.007,0.073,2.721,1.151,43.444,0.376,48.526
FireSmokeVideoNEW201_f5_jpg.rf.04537ab6ec4f0a5b84fda8d7ff07ef05.jpg,1,1,1.0,0.281,0.006,0.076,2.73,1.163,29.273,0.313,34.389
FireSmokeVideoNEW203_f106_jpg.rf.6484f9a7be6d3b99aa2a5603afdcc716.jpg,1,1,1.0,0.277,0.007,0.08,3.383,1.383,33.229,0.339,39.192
FireSmokeVideoNEW203_f110_jpg.rf.39d41649265d99af9530df65b191bdbd.jpg,1,1,1.0,0.276,0.006,0.078,3.119,1.221,29.1,0.337,34.621
FireSmokeVideoNEW203_f118_jpg.rf.1072a0f084f87963fb877021f5f7726f.jpg,1,1,1.0,0.293,0.006,0.077,7.856,2.552,29.906,0.339,41.533
FireSmokeVideoNEW203_f130_jpg.rf.27c452c868fcd9f97341c88be0c34aa3.jpg,1,1,1.0,0.277,0.006,0.074,3.298,1.109,20.676,0.374,26.293
FireSmokeVideoNEW203_f134_jpg.rf.e759e8639553419bad87c473bbbe5294.jpg,1,1,1.0,0.279,0.006,0.075,2.758,2.522,33.177,0.322,39.656
FireSmokeVideoNEW203_f140_jpg.rf.e2874067e33a35be23d1556d0397333d.jpg,1,1,1.0,0.267,0.006,0.071,6.967,1.6,29.276,0.41,39.127
FireSmokeVideoNEW203_f152_jpg.rf.0a4f5153be5b77d39034f77c4f447dba.jpg,1,1,1.0,0.215,0.004,0.05,2.508,1.136,33.374,0.311,38.099
FireSmokeVideoNEW203_f156_jpg.rf.c512e5ef573e2d2e921efdceda768fa2.jpg,1,1,1.0,0.257,0.006,0.067,2.616,1.111,29.127,0.322,33.996
FireSmokeVideoNEW203_f15_jpg.rf.8867322ed7ea1eb1ed858fbf46121653.jpg,1,1,1.0,0.26,0.006,0.064,2.516,1.631,33.155,0.322,38.458
FireSmokeVideoNEW203_f161_jpg.rf.16547bbb033af71d563e4c6c4a174343.jpg,1,1,1.0,0.268,0.006,0.071,2.677,1.143,30.491,0.374,35.528
FireSmokeVideoNEW203_f1_jpg.rf.6cb734f3d70ebeb9cd4987a2a41120ba.jpg,1,1,1.0,0.274,0.006,0.071,3.304,1.133,29.383,0.339,35.103
FireSmokeVideoNEW203_f2_jpg.rf.d3784a037e06dc217fedabf8ab6a4727.jpg,1,1,1.0,0.282,0.007,0.076,3.206,1.184,29.183,0.317,34.779
FireSmokeVideoNEW203_f37_jpg.rf.fdd9515fcb1a6649434d1d966cd76cfc.jpg,1,1,1.0,0.269,0.006,0.074,2.62,1.823,33.258,0.346,38.883
FireSmokeVideoNEW203_f39_jpg.rf.4e7544cc5c7216f84c4965d5ac252039.jpg,1,1,1.0,0.269,0.006,0.073,2.769,1.14,43.655,0.29,48.702
FireSmokeVideoNEW203_f41_jpg.rf.c1f9a9c2d5b9a7c290197d578d6d75a8.jpg,1,1,1.0,0.267,0.006,0.072,2.687,1.127,23.176,0.354,28.171
FireSmokeVideoNEW203_f44_jpg.rf.ca6edf4aa731568c93680c45aaadc202.jpg,1,1,1.0,0.271,0.007,0.075,3.212,1.254,23.649,0.33,29.312
FireSmokeVideoNEW203_f48_jpg.rf.36f107bbec8be9161fbf76c1e384a40b.jpg,1,1,1.0,0.296,0.007,0.074,3.534,1.185,29.253,0.377,35.254
FireSmokeVideoNEW203_f50_jpg.rf.5447f1766cb72b0254b85dbc4977e38b.jpg,1,1,1.0,0.276,0.007,0.074,2.825,1.129,45.088,0.379,50.318
FireSmokeVideoNEW203_f52_jpg.rf.5f61df8d59150ded57ba47f13028e7b3.jpg,1,1,1.0,0.267,0.006,0.072,2.643,1.117,20.324,0.321,25.429
FireSmokeVideoNEW203_f61_jpg.rf.17943721e04dcb8ef68a1e512641f911.jpg,1,1,1.0,0.269,0.006,0.069,6.079,3.497,23.914,0.348,34.68
FireSmokeVideoNEW203_f63_jpg.rf.5fe2b4463d033ccbc68aa1ad4c4d5493.jpg,1,1,1.0,0.277,0.007,0.076,7.145,1.116,29.253,0.354,38.7
FireSmokeVideoNEW203_f65_jpg.rf.ef14751d7b1d576a5d08824bba6a8ed8.jpg,1,1,1.0,0.265,0.006,0.069,3.653,1.148,33.179,0.302,39.1
FireSmokeVideoNEW203_f67_jpg.rf.784571c13f4496c9e5c7edf11dc04d86.jpg,1,1,1.0,0.246,0.006,0.065,3.19,1.096,20.2,0.308,25.559
FireSmokeVideoNEW203_f69_jpg.rf.c08805dd1b4f4362d2462cc30b7fa541.jpg,1,1,1.0,0.268,0.006,0.069,2.99,1.186,26.748,0.307,32.028
FireSmokeVideoNEW203_f81_jpg.rf.2501c50925550ac5428dbc0da5c8f8ae.jpg,1,1,1.0,0.267,0.006,0.068,3.445,1.238,26.248,0.305,32.042
FireSmokeVideoNEW203_f83_jpg.rf.9b2b945de7d81e78084a413be8d8a741.jpg,1,1,1.0,0.272,0.007,0.072,9.254,6.255,29.398,0.35,46.078
FireSmokeVideoNEW203_f85_jpg.rf.e4b81ba03dc79d5f5a76e8620d5e9ee4.jpg,1,1,1.0,0.257,0.006,0.068,7.193,1.159,29.111,0.337,38.683
FireSmokeVideoNEW203_f93_jpg.rf.f9dbc64517276675add630b8ae161dac.jpg,1,1,1.0,0.283,0.006,0.076,3.243,1.194,33.328,0.337,39.071
FireSmokeVideoNEW203_f98_jpg.rf.e4f9977592dca1efb082663ffef6a816.jpg,1,1,1.0,0.273,0.005,0.071,2.969,1.576,37.081,0.369,42.883
FireSmokeVideoNEW204_f138_jpg.rf.37c44efb786e179cf63b42a0b2cc3143.jpg,1,1,1.0,0.245,0.006,0.064,2.708,1.078,20.537,0.334,25.435
FireSmokeVideoNEW204_f141_jpg.rf.6b70537325375a5de7eebf169d458ff0.jpg,1,1,1.0,0.244,0.005,0.056,2.423,1.404,23.513,0.297,28.42
FireSmokeVideoNEW204_f143_jpg.rf.454f159b3de750e984d2acaf472ab51c.jpg,1,1,1.0,0.237,0.005,0.058,2.474,1.113,32.656,0.344,37.365
FireSmokeVideoNEW204_f33_jpg.rf.d1a02a349fafbe43c9102536c9c7eb9c.jpg,1,1,0.9935,0.241,0.006,0.065,11.604,5.877,31.756,0.353,50.317
FireSmokeVideoNEW204_f43_jpg.rf.bf504985dc0bbdfc1ebd0b2320c79ed3.jpg,1,1,1.0,0.276,0.007,0.078,5.149,1.199,20.517,0.355,28.405
FireSmokeVideoNEW204_f47_jpg.rf.353f8fca81b60797bc60037cb1e7d21f.jpg,1,1,1.0,0.254,0.005,0.065,4.317,1.106,23.615,0.31,30.149
FireSmokeVideoNEW204_f5_jpg.rf.1c543a52433e5878aae7c5dc2855d2cc.jpg,1,1,1.0,0.23,0.005,0.054,3.197,1.199,29.12,0.333,34.974
FireSmokeVideoNEW204_f8_jpg.rf.45bdc09c828ee0ed81b6b0689e16bc84.jpg,1,1,1.0,0.212,0.004,0.047,4.058,1.158,35.102,0.346,41.4
FireSmokeVideoNEW204_f98_jpg.rf.5c58193ed1d33a6ae8ae63b173be02ee.jpg,1,1,1.0,0.247,0.006,0.063,3.543,1.231,29.145,0.353,35.43
FireSmokeVideoNEW208_f0_jpg.rf.97bd6b8a832086b567e2f4f705d5711c.jpg,1,1,1.0,0.284,0.005,0.065,4.487,1.089,29.046,0.341,35.784
FireSmokeVideoNEW208_f11_jpg.rf.adb0c48038e05906ced14ff99dcd285d.jpg,1,1,1.0,0.262,0.006,0.066,2.539,1.21,33.32,0.338,38.237
FireSmokeVideoNEW208_f13_jpg.rf.75eacf6c544a2110e594d942c083a6bd.jpg,1,1,1.0,0.257,0.005,0.072,3.712,1.377,30.971,0.324,37.118
FireSmokeVideoNEW208_f1_jpg.rf.3d92ec2bc1b751224bf9e58c3d8d1e33.jpg,1,1,1.0,0.272,0.006,0.071,3.243,1.762,29.149,0.324,35.335
FireSmokeVideoNEW208_f3_jpg.rf.0b0363bd85c5fc81e8ce31fb0da27dee.jpg,1,1,1.0,0.266,0.006,0.071,2.999,1.199,33.276,0.333,38.666
FireSmokeVideoNEW208_f5_jpg.rf.b27e60cedf4e9e70ac3a4bc4f6a22612.jpg,1,1,1.0,0.271,0.006,0.071,3.651,1.112,29.211,0.353,35.152
FireSmokeVideoNEW208_f7_jpg.rf.7c7b8753de4111826b826f9fa04aab7f.jpg,1,1,1.0,0.287,0.006,0.079,2.653,1.239,29.507,0.318,34.583
FireSmokeVideoNEW209_f10_jpg.rf.88c7b43773903beab54d83e74cce4076.jpg,1,1,1.0,0.266,0.006,0.072,2.648,1.105,33.418,0.329,38.31
FireSmokeVideoNEW209_f18_jpg.rf.ba626acee756e94584c04ff0b2a6604a.jpg,1,1,1.0,0.264,0.007,0.073,2.553,1.18,20.291,0.323,25.145
FireSmokeVideoNEW209_f1_jpg.rf.5fe1fb563d9a05c38ee7523b4d2f2f93.jpg,1,1,0.9998,0.267,0.005,0.07,3.038,1.108,29.645,0.353,34.938
FireSmokeVideoNEW209_f21_jpg.rf.fc6c4f2d10332150b75bd4ed7ca47704.jpg,1,1,1.0,0.302,0.006,0.076,2.633,1.182,33.68,0.33,38.698
FireSmokeVideoNEW209_f3_jpg.rf.e77bd585be04ebc66ee79b05acada936.jpg,1,1,1.0,0.288,0.006,0.073,2.593,1.186,29.375,0.337,34.348
FireSmokeVideoNEW20_f25_jpg.rf.1cc06defcb39979a82c0285424a97fab.jpg,1,1,1.0,0.278,0.006,0.076,2.881,1.132,33.234,0.362,38.456
FireSmokeVideoNEW20_f27_jpg.rf.e57c41a1a5ea21d29f86a6ce294c8368.jpg,1,1,1.0,0.279,0.006,0.076,3.153,1.135,32.676,0.415,38.233
FireSmokeVideoNEW20_f29_jpg.rf.4b29026cb05d1a0b42adcb921ba70c4c.jpg,1,1,1.0,0.271,0.007,0.073,3.018,2.37,33.299,0.341,39.871
FireSmokeVideoNEW20_f39_jpg.rf.a803f0864c3ed5397401ea641d9167c0.jpg,1,1,1.0,0.276,0.006,0.074,3.508,1.473,29.476,0.339,35.645
FireSmokeVideoNEW20_f41_jpg.rf.f0bdaeed820327f326f03c112a2ed376.jpg,1,1,1.0,0.274,0.007,0.075,2.844,1.133,33.193,0.351,38.36
FireSmokeVideoNEW20_f47_jpg.rf.f231c47ab70a5b48bd068c7b87cee74e.jpg,1,1,1.0,0.738,0.007,0.073,6.947,7.066,34.031,0.35,49.719
FireSmokeVideoNEW20_f55_jpg.rf.af58953e27ab82030f5d055eeb173e49.jpg,1,1,1.0,0.275,0.006,0.077,3.386,6.343,20.504,0.371,31.46
FireSmokeVideoNEW20_f61_jpg.rf.7dd62293ab496e7c141043b5041822ec.jpg,1,1,1.0,0.284,0.006,0.079,6.635,1.181,29.105,0.336,38.112
FireSmokeVideoNEW20_f79_jpg.rf.36f704638e9ec7493aff1014dee25895.jpg,1,1,1.0,0.275,0.007,0.075,3.007,1.152,33.373,0.333,38.699
FireSmokeVideoNEW211_f105_jpg.rf.9d83b07dbaf7b8623adc776b990c9cba.jpg,1,1,1.0,0.262,0.006,0.073,2.908,1.371,20.426,0.33,25.822
FireSmokeVideoNEW211_f115_jpg.rf.dd4e1e2c40dcd3b9e2017abb5d6a808c.jpg,1,1,1.0,0.264,0.007,0.078,2.785,1.118,28.976,0.374,34.074
FireSmokeVideoNEW211_f123_jpg.rf.c7d906540e4c16e62e3329460ebde3ed.jpg,1,1,1.0,0.281,0.005,0.074,2.734,1.734,29.147,0.336,34.795
FireSmokeVideoNEW211_f18_jpg.rf.080c2495369762146513440f0e52a727.jpg,1,1,1.0,0.249,0.006,0.064,2.544,1.112,36.403,0.305,41.124
FireSmokeVideoNEW211_f21_jpg.rf.17fca5c492b7730cd8abfd3ec3c175a7.jpg,1,1,1.0,0.233,0.005,0.057,2.375,1.047,20.311,0.294,24.751
FireSmokeVideoNEW211_f23_jpg.rf.b4062b53d80a748705944dee83d83fc0.jpg,1,1,1.0,0.238,0.005,0.059,4.69,1.648,32.955,0.31,40.332
FireSmokeVideoNEW211_f33_jpg.rf.fc5dcef4f50e6d789334ae1e9d82f9d5.jpg,1,1,1.0,0.256,0.006,0.066,2.56,1.102,29.028,0.327,33.798
FireSmokeVideoNEW211_f40_jpg.rf.878e8ed1c4d7756bb89881b072f2b78f.jpg,1,1,1.0,0.263,0.006,0.069,8.128,4.942,32.718,0.35,46.93
FireSmokeVideoNEW211_f72_jpg.rf.c4b8d4fb7202ac2688b6c3ffb4d7941c.jpg,1,1,1.0,0.252,0.005,0.065,2.557,1.075,33.664,0.302,38.376
FireSmokeVideoNEW211_f83_jpg.rf.0e6e0a52c9612ed28f9dbc097d8f6206.jpg,1,1,1.0,0.23,0.005,0.062,2.422,1.074,29.171,0.281,33.687
FireSmokeVideoNEW211_f98_jpg.rf.7bebc759655b25bb4120643ccab05395.jpg,1,1,1.0,0.249,0.005,0.065,10.399,4.344,31.449,0.359,47.345
FireSmokeVideoNEW212_f20_jpg.rf.eb77f640f92703fa61edbaddc9a273a5.jpg,1,1,1.0,0.3,0.006,0.069,7.82,5.751,29.063,0.371,43.841
FireSmokeVideoNEW212_f26_jpg.rf.7bce4adbdd8e2de3d1441a1371d6c2a3.jpg,1,1,1.0,0.27,0.006,0.07,3.102,1.093,29.084,0.322,34.415
FireSmokeVideoNEW212_f29_jpg.rf.c573350a48be3b6ef33284f23ef4eb53.jpg,1,1,0.9621,0.261,0.006,0.07,4.448,1.128,45.291,0.422,52.11
FireSmokeVideoNEW212_f39_jpg.rf.6c0d067020333fde34ecc6bd051d7c57.jpg,1,1,1.0,0.278,0.006,0.074,2.97,1.108,20.467,0.321,25.709
FireSmokeVideoNEW212_f40_jpg.rf.7afe6dc7d2a400ff27e84e8518723223.jpg,1,1,0.751,0.278,0.006,0.076,3.158,1.119,29.071,0.31,34.496
FireSmokeVideoNEW212_f42_jpg.rf.e5cc278015ab526c17bea13a66f735e0.jpg,1,1,0.6717,0.271,0.006,0.071,2.558,1.17,33.151,0.332,38.025
FireSmokeVideoNEW212_f47_jpg.rf.03a952d7d61f102e43956ceb5cd45f9c.jpg,1,1,1.0,0.268,0.006,0.07,8.62,7.018,31.075,0.39,47.918
FireSmokeVideoNEW212_f49_jpg.rf.51c963a0ee193f56af17051f72209961.jpg,1,1,1.0,0.273,0.006,0.072,7.681,1.441,29.36,0.355,39.678
FireSmokeVideoNEW212_f50_jpg.rf.19bb9e546d3cc717ee5ae092855168cb.jpg,1,1,0.8183,0.278,0.006,0.079,3.301,6.651,29.223,0.321,40.437
FireSmokeVideoNEW212_f52_jpg.rf.ae01318cbd57ba0a9333e36682302766.jpg,1,1,1.0,0.284,0.006,0.078,9.178,5.883,37.487,0.347,53.694
FireSmokeVideoNEW212_f54_jpg.rf.bf714fc85f36b3393d098b91adb0554c.jpg,1,1,1.0,0.268,0.006,0.071,4.45,1.204,20.303,0.324,27.421
FireSmokeVideoNEW212_f63_jpg.rf.701893b2b3635f143aaf7b6f9bd45aa2.jpg,1,1,1.0,0.257,0.006,0.066,2.548,1.611,33.254,0.302,38.513
FireSmokeVideoNEW212_f69_jpg.rf.766fef2a3b6070d397ade684b70c2b43.jpg,1,1,1.0,0.239,0.005,0.062,2.528,1.274,39.647,0.346,44.582
FireSmokeVideoNEW212_f70_jpg.rf.6fd1fed84808897ba86bc35faa8759f1.jpg,1,1,1.0,0.251,0.005,0.116,3.774,1.442,29.235,0.309,35.612
FireSmokeVideoNEW213_f36_jpg.rf.b52ffa4b493c47c40af87a1983b6703b.jpg,1,1,1.0,0.267,0.006,0.07,3.284,1.147,33.23,0.337,38.829
FireSmokeVideoNEW215_f13_jpg.rf.1be99abe9b01cc61b79dc950e8500b61.jpg,1,1,1.0,0.27,0.007,0.073,4.211,1.166,20.342,0.336,26.946
FireSmokeVideoNEW215_f33_jpg.rf.192cb3311ec069ab85e1df4aa4575855.jpg,1,1,1.0,0.293,0.006,0.077,3.318,1.18,50.186,0.286,55.86
FireSmokeVideoNEW215_f38_jpg.rf.c13201af97e201352fc60ff38e56a8ca.jpg,1,1,1.0,0.266,0.006,0.069,2.693,1.15,29.248,0.34,34.271
FireSmokeVideoNEW215_f3_jpg.rf.e9664a85851447730ec745ffa4fa0c6f.jpg,1,1,1.0,0.284,0.006,0.076,2.992,1.274,33.339,0.345,38.833
FireSmokeVideoNEW215_f44_jpg.rf.f8a93790f6305f4ebeddf38aedd630a2.jpg,1,1,1.0,0.284,0.007,0.077,3.073,1.155,29.318,0.369,34.785
FireSmokeVideoNEW215_f4_jpg.rf.429d1c7df213307037d5748aa75dc4dc.jpg,1,1,1.0,0.224,0.005,0.051,2.531,1.203,33.269,0.344,38.261
FireSmokeVideoNEW215_f7_jpg.rf.4b9242fb690d24c9b00c401507cfda6e.jpg,1,1,1.0,0.281,0.006,0.076,3.021,1.186,29.058,0.33,34.475
FireSmokeVideoNEW215_f9_jpg.rf.2d10b5da2bbdb8ba2218af3c5fd68ee6.jpg,1,1,1.0,0.281,0.006,0.076,3.006,3.052,33.373,0.347,40.655
FireSmokeVideoNEW216_f27_jpg.rf.9752e0401177f9ef2c00eba6afb3bf49.jpg,1,1,1.0,0.292,0.007,0.076,4.138,3.881,41.485,0.356,50.74
FireSmokeVideoNEW216_f29_jpg.rf.4602430c2f01e2aaaad22b36b613b5b4.jpg,1,1,1.0,0.287,0.006,0.078,7.872,5.871,22.059,0.352,37.076
FireSmokeVideoNEW216_f31_jpg.rf.bcf64acb747807831fdb41468fe05d3d.jpg,1,1,1.0,0.26,0.006,0.07,2.615,1.132,29.059,0.342,33.971
FireSmokeVideoNEW216_f34_jpg.rf.b6ad2762deb497a97237b66c10958486.jpg,1,1,1.0,0.276,0.006,0.076,2.753,1.195,39.018,0.374,44.214
FireSmokeVideoNEW216_f36_jpg.rf.f57ae82cb0eac7f791a1f314e59586eb.jpg,1,1,1.0,0.264,0.006,0.07,3.32,1.49,20.313,0.33,26.196
FireSmokeVideoNEW216_f38_jpg.rf.a4c46748bfe9f1e13262189ee4958a6c.jpg,1,1,1.0,0.287,0.006,0.075,3.4,1.547,33.219,0.328,39.343
FireSmokeVideoNEW216_f63_jpg.rf.43542df686881ae3bd014e792d6d0703.jpg,1,1,1.0,0.268,0.006,0.074,2.632,1.23,29.148,0.323,34.186
FireSmokeVideoNEW216_f66_jpg.rf.b55857b55e7a044c827d9875bb78fc85.jpg,1,1,1.0,0.272,0.005,0.076,4.098,5.045,44.209,0.379,54.605
FireSmokeVideoNEW216_f68_jpg.rf.d22f55fffdb7547ab82db3089e1d2ecf.jpg,1,1,1.0,0.28,0.006,0.075,3.862,1.077,20.943,0.337,27.524
FireSmokeVideoNEW216_f72_jpg.rf.b91983b01a9b8eee23ac98ac1b660312.jpg,1,1,1.0,0.357,0.007,0.076,2.937,1.248,33.449,0.312,38.871
FireSmokeVideoNEW216_f86_jpg.rf.27d882594f801518b63c93d84610f649.jpg,1,1,1.0,0.27,0.006,0.072,2.671,1.426,29.026,0.399,34.321
FireSmokeVideoNEW216_f89_jpg.rf.99a8641e3c842e990d80706bb4c00959.jpg,1,1,1.0,0.278,0.006,0.075,3.08,1.131,33.625,0.348,39.029
FireSmokeVideoNEW218_f1_jpg.rf.67f61678892a49c41d8ede805848047f.jpg,1,1,1.0,0.271,0.006,0.076,3.34,1.146,20.341,0.316,26.011
FireSmokeVideoNEW218_f33_jpg.rf.bc051305b2444a9682c6cbdc80457601.jpg,1,1,1.0,0.272,0.006,0.078,4.657,1.163,33.548,0.351,40.567
FireSmokeVideoNEW218_f36_jpg.rf.690e54d498b40201eea9b608f1d4e97d.jpg,1,1,1.0,0.274,0.006,0.075,4.865,1.289,29.423,0.346,36.776
FireSmokeVideoNEW218_f41_jpg.rf.506c5095b51cb13898c5d887dccd3c32.jpg,1,1,1.0,0.272,0.006,0.075,5.15,1.228,33.301,0.332,40.856
FireSmokeVideoNEW218_f43_jpg.rf.1ff2126f11d02341d18fd00487251fc9.jpg,1,1,1.0,0.273,0.006,0.077,4.661,1.151,29.05,0.357,36.072
FireSmokeVideoNEW218_f46_jpg.rf.09cd36ec79dd7846fcdb8dfcdcb4f039.jpg,1,1,1.0,0.274,0.006,0.078,5.223,1.62,33.556,0.381,41.628
FireSmokeVideoNEW218_f6_jpg.rf.927cb3facf92db0f994b7e641c5f1db8.jpg,1,1,1.0,0.274,0.006,0.077,3.371,1.159,32.755,0.344,38.533
FireSmokeVideoNEW218_f9_jpg.rf.59f45274803c507efa12635b802691f9.jpg,1,1,1.0,0.288,0.006,0.077,4.127,2.487,33.211,0.332,41.0
FireSmokeVideoNEW21_f1_jpg.rf.88471b473598961e0c71228c4cdcb3fc.jpg,1,1,1.0,0.284,0.006,0.078,7.926,6.048,29.352,0.335,44.537
FireSmokeVideoNEW21_f43_jpg.rf.b339aaa65d20f3b8280e31505c5517d2.jpg,1,1,1.0,0.278,0.007,0.074,7.868,5.379,33.064,0.325,47.495
FireSmokeVideoNEW21_f59_jpg.rf.7b7783cf60019879934a1f34f494e015.jpg,1,1,1.0,0.298,0.006,0.077,3.048,1.215,21.882,0.323,27.328
FireSmokeVideoNEW21_f64_jpg.rf.2c2e3982d7ef8e914cc9dce7fbcc7b68.jpg,1,1,0.6478,0.28,0.006,0.078,2.844,2.069,32.317,0.334,38.463
FireSmokeVideoNEW21_f67_jpg.rf.45d03b24f98649e0d649e2f16f22567a.jpg,1,1,1.0,0.286,0.007,0.075,7.421,6.008,29.347,0.337,43.973
FireSmokeVideoNEW21_f69_jpg.rf.75191347f6763cf9fde8a47940370227.jpg,1,1,1.0,0.272,0.006,0.075,8.405,7.665,45.734,0.367,63.101
FireSmokeVideoNEW21_f70_jpg.rf.0f544b5b509c06479c505fda09cf0295.jpg,1,1,1.0,0.273,0.006,0.076,4.428,1.17,29.132,0.375,35.991
FireSmokeVideoNEW21_f77_jpg.rf.e7c12def6552a57fe4563c66c9d29653.jpg,1,1,0.6659,0.291,0.006,0.079,3.041,1.125,33.255,0.329,38.626
FireSmokeVideoNEW21_f83_jpg.rf.f87b32087d0a74b76072b9a21c29a6a6.jpg,1,1,0.6493,0.347,0.006,0.077,2.628,1.245,29.638,0.375,34.808
FireSmokeVideoNEW220_f103_jpg.rf.9f60f17a1c5a9a730ba1b60de4479245.jpg,1,1,1.0,0.268,0.006,0.072,2.598,1.199,23.474,0.37,28.487
FireSmokeVideoNEW220_f110_jpg.rf.c11cdcdae1385a69f66503d97696a8c9.jpg,1,1,1.0,0.265,0.006,0.074,2.736,1.189,29.275,0.37,34.527
FireSmokeVideoNEW220_f114_jpg.rf.01d81e177954f3d81f3b9b6defdbead1.jpg,1,1,1.0,0.333,0.006,0.07,2.844,1.245,29.248,0.32,34.575
FireSmokeVideoNEW220_f116_jpg.rf.e10fa2eb74d831fe711d136a69945d13.jpg,1,1,1.0,0.27,0.006,0.07,2.872,1.464,33.344,0.353,38.89
FireSmokeVideoNEW220_f118_jpg.rf.04ca92392c039b2130aa7c2ece63f039.jpg,1,1,1.0,0.213,0.005,0.05,2.577,3.248,29.297,0.342,36.2
FireSmokeVideoNEW220_f14_jpg.rf.ec161231d9668ccf5db936aa777972b3.jpg,1,1,0.9985,0.27,0.006,0.071,3.174,1.135,33.294,0.336,38.79
FireSmokeVideoNEW220_f17_jpg.rf.0f695be7ce239a5c0cc9a8b30cae8918.jpg,1,1,0.9999,0.264,0.006,0.075,2.653,2.492,29.124,0.336,35.476
FireSmokeVideoNEW220_f18_jpg.rf.e62670db7e7bafc54422b1a7cd3f800c.jpg,1,1,1.0,0.283,0.006,0.078,4.879,6.55,47.24,0.386,60.305
FireSmokeVideoNEW220_f198_jpg.rf.9d39f849f2eaa96291dd0eaf00d26896.jpg,1,1,0.9999,0.343,0.006,0.076,7.629,6.07,20.398,0.322,35.343
FireSmokeVideoNEW220_f220_jpg.rf.835ac86a80b72af449ade87dc10714bd.jpg,1,1,0.9635,0.536,0.005,0.049,4.863,4.868,42.774,0.344,53.943
FireSmokeVideoNEW220_f23_jpg.rf.1778d9e44b1c8c0ff722cfc9ef5672fa.jpg,1,1,1.0,0.287,0.006,0.076,3.298,1.198,34.057,0.362,39.782
FireSmokeVideoNEW220_f51_jpg.rf.ac1bc672867e7371f0be09d6f571ab56.jpg,1,1,1.0,0.271,0.006,0.074,2.841,1.137,33.356,0.32,38.492
FireSmokeVideoNEW220_f88_jpg.rf.1d3b365a43fdcc299a0870251874be71.jpg,1,1,1.0,0.274,0.007,0.073,3.094,1.148,29.048,0.31,34.437
FireSmokeVideoNEW220_f93_jpg.rf.df73373f1582dbe860db699d1d700f42.jpg,1,1,1.0,0.37,0.006,0.073,2.633,2.414,33.255,0.329,39.566
FireSmokeVideoNEW220_f98_jpg.rf.dedba84d3f2dd3d971261de5a403cdd2.jpg,1,1,1.0,0.286,0.006,0.074,4.803,1.169,31.174,0.354,38.354
FireSmokeVideoNEW221_f11_jpg.rf.51f25bf79fba848e1852a9a8b5c1410a.jpg,1,1,1.0,0.281,0.007,0.076,2.799,1.137,33.224,0.328,38.334
FireSmokeVideoNEW221_f13_jpg.rf.1aa6a7f7dfece75b85a30283258ab8cb.jpg,1,1,1.0,0.278,0.006,0.076,2.716,1.128,29.012,0.412,34.113
FireSmokeVideoNEW221_f15_jpg.rf.b63d7f4847797de34ed8b3066e6cb3fa.jpg,1,1,0.9983,0.276,0.007,0.073,2.696,1.132,33.341,0.353,38.356
FireSmokeVideoNEW221_f19_jpg.rf.59c8d4a3c34cd694d867ae844fee89d2.jpg,1,1,0.9656,0.277,0.006,0.073,2.975,2.152,29.373,0.316,35.667
FireSmokeVideoNEW221_f26_jpg.rf.443d39e5f56c13cfae7a34e476a0e880.jpg,1,1,1.0,0.285,0.005,0.075,2.722,1.143,32.578,0.333,37.626
FireSmokeVideoNEW221_f28_jpg.rf.a523dbcbf3683d8f18235ad9302bf56a.jpg,1,1,1.0,0.271,0.006,0.074,2.801,1.2,20.253,0.31,25.384
FireSmokeVideoNEW221_f2_jpg.rf.719286f8cd9c72a30f43a047427555f0.jpg,1,1,1.0,0.348,0.006,0.076,3.569,1.246,29.101,0.341,35.168
FireSmokeVideoNEW221_f3_jpg.rf.94efb46f1672ee28d652964edf3948f3.jpg,1,1,1.0,0.281,0.006,0.076,2.71,1.145,33.344,0.346,38.398
FireSmokeVideoNEW221_f5_jpg.rf.8a43dd4aadff4528705f52d9ab00daff.jpg,1,1,1.0,0.277,0.006,0.075,2.708,1.139,29.167,0.325,34.179
FireSmokeVideoNEW221_f7_jpg.rf.a849a7edfb3c2ea171f4fd5b8f3929d5.jpg,1,1,1.0,0.275,0.006,0.075,2.584,1.238,33.17,0.339,38.173
FireSmokeVideoNEW221_f9_jpg.rf.8173796a4cc04a5cbe9067cf21f0f30f.jpg,1,1,1.0,0.276,0.007,0.077,2.573,1.259,32.663,0.34,37.681
FireSmokeVideoNEW222_f123_jpg.rf.e8747a288a227f270190e39c6c54d29a.jpg,1,1,1.0,0.276,0.006,0.07,2.719,3.624,20.454,0.318,27.947
FireSmokeVideoNEW222_f46_jpg.rf.7f1818b2c2c51b2e646eb0a4844c216b.jpg,1,1,1.0,0.271,0.006,0.073,4.251,2.974,23.66,0.347,32.081
FireSmokeVideoNEW222_f61_jpg.rf.75fc78eefea3f4529c48d95f4bf4eb04.jpg,1,1,1.0,0.27,0.006,0.073,2.818,1.195,33.076,0.344,38.283
FireSmokeVideoNEW223_f115_jpg.rf.f7e472a8fe18759fb48ba875390e3c30.jpg,1,1,1.0,0.256,0.006,0.068,2.687,1.178,38.271,0.375,43.335
FireSmokeVideoNEW223_f13_jpg.rf.01598ec4481511a2189e689632183a09.jpg,1,1,1.0,0.267,0.006,0.073,2.715,1.344,33.061,0.326,38.306
FireSmokeVideoNEW223_f161_jpg.rf.956b2c4af82583a775d6129e4bb39146.jpg,1,1,1.0,0.272,0.006,0.159,6.282,6.011,29.172,0.316,42.716
FireSmokeVideoNEW223_f172_jpg.rf.abd51942fd26b9ebc9ca011f2bdbf5e1.jpg,1,1,1.0,0.289,0.006,0.077,7.581,1.274,29.812,0.346,39.887
FireSmokeVideoNEW223_f29_jpg.rf.88d1a44b2b908c080f787711d74266e6.jpg,1,1,1.0,0.538,0.005,0.058,3.237,1.046,29.685,0.346,35.366
FireSmokeVideoNEW223_f3_jpg.rf.0f7e22b3799657901c3dda898e2ced6f.jpg,1,1,1.0,0.263,0.006,0.078,8.423,3.172,29.098,0.343,41.873
FireSmokeVideoNEW223_f74_jpg.rf.e56d1a0e7335349c6503eb813a83aa49.jpg,1,1,0.9994,0.279,0.006,0.081,7.076,1.211,29.118,0.392,38.68
FireSmokeVideoNEW223_f76_jpg.rf.966f9d338b55f99ba8222b889fa60680.jpg,1,1,0.9996,0.29,0.007,0.076,10.24,5.881,33.305,0.334,50.632
FireSmokeVideoNEW225_f1_jpg.rf.a0915ad0745d925ed5df86947f4de0b9.jpg,1,1,1.0,0.26,0.006,0.068,4.025,1.127,20.212,0.32,26.477
FireSmokeVideoNEW225_f3_jpg.rf.a6736de779bdb62129b22cd7987ed4f5.jpg,1,1,1.0,0.266,0.006,0.072,2.696,1.715,33.358,0.323,38.929
FireSmokeVideoNEW225_f5_jpg.rf.d88a1d14607636b2af3b6c973f78a796.jpg,1,1,1.0,0.253,0.006,0.065,2.636,1.683,29.25,0.314,34.693
FireSmokeVideoNEW226_f3_jpg.rf.8742a56b8ce97acfc27e30b6b5149246.jpg,1,1,1.0,0.268,0.007,0.071,9.87,5.666,31.0,0.353,47.774
FireSmokeVideoNEW226_f5_jpg.rf.ed64fa15bd532f9262728f714137fa40.jpg,1,1,1.0,0.262,0.006,0.07,3.079,1.078,20.263,0.336,25.603
FireSmokeVideoNEW227_f119_jpg.rf.0a667ed3b2ab7d75b77066dcff52cb45.jpg,1,1,1.0,0.264,0.006,0.074,2.873,1.257,33.114,0.369,38.419
FireSmokeVideoNEW227_f181_jpg.rf.52ab9937a5eed31239256aa34cf4aab9.jpg,1,1,1.0,0.257,0.005,0.064,2.565,1.104,29.203,0.318,33.968
FireSmokeVideoNEW227_f194_jpg.rf.1d83c4122e530376e476d3ea6c377052.jpg,1,1,1.0,0.261,0.005,0.064,3.885,3.569,29.324,0.333,37.967
FireSmokeVideoNEW227_f206_jpg.rf.8191ea57c6e942583d723636e7bdd453.jpg,1,1,1.0,0.274,0.006,0.075,2.761,1.136,20.804,0.372,25.906
FireSmokeVideoNEW227_f31_jpg.rf.476c57cd23743575f218662b0dbeeb6e.jpg,1,1,1.0,0.265,0.006,0.069,2.668,1.119,33.43,0.32,38.347
FireSmokeVideoNEW227_f59_jpg.rf.ae215379798f91806d993c47bd17dc01.jpg,1,1,1.0,0.262,0.006,0.066,3.449,6.24,46.167,0.378,57.089
FireSmokeVideoNEW227_f88_jpg.rf.de74bcfbfa667d7c96f39310c92128a6.jpg,1,1,1.0,0.278,0.006,0.074,8.087,6.369,29.269,0.362,44.958
FireSmokeVideoNEW229_f0_jpg.rf.744e23aefbdcb714c5dcfb90ea3a87fd.jpg,1,1,1.0,0.282,0.007,0.072,3.439,1.748,29.027,0.309,35.37
FireSmokeVideoNEW229_f101_jpg.rf.43d321f3b24853a59f9ceacef569f549.jpg,1,1,1.0,0.27,0.006,0.072,7.16,4.708,39.714,0.353,52.781
FireSmokeVideoNEW229_f110_jpg.rf.b400adef17228b944c94c9b9d09174b3.jpg,1,1,1.0,0.275,0.006,0.074,6.06,1.813,20.466,0.341,29.527
FireSmokeVideoNEW229_f136_jpg.rf.1c40c355e04cffe2494a54b84170094f.jpg,1,1,1.0,0.285,0.006,0.077,2.774,1.136,33.485,0.328,38.583
FireSmokeVideoNEW229_f143_jpg.rf.9b6eac650896f72356521e3b056d28b1.jpg,1,1,1.0,0.27,0.006,0.069,6.036,1.133,29.074,0.331,37.403
FireSmokeVideoNEW229_f190_jpg.rf.cebc8de881dc229c1045ee796412977f.jpg,1,1,1.0,0.282,0.007,0.074,3.235,1.344,33.114,0.324,38.866
FireSmokeVideoNEW229_f197_jpg.rf.5ec1307ec070f7627ed9b0e2422276c1.jpg,1,1,1.0,0.281,0.006,0.077,2.602,1.208,29.081,0.322,34.056
FireSmokeVideoNEW229_f204_jpg.rf.a9070952b4d2a98f9cd1205187bcb2e8.jpg,1,1,1.0,0.277,0.006,0.072,2.821,1.119,32.975,0.361,38.114
FireSmokeVideoNEW229_f2_jpg.rf.4fe9df5e39295b817431d6d30db26ffe.jpg,1,1,1.0,0.278,0.007,0.07,2.666,1.121,29.157,0.363,34.192
FireSmokeVideoNEW229_f3_jpg.rf.bd4422d257a9a966fd114bfe183a27c2.jpg,1,1,1.0,0.284,0.007,0.073,2.756,6.311,29.443,0.325,39.708
FireSmokeVideoNEW229_f49_jpg.rf.8318dd0ac0d9fa11a18582f419ac9805.jpg,1,1,1.0,0.276,0.006,0.075,6.879,6.183,29.032,0.314,43.278
FireSmokeVideoNEW229_f62_jpg.rf.c42da118ef779db6a6e880592daf2cd9.jpg,1,1,1.0,0.373,0.006,0.078,5.331,3.447,29.025,0.332,39.1
FireSmokeVideoNEW229_f76_jpg.rf.28d89efca31c4680197dcf15151316e4.jpg,1,1,1.0,0.291,0.006,0.074,7.719,6.341,35.053,0.346,50.331
FireSmokeVideoNEW229_f87_jpg.rf.fa7b1ae50d2aa2b99fc795483c246ec9.jpg,1,1,1.0,0.277,0.006,0.075,7.82,5.871,21.663,0.315,36.523
FireSmokeVideoNEW229_f92_jpg.rf.eb9c93d702c830a9ef174e45e6dc51c6.jpg,1,1,1.0,0.275,0.006,0.073,6.267,1.749,29.211,0.333,38.425
FireSmokeVideoNEW229_f9_jpg.rf.9eb7fa13a6b22e2e57b2d0b12dd7a4ed.jpg,1,1,1.0,0.288,0.006,0.074,7.872,7.039,35.887,0.355,52.044
FireSmokeVideoNEW22_f2_jpg.rf.5afaf3ae732bc8f876a9a4472b83d758.jpg,1,1,1.0,0.283,0.006,0.078,7.883,5.993,29.082,0.323,44.205
FireSmokeVideoNEW22_f4_jpg.rf.203f7831badeb4e02951fe9665c7f685.jpg,1,1,1.0,0.277,0.006,0.075,7.695,6.922,29.08,0.338,44.991
FireSmokeVideoNEW230_f1_jpg.rf.92be5e622a84e8eeda101de1d8b6f006.jpg,1,1,1.0,0.284,0.006,0.075,7.997,6.098,47.236,0.368,62.595
FireSmokeVideoNEW230_f2_jpg.rf.b516a23e0ee4265b82e9c124ae5403e7.jpg,1,1,1.0,0.283,0.006,0.072,4.376,1.122,33.39,0.326,40.06
FireSmokeVideoNEW230_f3_jpg.rf.eb9208f420689ab949ebbd9d144630f7.jpg,1,1,1.0,0.277,0.006,0.075,2.672,1.128,29.117,0.325,34.085
FireSmokeVideoNEW231_f13_jpg.rf.7eda31debd5ace8bf178efb2d8eee062.jpg,1,1,1.0,0.283,0.006,0.074,3.772,1.137,37.227,0.359,43.341
FireSmokeVideoNEW231_f18_jpg.rf.e12984d2a281af25030f7fc539b979ff.jpg,1,1,1.0,0.279,0.007,0.074,2.761,1.119,20.443,0.325,25.478
FireSmokeVideoNEW231_f3_jpg.rf.ac0fdc2f62e6f6f0fe35fadafd65eea3.jpg,1,1,1.0,0.272,0.006,0.071,2.689,1.104,32.982,0.325,37.924
FireSmokeVideoNEW231_f8_jpg.rf.5a73d4cdd0134ebf3f0eccf6435271ba.jpg,1,1,1.0,0.279,0.006,0.072,3.564,1.124,29.015,0.322,34.865
FireSmokeVideoNEW232_f10_jpg.rf.5d4a0d582228afc4599a8941859c79ec.jpg,1,1,1.0,0.281,0.006,0.075,4.763,1.162,42.15,0.427,49.36
FireSmokeVideoNEW232_f12_jpg.rf.b5ec45b788bf7591660aeb1c7e7a6c5c.jpg,1,1,1.0,0.277,0.007,0.074,4.578,1.145,20.493,0.313,27.43
FireSmokeVideoNEW232_f1_jpg.rf.088b08a0eb2f4470fd648ce9722d4817.jpg,1,1,1.0,0.28,0.007,0.076,5.03,1.458,33.373,0.349,41.071
FireSmokeVideoNEW232_f21_jpg.rf.271771bf62fffe17129aabb112008ce5.jpg,1,1,1.0,0.275,0.006,0.075,10.2,1.859,29.152,0.336,42.404
FireSmokeVideoNEW232_f26_jpg.rf.a179bf547e32adc65897235b8a4e5092.jpg,1,1,1.0,0.281,0.007,0.075,9.238,5.828,29.69,0.342,45.929
FireSmokeVideoNEW232_f30_jpg.rf.5d755a93dca770aa7d77d49325fcd350.jpg,1,1,1.0,0.285,0.007,0.077,8.514,1.919,20.374,0.329,32.024
FireSmokeVideoNEW232_f36_jpg.rf.9859fadb31bedf2c1e47c6fd901a5437.jpg,1,1,0.9997,0.285,0.006,0.077,4.554,1.185,33.399,0.337,40.345
FireSmokeVideoNEW232_f3_jpg.rf.515f75a19104a63f84b9cd97feac0292.jpg,1,1,1.0,0.27,0.006,0.074,5.502,1.208,30.493,0.382,38.461
FireSmokeVideoNEW232_f46_jpg.rf.d6cb8a4fe0485699a61fcae6ce80714a.jpg,1,1,1.0,0.287,0.006,0.079,3.889,1.177,33.404,0.334,39.68
FireSmokeVideoNEW232_f4_jpg.rf.37ee1d28f781085cffebace064f9a3b5.jpg,1,1,1.0,0.269,0.006,0.07,4.402,1.455,29.109,0.322,36.145
FireSmokeVideoNEW232_f51_jpg.rf.f3ab61a78ed50f6db8ee33583eadf077.jpg,1,1,0.9999,0.266,0.006,0.07,3.696,1.181,33.03,0.333,39.08
FireSmokeVideoNEW232_f57_jpg.rf.00352eb95e89173e199ffe02e0a77b79.jpg,1,1,1.0,0.276,0.006,0.073,7.84,6.487,50.629,0.487,66.374
FireSmokeVideoNEW232_f67_jpg.rf.33421177bbf4e5f31db002f6457f2f1d.jpg,1,1,1.0,0.286,0.006,0.075,7.915,6.856,29.159,0.351,45.146
FireSmokeVideoNEW232_f6_jpg.rf.381e2ade01fd02959728a4fdac8d582a.jpg,1,1,1.0,0.282,0.007,0.076,4.97,1.358,29.117,0.337,36.684
FireSmokeVideoNEW232_f71_jpg.rf.512281df1df5bc0c90e3b7ac8b428316.jpg,1,1,1.0,0.281,0.006,0.078,5.444,4.922,44.526,0.322,56.113
FireSmokeVideoNEW232_f75_jpg.rf.8de3236d482920e837e8d8b678a5931c.jpg,1,1,1.0,0.28,0.006,0.077,5.512,1.609,29.114,0.339,37.463
FireSmokeVideoNEW232_f9_jpg.rf.87ebed201de152bbc4b07674c43088f9.jpg,1,1,1.0,0.286,0.007,0.075,8.509,4.714,29.556,0.336,43.967
FireSmokeVideoNEW234_f127_jpg.rf.005a291196ed53f9e596dc27892d8242.jpg,1,1,1.0,0.286,0.007,0.08,2.803,1.329,29.162,0.358,34.542
FireSmokeVideoNEW234_f3_jpg.rf.1c10021a15131173ab90792084ae1ea2.jpg,1,1,1.0,0.291,0.006,0.076,3.454,1.235,33.754,0.363,39.704
FireSmokeVideoNEW234_f4_jpg.rf.544cdf7ddb8c01ea0161540b395cc399.jpg,1,1,1.0,0.281,0.006,0.077,2.936,1.207,20.303,0.316,25.699
FireSmokeVideoNEW234_f55_jpg.rf.e5dd649df426ba0b01e4c6d963216033.jpg,1,1,1.0,0.28,0.006,0.075,4.035,6.346,29.136,0.346,40.788
FireSmokeVideoNEW234_f5_jpg.rf.ea5d1c26f102f98da6cf96bd2b6f891b.jpg,1,1,1.0,0.283,0.006,0.079,4.595,1.138,29.374,0.361,36.341
FireSmokeVideoNEW236_f10_jpg.rf.240f95d69f9989a861a046d9172c6a3b.jpg,1,1,0.9996,0.284,0.006,0.08,5.055,1.862,32.455,0.346,40.614
FireSmokeVideoNEW236_f12_jpg.rf.3da857e1bd4ac6513237ae4ff40cbc33.jpg,1,1,0.9995,0.279,0.007,0.077,4.902,1.192,20.41,0.355,27.743
FireSmokeVideoNEW236_f14_jpg.rf.f0ca6c82bcddcc9feb9bc9028a68b120.jpg,1,1,0.9999,0.278,0.007,0.08,6.657,2.949,29.879,0.4,40.734
FireSmokeVideoNEW236_f21_jpg.rf.754a675026bcab92408959bfb9e6fcc3.jpg,1,1,1.0,0.274,0.007,0.078,8.126,5.981,37.512,0.7,53.195
FireSmokeVideoNEW236_f3_jpg.rf.42bc417b828648ccddb4878d88cd314a.jpg,1,1,1.0,0.209,0.005,0.049,7.784,5.073,29.357,0.332,43.348
FireSmokeVideoNEW236_f5_jpg.rf.cc8e7b2f8bdb3e0cec2a0ff51fa28c17.jpg,1,1,0.9998,0.285,0.006,0.078,4.403,1.225,29.226,0.326,36.075
FireSmokeVideoNEW236_f7_jpg.rf.bd6635dce83880a7113817e083b78be5.jpg,1,1,0.9956,0.291,0.007,0.079,4.625,1.213,33.255,0.349,40.345
FireSmokeVideoNEW236_f9_jpg.rf.168ae9734bfc501bc6d238f8d2f724d8.jpg,1,1,0.9991,0.285,0.007,0.079,8.935,6.898,35.372,0.364,53.171
FireSmokeVideoNEW240_f20_jpg.rf.8a6467c957e8c386af2b27d0d934c050.jpg,1,1,0.9984,0.274,0.006,0.073,3.277,1.147,23.152,0.33,28.774
FireSmokeVideoNEW242_f16_jpg.rf.cb5a984c234f69549bd7d8916ecc738a.jpg,1,1,0.9999,0.289,0.006,0.076,2.737,2.243,29.133,0.333,35.332
FireSmokeVideoNEW242_f20_jpg.rf.350ae6f9f4cfaf34dac57b430bf38bd5.jpg,1,1,1.0,0.281,0.006,0.076,3.929,1.207,39.591,1.143,46.803
FireSmokeVideoNEW242_f24_jpg.rf.4f1770fc700b14899ba1bfbb6afbd478.jpg,1,1,1.0,0.207,0.004,0.048,5.928,1.195,29.428,0.335,37.654
FireSmokeVideoNEW242_f26_jpg.rf.683758f071668ddaa0024a468c60f9a7.jpg,1,1,1.0,0.283,0.007,0.078,3.485,1.238,33.371,0.394,39.361
FireSmokeVideoNEW242_f28_jpg.rf.300cfcb4673b58751e0aaa9c40dd0817.jpg,1,1,1.0,0.281,0.007,0.076,4.439,1.474,29.22,0.338,36.373
FireSmokeVideoNEW242_f2_jpg.rf.e0fe0c90866be603ef3ea3115d07ae53.jpg,1,1,1.0,0.306,0.006,0.075,9.801,6.522,34.11,0.347,51.865
FireSmokeVideoNEW242_f37_jpg.rf.942cd9e3807e9de01255872d9810dc8e.jpg,1,1,1.0,0.282,0.006,0.077,5.31,1.305,29.104,0.285,36.907
FireSmokeVideoNEW242_f39_jpg.rf.ed7e340bb514103b25521a6342b6d0b8.jpg,1,1,1.0,0.212,0.005,0.05,6.838,6.266,29.118,0.378,43.341
FireSmokeVideoNEW242_f42_jpg.rf.9ef35700b7eefb3f791a6601099ee8d7.jpg,1,1,1.0,0.27,0.006,0.082,4.802,1.983,29.341,0.405,37.495
FireSmokeVideoNEW242_f5_jpg.rf.0862f86903811d26c50e14ae697a7bf3.jpg,1,1,1.0,0.209,0.004,0.049,2.881,1.02,33.317,0.307,38.182
FireSmokeVideoNEW243_f0_jpg.rf.b8ae4899a18f07d0cf66c78b3c5a1dd8.jpg,1,1,1.0,0.264,0.005,0.066,2.773,1.179,28.963,0.306,34.052
FireSmokeVideoNEW243_f21_jpg.rf.20e2bc6a567e338cdc5431cdda1b0f9f.jpg,1,1,1.0,0.263,0.006,0.071,2.768,1.224,33.168,0.312,38.322
FireSmokeVideoNEW243_f3_jpg.rf.ecc4982a917b338aff3cd29cfba69f31.jpg,1,1,1.0,0.276,0.006,0.072,7.859,6.465,36.095,0.352,51.635
FireSmokeVideoNEW243_f44_jpg.rf.2eaf38b6d2a398d6af80bfb726fe7216.jpg,1,1,1.0,0.373,0.006,0.077,7.763,6.009,29.199,0.389,44.337
FireSmokeVideoNEW243_f46_jpg.rf.dc718cf285258cfab125d30992916958.jpg,1,1,1.0,0.282,0.006,0.077,2.687,1.231,29.128,0.323,34.261
FireSmokeVideoNEW243_f5_jpg.rf.1b86ff64ad83437c640195f462e17ed9.jpg,1,1,1.0,0.276,0.006,0.075,2.779,1.912,34.628,0.398,40.591
FireSmokeVideoNEW245_f16_jpg.rf.affac28f81aa47b4cfb3b2e583a5e036.jpg,1,1,1.0,0.279,0.007,0.078,5.309,1.465,29.279,0.323,37.255
FireSmokeVideoNEW245_f18_jpg.rf.5f6fa5ffb536cb4e8ffc333b31b94060.jpg,1,1,1.0,0.273,0.006,0.077,5.274,1.242,33.273,0.333,40.976
FireSmokeVideoNEW245_f20_jpg.rf.8cdc752d89218b5374439c992813db4f.jpg,1,1,1.0,0.267,0.006,0.072,5.056,1.206,29.137,0.315,36.569
FireSmokeVideoNEW245_f22_jpg.rf.e4b0e4d4004a941c1776c3f52bf3b07f.jpg,1,1,1.0,0.273,0.006,0.072,10.427,7.258,39.46,0.36,58.378
FireSmokeVideoNEW245_f24_jpg.rf.b4e0a941b58e1944a9877a4b56f57db0.jpg,1,1,1.0,0.275,0.006,0.078,8.117,1.207,29.14,0.337,40.06
FireSmokeVideoNEW245_f26_jpg.rf.374fcdbd809ab2419a63cbad47609d73.jpg,1,1,1.0,0.283,0.007,0.082,5.609,3.314,29.33,0.323,39.481
FireSmokeVideoNEW245_f42_jpg.rf.7cb91c9b353d357b7d73e73d1396fb02.jpg,1,1,1.0,0.345,0.006,0.074,5.261,1.251,31.851,0.39,39.712
FireSmokeVideoNEW245_f44_jpg.rf.4f3d7c7339919582cdf9f49155ecf2c0.jpg,1,1,1.0,0.287,0.007,0.077,5.784,1.798,33.461,0.362,42.316
FireSmokeVideoNEW245_f46_jpg.rf.9e327caa1e549bd1bc4dc7387238832b.jpg,1,1,1.0,0.687,0.007,0.082,5.014,1.258,29.227,0.337,37.15
FireSmokeVideoNEW245_f48_jpg.rf.e3aa09c11084c01fb7be091002a9e24c.jpg,1,1,1.0,0.287,0.006,0.079,5.273,1.229,33.352,0.328,41.086
FireSmokeVideoNEW245_f50_jpg.rf.98199e99f42af44d74f16f98a0b28755.jpg,1,1,1.0,0.278,0.006,0.077,9.988,7.535,30.917,0.361,49.717
FireSmokeVideoNEW246_f0_jpg.rf.d0e9845d36bb6879808a62992a781c24.jpg,1,1,1.0,0.283,0.006,0.078,3.334,1.281,33.52,0.336,39.361
FireSmokeVideoNEW246_f101_jpg.rf.f7312a11e1f33c0f810c995e6172f5f9.jpg,1,1,0.9997,0.263,0.006,0.072,3.663,3.109,20.302,0.338,28.23
FireSmokeVideoNEW246_f114_jpg.rf.c54ecf66c9dfabaa65bdc3348dd4649f.jpg,1,1,1.0,0.267,0.006,0.069,2.732,1.144,33.121,0.327,38.166
FireSmokeVideoNEW246_f116_jpg.rf.0797530111fe7468dfb6e65ad1f61c49.jpg,1,1,0.9946,0.268,0.006,0.069,7.545,3.032,31.197,0.34,42.977
FireSmokeVideoNEW246_f118_jpg.rf.4aa48d18f215cee5d04f5c081db094b0.jpg,1,1,0.9992,0.282,0.006,0.076,3.347,2.146,32.717,0.336,39.426
FireSmokeVideoNEW246_f120_jpg.rf.9a867e176f5c7410d35704589b5f0dd6.jpg,1,1,1.0,0.275,0.006,0.077,2.832,1.406,20.299,0.315,25.781
FireSmokeVideoNEW246_f122_jpg.rf.9ecff2c111b84f25d3a4dfb2e8316c54.jpg,1,1,0.9931,0.281,0.007,0.077,2.902,1.186,33.429,0.36,38.763
FireSmokeVideoNEW246_f17_jpg.rf.4ceac16aeb284b22058948b39bf7f4f3.jpg,1,1,1.0,0.27,0.006,0.073,4.127,1.281,29.263,0.305,35.806
FireSmokeVideoNEW246_f19_jpg.rf.e5b92864cd4980b8843bf3d0457fe64c.jpg,1,1,1.0,0.251,0.006,0.067,2.843,1.647,33.207,0.315,38.826
FireSmokeVideoNEW246_f20_jpg.rf.390c45f2c210996a34c511ad185f53ed.jpg,1,1,1.0,0.254,0.006,0.068,3.237,1.214,29.018,0.312,34.589
FireSmokeVideoNEW246_f22_jpg.rf.ffde6341071f98a83e38a27464a91568.jpg,1,1,1.0,0.259,0.006,0.067,3.059,1.381,46.181,0.352,51.809
FireSmokeVideoNEW246_f24_jpg.rf.0e0a9f1b7656b23975c740c3db802d52.jpg,1,1,1.0,0.257,0.006,0.069,3.452,1.105,20.277,0.307,25.937
FireSmokeVideoNEW246_f29_jpg.rf.56c1b326a697c030a3632d8e1a2d0008.jpg,1,1,1.0,0.274,0.006,0.073,3.625,1.3,33.181,0.323,39.284
FireSmokeVideoNEW246_f30_jpg.rf.fb8251d2bfa3ad8e70741296130d2d7b.jpg,1,1,1.0,0.249,0.006,0.067,3.152,1.128,29.023,0.285,34.391
FireSmokeVideoNEW246_f39_jpg.rf.7f1e78c38f1141225244982c4bf3fd90.jpg,1,1,0.9999,0.252,0.005,0.056,7.606,9.1,43.092,0.377,61.456
FireSmokeVideoNEW246_f40_jpg.rf.ce1cd9a166466167c408fafad05fcb5c.jpg,1,1,1.0,0.258,0.005,0.067,4.59,1.683,20.22,0.289,27.602
FireSmokeVideoNEW246_f45_jpg.rf.2bef0d7bfd03bcc11349ab63c01e0354.jpg,1,1,1.0,0.259,0.006,0.068,4.415,1.186,26.732,0.314,33.578
FireSmokeVideoNEW246_f47_jpg.rf.d3ae86391f56dff6ac7f57a4e501bda8.jpg,1,1,1.0,0.259,0.005,0.07,6.433,6.146,29.13,0.41,42.971
FireSmokeVideoNEW246_f4_jpg.rf.c4616a4f53c69b437bf5edb23eb58402.jpg,1,1,1.0,0.285,0.006,0.081,7.689,2.686,29.276,0.38,40.903
FireSmokeVideoNEW246_f54_jpg.rf.8342f7d2be3363c8e0242c7121d8fc0d.jpg,1,1,0.6897,0.278,0.006,0.077,4.87,1.166,29.316,0.309,36.976
FireSmokeVideoNEW246_f65_jpg.rf.3aae2c8595fe047d0b9031e3b5804f5e.jpg,1,1,0.9991,0.266,0.006,0.07,4.642,1.211,33.367,0.378,40.451
FireSmokeVideoNEW246_f67_jpg.rf.c522f7d025f759951024d1f5ce536e60.jpg,1,1,0.9999,0.272,0.006,0.072,8.165,7.428,42.728,0.365,59.548
FireSmokeVideoNEW246_f8_jpg.rf.68b2fb62abf6411d6f639c1c3f5aa3bb.jpg,1,1,1.0,0.277,0.006,0.072,3.269,1.088,33.406,0.34,39.294
FireSmokeVideoNEW246_f97_jpg.rf.dd9b7749d48aa0f976dbcaf5e75e8bf0.jpg,1,1,1.0,0.276,0.005,0.078,2.847,1.311,29.038,0.368,34.416
FireSmokeVideoNEW246_f99_jpg.rf.02bf10f60d8b1a6ba82b5e928bfb273e.jpg,1,1,0.745,0.278,0.006,0.074,3.422,1.158,35.735,0.376,41.546
FireSmokeVideoNEW249_f10_jpg.rf.a2031c818c873a4ac0b754042c9ea482.jpg,1,1,0.668,0.276,0.006,0.074,2.777,1.552,29.352,0.372,34.89
FireSmokeVideoNEW24_f13_jpg.rf.a317f2d56bcda94cb97cf62436f5d32e.jpg,1,1,1.0,0.277,0.007,0.075,2.707,1.447,33.307,0.332,38.636
FireSmokeVideoNEW24_f1_jpg.rf.d3ad263d294b1aede3fbfd33d485dba6.jpg,1,1,1.0,0.37,0.006,0.078,2.586,1.235,29.036,0.341,34.13
FireSmokeVideoNEW24_f22_jpg.rf.7f2bc9a4785440e0b6e6daeb772b302b.jpg,1,1,1.0,0.272,0.006,0.076,7.488,7.013,46.379,0.357,62.115
FireSmokeVideoNEW24_f33_jpg.rf.e5e6458494b5dbafef0058c958cb959a.jpg,1,1,1.0,0.277,0.006,0.077,8.248,5.99,20.384,0.317,35.79
FireSmokeVideoNEW24_f44_jpg.rf.5d0c9c22217efd669f0695827497572d.jpg,1,1,1.0,0.278,0.006,0.076,5.934,3.923,28.973,0.38,40.073
FireSmokeVideoNEW24_f46_jpg.rf.c1d942063e9aca880d77b7dd545a5754.jpg,1,1,1.0,0.382,0.006,0.075,7.708,5.979,45.348,0.409,60.415
FireSmokeVideoNEW24_f48_jpg.rf.a1812b35fbd4431cc4c85c94ad816d49.jpg,1,1,1.0,0.275,0.006,0.077,7.701,6.004,20.403,0.355,35.322
FireSmokeVideoNEW24_f54_jpg.rf.d96142ba5f27258066adecb90de272ec.jpg,1,1,1.0,0.277,0.006,0.076,4.772,1.131,29.091,0.334,36.173
FireSmokeVideoNEW24_f60_jpg.rf.f1ebdc880e1bcc91aee58222f268ee0e.jpg,1,1,1.0,0.281,0.006,0.077,2.734,1.129,33.304,0.356,38.376
FireSmokeVideoNEW24_f63_jpg.rf.03c49f969686c385e069b9113c736d19.jpg,1,1,1.0,0.271,0.006,0.078,2.955,1.409,29.395,0.431,35.018
FireSmokeVideoNEW24_f70_jpg.rf.9a86d6dfad0e79a67ae55ed6416ec3ff.jpg,1,1,1.0,0.273,0.006,0.077,3.306,1.129,33.325,0.344,38.945
FireSmokeVideoNEW24_f72_jpg.rf.beaf6a0d618ec48746c39d88d1b289df.jpg,1,1,1.0,0.276,0.006,0.076,3.382,1.126,29.056,0.322,34.724
FireSmokeVideoNEW24_f76_jpg.rf.686e1c1de85c5e1ad3d7b5e275d2df54.jpg,1,1,1.0,0.28,0.006,0.077,9.065,6.44,36.935,0.424,53.74
FireSmokeVideoNEW24_f78_jpg.rf.f8c4a179f08b28b3aacca29ac9c92cb4.jpg,1,1,0.9999,0.278,0.006,0.075,7.933,6.004,29.097,0.345,44.296
FireSmokeVideoNEW251_f10_jpg.rf.541400866b2aba579bcdb76caf3a338f.jpg,1,1,1.0,0.287,0.006,0.082,9.259,5.879,29.292,0.343,45.679
FireSmokeVideoNEW251_f12_jpg.rf.85d3ad499d374561971f57ad4d079829.jpg,1,1,1.0,0.286,0.006,0.079,6.841,5.966,43.9,0.286,57.874
FireSmokeVideoNEW251_f16_jpg.rf.3285e689765e3107919d3c071ee9fb45.jpg,1,1,1.0,0.282,0.006,0.077,6.687,6.182,20.582,0.343,34.662
FireSmokeVideoNEW251_f22_jpg.rf.e3d9c6fa41b8c234dbfa87f3e606bf26.jpg,1,1,1.0,0.283,0.007,0.08,4.641,1.718,29.15,0.315,36.742
FireSmokeVideoNEW251_f24_jpg.rf.72c1196ed7ec56e7fc95cf7d41b8c8b2.jpg,1,1,1.0,0.29,0.006,0.08,3.989,1.907,44.404,0.371,51.57
FireSmokeVideoNEW251_f26_jpg.rf.4956eee32e27e79472637f03db427864.jpg,1,1,1.0,0.262,0.006,0.071,3.335,1.267,20.432,0.315,26.163
FireSmokeVideoNEW251_f28_jpg.rf.d5d77d1341fdd95d00017d860d86835d.jpg,1,1,1.0,0.269,0.006,0.073,6.403,3.887,30.016,0.334,41.517
FireSmokeVideoNEW251_f2_jpg.rf.207660a329cb32e71b591d7620e9d6ee.jpg,1,1,1.0,0.284,0.006,0.075,7.598,5.976,29.072,0.339,43.876
FireSmokeVideoNEW251_f34_jpg.rf.0b6f0a94d30e437f2f6d8c1a90f96a78.jpg,1,1,0.9999,0.294,0.006,0.084,13.853,4.719,29.213,0.34,48.933
FireSmokeVideoNEW251_f5_jpg.rf.57893ff66f5d16c89cbb35a5a9b62725.jpg,1,1,1.0,0.267,0.006,0.078,6.5,4.975,29.402,0.333,42.042
FireSmokeVideoNEW251_f9_jpg.rf.249d7624c6fa363d9e41b0ab9a2f6327.jpg,1,1,1.0,0.285,0.006,0.081,10.682,1.231,29.189,0.34,42.3
FireSmokeVideoNEW252_f1_jpg.rf.644c06965eca5f3b556450ea37c27747.jpg,1,1,1.0,0.28,0.006,0.077,2.709,1.15,43.337,0.38,48.435
FireSmokeVideoNEW252_f45_jpg.rf.8b98db927ef78395da9058306d193102.jpg,1,1,1.0,0.278,0.006,0.076,4.097,1.187,23.145,0.355,29.66
FireSmokeVideoNEW252_f51_jpg.rf.4751e1373246d5bc57295ba7ff6965bd.jpg,1,1,1.0,0.272,0.006,0.079,5.385,1.855,29.039,0.325,37.483
FireSmokeVideoNEW252_f59_jpg.rf.93fdff5fc44a03cfb24372111bb816c8.jpg,1,1,1.0,0.279,0.007,0.076,7.002,1.118,33.447,0.338,42.744
FireSmokeVideoNEW252_f64_jpg.rf.68fa95b9f56388067421607a368cef2d.jpg,1,1,1.0,0.285,0.007,0.078,11.11,6.678,31.037,0.355,50.045
FireSmokeVideoNEW253_f39_jpg.rf.fb9a239e13210f3ebef4f597588b23fb.jpg,1,1,1.0,0.283,0.006,0.077,7.063,5.919,29.213,0.349,43.409
FireSmokeVideoNEW253_f43_jpg.rf.5a5f91862546726da846953d1f07eb8f.jpg,1,1,1.0,0.285,0.006,0.077,6.57,5.893,29.124,0.326,42.792
FireSmokeVideoNEW253_f46_jpg.rf.91995eb662334f3d0957cfc515200e44.jpg,1,1,1.0,0.285,0.006,0.078,6.508,5.988,47.38,0.389,61.202
FireSmokeVideoNEW253_f48_jpg.rf.6a0d36ab045606a51acb516450eb9504.jpg,1,1,1.0,0.273,0.006,0.078,6.209,5.842,29.171,0.33,42.414
FireSmokeVideoNEW253_f54_jpg.rf.a6475322dd9c9981224c709b6eeb3ce5.jpg,1,1,0.9998,0.272,0.007,0.086,7.789,6.356,29.482,0.347,44.983
FireSmokeVideoNEW253_f64_jpg.rf.1f4f74a5249319102992373b86580c22.jpg,1,1,1.0,0.281,0.007,0.075,6.263,1.739,35.316,0.374,44.535
FireSmokeVideoNEW253_f98_jpg.rf.730180c169cd3489387a9a5b99952692.jpg,1,1,1.0,0.274,0.006,0.075,3.012,1.136,23.153,0.317,28.447
FireSmokeVideoNEW256_f0_jpg.rf.21175534bf39e57aee851b1de13350d0.jpg,1,1,1.0,0.26,0.006,0.07,2.69,1.081,28.532,0.314,33.403
FireSmokeVideoNEW256_f11_jpg.rf.40e24a1aeae73281869326a117cf44fe.jpg,1,1,1.0,0.259,0.006,0.069,2.606,1.119,33.207,0.323,38.056
FireSmokeVideoNEW256_f1_jpg.rf.8866be7cbb0dcf462762bd4d392d77d9.jpg,1,1,1.0,0.266,0.006,0.071,8.974,6.053,35.223,0.35,51.484
FireSmokeVideoNEW256_f2_jpg.rf.419b43a44c0f7b085c92185c2c0537c9.jpg,1,1,1.0,0.278,0.006,0.077,7.461,5.231,29.626,0.374,43.893
FireSmokeVideoNEW256_f32_jpg.rf.5ed2d90bbe733c00b9a37b8ad56b0333.jpg,1,1,1.0,0.28,0.006,0.077,5.458,5.983,29.145,0.319,41.775
FireSmokeVideoNEW257_f11_jpg.rf.5f8927b60d1a6891efd7e858e8c3e0e1.jpg,1,1,1.0,0.28,0.007,0.08,9.727,6.451,34.677,0.371,52.118
FireSmokeVideoNEW257_f18_jpg.rf.0f9cc808c8589d3b56f736680007c7fb.jpg,1,1,1.0,0.284,0.006,0.077,7.386,5.963,29.227,0.32,43.752
FireSmokeVideoNEW257_f23_jpg.rf.abe3a8bff303926969f378051c208a6a.jpg,1,1,1.0,0.286,0.006,0.079,7.354,6.557,29.165,0.321,44.275
FireSmokeVideoNEW257_f25_jpg.rf.620dc89a7a566a25516b88b2f10d7799.jpg,1,1,1.0,0.286,0.006,0.077,2.664,1.241,37.422,0.392,42.602
FireSmokeVideoNEW257_f27_jpg.rf.4438354a029a07cdaccb869873ce4ca1.jpg,1,1,1.0,0.287,0.007,0.078,2.837,1.194,33.302,0.344,38.675
FireSmokeVideoNEW257_f31_jpg.rf.b6e6b11163061d79f0c2f50fde34e92e.jpg,1,1,1.0,0.282,0.007,0.078,3.04,1.182,29.189,0.411,34.706
FireSmokeVideoNEW257_f7_jpg.rf.b4c190057546d32b72d7e04d2cbc9f8a.jpg,1,1,1.0,0.284,0.006,0.187,2.952,1.812,33.317,0.355,39.445
FireSmokeVideoNEW25_f13_jpg.rf.2eaa5308c6c538b5b25f2039317fa207.jpg,1,0,1.0,0.212,0.005,0.05,4.158,1.182,29.325,0.334,35.774
FireSmokeVideoNEW25_f19_jpg.rf.3549bcf35fc1e41c3fdb36e564e72210.jpg,1,1,1.0,0.251,0.006,0.068,2.628,1.281,33.03,0.319,38.172
FireSmokeVideoNEW25_f22_jpg.rf.8ef2c5ee7dfc6ff95cf68469c972af1f.jpg,1,1,0.9999,0.25,0.006,0.144,3.658,1.972,29.095,0.339,35.974
FireSmokeVideoNEW25_f24_jpg.rf.d978d587fd47ec7589cdb39d1324f4a7.jpg,1,1,0.9998,0.284,0.007,0.077,9.795,6.914,40.332,0.455,58.401
FireSmokeVideoNEW25_f42_jpg.rf.854b871d2bcc068818b226711357d71b.jpg,1,1,1.0,0.283,0.006,0.076,8.606,6.046,38.652,0.362,54.546
FireSmokeVideoNEW25_f46_jpg.rf.8f3b7c6178fdc60fd3d3c4bafc1664c1.jpg,1,1,0.9793,0.281,0.006,0.078,8.307,2.41,29.391,0.384,41.382
FireSmokeVideoNEW264_f49_jpg.rf.e734114878cd20b393cf439ae4b015fb.jpg,1,1,1.0,0.268,0.005,0.123,2.82,1.568,29.314,0.293,34.856
FireSmokeVideoNEW264_f76_jpg.rf.569a3bae734fc779f72fbf6ed5099965.jpg,1,1,1.0,0.228,0.005,0.058,2.512,4.004,29.044,0.315,37.163
FireSmokeVideoNEW266_f107_jpg.rf.02faea8858fe3f87b8063f0604604b84.jpg,1,1,1.0,0.251,0.006,0.063,5.798,5.333,28.965,0.318,41.171
FireSmokeVideoNEW266_f113_jpg.rf.0ee13ca7bce52f98cc9d6748dc732777.jpg,1,1,1.0,0.251,0.006,0.067,6.834,2.704,46.014,0.386,56.759
FireSmokeVideoNEW266_f13_jpg.rf.2da8d3951c2ab6db859bba437d172e44.jpg,1,1,1.0,0.282,0.006,0.076,6.913,5.94,29.212,0.325,43.301
FireSmokeVideoNEW266_f178_jpg.rf.4d4fc6e36132f06221b0ed5e4088bc50.jpg,1,1,1.0,0.278,0.006,0.074,7.211,6.302,29.14,0.344,43.867
FireSmokeVideoNEW266_f237_jpg.rf.f82396f9f4b30ea31840dbd51f7a8493.jpg,1,1,1.0,0.292,0.007,0.075,7.03,6.247,32.195,0.374,46.736
FireSmokeVideoNEW266_f39_jpg.rf.77b165a2621221e3075da882a7bdbe99.jpg,1,1,1.0,0.269,0.006,0.071,4.987,1.204,29.414,0.339,36.814
FireSmokeVideoNEW267_f101_jpg.rf.63c35ee1bb4f8e8ba47f672adb8edbd6.jpg,1,1,1.0,0.29,0.006,0.074,4.438,2.791,31.353,0.344,39.804
FireSmokeVideoNEW267_f118_jpg.rf.121e20767c49d77df1b806b2087a27b2.jpg,1,1,1.0,0.278,0.007,0.076,8.683,6.68,20.43,0.317,36.996
FireSmokeVideoNEW267_f121_jpg.rf.e26cd978de539fcea0af98b7ba6fc31f.jpg,1,1,1.0,0.272,0.006,0.07,8.667,6.321,44.243,0.295,60.39
FireSmokeVideoNEW267_f145_jpg.rf.4e25c29571910a8193b1dd547f2ddb9a.jpg,1,1,1.0,0.282,0.006,0.079,3.284,1.158,20.472,0.363,26.142
FireSmokeVideoNEW267_f147_jpg.rf.4ae496d4bbd2b96a928b170a6937b2b8.jpg,1,1,1.0,0.278,0.006,0.078,3.212,1.137,33.248,0.36,38.823
FireSmokeVideoNEW267_f83_jpg.rf.113dd99201cd8e546b69b03c7f7bac4a.jpg,1,1,1.0,0.36,0.006,0.07,2.579,1.525,29.038,0.376,34.445
FireSmokeVideoNEW267_f93_jpg.rf.1646a38a12d2312e7e0e54b4d6f7f497.jpg,1,1,1.0,0.278,0.006,0.073,9.315,5.725,29.238,0.336,45.462
FireSmokeVideoNEW269_f10_jpg.rf.17d96b45a4eac9157520e5aa71774678.jpg,1,1,1.0,0.285,0.006,0.075,6.819,3.938,20.241,0.337,32.242
FireSmokeVideoNEW269_f31_jpg.rf.977449849ee1d1b4cd28604a98013e1b.jpg,1,1,1.0,0.255,0.006,0.068,3.28,1.086,33.06,0.318,38.527
FireSmokeVideoNEW269_f33_jpg.rf.8b38bd9fc843c1946c4c9566fcbcdebe.jpg,1,1,1.0,0.243,0.004,0.062,3.166,1.5,29.384,0.392,35.22
FireSmokeVideoNEW269_f36_jpg.rf.6b45f2c36c902aa2f7a646fac4bd3551.jpg,1,1,1.0,0.257,0.005,0.065,6.933,4.739,29.377,0.352,42.24
FireSmokeVideoNEW269_f45_jpg.rf.3ea593179185b2a02eff432376e589f2.jpg,1,1,1.0,0.269,0.006,0.069,2.855,1.156,29.392,0.311,34.552
FireSmokeVideoNEW269_f61_jpg.rf.6bc5727e306edc11b524c4746860178f.jpg,1,1,1.0,0.267,0.006,0.073,2.958,1.176,32.978,0.313,38.268
FireSmokeVideoNEW269_f78_jpg.rf.948530e5f32ad9506e4d005519b1fe9a.jpg,1,1,1.0,0.264,0.006,0.069,2.937,5.294,44.343,0.353,53.775
FireSmokeVideoNEW269_f8_jpg.rf.c26651df50fe12ba3103e33a592f4ebb.jpg,1,1,1.0,0.28,0.006,0.078,6.577,5.201,20.443,0.342,33.413
FireSmokeVideoNEW26_f137_jpg.rf.a9ed46e4eace1936121122bbf35a5430.jpg,1,1,1.0,0.259,0.005,0.066,3.098,1.174,29.009,0.298,34.4
FireSmokeVideoNEW26_f139_jpg.rf.ba1b0babc498c22ebaf50c3930711e5b.jpg,1,1,1.0,0.249,0.005,0.063,2.639,1.13,39.107,0.351,44.03
FireSmokeVideoNEW26_f141_jpg.rf.a5fa0a322501fa9aa5f2c0fab23d79dd.jpg,1,1,1.0,0.258,0.006,0.066,3.624,5.513,29.362,0.34,39.686
FireSmokeVideoNEW26_f160_jpg.rf.a7025e07062fe6c456bc401c19e0b8cc.jpg,1,1,1.0,0.275,0.007,0.077,2.713,1.285,33.365,0.339,38.584
FireSmokeVideoNEW26_f71_jpg.rf.dc98f99d0595cb8a275c8c9afe655280.jpg,1,1,1.0,0.279,0.006,0.074,3.672,1.322,20.407,0.306,26.559
FireSmokeVideoNEW26_f73_jpg.rf.a4c7819457d40ffafe8bc3c8b510744c.jpg,1,1,1.0,0.283,0.006,0.075,3.627,1.191,42.804,0.378,48.987
FireSmokeVideoNEW26_f7_jpg.rf.57f0610ef4fec7f7361b67920ce3281f.jpg,1,1,1.0,0.204,0.004,0.049,3.449,1.338,29.302,0.323,35.192
FireSmokeVideoNEW26_f9_jpg.rf.199dead260e12ae0bf89eeb54cb43bb3.jpg,1,1,1.0,0.282,0.007,0.079,2.854,1.384,33.275,0.414,38.82
FireSmokeVideoNEW274_f22_jpg.rf.02cd1a9e0dfe7bf250bafeb57c2fc46f.jpg,1,1,1.0,0.206,0.004,0.049,4.491,1.824,33.068,0.364,40.532
FireSmokeVideoNEW277_f106_jpg.rf.09d13a0b9f5dae6b37b4df7ad76bc80f.jpg,1,1,1.0,0.313,0.006,0.074,3.497,1.24,29.271,0.297,35.2
FireSmokeVideoNEW277_f112_jpg.rf.5bf0e71562583b311f55ca80b537896a.jpg,1,1,1.0,0.242,0.005,0.064,2.631,1.143,29.008,0.324,33.891
FireSmokeVideoNEW277_f16_jpg.rf.f38d7b7283773e95c837a4a88b043def.jpg,1,1,1.0,0.257,0.005,0.066,3.377,1.261,33.05,0.322,38.831
FireSmokeVideoNEW277_f23_jpg.rf.26a5a9e63a6231703ed81eb83e506ae8.jpg,1,1,1.0,0.249,0.005,0.067,3.231,3.985,25.601,0.379,34.0
FireSmokeVideoNEW277_f2_jpg.rf.6de584ba8f4bf4e8f28b6b12e02fce56.jpg,1,1,1.0,0.24,0.005,0.065,10.268,1.2,23.825,0.325,36.409
FireSmokeVideoNEW277_f32_jpg.rf.821c4696b6666d1fc23b5e7dea66f891.jpg,1,1,1.0,0.284,0.006,0.08,9.196,1.326,29.252,0.342,41.021
FireSmokeVideoNEW277_f34_jpg.rf.7e70c7a467ae2e47817342d4fb2a0827.jpg,1,1,1.0,0.28,0.006,0.08,4.666,1.398,29.407,0.328,36.709
FireSmokeVideoNEW277_f3_jpg.rf.16feece04ba7228a83655f5a70f1ceba.jpg,1,1,1.0,0.275,0.006,0.075,10.303,6.226,37.096,0.364,54.882
FireSmokeVideoNEW277_f42_jpg.rf.bfa88f7ad8c4a729098ba826f60065bd.jpg,1,1,1.0,0.273,0.006,0.077,5.991,1.258,29.164,0.335,37.643
FireSmokeVideoNEW277_f4_jpg.rf.81c483c3c5d7ba3da0512eb641f4114d.jpg,1,1,1.0,0.284,0.006,0.079,7.143,4.072,29.091,0.329,41.581
FireSmokeVideoNEW277_f54_jpg.rf.8290d81b12f806e3a23c324952744a5e.jpg,1,1,1.0,0.271,0.006,0.072,7.288,4.226,46.302,0.385,59.2
FireSmokeVideoNEW277_f5_jpg.rf.43dfbd60ba2af38be3249f10ec1c6dd2.jpg,1,1,1.0,0.285,0.006,0.079,5.352,5.723,29.196,0.342,41.517
FireSmokeVideoNEW277_f6_jpg.rf.9246e9ca42b4ef5ffa450917955996b2.jpg,1,1,1.0,0.279,0.007,0.08,5.747,1.607,29.169,0.342,37.773
FireSmokeVideoNEW277_f76_jpg.rf.e896d63db2a85b0c36821d3664707386.jpg,1,1,1.0,0.28,0.007,0.078,2.816,1.128,41.01,0.958,46.816
FireSmokeVideoNEW277_f84_jpg.rf.de4caae65922aafc13677ba531cf76c2.jpg,1,1,1.0,0.284,0.006,0.071,2.592,1.21,29.283,0.332,34.286
FireSmokeVideoNEW27_f60_jpg.rf.038ba34328502532e3c1154c93793d2f.jpg,1,1,1.0,0.249,0.004,0.047,5.32,5.858,38.49,0.363,50.824
FireSmokeVideoNEW27_f62_jpg.rf.c1c3a5e618dfc2300dc019930e34b3ae.jpg,1,1,1.0,0.295,0.006,0.081,8.526,6.053,31.054,0.343,46.823
FireSmokeVideoNEW27_f64_jpg.rf.be4a9aaace2c63021410de1caab71d9e.jpg,1,1,1.0,0.265,0.006,0.071,9.316,1.506,29.066,0.332,41.031
FireSmokeVideoNEW27_f66_jpg.rf.22def0fbf44790ff0e2de2bb0c4201b9.jpg,1,1,1.0,0.269,0.005,0.071,2.829,1.185,29.069,0.318,34.301
FireSmokeVideoNEW29_f10_jpg.rf.8e2833f2331a68683bbe20ec22fccdbd.jpg,1,1,1.0,0.363,0.006,0.072,2.975,1.205,37.742,0.371,43.22
FireSmokeVideoNEW29_f15_jpg.rf.af74892cfd1d8c526d2b6f4807915809.jpg,1,1,1.0,0.268,0.006,0.071,3.449,1.417,20.427,0.325,26.433
FireSmokeVideoNEW29_f17_jpg.rf.5151a7a20f43e42120cfac986cec2f39.jpg,1,1,1.0,0.286,0.006,0.075,2.93,1.152,29.123,0.31,34.378
FireSmokeVideoNEW29_f25_jpg.rf.2ad0615bf93adcec78cabdaf0440d4c0.jpg,1,1,1.0,0.262,0.006,0.069,3.024,1.376,32.732,0.297,38.258
FireSmokeVideoNEW29_f27_jpg.rf.fdacc6730c826df2ae581d71f2b777bc.jpg,1,1,1.0,0.264,0.006,0.071,8.784,6.063,24.974,0.339,40.961
FireSmokeVideoNEW29_f5_jpg.rf.c884fffd4ce9b1eb0a67f95bafaa8e52.jpg,1,1,1.0,0.274,0.006,0.169,5.22,1.113,29.078,0.375,36.727
FireSmokeVideoNEW31_f0_jpg.rf.8c3177ba1b33003e26ebb311b7ea751a.jpg,1,1,1.0,0.288,0.006,0.074,3.31,1.13,33.308,0.334,38.945
FireSmokeVideoNEW31_f127_jpg.rf.0c2aa3f9cdfa16db038d4b9453ee01d7.jpg,1,1,1.0,0.27,0.006,0.07,3.657,1.199,29.105,0.356,35.244
FireSmokeVideoNEW31_f13_jpg.rf.d1126db2923b8b99a8ba03fe2983f026.jpg,1,1,1.0,0.258,0.006,0.077,3.652,3.328,29.859,0.333,38.065
FireSmokeVideoNEW31_f1_jpg.rf.3c6c950a2ed874683574dfa4d38bd25a.jpg,1,1,1.0,0.278,0.006,0.077,6.838,5.957,29.162,0.334,43.157
FireSmokeVideoNEW31_f27_jpg.rf.d6492c725bf7e3bfe7eed589dc8571a6.jpg,1,1,1.0,0.283,0.007,0.074,6.832,6.139,29.06,0.322,43.27
FireSmokeVideoNEW31_f30_jpg.rf.3dd6e3ba6fb8657caa2190bd9eb22e6f.jpg,1,1,1.0,0.283,0.006,0.076,9.811,6.248,31.49,0.353,48.755
FireSmokeVideoNEW31_f32_jpg.rf.9d38b6dc5b13b67a5546f72b78531e6a.jpg,1,1,1.0,0.387,0.007,0.08,7.447,6.149,29.311,0.444,44.352
FireSmokeVideoNEW31_f40_jpg.rf.3dd823019fe152f2623dc4ef465c1d9d.jpg,1,1,1.0,0.278,0.007,0.078,7.758,6.099,29.147,0.37,44.253
FireSmokeVideoNEW31_f47_jpg.rf.23dcad470ad03987dfae09a9b9edcc7e.jpg,1,1,1.0,0.282,0.006,0.077,10.138,6.259,46.873,0.353,64.474
FireSmokeVideoNEW31_f55_jpg.rf.9f756f8ea534a9ca9aee2b44e730e082.jpg,1,1,1.0,0.277,0.006,0.075,9.559,5.195,20.299,0.317,36.197
FireSmokeVideoNEW31_f67_jpg.rf.a700eaa5299866ede9bbdf9be7b2a56b.jpg,1,1,1.0,0.294,0.006,0.076,10.542,3.495,29.12,0.34,44.397
FireSmokeVideoNEW31_f86_jpg.rf.d0840f0493b5bd6f596350694d9a3715.jpg,1,1,1.0,0.377,0.006,0.079,7.581,4.946,40.743,0.331,54.586
FireSmokeVideoNEW35_f10_jpg.rf.6594b28e06353a07284e2f3302fb5a0a.jpg,1,1,0.9944,0.264,0.006,0.069,7.282,6.026,20.699,0.332,35.155
FireSmokeVideoNEW35_f118_jpg.rf.12e980bcb7a3263b616167caaf3b29a0.jpg,1,1,1.0,0.274,0.006,0.077,7.176,5.868,29.434,0.326,43.665
FireSmokeVideoNEW35_f122_jpg.rf.16f0e135a405be407794b5ae549f4301.jpg,1,1,0.7105,0.275,0.006,0.073,7.689,6.041,38.132,0.355,53.081
FireSmokeVideoNEW35_f14_jpg.rf.9822efb7cea5a93c34c4e22be1de699b.jpg,1,1,0.9985,0.327,0.007,0.072,7.701,6.022,21.219,0.306,36.154
FireSmokeVideoNEW35_f173_jpg.rf.deeced22196d23be062cbcc3b4891593.jpg,1,1,0.9998,0.277,0.006,0.072,6.708,5.01,29.028,0.313,41.878
FireSmokeVideoNEW35_f176_jpg.rf.d32791cdd927eee65063b56c6f5aff30.jpg,1,1,0.9998,0.261,0.006,0.07,4.864,1.161,29.123,0.321,36.283
FireSmokeVideoNEW35_f180_jpg.rf.a9be809218a94fed76e493a34764822c.jpg,1,1,1.0,0.275,0.006,0.175,7.237,7.065,30.261,0.334,45.873
FireSmokeVideoNEW35_f203_jpg.rf.742030bca636ed9683686440d8fadd69.jpg,1,1,1.0,0.27,0.006,0.073,4.007,1.225,29.426,0.33,35.82
FireSmokeVideoNEW35_f205_jpg.rf.b92e0f9847c66aa6d86bbf0c5a29f079.jpg,1,1,1.0,0.279,0.006,0.075,2.736,1.67,33.03,0.318,38.591
FireSmokeVideoNEW35_f21_jpg.rf.9fdac7de0ff6d8162b6604963b09ea74.jpg,1,1,0.9977,0.27,0.006,0.07,6.289,6.43,47.011,0.393,60.986
FireSmokeVideoNEW35_f23_jpg.rf.d330dabc9f71e0a77eb73bb7d8dc480c.jpg,1,1,0.9992,0.271,0.006,0.073,9.084,7.171,20.395,0.321,37.813
FireSmokeVideoNEW35_f25_jpg.rf.d376bc16debc42e7282a4d7d99fa2698.jpg,1,1,0.9988,0.282,0.006,0.074,6.632,1.511,29.218,0.327,38.577
FireSmokeVideoNEW35_f27_jpg.rf.af038d7b62253e3b66b764f22d5421b4.jpg,1,1,0.998,0.278,0.006,0.168,2.926,1.662,39.128,0.357,45.056
FireSmokeVideoNEW35_f32_jpg.rf.95311ade1067fa155762509fe0f2bebe.jpg,1,1,0.6793,0.259,0.006,0.071,5.471,6.084,29.394,0.326,42.107
FireSmokeVideoNEW35_f3_jpg.rf.d2060302e4ed461339a3a92d32dfddf4.jpg,1,1,0.9973,0.284,0.006,0.073,6.521,6.4,29.161,0.342,43.346
FireSmokeVideoNEW35_f4_jpg.rf.baf1ef1ca16bdaf535443c5e66bef147.jpg,1,1,0.9999,0.276,0.006,0.075,4.167,1.173,29.294,0.326,35.832
FireSmokeVideoNEW35_f62_jpg.rf.844252b9cbe891df62c59d058ed33588.jpg,1,1,0.9992,0.287,0.006,0.076,8.333,5.126,31.214,0.338,45.87
FireSmokeVideoNEW35_f6_jpg.rf.71fd2e537b6edaf6dc30e29fe1e4d4b3.jpg,1,1,0.991,0.282,0.006,0.076,5.523,1.198,29.15,0.332,37.088
FireSmokeVideoNEW35_f77_jpg.rf.8a1940b7b15aea1c42fa0dfee03ec40a.jpg,1,1,0.9987,0.349,0.007,0.076,2.988,1.309,33.24,0.325,38.813
FireSmokeVideoNEW35_f81_jpg.rf.9d5e5f6c22b4e9bc17c660a1ada3ca23.jpg,1,1,0.9999,0.255,0.006,0.069,2.749,6.067,42.01,0.361,52.02
FireSmokeVideoNEW35_f87_jpg.rf.db9588772742238059a982e0c1fa6cae.jpg,1,1,0.9999,0.282,0.006,0.072,4.09,1.788,23.123,0.329,30.203
FireSmokeVideoNEW35_f91_jpg.rf.f6da1955af8a14bd82eff3b2d9bfdc45.jpg,1,1,0.9999,0.278,0.006,0.076,3.051,1.922,29.12,0.301,35.267
FireSmokeVideoNEW38_f10_jpg.rf.22df74a0785588255ea78153e2f436b4.jpg,1,1,1.0,0.266,0.005,0.068,3.448,1.166,33.288,0.324,39.068
FireSmokeVideoNEW38_f15_jpg.rf.cb75043ebfbfb8e6ec8c04f58959d20f.jpg,1,1,1.0,0.276,0.006,0.073,8.316,6.829,35.967,0.351,52.34
FireSmokeVideoNEW38_f17_jpg.rf.1646d3035bbf07bf0881df1f4abc2083.jpg,1,1,1.0,0.277,0.006,0.074,3.314,1.576,33.302,0.334,39.401
FireSmokeVideoNEW38_f40_jpg.rf.4c5b5f13191256490df75de68043deaa.jpg,1,1,1.0,0.267,0.006,0.076,3.086,1.191,29.12,0.319,34.706
FireSmokeVideoNEW38_f43_jpg.rf.594a8c02951151bb6211e90cf62c11a4.jpg,1,1,1.0,0.278,0.007,0.073,2.907,1.447,41.913,0.369,47.513
FireSmokeVideoNEW38_f45_jpg.rf.078930b7aca6aff0ed4b6679f6b8451f.jpg,1,1,1.0,0.279,0.006,0.075,5.89,5.852,20.558,0.333,33.454
FireSmokeVideoNEW38_f54_jpg.rf.972eae67925b5ecee5fbfb28c442d8d3.jpg,1,1,1.0,0.273,0.007,0.076,3.279,1.124,32.845,0.334,38.426
FireSmokeVideoNEW38_f7_jpg.rf.c659a9acd380439d08ae6940744107ff.jpg,1,1,1.0,0.282,0.007,0.079,4.002,1.202,29.11,0.32,35.521
FireSmokeVideoNEW3_f15_jpg.rf.1081b06a3c2748d83ac64669856e79b2.jpg,1,1,1.0,0.286,0.006,0.077,4.756,6.975,44.684,0.368,57.848
FireSmokeVideoNEW3_f21_jpg.rf.f724885ceca326978ace0ffda40d9502.jpg,1,1,1.0,0.276,0.006,0.08,7.821,6.495,29.154,0.336,44.777
FireSmokeVideoNEW3_f2_jpg.rf.e60be14df4808f7294fd069c36790326.jpg,1,1,1.0,0.275,0.006,0.079,7.043,3.436,29.269,0.33,40.969
FireSmokeVideoNEW3_f3_jpg.rf.01b4621d8e3194f1d3fbbaeb1cc64806.jpg,1,1,1.0,0.278,0.006,0.075,7.894,5.207,31.114,0.329,45.325
FireSmokeVideoNEW40_f16_jpg.rf.102bef74efdc92efde85b02586cab97f.jpg,1,1,1.0,0.257,0.006,0.065,3.1,1.073,20.313,0.283,25.563
FireSmokeVideoNEW40_f18_jpg.rf.19806f837916e1673c74c9bbcd924cd7.jpg,1,1,1.0,0.258,0.005,0.067,4.703,1.163,29.158,0.302,36.16
FireSmokeVideoNEW40_f1_jpg.rf.f77eee4e7a13d1f27e173db990f994ce.jpg,1,1,1.0,0.265,0.006,0.07,2.682,1.178,38.97,0.353,44.029
FireSmokeVideoNEW40_f21_jpg.rf.6f5b514f8bfc06ba7d6cd4bb70180881.jpg,1,1,1.0,0.201,0.004,0.047,3.212,1.131,29.342,0.316,34.753
FireSmokeVideoNEW40_f23_jpg.rf.8f33e997b3b48e9f166e42b8aef89256.jpg,1,1,1.0,0.267,0.006,0.07,2.972,3.449,30.025,0.331,37.634
FireSmokeVideoNEW40_f2_jpg.rf.7b59cc53447b7dfd356e30de13e4413a.jpg,1,1,1.0,0.279,0.007,0.075,7.5,6.105,29.169,0.348,43.98
FireSmokeVideoNEW40_f37_jpg.rf.d988e41b08831d2451907fa03ce84a58.jpg,1,1,1.0,0.206,0.005,0.047,3.969,5.171,29.424,0.313,39.692
FireSmokeVideoNEW40_f4_jpg.rf.fe367aa5fbdc677e7650ba3741527964.jpg,1,1,1.0,0.279,0.007,0.078,3.508,1.171,29.362,0.322,35.239
FireSmokeVideoNEW40_f6_jpg.rf.474d4d3f3a86310484fe42ba756e67f8.jpg,1,1,1.0,0.276,0.006,0.074,2.795,3.674,29.447,0.341,37.098
FireSmokeVideoNEW40_f8_jpg.rf.f81401ca14dbf9768eef7ef78497b6a5.jpg,1,1,1.0,0.282,0.006,0.077,7.999,7.122,42.501,0.352,58.902
FireSmokeVideoNEW42_f27_jpg.rf.99252134062c904aa86fb6321910e066.jpg,1,1,1.0,0.274,0.006,0.075,7.918,5.916,20.468,0.329,35.476
FireSmokeVideoNEW42_f29_jpg.rf.b1fd27c83a9ab38250c7d1aecc5ed389.jpg,1,1,1.0,0.263,0.006,0.174,8.112,5.902,29.057,0.318,44.296
FireSmokeVideoNEW42_f31_jpg.rf.eec1b63f9169e7e850712e19316f4dba.jpg,1,1,1.0,0.268,0.005,0.073,6.754,6.916,45.361,0.371,60.273
FireSmokeVideoNEW43_f0_jpg.rf.c803d42e9dfcc0f184208a6cfc607558.jpg,1,1,1.0,0.272,0.006,0.074,6.617,5.895,20.274,0.315,33.945
FireSmokeVideoNEW43_f119_jpg.rf.2fc8b2a7ad67c33e71458f4836ca2d95.jpg,1,1,1.0,0.284,0.006,0.076,3.307,3.563,29.598,0.337,38.023
FireSmokeVideoNEW43_f135_jpg.rf.63707d9b182d93572f75219705eccf0c.jpg,1,1,1.0,0.266,0.006,0.074,6.059,1.241,29.542,0.371,38.05
FireSmokeVideoNEW43_f151_jpg.rf.24f576fa225a18abda7a2fd239f10b85.jpg,1,1,1.0,0.281,0.006,0.075,2.771,1.488,33.817,0.323,39.246
FireSmokeVideoNEW43_f1_jpg.rf.2310e3c5fe9e5383612f329bff47eaa8.jpg,1,1,1.0,0.258,0.005,0.068,2.908,1.146,29.307,0.33,34.546
FireSmokeVideoNEW43_f46_jpg.rf.d63e0607fd5c8d3d4dbbcd7636402655.jpg,1,1,1.0,0.276,0.006,0.074,2.841,1.129,33.203,0.34,38.405
FireSmokeVideoNEW43_f58_jpg.rf.b3d534991846f7f0c3be9c8fbd069b26.jpg,1,1,1.0,0.265,0.007,0.078,4.144,7.095,46.449,0.37,58.92
FireSmokeVideoNEW43_f62_jpg.rf.82ed45487cee94fee922be6cd05861a5.jpg,1,1,1.0,0.278,0.006,0.074,8.626,1.833,20.411,0.328,32.069
FireSmokeVideoNEW43_f6_jpg.rf.28701c4a24bdca1bdda4665b2073487c.jpg,1,1,1.0,0.277,0.005,0.071,3.265,5.13,32.085,0.325,41.694
FireSmokeVideoNEW43_f7_jpg.rf.4b141a903f849b42edc219e447f6ea6f.jpg,1,1,1.0,0.267,0.006,0.07,3.28,1.167,33.478,0.423,39.198
FireSmokeVideoNEW43_f93_jpg.rf.4bb70f866badfb4bf186f497a8e15dde.jpg,1,1,1.0,0.2,0.004,0.048,3.169,1.593,29.391,0.323,35.249
FireSmokeVideoNEW44_f10_jpg.rf.1a099b11831ea324b86b7db6aad4e190.jpg,1,1,1.0,0.28,0.006,0.075,2.96,1.214,33.33,0.335,38.725
FireSmokeVideoNEW44_f12_jpg.rf.287d396056e5d666fc90652fd12aa11b.jpg,1,1,1.0,0.325,0.006,0.079,2.782,1.676,29.081,0.329,34.801
FireSmokeVideoNEW44_f1_jpg.rf.8fd84f8ede5e0d1b75fb66a03c104345.jpg,1,1,1.0,0.283,0.006,0.077,3.32,1.23,46.807,0.382,52.711
FireSmokeVideoNEW44_f29_jpg.rf.90948668219ca6b432c4311b3d1fe87d.jpg,1,1,1.0,0.278,0.004,0.047,2.37,0.984,29.392,0.324,33.88
FireSmokeVideoNEW44_f3_jpg.rf.09b7b07d778ccfbf1aa1d5fd7ab2a489.jpg,1,1,1.0,0.273,0.007,0.073,3.066,1.535,33.399,0.325,39.243
FireSmokeVideoNEW44_f4_jpg.rf.50365b4aea4174a756f3a56fcd6fef37.jpg,1,1,1.0,0.258,0.006,0.072,2.963,1.188,29.232,0.345,34.563
FireSmokeVideoNEW44_f6_jpg.rf.2d73e91d9b13ec8a2435bae47319d708.jpg,1,1,1.0,0.279,0.006,0.078,3.549,1.254,32.984,0.284,38.845
FireSmokeVideoNEW44_f8_jpg.rf.95a1c81618934dd120a2b651a50fac00.jpg,1,1,1.0,0.232,0.005,0.056,2.835,1.427,20.171,0.317,25.51
FireSmokeVideoNEW47_f40_jpg.rf.5f060801803bc643ec5f695fee43e04f.jpg,1,1,1.0,0.21,0.004,0.05,4.14,1.721,28.806,0.303,35.681
FireSmokeVideoNEW47_f43_jpg.rf.cf493df141371b9522d667079baaa29b.jpg,1,1,1.0,0.25,0.005,0.062,2.667,1.143,34.438,0.363,39.407
FireSmokeVideoNEW49_f11_jpg.rf.5ef9296295f4d96310d8ad6cd7ce240d.jpg,1,1,1.0,0.251,0.006,0.062,6.272,4.609,29.28,0.262,41.244
FireSmokeVideoNEW49_f15_jpg.rf.315f582ceebe30dd42fc7f8cff62b979.jpg,1,1,1.0,0.203,0.004,0.047,2.825,1.082,32.511,0.338,37.475
FireSmokeVideoNEW49_f18_jpg.rf.08625a6c3f2100b04902eabe25650d45.jpg,1,1,0.9992,0.248,0.005,0.066,2.746,1.101,20.339,0.357,25.325
FireSmokeVideoNEW49_f2_jpg.rf.72cea76bc326a10997d80a46a3ce5040.jpg,1,1,1.0,0.257,0.005,0.065,2.499,1.194,23.598,0.334,28.422
FireSmokeVideoNEW49_f31_jpg.rf.b59bbd3f29e6d6b839434a3a209d61a8.jpg,1,1,1.0,0.256,0.005,0.068,5.841,4.429,30.566,0.335,41.978
FireSmokeVideoNEW49_f3_jpg.rf.185decf90ce201424a98f907394f8c41.jpg,1,1,1.0,0.25,0.005,0.065,5.416,6.099,29.123,0.33,41.854
FireSmokeVideoNEW49_f58_jpg.rf.4e365c8a4b1900a66a4213a5eaf063e3.jpg,1,1,1.0,0.268,0.007,0.076,5.847,1.199,29.187,0.314,37.408
FireSmokeVideoNEW49_f6_jpg.rf.11a50cad8492926d357ba9778e6ed649.jpg,1,1,1.0,0.273,0.006,0.074,7.152,7.111,44.009,0.373,59.566
FireSmokeVideoNEW49_f8_jpg.rf.2761b9d61846feba13cac2d062a252f4.jpg,1,1,1.0,0.282,0.006,0.074,7.512,6.072,20.425,0.324,35.178
FireSmokeVideoNEW4_f100_jpg.rf.7ad1d0ad84e3ca0e958dd7071581656a.jpg,1,1,1.0,0.28,0.006,0.074,7.571,6.008,23.771,0.332,38.544
FireSmokeVideoNEW4_f12_jpg.rf.d12325c895ff0c668c6a9eedfd00ba52.jpg,1,1,1.0,0.281,0.006,0.076,3.573,1.135,38.81,0.355,44.719
FireSmokeVideoNEW4_f13_jpg.rf.01a9bf3d024f7529b6e8c2a06a817604.jpg,1,1,1.0,0.249,0.005,0.062,3.33,1.091,20.476,0.327,26.137
FireSmokeVideoNEW4_f15_jpg.rf.3fb8f4b1612aca11f76ffddb8151aa4b.jpg,1,1,1.0,0.261,0.006,0.07,3.533,1.108,23.751,0.307,29.505
FireSmokeVideoNEW4_f165_jpg.rf.4ee0f69baae7ce220e922f215fb6edac.jpg,1,1,1.0,0.265,0.006,0.07,3.069,1.826,27.528,0.3,33.545
FireSmokeVideoNEW4_f221_jpg.rf.88b5d675e9d564b0b24ab37bd0fcf432.jpg,1,1,1.0,0.263,0.005,0.074,3.268,1.14,45.341,0.357,51.039
FireSmokeVideoNEW4_f223_jpg.rf.12dd131ba3912381ce3626066fe68f66.jpg,1,1,1.0,0.262,0.007,0.075,7.645,5.951,20.547,0.391,35.374
FireSmokeVideoNEW4_f239_jpg.rf.29ab8fba092fed08b3ebd8790066b5ee.jpg,1,1,1.0,0.266,0.006,0.072,6.894,7.114,23.746,0.358,38.988
FireSmokeVideoNEW4_f70_jpg.rf.0ec10a95d83c76b8700d0fb944968dee.jpg,1,1,1.0,0.286,0.006,0.08,3.018,1.213,29.109,0.348,34.694
FireSmokeVideoNEW4_f84_jpg.rf.247fd431e9365939a31d6aef5a7ac968.jpg,1,1,1.0,0.211,0.004,0.05,2.223,2.212,33.682,0.364,39.24
FireSmokeVideoNEW50_f10_jpg.rf.d3646ae84ac48a36362c6a6dd009147f.jpg,1,1,1.0,0.261,0.005,0.071,5.005,1.283,20.375,0.323,27.825
FireSmokeVideoNEW50_f2_jpg.rf.bc12bfdd4a1f9c0b86e8552fd512e758.jpg,1,1,1.0,0.268,0.005,0.072,4.238,1.675,26.796,0.326,33.888
FireSmokeVideoNEW50_f5_jpg.rf.3029f1d118e09c470767a7e262ca607e.jpg,1,1,1.0,0.264,0.006,0.07,4.04,1.97,27.591,0.346,34.809
FireSmokeVideoNEW50_f63_jpg.rf.d6b79638d748b7db365c164660df69d5.jpg,1,1,1.0,0.257,0.005,0.07,4.527,1.484,33.087,0.316,40.243
FireSmokeVideoNEW50_f67_jpg.rf.9e7991ed3b82ce54f2a2d9586f9faf4b.jpg,1,1,1.0,0.27,0.006,0.074,4.585,1.23,29.199,0.3,36.17
FireSmokeVideoNEW50_f7_jpg.rf.19d6efa8c83f194ffb376a4a92f4f6f7.jpg,1,1,1.0,0.265,0.006,0.072,3.931,1.213,33.121,0.313,39.511
FireSmokeVideoNEW51_f17_jpg.rf.9f7842f199026aea160bdeb040f718d8.jpg,1,1,1.0,0.264,0.006,0.07,2.762,1.141,20.314,0.319,25.372
FireSmokeVideoNEW51_f20_jpg.rf.7081febf27c70a1048a3dd6929c35be7.jpg,1,1,1.0,0.268,0.006,0.073,3.054,1.468,26.871,0.319,32.468
FireSmokeVideoNEW51_f28_jpg.rf.48cfd45dadc8564becc83f554de68fd7.jpg,1,1,1.0,0.273,0.006,0.075,6.345,1.113,26.764,0.316,35.381
FireSmokeVideoNEW51_f31_jpg.rf.b1fce11800be6ffe6220fbc9ebfd115a.jpg,1,1,1.0,0.275,0.006,0.076,2.854,3.645,30.971,0.315,38.561
FireSmokeVideoNEW51_f38_jpg.rf.a0c590f3d00cd2d603a5da732c52f004.jpg,1,1,1.0,0.287,0.006,0.079,7.196,7.917,42.56,0.356,59.027
FireSmokeVideoNEW51_f45_jpg.rf.e8857c8dc3aeb5fa4a28b021cacadfc9.jpg,1,1,1.0,0.279,0.006,0.078,7.23,5.033,29.24,0.371,42.727
FireSmokeVideoNEW52_f117_jpg.rf.4c2486100b798b321e83516cabc9b952.jpg,1,1,1.0,0.277,0.006,0.078,3.239,1.222,29.105,0.352,34.805
FireSmokeVideoNEW52_f25_jpg.rf.70fc20b927b70fdef1c6b38b0bd91294.jpg,1,1,1.0,0.26,0.006,0.069,2.811,1.174,40.34,0.36,45.52
FireSmokeVideoNEW52_f27_jpg.rf.8ca5ff396c7c6b4e7b3c6caa73dd58c5.jpg,1,1,1.0,0.205,0.005,0.046,3.056,1.183,29.256,0.395,34.661
FireSmokeVideoNEW52_f48_jpg.rf.110f8a1d937dabd86246058d3abe0334.jpg,1,1,0.9983,0.302,0.007,0.08,7.467,4.89,29.106,0.327,42.654
FireSmokeVideoNEW52_f56_jpg.rf.4cfea41c17ca8e75d0a847bc08a45843.jpg,1,1,1.0,0.278,0.006,0.076,5.939,1.236,29.233,0.323,37.655
FireSmokeVideoNEW52_f73_jpg.rf.42f03c3bd3633b39a37dbfa5012e3be6.jpg,1,1,0.9995,0.29,0.006,0.077,8.927,6.061,30.176,0.384,46.396
FireSmokeVideoNEW52_f86_jpg.rf.059741169bf547d1257c50b3c141b680.jpg,1,1,1.0,0.265,0.006,0.072,3.446,1.063,29.086,0.305,34.701
FireSmokeVideoNEW55_f115_jpg.rf.d1ae9b75ffb1fc11f07252ac292e6431.jpg,1,1,1.0,0.251,0.006,0.067,3.455,1.23,33.144,0.302,38.923
FireSmokeVideoNEW55_f152_jpg.rf.b66429422c18048f82abc66f57384df3.jpg,1,1,1.0,0.245,0.005,0.065,2.826,1.081,29.006,0.306,33.991
FireSmokeVideoNEW55_f154_jpg.rf.74673752682094de5a6b34378ff0e89b.jpg,1,1,1.0,0.259,0.006,0.064,7.252,1.118,33.237,0.331,42.704
FireSmokeVideoNEW55_f25_jpg.rf.b8f388962343ad7c62262e3120adfef6.jpg,1,1,1.0,0.275,0.006,0.076,3.362,1.133,29.231,0.322,34.906
FireSmokeVideoNEW55_f33_jpg.rf.6dfe5220f8b8395651f23aab7782d716.jpg,1,1,1.0,0.273,0.006,0.074,2.748,1.118,33.312,0.331,38.335
FireSmokeVideoNEW55_f35_jpg.rf.b1ba09ffc4711f7e00d1f2f9040ed460.jpg,1,1,1.0,0.323,0.007,0.074,2.962,1.207,29.281,0.374,34.719
FireSmokeVideoNEW55_f39_jpg.rf.bda21bfaa7b58bf9e44f57e04a068571.jpg,1,1,1.0,0.277,0.006,0.075,3.171,1.125,33.379,0.346,38.858
FireSmokeVideoNEW55_f50_jpg.rf.7e57e6c280e07b130928e7b766f59d72.jpg,1,1,1.0,0.273,0.007,0.077,3.387,1.538,29.123,0.329,35.24
FireSmokeVideoNEW55_f64_jpg.rf.8ddb32c3be6ac4b80833b38834ad0018.jpg,1,1,1.0,0.272,0.006,0.074,3.64,1.823,29.341,0.324,35.972
FireSmokeVideoNEW55_f66_jpg.rf.1d537844825b5588928eb942a09d8b55.jpg,1,1,1.0,0.278,0.007,0.077,8.021,6.074,46.99,0.365,62.327
FireSmokeVideoNEW55_f72_jpg.rf.9f614fd81f654f89a0f07ee8c0bf03c0.jpg,1,1,1.0,0.272,0.006,0.077,8.951,6.242,29.587,0.34,46.049
FireSmokeVideoNEW55_f74_jpg.rf.353677df9beecc811dd207738524b80a.jpg,1,1,1.0,0.278,0.007,0.076,6.721,1.176,29.409,0.326,38.586
FireSmokeVideoNEW55_f90_jpg.rf.eaac7ac5a298d9e3c459041ceaf40eef.jpg,1,1,1.0,0.272,0.006,0.076,3.587,1.148,38.135,0.371,44.082
FireSmokeVideoNEW55_f93_jpg.rf.3d60ab78d80b5cba8cadfcfe07d71f34.jpg,1,1,1.0,0.279,0.006,0.075,3.137,1.58,29.378,0.327,35.301
FireSmokeVideoNEW55_f99_jpg.rf.2e8135bbbea4c4f8608077c3d23b9b79.jpg,1,1,1.0,0.28,0.006,0.075,4.596,1.189,33.347,0.327,40.323
FireSmokeVideoNEW58_f10_jpg.rf.34642e8d6104c2cf111d96077f69f349.jpg,1,1,1.0,0.276,0.006,0.074,2.824,1.302,29.178,0.326,34.569
FireSmokeVideoNEW58_f23_jpg.rf.7aa1922cfe5c0a987bc27e57c9cdee43.jpg,1,1,1.0,0.297,0.007,0.173,8.99,5.077,31.048,0.332,46.381
FireSmokeVideoNEW58_f25_jpg.rf.d2ede85b72b2e3e02c208a61074c897d.jpg,1,1,1.0,0.307,0.007,0.076,4.462,1.106,20.387,0.327,27.146
FireSmokeVideoNEW58_f2_jpg.rf.03e2a75bb1afb651cd8cf3315930f183.jpg,1,1,1.0,0.269,0.006,0.073,2.785,1.485,33.371,0.336,38.793
FireSmokeVideoNEW58_f7_jpg.rf.ca1e260c76e65133a009208a47475de2.jpg,1,1,1.0,0.364,0.006,0.07,3.01,1.082,29.339,0.33,34.671
FireSmokeVideoNEW5_f1_jpg.rf.fc8b943c1d95d048b71778ab67928710.jpg,1,1,1.0,0.276,0.006,0.076,3.391,1.163,35.562,0.37,41.381
FireSmokeVideoNEW5_f24_jpg.rf.27b2c054ee3691848ce763832ed16dc3.jpg,1,1,1.0,0.43,0.006,0.075,8.471,6.359,29.325,0.319,45.529
FireSmokeVideoNEW5_f2_jpg.rf.2936e138aa616aa14219f359f8debd81.jpg,1,1,1.0,0.274,0.006,0.072,7.634,7.085,29.475,0.338,45.399
FireSmokeVideoNEW5_f3_jpg.rf.45d4850aa6d9b9bb8f9d3afbc0c6d3a5.jpg,1,1,1.0,0.282,0.006,0.074,8.181,6.47,45.917,0.364,61.794
FireSmokeVideoNEW5_f5_jpg.rf.60be1f9ed53ebbff57a6e62e52522e8e.jpg,1,1,1.0,0.274,0.006,0.076,6.878,5.938,25.845,0.321,39.874
FireSmokeVideoNEW5_f8_jpg.rf.e335bc657b7862165884e0f8e6fa86d2.jpg,1,1,1.0,0.275,0.006,0.075,5.39,1.17,29.15,0.321,36.876
FireSmokeVideoNEW60_f12_jpg.rf.9ee600591abbeb4a4d576b27a8b8534c.jpg,1,1,1.0,0.271,0.006,0.083,7.752,5.711,31.782,0.358,46.489
FireSmokeVideoNEW60_f38_jpg.rf.81f0837c96882d66a37c9c077e080238.jpg,1,1,1.0,0.273,0.007,0.074,6.048,2.554,20.549,0.33,30.321
FireSmokeVideoNEW60_f46_jpg.rf.961c2dcbda93abfb50002758e070b5bf.jpg,1,1,1.0,0.274,0.006,0.076,4.845,6.969,29.242,0.339,42.572
FireSmokeVideoNEW60_f48_jpg.rf.388f14f791f28de8e5b12b7f2c854282.jpg,1,1,1.0,0.278,0.006,0.073,9.019,5.52,29.07,0.334,44.764
FireSmokeVideoNEW60_f51_jpg.rf.2468377187eec51e2eecea3d65330d9f.jpg,1,1,1.0,0.281,0.006,0.078,3.503,1.431,33.322,0.31,39.358
FireSmokeVideoNEW60_f53_jpg.rf.e5daa42d0db75cd635b04588a59731ae.jpg,1,1,1.0,0.267,0.006,0.156,2.873,1.365,29.091,0.311,34.54
FireSmokeVideoNEW60_f55_jpg.rf.e7c05e6be084452e955cb31822b2da71.jpg,1,1,1.0,0.264,0.006,0.074,2.669,1.101,33.011,0.314,37.902
FireSmokeVideoNEW60_f58_jpg.rf.6d1442fd8ba37afa5c47043a5cc629e0.jpg,1,1,1.0,0.263,0.006,0.069,3.098,1.595,29.227,0.339,35.077
FireSmokeVideoNEW60_f5_jpg.rf.aa5a968f6e31f82dcc3487faa9615c6d.jpg,1,1,1.0,0.261,0.006,0.07,3.603,1.129,33.244,0.337,39.127
FireSmokeVideoNEW60_f64_jpg.rf.b96c38426b1e25a56f10f7817118c56a.jpg,1,1,1.0,0.375,0.006,0.076,2.65,1.229,29.154,0.361,34.334
FireSmokeVideoNEW60_f69_jpg.rf.532d6f1cf55d06ded7d5e4243b6535b5.jpg,1,1,1.0,0.275,0.006,0.075,7.82,5.937,29.191,0.322,44.141
FireSmokeVideoNEW60_f70_jpg.rf.865c91bc35778ec0bbe24559b9f2c81d.jpg,1,1,1.0,0.283,0.007,0.074,8.253,6.448,31.069,0.332,47.042
FireSmokeVideoNEW60_f75_jpg.rf.b914a4abfea9b61f512996d147ec0ca3.jpg,1,1,1.0,0.28,0.006,0.076,7.454,6.033,20.463,0.311,35.126
FireSmokeVideoNEW60_f9_jpg.rf.9c8beb518c921372991999ac1c49e40c.jpg,1,1,1.0,0.284,0.006,0.083,8.549,1.446,29.068,0.319,40.272
FireSmokeVideoNEW65_f117_jpg.rf.1bbdd4f95a006a3b6b1f27ef5f536866.jpg,1,1,1.0,0.279,0.005,0.071,3.185,1.495,37.702,0.529,43.779
FireSmokeVideoNEW65_f11_jpg.rf.50cd474bf007c757d8bc138479805020.jpg,1,1,1.0,0.266,0.006,0.072,2.643,1.432,38.758,0.341,44.061
FireSmokeVideoNEW65_f12_jpg.rf.aa5bbc87c3e07da06a59f895f606509f.jpg,1,1,1.0,0.267,0.005,0.074,2.628,1.207,29.077,0.334,34.086
FireSmokeVideoNEW65_f14_jpg.rf.87c95776046ba5dabfc6ff1a147df6bd.jpg,1,1,0.9997,0.272,0.006,0.078,2.835,1.519,29.131,0.365,34.704
FireSmokeVideoNEW65_f1_jpg.rf.c3cc440dc95f4454fc091247861e6caa.jpg,1,1,1.0,0.64,0.007,0.122,10.204,5.542,29.309,0.337,47.195
FireSmokeVideoNEW65_f40_jpg.rf.25e48681a4a80d3e5a7c2d5ef33493ab.jpg,1,1,1.0,0.262,0.006,0.07,4.704,1.532,29.099,0.31,36.472
FireSmokeVideoNEW65_f46_jpg.rf.4217997f473ffe7da24315de5aaece67.jpg,1,1,1.0,0.271,0.006,0.075,2.705,1.141,32.842,0.321,37.894
FireSmokeVideoNEW65_f50_jpg.rf.d61341ea9e88e5ed5acc90a3297a851a.jpg,1,1,1.0,0.282,0.007,0.077,2.597,1.241,30.283,0.422,35.393
FireSmokeVideoNEW65_f5_jpg.rf.3441cd75841d6f97430310c78b39d6fa.jpg,1,1,1.0,0.277,0.006,0.073,2.685,1.105,23.122,0.329,28.12
FireSmokeVideoNEW65_f73_jpg.rf.4766aec0b5f45ce3be112ecf3dd68757.jpg,1,1,1.0,0.277,0.006,0.077,2.817,1.335,29.217,0.368,34.584
FireSmokeVideoNEW65_f79_jpg.rf.713d994f59767ed9bf9a3cd2b5854501.jpg,1,1,1.0,0.277,0.006,0.077,2.747,1.146,33.224,0.323,38.285
FireSmokeVideoNEW65_f88_jpg.rf.95d2b25d237ff418711f21e2e2614bf8.jpg,1,1,1.0,0.274,0.006,0.076,2.762,1.131,44.318,0.358,49.419
FireSmokeVideoNEW66_f14_jpg.rf.482cb0050ef9c8c8a0a968b3943b7694.jpg,1,1,1.0,0.275,0.006,0.076,2.73,1.145,33.266,0.332,38.321
FireSmokeVideoNEW66_f5_jpg.rf.7cb799fabf2d42e0a4f065497d86d27d.jpg,1,1,1.0,0.332,0.007,0.075,2.64,1.24,29.106,0.314,34.194
FireSmokeVideoNEW68_f0_jpg.rf.c6033aa3afcd43addcf5723dc3d55109.jpg,1,1,1.0,0.275,0.005,0.074,2.571,1.248,33.19,0.317,38.161
FireSmokeVideoNEW68_f18_jpg.rf.9d0cd9f0cd43165e76a7e897d52688bc.jpg,1,1,1.0,0.348,0.006,0.077,7.273,1.173,31.146,0.325,40.843
FireSmokeVideoNEW68_f23_jpg.rf.423c2e6022e5b48f02d1d5bd1b4ce56d.jpg,1,1,1.0,0.276,0.006,0.076,2.675,1.233,33.355,0.341,38.445
FireSmokeVideoNEW68_f2_jpg.rf.b0f36b8ac9a557cbc6240b67da533458.jpg,1,1,1.0,0.275,0.006,0.078,2.744,1.137,29.099,0.322,34.158
FireSmokeVideoNEW68_f36_jpg.rf.9ed01aedaae56ff44ba333675646ba74.jpg,1,1,1.0,0.272,0.006,0.072,2.777,1.13,40.481,0.398,45.624
FireSmokeVideoNEW68_f3_jpg.rf.2bb13b31cfa6035877e0e84c4f1b37d0.jpg,1,1,1.0,0.277,0.006,0.077,2.739,1.094,20.525,0.323,25.52
FireSmokeVideoNEW68_f7_jpg.rf.20a675000fe1db7e2751fdfe45ce1a71.jpg,1,1,1.0,0.271,0.007,0.075,2.913,1.124,33.467,0.344,38.687
FireSmokeVideoNEW68_f9_jpg.rf.cadca7ef759f84b188f1561c1cd133ef.jpg,1,1,1.0,0.274,0.006,0.077,2.737,1.13,29.217,0.32,34.253
FireSmokeVideoNEW69_f14_jpg.rf.8564b48b288a119d4cd9a5e80bf10c47.jpg,1,1,0.9999,0.282,0.006,0.079,7.758,7.022,34.545,0.342,50.576
FireSmokeVideoNEW69_f1_jpg.rf.9e44b871ec373d8efeac083f49c5f705.jpg,1,1,1.0,0.279,0.006,0.075,7.691,5.897,20.366,0.372,35.213
FireSmokeVideoNEW69_f22_jpg.rf.862ea9c76eec91567d9221b2a755959d.jpg,1,1,1.0,0.28,0.006,0.079,3.157,1.271,32.897,0.335,38.544
FireSmokeVideoNEW69_f24_jpg.rf.e26bbf96d54ff4c6de836ba7e204c604.jpg,1,1,1.0,0.27,0.006,0.076,2.877,1.159,39.864,0.29,45.066
FireSmokeVideoNEW69_f28_jpg.rf.5954fde5f89bf91ae38eb2261df37169.jpg,1,1,0.9997,0.275,0.006,0.075,2.742,1.287,33.307,0.332,38.555
FireSmokeVideoNEW69_f33_jpg.rf.110cfd07f30bb04df887e4535ddd2a45.jpg,1,1,1.0,0.272,0.006,0.075,3.356,1.125,29.208,0.309,34.865
FireSmokeVideoNEW69_f4_jpg.rf.cef4a8aaba081738c8f28ec5cb491daf.jpg,1,1,1.0,0.379,0.007,0.079,2.706,1.249,32.993,0.336,38.257
FireSmokeVideoNEW69_f8_jpg.rf.753be5b79184e5298e5828093e65739e.jpg,1,1,1.0,0.282,0.006,0.077,8.653,5.96,33.081,0.336,48.994
FireSmokeVideoNEW6_f26_jpg.rf.5fc336666efe2dea8e0559f2c13862d5.jpg,1,0,0.9994,0.282,0.018,0.077,7.76,5.991,29.181,0.315,44.125
FireSmokeVideoNEW71_f1_jpg.rf.595d2b88d2c2f78a56d269ef66bb4297.jpg,1,1,1.0,0.25,0.005,0.065,7.569,5.267,29.747,0.313,43.715
FireSmokeVideoNEW71_f2_jpg.rf.2db0e0efbeb737f7bf96e673cf0dede3.jpg,1,1,1.0,0.268,0.006,0.071,6.402,3.491,29.947,0.338,41.014
FireSmokeVideoNEW71_f4_jpg.rf.d22912ef5fd0628194172fd48f29fe54.jpg,1,1,1.0,0.278,0.006,0.074,4.146,1.268,29.69,0.36,36.676
FireSmokeVideoNEW71_f6_jpg.rf.a50cdf04986e472627204f7ec4b5f5a6.jpg,1,1,1.0,0.26,0.006,0.07,4.995,2.512,31.323,0.319,39.953
FireSmokeVideoNEW72_f11_jpg.rf.ad5313a830b6d7fee0b6c8f0c56061c3.jpg,1,1,1.0,0.296,0.006,0.076,7.403,6.553,32.87,0.553,48.315
FireSmokeVideoNEW72_f13_jpg.rf.d058cce69315377b7eadf9b7398179cb.jpg,1,1,1.0,0.26,0.006,0.072,8.023,5.986,20.409,0.325,35.559
FireSmokeVideoNEW72_f17_jpg.rf.d570def4b06c76e6cd8e89118bff7fc1.jpg,1,1,1.0,0.276,0.007,0.077,6.883,5.924,29.164,0.315,43.149
FireSmokeVideoNEW72_f22_jpg.rf.9619fa123844ddde152c20ddf323bb0d.jpg,1,1,1.0,0.277,0.006,0.076,7.491,6.839,29.345,0.358,44.916
FireSmokeVideoNEW72_f33_jpg.rf.498d88ae9e2e3fb1e7ec250d119eab2f.jpg,1,1,1.0,0.275,0.006,0.076,3.61,0.932,29.414,0.374,35.11
FireSmokeVideoNEW72_f43_jpg.rf.c3616a9cece886241f5d31d681cf3b82.jpg,1,1,1.0,0.272,0.006,0.075,2.717,1.299,33.13,0.346,38.364
FireSmokeVideoNEW72_f49_jpg.rf.fea0e91163420323b138beb4c050855b.jpg,1,1,1.0,0.3,0.005,0.07,2.563,1.208,20.289,0.313,25.227
FireSmokeVideoNEW72_f62_jpg.rf.6edd68c72b3f5912c3f1bf1213e016e0.jpg,1,1,1.0,0.273,0.006,0.073,2.961,1.443,38.901,0.364,44.539
FireSmokeVideoNEW72_f65_jpg.rf.ff3c8aafe556db2e560fe50f230391b3.jpg,1,1,1.0,0.265,0.006,0.071,2.722,1.141,29.084,0.321,34.102
FireSmokeVideoNEW72_f75_jpg.rf.62c9abfdcae23779e7dc701529aaf536.jpg,1,1,1.0,0.266,0.006,0.074,3.253,1.142,33.337,0.327,38.999
FireSmokeVideoNEW72_f7_jpg.rf.7c62522f90506aa1728fe65b914acf7c.jpg,1,1,1.0,0.262,0.006,0.073,2.661,1.141,29.068,0.328,34.14
FireSmokeVideoNEW74_f21_jpg.rf.c0f9fb0f3f221779c24897948f4ec8d7.jpg,1,1,1.0,0.273,0.006,0.076,2.688,1.421,40.837,0.277,46.083
FireSmokeVideoNEW74_f24_jpg.rf.66168d8081eda452714a8c8f07bbdcd8.jpg,1,1,1.0,0.206,0.004,0.048,3.035,1.152,20.53,0.362,25.84
FireSmokeVideoNEW74_f26_jpg.rf.345c458b97028004ad0acae920cae7b6.jpg,1,1,1.0,0.274,0.006,0.075,2.773,1.158,33.174,0.321,38.364
FireSmokeVideoNEW74_f30_jpg.rf.59c54e77e2c7cc4c68af58a2a5390808.jpg,1,1,1.0,0.273,0.006,0.076,2.923,1.167,29.056,0.313,34.448
FireSmokeVideoNEW74_f32_jpg.rf.4ac20702db05eeec56186d73cbca8766.jpg,1,1,1.0,0.276,0.006,0.073,2.717,1.307,39.203,0.379,44.481
FireSmokeVideoNEW74_f34_jpg.rf.d9724abb9bfaa342616f6c01948fea7f.jpg,1,1,1.0,0.276,0.006,0.075,7.539,6.05,29.442,0.32,44.202
FireSmokeVideoNEW74_f36_jpg.rf.fcbb11b2075d8d9f4dbf6e326a0320dc.jpg,1,1,1.0,0.278,0.006,0.174,3.189,1.655,33.051,0.342,39.19
FireSmokeVideoNEW74_f38_jpg.rf.18ff7f74a408a680122d645d40591e9a.jpg,1,1,1.0,0.291,0.006,0.08,3.442,0.955,20.466,0.324,25.96
FireSmokeVideoNEW74_f41_jpg.rf.a6c359519d19b8ed61be5ff17839f197.jpg,1,1,1.0,0.34,0.006,0.076,7.454,7.673,34.704,0.349,51.169
FireSmokeVideoNEW74_f43_jpg.rf.d00bcca3fb8e0a6d10644bc0b3bd41eb.jpg,1,1,1.0,0.274,0.006,0.075,3.442,1.069,29.129,0.363,34.819
FireSmokeVideoNEW74_f47_jpg.rf.015888a3b5629ef1c46d1f31c1046ab6.jpg,1,1,1.0,0.272,0.006,0.077,2.648,1.22,33.279,0.341,38.326
FireSmokeVideoNEW74_f4_jpg.rf.bcdd36ff2e50cd106574eb5718448952.jpg,1,1,1.0,0.355,0.006,0.079,2.661,1.261,29.165,0.366,34.376
FireSmokeVideoNEW74_f53_jpg.rf.5efb2429584d39e2b2a1a49a423fae0c.jpg,1,1,1.0,0.278,0.007,0.074,2.627,1.209,23.219,0.311,28.194
FireSmokeVideoNEW74_f58_jpg.rf.c150e91787c7f8a20f332da7927e8783.jpg,1,1,1.0,0.271,0.006,0.075,2.836,1.092,22.804,0.321,27.875
FireSmokeVideoNEW74_f60_jpg.rf.1cdc02e995445f11a06bb524a8b70053.jpg,1,1,1.0,0.273,0.006,0.122,2.881,1.245,23.662,0.303,28.967
FireSmokeVideoNEW74_f69_jpg.rf.f6ff5cbdf69fb044623d261520936a7d.jpg,1,1,1.0,0.276,0.006,0.075,2.8,1.109,31.046,0.326,36.144
FireSmokeVideoNEW74_f73_jpg.rf.01c8014550eabc4548809852b07c6a92.jpg,1,1,1.0,0.278,0.006,0.074,7.547,5.701,31.106,0.387,45.617
FireSmokeVideoNEW74_f75_jpg.rf.b29efe2ebb2ba867d688a0fb1ee8e0ee.jpg,1,1,1.0,0.277,0.006,0.079,6.522,6.833,29.127,0.314,43.663
FireSmokeVideoNEW76_f13_jpg.rf.48c07cdb4a4555c8fac7eb90799fd407.jpg,1,0,0.7284,0.281,0.006,0.083,6.091,6.071,29.041,0.313,42.38
FireSmokeVideoNEW76_f15_jpg.rf.0ed5839aa46894923b87d6cecba5efbe.jpg,1,0,0.9997,0.283,0.006,0.079,3.717,1.112,47.85,0.369,54.301
FireSmokeVideoNEW76_f17_jpg.rf.89a5b32599f08ff6d6b144b7e61b9712.jpg,1,0,1.0,0.271,0.006,0.121,2.728,1.37,20.408,0.344,25.756
FireSmokeVideoNEW76_f19_jpg.rf.78a45915d1eb907788ababec5310ba76.jpg,1,0,1.0,0.284,0.006,0.078,2.802,1.178,33.975,0.317,39.15
FireSmokeVideoNEW76_f21_jpg.rf.7ff137c89ba1e12c0f41300d976a8900.jpg,1,0,1.0,0.261,0.006,0.072,2.665,1.254,29.054,0.321,34.127
FireSmokeVideoNEW78_f129_jpg.rf.2d444dd2cf9fec590e4affcc70ee39eb.jpg,1,1,1.0,0.319,0.006,0.071,11.631,5.724,31.784,0.333,50.3
FireSmokeVideoNEW79_f11_jpg.rf.25292878eba539325fd867ff672153d7.jpg,1,1,1.0,0.267,0.006,0.074,8.136,1.123,20.342,0.317,30.821
FireSmokeVideoNEW79_f13_jpg.rf.f7e5cad16c5c444d4797fdebaedd9a6a.jpg,1,1,1.0,0.275,0.007,0.073,3.162,5.868,41.974,0.33,52.18
FireSmokeVideoNEW7_f106_jpg.rf.ba3ec205bb89efbbfc64fb46305a6ac0.jpg,1,1,1.0,0.277,0.006,0.074,5.374,1.122,31.784,0.373,39.5
FireSmokeVideoNEW7_f114_jpg.rf.19f7a9cac937c20922db17e7843964c3.jpg,1,1,0.9884,0.281,0.007,0.074,2.717,1.688,33.226,0.331,38.782
FireSmokeVideoNEW7_f40_jpg.rf.8c23940fa961ed65bde2075a96cf7d5a.jpg,1,1,1.0,0.278,0.006,0.074,2.655,4.84,29.424,0.328,38.114
FireSmokeVideoNEW7_f42_jpg.rf.fc01ed3256e4de328cbb887686c3e2b6.jpg,1,1,1.0,0.321,0.006,0.075,5.508,2.584,29.211,0.324,38.533
FireSmokeVideoNEW7_f56_jpg.rf.72eb0b9c179be3b73389cb4ecb2e66f5.jpg,1,1,0.9997,0.382,0.006,0.073,8.794,1.3,31.168,0.336,42.598
FireSmokeVideoNEW7_f69_jpg.rf.1cb69b7fbaee6b6551e64b94bcd6d8a5.jpg,1,1,1.0,0.279,0.006,0.074,2.773,3.615,29.06,0.329,37.485
FireSmokeVideoNEW7_f7_jpg.rf.557a52cc5382677ca0d46f89efc7ed2b.jpg,1,1,0.9999,0.262,0.006,0.07,4.644,1.141,29.78,0.321,36.714
FireSmokeVideoNEW7_f8_jpg.rf.5d0ea556bf5d8f7cd1d58eaa3d1842f2.jpg,1,1,1.0,0.277,0.007,0.076,2.658,2.694,38.231,0.362,44.798
FireSmokeVideoNEW80_f11_jpg.rf.05759433efcacb33d8a26468f7585b99.jpg,1,1,1.0,0.282,0.006,0.075,6.038,1.474,20.527,0.367,29.249
FireSmokeVideoNEW80_f13_jpg.rf.9c6a7629abe648bbcf71629b0d7e505e.jpg,1,1,1.0,0.279,0.006,0.172,2.692,1.114,33.199,0.333,38.739
FireSmokeVideoNEW80_f32_jpg.rf.3b5c0b1ebab68acae862f33e0374b3ec.jpg,1,1,0.9791,0.274,0.007,0.074,5.089,1.184,29.166,0.322,36.97
FireSmokeVideoNEW80_f34_jpg.rf.f1c207f818f1cd217bea5c96f9e9d4ab.jpg,1,1,0.9624,0.284,0.006,0.076,5.053,5.69,31.103,0.332,43.1
FireSmokeVideoNEW80_f41_jpg.rf.bab3cbb40abe405482495f7a75346e8f.jpg,1,1,1.0,0.274,0.006,0.078,3.126,1.095,29.185,0.328,34.551
FireSmokeVideoNEW80_f8_jpg.rf.035ed7478daa45c1e06ab3523c909e64.jpg,1,1,1.0,0.271,0.006,0.073,2.649,1.21,33.24,0.333,38.482
FireSmokeVideoNEW81_f18_jpg.rf.8a4deba38a80b2d33016f55eaa30e25b.jpg,1,1,1.0,0.267,0.006,0.078,3.362,1.136,29.232,0.513,35.082
FireSmokeVideoNEW81_f34_jpg.rf.6faebf94308b689b3be118624121310c.jpg,1,1,0.7549,0.276,0.006,0.076,2.709,1.123,33.301,0.362,38.344
FireSmokeVideoNEW81_f36_jpg.rf.671fb0b8fdcd8370174c641d2b48ecbf.jpg,1,1,1.0,0.277,0.006,0.078,7.737,6.368,29.228,0.305,44.489
FireSmokeVideoNEW81_f38_jpg.rf.227b1e5aee07bc90863b964edb44d457.jpg,1,1,1.0,0.222,0.005,0.053,2.89,1.288,33.202,0.335,38.478
FireSmokeVideoNEW81_f3_jpg.rf.caf4eabc98635fd866eb054ff6b28c89.jpg,1,1,1.0,0.352,0.007,0.077,8.947,7.244,38.641,0.344,56.106
FireSmokeVideoNEW81_f44_jpg.rf.3b4966647e8c86694dc973addf81e4b7.jpg,1,1,1.0,0.257,0.006,0.07,6.4,1.109,22.017,0.323,30.665
FireSmokeVideoNEW81_f4_jpg.rf.1c8e0b53c1a60eeca4a1a87725c6a33b.jpg,1,1,1.0,0.26,0.006,0.071,6.515,1.167,29.17,0.331,38.085
FireSmokeVideoNEW81_f51_jpg.rf.6eed84c90fc84bc339ab94acb5f368d5.jpg,1,0,0.9999,0.281,0.006,0.079,2.893,2.504,32.113,0.364,38.753
FireSmokeVideoNEW81_f5_jpg.rf.8fe51428c042df33ef7056792bac041e.jpg,1,1,1.0,0.209,0.005,0.051,2.961,0.989,29.347,0.31,34.385
FireSmokeVideoNEW81_f61_jpg.rf.8821e2feee7a313a5a0fa06f95aaf907.jpg,1,1,1.0,0.369,0.006,0.077,2.725,1.58,33.209,0.318,38.775
FireSmokeVideoNEW81_f67_jpg.rf.ec30df4bbf4ae496ce1894987521006c.jpg,1,1,1.0,0.259,0.005,0.07,2.828,1.158,20.57,0.347,25.722
FireSmokeVideoNEW81_f74_jpg.rf.81372f8c38cf4dc71f4aaea4c80c4f07.jpg,1,1,1.0,0.265,0.005,0.071,2.801,1.221,33.194,0.357,38.41
FireSmokeVideoNEW81_f93_jpg.rf.ad4fbc63a6dc74e3290ea7a3ec019188.jpg,1,1,1.0,0.207,0.005,0.049,2.243,1.072,29.311,0.291,33.736
FireSmokeVideoNEW82_f15_jpg.rf.e7dc2fa4db618aad84776dd955ef51bc.jpg,1,1,1.0,0.268,0.006,0.071,2.751,1.178,33.248,0.31,38.334
FireSmokeVideoNEW82_f19_jpg.rf.f89ed1457a061c51371208925b37eb5a.jpg,1,1,1.0,0.265,0.006,0.068,3.084,1.626,29.053,0.296,34.906
FireSmokeVideoNEW82_f34_jpg.rf.4dbf9c32786ae8ef9aef2aefc6c30abf.jpg,1,1,1.0,0.269,0.006,0.069,4.768,2.897,37.887,0.369,46.81
FireSmokeVideoNEW82_f53_jpg.rf.72fe99e96a5174851f2a3c7bf8f5b035.jpg,1,1,1.0,0.28,0.006,0.077,4.692,1.35,29.321,0.329,36.641
FireSmokeVideoNEW82_f5_jpg.rf.3c3f9d351bd2f08caf96dd839eb0be35.jpg,1,1,1.0,0.397,0.006,0.078,3.071,3.522,31.118,0.331,39.055
FireSmokeVideoNEW82_f63_jpg.rf.c2b1dde739bef360dd7ed5bb170a3536.jpg,1,1,1.0,0.275,0.006,0.077,7.28,5.992,29.157,0.338,43.623
FireSmokeVideoNEW82_f6_jpg.rf.97cddea8b6f913186557f3cb6b06be31.jpg,1,1,1.0,0.328,0.007,0.083,7.087,6.972,29.583,0.33,44.903
FireSmokeVideoNEW83_f79_jpg.rf.a635ec3ab697f0c8c37fc56fcb4a9d8e.jpg,1,1,1.0,0.272,0.006,0.076,7.142,6.238,29.006,0.327,43.572
FireSmokeVideoNEW83_f83_jpg.rf.7eb47aaaa2195f3b401f0534f4ab8c17.jpg,1,1,1.0,0.281,0.006,0.076,7.351,6.296,29.147,0.313,43.978
FireSmokeVideoNEW84_f11_jpg.rf.331db204725890d7841a0ba5804e1d51.jpg,1,1,1.0,0.28,0.006,0.075,7.42,7.044,45.632,0.39,61.441
FireSmokeVideoNEW84_f17_jpg.rf.f35283a94798dbd36e444f3d83fcc20c.jpg,1,1,1.0,0.273,0.006,0.079,7.496,6.584,29.182,0.333,44.516
FireSmokeVideoNEW84_f22_jpg.rf.57b54d823b56221442b406406ae6fda3.jpg,1,1,0.9999,0.272,0.006,0.077,3.338,1.206,29.177,0.309,34.891
FireSmokeVideoNEW84_f24_jpg.rf.c78709aba0fa619a1522f8a54b5eb33c.jpg,1,1,1.0,0.282,0.006,0.075,3.021,1.178,42.944,0.281,48.304
FireSmokeVideoNEW84_f26_jpg.rf.903f11c42bfe14f9284c7893c731f7fc.jpg,1,1,1.0,0.271,0.006,0.078,2.838,1.189,29.251,0.307,34.454
FireSmokeVideoNEW84_f28_jpg.rf.4a605bea32b958e1f875dc9ae4787c2c.jpg,1,1,1.0,0.281,0.006,0.074,2.935,1.226,33.285,0.331,38.65
FireSmokeVideoNEW84_f30_jpg.rf.b1fa31c3b4b0231160d0fe95a8b2df48.jpg,1,1,1.0,0.272,0.006,0.076,2.778,1.188,29.056,0.325,34.256
FireSmokeVideoNEW84_f40_jpg.rf.99b1a8a40e68bb37b4bcd6210f807577.jpg,1,1,1.0,0.293,0.006,0.077,9.736,6.352,31.818,0.334,49.13
FireSmokeVideoNEW86_f21_jpg.rf.66bfdf3c31cf623a69833f84823419be.jpg,1,1,1.0,0.274,0.006,0.075,3.666,1.134,29.134,0.33,35.107
FireSmokeVideoNEW86_f44_jpg.rf.528671157dc0f3573a31e135eb5c960b.jpg,1,1,1.0,0.277,0.006,0.076,2.627,1.312,33.227,0.329,38.368
FireSmokeVideoNEW86_f59_jpg.rf.ec954c76bba3453c1e3fbed6b0e4126f.jpg,1,1,1.0,0.277,0.006,0.074,2.755,1.134,29.123,0.335,34.19
FireSmokeVideoNEW87_f15_jpg.rf.1df24b2694a7dcd8cdc18a92d098bff5.jpg,1,1,1.0,0.277,0.006,0.077,3.004,1.556,33.288,0.332,39.004
FireSmokeVideoNEW87_f1_jpg.rf.9686a4eb8a357bcb8d6af17613d63b0b.jpg,1,1,0.9974,0.273,0.006,0.077,4.039,1.459,29.137,0.335,35.852
FireSmokeVideoNEW8_f106_jpg.rf.0ada3dacd447a467782cec413e893cbd.jpg,1,1,1.0,0.229,0.005,0.055,3.067,1.091,29.476,0.264,34.626
FireSmokeVideoNEW8_f108_jpg.rf.3e1a309d0492fd214dd909126405217a.jpg,1,1,1.0,0.218,0.004,0.054,4.698,1.042,31.047,0.315,37.816
FireSmokeVideoNEW8_f114_jpg.rf.659a33156ff972aabe16784a1005087a.jpg,1,1,1.0,0.234,0.005,0.059,2.417,1.043,33.251,0.297,37.772
FireSmokeVideoNEW8_f123_jpg.rf.599b8235aadea7fc1ce0bb31909d7f19.jpg,1,1,1.0,0.241,0.005,0.062,3.158,2.097,20.348,0.281,26.657
FireSmokeVideoNEW8_f136_jpg.rf.4393095b0e129a87566a93dfcd0319b9.jpg,1,1,1.0,0.25,0.005,0.066,2.803,1.058,28.452,0.297,33.371
FireSmokeVideoNEW8_f13_jpg.rf.62679b6bf5d5334bc0142f60ef4f0eff.jpg,1,1,1.0,0.255,0.005,0.068,3.962,6.866,31.395,0.327,43.45
FireSmokeVideoNEW8_f15_jpg.rf.2c2fab259f891543bdd6f1a6e3574bd7.jpg,1,1,1.0,0.272,0.006,0.073,4.847,1.074,29.044,0.308,36.158
FireSmokeVideoNEW8_f34_jpg.rf.7412b450156c86fc3387c7c84eeceda0.jpg,1,1,1.0,0.275,0.006,0.073,3.316,1.136,29.022,0.345,34.659
FireSmokeVideoNEW8_f37_jpg.rf.dc011763a3b94f5a5e29aeb3ba4596a0.jpg,1,1,1.0,0.28,0.006,0.074,2.766,1.108,36.125,0.332,41.202
FireSmokeVideoNEW8_f41_jpg.rf.6de16dc442177d80361115c514c890b6.jpg,1,1,1.0,0.271,0.007,0.075,3.433,1.381,20.455,0.312,26.429
FireSmokeVideoNEW8_f81_jpg.rf.f56584d054d798df76424b80b3bfdd84.jpg,1,1,1.0,0.273,0.006,0.128,3.987,1.166,29.05,0.308,35.434
FireSmokeVideoNEW8_f88_jpg.rf.39192ee49f07e11498a78bff1aacc512.jpg,1,1,1.0,0.275,0.006,0.072,3.383,1.463,33.124,0.331,39.203
FireSmokeVideoNEW8_f91_jpg.rf.4392a67e91341fcfd786ecdcae1640a0.jpg,1,1,1.0,0.274,0.006,0.071,3.077,1.265,36.762,0.326,42.262
FireSmokeVideoNEW8_f97_jpg.rf.641d276457e76b7aecb1d4383a65b4a3.jpg,1,1,1.0,0.272,0.006,0.073,2.875,1.13,29.198,0.313,34.398
FireSmokeVideoNEW90_f17_jpg.rf.c8ccb79fa9c2c104c44cca93d5de21de.jpg,1,1,1.0,0.276,0.006,0.074,3.11,1.143,33.246,0.309,38.673
FireSmokeVideoNEW90_f19_jpg.rf.613de41d6647cd63a2b9fe063c105ce9.jpg,1,1,1.0,0.27,0.006,0.073,3.142,1.112,29.057,0.401,34.535
FireSmokeVideoNEW90_f27_jpg.rf.2c40784cb40c7c2cef427bbb81a7c391.jpg,1,1,1.0,0.344,0.006,0.073,7.79,1.157,29.525,0.332,40.061
FireSmokeVideoNEW90_f6_jpg.rf.c10be0b48cd321d5a8a2a5dc3f553d3f.jpg,1,1,1.0,0.276,0.006,0.075,3.077,1.491,20.286,0.322,25.983
FireSmokeVideoNEW93_f0_jpg.rf.ecd538ef73aa82fe82414b73f93480d0.jpg,1,1,1.0,0.273,0.006,0.075,2.877,1.126,42.284,0.318,47.553
FireSmokeVideoNEW93_f16_jpg.rf.50e2056869bf72284714d466abcc3b71.jpg,1,1,0.9969,0.259,0.006,0.072,2.997,1.238,30.316,0.316,35.698
FireSmokeVideoNEW93_f18_jpg.rf.4bc8731fed1d0bf7fd60efdcedb231c3.jpg,1,1,0.9999,0.262,0.006,0.07,2.893,1.117,33.124,0.309,38.336
FireSmokeVideoNEW93_f29_jpg.rf.c7408f86cfc41eb503e26760771051c0.jpg,1,1,1.0,0.267,0.005,0.071,2.917,1.462,20.248,0.292,25.705
FireSmokeVideoNEW93_f30_jpg.rf.764d70fe8c4c3ae0ff9d8cf21ee12043.jpg,1,1,1.0,0.251,0.006,0.066,2.678,1.212,33.177,0.339,38.19
FireSmokeVideoNEW93_f32_jpg.rf.cdd491ec773c398ae162b8b88947407c.jpg,1,1,1.0,0.248,0.006,0.119,2.563,1.065,36.984,0.333,41.915
FireSmokeVideoNEW93_f35_jpg.rf.831bfa9e004cf24662687b26f9fc7bbc.jpg,1,1,1.0,0.251,0.005,0.065,2.684,1.903,29.394,0.358,35.21
FireSmokeVideoNEW93_f37_jpg.rf.43b0fc2c5a8f5b9e415acf2eb0a44e8f.jpg,1,1,1.0,0.278,0.005,0.073,2.629,1.364,33.505,0.332,38.69
FireSmokeVideoNEW93_f3_jpg.rf.74a94968f2fa218b63e4e3cc7c1237ed.jpg,1,1,1.0,0.26,0.007,0.074,3.431,1.688,29.348,0.332,35.68
FireSmokeVideoNEW93_f45_jpg.rf.7bbe8f6ef0640bd95f084b3308535460.jpg,1,1,1.0,0.281,0.007,0.073,8.119,10.12,35.819,0.335,55.219
FireSmokeVideoNEW93_f48_jpg.rf.68441a36977d0c1b506d13bb4bc73be3.jpg,1,1,1.0,0.285,0.006,0.076,7.474,6.239,29.152,0.327,44.075
FireSmokeVideoNEW93_f4_jpg.rf.983a14d28244c467fc317111087e628f.jpg,1,1,0.9999,0.271,0.006,0.074,5.84,3.996,29.265,0.323,40.313
FireSmokeVideoNEW93_f55_jpg.rf.a2c30d3a32c20b99db2b4c3ac0b4297e.jpg,1,1,1.0,0.275,0.006,0.076,8.788,6.022,41.638,0.353,57.665
FireSmokeVideoNEW93_f5_jpg.rf.761ac75e0e1983c5da2f88ea0d3fc8de.jpg,1,1,0.9999,0.278,0.006,0.077,9.607,6.158,20.442,0.334,37.39
FireSmokeVideoNEW93_f67_jpg.rf.3a5cd480f12a38d7997e5fbc779cac82.jpg,1,1,1.0,0.279,0.006,0.079,7.384,6.045,29.087,0.33,43.711
FireSmokeVideoNEW93_f6_jpg.rf.26bfc3792d1663a194ceffc2c8742ee3.jpg,1,1,1.0,0.272,0.006,0.072,8.335,4.449,29.345,0.367,43.349
FireSmokeVideoNEW93_f71_jpg.rf.4ccc78c6d53dfcac78d807fa7e564346.jpg,1,1,1.0,0.201,0.004,0.048,4.516,1.393,20.334,0.311,27.253
FireSmokeVideoNEW93_f73_jpg.rf.e4178d797313f2f5fbf1d60a9ec4becf.jpg,1,1,1.0,0.264,0.006,0.072,3.133,1.126,25.688,0.287,31.105
FireSmokeVideoNEW93_f75_jpg.rf.7e4dcddadd2cc56f63bd162c9e15f181.jpg,1,1,1.0,0.24,0.005,0.061,3.965,1.379,29.03,0.309,35.478
FireSmokeVideoNEW98_f3_jpg.rf.f7b81ad20d48fc774206f313091cb551.jpg,1,1,0.9999,0.212,0.004,0.047,2.224,0.966,30.861,0.249,35.002
FireSmokeVideoNEW98_f5_jpg.rf.81e8bb5998c4a94c0bc81f47fe363e0f.jpg,1,1,0.9996,0.205,0.004,0.048,2.207,0.996,33.039,0.261,37.209
FireSmokeVideoNEW9_f11_jpg.rf.d5937d6ad8240f9ec038085c0ceb8116.jpg,1,1,1.0,0.209,0.004,0.049,2.939,1.324,28.856,0.25,34.052
FireSmokeVideoNEW9_f18_jpg.rf.2987b1993f73055255ede2bb3de4c4c5.jpg,1,1,1.0,0.228,0.005,0.054,2.584,1.081,29.02,0.333,33.74
FireSmokeVideoNEW9_f20_jpg.rf.5af8728a36cbd1faa62b96370aff11b5.jpg,1,1,1.0,0.239,0.006,0.058,7.331,6.156,44.08,0.345,58.694
FireSmokeVideoNEW9_f22_jpg.rf.6335b077c393e21870b6c640818558e1.jpg,1,1,1.0,0.26,0.006,0.07,4.08,1.59,20.265,0.326,27.07
FireSmokeVideoNEW9_f26_jpg.rf.1df57b6fa3760b22e321f67fe0be8ef8.jpg,1,1,1.0,0.287,0.006,0.075,3.444,1.518,29.062,0.312,35.185
FireSmokeVideoNEW104_f0_jpg.rf.f38941ca7b50a50f4987ff402c110609.jpg,0,0,0.9988,0.262,0.006,0.068,5.755,1.23,29.173,0.37,37.369
FireSmokeVideoNEW104_f1_jpg.rf.63e1607e8da00040abe9170af6dc35cd.jpg,0,0,0.9938,0.277,0.006,0.07,11.85,6.268,29.317,0.332,48.621
FireSmokeVideoNEW104_f6_jpg.rf.1394a9059fb32e73077faeb60a5ba873.jpg,0,0,1.0,0.276,0.006,0.075,7.919,1.452,29.153,0.333,39.749
FireSmokeVideoNEW105_f1_jpg.rf.064a4c0288a48a850beea550023fdbc6.jpg,0,0,1.0,0.269,0.006,0.072,5.685,2.071,28.987,0.322,37.923
FireSmokeVideoNEW105_f3_jpg.rf.11af0b8aa7e5a605a91b49b09e093199.jpg,0,0,0.9806,0.269,0.006,0.068,6.156,1.296,39.21,0.632,48.189
FireSmokeVideoNEW107_f37_jpg.rf.cc8301bfc1e2fc3b2b79e44f0ac98929.jpg,0,0,1.0,0.263,0.005,0.066,6.026,1.253,29.353,0.317,37.804
FireSmokeVideoNEW107_f41_jpg.rf.de58aa9a22208465e73ae05ac3193d98.jpg,0,0,1.0,0.266,0.006,0.065,5.828,1.439,29.053,0.385,37.553
FireSmokeVideoNEW107_f43_jpg.rf.1f46ccd61ccc8ce83db35d711ecb4bea.jpg,0,0,1.0,0.272,0.006,0.067,6.635,5.521,29.293,0.361,43.06
FireSmokeVideoNEW107_f46_jpg.rf.556c3237893e435eaa208f88990e9ef1.jpg,0,0,1.0,0.548,0.006,0.068,11.227,6.043,29.435,0.48,48.329
FireSmokeVideoNEW107_f54_jpg.rf.4644d9c2b2c6d3fee105f2ef82fd4998.jpg,0,0,0.9989,0.273,0.006,0.073,5.637,1.222,29.12,0.33,37.211
FireSmokeVideoNEW107_f57_jpg.rf.fae2a73f41a575268f85d3111d7b2c92.jpg,0,0,0.9984,0.325,0.006,0.07,5.549,1.17,33.318,0.343,41.281
FireSmokeVideoNEW107_f59_jpg.rf.026bbe8626b5578d93329b2db4fa9402.jpg,0,0,0.9803,0.263,0.006,0.069,10.809,6.92,38.515,0.403,57.502
FireSmokeVideoNEW107_f64_jpg.rf.244f9975df3feacfa28ff036a6fafc53.jpg,0,0,1.0,0.286,0.007,0.075,6.859,1.298,29.137,0.328,38.514
FireSmokeVideoNEW107_f67_jpg.rf.c49f54560d495c9598599c65ad340067.jpg,0,0,1.0,0.283,0.007,0.074,5.449,1.921,33.363,0.342,41.97
FireSmokeVideoNEW107_f72_jpg.rf.499f047f2f4b0bda75d65908e53370de.jpg,0,0,1.0,0.276,0.006,0.074,5.592,1.342,31.419,0.723,39.965
FireSmokeVideoNEW107_f86_jpg.rf.777704182a6a80b6411e9aff725043d0.jpg,0,0,0.9203,0.358,0.005,0.072,5.309,1.193,23.278,0.331,31.043
FireSmokeVideoNEW108_f36_jpg.rf.dcefdeb0de8b64832e93a6b99de7289b.jpg,0,0,1.0,0.288,0.006,0.085,5.345,1.184,29.063,0.316,36.791
FireSmokeVideoNEW109_f67_jpg.rf.57eaca20b02c349d304b37f08712ab9e.jpg,0,0,0.9646,0.276,0.006,0.131,5.508,1.252,33.14,0.336,41.153
FireSmokeVideoNEW10_f12_jpg.rf.2eae48f630c1c0193e2ef4cb4e6f4ff6.jpg,0,0,1.0,0.264,0.005,0.068,10.525,6.919,26.554,0.347,45.997
FireSmokeVideoNEW10_f14_jpg.rf.0cea4ec15ad93560e37aedc69c33eff3.jpg,0,0,1.0,0.281,0.006,0.075,5.993,3.546,29.16,0.332,40.976
FireSmokeVideoNEW10_f16_jpg.rf.31696eae6e003edea279b761b4390075.jpg,0,0,1.0,0.28,0.006,0.075,10.517,3.111,29.102,0.326,43.902
FireSmokeVideoNEW10_f20_jpg.rf.4f1c66d77047ae6e5bad70288ada6868.jpg,0,0,1.0,0.293,0.006,0.074,5.458,1.453,33.365,0.405,41.583
FireSmokeVideoNEW10_f9_jpg.rf.964fd783f3c44e3cf484cb44c5e7eb3a.jpg,0,0,1.0,0.228,0.004,0.208,5.147,1.244,29.415,0.333,37.073
FireSmokeVideoNEW110_f70_jpg.rf.7cb92ca6cc4d4ad99fac463a2e4b1f69.jpg,0,0,1.0,0.272,0.006,0.073,5.213,1.233,33.167,0.349,40.862
FireSmokeVideoNEW110_f72_jpg.rf.942ec348686624217e65325d78ad6d79.jpg,0,0,1.0,0.269,0.006,0.071,6.18,1.376,20.499,0.393,29.306
FireSmokeVideoNEW111_f61_jpg.rf.958fb3f1ca3de1a388d09ff31d3492cb.jpg,0,0,1.0,0.286,0.006,0.077,11.744,6.006,43.373,0.367,62.519
FireSmokeVideoNEW111_f63_jpg.rf.87908f4f677900101a4389b753e25d14.jpg,0,0,1.0,0.274,0.007,0.075,8.987,5.965,20.334,0.327,36.463
FireSmokeVideoNEW113_f0_jpg.rf.64ad130f3afce40d98d717526b192d24.jpg,0,0,0.8853,0.28,0.006,0.072,9.515,5.615,29.324,0.328,45.672
FireSmokeVideoNEW113_f14_jpg.rf.e80870bda9d84eb83bdd360a959ee02f.jpg,0,0,0.8038,0.365,0.006,0.076,9.203,7.497,43.02,0.385,61.049
FireSmokeVideoNEW113_f1_jpg.rf.e426bd569f3a8f2c8c073936261c666f.jpg,0,0,0.9102,0.35,0.006,0.076,7.286,5.933,29.172,0.331,43.672
FireSmokeVideoNEW113_f23_jpg.rf.deabb7e1e724b4345d1e7951e202ea44.jpg,0,0,1.0,0.275,0.006,0.074,8.633,1.764,29.161,0.332,40.769
FireSmokeVideoNEW113_f34_jpg.rf.e84c48b0432893e05397860d769ff647.jpg,0,0,1.0,0.276,0.006,0.072,9.569,6.195,47.495,0.362,64.535
FireSmokeVideoNEW113_f38_jpg.rf.d3f2132888b62bc6d7ad266bdb6ad6bc.jpg,0,0,1.0,0.275,0.007,0.074,6.408,1.194,20.376,0.377,29.209
FireSmokeVideoNEW113_f3_jpg.rf.82bb90bd3d0267d8e6045820916cd565.jpg,0,0,0.8771,0.277,0.006,0.071,9.001,5.961,29.188,0.316,45.338
FireSmokeVideoNEW113_f41_jpg.rf.479a0376f42c153bc784faf91e059bf6.jpg,0,0,1.0,0.285,0.007,0.071,9.531,6.153,44.015,0.377,61.007
FireSmokeVideoNEW113_f43_jpg.rf.c97f0efc50fc406abeef5751198b195d.jpg,0,0,1.0,0.275,0.006,0.073,7.04,5.993,20.382,0.335,34.623
FireSmokeVideoNEW113_f47_jpg.rf.b7c82296e081c18e509ed765e11cf527.jpg,0,0,1.0,0.353,0.007,0.077,8.962,6.012,29.165,0.328,45.414
FireSmokeVideoNEW113_f49_jpg.rf.e97df0162836b03c72aae5d219f19846.jpg,0,1,0.9997,0.283,0.006,0.074,6.339,2.773,37.696,0.37,48.065
FireSmokeVideoNEW113_f50_jpg.rf.af1411ee4d7f972917db27496a3d28c6.jpg,0,1,0.9998,0.274,0.006,0.074,5.86,1.174,20.463,0.32,28.673
FireSmokeVideoNEW113_f57_jpg.rf.367d116711c51593db8d52d878bcd9cf.jpg,0,1,0.9994,0.28,0.007,0.072,5.815,1.205,33.237,0.326,41.464
FireSmokeVideoNEW113_f5_jpg.rf.56e7a8fe3f1996fa4f5b425d869ef58c.jpg,0,0,0.8631,0.273,0.006,0.074,10.099,6.044,38.365,0.412,55.783
FireSmokeVideoNEW114_f1_jpg.rf.cf044e592fb83b50e048cce22f4e9e6a.jpg,0,0,0.9995,0.288,0.004,0.047,6.426,6.854,29.297,0.328,43.743
FireSmokeVideoNEW114_f23_jpg.rf.3366618b5cd0b38698a5549e35f37769.jpg,0,0,1.0,0.261,0.006,0.069,7.645,1.254,29.132,0.334,39.268
FireSmokeVideoNEW114_f33_jpg.rf.438eae9e97228cbe711b15eed9716f40.jpg,0,0,1.0,0.281,0.006,0.074,6.356,6.331,29.232,0.337,43.186
FireSmokeVideoNEW114_f52_jpg.rf.3ef8a0e9a642bcee584f57e450499ee9.jpg,0,0,1.0,0.284,0.006,0.075,8.72,6.477,46.301,0.365,62.784
FireSmokeVideoNEW114_f63_jpg.rf.0018c16b62a065ab98bbae501ef249d1.jpg,0,0,1.0,0.284,0.006,0.075,9.806,5.898,29.343,0.339,46.271
FireSmokeVideoNEW114_f78_jpg.rf.60c9ec22b30b533e55007538edd2cd0a.jpg,0,0,1.0,0.277,0.007,0.072,8.88,5.967,29.068,0.34,45.127
FireSmokeVideoNEW123_f86_jpg.rf.99d60f8b84aaf644e4ab3eb9004e6457.jpg,0,0,1.0,0.287,0.006,0.075,9.963,6.525,42.412,0.357,60.224
FireSmokeVideoNEW131_f29_jpg.rf.a3a4ab64b1971b295c5093754ce6f3eb.jpg,0,0,0.9988,0.271,0.006,0.074,6.225,1.445,20.282,0.316,29.13
FireSmokeVideoNEW133_f0_jpg.rf.18731e698dcb15c89fe9d9a7fa357187.jpg,0,0,0.9996,0.278,0.006,0.078,6.145,3.36,31.219,0.328,41.913
FireSmokeVideoNEW133_f14_jpg.rf.c0ef040277238c405f94c45269640413.jpg,0,0,1.0,0.268,0.006,0.072,6.401,1.325,39.777,0.286,48.671
FireSmokeVideoNEW133_f16_jpg.rf.675b515ca2741a0eab5600d3b6b8ec37.jpg,0,0,1.0,0.281,0.006,0.071,8.542,6.788,29.117,0.388,45.662
FireSmokeVideoNEW133_f1_jpg.rf.e08148c34f177fdfc0855076800bfcc2.jpg,0,0,0.9997,0.263,0.006,0.069,6.251,1.507,29.212,0.323,38.162
FireSmokeVideoNEW133_f21_jpg.rf.89cf1761a3a8f737819224e48be710eb.jpg,0,0,1.0,0.283,0.006,0.072,5.988,1.618,33.298,0.324,42.131
FireSmokeVideoNEW133_f24_jpg.rf.7a96dbf3abbf336117a803fd29880d72.jpg,0,0,1.0,0.274,0.006,0.072,10.563,1.694,30.602,0.332,44.044
FireSmokeVideoNEW133_f26_jpg.rf.4c8adf184421836917a99f3244a2e8b1.jpg,0,0,1.0,0.272,0.006,0.074,5.647,1.767,33.196,0.32,41.789
FireSmokeVideoNEW133_f28_jpg.rf.9be526a6cd44573e70c5e324f97f07e8.jpg,0,0,1.0,0.265,0.006,0.069,5.451,1.209,29.136,0.377,37.028
FireSmokeVideoNEW133_f30_jpg.rf.7a61a8452694df4e1b8eb7f76edd6206.jpg,0,0,1.0,0.266,0.006,0.068,5.247,1.694,34.13,0.378,42.304
FireSmokeVideoNEW133_f35_jpg.rf.32a41bc0e615129339748a31e63c31b8.jpg,0,0,1.0,0.201,0.005,0.043,6.348,3.327,20.814,0.327,31.563
FireSmokeVideoNEW133_f45_jpg.rf.bf0fa4a99b1351103ce59df4271296f6.jpg,0,0,0.9448,0.279,0.006,0.075,10.072,6.147,29.345,0.371,46.804
FireSmokeVideoNEW133_f47_jpg.rf.7e6771aa04cd95731ed20a2a0887b600.jpg,0,0,0.7955,0.272,0.006,0.072,10.034,1.297,29.052,0.339,41.574
FireSmokeVideoNEW133_f52_jpg.rf.a9287d410aca47cb65187bb40b99489f.jpg,0,0,0.9739,0.282,0.006,0.075,5.712,2.474,48.579,0.347,57.995
FireSmokeVideoNEW133_f54_jpg.rf.de6a5526bf8e4c304c24aa01a61a0691.jpg,0,0,0.9929,0.283,0.006,0.074,9.495,1.16,29.374,0.325,41.196
FireSmokeVideoNEW133_f60_jpg.rf.a1a3fc738a9ffd65b6bd91b2d4a2a7ba.jpg,0,0,0.8267,0.276,0.006,0.073,5.3,1.157,33.211,0.315,40.92
FireSmokeVideoNEW133_f65_jpg.rf.19a6259c062255ee2fcaf9ce8237cdc9.jpg,0,0,0.9961,0.264,0.006,0.072,10.142,6.009,33.046,0.352,50.406
FireSmokeVideoNEW133_f6_jpg.rf.3bb32108cb527deecf2ba02db67d7158.jpg,0,0,1.0,0.276,0.006,0.074,7.497,3.121,20.624,0.331,32.437
FireSmokeVideoNEW133_f72_jpg.rf.edcd60e5a9d9d28d5802a50f156aa91a.jpg,0,0,1.0,0.266,0.006,0.123,5.255,1.689,29.202,0.304,37.346
FireSmokeVideoNEW133_f75_jpg.rf.44d394c4ee044f0263703d04c2017319.jpg,0,0,1.0,0.265,0.006,0.066,5.43,1.226,33.254,0.322,41.077
FireSmokeVideoNEW138_f24_jpg.rf.e7dac7d8bba04efdaf96bbedbfb0c17c.jpg,0,0,0.9996,0.257,0.005,0.068,5.211,1.158,37.328,0.359,44.87
FireSmokeVideoNEW138_f3_jpg.rf.e59cf2df641ee8f4a4b7a8486a277817.jpg,0,0,0.9994,0.38,0.006,0.076,5.549,1.181,33.365,0.319,41.359
FireSmokeVideoNEW138_f50_jpg.rf.0ed3e238da95d17eddb4a56c8239722d.jpg,0,0,0.9997,0.273,0.006,0.072,5.814,1.21,29.077,0.316,37.26
FireSmokeVideoNEW138_f55_jpg.rf.8692714e7ca4fce394cbde4c9b0768f4.jpg,0,0,1.0,0.276,0.006,0.073,5.384,1.2,33.219,0.315,40.998
FireSmokeVideoNEW138_f57_jpg.rf.2340c76a46752bec89de2c8dfe4e182e.jpg,0,0,0.998,0.279,0.006,0.072,11.63,1.327,35.116,0.342,49.333
FireSmokeVideoNEW138_f66_jpg.rf.217b9cf06ce30964ef36b6378b0d8f09.jpg,0,0,0.9999,0.279,0.006,0.137,5.769,1.189,20.445,0.385,28.724
FireSmokeVideoNEW138_f72_jpg.rf.7992a3ca30811d3fbefd37f1c8c0e236.jpg,0,0,0.9999,0.28,0.006,0.073,5.687,1.187,29.459,0.328,37.51
FireSmokeVideoNEW138_f87_jpg.rf.a1a1d0b32449cfbe2da04181bf56f099.jpg,0,1,0.8709,0.273,0.007,0.074,5.215,1.321,33.811,0.333,41.626
FireSmokeVideoNEW138_f89_jpg.rf.39f1903062709d554e614773c128ec01.jpg,0,1,0.9935,0.264,0.006,0.071,8.593,5.399,29.268,0.329,44.397
FireSmokeVideoNEW138_f98_jpg.rf.3d89dba42d1d2087cd0d1067f86dc0a4.jpg,0,1,0.5491,0.276,0.006,0.072,6.974,1.867,32.229,0.325,42.247
FireSmokeVideoNEW139_f11_jpg.rf.4f1394a2391bb7f8b23547e415daccca.jpg,0,0,0.6895,0.278,0.006,0.073,8.309,1.172,29.093,0.338,39.799
FireSmokeVideoNEW139_f13_jpg.rf.2c6a24cf2aba98120ffbbdf73ec65122.jpg,0,0,1.0,0.285,0.006,0.079,11.313,6.109,31.999,0.332,50.606
FireSmokeVideoNEW139_f15_jpg.rf.52c4affd03ce1856f9ba11cd0f50363c.jpg,0,0,0.9984,0.269,0.007,0.075,8.953,6.006,29.141,0.329,45.287
FireSmokeVideoNEW139_f7_jpg.rf.4622bbeb672b9d0f658de7b4a192bc27.jpg,0,0,0.9999,0.276,0.007,0.073,8.707,6.335,29.225,0.325,45.464
FireSmokeVideoNEW139_f9_jpg.rf.a2676f6df6e7eb7729031d2e2dad0ca3.jpg,0,0,0.5036,0.273,0.006,0.075,8.591,5.988,45.278,0.368,61.103
FireSmokeVideoNEW141_f11_jpg.rf.73cf5a40761c0014fbd5c35ebf83aa45.jpg,0,0,1.0,0.274,0.006,0.074,8.984,6.479,20.422,0.322,37.074
FireSmokeVideoNEW141_f22_jpg.rf.d85fd254cfa43d224ad1b669783fd679.jpg,0,0,1.0,0.27,0.006,0.074,8.385,1.339,29.059,0.326,39.983
FireSmokeVideoNEW141_f26_jpg.rf.283da917093a70ddfef4070c0df63819.jpg,0,0,1.0,0.28,0.007,0.076,6.207,2.146,42.021,0.41,51.715
FireSmokeVideoNEW141_f35_jpg.rf.fb7bf34a7cb1271f578cf69f6eaf4b46.jpg,0,0,1.0,0.272,0.006,0.076,9.497,5.981,20.766,0.335,37.434
FireSmokeVideoNEW141_f44_jpg.rf.7588a5674fa796e2bf93928970dd5a6c.jpg,0,0,1.0,0.274,0.006,0.073,8.439,6.137,29.158,0.324,44.928
FireSmokeVideoNEW141_f54_jpg.rf.376afc4c31715655b5a25d8e89fb9cc9.jpg,0,0,1.0,0.268,0.006,0.073,8.69,5.976,29.222,0.434,45.231
FireSmokeVideoNEW145_f12_jpg.rf.bfa6ecea511c415c863544a108f25b2b.jpg,0,1,0.5285,0.29,0.006,0.075,8.973,5.921,29.29,0.335,45.995
FireSmokeVideoNEW145_f15_jpg.rf.01ed9bc8697dfaa658637d4bdcdb465e.jpg,0,0,0.7777,0.348,0.006,0.068,6.073,1.27,29.062,0.325,37.757
FireSmokeVideoNEW145_f17_jpg.rf.8ad859dfeb2dacc154aa7be5cd18db9a.jpg,0,1,0.5808,0.279,0.006,0.075,9.114,2.189,29.14,0.362,41.693
FireSmokeVideoNEW145_f2_jpg.rf.7d67296bc581f3d543d39070f67d5e5b.jpg,0,1,0.4121,0.362,0.006,0.074,11.676,5.012,29.866,0.315,47.998
FireSmokeVideoNEW145_f4_jpg.rf.dd0fb19773528e50b2d252c0ae1821a1.jpg,0,0,0.9952,0.262,0.006,0.067,6.302,1.162,32.919,0.322,41.544
FireSmokeVideoNEW145_f70_jpg.rf.35967a4f68971ca1a880debf6cc05479.jpg,0,0,1.0,0.258,0.005,0.069,5.591,1.2,29.086,0.318,37.025
FireSmokeVideoNEW146_f102_jpg.rf.d492f5de6048aee20c269b9489b62550.jpg,0,0,1.0,0.27,0.006,0.072,7.512,5.871,46.321,0.35,60.88
FireSmokeVideoNEW146_f104_jpg.rf.bb75589e20c57f1dac406a679b2c4c34.jpg,0,0,1.0,0.264,0.005,0.066,9.449,1.438,20.431,0.313,32.46
FireSmokeVideoNEW14_f31_jpg.rf.a6bd074c897424b345df3c0d80c8472a.jpg,0,0,1.0,0.272,0.006,0.074,5.798,1.202,33.253,0.325,41.434
FireSmokeVideoNEW14_f34_jpg.rf.b7d71699bd96b5f195ff31eed9af64b9.jpg,0,0,1.0,0.268,0.006,0.073,5.22,1.365,37.005,0.364,44.798
FireSmokeVideoNEW14_f48_jpg.rf.615cbe65e58c980a44db492e4adba02b.jpg,0,0,1.0,0.268,0.006,0.072,5.66,1.272,33.318,0.362,41.485
FireSmokeVideoNEW14_f50_jpg.rf.8c05edbf34c262f9609f1aefcb3e784b.jpg,0,0,1.0,0.268,0.006,0.073,5.34,1.201,29.148,0.311,36.848
FireSmokeVideoNEW14_f52_jpg.rf.040fbb53952c8cf3eb05257d5d59ffb2.jpg,0,0,1.0,0.271,0.006,0.073,5.208,1.207,33.292,0.32,40.926
FireSmokeVideoNEW14_f54_jpg.rf.284fdffd467ae8226f2514f39a0f03a8.jpg,0,0,1.0,0.273,0.006,0.076,10.19,3.28,22.005,0.329,36.652
FireSmokeVideoNEW14_f56_jpg.rf.805f1c6f0d731bc267bcb78f5dd8613c.jpg,0,0,1.0,0.277,0.006,0.071,5.298,1.168,33.288,0.322,40.957
FireSmokeVideoNEW14_f58_jpg.rf.5255e436aa76a3c0a514d23752f4aecc.jpg,0,0,1.0,0.266,0.006,0.074,5.25,1.159,29.086,0.304,36.621
FireSmokeVideoNEW14_f70_jpg.rf.aebdcbd5a96886fd2b263e6c38a28f54.jpg,0,0,0.83,0.278,0.007,0.075,5.497,1.164,32.779,0.336,40.67
FireSmokeVideoNEW14_f80_jpg.rf.d8f9bed0c2a0c2ccd8de093597e2cfb2.jpg,0,0,0.9995,0.273,0.006,0.074,10.055,6.25,20.562,0.313,38.085
FireSmokeVideoNEW152_f12_jpg.rf.bbbe1b5b3c91e3c832a521e8ad2a8981.jpg,0,0,1.0,0.275,0.006,0.075,6.328,5.002,23.563,0.316,36.073
FireSmokeVideoNEW152_f23_jpg.rf.83dd2175450efa7a2b61106b515ca317.jpg,0,0,1.0,0.273,0.006,0.072,5.224,1.495,29.048,0.317,36.909
FireSmokeVideoNEW152_f2_jpg.rf.0fa1d92f8ce6d7d0ef48c78928e91796.jpg,0,0,1.0,0.265,0.006,0.07,6.308,6.574,47.009,0.335,61.057
FireSmokeVideoNEW157_f48_jpg.rf.dc8ccdfd4e9375142054cff7d0ba0165.jpg,0,0,1.0,0.28,0.007,0.072,6.142,1.512,29.208,0.311,38.02
FireSmokeVideoNEW157_f68_jpg.rf.07fb0c009d78412ac43bcc20d211eba0.jpg,0,0,1.0,0.283,0.007,0.074,5.162,3.618,29.013,0.324,38.963
FireSmokeVideoNEW159_f28_jpg.rf.45115b0ae08dc6a6022b39f7487df2fc.jpg,0,0,1.0,0.271,0.006,0.071,8.992,7.144,45.505,0.333,62.804
FireSmokeVideoNEW159_f36_jpg.rf.e0c399bd3b6f812595c1d839d6f4495a.jpg,0,0,1.0,0.277,0.006,0.07,10.245,1.244,20.405,0.371,33.114
FireSmokeVideoNEW160_f132_jpg.rf.7ce27c0b807a035415178554ae865455.jpg,0,0,0.9999,0.273,0.006,0.078,5.585,1.174,29.119,0.352,37.08
FireSmokeVideoNEW160_f179_jpg.rf.f8bca75f291b224cb3a0368e85ea206a.jpg,0,1,0.9999,0.274,0.006,0.072,5.404,1.18,33.261,0.38,41.115
FireSmokeVideoNEW160_f182_jpg.rf.5ad244f4a2004bd04f80d7b88edc7b37.jpg,0,1,0.996,0.27,0.005,0.073,7.4,1.149,29.361,0.38,39.108
FireSmokeVideoNEW167_f25_jpg.rf.66ae7015edf696c31788066c37815460.jpg,0,0,1.0,0.275,0.007,0.073,5.853,4.021,29.18,0.344,40.262
FireSmokeVideoNEW168_f32_jpg.rf.9bf96271f38fc77d55c61d5030a59ad0.jpg,0,0,1.0,0.273,0.006,0.073,5.95,1.352,29.083,0.29,37.56
FireSmokeVideoNEW168_f35_jpg.rf.344f9a485501035ee6f2ad4a8aee5fda.jpg,0,0,1.0,0.271,0.006,0.07,10.182,7.875,45.447,0.363,64.746
FireSmokeVideoNEW173_f1_jpg.rf.b8d91ed334fc3865091a43a6a1d74364.jpg,0,0,1.0,0.285,0.006,0.075,5.815,1.483,29.195,0.332,37.729
FireSmokeVideoNEW174_f14_jpg.rf.20fa8cef6b13cc5e437e36ea2ecc8c0d.jpg,0,0,1.0,0.34,0.006,0.072,6.329,1.277,33.304,0.34,42.249
FireSmokeVideoNEW174_f21_jpg.rf.1e32dfe88e5b1e1315c5b3c44b55da60.jpg,0,0,0.9999,0.271,0.006,0.073,7.888,5.77,48.049,0.363,62.912
FireSmokeVideoNEW174_f27_jpg.rf.16ff80f4c7864c40c3bdd663830a83af.jpg,0,0,0.8121,0.266,0.005,0.071,8.864,3.545,29.209,0.376,42.894
FireSmokeVideoNEW174_f3_jpg.rf.2bc73bc5168eef2ac8d65f93c8588cee.jpg,0,0,1.0,0.274,0.006,0.074,5.857,1.262,29.117,0.314,37.527
FireSmokeVideoNEW174_f9_jpg.rf.ce3e731b6125e7839516f998ba5fd615.jpg,0,0,1.0,0.263,0.006,0.069,6.156,6.302,44.377,0.31,57.987
FireSmokeVideoNEW175_f1_jpg.rf.b7755e6ebe9f220eda9f33dafd398efd.jpg,0,0,1.0,0.373,0.006,0.076,7.168,1.579,29.146,0.351,39.22
FireSmokeVideoNEW181_f246_jpg.rf.c4e8f0606306cf812ead99d7317a3dac.jpg,0,0,1.0,0.284,0.006,0.073,7.45,3.024,29.109,0.356,40.891
FireSmokeVideoNEW181_f3_jpg.rf.564525a050a1471684d3e0dce6b12093.jpg,0,0,1.0,0.28,0.006,0.072,5.966,3.97,29.386,0.368,40.565
FireSmokeVideoNEW181_f5_jpg.rf.4f32f5e7b553b2046f9ea1c3710aa953.jpg,0,0,1.0,0.215,0.004,0.048,5.893,1.271,23.3,0.313,31.561
FireSmokeVideoNEW181_f8_jpg.rf.d4f8544e21508a6a376c9eed7b3fd1c4.jpg,0,0,1.0,0.341,0.007,0.071,5.518,1.172,29.176,0.333,37.108
FireSmokeVideoNEW185_f103_jpg.rf.834fd34179153dc3cf5b3376c931bd02.jpg,0,0,0.8279,0.261,0.006,0.067,5.373,1.17,33.16,0.315,40.858
FireSmokeVideoNEW185_f105_jpg.rf.5c53bd00784e65125825c0ae9e72866e.jpg,0,0,0.7773,0.258,0.006,0.068,7.977,6.101,46.614,0.368,61.907
FireSmokeVideoNEW185_f11_jpg.rf.7fe150b7626c710cda79dce605f3a053.jpg,0,0,0.9991,0.28,0.006,0.075,10.586,4.763,20.453,0.328,36.988
FireSmokeVideoNEW185_f13_jpg.rf.a9a77212e1e05b2bed7914de92edebf4.jpg,0,0,0.9991,0.272,0.007,0.078,6.157,1.185,29.083,0.315,37.603
FireSmokeVideoNEW185_f142_jpg.rf.8a2f2852b31e3f1ec77473138afa5b07.jpg,0,1,0.7115,0.276,0.006,0.073,5.428,1.253,33.213,0.451,41.235
FireSmokeVideoNEW185_f154_jpg.rf.6b8964700ae914f8770debcf03f1fa96.jpg,0,0,1.0,0.279,0.006,0.07,7.005,1.196,29.329,0.334,38.706
FireSmokeVideoNEW185_f16_jpg.rf.9a7a2c17026407b6f8ae3721f463bea0.jpg,0,0,0.9999,0.283,0.006,0.077,5.727,1.182,33.225,0.337,41.347
FireSmokeVideoNEW185_f18_jpg.rf.d7340a22f5b42d1f5daf3df0dd737ed7.jpg,0,0,0.9999,0.306,0.006,0.085,6.805,1.946,38.119,0.344,48.137
FireSmokeVideoNEW185_f1_jpg.rf.9cbb22bfee650e45eb5c993c0ec604f0.jpg,0,0,1.0,0.285,0.006,0.077,10.546,4.515,29.111,0.335,45.367
FireSmokeVideoNEW185_f21_jpg.rf.97e9aaef5e151b6c1d8a47b5a39a3851.jpg,0,0,0.9999,0.284,0.007,0.078,6.011,1.243,29.149,0.339,37.654
FireSmokeVideoNEW185_f26_jpg.rf.74bb295ea9c3a4d2a445209c908d149c.jpg,0,0,0.9993,0.278,0.007,0.074,5.985,3.993,29.214,0.335,40.873
FireSmokeVideoNEW185_f28_jpg.rf.94c9d63f5a41228899bb4b27af54e6e6.jpg,0,0,0.9999,0.374,0.007,0.083,9.416,6.799,41.461,0.348,58.995
FireSmokeVideoNEW185_f2_jpg.rf.1be8f603fac11632f8289730c2ea3981.jpg,0,0,1.0,0.286,0.006,0.075,6.243,3.071,29.352,0.335,39.91
FireSmokeVideoNEW185_f31_jpg.rf.20d3ef9f5f7aed09171c587cf787efa3.jpg,0,0,0.9999,0.272,0.006,0.074,5.635,1.589,29.01,0.3,37.39
FireSmokeVideoNEW185_f33_jpg.rf.13bba24c675c337eb4e0d75ed2c6d59a.jpg,0,0,0.9998,0.263,0.006,0.072,5.696,1.192,36.815,0.763,45.352
FireSmokeVideoNEW185_f37_jpg.rf.90b11c519e691fa641a221142e94b8e3.jpg,0,0,0.9999,0.256,0.005,0.063,6.287,1.191,29.489,0.334,38.133
FireSmokeVideoNEW185_f39_jpg.rf.d40e85b937efa6ae5a731011f726d833.jpg,0,0,0.9971,0.386,0.007,0.075,9.089,6.893,29.195,0.331,46.511
FireSmokeVideoNEW185_f41_jpg.rf.c976d09d85b00bcd5fae293ba78953cb.jpg,0,0,0.9974,0.276,0.006,0.073,9.005,5.947,29.123,0.315,45.256
FireSmokeVideoNEW185_f43_jpg.rf.cf5abe863cf4e9707e6b343d59e4f211.jpg,0,0,0.9995,0.285,0.006,0.076,11.431,4.689,31.427,0.36,48.7
FireSmokeVideoNEW185_f48_jpg.rf.40a7592afc13dbb433f59655b660a51e.jpg,0,0,0.9991,0.267,0.006,0.073,6.295,1.263,20.378,0.318,29.124
FireSmokeVideoNEW185_f4_jpg.rf.840d0b8991f52e6353634a923cce911a.jpg,0,0,1.0,0.279,0.006,0.073,6.952,4.653,29.194,0.319,41.986
FireSmokeVideoNEW185_f54_jpg.rf.02217b94b12dcd2c1361d24b46a8edd9.jpg,0,0,0.9998,0.265,0.006,0.069,5.636,1.238,29.253,0.328,37.309
FireSmokeVideoNEW185_f56_jpg.rf.818e136234c271902dcf37c554407e5b.jpg,0,0,0.9994,0.259,0.006,0.063,6.375,2.047,33.144,0.328,42.627
FireSmokeVideoNEW185_f5_jpg.rf.849447cd7f762cbb18e9edb719adfc56.jpg,0,0,1.0,0.263,0.006,0.068,5.587,1.228,29.12,0.307,37.093
FireSmokeVideoNEW185_f61_jpg.rf.9f26d8404eeb7cddb424f5cdb9a2dea9.jpg,0,0,0.614,0.299,0.006,0.063,9.828,6.055,29.253,0.334,46.353
FireSmokeVideoNEW185_f63_jpg.rf.6e576502749efe6813e66694c6ac96d9.jpg,0,1,0.6375,0.28,0.006,0.072,9.977,6.068,46.409,0.362,63.697
FireSmokeVideoNEW185_f69_jpg.rf.db6c2e969febf2a815391951068bae2c.jpg,0,0,1.0,0.279,0.006,0.075,10.184,6.033,29.266,0.315,46.668
FireSmokeVideoNEW185_f70_jpg.rf.e28c7f6fead896c59c1a05d3dadf15e5.jpg,0,0,1.0,0.278,0.006,0.075,10.306,1.853,29.144,0.33,42.535
FireSmokeVideoNEW185_f74_jpg.rf.a3cbb5e5ef37719d9abc8ed9cb13f10e.jpg,0,0,1.0,0.287,0.006,0.076,11.021,7.504,41.166,0.359,61.004
FireSmokeVideoNEW185_f76_jpg.rf.eff6abee6c5232efbeb0ffaa184ebb6d.jpg,0,0,1.0,0.273,0.006,0.072,9.55,6.018,20.336,0.303,37.073
FireSmokeVideoNEW185_f78_jpg.rf.8411f59f4794e43dea8fee3fd7e0be8f.jpg,0,0,1.0,0.273,0.007,0.073,6.155,2.646,31.491,0.332,41.51
FireSmokeVideoNEW185_f7_jpg.rf.52c412132fe5907b6a5e187fc8693d93.jpg,0,0,0.9997,0.273,0.006,0.072,8.637,6.013,44.033,0.404,59.958
FireSmokeVideoNEW185_f8_jpg.rf.b2f174a46bc664e05b2a000b1a539f0a.jpg,0,0,0.9995,0.274,0.006,0.073,8.8,6.931,20.307,0.337,37.234
FireSmokeVideoNEW186_f1_jpg.rf.9eaf3486dd5de321c58c13a8f3c0e10e.jpg,0,0,0.7464,0.254,0.006,0.064,5.744,1.234,29.072,0.298,37.186
FireSmokeVideoNEW186_f24_jpg.rf.35cb6036992c48df2555bef2057f0b53.jpg,0,1,0.5078,0.266,0.006,0.067,5.341,1.266,33.089,0.348,41.005
FireSmokeVideoNEW186_f3_jpg.rf.58728cf59ceb522c51dd6157ad6944bf.jpg,0,0,0.685,0.212,0.004,0.047,5.663,1.659,29.418,0.384,37.904
FireSmokeVideoNEW188_f53_jpg.rf.082a762c0e4cc9b0018de58486f89da2.jpg,0,0,0.9997,0.283,0.006,0.073,6.816,6.023,29.263,0.267,43.25
FireSmokeVideoNEW191_f14_jpg.rf.8c0274a87d76e49504ea99085c3adcaa.jpg,0,0,0.9261,0.201,0.004,0.046,9.997,5.839,28.838,0.263,45.578
FireSmokeVideoNEW191_f17_jpg.rf.0b561906a11a7cb3708f59b9e5ea5285.jpg,0,0,0.9998,0.207,0.004,0.045,8.099,3.18,47.997,0.302,60.23
FireSmokeVideoNEW191_f3_jpg.rf.199e7b7c54089ad40dc08b6206796865.jpg,0,0,0.9996,0.268,0.006,0.063,6.253,1.36,29.117,0.345,37.973
FireSmokeVideoNEW191_f6_jpg.rf.c733105e5332e503fe2f91c9d2b0df7d.jpg,0,0,0.998,0.254,0.005,0.065,6.369,1.46,29.136,0.318,38.098
FireSmokeVideoNEW193_f26_jpg.rf.810d17c9c2f0c19d3f82366a4641bffa.jpg,0,0,0.978,0.317,0.006,0.07,6.112,1.169,29.159,0.308,37.641
FireSmokeVideoNEW193_f33_jpg.rf.9bd762994b1e0d1fa6d8fa924ced4d72.jpg,0,0,0.9643,0.271,0.006,0.073,12.368,5.968,31.264,0.337,50.804
FireSmokeVideoNEW193_f37_jpg.rf.8351a8e46e2527901b0116eea4a67888.jpg,0,0,0.912,0.274,0.006,0.074,6.766,1.448,20.338,0.354,29.775
FireSmokeVideoNEW194_f0_jpg.rf.bedc3bcac81b79f6421a12b83ca8292e.jpg,0,0,1.0,0.274,0.005,0.2,6.586,3.428,29.092,0.379,40.49
FireSmokeVideoNEW194_f11_jpg.rf.77f39c6b40eab453b277d95cf5de303e.jpg,0,0,1.0,0.273,0.006,0.073,8.444,4.452,29.319,0.369,43.459
FireSmokeVideoNEW194_f13_jpg.rf.1a936489c44dd3ea6a426232555f6385.jpg,0,0,1.0,0.209,0.004,0.046,7.059,1.152,33.86,0.307,43.11
FireSmokeVideoNEW194_f15_jpg.rf.958cda76fca7843a088129f35293e6bc.jpg,0,0,1.0,0.247,0.005,0.063,7.105,1.203,29.147,0.317,38.567
FireSmokeVideoNEW194_f17_jpg.rf.0af509bf3c4051407e9a2c323d36552d.jpg,0,0,1.0,0.262,0.006,0.066,6.372,1.232,33.291,0.317,42.054
FireSmokeVideoNEW194_f19_jpg.rf.0eaecfa3ade01642b349fa1fac2243d3.jpg,0,0,1.0,0.26,0.006,0.068,7.171,5.97,45.715,0.372,60.083
FireSmokeVideoNEW194_f20_jpg.rf.9c8d54f92010beefbf37f4971a0512d5.jpg,0,0,1.0,0.276,0.006,0.073,10.15,5.862,20.409,0.322,37.6
FireSmokeVideoNEW194_f22_jpg.rf.568fae5d24e9c604657b4e0b3210f521.jpg,0,0,1.0,0.279,0.006,0.073,9.125,5.965,29.312,0.309,45.617
FireSmokeVideoNEW194_f24_jpg.rf.715ef729ffb473d071e4f4636696c5ea.jpg,0,0,0.6615,0.284,0.007,0.071,9.228,4.59,36.479,0.369,51.637
FireSmokeVideoNEW194_f26_jpg.rf.07bffcdf632b597c877b6ebb07f7f903.jpg,0,0,0.6465,0.282,0.007,0.074,5.794,1.258,20.578,0.406,28.928
FireSmokeVideoNEW194_f28_jpg.rf.ad2eb6b3914b59cd334e04ddba2c9585.jpg,0,0,1.0,0.28,0.006,0.073,6.48,1.259,33.183,0.327,42.123
FireSmokeVideoNEW194_f4_jpg.rf.33a7f5de9a08037605f3061fd9289762.jpg,0,0,1.0,0.264,0.005,0.068,5.718,1.455,29.09,0.329,37.465
FireSmokeVideoNEW194_f6_jpg.rf.8cca41d45e1b9d48be4b6e39b449b550.jpg,0,0,1.0,0.324,0.005,0.069,6.794,3.025,49.227,0.429,60.413
FireSmokeVideoNEW194_f8_jpg.rf.1c8751d3993e5ef2ea8196810f6d337c.jpg,0,1,0.5915,0.276,0.007,0.076,8.543,5.982,20.377,0.312,36.074
FireSmokeVideoNEW198_f0_jpg.rf.a197c8cac401e59c22192d1555beb0e3.jpg,0,0,1.0,0.283,0.006,0.078,9.569,5.725,29.285,0.327,45.792
FireSmokeVideoNEW198_f21_jpg.rf.a2b8b5d44e8d06e56049adcccab34051.jpg,0,0,1.0,0.253,0.005,0.066,6.331,1.316,29.177,0.342,38.027
FireSmokeVideoNEW198_f34_jpg.rf.dc59b6a3b8102f74895580de214bfb05.jpg,0,0,1.0,0.207,0.004,0.042,8.971,6.412,29.481,0.366,46.01
FireSmokeVideoNEW198_f44_jpg.rf.5dd543728cb7054631cff884b6543c99.jpg,0,0,1.0,0.282,0.006,0.075,8.716,5.992,46.594,0.375,62.558
FireSmokeVideoNEW198_f53_jpg.rf.de8d1453cc5cc99b16dce8024a19a099.jpg,0,0,1.0,0.216,0.004,0.047,14.593,7.157,29.371,0.332,52.205
FireSmokeVideoNEW198_f5_jpg.rf.884199e8cf813521587bb72304469a91.jpg,0,0,1.0,0.279,0.006,0.069,17.026,10.215,50.204,0.308,78.637
FireSmokeVideoNEW198_f62_jpg.rf.f0f37f4fd52e11ec4c2c1dc4a6a1e84b.jpg,0,0,1.0,0.245,0.005,0.074,12.177,4.867,25.843,0.343,43.974
FireSmokeVideoNEW198_f76_jpg.rf.f975d49de39948662a604f3b8699ae17.jpg,0,0,1.0,0.228,0.005,0.051,14.229,6.082,29.592,0.279,50.894
FireSmokeVideoNEW199_f12_jpg.rf.49a41daf162adddafd342b71a52d065b.jpg,0,0,1.0,0.344,0.005,0.092,14.121,5.848,28.113,0.289,49.264
FireSmokeVideoNEW199_f22_jpg.rf.8cdd9234d4536b401d4424786242eb42.jpg,0,0,1.0,0.235,0.005,0.046,11.035,5.846,39.125,0.311,57.018
FireSmokeVideoNEW199_f24_jpg.rf.008e48718432deea401ae6c22de5b75d.jpg,0,0,1.0,0.215,0.004,0.046,12.33,6.291,30.992,0.31,50.616
FireSmokeVideoNEW199_f38_jpg.rf.437998fd3a55f2321789262434449bcc.jpg,0,0,1.0,0.211,0.004,0.046,11.126,5.991,23.552,0.25,41.574
FireSmokeVideoNEW19_f10_jpg.rf.cf14bceef74bfc964ef994979cc85365.jpg,0,0,1.0,0.243,0.005,0.06,6.381,2.827,28.742,0.306,39.105
FireSmokeVideoNEW19_f14_jpg.rf.0f8ded1e4755de812e6a69682afa2fdf.jpg,0,1,0.5986,0.216,0.004,0.047,13.312,7.385,27.146,0.303,48.96
FireSmokeVideoNEW19_f1_jpg.rf.8d3f142daa5385682ce49a400b014079.jpg,0,0,1.0,0.208,0.004,0.045,7.07,1.562,26.843,0.308,36.478
FireSmokeVideoNEW19_f22_jpg.rf.ce3d1c80d56894bcf65024fa15dc5310.jpg,0,0,1.0,0.275,0.005,0.082,5.78,1.205,23.659,0.282,31.77
FireSmokeVideoNEW19_f25_jpg.rf.f697293980b11b6be600b4ac25288076.jpg,0,0,0.9999,0.241,0.005,0.061,5.549,1.208,23.52,0.293,31.372
FireSmokeVideoNEW19_f28_jpg.rf.870932a2658929b11f426603c6e76178.jpg,0,0,0.9999,0.25,0.005,0.063,5.798,2.455,27.898,0.399,37.41
FireSmokeVideoNEW19_f5_jpg.rf.4c01349c8f37322abb65548b065db87c.jpg,0,0,1.0,0.253,0.006,0.066,7.398,1.161,24.009,0.324,34.07
FireSmokeVideoNEW204_f48_jpg.rf.a6d888db8bc478f73df454d622b4af74.jpg,0,0,0.9992,0.263,0.006,0.066,8.074,7.713,30.087,0.298,46.974
FireSmokeVideoNEW204_f50_jpg.rf.ef08c4a49d4bce14c2100efb6049f535.jpg,0,0,0.9998,0.235,0.005,0.046,7.421,1.094,23.537,0.267,33.001
FireSmokeVideoNEW204_f74_jpg.rf.5a3b99ac607f85f17c275ace5db8b56c.jpg,0,0,1.0,0.228,0.005,0.054,7.452,1.163,26.846,0.325,36.552
FireSmokeVideoNEW204_f76_jpg.rf.cf1ad84e2d9dff94bca8293370941b6b.jpg,0,0,1.0,0.231,0.005,0.056,6.272,1.505,23.505,0.293,32.317
FireSmokeVideoNEW205_f10_jpg.rf.e7fba039a83b2825fe8609a3ad1fe3ca.jpg,0,0,0.9981,0.279,0.005,0.058,5.789,1.168,23.695,0.315,31.785
FireSmokeVideoNEW205_f12_jpg.rf.12f55726a2d241d15d16c3a031c7acfe.jpg,0,0,0.9961,0.245,0.005,0.062,6.835,1.498,27.044,0.343,36.523
FireSmokeVideoNEW205_f14_jpg.rf.7a8c8488271699eab8c256966bb96d8f.jpg,0,0,0.9183,0.242,0.005,0.06,6.973,1.147,23.667,0.303,32.903
FireSmokeVideoNEW205_f16_jpg.rf.e905c3e16c4928c286b1f3fefbcc9f1c.jpg,0,0,0.6337,0.287,0.005,0.066,5.612,1.16,23.624,0.274,31.525
FireSmokeVideoNEW205_f18_jpg.rf.51e26c76cda96a888f7cc153c055c57e.jpg,0,0,0.6051,0.249,0.005,0.061,5.238,1.435,26.724,0.298,34.499
FireSmokeVideoNEW205_f1_jpg.rf.9ee331f7891fbff5a81e53f10a46bf6c.jpg,0,0,0.8793,0.248,0.005,0.06,10.745,6.435,28.255,0.377,46.612
FireSmokeVideoNEW205_f21_jpg.rf.3f9e31151c6d741f1821d0b631734f10.jpg,0,1,0.7067,0.26,0.006,0.068,11.805,6.551,23.664,0.334,43.176
FireSmokeVideoNEW205_f23_jpg.rf.49d41f9e8f04815aecdc7705619019c0.jpg,0,1,0.9717,0.259,0.006,0.068,7.608,1.146,29.381,0.316,39.29
FireSmokeVideoNEW205_f25_jpg.rf.3ffd9812a06a282282d13f0de04d1b95.jpg,0,1,0.6504,0.349,0.006,0.068,6.414,1.333,33.247,0.336,42.701
FireSmokeVideoNEW205_f27_jpg.rf.6b467cc45707dc3b2bb6179354ba0de2.jpg,0,0,0.8678,0.264,0.006,0.069,5.221,1.389,21.922,0.348,29.666
FireSmokeVideoNEW205_f29_jpg.rf.f1b55cdd166f109f23ddbc5b550dbb25.jpg,0,0,0.8678,0.262,0.006,0.068,7.091,1.443,23.771,0.325,33.471
FireSmokeVideoNEW205_f30_jpg.rf.c39e1a1a9569704ab1625e342b6768fa.jpg,0,0,0.9472,0.267,0.006,0.07,6.065,1.22,23.534,0.363,32.08
FireSmokeVideoNEW205_f32_jpg.rf.16aadfde338db2f3d2e35229ca90b5b0.jpg,0,0,0.9997,0.26,0.006,0.07,6.136,1.229,31.922,0.314,40.429
FireSmokeVideoNEW205_f4_jpg.rf.3e50ea94e80f738241c392a66bc4dbc4.jpg,0,0,0.985,0.264,0.006,0.07,5.817,1.237,30.432,0.354,38.76
FireSmokeVideoNEW205_f6_jpg.rf.0b84566f03710d216aaa2cb4629d22b6.jpg,0,0,0.9751,0.27,0.006,0.068,8.086,1.247,33.165,0.345,43.699
FireSmokeVideoNEW205_f8_jpg.rf.e746678079c464fa2e02dbdd96397757.jpg,0,0,0.9953,0.275,0.006,0.072,10.206,6.016,48.436,0.338,65.879
FireSmokeVideoNEW207_f29_jpg.rf.5072e43a3f70899810cd248ae290c6fc.jpg,0,0,1.0,0.224,0.007,0.081,15.727,7.024,30.595,1.118,55.223
FireSmokeVideoNEW207_f38_jpg.rf.7da7afabcee0fe3fc4e99b02cb7ec200.jpg,0,0,1.0,0.435,0.006,0.067,14.621,6.901,40.148,0.382,62.981
FireSmokeVideoNEW207_f50_jpg.rf.38e43eaa6c7f0b0b6aef8d92ae7bc33b.jpg,0,0,1.0,0.269,0.005,0.049,12.277,7.436,33.535,0.285,54.319
FireSmokeVideoNEW207_f52_jpg.rf.ac33bf9cb002460544fa6971c6294cd1.jpg,0,0,1.0,0.227,0.006,0.048,11.275,9.196,30.58,0.312,52.113
FireSmokeVideoNEW207_f62_jpg.rf.589bc38eadda71f1f9f9b5fd6a31bdaf.jpg,0,0,1.0,0.227,0.005,0.051,9.339,4.5,38.071,0.341,53.013
FireSmokeVideoNEW207_f64_jpg.rf.fa87ea2073e4c69c27d5ec48824a23ce.jpg,0,0,1.0,0.242,0.005,0.059,5.979,1.1,20.199,0.291,28.303
FireSmokeVideoNEW207_f68_jpg.rf.cb005a57beb7f72ad09dd7f63a7c65ae.jpg,0,0,1.0,0.253,0.006,0.066,5.768,1.85,26.926,0.299,35.639
FireSmokeVideoNEW213_f0_jpg.rf.acf66f73cae0ef7ffba8d96df3334bc1.jpg,0,0,1.0,0.24,0.005,0.059,6.532,1.602,23.527,0.306,32.759
FireSmokeVideoNEW213_f37_jpg.rf.504df7a22d9a3682f368bb8e9a864b74.jpg,0,0,1.0,0.264,0.006,0.065,5.745,1.584,26.86,0.306,35.316
FireSmokeVideoNEW213_f39_jpg.rf.f610dda1c4694427bb2aeb65f22d2519.jpg,0,0,1.0,0.254,0.005,0.061,10.336,5.959,27.205,0.337,44.559
FireSmokeVideoNEW214_f28_jpg.rf.b67e2997751e40a1d9c240eecdfeb90d.jpg,0,1,1.0,0.263,0.006,0.069,5.953,2.584,33.97,0.328,43.699
FireSmokeVideoNEW214_f31_jpg.rf.dddac8520abe0f1d5e75b81b84c20c28.jpg,0,1,1.0,0.261,0.005,0.066,6.691,1.156,23.536,0.325,32.523
FireSmokeVideoNEW217_f100_jpg.rf.a9373ce1ec863a48d8653481c26156f5.jpg,0,0,0.5332,0.255,0.006,0.064,5.324,1.203,29.025,0.418,36.786
FireSmokeVideoNEW217_f108_jpg.rf.16b93711189f1762379f69af719c328d.jpg,0,0,0.9776,0.245,0.005,0.064,5.218,1.17,23.758,0.305,31.258
FireSmokeVideoNEW217_f10_jpg.rf.74821e6a9bb2e7227205f7dd92777b6b.jpg,0,0,1.0,0.248,0.005,0.061,5.267,1.318,23.598,0.305,31.291
FireSmokeVideoNEW217_f111_jpg.rf.2299bed8cbf01a1b7e6778708e83477b.jpg,0,0,0.7445,0.249,0.006,0.062,5.154,1.221,26.924,0.343,34.461
FireSmokeVideoNEW217_f113_jpg.rf.efd09cd8788647385379fdb3dcf3c087.jpg,0,0,0.6579,0.249,0.005,0.062,5.029,1.267,23.584,0.344,31.039
FireSmokeVideoNEW217_f116_jpg.rf.48b271377b83f27ee6794dd67b51d137.jpg,0,0,1.0,0.267,0.006,0.068,10.133,5.971,25.385,0.337,42.647
FireSmokeVideoNEW217_f118_jpg.rf.c3282ec3adcd1755ad307af23c40158c.jpg,0,0,1.0,0.279,0.006,0.075,7.489,2.302,23.613,0.304,34.568
FireSmokeVideoNEW217_f11_jpg.rf.fe9b613659b1f6ffc68f08f6db48adfc.jpg,0,0,1.0,0.256,0.006,0.066,6.08,1.185,28.958,0.334,37.375
FireSmokeVideoNEW217_f121_jpg.rf.2353ff1ea9e105ec7579a296ba31d42b.jpg,0,0,1.0,0.256,0.005,0.063,5.25,1.266,40.57,0.353,48.264
FireSmokeVideoNEW217_f128_jpg.rf.4c9569a8817155737f29d57b918b693b.jpg,0,0,1.0,0.248,0.005,0.065,5.618,2.62,20.522,0.319,29.912
FireSmokeVideoNEW217_f137_jpg.rf.355e1445e5755263e17f71f5cfb3cabd.jpg,0,0,1.0,0.275,0.006,0.07,5.824,1.212,26.883,0.318,35.099
FireSmokeVideoNEW217_f139_jpg.rf.a015957ad4d8c893764adadc3564d5e6.jpg,0,0,1.0,0.248,0.006,0.062,5.283,1.538,29.644,0.312,37.594
FireSmokeVideoNEW217_f140_jpg.rf.905cd403c725484f47e8c319d12c0bcc.jpg,0,0,1.0,0.251,0.005,0.065,11.741,7.453,35.967,0.353,56.436
FireSmokeVideoNEW217_f142_jpg.rf.7b2f15a8e46783cf42066fccdd511a78.jpg,0,0,1.0,0.278,0.006,0.07,6.123,1.732,29.104,0.334,38.158
FireSmokeVideoNEW217_f144_jpg.rf.0fc96687f30d64cc901010a04935ecea.jpg,0,0,1.0,0.261,0.006,0.066,5.727,1.318,33.309,0.325,41.519
FireSmokeVideoNEW217_f146_jpg.rf.13b5b53c5d09bff9bf09edae5d018768.jpg,0,0,1.0,0.257,0.006,0.067,5.862,1.234,29.278,0.398,37.708
FireSmokeVideoNEW217_f14_jpg.rf.33a5f93f8923477faa40a251919cbb30.jpg,0,0,1.0,0.269,0.005,0.056,5.97,1.244,33.301,0.325,41.667
FireSmokeVideoNEW217_f165_jpg.rf.c321a908fed949be52d3de878e3af068.jpg,0,0,0.9999,0.261,0.006,0.066,5.764,1.661,29.083,0.306,37.652
FireSmokeVideoNEW217_f167_jpg.rf.f5f387fa96eefadd6d5da4f9eba93fe8.jpg,0,0,0.9983,0.263,0.006,0.068,6.738,1.228,32.94,0.341,42.087
FireSmokeVideoNEW217_f169_jpg.rf.d4e8d9fc726c7674b5c544ca652f18ed.jpg,0,0,0.9977,0.273,0.006,0.074,6.375,4.452,42.966,0.375,55.063
FireSmokeVideoNEW217_f170_jpg.rf.40da8c3a814bec9203dda24f6fdc4aa2.jpg,0,0,0.9839,0.276,0.006,0.072,8.775,5.623,22.37,0.321,37.941
FireSmokeVideoNEW217_f175_jpg.rf.b2b07756e0402cc49db122e0add77753.jpg,0,0,1.0,0.275,0.006,0.072,9.467,5.884,23.642,0.306,40.165
FireSmokeVideoNEW217_f177_jpg.rf.88605f9b92cb5461c60d2194538ba864.jpg,0,0,0.9903,0.276,0.006,0.074,8.876,4.469,37.168,0.369,51.764
FireSmokeVideoNEW217_f179_jpg.rf.ffad74096c7d49c5a971bb63e9e0893e.jpg,0,0,0.6704,0.281,0.006,0.074,9.09,1.397,29.355,0.336,41.064
FireSmokeVideoNEW217_f181_jpg.rf.ae1f277e7c1fc1083975d6a487d5c575.jpg,0,0,0.9761,0.281,0.006,0.073,5.855,1.57,33.219,0.315,41.82
FireSmokeVideoNEW217_f183_jpg.rf.96e621baf17954f5a25876fa98b76901.jpg,0,0,0.9695,0.266,0.006,0.07,10.027,6.081,29.048,0.325,46.321
FireSmokeVideoNEW217_f188_jpg.rf.c5e2ff45dde47a1ffaaa95f6e696e5d8.jpg,0,0,0.9999,0.285,0.006,0.072,11.204,5.451,29.464,0.334,47.322
FireSmokeVideoNEW217_f18_jpg.rf.e259ee4817325821386e228d69ec590b.jpg,0,0,1.0,0.311,0.006,0.074,6.334,1.262,29.134,0.32,38.019
FireSmokeVideoNEW217_f195_jpg.rf.abb4ee4eacb3c0bc28eb69dcce0900b1.jpg,0,0,0.9982,0.275,0.006,0.073,5.831,1.637,33.383,0.302,42.026
FireSmokeVideoNEW217_f197_jpg.rf.69f085f5fc5fe3b6704f1697894ab870.jpg,0,0,0.9874,0.266,0.006,0.066,8.852,6.309,43.613,0.411,60.035
FireSmokeVideoNEW217_f199_jpg.rf.2034ba41cbc2996d2b0be969381dd53a.jpg,0,0,0.997,0.275,0.006,0.072,8.202,3.027,20.375,0.313,32.781
FireSmokeVideoNEW217_f200_jpg.rf.8e08442e7fba319b06ec60772c8d87b9.jpg,0,0,0.9992,0.279,0.006,0.074,5.77,1.71,29.064,0.295,37.732
FireSmokeVideoNEW217_f20_jpg.rf.cd45d53c627554532a83cb04b923b1d7.jpg,0,0,1.0,0.265,0.007,0.07,5.583,1.27,33.385,0.354,41.445
FireSmokeVideoNEW217_f213_jpg.rf.907c7f8bf6e7a1f549c1d58b68a8f402.jpg,0,0,0.8655,0.266,0.006,0.069,5.874,1.274,38.665,0.342,47.031
FireSmokeVideoNEW217_f215_jpg.rf.3fa3043621fed653f78e6295cdb5490b.jpg,0,0,0.8449,0.275,0.006,0.076,5.795,1.813,32.518,0.324,41.321
FireSmokeVideoNEW217_f217_jpg.rf.55bd84fe4077a3d1595a56350af545cd.jpg,0,0,0.987,0.282,0.006,0.074,8.623,6.021,29.033,0.324,44.879
FireSmokeVideoNEW217_f21_jpg.rf.2dfb9ce2f22edf5be1fd53fa1942bfd2.jpg,0,0,1.0,0.282,0.006,0.074,11.04,8.088,35.345,0.338,55.69
FireSmokeVideoNEW217_f23_jpg.rf.cd19d39e70dfebad7cff6545b5b6019d.jpg,0,0,1.0,0.276,0.006,0.075,9.988,5.986,29.154,0.314,46.3
FireSmokeVideoNEW217_f25_jpg.rf.a94df0d3028a9abe6b8c10a09dec7c59.jpg,0,0,1.0,0.282,0.006,0.073,9.066,5.931,29.238,0.332,45.424
FireSmokeVideoNEW217_f27_jpg.rf.06ba12fefcbb80378faafa6ce1db4f32.jpg,0,0,1.0,0.286,0.007,0.076,11.238,6.337,41.49,0.358,60.578
FireSmokeVideoNEW217_f29_jpg.rf.efc5389a39f0e16e63edc5a792879459.jpg,0,0,1.0,0.265,0.005,0.068,7.215,4.363,20.394,0.333,33.163
FireSmokeVideoNEW217_f30_jpg.rf.d0b9592c67eb506d0e8be54cab7fed05.jpg,0,0,1.0,0.282,0.006,0.075,5.723,1.23,29.052,0.324,37.204
FireSmokeVideoNEW217_f32_jpg.rf.79ac9c71917c29f71dff9368fd819e70.jpg,0,0,1.0,0.335,0.006,0.069,5.17,1.197,33.44,0.369,41.09
FireSmokeVideoNEW217_f34_jpg.rf.2406074bcd38a38b07569c36e10c4c9b.jpg,0,0,1.0,0.209,0.004,0.046,6.899,1.272,29.304,0.374,38.664
FireSmokeVideoNEW217_f36_jpg.rf.f4677a9876506e73056dbb5e4d1867ac.jpg,0,0,1.0,0.26,0.006,0.071,5.459,1.616,33.243,0.346,41.498
FireSmokeVideoNEW217_f38_jpg.rf.56cbb6b9ba8dcb8a6e849b50a427e820.jpg,0,0,1.0,0.266,0.006,0.067,5.906,1.791,29.095,0.325,37.965
FireSmokeVideoNEW217_f40_jpg.rf.5e0bf555a150e965529da135af30a843.jpg,0,0,1.0,0.279,0.006,0.077,6.398,6.366,39.265,0.33,53.3
FireSmokeVideoNEW217_f42_jpg.rf.547bf36d056de255bbbe8865cf2169e4.jpg,0,0,1.0,0.275,0.006,0.074,8.576,5.777,20.498,0.327,36.043
FireSmokeVideoNEW217_f44_jpg.rf.53343693989b66932b14e172d5b51021.jpg,0,0,1.0,0.281,0.006,0.075,8.702,5.952,29.181,0.286,45.004
FireSmokeVideoNEW217_f46_jpg.rf.6c09d1078ba60b84e5eeae62e8b43ee4.jpg,0,0,1.0,0.26,0.005,0.065,6.827,1.271,38.788,0.361,48.116
FireSmokeVideoNEW217_f48_jpg.rf.960f1757efc2361b33061b66881276af.jpg,0,0,1.0,0.335,0.006,0.074,11.002,6.188,29.285,0.34,47.708
FireSmokeVideoNEW217_f50_jpg.rf.5a4c5a00a2dff53d3d1e9b4912a5e80a.jpg,0,0,1.0,0.279,0.007,0.076,8.394,1.495,29.089,0.317,40.178
FireSmokeVideoNEW217_f52_jpg.rf.f80dd0cbedbe18de1503c537d55a5481.jpg,0,0,0.9995,0.284,0.007,0.079,6.04,6.433,29.33,0.366,43.067
FireSmokeVideoNEW217_f55_jpg.rf.192d21a1a9cdd1e7400d2d5319251009.jpg,0,0,0.9992,0.284,0.007,0.073,9.758,1.656,29.407,0.314,42.001
FireSmokeVideoNEW217_f58_jpg.rf.09abcbd86f7cf4acca982ff3c84479bf.jpg,0,0,1.0,0.281,0.007,0.077,6.495,3.571,29.135,0.323,40.365
FireSmokeVideoNEW217_f60_jpg.rf.2af19e844fb73cffddc8cd48cea110ef.jpg,0,0,1.0,0.355,0.006,0.077,5.163,1.211,29.186,0.314,36.833
FireSmokeVideoNEW217_f6_jpg.rf.9ad603f7c039681979d3382daca3dfca.jpg,0,0,1.0,0.336,0.006,0.072,10.808,5.706,49.47,0.352,67.975
FireSmokeVideoNEW217_f7_jpg.rf.7a963cc9523ed71e48510b941a897169.jpg,0,0,1.0,0.354,0.006,0.075,12.91,5.958,29.24,0.364,49.435
FireSmokeVideoNEW217_f85_jpg.rf.04954f9a86137e0fdb1a724cfe2e3866.jpg,0,0,1.0,0.269,0.007,0.074,10.987,6.041,29.167,0.337,47.383
FireSmokeVideoNEW217_f96_jpg.rf.9aeddcb7059e6f24f5deb788b8d30f2b.jpg,0,0,0.6873,0.279,0.007,0.074,11.813,3.987,29.846,0.334,46.836
FireSmokeVideoNEW217_f98_jpg.rf.523eafbbea416669a571f038b78ed6db.jpg,0,0,0.7209,0.27,0.007,0.075,8.069,5.629,20.397,0.323,35.272
FireSmokeVideoNEW217_f9_jpg.rf.add7279aa36849c24e3ac2f2216f064d.jpg,0,0,1.0,0.268,0.006,0.071,6.634,1.183,29.096,0.316,38.075
FireSmokeVideoNEW219_f100_jpg.rf.e9c25439b3dad49808efeef37acaf92b.jpg,0,0,0.9998,0.271,0.006,0.074,5.301,1.151,48.887,0.346,56.522
FireSmokeVideoNEW219_f103_jpg.rf.5c3a06fd5e7e5de7bc2439421cae9ca3.jpg,0,0,1.0,0.256,0.006,0.065,5.211,1.143,29.158,0.321,36.672
FireSmokeVideoNEW219_f105_jpg.rf.93e9b68294084ef359c3fbac8af68844.jpg,0,0,0.943,0.265,0.006,0.074,5.253,1.384,33.315,0.325,41.112
FireSmokeVideoNEW219_f107_jpg.rf.2279d0f434d08b421e5847b77ba49c98.jpg,0,0,0.982,0.285,0.006,0.073,5.525,1.156,31.246,0.357,39.175
FireSmokeVideoNEW219_f109_jpg.rf.2497933b49e36296ad41b2a9e7c629af.jpg,0,0,0.6779,0.279,0.007,0.072,5.479,1.205,33.378,0.326,41.273
FireSmokeVideoNEW219_f111_jpg.rf.d13eb49c432b395eb0f4789afa26799e.jpg,0,0,0.7768,0.276,0.006,0.073,5.487,1.217,20.333,0.322,28.229
FireSmokeVideoNEW219_f116_jpg.rf.ae9afca806c236a71f19e8f194bf2109.jpg,0,0,0.8674,0.268,0.006,0.071,5.955,1.177,33.234,0.331,41.619
FireSmokeVideoNEW219_f118_jpg.rf.75f5a183e6eb763184506172e56826c1.jpg,0,0,0.8472,0.278,0.006,0.076,6.028,1.308,36.642,0.351,45.197
FireSmokeVideoNEW219_f120_jpg.rf.8875901f36a17bf88cbe1e1e9321ee1c.jpg,0,0,0.9995,0.273,0.007,0.072,5.356,1.273,23.147,0.418,31.026
FireSmokeVideoNEW219_f122_jpg.rf.3f2b747a1a6d8bb134411da04b6d5ceb.jpg,0,0,1.0,0.27,0.006,0.073,5.36,1.155,23.568,0.319,31.268
FireSmokeVideoNEW219_f126_jpg.rf.52f94dd838172beb57e8ec37c56c19f4.jpg,0,1,0.6665,0.271,0.006,0.07,5.502,1.228,29.082,0.307,37.035
FireSmokeVideoNEW219_f129_jpg.rf.d5223592df753ce9aeeff5fbcfd2f6f3.jpg,0,0,0.9999,0.262,0.006,0.069,5.812,1.185,46.586,0.338,54.782
FireSmokeVideoNEW219_f131_jpg.rf.af45167297be8a47f6ecf78c4971240e.jpg,0,1,0.531,0.335,0.006,0.076,5.641,1.155,20.43,0.347,28.473
FireSmokeVideoNEW219_f15_jpg.rf.978176c15dd5ec19d9fdef9fa30e2015.jpg,0,1,0.9725,0.27,0.006,0.074,5.932,1.177,26.79,0.312,35.078
FireSmokeVideoNEW219_f17_jpg.rf.a780d3a9489a1ff49e169de9167318e6.jpg,0,1,0.9975,0.272,0.006,0.075,5.547,1.163,28.897,0.315,36.771
FireSmokeVideoNEW219_f19_jpg.rf.cee064d43b06eea7a26764d10b69fa56.jpg,0,0,0.9836,0.281,0.006,0.074,10.876,6.137,42.535,0.388,60.803
FireSmokeVideoNEW219_f20_jpg.rf.fba5b315002bba70a5f2d53923ab3523.jpg,0,1,0.9881,0.27,0.007,0.075,8.248,5.93,20.385,0.328,35.74
FireSmokeVideoNEW219_f23_jpg.rf.1e8e04436c82a1922489aa2b214fbd6f.jpg,0,0,0.6255,0.273,0.006,0.076,10.508,3.136,23.675,0.316,38.521
FireSmokeVideoNEW219_f25_jpg.rf.a18994c7f34d6a907f4692a87e6fa3f9.jpg,0,1,0.9886,0.273,0.006,0.076,5.663,5.23,31.131,0.354,43.243
FireSmokeVideoNEW219_f30_jpg.rf.fdee063af522e346cd388bc1a4242f7d.jpg,0,0,0.9436,0.326,0.006,0.074,6.354,1.181,23.226,0.319,32.077
FireSmokeVideoNEW219_f32_jpg.rf.ddc873a0551526ca65fa1d06f97bac64.jpg,0,0,1.0,0.276,0.006,0.073,6.468,1.349,24.004,0.338,33.004
FireSmokeVideoNEW219_f34_jpg.rf.cad5fbd8012adc27392d185d547a64f2.jpg,0,1,0.6159,0.273,0.006,0.071,5.63,1.193,30.783,0.318,38.792
FireSmokeVideoNEW219_f36_jpg.rf.fb0ae754ede857299d29e3b6cc6ccc0d.jpg,0,0,0.5738,0.322,0.006,0.075,5.811,1.168,31.067,0.362,39.334
FireSmokeVideoNEW219_f38_jpg.rf.4e36385b74d11f5f344b6164d4443826.jpg,0,0,0.9638,0.289,0.006,0.075,11.499,5.612,29.394,0.333,47.737
FireSmokeVideoNEW219_f3_jpg.rf.9a3acc348be776f3126eaa01a6b9143d.jpg,0,1,1.0,0.279,0.006,0.077,9.687,5.988,29.385,0.335,46.269
FireSmokeVideoNEW219_f44_jpg.rf.c6201b2a651fb15d42c47372f48143ea.jpg,0,0,0.7187,0.277,0.006,0.121,8.27,6.829,29.432,0.338,45.798
FireSmokeVideoNEW219_f49_jpg.rf.f8352761af02510da64ff9dbb7764208.jpg,0,0,0.9993,0.286,0.007,0.073,12.238,4.217,29.684,0.338,47.32
FireSmokeVideoNEW219_f50_jpg.rf.69a64e822cf2cb5905705e4998e6a371.jpg,0,0,0.58,0.272,0.006,0.072,5.305,1.178,33.969,0.311,41.638
FireSmokeVideoNEW219_f52_jpg.rf.4ed33f2006955f25cbd6976e65731478.jpg,0,1,0.842,0.256,0.006,0.068,7.017,1.236,29.158,0.33,38.558
FireSmokeVideoNEW219_f54_jpg.rf.2a009997f531c42dc612957036039b92.jpg,0,1,0.9999,0.271,0.007,0.071,5.803,1.645,47.183,0.338,55.829
FireSmokeVideoNEW219_f56_jpg.rf.4d435bbf60e5244de2a83067cd503697.jpg,0,1,1.0,0.275,0.006,0.073,5.893,1.223,29.213,0.338,37.569
FireSmokeVideoNEW219_f58_jpg.rf.816855101b006e8917308145fbff4683.jpg,0,1,0.9984,0.329,0.006,0.076,6.092,1.198,32.878,0.331,41.474
FireSmokeVideoNEW219_f5_jpg.rf.c45888dccdeb80cf3c1d57eaa8742807.jpg,0,1,0.9774,0.27,0.006,0.072,5.66,1.784,29.157,0.318,37.759
FireSmokeVideoNEW219_f64_jpg.rf.fcb2ab218c52a47f8b4b7a045dbaca13.jpg,0,0,1.0,0.271,0.006,0.074,10.791,5.066,29.534,0.336,46.519
FireSmokeVideoNEW219_f6_jpg.rf.42c28bdff3ab813f2e324a70ba7df0cd.jpg,0,0,0.6739,0.273,0.007,0.072,8.355,1.175,29.42,0.322,40.156
FireSmokeVideoNEW219_f79_jpg.rf.71af1f0cdfcf193eb39b9d23e563f5fe.jpg,0,0,1.0,0.273,0.006,0.074,6.342,5.615,29.083,0.312,42.207
FireSmokeVideoNEW219_f82_jpg.rf.2d98843486d600dadb1fb1f51cae9b86.jpg,0,1,0.9998,0.272,0.006,0.075,10.341,6.891,31.036,0.345,49.455
FireSmokeVideoNEW219_f84_jpg.rf.2d6d394cdec8ac45d1947e9a0a70f46b.jpg,0,1,1.0,0.279,0.006,0.074,9.526,4.824,20.407,0.324,36.163
FireSmokeVideoNEW219_f86_jpg.rf.facd7c1be6d3a656b924ea93978566be.jpg,0,1,1.0,0.275,0.006,0.072,8.898,5.518,29.084,0.37,44.735
FireSmokeVideoNEW219_f88_jpg.rf.a022c08baa2e6f8d0487a9b1be99b2fb.jpg,0,1,0.9953,0.292,0.006,0.068,11.559,6.125,44.202,0.364,63.099
FireSmokeVideoNEW219_f8_jpg.rf.046f3bd1cafb22613d463425cf33c9da.jpg,0,0,0.9982,0.262,0.006,0.07,9.109,5.984,29.237,0.314,45.489
FireSmokeVideoNEW219_f91_jpg.rf.9f1e6dfa4f1a9256334d175a92273a16.jpg,0,0,1.0,0.279,0.006,0.072,9.064,6.178,29.138,0.313,45.561
FireSmokeVideoNEW219_f96_jpg.rf.a40be148c2196c81a3b370bf04ff8cee.jpg,0,0,0.9969,0.275,0.006,0.075,9.756,6.109,29.35,0.596,46.676
FireSmokeVideoNEW219_f98_jpg.rf.f2faa3e7c16967233b337aad59c2372d.jpg,0,0,0.9999,0.277,0.006,0.076,6.585,1.238,33.379,0.333,42.485
FireSmokeVideoNEW235_f33_jpg.rf.0a3116fe91b93b2b42685c8f07b15f59.jpg,0,0,0.9999,0.283,0.006,0.075,5.412,1.624,29.078,0.317,37.314
FireSmokeVideoNEW235_f37_jpg.rf.90215e2867005d19440f24ddd8be4134.jpg,0,0,1.0,0.27,0.004,0.072,5.479,1.363,32.769,0.333,40.792
FireSmokeVideoNEW235_f40_jpg.rf.8cddc8b01761e5099ffc078afe05dcfe.jpg,0,0,1.0,0.258,0.006,0.066,9.293,6.418,33.397,0.348,50.467
FireSmokeVideoNEW237_f16_jpg.rf.5f11e272d92059f407f138e3d5a60da6.jpg,0,1,0.6718,0.26,0.006,0.067,6.285,1.233,33.22,0.309,41.887
FireSmokeVideoNEW237_f18_jpg.rf.a6fdf7b427848eb4ea6973ff968a3354.jpg,0,0,0.5971,0.25,0.005,0.064,5.565,1.302,29.052,0.302,37.041
FireSmokeVideoNEW237_f1_jpg.rf.d1f928ef436c01e7b2cf526c4f809b21.jpg,0,0,1.0,0.309,0.005,0.065,5.824,1.251,33.177,0.313,41.451
FireSmokeVideoNEW237_f22_jpg.rf.db0488cc4f6f26c8e0fafe466b04c599.jpg,0,0,0.8693,0.262,0.006,0.067,9.741,3.854,31.249,0.336,46.061
FireSmokeVideoNEW237_f24_jpg.rf.50b525402b3eeb1da34eaca14126f841.jpg,0,1,0.9837,0.278,0.006,0.072,9.52,5.643,29.251,0.326,45.631
FireSmokeVideoNEW237_f26_jpg.rf.292fa36bc2afe2ee1be1016fa5349d28.jpg,0,0,1.0,0.275,0.006,0.075,10.246,5.783,29.006,0.411,46.26
FireSmokeVideoNEW237_f2_jpg.rf.2e172a45e9ba82d4ad523119d91a1e54.jpg,0,0,1.0,0.277,0.006,0.076,13.14,6.746,36.177,0.345,57.282
FireSmokeVideoNEW237_f36_jpg.rf.8489fa3bf6c71ee4d009d4fd3ced8a26.jpg,0,0,0.9514,0.277,0.006,0.075,10.697,1.369,29.172,0.328,42.42
FireSmokeVideoNEW237_f38_jpg.rf.83e1c26126ab42521c01f2d6fb8bf25c.jpg,0,1,0.6717,0.276,0.006,0.075,5.31,1.195,33.2,0.328,40.957
FireSmokeVideoNEW237_f40_jpg.rf.75afeed09f8d7c77cf67b47a49c36595.jpg,0,0,0.9992,0.277,0.006,0.075,5.318,1.279,33.051,0.358,40.868
FireSmokeVideoNEW237_f42_jpg.rf.1e54ef2074d501111766d23a9c125016.jpg,0,0,0.9927,0.283,0.006,0.08,5.59,1.344,32.834,0.315,40.979
FireSmokeVideoNEW239_f11_jpg.rf.68967d6ccd4e0696316a88c71059fe48.jpg,0,1,0.6607,0.274,0.006,0.071,5.165,1.172,20.276,0.309,27.814
FireSmokeVideoNEW239_f13_jpg.rf.47e9d94edb230b4d3d7a90e4a030b812.jpg,0,1,0.9997,0.275,0.006,0.072,11.149,5.035,29.088,0.325,46.441
FireSmokeVideoNEW239_f19_jpg.rf.547e1d5a34191e556bcee188b8d70562.jpg,0,0,1.0,0.273,0.007,0.071,11.482,8.402,33.386,0.347,54.492
FireSmokeVideoNEW239_f20_jpg.rf.fc7c6c45683e4bb495152a4a71da41c9.jpg,0,0,1.0,0.281,0.006,0.073,10.7,6.003,20.443,0.33,38.349
FireSmokeVideoNEW239_f22_jpg.rf.e5b4ae7747d32b81ac24d361025cef74.jpg,0,0,1.0,0.28,0.006,0.077,9.677,5.958,29.044,0.329,45.847
FireSmokeVideoNEW239_f39_jpg.rf.aa6a200b4d0178ecbf3e7b4245b845ed.jpg,0,1,0.9988,0.273,0.006,0.075,8.968,6.872,41.898,0.37,58.975
FireSmokeVideoNEW239_f40_jpg.rf.5400696a6507c2c33b93aefa6aefe051.jpg,0,1,0.7226,0.274,0.006,0.074,9.993,2.696,20.355,0.322,34.218
FireSmokeVideoNEW239_f46_jpg.rf.d2960d91eab4ce54a9db418325f9564a.jpg,0,0,1.0,0.278,0.006,0.073,5.596,3.404,29.396,0.299,39.545
FireSmokeVideoNEW239_f59_jpg.rf.f284514ce57dd6611a19f3b0eb179ea6.jpg,0,1,0.559,0.242,0.005,0.063,6.58,1.218,29.196,0.354,38.162
FireSmokeVideoNEW239_f60_jpg.rf.9a19d896995c8f884c4af9a5adec577c.jpg,0,1,0.5598,0.264,0.006,0.066,10.629,6.037,30.653,0.343,48.521
FireSmokeVideoNEW239_f62_jpg.rf.c5dbdb82e651aa6e0eeadf51a3d4b0b8.jpg,0,1,0.7833,0.274,0.006,0.071,6.354,1.217,20.414,0.326,29.177
FireSmokeVideoNEW239_f70_jpg.rf.f2b597cea774e2c3131039471aa2744d.jpg,0,0,0.999,0.279,0.006,0.073,5.647,2.147,42.276,0.341,51.272
FireSmokeVideoNEW239_f7_jpg.rf.716102698433c487e0011b828b703f1d.jpg,0,1,0.994,0.243,0.006,0.063,5.79,1.473,29.251,0.354,37.715
FireSmokeVideoNEW239_f83_jpg.rf.fd4fba17753f5ce5a45588d3a16fd999.jpg,0,0,1.0,0.226,0.004,0.046,5.185,1.228,33.228,0.318,40.808
FireSmokeVideoNEW23_f102_jpg.rf.f6918e51a89dedb0dba64a14386fd485.jpg,0,0,1.0,0.256,0.068,0.072,5.426,1.938,29.032,0.306,37.547
FireSmokeVideoNEW23_f105_jpg.rf.4b98f0ba685d140a37dbbc9990c03762.jpg,0,0,1.0,0.26,0.006,0.063,6.371,1.163,32.89,0.349,41.603
FireSmokeVideoNEW23_f118_jpg.rf.e6a891db192eb91ffbb8e7475705dd9d.jpg,0,0,1.0,0.262,0.005,0.069,5.603,1.25,38.857,0.395,46.953
FireSmokeVideoNEW23_f122_jpg.rf.c171441c5b0ca3924c8c66c72534cf2b.jpg,0,0,0.9999,0.269,0.006,0.07,5.473,1.284,33.255,0.323,41.187
FireSmokeVideoNEW23_f125_jpg.rf.5debf4bd1984f010c1b1dcd28310aa83.jpg,0,0,0.9991,0.263,0.006,0.067,5.532,1.192,29.115,0.3,36.98
FireSmokeVideoNEW23_f127_jpg.rf.37c0782706a1236efceb4c739407dd25.jpg,0,0,0.9495,0.27,0.006,0.071,10.007,6.025,29.211,0.323,46.434
FireSmokeVideoNEW23_f129_jpg.rf.2ea639692a7e29daa8b8ea1de69eeb72.jpg,0,1,0.9845,0.294,0.006,0.077,10.305,3.206,31.183,0.326,45.965
FireSmokeVideoNEW23_f131_jpg.rf.466531ad1511190a89c1eb2be15960fd.jpg,0,0,0.6685,0.356,0.006,0.079,5.374,1.211,23.176,0.316,31.033
FireSmokeVideoNEW23_f133_jpg.rf.4cb0c0e8f14d2f4314645ba2d96e90d0.jpg,0,0,0.9994,0.31,0.006,0.067,5.616,1.17,29.121,0.333,37.124
FireSmokeVideoNEW23_f17_jpg.rf.7e12e7a6b3bf78ade1514efca4fa6b17.jpg,0,0,1.0,0.264,0.006,0.068,5.399,1.184,33.279,0.384,41.094
FireSmokeVideoNEW23_f20_jpg.rf.45ba21827ce25fc5f38bfbc2f24d6b8e.jpg,0,0,0.9999,0.267,0.006,0.069,8.877,1.186,29.425,0.34,40.668
FireSmokeVideoNEW23_f22_jpg.rf.29f2d535a890c06a4cf54fb62aeae916.jpg,0,0,1.0,0.281,0.006,0.072,5.424,1.217,33.217,0.312,41.157
FireSmokeVideoNEW23_f24_jpg.rf.967b8a5e7330bbab9f4342e93da5b612.jpg,0,0,1.0,0.257,0.006,0.067,5.58,1.162,29.128,0.314,37.016
FireSmokeVideoNEW23_f27_jpg.rf.31f2d7fbc4ad759a14190cf119c86cd3.jpg,0,0,0.5824,0.266,0.006,0.066,5.608,1.179,36.171,0.351,44.152
FireSmokeVideoNEW23_f30_jpg.rf.73360b6fc9f719c0b07919def1843b67.jpg,0,0,0.9994,0.317,0.005,0.071,6.562,5.967,20.483,0.314,34.221
FireSmokeVideoNEW23_f36_jpg.rf.a573980f5cbddf58725ec307297ae2c2.jpg,0,0,1.0,0.271,0.006,0.072,7.477,1.264,26.926,0.339,36.872
FireSmokeVideoNEW23_f44_jpg.rf.9cb37443c4da43f08c79e1c8c7270ad3.jpg,0,0,1.0,0.28,0.006,0.099,6.805,1.301,29.099,0.336,38.459
FireSmokeVideoNEW23_f50_jpg.rf.1d318ace626b552ab85bedae9c6fe2ae.jpg,0,0,1.0,0.289,0.006,0.075,11.646,6.301,31.125,0.337,50.294
FireSmokeVideoNEW23_f57_jpg.rf.4e21297b504ef4126b9a6b95cad8ca0c.jpg,0,0,0.9637,0.269,0.006,0.075,8.652,5.912,29.157,0.334,44.913
FireSmokeVideoNEW23_f59_jpg.rf.d2f656988b1f5b0fb714b178d9799544.jpg,0,0,1.0,0.277,0.006,0.074,9.486,6.235,29.172,0.326,46.091
FireSmokeVideoNEW23_f63_jpg.rf.0ac33d38cacbd861c7b582f17c820bb4.jpg,0,0,1.0,0.277,0.006,0.073,11.778,5.594,31.15,0.337,49.807
FireSmokeVideoNEW23_f76_jpg.rf.a966534c07edefd0f3dff0c96376a243.jpg,0,0,1.0,0.274,0.006,0.072,10.258,6.127,29.226,0.324,46.793
FireSmokeVideoNEW23_f90_jpg.rf.b61cfc180d6eceb938b4af6caf51abf9.jpg,0,0,1.0,0.277,0.006,0.074,8.634,5.881,29.133,0.363,44.879
FireSmokeVideoNEW240_f24_jpg.rf.c32f26544e37c883914250c509498e68.jpg,0,0,1.0,0.281,0.006,0.076,9.773,5.95,43.824,0.362,60.794
FireSmokeVideoNEW240_f26_jpg.rf.827a12f2836232905b4da03069e4a2bb.jpg,0,0,1.0,0.272,0.006,0.074,9.003,5.949,21.739,0.337,37.874
FireSmokeVideoNEW247_f0_jpg.rf.beef7d32aee1fcf9184bde5c0007c8a7.jpg,0,0,0.8739,0.279,0.006,0.071,6.466,6.301,29.224,0.322,43.192
FireSmokeVideoNEW247_f11_jpg.rf.22e187d3de34114cbe2eee824dcf8ea4.jpg,0,0,0.9999,0.27,0.006,0.072,8.946,6.146,39.863,0.288,56.1
FireSmokeVideoNEW247_f13_jpg.rf.cf17b57023a106f84957783337e1dd83.jpg,0,0,0.9999,0.275,0.006,0.076,6.448,1.285,33.333,0.328,42.278
FireSmokeVideoNEW247_f15_jpg.rf.36fd571e1f519a0b5e072f998cf318bf.jpg,0,0,0.9953,0.274,0.006,0.072,5.795,1.329,29.101,0.32,37.42
FireSmokeVideoNEW247_f22_jpg.rf.f99e1b6f5eb1bddbeb9ce9f856242d0b.jpg,0,0,1.0,0.282,0.006,0.073,7.206,3.77,29.257,0.336,41.459
FireSmokeVideoNEW247_f24_jpg.rf.1ee4e739ab247b40d19859c571533d93.jpg,0,0,0.9999,0.284,0.006,0.077,10.231,5.986,38.494,0.343,55.827
FireSmokeVideoNEW247_f26_jpg.rf.a797b29033eb18f9d2b6c36421877eb6.jpg,0,0,0.9955,0.279,0.007,0.075,8.714,5.919,29.275,0.329,45.11
FireSmokeVideoNEW247_f29_jpg.rf.f14ac60e4f41877c5491fde4790673c3.jpg,0,0,0.9946,0.272,0.006,0.073,8.778,5.943,29.22,0.359,45.164
FireSmokeVideoNEW247_f30_jpg.rf.aafb436047adf51b707ef78707e2b913.jpg,0,0,0.9845,0.212,0.004,0.048,9.494,5.489,29.314,0.337,45.382
FireSmokeVideoNEW247_f32_jpg.rf.e9ff5ba78f26413500f425b399e23665.jpg,0,0,0.6754,0.278,0.006,0.076,11.033,1.432,29.152,0.335,42.797
FireSmokeVideoNEW247_f34_jpg.rf.6c3c5690e43240a790d6a5e9721b8c63.jpg,0,0,0.892,0.37,0.007,0.076,6.267,5.025,29.117,0.332,41.783
FireSmokeVideoNEW247_f4_jpg.rf.6a0ddd7371fb83e53e311ea22189d480.jpg,0,0,0.9511,0.278,0.006,0.075,8.697,6.424,48.874,0.353,65.346
FireSmokeVideoNEW247_f6_jpg.rf.a694822f16bef6e50518310eca6ac39e.jpg,0,0,0.9948,0.284,0.006,0.18,10.842,5.993,20.464,0.332,38.622
FireSmokeVideoNEW247_f8_jpg.rf.6b64236393a322ec185f256a364cf11c.jpg,0,0,1.0,0.265,0.006,0.067,8.982,2.776,29.088,0.356,42.033
FireSmokeVideoNEW257_f14_jpg.rf.219b5dbc0697a8fa0cc33d06791cae70.jpg,0,0,0.5839,0.267,0.006,0.069,8.168,6.794,44.024,0.36,60.167
FireSmokeVideoNEW258_f100_jpg.rf.355178e1214dd3903eaa752ee7eef30e.jpg,0,0,1.0,0.28,0.006,0.075,5.948,1.599,20.381,0.322,29.123
FireSmokeVideoNEW258_f11_jpg.rf.0dba1da8050dc2ce1b709b5f242f741d.jpg,0,0,1.0,0.401,0.006,0.068,6.092,6.025,29.106,0.332,42.513
FireSmokeVideoNEW258_f170_jpg.rf.6c3e4b2743ca89c8ee5dd1856a6141bd.jpg,0,0,1.0,0.273,0.006,0.071,5.41,1.413,38.343,0.36,46.379
FireSmokeVideoNEW258_f1_jpg.rf.0d3b83be9ba47d2910cdb2dec33113fc.jpg,0,0,1.0,0.208,0.004,0.046,5.694,1.24,33.082,0.325,41.101
FireSmokeVideoNEW258_f2_jpg.rf.b83eafff3fd4b43c1860e76314bb50ac.jpg,0,0,1.0,0.269,0.006,0.07,6.776,1.216,29.119,0.334,38.31
FireSmokeVideoNEW258_f3_jpg.rf.cd8a2e8513bdb4e131855fb45fd1bdfc.jpg,0,0,1.0,0.278,0.006,0.071,5.345,2.681,31.731,0.338,40.956
FireSmokeVideoNEW258_f41_jpg.rf.de1a58da1bf54a7517d2312b13c76577.jpg,0,0,1.0,0.332,0.007,0.185,10.114,5.843,20.31,0.331,37.522
FireSmokeVideoNEW258_f51_jpg.rf.3235141ca98e65b2ab3e2a034029f5f0.jpg,0,0,0.9996,0.273,0.006,0.072,9.97,5.851,29.16,0.33,46.162
FireSmokeVideoNEW258_f5_jpg.rf.0858c131be1788253fc6056f1b952726.jpg,0,0,1.0,0.274,0.006,0.074,8.571,6.023,29.088,0.316,44.862
FireSmokeVideoNEW258_f7_jpg.rf.8516c19839e35db825c80a381605f57c.jpg,0,0,1.0,0.287,0.006,0.075,9.284,5.998,45.065,0.371,61.616
FireSmokeVideoNEW258_f8_jpg.rf.06a72518e055cecd6c4555cd122fc078.jpg,0,0,1.0,0.266,0.006,0.071,8.362,1.296,20.347,0.327,31.17
FireSmokeVideoNEW266_f22_jpg.rf.f1df0a77304fe82235036772cf5b8801.jpg,0,0,1.0,0.267,0.006,0.068,6.449,4.416,29.175,0.368,41.345
FireSmokeVideoNEW26_f19_jpg.rf.aeed9f3bfcb0a0dee24e772e00f3a420.jpg,0,0,0.9972,0.273,0.006,0.074,5.419,1.241,29.559,0.345,37.53
FireSmokeVideoNEW26_f21_jpg.rf.4f774db17e69a10fb5f9a8f7999edf9c.jpg,0,0,1.0,0.299,0.006,0.07,7.298,6.002,32.919,0.337,47.417
FireSmokeVideoNEW26_f23_jpg.rf.8aa65d6972e281489f02f3f5ca285e15.jpg,0,0,0.6895,0.278,0.006,0.077,8.547,5.981,29.124,0.323,44.843
FireSmokeVideoNEW26_f25_jpg.rf.2dfc9f18e082edcb01be0a2710a98b76.jpg,0,0,0.9862,0.274,0.006,0.076,8.556,5.939,29.225,0.322,44.915
FireSmokeVideoNEW26_f31_jpg.rf.4143b47a6b97ba01168be4b9d2f60793.jpg,0,0,1.0,0.286,0.007,0.08,8.647,8.624,40.994,0.357,59.564
FireSmokeVideoNEW26_f35_jpg.rf.337993c7df976473f1dae7d82060e013.jpg,0,0,1.0,0.283,0.006,0.075,5.537,1.249,33.235,0.375,41.291
FireSmokeVideoNEW26_f46_jpg.rf.589a067217e777a751aad10475ecbefe.jpg,0,0,0.9999,0.28,0.006,0.074,5.922,1.772,29.196,0.323,38.097
FireSmokeVideoNEW26_f4_jpg.rf.d688d7df9f262c6d2b3e578c6873be05.jpg,0,0,0.9989,0.28,0.006,0.075,5.328,1.232,39.105,0.369,46.926
FireSmokeVideoNEW26_f56_jpg.rf.091996435ae26520beb3244b5e0ee2bc.jpg,0,1,0.9974,0.276,0.007,0.073,5.736,0.993,29.357,0.332,37.191
FireSmokeVideoNEW26_f59_jpg.rf.fa7bc3aac3cd3f1c051dd584b60dafe4.jpg,0,1,0.976,0.274,0.006,0.074,5.363,1.501,33.334,0.349,41.442
FireSmokeVideoNEW26_f60_jpg.rf.62d0d8eae4ccc467a2e8fced935b824d.jpg,0,0,0.6314,0.262,0.006,0.07,5.236,1.787,29.196,0.324,37.494
FireSmokeVideoNEW26_f63_jpg.rf.69b2cff0f2bb17ae0ff536fc67019a1d.jpg,0,1,0.7893,0.318,0.006,0.075,10.244,6.886,46.69,0.362,65.139
FireSmokeVideoNEW272_f17_jpg.rf.681a79d14101780a9bcd7453d9a3c679.jpg,0,0,1.0,0.28,0.006,0.073,8.463,5.943,20.432,0.331,36.026
FireSmokeVideoNEW272_f19_jpg.rf.9e21fc07045a840ba29d86234002d9e9.jpg,0,0,0.9527,0.275,0.006,0.146,8.494,4.47,29.092,0.375,43.37
FireSmokeVideoNEW272_f34_jpg.rf.17eab7e1f185c1bf78222fa35986e631.jpg,0,0,0.9998,0.271,0.006,0.074,8.714,6.014,46.261,0.422,62.278
FireSmokeVideoNEW272_f40_jpg.rf.5021128e8f11f4be0933cbc0e2ffd97a.jpg,0,0,0.9984,0.383,0.007,0.079,10.978,2.111,29.174,0.335,43.597
FireSmokeVideoNEW275_f0_jpg.rf.66efa8f4455c2211b1008e5a09fc635f.jpg,0,0,1.0,0.278,0.007,0.073,5.4,1.214,29.091,0.322,36.905
FireSmokeVideoNEW275_f2_jpg.rf.2c4eb2d850522c60eb1ad7590c09421c.jpg,0,0,1.0,0.286,0.006,0.074,5.755,1.234,40.439,0.366,48.683
FireSmokeVideoNEW275_f4_jpg.rf.3c3d229e122e904ca5813eb2f0b03a09.jpg,0,0,1.0,0.284,0.006,0.075,5.951,1.401,29.418,0.318,37.973
FireSmokeVideoNEW275_f7_jpg.rf.3d3cfcb2ac85080323093b5f4f6c41b8.jpg,0,0,1.0,0.278,0.007,0.076,5.575,5.293,29.316,0.335,41.414
FireSmokeVideoNEW28_f10_jpg.rf.4bb4d72f7f6c00ff76743ecb428ff3d0.jpg,0,0,1.0,0.275,0.006,0.074,6.863,1.253,29.13,0.331,38.457
FireSmokeVideoNEW28_f1_jpg.rf.d1e73d75ae2b9e6caeec1d2cdc9124e7.jpg,0,0,1.0,0.284,0.006,0.075,10.227,6.113,34.65,0.345,52.256
FireSmokeVideoNEW28_f21_jpg.rf.457752981e7607422ba3a8fc0040cba9.jpg,0,0,1.0,0.375,0.007,0.076,9.985,6.053,20.35,0.324,37.667
FireSmokeVideoNEW28_f23_jpg.rf.f783a837f645611d965ea29521af99c8.jpg,0,0,1.0,0.274,0.006,0.069,10.812,2.156,29.24,0.336,43.467
FireSmokeVideoNEW28_f29_jpg.rf.e6f9ee24d7da87d2cb32dadd9e3b77c4.jpg,0,0,1.0,0.274,0.006,0.074,5.803,1.198,33.265,0.375,41.514
FireSmokeVideoNEW28_f31_jpg.rf.b75f68e92e02020b7ebcb2ab065a5e01.jpg,0,0,1.0,0.28,0.006,0.072,8.173,6.254,29.38,0.322,45.024
FireSmokeVideoNEW28_f34_jpg.rf.92bb8541bcf700c33b44667585e21002.jpg,0,0,1.0,0.277,0.006,0.074,9.079,6.283,29.124,0.326,45.679
FireSmokeVideoNEW28_f36_jpg.rf.d36a568fc3698f3163d4868ee8ad919b.jpg,0,0,1.0,0.282,0.007,0.077,8.934,6.395,29.334,0.423,45.967
FireSmokeVideoNEW28_f38_jpg.rf.3439617aab6c1d0e3ae38eb636cbbf8f.jpg,0,0,1.0,0.279,0.006,0.075,5.602,1.188,29.348,0.33,37.421
FireSmokeVideoNEW28_f3_jpg.rf.8071c70044c10492beb8062b5511f680.jpg,0,0,1.0,0.279,0.007,0.072,5.906,3.169,29.592,0.333,39.856
FireSmokeVideoNEW2_f21_jpg.rf.0e9524cf62f6668246104036ea965a9a.jpg,0,0,0.9698,0.269,0.006,0.075,7.51,1.221,29.159,0.326,39.144
FireSmokeVideoNEW2_f23_jpg.rf.2419c84a5bda0a37d4631053393f7144.jpg,0,0,0.9898,0.281,0.006,0.076,7.466,6.016,43.337,0.282,58.363
FireSmokeVideoNEW2_f3_jpg.rf.96bdfc0d1d0807033c3499bfcca417d2.jpg,0,0,1.0,0.258,0.006,0.068,5.747,1.205,20.461,0.321,28.551
FireSmokeVideoNEW2_f5_jpg.rf.acd86e0e4ec1ad803dd924f149d009d0.jpg,0,0,0.9999,0.265,0.006,0.068,5.677,1.236,33.154,0.332,41.291
FireSmokeVideoNEW32_f0_jpg.rf.2400a4bfa095f21a573437da42451295.jpg,0,0,1.0,0.26,0.006,0.071,7.514,1.217,29.25,0.336,39.195
FireSmokeVideoNEW32_f13_jpg.rf.ae355b286908e2d29d9a44f3f1b567b9.jpg,0,0,1.0,0.475,0.006,0.21,10.379,6.505,29.537,0.332,47.967
FireSmokeVideoNEW32_f16_jpg.rf.a2bcfc2b71be00d988e48550c76c42a9.jpg,0,0,1.0,0.278,0.006,0.074,6.319,1.258,29.095,0.322,37.859
FireSmokeVideoNEW32_f1_jpg.rf.3299347e0a4bdbc4da1df1a6db03ccd7.jpg,0,0,1.0,0.275,0.006,0.072,5.249,2.548,33.037,0.317,42.004
FireSmokeVideoNEW32_f22_jpg.rf.83ac8450a5d131bcc7a1a42581404bdf.jpg,0,0,1.0,0.259,0.006,0.111,11.389,6.035,32.725,0.354,51.375
FireSmokeVideoNEW32_f30_jpg.rf.14dd351a29b47e6c65320fb88bd6908f.jpg,0,1,0.9988,0.277,0.006,0.078,10.908,4.887,29.134,0.369,46.159
FireSmokeVideoNEW32_f32_jpg.rf.c7579105a780c42823b2bf0cfe716a2f.jpg,0,0,0.9987,0.277,0.006,0.074,6.756,1.189,29.165,0.321,38.279
FireSmokeVideoNEW32_f35_jpg.rf.e85d0be8faf914b709dc04814aaf341f.jpg,0,0,0.9558,0.275,0.006,0.071,5.625,1.212,36.297,0.37,44.384
FireSmokeVideoNEW32_f5_jpg.rf.d64bb033fd7cbf4738e6dfe35fdf1703.jpg,0,0,1.0,0.262,0.006,0.07,7.37,1.206,20.531,0.326,30.457
FireSmokeVideoNEW32_f9_jpg.rf.6dee71363eb5db4b336191f69e9b1ed7.jpg,0,0,1.0,0.275,0.006,0.074,5.852,1.24,33.267,0.33,41.547
FireSmokeVideoNEW33_f22_jpg.rf.7b762c1aaea4343a5ef9d0c55f56f953.jpg,0,0,0.9945,0.28,0.006,0.072,5.205,1.273,29.102,0.321,36.763
FireSmokeVideoNEW33_f4_jpg.rf.2a2a5a5e75eee5f94bff7e57472718ad.jpg,0,0,0.9982,0.276,0.007,0.074,5.691,1.189,49.177,0.37,57.315
FireSmokeVideoNEW33_f7_jpg.rf.8f4a8f9f00ac9edbee0d4623323bdcd6.jpg,0,0,0.999,0.286,0.007,0.074,5.576,1.197,20.685,0.324,28.641
FireSmokeVideoNEW33_f9_jpg.rf.6c70578f3c4ef4ec42b2df3d2c549ceb.jpg,0,0,0.8772,0.278,0.006,0.074,5.497,1.19,33.31,0.31,41.262
FireSmokeVideoNEW34_f1_jpg.rf.8215067316131a3313e18d5ad5353d99.jpg,0,0,1.0,0.264,0.006,0.07,5.31,1.173,29.093,0.321,36.697
FireSmokeVideoNEW34_f34_jpg.rf.37cec1d82efd789d44143e68cd758395.jpg,0,0,1.0,0.266,0.005,0.072,5.469,2.161,33.224,0.318,41.997
FireSmokeVideoNEW34_f38_jpg.rf.26502230165a0194b177c8d1b86e9696.jpg,0,0,1.0,0.275,0.006,0.077,5.056,1.236,20.316,0.307,27.754
FireSmokeVideoNEW34_f40_jpg.rf.b206248a0c183d0f0c6fa6b3cea3f9b1.jpg,0,0,1.0,0.271,0.007,0.073,5.469,1.2,33.3,0.318,41.139
FireSmokeVideoNEW34_f42_jpg.rf.d53011814dbea48b0ec1dafff52177a1.jpg,0,0,1.0,0.258,0.006,0.067,5.163,1.512,29.081,0.312,36.881
FireSmokeVideoNEW34_f44_jpg.rf.1177396e61f8137af220647dce4b1245.jpg,0,0,1.0,0.268,0.006,0.068,6.43,6.076,29.328,0.329,43.015
FireSmokeVideoNEW34_f46_jpg.rf.cca6e614ca8501a020d46912f1b3ee4e.jpg,0,0,1.0,0.275,0.006,0.075,6.916,1.457,29.171,0.372,38.806
FireSmokeVideoNEW34_f50_jpg.rf.a36a4778c1868528e32b55d792489d17.jpg,0,0,1.0,0.282,0.006,0.075,5.891,2.796,30.109,0.371,40.047
FireSmokeVideoNEW34_f52_jpg.rf.8ce2843bdac208f9cecc552f7a6ca397.jpg,0,0,1.0,0.278,0.006,0.073,7.493,6.0,47.82,0.388,62.582
FireSmokeVideoNEW34_f9_jpg.rf.21533fd04be19eae845493f79a8b8d5d.jpg,0,0,1.0,0.28,0.006,0.074,8.607,6.983,20.382,0.32,37.16
FireSmokeVideoNEW39_f12_jpg.rf.6b1a04cbd026fc441becebb94e427c4a.jpg,0,0,1.0,0.281,0.006,0.073,8.708,5.96,29.146,0.33,45.016
FireSmokeVideoNEW39_f14_jpg.rf.0b630472ef3171594b7408d634811857.jpg,0,0,1.0,0.241,0.005,0.054,9.695,1.66,39.84,0.366,52.451
FireSmokeVideoNEW39_f27_jpg.rf.a348c34cb0c905bc10848eef58c16736.jpg,0,0,1.0,0.28,0.007,0.11,9.203,1.482,20.511,0.363,32.431
FireSmokeVideoNEW39_f29_jpg.rf.3153d7e1c815872b09fa97870799ef0f.jpg,0,0,1.0,0.272,0.006,0.071,9.155,1.197,29.416,0.316,40.949
FireSmokeVideoNEW39_f30_jpg.rf.bc038c090b010da4c10327f81f872cb0.jpg,0,0,1.0,0.255,0.006,0.067,5.093,1.17,30.007,0.302,37.369
FireSmokeVideoNEW39_f38_jpg.rf.82ad0aa274eed9218fd4ed14780e9bad.jpg,0,0,1.0,0.258,0.006,0.063,11.228,5.45,31.125,0.333,48.999
FireSmokeVideoNEW39_f3_jpg.rf.c34909729e2fc010ba87b670b4c77269.jpg,0,0,1.0,0.27,0.006,0.074,8.662,5.922,29.139,0.344,44.925
FireSmokeVideoNEW39_f5_jpg.rf.92baa02b2efc10d6311e03b178523e76.jpg,0,0,1.0,0.278,0.006,0.07,7.133,6.141,29.158,0.341,43.674
FireSmokeVideoNEW39_f7_jpg.rf.6fa03b62a2a987bef0d1121c557bc62a.jpg,0,0,1.0,0.276,0.006,0.075,6.528,5.968,44.696,0.602,58.632
FireSmokeVideoNEW39_f9_jpg.rf.05d7d81358629eb2852e6331007a1a4a.jpg,0,0,1.0,0.284,0.006,0.073,8.648,6.02,20.533,0.33,36.407
FireSmokeVideoNEW42_f47_jpg.rf.fefbdf8f7c2f935e5f4f0b188f792887.jpg,0,0,0.954,0.281,0.006,0.077,8.857,5.987,29.199,0.308,45.217
FireSmokeVideoNEW46_f0_jpg.rf.946d702a200935149a2bfd27e574bd51.jpg,0,0,1.0,0.271,0.006,0.073,9.288,6.045,44.816,0.365,61.384
FireSmokeVideoNEW46_f11_jpg.rf.0936909f6cd873e909fd9cec877c6170.jpg,0,0,0.9999,0.277,0.006,0.073,9.169,5.979,20.353,0.317,36.682
FireSmokeVideoNEW46_f13_jpg.rf.0473876fe175a3df05494cecb56edf4b.jpg,0,0,1.0,0.282,0.007,0.076,9.346,6.131,29.128,0.317,45.807
FireSmokeVideoNEW46_f17_jpg.rf.8ad412a7df70200affbd47d3955b8f23.jpg,0,0,1.0,0.271,0.006,0.072,6.302,1.204,30.568,0.604,39.548
FireSmokeVideoNEW46_f19_jpg.rf.a4ad74e22f482a72ff8982feeda7fc3d.jpg,0,0,1.0,0.257,0.006,0.067,5.253,1.611,33.07,0.321,41.121
FireSmokeVideoNEW46_f2_jpg.rf.c648a34debc2802b7fcc427f8100ba55.jpg,0,0,0.9999,0.253,0.006,0.064,5.553,1.144,28.989,0.344,36.87
FireSmokeVideoNEW46_f3_jpg.rf.b37ca62c29e752c22d88e612645f6f13.jpg,0,0,0.9987,0.218,0.004,0.044,6.026,1.874,33.222,0.329,42.281
FireSmokeVideoNEW46_f5_jpg.rf.6fc10ebb6c245cf0beafb1715d734d4e.jpg,0,0,0.9999,0.263,0.006,0.067,8.579,5.684,27.382,0.368,42.839
FireSmokeVideoNEW46_f7_jpg.rf.bdb3373b6a924b037a4685de7305f41b.jpg,0,0,0.9342,0.245,0.006,0.057,5.476,1.109,23.083,0.309,30.748
FireSmokeVideoNEW47_f51_jpg.rf.c88a9a00e436ad4847e42bef177b68ce.jpg,0,0,0.9989,0.247,0.006,0.06,5.115,1.261,23.547,0.286,30.982
FireSmokeVideoNEW48_f14_jpg.rf.56243d543269e852e51ed4a0117e8539.jpg,0,0,1.0,0.244,0.005,0.059,5.214,1.133,25.064,0.294,32.605
FireSmokeVideoNEW48_f19_jpg.rf.0b70ec5385e2deb805c52d665f085647.jpg,0,0,0.9983,0.235,0.005,0.059,10.597,7.874,41.488,0.34,61.377
FireSmokeVideoNEW48_f20_jpg.rf.2b84e7c78da5d2d5c1921742e44bdc1e.jpg,0,0,1.0,0.267,0.006,0.069,8.741,5.932,29.172,0.318,45.032
FireSmokeVideoNEW48_f27_jpg.rf.6f0ea7fe884a78a1b811a178ab0eac35.jpg,0,0,0.5327,0.274,0.006,0.073,9.006,4.934,29.151,0.336,44.249
FireSmokeVideoNEW48_f2_jpg.rf.ec11cbfdc108affb5a7c9723dbb7e5da.jpg,0,0,1.0,0.28,0.006,0.075,9.999,5.704,41.172,0.343,58.077
FireSmokeVideoNEW48_f4_jpg.rf.8cf00b4fa17c2551537859be9fde3adc.jpg,0,0,1.0,0.283,0.006,0.077,9.566,5.168,29.245,0.413,45.258
FireSmokeVideoNEW48_f9_jpg.rf.ca91030726b8b41e67493de29adad562.jpg,0,0,1.0,0.359,0.006,0.078,8.716,5.894,29.184,0.326,45.088
FireSmokeVideoNEW53_f1_jpg.rf.be3cc4af60b8e00cd05cfa5e51ad005e.jpg,0,0,1.0,0.271,0.006,0.071,9.898,6.237,44.307,0.366,62.078
FireSmokeVideoNEW53_f2_jpg.rf.3d973bf1ac678298859d488cb4bfe757.jpg,0,0,1.0,0.281,0.006,0.074,6.472,1.12,20.287,0.313,29.031
FireSmokeVideoNEW53_f3_jpg.rf.c585371eb2404fbdf5969b1273dc86d6.jpg,0,0,1.0,0.252,0.005,0.062,5.387,4.44,29.166,0.313,40.151
FireSmokeVideoNEW53_f52_jpg.rf.a3230f3288fb962379665fb159f9317f.jpg,0,0,1.0,0.264,0.006,0.07,7.258,1.207,29.321,0.449,39.106
FireSmokeVideoNEW53_f5_jpg.rf.50876281755a19260cc1d23bde91547a.jpg,0,0,1.0,0.252,0.006,0.066,5.905,2.663,31.225,0.308,40.946
FireSmokeVideoNEW53_f7_jpg.rf.7b454ecfa010b15be836f1818eb9bdcc.jpg,0,0,1.0,0.263,0.006,0.07,7.516,1.27,29.183,0.299,39.129
FireSmokeVideoNEW53_f9_jpg.rf.fe1cd71cc35a34c3db2d47541a5a491f.jpg,0,0,1.0,0.252,0.005,0.065,5.982,1.581,29.131,0.29,37.794
FireSmokeVideoNEW54_f13_jpg.rf.a9e867909a17f3f9c11ca08ddf18b5dc.jpg,0,0,1.0,0.299,0.005,0.059,7.759,6.073,45.579,0.375,60.681
FireSmokeVideoNEW54_f38_jpg.rf.cca8610c8803098ff4c112e69e53928d.jpg,0,0,1.0,0.269,0.006,0.071,10.53,1.196,20.453,0.333,33.359
FireSmokeVideoNEW54_f55_jpg.rf.8c8d8266780830e66fd8172a9978a3f3.jpg,0,0,1.0,0.276,0.006,0.076,8.998,5.939,29.115,0.311,45.278
FireSmokeVideoNEW56_f20_jpg.rf.22946dd32acfc9afc317f1d62d04bfbf.jpg,0,0,1.0,0.28,0.007,0.075,9.149,6.087,35.909,0.366,52.383
FireSmokeVideoNEW56_f2_jpg.rf.80406e8b8db41fbb2a526666406933ea.jpg,0,0,1.0,0.277,0.006,0.074,9.002,5.946,20.475,0.326,36.619
FireSmokeVideoNEW57_f0_jpg.rf.0f2ac245a69e897a0b3f132c5bf85c27.jpg,0,0,1.0,0.276,0.006,0.073,10.209,6.029,29.176,0.358,46.635
FireSmokeVideoNEW57_f17_jpg.rf.a453dc14f6f15fc3de4a74d44c01b582.jpg,0,0,1.0,0.272,0.006,0.074,7.236,1.287,29.454,0.465,39.341
FireSmokeVideoNEW57_f19_jpg.rf.193e9484ef231b4d852a672156a828fb.jpg,0,0,1.0,0.206,0.004,0.046,5.946,2.748,21.583,0.333,31.387
FireSmokeVideoNEW57_f31_jpg.rf.4740da129b70974c33df9d8baa14ef93.jpg,0,0,1.0,0.262,0.006,0.072,9.088,6.179,29.179,0.314,45.626
FireSmokeVideoNEW57_f42_jpg.rf.4f77a2a110e95e655d236b9a91d0cddc.jpg,0,0,1.0,0.276,0.006,0.078,9.209,6.189,29.198,0.323,45.794
FireSmokeVideoNEW57_f6_jpg.rf.85c2607d9aad7c96de861d85c83cfd1e.jpg,0,0,1.0,0.287,0.006,0.078,10.438,6.256,29.459,0.332,47.382
FireSmokeVideoNEW58_f17_jpg.rf.076d9217e2466be0e0fd241ae7f862a3.jpg,0,0,1.0,0.284,0.006,0.076,8.64,7.719,29.247,0.33,46.81
FireSmokeVideoNEW63_f11_jpg.rf.25ae51ab6751c2d51da80735217b0266.jpg,0,0,0.9898,0.274,0.006,0.075,9.149,5.791,29.232,0.325,45.386
FireSmokeVideoNEW63_f13_jpg.rf.b6d8ff5649c5231eb191262548710ec5.jpg,0,0,0.9937,0.275,0.006,0.075,10.174,7.424,42.074,0.351,60.921
FireSmokeVideoNEW63_f19_jpg.rf.e15a7746a3b7c63745c8c7b7da181fdf.jpg,0,0,1.0,0.273,0.006,0.076,10.154,1.287,20.364,0.328,32.98
FireSmokeVideoNEW63_f36_jpg.rf.a0eba986ede34082f38d6ce0b5e4fbca.jpg,0,0,0.5461,0.275,0.006,0.073,5.676,1.199,33.392,0.299,41.399
FireSmokeVideoNEW63_f42_jpg.rf.fe301e2deb9d6c60b048e228f8e3f78b.jpg,0,0,0.8326,0.303,0.006,0.063,5.686,1.231,29.503,0.353,38.042
FireSmokeVideoNEW63_f6_jpg.rf.7c4ff88b991b7d55bc27353d442f6479.jpg,0,0,0.9811,0.269,0.006,0.071,5.834,1.324,33.266,0.32,41.583
FireSmokeVideoNEW63_f9_jpg.rf.a020de6c38e4bc3866286605bb6758c0.jpg,0,0,0.978,0.28,0.006,0.076,5.95,1.34,29.034,0.313,37.524
FireSmokeVideoNEW64_f150_jpg.rf.6ec4b2d180978f7148d8db8b68ec3d6c.jpg,0,0,1.0,0.271,0.006,0.074,5.605,1.201,33.246,0.353,41.249
FireSmokeVideoNEW67_f2_jpg.rf.daadde4a854a81a0f02598ae3a1873b7.jpg,0,0,0.7819,0.374,0.006,0.077,8.996,5.886,45.06,0.364,61.303
FireSmokeVideoNEW67_f3_jpg.rf.e4ecce359edcc9aaee297ded26bd224d.jpg,0,0,0.5935,0.273,0.007,0.075,7.575,3.403,20.3,0.315,32.417
FireSmokeVideoNEW67_f4_jpg.rf.7ef6096d19f1e5d6c95361f949b8b860.jpg,0,0,0.4599,0.276,0.006,0.076,5.749,1.203,29.137,0.31,37.258
FireSmokeVideoNEW6_f10_jpg.rf.8cbe534300bd63ed1a2225d5bacef23f.jpg,0,0,0.9101,0.266,0.006,0.067,5.88,1.553,42.616,0.353,51.211
FireSmokeVideoNEW6_f13_jpg.rf.0554da6efca5c9547c0d2db399f61286.jpg,0,1,0.5756,0.28,0.006,0.073,5.368,1.234,29.217,0.313,37.005
FireSmokeVideoNEW6_f1_jpg.rf.3d6226ac747b206b2b0e2a82d90ad4c3.jpg,0,0,0.9995,0.272,0.005,0.071,5.284,1.297,33.281,0.311,41.0
FireSmokeVideoNEW6_f24_jpg.rf.8d2308fb08f265e0b97f90584fe28e2e.jpg,0,0,1.0,0.289,0.006,0.078,5.302,1.16,29.006,0.308,36.662
FireSmokeVideoNEW6_f2_jpg.rf.e109f60eb45b81065e94ec815811ebcd.jpg,0,0,0.9992,0.285,0.007,0.075,11.736,6.028,32.93,0.335,51.891
FireSmokeVideoNEW6_f4_jpg.rf.0d6b29d2f459353f71ddf60ae2b2fc48.jpg,0,0,0.9361,0.27,0.007,0.074,7.773,1.27,20.355,0.33,30.599
FireSmokeVideoNEW6_f6_jpg.rf.77b5c7930d92854bf87af48e1700c4e0.jpg,0,0,0.9637,0.276,0.006,0.073,5.539,1.672,33.499,0.336,41.895
FireSmokeVideoNEW6_f8_jpg.rf.f309ef160b3c3c369fea22b5a31bfda5.jpg,0,0,0.6281,0.269,0.006,0.073,5.522,1.351,33.033,0.374,41.13
FireSmokeVideoNEW73_f1_jpg.rf.5804fa5e2c17b2760c764f6cd0e4ee7a.jpg,0,0,0.9945,0.283,0.006,0.074,7.678,3.104,29.323,0.339,41.201
FireSmokeVideoNEW73_f31_jpg.rf.a5a7abcd560770f3ad8075c832046ab6.jpg,0,0,0.9914,0.276,0.007,0.075,7.945,1.337,29.136,0.32,39.625
FireSmokeVideoNEW73_f33_jpg.rf.be83c389fea72019723db1dbe2661485.jpg,0,0,0.9965,0.368,0.006,0.075,5.44,6.413,29.042,0.332,42.183
FireSmokeVideoNEW73_f3_jpg.rf.80cf7fd5835b56a66d2a5007f28b4327.jpg,0,0,0.9858,0.283,0.006,0.074,7.824,1.176,21.861,0.325,32.067
FireSmokeVideoNEW73_f45_jpg.rf.9dc49a737143aa0848b6916ab608c543.jpg,0,0,0.9996,0.278,0.005,0.072,7.904,4.618,29.536,0.326,43.24
FireSmokeVideoNEW73_f4_jpg.rf.800537e07a64962896778864b0591eae.jpg,0,0,0.9465,0.259,0.006,0.069,10.003,2.329,29.152,0.316,42.666
FireSmokeVideoNEW73_f6_jpg.rf.515f0defa87139b149a5cfdee21313ac.jpg,0,0,1.0,0.284,0.006,0.075,11.426,6.148,36.106,0.324,54.836
FireSmokeVideoNEW75_f33_jpg.rf.2ee9cdd9def279ff273ef66e7a0cb377.jpg,0,0,1.0,0.375,0.006,0.069,10.074,1.212,20.43,0.329,33.442
FireSmokeVideoNEW75_f35_jpg.rf.b80679d1063fcd1f85d0d3f0c78ba13b.jpg,0,0,1.0,0.275,0.006,0.07,8.153,4.769,29.208,0.304,43.991
FireSmokeVideoNEW75_f45_jpg.rf.69e2c92e7d989e8269ffd61a27a2aa13.jpg,0,0,1.0,0.249,0.006,0.062,5.839,1.372,37.494,0.73,46.264
FireSmokeVideoNEW75_f48_jpg.rf.4fe0cc9fcd7df1aa6c6bed8ca01c8015.jpg,0,0,1.0,0.248,0.005,0.062,5.923,1.173,33.209,0.38,41.49
FireSmokeVideoNEW75_f68_jpg.rf.9aaeb12d401e8cc7f2939155adecc0f5.jpg,0,0,1.0,0.255,0.006,0.067,5.98,1.417,28.965,0.3,37.478
FireSmokeVideoNEW75_f75_jpg.rf.e88e49fecb20c35c69c34942f33a06a7.jpg,0,0,1.0,0.251,0.005,0.065,7.508,5.104,29.328,0.36,43.488
FireSmokeVideoNEW75_f78_jpg.rf.87dddcc348df8fb661dcc67f17bb9f2d.jpg,0,0,1.0,0.282,0.006,0.112,6.288,1.527,29.483,0.307,38.55
FireSmokeVideoNEW75_f80_jpg.rf.9471fe6a95f23f6cf0169b283586d685.jpg,0,0,1.0,0.251,0.006,0.063,5.243,1.242,33.541,0.356,41.192
FireSmokeVideoNEW77_f0_jpg.rf.4a14fd690d14ad736592948ee9e8479d.jpg,0,0,0.9956,0.25,0.005,0.065,5.283,1.137,20.72,0.35,28.337
FireSmokeVideoNEW77_f2_jpg.rf.88e0bee913f1efd71b9762beba9a9758.jpg,0,0,0.972,0.264,0.005,0.066,5.667,4.207,34.945,0.376,46.038
FireSmokeVideoNEW77_f4_jpg.rf.11fca767124a67dfda05ea0ff98197d6.jpg,0,1,0.5676,0.258,0.006,0.066,8.894,3.5,29.893,0.314,43.405
FireSmokeVideoNEW77_f6_jpg.rf.0adf49b0786314e6dcf2ae804245b4c3.jpg,0,0,1.0,0.255,0.005,0.069,5.467,1.144,33.114,0.291,40.88
FireSmokeVideoNEW78_f100_jpg.rf.0246a93591f580c23841f1f7a03d4378.jpg,0,0,1.0,0.24,0.006,0.06,5.924,1.354,29.029,0.325,37.436
FireSmokeVideoNEW78_f102_jpg.rf.a2d5cf1ede7214163378c154870f20df.jpg,0,0,0.9999,0.277,0.006,0.068,11.241,3.664,29.242,0.331,45.248
FireSmokeVideoNEW78_f104_jpg.rf.4dfdeaab2d0f11e560669b1db346ab29.jpg,0,0,1.0,0.275,0.005,0.071,6.128,1.331,29.189,0.328,37.862
FireSmokeVideoNEW78_f106_jpg.rf.03e27ed66fb5e083bcd70ef8e2b22de7.jpg,0,0,1.0,0.273,0.006,0.075,5.678,1.445,33.289,0.325,41.611
FireSmokeVideoNEW78_f10_jpg.rf.69aed95726c0095073665b0547b6c0ed.jpg,0,0,0.9996,0.268,0.005,0.068,5.34,1.202,34.971,0.361,42.734
FireSmokeVideoNEW78_f122_jpg.rf.28dbb8a05a0291954b64ab4b75560d87.jpg,0,0,0.9997,0.273,0.006,0.112,6.162,1.023,33.386,0.333,41.715
FireSmokeVideoNEW78_f124_jpg.rf.da29f797f636157db5e44eeee1e233f9.jpg,0,0,0.5135,0.276,0.006,0.075,5.567,1.237,29.12,0.332,37.14
FireSmokeVideoNEW78_f127_jpg.rf.321d817e07be65ecfaaed302fe940299.jpg,0,1,0.6238,0.272,0.006,0.075,5.608,1.249,33.459,0.339,41.542
FireSmokeVideoNEW78_f12_jpg.rf.2f015eabaf21f5b942f8a0bcf23d91ff.jpg,0,0,1.0,0.288,0.006,0.077,10.241,5.996,43.792,0.358,61.299
FireSmokeVideoNEW78_f131_jpg.rf.b3b8dd2cd92377e41c69b08136962380.jpg,0,0,1.0,0.27,0.006,0.073,10.347,6.016,20.425,0.315,37.949
FireSmokeVideoNEW78_f133_jpg.rf.b1330a0b83a815537dcb8cf7a805c634.jpg,0,0,0.9997,0.28,0.006,0.072,8.803,1.29,29.089,0.323,40.397
FireSmokeVideoNEW78_f136_jpg.rf.07483348f2b8003d1b57ebe68cabe6dd.jpg,0,1,0.5593,0.273,0.006,0.072,5.509,1.264,44.129,0.357,52.129
FireSmokeVideoNEW78_f138_jpg.rf.507f5c7806e18c1a350e44407de0fe2a.jpg,0,0,0.559,0.2,0.004,0.043,5.688,1.3,29.544,0.359,37.654
FireSmokeVideoNEW78_f13_jpg.rf.e9056c18bdbf9fbd1a8673f84e127374.jpg,0,0,0.9967,0.258,0.006,0.071,5.434,2.547,33.654,0.252,42.744
FireSmokeVideoNEW78_f142_jpg.rf.3ad7a5e4c0bf22702d7b5346f04bc6ed.jpg,0,0,1.0,0.272,0.006,0.072,5.375,1.645,29.155,0.33,37.421
FireSmokeVideoNEW78_f145_jpg.rf.037ccfa0fc4c862099bf7bf7346c0f5f.jpg,0,0,1.0,0.289,0.006,0.075,12.493,5.781,30.174,0.334,49.645
FireSmokeVideoNEW78_f147_jpg.rf.53226233b248526015d8caca17485998.jpg,0,0,1.0,0.264,0.006,0.069,5.95,1.151,20.259,0.308,28.511
FireSmokeVideoNEW78_f14_jpg.rf.e0b0e00597d55eb4106355586ac58022.jpg,0,0,0.9485,0.274,0.007,0.075,5.668,1.228,33.253,0.297,41.287
FireSmokeVideoNEW78_f152_jpg.rf.1468ff75ff69d32c3b5da5a0f41b31d5.jpg,0,1,0.9769,0.251,0.006,0.063,6.111,1.17,29.044,0.318,37.467
FireSmokeVideoNEW78_f158_jpg.rf.44c2d57f7bada69f448ebba94a5be347.jpg,0,0,1.0,0.214,0.004,0.049,7.328,4.838,29.066,0.332,42.332
FireSmokeVideoNEW78_f15_jpg.rf.61bfc553293c8b84ca5e66929864acdf.jpg,0,1,0.8638,0.269,0.006,0.067,5.936,1.167,28.991,0.286,37.22
FireSmokeVideoNEW78_f161_jpg.rf.fc6ab255d1073c4cd042aea1a9ffc0ce.jpg,0,1,0.9162,0.258,0.006,0.066,5.238,1.145,33.16,0.371,40.719
FireSmokeVideoNEW78_f164_jpg.rf.58c533961fb4ab7e37ea72d1d25da9f6.jpg,0,0,0.4583,0.254,0.005,0.064,5.209,1.193,29.196,0.326,36.743
FireSmokeVideoNEW78_f17_jpg.rf.299e2d271ee22e3adee51bd0a3922796.jpg,0,1,0.9555,0.28,0.007,0.066,5.895,1.32,33.096,0.313,41.382
FireSmokeVideoNEW78_f19_jpg.rf.6a9a9334d939cc1725e048d33aaac632.jpg,0,0,1.0,0.254,0.006,0.062,5.183,1.179,29.091,0.304,36.579
FireSmokeVideoNEW78_f26_jpg.rf.808c1332a8ddd27dc683519fdb709c59.jpg,0,0,1.0,0.255,0.006,0.062,5.185,1.18,33.294,0.337,40.812
FireSmokeVideoNEW78_f31_jpg.rf.f9b23ec992e523a23dab00a5f1df7323.jpg,0,0,1.0,0.254,0.006,0.064,5.724,1.593,29.269,0.404,37.836
FireSmokeVideoNEW78_f34_jpg.rf.048c3a009cf9f01f2c893c3a7f4d29f9.jpg,0,0,1.0,0.272,0.006,0.127,5.533,1.212,33.363,0.344,41.371
FireSmokeVideoNEW78_f38_jpg.rf.d7bcbb88a8606325bca512f08fb12b85.jpg,0,0,1.0,0.277,0.006,0.075,6.672,1.391,29.111,0.33,38.395
FireSmokeVideoNEW78_f42_jpg.rf.e3b7341b07eedc97e4f9e71568efcf3b.jpg,0,0,0.9998,0.278,0.006,0.076,5.653,1.379,33.255,0.331,41.503
FireSmokeVideoNEW78_f47_jpg.rf.0441a6536279080fb8d9e3973da359e1.jpg,0,0,1.0,0.271,0.006,0.07,10.176,2.886,31.09,0.328,45.34
FireSmokeVideoNEW78_f49_jpg.rf.dde62e81d3b1003dec55327fb90205a1.jpg,0,0,1.0,0.263,0.006,0.067,6.57,4.478,29.264,0.33,41.5
FireSmokeVideoNEW78_f52_jpg.rf.97cae6149ae8788c2184eaed6c87a189.jpg,0,0,1.0,0.283,0.006,0.074,5.41,1.212,36.943,0.339,44.797
FireSmokeVideoNEW78_f61_jpg.rf.be1e2bc45ce111239fd79c23f8ab84da.jpg,0,0,1.0,0.262,0.006,0.067,5.333,1.172,36.441,0.356,44.195
FireSmokeVideoNEW78_f63_jpg.rf.fbb9f0f738cfd1b52d9679fde4e550d0.jpg,0,0,0.999,0.267,0.006,0.067,5.81,1.441,29.315,0.337,37.751
FireSmokeVideoNEW78_f75_jpg.rf.9736fba22ca009ad8d833f2743ffdbc4.jpg,0,0,1.0,0.272,0.007,0.071,5.587,1.271,33.227,0.316,41.263
FireSmokeVideoNEW78_f78_jpg.rf.ad211232a0cea8103bc29bcabecf64d2.jpg,0,0,0.6154,0.3,0.006,0.067,5.624,1.573,20.288,0.3,28.722
FireSmokeVideoNEW78_f88_jpg.rf.9c9b2172a345b216cb3b8b94a5c2d2ab.jpg,0,0,1.0,0.262,0.005,0.069,6.26,1.179,45.719,0.286,54.274
FireSmokeVideoNEW78_f90_jpg.rf.80cbc2f807fa48bb77a0ddbb4f92d53b.jpg,0,0,0.988,0.274,0.006,0.133,9.155,5.999,29.258,0.309,45.653
FireSmokeVideoNEW78_f92_jpg.rf.27764e757cbe076dd10b68e650b76830.jpg,0,1,0.9999,0.282,0.006,0.072,9.101,6.096,29.324,0.331,45.723
FireSmokeVideoNEW79_f0_jpg.rf.6c233f9324baca74d71237694e6208bd.jpg,0,0,0.9999,0.274,0.006,0.073,6.514,1.203,29.265,0.393,38.334
FireSmokeVideoNEW79_f2_jpg.rf.5ab5b7083ef2140587b2a747e3586750.jpg,0,0,0.9782,0.278,0.006,0.075,5.866,1.202,33.055,0.301,41.205
FireSmokeVideoNEW80_f50_jpg.rf.7f64db0a23902eb4e695223dd5747b37.jpg,0,0,0.9943,0.261,0.005,0.067,8.455,1.481,29.126,0.334,40.261
FireSmokeVideoNEW80_f61_jpg.rf.959eac64f354d759776d524f88c45b54.jpg,0,0,0.9999,0.273,0.006,0.073,6.953,6.016,29.153,0.39,43.371
FireSmokeVideoNEW80_f65_jpg.rf.7f149793ecdde0a3088c67a29cf616da.jpg,0,0,0.9997,0.285,0.006,0.073,10.175,5.985,44.84,0.365,62.253
FireSmokeVideoNEW81_f211_jpg.rf.38c21e9ceb0d450c3ed4ca3cf710875d.jpg,0,0,1.0,0.272,0.006,0.075,10.066,3.203,20.555,0.333,34.995
FireSmokeVideoNEW89_f11_jpg.rf.70971440ad7fa3a635d4cc1ab55cad11.jpg,0,0,1.0,0.26,0.006,0.066,6.191,1.187,29.112,0.331,37.668
FireSmokeVideoNEW89_f17_jpg.rf.ec3175100da4cb6b501a733b338779f7.jpg,0,0,1.0,0.277,0.006,0.071,5.76,1.219,33.524,0.806,42.191
FireSmokeVideoNEW89_f1_jpg.rf.37a11c7ddf12f38ce97517fee96442bb.jpg,0,0,1.0,0.267,0.006,0.07,6.478,1.26,29.364,0.33,38.288
FireSmokeVideoNEW89_f2_jpg.rf.16478f8bf0e21d7ae5ef8e7051a527cb.jpg,0,0,1.0,0.277,0.006,0.073,5.413,6.08,32.806,0.329,45.517
FireSmokeVideoNEW89_f4_jpg.rf.fa8d6c732f82ea8bce65e81448214a57.jpg,0,0,1.0,0.271,0.006,0.074,5.377,1.261,20.333,0.318,28.158
FireSmokeVideoNEW89_f6_jpg.rf.ccdfa2eab1b682546c276d848611695a.jpg,0,0,1.0,0.277,0.006,0.071,11.902,6.374,42.029,0.344,61.533
FireSmokeVideoNEW91_f108_jpg.rf.5ef9b4b7ed321d80a6402fbdae06d84b.jpg,0,0,0.8449,0.322,0.007,0.073,6.838,1.303,20.42,0.329,29.79
FireSmokeVideoNEW91_f12_jpg.rf.2be217fe87bb1d10063e40ad2f98edfb.jpg,0,0,0.9367,0.269,0.006,0.072,5.479,1.176,33.238,0.298,41.04
FireSmokeVideoNEW91_f13_jpg.rf.6304559d635dfce84893aab443a42e65.jpg,0,0,0.903,0.261,0.005,0.068,5.194,1.218,35.363,0.391,43.017
FireSmokeVideoNEW91_f148_jpg.rf.9e5f4e32806ea4cc19e38216c32ddd68.jpg,0,0,0.9999,0.263,0.006,0.07,7.215,1.182,33.296,0.318,42.855
FireSmokeVideoNEW91_f170_jpg.rf.d36210d91c7d46d5ca51b63bc9498af5.jpg,0,0,0.9471,0.276,0.005,0.073,5.279,1.469,29.067,0.309,36.979
FireSmokeVideoNEW91_f21_jpg.rf.a12d1de3d7849f71b00134f7aad3c96e.jpg,0,0,0.9679,0.28,0.007,0.074,5.487,1.154,33.282,0.327,41.099
FireSmokeVideoNEW91_f38_jpg.rf.a087aed53a287ec998541fb45a7d99bd.jpg,0,0,0.9215,0.276,0.006,0.071,11.704,5.76,32.306,0.332,50.914
FireSmokeVideoNEW91_f40_jpg.rf.780ddb94651d757a91f575081bd62f4b.jpg,0,0,0.9999,0.279,0.006,0.118,5.462,1.194,33.424,0.33,41.344
FireSmokeVideoNEW91_f42_jpg.rf.32a7340390b259f4193b115a5e8b8e6e.jpg,0,0,0.9568,0.279,0.006,0.072,5.328,1.198,29.131,0.325,36.843
FireSmokeVideoNEW91_f47_jpg.rf.950519a05fa951eb26376e406dab7dbf.jpg,0,0,0.6723,0.277,0.006,0.073,5.362,1.283,34.814,0.365,42.686
FireSmokeVideoNEW91_f6_jpg.rf.6737f231d43f4a31b404b6c2d00a7653.jpg,0,0,0.9978,0.275,0.006,0.073,5.674,1.198,29.446,0.36,37.559
FireSmokeVideoNEW91_f83_jpg.rf.b3ce501ee874dfaa8930d94da168fbcf.jpg,0,0,0.9509,0.262,0.006,0.076,5.186,1.196,33.245,0.328,40.805
FireSmokeVideoNEW94_f46_jpg.rf.388c6a516184b8ceb517c84668463f97.jpg,0,0,1.0,0.273,0.006,0.073,5.277,1.2,29.08,0.35,36.788
FireSmokeVideoNEW94_f51_jpg.rf.3626a9e872bd6254896a5f991db229b2.jpg,0,0,1.0,0.287,0.006,0.075,12.828,4.589,40.074,0.342,58.73
FireSmokeVideoNEW95_f106_jpg.rf.7ac012d87c7064e231e67b159d856e28.jpg,0,0,1.0,0.279,0.006,0.076,6.415,1.845,29.117,0.325,38.656
FireSmokeVideoNEW95_f114_jpg.rf.c99df44b78ce44d23869a9bf3e625f92.jpg,0,0,1.0,0.279,0.006,0.074,5.319,3.738,28.991,0.325,39.216
FireSmokeVideoNEW95_f13_jpg.rf.60cf14a601d84bc46dadd09d8994103b.jpg,0,0,1.0,0.282,0.007,0.072,12.451,7.245,44.919,0.376,65.884
FireSmokeVideoNEW95_f15_jpg.rf.f4b4ef47a62a51c9b6f84fe85b00c663.jpg,0,0,1.0,0.278,0.006,0.075,10.021,5.875,20.476,0.368,37.611
FireSmokeVideoNEW95_f18_jpg.rf.fdc6e6e99e84c4e6f0c6a9801a40822d.jpg,0,0,1.0,0.277,0.006,0.072,9.712,1.211,29.072,0.313,41.261
FireSmokeVideoNEW95_f1_jpg.rf.9804acdca65427359fba9b986ef302a2.jpg,0,0,1.0,0.28,0.006,0.073,9.489,5.826,43.159,0.355,59.669
FireSmokeVideoNEW95_f24_jpg.rf.7b772eb5e401a33372318f80ab499a50.jpg,0,0,1.0,0.275,0.006,0.075,9.758,6.167,21.895,0.327,39.035
FireSmokeVideoNEW95_f32_jpg.rf.44f112f3dbd99de1d1a8077f4babbf85.jpg,0,0,1.0,0.275,0.006,0.074,8.25,4.164,29.206,0.335,43.231
FireSmokeVideoNEW95_f37_jpg.rf.da1a2dd187454ee9f36d002cac9e5bbe.jpg,0,0,1.0,0.278,0.006,0.076,5.608,1.17,39.743,0.345,47.746
FireSmokeVideoNEW95_f3_jpg.rf.f97f1088cab1defa5ede17fae3662dda.jpg,0,0,1.0,0.271,0.006,0.067,5.508,1.64,33.347,0.367,41.677
FireSmokeVideoNEW95_f45_jpg.rf.9844ba63008fca16a3502cdc3c933efc.jpg,0,0,0.9646,0.269,0.006,0.067,10.987,6.098,29.176,0.322,47.474
FireSmokeVideoNEW95_f50_jpg.rf.3d5c735424cc3a268d3362e0fa08dc16.jpg,0,0,1.0,0.33,0.006,0.073,6.596,2.227,39.363,0.367,49.823
FireSmokeVideoNEW95_f5_jpg.rf.cdc15902b07229d99725abc0684fcbeb.jpg,0,0,1.0,0.275,0.006,0.071,10.18,5.565,29.341,0.342,46.305
FireSmokeVideoNEW95_f63_jpg.rf.df736824eb6997aabc4ce76c0164e51b.jpg,0,0,1.0,0.268,0.006,0.073,6.258,3.839,29.476,0.325,40.81
FireSmokeVideoNEW95_f76_jpg.rf.32126628e086bbad37b3cb91027df6f7.jpg,0,0,1.0,0.275,0.006,0.073,11.066,5.992,29.211,0.341,47.845
FireSmokeVideoNEW95_f80_jpg.rf.ff75a8d8a75895d16e986cf812a0dacb.jpg,0,0,1.0,0.273,0.006,0.074,10.004,5.211,29.42,0.317,46.09
FireSmokeVideoNEW95_f86_jpg.rf.77ef4245f2953f19593223d6430fa91d.jpg,0,0,1.0,0.273,0.006,0.075,10.882,4.742,29.065,0.312,45.855
FireSmokeVideoNEW95_f93_jpg.rf.75818e05099b5c576452f919c5123dcc.jpg,0,0,1.0,0.265,0.006,0.068,6.741,2.752,31.203,0.318,41.861
FireSmokeVideoNEW99_f10_jpg.rf.01b20f0e79f99cce5df8d577002a3842.jpg,0,1,0.9991,0.284,0.006,0.073,10.441,7.004,32.392,0.334,51.032
FireSmokeVideoNEW99_f32_jpg.rf.89458da19c6af99040a01488035d8c55.jpg,0,1,0.9996,0.275,0.006,0.076,11.117,5.994,29.122,0.319,47.432
FireSmokeVideoNEW99_f40_jpg.rf.eb37bb0cdb2d2172b8c1b9940ce6d06f.jpg,0,0,0.9999,0.274,0.007,0.072,10.822,6.243,29.084,0.367,47.436
FireSmokeVideoNEW99_f76_jpg.rf.1418a6430312c9788d22cda8ccd39184.jpg,0,1,0.5098,0.279,0.007,0.076,11.021,5.427,43.466,0.36,61.133
