image,true_label,pred_label,confidence,input_and_metadata_ms,region_validation_ms,crop_extraction_ms,resize_and_preprocess_ms,batch_construction_ms,model_inference_ms,majority_vote_ms,total_ms
img_000001.jpg,1,1,0.9813,0.231,0.005,0.035,1.693,0.54,13.464,0.406,16.596
img_000004.jpg,1,1,0.7781,0.207,0.004,0.031,1.391,0.621,10.709,0.332,13.49
img_000007.jpg,1,1,0.9997,0.226,0.005,0.035,2.551,0.543,10.536,0.222,14.318
img_000010.jpg,1,1,0.9973,0.576,0.004,0.032,1.354,0.58,10.581,0.224,13.54
img_000016.jpg,1,1,0.9998,0.217,0.005,0.031,2.816,3.638,16.357,0.259,23.607
img_000019.jpg,1,1,0.9852,0.208,0.004,0.034,1.954,2.159,10.602,0.211,15.417
img_000025.jpg,1,1,0.929,0.211,0.005,0.03,1.082,0.582,11.331,0.233,13.659
img_000028.jpg,1,1,0.998,0.21,0.005,0.033,5.758,0.712,12.484,0.239,19.662
img_000031.jpg,1,1,0.9965,0.206,0.005,0.032,4.649,0.65,10.696,0.234,16.692
img_000034.jpg,1,0,0.8662,0.208,0.005,0.032,2.13,0.645,10.685,0.225,14.138
img_000109.jpg,1,1,0.9033,0.21,0.005,0.032,1.211,0.57,10.877,0.235,13.321
img_000172.jpg,1,1,1.0,0.206,0.005,0.031,1.379,0.61,10.67,0.222,13.362
img_000175.jpg,1,1,1.0,0.204,0.004,0.03,1.125,0.909,12.417,0.214,15.114
img_000178.jpg,1,1,1.0,0.209,0.006,0.033,1.128,0.625,10.74,0.253,13.198
img_000181.jpg,1,1,1.0,0.211,0.006,0.033,1.185,0.586,12.581,0.234,15.043
img_000184.jpg,1,1,0.9999,0.214,0.004,0.034,1.15,0.616,10.659,0.223,13.11
img_000187.jpg,1,1,0.9998,0.219,0.005,0.031,1.117,0.596,13.259,0.336,15.771
img_000190.jpg,1,1,1.0,0.22,0.004,0.033,1.903,1.828,22.986,0.384,27.597
img_000193.jpg,1,1,1.0,0.206,0.004,0.032,1.731,2.065,13.459,0.341,18.057
img_000196.jpg,1,1,1.0,0.209,0.005,0.033,3.026,3.507,12.367,0.231,19.654
img_000199.jpg,1,1,1.0,0.206,0.004,0.034,3.07,3.38,18.178,0.279,25.45
img_000202.jpg,1,1,1.0,0.201,0.004,0.03,1.623,0.619,10.638,0.213,13.526
img_000205.jpg,1,1,1.0,0.206,0.005,0.033,1.156,0.601,10.625,0.243,13.071
img_000208.jpg,1,1,1.0,0.204,0.005,0.029,1.092,0.689,17.21,0.258,19.687
img_000211.jpg,1,1,1.0,0.204,0.005,0.032,1.087,0.662,14.248,0.313,16.754
img_000214.jpg,1,1,1.0,0.209,0.005,0.035,1.535,0.595,10.697,0.305,13.607
img_000217.jpg,1,1,1.0,0.205,0.005,0.029,1.075,0.588,10.635,0.206,12.94
img_000220.jpg,1,1,1.0,0.203,0.004,0.03,2.384,4.464,25.059,0.415,32.823
img_000223.jpg,1,1,1.0,0.313,0.006,0.043,1.842,0.734,10.694,0.275,14.109
img_000226.jpg,1,1,1.0,0.218,0.004,0.031,1.334,0.616,10.655,0.229,13.296
img_000229.jpg,1,1,1.0,0.221,0.004,0.035,2.637,5.4,21.011,0.97,30.719
img_000232.jpg,1,1,1.0,0.212,0.004,0.033,2.962,1.083,10.628,0.227,15.35
img_000235.jpg,1,1,1.0,0.408,0.006,0.035,1.508,0.603,10.61,0.234,13.604
img_000238.jpg,1,1,1.0,0.219,0.005,0.033,3.306,3.602,12.633,0.238,20.313
img_000241.jpg,1,1,1.0,0.217,0.005,0.034,2.095,0.711,12.706,0.229,16.2
img_000244.jpg,1,1,1.0,0.211,0.004,0.031,1.111,0.584,10.612,0.274,13.014
img_000247.jpg,1,1,0.9999,0.215,0.005,0.035,1.123,1.022,10.585,0.213,13.39
img_000250.jpg,1,1,0.9999,0.201,0.003,0.032,2.954,3.613,16.403,0.268,23.767
img_000253.jpg,1,1,0.9999,0.277,0.007,0.046,3.034,0.872,12.128,0.236,16.915
img_000256.jpg,1,1,0.9925,0.274,0.004,0.032,1.082,0.574,10.592,0.225,12.972
img_000259.jpg,1,1,0.9999,0.204,0.004,0.028,1.091,0.56,11.754,0.215,14.038
img_000265.jpg,1,1,0.9997,0.208,0.004,0.033,7.511,3.861,12.651,0.264,24.918
img_000268.jpg,1,0,0.6686,0.208,0.004,0.035,9.087,0.876,10.717,0.357,21.511
img_000297.jpg,1,1,0.9985,0.214,0.005,0.036,3.666,1.865,14.375,0.246,20.623
img_000300.jpg,1,1,0.9808,0.199,0.004,0.031,3.467,0.976,13.406,0.328,18.691
img_000303.jpg,1,1,0.5091,0.207,0.004,0.033,1.713,0.659,12.692,0.213,15.721
img_000306.jpg,1,1,0.9925,0.206,0.004,0.035,3.377,2.563,19.836,0.288,26.55
img_000309.jpg,1,0,0.5734,0.203,0.004,0.03,5.14,4.92,19.286,0.406,30.335
img_000318.jpg,1,0,0.9313,0.21,0.004,0.033,3.602,0.679,10.678,0.223,15.657
img_000375.jpg,1,1,1.0,0.207,0.005,0.033,2.066,0.563,10.691,0.227,13.992
img_000378.jpg,1,1,1.0,0.207,0.005,0.034,1.344,0.639,12.689,0.232,15.347
img_000381.jpg,1,1,1.0,0.214,0.005,0.033,1.014,0.799,10.368,0.232,12.853
img_000384.jpg,1,1,1.0,0.287,0.004,0.03,1.088,0.565,10.776,0.236,13.174
img_000387.jpg,1,1,1.0,0.207,0.005,0.033,2.493,3.708,12.938,0.265,19.927
img_000390.jpg,1,1,1.0,0.207,0.005,0.031,2.229,0.637,10.662,0.228,14.211
img_000393.jpg,1,1,1.0,0.201,0.004,0.032,1.989,0.638,11.435,0.219,14.724
img_000396.jpg,1,1,1.0,0.207,0.005,0.031,3.639,4.053,13.535,0.239,21.991
img_000399.jpg,1,1,1.0,0.208,0.005,0.033,3.693,3.905,20.725,0.247,29.133
img_000402.jpg,1,1,1.0,0.211,0.004,0.032,3.332,0.789,13.174,0.216,18.033
img_000405.jpg,1,1,1.0,0.206,0.005,0.031,1.896,0.829,10.614,0.223,14.007
img_000408.jpg,1,1,1.0,0.247,0.005,0.03,2.033,0.61,10.586,0.213,13.923
img_000411.jpg,1,1,1.0,0.211,0.005,0.03,3.91,1.829,14.821,0.233,21.401
img_000414.jpg,1,1,1.0,0.207,0.004,0.031,3.686,0.79,13.073,0.264,18.334
img_000417.jpg,1,1,1.0,0.21,0.004,0.031,1.997,0.613,12.632,0.235,15.924
img_000420.jpg,1,1,0.9882,0.207,0.004,0.031,3.664,4.233,27.942,0.262,36.714
img_000423.jpg,1,1,1.0,0.205,0.004,0.033,3.349,0.996,13.306,0.239,18.357
img_000426.jpg,1,1,1.0,0.208,0.004,0.032,1.679,0.703,10.655,0.224,13.723
img_000429.jpg,1,1,1.0,0.203,0.004,0.031,1.592,0.731,11.41,0.236,14.423
img_000432.jpg,1,1,1.0,0.203,0.005,0.034,1.634,1.068,10.643,0.218,14.028
img_000435.jpg,1,1,1.0,0.214,0.004,0.03,1.327,0.68,12.552,0.251,15.274
img_000438.jpg,1,1,1.0,0.206,0.004,0.032,1.038,0.585,10.611,0.257,12.926
img_000441.jpg,1,1,1.0,0.212,0.004,0.032,1.495,1.879,17.381,0.281,21.507
img_000444.jpg,1,1,1.0,0.208,0.004,0.033,1.077,0.594,10.67,0.219,13.007
img_000447.jpg,1,1,1.0,0.206,0.004,0.034,1.238,0.572,12.631,0.233,15.141
img_000450.jpg,1,1,1.0,0.207,0.005,0.032,1.079,0.569,10.596,0.245,12.922
img_000455.jpg,1,1,0.9979,0.199,0.004,0.032,1.251,0.572,13.703,0.235,16.191
img_000459.jpg,1,1,1.0,0.202,0.004,0.033,1.51,0.627,12.62,0.233,15.426
img_000462.jpg,1,1,0.9991,0.201,0.004,0.032,1.016,0.583,10.633,0.249,12.91
img_000465.jpg,1,1,0.9953,0.207,0.005,0.033,0.986,1.275,10.692,0.271,13.68
img_000468.jpg,1,0,0.9994,0.215,0.004,0.073,1.34,0.681,10.636,0.234,13.443
img_000474.jpg,1,1,1.0,0.212,0.005,0.034,1.01,0.581,12.394,0.226,14.659
img_000477.jpg,1,1,0.5943,0.229,0.006,0.037,2.094,3.563,19.411,0.324,25.96
img_000480.jpg,1,1,0.9991,0.202,0.004,0.03,1.251,0.566,10.665,0.227,13.141
img_000483.jpg,1,1,0.9989,0.2,0.004,0.032,1.055,0.572,10.648,0.206,12.916
img_000486.jpg,1,1,0.9367,0.21,0.005,0.033,1.047,0.583,12.66,0.25,14.975
img_000489.jpg,1,1,0.9871,0.205,0.004,0.033,1.02,0.57,10.611,0.22,12.859
img_000492.jpg,1,1,1.0,0.206,0.004,0.03,0.979,0.592,10.618,0.24,12.854
img_000495.jpg,1,1,0.9996,0.203,0.004,0.031,1.015,0.573,10.609,0.228,12.854
img_000498.jpg,1,1,0.9861,0.206,0.004,0.033,1.028,0.672,12.406,0.252,14.793
img_000501.jpg,1,1,0.9998,0.204,0.004,0.031,1.032,0.551,10.624,0.243,12.879
img_000504.jpg,1,1,0.9976,0.209,0.005,0.034,1.013,0.658,12.679,0.226,15.018
img_000507.jpg,1,1,0.5492,0.204,0.004,0.032,1.025,0.57,11.186,0.31,13.517
img_000510.jpg,1,0,0.9873,0.201,0.005,0.03,0.983,0.571,10.715,0.226,12.92
img_000516.jpg,1,1,0.9999,0.204,0.004,0.028,0.977,0.64,12.643,0.245,14.927
img_000519.jpg,1,1,0.9703,0.216,0.005,0.035,1.098,0.593,10.609,0.207,12.964
img_000522.jpg,1,1,0.9732,0.201,0.005,0.033,0.986,0.567,10.59,0.249,12.823
img_000525.jpg,1,1,0.8031,0.208,0.005,0.035,1.022,0.556,10.565,0.216,12.788
img_000528.jpg,1,1,0.5162,0.211,0.004,0.031,0.982,0.554,12.5,0.215,14.687
img_000531.jpg,1,1,0.9998,0.22,0.005,0.031,0.962,0.559,10.586,0.216,12.764
img_000534.jpg,1,1,0.9999,0.215,0.005,0.032,1.614,1.917,10.854,0.277,15.123
img_000537.jpg,1,1,0.9985,0.21,0.004,0.032,2.459,3.751,12.536,0.222,19.487
img_000540.jpg,1,1,1.0,0.208,0.004,0.032,2.042,2.035,13.287,0.339,18.151
img_000543.jpg,1,1,0.9971,0.2,0.005,0.032,0.968,0.559,10.541,0.214,12.745
img_000546.jpg,1,1,1.0,0.201,0.004,0.034,2.947,3.608,22.716,0.426,30.27
img_000549.jpg,1,1,0.9916,0.209,0.005,0.032,1.298,0.582,10.656,0.23,13.209
img_000552.jpg,1,1,0.9986,0.206,0.004,0.034,1.019,0.573,12.69,0.216,14.935
img_000555.jpg,1,1,0.9986,0.206,0.005,0.033,0.986,0.588,10.573,0.214,12.797
img_000558.jpg,1,1,1.0,0.201,0.005,0.031,1.014,0.563,18.749,0.4,21.163
img_000580.jpg,1,1,0.9147,0.207,0.004,0.032,1.0,0.564,10.662,0.219,12.885
img_000601.jpg,1,1,1.0,0.208,0.004,0.033,1.029,0.571,10.634,0.224,12.891
img_000604.jpg,1,1,1.0,0.211,0.005,0.035,1.692,0.605,12.402,0.232,15.377
img_000607.jpg,1,1,0.9833,0.219,0.005,0.034,1.01,1.116,10.549,0.211,13.332
img_000610.jpg,1,1,0.9906,0.21,0.005,0.03,1.047,0.591,10.583,0.211,12.859
img_000613.jpg,1,1,0.9816,0.21,0.004,0.035,2.991,4.705,19.759,0.239,28.324
img_000712.jpg,1,1,1.0,0.202,0.004,0.03,2.031,2.971,12.911,0.252,18.634
img_000715.jpg,1,1,1.0,0.206,0.004,0.032,1.431,3.5,12.987,0.279,18.668
img_000718.jpg,1,0,0.7079,0.207,0.004,0.032,1.265,0.585,10.647,0.223,13.154
img_000721.jpg,1,1,0.7569,0.211,0.004,0.033,0.978,0.561,10.584,0.228,12.786
img_000724.jpg,1,1,0.9964,0.2,0.005,0.032,0.964,0.565,10.559,0.27,12.809
img_000727.jpg,1,1,0.9649,0.209,0.005,0.032,1.232,1.576,12.444,0.259,15.974
img_000754.jpg,1,0,1.0,0.265,0.006,0.043,1.645,0.729,12.7,0.214,15.854
img_000757.jpg,1,0,1.0,0.203,0.006,0.028,0.987,0.536,10.583,0.205,12.722
img_000760.jpg,1,0,1.0,0.252,0.005,0.031,2.163,2.361,20.985,0.361,26.365
img_000763.jpg,1,0,1.0,0.209,0.003,0.03,1.294,1.862,12.545,0.349,16.486
img_000766.jpg,1,0,1.0,0.203,0.004,0.031,2.06,3.525,12.933,0.226,19.239
img_000769.jpg,1,0,1.0,0.226,0.005,0.034,1.99,2.369,10.58,0.211,15.614
img_000772.jpg,1,0,1.0,0.216,0.005,0.033,2.467,3.584,13.539,0.323,20.441
img_000775.jpg,1,0,1.0,0.246,0.004,0.033,1.004,0.562,10.656,0.247,12.944
img_000778.jpg,1,0,1.0,0.243,0.004,0.032,1.011,0.645,10.643,0.232,13.002
img_000793.jpg,1,0,1.0,0.22,0.005,0.033,1.367,1.819,10.694,0.234,14.579
img_000799.jpg,1,0,1.0,0.218,0.004,0.035,1.011,0.575,10.631,0.227,12.899
img_000811.jpg,1,0,1.0,0.208,0.004,0.034,2.559,2.451,19.412,0.493,25.697
img_000820.jpg,1,0,1.0,0.209,0.005,0.034,1.752,3.49,10.59,0.217,16.547
img_000829.jpg,1,0,1.0,0.207,0.005,0.033,1.021,0.601,10.626,0.232,12.915
img_000832.jpg,1,0,1.0,0.206,0.004,0.031,1.027,0.568,10.554,0.214,12.787
img_000835.jpg,1,0,0.9987,0.2,0.005,0.031,0.979,0.58,10.589,0.224,12.787
img_000838.jpg,1,0,1.0,0.218,0.004,0.032,1.002,0.566,10.626,0.226,12.869
img_000841.jpg,1,0,1.0,0.211,0.005,0.031,1.303,0.611,10.651,0.233,13.246
img_000844.jpg,1,0,0.9985,0.206,0.004,0.03,0.978,0.568,17.596,0.421,20.002
img_000856.jpg,1,0,0.9999,0.201,0.005,0.029,0.969,0.565,10.627,0.208,12.789
img_000925.jpg,1,1,1.0,0.212,0.005,0.032,1.148,0.559,10.629,0.234,13.011
img_000928.jpg,1,1,1.0,0.203,0.005,0.028,2.967,5.034,20.425,0.404,29.305
img_000931.jpg,1,1,1.0,0.24,0.004,0.031,1.289,0.562,10.631,0.231,13.18
img_000934.jpg,1,1,1.0,0.207,0.004,0.031,1.352,0.564,10.623,0.213,13.191
img_000937.jpg,1,1,1.0,0.203,0.004,0.031,1.227,1.56,14.113,0.399,17.819
img_000940.jpg,1,1,1.0,0.207,0.005,0.033,1.276,0.621,10.61,0.215,13.154
img_000943.jpg,1,0,0.7248,0.217,0.005,0.033,1.003,0.553,10.655,0.22,12.878
img_000946.jpg,1,1,0.9959,0.279,0.005,0.032,2.199,3.414,21.404,0.491,28.11
img_000949.jpg,1,1,1.0,0.215,0.004,0.032,1.244,0.572,10.698,0.244,13.205
img_000952.jpg,1,1,1.0,0.293,0.005,0.046,2.3,2.185,11.219,0.236,16.544
img_000955.jpg,1,1,1.0,0.207,0.004,0.031,2.666,4.154,16.801,0.259,24.41
img_000958.jpg,1,1,1.0,0.203,0.004,0.031,2.034,0.832,10.606,0.21,14.116
img_000961.jpg,1,1,1.0,0.211,0.004,0.033,1.736,0.694,10.648,0.225,13.753
img_000964.jpg,1,1,1.0,0.204,0.004,0.031,2.105,1.782,10.65,0.249,15.241
img_000967.jpg,1,1,1.0,0.208,0.004,0.033,3.983,1.839,12.708,0.235,19.227
img_000970.jpg,1,1,1.0,0.205,0.004,0.034,3.561,0.693,10.721,0.221,15.671
img_000973.jpg,1,1,1.0,0.206,0.004,0.034,2.55,0.645,19.67,0.433,23.818
img_000976.jpg,1,1,1.0,0.228,0.005,0.036,1.872,0.669,10.706,0.318,14.067
img_000979.jpg,1,1,1.0,0.206,0.004,0.033,1.556,0.661,10.704,0.294,13.679
img_000982.jpg,1,1,1.0,0.206,0.005,0.03,1.134,0.6,10.636,0.218,13.023
img_000985.jpg,1,1,1.0,0.209,0.004,0.032,2.226,3.731,10.595,0.228,17.239
img_000988.jpg,1,1,1.0,0.215,0.004,0.035,1.33,0.611,10.638,0.218,13.255
img_000991.jpg,1,1,1.0,0.21,0.005,0.034,1.308,0.611,10.618,0.229,13.223
img_000994.jpg,1,1,1.0,0.21,0.005,0.034,1.302,0.652,10.708,0.233,13.354
img_000997.jpg,1,1,1.0,0.201,0.004,0.032,1.327,0.792,10.669,0.212,13.484
img_001000.jpg,1,1,1.0,0.205,0.005,0.03,1.457,0.833,10.671,0.219,13.636
img_001003.jpg,1,1,1.0,0.208,0.004,0.031,1.643,1.082,10.802,0.312,14.312
img_001006.jpg,1,1,1.0,0.222,0.005,0.033,1.823,0.664,10.735,0.234,13.954
img_001009.jpg,1,1,1.0,0.203,0.005,0.031,1.669,0.655,10.636,0.237,13.654
img_001012.jpg,1,1,1.0,0.199,0.004,0.03,1.67,0.651,10.634,0.233,13.636
img_001015.jpg,1,1,1.0,0.245,0.004,0.032,1.631,0.809,12.685,0.23,15.855
img_001018.jpg,1,1,1.0,0.21,0.004,0.032,1.889,0.709,10.673,0.233,13.972
img_001021.jpg,1,1,1.0,0.205,0.005,0.031,1.771,0.635,10.686,0.285,13.836
img_001024.jpg,1,1,1.0,0.208,0.004,0.032,1.746,0.648,10.685,0.223,13.766
img_001027.jpg,1,1,1.0,0.216,0.004,0.034,1.671,1.988,16.708,0.269,21.108
img_001030.jpg,1,1,1.0,0.212,0.005,0.033,2.191,1.713,10.744,0.252,15.376
img_001033.jpg,1,1,1.0,0.207,0.004,0.033,1.674,2.087,10.656,0.229,15.102
img_001036.jpg,1,1,1.0,0.204,0.004,0.029,2.786,0.794,13.459,0.226,17.78
img_001042.jpg,1,0,1.0,0.206,0.005,0.033,1.298,0.616,10.664,0.228,13.25
img_001045.jpg,1,0,1.0,0.209,0.005,0.032,0.974,0.583,10.621,0.22,12.832
img_001048.jpg,1,0,1.0,0.21,0.004,0.032,0.972,0.577,10.632,0.224,12.838
img_001051.jpg,1,0,1.0,0.212,0.005,0.033,1.007,0.586,12.37,0.236,14.645
img_001060.jpg,1,0,1.0,0.213,0.005,0.032,1.009,0.579,10.634,0.226,12.901
img_001162.jpg,1,1,0.827,0.207,0.004,0.031,1.043,0.555,10.634,0.238,12.897
img_001165.jpg,1,0,0.9875,0.333,0.007,0.047,1.191,0.728,12.494,0.222,15.275
img_001168.jpg,1,1,0.9482,0.205,0.004,0.03,1.305,0.785,11.887,0.221,14.628
img_001171.jpg,1,0,0.7032,0.199,0.005,0.031,1.261,0.539,10.808,0.224,13.25
img_001174.jpg,1,1,1.0,0.284,0.006,0.046,1.178,0.737,12.455,0.228,15.285
img_001177.jpg,1,1,0.9935,0.202,0.004,0.032,0.992,0.597,10.562,0.222,12.796
img_001180.jpg,1,0,0.9791,0.224,0.005,0.032,0.987,0.561,10.58,0.205,12.782
img_001183.jpg,1,1,1.0,0.207,0.004,0.034,0.989,0.58,10.56,0.22,12.779
img_001186.jpg,1,1,1.0,0.206,0.005,0.035,1.155,0.702,10.525,0.228,13.046
img_001189.jpg,1,1,1.0,0.288,0.006,0.05,1.188,0.944,12.43,0.224,15.444
img_001192.jpg,1,1,1.0,0.285,0.006,0.048,2.162,0.742,11.28,0.221,14.996
img_001195.jpg,1,1,1.0,0.204,0.004,0.031,1.205,0.572,10.626,0.207,13.041
img_001198.jpg,1,1,1.0,0.211,0.004,0.034,1.022,0.549,10.653,0.228,12.888
img_001201.jpg,1,1,1.0,0.209,0.004,0.032,1.012,0.561,10.66,0.226,12.893
img_001204.jpg,1,1,1.0,0.213,0.004,0.033,1.135,0.517,19.162,0.261,21.514
img_001207.jpg,1,1,1.0,0.213,0.005,0.032,1.053,0.716,10.613,0.243,13.059
img_001210.jpg,1,1,1.0,0.257,0.004,0.034,1.296,1.719,20.725,0.37,24.615
img_001213.jpg,1,1,1.0,0.208,0.004,0.036,1.299,1.711,10.613,0.226,14.32
img_001216.jpg,1,1,1.0,0.207,0.005,0.032,1.326,0.566,10.612,0.226,13.163
img_001219.jpg,1,1,1.0,0.209,0.005,0.032,1.0,0.567,10.627,0.262,12.883
img_001222.jpg,1,1,1.0,0.207,0.004,0.033,1.704,1.884,12.051,0.251,16.336
img_001225.jpg,1,1,1.0,0.243,0.005,0.034,2.076,1.599,13.541,0.238,18.044
img_001228.jpg,1,1,1.0,0.207,0.005,0.032,1.064,0.576,10.658,0.251,12.992
img_001231.jpg,1,1,1.0,0.219,0.004,0.034,1.013,0.577,10.663,0.235,12.949
img_001234.jpg,1,1,1.0,0.324,0.005,0.034,1.654,2.197,19.396,0.396,24.658
img_001237.jpg,1,1,1.0,0.216,0.005,0.031,1.483,0.587,10.627,0.216,13.39
img_001240.jpg,1,1,1.0,0.213,0.004,0.034,1.267,0.586,10.704,0.237,13.242
img_001243.jpg,1,1,1.0,0.215,0.005,0.031,1.04,0.663,10.619,0.207,12.979
img_001246.jpg,1,1,1.0,0.218,0.005,0.032,1.024,0.596,10.675,0.233,12.985
img_001249.jpg,1,1,1.0,0.208,0.004,0.031,1.074,0.587,10.679,0.242,13.026
img_001252.jpg,1,1,1.0,0.208,0.004,0.032,1.023,0.585,10.594,0.244,12.881
img_001255.jpg,1,1,1.0,0.21,0.004,0.034,1.014,0.576,10.639,0.225,12.935
img_001258.jpg,1,1,1.0,0.206,0.004,0.029,0.969,0.581,10.645,0.235,12.86
img_001261.jpg,1,1,1.0,0.217,0.005,0.035,1.28,0.94,10.651,0.271,13.64
img_001264.jpg,1,1,1.0,0.222,0.005,0.034,0.999,0.599,10.648,0.235,12.947
img_001267.jpg,1,1,1.0,0.211,0.004,0.031,0.998,0.579,10.577,0.217,12.811
img_001270.jpg,1,1,1.0,0.211,0.005,0.032,1.401,0.669,10.596,0.233,13.335
img_001273.jpg,1,1,1.0,0.202,0.004,0.033,1.409,0.65,10.593,0.217,13.303
img_001276.jpg,1,1,1.0,0.202,0.005,0.031,1.537,2.728,12.611,0.274,17.607
img_001279.jpg,1,1,0.9999,0.207,0.004,0.031,2.319,0.981,13.534,0.225,17.561
img_001282.jpg,1,1,1.0,0.21,0.004,0.03,1.053,0.572,10.624,0.213,12.898
img_001285.jpg,1,1,1.0,0.208,0.004,0.03,1.016,0.603,10.62,0.231,12.9
img_001288.jpg,1,1,1.0,0.206,0.005,0.032,1.023,0.611,10.626,0.228,12.923
img_001291.jpg,1,1,1.0,0.204,0.004,0.03,1.038,0.559,10.61,0.225,12.859
img_001294.jpg,1,1,1.0,0.203,0.005,0.029,0.987,0.561,10.667,0.232,12.865
img_001297.jpg,1,1,1.0,0.2,0.004,0.034,1.077,0.567,10.638,0.219,12.93
img_001300.jpg,1,1,1.0,0.209,0.004,0.03,0.988,0.775,10.59,0.217,13.044
img_001303.jpg,1,1,1.0,0.244,0.005,0.03,0.975,0.563,10.596,0.271,12.871
img_001306.jpg,1,1,1.0,0.211,0.004,0.031,1.343,0.605,10.705,0.232,13.327
img_001309.jpg,1,1,1.0,0.207,0.004,0.032,1.018,0.564,10.679,0.215,12.908
img_001312.jpg,1,1,1.0,0.208,0.004,0.03,1.222,0.886,10.595,0.227,13.366
img_001315.jpg,1,1,1.0,0.208,0.005,0.085,1.002,0.582,10.631,0.231,12.936
img_001318.jpg,1,1,1.0,0.208,0.004,0.032,0.996,0.552,10.594,0.221,12.79
img_001321.jpg,1,1,1.0,0.217,0.006,0.035,0.979,0.725,10.626,0.214,12.994
img_001324.jpg,1,1,1.0,0.222,0.005,0.035,1.035,0.56,10.603,0.219,12.866
img_001327.jpg,1,1,1.0,0.214,0.004,0.031,1.004,0.571,10.603,0.219,12.834
img_001330.jpg,1,1,1.0,0.213,0.005,0.031,1.261,0.577,10.802,0.385,13.475
img_001333.jpg,1,1,1.0,0.21,0.005,0.032,2.68,3.754,12.418,0.249,19.616
img_001336.jpg,1,1,1.0,0.214,0.005,0.031,3.171,1.259,13.526,0.213,18.676
img_001339.jpg,1,1,1.0,0.213,0.004,0.032,1.021,0.622,12.543,0.445,15.409
img_001342.jpg,1,1,1.0,0.221,0.005,0.035,1.045,0.601,10.603,0.215,12.915
img_001345.jpg,1,1,1.0,0.212,0.004,0.03,1.026,0.591,10.571,0.238,12.861
img_001348.jpg,1,1,1.0,0.217,0.004,0.031,1.754,3.058,22.003,0.255,27.536
img_001351.jpg,1,1,1.0,0.269,0.005,0.033,3.151,3.811,12.126,0.242,19.922
img_001354.jpg,1,1,1.0,0.209,0.004,0.032,1.74,3.478,13.348,0.318,19.411
img_001357.jpg,1,1,1.0,0.21,0.005,0.034,2.344,4.034,12.348,0.228,19.472
img_001360.jpg,1,1,1.0,0.207,0.004,0.032,2.775,4.08,13.029,0.231,20.643
img_001363.jpg,1,1,1.0,0.21,0.004,0.032,1.503,3.46,13.515,0.228,19.232
img_001366.jpg,1,1,1.0,0.213,0.004,0.034,1.834,2.196,12.738,0.23,17.447
img_001369.jpg,1,1,1.0,0.222,0.004,0.034,1.721,1.931,10.669,0.225,15.015
img_001372.jpg,1,1,1.0,0.214,0.004,0.033,1.956,2.208,10.786,0.253,15.673
img_001375.jpg,1,1,0.7672,0.223,0.004,0.035,2.129,2.278,10.677,0.215,15.77
img_001378.jpg,1,1,0.9979,0.349,0.007,0.046,2.128,0.774,11.076,0.236,14.88
img_001381.jpg,1,1,0.7446,0.216,0.005,0.035,1.365,0.594,10.666,0.223,13.305
img_001384.jpg,1,0,0.9993,0.209,0.004,0.032,1.994,1.913,10.516,0.216,15.097
img_001387.jpg,1,0,1.0,0.214,0.005,0.031,1.753,0.61,10.643,0.214,13.674
img_001390.jpg,1,0,1.0,0.196,0.004,0.033,1.605,0.607,10.603,0.222,13.471
img_001393.jpg,1,0,1.0,0.209,0.004,0.032,2.927,2.476,24.041,0.365,30.284
img_001396.jpg,1,0,0.9999,0.206,0.005,0.032,2.705,0.906,10.675,0.231,14.966
img_001402.jpg,1,0,0.9987,0.205,0.004,0.031,3.848,1.776,16.179,0.225,22.483
img_001405.jpg,1,0,0.9972,0.273,0.005,0.032,3.831,1.172,13.615,0.324,19.527
img_001408.jpg,1,0,1.0,0.205,0.005,0.031,2.291,0.636,10.662,0.253,14.282
img_001411.jpg,1,0,1.0,0.208,0.004,0.032,1.835,0.598,10.588,0.227,13.705
img_001414.jpg,1,0,1.0,0.209,0.004,0.033,1.791,0.69,10.599,0.212,13.734
img_001417.jpg,1,0,1.0,0.211,0.004,0.034,1.814,0.607,10.602,0.215,13.685
img_001438.jpg,1,1,1.0,0.214,0.004,0.033,1.234,0.57,10.69,0.241,13.183
img_001441.jpg,1,1,0.9995,0.212,0.004,0.034,1.007,0.56,10.624,0.214,12.847
img_001444.jpg,1,1,0.9965,0.201,0.005,0.032,0.981,0.555,10.82,0.371,13.166
img_001447.jpg,1,1,0.999,0.208,0.005,0.032,1.053,0.565,10.632,0.247,12.942
img_001450.jpg,1,1,0.9915,0.268,0.004,0.033,1.297,0.569,10.615,0.234,13.219
img_001453.jpg,1,1,0.9993,0.208,0.005,0.029,1.005,0.579,10.799,0.368,13.202
img_001456.jpg,1,1,0.9977,0.215,0.004,0.032,1.258,0.57,10.665,0.223,13.158
img_001459.jpg,1,1,0.9991,0.187,0.005,0.026,1.208,0.584,10.657,0.233,13.099
img_001462.jpg,1,1,1.0,0.207,0.004,0.028,1.294,0.593,10.674,0.268,13.265
img_001465.jpg,1,1,0.9977,0.214,0.005,0.033,1.489,2.348,13.611,0.355,18.256
img_001468.jpg,1,1,0.9984,0.205,0.004,0.027,1.458,0.553,10.582,0.213,13.222
img_001471.jpg,1,1,0.9854,0.197,0.005,0.027,0.976,0.583,10.568,0.225,12.766
img_001474.jpg,1,1,0.9997,0.207,0.004,0.028,0.986,0.545,10.578,0.218,12.74
img_001477.jpg,1,1,0.998,0.197,0.005,0.033,1.021,0.587,10.597,0.216,12.84
img_001480.jpg,1,1,0.9996,0.207,0.004,0.034,1.617,2.488,10.819,0.282,15.659
img_001483.jpg,1,1,1.0,0.205,0.004,0.03,1.748,1.816,10.557,0.21,14.756
img_001486.jpg,1,1,1.0,0.201,0.004,0.03,2.293,0.759,13.432,0.297,17.262
img_001489.jpg,1,1,1.0,0.205,0.004,0.027,1.01,0.544,10.605,0.23,12.795
img_001492.jpg,1,1,1.0,0.2,0.004,0.029,0.991,0.566,10.531,0.201,12.749
img_001495.jpg,1,1,1.0,0.207,0.003,0.031,1.235,0.954,10.634,0.224,13.474
img_001498.jpg,1,1,1.0,0.212,0.005,0.034,1.015,0.567,10.56,0.211,12.83
img_001501.jpg,1,1,1.0,0.211,0.004,0.032,0.984,0.549,16.492,0.339,18.795
img_001504.jpg,1,1,1.0,0.209,0.004,0.032,1.011,0.624,10.577,0.229,12.866
img_001507.jpg,1,1,1.0,0.201,0.004,0.031,1.017,0.604,10.594,0.217,12.85
img_001510.jpg,1,1,1.0,0.216,0.005,0.034,1.477,0.993,10.564,0.204,13.675
img_001513.jpg,1,1,1.0,0.209,0.004,0.032,1.066,0.55,10.531,0.215,12.779
img_001516.jpg,1,1,1.0,0.212,0.005,0.032,1.26,1.14,13.648,0.351,16.865
img_001519.jpg,1,1,1.0,0.202,0.004,0.028,1.41,0.568,10.675,0.232,13.309
img_001522.jpg,1,1,1.0,0.218,0.005,0.033,2.438,1.461,13.433,0.224,18.068
img_001525.jpg,1,1,1.0,0.202,0.004,0.031,1.029,0.694,10.576,0.206,12.923
img_001528.jpg,1,1,1.0,0.211,0.005,0.031,2.364,3.986,18.437,0.25,25.56
img_001531.jpg,1,1,1.0,0.216,0.005,0.032,1.32,1.691,10.583,0.213,14.253
img_001534.jpg,1,1,1.0,0.206,0.005,0.031,2.859,3.358,12.679,0.226,19.626
img_001537.jpg,1,1,1.0,0.211,0.004,0.033,2.45,3.496,12.792,0.209,19.459
img_001540.jpg,1,1,1.0,0.207,0.004,0.029,2.382,3.537,12.504,0.221,19.146
img_001543.jpg,1,1,1.0,0.204,0.005,0.028,2.408,3.515,13.348,0.22,19.985
img_001546.jpg,1,1,1.0,0.211,0.005,0.03,1.295,2.304,10.609,0.235,14.877
img_001549.jpg,1,1,1.0,0.22,0.005,0.031,1.634,0.969,13.396,0.323,16.879
img_001552.jpg,1,1,1.0,0.211,0.005,0.034,2.529,3.587,14.481,0.244,21.355
img_001555.jpg,1,1,1.0,0.203,0.004,0.033,2.416,3.534,12.563,0.285,19.3
img_001558.jpg,1,1,1.0,0.213,0.005,0.033,2.343,0.959,13.4,0.211,17.418
img_001561.jpg,1,1,1.0,0.214,0.005,0.031,2.823,3.848,19.684,0.392,27.288
img_001564.jpg,1,1,1.0,0.207,0.004,0.033,2.345,1.018,13.4,0.222,17.491
img_001567.jpg,1,1,1.0,0.217,0.005,0.031,1.454,1.819,10.821,0.226,14.759
img_001570.jpg,1,1,1.0,0.212,0.005,0.031,3.217,0.638,14.076,0.266,18.653
img_001573.jpg,1,1,1.0,0.206,0.005,0.033,0.997,0.565,10.65,0.212,12.862
img_001576.jpg,1,1,1.0,0.212,0.004,0.034,1.307,0.581,17.205,0.296,19.84
img_001579.jpg,1,1,0.9984,0.211,0.004,0.034,1.701,2.246,10.638,0.232,15.259
img_001582.jpg,1,1,1.0,0.215,0.004,0.032,1.484,0.61,10.589,0.207,13.332
img_001585.jpg,1,1,1.0,0.213,0.004,0.032,1.07,0.56,10.585,0.212,12.89
img_001588.jpg,1,1,1.0,0.254,0.003,0.035,1.021,0.636,12.38,0.231,14.74
img_001591.jpg,1,1,1.0,0.215,0.004,0.033,0.982,0.566,10.56,0.207,12.744
img_001594.jpg,1,1,1.0,0.211,0.004,0.03,1.004,0.782,10.569,0.22,12.998
img_001597.jpg,1,1,1.0,0.211,0.005,0.029,1.028,0.554,10.576,0.201,12.786
img_001600.jpg,1,1,1.0,0.215,0.004,0.03,0.992,0.549,17.012,0.237,19.256
img_001603.jpg,1,1,1.0,0.206,0.005,0.032,1.273,0.597,10.831,0.224,13.351
img_001606.jpg,1,1,1.0,0.252,0.004,0.033,0.985,0.546,12.672,0.215,14.89
img_001609.jpg,1,1,1.0,0.208,0.005,0.035,0.999,0.623,10.583,0.224,12.861
img_001612.jpg,1,1,1.0,0.221,0.004,0.034,1.046,0.578,10.639,0.236,12.955
img_001615.jpg,1,1,1.0,0.214,0.005,0.032,1.037,0.566,12.432,0.24,14.717
img_001618.jpg,1,1,1.0,0.218,0.005,0.033,1.109,0.581,10.642,0.228,13.005
img_001621.jpg,1,1,1.0,0.216,0.005,0.033,1.036,0.612,10.626,0.224,12.942
img_001624.jpg,1,1,1.0,0.213,0.005,0.034,0.917,0.495,10.618,0.222,12.733
img_001627.jpg,1,1,1.0,0.212,0.005,0.032,1.215,0.551,10.621,0.221,13.042
img_001630.jpg,1,1,1.0,0.211,0.004,0.032,1.022,0.551,10.608,0.228,12.845
img_001633.jpg,1,1,1.0,0.212,0.004,0.031,1.057,0.578,10.488,0.229,12.94
img_001636.jpg,1,1,1.0,0.21,0.004,0.03,1.002,0.543,10.547,0.203,12.748
img_001639.jpg,1,1,1.0,0.203,0.004,0.033,0.983,0.535,10.624,0.245,12.804
img_001642.jpg,1,1,1.0,0.207,0.004,0.032,1.051,0.608,12.676,0.239,15.008
img_001645.jpg,1,1,1.0,0.211,0.004,0.032,1.001,0.54,10.59,0.221,12.784
img_001648.jpg,1,1,1.0,0.305,0.004,0.034,1.214,0.584,10.699,0.243,13.27
img_001651.jpg,1,1,1.0,0.215,0.004,0.033,1.02,0.543,10.623,0.227,12.856
img_001654.jpg,1,1,1.0,0.205,0.004,0.031,0.974,0.554,10.577,0.219,12.737
img_001657.jpg,1,1,1.0,0.212,0.005,0.029,0.968,0.547,10.564,0.217,12.718
img_001660.jpg,1,1,1.0,0.249,0.005,0.033,1.012,0.557,12.717,0.231,14.994
img_001663.jpg,1,1,1.0,0.252,0.005,0.031,1.03,0.547,10.615,0.225,12.891
img_001666.jpg,1,1,1.0,0.209,0.005,0.033,1.017,0.556,10.631,0.221,12.856
img_001669.jpg,1,1,1.0,0.214,0.004,0.034,0.98,0.548,10.556,0.208,12.729
img_001672.jpg,1,1,1.0,0.21,0.004,0.031,1.02,0.58,10.622,0.227,12.885
img_001675.jpg,1,1,1.0,0.212,0.004,0.033,1.041,0.549,10.628,0.23,12.885
img_001678.jpg,1,1,1.0,0.209,0.004,0.032,1.024,0.568,10.647,0.227,12.9
img_001681.jpg,1,1,1.0,0.199,0.005,0.032,1.078,0.542,10.583,0.239,12.859
img_001684.jpg,1,1,1.0,0.258,0.004,0.035,1.029,0.563,10.62,0.237,12.934
img_001687.jpg,1,1,1.0,0.213,0.004,0.036,1.035,0.566,10.634,0.208,12.882
img_001690.jpg,1,1,1.0,0.213,0.005,0.032,1.236,0.568,10.616,0.222,13.081
img_001693.jpg,1,1,1.0,0.209,0.004,0.032,1.041,0.572,10.621,0.231,12.895
img_001696.jpg,1,1,1.0,0.213,0.005,0.034,0.882,0.653,10.615,0.222,12.81
img_001699.jpg,1,1,1.0,0.212,0.005,0.034,0.997,0.561,10.577,0.21,12.781
img_001702.jpg,1,1,1.0,0.255,0.004,0.035,2.089,1.822,14.227,0.239,18.876
img_001705.jpg,1,1,1.0,0.246,0.005,0.033,1.015,0.56,10.616,0.227,12.886
img_001708.jpg,1,1,1.0,0.208,0.004,0.03,1.174,0.62,10.593,0.212,13.025
img_001711.jpg,1,1,1.0,0.216,0.004,0.034,1.006,0.549,10.56,0.23,12.783
img_001714.jpg,1,1,1.0,0.209,0.005,0.034,1.049,0.581,12.384,0.226,14.67
img_001717.jpg,1,1,1.0,0.205,0.004,0.033,1.028,0.619,10.6,0.197,12.877
img_001720.jpg,1,1,1.0,0.208,0.004,0.033,1.326,3.335,12.977,0.318,18.42
img_001723.jpg,1,1,1.0,0.207,0.004,0.03,1.207,3.592,10.608,0.214,16.05
img_001726.jpg,1,1,1.0,0.207,0.005,0.033,1.304,0.567,16.528,0.22,19.055
img_001729.jpg,1,1,1.0,0.208,0.005,0.033,2.61,4.535,21.352,0.41,29.44
img_001732.jpg,1,1,1.0,0.222,0.005,0.036,1.969,0.597,10.669,0.233,13.933
img_001735.jpg,1,1,1.0,0.205,0.004,0.032,1.01,0.545,10.846,0.229,13.05
img_001738.jpg,1,1,1.0,0.205,0.004,0.032,0.977,0.571,10.614,0.223,12.814
img_001741.jpg,1,1,1.0,0.2,0.004,0.03,1.212,0.548,10.626,0.211,13.016
img_001744.jpg,1,1,1.0,0.203,0.004,0.032,1.017,0.615,10.574,0.213,12.849
img_001747.jpg,1,1,1.0,0.201,0.005,0.032,1.125,0.798,10.75,0.237,13.335
img_001750.jpg,1,1,1.0,0.21,0.004,0.031,1.032,0.674,10.837,0.232,13.205
img_001753.jpg,1,1,1.0,0.199,0.004,0.033,1.053,0.568,10.595,0.216,12.85
img_001756.jpg,1,1,1.0,0.213,0.005,0.032,1.032,0.606,10.602,0.236,12.915
img_001759.jpg,1,1,1.0,0.209,0.004,0.033,1.023,0.564,10.608,0.216,12.878
img_001762.jpg,1,1,1.0,0.208,0.004,0.032,1.021,0.613,10.616,0.225,12.913
img_001765.jpg,1,1,1.0,0.208,0.004,0.033,1.049,0.536,10.554,0.209,12.782
img_001768.jpg,1,1,1.0,0.212,0.005,0.032,1.031,0.57,10.6,0.226,12.862
img_001771.jpg,1,1,1.0,0.211,0.004,0.032,1.042,0.57,10.63,0.226,12.905
img_001774.jpg,1,1,1.0,0.208,0.005,0.033,1.226,0.564,10.703,0.229,13.158
img_001777.jpg,1,1,1.0,0.197,0.005,0.032,1.015,0.553,10.807,0.225,13.022
img_001780.jpg,1,1,1.0,0.211,0.005,0.036,1.092,0.742,10.673,0.239,13.194
img_001783.jpg,1,1,1.0,0.209,0.004,0.033,1.023,0.566,10.596,0.207,12.825
img_001786.jpg,1,1,1.0,0.208,0.004,0.033,1.007,0.563,10.592,0.221,12.812
img_001789.jpg,1,1,1.0,0.214,0.005,0.032,0.996,0.57,10.585,0.225,12.847
img_001792.jpg,1,1,1.0,0.256,0.004,0.031,1.004,0.57,10.596,0.218,12.867
img_001795.jpg,1,1,1.0,0.21,0.005,0.03,1.039,0.561,10.575,0.204,12.809
img_001798.jpg,1,1,1.0,0.219,0.004,0.032,0.986,0.582,10.628,0.242,12.882
img_001801.jpg,1,1,1.0,0.214,0.005,0.034,1.313,0.562,10.76,0.224,13.3
img_001804.jpg,1,1,1.0,0.209,0.004,0.035,1.068,0.552,10.633,0.254,12.944
img_001807.jpg,1,1,1.0,0.204,0.005,0.03,1.0,0.543,10.554,0.218,12.736
img_001810.jpg,1,1,1.0,0.236,0.004,0.035,1.043,0.614,10.578,0.266,12.964
img_001813.jpg,1,1,1.0,0.202,0.004,0.029,1.202,0.546,10.552,0.218,12.935
img_001816.jpg,1,1,1.0,0.211,0.004,0.032,1.026,0.572,10.702,0.235,12.969
img_001819.jpg,1,1,1.0,0.241,0.005,0.032,1.017,0.552,10.588,0.21,12.83
img_001822.jpg,1,1,1.0,0.215,0.005,0.034,1.022,0.556,10.604,0.211,12.834
img_001825.jpg,1,1,1.0,0.206,0.004,0.032,1.034,0.604,10.908,0.228,13.203
img_001828.jpg,1,1,1.0,0.208,0.005,0.032,1.063,0.55,10.615,0.228,12.892
img_001831.jpg,1,1,1.0,0.21,0.004,0.033,1.275,0.551,10.546,0.208,13.011
img_001834.jpg,1,1,1.0,0.21,0.005,0.035,2.815,5.202,18.759,0.234,27.619
img_001837.jpg,1,1,1.0,0.203,0.004,0.031,1.941,2.454,10.632,0.207,15.664
img_001840.jpg,1,1,1.0,0.22,0.005,0.035,1.715,2.181,10.618,0.223,15.193
img_001843.jpg,1,1,1.0,0.22,0.004,0.032,2.351,2.193,16.076,0.25,21.377
img_001846.jpg,1,1,1.0,0.213,0.005,0.035,2.475,1.928,12.983,0.235,18.089
img_001849.jpg,1,1,1.0,0.203,0.004,0.034,1.083,0.584,10.623,0.259,12.989
img_001852.jpg,1,1,1.0,0.205,0.004,0.034,1.022,0.579,10.619,0.248,12.905
img_001855.jpg,1,1,1.0,0.196,0.004,0.03,0.998,0.661,10.605,0.218,12.906
img_001858.jpg,1,1,1.0,0.199,0.004,0.03,1.029,0.574,10.627,0.22,12.874
img_001861.jpg,1,1,1.0,0.203,0.005,0.029,1.726,0.645,12.605,0.223,15.642
img_001864.jpg,1,1,1.0,0.207,0.005,0.033,0.989,0.575,10.61,0.235,12.853
img_001867.jpg,1,1,1.0,0.205,0.005,0.031,1.207,0.578,10.631,0.207,13.097
img_001870.jpg,1,1,1.0,0.204,0.004,0.031,1.273,0.686,10.609,0.222,13.225
img_001873.jpg,1,1,1.0,0.226,0.005,0.029,0.957,0.571,10.601,0.21,12.79
img_001876.jpg,1,1,1.0,0.216,0.005,0.036,1.284,0.586,10.65,0.234,13.209
img_001879.jpg,1,1,1.0,0.204,0.004,0.031,1.771,1.895,10.695,0.214,15.033
img_001882.jpg,1,1,1.0,0.202,0.005,0.033,1.007,0.582,10.594,0.223,12.838
img_001885.jpg,1,1,1.0,0.197,0.004,0.03,1.024,0.57,10.633,0.219,12.866
img_001888.jpg,1,1,1.0,0.208,0.004,0.031,2.095,3.739,12.548,0.212,19.098
img_001891.jpg,1,1,1.0,0.205,0.004,0.029,2.658,3.522,12.556,0.236,19.479
img_001894.jpg,1,1,1.0,0.216,0.004,0.031,1.297,0.588,10.647,0.255,13.239
img_001897.jpg,1,1,1.0,0.213,0.004,0.031,1.316,0.592,11.651,0.228,14.238
img_001900.jpg,1,1,1.0,0.214,0.005,0.034,1.002,0.938,10.627,0.219,13.238
img_001903.jpg,1,1,1.0,0.211,0.004,0.035,1.071,0.589,10.588,0.249,12.937
img_001906.jpg,1,1,1.0,0.201,0.004,0.033,0.979,0.637,12.502,0.225,14.779
img_001909.jpg,1,1,1.0,0.203,0.005,0.032,1.054,0.571,10.569,0.243,12.865
img_001912.jpg,1,1,1.0,0.202,0.004,0.034,1.192,0.578,10.587,0.216,13.008
img_001915.jpg,1,1,1.0,0.213,0.003,0.033,0.988,0.64,10.581,0.207,12.862
img_001918.jpg,1,1,1.0,0.245,0.003,0.031,0.975,0.565,10.609,0.222,12.836
img_001921.jpg,1,1,1.0,0.207,0.005,0.032,1.247,0.628,10.566,0.205,13.081
img_001924.jpg,1,1,1.0,0.21,0.005,0.033,1.171,0.593,12.451,0.244,14.909
img_001927.jpg,1,1,1.0,0.204,0.004,0.031,1.022,0.722,10.602,0.22,12.998
img_001930.jpg,1,1,1.0,0.203,0.004,0.032,0.998,0.601,10.581,0.225,12.836
img_001933.jpg,1,1,1.0,0.219,0.005,0.032,0.977,0.572,10.584,0.209,12.794
img_001936.jpg,1,1,1.0,0.201,0.004,0.032,1.029,0.582,10.578,0.214,12.854
img_001939.jpg,1,1,1.0,0.203,0.005,0.03,1.23,0.569,10.592,0.236,13.056
img_001942.jpg,1,1,1.0,0.2,0.005,0.031,1.011,0.579,12.804,0.243,15.064
img_001945.jpg,1,1,1.0,0.214,0.004,0.035,1.235,0.59,10.666,0.216,13.158
img_001948.jpg,1,1,1.0,0.217,0.004,0.033,1.013,0.596,10.864,0.221,13.143
img_001951.jpg,1,1,1.0,0.216,0.005,0.033,1.039,0.618,10.666,0.214,12.993
img_001954.jpg,1,1,1.0,0.211,0.005,0.033,1.274,0.621,10.628,0.227,13.197
img_001957.jpg,1,1,1.0,0.214,0.003,0.033,0.967,0.57,10.589,0.215,12.787
img_001960.jpg,1,1,1.0,0.203,0.004,0.031,0.994,0.617,10.586,0.221,12.842
img_001963.jpg,1,1,1.0,0.209,0.005,0.031,0.985,0.582,10.592,0.218,12.811
img_001966.jpg,1,1,1.0,0.202,0.003,0.033,0.996,0.57,10.58,0.208,12.78
img_001969.jpg,1,1,1.0,0.22,0.005,0.034,1.227,0.58,10.636,0.23,13.139
img_001972.jpg,1,1,1.0,0.212,0.005,0.033,1.026,0.575,12.334,0.347,14.738
img_001975.jpg,1,1,1.0,0.207,0.004,0.033,1.558,1.708,10.611,0.208,14.526
img_001978.jpg,1,1,1.0,0.203,0.004,0.03,2.404,3.521,12.504,0.232,19.153
img_001981.jpg,1,1,1.0,0.207,0.005,0.032,3.128,0.661,13.341,0.343,17.925
img_001984.jpg,1,1,1.0,0.214,0.004,0.033,1.023,0.587,11.023,0.301,13.392
img_001987.jpg,1,1,1.0,0.204,0.004,0.033,1.01,0.586,10.715,0.211,12.963
img_001990.jpg,1,1,1.0,0.207,0.004,0.032,0.999,0.577,10.615,0.22,12.848
img_001993.jpg,1,1,1.0,0.268,0.004,0.031,2.101,1.915,13.036,0.283,17.874
img_001996.jpg,1,1,1.0,0.217,0.004,0.033,1.29,0.587,10.656,0.238,13.231
img_001999.jpg,1,1,1.0,0.193,0.004,0.03,1.245,0.704,10.621,0.237,13.226
img_002002.jpg,1,1,1.0,0.211,0.005,0.033,2.545,3.693,15.946,0.28,23.022
img_002005.jpg,1,1,1.0,0.204,0.004,0.033,1.795,0.599,10.635,0.211,13.694
img_002008.jpg,1,1,1.0,0.212,0.004,0.032,1.017,0.585,10.666,0.228,12.942
img_002011.jpg,1,1,1.0,0.225,0.004,0.035,1.729,1.884,21.707,0.295,26.099
img_002014.jpg,1,1,1.0,0.211,0.005,0.032,1.272,0.578,10.651,0.228,13.184
img_002017.jpg,1,1,1.0,0.21,0.005,0.033,1.039,0.603,10.675,0.23,12.998
img_002020.jpg,1,1,1.0,0.197,0.004,0.032,1.682,0.696,11.344,0.237,14.394
img_002023.jpg,1,1,1.0,0.201,0.004,0.03,1.019,0.598,10.62,0.265,12.929
img_002026.jpg,1,1,1.0,0.211,0.005,0.036,1.262,0.553,10.638,0.223,13.113
img_002029.jpg,1,1,1.0,0.247,0.005,0.032,2.996,3.596,13.271,0.224,20.583
img_002032.jpg,1,1,1.0,0.209,0.004,0.033,1.527,0.633,10.653,0.23,13.482
img_002035.jpg,1,1,1.0,0.209,0.004,0.033,1.025,0.554,10.591,0.223,12.823
img_002038.jpg,1,1,1.0,0.216,0.005,0.032,1.3,0.552,10.592,0.222,13.103
img_002041.jpg,1,1,1.0,0.216,0.005,0.032,1.027,0.556,10.597,0.224,12.838
img_002044.jpg,1,1,1.0,0.202,0.005,0.029,0.987,0.638,10.597,0.215,12.853
img_002047.jpg,1,1,1.0,0.202,0.005,0.033,2.017,2.409,13.063,0.311,18.24
img_002050.jpg,1,1,1.0,0.215,0.004,0.036,1.025,0.627,10.654,0.223,12.975
img_002053.jpg,1,1,1.0,0.208,0.005,0.032,1.031,0.544,10.596,0.215,12.821
img_002056.jpg,1,1,1.0,0.247,0.004,0.031,3.191,2.091,12.855,0.233,18.867
img_002059.jpg,1,1,1.0,0.208,0.005,0.032,1.0,0.567,10.617,0.22,12.843
img_002062.jpg,1,1,1.0,0.201,0.004,0.032,1.418,0.581,10.657,0.228,13.316
img_002065.jpg,1,1,1.0,0.212,0.005,0.035,1.003,0.616,10.616,0.265,12.95
img_002068.jpg,1,1,1.0,0.206,0.004,0.028,0.983,0.559,10.612,0.219,12.796
img_002071.jpg,1,1,1.0,0.211,0.005,0.032,1.025,0.564,10.667,0.23,12.923
img_002074.jpg,1,1,1.0,0.209,0.005,0.032,1.017,0.578,10.639,0.233,12.907
img_002077.jpg,1,1,1.0,0.214,0.004,0.033,1.053,0.582,10.626,0.232,12.938
img_002080.jpg,1,1,1.0,0.215,0.004,0.035,1.029,0.798,10.652,0.241,13.163
img_002083.jpg,1,1,1.0,0.21,0.005,0.032,1.007,0.561,10.645,0.229,12.881
img_002086.jpg,1,1,1.0,0.21,0.004,0.034,0.979,0.554,10.646,0.211,12.82
img_002089.jpg,1,1,1.0,0.224,0.005,0.033,1.006,0.568,10.569,0.207,12.807
img_002092.jpg,1,1,1.0,0.202,0.004,0.033,0.996,0.635,10.581,0.207,12.84
img_002095.jpg,1,1,1.0,0.211,0.005,0.032,1.022,0.59,10.599,0.207,12.852
img_002098.jpg,1,1,1.0,0.208,0.004,0.033,1.0,0.626,10.579,0.214,12.853
img_002101.jpg,1,1,1.0,0.209,0.004,0.034,0.98,0.555,10.55,0.217,12.73
img_002104.jpg,1,1,1.0,0.208,0.005,0.031,1.248,0.596,10.668,0.22,13.171
img_002107.jpg,1,1,1.0,0.205,0.005,0.033,1.006,0.602,10.624,0.242,12.906
img_002110.jpg,1,1,1.0,0.214,0.004,0.034,1.033,0.619,10.643,0.233,12.977
img_002113.jpg,1,1,1.0,0.206,0.005,0.036,1.26,0.648,10.784,0.215,13.343
img_002116.jpg,1,1,1.0,0.222,0.004,0.034,1.032,3.622,10.668,0.235,16.026
img_002119.jpg,1,1,1.0,0.216,0.004,0.033,1.284,0.635,10.618,0.219,13.202
img_002122.jpg,1,1,1.0,0.208,0.004,0.034,1.33,0.63,10.665,0.233,13.306
img_002125.jpg,1,1,1.0,0.202,0.005,0.032,1.264,0.571,10.642,0.229,13.143
img_002128.jpg,1,1,1.0,0.214,0.005,0.03,1.015,0.615,10.69,0.211,12.974
img_002131.jpg,1,1,1.0,0.209,0.005,0.03,1.024,0.579,10.585,0.206,12.834
img_002134.jpg,1,1,1.0,0.21,0.005,0.03,1.0,0.57,12.538,0.239,14.788
img_002137.jpg,1,1,1.0,0.204,0.005,0.03,1.081,0.585,10.601,0.24,12.938
img_002140.jpg,1,1,1.0,0.285,0.006,0.046,1.151,0.815,12.341,0.23,15.15
img_002143.jpg,1,1,1.0,0.206,0.004,0.032,1.003,0.575,10.709,0.23,12.961
img_002146.jpg,1,1,1.0,0.207,0.004,0.034,1.003,0.624,10.642,0.214,12.931
img_002149.jpg,1,1,1.0,0.205,0.005,0.03,0.964,0.611,10.596,0.241,12.845
img_002152.jpg,1,1,1.0,0.287,0.006,0.048,1.185,0.755,12.927,0.231,16.059
img_002155.jpg,1,1,1.0,0.214,0.004,0.033,1.035,0.593,10.659,0.228,12.972
img_002158.jpg,1,1,1.0,0.21,0.005,0.033,1.252,0.6,10.631,0.221,13.145
img_002161.jpg,1,1,1.0,0.2,0.004,0.032,1.047,0.589,10.667,0.228,12.966
img_002164.jpg,1,1,1.0,0.208,0.005,0.031,1.374,0.607,12.707,0.233,15.37
img_002167.jpg,1,1,1.0,0.205,0.004,0.032,1.07,0.645,10.667,0.208,13.03
img_002170.jpg,1,1,1.0,0.22,0.005,0.034,1.226,0.621,10.632,0.224,13.163
img_002173.jpg,1,1,1.0,0.207,0.004,0.033,1.333,0.651,10.68,0.243,13.363
img_002176.jpg,1,1,0.9999,0.197,0.005,0.03,1.314,0.609,10.622,0.228,13.206
img_002179.jpg,1,1,1.0,0.211,0.005,0.031,1.227,0.732,10.622,0.214,13.249
img_002182.jpg,1,1,1.0,0.226,0.005,0.035,1.319,0.986,10.607,0.217,13.6
img_002185.jpg,1,1,0.9993,0.22,0.004,0.034,1.514,0.655,10.711,0.233,13.584
img_002188.jpg,1,1,0.9998,0.211,0.004,0.034,1.262,0.629,10.644,0.232,13.222
img_002191.jpg,1,0,0.9743,0.204,0.004,0.03,1.545,0.64,10.661,0.223,13.508
img_002194.jpg,1,1,0.9989,0.212,0.005,0.032,1.5,0.658,10.646,0.216,13.477
img_002197.jpg,1,1,1.0,0.213,0.004,0.032,1.458,0.628,10.744,0.235,13.529
img_002200.jpg,1,1,0.9999,0.211,0.004,0.028,1.335,0.741,10.632,0.239,13.397
img_002203.jpg,1,1,1.0,0.201,0.005,0.032,1.536,0.858,10.767,0.231,13.842
img_002206.jpg,1,1,1.0,0.207,0.004,0.033,1.367,0.668,10.735,0.245,13.469
img_002209.jpg,1,1,1.0,0.207,0.004,0.034,1.399,0.642,10.642,0.223,13.367
img_002212.jpg,1,1,1.0,0.204,0.004,0.03,1.396,0.656,10.598,0.222,13.324
img_002215.jpg,1,1,1.0,0.203,0.005,0.03,1.708,2.042,10.859,0.268,15.35
img_002218.jpg,1,1,1.0,0.215,0.005,0.032,1.709,0.687,10.668,0.235,13.77
img_002221.jpg,1,1,0.9995,0.248,0.004,0.032,1.469,0.624,10.625,0.227,13.447
img_002224.jpg,1,1,1.0,0.205,0.004,0.031,1.547,0.688,10.727,0.253,13.679
img_002227.jpg,1,1,0.9999,0.21,0.005,0.032,1.606,0.653,10.675,0.229,13.633
img_002230.jpg,1,1,1.0,0.212,0.004,0.034,1.886,0.641,10.773,0.241,14.017
img_002233.jpg,1,1,1.0,0.201,0.005,0.035,2.792,3.759,12.695,0.337,20.096
img_002236.jpg,1,1,0.9999,0.215,0.005,0.034,2.359,0.645,10.691,0.239,14.398
img_002239.jpg,1,1,1.0,0.208,0.005,0.034,1.597,0.637,10.727,0.233,13.657
img_002242.jpg,1,1,1.0,0.239,0.005,0.035,3.228,3.562,16.956,0.248,24.581
img_002245.jpg,1,1,1.0,0.211,0.004,0.033,2.775,4.144,13.479,0.256,21.203
img_002248.jpg,1,1,1.0,0.206,0.005,0.033,2.136,0.782,10.708,0.242,14.331
img_002251.jpg,1,1,0.9938,0.209,0.005,0.032,1.798,0.652,10.68,0.233,13.835
img_002254.jpg,1,1,1.0,0.211,0.005,0.031,2.167,0.679,10.725,0.264,14.304
img_002257.jpg,1,1,1.0,0.214,0.005,0.033,1.915,0.67,10.668,0.219,13.942
img_002260.jpg,1,1,1.0,0.205,0.004,0.033,2.303,0.67,10.746,0.237,14.424
img_002263.jpg,1,1,1.0,0.203,0.005,0.032,2.105,0.658,10.747,0.212,14.183
img_002266.jpg,1,1,1.0,0.218,0.004,0.035,2.506,0.739,10.636,0.214,14.574
img_002269.jpg,1,1,1.0,0.208,0.004,0.033,2.199,0.661,10.649,0.205,14.176
img_002272.jpg,1,0,0.9987,0.214,0.005,0.033,2.347,0.672,10.676,0.257,14.43
img_002275.jpg,1,0,0.9986,0.202,0.005,0.032,1.913,0.654,10.626,0.222,13.868
img_002278.jpg,1,0,0.9999,0.2,0.004,0.032,2.481,0.664,10.567,0.272,14.439
img_002296.jpg,1,0,1.0,0.2,0.004,0.029,1.957,0.641,10.621,0.223,13.891
img_002299.jpg,1,0,1.0,0.203,0.004,0.034,1.93,0.637,10.616,0.221,13.858
img_002305.jpg,1,0,0.995,0.212,0.005,0.031,2.072,0.635,10.631,0.219,14.021
img_002308.jpg,1,0,0.7695,0.21,0.005,0.031,1.78,0.654,10.661,0.218,13.768
img_002314.jpg,1,0,0.9999,0.213,0.005,0.032,2.342,2.802,13.572,0.409,19.678
img_002317.jpg,1,0,1.0,0.214,0.004,0.035,1.99,0.647,10.676,0.233,14.023
img_002320.jpg,1,0,1.0,0.212,0.005,0.034,2.204,0.662,10.693,0.27,14.301
img_002449.jpg,1,0,0.9996,0.202,0.005,0.031,1.918,0.63,10.712,0.227,13.936
img_002464.jpg,1,0,0.9999,0.209,0.005,0.033,2.161,0.635,10.704,0.213,14.166
img_002473.jpg,1,1,0.563,0.203,0.004,0.031,3.18,2.073,10.642,0.223,16.567
img_002476.jpg,1,0,0.9983,0.208,0.004,0.03,3.04,0.874,10.613,0.218,15.191
img_002479.jpg,1,0,0.5792,0.203,0.003,0.028,3.682,1.86,13.168,0.348,19.516
img_002482.jpg,1,0,0.9734,0.206,0.005,0.032,3.124,3.507,12.365,0.227,19.744
img_002485.jpg,1,1,0.7754,0.206,0.004,0.033,3.046,3.552,13.022,0.227,20.37
img_002488.jpg,1,0,0.9907,0.21,0.004,0.028,3.496,3.424,12.421,0.243,20.098
img_002491.jpg,1,0,0.8655,0.202,0.004,0.029,3.599,0.686,13.227,0.235,18.208
img_002494.jpg,1,0,0.8583,0.208,0.005,0.035,1.947,0.69,10.674,0.232,14.022
img_002497.jpg,1,0,0.9362,0.206,0.004,0.031,1.908,0.686,10.715,0.24,14.018
img_002500.jpg,1,1,0.999,0.207,0.004,0.032,1.889,0.703,10.679,0.228,13.972
img_002503.jpg,1,1,0.987,0.214,0.004,0.035,1.901,0.707,10.781,0.231,14.117
img_002506.jpg,1,1,0.9996,0.216,0.005,0.033,2.233,0.658,10.691,0.229,14.3
img_002509.jpg,1,1,0.992,0.215,0.004,0.034,1.897,0.696,10.699,0.221,13.984
img_002512.jpg,1,1,0.9946,0.21,0.005,0.034,1.833,0.74,10.728,0.249,14.017
img_002515.jpg,1,1,0.9956,0.21,0.005,0.034,1.908,2.063,13.571,0.348,18.441
img_002518.jpg,1,1,1.0,0.206,0.004,0.032,1.895,0.709,10.63,0.22,13.912
img_002521.jpg,1,1,1.0,0.267,0.005,0.038,2.874,3.726,12.445,0.236,19.836
img_002524.jpg,1,1,1.0,0.202,0.005,0.031,2.183,0.641,10.719,0.237,14.234
img_002527.jpg,1,1,0.9999,0.205,0.004,0.032,1.744,0.632,10.627,0.228,13.684
img_002530.jpg,1,1,0.9999,0.206,0.004,0.033,2.068,0.641,10.683,0.268,14.125
img_002533.jpg,1,1,0.9754,0.211,0.005,0.033,1.869,0.634,10.665,0.281,13.916
img_002536.jpg,1,1,0.9631,0.208,0.004,0.032,1.784,0.633,10.67,0.227,13.769
img_002539.jpg,1,1,0.9938,0.26,0.005,0.034,1.76,0.64,10.67,0.231,13.818
img_002542.jpg,1,1,0.9932,0.216,0.005,0.033,1.731,0.638,10.669,0.216,13.721
img_002545.jpg,1,1,0.9473,0.208,0.004,0.034,2.105,0.657,10.69,0.234,14.155
img_002548.jpg,1,1,0.9859,0.211,0.005,0.033,1.802,0.9,10.665,0.229,14.063
img_002551.jpg,1,1,0.9842,0.204,0.005,0.032,1.879,0.651,10.637,0.226,13.853
img_002557.jpg,1,1,0.9973,0.215,0.004,0.032,1.874,0.642,10.718,0.243,13.944
img_002560.jpg,1,0,0.7822,0.21,0.004,0.033,1.786,0.659,10.676,0.23,13.872
img_002563.jpg,1,1,0.9544,0.213,0.004,0.034,1.807,0.664,10.675,0.236,13.857
img_002566.jpg,1,1,0.9131,0.209,0.005,0.031,2.125,0.639,10.679,0.235,14.143
img_002569.jpg,1,1,0.9284,0.212,0.005,0.032,1.746,0.755,10.626,0.221,13.808
img_002572.jpg,1,0,0.962,0.213,0.004,0.033,2.104,0.647,10.792,0.24,14.255
img_002575.jpg,1,1,0.7683,0.215,0.004,0.031,1.744,0.659,10.708,0.248,13.829
img_002578.jpg,1,1,0.8909,0.207,0.005,0.031,1.732,0.7,10.606,0.219,13.714
img_002581.jpg,1,1,0.9925,0.206,0.004,0.029,2.106,2.063,17.503,0.276,22.424
img_002584.jpg,1,0,0.8619,0.206,0.004,0.031,2.075,0.709,10.663,0.227,14.129
img_002587.jpg,1,1,0.7017,0.212,0.004,0.034,1.749,0.658,10.737,0.221,13.841
img_002590.jpg,1,0,0.734,0.215,0.004,0.033,3.134,1.998,17.249,0.255,23.301
img_002593.jpg,1,1,0.8353,0.212,0.004,0.035,2.794,2.13,10.684,0.229,16.322
img_002596.jpg,1,1,0.9964,0.216,0.005,0.033,2.561,0.82,13.494,0.269,17.692
img_002599.jpg,1,1,0.9987,0.207,0.005,0.033,1.786,0.627,10.675,0.22,13.768
img_002602.jpg,1,1,0.9805,0.218,0.005,0.035,2.237,0.654,10.688,0.236,14.29
img_002605.jpg,1,1,1.0,0.212,0.005,0.033,1.787,0.652,10.693,0.23,13.834
img_002608.jpg,1,1,1.0,0.308,0.004,0.034,3.203,3.694,12.814,0.233,20.584
img_002611.jpg,1,1,1.0,0.208,0.003,0.031,2.536,0.973,10.679,0.233,14.881
img_002614.jpg,1,1,0.9899,0.202,0.005,0.031,1.909,0.653,10.849,0.232,14.084
img_002617.jpg,1,1,0.9998,0.282,0.007,0.047,2.13,0.843,12.289,0.249,16.173
img_002620.jpg,1,1,0.9999,0.282,0.006,0.048,2.099,0.905,11.609,0.226,15.567
img_002623.jpg,1,1,1.0,0.295,0.007,0.052,4.172,3.358,21.649,0.435,30.337
img_002626.jpg,1,1,1.0,0.208,0.005,0.032,2.08,1.297,10.696,0.245,14.788
img_002629.jpg,1,1,1.0,0.207,0.004,0.032,1.778,0.623,10.595,0.219,13.661
img_002632.jpg,1,1,1.0,0.211,0.005,0.035,1.832,0.829,11.484,0.231,14.846
img_002635.jpg,1,1,1.0,0.214,0.004,0.033,1.886,1.122,10.676,0.233,14.398
img_002638.jpg,1,1,1.0,0.21,0.004,0.033,1.861,0.631,10.642,0.211,13.794
img_002641.jpg,1,1,0.9996,0.205,0.004,0.033,4.149,4.245,11.564,0.241,20.806
img_002644.jpg,1,1,0.9999,0.211,0.005,0.036,2.064,0.627,10.61,0.245,14.0
img_002647.jpg,1,1,1.0,0.203,0.004,0.033,1.977,0.621,10.662,0.296,14.002
img_002650.jpg,1,1,1.0,0.202,0.004,0.034,2.142,0.627,10.708,0.226,14.158
img_002653.jpg,1,1,1.0,0.208,0.005,0.03,1.994,0.747,10.61,0.215,14.016
img_002656.jpg,1,1,1.0,0.205,0.004,0.032,2.162,0.601,10.653,0.242,14.101
img_002659.jpg,1,1,1.0,0.287,0.007,0.049,2.249,1.031,12.222,0.229,16.413
img_002662.jpg,1,1,1.0,0.203,0.004,0.03,2.144,0.622,10.658,0.233,14.092
img_002665.jpg,1,1,1.0,0.209,0.005,0.031,1.881,0.626,10.682,0.232,13.871
img_002668.jpg,1,1,1.0,0.204,0.005,0.03,2.218,1.741,10.605,0.224,15.23
img_002671.jpg,1,1,1.0,0.215,0.004,0.032,2.683,3.991,12.422,0.239,19.868
img_002674.jpg,1,1,1.0,0.207,0.005,0.033,2.695,1.84,10.582,0.247,15.83
img_002677.jpg,1,1,1.0,0.211,0.005,0.033,2.058,0.644,10.643,0.223,14.019
img_002680.jpg,1,1,0.9989,0.212,0.005,0.033,2.148,0.645,10.65,0.217,14.151
img_002683.jpg,1,1,1.0,0.202,0.004,0.028,3.172,0.654,10.627,0.214,15.112
img_002686.jpg,1,1,0.9981,0.203,0.005,0.03,2.05,0.599,10.616,0.226,13.929
img_002689.jpg,1,1,1.0,0.202,0.004,0.029,2.038,0.607,10.584,0.218,13.878
img_002692.jpg,1,1,1.0,0.202,0.004,0.032,3.748,3.263,12.723,0.228,20.413
img_002695.jpg,1,1,1.0,0.206,0.005,0.029,2.587,0.623,10.6,0.212,14.465
img_002698.jpg,1,1,1.0,0.203,0.005,0.03,2.168,0.619,10.599,0.214,14.036
img_002701.jpg,1,1,1.0,0.202,0.005,0.065,2.992,1.301,11.014,0.231,16.025
img_002704.jpg,1,1,1.0,0.218,0.004,0.033,2.022,0.683,10.635,0.216,14.013
img_002707.jpg,1,1,1.0,0.211,0.004,0.032,2.104,0.613,10.63,0.229,14.032
img_002710.jpg,1,1,1.0,0.215,0.004,0.031,2.167,0.648,12.685,0.22,16.172
img_002713.jpg,1,1,1.0,0.21,0.004,0.034,1.989,0.598,10.586,0.21,13.86
img_002716.jpg,1,1,1.0,0.212,0.004,0.034,2.033,0.604,10.642,0.208,13.93
img_002719.jpg,1,1,1.0,0.208,0.004,0.031,2.276,0.617,10.614,0.215,14.162
img_002722.jpg,1,1,0.9998,0.212,0.005,0.035,2.184,0.658,10.723,0.231,14.254
img_002725.jpg,1,1,1.0,0.209,0.005,0.033,2.084,0.618,10.639,0.224,14.02
img_002728.jpg,1,1,1.0,0.212,0.005,0.033,2.301,0.619,12.427,0.238,16.037
img_002731.jpg,1,1,1.0,0.21,0.003,0.033,2.064,0.594,10.602,0.211,13.915
img_002734.jpg,1,1,0.9495,0.2,0.005,0.032,2.05,0.959,10.634,0.217,14.295
img_002737.jpg,1,1,0.9997,0.199,0.004,0.03,2.212,0.974,10.599,0.213,14.479
img_002740.jpg,1,1,1.0,0.291,0.007,0.039,3.187,0.74,10.587,0.209,15.256
img_002743.jpg,1,1,0.9986,0.215,0.005,0.032,2.364,0.651,10.593,0.205,14.271
img_002746.jpg,1,1,1.0,0.286,0.007,0.049,2.324,0.778,12.11,0.212,16.032
img_002749.jpg,1,1,1.0,0.221,0.005,0.035,1.998,0.611,10.626,0.208,13.904
img_002752.jpg,1,1,0.9994,0.204,0.004,0.031,3.335,4.28,24.652,0.42,33.26
img_002755.jpg,1,1,1.0,0.248,0.005,0.033,3.185,1.796,13.358,0.358,19.207
img_002758.jpg,1,1,0.9999,0.209,0.004,0.032,2.082,0.666,10.682,0.228,14.12
img_002761.jpg,1,1,0.9993,0.223,0.005,0.033,2.054,0.654,10.677,0.234,14.133
img_002764.jpg,1,1,1.0,0.222,0.005,0.033,2.191,0.685,10.687,0.231,14.277
img_002767.jpg,1,1,0.9999,0.208,0.005,0.032,2.07,0.634,10.681,0.234,14.08
img_002770.jpg,1,1,1.0,0.325,0.007,0.046,3.043,0.668,12.47,0.231,17.02
img_002773.jpg,1,1,1.0,0.202,0.004,0.035,2.034,1.093,10.652,0.216,14.455
img_002776.jpg,1,1,1.0,0.28,0.006,0.05,4.269,2.107,18.433,0.273,25.754
img_002779.jpg,1,1,1.0,0.207,0.004,0.031,2.938,0.834,13.431,0.264,18.005
img_002782.jpg,1,1,0.9978,0.206,0.004,0.031,2.723,0.708,10.647,0.234,14.773
img_002785.jpg,1,1,1.0,0.205,0.004,0.033,2.365,0.665,10.682,0.214,14.385
img_002788.jpg,1,1,0.9961,0.208,0.004,0.03,2.158,0.618,10.646,0.265,14.144
img_002791.jpg,1,1,0.9949,0.289,0.007,0.047,4.028,3.689,11.217,0.209,19.776
img_002794.jpg,1,1,1.0,0.21,0.005,0.032,2.36,0.644,10.664,0.215,14.332
img_002797.jpg,1,1,0.9992,0.196,0.004,0.031,2.199,0.65,10.623,0.217,14.133
img_002800.jpg,1,0,0.5523,0.209,0.003,0.033,2.37,0.789,10.672,0.257,14.553
img_002803.jpg,1,1,0.9986,0.215,0.004,0.035,2.12,0.683,10.718,0.245,14.253
img_002806.jpg,1,1,0.9994,0.212,0.004,0.034,2.004,0.66,10.679,0.225,14.03
img_002809.jpg,1,1,0.9984,0.217,0.005,0.034,2.307,0.923,10.763,0.263,14.729
img_002812.jpg,1,0,0.5945,0.21,0.004,0.032,2.097,0.7,10.632,0.237,14.131
img_002815.jpg,1,1,0.9999,0.209,0.005,0.033,2.149,0.655,10.705,0.238,14.22
img_002818.jpg,1,1,0.9968,0.22,0.003,0.033,3.423,1.974,19.758,0.563,26.226
img_002821.jpg,1,0,0.7506,0.212,0.004,0.032,4.71,2.45,12.448,0.237,20.403
img_002824.jpg,1,1,0.9237,0.207,0.004,0.032,2.212,0.681,10.693,0.231,14.276
img_002827.jpg,1,0,0.8194,0.203,0.005,0.032,2.267,0.676,10.705,0.249,14.364
img_002830.jpg,1,1,0.9785,0.218,0.004,0.034,2.346,0.998,10.744,0.247,14.829
img_002833.jpg,1,1,0.9999,0.212,0.004,0.032,2.38,0.655,10.66,0.227,14.4
img_002836.jpg,1,1,0.9919,0.206,0.004,0.03,2.32,0.636,12.523,0.224,16.147
img_002839.jpg,1,1,0.9997,0.214,0.004,0.033,2.142,0.655,10.626,0.232,14.114
img_002842.jpg,1,1,1.0,0.206,0.004,0.032,2.529,0.638,10.672,0.261,14.563
img_002845.jpg,1,1,0.9999,0.21,0.005,0.034,2.26,0.654,10.66,0.231,14.27
img_002848.jpg,1,0,0.8037,0.207,0.004,0.034,2.595,0.642,10.652,0.235,14.598
img_002851.jpg,1,0,0.6955,0.203,0.003,0.03,2.149,0.67,10.731,0.231,14.239
img_002854.jpg,1,0,0.9902,0.215,0.004,0.035,2.198,0.718,12.445,0.236,16.069
img_002857.jpg,1,1,1.0,0.213,0.004,0.032,2.059,0.636,10.649,0.225,14.038
img_002860.jpg,1,0,0.9991,0.21,0.005,0.032,2.07,0.633,10.663,0.226,14.047
img_002863.jpg,1,0,0.979,0.216,0.005,0.034,2.055,0.639,10.739,0.232,14.142
img_002866.jpg,1,0,1.0,0.209,0.005,0.033,1.816,0.699,10.682,0.234,13.89
img_002869.jpg,1,0,0.9996,0.208,0.004,0.033,2.29,0.641,10.691,0.24,14.319
img_002872.jpg,1,1,0.7775,0.255,0.004,0.034,1.901,0.612,12.695,0.26,15.977
img_002878.jpg,1,0,0.679,0.208,0.004,0.032,1.571,0.693,10.634,0.249,13.6
img_002881.jpg,1,0,0.6368,0.2,0.005,0.033,1.626,0.615,10.642,0.218,13.546
img_002884.jpg,1,1,0.9999,0.206,0.004,0.032,1.539,0.644,10.594,0.217,13.441
img_002887.jpg,1,1,0.9995,0.203,0.004,0.029,1.648,0.612,10.587,0.214,13.502
img_002890.jpg,1,1,0.9924,0.213,0.005,0.033,1.642,0.601,12.385,0.215,15.301
img_002893.jpg,1,1,1.0,0.209,0.004,0.033,1.795,0.733,10.6,0.209,13.791
img_002896.jpg,1,1,1.0,0.208,0.005,0.029,1.945,0.864,10.613,0.216,14.09
img_002899.jpg,1,1,1.0,0.213,0.005,0.031,1.981,0.669,10.604,0.208,13.922
img_002902.jpg,1,1,1.0,0.203,0.005,0.032,2.027,0.698,10.609,0.219,13.999
img_002905.jpg,1,1,1.0,0.212,0.005,0.031,1.846,0.615,10.719,0.237,13.878
img_002908.jpg,1,1,1.0,0.203,0.005,0.029,1.836,0.653,10.606,0.235,13.773
img_002911.jpg,1,1,1.0,0.206,0.004,0.033,2.861,1.929,10.667,0.23,16.156
img_002914.jpg,1,1,1.0,0.215,0.004,0.032,2.197,1.769,10.644,0.256,15.339
img_002917.jpg,1,1,1.0,0.208,0.005,0.031,3.429,3.72,12.674,0.265,20.575
img_002920.jpg,1,1,1.0,0.205,0.005,0.03,2.358,0.679,10.634,0.23,14.357
img_002923.jpg,1,1,1.0,0.207,0.004,0.029,2.337,1.709,10.672,0.229,15.404
img_002926.jpg,1,1,1.0,0.205,0.004,0.03,3.356,3.971,24.673,0.499,33.074
img_002929.jpg,1,1,1.0,0.201,0.005,0.032,2.461,0.668,10.689,0.241,14.516
img_002932.jpg,1,1,1.0,0.205,0.005,0.033,3.352,0.882,11.634,0.237,16.636
img_002935.jpg,1,1,0.9512,0.21,0.005,0.034,3.665,3.579,16.68,0.247,24.706
img_002938.jpg,1,1,1.0,0.214,0.005,0.032,2.466,1.951,10.684,0.232,15.801
img_002941.jpg,1,1,1.0,0.213,0.005,0.032,3.195,3.581,12.394,0.234,19.94
img_002944.jpg,1,1,1.0,0.207,0.004,0.073,3.741,3.576,12.517,0.232,20.634
img_002947.jpg,1,1,1.0,0.208,0.004,0.034,2.388,2.104,13.496,0.295,18.808
img_002950.jpg,1,1,1.0,0.2,0.004,0.029,1.828,0.584,10.613,0.23,13.682
img_002953.jpg,1,1,1.0,0.202,0.004,0.031,1.468,0.611,10.661,0.228,13.406
img_002956.jpg,1,1,1.0,0.203,0.004,0.032,1.609,0.595,10.639,0.243,13.523
img_002959.jpg,1,1,1.0,0.196,0.004,0.03,1.554,0.979,10.605,0.212,13.779
img_002962.jpg,1,1,0.7873,0.209,0.003,0.028,2.078,0.618,10.61,0.205,13.947
img_002965.jpg,1,0,1.0,0.215,0.005,0.033,1.471,0.602,10.654,0.231,13.408
img_002968.jpg,1,0,1.0,0.204,0.004,0.034,1.789,0.623,10.648,0.263,13.77
img_002971.jpg,1,0,1.0,0.21,0.005,0.033,1.844,0.625,10.649,0.231,13.805
img_002986.jpg,1,0,1.0,0.207,0.004,0.031,1.42,0.583,10.666,0.225,13.332
img_002992.jpg,1,1,0.9799,0.209,0.004,0.032,1.407,0.583,10.647,0.248,13.328
img_002995.jpg,1,1,0.9116,0.204,0.005,0.032,1.276,0.598,10.656,0.231,13.198
img_002998.jpg,1,1,0.999,0.209,0.004,0.032,1.258,0.666,10.915,0.236,13.517
img_003001.jpg,1,1,1.0,0.205,0.005,0.032,1.512,0.591,10.849,0.226,13.616
img_003004.jpg,1,1,1.0,0.213,0.004,0.033,1.448,2.919,10.683,0.242,15.75
img_003007.jpg,1,1,0.9995,0.212,0.005,0.033,2.617,3.703,12.505,0.237,19.589
img_003010.jpg,1,1,0.9908,0.205,0.005,0.032,2.664,3.727,12.411,0.246,19.566
img_003013.jpg,1,1,0.9952,0.215,0.005,0.031,2.412,3.178,20.682,0.254,27.128
img_003016.jpg,1,1,0.9996,0.216,0.004,0.031,2.493,0.875,10.632,0.228,14.679
img_003019.jpg,1,0,0.9624,0.215,0.005,0.033,2.265,2.318,13.528,0.32,18.949
img_003022.jpg,1,0,1.0,0.212,0.005,0.033,1.357,0.591,12.426,0.233,15.053
img_003025.jpg,1,0,0.9954,0.206,0.005,0.032,1.342,0.594,10.621,0.22,13.212
img_003028.jpg,1,0,0.9665,0.213,0.005,0.031,1.252,0.821,10.676,0.226,13.422
img_003031.jpg,1,0,1.0,0.217,0.005,0.033,1.259,0.576,10.627,0.229,13.14
img_003034.jpg,1,0,1.0,0.205,0.004,0.031,3.159,1.852,13.179,0.233,18.976
img_003040.jpg,1,0,1.0,0.21,0.004,0.031,1.467,0.593,12.58,0.233,15.316
img_003043.jpg,1,0,0.9999,0.204,0.005,0.035,1.321,0.699,10.655,0.23,13.338
img_003046.jpg,1,1,0.9222,0.215,0.005,0.031,1.283,0.588,10.612,0.224,13.153
img_003049.jpg,1,1,1.0,0.211,0.004,0.03,1.658,1.181,10.656,0.223,14.158
img_003052.jpg,1,1,0.9817,0.21,0.005,0.03,1.311,0.591,10.633,0.228,13.202
img_003055.jpg,1,1,1.0,0.211,0.005,0.029,1.246,0.574,10.674,0.229,13.16
img_003058.jpg,1,1,1.0,0.208,0.005,0.03,2.541,2.71,13.804,0.231,19.739
img_003061.jpg,1,1,1.0,0.224,0.005,0.032,1.926,0.583,10.641,0.238,13.848
img_003064.jpg,1,1,1.0,0.209,0.004,0.034,1.396,0.61,10.706,0.238,13.403
img_003067.jpg,1,1,1.0,0.211,0.004,0.032,2.603,1.134,10.724,0.235,15.16
img_003070.jpg,1,1,1.0,0.213,0.005,0.031,1.693,2.064,10.655,0.246,15.116
img_003073.jpg,1,1,1.0,0.205,0.004,0.03,2.804,4.131,12.46,0.227,20.134
img_003076.jpg,1,1,1.0,0.212,0.005,0.031,2.902,3.59,13.907,0.232,21.159
img_003079.jpg,1,1,1.0,0.201,0.005,0.029,2.47,3.653,13.281,0.233,20.101
img_003082.jpg,1,1,1.0,0.22,0.005,0.032,1.56,0.677,10.764,0.292,13.773
img_003085.jpg,1,1,1.0,0.209,0.004,0.03,1.832,0.653,10.655,0.217,13.827
img_003088.jpg,1,1,1.0,0.206,0.005,0.03,2.159,0.637,10.664,0.239,14.154
img_003091.jpg,1,1,1.0,0.238,0.005,0.027,1.541,0.639,10.651,0.234,13.55
img_003094.jpg,1,1,1.0,0.203,0.004,0.03,1.557,0.62,10.628,0.213,13.464
img_003097.jpg,1,1,1.0,0.205,0.004,0.029,1.66,1.342,10.664,0.225,14.347
img_003100.jpg,1,1,1.0,0.209,0.005,0.03,1.539,0.625,10.694,0.227,13.545
img_003103.jpg,1,1,1.0,0.197,0.005,0.032,1.61,0.643,10.616,0.279,13.607
img_003106.jpg,1,1,1.0,0.2,0.004,0.03,1.547,0.649,10.615,0.223,13.479
img_003109.jpg,1,1,1.0,0.203,0.005,0.032,1.545,0.653,10.718,0.224,13.59
img_003112.jpg,1,1,1.0,0.205,0.005,0.03,1.599,0.65,10.693,0.227,13.624
img_003115.jpg,1,1,1.0,0.21,0.005,0.031,1.58,0.638,10.724,0.232,13.638
img_003118.jpg,1,1,1.0,0.212,0.005,0.03,2.598,1.267,15.791,0.241,20.366
img_003121.jpg,1,1,1.0,0.203,0.004,0.03,1.663,0.629,10.641,0.249,13.63
img_003124.jpg,1,1,1.0,0.208,0.005,0.03,2.51,1.358,10.694,0.233,15.27
img_003127.jpg,1,1,1.0,0.211,0.005,0.032,1.995,1.105,10.698,0.227,14.499
img_003130.jpg,1,1,1.0,0.204,0.005,0.031,1.556,0.648,10.644,0.215,13.565
img_003133.jpg,1,1,1.0,0.198,0.005,0.031,1.562,0.673,10.665,0.212,13.558
img_003136.jpg,1,1,1.0,0.201,0.004,0.028,1.524,0.655,12.757,0.225,15.605
img_003139.jpg,1,1,1.0,0.199,0.004,0.029,1.622,1.551,13.487,0.36,17.551
img_003142.jpg,1,1,1.0,0.236,0.004,0.03,1.639,0.659,10.635,0.235,13.654
img_003145.jpg,1,1,1.0,0.204,0.004,0.028,2.005,0.72,10.682,0.231,14.104
img_003148.jpg,1,1,1.0,0.203,0.004,0.029,1.689,0.67,10.679,0.222,13.707
img_003151.jpg,1,1,1.0,0.209,0.004,0.03,1.785,0.69,10.734,0.263,13.941
img_003154.jpg,1,1,1.0,0.204,0.004,0.028,1.744,0.67,10.662,0.212,13.754
img_003157.jpg,1,1,1.0,0.199,0.004,0.029,1.718,0.671,10.62,0.214,13.673
img_003160.jpg,1,1,1.0,0.2,0.004,0.03,1.922,5.047,14.1,0.248,21.798
img_003163.jpg,1,1,1.0,0.21,0.004,0.03,2.11,0.682,10.627,0.243,14.168
img_003166.jpg,1,1,0.9999,0.205,0.005,0.029,1.865,0.663,10.6,0.211,13.787
img_003169.jpg,1,1,0.9998,0.217,0.005,0.033,3.032,2.382,19.379,0.423,25.712
img_003172.jpg,1,1,1.0,0.199,0.004,0.03,2.854,0.636,10.689,0.229,14.857
img_003175.jpg,1,1,1.0,0.211,0.005,0.031,1.937,0.655,10.649,0.226,13.919
img_003178.jpg,1,1,1.0,0.208,0.004,0.031,2.423,0.628,10.673,0.223,14.397
img_003181.jpg,1,1,1.0,0.203,0.004,0.03,2.075,0.767,10.611,0.225,14.118
img_003184.jpg,1,1,1.0,0.205,0.005,0.032,2.045,0.623,10.638,0.211,13.957
img_003187.jpg,1,1,1.0,0.199,0.013,0.026,2.076,0.687,10.582,0.208,13.986
img_003190.jpg,1,1,1.0,0.207,0.011,0.027,2.634,1.328,11.449,0.229,16.179
img_003193.jpg,1,1,0.9998,0.208,0.012,0.028,2.336,0.642,10.674,0.242,14.354
img_003196.jpg,1,0,0.6604,0.205,0.012,0.029,2.242,0.642,10.644,0.248,14.225
img_003199.jpg,1,0,0.5594,0.202,0.01,0.026,2.224,0.624,10.608,0.25,14.145
img_003202.jpg,1,1,0.6516,0.196,0.011,0.026,2.602,0.632,10.678,0.244,14.603
img_003205.jpg,1,1,0.9957,0.218,0.011,0.027,2.383,0.753,10.618,0.211,14.435
img_003208.jpg,1,0,0.982,0.202,0.012,0.027,2.233,0.652,10.628,0.208,14.159
img_003211.jpg,1,1,0.857,0.206,0.013,0.03,4.585,6.557,12.305,0.296,24.264
img_003214.jpg,1,0,0.9985,0.212,0.006,0.033,3.046,1.744,10.666,0.224,16.142
img_003217.jpg,1,0,1.0,0.205,0.004,0.031,3.451,3.963,12.44,0.218,20.593
img_003220.jpg,1,0,0.9998,0.203,0.004,0.029,5.55,2.238,12.522,0.226,20.991
img_003229.jpg,1,1,0.5217,0.203,0.005,0.032,2.271,0.65,10.638,0.222,14.225
img_003232.jpg,1,0,0.9975,0.211,0.005,0.031,2.21,0.607,10.631,0.226,14.121
img_003235.jpg,1,1,0.6285,0.198,0.004,0.029,2.123,0.608,10.619,0.217,13.993
img_003238.jpg,1,1,0.9929,0.203,0.004,0.03,2.007,0.846,10.643,0.211,14.139
img_003241.jpg,1,1,0.8638,0.201,0.004,0.029,2.047,0.609,10.618,0.254,13.957
img_003244.jpg,1,0,0.9952,0.207,0.005,0.031,2.709,0.74,10.686,0.242,14.819
img_003247.jpg,1,1,0.9995,0.202,0.004,0.028,2.914,0.625,10.591,0.232,14.788
img_003250.jpg,1,0,0.9386,0.197,0.005,0.028,3.348,0.709,10.591,0.211,15.28
img_003253.jpg,1,1,0.5793,0.198,0.004,0.029,3.318,0.615,10.84,0.227,15.42
img_003256.jpg,1,1,0.9982,0.204,0.011,0.027,3.158,0.93,10.49,0.21,15.228
img_003259.jpg,1,1,0.9904,0.203,0.012,0.025,3.086,0.601,10.614,0.217,14.952
img_003262.jpg,1,1,1.0,0.204,0.01,0.028,3.086,0.632,10.589,0.229,14.969
img_003265.jpg,1,1,1.0,0.245,0.013,0.025,11.201,1.734,10.657,0.248,24.357
img_003268.jpg,1,1,1.0,0.281,0.017,0.043,5.717,0.835,11.273,0.209,18.65
img_003271.jpg,1,1,1.0,0.216,0.011,0.028,2.871,0.612,10.595,0.222,14.75
img_003274.jpg,1,1,1.0,0.203,0.013,0.027,4.01,1.729,15.027,0.333,21.563
img_003277.jpg,1,1,0.9999,0.214,0.013,0.028,2.791,1.714,10.63,0.203,15.806
img_003280.jpg,1,1,1.0,0.2,0.012,0.028,4.245,3.552,12.149,0.227,20.752
img_003283.jpg,1,1,1.0,0.197,0.01,0.027,4.185,2.056,12.742,0.221,19.651
img_003286.jpg,1,1,1.0,0.211,0.012,0.029,3.314,3.057,12.42,0.237,19.498
img_003289.jpg,1,1,1.0,0.218,0.013,0.029,2.716,0.702,10.646,0.219,14.761
img_003292.jpg,1,1,1.0,0.212,0.011,0.028,2.99,0.691,10.773,0.253,15.183
img_003295.jpg,1,1,1.0,0.21,0.011,0.03,2.919,0.76,10.647,0.223,15.021
img_003298.jpg,1,1,1.0,0.21,0.012,0.03,2.983,0.855,10.674,0.221,15.201
img_003301.jpg,1,1,1.0,0.217,0.012,0.032,3.292,0.697,10.653,0.234,15.351
img_003304.jpg,1,1,1.0,0.2,0.004,0.028,1.023,0.988,10.572,0.229,13.235
img_003307.jpg,1,1,1.0,0.203,0.005,0.029,1.02,0.6,10.577,0.205,12.828
img_003310.jpg,1,1,1.0,0.197,0.004,0.025,1.778,0.835,14.528,0.234,17.796
img_003313.jpg,1,1,1.0,0.202,0.004,0.03,1.039,0.573,10.632,0.227,12.896
img_003316.jpg,1,1,1.0,0.209,0.004,0.028,1.048,0.574,10.654,0.211,12.919
img_003319.jpg,1,1,1.0,0.211,0.005,0.03,1.041,0.572,10.415,0.212,12.672
img_003322.jpg,1,1,1.0,0.195,0.004,0.027,1.01,0.577,10.598,0.227,12.822
img_003325.jpg,1,1,1.0,0.202,0.004,0.029,1.172,0.584,10.62,0.213,13.013
img_003328.jpg,1,1,1.0,0.214,0.005,0.031,2.035,4.058,16.681,0.232,23.837
img_003331.jpg,1,1,1.0,0.206,0.004,0.028,1.394,0.559,10.635,0.217,13.222
img_003334.jpg,1,1,1.0,0.199,0.004,0.031,1.107,0.574,10.591,0.271,12.958
img_003337.jpg,1,1,1.0,0.204,0.004,0.029,1.503,0.566,14.838,0.239,17.562
img_003340.jpg,1,1,1.0,0.208,0.005,0.031,1.801,0.615,10.534,0.196,13.562
img_003343.jpg,1,1,1.0,0.206,0.005,0.03,1.026,0.553,10.845,0.217,13.054
img_003346.jpg,1,1,1.0,0.215,0.005,0.031,1.301,0.594,10.579,0.228,13.156
img_003349.jpg,1,1,1.0,0.204,0.004,0.03,1.044,0.648,10.597,0.219,12.938
img_003352.jpg,1,1,1.0,0.203,0.004,0.028,1.032,0.595,10.614,0.224,12.902
img_003355.jpg,1,1,1.0,0.198,0.005,0.029,1.365,0.624,18.308,0.357,21.091
img_003358.jpg,1,1,1.0,0.202,0.004,0.029,1.163,0.647,10.634,0.215,13.092
img_003361.jpg,1,1,1.0,0.202,0.005,0.029,1.283,0.586,10.644,0.208,13.149
img_003364.jpg,1,1,1.0,0.213,0.004,0.029,1.04,0.599,12.358,0.228,14.666
img_003367.jpg,1,1,1.0,0.207,0.004,0.033,1.021,0.6,10.605,0.216,12.889
img_003370.jpg,1,1,1.0,0.221,0.005,0.034,1.289,0.587,10.581,0.207,13.116
img_003373.jpg,1,1,1.0,0.248,0.005,0.031,2.871,3.361,13.005,0.237,20.02
img_003376.jpg,1,1,1.0,0.33,0.006,0.044,2.967,1.516,11.22,0.252,16.574
img_003379.jpg,1,1,1.0,0.257,0.005,0.039,1.651,0.761,13.031,0.215,16.205
img_003382.jpg,1,1,1.0,0.203,0.005,0.029,1.031,0.567,10.59,0.208,12.803
img_003385.jpg,1,1,1.0,0.195,0.004,0.027,1.094,0.558,10.572,0.208,12.83
img_003388.jpg,1,1,1.0,0.202,0.004,0.029,1.022,0.555,10.568,0.194,12.743
img_003391.jpg,1,1,1.0,0.239,0.005,0.028,1.026,0.559,10.534,0.206,12.774
img_003394.jpg,1,1,1.0,0.205,0.004,0.028,1.289,0.573,10.544,0.203,13.018
img_003397.jpg,1,1,1.0,0.209,0.005,0.029,1.235,0.564,10.546,0.208,12.966
img_003400.jpg,1,1,1.0,0.208,0.004,0.028,1.049,0.542,10.52,0.196,12.741
img_003403.jpg,1,1,1.0,0.204,0.004,0.028,1.25,0.55,10.51,0.199,12.937
img_003406.jpg,1,1,1.0,0.201,0.005,0.032,1.222,0.546,10.542,0.211,12.928
img_003409.jpg,1,1,1.0,0.197,0.004,0.028,1.222,0.545,10.539,0.208,12.915
img_003412.jpg,1,1,1.0,0.203,0.004,0.031,0.986,0.55,10.544,0.221,12.709
img_003415.jpg,1,1,0.9999,0.193,0.005,0.027,1.014,0.54,10.542,0.202,12.693
img_003418.jpg,1,1,1.0,0.201,0.005,0.028,1.569,3.554,12.64,0.276,18.459
img_003421.jpg,1,1,0.9999,0.2,0.005,0.03,1.258,0.549,10.882,0.219,13.326
img_003424.jpg,1,1,0.9997,0.26,0.006,0.04,1.203,0.737,12.35,0.204,15.046
img_003427.jpg,1,1,1.0,0.201,0.004,0.03,1.443,1.816,10.602,0.21,14.495
img_003430.jpg,1,1,0.9999,0.203,0.004,0.033,2.752,1.715,12.932,0.25,18.091
img_003433.jpg,1,1,1.0,0.2,0.004,0.029,1.284,0.576,10.632,0.231,13.152
img_003436.jpg,1,1,0.9999,0.205,0.005,0.029,2.964,2.493,12.691,0.22,18.822
img_003439.jpg,1,1,1.0,0.241,0.004,0.031,1.473,0.642,10.559,0.22,13.348
img_003442.jpg,1,1,0.9789,0.207,0.005,0.027,0.966,0.545,10.801,0.222,12.953
img_003445.jpg,1,1,0.9998,0.204,0.004,0.029,2.163,2.958,13.784,0.244,19.577
img_003448.jpg,1,1,1.0,0.202,0.004,0.032,1.024,1.17,10.608,0.217,13.444
img_003451.jpg,1,1,0.9988,0.215,0.004,0.029,1.003,0.569,10.57,0.208,12.78
img_003454.jpg,1,1,1.0,0.213,0.005,0.032,1.005,0.564,12.673,0.204,14.88
img_003457.jpg,1,1,1.0,0.251,0.004,0.03,1.003,0.577,10.576,0.222,12.844
img_003460.jpg,1,1,0.9999,0.211,0.005,0.028,1.217,0.578,10.574,0.246,13.041
img_003463.jpg,1,1,0.9936,0.214,0.003,0.03,1.225,0.954,10.657,0.221,13.497
img_003466.jpg,1,1,0.9869,0.206,0.005,0.03,0.997,0.556,10.592,0.22,12.783
img_003469.jpg,1,1,0.9999,0.203,0.004,0.028,0.993,0.602,10.582,0.221,12.811
img_003472.jpg,1,1,1.0,0.215,0.005,0.032,1.037,0.489,10.781,0.221,12.968
img_003475.jpg,1,1,1.0,0.201,0.004,0.029,1.06,0.546,10.553,0.21,12.785
img_003478.jpg,1,1,0.9996,0.205,0.004,0.029,0.981,0.553,10.583,0.212,12.743
img_003481.jpg,1,1,0.9999,0.205,0.005,0.026,1.399,0.554,10.579,0.202,13.151
img_003484.jpg,1,1,0.9959,0.2,0.005,0.028,1.023,0.539,10.598,0.207,12.773
img_003487.jpg,1,1,0.9995,0.203,0.005,0.029,1.021,0.554,10.568,0.207,12.761
img_003490.jpg,1,1,0.9977,0.205,0.004,0.026,3.142,4.155,13.43,0.217,21.443
img_003493.jpg,1,1,1.0,0.212,0.005,0.029,1.437,0.65,10.565,0.199,13.309
img_003496.jpg,1,1,0.966,0.21,0.004,0.028,0.986,0.617,10.543,0.197,12.763
img_003499.jpg,1,0,0.9176,0.195,0.004,0.065,2.069,2.093,13.525,0.331,18.555
img_003502.jpg,1,1,0.9476,0.275,0.007,0.045,1.211,0.761,12.319,0.225,15.115
img_003505.jpg,1,1,0.75,0.203,0.004,0.028,0.984,0.602,10.554,0.205,12.759
img_003508.jpg,1,0,0.8898,0.202,0.004,0.03,2.27,0.573,12.32,0.217,15.799
img_003511.jpg,1,0,0.9963,0.209,0.005,0.031,1.052,0.555,10.643,0.222,12.902
img_003514.jpg,1,0,0.9999,0.194,0.004,0.027,1.334,0.549,10.631,0.22,13.162
img_003517.jpg,1,0,1.0,0.205,0.005,0.031,1.974,2.311,16.641,0.254,21.62
img_003520.jpg,1,0,1.0,0.21,0.004,0.029,2.273,0.893,13.437,0.321,17.429
img_003523.jpg,1,0,0.9999,0.201,0.005,0.029,0.98,0.544,10.546,0.206,12.729
img_003526.jpg,1,0,0.9985,0.206,0.005,0.032,2.785,4.121,13.319,0.228,20.965
img_003529.jpg,1,0,1.0,0.207,0.004,0.029,1.677,2.27,10.615,0.22,15.214
img_003532.jpg,1,0,0.9896,0.211,0.004,0.029,1.543,0.568,10.594,0.209,13.348
img_003535.jpg,1,0,1.0,0.206,0.003,0.029,2.815,2.247,12.933,0.211,18.705
img_003538.jpg,1,0,1.0,0.205,0.004,0.03,2.376,2.304,13.892,0.198,19.262
img_003541.jpg,1,0,1.0,0.198,0.004,0.03,2.365,3.72,12.541,0.214,19.338
img_003544.jpg,1,0,1.0,0.205,0.004,0.033,2.003,2.362,12.324,0.206,17.326
img_003550.jpg,1,0,1.0,0.209,0.004,0.03,2.44,0.808,13.616,0.337,17.707
img_003553.jpg,1,0,1.0,0.207,0.005,0.03,2.513,1.841,13.016,0.257,18.128
img_003556.jpg,1,0,1.0,0.207,0.004,0.029,1.023,0.559,10.615,0.214,12.83
img_003559.jpg,1,0,1.0,0.207,0.004,0.031,1.282,0.558,10.593,0.226,13.082
img_003562.jpg,1,0,1.0,0.218,0.005,0.031,1.037,0.567,10.59,0.207,12.834
img_003565.jpg,1,0,0.9999,0.199,0.005,0.03,1.239,0.543,10.562,0.202,12.952
img_003568.jpg,1,0,1.0,0.226,0.005,0.032,3.18,3.771,17.67,0.238,25.403
img_003571.jpg,1,0,1.0,0.211,0.005,0.033,1.282,0.934,10.631,0.223,13.55
img_003574.jpg,1,0,1.0,0.204,0.005,0.03,2.404,2.911,13.066,0.227,19.114
img_003577.jpg,1,0,1.0,0.215,0.004,0.032,1.012,0.586,10.627,0.224,12.896
img_003580.jpg,1,0,0.9999,0.219,0.004,0.03,1.03,0.611,10.63,0.218,12.932
img_003583.jpg,1,0,0.9999,0.198,0.004,0.028,1.31,0.806,10.58,0.21,13.319
img_003586.jpg,1,0,1.0,0.204,0.005,0.029,1.686,2.335,10.517,0.222,15.183
img_003589.jpg,1,0,1.0,0.212,0.004,0.034,1.318,0.572,10.651,0.215,13.191
img_003592.jpg,1,0,1.0,0.211,0.005,0.033,1.159,0.564,10.627,0.229,13.016
img_003595.jpg,1,0,1.0,0.233,0.004,0.028,0.991,0.543,10.597,0.229,12.807
img_003598.jpg,1,1,0.9143,0.202,0.005,0.03,1.233,0.558,10.603,0.211,13.023
img_003601.jpg,1,0,0.9982,0.208,0.004,0.033,1.291,0.563,10.563,0.208,13.05
img_003604.jpg,1,0,1.0,0.202,0.005,0.028,0.996,0.54,10.567,0.203,12.722
img_003607.jpg,1,0,1.0,0.2,0.005,0.029,0.997,0.542,10.557,0.211,12.713
img_003610.jpg,1,0,0.9992,0.198,0.004,0.031,2.8,3.498,15.194,0.269,22.264
img_003613.jpg,1,1,0.7401,0.202,0.005,0.029,2.78,0.964,13.238,0.223,17.695
img_003616.jpg,1,1,0.5484,0.209,0.004,0.029,0.991,0.542,10.575,0.22,12.749
img_003619.jpg,1,1,1.0,0.21,0.004,0.03,2.178,3.39,13.185,0.342,19.554
img_003622.jpg,1,1,0.999,0.277,0.006,0.046,2.938,1.452,11.629,0.219,16.832
img_003625.jpg,1,1,0.9973,0.199,0.004,0.031,0.991,0.578,10.561,0.216,12.754
img_003628.jpg,1,1,1.0,0.207,0.004,0.03,1.031,0.552,10.613,0.228,12.848
img_003631.jpg,1,1,1.0,0.273,0.006,0.044,1.157,0.863,12.199,0.237,15.021
img_003634.jpg,1,1,1.0,0.199,0.005,0.03,0.983,0.539,10.558,0.204,12.693
img_003637.jpg,1,1,1.0,0.275,0.006,0.046,1.285,0.741,12.18,0.206,14.983
img_003640.jpg,1,1,1.0,0.2,0.005,0.03,0.984,0.551,10.548,0.205,12.697
img_003643.jpg,1,1,1.0,0.207,0.004,0.031,1.023,0.545,10.641,0.221,12.854
img_003646.jpg,1,1,1.0,0.204,0.005,0.03,1.479,0.666,10.46,0.207,13.233
img_003649.jpg,1,1,1.0,0.205,0.004,0.03,1.019,0.55,10.599,0.224,12.852
img_003652.jpg,1,1,1.0,0.333,0.006,0.045,1.199,0.742,12.717,0.221,15.515
img_003655.jpg,1,1,1.0,0.211,0.005,0.031,1.01,0.554,10.601,0.21,12.804
img_003658.jpg,1,1,1.0,0.206,0.004,0.031,1.187,0.574,10.601,0.209,12.989
img_003661.jpg,1,1,1.0,0.2,0.005,0.029,1.411,0.596,10.552,0.195,13.16
img_003664.jpg,1,1,1.0,0.203,0.005,0.031,1.033,0.561,12.657,0.231,14.904
img_003667.jpg,1,1,1.0,0.204,0.004,0.027,1.144,0.564,10.559,0.207,12.886
img_003670.jpg,1,1,0.9997,0.201,0.005,0.027,0.994,0.555,10.56,0.213,12.731
img_003673.jpg,1,1,1.0,0.208,0.004,0.028,0.875,0.495,10.568,0.272,12.63
img_003676.jpg,1,1,0.9995,0.202,0.004,0.027,0.978,0.595,10.56,0.207,12.757
img_003679.jpg,1,1,1.0,0.201,0.003,0.028,1.434,0.554,10.532,0.224,13.149
img_003682.jpg,1,1,1.0,0.203,0.004,0.029,1.051,0.565,12.62,0.211,14.861
img_003685.jpg,1,1,1.0,0.205,0.005,0.027,1.001,0.557,10.573,0.214,12.758
img_003688.jpg,1,1,1.0,0.205,0.004,0.028,1.028,0.56,10.568,0.219,12.793
img_003691.jpg,1,1,1.0,0.201,0.004,0.028,0.981,0.532,10.544,0.208,12.675
img_003694.jpg,1,1,1.0,0.209,0.004,0.029,0.995,0.545,10.577,0.209,12.746
img_003697.jpg,1,1,1.0,0.236,0.004,0.028,0.971,0.546,10.542,0.211,12.715
img_003700.jpg,1,1,1.0,0.192,0.003,0.03,0.978,0.55,10.571,0.216,12.72
img_003703.jpg,1,1,1.0,0.235,0.005,0.027,0.974,0.551,10.542,0.209,12.711
img_003706.jpg,1,1,1.0,0.206,0.004,0.028,1.074,0.548,10.546,0.23,12.812
img_003709.jpg,1,1,1.0,0.208,0.005,0.031,1.86,2.302,23.014,0.357,27.981
img_003712.jpg,1,1,1.0,0.201,0.005,0.029,2.035,2.988,13.837,0.372,20.003
img_003715.jpg,1,1,1.0,0.218,0.005,0.031,1.362,1.708,10.656,0.225,14.416
img_003718.jpg,1,1,1.0,0.205,0.004,0.031,2.101,2.423,13.161,0.225,18.419
img_003721.jpg,1,1,1.0,0.211,0.004,0.031,1.003,0.566,10.616,0.221,12.844
img_003724.jpg,1,1,1.0,0.205,0.004,0.03,1.245,0.619,10.605,0.209,13.11
img_003727.jpg,1,1,0.9994,0.202,0.005,0.03,1.026,0.58,10.585,0.221,12.834
img_003730.jpg,1,1,1.0,0.21,0.005,0.032,1.299,1.158,10.627,0.223,13.749
img_003733.jpg,1,1,0.9996,0.202,0.004,0.032,0.983,0.558,10.592,0.203,12.761
img_003736.jpg,1,1,1.0,0.208,0.004,0.029,1.051,0.559,12.616,0.221,14.878
img_003739.jpg,1,1,1.0,0.209,0.004,0.03,1.1,0.579,10.623,0.222,12.966
img_003742.jpg,1,1,0.9996,0.206,0.005,0.03,1.001,0.567,10.59,0.207,12.803
img_003745.jpg,1,1,1.0,0.209,0.004,0.031,0.959,0.564,10.579,0.216,12.747
img_003748.jpg,1,1,1.0,0.203,0.005,0.03,1.038,0.566,10.57,0.232,12.83
img_003751.jpg,1,1,1.0,0.217,0.004,0.031,1.041,0.589,10.652,0.241,12.969
img_003754.jpg,1,1,1.0,0.213,0.004,0.032,1.044,0.577,12.765,0.225,15.058
img_003757.jpg,1,1,1.0,0.209,0.005,0.032,1.017,0.562,10.643,0.223,12.894
img_003760.jpg,1,1,1.0,0.209,0.005,0.031,1.001,0.579,10.576,0.229,12.819
img_003763.jpg,1,1,1.0,0.211,0.005,0.032,1.033,0.581,10.682,0.228,12.974
img_003766.jpg,1,1,0.9839,0.208,0.004,0.033,1.0,0.738,10.605,0.22,13.0
img_003769.jpg,1,1,1.0,0.207,0.004,0.031,1.076,0.585,10.59,0.244,12.933
img_003772.jpg,1,1,0.9958,0.207,0.004,0.03,1.453,2.255,13.268,0.324,17.736
img_003775.jpg,1,0,0.9861,0.206,0.004,0.03,1.641,2.129,10.59,0.207,14.993
img_003778.jpg,1,0,0.9937,0.236,0.005,0.028,2.553,3.667,12.536,0.257,19.544
img_003781.jpg,1,0,0.9974,0.201,0.004,0.029,1.342,1.709,10.603,0.214,14.29
img_003841.jpg,1,0,0.9999,0.208,0.004,0.027,2.44,1.856,15.124,0.212,20.067
img_003898.jpg,1,1,0.6607,0.198,0.004,0.027,1.041,0.744,10.708,0.223,13.126
img_003907.jpg,1,0,0.7366,0.199,0.004,0.03,1.775,1.968,10.648,0.222,15.049
img_003910.jpg,1,0,0.9821,0.254,0.005,0.031,1.736,2.692,13.229,0.33,18.482
img_003913.jpg,1,0,0.9431,0.209,0.006,0.031,1.015,0.558,10.849,0.227,13.08
img_003916.jpg,1,0,0.6308,0.203,0.005,0.029,1.061,0.555,10.587,0.207,12.83
img_003919.jpg,1,0,0.9453,0.205,0.005,0.032,0.968,0.546,10.574,0.224,12.738
img_003922.jpg,1,0,0.5911,0.202,0.004,0.03,1.049,0.552,10.619,0.216,12.855
img_003925.jpg,1,0,0.9992,0.197,0.005,0.029,1.023,0.57,10.6,0.211,12.824
img_003928.jpg,1,0,0.5355,0.215,0.004,0.03,1.387,0.574,10.642,0.272,13.317
img_003931.jpg,1,0,0.989,0.199,0.004,0.028,0.991,0.611,10.566,0.214,12.788
img_003937.jpg,1,1,0.6682,0.203,0.004,0.032,0.99,0.543,10.578,0.226,12.753
img_003940.jpg,1,1,0.9523,0.208,0.004,0.028,1.15,0.579,10.614,0.218,12.988
img_003943.jpg,1,1,1.0,0.283,0.006,0.043,2.378,1.554,11.301,0.213,16.033
img_003946.jpg,1,1,0.9977,0.201,0.004,0.029,1.018,0.617,10.604,0.228,12.884
img_003949.jpg,1,1,1.0,0.209,0.004,0.028,1.017,0.566,10.628,0.227,12.86
img_003952.jpg,1,1,1.0,0.212,0.004,0.029,1.053,0.568,10.772,0.227,13.047
img_003955.jpg,1,1,0.9997,0.208,0.004,0.029,1.056,0.553,10.6,0.238,12.866
img_003958.jpg,1,1,1.0,0.206,0.005,0.03,1.043,0.838,12.711,0.226,15.245
img_003961.jpg,1,1,0.9999,0.216,0.005,0.032,1.029,0.564,10.622,0.226,12.88
img_003964.jpg,1,1,1.0,0.212,0.004,0.03,1.01,0.553,10.653,0.226,12.873
img_003967.jpg,1,1,1.0,0.203,0.004,0.029,1.26,0.573,10.581,0.202,13.03
img_003970.jpg,1,1,1.0,0.209,0.004,0.031,1.004,0.559,10.553,0.236,12.78
img_003973.jpg,1,1,1.0,0.203,0.005,0.03,0.983,0.55,10.583,0.195,12.722
img_003976.jpg,1,1,1.0,0.204,0.004,0.028,1.461,0.501,11.045,0.245,13.669
img_003979.jpg,1,1,1.0,0.253,0.005,0.029,1.016,0.563,10.822,0.213,13.082
img_003982.jpg,1,1,1.0,0.2,0.005,0.032,0.999,0.548,10.534,0.191,12.711
img_003985.jpg,1,1,1.0,0.201,0.005,0.029,0.993,0.678,10.533,0.204,12.817
img_003988.jpg,1,1,1.0,0.201,0.005,0.07,0.983,0.55,10.545,0.203,12.727
img_003991.jpg,1,1,1.0,0.195,0.004,0.028,0.988,0.544,10.538,0.2,12.67
img_003994.jpg,1,1,1.0,0.199,0.004,0.028,1.015,0.55,12.465,0.205,14.64
img_003997.jpg,1,1,1.0,0.205,0.004,0.025,1.043,0.55,10.527,0.194,12.718
img_004000.jpg,1,1,1.0,0.206,0.004,0.028,1.032,0.548,10.525,0.201,12.712
img_004003.jpg,1,1,1.0,0.194,0.005,0.03,1.027,0.547,10.55,0.201,12.725
img_004006.jpg,1,1,1.0,0.204,0.004,0.028,1.251,0.548,10.546,0.211,12.966
img_004009.jpg,1,1,1.0,0.203,0.005,0.03,1.233,0.607,10.547,0.201,13.003
img_004012.jpg,1,1,1.0,0.199,0.004,0.03,1.047,0.548,12.359,0.222,14.582
img_004015.jpg,1,1,1.0,0.195,0.004,0.027,1.228,0.592,10.533,0.222,12.969
img_004018.jpg,1,1,1.0,0.284,0.007,0.044,1.207,0.75,12.55,0.235,15.352
img_004021.jpg,1,1,1.0,0.239,0.004,0.03,1.032,0.556,10.592,0.232,12.873
img_004024.jpg,1,1,1.0,0.204,0.005,0.029,1.022,0.56,10.608,0.225,12.835
img_004027.jpg,1,1,0.9998,0.204,0.004,0.03,1.014,0.558,10.634,0.216,12.841
img_004030.jpg,1,1,1.0,0.199,0.004,0.029,0.997,0.548,12.593,0.211,14.783
img_004033.jpg,1,1,1.0,0.215,0.004,0.031,1.04,0.588,10.585,0.215,12.865
img_004036.jpg,1,1,1.0,0.208,0.004,0.029,1.001,0.551,10.562,0.208,12.733
img_004039.jpg,1,1,1.0,0.203,0.004,0.028,1.097,0.552,10.538,0.259,12.85
img_004042.jpg,1,1,0.9998,0.205,0.004,0.031,0.979,0.551,10.547,0.206,12.695
img_004045.jpg,1,1,1.0,0.202,0.004,0.03,1.024,0.548,10.621,0.219,12.828
img_004048.jpg,1,1,1.0,0.206,0.004,0.034,1.258,0.576,10.598,0.22,13.079
img_004051.jpg,1,1,1.0,0.21,0.004,0.029,1.215,0.55,10.765,0.206,13.154
img_004054.jpg,1,1,1.0,0.21,0.005,0.029,1.032,0.553,10.6,0.225,12.83
img_004057.jpg,1,1,0.9999,0.212,0.004,0.031,1.029,0.56,10.607,0.216,12.838
img_004060.jpg,1,1,0.9998,0.283,0.006,0.045,1.182,0.788,12.186,0.23,15.018
img_004063.jpg,1,1,1.0,0.204,0.004,0.03,1.038,0.556,10.588,0.242,12.843
img_004066.jpg,1,1,1.0,0.217,0.005,0.03,1.028,0.579,10.596,0.228,12.868
img_004069.jpg,1,1,1.0,0.204,0.005,0.032,1.017,1.126,10.605,0.242,13.417
img_004072.jpg,1,1,1.0,0.213,0.004,0.031,1.022,0.561,10.604,0.229,12.85
img_004075.jpg,1,1,1.0,0.205,0.004,0.028,1.164,0.564,10.609,0.223,12.978
img_004078.jpg,1,1,0.9933,0.216,0.004,0.031,1.06,0.587,10.619,0.225,12.926
img_004081.jpg,1,0,0.9998,0.201,0.004,0.029,0.982,0.598,10.553,0.21,12.748
img_004084.jpg,1,0,0.9446,0.238,0.005,0.028,1.084,0.866,10.47,0.201,13.07
img_004087.jpg,1,1,0.9998,0.205,0.005,0.029,1.077,0.645,10.783,0.216,13.135
img_004090.jpg,1,1,0.9608,0.201,0.004,0.028,1.1,0.553,10.585,0.208,12.881
img_004093.jpg,1,0,0.9963,0.201,0.004,0.028,0.975,0.55,10.544,0.204,12.703
img_004096.jpg,1,0,0.995,0.202,0.004,0.031,0.988,0.55,10.56,0.211,12.72
img_004099.jpg,1,1,0.9999,0.197,0.004,0.028,1.236,0.535,10.823,0.223,13.22
img_004102.jpg,1,1,0.9989,0.23,0.004,0.031,1.012,0.565,12.688,0.227,14.938
img_004105.jpg,1,1,0.9965,0.207,0.005,0.029,1.018,0.589,10.602,0.215,12.844
img_004108.jpg,1,1,1.0,0.201,0.004,0.027,1.672,0.548,10.805,0.207,13.643
img_004111.jpg,1,1,0.9991,0.208,0.004,0.029,1.026,0.607,10.623,0.225,12.909
img_004114.jpg,1,1,0.6999,0.274,0.007,0.044,1.188,0.983,12.212,0.223,15.205
img_004117.jpg,1,1,0.5343,0.204,0.006,0.03,1.019,0.545,10.647,0.224,12.861
img_004120.jpg,1,0,0.9715,0.208,0.004,0.029,1.035,0.585,10.703,0.22,12.968
img_004123.jpg,1,0,0.9888,0.206,0.004,0.03,0.978,0.559,10.838,0.22,13.009
img_004129.jpg,1,0,0.9998,0.212,0.005,0.03,1.299,1.716,10.615,0.231,14.299
img_004132.jpg,1,0,0.9948,0.206,0.005,0.03,1.333,0.562,10.611,0.259,13.191
img_004135.jpg,1,0,0.9995,0.225,0.004,0.033,2.663,1.761,22.326,0.244,27.475
img_004138.jpg,1,0,0.9695,0.209,0.004,0.032,1.681,1.764,10.606,0.219,14.701
img_004141.jpg,1,0,0.6428,0.21,0.004,0.089,1.15,0.573,10.626,0.25,13.096
img_004144.jpg,1,0,0.632,0.202,0.004,0.03,1.087,0.566,10.556,0.203,12.88
img_004147.jpg,1,0,0.9669,0.204,0.004,0.028,1.128,0.878,10.625,0.219,13.282
img_004150.jpg,1,0,0.9525,0.217,0.004,0.032,1.027,0.593,10.602,0.221,12.887
img_004153.jpg,1,0,0.9334,0.213,0.004,0.031,1.536,0.6,12.396,0.222,15.207
img_004156.jpg,1,1,0.961,0.209,0.004,0.03,0.975,0.557,10.595,0.222,12.773
img_004159.jpg,1,1,0.9556,0.249,0.004,0.029,0.988,0.568,10.61,0.217,12.856
img_004162.jpg,1,0,0.9563,0.218,0.005,0.033,2.295,2.414,14.868,0.23,20.335
img_004165.jpg,1,1,0.9896,0.202,0.005,0.032,1.038,0.647,10.61,0.206,12.924
img_004168.jpg,1,1,0.8248,0.204,0.005,0.031,0.98,0.575,10.572,0.227,12.779
img_004171.jpg,1,1,0.8614,0.21,0.005,0.031,1.582,0.56,23.807,0.376,26.765
img_004174.jpg,1,1,0.7547,0.205,0.005,0.03,1.012,0.618,10.95,0.3,13.319
img_004177.jpg,1,1,0.9989,0.206,0.004,0.032,0.988,0.557,10.607,0.201,12.769
img_004180.jpg,1,1,0.9993,0.206,0.004,0.029,2.831,3.772,13.654,0.233,21.0
img_004183.jpg,1,1,0.9999,0.199,0.004,0.03,1.281,0.583,10.677,0.26,13.227
img_004186.jpg,1,1,1.0,0.205,0.004,0.029,1.043,0.69,10.657,0.236,13.054
img_004189.jpg,1,1,1.0,0.203,0.003,0.029,2.095,3.956,16.12,0.243,22.99
img_004192.jpg,1,1,1.0,0.206,0.004,0.066,1.274,0.586,10.63,0.224,13.178
img_004195.jpg,1,1,0.9996,0.211,0.004,0.031,0.993,0.564,10.631,0.22,12.846
img_004198.jpg,1,1,1.0,0.214,0.005,0.032,2.35,1.777,13.502,0.279,18.429
img_004201.jpg,1,1,1.0,0.203,0.004,0.032,2.225,2.304,13.03,0.27,18.266
img_004204.jpg,1,1,1.0,0.205,0.004,0.028,2.756,0.742,13.28,0.208,17.476
img_004207.jpg,1,1,1.0,0.282,0.006,0.044,1.197,0.722,12.53,0.225,15.278
img_004210.jpg,1,0,1.0,0.207,0.005,0.03,1.137,0.565,10.594,0.221,12.946
img_004213.jpg,1,0,0.996,0.209,0.004,0.029,1.005,0.547,10.616,0.208,12.806
img_004216.jpg,1,1,0.9793,0.205,0.005,0.031,1.025,0.556,12.684,0.249,14.942
img_004219.jpg,1,1,0.9995,0.252,0.004,0.028,1.024,0.55,10.567,0.221,12.827
img_004222.jpg,1,1,0.9968,0.206,0.004,0.029,1.038,0.552,10.661,0.22,12.895
img_004225.jpg,1,1,0.9995,0.207,0.005,0.03,1.085,0.559,10.606,0.214,12.892
img_004228.jpg,1,1,1.0,0.208,0.005,0.029,1.055,0.555,10.782,0.231,13.052
img_004231.jpg,1,1,0.9999,0.21,0.004,0.034,1.013,0.628,10.602,0.216,12.895
img_004234.jpg,1,1,1.0,0.206,0.004,0.029,1.094,0.57,12.702,0.22,15.012
img_004237.jpg,1,1,1.0,0.209,0.005,0.033,1.027,0.559,10.602,0.223,12.905
img_004240.jpg,1,1,1.0,0.215,0.005,0.029,1.005,0.553,10.614,0.23,12.84
img_004243.jpg,1,1,1.0,0.212,0.005,0.029,1.5,0.558,10.593,0.218,13.3
img_004246.jpg,1,1,1.0,0.205,0.004,0.031,1.028,0.655,10.609,0.374,13.092
img_004249.jpg,1,1,1.0,0.2,0.004,0.029,1.292,0.547,10.832,0.222,13.314
img_004252.jpg,1,1,1.0,0.211,0.005,0.03,1.992,2.143,10.515,0.221,15.314
img_004255.jpg,1,1,1.0,0.211,0.005,0.03,2.906,0.77,13.213,0.22,17.553
img_004258.jpg,1,1,1.0,0.211,0.004,0.03,1.031,0.55,10.593,0.206,12.806
img_004261.jpg,1,1,1.0,0.207,0.004,0.03,0.996,0.564,10.68,0.225,12.894
img_004264.jpg,1,1,1.0,0.202,0.004,0.031,1.235,0.633,10.6,0.209,13.107
img_004267.jpg,1,1,1.0,0.206,0.005,0.03,0.986,0.56,10.584,0.209,12.76
img_004270.jpg,1,1,1.0,0.254,0.004,0.03,0.979,0.597,10.474,0.227,12.746
img_004273.jpg,1,1,0.5119,0.198,0.005,0.029,0.995,0.663,10.619,0.204,12.891
img_004276.jpg,1,1,1.0,0.202,0.005,0.03,1.035,0.573,10.593,0.199,12.82
img_004279.jpg,1,1,1.0,0.201,0.004,0.028,2.283,2.148,16.699,0.263,21.823
img_004282.jpg,1,1,1.0,0.256,0.004,0.03,1.021,0.583,10.626,0.221,12.926
img_004285.jpg,1,1,1.0,0.204,0.005,0.027,0.998,0.651,10.59,0.206,12.872
img_004288.jpg,1,1,1.0,0.208,0.004,0.029,1.122,0.571,19.934,0.355,22.46
img_004291.jpg,1,1,1.0,0.206,0.004,0.027,1.027,0.561,10.601,0.218,12.827
img_004294.jpg,1,1,1.0,0.256,0.004,0.028,0.978,0.625,10.597,0.233,12.904
img_004297.jpg,1,1,1.0,0.208,0.004,0.061,1.287,0.642,14.698,0.233,17.327
img_004300.jpg,1,1,1.0,0.212,0.004,0.031,0.998,0.57,10.628,0.226,12.863
img_004303.jpg,1,1,1.0,0.202,0.004,0.029,1.249,0.577,10.604,0.204,13.052
img_004306.jpg,1,1,1.0,0.199,0.004,0.029,1.602,0.942,12.702,0.223,15.899
img_004309.jpg,1,1,1.0,0.204,0.004,0.031,1.062,0.565,10.559,0.242,12.847
img_004312.jpg,1,1,1.0,0.207,0.004,0.032,1.354,0.597,10.665,0.228,13.281
img_004315.jpg,1,1,0.9994,0.209,0.004,0.029,1.654,0.761,18.615,0.235,21.77
img_004318.jpg,1,0,0.9359,0.208,0.004,0.029,1.537,0.647,10.694,0.223,13.536
img_004321.jpg,1,1,0.9266,0.207,0.005,0.031,0.99,0.559,10.625,0.207,12.803
img_004324.jpg,1,1,0.9749,0.198,0.004,0.029,1.414,1.311,16.272,0.248,19.67
img_004327.jpg,1,0,0.9969,0.201,0.005,0.03,1.012,0.564,10.688,0.309,13.049
img_004330.jpg,1,0,0.9777,0.207,0.004,0.03,1.142,0.567,10.605,0.225,12.964
img_004333.jpg,1,0,1.0,0.198,0.004,0.028,2.033,1.892,14.081,0.216,18.662
img_004336.jpg,1,0,1.0,0.211,0.005,0.031,1.574,1.802,10.637,0.223,14.684
img_004339.jpg,1,1,0.9474,0.203,0.005,0.028,1.488,1.706,10.606,0.214,14.442
img_004342.jpg,1,1,0.995,0.204,0.004,0.027,1.623,3.518,13.63,0.326,19.617
img_004345.jpg,1,1,1.0,0.202,0.004,0.03,1.373,0.936,10.638,0.235,13.611
img_004348.jpg,1,1,1.0,0.199,0.004,0.03,1.671,0.587,10.63,0.212,13.531
img_004351.jpg,1,1,1.0,0.205,0.004,0.031,1.273,0.652,10.613,0.221,13.195
img_004354.jpg,1,1,1.0,0.208,0.005,0.03,1.308,0.593,10.666,0.26,13.264
img_004357.jpg,1,1,1.0,0.206,0.005,0.032,0.994,0.576,10.721,0.251,12.979
img_004360.jpg,1,1,1.0,0.204,0.004,0.03,1.269,0.604,10.619,0.226,13.144
img_004363.jpg,1,1,1.0,0.212,0.004,0.03,0.965,0.61,10.562,0.212,12.784
img_004366.jpg,1,1,1.0,0.204,0.004,0.029,2.661,4.41,20.332,0.294,28.231
img_004369.jpg,1,1,1.0,0.204,0.005,0.03,2.835,3.582,12.378,0.242,19.542
img_004372.jpg,1,1,1.0,0.205,0.005,0.03,2.669,0.638,13.649,0.326,17.722
img_004375.jpg,1,1,1.0,0.208,0.005,0.03,1.011,0.548,10.611,0.217,12.815
img_004378.jpg,1,1,1.0,0.206,0.005,0.028,0.987,0.536,10.592,0.22,12.749
img_004381.jpg,1,1,1.0,0.205,0.004,0.03,1.263,0.549,10.598,0.218,13.089
img_004384.jpg,1,1,1.0,0.21,0.004,0.032,1.134,0.701,12.55,0.239,15.057
img_004387.jpg,1,1,1.0,0.204,0.004,0.027,1.055,0.554,10.643,0.22,12.891
img_004390.jpg,1,1,1.0,0.201,0.005,0.032,1.008,0.557,10.613,0.229,12.83
img_004393.jpg,1,1,0.9996,0.337,0.007,0.04,2.435,3.147,14.315,0.332,21.155
img_004396.jpg,1,1,0.9989,0.204,0.004,0.029,1.9,1.315,13.487,0.39,17.607
img_004399.jpg,1,1,0.6935,0.205,0.005,0.031,1.045,0.579,10.622,0.272,12.953
img_004402.jpg,1,1,0.7657,0.211,0.005,0.032,2.624,3.203,12.546,0.227,19.101
img_004405.jpg,1,1,0.9986,0.216,0.004,0.03,2.385,3.546,12.555,0.237,19.238
img_004408.jpg,1,1,0.9994,0.205,0.005,0.029,2.357,3.516,12.803,0.229,19.395
img_004411.jpg,1,0,0.8299,0.211,0.005,0.03,2.491,5.374,22.303,0.362,31.198
img_004414.jpg,1,0,0.7322,0.198,0.004,0.028,1.899,2.32,11.406,0.309,16.356
img_004417.jpg,1,1,0.8815,0.205,0.004,0.028,1.24,0.547,10.588,0.221,13.017
img_004420.jpg,1,1,0.7874,0.199,0.004,0.025,1.433,1.647,15.169,0.255,18.923
img_004423.jpg,1,1,0.9993,0.213,0.004,0.029,1.547,0.913,10.664,0.231,13.804
img_004426.jpg,1,1,0.9997,0.206,0.004,0.03,1.259,0.678,10.64,0.207,13.216
img_004429.jpg,1,1,0.9733,0.203,0.004,0.029,1.212,0.563,10.745,0.26,13.205
img_004432.jpg,1,1,0.9945,0.213,0.004,0.03,1.264,3.595,10.649,0.224,16.183
img_004435.jpg,1,1,0.9898,0.199,0.005,0.032,1.315,0.582,10.636,0.233,13.197
img_004438.jpg,1,1,0.9987,0.208,0.004,0.029,1.27,0.644,10.677,0.275,13.307
img_004441.jpg,1,1,0.9954,0.215,0.004,0.029,1.291,1.891,12.391,0.408,16.429
img_004444.jpg,1,1,1.0,0.213,0.004,0.031,2.219,0.811,13.212,0.256,16.932
img_004447.jpg,1,1,0.9993,0.211,0.004,0.028,1.016,0.598,10.596,0.218,12.851
img_004450.jpg,1,0,0.8801,0.221,0.005,0.031,0.986,0.564,10.556,0.208,12.749
img_004453.jpg,1,1,0.9901,0.28,0.007,0.046,1.197,0.79,12.3,0.211,15.076
img_004456.jpg,1,0,0.8396,0.212,0.005,0.031,1.117,0.584,10.655,0.263,13.057
img_004459.jpg,1,1,0.8705,0.209,0.005,0.03,1.265,0.574,10.613,0.203,13.085
img_004462.jpg,1,0,0.9639,0.21,0.004,0.029,1.002,0.6,10.604,0.206,12.834
img_004465.jpg,1,0,0.8935,0.208,0.005,0.029,1.384,0.586,10.564,0.2,13.154
img_004468.jpg,1,1,0.9998,0.217,0.005,0.031,1.259,0.625,10.56,0.204,13.08
img_004471.jpg,1,1,1.0,0.204,0.005,0.082,0.989,0.573,10.565,0.221,12.818
img_004474.jpg,1,1,1.0,0.206,0.004,0.032,1.04,0.561,10.604,0.214,12.843
img_004477.jpg,1,1,1.0,0.207,0.004,0.027,0.977,0.539,12.614,0.208,14.749
img_004480.jpg,1,1,1.0,0.199,0.004,0.031,0.974,0.571,10.549,0.24,12.741
img_004483.jpg,1,1,1.0,0.241,0.004,0.029,0.961,0.549,10.55,0.214,12.721
img_004486.jpg,1,1,1.0,0.204,0.005,0.029,1.912,2.985,16.306,0.345,22.152
img_004489.jpg,1,1,1.0,0.206,0.004,0.029,1.262,1.744,10.566,0.214,14.211
img_004492.jpg,1,1,1.0,0.203,0.005,0.032,2.226,4.163,12.679,0.23,19.793
img_004495.jpg,1,1,1.0,0.203,0.004,0.03,1.311,1.883,15.95,0.374,19.957
img_004498.jpg,1,1,1.0,0.213,0.004,0.031,1.277,1.709,10.582,0.205,14.234
img_004501.jpg,1,1,1.0,0.202,0.005,0.029,2.411,3.514,12.535,0.219,19.17
img_004504.jpg,1,1,1.0,0.699,0.007,0.05,4.645,2.059,12.277,0.224,20.232
img_004507.jpg,1,1,1.0,0.197,0.003,0.028,1.272,0.559,10.592,0.222,13.053
img_004510.jpg,1,1,1.0,0.209,0.004,0.029,0.977,0.599,10.563,0.206,12.765
img_004513.jpg,1,1,1.0,0.202,0.004,0.028,3.215,4.783,19.57,0.41,28.574
img_004516.jpg,1,1,1.0,0.21,0.004,0.03,1.894,2.304,10.618,0.206,15.459
img_004519.jpg,1,1,1.0,0.211,0.005,0.03,1.28,0.56,10.619,0.231,13.149
img_004522.jpg,1,1,1.0,0.28,0.007,0.044,2.074,1.838,13.29,0.217,18.023
img_004525.jpg,1,1,1.0,0.28,0.006,0.043,1.689,0.94,12.33,0.221,15.762
img_004528.jpg,1,1,1.0,0.211,0.004,0.031,0.992,0.564,10.573,0.206,12.765
img_004531.jpg,1,1,1.0,0.206,0.004,0.032,1.702,2.887,19.172,0.254,24.528
img_004534.jpg,1,1,1.0,0.206,0.005,0.029,1.29,0.547,10.591,0.222,13.064
img_004537.jpg,1,1,1.0,0.28,0.007,0.044,1.262,0.722,13.141,0.201,15.91
img_004540.jpg,1,1,1.0,0.207,0.004,0.029,1.767,1.731,14.263,0.236,18.441
img_004543.jpg,1,1,1.0,0.207,0.005,0.031,1.002,0.557,10.566,0.207,12.755
img_004546.jpg,1,1,1.0,0.21,0.004,0.032,0.962,0.548,10.552,0.215,12.704
img_004549.jpg,1,1,1.0,0.198,0.005,0.031,2.305,2.325,18.155,0.374,23.598
img_004552.jpg,1,1,1.0,0.229,0.004,0.03,1.334,1.719,10.671,0.239,14.415
img_004555.jpg,1,1,1.0,0.199,0.004,0.026,2.357,3.538,12.789,0.218,19.387
img_004558.jpg,1,1,1.0,0.206,0.005,0.029,0.986,0.578,12.383,0.236,14.627
img_004561.jpg,1,1,1.0,0.259,0.005,0.03,1.146,0.88,10.661,0.219,13.422
img_004564.jpg,1,1,1.0,0.202,0.004,0.03,0.986,0.576,10.617,0.235,12.844
img_004567.jpg,1,1,1.0,0.237,0.004,0.03,1.165,0.494,14.679,0.26,17.061
img_004570.jpg,1,1,1.0,0.24,0.004,0.03,2.645,0.981,13.427,0.345,17.971
img_004573.jpg,1,1,1.0,0.327,0.007,0.044,1.464,0.73,11.23,0.236,14.285
img_004576.jpg,1,0,0.9933,0.197,0.004,0.054,2.276,4.578,12.25,0.223,19.843
img_004579.jpg,1,0,0.9979,0.208,0.005,0.031,2.002,0.747,13.462,0.33,17.047
img_004582.jpg,1,0,0.9896,0.207,0.005,0.03,1.003,0.559,10.582,0.22,12.782
img_004585.jpg,1,0,0.9783,0.279,0.006,0.046,2.293,1.999,13.193,0.227,18.464
img_004588.jpg,1,0,0.9594,0.214,0.005,0.03,1.507,0.557,10.604,0.206,13.304
img_004591.jpg,1,0,0.9844,0.209,0.004,0.03,1.403,0.552,10.572,0.214,13.164
img_004594.jpg,1,0,0.9644,0.206,0.004,0.028,1.015,0.638,11.07,0.205,13.352
img_004597.jpg,1,0,0.7948,0.196,0.004,0.028,1.193,0.529,10.566,0.203,12.893
img_004600.jpg,1,1,0.7831,0.285,0.007,0.045,1.4,0.78,12.136,0.231,15.136
img_004603.jpg,1,0,0.7428,0.203,0.004,0.03,0.993,0.546,10.531,0.2,12.681
img_004606.jpg,1,0,0.5793,0.202,0.004,0.028,1.37,0.608,10.568,0.215,13.168
img_004609.jpg,1,1,0.8627,0.205,0.004,0.027,1.404,0.599,10.552,0.209,13.168
img_004612.jpg,1,1,0.6446,0.199,0.005,0.028,2.552,2.511,14.98,0.235,20.693
img_004615.jpg,1,1,0.582,0.205,0.005,0.03,2.768,3.603,12.647,0.223,19.746
img_004618.jpg,1,0,0.926,0.207,0.004,0.03,1.671,0.75,10.599,0.211,13.651
img_004621.jpg,1,0,0.8166,0.204,0.005,0.029,1.889,2.341,10.545,0.201,15.394
img_004624.jpg,1,1,0.5488,0.283,0.006,0.045,1.125,0.63,12.371,0.226,14.883
img_004627.jpg,1,1,0.9932,0.201,0.005,0.028,0.972,0.566,10.564,0.213,12.781
img_004630.jpg,1,1,0.9989,0.201,0.003,0.03,1.886,2.177,14.712,0.229,19.459
img_004633.jpg,1,1,0.7764,0.204,0.005,0.03,1.364,1.729,10.699,0.227,14.456
img_004636.jpg,1,1,0.796,0.214,0.004,0.029,1.569,3.735,12.968,0.243,19.036
img_004639.jpg,1,1,0.8443,0.211,0.005,0.031,3.022,3.462,16.174,0.246,23.431
img_004642.jpg,1,1,0.9793,0.202,0.004,0.03,1.23,0.566,10.572,0.212,12.994
img_004645.jpg,1,1,0.7314,0.198,0.004,0.029,1.246,0.555,10.601,0.206,13.02
img_004648.jpg,1,0,0.6468,0.208,0.004,0.031,1.357,0.596,15.084,0.258,17.739
img_004651.jpg,1,0,0.5096,0.201,0.005,0.031,0.967,0.641,10.575,0.247,12.849
img_004654.jpg,1,1,0.9222,0.203,0.004,0.03,0.964,0.557,10.594,0.23,12.765
img_004657.jpg,1,1,0.9778,0.212,0.005,0.032,1.361,1.787,23.258,0.382,27.289
img_004660.jpg,1,1,0.9966,0.207,0.004,0.031,1.449,0.584,10.636,0.221,13.325
img_004663.jpg,1,0,0.9529,0.203,0.004,0.031,0.966,0.552,10.579,0.213,12.732
img_004666.jpg,1,0,0.7496,0.201,0.004,0.03,2.202,0.795,15.291,0.259,19.05
img_004669.jpg,1,0,0.5542,0.204,0.004,0.031,1.001,0.558,10.586,0.216,12.78
img_004672.jpg,1,1,0.7333,0.21,0.004,0.033,0.979,0.563,10.581,0.213,12.767
img_004675.jpg,1,1,0.7554,0.196,0.004,0.029,2.584,4.299,18.962,0.337,26.806
img_004678.jpg,1,1,0.9037,0.208,0.004,0.031,1.679,0.599,10.742,0.218,13.674
img_004681.jpg,1,1,0.8822,0.209,0.004,0.03,1.022,0.568,10.632,0.213,12.868
img_004684.jpg,1,1,0.9298,0.204,0.004,0.029,1.823,2.531,10.665,0.212,15.672
img_004687.jpg,1,1,0.9177,0.203,0.004,0.028,0.982,0.621,10.595,0.215,12.838
img_004690.jpg,1,0,0.5463,0.192,0.004,0.027,0.981,0.578,10.584,0.21,12.804
img_004693.jpg,1,1,0.8234,0.245,0.005,0.03,2.339,3.79,16.892,0.253,24.034
img_004696.jpg,1,1,0.8389,0.213,0.004,0.029,1.268,0.609,10.618,0.221,13.16
img_004699.jpg,1,1,0.7077,0.204,0.004,0.031,1.0,0.616,10.614,0.206,12.866
img_004702.jpg,1,1,0.9447,0.203,0.004,0.03,2.17,2.954,21.44,0.251,27.452
img_004705.jpg,1,0,0.5424,0.203,0.004,0.03,1.267,0.594,10.615,0.236,13.145
img_004708.jpg,1,1,1.0,0.204,0.004,0.028,0.977,0.561,10.592,0.216,12.77
img_004711.jpg,1,1,1.0,0.206,0.004,0.028,2.356,5.31,19.846,0.245,28.282
img_004714.jpg,1,1,1.0,0.208,0.004,0.03,1.861,0.785,10.566,0.226,13.862
img_004717.jpg,1,1,1.0,0.2,0.004,0.028,0.979,0.613,10.578,0.208,12.79
img_004720.jpg,1,1,1.0,0.212,0.005,0.033,1.476,2.37,10.784,0.258,15.345
img_004723.jpg,1,1,1.0,0.198,0.004,0.031,1.728,2.004,10.616,0.214,14.992
img_004726.jpg,1,1,1.0,0.2,0.004,0.03,2.755,3.565,12.237,0.216,19.273
img_004729.jpg,1,1,1.0,0.2,0.003,0.029,2.753,3.603,12.879,0.246,19.974
img_004732.jpg,1,1,1.0,0.205,0.005,0.031,2.463,3.562,12.396,0.227,19.145
img_004735.jpg,1,1,1.0,0.195,0.005,0.028,2.348,3.732,12.82,0.227,19.612
img_004738.jpg,1,1,1.0,0.207,0.004,0.031,2.803,0.83,13.453,0.25,17.779
img_004741.jpg,1,1,1.0,0.271,0.007,0.047,3.369,2.189,11.379,0.233,17.751
img_004744.jpg,1,1,1.0,0.203,0.004,0.033,2.753,3.817,12.312,0.213,19.599
img_004747.jpg,1,1,1.0,0.2,0.005,0.03,2.728,3.743,16.505,0.256,23.736
img_004750.jpg,1,1,1.0,0.271,0.007,0.098,1.886,2.355,11.481,0.227,16.584
img_004753.jpg,1,1,1.0,0.198,0.004,0.028,2.763,1.568,13.432,0.278,18.518
img_004756.jpg,1,1,1.0,0.222,0.005,0.033,1.855,2.688,23.053,0.368,28.434
img_004759.jpg,1,1,1.0,0.202,0.005,0.027,2.767,3.893,12.36,0.209,19.728
img_004762.jpg,1,1,1.0,0.21,0.005,0.034,0.975,0.546,10.547,0.198,12.696
img_004765.jpg,1,1,1.0,0.196,0.004,0.03,1.015,0.541,10.553,0.206,12.722
img_004768.jpg,1,1,1.0,0.202,0.003,0.031,1.046,0.617,10.574,0.205,12.89
img_004771.jpg,1,1,1.0,0.195,0.004,0.026,1.045,0.622,10.543,0.2,12.815
img_004774.jpg,1,1,1.0,0.201,0.005,0.028,1.982,2.132,10.642,0.219,15.402
img_004777.jpg,1,1,1.0,0.203,0.004,0.028,2.816,2.497,13.255,0.207,19.266
img_004780.jpg,1,1,1.0,0.207,0.004,0.031,1.491,0.904,10.558,0.204,13.574
img_004783.jpg,1,1,1.0,0.205,0.003,0.029,1.074,0.569,10.539,0.195,12.787
img_004786.jpg,1,1,1.0,0.201,0.005,0.03,1.444,0.549,10.597,0.203,13.203
img_004789.jpg,1,1,1.0,0.213,0.005,0.03,1.02,0.602,10.557,0.198,12.806
img_004792.jpg,1,1,1.0,0.196,0.005,0.03,1.259,0.575,11.195,0.221,13.662
img_004795.jpg,1,1,1.0,0.204,0.004,0.029,1.113,0.559,10.67,0.21,12.967
img_004798.jpg,1,1,1.0,0.213,0.005,0.03,1.609,0.59,10.652,0.245,13.536
img_004801.jpg,1,1,1.0,0.214,0.004,0.031,1.13,0.586,10.579,0.205,12.935
img_004804.jpg,1,1,1.0,0.219,0.004,0.029,1.19,0.572,10.554,0.204,12.952
img_004807.jpg,1,1,1.0,0.202,0.004,0.029,0.999,0.572,10.545,0.2,12.732
img_004810.jpg,1,1,1.0,0.204,0.004,0.029,0.999,0.545,12.641,0.205,14.798
img_004813.jpg,1,1,1.0,0.205,0.004,0.03,1.03,0.531,10.588,0.208,12.769
img_004816.jpg,1,1,1.0,0.207,0.004,0.027,1.026,0.541,10.547,0.205,12.736
img_004819.jpg,1,1,1.0,0.2,0.004,0.03,1.34,2.105,11.235,0.214,15.313
img_004822.jpg,1,1,1.0,0.211,0.005,0.03,1.294,0.59,10.549,0.198,13.06
img_004825.jpg,1,1,1.0,0.206,0.004,0.029,0.981,0.537,10.563,0.198,12.696
img_004828.jpg,1,1,1.0,0.209,0.004,0.03,1.227,0.629,10.58,0.205,13.067
img_004831.jpg,1,1,1.0,0.211,0.004,0.029,1.498,0.709,10.631,0.222,13.509
img_004834.jpg,1,1,1.0,0.205,0.004,0.029,1.038,0.573,10.636,0.274,12.953
img_004837.jpg,1,1,1.0,0.206,0.004,0.03,1.606,1.674,14.239,0.218,18.203
img_004840.jpg,1,1,1.0,0.217,0.005,0.031,1.264,0.565,10.642,0.206,13.118
img_004843.jpg,1,1,1.0,0.209,0.005,0.029,1.275,0.572,10.644,0.209,13.132
img_004846.jpg,1,1,1.0,0.213,0.004,0.029,2.822,3.476,15.303,0.253,22.388
img_004849.jpg,1,1,1.0,0.22,0.004,0.031,1.476,0.567,10.6,0.21,13.304
img_004852.jpg,1,1,1.0,0.209,0.005,0.03,0.992,0.571,10.6,0.224,12.82
img_004855.jpg,1,1,1.0,0.205,0.003,0.031,0.996,0.708,10.602,0.228,12.959
img_004858.jpg,1,1,1.0,0.207,0.004,0.029,1.02,0.573,10.596,0.207,12.83
img_004861.jpg,1,1,1.0,0.208,0.005,0.031,0.988,0.565,10.616,0.198,12.794
img_004864.jpg,1,1,1.0,0.202,0.004,0.027,1.656,1.715,12.446,0.251,16.518
img_004867.jpg,1,1,1.0,0.205,0.004,0.03,1.018,0.564,10.621,0.215,12.85
img_004870.jpg,1,1,1.0,0.203,0.005,0.028,0.992,0.559,10.656,0.215,12.843
img_004873.jpg,1,1,1.0,0.199,0.004,0.027,0.957,0.556,10.563,0.202,12.734
img_004876.jpg,1,1,1.0,0.212,0.004,0.031,3.148,3.595,12.23,0.229,19.714
img_004879.jpg,1,1,1.0,0.208,0.005,0.032,1.895,0.95,10.643,0.22,14.157
img_004882.jpg,1,1,1.0,0.209,0.004,0.031,1.201,0.589,12.483,0.225,14.932
img_004885.jpg,1,1,1.0,0.267,0.005,0.03,1.021,0.57,10.608,0.223,12.917
img_004888.jpg,1,1,1.0,0.206,0.005,0.031,1.26,0.634,10.573,0.211,13.107
img_004891.jpg,1,1,1.0,0.21,0.004,0.031,2.994,3.81,12.888,0.224,20.422
img_004894.jpg,1,1,1.0,0.201,0.004,0.03,2.809,3.608,12.286,0.222,19.418
img_004897.jpg,1,1,1.0,0.213,0.005,0.031,3.154,3.604,12.736,0.241,20.244
img_004900.jpg,1,1,1.0,0.21,0.005,0.033,2.301,3.711,12.377,0.205,19.105
img_004903.jpg,1,1,1.0,0.214,0.005,0.032,1.854,2.32,10.599,0.203,15.409
img_004906.jpg,1,1,1.0,0.206,0.004,0.03,2.785,3.598,14.578,0.286,21.761
img_004909.jpg,1,1,1.0,0.263,0.004,0.031,2.703,3.73,12.309,0.218,19.518
img_004912.jpg,1,1,1.0,0.253,0.004,0.031,2.675,3.729,12.249,0.206,19.404
img_004915.jpg,1,1,1.0,0.203,0.005,0.026,2.765,3.758,21.868,0.369,29.283
img_004918.jpg,1,1,1.0,0.201,0.005,0.029,1.639,1.901,10.616,0.211,14.778
img_004921.jpg,1,1,1.0,0.205,0.004,0.03,2.637,3.716,12.542,0.206,19.598
img_004924.jpg,1,1,1.0,0.21,0.005,0.028,1.577,1.715,10.48,0.209,14.413
img_004927.jpg,1,1,1.0,0.212,0.004,0.029,1.681,1.681,10.561,0.199,14.55
img_004930.jpg,1,1,1.0,0.204,0.005,0.027,2.355,3.562,12.522,0.223,19.149
img_004933.jpg,1,1,1.0,0.2,0.004,0.029,2.187,0.638,10.679,0.226,14.167
img_004936.jpg,1,1,1.0,0.205,0.004,0.028,1.026,0.596,10.614,0.21,12.876
img_004939.jpg,1,1,1.0,0.203,0.004,0.032,0.994,0.564,10.579,0.223,12.793
img_004942.jpg,1,1,0.9995,0.204,0.004,0.028,1.385,0.66,12.469,0.235,15.188
img_004945.jpg,1,1,0.9999,0.205,0.004,0.032,1.096,0.619,10.672,0.213,13.045
img_004948.jpg,1,1,1.0,0.218,0.005,0.032,2.516,2.815,13.821,0.397,20.072
img_004951.jpg,1,1,1.0,0.209,0.005,0.031,1.918,1.878,11.488,0.302,16.019
img_004954.jpg,1,1,0.9998,0.203,0.004,0.029,2.518,3.486,12.527,0.218,19.271
img_004957.jpg,1,1,0.9999,0.203,0.004,0.029,1.958,1.701,10.552,0.215,14.848
img_004960.jpg,1,1,1.0,0.287,0.007,0.043,2.221,0.673,14.201,0.227,17.9
img_004963.jpg,1,1,0.9729,0.202,0.004,0.03,1.069,0.583,10.65,0.224,12.953
img_004966.jpg,1,1,0.9991,0.199,0.004,0.03,1.118,0.632,10.635,0.229,13.043
img_004969.jpg,1,1,0.9494,0.218,0.005,0.031,1.314,0.594,10.634,0.227,13.221
img_004972.jpg,1,1,0.9996,0.211,0.005,0.032,1.041,0.671,10.601,0.212,12.969
img_004975.jpg,1,1,0.9794,0.212,0.004,0.03,1.292,0.589,10.566,0.21,13.099
img_004978.jpg,1,1,0.9991,0.209,0.004,0.031,1.028,0.774,10.646,0.209,13.099
img_004981.jpg,1,1,0.9604,0.202,0.004,0.03,1.005,0.61,10.591,0.224,12.851
img_004984.jpg,1,0,0.7481,0.207,0.006,0.029,1.027,0.595,10.632,0.228,12.925
img_004987.jpg,1,0,0.7139,0.213,0.005,0.031,1.009,0.645,10.591,0.21,12.897
img_004990.jpg,1,1,0.9611,0.203,0.005,0.03,1.141,0.58,10.623,0.258,13.03
img_004993.jpg,1,1,0.8934,0.218,0.005,0.032,1.517,2.058,10.646,0.238,14.903
img_004996.jpg,1,1,0.8073,0.206,0.004,0.029,2.794,3.661,12.657,0.235,19.826
img_004999.jpg,1,1,0.9761,0.196,0.004,0.03,1.835,1.765,10.594,0.214,14.847
img_005002.jpg,1,1,0.9974,0.2,0.003,0.03,1.534,1.718,10.558,0.199,14.42
img_005005.jpg,1,1,0.9983,0.201,0.004,0.03,1.258,1.707,10.584,0.203,14.167
img_005008.jpg,1,1,0.9988,0.203,0.004,0.031,1.864,1.742,10.568,0.216,14.808
img_005011.jpg,1,1,1.0,0.203,0.005,0.029,2.04,0.809,13.413,0.279,17.029
img_005014.jpg,1,1,1.0,0.21,0.005,0.03,1.06,0.556,10.519,0.572,13.132
img_005017.jpg,1,1,1.0,0.201,0.003,0.028,0.969,0.538,10.567,0.218,12.704
img_005020.jpg,1,1,1.0,0.203,0.005,0.03,1.066,0.548,10.558,0.25,12.835
img_005023.jpg,1,1,1.0,0.211,0.004,0.03,0.992,0.559,10.616,0.222,12.816
img_005026.jpg,1,1,1.0,0.199,0.005,0.029,1.587,2.652,13.501,0.35,18.594
img_005029.jpg,1,1,1.0,0.201,0.004,0.032,1.008,0.576,10.704,0.231,12.942
img_005032.jpg,1,1,1.0,0.2,0.005,0.031,1.29,0.573,10.619,0.217,13.123
img_005035.jpg,1,1,1.0,0.207,0.004,0.028,1.247,0.559,10.607,0.207,13.045
img_005038.jpg,1,1,1.0,0.201,0.005,0.03,0.985,0.564,10.598,0.23,12.8
img_005041.jpg,1,1,1.0,0.205,0.005,0.029,1.05,0.575,10.599,0.205,12.858
img_005044.jpg,1,1,1.0,0.205,0.004,0.028,1.021,0.568,10.588,0.227,12.827
img_005047.jpg,1,1,1.0,0.203,0.004,0.029,1.06,0.579,10.617,0.228,12.912
img_005050.jpg,1,1,1.0,0.209,0.005,0.032,1.445,2.285,12.062,0.234,16.462
img_005053.jpg,1,1,1.0,0.205,0.004,0.027,2.169,0.609,13.685,0.36,17.265
img_005056.jpg,1,1,1.0,0.208,0.004,0.031,1.294,0.636,10.637,0.218,13.227
img_005059.jpg,1,1,1.0,0.203,0.004,0.03,1.03,0.576,10.63,0.209,12.878
img_005062.jpg,1,1,1.0,0.209,0.005,0.031,0.978,0.592,10.566,0.207,12.778
img_005065.jpg,1,1,1.0,0.207,0.004,0.03,1.429,0.572,10.582,0.229,13.238
img_005068.jpg,1,1,1.0,0.206,0.005,0.028,0.988,0.618,10.584,0.209,12.825
img_005071.jpg,1,1,1.0,0.211,0.005,0.028,1.283,0.584,10.62,0.222,13.15
img_005074.jpg,1,1,1.0,0.212,0.004,0.029,2.736,0.976,13.245,0.223,17.681
img_005077.jpg,1,1,1.0,0.202,0.004,0.032,0.991,0.549,10.564,0.21,12.728
img_005080.jpg,1,1,1.0,0.278,0.007,0.045,1.221,0.789,12.265,0.229,15.12
img_005083.jpg,1,1,1.0,0.198,0.004,0.028,1.004,0.545,10.541,0.208,12.704
img_005086.jpg,1,1,1.0,0.204,0.004,0.029,1.44,0.555,12.676,0.227,15.318
img_005089.jpg,1,1,1.0,0.206,0.005,0.031,1.026,0.548,11.106,0.225,13.359
img_005092.jpg,1,1,1.0,0.203,0.004,0.031,1.015,0.565,10.615,0.199,12.813
img_005095.jpg,1,1,1.0,0.281,0.007,0.045,1.18,0.722,12.501,0.226,15.217
img_005098.jpg,1,1,1.0,0.211,0.004,0.032,1.533,1.742,10.633,0.223,14.585
img_005101.jpg,1,1,1.0,0.21,0.005,0.03,1.522,0.58,10.713,0.245,13.497
img_005104.jpg,1,1,1.0,0.203,0.004,0.032,1.06,0.575,10.67,0.215,12.952
img_005107.jpg,1,1,1.0,0.204,0.005,0.029,0.991,0.553,10.573,0.224,12.762
img_005110.jpg,1,1,1.0,0.205,0.005,0.029,1.047,0.57,10.611,0.212,12.888
img_005113.jpg,1,1,1.0,0.209,0.004,0.031,0.996,0.553,10.585,0.207,12.772
img_005116.jpg,1,1,1.0,0.203,0.004,0.029,1.018,0.559,10.565,0.206,12.77
img_005119.jpg,1,1,1.0,0.197,0.005,0.029,0.967,0.557,10.709,0.268,12.915
img_005122.jpg,1,1,1.0,0.207,0.004,0.031,1.054,0.582,10.618,0.206,12.897
img_005125.jpg,1,1,1.0,0.204,0.004,0.03,0.988,0.57,10.58,0.217,12.78
img_005128.jpg,1,1,1.0,0.21,0.004,0.032,2.083,3.569,10.606,0.214,16.9
img_005131.jpg,1,1,1.0,0.21,0.004,0.03,1.97,2.294,13.526,0.34,18.579
img_005134.jpg,1,1,1.0,0.21,0.004,0.029,2.43,4.1,12.391,0.224,19.672
img_005137.jpg,1,1,1.0,0.31,0.008,0.042,2.03,1.659,12.842,0.255,17.342
img_005140.jpg,1,1,1.0,0.202,0.004,0.027,2.418,1.221,13.327,0.297,17.745
img_005143.jpg,1,1,1.0,0.213,0.005,0.031,0.961,0.558,10.529,0.201,12.675
img_005146.jpg,1,1,1.0,0.206,0.005,0.028,2.346,3.527,15.419,0.268,22.065
img_005149.jpg,1,1,1.0,0.205,0.005,0.031,2.468,3.53,12.812,0.229,19.537
img_005152.jpg,1,1,1.0,0.207,0.004,0.03,1.311,1.728,10.61,0.199,14.273
img_005155.jpg,1,1,1.0,0.212,0.004,0.033,2.062,3.741,18.365,0.258,24.959
img_005158.jpg,1,1,1.0,0.202,0.005,0.03,2.358,0.887,13.323,0.206,17.252
img_005161.jpg,1,1,1.0,0.204,0.004,0.028,0.994,0.554,10.541,0.244,12.746
img_005164.jpg,1,1,1.0,0.199,0.005,0.116,2.908,3.858,20.232,0.238,27.856
img_005167.jpg,1,1,1.0,0.202,0.004,0.029,2.398,3.591,12.799,0.212,19.521
img_005170.jpg,1,1,1.0,0.211,0.004,0.03,2.373,3.522,12.544,0.22,19.154
img_005173.jpg,1,1,1.0,0.211,0.005,0.03,1.651,4.586,16.899,0.243,23.944
img_005176.jpg,1,1,1.0,0.283,0.007,0.046,2.945,3.472,11.297,0.217,18.555
img_005179.jpg,1,1,1.0,0.203,0.006,0.029,1.236,0.541,10.782,0.226,13.201
img_005182.jpg,1,1,1.0,0.201,0.004,0.03,1.904,2.356,14.702,0.229,19.626
img_005185.jpg,1,1,1.0,0.202,0.004,0.027,1.277,1.733,10.54,0.201,14.172
img_005188.jpg,1,1,1.0,0.2,0.004,0.028,2.367,3.279,12.584,0.22,18.954
img_005191.jpg,1,1,1.0,0.209,0.005,0.03,2.491,3.73,20.424,0.386,27.491
img_005194.jpg,1,1,1.0,0.2,0.004,0.03,1.732,2.359,10.746,0.32,15.583
img_005197.jpg,1,1,1.0,0.201,0.004,0.029,1.47,0.555,10.589,0.201,13.234
img_005200.jpg,1,1,1.0,0.206,0.004,0.029,1.039,0.562,18.746,0.308,21.082
img_005203.jpg,1,1,1.0,0.202,0.003,0.027,0.993,0.821,10.548,0.243,13.015
img_005206.jpg,1,1,1.0,0.203,0.003,0.027,1.006,0.55,10.646,0.221,12.841
img_005209.jpg,1,1,1.0,0.202,0.004,0.029,2.035,2.308,16.936,0.323,22.04
img_005212.jpg,1,1,1.0,0.199,0.004,0.029,2.847,1.644,13.477,0.274,18.724
img_005215.jpg,1,1,1.0,0.287,0.006,0.042,1.162,0.878,12.437,0.218,15.288
img_005218.jpg,1,1,1.0,0.2,0.004,0.03,1.264,0.661,10.59,0.207,13.135
img_005221.jpg,1,1,1.0,0.2,0.005,0.029,0.983,0.564,10.555,0.217,12.728
img_005224.jpg,1,1,1.0,0.205,0.004,0.027,1.115,0.552,10.563,0.201,12.837
img_005227.jpg,1,1,1.0,0.206,0.004,0.026,2.434,4.324,15.043,0.216,22.464
img_005230.jpg,1,1,1.0,0.202,0.005,0.03,1.887,0.581,10.601,0.214,13.701
img_005233.jpg,1,1,1.0,0.215,0.004,0.032,1.298,0.58,10.59,0.211,13.111
img_005236.jpg,1,1,1.0,0.205,0.004,0.031,2.063,3.538,12.743,0.209,19.046
img_005239.jpg,1,1,1.0,0.199,0.005,0.03,2.187,1.99,13.301,0.322,18.244
img_005242.jpg,1,1,1.0,0.209,0.005,0.031,2.124,3.659,12.654,0.209,19.165
img_005245.jpg,1,1,1.0,0.208,0.005,0.032,1.327,2.877,13.57,0.337,18.637
img_005248.jpg,1,1,1.0,0.206,0.005,0.03,2.092,0.747,13.427,0.321,17.092
img_005251.jpg,1,1,1.0,0.205,0.005,0.03,1.997,0.58,10.64,0.23,13.877
img_005254.jpg,1,1,1.0,0.207,0.005,0.03,2.018,0.579,12.664,0.217,15.91
img_005257.jpg,1,1,1.0,0.241,0.004,0.029,1.651,0.574,10.628,0.233,13.544
img_005260.jpg,1,1,1.0,0.208,0.004,0.029,1.333,1.13,10.667,0.221,13.808
img_005263.jpg,1,1,1.0,0.199,0.004,0.031,0.985,0.609,10.598,0.202,12.818
img_005266.jpg,1,1,1.0,0.232,0.005,0.031,1.685,0.567,10.596,0.209,13.518
img_005269.jpg,1,1,1.0,0.199,0.004,0.03,1.387,0.584,10.583,0.217,13.22
img_005272.jpg,1,1,1.0,0.199,0.005,0.031,1.276,0.577,10.516,0.225,13.022
img_005275.jpg,1,1,1.0,0.214,0.005,0.029,1.293,0.592,10.661,0.226,13.219
img_005278.jpg,1,1,1.0,0.2,0.005,0.029,1.341,0.571,10.62,0.198,13.176
img_005281.jpg,1,1,1.0,0.238,0.004,0.032,1.272,0.571,10.593,0.234,13.138
img_005284.jpg,1,1,1.0,0.209,0.004,0.029,1.052,0.629,10.625,0.21,12.958
img_005287.jpg,1,1,1.0,0.202,0.004,0.03,1.544,0.594,10.591,0.22,13.384
img_005290.jpg,1,1,1.0,0.202,0.005,0.029,1.246,0.645,10.606,0.217,13.136
img_005293.jpg,1,1,1.0,0.196,0.004,0.027,1.439,0.582,10.59,0.22,13.253
img_005296.jpg,1,1,1.0,0.211,0.004,0.027,1.249,0.597,10.575,0.203,13.055
img_005299.jpg,1,1,1.0,0.202,0.005,0.03,2.43,0.815,14.542,0.222,18.526
img_005302.jpg,1,1,1.0,0.204,0.004,0.029,1.006,0.78,10.633,0.225,13.077
img_005305.jpg,1,1,1.0,0.205,0.004,0.03,1.07,0.588,10.614,0.231,12.94
img_005308.jpg,1,1,1.0,0.202,0.004,0.03,2.419,2.477,12.662,0.224,18.239
img_005311.jpg,1,1,1.0,0.212,0.004,0.031,2.374,4.298,12.392,0.228,19.885
img_005314.jpg,1,1,1.0,0.204,0.005,0.029,1.034,0.581,10.641,0.238,12.929
img_005317.jpg,1,1,1.0,0.206,0.004,0.031,1.629,2.083,10.628,0.243,15.018
img_005320.jpg,1,1,1.0,0.198,0.004,0.028,1.292,0.591,10.571,0.198,13.06
img_005323.jpg,1,1,1.0,0.199,0.005,0.03,1.102,0.553,10.608,0.215,12.891
img_005326.jpg,1,1,1.0,0.211,0.004,0.03,1.345,0.61,12.069,0.216,14.672
img_005329.jpg,1,1,1.0,0.244,0.004,0.03,0.986,0.552,10.548,0.204,12.74
img_005332.jpg,1,1,1.0,0.207,0.005,0.028,0.971,0.547,10.519,0.19,12.679
img_005335.jpg,1,1,1.0,0.196,0.004,0.03,2.523,3.199,12.585,0.227,19.024
img_005338.jpg,1,1,1.0,0.202,0.005,0.029,1.207,0.553,10.628,0.212,13.018
img_005341.jpg,1,1,1.0,0.209,0.004,0.027,1.234,0.672,10.572,0.199,13.1
img_005344.jpg,1,1,1.0,0.201,0.005,0.03,2.47,4.465,12.865,0.205,20.493
img_005347.jpg,1,1,1.0,0.198,0.005,0.027,2.507,2.934,12.634,0.207,18.763
img_005350.jpg,1,1,1.0,0.196,0.004,0.028,1.045,0.552,10.546,0.196,12.745
img_005353.jpg,1,1,1.0,0.21,0.005,0.031,1.05,0.534,10.582,0.209,12.793
img_005356.jpg,1,1,1.0,0.205,0.004,0.028,0.964,0.537,10.558,0.198,12.667
img_005359.jpg,1,1,1.0,0.202,0.004,0.028,0.973,0.58,10.53,0.195,12.684
img_005362.jpg,1,1,1.0,0.206,0.004,0.029,1.111,0.552,10.54,0.199,12.818
img_005365.jpg,1,1,1.0,0.202,0.004,0.028,1.195,0.542,10.556,0.192,12.895
img_005368.jpg,1,1,1.0,0.204,0.004,0.03,1.073,0.538,10.563,0.204,12.791
img_005371.jpg,1,0,0.6275,0.203,0.005,0.029,1.057,0.548,10.554,0.2,12.773
img_005374.jpg,1,0,0.8606,0.2,0.005,0.028,1.088,0.56,10.639,0.229,12.921
img_005377.jpg,1,0,0.9999,0.201,0.005,0.03,1.512,0.565,10.553,0.199,13.245
img_005380.jpg,1,0,0.9992,0.199,0.004,0.031,1.383,2.182,12.494,0.223,16.717
img_005383.jpg,1,0,0.9991,0.195,0.004,0.03,0.989,0.553,10.529,0.207,12.682
img_005386.jpg,1,0,0.9854,0.239,0.004,0.028,0.999,0.541,10.543,0.209,12.733
img_005389.jpg,1,0,1.0,0.2,0.004,0.028,1.991,2.349,26.073,0.342,31.192
img_005392.jpg,1,1,0.9999,0.21,0.004,0.025,1.857,2.333,11.565,0.311,16.494
img_005395.jpg,1,1,1.0,0.199,0.004,0.026,1.915,2.425,10.564,0.221,15.536
img_005398.jpg,1,1,1.0,0.201,0.005,0.027,2.351,2.295,10.611,0.22,15.895
img_005419.jpg,1,1,0.9699,0.2,0.004,0.029,0.988,0.539,10.558,0.216,12.715
img_005422.jpg,1,1,0.9976,0.201,0.004,0.029,1.023,0.552,10.56,0.198,12.745
img_005425.jpg,1,1,0.9921,0.2,0.005,0.03,1.899,2.327,16.179,0.231,21.062
img_005428.jpg,1,1,0.993,0.22,0.004,0.033,1.254,0.55,10.547,0.207,12.992
img_005431.jpg,1,1,0.9961,0.2,0.004,0.03,1.021,0.555,10.564,0.2,12.745
img_005434.jpg,1,1,0.9943,0.205,0.004,0.031,0.973,0.547,12.58,0.206,14.72
img_005437.jpg,1,1,0.9984,0.2,0.003,0.028,0.997,0.532,10.547,0.211,12.689
img_005440.jpg,1,1,0.9998,0.209,0.004,0.028,1.457,0.844,10.604,0.214,13.543
img_000001.jpg,0,1,1.0,0.204,0.004,0.031,3.581,4.022,14.257,0.272,22.639
img_000004.jpg,0,1,1.0,0.201,0.004,0.027,3.002,4.041,12.929,0.221,20.704
img_000007.jpg,0,1,1.0,0.211,0.005,0.031,2.999,3.56,12.521,0.22,19.828
img_000010.jpg,0,1,1.0,0.213,0.004,0.028,2.734,0.606,10.664,0.223,14.679
img_000013.jpg,0,1,1.0,0.205,0.004,0.03,2.209,0.592,10.653,0.198,14.088
img_000016.jpg,0,1,1.0,0.204,0.005,0.029,2.76,0.601,12.645,0.205,16.649
img_000019.jpg,0,1,1.0,0.202,0.005,0.027,2.831,0.788,10.727,0.229,15.021
img_000022.jpg,0,1,1.0,0.24,0.005,0.029,2.808,2.704,10.856,0.237,17.124
img_000025.jpg,0,1,1.0,0.207,0.005,0.032,2.286,0.639,10.595,0.261,14.223
img_000028.jpg,0,1,1.0,0.198,0.005,0.027,2.21,0.691,12.707,0.236,16.277
img_000031.jpg,0,1,1.0,0.201,0.005,0.025,2.573,0.618,10.836,0.216,14.675
img_000034.jpg,0,1,0.9999,0.208,0.005,0.026,2.285,0.944,20.718,0.364,24.755
img_000037.jpg,0,1,0.9999,0.216,0.005,0.03,2.243,0.735,10.688,0.233,14.456
img_000040.jpg,0,1,0.9925,0.21,0.004,0.029,4.031,0.799,13.046,0.206,18.605
img_000043.jpg,0,1,0.9982,0.206,0.004,0.028,2.726,3.801,20.407,0.374,27.786
img_000046.jpg,0,1,0.9994,0.206,0.005,0.029,3.555,3.639,13.589,0.225,21.526
img_000049.jpg,0,1,0.9597,0.202,0.005,0.029,2.438,0.61,10.643,0.222,14.355
img_000052.jpg,0,1,0.8274,0.206,0.004,0.027,2.527,0.602,10.593,0.223,14.372
img_000055.jpg,0,1,0.9994,0.206,0.004,0.027,2.402,0.609,10.602,0.221,14.267
img_000058.jpg,0,0,0.9427,0.201,0.004,0.029,2.968,1.842,10.677,0.223,16.154
img_000061.jpg,0,0,0.9794,0.203,0.005,0.029,3.332,1.543,13.116,0.214,18.714
img_000064.jpg,0,1,0.8198,0.194,0.004,0.028,2.863,2.093,10.821,0.265,16.509
img_000067.jpg,0,1,0.764,0.205,0.005,0.029,2.811,1.672,10.658,0.225,15.815
img_000070.jpg,0,0,0.9976,0.206,0.004,0.028,3.414,2.004,12.933,0.474,19.281
img_000073.jpg,0,1,1.0,0.206,0.005,0.03,4.201,3.397,12.483,0.223,20.831
img_000076.jpg,0,1,0.9991,0.242,0.005,0.031,4.813,4.565,13.259,0.224,23.849
img_000079.jpg,0,1,1.0,0.215,0.005,0.029,3.249,1.244,13.041,0.228,18.285
img_000082.jpg,0,1,0.9998,0.221,0.004,0.029,3.573,2.212,11.429,0.235,18.021
img_000085.jpg,0,0,0.9979,0.211,0.004,0.077,3.872,3.548,17.17,0.271,25.462
img_000088.jpg,0,0,0.9993,0.207,0.004,0.028,3.401,3.549,10.933,0.315,18.655
img_000091.jpg,0,0,0.9998,0.212,0.004,0.027,2.902,1.948,10.69,0.229,16.256
img_000094.jpg,0,0,0.9927,0.205,0.005,0.027,3.029,0.672,12.533,0.254,16.946
img_000097.jpg,0,0,0.9999,0.217,0.005,0.032,3.081,0.688,10.711,0.226,15.192
img_000100.jpg,0,0,0.6,0.209,0.004,0.03,3.116,0.646,11.874,0.237,16.327
img_000103.jpg,0,1,0.9776,0.208,0.004,0.028,2.895,0.651,10.697,0.229,14.93
img_000106.jpg,0,0,0.9726,0.205,0.004,0.029,3.44,2.217,11.02,0.277,17.43
img_000109.jpg,0,1,0.615,0.211,0.004,0.026,3.053,0.929,10.659,0.215,15.326
img_000112.jpg,0,0,0.979,0.204,0.005,0.03,3.195,0.672,10.672,0.213,15.212
img_000115.jpg,0,0,0.5314,0.205,0.005,0.029,2.571,0.634,10.595,0.205,14.45
img_000118.jpg,0,0,0.9997,0.205,0.005,0.025,4.135,3.776,21.488,0.626,30.542
img_000121.jpg,0,0,0.9989,0.214,0.004,0.031,3.44,1.391,10.693,0.23,16.231
img_000124.jpg,0,0,1.0,0.207,0.005,0.029,3.077,0.682,11.727,0.382,16.336
img_000127.jpg,0,0,0.9999,0.207,0.005,0.03,2.857,0.657,10.715,0.225,14.91
img_000130.jpg,0,1,0.9986,0.251,0.004,0.028,2.956,0.652,12.675,0.238,17.027
img_000133.jpg,0,1,0.9998,0.21,0.005,0.03,3.049,0.664,10.666,0.209,15.056
img_000136.jpg,0,1,0.9526,0.203,0.005,0.03,3.511,2.225,10.634,0.213,17.044
img_000139.jpg,0,1,0.9976,0.212,0.005,0.029,2.798,0.694,10.811,0.254,15.035
img_000142.jpg,0,1,0.9856,0.205,0.005,0.029,2.853,0.678,10.764,0.226,14.992
img_000145.jpg,0,0,0.9168,0.23,0.005,0.029,2.914,0.671,10.745,0.25,15.063
img_000148.jpg,0,0,0.9998,0.381,0.005,0.046,3.1,1.704,10.631,0.216,16.308
img_000151.jpg,0,1,0.9995,0.208,0.004,0.029,4.03,3.56,19.331,0.898,28.424
img_000154.jpg,0,1,0.5653,0.217,0.004,0.031,2.883,0.677,11.391,0.221,15.645
img_000157.jpg,0,0,0.9984,0.211,0.005,0.031,2.143,0.77,10.678,0.229,14.277
img_000160.jpg,0,0,0.9785,0.208,0.005,0.032,2.924,0.713,10.674,0.262,15.045
img_000163.jpg,0,0,1.0,0.207,0.004,0.028,3.287,0.677,10.616,0.213,15.253
img_000166.jpg,0,0,0.9992,0.201,0.004,0.027,2.897,1.037,12.535,0.215,17.133
img_000169.jpg,0,0,0.8369,0.22,0.004,0.029,3.541,1.851,10.687,0.229,16.788
img_000172.jpg,0,0,0.9898,0.209,0.005,0.033,3.978,2.069,20.463,0.298,27.294
img_000175.jpg,0,0,0.9987,0.209,0.004,0.029,2.894,0.722,10.68,0.212,14.972
img_000178.jpg,0,0,1.0,0.209,0.005,0.029,2.897,1.688,10.638,0.24,15.929
img_000181.jpg,0,1,0.9946,0.199,0.004,0.03,3.525,1.92,10.687,0.23,16.819
img_000184.jpg,0,0,1.0,0.207,0.004,0.028,2.743,1.817,15.66,0.343,21.13
img_000187.jpg,0,0,1.0,0.204,0.005,0.03,3.243,0.658,10.671,0.259,15.288
img_000190.jpg,0,0,1.0,0.202,0.004,0.03,2.189,0.613,12.692,0.22,16.155
img_000193.jpg,0,0,1.0,0.204,0.004,0.029,3.303,0.643,10.868,0.278,15.55
img_000196.jpg,0,0,1.0,0.203,0.004,0.03,2.157,0.633,10.717,0.219,14.175
img_000199.jpg,0,0,1.0,0.207,0.005,0.028,2.107,0.626,10.678,0.21,14.062
img_000202.jpg,0,0,1.0,0.214,0.005,0.03,5.416,4.348,12.263,0.249,23.375
img_000205.jpg,0,0,1.0,0.22,0.004,0.032,2.47,0.672,10.666,0.224,14.518
img_000208.jpg,0,0,1.0,0.287,0.004,0.032,2.395,0.649,10.728,0.232,14.542
img_000211.jpg,0,0,0.9997,0.218,0.005,0.034,5.829,3.637,12.92,0.232,23.176
img_000214.jpg,0,0,0.9997,0.203,0.004,0.03,3.357,3.682,11.318,0.229,19.127
img_000217.jpg,0,0,1.0,0.217,0.004,0.031,4.309,2.159,23.525,0.324,30.86
img_000220.jpg,0,0,1.0,0.224,0.005,0.03,5.12,0.628,10.683,0.224,17.129
img_000223.jpg,0,0,1.0,0.215,0.005,0.031,2.973,0.704,10.685,0.227,15.064
img_000226.jpg,0,0,1.0,0.222,0.004,0.034,3.425,2.216,12.71,0.252,19.099
img_000229.jpg,0,0,1.0,0.228,0.004,0.033,7.19,0.729,11.368,0.287,20.066
img_000232.jpg,0,0,1.0,0.212,0.005,0.028,3.762,2.132,13.442,0.232,20.093
img_000235.jpg,0,0,1.0,0.21,0.005,0.03,4.558,3.867,18.078,0.255,27.286
img_000238.jpg,0,0,1.0,0.221,0.004,0.034,6.079,3.392,23.197,0.3,33.48
img_000241.jpg,0,0,1.0,0.214,0.005,0.028,3.639,1.194,13.538,0.327,19.231
img_000244.jpg,0,0,1.0,0.351,0.008,0.051,5.838,1.789,21.541,0.242,30.056
img_000247.jpg,0,0,1.0,0.213,0.004,0.031,6.653,1.69,16.841,0.238,25.893
img_000250.jpg,0,0,1.0,0.211,0.004,0.03,2.959,3.541,12.765,0.232,20.022
img_000253.jpg,0,0,0.9995,0.328,0.007,0.042,4.099,0.697,13.328,0.339,19.071
img_000256.jpg,0,0,0.9998,0.217,0.004,0.029,5.058,3.714,13.551,0.381,23.197
img_000259.jpg,0,0,0.9997,0.224,0.005,0.03,2.781,0.72,10.685,0.236,14.905
img_000262.jpg,0,0,0.9992,0.219,0.005,0.031,2.422,0.95,10.703,0.248,14.8
img_000265.jpg,0,0,0.9983,0.215,0.004,0.029,4.755,0.675,12.496,0.361,18.805
img_000268.jpg,0,0,0.9992,0.214,0.005,0.029,2.394,0.668,10.69,0.242,14.46
img_000271.jpg,0,0,0.9982,0.22,0.005,0.032,4.145,0.903,18.867,0.285,24.698
img_000274.jpg,0,0,0.9983,0.223,0.004,0.032,3.233,1.874,13.719,0.422,19.742
img_000277.jpg,0,0,0.9936,0.219,0.004,0.03,3.999,4.276,14.606,0.368,23.912
img_000280.jpg,0,0,0.9979,0.406,0.008,0.614,4.116,1.822,11.09,0.218,18.581
img_000283.jpg,0,0,0.9998,0.218,0.004,0.029,3.454,1.156,13.91,0.334,19.394
img_000286.jpg,0,0,0.9968,0.21,0.004,0.031,4.714,0.654,12.274,0.348,18.461
img_000289.jpg,0,0,0.9997,0.222,0.005,0.033,2.343,0.634,10.944,0.22,14.615
img_000292.jpg,0,0,0.9998,0.335,0.007,0.042,3.703,0.647,11.632,0.338,16.988
img_000295.jpg,0,0,0.9996,0.218,0.004,0.03,5.979,0.83,12.661,0.266,20.269
img_000298.jpg,0,0,0.9978,0.217,0.004,0.03,2.358,0.61,10.664,0.219,14.309
img_000301.jpg,0,0,0.9988,0.214,0.005,0.03,3.872,2.495,25.776,0.28,32.904
img_000304.jpg,0,0,0.9978,0.22,0.004,0.03,7.55,0.704,15.742,0.41,24.91
img_000307.jpg,0,0,0.9986,0.334,0.006,0.042,4.705,1.878,18.026,0.369,25.591
img_000310.jpg,0,0,0.9993,0.217,0.004,0.032,2.941,3.807,14.624,0.233,22.095
img_000313.jpg,0,0,0.9987,0.285,0.006,0.046,10.43,2.17,14.337,0.234,27.838
img_000316.jpg,0,0,0.9949,0.222,0.005,0.031,3.576,2.659,16.44,0.267,23.449
img_000319.jpg,0,0,0.9951,0.225,0.004,0.032,2.397,0.7,10.744,0.24,14.584
img_000322.jpg,0,0,0.9963,0.227,0.005,0.033,2.673,0.7,10.701,0.229,14.81
img_000325.jpg,0,0,0.9944,0.22,0.004,0.031,2.52,0.662,10.672,0.26,14.593
img_000328.jpg,0,0,0.9898,0.224,0.004,0.033,2.439,0.706,10.703,0.23,14.575
img_000331.jpg,0,0,0.9891,0.22,0.004,0.029,2.504,0.624,10.76,0.226,14.576
img_000334.jpg,0,0,0.9974,0.23,0.005,0.037,4.871,0.649,10.712,0.222,16.949
img_000337.jpg,0,0,0.9967,0.213,0.005,0.029,4.034,3.818,20.097,0.262,28.76
img_000340.jpg,0,0,0.994,0.31,0.006,0.048,2.553,0.635,14.689,0.251,18.707
img_000343.jpg,0,0,0.9955,0.221,0.005,0.029,4.187,1.732,18.259,0.326,25.0
img_000346.jpg,0,0,0.9963,0.208,0.004,0.029,3.406,3.722,12.562,0.275,20.499
img_000349.jpg,0,0,0.9967,0.22,0.005,0.034,3.494,3.535,13.964,0.352,21.897
img_000352.jpg,0,0,0.9955,0.236,0.005,0.034,2.827,1.208,13.718,0.365,18.618
img_000355.jpg,0,0,0.9947,0.222,0.004,0.032,4.623,0.687,13.643,0.431,19.885
img_000358.jpg,0,0,0.9952,0.213,0.005,0.031,2.574,0.643,10.741,0.23,14.645
img_000361.jpg,0,0,0.9966,0.339,0.006,0.046,3.254,0.676,10.678,0.233,15.449
img_000364.jpg,0,0,0.9912,0.217,0.005,0.029,4.696,0.649,12.602,0.366,18.787
img_000367.jpg,0,0,0.9901,0.215,0.004,0.029,2.314,0.625,10.692,0.236,14.325
img_000370.jpg,0,0,0.9974,0.326,0.006,0.04,2.596,0.636,10.837,0.341,15.001
img_000373.jpg,0,0,0.995,0.237,0.005,0.031,6.616,2.589,12.376,0.244,22.34
img_000376.jpg,0,0,0.9925,0.226,0.005,0.032,6.375,4.277,18.064,0.409,29.762
img_000379.jpg,0,0,0.9946,0.234,0.005,0.036,4.194,3.63,13.854,0.253,22.592
img_000382.jpg,0,0,0.9924,0.219,0.005,0.033,5.736,2.548,12.852,0.245,21.871
img_000385.jpg,0,0,0.9915,0.286,0.006,0.046,3.351,0.859,12.458,0.23,17.52
img_000388.jpg,0,0,0.9905,0.223,0.005,0.03,2.214,0.628,10.713,0.22,14.246
img_000391.jpg,0,0,0.9934,0.223,0.005,0.032,3.602,1.757,11.47,0.227,17.606
img_000394.jpg,0,0,1.0,0.294,0.007,0.044,2.498,0.867,13.252,0.225,17.467
img_000397.jpg,0,0,1.0,0.226,0.005,0.033,2.287,0.645,10.969,0.218,14.596
img_000400.jpg,0,0,1.0,0.227,0.004,0.033,2.412,1.019,10.956,0.279,15.157
img_000403.jpg,0,0,0.9999,0.226,0.005,0.03,4.621,1.195,10.919,0.227,17.447
img_000406.jpg,0,0,0.9999,0.224,0.005,0.031,2.394,0.664,10.924,0.23,14.685
img_000409.jpg,0,0,0.9988,0.222,0.005,0.031,2.322,0.759,12.599,0.4,16.566
img_000412.jpg,0,0,0.9995,0.324,0.007,0.043,4.727,0.669,10.707,0.238,16.938
img_000415.jpg,0,0,0.999,0.228,0.005,0.03,3.553,2.08,10.577,0.234,16.926
img_000418.jpg,0,0,0.9982,0.216,0.004,0.033,4.163,2.507,12.414,0.225,19.851
img_000421.jpg,0,0,0.9974,0.211,0.004,0.029,4.892,0.74,13.467,0.433,20.014
img_000424.jpg,0,0,0.9971,0.217,0.004,0.031,2.577,0.648,10.835,0.352,14.885
img_000427.jpg,0,0,0.9979,0.221,0.005,0.032,4.145,3.546,24.058,0.405,32.665
img_000430.jpg,0,0,0.9984,0.209,0.004,0.027,5.492,3.141,20.217,0.238,29.586
img_000433.jpg,0,0,0.9983,0.212,0.005,0.03,4.146,3.625,14.022,0.235,22.608
img_000436.jpg,0,0,0.9982,0.221,0.005,0.03,3.529,2.021,11.087,0.233,17.362
img_000439.jpg,0,0,0.9984,0.222,0.004,0.031,5.856,2.379,13.484,0.277,22.482
img_000442.jpg,0,0,0.9999,0.219,0.005,0.03,4.228,3.788,27.055,0.347,35.917
img_000445.jpg,0,0,0.9999,0.228,0.005,0.033,3.605,3.467,16.938,0.244,24.747
img_000448.jpg,0,0,0.9999,0.226,0.004,0.033,6.128,3.461,16.719,0.241,27.059
img_000451.jpg,0,0,1.0,0.214,0.004,0.031,3.64,1.604,10.677,0.253,16.642
img_000454.jpg,0,0,1.0,0.227,0.006,0.035,4.312,3.793,16.987,0.252,25.918
img_000457.jpg,0,0,1.0,0.214,0.005,0.03,4.989,0.708,10.706,0.228,17.114
img_000460.jpg,0,0,1.0,0.221,0.004,0.029,2.204,0.648,10.765,0.243,14.339
img_000463.jpg,0,0,1.0,0.22,0.004,0.03,2.209,0.661,10.687,0.256,14.29
img_000466.jpg,0,0,1.0,0.209,0.005,0.03,4.573,0.715,10.691,0.226,16.673
img_000469.jpg,0,0,1.0,0.219,0.004,0.029,2.24,0.652,10.819,0.265,14.456
img_000472.jpg,0,0,1.0,0.215,0.004,0.032,2.25,0.68,10.704,0.246,14.36
img_000475.jpg,0,0,1.0,0.221,0.005,0.03,4.596,0.656,10.702,0.246,16.683
img_000478.jpg,0,0,1.0,0.215,0.005,0.03,2.239,0.731,10.696,0.228,14.366
img_000481.jpg,0,0,1.0,0.325,0.006,0.041,2.437,0.659,10.679,0.228,14.598
img_000484.jpg,0,0,1.0,0.224,0.005,0.03,4.565,0.661,10.678,0.276,16.671
img_000487.jpg,0,0,1.0,0.214,0.005,0.03,3.672,1.964,18.179,0.254,24.656
img_000490.jpg,0,0,1.0,0.212,0.005,0.03,3.776,4.649,22.73,0.398,32.118
img_000493.jpg,0,0,0.9997,0.355,0.006,0.045,4.582,3.266,21.749,0.245,30.654
img_000496.jpg,0,0,0.9933,0.293,0.006,0.047,5.557,3.342,18.344,0.248,28.155
img_000499.jpg,0,0,1.0,0.262,0.005,0.032,3.526,3.878,19.085,0.24,27.319
img_000502.jpg,0,0,0.9979,0.224,0.005,0.035,3.136,5.396,24.48,0.472,34.137
img_000505.jpg,0,0,0.9951,0.214,0.005,0.032,4.648,0.652,13.43,0.312,19.533
img_000508.jpg,0,0,0.9992,0.218,0.004,0.032,2.211,0.617,10.661,0.233,14.199
img_000511.jpg,0,0,0.9998,0.225,0.004,0.032,3.579,4.359,12.332,0.234,21.249
img_000514.jpg,0,0,0.9999,0.219,0.004,0.032,6.44,3.618,12.884,0.231,23.884
img_000517.jpg,0,0,0.9998,0.219,0.005,0.031,4.528,3.613,12.543,0.263,21.798
img_000520.jpg,0,0,1.0,0.211,0.005,0.028,4.263,0.812,12.94,0.227,18.768
img_000523.jpg,0,0,0.9999,0.216,0.004,0.031,4.554,0.642,12.338,0.39,18.408
img_000526.jpg,0,0,1.0,0.226,0.005,0.03,2.217,0.742,11.531,0.397,15.379
img_000529.jpg,0,0,1.0,0.223,0.005,0.035,2.287,0.663,10.68,0.225,14.341
img_000532.jpg,0,0,0.9999,0.219,0.004,0.029,4.573,0.647,10.677,0.228,16.602
img_000535.jpg,0,0,0.9998,0.214,0.004,0.031,2.318,1.92,10.697,0.223,15.637
img_000538.jpg,0,0,0.9993,0.215,0.004,0.029,2.194,0.711,10.859,0.352,14.592
img_000541.jpg,0,0,0.9981,0.222,0.004,0.03,4.869,0.684,13.438,0.263,19.76
img_000544.jpg,0,0,0.9994,0.217,0.004,0.028,2.218,0.682,10.678,0.22,14.265
img_000547.jpg,0,0,0.9997,0.227,0.005,0.032,2.336,0.691,10.705,0.228,14.451
img_000550.jpg,0,0,0.9953,0.221,0.004,0.029,4.585,0.663,10.68,0.228,16.635
img_000553.jpg,0,0,0.999,0.226,0.004,0.029,2.288,0.683,10.928,0.235,14.616
img_000556.jpg,0,0,0.9991,0.326,0.007,0.043,3.849,1.372,13.59,0.339,19.761
img_000559.jpg,0,0,0.999,0.227,0.004,0.034,4.829,0.718,13.548,0.366,20.01
img_000562.jpg,0,0,0.9975,0.221,0.005,0.03,2.195,0.663,10.666,0.229,14.228
img_000565.jpg,0,0,0.9972,0.219,0.005,0.032,2.375,0.753,10.681,0.229,14.518
img_000568.jpg,0,0,0.9988,0.218,0.005,0.034,7.233,1.731,12.546,0.275,22.263
img_000571.jpg,0,0,0.9999,0.212,0.006,0.032,3.719,3.4,11.126,0.233,18.973
img_000574.jpg,0,0,0.9997,0.326,0.006,0.041,3.032,0.697,10.679,0.228,15.241
img_000577.jpg,0,0,0.9986,0.218,0.004,0.03,5.823,3.386,25.933,0.381,36.156
img_000580.jpg,0,0,0.9979,0.219,0.004,0.034,3.189,3.814,25.143,0.43,33.106
img_000583.jpg,0,0,0.9994,0.222,0.005,0.033,2.634,0.679,10.804,0.284,14.893
img_000586.jpg,0,0,0.9988,0.292,0.006,0.047,8.951,2.031,11.388,0.228,23.256
img_000589.jpg,0,0,0.9997,0.219,0.004,0.03,2.237,0.66,10.71,0.238,14.313
img_000592.jpg,0,0,0.9982,0.394,0.007,0.042,2.81,0.646,10.779,0.34,15.24
img_000595.jpg,0,0,0.9959,0.224,0.004,0.032,4.64,0.696,12.641,0.396,18.902
img_000598.jpg,0,0,0.9992,0.226,0.005,0.033,2.294,0.724,10.736,0.248,14.487
img_000601.jpg,0,0,0.9873,0.217,0.005,0.033,2.807,0.685,10.697,0.224,14.888
img_000604.jpg,0,0,0.9728,0.218,0.004,0.032,3.13,0.843,13.625,0.342,18.487
img_000607.jpg,0,0,0.9672,0.254,0.005,0.034,2.761,1.142,10.669,0.229,15.309
img_000610.jpg,0,0,0.9853,0.217,0.004,0.029,2.407,0.655,10.663,0.253,14.44
img_000613.jpg,0,0,0.9918,0.22,0.005,0.03,2.302,0.635,10.682,0.228,14.313
img_000616.jpg,0,0,0.9999,0.223,0.005,0.033,4.725,1.282,10.67,0.281,17.441
img_000619.jpg,0,0,0.9998,0.222,0.004,0.031,2.452,0.64,10.652,0.224,14.436
img_000622.jpg,0,0,0.9993,0.216,0.005,0.03,4.016,3.463,24.423,0.381,32.833
img_000625.jpg,0,0,0.9995,0.219,0.004,0.03,5.772,3.517,19.783,0.338,29.952
img_000628.jpg,0,0,0.9985,0.219,0.005,0.031,3.957,3.576,26.073,0.297,34.418
img_000631.jpg,0,0,0.9955,0.335,0.007,0.043,4.44,2.933,10.412,0.232,18.636
img_000634.jpg,0,0,0.9984,0.216,0.004,0.029,4.974,0.895,13.673,0.357,20.406
img_000637.jpg,0,0,0.9979,0.212,0.004,0.029,3.234,1.732,19.286,0.368,25.087
img_000640.jpg,0,0,0.9998,0.22,0.004,0.03,3.709,0.683,10.714,0.229,15.825
img_000643.jpg,0,0,0.9991,0.231,0.005,0.033,6.057,3.514,17.917,0.409,29.058
img_000646.jpg,0,0,0.9999,0.214,0.005,0.03,3.221,3.55,10.652,0.226,18.115
img_000649.jpg,0,0,0.9984,0.234,0.005,0.033,4.347,3.363,15.026,0.286,23.573
img_000652.jpg,0,0,0.9995,0.227,0.005,0.031,6.359,3.574,18.684,0.354,30.147
img_000655.jpg,0,0,0.9997,0.456,0.008,0.059,3.796,1.15,11.174,0.241,17.207
img_000658.jpg,0,0,0.9995,0.231,0.005,0.034,4.373,1.592,18.134,0.249,24.904
img_000661.jpg,0,0,0.9996,0.217,0.005,0.029,5.14,0.647,10.554,0.22,17.031
img_000664.jpg,0,0,0.9994,0.223,0.005,0.032,3.492,0.655,16.818,0.245,21.691
img_000667.jpg,0,0,1.0,0.214,0.005,0.03,4.683,4.065,18.344,0.246,28.572
img_000670.jpg,0,0,0.9995,0.22,0.005,0.031,6.148,4.871,19.32,0.227,31.135
img_000673.jpg,0,0,0.9992,0.263,0.005,0.031,3.955,2.0,13.232,0.237,19.954
img_000676.jpg,0,0,0.9999,0.343,0.007,0.044,3.583,2.348,16.629,0.252,23.44
img_000679.jpg,0,0,1.0,0.295,0.006,0.048,8.377,4.048,19.138,0.233,32.42
img_000682.jpg,0,0,1.0,0.406,0.007,0.058,6.133,2.558,10.706,0.236,20.417
img_000685.jpg,0,0,1.0,0.219,0.004,0.03,3.077,3.49,27.491,0.38,35.0
img_000688.jpg,0,0,1.0,0.225,0.004,0.03,6.187,4.475,23.937,0.298,35.408
img_000691.jpg,0,0,0.9999,0.21,0.005,0.03,4.284,4.927,13.825,0.238,23.818
img_000694.jpg,0,0,1.0,0.342,0.007,0.044,5.424,2.692,22.998,0.365,32.118
img_000697.jpg,0,0,1.0,0.226,0.005,0.032,7.841,4.1,21.029,0.244,34.419
img_000700.jpg,0,0,1.0,0.212,0.004,0.028,4.052,3.632,23.64,0.41,32.296
img_000703.jpg,0,0,0.9999,0.217,0.004,0.028,3.484,3.555,12.337,0.226,20.14
img_000706.jpg,0,0,0.9994,0.222,0.004,0.03,5.276,3.581,27.403,0.43,37.226
img_000709.jpg,0,0,0.9999,0.229,0.005,0.031,4.923,3.34,23.567,0.265,32.628
img_000712.jpg,0,0,0.9999,0.213,0.004,0.03,4.317,1.031,18.711,0.265,24.808
img_000715.jpg,0,0,0.9999,0.219,0.005,0.029,2.861,2.604,15.8,0.267,22.014
img_000718.jpg,0,0,0.9999,0.224,0.005,0.034,4.858,0.681,13.328,0.391,19.761
img_000721.jpg,0,0,0.9996,0.224,0.005,0.034,4.539,4.217,12.309,0.227,21.926
img_000724.jpg,0,0,0.9899,0.221,0.005,0.03,2.406,0.597,10.71,0.237,14.408
img_000727.jpg,0,0,0.9928,0.216,0.004,0.029,2.373,0.686,13.794,0.396,17.737
img_000730.jpg,0,0,0.9927,0.215,0.005,0.03,2.272,0.639,10.713,0.225,14.308
img_000733.jpg,0,0,0.9968,0.217,0.004,0.029,2.396,1.198,13.428,0.359,17.862
img_000736.jpg,0,0,0.9992,0.22,0.004,0.03,2.364,0.613,12.483,0.351,16.281
img_000739.jpg,0,0,0.9997,0.258,0.004,0.031,5.739,0.861,13.334,0.341,20.799
img_000742.jpg,0,0,0.9989,0.221,0.004,0.03,2.399,0.67,10.713,0.244,14.508
img_000745.jpg,0,0,0.9997,0.266,0.004,0.032,2.3,0.669,10.709,0.245,14.447
img_000748.jpg,0,0,0.9997,0.216,0.004,0.031,6.805,0.68,12.954,0.233,21.148
img_000751.jpg,0,0,0.998,0.218,0.004,0.031,3.465,2.302,13.349,0.223,19.879
img_000754.jpg,0,0,0.9994,0.219,0.005,0.03,2.275,0.682,10.89,0.229,14.541
img_000757.jpg,0,0,0.9989,0.218,0.005,0.031,5.183,0.622,12.61,0.385,19.276
img_000760.jpg,0,0,0.9998,0.216,0.004,0.031,4.393,1.751,10.554,0.225,17.397
img_000763.jpg,0,0,0.9997,0.226,0.005,0.031,3.769,1.684,25.864,0.28,32.089
img_000766.jpg,0,0,0.9948,0.216,0.004,0.03,5.237,0.639,12.678,0.39,19.42
img_000769.jpg,0,0,0.996,0.346,0.008,0.043,4.851,2.344,13.465,0.343,21.725
img_000772.jpg,0,0,0.9997,0.224,0.004,0.032,4.695,5.34,14.322,0.247,25.206
img_000775.jpg,0,0,1.0,0.252,0.004,0.032,4.625,2.778,27.495,0.253,35.692
img_000778.jpg,0,0,0.9999,0.214,0.004,0.031,4.71,4.353,18.581,0.226,28.535
img_000781.jpg,0,0,1.0,0.216,0.005,0.03,2.305,0.638,10.89,0.286,14.593
img_000784.jpg,0,0,1.0,0.334,0.006,0.042,5.302,1.204,11.169,0.25,18.629
img_000787.jpg,0,0,1.0,0.213,0.004,0.028,4.6,0.673,10.916,0.241,16.897
img_000790.jpg,0,0,0.9997,0.217,0.004,0.028,2.437,0.645,10.917,0.232,14.694
img_000793.jpg,0,0,0.9999,0.22,0.004,0.032,2.443,0.627,10.914,0.228,14.681
img_000796.jpg,0,0,1.0,0.219,0.005,0.029,4.611,0.677,10.931,0.232,16.926
img_000799.jpg,0,0,1.0,0.225,0.005,0.03,2.276,0.721,10.911,0.232,14.614
img_000802.jpg,0,0,1.0,0.217,0.004,0.031,2.276,0.635,10.719,0.228,14.322
img_000805.jpg,0,0,1.0,0.229,0.005,0.034,4.635,0.687,10.694,0.229,16.738
img_000808.jpg,0,0,0.9999,0.213,0.004,0.03,2.295,0.659,10.677,0.251,14.341
img_000811.jpg,0,0,1.0,0.385,0.007,0.044,3.724,0.79,13.884,0.347,19.406
img_000814.jpg,0,0,0.9981,0.219,0.004,0.031,4.63,0.658,10.68,0.224,16.67
img_000817.jpg,0,0,0.9895,0.218,0.005,0.032,2.537,0.679,10.666,0.224,14.575
img_000820.jpg,0,0,0.9996,0.215,0.005,0.029,2.578,0.632,12.562,0.378,16.624
img_000823.jpg,0,0,0.5581,0.221,0.005,0.032,2.363,0.629,12.531,0.428,16.426
img_000826.jpg,0,0,0.9993,0.215,0.004,0.032,2.299,0.622,12.498,0.356,16.244
img_000829.jpg,0,0,0.9999,0.218,0.005,0.032,3.91,6.88,19.91,0.452,32.368
img_000832.jpg,0,0,0.9997,0.394,0.009,0.059,5.477,1.203,10.895,0.235,18.58
img_000835.jpg,0,0,0.9999,0.222,0.004,0.029,4.88,0.642,10.721,0.226,16.948
img_000838.jpg,0,0,1.0,0.211,0.004,0.03,3.676,3.835,12.884,0.228,21.156
img_000841.jpg,0,0,0.9999,0.217,0.004,0.031,4.045,0.805,13.403,0.239,19.021
img_000844.jpg,0,0,0.9999,0.221,0.005,0.031,4.643,0.649,12.888,0.371,19.03
img_000847.jpg,0,0,0.9991,0.219,0.005,0.03,2.263,0.854,10.677,0.225,14.487
img_000850.jpg,0,0,0.9991,0.343,0.008,0.045,3.679,0.633,10.665,0.235,15.881
img_000853.jpg,0,0,0.9999,0.22,0.005,0.031,5.044,0.723,13.409,0.395,20.065
img_000856.jpg,0,0,0.999,0.218,0.004,0.031,3.27,0.663,10.673,0.233,15.308
img_000859.jpg,0,0,0.9996,0.216,0.004,0.03,2.465,0.653,13.522,0.429,17.552
img_000862.jpg,0,0,0.9859,0.214,0.004,0.03,5.091,0.704,13.615,0.355,20.249
img_000865.jpg,0,0,0.9606,0.225,0.004,0.031,2.628,0.691,10.659,0.267,14.721
img_000868.jpg,0,0,0.9949,0.217,0.004,0.029,2.262,0.698,11.045,0.69,15.167
img_000871.jpg,0,0,1.0,0.217,0.005,0.03,4.945,0.943,13.426,0.385,20.192
img_000874.jpg,0,0,0.9912,0.215,0.005,0.029,2.281,0.614,10.688,0.229,14.271
img_000877.jpg,0,0,0.9997,0.327,0.007,0.042,3.532,0.624,13.614,0.405,18.774
img_000880.jpg,0,0,0.9993,0.211,0.005,0.029,5.349,0.711,10.839,0.227,17.59
img_000883.jpg,0,0,0.9952,0.214,0.005,0.03,4.24,4.214,19.864,0.245,29.273
img_000886.jpg,0,0,0.9916,0.214,0.004,0.031,4.911,2.823,12.96,0.258,21.439
img_000889.jpg,0,0,0.9996,0.215,0.005,0.03,7.654,2.224,18.727,0.275,29.371
img_000892.jpg,0,0,0.9996,0.216,0.005,0.029,3.341,1.964,12.393,0.276,18.463
img_000895.jpg,0,0,0.9996,0.215,0.004,0.03,3.345,2.836,16.634,0.287,23.633
img_000898.jpg,0,0,0.9988,0.215,0.004,0.029,5.241,0.644,12.67,0.418,19.46
img_000901.jpg,0,0,0.8293,0.351,0.007,0.046,4.503,3.449,11.443,0.233,20.351
img_000904.jpg,0,0,0.9989,0.225,0.005,0.035,2.838,0.698,13.441,0.356,17.828
img_000907.jpg,0,0,0.9996,0.214,0.004,0.03,4.586,0.642,10.71,0.234,16.647
img_000910.jpg,0,0,0.9834,0.23,0.005,0.033,2.405,0.779,10.691,0.247,14.62
img_000913.jpg,0,0,0.9999,0.349,0.008,0.044,4.047,1.436,11.753,0.365,18.316
img_000916.jpg,0,0,0.9998,0.316,0.008,0.047,5.919,4.129,13.532,0.232,24.484
img_000919.jpg,0,0,1.0,0.217,0.005,0.032,4.073,0.819,13.062,0.246,18.735
img_000922.jpg,0,0,0.9987,0.216,0.004,0.03,2.262,0.65,12.635,0.36,16.373
img_000925.jpg,0,0,0.9961,0.218,0.004,0.031,5.187,0.724,13.597,0.351,20.358
img_000928.jpg,0,0,0.9997,0.211,0.004,0.027,2.614,0.658,10.689,0.235,14.654
img_000931.jpg,0,0,0.9996,0.221,0.005,0.031,2.241,0.652,10.74,0.251,14.353
img_000934.jpg,0,0,0.9999,0.214,0.004,0.032,4.909,0.665,12.651,0.349,19.055
img_000937.jpg,0,0,0.9859,0.227,0.004,0.03,2.248,0.716,10.669,0.222,14.328
img_000940.jpg,0,0,0.9999,0.342,0.007,0.044,3.671,0.875,11.169,0.24,16.644
img_000943.jpg,0,0,1.0,0.256,0.005,0.033,6.784,0.637,14.482,0.26,22.688
img_000946.jpg,0,0,0.999,0.216,0.004,0.032,4.253,4.464,18.552,0.262,28.678
img_000949.jpg,0,0,1.0,0.287,0.006,0.045,4.15,2.544,11.761,0.234,19.409
img_000952.jpg,0,0,0.9999,0.213,0.005,0.03,4.64,0.692,10.723,0.243,16.773
img_000955.jpg,0,0,0.9999,0.23,0.005,0.034,3.18,3.667,13.165,0.231,20.8
img_000958.jpg,0,0,1.0,0.217,0.004,0.03,4.087,4.751,11.641,0.223,21.257
img_000961.jpg,0,0,0.9996,0.224,0.005,0.032,6.316,0.835,13.268,0.228,21.194
img_000964.jpg,0,0,0.9999,0.379,0.009,0.063,4.868,2.426,12.27,0.348,20.708
img_000967.jpg,0,0,1.0,0.23,0.004,0.033,3.765,3.645,18.226,0.255,26.388
img_000970.jpg,0,0,1.0,0.216,0.004,0.029,6.434,3.675,12.829,0.23,23.746
img_000973.jpg,0,0,0.9993,0.229,0.005,0.034,3.252,2.707,10.937,0.233,17.615
img_000976.jpg,0,0,0.9991,0.216,0.005,0.03,4.647,0.719,15.198,0.239,21.287
img_000979.jpg,0,0,0.9998,0.212,0.005,0.028,6.584,2.292,13.482,0.23,23.055
img_000982.jpg,0,0,0.9998,0.224,0.005,0.031,3.66,0.803,13.088,0.332,18.362
img_000985.jpg,0,0,0.9998,0.291,0.006,0.047,5.066,2.178,13.101,0.233,21.226
img_000988.jpg,0,0,0.9996,0.205,0.005,0.029,5.923,1.872,10.684,0.223,19.158
img_000991.jpg,0,0,0.9997,0.213,0.005,0.03,3.567,3.52,12.295,0.232,20.185
img_000994.jpg,0,0,0.9997,0.219,0.005,0.03,2.842,1.714,10.671,0.227,15.924
img_000997.jpg,0,0,0.9998,0.337,0.006,0.041,6.011,1.776,12.889,0.235,21.521
img_001000.jpg,0,0,0.9998,0.295,0.006,0.045,4.784,1.931,11.406,0.237,19.031
img_001003.jpg,0,0,0.9998,0.341,0.006,0.043,3.447,0.641,10.694,0.252,15.651
img_001006.jpg,0,0,0.9996,0.223,0.004,0.031,8.847,1.962,11.413,0.224,23.024
img_001009.jpg,0,0,0.9997,0.256,0.004,0.032,2.256,0.629,10.672,0.226,14.289
img_001012.jpg,0,0,0.9992,0.217,0.004,0.03,2.295,0.635,11.196,0.359,14.957
img_001015.jpg,0,0,0.9997,0.217,0.004,0.029,4.834,0.652,12.103,0.381,18.447
img_001018.jpg,0,0,0.9996,0.215,0.004,0.03,2.348,0.627,10.677,0.238,14.347
img_001021.jpg,0,0,0.9983,0.218,0.004,0.031,4.027,1.128,12.598,0.232,18.481
img_001024.jpg,0,0,0.9993,0.217,0.005,0.03,6.317,2.67,18.704,0.241,28.414
img_001027.jpg,0,0,0.9991,0.222,0.005,0.033,2.896,0.808,10.684,0.224,15.088
img_001030.jpg,0,0,0.9995,0.217,0.005,0.077,2.536,0.587,10.698,0.223,14.542
img_001033.jpg,0,0,0.9991,0.266,0.004,0.03,6.395,2.538,16.734,0.241,26.454
img_001036.jpg,0,0,0.9988,0.22,0.005,0.031,2.709,0.682,10.678,0.229,14.794
img_001039.jpg,0,0,0.9994,0.213,0.004,0.031,4.138,2.092,17.4,0.271,24.451
img_001042.jpg,0,0,0.9991,0.217,0.005,0.032,5.656,3.586,18.092,0.658,28.604
img_001045.jpg,0,0,0.9999,0.248,0.004,0.031,3.727,4.31,20.281,0.414,29.366
img_001048.jpg,0,0,1.0,0.247,0.004,0.029,3.729,2.036,15.529,0.242,22.046
img_001051.jpg,0,0,0.9999,0.229,0.004,0.031,6.47,3.169,17.365,0.268,27.775
img_001054.jpg,0,0,1.0,0.215,0.004,0.03,4.569,4.607,11.473,0.229,21.441
img_001057.jpg,0,0,1.0,0.23,0.005,0.032,3.598,2.367,18.703,0.246,25.453
img_001060.jpg,0,0,1.0,0.245,0.005,0.033,5.628,0.711,10.859,0.357,18.09
img_001063.jpg,0,0,0.9999,0.226,0.005,0.035,3.544,3.466,20.119,0.415,28.129
img_001066.jpg,0,0,0.9995,0.222,0.004,0.033,3.757,2.918,19.724,0.241,27.161
img_001069.jpg,0,0,0.9999,0.22,0.005,0.03,6.011,3.579,10.657,0.228,20.964
img_001072.jpg,0,0,1.0,0.219,0.004,0.03,3.877,1.445,13.784,0.33,19.966
img_001075.jpg,0,0,1.0,0.218,0.005,0.03,3.195,3.211,20.276,0.508,27.718
img_001078.jpg,0,0,0.9999,0.23,0.004,0.033,5.325,3.674,16.903,0.287,26.692
img_001081.jpg,0,0,0.9999,0.218,0.005,0.031,2.547,0.648,11.073,0.232,14.974
img_001084.jpg,0,0,1.0,0.253,0.005,0.031,2.292,0.632,10.948,0.222,14.596
img_001087.jpg,0,0,0.9999,0.223,0.005,0.031,4.589,0.647,10.669,0.232,16.613
img_001090.jpg,0,0,0.9991,0.216,0.004,0.029,2.429,0.648,10.913,0.227,14.683
img_001093.jpg,0,0,0.9965,0.22,0.004,0.031,4.171,0.816,13.616,0.33,19.479
img_001096.jpg,0,0,0.9998,0.215,0.005,0.03,4.688,0.91,10.664,0.234,16.987
img_001099.jpg,0,0,0.9949,0.224,0.004,0.03,2.592,0.748,10.924,0.225,14.961
img_001102.jpg,0,0,0.9926,0.218,0.005,0.033,2.267,0.605,12.712,0.407,16.464
img_001105.jpg,0,0,0.9999,0.22,0.004,0.029,6.601,0.827,13.428,0.226,21.624
img_001108.jpg,0,0,0.9994,0.203,0.004,0.029,2.268,0.64,10.69,0.221,14.258
img_001111.jpg,0,0,0.9989,0.217,0.005,0.03,2.607,0.616,10.883,0.23,14.798
img_001114.jpg,0,0,0.9982,0.225,0.004,0.029,4.727,0.649,13.409,0.328,19.604
img_001117.jpg,0,0,0.9996,0.226,0.005,0.03,2.354,0.722,10.671,0.22,14.44
img_001120.jpg,0,0,0.9975,0.221,0.004,0.03,2.315,0.626,10.681,0.28,14.365
img_001123.jpg,0,0,0.9954,0.22,0.004,0.029,5.859,1.89,10.696,0.256,19.177
img_001126.jpg,0,0,0.9962,0.297,0.006,0.046,4.7,1.204,11.405,0.225,18.185
img_001129.jpg,0,0,0.9952,0.351,0.007,0.042,4.428,1.202,11.012,0.222,17.558
img_001132.jpg,0,0,0.9994,0.214,0.005,0.03,5.639,0.627,10.733,0.238,17.703
img_001135.jpg,0,0,0.9978,0.221,0.005,0.031,3.007,4.699,26.659,0.386,35.322
img_001138.jpg,0,0,0.9999,0.218,0.005,0.028,2.744,0.635,12.048,0.381,16.284
img_001141.jpg,0,0,0.9983,0.219,0.005,0.031,4.528,0.638,10.673,0.224,16.568
img_001144.jpg,0,0,0.9996,0.216,0.005,0.031,2.404,0.611,10.665,0.227,14.366
img_001147.jpg,0,0,0.9996,0.219,0.005,0.031,2.387,0.607,10.657,0.22,14.333
img_001150.jpg,0,0,0.9998,0.223,0.005,0.029,4.676,0.867,10.728,0.225,16.972
img_001153.jpg,0,0,0.9999,0.212,0.005,0.03,2.441,0.611,10.821,0.225,14.554
img_001156.jpg,0,0,1.0,0.215,0.005,0.031,2.361,0.599,10.7,0.223,14.339
img_001159.jpg,0,0,0.9998,0.224,0.005,0.032,4.628,0.621,10.674,0.282,16.679
img_001162.jpg,0,0,0.996,0.223,0.005,0.03,2.568,0.715,10.678,0.221,14.647
img_001165.jpg,0,0,1.0,0.333,0.008,0.114,3.819,0.647,10.673,0.224,16.028
img_001168.jpg,0,0,0.9998,0.211,0.005,0.029,4.61,0.62,12.538,0.362,18.6
img_001171.jpg,0,0,1.0,0.218,0.004,0.029,2.358,0.626,10.828,0.224,14.493
img_001174.jpg,0,0,1.0,0.219,0.004,0.028,2.435,1.746,10.681,0.224,15.549
img_001177.jpg,0,0,0.9998,0.364,0.007,0.042,6.519,0.822,12.736,0.226,21.002
img_001180.jpg,0,0,0.9999,0.364,0.006,0.046,4.39,0.857,10.98,0.227,17.163
img_001183.jpg,0,0,0.9999,0.247,0.006,0.043,5.146,2.214,11.226,0.325,19.521
img_001186.jpg,0,0,1.0,0.217,0.005,0.029,6.017,2.365,13.44,0.229,22.525
img_001189.jpg,0,0,0.9999,0.223,0.005,0.031,4.143,0.86,13.476,0.324,19.345
img_001192.jpg,0,0,0.9999,0.333,0.007,0.044,4.271,3.771,13.668,0.229,22.619
img_001195.jpg,0,0,1.0,0.221,0.004,0.031,4.676,0.634,12.47,0.354,18.616
img_001198.jpg,0,0,0.9999,0.213,0.005,0.03,2.925,0.795,13.483,0.224,17.956
img_001201.jpg,0,0,1.0,0.217,0.004,0.032,2.453,0.605,10.711,0.222,14.451
img_001204.jpg,0,0,1.0,0.225,0.005,0.031,5.757,3.18,19.521,0.327,29.299
img_001207.jpg,0,0,0.9998,0.223,0.005,0.032,4.301,2.132,12.449,0.236,19.655
img_001210.jpg,0,0,0.9982,0.21,0.004,0.03,4.654,2.914,23.286,0.391,31.784
img_001213.jpg,0,0,0.9998,0.22,0.005,0.032,4.643,0.648,10.692,0.233,16.691
img_001216.jpg,0,0,1.0,0.286,0.007,0.046,2.552,0.809,12.405,0.224,16.616
img_001219.jpg,0,0,0.9999,0.218,0.005,0.032,4.565,3.889,25.485,0.401,34.993
img_001222.jpg,0,0,1.0,0.219,0.004,0.034,6.026,1.817,13.157,0.241,21.732
img_001225.jpg,0,0,0.9978,0.288,0.005,0.045,5.171,2.244,13.485,0.28,21.84
img_001228.jpg,0,0,1.0,0.223,0.004,0.03,2.297,0.673,10.708,0.242,14.401
img_001231.jpg,0,0,1.0,0.22,0.004,0.029,4.555,0.703,10.738,0.238,16.712
img_001234.jpg,0,0,1.0,0.214,0.005,0.029,2.244,0.662,10.705,0.247,14.33
img_001237.jpg,0,0,0.9996,0.326,0.007,0.039,3.75,0.856,10.746,0.229,16.182
img_001240.jpg,0,0,0.9992,0.223,0.004,0.029,5.714,0.835,13.825,0.357,21.297
img_001243.jpg,0,0,0.998,0.22,0.004,0.031,3.302,0.694,10.748,0.252,15.482
img_001246.jpg,0,0,0.9969,0.214,0.004,0.067,2.361,0.669,10.688,0.232,14.47
img_001249.jpg,0,0,0.9742,0.22,0.004,0.03,4.754,0.7,12.8,0.448,19.21
img_001252.jpg,0,0,0.9994,0.222,0.005,0.031,2.603,0.688,10.691,0.241,14.713
img_001255.jpg,0,0,1.0,0.219,0.005,0.033,2.715,0.856,10.659,0.226,14.926
img_001258.jpg,0,0,1.0,0.221,0.004,0.031,4.197,0.728,12.448,0.359,18.212
img_001261.jpg,0,0,0.9993,0.249,0.004,0.032,3.799,4.332,12.819,0.234,21.827
img_001264.jpg,0,0,0.9986,0.215,0.005,0.032,2.287,0.644,10.687,0.236,14.322
img_001267.jpg,0,0,0.9991,0.22,0.005,0.03,4.486,0.641,10.673,0.231,16.509
img_001270.jpg,0,0,0.9849,0.214,0.005,0.031,4.723,2.443,12.758,0.227,20.62
img_001273.jpg,0,0,0.9994,0.22,0.005,0.031,3.542,2.427,16.421,0.426,23.323
img_001276.jpg,0,0,0.9999,0.207,0.004,0.03,6.713,3.587,18.253,0.243,29.418
img_001279.jpg,0,0,0.9999,0.235,0.005,0.029,3.716,4.005,18.664,0.232,27.187
img_001282.jpg,0,0,0.9992,0.223,0.004,0.032,3.137,2.683,14.571,0.399,21.316
img_001285.jpg,0,0,0.9997,0.219,0.005,0.03,6.631,3.626,17.956,0.269,29.06
img_001288.jpg,0,0,0.9998,0.221,0.004,0.033,3.882,4.14,20.413,0.275,29.286
img_001291.jpg,0,0,0.9997,0.215,0.005,0.028,2.962,2.86,17.449,0.293,24.057
img_001294.jpg,0,0,0.9997,0.215,0.004,0.03,5.682,3.933,13.487,0.327,24.0
img_001297.jpg,0,0,0.9998,0.229,0.005,0.036,4.013,4.177,19.784,0.251,28.736
img_001300.jpg,0,0,0.8257,0.233,0.005,0.034,4.186,1.689,11.432,0.257,18.145
img_001303.jpg,0,0,0.9994,0.219,0.004,0.032,4.599,0.645,12.517,0.361,18.608
img_001306.jpg,0,0,0.9997,0.222,0.005,0.031,2.232,0.666,10.675,0.235,14.284
img_001309.jpg,0,0,0.9987,0.214,0.004,0.029,2.23,0.835,11.344,0.362,15.239
img_001312.jpg,0,0,0.9973,0.217,0.004,0.031,4.599,1.557,13.701,0.356,20.706
img_001315.jpg,0,0,0.9988,0.214,0.004,0.033,2.276,0.656,10.728,0.241,14.376
img_001318.jpg,0,0,0.9986,0.349,0.008,0.044,3.931,0.907,11.144,0.24,16.946
img_001321.jpg,0,0,0.9993,0.22,0.004,0.031,6.24,1.614,13.461,0.228,22.042
img_001324.jpg,0,0,0.9904,0.248,0.004,0.032,2.234,0.641,10.677,0.229,14.273
img_001327.jpg,0,0,0.9985,0.228,0.004,0.032,3.05,0.681,10.687,0.226,15.14
img_001330.jpg,0,0,0.9988,0.227,0.004,0.03,5.432,0.686,10.748,0.232,17.594
img_001333.jpg,0,0,0.9979,0.22,0.004,0.031,3.594,3.516,12.697,0.264,20.64
img_001336.jpg,0,0,0.9973,0.225,0.004,0.031,2.411,1.727,10.677,0.232,15.52
img_001339.jpg,0,0,0.997,0.218,0.005,0.031,6.274,4.257,12.348,0.225,23.65
img_001342.jpg,0,0,0.9996,0.216,0.004,0.03,2.55,0.649,10.674,0.258,14.597
img_001345.jpg,0,0,0.9973,0.399,0.006,0.046,3.667,0.972,11.461,0.35,17.193
img_001348.jpg,0,0,0.9974,0.213,0.004,0.029,5.487,2.567,13.239,0.327,22.087
img_001351.jpg,0,0,0.9945,0.224,0.004,0.03,3.814,4.708,17.817,0.256,27.187
img_001354.jpg,0,0,0.9981,0.21,0.004,0.032,2.921,2.753,15.026,0.235,21.407
img_001357.jpg,0,0,0.9979,0.211,0.004,0.032,6.153,2.566,26.649,0.386,36.272
img_001360.jpg,0,0,0.9946,0.221,0.004,0.031,4.141,4.029,21.05,0.287,30.08
img_001363.jpg,0,0,0.9987,0.223,0.005,0.032,3.89,3.315,18.696,0.248,26.684
img_001366.jpg,0,0,0.9978,0.219,0.005,0.03,6.957,2.024,13.388,0.298,23.185
img_001369.jpg,0,0,0.9992,0.22,0.005,0.035,2.692,0.655,10.667,0.219,14.703
img_001372.jpg,0,0,0.9988,0.214,0.005,0.029,3.022,2.65,17.245,0.25,23.647
img_001375.jpg,0,0,0.9936,0.217,0.004,0.031,6.422,3.636,16.672,0.299,27.574
img_001378.jpg,0,0,0.9954,0.217,0.005,0.032,3.169,2.266,10.68,0.235,16.858
img_001381.jpg,0,0,0.9994,0.213,0.004,0.029,5.79,4.135,18.717,0.243,29.519
img_001384.jpg,0,0,0.9984,0.32,0.006,0.044,7.489,3.456,11.178,0.225,23.038
img_001387.jpg,0,0,0.9933,0.213,0.004,0.03,3.788,4.175,12.869,0.23,21.606
img_001390.jpg,0,0,0.5135,0.205,0.004,0.029,3.302,2.261,17.569,0.243,23.833
img_001393.jpg,0,0,0.9988,0.218,0.004,0.032,8.139,3.221,16.264,0.237,28.392
img_001396.jpg,0,0,0.9997,0.217,0.005,0.032,3.445,0.862,13.604,0.333,18.714
img_001399.jpg,0,0,0.999,0.22,0.004,0.03,3.376,3.534,17.151,0.255,24.811
img_001402.jpg,0,0,0.9989,0.243,0.006,0.031,7.903,1.328,11.353,0.232,21.427
img_001405.jpg,0,0,0.9997,0.215,0.005,0.031,3.761,1.803,12.896,0.232,19.184
img_001408.jpg,0,0,0.9993,0.215,0.005,0.03,3.658,2.256,22.075,0.234,28.697
img_001411.jpg,0,0,0.9993,0.222,0.005,0.031,6.634,4.079,13.066,0.231,24.628
img_001414.jpg,0,0,0.9985,0.217,0.005,0.03,3.795,2.75,10.679,0.228,17.924
img_001417.jpg,0,0,0.9992,0.217,0.003,0.029,6.072,4.603,14.077,0.235,25.529
img_001420.jpg,0,0,0.9993,0.213,0.005,0.029,5.844,0.909,10.698,0.226,18.139
img_001423.jpg,0,0,0.9988,0.222,0.005,0.032,4.341,0.808,13.691,0.228,19.594
img_001426.jpg,0,0,0.9989,0.232,0.005,0.032,4.521,2.783,15.567,0.233,23.588
img_001429.jpg,0,0,0.9995,0.321,0.006,0.044,6.883,1.993,10.885,0.23,20.675
img_001432.jpg,0,0,0.9995,0.22,0.005,0.034,3.887,0.653,11.92,0.225,17.158
img_001435.jpg,0,0,0.9996,0.216,0.005,0.03,3.705,5.209,22.626,0.388,32.533
img_001438.jpg,0,0,0.9983,0.219,0.004,0.031,6.7,0.656,14.571,0.263,22.673
img_001441.jpg,0,0,0.9994,0.215,0.004,0.029,2.543,0.929,10.692,0.243,14.873
img_001444.jpg,0,0,0.9984,0.213,0.004,0.029,3.826,4.206,19.474,0.24,28.298
img_001447.jpg,0,0,0.9997,0.218,0.005,0.032,6.098,2.246,15.462,0.269,24.568
img_001450.jpg,0,0,0.9996,0.22,0.004,0.031,4.566,3.584,12.262,0.246,21.31
img_001453.jpg,0,0,0.9998,0.216,0.005,0.031,2.295,0.648,10.7,0.238,14.352
img_001456.jpg,0,0,0.9989,0.218,0.004,0.031,4.941,0.624,13.152,0.345,19.535
img_001459.jpg,0,0,0.9996,0.214,0.005,0.03,3.359,2.648,10.918,0.225,17.615
img_001462.jpg,0,0,0.9969,0.263,0.004,0.032,3.693,1.655,13.745,0.339,20.027
img_001465.jpg,0,0,0.9994,0.213,0.004,0.028,4.576,0.652,10.667,0.224,16.585
img_001468.jpg,0,0,0.9999,0.262,0.004,0.032,2.296,0.635,10.926,0.223,14.588
img_001471.jpg,0,0,0.9999,0.265,0.005,0.03,2.24,0.636,10.651,0.225,14.257
img_001474.jpg,0,0,0.9999,0.22,0.004,0.031,4.652,0.664,10.735,0.234,16.766
img_001477.jpg,0,0,0.9985,0.214,0.004,0.03,2.294,0.647,10.665,0.229,14.294
img_001480.jpg,0,0,0.9971,0.222,0.005,0.033,3.604,1.022,13.495,0.337,18.949
img_001483.jpg,0,0,0.9986,0.216,0.005,0.031,5.468,2.618,19.035,0.257,27.872
img_001486.jpg,0,0,1.0,0.225,0.004,0.032,3.458,2.771,12.593,0.228,19.538
img_001489.jpg,0,0,0.9999,0.333,0.006,0.043,4.726,2.135,12.862,0.228,20.555
img_001492.jpg,0,0,0.9979,0.217,0.005,0.032,6.403,1.857,10.672,0.229,19.631
img_001495.jpg,0,0,0.9999,0.297,0.007,0.046,3.421,0.679,12.228,0.234,17.151
img_001498.jpg,0,0,0.933,0.406,0.008,0.052,4.51,2.285,10.547,0.224,18.319
img_001501.jpg,0,0,0.9999,0.213,0.004,0.03,5.271,2.122,13.046,0.231,21.134
img_001504.jpg,0,0,0.9996,0.215,0.004,0.028,3.178,3.967,12.999,0.227,20.895
img_001507.jpg,0,0,0.9996,0.219,0.005,0.032,2.536,0.623,10.663,0.232,14.521
img_001510.jpg,0,0,0.9994,0.217,0.005,0.031,4.745,0.649,10.714,0.237,16.819
img_001513.jpg,0,0,0.9985,0.22,0.005,0.032,2.339,0.609,10.904,0.232,14.549
img_001516.jpg,0,0,0.9963,0.216,0.005,0.031,2.371,0.622,10.653,0.219,14.328
img_001519.jpg,0,0,0.9633,0.213,0.004,0.032,4.839,0.676,10.667,0.226,16.879
img_001522.jpg,0,0,0.9897,0.215,0.004,0.031,2.619,0.613,10.904,0.228,14.816
img_001525.jpg,0,0,0.9773,0.216,0.004,0.03,2.604,0.599,10.909,0.237,14.803
img_001528.jpg,0,0,0.9969,0.347,0.007,0.046,3.896,0.614,12.562,0.344,18.034
img_001531.jpg,0,0,0.9998,0.222,0.005,0.03,2.399,0.658,10.662,0.223,14.406
img_001534.jpg,0,0,0.9996,0.211,0.005,0.031,2.347,0.601,12.567,0.374,16.346
img_001537.jpg,0,0,0.9999,0.218,0.005,0.03,2.25,0.617,10.701,0.226,14.252
img_001540.jpg,0,0,0.9995,0.214,0.005,0.031,4.631,0.623,10.676,0.293,16.685
img_001543.jpg,0,0,0.9983,0.219,0.004,0.032,2.319,0.607,10.662,0.229,14.28
img_001546.jpg,0,0,0.9999,0.285,0.005,0.029,2.95,0.636,13.32,0.279,17.752
img_001549.jpg,0,0,0.9997,0.221,0.005,0.032,4.877,0.617,10.649,0.229,16.844
img_001552.jpg,0,0,0.9845,0.216,0.005,0.032,2.32,0.734,10.663,0.219,14.387
img_001555.jpg,0,0,0.9999,0.221,0.005,0.032,2.714,0.605,10.659,0.222,14.662
img_001558.jpg,0,0,0.9999,0.221,0.005,0.028,2.258,0.601,12.521,0.336,16.174
img_001561.jpg,0,0,0.9998,0.22,0.005,0.03,2.266,0.61,10.656,0.22,14.253
img_001564.jpg,0,0,0.9999,0.218,0.004,0.028,2.29,0.6,10.671,0.229,14.244
img_001567.jpg,0,0,0.9987,0.221,0.004,0.031,2.314,0.605,10.911,0.227,14.524
img_001570.jpg,0,0,0.9991,0.214,0.005,0.031,4.709,0.64,10.71,0.231,16.756
img_001573.jpg,0,0,0.998,0.218,0.005,0.029,2.266,0.595,10.707,0.222,14.246
img_001576.jpg,0,0,0.999,0.219,0.005,0.03,2.36,0.608,10.648,0.231,14.305
img_001579.jpg,0,0,0.9997,0.216,0.004,0.03,5.124,1.822,10.684,0.232,18.342
img_001582.jpg,0,0,0.9993,0.225,0.004,0.031,2.924,2.726,13.737,0.346,20.307
img_001585.jpg,0,0,0.9988,0.222,0.005,0.031,4.126,3.765,12.923,0.222,21.661
img_001588.jpg,0,0,0.9992,0.221,0.004,0.032,8.468,3.533,11.952,0.318,24.846
img_001591.jpg,0,0,0.9996,0.217,0.005,0.029,4.044,2.942,19.695,0.244,27.406
img_001594.jpg,0,0,0.9992,0.219,0.005,0.031,3.593,0.67,12.645,0.232,17.63
img_001597.jpg,0,0,0.9996,0.216,0.005,0.03,6.649,3.788,12.846,0.233,24.149
img_001600.jpg,0,0,0.9997,0.224,0.005,0.03,3.334,2.488,13.51,0.226,20.108
img_001603.jpg,0,0,0.9997,0.215,0.005,0.03,2.65,0.703,10.691,0.227,14.739
img_001606.jpg,0,0,0.9838,0.218,0.005,0.032,6.829,3.363,12.722,0.232,23.629
img_001609.jpg,0,0,0.9999,0.219,0.005,0.032,2.671,0.689,10.935,0.349,15.113
img_001612.jpg,0,0,0.9999,0.221,0.004,0.032,2.502,0.663,13.348,0.345,17.344
img_001615.jpg,0,0,0.9996,0.22,0.004,0.031,4.811,0.64,10.656,0.234,16.81
img_001618.jpg,0,0,0.9998,0.22,0.004,0.031,2.786,0.619,11.465,0.347,15.682
img_001621.jpg,0,0,0.9996,0.214,0.005,0.028,2.579,0.606,10.646,0.225,14.552
img_001624.jpg,0,0,0.9999,0.216,0.005,0.029,5.232,0.655,10.663,0.227,17.244
img_001627.jpg,0,0,1.0,0.216,0.005,0.031,2.477,0.611,10.645,0.224,14.414
img_001630.jpg,0,0,1.0,0.274,0.005,0.03,2.611,0.616,10.673,0.266,14.674
img_001633.jpg,0,0,1.0,0.221,0.005,0.031,5.111,0.812,13.435,0.392,20.242
img_001636.jpg,0,0,1.0,0.22,0.005,0.033,2.451,0.619,10.657,0.232,14.42
img_001639.jpg,0,0,0.9999,0.22,0.005,0.032,2.466,0.606,10.663,0.244,14.439
img_001642.jpg,0,0,0.9992,0.226,0.005,0.034,5.29,1.708,10.664,0.226,18.376
img_001645.jpg,0,0,0.9999,0.227,0.004,0.032,3.971,3.414,12.981,0.222,21.131
img_001648.jpg,0,0,0.9998,0.336,0.008,0.046,4.055,1.766,10.656,0.25,17.343
img_001651.jpg,0,0,1.0,0.22,0.004,0.033,5.847,0.934,10.688,0.228,18.177
img_001654.jpg,0,0,1.0,0.226,0.004,0.034,2.323,0.601,10.931,0.236,14.565
img_001657.jpg,0,0,0.9982,0.218,0.004,0.033,4.661,4.634,14.382,0.265,24.525
img_001660.jpg,0,0,0.9993,0.23,0.005,0.032,4.2,1.279,18.0,0.455,24.445
img_001663.jpg,0,0,0.8409,0.228,0.005,0.036,3.233,2.841,10.613,0.229,17.411
img_001666.jpg,0,0,0.7308,0.216,0.005,0.03,3.387,0.893,10.641,0.22,15.6
img_001669.jpg,0,1,0.9763,0.217,0.004,0.031,2.329,0.624,10.885,0.222,14.517
img_001672.jpg,0,0,0.9993,0.216,0.004,0.029,4.622,0.68,10.665,0.229,16.663
img_001675.jpg,0,0,0.7533,0.219,0.004,0.031,2.259,0.645,10.642,0.222,14.232
img_001678.jpg,0,0,0.8899,0.216,0.004,0.032,2.316,0.611,10.652,0.233,14.272
img_001681.jpg,0,1,0.7136,0.227,0.004,0.03,4.689,0.637,10.645,0.225,16.704
img_001684.jpg,0,0,0.9959,0.219,0.004,0.029,2.281,0.602,10.643,0.224,14.206
img_001687.jpg,0,0,0.5141,0.216,0.004,0.03,2.456,0.67,10.91,0.225,14.726
img_001690.jpg,0,1,0.9742,0.218,0.005,0.029,4.651,0.62,10.676,0.228,16.647
img_001693.jpg,0,0,1.0,0.215,0.005,0.03,2.487,0.627,10.676,0.232,14.489
img_001696.jpg,0,0,1.0,0.218,0.004,0.032,2.311,0.62,12.463,0.37,16.234
img_001699.jpg,0,0,1.0,0.217,0.004,0.032,2.356,0.639,13.367,0.417,17.255
img_001702.jpg,0,0,1.0,0.215,0.004,0.031,2.369,0.601,10.664,0.218,14.308
img_001705.jpg,0,0,1.0,0.221,0.005,0.028,2.619,0.901,13.305,0.362,17.667
img_001708.jpg,0,0,1.0,0.22,0.005,0.029,2.229,0.667,12.531,0.381,16.278
img_001711.jpg,0,0,1.0,0.216,0.004,0.032,2.352,0.718,13.431,0.345,17.327
img_001714.jpg,0,0,1.0,0.22,0.005,0.028,2.305,0.608,10.699,0.221,14.292
img_001717.jpg,0,0,1.0,0.221,0.004,0.03,2.606,0.831,13.294,0.328,17.536
img_001720.jpg,0,0,1.0,0.217,0.005,0.032,2.519,0.637,10.651,0.224,14.493
img_001723.jpg,0,0,1.0,0.218,0.004,0.029,2.472,0.662,10.651,0.222,14.473
img_001726.jpg,0,0,1.0,0.221,0.004,0.031,3.267,3.498,13.171,0.223,20.701
img_001729.jpg,0,0,1.0,0.218,0.005,0.031,2.487,0.689,10.682,0.227,14.569
img_001732.jpg,0,0,1.0,0.218,0.004,0.03,2.389,0.665,10.706,0.235,14.475
img_001735.jpg,0,0,1.0,0.223,0.004,0.031,2.622,0.742,10.709,0.231,14.8
img_001738.jpg,0,0,1.0,0.211,0.005,0.027,2.361,0.72,10.69,0.229,14.465
img_001741.jpg,0,0,1.0,0.249,0.004,0.029,2.751,0.691,10.786,0.243,14.986
img_001744.jpg,0,0,0.9999,0.221,0.005,0.03,3.412,2.857,14.054,0.379,21.228
img_001747.jpg,0,0,0.9999,0.221,0.005,0.03,5.922,1.748,10.69,0.231,19.074
img_001750.jpg,0,0,0.9999,0.216,0.005,0.029,2.528,0.678,10.807,0.239,14.733
img_001753.jpg,0,0,1.0,0.213,0.005,0.029,3.35,0.687,10.69,0.232,15.439
img_001756.jpg,0,0,1.0,0.221,0.004,0.032,6.349,0.739,13.613,0.389,21.595
img_001759.jpg,0,0,0.9995,0.218,0.004,0.031,2.585,0.714,10.663,0.23,14.673
img_001762.jpg,0,0,0.9993,0.219,0.004,0.033,2.367,0.632,10.694,0.243,14.413
img_001765.jpg,0,0,0.9997,0.218,0.005,0.031,4.684,0.648,10.739,0.226,16.781
img_001768.jpg,0,0,1.0,0.22,0.004,0.032,2.46,0.807,10.734,0.236,14.719
img_001771.jpg,0,0,1.0,0.212,0.004,0.029,2.902,0.673,10.675,0.226,14.985
img_001774.jpg,0,0,1.0,0.226,0.005,0.03,4.975,0.922,10.683,0.234,17.302
img_001777.jpg,0,0,1.0,0.22,0.004,0.032,2.425,0.68,10.704,0.262,14.556
img_001780.jpg,0,0,1.0,0.198,0.005,0.026,2.438,0.707,10.603,0.22,14.417
img_001783.jpg,0,0,1.0,0.2,0.004,0.027,2.504,0.892,10.638,0.229,14.708
img_001786.jpg,0,0,1.0,0.349,0.007,0.047,6.063,0.688,10.711,0.233,18.338
img_001789.jpg,0,0,1.0,0.2,0.004,0.031,2.547,0.711,10.649,0.231,14.594
img_001792.jpg,0,0,1.0,0.204,0.004,0.026,2.521,0.669,10.607,0.219,14.464
img_001795.jpg,0,0,1.0,0.207,0.004,0.026,2.517,0.7,10.618,0.231,14.514
img_001798.jpg,0,0,1.0,0.215,0.004,0.027,2.411,0.726,10.616,0.215,14.431
img_001801.jpg,0,0,1.0,0.197,0.004,0.024,2.312,0.656,10.645,0.321,14.373
img_001804.jpg,0,0,1.0,0.216,0.004,0.03,2.48,0.837,12.456,0.227,16.472
img_001807.jpg,0,0,1.0,0.204,0.004,0.029,2.446,1.406,10.62,0.219,15.141
img_001810.jpg,0,0,1.0,0.209,0.005,0.03,2.443,0.672,10.681,0.237,14.495
img_001813.jpg,0,0,1.0,0.208,0.004,0.03,3.522,0.9,12.642,0.237,17.759
img_001816.jpg,0,0,1.0,0.209,0.005,0.029,2.282,0.588,10.615,0.211,14.139
img_001819.jpg,0,0,1.0,0.203,0.005,0.029,2.349,0.629,10.661,0.23,14.312
img_001822.jpg,0,0,1.0,0.209,0.005,0.03,2.509,0.596,10.653,0.236,14.439
img_001825.jpg,0,0,1.0,0.199,0.004,0.03,2.33,0.588,10.596,0.21,14.156
img_001828.jpg,0,0,1.0,0.206,0.005,0.029,2.445,0.613,10.594,0.243,14.332
img_001831.jpg,0,0,1.0,0.208,0.004,0.028,2.344,0.616,10.621,0.205,14.23
img_001834.jpg,0,0,1.0,0.204,0.005,0.03,2.762,0.687,10.591,0.204,14.69
img_001837.jpg,0,0,1.0,0.203,0.004,0.031,2.298,0.635,10.577,0.212,14.156
img_001840.jpg,0,0,1.0,0.223,0.005,0.031,2.411,0.662,10.574,0.204,14.315
img_001843.jpg,0,0,1.0,0.199,0.005,0.03,2.341,0.606,10.59,0.206,14.18
img_001846.jpg,0,0,1.0,0.197,0.004,0.027,2.281,0.874,10.625,0.205,14.423
img_001849.jpg,0,0,1.0,0.196,0.005,0.029,2.27,0.591,10.632,0.202,14.13
img_001852.jpg,0,0,0.9999,0.196,0.004,0.028,2.281,0.598,10.59,0.2,14.093
img_001855.jpg,0,0,1.0,0.211,0.005,0.027,2.337,0.834,10.603,0.212,14.438
img_001858.jpg,0,0,0.9999,0.198,0.005,0.03,2.401,0.622,10.592,0.202,14.25
img_001861.jpg,0,0,1.0,0.219,0.004,0.033,2.219,0.841,10.585,0.196,14.301
img_001864.jpg,0,0,1.0,0.212,0.005,0.029,2.452,0.669,10.615,0.21,14.398
img_001867.jpg,0,0,0.9999,0.208,0.005,0.032,3.434,1.84,10.747,0.233,16.726
img_001870.jpg,0,0,1.0,0.207,0.005,0.03,2.907,0.658,10.668,0.227,14.93
img_001873.jpg,0,0,1.0,0.21,0.004,0.03,2.388,0.668,10.999,0.292,14.824
img_001876.jpg,0,0,1.0,0.217,0.004,0.03,2.539,0.991,10.695,0.23,14.932
img_001879.jpg,0,0,0.9997,0.194,0.004,0.028,2.493,0.662,10.648,0.251,14.495
img_001882.jpg,0,0,1.0,0.198,0.004,0.028,2.483,0.648,10.787,0.254,14.615
img_001885.jpg,0,0,1.0,0.21,0.005,0.03,3.453,2.88,12.423,0.266,19.568
img_001888.jpg,0,0,1.0,0.2,0.004,0.029,2.537,0.645,12.132,0.255,16.017
img_001891.jpg,0,0,1.0,0.208,0.004,0.029,3.347,3.503,13.686,0.283,21.387
img_001894.jpg,0,0,1.0,0.209,0.004,0.03,2.611,0.634,10.675,0.229,14.606
img_001897.jpg,0,0,1.0,0.2,0.004,0.03,2.403,0.675,10.635,0.223,14.448
img_001900.jpg,0,0,1.0,0.198,0.005,0.026,3.35,0.837,15.778,0.371,20.796
img_001903.jpg,0,0,1.0,0.211,0.005,0.031,2.359,0.659,10.687,0.231,14.401
img_001906.jpg,0,0,1.0,0.209,0.005,0.029,2.167,0.64,10.61,0.21,14.083
img_001909.jpg,0,0,1.0,0.216,0.005,0.028,3.599,2.697,15.383,0.228,22.454
img_001912.jpg,0,0,1.0,0.203,0.004,0.03,2.2,0.751,10.686,0.219,14.309
img_001915.jpg,0,0,1.0,0.209,0.005,0.029,2.608,0.653,10.675,0.23,14.634
img_001918.jpg,0,0,1.0,0.209,0.004,0.031,2.735,1.195,12.427,0.229,17.062
img_001921.jpg,0,0,1.0,0.213,0.005,0.03,3.543,0.671,10.694,0.227,15.603
img_001924.jpg,0,0,1.0,0.209,0.004,0.029,2.881,0.636,10.903,0.222,15.094
img_001927.jpg,0,0,1.0,0.208,0.004,0.031,2.943,0.649,12.831,0.259,17.147
img_001930.jpg,0,0,1.0,0.203,0.004,0.029,2.911,0.63,10.695,0.245,14.928
img_001933.jpg,0,0,1.0,0.21,0.005,0.029,3.595,0.665,10.72,0.234,15.671
img_001936.jpg,0,0,1.0,0.202,0.004,0.029,2.283,0.628,12.594,0.222,16.17
img_001939.jpg,0,0,1.0,0.202,0.004,0.031,2.49,0.632,10.637,0.212,14.421
img_001942.jpg,0,0,1.0,0.212,0.005,0.032,2.29,0.651,10.669,0.228,14.348
img_001945.jpg,0,0,1.0,0.214,0.004,0.031,2.346,0.637,10.659,0.225,14.327
img_001948.jpg,0,0,1.0,0.211,0.005,0.031,2.447,0.664,10.668,0.228,14.469
img_001951.jpg,0,0,1.0,0.208,0.005,0.03,2.281,0.703,10.617,0.213,14.268
img_001954.jpg,0,0,1.0,0.204,0.004,0.029,2.919,0.817,12.428,0.231,16.852
img_001957.jpg,0,0,1.0,0.203,0.005,0.029,2.253,0.884,10.667,0.229,14.475
img_001960.jpg,0,0,1.0,0.278,0.005,0.032,2.257,0.631,10.655,0.215,14.278
img_001963.jpg,0,0,1.0,0.212,0.003,0.03,2.631,0.647,10.656,0.225,14.617
img_001966.jpg,0,0,1.0,0.213,0.004,0.029,2.186,0.893,10.63,0.22,14.383
img_001969.jpg,0,0,1.0,0.209,0.005,0.03,2.223,0.607,10.65,0.212,14.137
img_001972.jpg,0,0,1.0,0.209,0.005,0.032,2.254,1.082,10.6,0.226,14.621
img_001975.jpg,0,0,1.0,0.207,0.005,0.03,2.403,0.643,10.654,0.216,14.378
img_001978.jpg,0,0,1.0,0.207,0.005,0.029,2.213,0.613,10.641,0.228,14.137
img_001981.jpg,0,0,1.0,0.202,0.005,0.03,2.216,0.627,10.654,0.204,14.141
img_001984.jpg,0,0,1.0,0.21,0.004,0.031,2.985,0.888,10.634,0.239,15.207
img_001987.jpg,0,0,1.0,0.256,0.005,0.028,2.267,0.628,10.617,0.217,14.219
img_001990.jpg,0,0,1.0,0.206,0.005,0.028,2.273,0.637,12.518,0.226,16.106
img_001993.jpg,0,0,1.0,0.203,0.005,0.028,2.306,0.63,10.611,0.206,14.195
img_001996.jpg,0,0,1.0,0.21,0.005,0.029,2.098,0.609,10.65,0.234,14.037
img_001999.jpg,0,0,1.0,0.212,0.004,0.029,2.585,0.688,10.682,0.225,14.639
img_002002.jpg,0,0,1.0,0.201,0.004,0.03,2.493,0.624,10.673,0.209,14.444
img_002005.jpg,0,0,1.0,0.205,0.004,0.031,2.953,2.242,14.658,0.292,20.626
img_002008.jpg,0,0,1.0,0.216,0.005,0.03,2.573,0.662,10.69,0.229,14.614
img_002011.jpg,0,0,1.0,0.202,0.004,0.028,2.531,0.634,10.639,0.204,14.571
img_002014.jpg,0,0,1.0,0.203,0.004,0.031,2.195,0.618,12.571,0.225,16.048
img_002017.jpg,0,0,1.0,0.205,0.005,0.03,2.172,0.726,10.701,0.217,14.26
img_002020.jpg,0,0,1.0,0.209,0.005,0.029,2.162,0.915,10.695,0.228,14.477
img_002023.jpg,0,0,1.0,0.207,0.005,0.029,2.222,0.632,10.648,0.223,14.2
img_002026.jpg,0,0,1.0,0.219,0.005,0.031,2.136,0.603,10.656,0.213,14.063
img_002029.jpg,0,0,1.0,0.2,0.005,0.025,2.218,0.644,10.622,0.22,14.135
img_002032.jpg,0,0,1.0,0.382,0.004,0.073,2.636,0.624,10.699,0.227,14.857
img_002035.jpg,0,0,1.0,0.205,0.004,0.032,2.162,0.613,10.608,0.216,14.04
img_002038.jpg,0,0,1.0,0.209,0.004,0.032,2.507,0.647,10.705,0.231,14.589
img_002041.jpg,0,0,1.0,0.211,0.005,0.029,2.23,0.629,10.667,0.226,14.208
img_002044.jpg,0,0,1.0,0.207,0.005,0.029,2.105,0.624,10.642,0.221,14.036
img_002047.jpg,0,0,1.0,0.206,0.005,0.031,3.707,2.322,19.742,0.27,26.512
img_002050.jpg,0,0,1.0,0.205,0.005,0.029,3.415,0.788,13.181,0.231,18.136
img_002053.jpg,0,0,1.0,0.202,0.005,0.03,3.014,0.618,10.658,0.232,15.146
img_002056.jpg,0,0,1.0,0.217,0.005,0.03,3.198,2.065,12.612,0.229,18.572
img_002059.jpg,0,0,1.0,0.209,0.005,0.029,4.048,1.364,13.745,0.34,20.03
img_002062.jpg,0,0,1.0,0.27,0.006,0.105,2.474,0.894,11.723,0.224,16.051
img_002065.jpg,0,0,1.0,0.224,0.004,0.031,3.431,0.815,13.498,0.331,18.617
img_002068.jpg,0,0,1.0,0.213,0.004,0.032,2.211,0.668,10.717,0.238,14.292
img_002071.jpg,0,0,1.0,0.266,0.005,0.028,2.222,0.627,10.708,0.23,14.293
img_002074.jpg,0,0,1.0,0.223,0.004,0.029,2.224,0.642,10.658,0.227,14.266
img_002077.jpg,0,0,1.0,0.204,0.004,0.029,2.422,1.344,10.654,0.226,15.099
img_002080.jpg,0,0,1.0,0.217,0.005,0.03,2.529,0.678,10.686,0.234,14.59
img_002083.jpg,0,0,1.0,0.28,0.061,0.047,3.031,1.339,11.398,0.225,16.677
img_002086.jpg,0,0,1.0,0.212,0.005,0.029,2.489,0.622,10.649,0.241,14.454
img_002089.jpg,0,0,1.0,0.256,0.005,0.03,3.021,3.773,13.688,0.269,21.33
img_002092.jpg,0,0,1.0,0.207,0.005,0.028,3.519,3.439,12.246,0.219,19.935
img_002095.jpg,0,0,1.0,0.202,0.004,0.031,2.968,1.072,13.419,0.302,18.278
img_002098.jpg,0,0,1.0,0.281,0.007,0.044,3.669,1.55,13.558,0.257,19.674
img_002101.jpg,0,0,1.0,0.204,0.005,0.028,2.524,0.617,10.648,0.234,14.461
img_002104.jpg,0,0,1.0,0.207,0.005,0.03,2.252,0.634,10.65,0.227,14.215
img_002107.jpg,0,0,1.0,0.211,0.005,0.031,2.794,0.934,10.658,0.228,15.067
img_002110.jpg,0,0,1.0,0.209,0.004,0.03,3.129,0.716,10.716,0.227,15.237
img_002113.jpg,0,0,1.0,0.214,0.005,0.032,2.271,0.667,10.669,0.23,14.297
img_002116.jpg,0,0,1.0,0.198,0.005,0.028,2.276,0.596,10.6,0.214,14.115
img_002119.jpg,0,0,1.0,0.205,0.004,0.026,2.274,0.604,10.626,0.21,14.15
img_002122.jpg,0,0,1.0,0.211,0.005,0.031,2.388,0.614,10.65,0.226,14.33
img_002125.jpg,0,0,1.0,0.214,0.004,0.032,2.316,0.621,10.673,0.224,14.29
img_002128.jpg,0,0,1.0,0.206,0.004,0.03,2.335,1.078,10.677,0.221,14.758
img_002131.jpg,0,0,1.0,0.216,0.005,0.029,2.317,0.616,10.655,0.226,14.298
img_002134.jpg,0,0,1.0,0.2,0.004,0.03,2.677,0.678,10.652,0.214,14.702
img_002137.jpg,0,0,1.0,0.205,0.005,0.028,2.228,0.595,10.599,0.207,14.06
img_002140.jpg,0,0,1.0,0.197,0.005,0.029,2.331,0.603,10.579,0.243,14.184
img_002143.jpg,0,0,1.0,0.201,0.005,0.028,2.356,0.605,10.599,0.204,14.198
img_002146.jpg,0,0,1.0,0.21,0.004,0.029,2.336,0.608,10.693,0.238,14.323
img_002149.jpg,0,0,1.0,0.207,0.004,0.027,2.361,1.2,10.654,0.228,14.895
img_002152.jpg,0,0,1.0,0.216,0.004,0.03,2.391,0.666,10.649,0.223,14.391
img_002155.jpg,0,0,1.0,0.213,0.004,0.029,2.298,0.611,10.645,0.227,14.273
img_002158.jpg,0,0,1.0,0.216,0.004,0.029,3.045,0.773,13.42,0.23,17.992
img_002161.jpg,0,0,1.0,0.207,0.005,0.028,2.33,0.606,10.686,0.228,14.295
img_002164.jpg,0,0,1.0,0.208,0.005,0.03,2.401,0.675,10.643,0.219,14.386
img_002167.jpg,0,0,1.0,0.209,0.004,0.029,2.23,0.619,10.685,0.228,14.211
img_002170.jpg,0,0,1.0,0.207,0.005,0.028,2.43,0.593,10.596,0.215,14.317
img_002173.jpg,0,0,1.0,0.206,0.004,0.03,2.408,0.603,10.65,0.222,14.333
img_002176.jpg,0,0,1.0,0.208,0.005,0.029,2.347,0.685,10.663,0.23,14.382
img_002179.jpg,0,0,1.0,0.203,0.004,0.029,2.287,0.596,10.65,0.212,14.177
img_002182.jpg,0,0,1.0,0.214,0.005,0.03,3.256,2.056,10.686,0.218,16.677
img_002185.jpg,0,0,1.0,0.202,0.004,0.03,3.5,4.958,27.115,0.402,36.51
img_002188.jpg,0,0,1.0,0.2,0.005,0.03,3.521,2.392,11.488,0.373,18.229
img_002191.jpg,0,0,1.0,0.207,0.005,0.03,4.496,0.662,12.961,0.24,18.821
img_002194.jpg,0,0,1.0,0.21,0.005,0.03,2.385,0.636,10.698,0.237,14.419
img_002197.jpg,0,0,1.0,0.219,0.005,0.031,2.136,0.655,10.906,0.237,14.435
img_002200.jpg,0,0,1.0,0.203,0.004,0.027,2.153,0.702,10.677,0.226,14.208
img_002203.jpg,0,0,1.0,0.208,0.004,0.028,2.219,0.735,10.663,0.251,14.32
img_002206.jpg,0,0,1.0,0.211,0.005,0.027,2.173,0.66,10.73,0.228,14.248
img_002209.jpg,0,0,1.0,0.201,0.005,0.028,2.151,1.592,11.12,0.275,15.595
img_002212.jpg,0,0,1.0,0.209,0.005,0.028,2.685,0.652,10.698,0.267,14.76
img_002215.jpg,0,0,1.0,0.212,0.004,0.028,2.529,0.675,10.709,0.23,14.61
img_002218.jpg,0,0,1.0,0.208,0.005,0.029,3.224,1.87,15.288,0.275,21.14
img_002221.jpg,0,0,1.0,0.204,0.004,0.03,3.539,1.853,10.961,0.229,17.049
img_002224.jpg,0,0,1.0,0.204,0.004,0.031,2.862,0.658,10.687,0.228,14.899
img_002227.jpg,0,0,1.0,0.208,0.004,0.027,3.811,3.67,12.812,0.246,21.022
img_002230.jpg,0,0,1.0,0.208,0.004,0.028,2.801,1.032,10.743,0.383,15.428
img_002233.jpg,0,0,1.0,0.205,0.005,0.03,3.394,2.069,10.725,0.233,16.883
img_002236.jpg,0,0,1.0,0.257,0.004,0.031,3.296,2.171,13.543,0.335,19.943
img_002239.jpg,0,0,1.0,0.197,0.004,0.028,2.808,0.722,10.679,0.23,14.892
img_002242.jpg,0,0,1.0,0.219,0.005,0.029,2.976,0.832,13.581,0.234,18.171
img_002245.jpg,0,0,1.0,0.208,0.005,0.029,2.501,0.724,10.688,0.23,14.604
img_002248.jpg,0,0,1.0,0.207,0.005,0.03,2.371,0.655,10.729,0.223,14.435
img_002251.jpg,0,0,1.0,0.215,0.005,0.031,3.873,4.117,18.829,0.283,27.709
img_002254.jpg,0,0,1.0,0.213,0.005,0.032,2.833,0.662,10.684,0.239,14.897
img_002257.jpg,0,0,1.0,0.213,0.005,0.03,3.162,0.665,10.672,0.232,15.199
img_002260.jpg,0,0,1.0,0.27,0.004,0.028,2.812,0.642,10.66,0.225,14.866
img_002263.jpg,0,0,1.0,0.198,0.005,0.03,3.248,1.876,10.72,0.236,16.542
img_002266.jpg,0,0,1.0,0.259,0.004,0.03,2.88,0.669,10.743,0.232,15.043
img_002269.jpg,0,0,1.0,0.22,0.004,0.031,3.123,0.661,10.643,0.225,15.134
img_002272.jpg,0,0,1.0,0.203,0.004,0.031,2.583,0.914,10.748,0.233,14.936
img_002275.jpg,0,0,1.0,0.249,0.005,0.03,2.319,0.663,10.716,0.221,14.412
img_002278.jpg,0,0,1.0,0.207,0.004,0.029,2.481,0.672,10.67,0.229,14.517
img_002281.jpg,0,0,1.0,0.212,0.004,0.03,2.705,0.644,10.618,0.215,14.639
img_002284.jpg,0,0,1.0,0.204,0.005,0.029,3.583,4.722,20.272,0.408,29.518
img_002287.jpg,0,0,1.0,0.212,0.005,0.029,3.888,1.533,10.691,0.233,16.803
img_002290.jpg,0,0,1.0,0.206,0.005,0.028,2.624,0.766,10.643,0.214,14.695
img_002293.jpg,0,0,1.0,0.212,0.004,0.028,2.428,0.668,10.636,0.219,14.431
img_002296.jpg,0,0,1.0,0.208,0.004,0.029,2.278,0.602,10.698,0.227,14.247
img_002299.jpg,0,0,1.0,0.212,0.005,0.03,2.392,0.592,10.705,0.248,14.392
img_002302.jpg,0,0,1.0,0.204,0.005,0.03,2.275,0.594,10.603,0.219,14.125
img_002305.jpg,0,0,1.0,0.209,0.005,0.031,2.249,0.589,10.683,0.222,14.195
img_002308.jpg,0,0,1.0,0.206,0.005,0.03,3.527,4.151,18.262,0.302,26.787
img_002311.jpg,0,0,1.0,0.205,0.005,0.029,4.555,1.294,13.024,0.259,19.648
img_002314.jpg,0,0,1.0,0.211,0.005,0.03,2.266,0.673,10.625,0.222,14.232
img_002317.jpg,0,0,1.0,0.203,0.005,0.028,3.66,1.429,18.059,0.24,23.939
img_002320.jpg,0,0,1.0,0.21,0.004,0.029,2.354,0.717,10.64,0.219,14.392
img_002323.jpg,0,0,0.9999,0.216,0.005,0.032,2.504,0.677,10.688,0.231,14.573
img_002326.jpg,0,0,0.9999,0.2,0.004,0.028,2.34,0.669,12.798,0.309,16.57
img_002329.jpg,0,0,0.9999,0.208,0.005,0.03,2.483,0.68,10.734,0.21,14.57
img_002332.jpg,0,0,1.0,0.216,0.004,0.03,2.382,0.983,12.688,0.235,16.759
img_002335.jpg,0,0,1.0,0.211,0.004,0.029,2.542,0.905,10.632,0.212,14.753
img_002338.jpg,0,0,1.0,0.42,0.007,0.055,2.692,1.679,13.169,0.289,18.545
img_002341.jpg,0,0,1.0,0.206,0.005,0.028,3.337,0.67,10.695,0.231,15.388
img_002344.jpg,0,0,1.0,0.208,0.005,0.029,2.145,0.704,10.692,0.232,14.23
img_002347.jpg,0,0,1.0,0.215,0.005,0.031,2.143,0.648,10.738,0.234,14.263
img_002350.jpg,0,0,1.0,0.214,0.005,0.031,2.225,0.695,10.656,0.221,14.27
img_002353.jpg,0,0,1.0,0.264,0.005,0.033,3.491,1.84,13.333,0.404,19.597
img_002356.jpg,0,0,1.0,0.202,0.005,0.03,3.039,0.829,14.831,0.23,19.445
img_002359.jpg,0,0,1.0,0.224,0.005,0.031,3.453,4.871,11.471,0.241,20.591
img_002362.jpg,0,0,1.0,0.21,0.004,0.028,2.805,1.737,10.715,0.232,15.947
img_002365.jpg,0,0,1.0,0.208,0.004,0.028,2.541,0.622,10.659,0.226,14.507
img_002368.jpg,0,0,1.0,0.287,0.007,0.045,4.352,0.939,11.422,0.229,17.573
img_002371.jpg,0,0,1.0,0.212,0.005,0.03,4.515,2.53,12.463,0.241,20.278
img_002374.jpg,0,0,1.0,0.208,0.004,0.028,2.273,0.625,10.655,0.231,14.235
img_002377.jpg,0,0,1.0,0.205,0.005,0.029,2.291,0.618,10.668,0.242,14.266
img_002380.jpg,0,0,1.0,0.25,0.005,0.029,3.792,2.688,17.546,0.273,24.817
img_002383.jpg,0,0,1.0,0.209,0.005,0.029,3.523,1.801,13.369,0.375,19.54
img_002386.jpg,0,0,1.0,0.248,0.003,0.031,3.03,0.613,10.7,0.311,15.144
img_002389.jpg,0,0,1.0,0.196,0.005,0.03,3.058,0.596,10.631,0.221,14.933
img_002392.jpg,0,0,1.0,0.21,0.005,0.03,2.315,0.618,10.71,0.227,14.317
img_002395.jpg,0,0,1.0,0.262,0.005,0.033,2.249,0.59,10.615,0.255,14.199
