image,true_label,pred_label,confidence,input_and_metadata_ms,region_validation_ms,crop_extraction_ms,resize_and_preprocess_ms,batch_construction_ms,model_inference_ms,majority_vote_ms,total_ms
img_000001.jpg,1,0,0.9999,0.0,0.0,0.0,7.255,0.741,7.219,0.249,15.794
img_000004.jpg,1,0,1.0,0.0,0.0,0.0,5.558,0.535,6.69,0.234,13.246
img_000007.jpg,1,0,0.9999,0.0,0.0,0.0,4.806,0.536,6.67,0.221,12.461
img_000010.jpg,1,0,0.9999,0.0,0.0,0.0,3.231,0.58,6.675,0.243,10.954
img_000016.jpg,1,0,1.0,0.0,0.0,0.0,3.233,0.519,6.596,0.214,10.773
img_000019.jpg,1,0,0.9999,0.0,0.0,0.0,3.624,0.546,6.722,0.235,11.36
img_000025.jpg,1,0,0.9951,0.0,0.0,0.0,2.977,0.515,6.64,0.217,10.57
img_000028.jpg,1,0,0.9881,0.0,0.0,0.0,2.971,0.499,6.642,0.213,10.538
img_000031.jpg,1,0,0.999,0.0,0.0,0.0,2.96,1.673,6.664,0.226,11.742
img_000034.jpg,1,0,0.9987,0.0,0.0,0.0,3.849,0.536,6.582,0.214,11.396
img_000109.jpg,1,0,1.0,0.0,0.0,0.0,4.646,0.705,6.428,0.24,12.249
img_000172.jpg,1,0,0.9941,0.0,0.0,0.0,2.942,0.489,6.565,0.223,10.423
img_000175.jpg,1,0,0.9865,0.0,0.0,0.0,2.93,0.494,6.639,0.215,10.492
img_000178.jpg,1,0,0.9995,0.0,0.0,0.0,2.949,0.496,6.59,0.212,10.453
img_000181.jpg,1,0,0.9682,0.0,0.0,0.0,3.538,0.795,6.657,0.248,11.467
img_000184.jpg,1,0,0.9956,0.0,0.0,0.0,4.865,1.363,6.909,0.415,13.777
img_000187.jpg,1,0,0.9894,0.0,0.0,0.0,4.913,2.72,13.46,0.264,21.648
img_000190.jpg,1,0,0.996,0.0,0.0,0.0,3.736,1.41,6.642,0.231,12.233
img_000193.jpg,1,0,0.9927,0.0,0.0,0.0,3.927,1.376,6.671,0.229,12.415
img_000196.jpg,1,0,0.9997,0.0,0.0,0.0,3.81,1.382,8.211,0.26,13.891
img_000199.jpg,1,0,0.9984,0.0,0.0,0.0,5.656,1.698,6.816,0.344,14.755
img_000202.jpg,1,0,0.9997,0.0,0.0,0.0,4.577,2.644,7.503,0.343,15.299
img_000205.jpg,1,0,0.9996,0.0,0.0,0.0,3.784,2.019,11.667,0.249,17.955
img_000208.jpg,1,0,0.9288,0.0,0.0,0.0,5.172,1.23,7.35,0.242,14.316
img_000211.jpg,1,0,0.9272,0.0,0.0,0.0,3.137,0.518,6.616,0.222,10.704
img_000214.jpg,1,0,0.9979,0.0,0.0,0.0,3.089,0.566,6.609,0.223,10.696
img_000217.jpg,1,0,0.998,0.0,0.0,0.0,3.469,1.266,10.94,0.24,16.154
img_000220.jpg,1,0,0.9657,0.0,0.0,0.0,3.199,0.531,6.672,0.215,10.828
img_000223.jpg,1,0,0.9888,0.0,0.0,0.0,3.296,0.504,8.615,0.223,12.846
img_000226.jpg,1,0,0.9611,0.0,0.0,0.0,3.046,1.345,6.597,0.248,11.445
img_000229.jpg,1,0,0.9999,0.0,0.0,0.0,5.056,2.945,9.248,0.362,17.931
img_000232.jpg,1,0,0.9483,0.0,0.0,0.0,4.625,1.614,7.013,0.356,13.845
img_000235.jpg,1,0,0.9993,0.0,0.0,0.0,3.754,0.573,6.666,0.235,11.464
img_000238.jpg,1,0,0.9994,0.0,0.0,0.0,4.276,1.346,8.981,0.281,15.125
img_000241.jpg,1,0,0.9999,0.0,0.0,0.0,2.983,0.514,7.65,0.236,11.597
img_000244.jpg,1,0,0.9999,0.0,0.0,0.0,5.345,1.012,6.574,0.241,13.402
img_000247.jpg,1,0,0.9999,0.0,0.0,0.0,4.365,0.663,9.012,0.595,14.949
img_000250.jpg,1,0,1.0,0.0,0.0,0.0,2.955,0.577,6.702,0.235,10.688
img_000253.jpg,1,0,1.0,0.0,0.0,0.0,4.547,0.721,7.122,0.354,13.043
img_000256.jpg,1,0,0.9999,0.0,0.0,0.0,4.056,1.901,6.717,0.254,13.158
img_000259.jpg,1,0,1.0,0.0,0.0,0.0,4.21,0.814,7.216,0.339,12.872
img_000265.jpg,1,0,0.9904,0.0,0.0,0.0,3.282,0.504,6.909,0.324,11.243
img_000268.jpg,1,0,0.5249,0.0,0.0,0.0,4.254,1.386,13.568,0.266,19.7
img_000297.jpg,1,0,0.9999,0.0,0.0,0.0,3.191,1.25,6.475,0.23,11.366
img_000300.jpg,1,0,0.9997,0.0,0.0,0.0,3.016,0.502,6.578,0.21,10.507
img_000303.jpg,1,0,1.0,0.0,0.0,0.0,4.489,3.074,12.029,0.253,20.135
img_000306.jpg,1,0,0.9752,0.0,0.0,0.0,3.368,0.559,6.744,0.234,11.129
img_000309.jpg,1,0,1.0,0.0,0.0,0.0,3.033,0.494,8.695,0.244,12.731
img_000318.jpg,1,0,0.9999,0.0,0.0,0.0,3.928,0.514,6.64,0.216,11.522
img_000375.jpg,1,0,0.973,0.0,0.0,0.0,3.339,0.583,6.681,0.233,11.06
img_000378.jpg,1,1,0.9699,0.0,0.0,0.0,2.906,0.568,6.631,0.242,10.561
img_000381.jpg,1,0,0.9022,0.0,0.0,0.0,3.809,1.415,7.107,0.399,13.04
img_000384.jpg,1,1,0.9972,0.0,0.0,0.0,2.937,0.633,6.637,0.228,10.672
img_000387.jpg,1,1,0.9881,0.0,0.0,0.0,2.928,0.497,6.591,0.219,10.446
img_000390.jpg,1,1,0.9996,0.0,0.0,0.0,3.066,2.739,11.166,0.244,17.455
img_000393.jpg,1,1,0.9996,0.0,0.0,0.0,3.239,0.526,6.602,0.216,10.835
img_000396.jpg,1,1,0.9997,0.0,0.0,0.0,3.23,0.748,6.605,0.213,11.006
img_000399.jpg,1,1,0.9984,0.0,0.0,0.0,3.223,0.52,6.617,0.219,10.802
img_000402.jpg,1,1,0.9998,0.0,0.0,0.0,3.282,0.525,8.621,0.242,12.892
img_000405.jpg,1,1,0.9968,0.0,0.0,0.0,3.544,0.538,6.598,0.223,11.134
img_000408.jpg,1,1,0.999,0.0,0.0,0.0,4.174,0.529,6.595,0.218,11.739
img_000411.jpg,1,1,0.9997,0.0,0.0,0.0,4.318,3.07,6.731,0.274,14.636
img_000414.jpg,1,1,0.9997,0.0,0.0,0.0,4.583,3.06,6.69,0.249,14.807
img_000417.jpg,1,1,0.9996,0.0,0.0,0.0,4.44,0.831,6.74,0.24,12.488
img_000420.jpg,1,0,0.8996,0.0,0.0,0.0,2.962,0.518,6.626,0.221,10.544
img_000423.jpg,1,1,0.9894,0.0,0.0,0.0,5.57,3.081,7.802,0.224,16.908
img_000426.jpg,1,1,0.9946,0.0,0.0,0.0,3.356,0.531,6.671,0.207,10.991
img_000429.jpg,1,1,0.9997,0.0,0.0,0.0,2.955,0.506,6.639,0.21,10.524
img_000432.jpg,1,1,0.9989,0.0,0.0,0.0,2.964,0.587,6.697,0.245,10.719
img_000435.jpg,1,1,0.9895,0.0,0.0,0.0,3.678,0.566,6.678,0.262,11.415
img_000438.jpg,1,0,0.7623,0.0,0.0,0.0,2.984,0.55,6.653,0.229,10.676
img_000441.jpg,1,0,0.9998,0.0,0.0,0.0,2.973,0.505,6.675,0.229,10.599
img_000444.jpg,1,0,0.9999,0.0,0.0,0.0,2.997,0.502,6.7,0.25,10.668
img_000447.jpg,1,0,0.9997,0.0,0.0,0.0,2.987,0.515,7.57,0.226,11.517
img_000450.jpg,1,0,0.9999,0.0,0.0,0.0,3.591,0.514,6.587,0.216,11.122
img_000455.jpg,1,0,1.0,0.0,0.0,0.0,3.022,0.499,6.69,0.267,10.691
img_000459.jpg,1,0,1.0,0.0,0.0,0.0,2.984,0.51,6.607,0.22,10.528
img_000462.jpg,1,0,1.0,0.0,0.0,0.0,3.182,0.538,8.645,0.262,12.858
img_000465.jpg,1,0,0.9999,0.0,0.0,0.0,3.081,0.521,6.673,0.234,10.736
img_000468.jpg,1,0,0.9995,0.0,0.0,0.0,3.333,0.568,6.735,0.249,11.143
img_000474.jpg,1,0,0.9996,0.0,0.0,0.0,3.445,0.536,6.572,0.231,11.01
img_000477.jpg,1,0,0.9999,0.0,0.0,0.0,2.99,0.51,6.628,0.235,10.578
img_000480.jpg,1,0,1.0,0.0,0.0,0.0,3.033,0.556,8.679,0.253,12.745
img_000483.jpg,1,0,0.9999,0.0,0.0,0.0,3.636,0.529,6.69,0.238,11.319
img_000486.jpg,1,0,1.0,0.0,0.0,0.0,2.949,0.722,6.644,0.232,10.768
img_000489.jpg,1,0,1.0,0.0,0.0,0.0,2.908,0.518,6.6,0.223,10.462
img_000492.jpg,1,0,0.9999,0.0,0.0,0.0,5.187,0.764,10.973,0.286,17.444
img_000495.jpg,1,0,0.9999,0.0,0.0,0.0,3.408,1.481,6.648,0.217,11.972
img_000498.jpg,1,0,0.9999,0.0,0.0,0.0,3.347,0.52,6.618,0.248,10.954
img_000501.jpg,1,0,0.9999,0.0,0.0,0.0,2.926,0.513,6.612,0.217,10.482
img_000504.jpg,1,0,1.0,0.0,0.0,0.0,6.313,2.784,7.291,0.237,17.034
img_000507.jpg,1,0,1.0,0.0,0.0,0.0,2.981,0.502,6.634,0.22,10.554
img_000510.jpg,1,0,1.0,0.0,0.0,0.0,2.912,1.125,6.607,0.219,11.078
img_000516.jpg,1,0,1.0,0.0,0.0,0.0,4.081,2.824,6.48,0.223,13.828
img_000519.jpg,1,0,1.0,0.0,0.0,0.0,3.688,2.031,8.689,0.24,14.877
img_000522.jpg,1,0,0.9999,0.0,0.0,0.0,4.061,0.555,6.704,0.229,11.788
img_000525.jpg,1,0,0.9999,0.0,0.0,0.0,4.09,2.47,11.192,0.279,18.387
img_000528.jpg,1,0,1.0,0.0,0.0,0.0,3.67,1.477,6.664,0.213,12.25
img_000531.jpg,1,0,1.0,0.0,0.0,0.0,3.244,0.604,6.706,0.24,11.019
img_000534.jpg,1,0,0.9999,0.0,0.0,0.0,3.29,1.42,6.66,0.229,11.828
img_000537.jpg,1,0,1.0,0.0,0.0,0.0,4.558,3.474,10.836,0.242,19.424
img_000540.jpg,1,0,1.0,0.0,0.0,0.0,4.768,1.172,6.686,0.234,13.095
img_000543.jpg,1,0,0.9999,0.0,0.0,0.0,3.298,0.525,6.662,0.221,10.939
img_000546.jpg,1,0,0.9999,0.0,0.0,0.0,3.231,2.5,6.741,0.269,12.978
img_000549.jpg,1,0,1.0,0.0,0.0,0.0,3.609,0.568,6.692,0.227,11.326
img_000552.jpg,1,0,0.9999,0.0,0.0,0.0,3.202,0.569,6.668,0.222,10.947
img_000555.jpg,1,0,1.0,0.0,0.0,0.0,3.276,0.558,6.648,0.228,10.936
img_000558.jpg,1,0,0.9998,0.0,0.0,0.0,3.234,0.56,7.724,0.26,12.009
img_000580.jpg,1,0,1.0,0.0,0.0,0.0,3.266,0.57,6.647,0.249,10.956
img_000601.jpg,1,0,1.0,0.0,0.0,0.0,3.253,0.818,6.784,0.249,11.354
img_000604.jpg,1,0,1.0,0.0,0.0,0.0,4.059,2.84,7.333,0.422,14.961
img_000607.jpg,1,0,1.0,0.0,0.0,0.0,3.559,0.524,6.692,0.239,11.251
img_000610.jpg,1,0,1.0,0.0,0.0,0.0,3.273,0.521,6.701,0.234,10.959
img_000613.jpg,1,0,1.0,0.0,0.0,0.0,4.04,0.55,6.93,0.293,12.05
img_000712.jpg,1,0,0.9999,0.0,0.0,0.0,3.548,0.561,6.679,0.235,11.25
img_000715.jpg,1,0,1.0,0.0,0.0,0.0,3.407,0.907,8.668,0.237,13.453
img_000718.jpg,1,0,1.0,0.0,0.0,0.0,3.307,0.578,6.682,0.236,11.019
img_000721.jpg,1,0,1.0,0.0,0.0,0.0,3.26,0.519,6.635,0.225,10.862
img_000724.jpg,1,0,1.0,0.0,0.0,0.0,3.787,2.673,14.503,0.264,21.455
img_000727.jpg,1,0,1.0,0.0,0.0,0.0,3.703,0.783,6.721,0.237,11.673
img_000754.jpg,1,0,1.0,0.0,0.0,0.0,3.766,0.51,6.648,0.223,11.357
img_000757.jpg,1,0,1.0,0.0,0.0,0.0,4.087,1.548,10.4,0.238,16.509
img_000760.jpg,1,0,1.0,0.0,0.0,0.0,4.211,0.515,6.671,0.231,11.847
img_000763.jpg,1,0,1.0,0.0,0.0,0.0,3.191,0.5,6.701,0.235,10.846
img_000766.jpg,1,0,1.0,0.0,0.0,0.0,3.927,0.528,7.177,0.36,12.221
img_000769.jpg,1,0,1.0,0.0,0.0,0.0,2.941,0.514,6.666,0.231,10.571
img_000772.jpg,1,0,0.9999,0.0,0.0,0.0,3.965,1.513,13.303,0.395,19.423
img_000775.jpg,1,0,0.9999,0.0,0.0,0.0,3.918,0.505,6.679,0.229,11.556
img_000778.jpg,1,0,1.0,0.0,0.0,0.0,2.953,0.525,6.705,0.237,10.64
img_000793.jpg,1,0,1.0,0.0,0.0,0.0,3.06,0.567,6.696,0.232,10.764
img_000799.jpg,1,0,1.0,0.0,0.0,0.0,3.043,0.486,6.604,0.22,10.606
img_000811.jpg,1,0,1.0,0.0,0.0,0.0,3.294,0.524,6.769,0.241,11.049
img_000820.jpg,1,0,1.0,0.0,0.0,0.0,3.094,0.496,6.693,0.237,10.732
img_000829.jpg,1,0,1.0,0.0,0.0,0.0,3.07,0.522,6.69,0.248,10.748
img_000832.jpg,1,0,1.0,0.0,0.0,0.0,5.156,2.718,13.564,0.247,21.936
img_000835.jpg,1,0,1.0,0.0,0.0,0.0,3.399,0.519,6.701,0.24,11.077
img_000838.jpg,1,0,1.0,0.0,0.0,0.0,3.047,1.249,6.661,0.235,11.407
img_000841.jpg,1,0,1.0,0.0,0.0,0.0,3.225,0.618,6.671,0.24,10.97
img_000844.jpg,1,0,1.0,0.0,0.0,0.0,4.635,0.682,7.295,0.279,13.239
img_000856.jpg,1,0,1.0,0.0,0.0,0.0,5.27,1.48,7.185,0.288,14.527
img_000925.jpg,1,0,1.0,0.0,0.0,0.0,6.26,3.643,11.365,0.254,21.866
img_000928.jpg,1,0,1.0,0.0,0.0,0.0,4.36,0.532,6.699,0.234,12.045
img_000931.jpg,1,0,1.0,0.0,0.0,0.0,3.227,0.649,6.676,0.236,11.003
img_000934.jpg,1,0,0.9999,0.0,0.0,0.0,5.252,2.833,8.646,0.411,17.471
img_000937.jpg,1,0,0.9999,0.0,0.0,0.0,5.61,1.44,7.375,0.362,15.086
img_000940.jpg,1,0,0.9998,0.0,0.0,0.0,3.093,0.523,6.701,0.241,10.773
img_000943.jpg,1,0,1.0,0.0,0.0,0.0,3.976,2.03,7.178,0.233,13.65
img_000946.jpg,1,0,1.0,0.0,0.0,0.0,3.18,1.159,6.663,0.235,11.461
img_000949.jpg,1,0,1.0,0.0,0.0,0.0,3.274,1.188,13.053,0.255,17.986
img_000952.jpg,1,1,0.6137,0.0,0.0,0.0,3.533,0.542,6.936,0.376,11.605
img_000955.jpg,1,1,0.886,0.0,0.0,0.0,3.348,0.512,6.676,0.239,10.992
img_000958.jpg,1,1,0.956,0.0,0.0,0.0,3.285,0.547,6.647,0.232,10.921
img_000961.jpg,1,1,0.9993,0.0,0.0,0.0,4.636,1.904,8.299,0.239,15.314
img_000964.jpg,1,1,0.9999,0.0,0.0,0.0,7.226,0.725,7.29,0.247,15.796
img_000967.jpg,1,1,0.9998,0.0,0.0,0.0,3.104,0.539,6.689,0.243,10.797
img_000970.jpg,1,1,0.9991,0.0,0.0,0.0,5.335,3.372,12.094,0.255,21.525
img_000973.jpg,1,1,0.9999,0.0,0.0,0.0,3.328,0.518,6.738,0.234,11.035
img_000976.jpg,1,1,0.9949,0.0,0.0,0.0,3.037,0.499,6.875,0.236,10.852
img_000979.jpg,1,1,0.9999,0.0,0.0,0.0,3.562,0.537,6.686,0.235,11.24
img_000982.jpg,1,0,0.8289,0.0,0.0,0.0,3.078,0.856,6.66,0.227,11.038
img_000985.jpg,1,0,0.693,0.0,0.0,0.0,3.445,0.509,6.716,0.229,11.115
img_000988.jpg,1,0,0.9998,0.0,0.0,0.0,5.817,1.47,8.21,0.473,16.279
img_000991.jpg,1,1,0.9813,0.0,0.0,0.0,3.07,0.5,6.652,0.232,10.669
img_000994.jpg,1,1,0.9992,0.0,0.0,0.0,4.801,0.777,7.231,0.239,13.36
img_000997.jpg,1,1,0.8116,0.0,0.0,0.0,4.625,2.361,8.168,0.428,15.894
img_001000.jpg,1,1,0.9866,0.0,0.0,0.0,3.613,1.226,6.677,0.26,11.994
img_001003.jpg,1,1,0.9875,0.0,0.0,0.0,4.108,2.471,6.83,0.36,14.027
img_001006.jpg,1,1,0.986,0.0,0.0,0.0,5.386,2.742,8.785,0.593,17.879
img_001009.jpg,1,1,0.9956,0.0,0.0,0.0,4.277,1.292,7.247,0.377,13.499
img_001012.jpg,1,1,0.993,0.0,0.0,0.0,4.622,0.697,7.233,0.23,13.079
img_001015.jpg,1,1,0.9588,0.0,0.0,0.0,4.872,1.494,8.892,0.221,15.786
img_001018.jpg,1,1,0.9974,0.0,0.0,0.0,3.277,0.555,6.703,0.273,11.033
img_001021.jpg,1,1,0.9978,0.0,0.0,0.0,3.092,0.999,6.659,0.24,11.21
img_001024.jpg,1,1,0.9944,0.0,0.0,0.0,4.424,2.521,12.843,0.258,20.28
img_001027.jpg,1,1,0.9995,0.0,0.0,0.0,4.996,1.805,9.088,0.224,16.42
img_001030.jpg,1,1,0.9935,0.0,0.0,0.0,3.524,0.525,6.643,0.227,11.132
img_001033.jpg,1,0,0.7781,0.0,0.0,0.0,3.782,1.6,6.728,0.237,12.577
img_001036.jpg,1,1,0.9816,0.0,0.0,0.0,3.891,1.011,6.69,0.231,12.042
img_001042.jpg,1,0,1.0,0.0,0.0,0.0,4.885,2.527,7.476,0.293,15.468
img_001045.jpg,1,0,1.0,0.0,0.0,0.0,4.188,2.647,8.021,0.284,15.426
img_001048.jpg,1,0,0.9999,0.0,0.0,0.0,3.438,1.362,11.121,0.256,16.402
img_001051.jpg,1,0,1.0,0.0,0.0,0.0,3.514,0.54,6.666,0.233,11.169
img_001060.jpg,1,0,1.0,0.0,0.0,0.0,5.123,2.764,8.229,0.232,16.675
img_001162.jpg,1,1,0.9425,0.0,0.0,0.0,3.182,0.524,7.179,0.234,11.336
img_001165.jpg,1,0,0.9812,0.0,0.0,0.0,3.083,0.538,6.648,0.239,10.724
img_001168.jpg,1,0,0.9999,0.0,0.0,0.0,3.084,0.498,6.653,0.231,10.681
img_001171.jpg,1,0,1.0,0.0,0.0,0.0,3.1,0.489,6.656,0.229,10.685
img_001174.jpg,1,0,0.9999,0.0,0.0,0.0,3.254,0.537,6.698,0.269,10.98
img_001177.jpg,1,0,1.0,0.0,0.0,0.0,3.105,0.503,6.654,0.265,10.741
img_001180.jpg,1,0,0.9999,0.0,0.0,0.0,3.591,1.642,6.677,0.234,12.362
img_001183.jpg,1,0,0.9996,0.0,0.0,0.0,3.131,0.546,6.643,0.234,10.769
img_001186.jpg,1,0,0.9995,0.0,0.0,0.0,4.876,1.504,9.453,0.243,16.308
img_001189.jpg,1,0,0.9969,0.0,0.0,0.0,3.063,0.48,6.637,0.234,10.619
img_001192.jpg,1,0,0.9389,0.0,0.0,0.0,3.101,0.588,6.682,0.244,10.831
img_001195.jpg,1,0,0.7555,0.0,0.0,0.0,3.023,0.487,6.655,0.23,10.633
img_001198.jpg,1,1,0.721,0.0,0.0,0.0,3.02,0.528,6.61,0.216,10.578
img_001201.jpg,1,0,0.6978,0.0,0.0,0.0,3.976,2.657,6.82,0.259,13.946
img_001204.jpg,1,0,0.961,0.0,0.0,0.0,4.689,2.704,7.079,0.344,15.107
img_001207.jpg,1,0,0.7207,0.0,0.0,0.0,4.288,0.841,6.676,0.242,12.274
img_001210.jpg,1,1,0.9728,0.0,0.0,0.0,5.15,2.756,11.204,0.251,19.589
img_001213.jpg,1,0,0.5515,0.0,0.0,0.0,3.101,0.526,6.697,0.244,10.785
img_001216.jpg,1,1,0.8319,0.0,0.0,0.0,6.705,1.53,7.228,0.244,16.032
img_001219.jpg,1,0,0.8385,0.0,0.0,0.0,3.185,0.528,8.64,0.244,12.816
img_001222.jpg,1,0,0.9996,0.0,0.0,0.0,3.065,0.577,6.702,0.237,10.8
img_001225.jpg,1,0,0.9799,0.0,0.0,0.0,3.115,0.506,6.669,0.219,10.719
img_001228.jpg,1,0,0.9981,0.0,0.0,0.0,4.071,1.018,6.582,0.238,12.137
img_001231.jpg,1,0,0.9994,0.0,0.0,0.0,3.073,0.556,6.687,0.231,10.758
img_001234.jpg,1,0,0.9962,0.0,0.0,0.0,4.56,2.993,11.772,0.232,19.854
img_001237.jpg,1,0,0.5393,0.0,0.0,0.0,5.676,0.842,6.953,0.353,14.065
img_001240.jpg,1,0,0.9729,0.0,0.0,0.0,3.262,0.578,6.709,0.235,11.011
img_001243.jpg,1,0,0.9939,0.0,0.0,0.0,3.24,0.524,8.626,0.239,12.855
img_001246.jpg,1,0,0.879,0.0,0.0,0.0,3.316,0.763,6.678,0.232,11.217
img_001249.jpg,1,1,0.8993,0.0,0.0,0.0,3.215,0.582,6.699,0.237,10.964
img_001252.jpg,1,0,0.9999,0.0,0.0,0.0,4.415,0.603,6.605,0.25,12.108
img_001255.jpg,1,0,0.9999,0.0,0.0,0.0,3.248,0.528,6.667,0.226,10.899
img_001258.jpg,1,0,0.9999,0.0,0.0,0.0,3.605,0.539,6.669,0.234,11.278
img_001261.jpg,1,0,1.0,0.0,0.0,0.0,5.375,2.401,8.076,0.367,16.532
img_001264.jpg,1,0,1.0,0.0,0.0,0.0,3.009,0.497,6.606,0.217,10.541
img_001267.jpg,1,0,1.0,0.0,0.0,0.0,3.317,0.512,6.656,0.233,10.955
img_001270.jpg,1,0,1.0,0.0,0.0,0.0,2.987,0.546,8.721,0.238,12.714
img_001273.jpg,1,0,1.0,0.0,0.0,0.0,3.956,0.577,6.655,0.238,11.655
img_001276.jpg,1,0,1.0,0.0,0.0,0.0,2.964,1.517,6.803,0.271,11.782
img_001279.jpg,1,0,1.0,0.0,0.0,0.0,3.392,0.547,6.735,0.233,11.134
img_001282.jpg,1,0,1.0,0.0,0.0,0.0,2.995,0.553,6.729,0.244,10.75
img_001285.jpg,1,0,1.0,0.0,0.0,0.0,2.975,0.542,6.716,0.248,10.732
img_001288.jpg,1,0,1.0,0.0,0.0,0.0,3.047,0.802,6.705,0.239,11.018
img_001291.jpg,1,0,0.9999,0.0,0.0,0.0,2.954,0.555,6.662,0.236,10.626
img_001294.jpg,1,0,1.0,0.0,0.0,0.0,3.424,0.512,6.661,0.235,11.051
img_001297.jpg,1,0,1.0,0.0,0.0,0.0,3.379,0.512,6.646,0.234,11.02
img_001300.jpg,1,0,1.0,0.0,0.0,0.0,3.201,0.542,6.69,0.239,10.898
img_001303.jpg,1,0,1.0,0.0,0.0,0.0,2.972,0.51,6.66,0.236,10.59
img_001306.jpg,1,0,1.0,0.0,0.0,0.0,2.987,0.503,6.671,0.235,10.614
img_001309.jpg,1,0,1.0,0.0,0.0,0.0,3.233,1.18,7.158,0.447,12.328
img_001312.jpg,1,0,1.0,0.0,0.0,0.0,4.319,2.882,8.88,0.252,16.57
img_001315.jpg,1,0,1.0,0.0,0.0,0.0,5.25,1.147,6.658,0.235,13.523
img_001318.jpg,1,0,1.0,0.0,0.0,0.0,3.633,0.536,6.705,0.248,11.351
img_001321.jpg,1,0,1.0,0.0,0.0,0.0,3.233,0.766,6.692,0.242,11.166
img_001324.jpg,1,0,1.0,0.0,0.0,0.0,3.243,0.577,6.683,0.258,10.993
img_001327.jpg,1,0,1.0,0.0,0.0,0.0,3.294,1.128,6.678,0.235,11.573
img_001330.jpg,1,0,1.0,0.0,0.0,0.0,3.271,0.523,6.677,0.232,10.944
img_001333.jpg,1,0,0.9999,0.0,0.0,0.0,3.221,0.511,6.646,0.23,10.824
img_001336.jpg,1,0,1.0,0.0,0.0,0.0,3.313,0.724,6.773,0.248,11.291
img_001339.jpg,1,0,0.9979,0.0,0.0,0.0,3.387,0.854,6.724,0.244,11.448
img_001342.jpg,1,0,0.9998,0.0,0.0,0.0,3.542,0.607,6.733,0.252,11.373
img_001345.jpg,1,0,0.9999,0.0,0.0,0.0,3.316,0.566,6.773,0.243,11.131
img_001348.jpg,1,0,0.9999,0.0,0.0,0.0,3.268,0.794,7.39,0.243,11.931
img_001351.jpg,1,0,0.9999,0.0,0.0,0.0,3.48,0.854,6.678,0.273,11.516
img_001354.jpg,1,0,1.0,0.0,0.0,0.0,3.719,0.552,10.343,0.281,15.132
img_001357.jpg,1,0,1.0,0.0,0.0,0.0,3.308,0.52,6.683,0.238,10.967
img_001360.jpg,1,0,0.9999,0.0,0.0,0.0,3.628,0.613,6.717,0.241,11.433
img_001363.jpg,1,0,0.9999,0.0,0.0,0.0,3.655,0.679,6.658,0.235,11.459
img_001366.jpg,1,0,1.0,0.0,0.0,0.0,3.259,0.569,7.086,0.235,11.386
img_001369.jpg,1,0,0.9997,0.0,0.0,0.0,3.262,0.581,6.692,0.229,10.99
img_001372.jpg,1,0,1.0,0.0,0.0,0.0,3.544,2.599,6.665,0.234,13.263
img_001375.jpg,1,1,0.9686,0.0,0.0,0.0,3.606,0.547,6.661,0.236,11.276
img_001378.jpg,1,1,0.8968,0.0,0.0,0.0,3.523,0.54,6.86,0.232,11.383
img_001381.jpg,1,1,0.9505,0.0,0.0,0.0,3.273,0.53,6.675,0.23,10.933
img_001384.jpg,1,0,0.9956,0.0,0.0,0.0,3.277,0.526,6.603,0.226,10.858
img_001387.jpg,1,0,0.9335,0.0,0.0,0.0,3.561,0.585,6.667,0.24,11.287
img_001390.jpg,1,0,0.6501,0.0,0.0,0.0,3.242,0.53,6.619,0.224,10.838
img_001393.jpg,1,1,0.904,0.0,0.0,0.0,3.413,0.557,6.723,0.277,11.205
img_001396.jpg,1,0,0.9867,0.0,0.0,0.0,3.234,0.584,6.696,0.235,10.986
img_001402.jpg,1,1,0.5776,0.0,0.0,0.0,4.241,0.566,6.773,0.252,12.066
img_001405.jpg,1,0,0.9965,0.0,0.0,0.0,3.777,0.531,6.736,0.234,11.495
img_001408.jpg,1,0,0.7447,0.0,0.0,0.0,3.497,0.733,8.731,0.236,13.45
img_001411.jpg,1,0,0.9873,0.0,0.0,0.0,3.338,0.507,6.648,0.229,10.94
img_001414.jpg,1,0,0.9994,0.0,0.0,0.0,2.993,0.568,6.672,0.237,10.689
img_001417.jpg,1,0,0.9916,0.0,0.0,0.0,3.004,0.514,6.682,0.241,10.663
img_001438.jpg,1,0,1.0,0.0,0.0,0.0,3.945,1.87,6.671,0.233,12.937
img_001441.jpg,1,0,1.0,0.0,0.0,0.0,5.694,3.13,7.958,0.257,17.422
img_001444.jpg,1,0,1.0,0.0,0.0,0.0,5.326,1.302,7.563,0.364,14.859
img_001447.jpg,1,0,0.9999,0.0,0.0,0.0,3.143,0.53,6.682,0.234,10.801
img_001450.jpg,1,0,1.0,0.0,0.0,0.0,3.93,1.291,6.905,0.349,12.692
img_001453.jpg,1,0,1.0,0.0,0.0,0.0,3.44,0.509,6.697,0.238,11.097
img_001456.jpg,1,0,1.0,0.0,0.0,0.0,4.408,0.753,6.716,0.263,12.359
img_001459.jpg,1,0,1.0,0.0,0.0,0.0,3.63,0.519,6.693,0.275,11.335
img_001462.jpg,1,0,1.0,0.0,0.0,0.0,3.549,0.523,6.695,0.242,11.282
img_001465.jpg,1,0,1.0,0.0,0.0,0.0,3.427,0.486,6.662,0.246,11.03
img_001468.jpg,1,0,0.9999,0.0,0.0,0.0,3.485,0.551,6.68,0.265,11.2
img_001471.jpg,1,0,1.0,0.0,0.0,0.0,5.695,0.603,6.941,0.355,13.825
img_001474.jpg,1,0,1.0,0.0,0.0,0.0,2.995,0.51,6.67,0.237,10.633
img_001477.jpg,1,0,1.0,0.0,0.0,0.0,3.082,0.602,6.783,0.267,10.964
img_001480.jpg,1,0,0.9999,0.0,0.0,0.0,2.95,0.504,6.702,0.235,10.611
img_001483.jpg,1,0,1.0,0.0,0.0,0.0,4.21,0.702,8.326,0.454,14.009
img_001486.jpg,1,0,1.0,0.0,0.0,0.0,2.932,0.581,6.68,0.238,10.651
img_001489.jpg,1,0,1.0,0.0,0.0,0.0,2.968,0.517,6.729,0.239,10.675
img_001492.jpg,1,0,1.0,0.0,0.0,0.0,4.67,0.955,8.639,0.239,14.744
img_001495.jpg,1,0,1.0,0.0,0.0,0.0,3.378,0.555,6.674,0.235,11.101
img_001498.jpg,1,0,1.0,0.0,0.0,0.0,3.322,0.564,6.749,0.233,11.092
img_001501.jpg,1,0,1.0,0.0,0.0,0.0,3.344,0.518,6.71,0.235,11.029
img_001504.jpg,1,0,1.0,0.0,0.0,0.0,3.402,0.522,6.688,0.233,11.068
img_001507.jpg,1,0,1.0,0.0,0.0,0.0,3.36,0.522,6.683,0.241,11.029
img_001510.jpg,1,0,1.0,0.0,0.0,0.0,3.438,0.512,7.335,0.241,11.752
img_001513.jpg,1,0,1.0,0.0,0.0,0.0,2.942,0.559,6.664,0.235,10.62
img_001516.jpg,1,0,1.0,0.0,0.0,0.0,2.934,0.529,6.624,0.224,10.528
img_001519.jpg,1,0,1.0,0.0,0.0,0.0,5.012,0.846,9.087,0.244,15.507
img_001522.jpg,1,0,1.0,0.0,0.0,0.0,2.941,0.692,6.606,0.221,10.675
img_001525.jpg,1,0,1.0,0.0,0.0,0.0,3.039,0.703,6.593,0.24,10.793
img_001528.jpg,1,0,1.0,0.0,0.0,0.0,4.065,1.108,6.569,0.239,12.218
img_001531.jpg,1,0,1.0,0.0,0.0,0.0,3.553,1.58,7.363,0.238,13.07
img_001534.jpg,1,0,1.0,0.0,0.0,0.0,4.383,0.518,8.96,0.33,14.42
img_001537.jpg,1,0,1.0,0.0,0.0,0.0,3.092,1.042,6.7,0.26,11.307
img_001540.jpg,1,0,1.0,0.0,0.0,0.0,3.217,0.536,6.73,0.241,10.943
img_001543.jpg,1,0,1.0,0.0,0.0,0.0,4.507,2.785,11.556,0.43,19.6
img_001546.jpg,1,0,1.0,0.0,0.0,0.0,3.198,0.544,6.657,0.234,10.853
img_001549.jpg,1,0,1.0,0.0,0.0,0.0,2.997,0.547,6.6,0.224,10.573
img_001552.jpg,1,0,1.0,0.0,0.0,0.0,4.605,3.678,10.62,0.245,19.525
img_001555.jpg,1,0,1.0,0.0,0.0,0.0,4.5,2.746,7.236,0.39,15.177
img_001558.jpg,1,0,1.0,0.0,0.0,0.0,7.296,1.461,7.189,0.24,16.496
img_001561.jpg,1,0,1.0,0.0,0.0,0.0,4.066,0.917,9.157,0.37,14.794
img_001564.jpg,1,0,1.0,0.0,0.0,0.0,5.205,0.895,7.123,0.228,13.758
img_001567.jpg,1,0,1.0,0.0,0.0,0.0,4.742,1.093,6.657,0.242,12.961
img_001570.jpg,1,0,1.0,0.0,0.0,0.0,3.013,0.492,6.735,0.237,10.683
img_001573.jpg,1,0,1.0,0.0,0.0,0.0,5.659,1.23,7.239,0.241,14.664
img_001576.jpg,1,0,1.0,0.0,0.0,0.0,5.421,3.098,12.182,0.265,21.273
img_001579.jpg,1,0,1.0,0.0,0.0,0.0,5.135,1.273,7.184,0.316,14.194
img_001582.jpg,1,0,1.0,0.0,0.0,0.0,3.074,0.555,6.673,0.239,10.757
img_001585.jpg,1,0,1.0,0.0,0.0,0.0,3.815,1.844,6.566,0.24,12.687
img_001588.jpg,1,0,1.0,0.0,0.0,0.0,4.075,1.437,6.663,0.238,12.629
img_001591.jpg,1,0,1.0,0.0,0.0,0.0,3.24,0.535,6.679,0.24,10.916
img_001594.jpg,1,0,1.0,0.0,0.0,0.0,4.778,1.521,8.708,0.233,15.463
img_001597.jpg,1,0,1.0,0.0,0.0,0.0,4.815,0.816,7.151,0.217,13.311
img_001600.jpg,1,0,1.0,0.0,0.0,0.0,3.47,0.58,6.754,0.245,11.273
img_001603.jpg,1,0,1.0,0.0,0.0,0.0,5.033,1.667,12.886,0.261,20.084
img_001606.jpg,1,0,1.0,0.0,0.0,0.0,3.122,1.746,9.258,0.25,14.616
img_001609.jpg,1,0,1.0,0.0,0.0,0.0,4.862,1.348,6.685,0.244,13.398
img_001612.jpg,1,0,1.0,0.0,0.0,0.0,4.111,1.422,7.171,0.375,13.374
img_001615.jpg,1,0,1.0,0.0,0.0,0.0,3.078,1.035,6.655,0.219,11.2
img_001618.jpg,1,0,1.0,0.0,0.0,0.0,3.103,0.524,8.342,0.257,12.448
img_001621.jpg,1,0,1.0,0.0,0.0,0.0,3.275,0.563,6.634,0.216,10.905
img_001624.jpg,1,0,1.0,0.0,0.0,0.0,3.145,0.525,6.701,0.237,10.819
img_001627.jpg,1,0,1.0,0.0,0.0,0.0,3.707,2.386,6.696,0.241,13.255
img_001630.jpg,1,0,1.0,0.0,0.0,0.0,3.824,2.993,7.159,0.298,14.556
img_001633.jpg,1,0,1.0,0.0,0.0,0.0,4.076,0.798,6.62,0.206,11.913
img_001636.jpg,1,0,1.0,0.0,0.0,0.0,4.085,1.875,6.683,0.245,13.111
img_001639.jpg,1,0,1.0,0.0,0.0,0.0,3.874,0.788,7.261,0.215,12.421
img_001642.jpg,1,0,1.0,0.0,0.0,0.0,3.042,0.5,6.652,0.215,10.618
img_001645.jpg,1,0,1.0,0.0,0.0,0.0,4.387,1.406,6.72,0.244,12.978
img_001648.jpg,1,0,1.0,0.0,0.0,0.0,5.545,0.692,7.253,0.217,14.0
img_001651.jpg,1,0,1.0,0.0,0.0,0.0,3.819,1.236,6.712,0.243,12.232
img_001654.jpg,1,0,1.0,0.0,0.0,0.0,4.462,3.231,7.178,0.359,15.534
img_001657.jpg,1,0,1.0,0.0,0.0,0.0,4.675,3.16,7.223,0.365,15.73
img_001660.jpg,1,0,1.0,0.0,0.0,0.0,7.015,2.819,6.736,0.293,17.1
img_001663.jpg,1,0,1.0,0.0,0.0,0.0,5.511,1.399,7.301,0.357,14.862
img_001666.jpg,1,0,0.9992,0.0,0.0,0.0,3.041,0.539,6.631,0.234,10.66
img_001669.jpg,1,0,0.9988,0.0,0.0,0.0,5.476,3.074,9.797,0.442,19.08
img_001672.jpg,1,0,0.9999,0.0,0.0,0.0,4.214,0.821,6.616,0.221,12.085
img_001675.jpg,1,0,0.9992,0.0,0.0,0.0,3.429,0.516,6.665,0.238,11.065
img_001678.jpg,1,0,0.9328,0.0,0.0,0.0,3.597,0.5,6.66,0.238,11.211
img_001681.jpg,1,0,0.9986,0.0,0.0,0.0,3.192,0.529,6.758,0.238,10.938
img_001684.jpg,1,0,0.9994,0.0,0.0,0.0,3.078,0.524,6.718,0.233,10.769
img_001687.jpg,1,0,0.9996,0.0,0.0,0.0,3.143,0.506,6.728,0.24,10.833
img_001690.jpg,1,0,0.9976,0.0,0.0,0.0,3.054,0.547,6.612,0.273,10.697
img_001693.jpg,1,0,0.9992,0.0,0.0,0.0,5.613,2.789,7.679,0.31,16.774
img_001696.jpg,1,0,0.9998,0.0,0.0,0.0,3.171,0.522,6.739,0.239,10.884
img_001699.jpg,1,0,0.9996,0.0,0.0,0.0,3.549,0.522,6.629,0.237,11.184
img_001702.jpg,1,0,0.9983,0.0,0.0,0.0,3.093,0.516,6.611,0.259,10.687
img_001705.jpg,1,0,0.9943,0.0,0.0,0.0,4.137,0.73,7.123,0.369,12.652
img_001708.jpg,1,0,0.9999,0.0,0.0,0.0,3.249,0.576,6.693,0.244,10.981
img_001711.jpg,1,0,0.9988,0.0,0.0,0.0,3.437,0.555,6.644,0.235,11.085
img_001714.jpg,1,0,0.9954,0.0,0.0,0.0,4.563,0.678,7.247,0.231,13.015
img_001717.jpg,1,0,0.9994,0.0,0.0,0.0,3.088,0.689,6.663,0.209,10.857
img_001720.jpg,1,0,0.9985,0.0,0.0,0.0,2.998,2.508,6.572,0.212,12.499
img_001723.jpg,1,0,0.9976,0.0,0.0,0.0,3.225,0.669,6.646,0.233,10.986
img_001726.jpg,1,0,0.9989,0.0,0.0,0.0,3.198,0.482,6.656,0.218,10.795
img_001729.jpg,1,0,0.7668,0.0,0.0,0.0,5.184,1.162,11.372,0.221,18.236
img_001732.jpg,1,0,0.9994,0.0,0.0,0.0,3.311,0.5,6.6,0.254,10.866
img_001735.jpg,1,0,1.0,0.0,0.0,0.0,4.007,2.634,11.847,0.242,18.976
img_001738.jpg,1,0,1.0,0.0,0.0,0.0,3.178,0.524,6.643,0.216,10.765
img_001741.jpg,1,0,0.9999,0.0,0.0,0.0,3.134,0.514,6.678,0.242,10.78
img_001744.jpg,1,0,0.9999,0.0,0.0,0.0,3.573,0.497,6.664,0.232,11.186
img_001747.jpg,1,0,0.9994,0.0,0.0,0.0,3.094,0.492,6.692,0.23,10.72
img_001750.jpg,1,0,0.9999,0.0,0.0,0.0,3.755,1.29,7.09,0.348,12.759
img_001753.jpg,1,0,1.0,0.0,0.0,0.0,2.997,2.186,10.584,0.244,16.223
img_001756.jpg,1,0,0.9995,0.0,0.0,0.0,4.044,0.815,6.646,0.233,11.961
img_001759.jpg,1,0,1.0,0.0,0.0,0.0,3.613,2.23,7.339,0.246,13.738
img_001762.jpg,1,0,0.9999,0.0,0.0,0.0,3.913,0.53,6.669,0.233,11.567
img_001765.jpg,1,0,1.0,0.0,0.0,0.0,4.464,0.72,7.257,0.229,12.973
img_001768.jpg,1,0,0.9999,0.0,0.0,0.0,3.13,0.494,6.665,0.233,10.738
img_001771.jpg,1,0,0.9993,0.0,0.0,0.0,3.382,0.526,6.715,0.235,11.079
img_001774.jpg,1,0,0.9994,0.0,0.0,0.0,3.095,0.499,6.662,0.283,10.753
img_001777.jpg,1,0,0.9999,0.0,0.0,0.0,4.362,2.732,9.814,0.241,17.463
img_001780.jpg,1,0,0.9999,0.0,0.0,0.0,4.167,1.886,6.672,0.232,13.178
img_001783.jpg,1,0,0.9999,0.0,0.0,0.0,3.129,0.517,9.812,0.249,13.919
img_001786.jpg,1,0,1.0,0.0,0.0,0.0,3.028,0.501,6.692,0.234,10.715
img_001789.jpg,1,0,1.0,0.0,0.0,0.0,3.632,1.574,7.187,0.23,12.926
img_001792.jpg,1,0,0.9999,0.0,0.0,0.0,4.448,1.672,7.06,0.224,13.712
img_001795.jpg,1,0,0.9997,0.0,0.0,0.0,3.411,0.664,6.716,0.249,11.265
img_001798.jpg,1,0,1.0,0.0,0.0,0.0,3.602,0.522,6.612,0.217,11.19
img_001801.jpg,1,0,0.9998,0.0,0.0,0.0,3.598,2.521,10.203,0.243,16.826
img_001804.jpg,1,0,0.9998,0.0,0.0,0.0,4.022,2.817,7.136,0.348,14.617
img_001807.jpg,1,0,0.9995,0.0,0.0,0.0,3.876,2.671,7.159,0.351,14.352
img_001810.jpg,1,0,0.9998,0.0,0.0,0.0,3.429,0.522,6.667,0.234,11.071
img_001813.jpg,1,0,0.9998,0.0,0.0,0.0,3.161,0.516,6.653,0.256,10.803
img_001816.jpg,1,0,1.0,0.0,0.0,0.0,3.602,2.11,6.644,0.233,12.807
img_001819.jpg,1,0,1.0,0.0,0.0,0.0,4.184,2.633,7.347,0.365,14.822
img_001822.jpg,1,0,1.0,0.0,0.0,0.0,3.153,0.523,6.665,0.264,10.822
img_001825.jpg,1,0,1.0,0.0,0.0,0.0,4.941,1.018,7.446,0.245,13.975
img_001828.jpg,1,0,1.0,0.0,0.0,0.0,3.925,1.002,7.211,0.222,12.699
img_001831.jpg,1,0,1.0,0.0,0.0,0.0,3.429,0.587,6.591,0.216,11.025
img_001834.jpg,1,0,0.9999,0.0,0.0,0.0,3.281,0.495,6.582,0.214,10.779
img_001837.jpg,1,0,0.9946,0.0,0.0,0.0,4.617,0.727,7.093,0.217,12.94
img_001840.jpg,1,0,0.9997,0.0,0.0,0.0,3.361,0.526,6.709,0.271,11.085
img_001843.jpg,1,0,0.9963,0.0,0.0,0.0,3.129,0.49,6.704,0.24,10.773
img_001846.jpg,1,0,0.9986,0.0,0.0,0.0,3.407,0.585,6.679,0.239,11.124
img_001849.jpg,1,0,0.9987,0.0,0.0,0.0,3.324,0.5,11.892,0.255,16.179
img_001852.jpg,1,0,0.9896,0.0,0.0,0.0,3.262,0.87,6.596,0.238,11.17
img_001855.jpg,1,0,0.9667,0.0,0.0,0.0,3.304,0.507,6.617,0.216,10.85
img_001858.jpg,1,0,0.9956,0.0,0.0,0.0,4.64,1.463,12.021,0.272,18.614
img_001861.jpg,1,0,0.9971,0.0,0.0,0.0,3.092,0.544,6.669,0.236,10.756
img_001864.jpg,1,0,0.9772,0.0,0.0,0.0,3.076,0.493,6.665,0.232,10.677
img_001867.jpg,1,1,0.8847,0.0,0.0,0.0,3.213,0.508,6.665,0.234,10.866
img_001870.jpg,1,0,0.9918,0.0,0.0,0.0,3.08,0.51,6.689,0.234,10.732
img_001873.jpg,1,0,0.9978,0.0,0.0,0.0,3.013,0.551,6.668,0.237,10.679
img_001876.jpg,1,0,0.9569,0.0,0.0,0.0,3.046,0.502,8.788,0.242,12.795
img_001879.jpg,1,0,0.9894,0.0,0.0,0.0,3.207,0.519,6.747,0.23,10.922
img_001882.jpg,1,0,0.9987,0.0,0.0,0.0,3.6,0.535,6.674,0.234,11.263
img_001885.jpg,1,0,0.9986,0.0,0.0,0.0,3.081,0.513,6.717,0.234,10.759
img_001888.jpg,1,0,0.9995,0.0,0.0,0.0,3.487,0.56,6.666,0.234,11.165
img_001891.jpg,1,0,0.9999,0.0,0.0,0.0,3.11,0.513,6.685,0.237,10.762
img_001894.jpg,1,0,1.0,0.0,0.0,0.0,3.141,0.507,6.681,0.24,10.79
img_001897.jpg,1,0,0.9999,0.0,0.0,0.0,3.337,2.639,6.694,0.245,13.138
img_001900.jpg,1,0,0.9999,0.0,0.0,0.0,3.338,0.557,6.667,0.25,11.035
img_001903.jpg,1,0,0.9996,0.0,0.0,0.0,3.183,0.871,7.191,0.37,11.906
img_001906.jpg,1,0,0.9996,0.0,0.0,0.0,4.065,3.025,11.276,0.244,18.912
img_001909.jpg,1,0,0.9998,0.0,0.0,0.0,4.662,0.795,7.182,0.34,13.266
img_001912.jpg,1,0,0.9999,0.0,0.0,0.0,3.382,0.584,6.703,0.238,11.123
img_001915.jpg,1,0,1.0,0.0,0.0,0.0,3.481,0.51,6.913,0.234,11.345
img_001918.jpg,1,0,0.9999,0.0,0.0,0.0,3.528,0.504,6.838,0.233,11.31
img_001921.jpg,1,0,1.0,0.0,0.0,0.0,3.367,0.515,6.918,0.236,11.25
img_001924.jpg,1,0,0.9999,0.0,0.0,0.0,3.145,0.508,6.702,0.232,10.804
img_001927.jpg,1,0,1.0,0.0,0.0,0.0,3.055,0.496,6.689,0.233,10.684
img_001930.jpg,1,0,0.9971,0.0,0.0,0.0,4.412,2.336,6.701,0.238,13.914
img_001933.jpg,1,0,0.9977,0.0,0.0,0.0,3.967,1.374,6.696,0.243,12.505
img_001936.jpg,1,0,0.9996,0.0,0.0,0.0,4.798,2.194,6.753,0.279,14.258
img_001939.jpg,1,0,0.9954,0.0,0.0,0.0,4.682,2.825,10.47,0.245,18.487
img_001942.jpg,1,1,0.7837,0.0,0.0,0.0,3.937,0.762,6.676,0.235,11.836
img_001945.jpg,1,0,0.8008,0.0,0.0,0.0,3.868,0.654,9.29,0.453,14.566
img_001948.jpg,1,1,0.801,0.0,0.0,0.0,2.95,0.506,6.693,0.242,10.612
img_001951.jpg,1,0,0.9891,0.0,0.0,0.0,2.983,0.519,6.705,0.232,10.662
img_001954.jpg,1,0,0.9443,0.0,0.0,0.0,4.155,2.711,7.474,0.527,15.189
img_001957.jpg,1,0,0.9995,0.0,0.0,0.0,6.136,2.771,7.225,0.528,16.912
img_001960.jpg,1,0,0.9991,0.0,0.0,0.0,7.257,1.681,6.756,0.266,16.194
img_001963.jpg,1,0,0.9992,0.0,0.0,0.0,4.719,0.846,7.026,0.426,13.254
img_001966.jpg,1,0,0.9997,0.0,0.0,0.0,5.06,2.476,7.308,0.248,15.415
img_001969.jpg,1,0,0.6434,0.0,0.0,0.0,5.266,2.212,7.425,0.239,15.456
img_001972.jpg,1,1,0.7691,0.0,0.0,0.0,5.309,0.736,7.886,0.495,14.766
img_001975.jpg,1,0,0.9933,0.0,0.0,0.0,4.148,0.512,6.672,0.236,11.793
img_001978.jpg,1,0,0.9755,0.0,0.0,0.0,3.335,0.599,6.669,0.24,11.066
img_001981.jpg,1,0,0.9858,0.0,0.0,0.0,5.149,3.155,12.402,0.258,21.346
img_001984.jpg,1,0,0.6842,0.0,0.0,0.0,6.279,0.727,7.257,0.236,14.805
img_001987.jpg,1,0,0.8235,0.0,0.0,0.0,3.28,0.522,6.684,0.273,10.984
img_001990.jpg,1,0,0.999,0.0,0.0,0.0,3.793,0.804,6.8,0.354,11.983
img_001993.jpg,1,0,0.9498,0.0,0.0,0.0,3.089,0.611,6.694,0.246,10.866
img_001996.jpg,1,0,0.9995,0.0,0.0,0.0,3.108,0.496,6.608,0.218,10.633
img_001999.jpg,1,0,1.0,0.0,0.0,0.0,3.142,0.594,6.813,0.244,11.014
img_002002.jpg,1,0,1.0,0.0,0.0,0.0,3.118,0.568,6.694,0.239,10.836
img_002005.jpg,1,0,1.0,0.0,0.0,0.0,3.112,0.525,6.701,0.237,10.825
img_002008.jpg,1,0,1.0,0.0,0.0,0.0,3.258,0.52,6.695,0.239,10.935
img_002011.jpg,1,0,1.0,0.0,0.0,0.0,3.167,0.519,6.66,0.231,10.797
img_002014.jpg,1,0,1.0,0.0,0.0,0.0,4.844,2.051,7.213,0.234,14.646
img_002017.jpg,1,0,1.0,0.0,0.0,0.0,4.503,1.719,6.965,0.362,13.788
img_002020.jpg,1,0,1.0,0.0,0.0,0.0,2.971,0.554,6.678,0.236,10.661
img_002023.jpg,1,0,1.0,0.0,0.0,0.0,3.93,1.897,12.223,0.247,18.628
img_002026.jpg,1,0,1.0,0.0,0.0,0.0,3.356,0.518,6.664,0.234,10.994
img_002029.jpg,1,0,1.0,0.0,0.0,0.0,2.97,0.617,6.668,0.27,10.754
img_002032.jpg,1,0,0.9999,0.0,0.0,0.0,4.728,1.412,7.64,0.455,14.511
img_002035.jpg,1,0,1.0,0.0,0.0,0.0,7.267,1.44,7.234,0.239,16.499
img_002038.jpg,1,0,1.0,0.0,0.0,0.0,4.607,0.795,7.29,0.27,13.352
img_002041.jpg,1,0,1.0,0.0,0.0,0.0,4.679,1.874,11.311,0.223,18.303
img_002044.jpg,1,0,1.0,0.0,0.0,0.0,5.531,1.256,6.68,0.233,13.92
img_002047.jpg,1,0,1.0,0.0,0.0,0.0,5.149,2.063,7.33,0.26,15.144
img_002050.jpg,1,0,1.0,0.0,0.0,0.0,4.493,0.669,7.482,0.42,13.412
img_002053.jpg,1,0,1.0,0.0,0.0,0.0,3.539,0.522,6.685,0.238,11.214
img_002056.jpg,1,0,1.0,0.0,0.0,0.0,6.016,4.368,13.698,0.27,24.601
img_002059.jpg,1,0,1.0,0.0,0.0,0.0,4.397,0.983,6.682,0.239,12.531
img_002062.jpg,1,0,1.0,0.0,0.0,0.0,3.685,0.529,6.718,0.236,11.404
img_002065.jpg,1,0,0.9999,0.0,0.0,0.0,3.609,0.592,6.57,0.246,11.233
img_002068.jpg,1,0,0.9997,0.0,0.0,0.0,4.087,0.524,6.669,0.235,11.735
img_002071.jpg,1,0,0.9999,0.0,0.0,0.0,3.585,0.523,6.672,0.273,11.264
img_002074.jpg,1,0,0.9997,0.0,0.0,0.0,4.114,1.489,9.579,0.252,15.691
img_002077.jpg,1,0,0.9999,0.0,0.0,0.0,3.867,0.547,6.665,0.219,11.554
img_002080.jpg,1,0,1.0,0.0,0.0,0.0,3.297,0.825,6.682,0.237,11.265
img_002083.jpg,1,0,0.9979,0.0,0.0,0.0,6.018,2.653,9.192,0.302,18.475
img_002086.jpg,1,0,0.9998,0.0,0.0,0.0,3.637,0.518,6.638,0.221,11.241
img_002089.jpg,1,0,0.9617,0.0,0.0,0.0,3.737,2.751,6.786,0.269,13.783
img_002092.jpg,1,0,0.9803,0.0,0.0,0.0,4.251,0.55,6.683,0.231,11.951
img_002095.jpg,1,1,0.9993,0.0,0.0,0.0,3.666,0.583,6.755,0.25,11.496
img_002098.jpg,1,1,0.9995,0.0,0.0,0.0,3.272,0.529,9.929,0.273,14.234
img_002101.jpg,1,0,0.8462,0.0,0.0,0.0,4.196,0.529,6.674,0.24,11.868
img_002104.jpg,1,1,0.9395,0.0,0.0,0.0,3.429,0.595,6.71,0.238,11.213
img_002107.jpg,1,1,0.9794,0.0,0.0,0.0,4.434,2.657,7.423,0.239,14.99
img_002110.jpg,1,1,0.986,0.0,0.0,0.0,3.647,0.532,6.715,0.232,11.355
img_002113.jpg,1,0,0.9575,0.0,0.0,0.0,3.459,0.541,6.687,0.246,11.166
img_002116.jpg,1,1,0.9341,0.0,0.0,0.0,4.086,2.471,6.665,0.23,13.676
img_002119.jpg,1,1,0.9238,0.0,0.0,0.0,4.592,1.434,6.692,0.241,13.189
img_002122.jpg,1,0,0.9694,0.0,0.0,0.0,3.271,0.546,6.698,0.236,10.984
img_002125.jpg,1,1,0.9983,0.0,0.0,0.0,3.627,0.728,6.725,0.248,11.551
img_002128.jpg,1,1,0.994,0.0,0.0,0.0,3.292,0.567,6.716,0.239,11.046
img_002131.jpg,1,1,0.9876,0.0,0.0,0.0,4.298,0.751,8.218,0.48,14.072
img_002134.jpg,1,1,0.5011,0.0,0.0,0.0,3.289,0.554,6.686,0.237,10.999
img_002137.jpg,1,1,0.9451,0.0,0.0,0.0,3.302,0.529,6.689,0.242,10.992
img_002140.jpg,1,1,0.9996,0.0,0.0,0.0,3.297,0.528,7.446,0.232,11.732
img_002143.jpg,1,1,0.9997,0.0,0.0,0.0,3.317,0.565,6.596,0.229,10.929
img_002146.jpg,1,1,0.9902,0.0,0.0,0.0,3.24,0.525,6.676,0.232,10.901
img_002149.jpg,1,1,0.7758,0.0,0.0,0.0,3.259,0.57,6.676,0.234,10.969
img_002152.jpg,1,1,0.9998,0.0,0.0,0.0,3.259,0.524,6.666,0.232,10.936
img_002155.jpg,1,1,0.9961,0.0,0.0,0.0,3.348,0.57,6.78,0.248,11.183
img_002158.jpg,1,1,0.9999,0.0,0.0,0.0,3.271,1.015,6.715,0.238,11.46
img_002161.jpg,1,1,0.9995,0.0,0.0,0.0,4.335,0.801,6.711,0.235,12.303
img_002164.jpg,1,1,0.9999,0.0,0.0,0.0,3.58,0.563,6.771,0.247,11.388
img_002167.jpg,1,1,0.9998,0.0,0.0,0.0,3.076,0.513,6.696,0.235,10.787
img_002170.jpg,1,1,1.0,0.0,0.0,0.0,3.209,0.525,6.698,0.236,10.888
img_002173.jpg,1,1,0.9999,0.0,0.0,0.0,4.529,3.211,9.889,0.26,18.242
img_002176.jpg,1,0,0.9516,0.0,0.0,0.0,3.046,0.513,6.718,0.236,10.742
img_002179.jpg,1,1,0.6741,0.0,0.0,0.0,3.582,0.592,6.649,0.24,11.291
img_002182.jpg,1,1,0.7246,0.0,0.0,0.0,2.967,0.523,6.671,0.234,10.617
img_002185.jpg,1,1,0.6746,0.0,0.0,0.0,2.998,0.502,6.663,0.235,10.617
img_002188.jpg,1,1,0.8757,0.0,0.0,0.0,2.934,0.595,6.668,0.233,10.655
img_002191.jpg,1,0,0.9595,0.0,0.0,0.0,2.983,0.5,6.659,0.235,10.595
img_002194.jpg,1,0,0.8595,0.0,0.0,0.0,2.977,0.536,6.631,0.212,10.581
img_002197.jpg,1,0,0.702,0.0,0.0,0.0,3.043,0.867,6.741,0.243,11.126
img_002200.jpg,1,0,0.9175,0.0,0.0,0.0,3.044,0.585,6.66,0.273,10.782
img_002203.jpg,1,1,0.9839,0.0,0.0,0.0,2.953,0.502,6.653,0.263,10.59
img_002206.jpg,1,1,0.6103,0.0,0.0,0.0,3.011,0.556,6.7,0.242,10.742
img_002209.jpg,1,1,0.8861,0.0,0.0,0.0,3.21,0.54,6.62,0.23,10.816
img_002212.jpg,1,1,0.9909,0.0,0.0,0.0,3.418,0.514,6.65,0.232,11.039
img_002215.jpg,1,1,0.9985,0.0,0.0,0.0,4.01,2.492,11.179,0.29,18.203
img_002218.jpg,1,1,0.9958,0.0,0.0,0.0,3.315,0.506,6.708,0.23,10.981
img_002221.jpg,1,1,0.978,0.0,0.0,0.0,2.972,0.517,6.693,0.233,10.644
img_002224.jpg,1,1,0.8786,0.0,0.0,0.0,2.988,0.508,6.578,0.233,10.525
img_002227.jpg,1,1,0.9772,0.0,0.0,0.0,3.069,0.792,6.691,0.232,11.011
img_002230.jpg,1,1,0.8295,0.0,0.0,0.0,2.973,0.508,6.682,0.237,10.621
img_002233.jpg,1,1,0.942,0.0,0.0,0.0,2.988,0.509,8.664,0.231,12.611
img_002236.jpg,1,1,0.9954,0.0,0.0,0.0,3.278,0.654,6.658,0.236,11.079
img_002239.jpg,1,1,0.9883,0.0,0.0,0.0,3.008,0.552,6.729,0.252,10.767
img_002242.jpg,1,1,0.9981,0.0,0.0,0.0,2.98,0.511,8.461,0.239,12.41
img_002245.jpg,1,1,0.9998,0.0,0.0,0.0,2.968,0.553,6.686,0.241,10.698
img_002248.jpg,1,1,0.9998,0.0,0.0,0.0,2.98,0.563,6.63,0.228,10.629
img_002251.jpg,1,1,0.9964,0.0,0.0,0.0,2.978,0.538,6.721,0.24,10.699
img_002254.jpg,1,1,0.9976,0.0,0.0,0.0,3.07,0.577,6.718,0.234,10.828
img_002257.jpg,1,1,0.9195,0.0,0.0,0.0,2.99,0.556,6.699,0.249,10.717
img_002260.jpg,1,1,0.9995,0.0,0.0,0.0,3.003,0.556,6.654,0.231,10.669
img_002263.jpg,1,1,0.9999,0.0,0.0,0.0,4.485,2.834,7.138,0.344,15.093
img_002266.jpg,1,1,0.9999,0.0,0.0,0.0,4.537,0.565,6.926,0.363,12.633
img_002269.jpg,1,1,0.9975,0.0,0.0,0.0,4.165,2.234,7.117,0.393,14.209
img_002272.jpg,1,1,0.6752,0.0,0.0,0.0,3.802,0.533,6.769,0.239,11.568
img_002275.jpg,1,0,0.9799,0.0,0.0,0.0,3.198,0.516,6.655,0.237,10.82
img_002278.jpg,1,0,0.6521,0.0,0.0,0.0,3.279,0.611,6.611,0.226,10.941
img_002296.jpg,1,1,0.5658,0.0,0.0,0.0,3.084,0.511,6.666,0.231,10.703
img_002299.jpg,1,0,0.9894,0.0,0.0,0.0,3.737,3.345,11.344,0.241,18.961
img_002305.jpg,1,0,0.9996,0.0,0.0,0.0,3.495,0.513,6.699,0.221,11.144
img_002308.jpg,1,0,0.9946,0.0,0.0,0.0,3.067,0.486,6.607,0.214,10.579
img_002314.jpg,1,1,0.7204,0.0,0.0,0.0,3.036,0.572,6.692,0.242,10.76
img_002317.jpg,1,0,0.7938,0.0,0.0,0.0,3.105,0.521,6.642,0.233,10.718
img_002320.jpg,1,0,0.9136,0.0,0.0,0.0,3.182,0.519,6.671,0.241,10.83
img_002449.jpg,1,1,0.928,0.0,0.0,0.0,3.026,0.506,6.717,0.241,10.707
img_002464.jpg,1,0,0.9773,0.0,0.0,0.0,5.456,2.891,12.276,0.244,21.254
img_002473.jpg,1,0,0.8149,0.0,0.0,0.0,2.987,0.515,6.658,0.258,10.633
img_002476.jpg,1,0,0.8107,0.0,0.0,0.0,3.526,0.592,6.829,0.233,11.405
img_002479.jpg,1,0,0.8098,0.0,0.0,0.0,2.937,0.518,6.666,0.216,10.55
img_002482.jpg,1,1,0.6428,0.0,0.0,0.0,2.964,0.795,6.745,0.242,10.977
img_002485.jpg,1,1,0.5061,0.0,0.0,0.0,3.082,0.542,6.659,0.234,10.743
img_002488.jpg,1,0,0.9389,0.0,0.0,0.0,3.055,0.54,6.693,0.239,10.753
img_002491.jpg,1,0,0.537,0.0,0.0,0.0,3.009,0.593,6.695,0.235,10.749
img_002494.jpg,1,0,0.9586,0.0,0.0,0.0,2.984,0.511,6.687,0.231,10.636
img_002497.jpg,1,0,0.5637,0.0,0.0,0.0,2.926,0.511,6.674,0.268,10.597
img_002500.jpg,1,1,0.974,0.0,0.0,0.0,3.044,0.743,6.599,0.236,10.846
img_002503.jpg,1,1,0.9961,0.0,0.0,0.0,2.934,0.512,6.627,0.219,10.506
img_002506.jpg,1,1,0.8157,0.0,0.0,0.0,3.376,0.515,6.852,0.293,11.27
img_002509.jpg,1,1,0.5499,0.0,0.0,0.0,3.315,0.525,6.708,0.239,11.011
img_002512.jpg,1,0,0.7255,0.0,0.0,0.0,3.389,0.51,6.686,0.232,11.035
img_002515.jpg,1,1,0.5976,0.0,0.0,0.0,4.908,2.85,8.653,0.236,16.882
img_002518.jpg,1,1,0.713,0.0,0.0,0.0,4.199,0.518,6.707,0.246,11.901
img_002521.jpg,1,1,0.9328,0.0,0.0,0.0,3.802,0.54,6.703,0.237,11.514
img_002524.jpg,1,1,0.9324,0.0,0.0,0.0,3.706,0.529,6.716,0.232,11.411
img_002527.jpg,1,1,0.7395,0.0,0.0,0.0,3.433,0.513,6.68,0.236,11.083
img_002530.jpg,1,1,0.64,0.0,0.0,0.0,3.539,0.526,6.672,0.233,11.228
img_002533.jpg,1,1,0.9827,0.0,0.0,0.0,3.342,0.58,6.641,0.212,10.997
img_002536.jpg,1,0,0.9707,0.0,0.0,0.0,2.968,0.516,6.706,0.239,10.65
img_002539.jpg,1,1,0.8033,0.0,0.0,0.0,3.867,0.576,6.709,0.293,11.673
img_002542.jpg,1,0,0.979,0.0,0.0,0.0,3.0,0.559,6.665,0.233,10.678
img_002545.jpg,1,0,0.906,0.0,0.0,0.0,3.016,0.532,6.681,0.232,10.682
img_002548.jpg,1,0,0.9943,0.0,0.0,0.0,6.081,2.404,8.713,0.244,17.735
img_002551.jpg,1,0,0.9562,0.0,0.0,0.0,3.419,0.511,7.212,0.331,11.703
img_002557.jpg,1,1,0.671,0.0,0.0,0.0,3.939,1.36,6.673,0.232,12.444
img_002560.jpg,1,1,0.8727,0.0,0.0,0.0,4.091,2.687,6.729,0.25,13.98
img_002563.jpg,1,0,0.9189,0.0,0.0,0.0,3.675,0.547,6.68,0.236,11.371
img_002566.jpg,1,0,0.7994,0.0,0.0,0.0,3.701,0.562,6.714,0.239,11.454
img_002569.jpg,1,1,0.52,0.0,0.0,0.0,3.958,0.725,7.02,0.344,12.319
img_002572.jpg,1,1,0.8232,0.0,0.0,0.0,3.171,0.511,6.706,0.244,10.854
img_002575.jpg,1,1,0.6729,0.0,0.0,0.0,2.943,0.649,6.629,0.233,10.669
img_002578.jpg,1,1,0.5446,0.0,0.0,0.0,3.835,0.522,6.694,0.236,11.513
img_002581.jpg,1,1,0.8044,0.0,0.0,0.0,3.05,0.52,6.667,0.268,10.727
img_002584.jpg,1,1,0.7578,0.0,0.0,0.0,3.0,0.509,8.606,0.238,12.574
img_002587.jpg,1,0,0.6121,0.0,0.0,0.0,3.003,0.992,6.68,0.233,11.131
img_002590.jpg,1,1,0.929,0.0,0.0,0.0,4.571,1.307,10.606,0.257,16.982
img_002593.jpg,1,1,0.9388,0.0,0.0,0.0,3.793,0.522,6.628,0.219,11.383
img_002596.jpg,1,0,0.5124,0.0,0.0,0.0,3.05,0.505,6.725,0.23,10.737
img_002599.jpg,1,1,0.9622,0.0,0.0,0.0,3.16,0.509,6.88,0.236,11.01
img_002602.jpg,1,1,0.9965,0.0,0.0,0.0,2.985,0.5,6.725,0.241,10.678
img_002605.jpg,1,1,0.9984,0.0,0.0,0.0,3.01,0.506,6.686,0.232,10.653
img_002608.jpg,1,1,0.9999,0.0,0.0,0.0,3.057,0.504,6.669,0.231,10.681
img_002611.jpg,1,1,0.9968,0.0,0.0,0.0,3.005,0.551,6.704,0.239,10.726
img_002614.jpg,1,1,0.9935,0.0,0.0,0.0,3.141,0.594,6.664,0.243,10.875
img_002617.jpg,1,1,0.9767,0.0,0.0,0.0,3.196,0.553,6.676,0.233,10.89
img_002620.jpg,1,1,0.8325,0.0,0.0,0.0,2.98,0.502,6.672,0.233,10.606
img_002623.jpg,1,1,0.9972,0.0,0.0,0.0,2.967,0.5,6.709,0.246,10.635
img_002626.jpg,1,1,0.9942,0.0,0.0,0.0,2.997,0.608,6.647,0.238,10.712
img_002629.jpg,1,1,0.998,0.0,0.0,0.0,2.966,0.508,6.615,0.223,10.521
img_002632.jpg,1,1,0.9872,0.0,0.0,0.0,3.066,1.011,10.834,0.248,15.378
img_002635.jpg,1,1,0.9606,0.0,0.0,0.0,3.434,0.518,6.678,0.235,11.088
img_002638.jpg,1,1,0.9839,0.0,0.0,0.0,2.923,0.505,6.606,0.216,10.459
img_002641.jpg,1,1,0.9947,0.0,0.0,0.0,3.041,0.542,6.688,0.246,10.752
img_002644.jpg,1,1,0.9973,0.0,0.0,0.0,3.029,0.5,6.726,0.233,10.702
img_002647.jpg,1,1,0.9063,0.0,0.0,0.0,3.207,0.525,6.664,0.235,10.891
img_002650.jpg,1,1,0.9999,0.0,0.0,0.0,2.979,0.52,6.716,0.249,10.688
img_002653.jpg,1,1,1.0,0.0,0.0,0.0,2.991,0.511,6.672,0.237,10.622
img_002656.jpg,1,1,1.0,0.0,0.0,0.0,2.964,0.501,6.595,0.224,10.497
img_002659.jpg,1,1,1.0,0.0,0.0,0.0,3.162,0.552,6.666,0.272,10.876
img_002662.jpg,1,1,0.9999,0.0,0.0,0.0,3.343,0.502,6.659,0.278,11.007
img_002665.jpg,1,1,0.9999,0.0,0.0,0.0,3.01,0.563,6.683,0.273,10.754
img_002668.jpg,1,1,0.9999,0.0,0.0,0.0,3.039,0.552,6.701,0.24,10.758
img_002671.jpg,1,1,0.9949,0.0,0.0,0.0,3.64,1.383,6.669,0.236,12.157
img_002674.jpg,1,1,0.9988,0.0,0.0,0.0,4.085,2.435,7.485,0.554,14.898
img_002677.jpg,1,1,0.9952,0.0,0.0,0.0,3.891,0.547,6.694,0.246,11.603
img_002680.jpg,1,1,0.9991,0.0,0.0,0.0,3.259,0.547,6.659,0.226,10.908
img_002683.jpg,1,1,0.9599,0.0,0.0,0.0,2.977,0.562,6.66,0.235,10.65
img_002686.jpg,1,1,0.9989,0.0,0.0,0.0,3.209,0.544,6.705,0.267,10.946
img_002689.jpg,1,1,0.9744,0.0,0.0,0.0,2.986,0.505,6.668,0.237,10.608
img_002692.jpg,1,1,0.936,0.0,0.0,0.0,3.292,0.502,8.765,0.239,13.021
img_002695.jpg,1,1,0.9999,0.0,0.0,0.0,2.998,0.499,6.64,0.22,10.567
img_002698.jpg,1,1,1.0,0.0,0.0,0.0,3.91,0.52,6.601,0.214,11.462
img_002701.jpg,1,1,1.0,0.0,0.0,0.0,3.981,0.519,6.641,0.218,11.571
img_002704.jpg,1,1,0.9997,0.0,0.0,0.0,3.361,0.518,6.599,0.213,10.94
img_002707.jpg,1,1,1.0,0.0,0.0,0.0,3.874,0.767,6.62,0.225,11.699
img_002710.jpg,1,1,0.9998,0.0,0.0,0.0,3.711,0.511,6.634,0.217,11.293
img_002713.jpg,1,1,0.9998,0.0,0.0,0.0,3.001,0.528,6.747,0.245,10.742
img_002716.jpg,1,1,0.9999,0.0,0.0,0.0,2.967,0.506,6.601,0.215,10.5
img_002719.jpg,1,1,0.9999,0.0,0.0,0.0,3.027,0.544,6.679,0.239,10.709
img_002722.jpg,1,1,0.9994,0.0,0.0,0.0,3.019,0.507,6.683,0.24,10.67
img_002725.jpg,1,1,0.999,0.0,0.0,0.0,3.011,0.509,6.768,0.269,10.772
img_002728.jpg,1,1,0.9993,0.0,0.0,0.0,3.04,0.53,6.711,0.24,10.747
img_002731.jpg,1,1,0.9991,0.0,0.0,0.0,2.989,0.501,6.664,0.233,10.6
img_002734.jpg,1,1,0.991,0.0,0.0,0.0,2.974,0.504,6.603,0.218,10.506
img_002737.jpg,1,1,0.9077,0.0,0.0,0.0,3.004,0.517,6.666,0.235,10.67
img_002740.jpg,1,0,0.6552,0.0,0.0,0.0,3.046,0.877,6.702,0.24,11.085
img_002743.jpg,1,0,0.9462,0.0,0.0,0.0,3.867,1.369,6.694,0.251,12.416
img_002746.jpg,1,1,0.949,0.0,0.0,0.0,3.947,0.54,6.679,0.266,11.658
img_002749.jpg,1,1,0.7292,0.0,0.0,0.0,3.246,1.22,6.702,0.248,11.641
img_002752.jpg,1,1,0.9504,0.0,0.0,0.0,3.004,0.536,6.711,0.242,10.72
img_002755.jpg,1,0,0.7934,0.0,0.0,0.0,3.865,0.527,6.665,0.231,11.507
img_002758.jpg,1,0,0.5851,0.0,0.0,0.0,5.042,2.215,7.257,0.355,15.185
img_002761.jpg,1,1,0.7617,0.0,0.0,0.0,5.467,2.865,11.969,0.261,20.915
img_002764.jpg,1,1,0.7466,0.0,0.0,0.0,3.329,0.52,6.674,0.241,11.121
img_002767.jpg,1,1,0.7293,0.0,0.0,0.0,3.084,0.53,6.6,0.216,10.65
img_002770.jpg,1,1,0.9884,0.0,0.0,0.0,3.065,0.518,6.666,0.234,10.707
img_002773.jpg,1,1,0.9992,0.0,0.0,0.0,3.003,0.505,6.653,0.23,10.612
img_002776.jpg,1,1,0.9884,0.0,0.0,0.0,2.992,0.513,6.656,0.259,10.636
img_002779.jpg,1,1,0.9605,0.0,0.0,0.0,3.727,0.569,6.68,0.243,11.449
img_002782.jpg,1,1,0.9989,0.0,0.0,0.0,3.043,0.511,6.661,0.229,10.666
img_002785.jpg,1,1,0.9972,0.0,0.0,0.0,3.347,0.526,6.665,0.259,11.015
img_002788.jpg,1,1,0.9999,0.0,0.0,0.0,2.963,0.561,6.606,0.238,10.591
img_002791.jpg,1,1,0.9935,0.0,0.0,0.0,2.936,0.507,6.606,0.252,10.514
img_002794.jpg,1,1,0.9855,0.0,0.0,0.0,3.589,0.582,6.673,0.263,11.326
img_002797.jpg,1,1,0.9844,0.0,0.0,0.0,3.382,0.528,6.668,0.238,11.041
img_002800.jpg,1,1,0.6998,0.0,0.0,0.0,2.962,0.501,6.67,0.24,10.594
img_002803.jpg,1,1,0.6919,0.0,0.0,0.0,3.888,1.422,8.986,0.289,14.812
img_002806.jpg,1,1,0.9565,0.0,0.0,0.0,4.56,2.684,7.176,0.323,15.042
img_002809.jpg,1,1,0.9805,0.0,0.0,0.0,3.773,1.21,6.653,0.234,12.094
img_002812.jpg,1,1,0.9883,0.0,0.0,0.0,4.808,3.044,7.131,0.341,15.629
img_002815.jpg,1,1,0.8477,0.0,0.0,0.0,3.271,0.508,6.728,0.234,10.964
img_002818.jpg,1,1,0.9794,0.0,0.0,0.0,3.219,0.541,6.746,0.232,10.961
img_002821.jpg,1,1,0.559,0.0,0.0,0.0,3.509,0.85,6.697,0.231,11.508
img_002824.jpg,1,0,0.6043,0.0,0.0,0.0,3.199,0.527,6.705,0.233,10.885
img_002827.jpg,1,1,0.8365,0.0,0.0,0.0,3.131,0.514,6.64,0.211,10.704
img_002830.jpg,1,1,0.9851,0.0,0.0,0.0,3.3,1.136,6.906,0.233,11.789
img_002833.jpg,1,1,0.9991,0.0,0.0,0.0,3.173,0.508,6.577,0.212,10.681
img_002836.jpg,1,1,0.9994,0.0,0.0,0.0,3.34,0.503,6.648,0.265,10.966
img_002839.jpg,1,1,0.9996,0.0,0.0,0.0,4.787,0.963,8.974,0.366,15.372
img_002842.jpg,1,1,0.9988,0.0,0.0,0.0,3.32,0.505,6.655,0.23,10.919
img_002845.jpg,1,1,0.9982,0.0,0.0,0.0,5.01,3.544,9.876,0.288,19.101
img_002848.jpg,1,1,0.9988,0.0,0.0,0.0,4.288,1.463,6.75,0.231,12.968
img_002851.jpg,1,1,0.9971,0.0,0.0,0.0,3.341,0.535,6.968,0.26,11.345
img_002854.jpg,1,1,0.9218,0.0,0.0,0.0,4.027,1.896,6.596,0.239,13.004
img_002857.jpg,1,1,0.7379,0.0,0.0,0.0,5.741,0.731,7.285,0.251,14.324
img_002860.jpg,1,0,0.9991,0.0,0.0,0.0,3.346,0.53,6.699,0.242,11.055
img_002863.jpg,1,0,0.9845,0.0,0.0,0.0,3.929,0.582,7.422,0.241,12.402
img_002866.jpg,1,0,0.7453,0.0,0.0,0.0,3.293,0.623,6.727,0.244,11.124
img_002869.jpg,1,0,0.7309,0.0,0.0,0.0,3.312,0.521,6.717,0.241,11.017
img_002872.jpg,1,0,0.9964,0.0,0.0,0.0,3.637,0.57,6.64,0.255,11.343
img_002878.jpg,1,0,0.9988,0.0,0.0,0.0,3.347,0.854,6.718,0.236,11.385
img_002881.jpg,1,1,0.9961,0.0,0.0,0.0,4.821,1.704,8.256,0.25,15.271
img_002884.jpg,1,0,0.8044,0.0,0.0,0.0,2.936,0.509,6.685,0.237,10.587
img_002887.jpg,1,1,0.9883,0.0,0.0,0.0,3.41,0.772,6.737,0.253,11.403
img_002890.jpg,1,1,0.7914,0.0,0.0,0.0,2.976,0.511,6.816,0.266,10.792
img_002893.jpg,1,1,0.9975,0.0,0.0,0.0,2.946,0.894,6.667,0.239,10.968
img_002896.jpg,1,0,0.9034,0.0,0.0,0.0,4.351,3.379,7.825,0.475,16.343
img_002899.jpg,1,1,0.9987,0.0,0.0,0.0,3.338,0.79,6.679,0.234,11.265
img_002902.jpg,1,0,0.9239,0.0,0.0,0.0,5.125,1.35,7.162,0.367,14.294
img_002905.jpg,1,1,0.9997,0.0,0.0,0.0,5.287,4.074,11.198,0.244,21.211
img_002908.jpg,1,1,0.9944,0.0,0.0,0.0,7.014,0.964,8.221,0.36,16.933
img_002911.jpg,1,1,0.9995,0.0,0.0,0.0,3.351,0.51,6.703,0.235,11.009
img_002914.jpg,1,1,0.9997,0.0,0.0,0.0,4.25,1.462,6.766,0.236,12.942
img_002917.jpg,1,1,0.9877,0.0,0.0,0.0,3.311,0.533,6.759,0.242,11.073
img_002920.jpg,1,1,0.7784,0.0,0.0,0.0,3.644,0.545,6.736,0.236,11.391
img_002923.jpg,1,0,0.9981,0.0,0.0,0.0,8.107,2.014,6.717,0.231,17.392
img_002926.jpg,1,0,0.5533,0.0,0.0,0.0,4.336,1.818,6.67,0.219,13.251
img_002929.jpg,1,0,0.9938,0.0,0.0,0.0,4.471,1.807,6.631,0.224,13.342
img_002932.jpg,1,0,0.9303,0.0,0.0,0.0,4.763,1.29,9.11,0.354,15.816
img_002935.jpg,1,1,0.5753,0.0,0.0,0.0,5.435,0.718,7.217,0.231,13.908
img_002938.jpg,1,0,0.9975,0.0,0.0,0.0,3.308,0.569,6.677,0.243,11.011
img_002941.jpg,1,0,0.9481,0.0,0.0,0.0,3.229,0.502,6.656,0.231,10.83
img_002944.jpg,1,0,0.999,0.0,0.0,0.0,4.595,0.932,7.128,0.215,13.198
img_002947.jpg,1,0,0.9983,0.0,0.0,0.0,4.632,0.651,7.209,0.263,13.041
img_002950.jpg,1,0,0.9998,0.0,0.0,0.0,4.668,1.821,7.154,0.213,14.137
img_002953.jpg,1,0,0.9996,0.0,0.0,0.0,3.299,0.5,6.588,0.212,10.8
img_002956.jpg,1,0,0.9997,0.0,0.0,0.0,4.484,0.719,7.309,0.233,13.047
img_002959.jpg,1,0,0.9999,0.0,0.0,0.0,4.579,0.675,7.293,0.233,13.078
img_002962.jpg,1,0,0.9998,0.0,0.0,0.0,3.788,0.625,6.62,0.225,11.475
img_002965.jpg,1,0,1.0,0.0,0.0,0.0,3.309,0.486,6.592,0.224,10.816
img_002968.jpg,1,0,1.0,0.0,0.0,0.0,4.706,3.114,6.699,0.246,14.989
img_002971.jpg,1,0,1.0,0.0,0.0,0.0,4.289,1.694,6.716,0.248,13.181
img_002986.jpg,1,0,0.9999,0.0,0.0,0.0,3.596,0.531,6.68,0.236,11.27
img_002992.jpg,1,0,1.0,0.0,0.0,0.0,3.556,0.587,6.699,0.248,11.317
img_002995.jpg,1,0,1.0,0.0,0.0,0.0,3.678,0.535,6.705,0.253,11.403
img_002998.jpg,1,0,1.0,0.0,0.0,0.0,3.552,1.007,6.68,0.24,11.72
img_003001.jpg,1,0,0.9999,0.0,0.0,0.0,3.323,0.522,6.682,0.239,10.992
img_003004.jpg,1,0,0.9999,0.0,0.0,0.0,3.561,0.547,6.675,0.229,11.236
img_003007.jpg,1,0,1.0,0.0,0.0,0.0,3.566,0.536,6.684,0.275,11.291
img_003010.jpg,1,0,1.0,0.0,0.0,0.0,3.36,0.604,6.744,0.238,11.164
img_003013.jpg,1,0,1.0,0.0,0.0,0.0,4.185,1.461,6.682,0.27,12.816
img_003016.jpg,1,0,0.9999,0.0,0.0,0.0,3.259,0.517,6.702,0.239,10.933
img_003019.jpg,1,0,0.9999,0.0,0.0,0.0,3.091,0.497,6.661,0.259,10.72
img_003022.jpg,1,0,0.9999,0.0,0.0,0.0,3.264,0.53,6.636,0.224,10.872
img_003025.jpg,1,0,0.9999,0.0,0.0,0.0,4.616,3.17,7.303,0.432,15.832
img_003028.jpg,1,0,0.9999,0.0,0.0,0.0,3.327,0.569,8.102,0.244,12.48
img_003031.jpg,1,0,0.9999,0.0,0.0,0.0,3.38,0.545,6.732,0.239,11.127
img_003034.jpg,1,0,0.9999,0.0,0.0,0.0,4.822,3.416,10.683,0.289,19.496
img_003040.jpg,1,0,1.0,0.0,0.0,0.0,3.216,0.521,6.698,0.245,10.898
img_003043.jpg,1,0,0.9999,0.0,0.0,0.0,4.809,2.35,11.514,0.245,19.156
img_003046.jpg,1,0,0.9998,0.0,0.0,0.0,5.128,1.273,7.124,0.351,14.175
img_003049.jpg,1,0,0.9998,0.0,0.0,0.0,3.429,0.502,6.667,0.217,11.026
img_003052.jpg,1,0,0.9992,0.0,0.0,0.0,3.212,0.622,6.664,0.23,10.946
img_003055.jpg,1,0,0.9999,0.0,0.0,0.0,3.112,0.5,6.656,0.258,10.737
img_003058.jpg,1,0,0.9793,0.0,0.0,0.0,3.176,0.561,6.65,0.243,10.842
img_003061.jpg,1,0,0.9999,0.0,0.0,0.0,3.058,0.488,6.651,0.23,10.639
img_003064.jpg,1,1,0.9704,0.0,0.0,0.0,3.102,0.5,6.677,0.234,10.728
img_003067.jpg,1,1,0.9993,0.0,0.0,0.0,7.611,2.648,9.434,0.278,20.296
img_003070.jpg,1,1,0.9998,0.0,0.0,0.0,3.878,1.609,6.691,0.242,12.684
img_003073.jpg,1,1,0.9997,0.0,0.0,0.0,4.749,2.816,7.52,0.344,15.725
img_003076.jpg,1,1,0.9996,0.0,0.0,0.0,5.799,2.417,8.033,0.35,16.881
img_003079.jpg,1,1,0.9999,0.0,0.0,0.0,4.455,1.23,7.146,0.318,13.44
img_003082.jpg,1,1,1.0,0.0,0.0,0.0,3.554,0.534,6.692,0.236,11.25
img_003085.jpg,1,1,1.0,0.0,0.0,0.0,4.386,2.758,6.627,0.243,14.254
img_003088.jpg,1,1,0.9999,0.0,0.0,0.0,3.655,0.528,6.701,0.242,11.356
img_003091.jpg,1,1,1.0,0.0,0.0,0.0,3.287,0.549,6.751,0.292,11.119
img_003094.jpg,1,1,1.0,0.0,0.0,0.0,3.409,0.54,6.708,0.237,11.119
img_003097.jpg,1,1,0.9996,0.0,0.0,0.0,2.927,0.902,6.604,0.22,10.864
img_003100.jpg,1,1,0.9931,0.0,0.0,0.0,4.535,2.54,7.208,0.369,14.951
img_003103.jpg,1,1,0.9969,0.0,0.0,0.0,3.223,0.606,6.675,0.239,10.965
img_003106.jpg,1,1,0.9995,0.0,0.0,0.0,2.996,0.509,6.659,0.215,10.585
img_003109.jpg,1,1,0.9985,0.0,0.0,0.0,4.273,1.383,8.685,0.242,14.805
img_003112.jpg,1,1,0.9994,0.0,0.0,0.0,5.051,0.683,7.105,0.327,13.451
img_003115.jpg,1,1,0.9995,0.0,0.0,0.0,3.152,0.562,6.709,0.237,10.878
img_003118.jpg,1,1,0.9936,0.0,0.0,0.0,3.35,0.476,6.691,0.237,10.971
img_003121.jpg,1,1,0.9991,0.0,0.0,0.0,3.04,0.568,6.595,0.214,10.624
img_003124.jpg,1,1,0.9777,0.0,0.0,0.0,3.175,0.903,6.693,0.228,11.217
img_003127.jpg,1,1,0.9965,0.0,0.0,0.0,4.591,0.702,7.571,0.235,13.417
img_003130.jpg,1,1,0.9998,0.0,0.0,0.0,5.445,0.736,7.136,0.207,13.839
img_003133.jpg,1,1,0.9984,0.0,0.0,0.0,3.677,1.39,7.304,0.248,12.918
img_003136.jpg,1,1,0.9998,0.0,0.0,0.0,3.219,1.38,6.581,0.212,11.598
img_003139.jpg,1,1,0.9993,0.0,0.0,0.0,6.206,0.689,7.232,0.232,14.666
img_003142.jpg,1,1,0.9992,0.0,0.0,0.0,3.204,0.593,6.645,0.228,10.882
img_003145.jpg,1,1,0.9992,0.0,0.0,0.0,3.44,0.509,6.573,0.212,10.942
img_003148.jpg,1,1,0.9844,0.0,0.0,0.0,4.543,0.731,7.162,0.216,12.948
img_003151.jpg,1,1,0.9953,0.0,0.0,0.0,5.161,1.054,7.3,0.23,14.048
img_003154.jpg,1,1,0.9772,0.0,0.0,0.0,3.101,1.391,6.683,0.226,11.621
img_003157.jpg,1,0,0.7284,0.0,0.0,0.0,4.181,1.729,6.726,0.248,13.116
img_003160.jpg,1,1,0.7437,0.0,0.0,0.0,4.17,3.129,7.147,0.344,15.091
img_003163.jpg,1,1,0.7047,0.0,0.0,0.0,3.113,0.513,6.686,0.227,10.748
img_003166.jpg,1,0,0.9317,0.0,0.0,0.0,4.39,1.257,6.525,0.216,12.617
img_003169.jpg,1,1,0.6789,0.0,0.0,0.0,3.154,0.506,6.663,0.225,10.765
img_003172.jpg,1,0,0.7778,0.0,0.0,0.0,3.128,0.494,6.722,0.23,10.784
img_003175.jpg,1,0,0.9212,0.0,0.0,0.0,4.133,0.693,6.567,0.269,11.873
img_003178.jpg,1,0,0.946,0.0,0.0,0.0,3.381,0.504,6.656,0.232,10.986
img_003181.jpg,1,0,0.6357,0.0,0.0,0.0,3.269,0.502,6.609,0.218,10.8
img_003184.jpg,1,1,0.5357,0.0,0.0,0.0,3.543,0.518,6.703,0.23,11.209
img_003187.jpg,1,0,0.5134,0.0,0.0,0.0,3.584,0.525,6.637,0.23,11.187
img_003190.jpg,1,1,0.6884,0.0,0.0,0.0,3.576,0.523,8.349,0.259,12.924
img_003193.jpg,1,0,0.9326,0.0,0.0,0.0,3.336,0.493,6.631,0.211,10.875
img_003196.jpg,1,0,0.8588,0.0,0.0,0.0,3.625,0.504,6.664,0.226,11.236
img_003199.jpg,1,1,0.7348,0.0,0.0,0.0,4.728,1.883,11.167,0.245,18.266
img_003202.jpg,1,0,0.8832,0.0,0.0,0.0,4.403,2.971,7.126,0.349,15.141
img_003205.jpg,1,1,0.8512,0.0,0.0,0.0,6.647,0.709,7.247,0.229,15.136
img_003208.jpg,1,1,0.895,0.0,0.0,0.0,3.257,0.498,6.597,0.219,10.814
img_003211.jpg,1,1,0.5725,0.0,0.0,0.0,4.57,0.815,7.203,0.203,13.069
img_003214.jpg,1,1,0.8271,0.0,0.0,0.0,3.798,0.524,6.742,0.239,11.517
img_003217.jpg,1,1,0.8213,0.0,0.0,0.0,3.424,0.505,6.609,0.244,10.989
img_003220.jpg,1,0,0.9748,0.0,0.0,0.0,4.635,1.293,7.261,0.281,13.769
img_003229.jpg,1,0,0.9324,0.0,0.0,0.0,3.214,2.765,6.741,0.252,13.193
img_003232.jpg,1,0,0.9991,0.0,0.0,0.0,3.165,0.515,6.639,0.213,10.745
img_003235.jpg,1,0,0.9935,0.0,0.0,0.0,4.197,2.779,7.119,0.344,14.739
img_003238.jpg,1,0,0.9969,0.0,0.0,0.0,5.01,3.592,7.028,0.354,16.288
img_003241.jpg,1,0,0.6676,0.0,0.0,0.0,5.551,0.763,7.116,0.24,13.973
img_003244.jpg,1,0,0.8722,0.0,0.0,0.0,3.449,0.531,6.7,0.229,11.127
img_003247.jpg,1,0,0.8625,0.0,0.0,0.0,3.943,2.279,10.268,0.238,16.949
img_003250.jpg,1,1,0.9874,0.0,0.0,0.0,3.724,0.527,6.996,0.349,11.822
img_003253.jpg,1,1,0.9883,0.0,0.0,0.0,3.075,0.516,6.641,0.208,10.663
img_003256.jpg,1,1,0.9975,0.0,0.0,0.0,3.883,1.514,11.407,0.281,17.331
img_003259.jpg,1,1,0.9983,0.0,0.0,0.0,2.942,0.504,6.692,0.288,10.646
img_003262.jpg,1,1,0.9991,0.0,0.0,0.0,3.01,0.513,6.611,0.227,10.581
img_003265.jpg,1,1,1.0,0.0,0.0,0.0,3.58,0.528,8.715,0.239,13.286
img_003268.jpg,1,1,0.9999,0.0,0.0,0.0,3.908,0.561,6.73,0.239,11.673
img_003271.jpg,1,1,0.9996,0.0,0.0,0.0,4.066,0.689,7.191,0.356,12.6
img_003274.jpg,1,1,0.9999,0.0,0.0,0.0,3.907,0.522,6.694,0.21,11.557
img_003277.jpg,1,1,0.7892,0.0,0.0,0.0,3.72,0.513,6.69,0.226,11.371
img_003280.jpg,1,1,0.6975,0.0,0.0,0.0,3.158,0.551,6.703,0.237,10.883
img_003283.jpg,1,1,0.9991,0.0,0.0,0.0,4.029,1.526,6.709,0.24,12.759
img_003286.jpg,1,1,0.9996,0.0,0.0,0.0,3.297,0.556,6.685,0.239,11.003
img_003289.jpg,1,1,0.9843,0.0,0.0,0.0,3.373,0.531,6.673,0.236,11.04
img_003292.jpg,1,1,0.9993,0.0,0.0,0.0,3.113,0.565,6.562,0.23,10.7
img_003295.jpg,1,1,0.9999,0.0,0.0,0.0,3.236,0.813,6.683,0.236,11.197
img_003298.jpg,1,1,0.9999,0.0,0.0,0.0,3.875,0.51,6.707,0.234,11.548
img_003301.jpg,1,1,0.9995,0.0,0.0,0.0,2.946,0.536,6.73,0.235,10.669
img_003304.jpg,1,1,0.9579,0.0,0.0,0.0,3.443,0.522,6.684,0.23,11.102
img_003307.jpg,1,0,0.7329,0.0,0.0,0.0,3.038,0.555,6.709,0.262,10.788
img_003310.jpg,1,1,0.9988,0.0,0.0,0.0,2.929,0.522,6.706,0.229,10.603
img_003313.jpg,1,1,0.9848,0.0,0.0,0.0,3.322,0.549,6.726,0.237,11.065
img_003316.jpg,1,1,0.9827,0.0,0.0,0.0,2.975,0.512,6.729,0.265,10.702
img_003319.jpg,1,1,0.967,0.0,0.0,0.0,2.997,0.544,6.735,0.24,10.745
img_003322.jpg,1,0,0.6301,0.0,0.0,0.0,2.978,0.515,6.703,0.239,10.652
img_003325.jpg,1,0,0.8649,0.0,0.0,0.0,2.929,0.507,6.69,0.254,10.594
img_003328.jpg,1,1,0.6732,0.0,0.0,0.0,2.909,0.512,6.718,0.236,10.594
img_003331.jpg,1,1,0.8498,0.0,0.0,0.0,2.909,0.504,6.588,0.22,10.43
img_003334.jpg,1,1,0.9971,0.0,0.0,0.0,2.992,0.515,6.777,0.27,10.785
img_003337.jpg,1,1,0.9729,0.0,0.0,0.0,5.718,2.811,7.582,0.342,16.828
img_003340.jpg,1,0,0.8141,0.0,0.0,0.0,5.636,2.251,8.054,0.234,16.55
img_003343.jpg,1,1,0.9967,0.0,0.0,0.0,3.18,0.516,8.568,0.25,12.731
img_003346.jpg,1,1,0.9375,0.0,0.0,0.0,3.047,0.539,6.598,0.212,10.611
img_003349.jpg,1,1,0.9707,0.0,0.0,0.0,3.032,0.536,6.574,0.207,10.559
img_003352.jpg,1,1,0.7496,0.0,0.0,0.0,3.043,0.488,6.63,0.208,10.579
img_003355.jpg,1,0,0.9956,0.0,0.0,0.0,4.936,0.717,7.277,0.226,13.456
img_003358.jpg,1,0,0.6861,0.0,0.0,0.0,3.094,0.585,6.709,0.244,10.849
img_003361.jpg,1,0,0.9876,0.0,0.0,0.0,3.065,0.62,6.633,0.216,10.751
img_003364.jpg,1,0,0.9772,0.0,0.0,0.0,3.248,0.527,6.61,0.22,10.822
img_003367.jpg,1,0,0.7935,0.0,0.0,0.0,3.043,0.654,6.658,0.229,10.796
img_003370.jpg,1,0,0.9737,0.0,0.0,0.0,3.075,0.516,6.627,0.219,10.651
img_003373.jpg,1,1,0.9337,0.0,0.0,0.0,3.115,0.505,6.649,0.231,10.713
img_003376.jpg,1,1,0.7471,0.0,0.0,0.0,3.157,0.515,6.636,0.222,10.741
img_003379.jpg,1,0,0.9993,0.0,0.0,0.0,5.257,1.93,7.404,0.233,15.146
img_003382.jpg,1,0,0.9972,0.0,0.0,0.0,3.188,0.548,6.684,0.23,10.867
img_003385.jpg,1,0,0.87,0.0,0.0,0.0,4.071,1.878,6.626,0.234,13.02
img_003388.jpg,1,0,0.9559,0.0,0.0,0.0,5.737,1.507,7.144,0.242,14.924
img_003391.jpg,1,0,0.6935,0.0,0.0,0.0,7.199,2.681,6.697,0.243,17.042
img_003394.jpg,1,1,0.6001,0.0,0.0,0.0,3.484,0.513,6.671,0.21,11.09
img_003397.jpg,1,1,0.9992,0.0,0.0,0.0,3.075,0.51,6.648,0.226,10.668
img_003400.jpg,1,1,0.9999,0.0,0.0,0.0,5.258,1.41,11.812,0.417,19.204
img_003403.jpg,1,1,0.9968,0.0,0.0,0.0,3.084,0.503,6.644,0.238,10.676
img_003406.jpg,1,0,0.9786,0.0,0.0,0.0,3.059,0.494,6.608,0.213,10.578
img_003409.jpg,1,0,0.9814,0.0,0.0,0.0,4.632,2.767,9.659,0.411,17.836
img_003412.jpg,1,0,0.9997,0.0,0.0,0.0,3.35,0.683,6.714,0.233,11.197
img_003415.jpg,1,0,0.9993,0.0,0.0,0.0,3.482,0.855,7.414,0.214,12.327
img_003418.jpg,1,0,0.9995,0.0,0.0,0.0,4.151,2.927,8.817,0.386,16.583
img_003421.jpg,1,0,0.9985,0.0,0.0,0.0,3.441,0.577,6.762,0.237,11.239
img_003424.jpg,1,0,0.9974,0.0,0.0,0.0,2.985,0.555,6.676,0.232,10.66
img_003427.jpg,1,0,0.9659,0.0,0.0,0.0,5.1,2.927,10.21,0.305,18.917
img_003430.jpg,1,1,0.9291,0.0,0.0,0.0,4.057,0.537,6.601,0.208,11.615
img_003433.jpg,1,0,0.7959,0.0,0.0,0.0,3.663,0.528,6.678,0.234,11.319
img_003436.jpg,1,1,0.9601,0.0,0.0,0.0,3.402,0.51,6.715,0.232,11.073
img_003439.jpg,1,0,0.753,0.0,0.0,0.0,3.486,0.492,6.593,0.218,10.991
img_003442.jpg,1,0,0.5994,0.0,0.0,0.0,4.149,3.487,8.795,0.249,16.982
img_003445.jpg,1,1,0.8347,0.0,0.0,0.0,3.083,0.873,6.667,0.229,11.114
img_003448.jpg,1,1,0.6098,0.0,0.0,0.0,3.078,0.484,6.609,0.214,10.591
img_003451.jpg,1,1,0.7575,0.0,0.0,0.0,4.7,3.178,9.526,0.384,18.092
img_003454.jpg,1,0,0.6547,0.0,0.0,0.0,4.048,2.958,7.089,0.317,14.692
img_003457.jpg,1,0,0.954,0.0,0.0,0.0,5.01,0.972,7.278,0.244,13.809
img_003460.jpg,1,1,0.616,0.0,0.0,0.0,4.509,1.974,11.417,0.386,18.587
img_003463.jpg,1,0,0.9976,0.0,0.0,0.0,3.713,0.545,6.643,0.221,11.338
img_003466.jpg,1,0,0.9099,0.0,0.0,0.0,3.081,0.486,6.675,0.229,10.681
img_003469.jpg,1,0,0.8062,0.0,0.0,0.0,4.132,0.514,6.798,0.346,12.016
img_003472.jpg,1,0,0.7465,0.0,0.0,0.0,2.969,0.911,6.648,0.249,10.999
img_003475.jpg,1,1,0.6562,0.0,0.0,0.0,3.672,1.325,6.803,0.261,12.298
img_003478.jpg,1,0,0.842,0.0,0.0,0.0,3.42,0.515,6.672,0.231,11.058
img_003481.jpg,1,1,0.9867,0.0,0.0,0.0,3.232,0.519,6.674,0.238,10.885
img_003484.jpg,1,1,0.6365,0.0,0.0,0.0,2.961,0.501,8.41,0.286,12.382
img_003487.jpg,1,1,0.8429,0.0,0.0,0.0,2.97,0.51,6.693,0.231,10.622
img_003490.jpg,1,1,0.9718,0.0,0.0,0.0,2.948,0.527,6.634,0.246,10.577
img_003493.jpg,1,0,0.5308,0.0,0.0,0.0,4.47,1.844,11.218,0.342,18.141
img_003496.jpg,1,0,0.9792,0.0,0.0,0.0,3.872,0.525,6.698,0.23,11.554
img_003499.jpg,1,0,0.9985,0.0,0.0,0.0,2.947,0.508,6.651,0.229,10.556
img_003502.jpg,1,0,0.6733,0.0,0.0,0.0,4.613,4.146,11.551,0.275,20.941
img_003505.jpg,1,0,0.9918,0.0,0.0,0.0,3.729,0.974,6.701,0.228,11.853
img_003508.jpg,1,0,0.9781,0.0,0.0,0.0,3.249,0.581,6.634,0.231,10.916
img_003511.jpg,1,0,1.0,0.0,0.0,0.0,5.56,2.558,13.87,0.397,22.629
img_003514.jpg,1,0,0.9098,0.0,0.0,0.0,4.094,1.901,6.759,0.281,13.26
img_003517.jpg,1,0,0.8951,0.0,0.0,0.0,4.207,1.489,6.751,0.271,12.949
img_003520.jpg,1,0,0.991,0.0,0.0,0.0,3.936,1.42,6.698,0.259,12.533
img_003523.jpg,1,0,0.9683,0.0,0.0,0.0,3.88,1.367,6.608,0.224,12.292
img_003526.jpg,1,0,0.9977,0.0,0.0,0.0,4.462,2.743,7.105,0.348,14.962
img_003529.jpg,1,0,0.9992,0.0,0.0,0.0,4.55,2.224,7.119,0.349,14.539
img_003532.jpg,1,0,0.9998,0.0,0.0,0.0,3.418,0.523,6.692,0.233,11.118
img_003535.jpg,1,0,1.0,0.0,0.0,0.0,3.462,0.501,6.731,0.228,11.134
img_003538.jpg,1,0,0.9998,0.0,0.0,0.0,3.483,0.494,6.671,0.231,11.091
img_003541.jpg,1,0,0.9996,0.0,0.0,0.0,3.467,0.502,6.666,0.233,11.08
img_003544.jpg,1,0,0.9889,0.0,0.0,0.0,3.241,0.588,6.672,0.228,10.944
img_003550.jpg,1,0,0.9999,0.0,0.0,0.0,3.303,0.558,6.652,0.224,10.952
img_003553.jpg,1,0,1.0,0.0,0.0,0.0,3.066,1.027,8.664,0.223,13.191
img_003556.jpg,1,0,1.0,0.0,0.0,0.0,3.098,0.552,6.652,0.23,10.744
img_003559.jpg,1,0,1.0,0.0,0.0,0.0,5.259,1.042,7.245,0.359,14.193
img_003562.jpg,1,0,1.0,0.0,0.0,0.0,3.104,0.493,6.676,0.233,10.742
img_003565.jpg,1,0,1.0,0.0,0.0,0.0,3.136,0.508,6.661,0.23,10.747
img_003568.jpg,1,0,1.0,0.0,0.0,0.0,7.505,2.13,6.73,0.239,16.837
img_003571.jpg,1,0,1.0,0.0,0.0,0.0,4.617,3.425,7.223,0.346,15.918
img_003574.jpg,1,0,0.9999,0.0,0.0,0.0,3.753,0.508,6.596,0.22,11.292
img_003577.jpg,1,0,1.0,0.0,0.0,0.0,2.998,0.507,6.685,0.237,10.637
img_003580.jpg,1,0,0.9999,0.0,0.0,0.0,2.981,0.505,6.648,0.226,10.573
img_003583.jpg,1,0,1.0,0.0,0.0,0.0,2.926,0.507,6.606,0.211,10.461
img_003586.jpg,1,0,1.0,0.0,0.0,0.0,3.204,0.514,7.26,0.23,11.424
img_003589.jpg,1,0,1.0,0.0,0.0,0.0,2.992,0.507,6.668,0.231,10.614
img_003592.jpg,1,0,0.9999,0.0,0.0,0.0,2.961,0.509,6.792,0.257,10.736
img_003595.jpg,1,0,0.9999,0.0,0.0,0.0,3.205,0.513,6.733,0.246,10.916
img_003598.jpg,1,0,0.9999,0.0,0.0,0.0,3.004,0.513,6.662,0.229,10.623
img_003601.jpg,1,0,1.0,0.0,0.0,0.0,5.331,3.55,11.116,0.233,20.761
img_003604.jpg,1,0,0.9998,0.0,0.0,0.0,3.295,0.51,6.682,0.233,10.973
img_003607.jpg,1,0,0.9996,0.0,0.0,0.0,3.044,0.557,6.638,0.228,10.681
img_003610.jpg,1,0,1.0,0.0,0.0,0.0,3.333,0.579,7.32,0.239,11.692
img_003613.jpg,1,0,0.9998,0.0,0.0,0.0,2.991,0.531,6.699,0.236,10.68
img_003616.jpg,1,0,0.999,0.0,0.0,0.0,3.002,0.542,6.638,0.226,10.631
img_003619.jpg,1,0,0.9994,0.0,0.0,0.0,2.962,0.529,6.599,0.273,10.581
img_003622.jpg,1,0,0.9998,0.0,0.0,0.0,3.007,0.51,6.672,0.236,10.647
img_003625.jpg,1,0,1.0,0.0,0.0,0.0,2.895,0.532,6.638,0.216,10.489
img_003628.jpg,1,0,1.0,0.0,0.0,0.0,4.402,0.98,8.681,0.253,14.585
img_003631.jpg,1,0,1.0,0.0,0.0,0.0,3.013,0.525,6.708,0.238,10.709
img_003634.jpg,1,0,1.0,0.0,0.0,0.0,3.366,0.51,6.681,0.229,11.007
img_003637.jpg,1,0,1.0,0.0,0.0,0.0,5.174,2.78,8.843,0.333,17.425
img_003640.jpg,1,0,1.0,0.0,0.0,0.0,2.936,0.509,6.607,0.222,10.493
img_003643.jpg,1,0,1.0,0.0,0.0,0.0,2.959,0.506,6.625,0.271,10.577
img_003646.jpg,1,0,1.0,0.0,0.0,0.0,2.95,0.604,6.67,0.224,10.671
img_003649.jpg,1,0,1.0,0.0,0.0,0.0,2.958,0.653,6.644,0.223,10.696
img_003652.jpg,1,0,1.0,0.0,0.0,0.0,4.478,1.194,9.407,0.725,16.17
img_003655.jpg,1,0,1.0,0.0,0.0,0.0,3.439,0.626,6.678,0.231,11.197
img_003658.jpg,1,0,0.9999,0.0,0.0,0.0,4.033,0.519,6.681,0.226,11.686
img_003661.jpg,1,0,1.0,0.0,0.0,0.0,5.285,3.1,14.508,0.304,24.158
img_003664.jpg,1,0,0.9999,0.0,0.0,0.0,3.969,0.528,6.714,0.228,11.666
img_003667.jpg,1,0,0.9999,0.0,0.0,0.0,3.57,0.572,6.67,0.229,11.265
img_003670.jpg,1,0,1.0,0.0,0.0,0.0,3.01,0.51,6.667,0.226,10.631
img_003673.jpg,1,0,0.9999,0.0,0.0,0.0,2.964,0.653,6.617,0.217,10.664
img_003676.jpg,1,0,1.0,0.0,0.0,0.0,2.997,0.512,6.61,0.214,10.544
img_003679.jpg,1,0,0.9999,0.0,0.0,0.0,3.391,0.514,6.688,0.227,11.041
img_003682.jpg,1,0,0.9997,0.0,0.0,0.0,4.224,2.712,7.38,0.367,14.98
img_003685.jpg,1,0,0.9999,0.0,0.0,0.0,4.581,1.351,6.756,0.279,13.2
img_003688.jpg,1,0,1.0,0.0,0.0,0.0,2.974,0.553,6.687,0.235,10.678
img_003691.jpg,1,0,1.0,0.0,0.0,0.0,3.055,0.571,6.689,0.246,10.797
img_003694.jpg,1,0,1.0,0.0,0.0,0.0,4.858,1.515,8.933,0.394,15.934
img_003697.jpg,1,0,1.0,0.0,0.0,0.0,3.531,0.839,6.735,0.239,11.573
img_003700.jpg,1,0,0.9999,0.0,0.0,0.0,3.177,0.556,6.702,0.241,10.901
img_003703.jpg,1,0,1.0,0.0,0.0,0.0,4.107,1.876,6.559,0.236,13.049
img_003706.jpg,1,0,1.0,0.0,0.0,0.0,3.01,0.528,6.659,0.225,10.638
img_003709.jpg,1,0,1.0,0.0,0.0,0.0,3.094,0.523,6.728,0.25,10.824
img_003712.jpg,1,0,1.0,0.0,0.0,0.0,6.11,2.177,11.193,0.239,19.961
img_003715.jpg,1,0,0.9999,0.0,0.0,0.0,3.272,0.509,6.652,0.227,10.875
img_003718.jpg,1,0,1.0,0.0,0.0,0.0,4.139,0.561,6.66,0.23,11.805
img_003721.jpg,1,0,1.0,0.0,0.0,0.0,4.906,1.673,11.653,0.245,18.7
img_003724.jpg,1,0,1.0,0.0,0.0,0.0,3.001,0.503,6.701,0.243,10.67
img_003727.jpg,1,0,1.0,0.0,0.0,0.0,2.999,0.563,6.666,0.261,10.713
img_003730.jpg,1,0,1.0,0.0,0.0,0.0,3.103,0.63,6.69,0.251,10.964
img_003733.jpg,1,0,1.0,0.0,0.0,0.0,3.907,0.563,6.647,0.22,11.564
img_003736.jpg,1,0,1.0,0.0,0.0,0.0,5.086,1.784,7.351,0.404,14.939
img_003739.jpg,1,0,1.0,0.0,0.0,0.0,3.909,2.75,6.67,0.233,13.792
img_003742.jpg,1,0,1.0,0.0,0.0,0.0,3.539,0.519,6.618,0.221,11.116
img_003745.jpg,1,0,1.0,0.0,0.0,0.0,3.686,1.425,9.889,0.242,15.473
img_003748.jpg,1,0,1.0,0.0,0.0,0.0,3.18,0.516,6.707,0.229,10.858
img_003751.jpg,1,0,0.9997,0.0,0.0,0.0,3.402,3.239,7.134,0.342,14.417
img_003754.jpg,1,0,1.0,0.0,0.0,0.0,3.976,0.966,8.608,0.235,14.008
img_003757.jpg,1,0,0.9999,0.0,0.0,0.0,4.025,0.512,6.599,0.214,11.563
img_003760.jpg,1,0,0.9999,0.0,0.0,0.0,4.655,1.399,6.716,0.246,13.244
img_003763.jpg,1,0,1.0,0.0,0.0,0.0,3.404,0.528,8.623,0.235,13.039
img_003766.jpg,1,0,1.0,0.0,0.0,0.0,4.208,0.57,6.77,0.245,12.03
img_003769.jpg,1,0,1.0,0.0,0.0,0.0,4.327,0.569,6.705,0.274,12.118
img_003772.jpg,1,0,1.0,0.0,0.0,0.0,4.106,0.524,6.661,0.231,11.749
img_003775.jpg,1,0,0.9999,0.0,0.0,0.0,4.244,0.57,6.712,0.239,11.994
img_003778.jpg,1,0,1.0,0.0,0.0,0.0,4.632,1.614,6.717,0.242,13.45
img_003781.jpg,1,0,1.0,0.0,0.0,0.0,3.831,0.534,6.697,0.244,11.53
img_003841.jpg,1,0,1.0,0.0,0.0,0.0,3.308,0.572,6.711,0.249,11.068
img_003898.jpg,1,0,1.0,0.0,0.0,0.0,3.402,1.831,6.79,0.26,12.518
img_003907.jpg,1,0,1.0,0.0,0.0,0.0,4.973,2.157,9.096,0.352,16.886
img_003910.jpg,1,0,1.0,0.0,0.0,0.0,3.961,0.668,7.166,0.343,12.446
img_003913.jpg,1,0,1.0,0.0,0.0,0.0,3.278,0.522,6.686,0.24,10.953
img_003916.jpg,1,0,1.0,0.0,0.0,0.0,3.359,0.536,8.688,0.237,13.054
img_003919.jpg,1,0,1.0,0.0,0.0,0.0,4.276,0.545,6.619,0.224,11.888
img_003922.jpg,1,0,1.0,0.0,0.0,0.0,4.286,0.686,7.125,0.341,12.732
img_003925.jpg,1,0,1.0,0.0,0.0,0.0,3.749,0.519,6.563,0.24,11.29
img_003928.jpg,1,0,1.0,0.0,0.0,0.0,3.957,0.52,6.69,0.235,11.626
img_003931.jpg,1,0,1.0,0.0,0.0,0.0,4.779,2.818,7.15,0.339,15.383
img_003937.jpg,1,0,1.0,0.0,0.0,0.0,5.035,0.714,6.706,0.231,12.907
img_003940.jpg,1,0,1.0,0.0,0.0,0.0,4.447,0.571,6.762,0.25,12.26
img_003943.jpg,1,0,1.0,0.0,0.0,0.0,4.079,0.766,6.713,0.228,12.011
img_003946.jpg,1,0,1.0,0.0,0.0,0.0,3.922,0.521,6.719,0.232,11.619
img_003949.jpg,1,0,1.0,0.0,0.0,0.0,4.832,2.93,9.765,0.404,18.266
img_003952.jpg,1,0,1.0,0.0,0.0,0.0,4.163,2.678,7.28,0.33,14.738
img_003955.jpg,1,0,1.0,0.0,0.0,0.0,3.177,0.513,6.72,0.231,10.854
img_003958.jpg,1,0,1.0,0.0,0.0,0.0,4.127,1.94,6.573,0.228,13.092
img_003961.jpg,1,0,1.0,0.0,0.0,0.0,3.128,0.516,6.677,0.233,10.771
img_003964.jpg,1,0,1.0,0.0,0.0,0.0,3.107,0.57,6.671,0.232,10.796
img_003967.jpg,1,0,1.0,0.0,0.0,0.0,4.961,1.681,9.147,0.235,16.249
img_003970.jpg,1,0,1.0,0.0,0.0,0.0,4.228,1.572,6.618,0.226,12.86
img_003973.jpg,1,0,1.0,0.0,0.0,0.0,3.632,0.548,6.675,0.231,11.305
img_003976.jpg,1,0,1.0,0.0,0.0,0.0,4.443,2.231,6.553,0.232,13.685
img_003979.jpg,1,0,1.0,0.0,0.0,0.0,3.073,0.515,6.656,0.214,10.667
img_003982.jpg,1,0,1.0,0.0,0.0,0.0,5.332,2.74,8.748,0.598,17.797
img_003985.jpg,1,0,1.0,0.0,0.0,0.0,4.752,0.691,7.122,0.362,13.205
img_003988.jpg,1,0,0.9999,0.0,0.0,0.0,4.271,0.673,7.214,0.222,12.675
img_003991.jpg,1,0,0.9999,0.0,0.0,0.0,4.819,2.675,8.998,0.349,17.124
img_003994.jpg,1,0,1.0,0.0,0.0,0.0,3.669,3.398,7.289,0.316,14.958
img_003997.jpg,1,0,1.0,0.0,0.0,0.0,3.867,0.587,6.693,0.242,11.618
img_004000.jpg,1,0,1.0,0.0,0.0,0.0,4.413,0.57,6.853,0.365,12.433
img_004003.jpg,1,0,1.0,0.0,0.0,0.0,3.476,0.525,6.664,0.229,11.12
img_004006.jpg,1,0,0.9999,0.0,0.0,0.0,2.955,0.528,6.602,0.219,10.517
img_004009.jpg,1,0,0.9999,0.0,0.0,0.0,4.272,0.748,6.996,0.359,12.68
img_004012.jpg,1,0,0.9999,0.0,0.0,0.0,3.865,0.529,6.681,0.235,11.534
img_004015.jpg,1,0,1.0,0.0,0.0,0.0,4.233,0.53,6.709,0.232,11.933
img_004018.jpg,1,0,0.9999,0.0,0.0,0.0,3.892,0.532,6.694,0.23,11.576
img_004021.jpg,1,0,0.9999,0.0,0.0,0.0,3.848,0.57,6.673,0.231,11.545
img_004024.jpg,1,0,1.0,0.0,0.0,0.0,4.284,0.532,6.657,0.265,11.969
img_004027.jpg,1,0,0.9999,0.0,0.0,0.0,4.217,0.543,6.675,0.262,11.917
img_004030.jpg,1,0,1.0,0.0,0.0,0.0,3.31,0.496,6.717,0.228,10.958
img_004033.jpg,1,0,0.9999,0.0,0.0,0.0,4.093,1.264,8.701,0.23,14.512
img_004036.jpg,1,0,1.0,0.0,0.0,0.0,3.508,0.504,6.907,0.232,11.363
img_004039.jpg,1,0,1.0,0.0,0.0,0.0,3.841,1.304,7.356,0.235,13.044
img_004042.jpg,1,0,1.0,0.0,0.0,0.0,3.361,2.014,6.917,0.236,12.749
img_004045.jpg,1,0,1.0,0.0,0.0,0.0,5.141,0.854,6.655,0.23,13.1
img_004048.jpg,1,0,1.0,0.0,0.0,0.0,5.368,3.359,7.983,0.23,17.365
img_004051.jpg,1,0,1.0,0.0,0.0,0.0,3.874,0.509,6.666,0.23,11.502
img_004054.jpg,1,0,1.0,0.0,0.0,0.0,3.873,0.537,6.704,0.257,11.598
img_004057.jpg,1,0,1.0,0.0,0.0,0.0,3.061,0.561,6.74,0.234,10.825
img_004060.jpg,1,0,0.9999,0.0,0.0,0.0,3.164,0.512,6.699,0.233,10.833
img_004063.jpg,1,0,0.9999,0.0,0.0,0.0,2.903,0.523,6.613,0.225,10.472
img_004066.jpg,1,0,1.0,0.0,0.0,0.0,2.964,0.614,6.66,0.229,10.688
img_004069.jpg,1,0,0.9999,0.0,0.0,0.0,3.022,0.608,6.606,0.212,10.657
img_004072.jpg,1,0,1.0,0.0,0.0,0.0,2.923,0.532,6.642,0.212,10.528
img_004075.jpg,1,0,1.0,0.0,0.0,0.0,3.842,2.002,13.241,0.403,19.997
img_004078.jpg,1,0,1.0,0.0,0.0,0.0,4.351,0.731,6.665,0.235,12.21
img_004081.jpg,1,0,1.0,0.0,0.0,0.0,3.948,0.57,6.693,0.229,11.668
img_004084.jpg,1,0,1.0,0.0,0.0,0.0,3.492,0.529,8.626,0.236,13.114
img_004087.jpg,1,0,1.0,0.0,0.0,0.0,3.929,0.772,6.708,0.238,11.879
img_004090.jpg,1,0,1.0,0.0,0.0,0.0,3.917,0.534,6.758,0.24,11.678
img_004093.jpg,1,0,1.0,0.0,0.0,0.0,3.888,0.52,8.634,0.231,13.5
img_004096.jpg,1,0,1.0,0.0,0.0,0.0,4.387,0.679,7.194,0.346,12.909
img_004099.jpg,1,0,1.0,0.0,0.0,0.0,4.167,0.525,6.681,0.234,11.834
img_004102.jpg,1,0,1.0,0.0,0.0,0.0,4.168,0.529,6.585,0.232,11.747
img_004105.jpg,1,0,1.0,0.0,0.0,0.0,4.194,0.523,6.657,0.233,11.829
img_004108.jpg,1,0,1.0,0.0,0.0,0.0,3.962,0.529,6.695,0.235,11.653
img_004111.jpg,1,0,1.0,0.0,0.0,0.0,4.239,0.54,6.728,0.232,11.972
img_004114.jpg,1,0,1.0,0.0,0.0,0.0,3.858,0.556,6.674,0.256,11.578
img_004117.jpg,1,0,1.0,0.0,0.0,0.0,3.841,0.532,6.731,0.24,11.575
img_004120.jpg,1,0,1.0,0.0,0.0,0.0,3.996,0.578,6.724,0.239,11.765
img_004123.jpg,1,0,1.0,0.0,0.0,0.0,4.163,0.548,6.662,0.226,11.825
img_004129.jpg,1,0,1.0,0.0,0.0,0.0,4.299,0.676,7.162,0.343,12.826
img_004132.jpg,1,0,1.0,0.0,0.0,0.0,3.986,0.61,6.692,0.233,11.749
img_004135.jpg,1,0,1.0,0.0,0.0,0.0,3.074,0.599,6.729,0.259,10.88
img_004138.jpg,1,0,1.0,0.0,0.0,0.0,3.262,0.504,6.665,0.226,10.872
img_004141.jpg,1,0,1.0,0.0,0.0,0.0,4.852,1.06,7.314,0.231,13.759
img_004144.jpg,1,0,1.0,0.0,0.0,0.0,3.025,0.499,6.708,0.236,10.742
img_004147.jpg,1,0,1.0,0.0,0.0,0.0,3.377,1.479,6.725,0.23,12.031
img_004150.jpg,1,0,1.0,0.0,0.0,0.0,3.096,0.488,6.602,0.214,10.603
img_004153.jpg,1,0,1.0,0.0,0.0,0.0,3.806,0.51,6.716,0.264,11.508
img_004156.jpg,1,0,0.9997,0.0,0.0,0.0,3.214,0.505,6.886,0.226,11.049
img_004159.jpg,1,0,0.9989,0.0,0.0,0.0,4.349,1.204,7.18,0.337,13.363
img_004162.jpg,1,0,0.9992,0.0,0.0,0.0,3.524,0.522,6.869,0.225,11.359
img_004165.jpg,1,0,0.999,0.0,0.0,0.0,3.104,0.483,6.667,0.231,10.691
img_004168.jpg,1,0,0.9998,0.0,0.0,0.0,3.027,0.494,6.659,0.232,10.622
img_004171.jpg,1,0,0.9994,0.0,0.0,0.0,3.281,0.513,6.648,0.226,10.884
img_004174.jpg,1,0,0.9961,0.0,0.0,0.0,3.302,0.504,6.643,0.23,10.89
img_004177.jpg,1,0,0.9997,0.0,0.0,0.0,3.814,0.536,6.585,0.227,11.366
img_004180.jpg,1,0,0.9999,0.0,0.0,0.0,3.363,0.498,6.675,0.222,10.964
img_004183.jpg,1,0,0.9996,0.0,0.0,0.0,3.339,0.499,6.65,0.226,10.921
img_004186.jpg,1,0,0.9999,0.0,0.0,0.0,3.548,0.503,6.883,0.227,11.374
img_004189.jpg,1,0,0.9997,0.0,0.0,0.0,3.399,0.511,8.831,0.227,13.174
img_004192.jpg,1,0,0.9996,0.0,0.0,0.0,4.697,0.768,7.246,0.231,13.252
img_004195.jpg,1,0,1.0,0.0,0.0,0.0,3.991,1.403,8.88,0.284,14.781
img_004198.jpg,1,0,0.9994,0.0,0.0,0.0,4.081,0.515,6.656,0.228,11.695
img_004201.jpg,1,0,0.9997,0.0,0.0,0.0,3.125,0.492,6.646,0.231,10.706
img_004204.jpg,1,0,0.9988,0.0,0.0,0.0,3.946,2.969,13.116,0.238,20.49
img_004207.jpg,1,0,0.9992,0.0,0.0,0.0,3.369,1.325,6.673,0.233,11.816
img_004210.jpg,1,0,0.9999,0.0,0.0,0.0,4.273,2.622,8.053,0.311,15.608
img_004213.jpg,1,0,0.9999,0.0,0.0,0.0,3.176,0.496,6.552,0.23,10.667
img_004216.jpg,1,0,0.9999,0.0,0.0,0.0,3.293,0.507,6.616,0.214,10.841
img_004219.jpg,1,0,1.0,0.0,0.0,0.0,3.583,0.528,6.907,0.229,11.462
img_004222.jpg,1,0,0.9999,0.0,0.0,0.0,4.37,1.406,6.582,0.232,12.812
img_004225.jpg,1,0,0.9999,0.0,0.0,0.0,3.125,0.499,6.671,0.263,10.767
img_004228.jpg,1,0,0.9999,0.0,0.0,0.0,3.21,0.504,6.703,0.228,10.861
img_004231.jpg,1,0,1.0,0.0,0.0,0.0,4.644,3.495,13.235,0.231,21.894
img_004234.jpg,1,0,1.0,0.0,0.0,0.0,4.719,3.519,7.135,0.342,16.012
img_004237.jpg,1,0,1.0,0.0,0.0,0.0,4.523,3.278,7.377,0.511,15.998
img_004240.jpg,1,0,1.0,0.0,0.0,0.0,4.173,2.526,6.697,0.235,13.85
img_004243.jpg,1,0,1.0,0.0,0.0,0.0,3.732,0.532,6.719,0.236,11.448
img_004246.jpg,1,0,1.0,0.0,0.0,0.0,4.273,0.528,6.702,0.235,11.974
img_004249.jpg,1,0,1.0,0.0,0.0,0.0,3.444,0.537,6.682,0.227,11.124
img_004252.jpg,1,0,1.0,0.0,0.0,0.0,3.334,0.533,6.665,0.232,10.984
img_004255.jpg,1,0,1.0,0.0,0.0,0.0,3.521,0.697,7.638,0.345,12.569
img_004258.jpg,1,0,1.0,0.0,0.0,0.0,2.966,0.54,6.71,0.237,10.67
img_004261.jpg,1,0,1.0,0.0,0.0,0.0,3.007,0.511,6.654,0.236,10.618
img_004264.jpg,1,0,1.0,0.0,0.0,0.0,5.58,2.758,11.26,0.27,20.25
img_004267.jpg,1,0,1.0,0.0,0.0,0.0,4.109,1.407,7.085,0.294,13.176
img_004270.jpg,1,0,1.0,0.0,0.0,0.0,3.098,0.494,6.625,0.209,10.632
img_004273.jpg,1,0,1.0,0.0,0.0,0.0,3.116,0.499,6.669,0.232,10.729
img_004276.jpg,1,0,1.0,0.0,0.0,0.0,3.383,0.516,6.654,0.23,11.001
img_004279.jpg,1,0,1.0,0.0,0.0,0.0,4.089,1.788,6.675,0.263,13.046
img_004282.jpg,1,0,1.0,0.0,0.0,0.0,3.766,0.529,8.443,0.233,13.185
img_004285.jpg,1,0,1.0,0.0,0.0,0.0,3.003,0.517,6.67,0.233,10.682
img_004288.jpg,1,0,1.0,0.0,0.0,0.0,3.044,0.496,6.675,0.229,10.655
img_004291.jpg,1,0,1.0,0.0,0.0,0.0,3.068,0.515,6.62,0.218,10.623
img_004294.jpg,1,0,1.0,0.0,0.0,0.0,3.118,0.501,6.629,0.225,10.687
img_004297.jpg,1,0,1.0,0.0,0.0,0.0,3.05,0.512,6.667,0.227,10.67
img_004300.jpg,1,0,1.0,0.0,0.0,0.0,3.015,1.201,8.624,0.213,13.269
img_004303.jpg,1,0,1.0,0.0,0.0,0.0,3.904,0.529,6.656,0.229,11.531
img_004306.jpg,1,0,1.0,0.0,0.0,0.0,3.927,0.53,7.027,0.233,11.946
img_004309.jpg,1,0,1.0,0.0,0.0,0.0,4.498,3.56,7.146,0.353,15.849
img_004312.jpg,1,0,1.0,0.0,0.0,0.0,4.772,2.178,7.183,0.397,14.827
img_004315.jpg,1,0,1.0,0.0,0.0,0.0,3.241,1.806,6.674,0.24,12.179
img_004318.jpg,1,0,1.0,0.0,0.0,0.0,3.179,0.739,6.832,0.23,11.29
img_004321.jpg,1,0,0.9998,0.0,0.0,0.0,3.224,0.51,6.662,0.232,10.841
img_004324.jpg,1,0,1.0,0.0,0.0,0.0,4.278,2.163,8.662,0.227,15.55
img_004327.jpg,1,0,0.9999,0.0,0.0,0.0,3.099,0.498,6.598,0.216,10.618
img_004330.jpg,1,0,1.0,0.0,0.0,0.0,3.992,0.541,6.686,0.233,11.71
img_004333.jpg,1,0,1.0,0.0,0.0,0.0,3.069,0.49,6.616,0.213,10.59
img_004336.jpg,1,0,1.0,0.0,0.0,0.0,3.819,0.502,6.676,0.23,11.442
img_004339.jpg,1,0,1.0,0.0,0.0,0.0,4.032,1.547,6.658,0.228,12.68
img_004342.jpg,1,0,1.0,0.0,0.0,0.0,4.671,0.484,6.66,0.224,12.26
img_004345.jpg,1,0,1.0,0.0,0.0,0.0,3.357,0.513,6.667,0.234,10.98
img_004348.jpg,1,0,1.0,0.0,0.0,0.0,3.31,0.496,6.706,0.227,10.948
img_004351.jpg,1,0,1.0,0.0,0.0,0.0,3.38,0.508,8.545,0.212,12.848
img_004354.jpg,1,0,1.0,0.0,0.0,0.0,3.963,0.556,6.681,0.233,11.655
img_004357.jpg,1,0,1.0,0.0,0.0,0.0,3.037,0.499,6.61,0.217,10.569
img_004360.jpg,1,0,0.9999,0.0,0.0,0.0,5.351,1.736,8.397,0.339,16.068
img_004363.jpg,1,0,0.9999,0.0,0.0,0.0,2.941,0.498,6.678,0.238,10.572
img_004366.jpg,1,0,0.9999,0.0,0.0,0.0,3.215,0.553,6.668,0.231,10.889
img_004369.jpg,1,0,1.0,0.0,0.0,0.0,5.624,2.787,7.399,0.339,16.447
img_004372.jpg,1,0,1.0,0.0,0.0,0.0,5.19,0.694,6.719,0.238,13.069
img_004375.jpg,1,0,0.9999,0.0,0.0,0.0,5.702,2.251,8.145,0.34,16.924
img_004378.jpg,1,0,0.9998,0.0,0.0,0.0,6.457,3.186,7.136,0.355,17.437
img_004381.jpg,1,0,0.9998,0.0,0.0,0.0,4.537,1.876,6.686,0.232,13.55
img_004384.jpg,1,0,0.9998,0.0,0.0,0.0,3.092,0.487,6.617,0.225,10.633
img_004387.jpg,1,0,0.997,0.0,0.0,0.0,5.619,1.207,9.134,0.35,16.591
img_004390.jpg,1,0,0.9999,0.0,0.0,0.0,3.299,0.634,6.657,0.233,11.038
img_004393.jpg,1,0,0.9999,0.0,0.0,0.0,3.876,0.513,6.668,0.225,11.535
img_004396.jpg,1,0,0.997,0.0,0.0,0.0,3.628,1.789,6.732,0.259,12.628
img_004399.jpg,1,0,0.9982,0.0,0.0,0.0,3.949,0.57,6.682,0.232,11.658
img_004402.jpg,1,0,0.9998,0.0,0.0,0.0,5.035,1.094,7.287,0.23,13.956
img_004405.jpg,1,0,0.9999,0.0,0.0,0.0,3.36,0.583,6.6,0.218,10.963
img_004408.jpg,1,0,0.9996,0.0,0.0,0.0,3.945,0.97,6.579,0.226,11.939
img_004411.jpg,1,0,0.9999,0.0,0.0,0.0,3.074,0.511,6.629,0.211,10.638
img_004414.jpg,1,0,0.9998,0.0,0.0,0.0,3.246,1.302,6.657,0.24,11.67
img_004417.jpg,1,0,0.9997,0.0,0.0,0.0,3.302,1.806,6.7,0.232,12.259
img_004420.jpg,1,0,0.9999,0.0,0.0,0.0,5.3,0.785,7.328,0.243,13.963
img_004423.jpg,1,0,0.9999,0.0,0.0,0.0,4.733,2.673,7.918,0.493,16.141
img_004426.jpg,1,0,0.9999,0.0,0.0,0.0,3.43,0.565,6.717,0.237,11.176
img_004429.jpg,1,0,0.9999,0.0,0.0,0.0,3.677,0.526,6.716,0.234,11.381
img_004432.jpg,1,0,0.9999,0.0,0.0,0.0,3.734,0.529,6.807,0.266,11.566
img_004435.jpg,1,0,0.9999,0.0,0.0,0.0,3.26,0.522,6.709,0.239,10.954
img_004438.jpg,1,0,1.0,0.0,0.0,0.0,3.395,0.637,6.692,0.279,11.233
img_004441.jpg,1,0,1.0,0.0,0.0,0.0,3.26,1.145,6.663,0.233,11.512
img_004444.jpg,1,0,1.0,0.0,0.0,0.0,3.455,0.545,7.465,0.235,11.936
img_004447.jpg,1,0,0.9999,0.0,0.0,0.0,3.249,0.547,6.632,0.221,10.87
img_004450.jpg,1,0,1.0,0.0,0.0,0.0,3.579,0.563,6.693,0.233,11.3
img_004453.jpg,1,0,1.0,0.0,0.0,0.0,3.315,0.536,6.692,0.23,11.002
img_004456.jpg,1,0,1.0,0.0,0.0,0.0,3.312,0.526,6.679,0.214,10.952
img_004459.jpg,1,0,1.0,0.0,0.0,0.0,4.379,2.973,13.61,0.333,21.596
img_004462.jpg,1,0,1.0,0.0,0.0,0.0,3.686,0.568,6.684,0.235,11.396
img_004465.jpg,1,0,1.0,0.0,0.0,0.0,3.826,0.523,6.625,0.23,11.422
img_004468.jpg,1,0,1.0,0.0,0.0,0.0,3.929,0.568,6.731,0.233,11.687
img_004471.jpg,1,1,0.9245,0.0,0.0,0.0,2.948,0.6,6.816,0.232,10.814
img_004474.jpg,1,1,0.987,0.0,0.0,0.0,2.994,0.505,6.71,0.234,10.663
img_004477.jpg,1,1,0.9976,0.0,0.0,0.0,3.333,0.527,6.667,0.216,10.954
img_004480.jpg,1,1,0.9986,0.0,0.0,0.0,2.977,0.506,6.603,0.235,10.53
img_004483.jpg,1,1,0.9988,0.0,0.0,0.0,5.185,0.668,7.144,0.336,13.627
img_004486.jpg,1,1,0.9999,0.0,0.0,0.0,3.956,0.524,6.573,0.223,11.502
img_004489.jpg,1,1,0.9988,0.0,0.0,0.0,2.913,0.56,6.607,0.217,10.509
img_004492.jpg,1,1,0.9858,0.0,0.0,0.0,2.993,0.515,6.672,0.266,10.663
img_004495.jpg,1,1,0.9995,0.0,0.0,0.0,4.233,0.536,6.586,0.234,11.814
img_004498.jpg,1,1,0.9975,0.0,0.0,0.0,2.965,0.506,6.611,0.254,10.546
img_004501.jpg,1,1,0.9993,0.0,0.0,0.0,3.003,0.505,6.714,0.228,10.666
img_004504.jpg,1,1,0.9927,0.0,0.0,0.0,3.185,0.508,6.609,0.217,10.731
img_004507.jpg,1,1,0.9984,0.0,0.0,0.0,3.384,0.512,6.691,0.23,11.039
img_004510.jpg,1,1,0.9977,0.0,0.0,0.0,3.075,0.5,6.638,0.219,10.645
img_004513.jpg,1,0,0.7327,0.0,0.0,0.0,2.947,0.518,6.591,0.213,10.476
img_004516.jpg,1,0,0.9518,0.0,0.0,0.0,2.977,0.513,6.589,0.208,10.499
img_004519.jpg,1,1,0.8373,0.0,0.0,0.0,3.799,0.538,6.647,0.226,11.431
img_004522.jpg,1,1,0.9804,0.0,0.0,0.0,3.023,0.515,6.692,0.231,10.68
img_004525.jpg,1,1,0.988,0.0,0.0,0.0,3.357,0.507,6.687,0.232,11.025
img_004528.jpg,1,1,0.9615,0.0,0.0,0.0,2.99,0.505,6.68,0.236,10.648
img_004531.jpg,1,1,0.9007,0.0,0.0,0.0,3.01,0.511,6.565,0.237,10.543
img_004534.jpg,1,1,0.9278,0.0,0.0,0.0,3.012,0.514,6.676,0.265,10.688
img_004537.jpg,1,1,0.948,0.0,0.0,0.0,2.95,0.541,6.661,0.234,10.604
img_004540.jpg,1,1,0.5946,0.0,0.0,0.0,2.96,0.501,6.512,0.225,10.403
img_004543.jpg,1,1,0.9605,0.0,0.0,0.0,3.056,0.515,6.726,0.243,10.764
img_004546.jpg,1,1,0.9755,0.0,0.0,0.0,3.12,0.534,6.694,0.232,10.798
img_004549.jpg,1,1,0.9149,0.0,0.0,0.0,2.984,0.567,8.664,0.231,12.664
img_004552.jpg,1,1,0.8812,0.0,0.0,0.0,3.845,0.541,6.678,0.234,11.525
img_004555.jpg,1,1,0.8758,0.0,0.0,0.0,3.255,0.589,6.647,0.25,10.956
img_004558.jpg,1,1,0.7985,0.0,0.0,0.0,3.239,0.742,6.657,0.23,11.092
img_004561.jpg,1,1,0.8084,0.0,0.0,0.0,3.066,0.589,6.673,0.231,10.776
img_004564.jpg,1,1,0.9357,0.0,0.0,0.0,3.173,0.508,6.676,0.23,10.803
img_004567.jpg,1,1,0.9893,0.0,0.0,0.0,3.927,1.191,7.899,0.235,13.488
img_004570.jpg,1,1,0.9517,0.0,0.0,0.0,3.208,0.536,6.721,0.234,10.918
img_004573.jpg,1,0,0.6836,0.0,0.0,0.0,2.987,0.518,7.015,0.232,10.97
img_004576.jpg,1,0,0.8651,0.0,0.0,0.0,5.396,0.563,6.564,0.221,12.975
img_004579.jpg,1,1,0.5633,0.0,0.0,0.0,2.976,0.502,6.629,0.249,10.571
img_004582.jpg,1,0,0.8398,0.0,0.0,0.0,3.073,0.508,6.641,0.214,10.65
img_004585.jpg,1,0,0.8944,0.0,0.0,0.0,5.177,3.229,12.851,0.25,21.849
img_004588.jpg,1,0,0.9743,0.0,0.0,0.0,5.05,2.066,6.7,0.229,14.262
img_004591.jpg,1,1,0.5883,0.0,0.0,0.0,6.159,0.774,7.281,0.239,14.768
img_004594.jpg,1,1,0.9963,0.0,0.0,0.0,3.334,0.531,6.731,0.233,11.058
img_004597.jpg,1,1,0.99,0.0,0.0,0.0,3.266,0.539,6.701,0.235,10.965
img_004600.jpg,1,1,0.9842,0.0,0.0,0.0,6.905,2.671,9.721,0.231,19.77
img_004603.jpg,1,1,0.982,0.0,0.0,0.0,3.475,0.557,6.651,0.214,11.119
img_004606.jpg,1,1,0.7722,0.0,0.0,0.0,3.483,0.592,6.603,0.222,11.108
img_004609.jpg,1,1,0.9813,0.0,0.0,0.0,3.399,1.642,6.789,0.263,12.338
img_004612.jpg,1,1,0.9903,0.0,0.0,0.0,3.459,0.53,6.698,0.228,11.152
img_004615.jpg,1,1,0.9956,0.0,0.0,0.0,3.543,0.523,6.612,0.208,11.104
img_004618.jpg,1,1,0.9938,0.0,0.0,0.0,3.53,0.553,6.678,0.234,11.225
img_004621.jpg,1,1,0.9969,0.0,0.0,0.0,3.571,0.528,6.672,0.227,11.234
img_004624.jpg,1,1,0.964,0.0,0.0,0.0,3.808,2.637,6.894,0.818,14.415
img_004627.jpg,1,0,0.8511,0.0,0.0,0.0,3.022,0.549,6.673,0.232,10.7
img_004630.jpg,1,1,0.9748,0.0,0.0,0.0,3.054,0.505,6.678,0.231,10.692
img_004633.jpg,1,1,0.988,0.0,0.0,0.0,3.049,0.511,6.637,0.209,10.624
img_004636.jpg,1,1,0.9964,0.0,0.0,0.0,2.961,0.545,6.705,0.24,10.669
img_004639.jpg,1,1,0.9955,0.0,0.0,0.0,2.996,0.509,6.625,0.213,10.558
img_004642.jpg,1,1,0.9964,0.0,0.0,0.0,2.97,0.509,6.621,0.208,10.521
img_004645.jpg,1,1,0.9997,0.0,0.0,0.0,3.074,0.557,6.752,0.248,10.861
img_004648.jpg,1,1,0.9987,0.0,0.0,0.0,2.943,0.508,6.631,0.311,10.601
img_004651.jpg,1,1,0.9988,0.0,0.0,0.0,3.081,0.566,6.683,0.242,10.792
img_004654.jpg,1,1,0.9943,0.0,0.0,0.0,2.954,0.503,6.631,0.227,10.529
img_004657.jpg,1,1,0.9981,0.0,0.0,0.0,2.969,0.904,6.669,0.23,10.993
img_004660.jpg,1,1,0.9825,0.0,0.0,0.0,3.007,0.518,6.602,0.218,10.565
img_004663.jpg,1,1,0.9519,0.0,0.0,0.0,3.343,0.508,6.648,0.264,10.98
img_004666.jpg,1,1,0.9897,0.0,0.0,0.0,3.425,0.542,6.694,0.232,11.113
img_004669.jpg,1,1,0.9904,0.0,0.0,0.0,3.142,0.523,6.654,0.216,10.746
img_004672.jpg,1,1,0.9898,0.0,0.0,0.0,3.138,0.503,6.741,0.229,10.825
img_004675.jpg,1,1,0.9798,0.0,0.0,0.0,3.163,0.524,6.669,0.232,10.806
img_004678.jpg,1,1,0.9728,0.0,0.0,0.0,3.985,0.785,6.663,0.225,11.871
img_004681.jpg,1,1,0.6396,0.0,0.0,0.0,3.356,0.492,6.578,0.208,10.835
img_004684.jpg,1,1,0.9801,0.0,0.0,0.0,3.01,0.58,6.651,0.226,10.676
img_004687.jpg,1,1,0.8484,0.0,0.0,0.0,5.054,1.479,7.284,0.226,14.353
img_004690.jpg,1,1,0.9501,0.0,0.0,0.0,3.107,0.527,6.617,0.217,10.679
img_004693.jpg,1,1,0.9307,0.0,0.0,0.0,3.085,0.509,6.608,0.214,10.625
img_004696.jpg,1,0,0.9061,0.0,0.0,0.0,4.613,0.716,7.315,0.234,13.183
img_004699.jpg,1,0,0.9757,0.0,0.0,0.0,3.124,0.535,6.649,0.216,10.735
img_004702.jpg,1,0,0.9793,0.0,0.0,0.0,3.483,0.565,6.733,0.243,11.248
img_004705.jpg,1,0,0.976,0.0,0.0,0.0,3.441,0.573,6.659,0.266,11.154
img_004708.jpg,1,1,0.9178,0.0,0.0,0.0,4.264,0.694,7.167,0.219,12.627
img_004711.jpg,1,1,0.5418,0.0,0.0,0.0,3.049,0.503,6.678,0.216,10.654
img_004714.jpg,1,1,0.939,0.0,0.0,0.0,3.037,0.504,6.617,0.212,10.578
img_004717.jpg,1,1,0.8306,0.0,0.0,0.0,3.025,0.499,6.592,0.212,10.536
img_004720.jpg,1,0,0.7566,0.0,0.0,0.0,5.679,2.482,6.831,0.337,15.725
img_004723.jpg,1,0,0.9585,0.0,0.0,0.0,5.638,3.742,7.363,0.226,17.305
img_004726.jpg,1,0,0.9853,0.0,0.0,0.0,4.712,3.126,7.183,0.35,15.675
img_004729.jpg,1,1,0.9854,0.0,0.0,0.0,5.603,1.351,7.345,0.341,14.937
img_004732.jpg,1,0,0.9754,0.0,0.0,0.0,3.26,0.531,6.686,0.23,10.924
img_004735.jpg,1,0,0.8213,0.0,0.0,0.0,4.3,2.029,7.308,0.231,14.174
img_004738.jpg,1,1,0.9887,0.0,0.0,0.0,4.887,1.437,7.232,0.396,14.258
img_004741.jpg,1,1,0.9988,0.0,0.0,0.0,3.904,0.519,6.672,0.232,11.548
img_004744.jpg,1,1,0.9809,0.0,0.0,0.0,2.944,0.509,6.699,0.231,10.603
img_004747.jpg,1,1,0.9953,0.0,0.0,0.0,3.35,0.515,6.657,0.267,11.012
img_004750.jpg,1,1,0.9349,0.0,0.0,0.0,2.994,0.503,6.635,0.215,10.564
img_004753.jpg,1,1,0.9999,0.0,0.0,0.0,2.929,0.519,6.696,0.265,10.625
img_004756.jpg,1,1,0.9999,0.0,0.0,0.0,3.06,0.52,6.569,0.251,10.628
img_004759.jpg,1,1,0.9962,0.0,0.0,0.0,2.954,0.509,6.699,0.263,10.647
img_004762.jpg,1,1,1.0,0.0,0.0,0.0,2.925,0.511,6.629,0.221,10.5
img_004765.jpg,1,1,0.9998,0.0,0.0,0.0,2.946,0.512,6.747,0.229,10.658
img_004768.jpg,1,1,0.9983,0.0,0.0,0.0,3.327,0.887,6.711,0.224,11.373
img_004771.jpg,1,1,0.9998,0.0,0.0,0.0,2.95,1.336,6.706,0.239,11.467
img_004774.jpg,1,1,0.9973,0.0,0.0,0.0,3.027,0.544,6.749,0.247,10.796
img_004777.jpg,1,1,0.9928,0.0,0.0,0.0,3.283,0.573,6.714,0.235,11.034
img_004780.jpg,1,1,0.9994,0.0,0.0,0.0,5.383,3.227,11.759,0.255,20.848
img_004783.jpg,1,1,0.9911,0.0,0.0,0.0,3.863,1.815,6.699,0.229,12.83
img_004786.jpg,1,1,0.9727,0.0,0.0,0.0,4.653,1.405,6.699,0.227,13.202
img_004789.jpg,1,1,0.9977,0.0,0.0,0.0,4.188,0.526,6.72,0.267,11.929
img_004792.jpg,1,1,0.9676,0.0,0.0,0.0,3.328,0.511,6.692,0.235,10.994
img_004795.jpg,1,1,0.9955,0.0,0.0,0.0,3.025,1.198,6.732,0.239,11.434
img_004798.jpg,1,1,0.9975,0.0,0.0,0.0,3.12,0.974,7.986,0.238,12.555
img_004801.jpg,1,1,0.9413,0.0,0.0,0.0,2.959,0.512,6.683,0.235,10.607
img_004804.jpg,1,1,0.9736,0.0,0.0,0.0,2.953,0.533,6.676,0.231,10.616
img_004807.jpg,1,1,0.8528,0.0,0.0,0.0,3.11,0.551,6.742,0.236,10.863
img_004810.jpg,1,0,0.5283,0.0,0.0,0.0,2.949,0.939,6.677,0.222,11.016
img_004813.jpg,1,1,0.9914,0.0,0.0,0.0,4.155,0.514,6.702,0.248,11.839
img_004816.jpg,1,1,0.844,0.0,0.0,0.0,3.194,0.659,6.738,0.229,11.047
img_004819.jpg,1,1,0.6299,0.0,0.0,0.0,2.978,0.55,6.689,0.231,10.698
img_004822.jpg,1,1,0.8835,0.0,0.0,0.0,3.037,0.514,6.673,0.246,10.689
img_004825.jpg,1,0,0.6393,0.0,0.0,0.0,3.911,0.536,6.713,0.237,11.619
img_004828.jpg,1,0,0.9105,0.0,0.0,0.0,3.004,0.542,6.7,0.241,10.711
img_004831.jpg,1,0,0.8582,0.0,0.0,0.0,2.995,0.524,6.661,0.231,10.625
img_004834.jpg,1,0,0.9889,0.0,0.0,0.0,3.035,1.026,7.856,0.24,12.38
img_004837.jpg,1,0,0.8126,0.0,0.0,0.0,2.999,0.544,6.685,0.225,10.677
img_004840.jpg,1,1,0.9584,0.0,0.0,0.0,3.075,0.551,6.734,0.236,10.823
img_004843.jpg,1,0,0.547,0.0,0.0,0.0,3.035,0.591,6.691,0.241,10.783
img_004846.jpg,1,0,0.7709,0.0,0.0,0.0,3.118,0.523,6.704,0.229,10.796
img_004849.jpg,1,0,0.9996,0.0,0.0,0.0,3.022,0.538,6.687,0.238,10.708
img_004852.jpg,1,0,0.9999,0.0,0.0,0.0,3.166,0.546,8.444,0.236,12.619
img_004855.jpg,1,0,0.9908,0.0,0.0,0.0,2.995,0.556,6.716,0.247,10.767
img_004858.jpg,1,0,0.9968,0.0,0.0,0.0,4.873,1.322,6.793,0.367,13.597
img_004861.jpg,1,0,0.9998,0.0,0.0,0.0,3.941,0.559,6.705,0.234,11.672
img_004864.jpg,1,0,0.9986,0.0,0.0,0.0,3.209,0.743,6.71,0.24,11.127
img_004867.jpg,1,0,0.9895,0.0,0.0,0.0,5.041,1.351,14.745,0.291,21.739
img_004870.jpg,1,0,0.9664,0.0,0.0,0.0,4.275,0.595,6.71,0.24,12.058
img_004873.jpg,1,0,0.9963,0.0,0.0,0.0,3.285,0.568,6.72,0.239,11.053
img_004876.jpg,1,0,0.9752,0.0,0.0,0.0,3.787,1.478,6.686,0.236,12.413
img_004879.jpg,1,0,0.9998,0.0,0.0,0.0,3.423,0.567,6.736,0.243,11.196
img_004882.jpg,1,0,0.9991,0.0,0.0,0.0,3.012,0.567,6.71,0.244,10.761
img_004885.jpg,1,0,0.9998,0.0,0.0,0.0,3.438,0.527,6.681,0.23,11.097
img_004888.jpg,1,0,0.9996,0.0,0.0,0.0,2.981,0.561,6.622,0.222,10.61
img_004891.jpg,1,0,0.9901,0.0,0.0,0.0,3.018,0.569,6.69,0.254,10.76
img_004894.jpg,1,0,0.9184,0.0,0.0,0.0,3.019,0.573,6.714,0.265,10.8
img_004897.jpg,1,0,0.7935,0.0,0.0,0.0,3.354,1.021,6.744,0.242,11.594
img_004900.jpg,1,0,0.9523,0.0,0.0,0.0,4.302,1.672,9.06,0.293,15.583
img_004903.jpg,1,0,0.7727,0.0,0.0,0.0,3.138,0.697,6.711,0.237,11.018
img_004906.jpg,1,0,0.9952,0.0,0.0,0.0,2.971,0.517,6.669,0.233,10.61
img_004909.jpg,1,1,0.5933,0.0,0.0,0.0,3.056,0.511,6.723,0.366,10.874
img_004912.jpg,1,1,0.7519,0.0,0.0,0.0,3.101,0.536,6.685,0.239,10.79
img_004915.jpg,1,1,0.9719,0.0,0.0,0.0,3.15,0.575,6.749,0.242,10.949
img_004918.jpg,1,0,0.6099,0.0,0.0,0.0,2.96,0.517,8.626,0.239,12.56
img_004921.jpg,1,0,0.9993,0.0,0.0,0.0,3.39,0.51,6.669,0.226,11.017
img_004924.jpg,1,0,0.9985,0.0,0.0,0.0,2.994,0.525,6.65,0.227,10.615
img_004927.jpg,1,0,0.9408,0.0,0.0,0.0,3.866,2.846,6.949,0.229,14.114
img_004930.jpg,1,0,0.9807,0.0,0.0,0.0,3.32,0.634,6.681,0.229,11.085
img_004933.jpg,1,0,0.9985,0.0,0.0,0.0,3.156,0.534,6.685,0.231,10.828
img_004936.jpg,1,0,0.9994,0.0,0.0,0.0,2.978,0.511,6.682,0.226,10.618
img_004939.jpg,1,0,0.9973,0.0,0.0,0.0,3.022,0.508,6.714,0.238,10.703
img_004942.jpg,1,0,0.9989,0.0,0.0,0.0,3.412,0.517,11.552,0.296,16.011
img_004945.jpg,1,0,0.9995,0.0,0.0,0.0,2.976,0.514,6.671,0.231,10.615
img_004948.jpg,1,0,0.9906,0.0,0.0,0.0,2.99,0.511,6.675,0.235,10.625
img_004951.jpg,1,0,0.9951,0.0,0.0,0.0,2.97,0.506,6.656,0.231,10.583
img_004954.jpg,1,0,0.9914,0.0,0.0,0.0,2.942,0.508,6.625,0.217,10.503
img_004957.jpg,1,0,0.8785,0.0,0.0,0.0,2.937,0.721,6.626,0.211,10.705
img_004960.jpg,1,1,0.6918,0.0,0.0,0.0,2.972,0.509,6.661,0.235,10.595
img_004963.jpg,1,0,0.9081,0.0,0.0,0.0,2.986,0.546,6.6,0.222,10.575
img_004966.jpg,1,0,0.9905,0.0,0.0,0.0,4.122,0.78,7.133,0.366,12.702
img_004969.jpg,1,0,0.908,0.0,0.0,0.0,2.984,0.515,6.656,0.223,10.593
img_004972.jpg,1,0,0.9992,0.0,0.0,0.0,2.993,0.51,6.695,0.238,10.654
img_004975.jpg,1,0,0.9998,0.0,0.0,0.0,2.997,0.557,6.696,0.24,10.744
img_004978.jpg,1,0,0.9999,0.0,0.0,0.0,3.021,0.511,6.567,0.226,10.546
img_004981.jpg,1,0,0.9999,0.0,0.0,0.0,3.867,0.506,6.603,0.225,11.415
img_004984.jpg,1,0,0.9999,0.0,0.0,0.0,3.866,0.532,6.668,0.233,11.531
img_004987.jpg,1,0,0.9999,0.0,0.0,0.0,3.894,0.52,6.675,0.233,11.55
img_004990.jpg,1,0,0.9997,0.0,0.0,0.0,3.864,0.516,6.694,0.238,11.537
img_004993.jpg,1,0,0.9999,0.0,0.0,0.0,4.873,1.77,6.764,0.25,13.894
img_004996.jpg,1,0,0.9999,0.0,0.0,0.0,3.973,0.523,6.884,0.232,11.836
img_004999.jpg,1,0,0.9979,0.0,0.0,0.0,4.684,0.547,6.67,0.234,12.362
img_005002.jpg,1,0,0.9998,0.0,0.0,0.0,5.237,1.51,9.764,0.273,17.015
img_005005.jpg,1,0,0.9999,0.0,0.0,0.0,4.514,2.178,7.11,0.345,14.496
img_005008.jpg,1,0,0.9992,0.0,0.0,0.0,3.057,0.601,6.675,0.226,10.777
img_005011.jpg,1,0,0.7966,0.0,0.0,0.0,4.849,0.556,6.564,0.231,12.421
img_005014.jpg,1,0,0.776,0.0,0.0,0.0,4.01,0.537,6.658,0.249,11.668
img_005017.jpg,1,1,0.9971,0.0,0.0,0.0,3.347,0.493,6.655,0.224,10.924
img_005020.jpg,1,1,0.9986,0.0,0.0,0.0,3.708,0.44,6.581,0.23,11.172
img_005023.jpg,1,1,0.9984,0.0,0.0,0.0,3.502,2.171,7.238,0.217,13.414
img_005026.jpg,1,1,0.9996,0.0,0.0,0.0,4.1,2.753,7.184,0.344,14.683
img_005029.jpg,1,1,0.9995,0.0,0.0,0.0,4.674,0.657,7.017,0.299,12.921
img_005032.jpg,1,1,0.9975,0.0,0.0,0.0,3.304,0.533,6.704,0.237,10.994
img_005035.jpg,1,1,0.992,0.0,0.0,0.0,4.941,2.64,9.228,0.311,17.342
img_005038.jpg,1,1,0.9859,0.0,0.0,0.0,3.97,2.192,7.101,0.348,13.956
img_005041.jpg,1,1,0.9698,0.0,0.0,0.0,3.177,0.499,6.66,0.216,10.763
img_005044.jpg,1,1,0.983,0.0,0.0,0.0,6.774,1.639,7.231,0.268,16.246
img_005047.jpg,1,1,0.9781,0.0,0.0,0.0,4.252,1.227,7.136,0.342,13.247
img_005050.jpg,1,1,0.9972,0.0,0.0,0.0,4.102,0.874,6.672,0.228,12.101
img_005053.jpg,1,1,0.9997,0.0,0.0,0.0,3.427,1.345,7.293,0.466,12.826
img_005056.jpg,1,1,0.9998,0.0,0.0,0.0,3.253,0.531,6.672,0.269,10.941
img_005059.jpg,1,1,1.0,0.0,0.0,0.0,3.376,0.595,6.653,0.226,11.066
img_005062.jpg,1,1,0.9998,0.0,0.0,0.0,5.024,0.628,6.909,0.343,13.128
img_005065.jpg,1,1,0.9999,0.0,0.0,0.0,3.07,0.513,6.724,0.238,10.761
img_005068.jpg,1,1,0.9991,0.0,0.0,0.0,3.344,0.518,6.782,0.264,11.136
img_005071.jpg,1,1,0.9997,0.0,0.0,0.0,2.976,0.505,6.664,0.234,10.653
img_005074.jpg,1,1,0.9974,0.0,0.0,0.0,2.984,0.508,6.702,0.234,10.643
img_005077.jpg,1,1,0.9992,0.0,0.0,0.0,4.302,1.496,10.875,0.244,17.151
img_005080.jpg,1,1,0.9987,0.0,0.0,0.0,3.557,0.516,6.644,0.219,11.153
img_005083.jpg,1,1,0.9987,0.0,0.0,0.0,2.971,0.577,6.708,0.24,10.719
img_005086.jpg,1,1,0.9999,0.0,0.0,0.0,6.693,2.903,12.025,0.261,22.237
img_005089.jpg,1,1,0.9999,0.0,0.0,0.0,3.358,0.514,6.615,0.22,10.921
img_005092.jpg,1,1,1.0,0.0,0.0,0.0,3.125,0.753,6.684,0.228,11.045
img_005095.jpg,1,1,1.0,0.0,0.0,0.0,5.487,2.846,6.534,0.231,15.323
img_005098.jpg,1,1,1.0,0.0,0.0,0.0,3.419,0.523,6.706,0.232,11.111
img_005101.jpg,1,1,0.9999,0.0,0.0,0.0,3.486,0.518,6.669,0.231,11.123
img_005104.jpg,1,1,0.9999,0.0,0.0,0.0,3.226,0.513,6.672,0.23,10.868
img_005107.jpg,1,1,0.9994,0.0,0.0,0.0,3.511,0.545,6.676,0.23,11.184
img_005110.jpg,1,1,0.9997,0.0,0.0,0.0,2.983,0.505,6.749,0.254,10.71
img_005113.jpg,1,1,0.9968,0.0,0.0,0.0,3.741,0.536,6.667,0.229,11.393
img_005116.jpg,1,1,0.9987,0.0,0.0,0.0,2.984,0.543,6.658,0.228,10.633
img_005119.jpg,1,1,0.9968,0.0,0.0,0.0,5.019,2.767,8.603,0.26,16.889
img_005122.jpg,1,1,1.0,0.0,0.0,0.0,4.837,0.544,6.666,0.233,12.508
img_005125.jpg,1,1,0.9999,0.0,0.0,0.0,2.988,0.508,6.677,0.237,10.629
img_005128.jpg,1,1,1.0,0.0,0.0,0.0,3.401,0.516,6.679,0.245,11.064
img_005131.jpg,1,1,1.0,0.0,0.0,0.0,2.992,0.516,6.656,0.23,10.64
img_005134.jpg,1,1,0.9999,0.0,0.0,0.0,2.978,0.506,6.658,0.23,10.588
img_005137.jpg,1,1,1.0,0.0,0.0,0.0,2.967,0.507,6.673,0.239,10.604
img_005140.jpg,1,1,1.0,0.0,0.0,0.0,2.996,0.505,6.682,0.234,10.634
img_005143.jpg,1,1,1.0,0.0,0.0,0.0,3.054,0.612,6.685,0.229,10.805
img_005146.jpg,1,1,1.0,0.0,0.0,0.0,3.377,0.509,6.602,0.23,10.944
img_005149.jpg,1,1,1.0,0.0,0.0,0.0,3.014,0.548,6.75,0.242,10.781
img_005152.jpg,1,1,0.9984,0.0,0.0,0.0,3.305,0.68,6.71,0.256,11.178
img_005155.jpg,1,1,0.999,0.0,0.0,0.0,2.984,0.602,6.678,0.228,10.717
img_005158.jpg,1,1,0.9969,0.0,0.0,0.0,2.989,0.511,6.692,0.241,10.653
img_005161.jpg,1,0,0.8357,0.0,0.0,0.0,2.968,0.524,6.714,0.256,10.679
img_005164.jpg,1,0,0.9985,0.0,0.0,0.0,3.038,0.511,6.699,0.227,10.695
img_005167.jpg,1,0,1.0,0.0,0.0,0.0,3.013,0.548,6.692,0.237,10.722
img_005170.jpg,1,0,0.9999,0.0,0.0,0.0,3.046,0.526,6.797,0.26,10.855
img_005173.jpg,1,0,1.0,0.0,0.0,0.0,3.294,0.56,6.678,0.261,11.008
img_005176.jpg,1,0,0.9996,0.0,0.0,0.0,3.583,0.743,6.72,0.238,11.51
img_005179.jpg,1,0,1.0,0.0,0.0,0.0,2.946,0.494,6.651,0.219,10.519
img_005182.jpg,1,0,0.9998,0.0,0.0,0.0,3.532,0.583,6.748,0.242,11.339
img_005185.jpg,1,0,0.9997,0.0,0.0,0.0,2.998,0.535,6.72,0.243,10.726
img_005188.jpg,1,0,0.9998,0.0,0.0,0.0,3.108,0.527,6.67,0.229,10.755
img_005191.jpg,1,0,0.998,0.0,0.0,0.0,3.325,0.504,6.671,0.237,10.963
img_005194.jpg,1,0,0.946,0.0,0.0,0.0,3.009,0.524,6.668,0.229,10.681
img_005197.jpg,1,0,0.9904,0.0,0.0,0.0,3.026,0.517,6.72,0.245,10.729
img_005200.jpg,1,0,0.9975,0.0,0.0,0.0,3.024,0.532,6.624,0.212,10.614
img_005203.jpg,1,0,0.9945,0.0,0.0,0.0,3.006,0.505,6.651,0.226,10.602
img_005206.jpg,1,0,0.9654,0.0,0.0,0.0,4.477,2.054,11.173,0.281,18.22
img_005209.jpg,1,1,0.7382,0.0,0.0,0.0,3.975,0.52,6.691,0.253,11.665
img_005212.jpg,1,1,0.9963,0.0,0.0,0.0,3.025,1.039,6.667,0.232,11.187
img_005215.jpg,1,1,0.995,0.0,0.0,0.0,5.666,0.951,6.531,0.283,13.664
img_005218.jpg,1,1,0.9454,0.0,0.0,0.0,2.953,0.997,6.669,0.233,11.067
img_005221.jpg,1,1,0.9961,0.0,0.0,0.0,3.271,0.522,6.651,0.217,10.874
img_005224.jpg,1,1,0.9889,0.0,0.0,0.0,4.107,2.38,7.072,0.369,14.243
img_005227.jpg,1,1,0.9976,0.0,0.0,0.0,3.656,0.581,6.69,0.232,11.388
img_005230.jpg,1,1,0.9977,0.0,0.0,0.0,3.308,0.522,6.672,0.236,10.968
img_005233.jpg,1,1,0.9392,0.0,0.0,0.0,4.288,2.645,6.555,0.231,13.941
img_005236.jpg,1,1,0.9589,0.0,0.0,0.0,4.235,0.523,6.665,0.233,11.883
img_005239.jpg,1,1,0.9996,0.0,0.0,0.0,3.877,0.52,6.62,0.221,11.449
img_005242.jpg,1,1,0.9994,0.0,0.0,0.0,4.746,1.664,6.685,0.242,13.563
img_005245.jpg,1,1,0.9996,0.0,0.0,0.0,4.337,0.52,6.687,0.237,12.004
img_005248.jpg,1,1,0.999,0.0,0.0,0.0,3.058,1.921,6.738,0.255,12.208
img_005251.jpg,1,1,0.9992,0.0,0.0,0.0,3.846,0.621,6.698,0.232,11.627
img_005254.jpg,1,1,0.9995,0.0,0.0,0.0,3.757,0.57,6.701,0.228,11.493
img_005257.jpg,1,1,0.9874,0.0,0.0,0.0,5.303,2.632,12.061,0.683,20.992
img_005260.jpg,1,1,0.998,0.0,0.0,0.0,4.517,3.591,7.166,0.343,15.917
img_005263.jpg,1,1,0.9983,0.0,0.0,0.0,4.9,0.842,7.221,0.355,13.682
img_005266.jpg,1,1,0.9991,0.0,0.0,0.0,3.599,0.467,6.608,0.228,11.11
img_005269.jpg,1,1,0.9986,0.0,0.0,0.0,4.391,2.748,7.337,0.342,15.124
img_005272.jpg,1,1,0.9971,0.0,0.0,0.0,4.111,0.521,6.654,0.231,11.739
img_005275.jpg,1,1,0.9989,0.0,0.0,0.0,2.936,0.507,6.616,0.225,10.493
img_005278.jpg,1,1,0.9995,0.0,0.0,0.0,3.528,0.773,6.618,0.214,11.347
img_005281.jpg,1,1,0.9988,0.0,0.0,0.0,5.208,2.647,7.624,0.388,16.185
img_005284.jpg,1,1,0.9995,0.0,0.0,0.0,3.705,0.526,6.678,0.23,11.368
img_005287.jpg,1,1,0.9995,0.0,0.0,0.0,3.345,1.385,6.676,0.232,11.862
img_005290.jpg,1,1,0.9993,0.0,0.0,0.0,5.721,0.784,7.24,0.241,14.299
img_005293.jpg,1,1,0.999,0.0,0.0,0.0,4.203,0.547,6.691,0.236,11.891
img_005296.jpg,1,1,0.9984,0.0,0.0,0.0,3.075,0.556,6.693,0.24,10.782
img_005299.jpg,1,1,0.9983,0.0,0.0,0.0,3.54,0.541,6.699,0.269,11.268
img_005302.jpg,1,1,0.9594,0.0,0.0,0.0,3.54,1.212,6.689,0.264,11.921
img_005305.jpg,1,1,0.911,0.0,0.0,0.0,4.672,0.666,7.303,0.232,13.168
img_005308.jpg,1,1,0.8021,0.0,0.0,0.0,3.642,0.507,6.525,0.228,11.11
img_005311.jpg,1,1,0.7299,0.0,0.0,0.0,3.121,1.165,6.656,0.228,11.384
img_005314.jpg,1,1,0.955,0.0,0.0,0.0,3.061,0.504,6.664,0.247,10.693
img_005317.jpg,1,1,0.9888,0.0,0.0,0.0,3.668,0.537,6.67,0.229,11.321
img_005320.jpg,1,1,0.9938,0.0,0.0,0.0,5.369,0.771,7.281,0.228,13.957
img_005323.jpg,1,1,0.7318,0.0,0.0,0.0,4.188,2.251,7.361,0.571,14.648
img_005326.jpg,1,1,0.7441,0.0,0.0,0.0,3.689,0.528,6.701,0.226,11.37
img_005329.jpg,1,1,0.9235,0.0,0.0,0.0,3.314,0.59,6.65,0.228,11.006
img_005332.jpg,1,1,0.9563,0.0,0.0,0.0,4.564,2.811,11.738,0.377,19.808
img_005335.jpg,1,1,0.995,0.0,0.0,0.0,4.023,0.681,7.182,0.337,12.518
img_005338.jpg,1,1,0.9971,0.0,0.0,0.0,2.963,0.547,6.744,0.241,10.72
img_005341.jpg,1,1,0.9922,0.0,0.0,0.0,2.973,0.499,8.518,0.232,12.441
img_005344.jpg,1,1,0.9992,0.0,0.0,0.0,2.949,0.5,6.593,0.228,10.485
img_005347.jpg,1,1,0.9982,0.0,0.0,0.0,2.926,0.514,6.647,0.213,10.509
img_005350.jpg,1,1,0.9981,0.0,0.0,0.0,3.436,0.601,6.608,0.232,11.107
img_005353.jpg,1,1,0.9997,0.0,0.0,0.0,5.169,0.82,6.667,0.232,13.1
img_005356.jpg,1,1,0.999,0.0,0.0,0.0,3.928,0.512,6.68,0.232,11.575
img_005359.jpg,1,1,0.9994,0.0,0.0,0.0,3.691,0.803,6.582,0.23,11.531
img_005362.jpg,1,1,0.9993,0.0,0.0,0.0,2.976,0.517,6.677,0.23,10.62
img_005365.jpg,1,1,0.9999,0.0,0.0,0.0,3.035,0.511,6.745,0.261,10.762
img_005368.jpg,1,1,0.9999,0.0,0.0,0.0,3.15,0.518,6.671,0.235,10.802
img_005371.jpg,1,0,0.9992,0.0,0.0,0.0,3.042,0.516,6.712,0.229,10.72
img_005374.jpg,1,0,0.9996,0.0,0.0,0.0,3.821,1.784,6.727,0.249,13.085
img_005377.jpg,1,0,0.9999,0.0,0.0,0.0,3.012,0.531,6.662,0.235,10.662
img_005380.jpg,1,0,0.9999,0.0,0.0,0.0,2.964,0.51,6.62,0.21,10.52
img_005383.jpg,1,0,0.9998,0.0,0.0,0.0,4.392,1.339,6.719,0.246,12.924
img_005386.jpg,1,0,0.9998,0.0,0.0,0.0,4.019,1.436,6.651,0.215,12.545
img_005389.jpg,1,0,0.9998,0.0,0.0,0.0,3.852,0.571,6.763,0.234,11.657
img_005392.jpg,1,0,1.0,0.0,0.0,0.0,3.653,0.521,6.704,0.247,11.356
img_005395.jpg,1,0,1.0,0.0,0.0,0.0,3.336,0.579,6.713,0.238,11.101
img_005398.jpg,1,0,1.0,0.0,0.0,0.0,3.295,0.574,6.714,0.243,11.057
img_005419.jpg,1,0,1.0,0.0,0.0,0.0,3.367,0.542,6.742,0.239,11.115
img_005422.jpg,1,0,1.0,0.0,0.0,0.0,3.019,0.545,6.705,0.258,10.749
img_005425.jpg,1,0,1.0,0.0,0.0,0.0,3.605,2.994,10.694,0.488,18.102
img_005428.jpg,1,0,1.0,0.0,0.0,0.0,4.166,0.972,6.694,0.234,12.293
img_005431.jpg,1,0,1.0,0.0,0.0,0.0,3.029,0.518,6.652,0.227,10.648
img_005434.jpg,1,0,1.0,0.0,0.0,0.0,5.571,3.626,7.782,0.228,17.533
img_005437.jpg,1,0,1.0,0.0,0.0,0.0,5.86,2.321,7.215,0.344,16.039
img_005440.jpg,1,0,1.0,0.0,0.0,0.0,3.931,0.556,6.666,0.23,11.599
img_000001.jpg,0,0,0.9308,0.0,0.0,0.0,4.479,1.928,8.826,0.22,15.667
img_000004.jpg,0,0,0.9,0.0,0.0,0.0,3.232,0.525,6.711,0.239,10.936
img_000007.jpg,0,0,0.8993,0.0,0.0,0.0,4.013,0.566,6.668,0.222,11.685
img_000010.jpg,0,0,0.9939,0.0,0.0,0.0,4.327,2.558,6.712,0.239,14.066
img_000013.jpg,0,0,0.9985,0.0,0.0,0.0,3.912,1.478,6.665,0.216,12.489
img_000016.jpg,0,0,0.8524,0.0,0.0,0.0,4.323,1.076,7.047,0.351,13.126
img_000019.jpg,0,0,0.9991,0.0,0.0,0.0,3.244,0.54,6.75,0.237,10.992
img_000022.jpg,0,0,0.9409,0.0,0.0,0.0,4.66,2.161,8.711,0.226,15.995
img_000025.jpg,0,0,0.9805,0.0,0.0,0.0,3.022,0.471,6.576,0.215,10.486
img_000028.jpg,0,0,0.9889,0.0,0.0,0.0,3.161,0.627,6.702,0.26,10.972
img_000031.jpg,0,0,0.9732,0.0,0.0,0.0,4.639,2.769,8.377,0.417,16.504
img_000034.jpg,0,0,0.9967,0.0,0.0,0.0,3.942,1.387,6.662,0.222,12.434
img_000037.jpg,0,0,0.8186,0.0,0.0,0.0,4.217,0.714,7.32,0.235,12.79
img_000040.jpg,0,0,0.9896,0.0,0.0,0.0,3.379,0.517,8.675,0.233,13.031
img_000043.jpg,0,0,0.9867,0.0,0.0,0.0,3.046,1.355,6.947,0.303,11.899
img_000046.jpg,0,0,0.8875,0.0,0.0,0.0,3.048,0.797,6.759,0.236,11.074
img_000049.jpg,0,0,0.9973,0.0,0.0,0.0,3.087,0.591,6.746,0.219,10.877
img_000052.jpg,0,0,0.9999,0.0,0.0,0.0,3.129,0.56,6.7,0.233,10.848
img_000055.jpg,0,0,0.9853,0.0,0.0,0.0,5.31,1.986,11.177,0.278,18.99
img_000058.jpg,0,0,0.9993,0.0,0.0,0.0,4.901,1.476,6.717,0.23,13.55
img_000061.jpg,0,0,0.9999,0.0,0.0,0.0,3.392,1.502,6.7,0.232,12.053
img_000064.jpg,0,0,0.9998,0.0,0.0,0.0,4.114,0.59,6.691,0.246,11.898
img_000067.jpg,0,0,0.9999,0.0,0.0,0.0,3.573,0.597,6.688,0.238,11.319
img_000070.jpg,0,0,0.9994,0.0,0.0,0.0,3.808,0.587,6.526,0.225,11.374
img_000073.jpg,0,1,0.9658,0.0,0.0,0.0,3.259,0.568,6.635,0.251,10.937
img_000076.jpg,0,0,0.9896,0.0,0.0,0.0,4.792,1.426,11.24,0.238,17.931
img_000079.jpg,0,0,0.9571,0.0,0.0,0.0,3.267,0.515,6.666,0.217,10.88
img_000082.jpg,0,0,0.995,0.0,0.0,0.0,3.281,0.523,6.66,0.215,10.902
img_000085.jpg,0,0,1.0,0.0,0.0,0.0,3.627,0.543,6.609,0.218,11.223
img_000088.jpg,0,0,0.9999,0.0,0.0,0.0,4.824,3.286,9.568,0.245,18.199
img_000091.jpg,0,0,0.9836,0.0,0.0,0.0,2.94,0.542,6.711,0.239,10.66
img_000094.jpg,0,0,0.9948,0.0,0.0,0.0,2.998,0.548,6.677,0.221,10.671
img_000097.jpg,0,0,0.9977,0.0,0.0,0.0,2.964,0.54,6.649,0.219,10.599
img_000100.jpg,0,0,0.9704,0.0,0.0,0.0,3.001,2.089,13.73,0.253,19.305
img_000103.jpg,0,0,0.9849,0.0,0.0,0.0,3.023,0.551,6.913,0.214,10.922
img_000106.jpg,0,0,0.7908,0.0,0.0,0.0,3.044,0.547,7.714,0.219,11.746
img_000109.jpg,0,1,0.6585,0.0,0.0,0.0,2.96,0.54,6.62,0.211,10.548
img_000112.jpg,0,1,0.9856,0.0,0.0,0.0,4.89,0.572,6.543,0.231,12.467
img_000115.jpg,0,0,0.539,0.0,0.0,0.0,3.203,0.555,6.626,0.234,10.834
img_000118.jpg,0,0,0.9928,0.0,0.0,0.0,2.985,0.502,7.684,0.222,11.607
img_000121.jpg,0,0,0.9721,0.0,0.0,0.0,2.994,0.52,6.623,0.224,10.597
img_000124.jpg,0,0,0.9991,0.0,0.0,0.0,3.029,0.554,6.654,0.227,10.686
img_000127.jpg,0,0,0.9985,0.0,0.0,0.0,3.005,0.948,6.639,0.216,11.021
img_000130.jpg,0,0,1.0,0.0,0.0,0.0,6.038,2.81,15.941,0.257,25.809
img_000133.jpg,0,0,1.0,0.0,0.0,0.0,3.559,0.514,6.613,0.236,11.135
img_000136.jpg,0,0,1.0,0.0,0.0,0.0,3.352,0.581,6.83,0.258,11.247
img_000139.jpg,0,0,1.0,0.0,0.0,0.0,2.952,0.62,6.631,0.222,10.648
img_000142.jpg,0,1,0.9959,0.0,0.0,0.0,3.352,0.514,14.293,0.278,18.662
img_000145.jpg,0,0,1.0,0.0,0.0,0.0,3.784,0.621,6.601,0.218,11.442
img_000148.jpg,0,0,0.9999,0.0,0.0,0.0,3.008,0.569,6.709,0.24,10.761
img_000151.jpg,0,0,1.0,0.0,0.0,0.0,2.935,0.52,6.604,0.222,10.492
img_000154.jpg,0,0,0.6511,0.0,0.0,0.0,4.54,1.537,6.578,0.232,13.125
img_000157.jpg,0,0,0.9992,0.0,0.0,0.0,3.221,0.521,6.734,0.261,10.963
img_000160.jpg,0,0,0.9978,0.0,0.0,0.0,2.998,0.521,8.603,0.236,12.569
img_000163.jpg,0,1,0.5525,0.0,0.0,0.0,5.351,1.655,11.201,0.287,18.736
img_000166.jpg,0,1,0.66,0.0,0.0,0.0,3.612,0.539,6.733,0.243,11.359
img_000169.jpg,0,1,0.5166,0.0,0.0,0.0,3.942,0.521,6.661,0.232,11.58
img_000172.jpg,0,1,0.7496,0.0,0.0,0.0,2.948,0.504,8.529,0.213,12.408
img_000175.jpg,0,1,0.8508,0.0,0.0,0.0,6.562,0.802,6.591,0.237,14.47
img_000178.jpg,0,0,0.6361,0.0,0.0,0.0,4.551,0.682,7.166,0.338,13.03
img_000181.jpg,0,1,0.8777,0.0,0.0,0.0,2.92,0.514,6.618,0.215,10.474
img_000184.jpg,0,1,0.9316,0.0,0.0,0.0,2.944,0.554,6.644,0.233,10.583
img_000187.jpg,0,0,0.6877,0.0,0.0,0.0,3.383,0.54,6.712,0.229,11.089
img_000190.jpg,0,0,0.998,0.0,0.0,0.0,2.959,0.509,6.772,0.238,10.697
img_000193.jpg,0,0,1.0,0.0,0.0,0.0,3.094,0.558,6.916,0.23,11.028
img_000196.jpg,0,0,0.9536,0.0,0.0,0.0,3.01,0.699,6.711,0.249,10.912
img_000199.jpg,0,0,0.9871,0.0,0.0,0.0,3.205,0.62,6.636,0.25,10.929
img_000202.jpg,0,0,1.0,0.0,0.0,0.0,7.93,1.401,11.018,0.236,20.839
img_000205.jpg,0,0,1.0,0.0,0.0,0.0,3.469,0.555,6.694,0.236,11.178
img_000208.jpg,0,0,1.0,0.0,0.0,0.0,7.155,1.198,6.768,0.259,15.618
img_000211.jpg,0,0,1.0,0.0,0.0,0.0,3.025,0.519,6.701,0.225,10.697
img_000214.jpg,0,0,1.0,0.0,0.0,0.0,6.948,0.575,6.914,0.228,14.894
img_000217.jpg,0,0,0.9999,0.0,0.0,0.0,3.016,1.941,7.127,0.37,12.765
img_000220.jpg,0,0,1.0,0.0,0.0,0.0,3.383,0.959,6.715,0.243,11.534
img_000223.jpg,0,0,1.0,0.0,0.0,0.0,6.172,1.036,6.691,0.225,14.36
img_000226.jpg,0,0,1.0,0.0,0.0,0.0,3.315,0.62,6.677,0.235,11.076
img_000229.jpg,0,0,1.0,0.0,0.0,0.0,3.493,0.61,6.923,0.236,11.49
img_000232.jpg,0,0,1.0,0.0,0.0,0.0,7.177,1.281,6.697,0.237,15.627
img_000235.jpg,0,0,1.0,0.0,0.0,0.0,7.623,0.542,6.692,0.237,15.33
img_000238.jpg,0,0,1.0,0.0,0.0,0.0,3.01,0.537,6.681,0.232,10.684
img_000241.jpg,0,0,1.0,0.0,0.0,0.0,3.788,0.549,6.71,0.284,11.562
img_000244.jpg,0,0,1.0,0.0,0.0,0.0,7.399,0.659,7.121,0.34,15.821
img_000247.jpg,0,0,1.0,0.0,0.0,0.0,5.475,1.838,9.955,0.23,17.725
img_000250.jpg,0,0,1.0,0.0,0.0,0.0,10.649,2.829,7.389,0.422,21.596
img_000253.jpg,0,0,1.0,0.0,0.0,0.0,7.196,0.51,6.676,0.242,14.841
img_000256.jpg,0,0,1.0,0.0,0.0,0.0,3.038,0.496,6.671,0.226,10.644
img_000259.jpg,0,0,1.0,0.0,0.0,0.0,8.884,1.257,6.705,0.242,17.309
img_000262.jpg,0,0,1.0,0.0,0.0,0.0,7.883,0.736,7.185,0.356,16.455
img_000265.jpg,0,0,1.0,0.0,0.0,0.0,3.705,3.004,7.122,0.341,14.472
img_000268.jpg,0,0,1.0,0.0,0.0,0.0,8.063,1.712,6.755,0.279,17.037
img_000271.jpg,0,0,1.0,0.0,0.0,0.0,4.516,3.005,7.239,0.36,15.426
img_000274.jpg,0,0,1.0,0.0,0.0,0.0,4.785,2.783,7.658,0.346,15.868
img_000277.jpg,0,0,0.9983,0.0,0.0,0.0,8.484,3.136,7.16,0.351,19.432
img_000280.jpg,0,0,0.9885,0.0,0.0,0.0,3.053,0.509,6.66,0.227,10.667
img_000283.jpg,0,0,0.9599,0.0,0.0,0.0,3.069,0.5,6.661,0.228,10.732
img_000286.jpg,0,0,0.851,0.0,0.0,0.0,3.202,0.563,6.65,0.228,10.861
img_000289.jpg,0,0,0.9987,0.0,0.0,0.0,3.12,0.513,6.658,0.23,10.738
img_000292.jpg,0,0,0.996,0.0,0.0,0.0,7.617,0.631,6.69,0.223,15.382
img_000295.jpg,0,0,1.0,0.0,0.0,0.0,3.261,0.899,6.65,0.227,11.29
img_000298.jpg,0,0,1.0,0.0,0.0,0.0,5.308,0.913,8.967,0.336,15.811
img_000301.jpg,0,0,1.0,0.0,0.0,0.0,11.754,2.827,8.66,0.239,23.726
img_000304.jpg,0,0,0.9997,0.0,0.0,0.0,4.58,3.275,7.397,0.422,15.982
img_000307.jpg,0,0,0.9999,0.0,0.0,0.0,6.079,1.293,7.265,0.237,15.221
img_000310.jpg,0,0,0.9992,0.0,0.0,0.0,8.686,2.517,7.557,0.342,19.396
img_000313.jpg,0,0,0.9997,0.0,0.0,0.0,5.606,3.093,7.387,0.226,16.635
img_000316.jpg,0,0,0.9999,0.0,0.0,0.0,7.17,0.534,6.701,0.232,14.878
img_000319.jpg,0,0,0.9999,0.0,0.0,0.0,6.765,0.531,6.668,0.229,14.444
img_000322.jpg,0,0,0.9998,0.0,0.0,0.0,3.29,0.565,6.702,0.236,11.032
img_000325.jpg,0,0,1.0,0.0,0.0,0.0,3.646,0.527,6.678,0.236,11.372
img_000328.jpg,0,0,0.9986,0.0,0.0,0.0,6.436,0.542,6.755,0.278,14.247
img_000331.jpg,0,0,0.9993,0.0,0.0,0.0,4.42,2.646,10.154,0.36,17.893
img_000334.jpg,0,0,0.9999,0.0,0.0,0.0,9.894,1.493,11.885,0.235,23.741
img_000337.jpg,0,0,1.0,0.0,0.0,0.0,7.647,2.823,7.858,0.461,19.115
img_000340.jpg,0,0,1.0,0.0,0.0,0.0,3.288,0.519,6.691,0.263,10.986
img_000343.jpg,0,0,1.0,0.0,0.0,0.0,9.928,1.769,7.449,0.404,19.822
img_000346.jpg,0,0,0.9999,0.0,0.0,0.0,6.141,0.524,6.906,0.258,14.056
img_000349.jpg,0,0,0.9999,0.0,0.0,0.0,3.054,0.51,6.705,0.252,10.746
img_000352.jpg,0,0,0.9999,0.0,0.0,0.0,6.798,0.6,6.71,0.241,14.583
img_000355.jpg,0,0,1.0,0.0,0.0,0.0,6.005,1.202,6.726,0.242,14.411
img_000358.jpg,0,0,1.0,0.0,0.0,0.0,3.146,0.509,6.671,0.232,10.78
img_000361.jpg,0,0,1.0,0.0,0.0,0.0,7.388,1.259,6.667,0.249,15.802
img_000364.jpg,0,0,1.0,0.0,0.0,0.0,6.881,0.529,6.728,0.236,14.605
img_000367.jpg,0,0,1.0,0.0,0.0,0.0,3.048,0.711,6.676,0.228,10.89
img_000370.jpg,0,0,1.0,0.0,0.0,0.0,10.086,3.172,7.263,0.421,21.274
img_000373.jpg,0,0,0.9999,0.0,0.0,0.0,6.628,1.251,6.665,0.235,15.013
img_000376.jpg,0,0,1.0,0.0,0.0,0.0,3.076,0.718,6.732,0.236,11.002
img_000379.jpg,0,0,0.9997,0.0,0.0,0.0,7.254,3.329,9.76,0.233,20.833
img_000382.jpg,0,0,0.9959,0.0,0.0,0.0,7.031,0.542,6.763,0.265,14.831
img_000385.jpg,0,0,0.9963,0.0,0.0,0.0,3.394,0.545,6.696,0.231,11.101
img_000388.jpg,0,0,0.9992,0.0,0.0,0.0,8.768,1.725,8.096,0.377,19.308
img_000391.jpg,0,0,0.9992,0.0,0.0,0.0,7.196,0.537,6.93,0.235,15.127
img_000394.jpg,0,0,1.0,0.0,0.0,0.0,3.207,0.556,6.682,0.232,10.91
img_000397.jpg,0,0,1.0,0.0,0.0,0.0,6.983,0.512,6.698,0.229,14.648
img_000400.jpg,0,0,1.0,0.0,0.0,0.0,6.639,0.559,6.701,0.24,14.371
img_000403.jpg,0,0,1.0,0.0,0.0,0.0,3.004,0.534,6.679,0.248,10.689
img_000406.jpg,0,0,1.0,0.0,0.0,0.0,6.776,0.536,6.684,0.236,14.457
img_000409.jpg,0,0,0.9979,0.0,0.0,0.0,5.469,0.535,6.689,0.227,13.15
img_000412.jpg,0,0,0.9978,0.0,0.0,0.0,3.204,0.853,6.692,0.279,11.263
img_000415.jpg,0,0,0.9999,0.0,0.0,0.0,7.046,0.521,6.681,0.231,14.705
img_000418.jpg,0,0,0.9992,0.0,0.0,0.0,5.501,0.612,6.719,0.245,13.312
img_000421.jpg,0,0,0.9999,0.0,0.0,0.0,2.994,0.522,6.667,0.239,10.682
img_000424.jpg,0,0,0.9999,0.0,0.0,0.0,6.944,0.541,6.677,0.229,14.614
img_000427.jpg,0,0,0.9998,0.0,0.0,0.0,5.484,0.552,6.68,0.239,13.187
img_000430.jpg,0,0,0.9999,0.0,0.0,0.0,2.988,0.647,8.681,0.234,12.771
img_000433.jpg,0,0,0.9999,0.0,0.0,0.0,11.598,0.54,7.338,0.234,19.938
img_000436.jpg,0,0,0.9997,0.0,0.0,0.0,7.552,0.548,6.577,0.23,15.141
img_000439.jpg,0,0,0.9995,0.0,0.0,0.0,3.1,0.695,6.68,0.228,10.925
img_000442.jpg,0,0,0.9999,0.0,0.0,0.0,7.283,0.517,6.669,0.233,14.929
img_000445.jpg,0,0,1.0,0.0,0.0,0.0,7.884,2.363,8.036,0.236,18.759
img_000448.jpg,0,0,1.0,0.0,0.0,0.0,3.067,0.507,6.924,0.23,10.951
img_000451.jpg,0,0,1.0,0.0,0.0,0.0,6.889,0.685,6.75,0.243,14.795
img_000454.jpg,0,0,1.0,0.0,0.0,0.0,5.748,0.518,6.752,0.296,13.544
img_000457.jpg,0,0,1.0,0.0,0.0,0.0,3.317,4.113,7.345,0.405,15.498
img_000460.jpg,0,0,1.0,0.0,0.0,0.0,13.368,2.814,13.229,0.252,29.995
img_000463.jpg,0,0,1.0,0.0,0.0,0.0,10.872,2.554,9.36,0.274,24.349
img_000466.jpg,0,0,1.0,0.0,0.0,0.0,4.467,2.626,11.227,0.28,18.871
img_000469.jpg,0,0,1.0,0.0,0.0,0.0,9.668,2.936,7.783,0.393,21.103
img_000472.jpg,0,0,1.0,0.0,0.0,0.0,8.747,0.572,6.931,0.335,16.823
img_000475.jpg,0,0,1.0,0.0,0.0,0.0,3.054,0.505,6.679,0.238,10.704
img_000478.jpg,0,0,1.0,0.0,0.0,0.0,4.917,0.712,6.691,0.233,12.783
img_000481.jpg,0,0,0.9997,0.0,0.0,0.0,5.468,0.519,6.695,0.237,13.147
img_000484.jpg,0,0,0.9993,0.0,0.0,0.0,9.393,1.718,6.951,0.355,18.655
img_000487.jpg,0,0,1.0,0.0,0.0,0.0,2.996,0.516,6.652,0.227,10.614
img_000490.jpg,0,0,0.9999,0.0,0.0,0.0,6.817,0.554,6.684,0.232,14.515
img_000493.jpg,0,1,0.7761,0.0,0.0,0.0,3.883,0.529,6.619,0.236,11.488
img_000496.jpg,0,1,0.9937,0.0,0.0,0.0,5.844,0.985,6.922,0.319,14.298
img_000499.jpg,0,0,0.9977,0.0,0.0,0.0,3.126,1.404,7.043,0.278,12.102
img_000502.jpg,0,0,0.9931,0.0,0.0,0.0,6.214,1.612,11.517,0.255,19.84
img_000505.jpg,0,0,0.991,0.0,0.0,0.0,5.624,1.61,11.032,0.246,18.745
img_000508.jpg,0,0,0.9997,0.0,0.0,0.0,4.863,2.497,14.165,0.239,22.035
img_000511.jpg,0,0,0.9997,0.0,0.0,0.0,7.998,0.881,6.649,0.236,15.981
img_000514.jpg,0,0,0.9987,0.0,0.0,0.0,2.977,0.508,6.691,0.235,10.636
img_000517.jpg,0,0,0.9996,0.0,0.0,0.0,3.912,0.537,6.668,0.228,11.573
img_000520.jpg,0,0,1.0,0.0,0.0,0.0,5.687,0.556,6.954,0.235,13.661
img_000523.jpg,0,0,0.9999,0.0,0.0,0.0,4.089,0.582,6.688,0.23,11.818
img_000526.jpg,0,0,0.9998,0.0,0.0,0.0,7.851,1.553,6.702,0.239,16.576
img_000529.jpg,0,0,0.9998,0.0,0.0,0.0,7.171,0.516,6.671,0.23,14.816
img_000532.jpg,0,0,0.9999,0.0,0.0,0.0,3.075,0.513,6.679,0.239,10.73
img_000535.jpg,0,0,0.9999,0.0,0.0,0.0,3.012,0.51,6.666,0.258,10.676
img_000538.jpg,0,0,0.999,0.0,0.0,0.0,6.714,0.51,6.665,0.264,14.379
img_000541.jpg,0,0,0.9988,0.0,0.0,0.0,3.96,0.528,6.704,0.229,11.649
img_000544.jpg,0,0,0.9996,0.0,0.0,0.0,6.988,0.568,6.759,0.249,14.794
img_000547.jpg,0,0,0.9999,0.0,0.0,0.0,5.569,0.519,6.676,0.234,13.228
img_000550.jpg,0,0,0.9955,0.0,0.0,0.0,3.926,0.517,6.658,0.228,11.554
img_000553.jpg,0,0,0.8416,0.0,0.0,0.0,7.001,0.528,6.703,0.228,14.691
img_000556.jpg,0,0,0.9984,0.0,0.0,0.0,6.249,0.537,6.919,0.228,14.162
img_000559.jpg,0,0,0.9998,0.0,0.0,0.0,2.963,0.517,6.716,0.24,10.661
img_000562.jpg,0,0,0.9989,0.0,0.0,0.0,7.038,0.874,6.698,0.235,15.072
img_000565.jpg,0,0,1.0,0.0,0.0,0.0,5.47,0.915,6.719,0.243,13.584
img_000568.jpg,0,0,0.9994,0.0,0.0,0.0,2.945,0.537,6.686,0.229,10.624
img_000571.jpg,0,0,0.999,0.0,0.0,0.0,9.255,0.843,7.309,0.362,18.122
img_000574.jpg,0,0,0.9997,0.0,0.0,0.0,6.481,0.536,6.777,0.241,14.269
img_000577.jpg,0,0,0.9976,0.0,0.0,0.0,3.638,0.563,6.709,0.233,11.376
img_000580.jpg,0,0,0.9999,0.0,0.0,0.0,7.082,0.542,6.746,0.276,14.88
img_000583.jpg,0,0,1.0,0.0,0.0,0.0,6.713,0.529,6.671,0.235,14.384
img_000586.jpg,0,0,1.0,0.0,0.0,0.0,3.344,0.539,6.763,0.232,11.111
img_000589.jpg,0,0,0.9999,0.0,0.0,0.0,8.726,1.72,7.315,0.234,18.323
img_000592.jpg,0,0,0.9996,0.0,0.0,0.0,7.377,0.935,7.191,0.384,16.194
img_000595.jpg,0,0,0.9996,0.0,0.0,0.0,3.455,0.591,6.636,0.243,11.171
img_000598.jpg,0,0,0.9998,0.0,0.0,0.0,9.342,0.599,8.594,0.281,19.058
img_000601.jpg,0,0,0.9965,0.0,0.0,0.0,9.261,2.314,11.673,0.233,23.727
img_000604.jpg,0,0,0.6403,0.0,0.0,0.0,4.749,1.367,12.653,0.259,19.251
img_000607.jpg,0,0,0.94,0.0,0.0,0.0,8.803,1.67,6.904,0.364,17.977
img_000610.jpg,0,0,0.8833,0.0,0.0,0.0,8.838,2.562,6.978,0.357,19.034
img_000613.jpg,0,0,0.9986,0.0,0.0,0.0,5.647,2.175,11.515,0.251,19.915
img_000616.jpg,0,0,0.9941,0.0,0.0,0.0,10.682,4.015,7.481,0.248,22.77
img_000619.jpg,0,0,0.8952,0.0,0.0,0.0,9.681,4.215,11.568,0.235,26.05
img_000622.jpg,0,0,0.9995,0.0,0.0,0.0,4.656,0.566,8.695,0.268,14.408
img_000625.jpg,0,0,0.9607,0.0,0.0,0.0,9.904,3.341,11.639,0.266,25.392
img_000628.jpg,0,0,0.9946,0.0,0.0,0.0,8.356,2.921,8.817,0.264,20.661
img_000631.jpg,0,0,0.9996,0.0,0.0,0.0,3.243,2.63,6.696,0.249,13.044
img_000634.jpg,0,0,0.9967,0.0,0.0,0.0,10.461,1.6,13.024,0.273,25.6
img_000637.jpg,0,0,0.9955,0.0,0.0,0.0,6.87,0.505,6.673,0.231,14.528
img_000640.jpg,0,0,0.9968,0.0,0.0,0.0,3.318,0.514,6.67,0.229,10.954
img_000643.jpg,0,0,0.9851,0.0,0.0,0.0,7.011,0.514,6.694,0.233,14.686
img_000646.jpg,0,0,0.9963,0.0,0.0,0.0,8.205,0.527,6.567,0.236,15.767
img_000649.jpg,0,0,0.99,0.0,0.0,0.0,4.141,0.627,6.867,0.232,12.103
img_000652.jpg,0,0,0.994,0.0,0.0,0.0,7.17,0.548,6.748,0.243,14.94
img_000655.jpg,0,0,0.9962,0.0,0.0,0.0,7.461,2.963,10.567,0.261,21.57
img_000658.jpg,0,0,0.9989,0.0,0.0,0.0,4.461,3.167,11.178,0.251,19.305
img_000661.jpg,0,0,0.9909,0.0,0.0,0.0,8.43,1.421,11.337,0.232,21.657
img_000664.jpg,0,0,0.9985,0.0,0.0,0.0,9.443,3.471,11.863,0.257,25.934
img_000667.jpg,0,0,0.9994,0.0,0.0,0.0,4.204,1.863,13.465,0.262,20.047
img_000670.jpg,0,0,0.9993,0.0,0.0,0.0,8.321,2.789,11.928,0.236,23.58
img_000673.jpg,0,0,0.9919,0.0,0.0,0.0,10.994,1.334,7.351,0.232,20.248
img_000676.jpg,0,0,0.9994,0.0,0.0,0.0,3.165,2.384,9.139,0.573,15.603
img_000679.jpg,0,0,0.9998,0.0,0.0,0.0,8.273,1.818,12.099,0.253,22.689
img_000682.jpg,0,0,0.9999,0.0,0.0,0.0,5.428,0.518,6.695,0.233,13.132
img_000685.jpg,0,0,0.9999,0.0,0.0,0.0,4.291,2.661,6.631,0.232,14.048
img_000688.jpg,0,0,0.9998,0.0,0.0,0.0,9.564,1.681,8.982,0.237,20.704
img_000691.jpg,0,0,0.9994,0.0,0.0,0.0,9.124,2.754,11.013,0.25,23.387
img_000694.jpg,0,0,0.9896,0.0,0.0,0.0,3.98,1.678,12.581,0.247,18.714
img_000697.jpg,0,0,0.9708,0.0,0.0,0.0,11.537,1.422,6.584,0.237,20.016
img_000700.jpg,0,0,0.9874,0.0,0.0,0.0,6.83,2.8,8.036,0.244,18.17
img_000703.jpg,0,0,0.981,0.0,0.0,0.0,5.002,3.87,12.269,0.238,21.734
img_000706.jpg,0,0,0.9344,0.0,0.0,0.0,10.314,1.916,9.697,0.453,22.982
img_000709.jpg,0,0,0.9889,0.0,0.0,0.0,9.251,2.163,8.46,0.251,20.356
img_000712.jpg,0,0,0.9921,0.0,0.0,0.0,5.542,1.662,6.942,0.338,14.714
img_000715.jpg,0,0,0.993,0.0,0.0,0.0,9.152,1.638,6.689,0.241,17.945
img_000718.jpg,0,0,0.8972,0.0,0.0,0.0,8.916,1.982,11.844,0.257,23.223
img_000721.jpg,0,0,0.9757,0.0,0.0,0.0,4.181,0.534,8.673,0.233,13.845
img_000724.jpg,0,0,0.9973,0.0,0.0,0.0,12.045,0.581,7.346,0.227,20.417
img_000727.jpg,0,0,0.9936,0.0,0.0,0.0,6.915,0.636,6.703,0.229,14.699
img_000730.jpg,0,0,0.9947,0.0,0.0,0.0,3.268,0.581,6.708,0.233,11.015
img_000733.jpg,0,0,0.9448,0.0,0.0,0.0,6.422,0.503,6.683,0.231,14.059
img_000736.jpg,0,0,0.8929,0.0,0.0,0.0,8.6,1.754,11.263,0.236,22.203
img_000739.jpg,0,0,0.9551,0.0,0.0,0.0,4.429,3.466,7.808,0.558,16.616
img_000742.jpg,0,0,0.9467,0.0,0.0,0.0,13.754,2.99,8.584,0.23,25.792
img_000745.jpg,0,0,0.7315,0.0,0.0,0.0,7.386,0.615,8.715,0.247,17.193
img_000748.jpg,0,1,0.6587,0.0,0.0,0.0,3.957,0.933,8.728,0.264,14.126
img_000751.jpg,0,0,0.9219,0.0,0.0,0.0,9.591,4.859,12.115,0.395,27.384
img_000754.jpg,0,0,0.9615,0.0,0.0,0.0,8.275,0.818,8.601,0.232,18.16
img_000757.jpg,0,0,0.9337,0.0,0.0,0.0,4.291,1.351,6.615,0.234,12.722
img_000760.jpg,0,0,0.9542,0.0,0.0,0.0,8.953,3.002,7.525,0.353,20.147
img_000763.jpg,0,0,0.9298,0.0,0.0,0.0,8.717,3.103,12.615,0.262,25.005
img_000766.jpg,0,0,0.8462,0.0,0.0,0.0,4.285,1.683,9.155,0.239,15.64
img_000769.jpg,0,1,0.9588,0.0,0.0,0.0,7.388,0.506,6.673,0.23,15.014
img_000772.jpg,0,1,0.6064,0.0,0.0,0.0,6.951,0.522,6.673,0.233,14.597
img_000775.jpg,0,0,0.759,0.0,0.0,0.0,3.112,0.491,6.664,0.235,10.716
img_000778.jpg,0,0,0.7608,0.0,0.0,0.0,6.495,0.506,6.748,0.227,14.192
img_000781.jpg,0,0,0.9342,0.0,0.0,0.0,9.073,2.986,11.828,0.225,24.338
img_000784.jpg,0,1,0.9907,0.0,0.0,0.0,3.098,0.51,6.689,0.232,10.749
img_000787.jpg,0,1,0.9224,0.0,0.0,0.0,8.56,0.576,6.712,0.239,16.322
img_000790.jpg,0,1,0.9579,0.0,0.0,0.0,6.49,0.546,6.679,0.232,14.174
img_000793.jpg,0,1,0.9342,0.0,0.0,0.0,3.103,0.565,6.664,0.268,10.828
img_000796.jpg,0,1,0.9424,0.0,0.0,0.0,9.094,1.468,11.165,0.258,22.249
img_000799.jpg,0,0,0.9627,0.0,0.0,0.0,10.331,3.207,13.479,0.258,27.583
img_000802.jpg,0,0,0.968,0.0,0.0,0.0,5.151,1.475,6.954,0.375,14.193
img_000805.jpg,0,0,0.8698,0.0,0.0,0.0,6.804,0.536,6.775,0.238,14.582
img_000808.jpg,0,1,0.8186,0.0,0.0,0.0,6.766,0.539,6.722,0.24,14.497
img_000811.jpg,0,0,0.9997,0.0,0.0,0.0,3.093,0.529,6.683,0.233,10.767
img_000814.jpg,0,0,1.0,0.0,0.0,0.0,7.829,0.534,6.678,0.274,15.543
img_000817.jpg,0,0,0.9994,0.0,0.0,0.0,6.389,0.531,6.689,0.229,14.096
img_000820.jpg,0,0,0.9961,0.0,0.0,0.0,3.954,0.519,6.684,0.228,11.615
img_000823.jpg,0,1,0.9998,0.0,0.0,0.0,6.825,0.518,6.691,0.237,14.501
img_000826.jpg,0,1,0.5431,0.0,0.0,0.0,8.457,0.713,7.137,0.357,16.973
img_000829.jpg,0,0,0.9884,0.0,0.0,0.0,5.242,3.411,11.005,0.543,20.536
img_000832.jpg,0,0,0.9964,0.0,0.0,0.0,13.805,0.802,9.087,0.23,24.422
img_000835.jpg,0,0,0.9996,0.0,0.0,0.0,6.865,0.532,6.656,0.273,14.544
img_000838.jpg,0,0,0.9915,0.0,0.0,0.0,3.443,0.51,8.459,0.231,12.857
img_000841.jpg,0,0,0.9731,0.0,0.0,0.0,8.842,2.258,11.26,0.4,23.068
img_000844.jpg,0,1,0.9966,0.0,0.0,0.0,7.907,1.877,8.328,0.277,18.634
img_000847.jpg,0,1,0.9588,0.0,0.0,0.0,3.124,0.503,6.669,0.23,10.745
img_000850.jpg,0,0,0.9988,0.0,0.0,0.0,9.952,2.908,8.189,0.38,21.745
img_000853.jpg,0,0,0.9943,0.0,0.0,0.0,8.221,1.506,7.031,0.697,17.689
img_000856.jpg,0,1,0.9774,0.0,0.0,0.0,3.981,0.761,6.729,0.232,11.931
img_000859.jpg,0,1,0.5787,0.0,0.0,0.0,9.57,0.674,7.129,0.339,18.018
img_000862.jpg,0,1,0.911,0.0,0.0,0.0,7.201,0.624,6.714,0.238,15.009
img_000865.jpg,0,1,0.9973,0.0,0.0,0.0,3.467,0.611,6.946,0.236,11.497
img_000868.jpg,0,1,0.9984,0.0,0.0,0.0,7.087,0.804,6.74,0.247,15.124
img_000871.jpg,0,1,0.9884,0.0,0.0,0.0,7.402,0.536,6.716,0.233,15.124
img_000874.jpg,0,1,0.96,0.0,0.0,0.0,3.741,0.561,6.684,0.233,11.458
img_000877.jpg,0,1,0.8716,0.0,0.0,0.0,7.173,0.532,6.686,0.272,14.892
img_000880.jpg,0,1,0.9615,0.0,0.0,0.0,6.402,0.562,6.719,0.243,14.165
img_000883.jpg,0,1,0.93,0.0,0.0,0.0,3.333,0.541,6.738,0.236,11.081
img_000886.jpg,0,1,0.8963,0.0,0.0,0.0,7.169,0.536,6.758,0.237,14.933
img_000889.jpg,0,1,0.8817,0.0,0.0,0.0,6.33,0.549,6.693,0.241,14.049
img_000892.jpg,0,1,0.906,0.0,0.0,0.0,3.277,0.539,6.717,0.226,10.994
img_000895.jpg,0,1,0.8282,0.0,0.0,0.0,8.096,0.52,6.689,0.23,15.771
img_000898.jpg,0,1,0.9256,0.0,0.0,0.0,7.11,0.534,6.696,0.23,14.802
img_000901.jpg,0,1,0.9999,0.0,0.0,0.0,3.814,2.601,7.225,0.373,14.342
img_000904.jpg,0,0,0.9996,0.0,0.0,0.0,10.247,2.109,11.35,0.351,24.306
img_000907.jpg,0,1,0.9961,0.0,0.0,0.0,12.524,2.553,11.234,0.273,26.826
img_000910.jpg,0,0,0.9995,0.0,0.0,0.0,5.646,0.72,7.271,0.233,14.182
img_000913.jpg,0,0,0.9999,0.0,0.0,0.0,8.188,0.59,6.716,0.241,15.977
img_000916.jpg,0,0,0.9997,0.0,0.0,0.0,6.925,0.548,6.694,0.24,14.64
img_000919.jpg,0,0,0.9998,0.0,0.0,0.0,8.191,2.559,14.307,0.297,25.598
img_000922.jpg,0,0,0.9997,0.0,0.0,0.0,10.766,2.072,6.87,0.35,20.31
img_000925.jpg,0,0,0.9998,0.0,0.0,0.0,7.801,0.73,8.015,0.233,17.172
img_000928.jpg,0,0,0.9998,0.0,0.0,0.0,3.356,1.768,8.705,0.236,14.279
img_000931.jpg,0,0,0.9999,0.0,0.0,0.0,7.201,0.536,6.698,0.273,14.948
img_000934.jpg,0,0,0.9998,0.0,0.0,0.0,7.046,0.922,6.688,0.227,15.12
img_000937.jpg,0,0,0.9998,0.0,0.0,0.0,3.316,1.393,8.738,0.228,13.915
img_000940.jpg,0,0,1.0,0.0,0.0,0.0,9.049,2.371,6.663,0.228,18.565
img_000943.jpg,0,0,0.9996,0.0,0.0,0.0,8.727,0.535,6.728,0.228,16.455
img_000946.jpg,0,0,0.9998,0.0,0.0,0.0,3.367,0.671,6.525,0.241,11.044
img_000949.jpg,0,0,0.9959,0.0,0.0,0.0,7.153,0.568,6.732,0.234,14.923
img_000952.jpg,0,0,0.998,0.0,0.0,0.0,7.159,0.571,6.691,0.239,14.893
img_000955.jpg,0,0,0.9988,0.0,0.0,0.0,3.289,0.532,6.699,0.234,10.986
img_000958.jpg,0,0,0.9994,0.0,0.0,0.0,7.304,0.649,6.704,0.236,15.137
img_000961.jpg,0,0,0.9981,0.0,0.0,0.0,7.04,0.55,6.702,0.24,14.765
img_000964.jpg,0,0,0.9955,0.0,0.0,0.0,4.891,0.694,7.262,0.241,13.4
img_000967.jpg,0,0,0.9998,0.0,0.0,0.0,6.896,0.513,6.692,0.231,14.56
img_000970.jpg,0,0,0.9973,0.0,0.0,0.0,6.89,0.516,6.672,0.231,14.547
img_000973.jpg,0,0,0.9964,0.0,0.0,0.0,3.104,0.623,6.682,0.229,10.857
img_000976.jpg,0,0,0.9817,0.0,0.0,0.0,6.962,0.516,6.702,0.231,14.639
img_000979.jpg,0,0,0.9996,0.0,0.0,0.0,6.299,0.516,6.725,0.23,14.001
img_000982.jpg,0,0,0.999,0.0,0.0,0.0,3.046,0.52,6.684,0.234,10.704
img_000985.jpg,0,0,0.9997,0.0,0.0,0.0,7.343,0.534,6.71,0.236,15.046
img_000988.jpg,0,0,0.9999,0.0,0.0,0.0,8.014,0.869,7.143,0.356,16.685
img_000991.jpg,0,0,0.9994,0.0,0.0,0.0,2.998,0.513,6.716,0.232,10.683
img_000994.jpg,0,0,0.9993,0.0,0.0,0.0,7.548,0.512,6.669,0.258,15.211
img_000997.jpg,0,0,0.9996,0.0,0.0,0.0,5.768,0.514,6.677,0.227,13.416
img_001000.jpg,0,0,0.9997,0.0,0.0,0.0,3.332,0.609,6.692,0.228,11.081
img_001003.jpg,0,0,0.9996,0.0,0.0,0.0,7.764,0.518,6.915,0.228,15.648
img_001006.jpg,0,0,0.9995,0.0,0.0,0.0,5.503,0.513,6.666,0.277,13.185
img_001009.jpg,0,0,0.9977,0.0,0.0,0.0,3.176,0.537,6.936,0.244,11.152
img_001012.jpg,0,0,0.9896,0.0,0.0,0.0,4.514,0.522,6.655,0.231,12.148
img_001015.jpg,0,0,0.9952,0.0,0.0,0.0,3.035,0.505,6.679,0.236,10.669
img_001018.jpg,0,0,0.9955,0.0,0.0,0.0,3.404,0.549,6.94,0.239,11.358
img_001021.jpg,0,0,0.9622,0.0,0.0,0.0,8.528,0.805,7.042,0.346,17.023
img_001024.jpg,0,0,0.9872,0.0,0.0,0.0,3.63,0.563,8.691,0.233,13.342
img_001027.jpg,0,0,0.9726,0.0,0.0,0.0,3.012,0.498,6.673,0.236,10.637
img_001030.jpg,0,0,0.989,0.0,0.0,0.0,5.572,0.516,6.664,0.274,13.25
img_001033.jpg,0,0,0.9637,0.0,0.0,0.0,3.898,0.716,7.142,0.366,12.42
img_001036.jpg,0,0,0.989,0.0,0.0,0.0,6.871,0.566,6.706,0.239,14.608
img_001039.jpg,0,0,0.9962,0.0,0.0,0.0,9.525,2.13,12.128,0.276,24.668
img_001042.jpg,0,0,0.83,0.0,0.0,0.0,5.129,2.724,12.199,0.249,20.6
img_001045.jpg,0,1,0.9937,0.0,0.0,0.0,3.437,0.521,6.743,0.236,11.163
img_001048.jpg,0,0,0.9123,0.0,0.0,0.0,6.461,0.534,6.663,0.325,14.214
img_001051.jpg,0,0,0.8514,0.0,0.0,0.0,2.989,0.512,6.694,0.239,10.658
img_001054.jpg,0,0,0.9992,0.0,0.0,0.0,9.599,1.297,8.995,0.372,20.57
img_001057.jpg,0,0,0.9999,0.0,0.0,0.0,6.076,0.525,6.584,0.232,13.652
img_001060.jpg,0,0,0.9999,0.0,0.0,0.0,4.668,0.838,11.1,0.258,17.111
img_001063.jpg,0,0,0.9967,0.0,0.0,0.0,12.206,2.271,12.897,0.265,27.886
img_001066.jpg,0,0,0.973,0.0,0.0,0.0,7.039,2.611,12.562,0.259,22.779
img_001069.jpg,0,0,0.9545,0.0,0.0,0.0,5.853,2.764,7.165,0.342,16.423
img_001072.jpg,0,0,0.5505,0.0,0.0,0.0,10.427,1.099,6.732,0.244,18.74
img_001075.jpg,0,0,1.0,0.0,0.0,0.0,6.741,0.582,6.723,0.235,14.514
img_001078.jpg,0,0,0.9999,0.0,0.0,0.0,3.038,0.52,6.923,0.228,10.933
img_001081.jpg,0,0,0.9999,0.0,0.0,0.0,7.587,0.526,6.677,0.229,15.251
img_001084.jpg,0,0,0.9973,0.0,0.0,0.0,5.813,0.536,6.673,0.248,13.498
img_001087.jpg,0,0,0.9987,0.0,0.0,0.0,3.215,0.546,6.925,0.24,11.156
img_001090.jpg,0,0,0.9997,0.0,0.0,0.0,7.635,1.571,6.726,0.28,16.473
img_001093.jpg,0,0,0.999,0.0,0.0,0.0,5.539,0.515,6.678,0.231,13.19
img_001096.jpg,0,0,0.8751,0.0,0.0,0.0,3.097,0.57,6.674,0.231,10.799
img_001099.jpg,0,1,0.7822,0.0,0.0,0.0,6.898,0.547,6.742,0.228,14.645
img_001102.jpg,0,0,0.6254,0.0,0.0,0.0,5.512,0.533,6.686,0.235,13.194
img_001105.jpg,0,0,0.9388,0.0,0.0,0.0,3.046,0.547,6.711,0.232,10.763
img_001108.jpg,0,0,0.718,0.0,0.0,0.0,6.99,0.539,6.719,0.243,14.72
img_001111.jpg,0,0,0.9569,0.0,0.0,0.0,11.244,2.691,9.952,0.246,24.497
img_001114.jpg,0,0,0.9957,0.0,0.0,0.0,4.112,0.562,6.833,0.237,11.979
img_001117.jpg,0,0,0.997,0.0,0.0,0.0,7.479,1.97,6.772,0.238,16.69
img_001120.jpg,0,0,0.9994,0.0,0.0,0.0,6.483,0.57,6.76,0.265,14.317
img_001123.jpg,0,0,0.9988,0.0,0.0,0.0,3.66,2.892,6.923,0.235,13.948
img_001126.jpg,0,0,0.9923,0.0,0.0,0.0,8.155,0.532,6.694,0.232,15.837
img_001129.jpg,0,0,0.9986,0.0,0.0,0.0,6.587,1.406,6.66,0.235,15.124
img_001132.jpg,0,0,0.9916,0.0,0.0,0.0,3.478,2.669,6.676,0.272,13.313
img_001135.jpg,0,0,0.988,0.0,0.0,0.0,9.593,2.666,6.67,0.232,19.417
img_001138.jpg,0,0,0.996,0.0,0.0,0.0,6.813,0.535,6.679,0.313,14.574
img_001141.jpg,0,0,0.9993,0.0,0.0,0.0,6.426,2.029,12.069,0.235,21.098
img_001144.jpg,0,0,0.9691,0.0,0.0,0.0,8.741,0.512,6.665,0.23,16.376
img_001147.jpg,0,0,0.9966,0.0,0.0,0.0,5.477,0.525,6.676,0.239,13.143
img_001150.jpg,0,0,0.9979,0.0,0.0,0.0,3.053,0.516,6.694,0.229,10.719
img_001153.jpg,0,0,0.9357,0.0,0.0,0.0,7.794,0.51,6.674,0.229,15.435
img_001156.jpg,0,0,0.9969,0.0,0.0,0.0,5.538,0.521,6.681,0.237,13.204
img_001159.jpg,0,0,0.9992,0.0,0.0,0.0,3.07,0.539,6.923,0.226,10.991
img_001162.jpg,0,1,0.9735,0.0,0.0,0.0,9.967,1.418,6.827,0.273,18.721
img_001165.jpg,0,1,0.9202,0.0,0.0,0.0,6.052,0.548,6.688,0.236,13.753
img_001168.jpg,0,0,0.9971,0.0,0.0,0.0,3.049,0.554,6.715,0.243,10.792
img_001171.jpg,0,0,0.9063,0.0,0.0,0.0,10.833,0.86,6.717,0.243,18.891
img_001174.jpg,0,0,0.9593,0.0,0.0,0.0,5.684,0.512,6.672,0.233,13.327
img_001177.jpg,0,0,0.6128,0.0,0.0,0.0,4.825,1.398,7.213,0.349,14.08
img_001180.jpg,0,0,0.9806,0.0,0.0,0.0,7.402,0.565,6.678,0.246,15.115
img_001183.jpg,0,0,0.9989,0.0,0.0,0.0,7.333,2.569,6.834,0.283,17.298
img_001186.jpg,0,0,0.9996,0.0,0.0,0.0,4.225,1.307,6.674,0.229,12.672
img_001189.jpg,0,0,0.9996,0.0,0.0,0.0,8.514,2.619,7.263,0.336,19.042
img_001192.jpg,0,0,0.9989,0.0,0.0,0.0,8.312,0.972,6.714,0.227,16.465
img_001195.jpg,0,0,0.9968,0.0,0.0,0.0,3.681,0.53,6.686,0.232,11.365
img_001198.jpg,0,1,0.8824,0.0,0.0,0.0,8.153,0.897,6.701,0.229,16.249
img_001201.jpg,0,1,0.9705,0.0,0.0,0.0,8.204,0.58,6.587,0.243,15.85
img_001204.jpg,0,0,0.9869,0.0,0.0,0.0,3.123,1.195,8.638,0.246,13.447
img_001207.jpg,0,0,0.9999,0.0,0.0,0.0,8.446,0.593,6.698,0.23,16.202
img_001210.jpg,0,0,0.9991,0.0,0.0,0.0,5.656,0.528,8.693,0.235,15.344
img_001213.jpg,0,0,0.9995,0.0,0.0,0.0,5.71,1.705,6.951,0.342,14.942
img_001216.jpg,0,0,0.9956,0.0,0.0,0.0,6.758,0.538,6.615,0.23,14.376
img_001219.jpg,0,0,0.9992,0.0,0.0,0.0,10.645,1.735,9.589,0.235,22.54
img_001222.jpg,0,1,0.8014,0.0,0.0,0.0,4.772,2.437,14.917,0.268,22.721
img_001225.jpg,0,0,0.9999,0.0,0.0,0.0,11.268,3.167,6.961,0.245,21.934
img_001228.jpg,0,1,0.7438,0.0,0.0,0.0,6.641,0.532,8.455,0.231,16.096
img_001231.jpg,0,0,0.5254,0.0,0.0,0.0,3.622,2.728,6.586,0.237,13.406
img_001234.jpg,0,0,0.9984,0.0,0.0,0.0,10.309,1.849,6.607,0.235,19.226
img_001237.jpg,0,0,0.9994,0.0,0.0,0.0,8.493,3.57,12.376,0.264,25.097
img_001240.jpg,0,0,0.9997,0.0,0.0,0.0,3.568,0.538,6.693,0.242,11.266
img_001243.jpg,0,1,0.5776,0.0,0.0,0.0,7.892,1.99,7.143,0.361,17.632
img_001246.jpg,0,1,0.8146,0.0,0.0,0.0,6.949,1.154,6.671,0.226,15.214
img_001249.jpg,0,1,0.9781,0.0,0.0,0.0,3.002,0.511,6.693,0.231,10.66
img_001252.jpg,0,1,0.8512,0.0,0.0,0.0,6.943,1.223,6.699,0.232,15.335
img_001255.jpg,0,0,0.9837,0.0,0.0,0.0,5.772,0.521,6.669,0.229,13.419
img_001258.jpg,0,0,0.9975,0.0,0.0,0.0,3.009,0.504,6.67,0.224,10.628
img_001261.jpg,0,0,0.9994,0.0,0.0,0.0,7.789,1.73,6.727,0.275,16.756
img_001264.jpg,0,0,0.9564,0.0,0.0,0.0,7.591,0.553,6.688,0.238,15.299
img_001267.jpg,0,0,0.9856,0.0,0.0,0.0,3.081,0.577,6.737,0.234,10.857
img_001270.jpg,0,0,0.5736,0.0,0.0,0.0,6.657,0.516,6.676,0.23,14.306
img_001273.jpg,0,0,0.9995,0.0,0.0,0.0,5.719,0.923,6.677,0.237,13.784
img_001276.jpg,0,0,0.9997,0.0,0.0,0.0,3.064,0.764,6.814,0.325,11.199
img_001279.jpg,0,0,0.9987,0.0,0.0,0.0,7.293,0.576,6.71,0.231,15.04
img_001282.jpg,0,0,0.9792,0.0,0.0,0.0,5.611,0.551,6.731,0.239,13.366
img_001285.jpg,0,0,0.9604,0.0,0.0,0.0,3.079,0.519,6.67,0.23,10.726
img_001288.jpg,0,0,0.9524,0.0,0.0,0.0,7.252,0.567,6.713,0.236,14.995
img_001291.jpg,0,0,0.9834,0.0,0.0,0.0,5.537,0.555,6.709,0.238,13.271
img_001294.jpg,0,0,0.9559,0.0,0.0,0.0,3.507,0.548,6.669,0.228,11.177
img_001297.jpg,0,0,0.7571,0.0,0.0,0.0,8.238,2.686,7.158,0.337,18.734
img_001300.jpg,0,1,0.8473,0.0,0.0,0.0,8.656,0.556,6.943,0.235,16.615
img_001303.jpg,0,0,0.9944,0.0,0.0,0.0,3.347,0.539,6.707,0.276,11.116
img_001306.jpg,0,0,0.9957,0.0,0.0,0.0,8.017,0.545,6.712,0.242,15.748
img_001309.jpg,0,0,0.992,0.0,0.0,0.0,5.613,0.862,6.694,0.231,13.629
img_001312.jpg,0,0,0.9811,0.0,0.0,0.0,3.11,0.546,6.736,0.239,10.857
img_001315.jpg,0,0,0.9652,0.0,0.0,0.0,8.829,0.521,6.735,0.224,16.536
img_001318.jpg,0,0,0.7724,0.0,0.0,0.0,7.488,0.528,6.704,0.236,15.18
img_001321.jpg,0,0,0.6568,0.0,0.0,0.0,4.42,0.516,6.994,0.231,12.384
img_001324.jpg,0,0,0.9104,0.0,0.0,0.0,8.148,0.517,6.701,0.236,15.825
img_001327.jpg,0,0,0.8868,0.0,0.0,0.0,7.861,0.509,6.699,0.23,15.52
img_001330.jpg,0,0,0.857,0.0,0.0,0.0,4.865,1.441,7.082,0.37,13.989
img_001333.jpg,0,0,0.9553,0.0,0.0,0.0,7.056,0.506,6.676,0.229,14.69
img_001336.jpg,0,0,0.9387,0.0,0.0,0.0,6.907,0.553,8.753,0.239,16.677
img_001339.jpg,0,0,0.9221,0.0,0.0,0.0,5.072,1.363,15.179,0.302,22.344
img_001342.jpg,0,0,0.8753,0.0,0.0,0.0,8.069,0.525,6.886,0.23,15.936
img_001345.jpg,0,0,0.919,0.0,0.0,0.0,5.513,0.516,6.701,0.273,13.229
img_001348.jpg,0,0,0.9778,0.0,0.0,0.0,3.024,0.512,6.775,0.24,10.771
img_001351.jpg,0,0,0.9569,0.0,0.0,0.0,9.849,2.972,14.743,0.256,28.205
img_001354.jpg,0,0,0.9824,0.0,0.0,0.0,10.333,0.772,11.53,0.256,23.127
img_001357.jpg,0,0,0.9898,0.0,0.0,0.0,6.233,1.792,9.536,0.242,18.129
img_001360.jpg,0,0,0.9892,0.0,0.0,0.0,8.622,0.591,6.708,0.247,16.407
img_001363.jpg,0,0,0.9949,0.0,0.0,0.0,6.431,0.544,8.632,0.238,16.076
img_001366.jpg,0,0,0.9371,0.0,0.0,0.0,3.881,0.586,8.761,0.233,13.698
img_001369.jpg,0,0,0.9854,0.0,0.0,0.0,9.998,0.816,8.582,0.231,19.872
img_001372.jpg,0,0,0.937,0.0,0.0,0.0,9.723,0.833,8.955,0.354,20.114
img_001375.jpg,0,0,0.9285,0.0,0.0,0.0,4.79,2.425,8.758,0.25,16.46
img_001378.jpg,0,0,0.9651,0.0,0.0,0.0,7.049,2.754,8.585,0.233,18.858
img_001381.jpg,0,0,0.9952,0.0,0.0,0.0,5.226,2.567,11.641,0.273,20.036
img_001384.jpg,0,0,0.9742,0.0,0.0,0.0,4.511,1.451,12.484,0.631,19.38
img_001387.jpg,0,0,0.9781,0.0,0.0,0.0,6.869,0.516,6.631,0.267,14.511
img_001390.jpg,0,0,0.9385,0.0,0.0,0.0,5.127,1.688,11.471,0.256,18.78
img_001393.jpg,0,0,0.9965,0.0,0.0,0.0,4.476,0.708,7.164,0.345,12.999
img_001396.jpg,0,0,0.998,0.0,0.0,0.0,9.397,0.758,7.257,0.272,17.988
img_001399.jpg,0,0,0.9974,0.0,0.0,0.0,3.185,0.519,6.927,0.23,11.083
img_001402.jpg,0,0,0.9982,0.0,0.0,0.0,8.601,0.528,6.755,0.269,16.386
img_001405.jpg,0,0,0.9978,0.0,0.0,0.0,7.458,1.514,6.732,0.243,16.193
img_001408.jpg,0,0,0.9955,0.0,0.0,0.0,3.008,0.56,6.731,0.239,10.769
img_001411.jpg,0,0,0.9973,0.0,0.0,0.0,3.052,0.51,6.659,0.226,10.668
img_001414.jpg,0,0,0.9988,0.0,0.0,0.0,5.458,0.527,6.712,0.23,13.153
img_001417.jpg,0,0,0.9969,0.0,0.0,0.0,3.433,0.522,6.697,0.226,11.104
img_001420.jpg,0,0,0.9989,0.0,0.0,0.0,8.287,1.594,6.686,0.228,17.031
img_001423.jpg,0,0,0.9993,0.0,0.0,0.0,6.752,0.509,6.654,0.227,14.376
img_001426.jpg,0,0,0.9977,0.0,0.0,0.0,3.055,0.558,6.717,0.241,10.801
img_001429.jpg,0,0,0.9954,0.0,0.0,0.0,8.588,1.347,6.717,0.299,17.184
img_001432.jpg,0,0,0.9874,0.0,0.0,0.0,8.159,1.924,6.971,0.352,17.641
img_001435.jpg,0,0,0.994,0.0,0.0,0.0,4.193,2.622,7.251,0.352,14.721
img_001438.jpg,0,0,0.9595,0.0,0.0,0.0,8.224,0.525,6.701,0.245,15.927
img_001441.jpg,0,0,0.9893,0.0,0.0,0.0,6.533,0.579,6.732,0.233,14.315
img_001444.jpg,0,0,0.9603,0.0,0.0,0.0,3.327,0.529,6.969,0.229,11.285
img_001447.jpg,0,0,0.974,0.0,0.0,0.0,7.244,0.534,6.692,0.23,14.965
img_001450.jpg,0,0,0.9636,0.0,0.0,0.0,6.457,0.592,6.697,0.234,14.216
img_001453.jpg,0,0,0.977,0.0,0.0,0.0,3.333,0.535,6.713,0.23,11.049
img_001456.jpg,0,0,0.9511,0.0,0.0,0.0,7.202,0.553,6.691,0.24,14.919
img_001459.jpg,0,0,0.934,0.0,0.0,0.0,5.034,0.59,6.68,0.233,12.774
img_001462.jpg,0,0,0.9726,0.0,0.0,0.0,3.53,0.556,6.93,0.228,11.475
img_001465.jpg,0,0,0.9783,0.0,0.0,0.0,14.015,1.497,8.998,0.233,25.062
img_001468.jpg,0,0,0.9804,0.0,0.0,0.0,6.887,3.548,13.068,0.282,24.095
img_001471.jpg,0,0,0.9724,0.0,0.0,0.0,4.705,2.862,8.121,0.239,16.17
img_001474.jpg,0,0,0.9916,0.0,0.0,0.0,7.92,2.404,7.298,0.415,18.356
img_001477.jpg,0,0,0.9855,0.0,0.0,0.0,7.219,0.551,6.742,0.252,14.993
img_001480.jpg,0,0,0.9953,0.0,0.0,0.0,3.754,1.11,6.668,0.224,11.977
img_001483.jpg,0,0,0.9987,0.0,0.0,0.0,9.546,2.49,6.714,0.235,19.218
img_001486.jpg,0,0,0.9993,0.0,0.0,0.0,7.193,1.73,6.674,0.228,16.058
img_001489.jpg,0,0,0.9999,0.0,0.0,0.0,3.931,0.701,7.158,0.343,12.425
img_001492.jpg,0,0,0.9991,0.0,0.0,0.0,7.041,0.514,6.675,0.229,14.68
img_001495.jpg,0,0,0.9991,0.0,0.0,0.0,6.12,0.519,6.668,0.23,13.757
img_001498.jpg,0,0,0.9992,0.0,0.0,0.0,3.252,0.515,6.681,0.251,10.92
img_001501.jpg,0,0,0.9914,0.0,0.0,0.0,7.444,0.534,6.668,0.229,15.1
img_001504.jpg,0,0,0.993,0.0,0.0,0.0,6.041,0.572,6.647,0.231,13.71
img_001507.jpg,0,0,0.9846,0.0,0.0,0.0,3.112,0.513,6.661,0.228,10.729
img_001510.jpg,0,0,0.9952,0.0,0.0,0.0,6.078,2.879,10.494,0.379,20.137
img_001513.jpg,0,0,0.9926,0.0,0.0,0.0,4.979,1.892,10.29,0.242,17.634
img_001516.jpg,0,0,0.979,0.0,0.0,0.0,3.788,1.062,7.052,0.419,12.658
img_001519.jpg,0,0,0.9576,0.0,0.0,0.0,8.473,1.617,14.129,0.263,24.719
img_001522.jpg,0,0,0.983,0.0,0.0,0.0,4.296,0.529,6.721,0.228,12.011
img_001525.jpg,0,0,0.9959,0.0,0.0,0.0,3.327,0.552,6.728,0.268,11.112
img_001528.jpg,0,0,0.9747,0.0,0.0,0.0,6.407,0.579,6.747,0.268,14.243
img_001531.jpg,0,0,0.9754,0.0,0.0,0.0,3.336,0.616,6.74,0.243,11.177
img_001534.jpg,0,0,0.9974,0.0,0.0,0.0,7.318,0.557,6.713,0.236,15.065
img_001537.jpg,0,0,0.9989,0.0,0.0,0.0,6.176,0.541,6.756,0.234,13.941
img_001540.jpg,0,0,0.9976,0.0,0.0,0.0,3.842,0.533,6.945,0.24,11.792
img_001543.jpg,0,0,0.6713,0.0,0.0,0.0,3.324,0.565,6.713,0.245,11.112
img_001546.jpg,0,0,0.9997,0.0,0.0,0.0,6.969,0.546,6.71,0.231,14.68
img_001549.jpg,0,0,0.9988,0.0,0.0,0.0,3.091,0.55,6.719,0.239,10.826
img_001552.jpg,0,0,0.9601,0.0,0.0,0.0,8.175,1.357,6.693,0.236,16.792
img_001555.jpg,0,0,1.0,0.0,0.0,0.0,5.574,0.515,6.719,0.239,13.277
img_001558.jpg,0,0,1.0,0.0,0.0,0.0,3.075,0.765,6.667,0.27,11.001
img_001561.jpg,0,0,0.9986,0.0,0.0,0.0,7.919,2.688,6.713,0.236,17.782
img_001564.jpg,0,0,0.9825,0.0,0.0,0.0,5.272,0.529,6.691,0.229,12.956
img_001567.jpg,0,0,0.983,0.0,0.0,0.0,3.354,0.566,6.74,0.243,11.142
img_001570.jpg,0,0,0.9857,0.0,0.0,0.0,10.214,2.951,8.033,0.36,21.896
img_001573.jpg,0,0,0.7562,0.0,0.0,0.0,6.115,0.55,8.717,0.228,15.846
img_001576.jpg,0,0,0.9898,0.0,0.0,0.0,3.321,0.534,6.684,0.236,11.01
img_001579.jpg,0,0,0.9995,0.0,0.0,0.0,7.588,0.52,6.713,0.248,15.302
img_001582.jpg,0,0,0.989,0.0,0.0,0.0,5.005,0.557,6.749,0.237,12.785
img_001585.jpg,0,0,0.9964,0.0,0.0,0.0,3.294,0.54,6.721,0.235,11.023
img_001588.jpg,0,0,0.9963,0.0,0.0,0.0,7.454,0.537,6.691,0.233,15.153
img_001591.jpg,0,0,0.9976,0.0,0.0,0.0,4.783,0.545,6.698,0.24,12.509
img_001594.jpg,0,0,0.9974,0.0,0.0,0.0,4.012,0.771,6.681,0.229,11.943
img_001597.jpg,0,0,0.9983,0.0,0.0,0.0,9.962,0.552,6.786,0.233,17.772
img_001600.jpg,0,0,0.7706,0.0,0.0,0.0,6.868,1.657,6.914,0.403,16.087
img_001603.jpg,0,0,0.9266,0.0,0.0,0.0,3.327,0.536,6.693,0.242,11.033
img_001606.jpg,0,0,0.9334,0.0,0.0,0.0,7.547,0.564,6.677,0.234,15.256
img_001609.jpg,0,0,1.0,0.0,0.0,0.0,4.855,0.548,6.715,0.231,12.585
img_001612.jpg,0,0,1.0,0.0,0.0,0.0,3.319,0.526,6.937,0.229,11.246
img_001615.jpg,0,0,0.9998,0.0,0.0,0.0,8.237,3.122,7.331,0.344,19.351
img_001618.jpg,0,0,1.0,0.0,0.0,0.0,4.464,0.838,6.689,0.241,12.457
img_001621.jpg,0,0,0.9999,0.0,0.0,0.0,4.518,2.738,8.502,0.422,16.511
img_001624.jpg,0,0,0.9999,0.0,0.0,0.0,6.68,0.521,6.73,0.231,14.4
img_001627.jpg,0,0,0.9995,0.0,0.0,0.0,4.623,0.573,6.709,0.235,12.369
img_001630.jpg,0,0,0.9997,0.0,0.0,0.0,2.989,0.514,6.703,0.251,10.684
img_001633.jpg,0,0,0.9995,0.0,0.0,0.0,6.643,0.606,6.69,0.237,14.408
img_001636.jpg,0,0,0.9997,0.0,0.0,0.0,4.846,0.524,6.709,0.227,12.532
img_001639.jpg,0,0,0.9996,0.0,0.0,0.0,2.98,0.528,6.682,0.235,10.652
img_001642.jpg,0,0,0.9997,0.0,0.0,0.0,9.42,2.953,7.246,0.433,20.501
img_001645.jpg,0,0,0.9997,0.0,0.0,0.0,5.35,0.649,6.663,0.226,13.117
img_001648.jpg,0,0,0.9973,0.0,0.0,0.0,3.351,0.542,6.676,0.228,11.027
img_001651.jpg,0,0,0.9994,0.0,0.0,0.0,9.118,1.618,6.803,0.273,18.047
img_001654.jpg,0,0,0.9999,0.0,0.0,0.0,6.428,0.593,8.398,0.281,15.941
img_001657.jpg,0,0,0.9987,0.0,0.0,0.0,3.109,0.801,8.688,0.248,13.081
img_001660.jpg,0,0,0.9911,0.0,0.0,0.0,7.768,0.862,6.62,0.236,15.722
img_001663.jpg,0,0,0.8974,0.0,0.0,0.0,2.992,0.511,6.673,0.233,10.636
img_001666.jpg,0,0,0.9979,0.0,0.0,0.0,3.354,0.561,6.762,0.241,11.153
img_001669.jpg,0,0,0.9965,0.0,0.0,0.0,5.238,0.526,6.694,0.235,12.949
img_001672.jpg,0,0,0.999,0.0,0.0,0.0,3.035,0.6,6.681,0.237,10.776
img_001675.jpg,0,0,0.999,0.0,0.0,0.0,2.977,0.501,6.663,0.228,10.621
img_001678.jpg,0,0,0.9985,0.0,0.0,0.0,5.693,2.62,6.908,0.345,15.832
img_001681.jpg,0,0,0.9936,0.0,0.0,0.0,3.56,0.535,6.678,0.236,11.233
img_001684.jpg,0,0,0.9987,0.0,0.0,0.0,7.79,2.29,6.706,0.239,17.275
img_001687.jpg,0,0,0.9958,0.0,0.0,0.0,6.575,1.928,6.724,0.242,15.701
img_001690.jpg,0,0,0.999,0.0,0.0,0.0,6.678,3.311,7.448,0.24,18.032
img_001693.jpg,0,0,1.0,0.0,0.0,0.0,3.595,0.547,6.738,0.246,11.35
img_001696.jpg,0,0,1.0,0.0,0.0,0.0,5.463,0.528,6.675,0.249,13.139
img_001699.jpg,0,0,1.0,0.0,0.0,0.0,3.121,0.509,6.676,0.24,10.765
img_001702.jpg,0,0,1.0,0.0,0.0,0.0,10.838,2.794,8.579,0.287,22.812
img_001705.jpg,0,0,1.0,0.0,0.0,0.0,5.295,0.516,6.725,0.237,12.996
img_001708.jpg,0,0,1.0,0.0,0.0,0.0,3.401,0.508,6.733,0.227,11.094
img_001711.jpg,0,0,1.0,0.0,0.0,0.0,7.889,1.268,6.708,0.239,16.375
img_001714.jpg,0,0,1.0,0.0,0.0,0.0,7.212,2.6,7.311,0.377,17.795
img_001717.jpg,0,0,1.0,0.0,0.0,0.0,4.371,2.476,6.751,0.253,14.103
img_001720.jpg,0,0,1.0,0.0,0.0,0.0,5.255,0.524,6.654,0.229,12.886
img_001723.jpg,0,0,1.0,0.0,0.0,0.0,3.161,2.698,6.663,0.23,12.971
img_001726.jpg,0,0,1.0,0.0,0.0,0.0,4.989,2.641,6.752,0.253,14.867
img_001729.jpg,0,0,1.0,0.0,0.0,0.0,7.043,2.675,6.753,0.259,16.996
img_001732.jpg,0,0,1.0,0.0,0.0,0.0,6.737,2.356,11.676,0.237,21.337
img_001735.jpg,0,0,1.0,0.0,0.0,0.0,4.08,2.434,8.917,0.269,15.946
img_001738.jpg,0,0,1.0,0.0,0.0,0.0,9.535,2.835,10.534,0.379,23.672
img_001741.jpg,0,0,1.0,0.0,0.0,0.0,5.913,3.508,13.922,0.245,23.889
img_001744.jpg,0,0,0.9996,0.0,0.0,0.0,9.705,2.745,11.624,0.238,24.605
img_001747.jpg,0,0,0.9996,0.0,0.0,0.0,6.527,2.574,11.107,0.256,20.744
img_001750.jpg,0,0,0.9988,0.0,0.0,0.0,4.184,1.867,6.887,0.287,13.463
img_001753.jpg,0,0,1.0,0.0,0.0,0.0,4.054,0.858,6.525,0.23,11.885
img_001756.jpg,0,0,0.9992,0.0,0.0,0.0,5.796,1.615,6.948,0.345,14.936
img_001759.jpg,0,0,1.0,0.0,0.0,0.0,4.449,1.853,9.963,0.369,16.938
img_001762.jpg,0,0,1.0,0.0,0.0,0.0,9.935,2.518,6.562,0.237,19.491
img_001765.jpg,0,0,0.9538,0.0,0.0,0.0,6.706,0.539,8.733,0.232,16.449
img_001768.jpg,0,0,0.9999,0.0,0.0,0.0,5.41,1.394,7.355,0.234,14.709
img_001771.jpg,0,0,1.0,0.0,0.0,0.0,10.283,3.271,7.466,0.437,21.771
img_001774.jpg,0,0,1.0,0.0,0.0,0.0,4.871,0.548,6.675,0.234,12.549
img_001777.jpg,0,0,1.0,0.0,0.0,0.0,3.399,0.775,6.702,0.241,11.346
img_001780.jpg,0,0,0.9999,0.0,0.0,0.0,3.293,0.49,6.652,0.225,10.877
img_001783.jpg,0,0,0.9999,0.0,0.0,0.0,3.871,0.474,6.592,0.22,11.362
img_001786.jpg,0,0,0.9999,0.0,0.0,0.0,3.354,0.479,6.591,0.217,10.858
img_001789.jpg,0,0,0.9999,0.0,0.0,0.0,3.008,0.506,6.597,0.214,10.538
img_001792.jpg,0,0,0.9999,0.0,0.0,0.0,3.14,2.021,6.665,0.221,12.266
img_001795.jpg,0,0,0.9999,0.0,0.0,0.0,4.359,0.782,6.687,0.231,12.279
img_001798.jpg,0,0,1.0,0.0,0.0,0.0,3.028,0.488,6.652,0.226,10.602
img_001801.jpg,0,0,1.0,0.0,0.0,0.0,6.099,1.331,10.791,0.26,18.713
img_001804.jpg,0,0,1.0,0.0,0.0,0.0,4.043,0.5,6.663,0.268,11.687
img_001807.jpg,0,0,1.0,0.0,0.0,0.0,3.417,0.501,6.659,0.227,11.014
img_001810.jpg,0,0,0.9999,0.0,0.0,0.0,5.815,1.673,6.555,0.237,14.504
img_001813.jpg,0,0,0.9999,0.0,0.0,0.0,4.092,1.586,7.102,0.439,13.513
img_001816.jpg,0,0,0.9999,0.0,0.0,0.0,3.136,0.528,6.743,0.228,10.853
img_001819.jpg,0,0,0.9999,0.0,0.0,0.0,3.548,1.97,6.623,0.229,12.599
img_001822.jpg,0,0,1.0,0.0,0.0,0.0,4.432,2.81,7.415,0.343,15.29
img_001825.jpg,0,0,1.0,0.0,0.0,0.0,3.397,0.559,6.681,0.229,11.083
img_001828.jpg,0,0,1.0,0.0,0.0,0.0,3.573,1.792,6.566,0.228,12.383
img_001831.jpg,0,0,1.0,0.0,0.0,0.0,3.374,0.745,6.653,0.228,11.217
img_001834.jpg,0,0,1.0,0.0,0.0,0.0,3.264,1.079,6.601,0.21,11.368
img_001837.jpg,0,0,1.0,0.0,0.0,0.0,3.368,0.697,6.59,0.201,11.066
img_001840.jpg,0,0,1.0,0.0,0.0,0.0,3.251,0.538,6.605,0.209,10.811
img_001843.jpg,0,0,1.0,0.0,0.0,0.0,4.456,3.015,7.228,0.379,15.429
img_001846.jpg,0,0,1.0,0.0,0.0,0.0,4.42,1.706,6.92,0.419,13.702
img_001849.jpg,0,0,1.0,0.0,0.0,0.0,3.406,0.506,6.662,0.253,11.051
img_001852.jpg,0,0,1.0,0.0,0.0,0.0,5.0,3.073,9.867,0.759,19.027
img_001855.jpg,0,0,1.0,0.0,0.0,0.0,4.664,2.474,6.892,0.863,15.138
img_001858.jpg,0,0,1.0,0.0,0.0,0.0,3.59,0.561,6.722,0.245,11.503
img_001861.jpg,0,0,1.0,0.0,0.0,0.0,4.101,2.617,9.315,0.467,16.83
img_001864.jpg,0,0,1.0,0.0,0.0,0.0,4.399,0.787,6.67,0.234,12.326
img_001867.jpg,0,0,1.0,0.0,0.0,0.0,3.915,0.543,6.737,0.23,11.658
img_001870.jpg,0,0,1.0,0.0,0.0,0.0,4.596,1.436,6.748,0.35,13.373
img_001873.jpg,0,0,0.9999,0.0,0.0,0.0,3.942,0.516,6.681,0.231,11.596
img_001876.jpg,0,0,1.0,0.0,0.0,0.0,2.989,0.503,6.65,0.253,10.614
img_001879.jpg,0,0,1.0,0.0,0.0,0.0,6.516,2.89,9.118,0.229,19.07
img_001882.jpg,0,0,1.0,0.0,0.0,0.0,3.313,0.552,6.71,0.24,11.044
img_001885.jpg,0,0,1.0,0.0,0.0,0.0,3.547,0.525,6.654,0.231,11.184
img_001888.jpg,0,0,1.0,0.0,0.0,0.0,3.081,0.954,6.658,0.23,11.145
img_001891.jpg,0,0,1.0,0.0,0.0,0.0,3.046,0.552,6.713,0.245,10.789
img_001894.jpg,0,0,1.0,0.0,0.0,0.0,3.014,0.501,6.698,0.229,10.668
img_001897.jpg,0,0,1.0,0.0,0.0,0.0,3.003,0.5,6.668,0.268,10.658
img_001900.jpg,0,0,0.9999,0.0,0.0,0.0,2.939,0.494,6.586,0.249,10.479
img_001903.jpg,0,0,0.9999,0.0,0.0,0.0,2.898,0.569,6.635,0.223,10.534
img_001906.jpg,0,0,0.9998,0.0,0.0,0.0,3.052,0.508,6.554,0.232,10.573
img_001909.jpg,0,0,1.0,0.0,0.0,0.0,2.983,1.272,6.716,0.265,11.468
img_001912.jpg,0,0,1.0,0.0,0.0,0.0,3.534,0.53,6.691,0.238,11.222
img_001915.jpg,0,0,1.0,0.0,0.0,0.0,4.393,3.17,9.255,0.228,17.289
img_001918.jpg,0,0,1.0,0.0,0.0,0.0,4.521,2.607,6.72,0.234,14.312
img_001921.jpg,0,0,0.9999,0.0,0.0,0.0,3.759,0.526,6.761,0.242,11.52
img_001924.jpg,0,0,1.0,0.0,0.0,0.0,3.453,0.567,8.736,0.248,13.242
img_001927.jpg,0,0,1.0,0.0,0.0,0.0,3.631,0.568,6.734,0.237,11.404
img_001930.jpg,0,0,1.0,0.0,0.0,0.0,3.942,0.67,7.228,0.35,12.503
img_001933.jpg,0,0,1.0,0.0,0.0,0.0,3.352,0.536,6.627,0.219,10.953
img_001936.jpg,0,0,1.0,0.0,0.0,0.0,3.619,0.528,6.681,0.235,11.294
img_001939.jpg,0,0,1.0,0.0,0.0,0.0,3.335,0.58,6.658,0.26,11.058
img_001942.jpg,0,0,0.9998,0.0,0.0,0.0,3.211,0.52,8.684,0.225,12.859
img_001945.jpg,0,0,1.0,0.0,0.0,0.0,2.923,0.518,6.668,0.241,10.568
img_001948.jpg,0,0,0.9999,0.0,0.0,0.0,2.942,0.511,6.714,0.257,10.654
img_001951.jpg,0,0,0.9999,0.0,0.0,0.0,3.365,0.522,6.679,0.232,11.065
img_001954.jpg,0,0,0.9999,0.0,0.0,0.0,3.369,0.55,6.666,0.231,11.046
img_001957.jpg,0,0,0.9999,0.0,0.0,0.0,2.954,0.598,6.693,0.24,10.719
img_001960.jpg,0,0,0.9999,0.0,0.0,0.0,3.058,0.55,6.703,0.251,10.796
img_001963.jpg,0,0,1.0,0.0,0.0,0.0,2.97,0.551,6.653,0.221,10.617
img_001966.jpg,0,0,1.0,0.0,0.0,0.0,2.989,0.644,7.066,0.236,11.262
img_001969.jpg,0,0,1.0,0.0,0.0,0.0,2.996,0.613,6.705,0.243,10.787
img_001972.jpg,0,0,1.0,0.0,0.0,0.0,2.944,2.413,6.933,0.235,12.75
img_001975.jpg,0,0,1.0,0.0,0.0,0.0,3.127,0.57,6.748,0.248,10.929
img_001978.jpg,0,0,1.0,0.0,0.0,0.0,2.958,0.546,6.699,0.25,10.687
img_001981.jpg,0,0,1.0,0.0,0.0,0.0,3.819,1.488,6.654,0.234,12.419
img_001984.jpg,0,0,1.0,0.0,0.0,0.0,3.021,0.54,6.734,0.238,10.761
img_001987.jpg,0,0,1.0,0.0,0.0,0.0,3.942,1.063,6.703,0.248,12.187
img_001990.jpg,0,0,1.0,0.0,0.0,0.0,4.921,2.691,6.847,0.289,14.988
img_001993.jpg,0,0,1.0,0.0,0.0,0.0,4.349,0.497,6.911,0.337,12.314
img_001996.jpg,0,0,1.0,0.0,0.0,0.0,3.33,0.531,6.676,0.23,10.979
img_001999.jpg,0,0,1.0,0.0,0.0,0.0,3.191,1.312,6.668,0.275,11.664
img_002002.jpg,0,0,1.0,0.0,0.0,0.0,4.234,0.932,7.209,0.396,13.08
img_002005.jpg,0,0,1.0,0.0,0.0,0.0,3.1,2.179,6.661,0.226,12.398
img_002008.jpg,0,0,1.0,0.0,0.0,0.0,3.127,0.505,8.795,0.241,12.891
img_002011.jpg,0,0,1.0,0.0,0.0,0.0,3.098,0.497,6.663,0.229,10.703
img_002014.jpg,0,0,1.0,0.0,0.0,0.0,3.727,0.55,6.706,0.239,11.492
img_002017.jpg,0,0,1.0,0.0,0.0,0.0,3.327,0.533,6.699,0.241,11.021
img_002020.jpg,0,0,1.0,0.0,0.0,0.0,3.11,0.498,6.674,0.227,10.721
img_002023.jpg,0,0,1.0,0.0,0.0,0.0,3.057,0.568,6.728,0.252,10.825
img_002026.jpg,0,0,1.0,0.0,0.0,0.0,3.056,0.508,6.676,0.259,10.705
img_002029.jpg,0,0,1.0,0.0,0.0,0.0,3.103,0.513,6.695,0.226,10.753
img_002032.jpg,0,0,1.0,0.0,0.0,0.0,3.154,0.521,6.741,0.288,10.924
img_002035.jpg,0,0,1.0,0.0,0.0,0.0,3.655,1.561,6.691,0.232,12.369
img_002038.jpg,0,0,1.0,0.0,0.0,0.0,3.142,0.507,6.704,0.239,10.809
img_002041.jpg,0,0,1.0,0.0,0.0,0.0,4.814,1.402,9.901,0.258,16.598
img_002044.jpg,0,0,1.0,0.0,0.0,0.0,4.488,1.435,7.214,0.348,13.785
img_002047.jpg,0,0,1.0,0.0,0.0,0.0,4.107,0.787,6.716,0.243,12.094
img_002050.jpg,0,0,1.0,0.0,0.0,0.0,4.264,1.649,6.7,0.242,13.077
img_002053.jpg,0,0,0.9999,0.0,0.0,0.0,4.401,1.153,6.693,0.232,12.707
img_002056.jpg,0,0,0.9999,0.0,0.0,0.0,4.31,0.762,6.715,0.228,12.238
img_002059.jpg,0,0,0.9999,0.0,0.0,0.0,3.404,0.483,6.68,0.23,11.019
img_002062.jpg,0,0,1.0,0.0,0.0,0.0,3.229,0.515,6.653,0.229,10.841
img_002065.jpg,0,0,1.0,0.0,0.0,0.0,3.25,0.5,6.647,0.232,10.842
img_002068.jpg,0,0,1.0,0.0,0.0,0.0,5.448,1.243,6.867,0.393,14.178
img_002071.jpg,0,0,0.9999,0.0,0.0,0.0,3.107,0.5,6.658,0.227,10.706
img_002074.jpg,0,0,1.0,0.0,0.0,0.0,3.062,0.563,6.666,0.229,10.738
img_002077.jpg,0,0,1.0,0.0,0.0,0.0,4.856,1.891,6.559,0.237,13.787
img_002080.jpg,0,0,1.0,0.0,0.0,0.0,4.874,2.548,7.099,0.301,15.103
img_002083.jpg,0,0,1.0,0.0,0.0,0.0,3.126,1.265,6.641,0.225,11.467
img_002086.jpg,0,0,1.0,0.0,0.0,0.0,3.179,0.558,6.58,0.239,10.78
img_002089.jpg,0,0,0.9999,0.0,0.0,0.0,3.308,0.561,6.641,0.225,10.951
img_002092.jpg,0,0,1.0,0.0,0.0,0.0,5.367,2.663,8.277,0.334,17.006
img_002095.jpg,0,0,1.0,0.0,0.0,0.0,3.307,0.547,6.696,0.221,10.981
img_002098.jpg,0,0,1.0,0.0,0.0,0.0,3.522,0.552,6.702,0.225,11.212
img_002101.jpg,0,0,1.0,0.0,0.0,0.0,3.052,0.577,8.647,0.232,12.718
img_002104.jpg,0,0,1.0,0.0,0.0,0.0,3.262,0.485,6.601,0.218,10.771
img_002107.jpg,0,0,1.0,0.0,0.0,0.0,3.155,0.511,6.676,0.233,10.787
img_002110.jpg,0,0,1.0,0.0,0.0,0.0,3.188,0.525,6.577,0.269,10.778
img_002113.jpg,0,0,1.0,0.0,0.0,0.0,3.234,0.957,6.725,0.217,11.345
img_002116.jpg,0,0,1.0,0.0,0.0,0.0,3.857,2.608,6.69,0.233,13.606
img_002119.jpg,0,0,0.9999,0.0,0.0,0.0,5.417,2.671,7.101,0.366,15.844
img_002122.jpg,0,0,1.0,0.0,0.0,0.0,4.651,1.459,6.623,0.22,13.17
img_002125.jpg,0,0,1.0,0.0,0.0,0.0,3.003,0.612,6.66,0.229,10.73
img_002128.jpg,0,0,0.9999,0.0,0.0,0.0,5.134,2.513,7.306,0.338,15.64
img_002131.jpg,0,0,0.9999,0.0,0.0,0.0,4.917,1.662,6.687,0.232,13.751
img_002134.jpg,0,0,0.9999,0.0,0.0,0.0,6.21,1.928,7.292,0.396,16.133
img_002137.jpg,0,0,0.9999,0.0,0.0,0.0,3.508,0.519,6.995,0.35,11.608
img_002140.jpg,0,0,0.9999,0.0,0.0,0.0,4.317,0.531,6.719,0.229,12.028
img_002143.jpg,0,0,1.0,0.0,0.0,0.0,4.105,0.582,6.872,0.293,12.083
img_002146.jpg,0,0,1.0,0.0,0.0,0.0,3.851,0.54,6.685,0.234,11.533
img_002149.jpg,0,0,1.0,0.0,0.0,0.0,3.959,0.542,6.692,0.237,11.662
img_002152.jpg,0,0,1.0,0.0,0.0,0.0,4.346,2.706,12.844,0.286,20.425
img_002155.jpg,0,0,1.0,0.0,0.0,0.0,4.852,0.565,6.688,0.228,12.558
img_002158.jpg,0,0,1.0,0.0,0.0,0.0,4.106,1.353,6.72,0.228,12.632
img_002161.jpg,0,0,1.0,0.0,0.0,0.0,3.954,0.559,6.666,0.22,11.617
img_002164.jpg,0,0,1.0,0.0,0.0,0.0,3.984,0.557,6.674,0.231,11.673
img_002167.jpg,0,0,1.0,0.0,0.0,0.0,4.082,0.558,6.597,0.209,11.662
img_002170.jpg,0,0,1.0,0.0,0.0,0.0,6.211,0.548,7.673,0.244,14.904
img_002173.jpg,0,0,1.0,0.0,0.0,0.0,3.904,0.509,6.65,0.235,11.519
img_002176.jpg,0,0,1.0,0.0,0.0,0.0,3.906,0.518,6.682,0.236,11.566
img_002179.jpg,0,0,0.9999,0.0,0.0,0.0,3.955,0.513,6.692,0.236,11.616
img_002182.jpg,0,0,1.0,0.0,0.0,0.0,3.913,0.512,6.598,0.219,11.46
img_002185.jpg,0,0,0.9999,0.0,0.0,0.0,3.956,0.554,6.678,0.228,11.64
img_002188.jpg,0,0,0.9999,0.0,0.0,0.0,3.957,0.795,6.671,0.23,11.877
img_002191.jpg,0,0,0.9999,0.0,0.0,0.0,3.911,0.517,6.665,0.234,11.547
img_002194.jpg,0,0,0.9999,0.0,0.0,0.0,3.893,0.556,6.764,0.25,11.692
img_002197.jpg,0,0,0.9999,0.0,0.0,0.0,4.025,0.555,6.689,0.257,11.758
img_002200.jpg,0,0,0.9999,0.0,0.0,0.0,3.959,0.553,6.737,0.234,11.712
img_002203.jpg,0,0,0.9999,0.0,0.0,0.0,3.946,0.546,6.789,0.312,11.825
img_002206.jpg,0,0,0.9999,0.0,0.0,0.0,3.938,0.509,6.671,0.229,11.574
img_002209.jpg,0,0,0.9999,0.0,0.0,0.0,4.201,0.581,6.714,0.241,11.975
img_002212.jpg,0,0,1.0,0.0,0.0,0.0,5.395,2.918,9.308,0.279,18.217
img_002215.jpg,0,0,1.0,0.0,0.0,0.0,3.67,0.565,6.63,0.205,11.289
img_002218.jpg,0,0,0.9999,0.0,0.0,0.0,3.539,0.571,6.765,0.243,11.354
img_002221.jpg,0,0,0.9999,0.0,0.0,0.0,3.938,0.506,6.682,0.235,11.587
img_002224.jpg,0,0,0.9999,0.0,0.0,0.0,3.972,0.558,6.689,0.241,11.689
img_002227.jpg,0,0,1.0,0.0,0.0,0.0,4.508,3.31,6.851,0.321,15.23
img_002230.jpg,0,0,1.0,0.0,0.0,0.0,3.909,0.545,6.712,0.243,11.638
img_002233.jpg,0,0,1.0,0.0,0.0,0.0,3.938,0.59,6.695,0.235,11.699
img_002236.jpg,0,0,1.0,0.0,0.0,0.0,6.194,4.621,11.874,0.247,23.298
img_002239.jpg,0,0,1.0,0.0,0.0,0.0,4.891,0.568,6.698,0.226,12.601
img_002242.jpg,0,0,1.0,0.0,0.0,0.0,3.972,0.513,6.658,0.234,11.598
img_002245.jpg,0,0,1.0,0.0,0.0,0.0,4.462,3.161,6.669,0.236,14.75
img_002248.jpg,0,0,1.0,0.0,0.0,0.0,4.25,0.552,6.681,0.23,11.948
img_002251.jpg,0,0,1.0,0.0,0.0,0.0,4.209,0.574,6.706,0.237,11.968
img_002254.jpg,0,0,0.9999,0.0,0.0,0.0,4.243,0.523,6.718,0.234,11.951
img_002257.jpg,0,0,0.9999,0.0,0.0,0.0,5.347,2.062,6.705,0.239,14.581
img_002260.jpg,0,0,1.0,0.0,0.0,0.0,4.594,1.452,6.755,0.283,13.315
img_002263.jpg,0,0,1.0,0.0,0.0,0.0,4.465,0.564,6.7,0.24,12.198
img_002266.jpg,0,0,1.0,0.0,0.0,0.0,3.054,0.482,6.658,0.225,10.629
img_002269.jpg,0,0,0.9999,0.0,0.0,0.0,3.856,1.292,11.133,0.263,16.776
img_002272.jpg,0,0,0.9999,0.0,0.0,0.0,4.269,0.869,7.384,0.257,13.688
img_002275.jpg,0,0,1.0,0.0,0.0,0.0,3.298,0.521,6.627,0.216,10.878
img_002278.jpg,0,0,1.0,0.0,0.0,0.0,4.974,2.413,10.864,0.233,18.701
img_002281.jpg,0,0,1.0,0.0,0.0,0.0,5.216,1.451,7.188,0.353,14.5
img_002284.jpg,0,0,1.0,0.0,0.0,0.0,3.392,0.715,8.1,0.292,12.849
img_002287.jpg,0,0,1.0,0.0,0.0,0.0,3.912,0.514,6.599,0.26,11.513
img_002290.jpg,0,0,1.0,0.0,0.0,0.0,3.918,2.017,7.569,0.448,14.269
img_002293.jpg,0,0,1.0,0.0,0.0,0.0,4.779,2.674,7.136,0.35,15.249
img_002296.jpg,0,0,1.0,0.0,0.0,0.0,3.583,0.959,6.784,0.243,11.811
img_002299.jpg,0,0,1.0,0.0,0.0,0.0,3.333,0.514,6.711,0.233,11.019
img_002302.jpg,0,0,1.0,0.0,0.0,0.0,6.556,2.835,8.986,0.231,18.925
img_002305.jpg,0,0,0.9999,0.0,0.0,0.0,3.597,0.524,6.692,0.236,11.282
img_002308.jpg,0,0,1.0,0.0,0.0,0.0,3.66,0.518,6.729,0.236,11.373
img_002311.jpg,0,0,1.0,0.0,0.0,0.0,3.305,0.522,6.596,0.216,10.858
img_002314.jpg,0,0,1.0,0.0,0.0,0.0,3.334,0.571,6.763,0.244,11.147
img_002317.jpg,0,0,0.9998,0.0,0.0,0.0,3.652,0.555,6.698,0.238,11.371
img_002320.jpg,0,0,0.9997,0.0,0.0,0.0,3.646,0.521,6.627,0.261,11.281
img_002323.jpg,0,1,0.5034,0.0,0.0,0.0,3.315,0.523,6.688,0.275,11.025
img_002326.jpg,0,0,0.9995,0.0,0.0,0.0,3.188,1.341,6.672,0.226,11.648
img_002329.jpg,0,0,0.9637,0.0,0.0,0.0,4.428,1.057,7.131,0.306,13.212
img_002332.jpg,0,0,0.999,0.0,0.0,0.0,4.517,3.065,11.561,0.246,19.626
img_002335.jpg,0,0,0.912,0.0,0.0,0.0,5.286,1.262,7.165,0.359,14.374
img_002338.jpg,0,0,0.9989,0.0,0.0,0.0,3.108,0.499,6.605,0.223,10.644
img_002341.jpg,0,0,0.9994,0.0,0.0,0.0,3.072,0.525,6.716,0.277,10.814
img_002344.jpg,0,0,0.9999,0.0,0.0,0.0,3.117,0.496,6.553,0.233,10.615
img_002347.jpg,0,0,1.0,0.0,0.0,0.0,3.229,1.131,6.58,0.214,11.367
img_002350.jpg,0,0,1.0,0.0,0.0,0.0,5.204,3.11,7.553,0.343,16.509
img_002353.jpg,0,0,1.0,0.0,0.0,0.0,3.964,1.588,6.71,0.244,12.731
img_002356.jpg,0,0,1.0,0.0,0.0,0.0,5.251,1.043,7.343,0.231,14.184
img_002359.jpg,0,0,1.0,0.0,0.0,0.0,3.432,0.493,6.614,0.218,10.966
img_002362.jpg,0,0,1.0,0.0,0.0,0.0,2.953,2.293,6.61,0.213,12.284
img_002365.jpg,0,0,1.0,0.0,0.0,0.0,3.459,0.879,7.356,0.308,12.966
img_002368.jpg,0,0,1.0,0.0,0.0,0.0,3.433,0.522,6.53,0.225,10.929
img_002371.jpg,0,0,1.0,0.0,0.0,0.0,3.294,0.529,6.621,0.211,10.869
img_002374.jpg,0,0,1.0,0.0,0.0,0.0,3.906,2.715,7.159,0.333,14.435
img_002377.jpg,0,0,1.0,0.0,0.0,0.0,3.342,0.513,6.726,0.234,11.035
img_002380.jpg,0,0,1.0,0.0,0.0,0.0,3.434,0.948,6.702,0.239,11.547
img_002383.jpg,0,0,0.9999,0.0,0.0,0.0,4.341,1.325,6.624,0.225,12.738
img_002386.jpg,0,0,1.0,0.0,0.0,0.0,3.564,0.882,6.655,0.268,11.591
img_002389.jpg,0,0,1.0,0.0,0.0,0.0,3.343,0.495,6.607,0.215,10.865
img_002392.jpg,0,0,1.0,0.0,0.0,0.0,3.962,1.2,6.844,0.267,12.516
img_002395.jpg,0,0,1.0,0.0,0.0,0.0,3.805,0.565,6.658,0.234,11.488
