image,true_label,pred_label,confidence,input_and_metadata_ms,region_validation_ms,crop_extraction_ms,resize_and_preprocess_ms,batch_construction_ms,model_inference_ms,majority_vote_ms,total_ms
img_000001.jpg,1,0,0.9992,0.0,0.0,0.0,11.335,2.348,4.767,0.468,19.227
img_000004.jpg,1,0,0.9998,0.0,0.0,0.0,7.494,0.571,3.198,0.219,11.705
img_000007.jpg,1,0,0.9997,0.0,0.0,0.0,3.079,0.511,3.227,0.214,7.239
img_000010.jpg,1,0,0.9995,0.0,0.0,0.0,15.969,1.745,3.259,0.21,21.405
img_000013.jpg,1,0,0.9948,0.0,0.0,0.0,5.269,1.314,3.04,0.211,10.055
img_000016.jpg,1,0,0.9994,0.0,0.0,0.0,3.289,1.269,3.149,0.203,8.154
img_000019.jpg,1,0,0.9945,0.0,0.0,0.0,3.049,1.301,3.164,0.203,7.924
img_000022.jpg,1,0,0.9974,0.0,0.0,0.0,3.072,1.287,3.149,0.209,7.927
img_000025.jpg,1,0,0.9954,0.0,0.0,0.0,4.5,1.856,4.89,0.233,11.693
img_000028.jpg,1,0,0.9893,0.0,0.0,0.0,4.447,0.538,3.228,0.232,8.664
img_000031.jpg,1,0,0.9964,0.0,0.0,0.0,3.607,0.489,3.253,0.223,7.795
img_000034.jpg,1,0,0.9818,0.0,0.0,0.0,3.212,0.542,3.219,0.201,7.416
img_000037.jpg,1,0,0.9998,0.0,0.0,0.0,3.888,1.361,3.39,0.251,9.115
img_000040.jpg,1,0,0.9973,0.0,0.0,0.0,3.863,2.316,3.192,0.221,9.818
img_000043.jpg,1,0,0.9944,0.0,0.0,0.0,5.335,0.693,3.473,0.311,10.104
img_000046.jpg,1,0,0.9826,0.0,0.0,0.0,3.119,0.518,3.214,0.227,7.298
img_000049.jpg,1,0,0.9916,0.0,0.0,0.0,4.064,1.64,3.899,0.22,10.037
img_000052.jpg,1,0,0.9906,0.0,0.0,0.0,5.316,3.103,3.571,0.47,12.756
img_000055.jpg,1,0,0.9918,0.0,0.0,0.0,3.843,0.52,3.192,0.21,7.978
img_000058.jpg,1,0,0.9809,0.0,0.0,0.0,3.133,0.495,3.064,0.21,7.11
img_000061.jpg,1,0,0.9617,0.0,0.0,0.0,4.263,2.601,6.018,0.341,13.489
img_000064.jpg,1,0,0.9813,0.0,0.0,0.0,4.333,2.729,3.246,0.215,10.755
img_000067.jpg,1,0,0.9947,0.0,0.0,0.0,4.027,0.539,3.166,0.235,8.186
img_000070.jpg,1,0,0.9894,0.0,0.0,0.0,3.139,0.519,3.155,0.212,7.237
img_000073.jpg,1,0,0.9811,0.0,0.0,0.0,3.682,1.398,3.692,0.387,9.507
img_000076.jpg,1,0,0.9756,0.0,0.0,0.0,4.102,0.539,3.115,0.257,8.247
img_000079.jpg,1,0,0.9753,0.0,0.0,0.0,3.841,0.545,3.185,0.22,8.008
img_000082.jpg,1,0,0.9851,0.0,0.0,0.0,4.586,0.524,3.207,0.216,8.758
img_000085.jpg,1,0,0.8132,0.0,0.0,0.0,4.224,0.521,3.164,0.207,8.333
img_000088.jpg,1,0,0.9793,0.0,0.0,0.0,4.024,2.097,3.357,0.216,9.928
img_000091.jpg,1,0,0.99,0.0,0.0,0.0,4.941,0.526,3.263,0.227,9.193
img_000094.jpg,1,0,0.9666,0.0,0.0,0.0,4.234,0.527,3.117,0.229,8.349
img_000097.jpg,1,0,0.9758,0.0,0.0,0.0,4.141,0.527,3.05,0.212,8.155
img_000100.jpg,1,0,0.9943,0.0,0.0,0.0,4.617,2.239,3.042,0.237,10.361
img_000103.jpg,1,0,0.9945,0.0,0.0,0.0,4.313,0.674,3.479,0.687,9.461
img_000106.jpg,1,0,0.9883,0.0,0.0,0.0,4.289,0.576,3.238,0.23,8.572
img_000109.jpg,1,0,0.9985,0.0,0.0,0.0,4.587,0.566,3.1,0.222,8.705
img_000112.jpg,1,0,0.979,0.0,0.0,0.0,3.827,0.518,3.168,0.215,7.948
img_000115.jpg,1,0,0.9865,0.0,0.0,0.0,4.188,0.524,3.156,0.214,8.31
img_000118.jpg,1,0,0.9939,0.0,0.0,0.0,4.518,0.538,3.228,0.233,8.753
img_000121.jpg,1,0,0.9932,0.0,0.0,0.0,3.985,0.523,3.22,0.229,8.189
img_000124.jpg,1,0,0.9841,0.0,0.0,0.0,4.684,3.18,3.577,0.326,12.112
img_000127.jpg,1,0,0.9823,0.0,0.0,0.0,3.61,0.575,3.155,0.211,7.774
img_000130.jpg,1,0,0.9898,0.0,0.0,0.0,3.201,0.576,3.155,0.217,7.368
img_000133.jpg,1,0,0.9827,0.0,0.0,0.0,3.276,0.767,3.167,0.22,7.645
img_000136.jpg,1,0,0.9731,0.0,0.0,0.0,3.776,2.042,3.357,0.26,9.682
img_000139.jpg,1,0,0.9901,0.0,0.0,0.0,3.397,0.533,3.108,0.229,7.493
img_000142.jpg,1,0,0.9839,0.0,0.0,0.0,3.037,0.515,3.248,0.252,7.275
img_000145.jpg,1,0,0.9867,0.0,0.0,0.0,3.421,0.5,3.254,0.216,7.611
img_000148.jpg,1,0,0.9853,0.0,0.0,0.0,3.192,0.521,3.149,0.207,7.28
img_000151.jpg,1,0,0.9865,0.0,0.0,0.0,2.929,0.513,3.185,0.212,7.045
img_000154.jpg,1,0,0.9877,0.0,0.0,0.0,2.968,0.507,3.488,0.227,7.413
img_000157.jpg,1,0,0.9839,0.0,0.0,0.0,2.999,0.508,3.223,0.229,7.183
img_000160.jpg,1,0,0.9816,0.0,0.0,0.0,3.021,0.535,3.18,0.217,7.167
img_000163.jpg,1,0,0.9962,0.0,0.0,0.0,3.672,0.584,3.092,0.23,7.813
img_000166.jpg,1,0,0.9899,0.0,0.0,0.0,3.002,0.524,3.145,0.212,7.097
img_000169.jpg,1,0,0.9837,0.0,0.0,0.0,2.896,0.548,3.175,0.237,7.068
img_000172.jpg,1,0,0.9907,0.0,0.0,0.0,2.974,0.52,3.145,0.211,7.07
img_000175.jpg,1,0,0.92,0.0,0.0,0.0,4.631,2.786,3.305,0.217,11.21
img_000178.jpg,1,0,0.9533,0.0,0.0,0.0,3.6,0.848,3.144,0.211,8.017
img_000181.jpg,1,0,0.9294,0.0,0.0,0.0,3.032,0.495,3.042,0.208,6.996
img_000184.jpg,1,0,0.8661,0.0,0.0,0.0,2.95,0.549,3.138,0.227,7.071
img_000187.jpg,1,0,0.7462,0.0,0.0,0.0,4.189,1.125,3.471,0.235,9.257
img_000190.jpg,1,0,0.9862,0.0,0.0,0.0,3.022,0.509,3.039,0.221,7.013
img_000193.jpg,1,0,0.9244,0.0,0.0,0.0,3.038,0.606,3.193,0.209,7.262
img_000196.jpg,1,0,0.9947,0.0,0.0,0.0,2.976,0.502,3.054,0.224,6.971
img_000199.jpg,1,0,0.9652,0.0,0.0,0.0,4.701,3.205,4.459,0.327,13.015
img_000202.jpg,1,0,0.9785,0.0,0.0,0.0,4.72,3.183,3.599,0.379,12.202
img_000205.jpg,1,0,0.9775,0.0,0.0,0.0,3.918,0.611,3.186,0.254,8.192
img_000208.jpg,1,0,0.9758,0.0,0.0,0.0,3.088,0.562,3.12,0.221,7.222
img_000211.jpg,1,0,0.9836,0.0,0.0,0.0,3.821,2.142,3.497,0.268,9.969
img_000214.jpg,1,0,0.8344,0.0,0.0,0.0,3.478,0.572,3.208,0.235,7.752
img_000217.jpg,1,0,0.9579,0.0,0.0,0.0,3.044,0.572,3.278,0.234,7.361
img_000220.jpg,1,0,0.9129,0.0,0.0,0.0,4.313,0.577,3.343,0.232,8.693
img_000223.jpg,1,0,0.9563,0.0,0.0,0.0,2.976,0.534,3.154,0.217,7.102
img_000226.jpg,1,0,0.7769,0.0,0.0,0.0,2.946,0.503,3.157,0.212,7.095
img_000229.jpg,1,0,0.9558,0.0,0.0,0.0,2.994,0.544,3.195,0.215,7.172
img_000232.jpg,1,0,0.9863,0.0,0.0,0.0,2.95,0.537,3.165,0.216,7.089
img_000235.jpg,1,0,0.9822,0.0,0.0,0.0,3.029,0.553,2.946,0.242,7.006
img_000238.jpg,1,0,0.987,0.0,0.0,0.0,2.986,1.771,3.31,0.228,8.516
img_000241.jpg,1,0,0.9992,0.0,0.0,0.0,2.985,0.611,3.427,0.25,7.497
img_000244.jpg,1,0,0.9923,0.0,0.0,0.0,2.967,0.528,3.185,0.221,7.113
img_000247.jpg,1,0,0.9963,0.0,0.0,0.0,3.046,0.537,3.155,0.211,7.171
img_000250.jpg,1,0,0.9982,0.0,0.0,0.0,3.719,2.52,4.605,0.26,11.354
img_000253.jpg,1,0,0.9973,0.0,0.0,0.0,3.736,0.578,3.293,0.231,8.08
img_000256.jpg,1,0,0.9968,0.0,0.0,0.0,3.989,0.691,3.264,0.23,8.408
img_000259.jpg,1,0,0.9995,0.0,0.0,0.0,4.448,0.588,3.225,0.227,8.712
img_000262.jpg,1,0,0.9968,0.0,0.0,0.0,4.417,2.606,3.327,0.256,10.899
img_000265.jpg,1,0,0.9162,0.0,0.0,0.0,3.804,0.554,3.236,0.233,8.058
img_000268.jpg,1,0,0.993,0.0,0.0,0.0,3.999,0.567,3.133,0.363,8.306
img_000271.jpg,1,0,0.9963,0.0,0.0,0.0,4.483,2.769,3.76,0.376,11.724
img_000288.jpg,1,0,0.9974,0.0,0.0,0.0,4.696,1.593,3.204,0.229,9.949
img_000291.jpg,1,0,0.9944,0.0,0.0,0.0,3.898,0.511,3.158,0.213,7.994
img_000294.jpg,1,0,0.9981,0.0,0.0,0.0,3.952,0.512,3.217,0.284,8.187
img_000297.jpg,1,0,0.9933,0.0,0.0,0.0,2.906,0.491,3.231,0.217,7.057
img_000300.jpg,1,0,0.9062,0.0,0.0,0.0,3.868,0.511,3.164,0.219,7.979
img_000303.jpg,1,0,0.999,0.0,0.0,0.0,3.994,0.515,3.211,0.231,8.174
img_000306.jpg,1,0,0.995,0.0,0.0,0.0,5.178,0.685,3.739,0.358,10.262
img_000309.jpg,1,0,0.9972,0.0,0.0,0.0,3.901,0.519,3.21,0.219,8.076
img_000312.jpg,1,0,0.9964,0.0,0.0,0.0,3.789,0.63,3.154,0.242,8.04
img_000315.jpg,1,0,0.9902,0.0,0.0,0.0,3.526,2.131,3.125,0.225,9.244
img_000318.jpg,1,0,0.9926,0.0,0.0,0.0,3.878,0.582,3.235,0.233,8.164
img_000321.jpg,1,0,0.9996,0.0,0.0,0.0,4.237,0.634,2.962,0.215,8.29
img_000324.jpg,1,0,0.9982,0.0,0.0,0.0,4.269,0.669,3.57,0.342,9.154
img_000327.jpg,1,0,0.9919,0.0,0.0,0.0,6.078,2.749,4.442,0.405,14.566
img_000330.jpg,1,0,0.9877,0.0,0.0,0.0,3.075,0.506,3.209,0.234,7.249
img_000333.jpg,1,0,0.9981,0.0,0.0,0.0,2.942,0.508,3.147,0.209,7.053
img_000336.jpg,1,0,0.998,0.0,0.0,0.0,3.026,0.546,3.247,0.235,7.29
img_000339.jpg,1,0,0.9963,0.0,0.0,0.0,3.556,1.452,7.19,0.243,12.677
img_000342.jpg,1,0,0.9955,0.0,0.0,0.0,3.343,0.517,4.039,0.25,8.381
img_000345.jpg,1,0,0.9975,0.0,0.0,0.0,2.993,0.524,3.151,0.214,7.103
img_000348.jpg,1,0,0.9967,0.0,0.0,0.0,3.0,0.566,3.219,0.208,7.207
img_000351.jpg,1,0,0.9966,0.0,0.0,0.0,4.918,2.008,3.676,0.358,11.285
img_000354.jpg,1,0,0.9955,0.0,0.0,0.0,3.417,0.572,3.239,0.23,7.675
img_000357.jpg,1,0,0.9975,0.0,0.0,0.0,3.251,0.557,3.158,0.212,7.393
img_000360.jpg,1,0,0.9981,0.0,0.0,0.0,3.029,0.491,3.154,0.214,7.092
img_000363.jpg,1,0,0.9957,0.0,0.0,0.0,3.222,0.518,3.192,0.215,7.36
img_000366.jpg,1,0,0.9951,0.0,0.0,0.0,4.044,0.529,3.147,0.278,8.223
img_000369.jpg,1,0,0.9937,0.0,0.0,0.0,3.049,0.852,3.158,0.251,7.515
img_000372.jpg,1,0,0.9994,0.0,0.0,0.0,3.062,0.508,3.157,0.208,7.144
img_000375.jpg,1,1,0.9986,0.0,0.0,0.0,3.078,0.499,3.028,0.207,7.018
img_000378.jpg,1,1,0.9543,0.0,0.0,0.0,3.183,0.514,3.166,0.223,7.299
img_000381.jpg,1,0,0.9995,0.0,0.0,0.0,3.149,0.503,3.118,0.208,7.194
img_000384.jpg,1,1,0.9995,0.0,0.0,0.0,3.013,0.6,3.202,0.209,7.24
img_000387.jpg,1,1,0.9949,0.0,0.0,0.0,3.105,0.545,3.219,0.222,7.307
img_000390.jpg,1,1,1.0,0.0,0.0,0.0,5.332,2.143,3.746,0.344,11.859
img_000393.jpg,1,1,1.0,0.0,0.0,0.0,4.135,1.484,3.259,0.237,9.344
img_000396.jpg,1,1,1.0,0.0,0.0,0.0,4.169,1.71,3.212,0.226,9.535
img_000399.jpg,1,1,1.0,0.0,0.0,0.0,5.787,0.807,3.685,0.36,10.938
img_000402.jpg,1,1,1.0,0.0,0.0,0.0,3.053,0.487,3.169,0.216,7.131
img_000405.jpg,1,1,1.0,0.0,0.0,0.0,3.137,0.532,3.121,0.212,7.219
img_000408.jpg,1,1,1.0,0.0,0.0,0.0,3.099,0.544,3.215,0.21,7.284
img_000411.jpg,1,1,1.0,0.0,0.0,0.0,3.094,0.535,3.176,0.27,7.285
img_000414.jpg,1,1,1.0,0.0,0.0,0.0,4.48,1.692,3.246,0.214,9.855
img_000417.jpg,1,1,1.0,0.0,0.0,0.0,3.93,1.389,3.147,0.203,8.884
img_000420.jpg,1,1,0.7114,0.0,0.0,0.0,4.106,0.55,3.207,0.202,8.285
img_000423.jpg,1,1,1.0,0.0,0.0,0.0,3.455,0.525,3.187,0.205,7.585
img_000426.jpg,1,1,1.0,0.0,0.0,0.0,4.441,2.68,3.59,0.849,11.851
img_000429.jpg,1,1,1.0,0.0,0.0,0.0,3.884,1.356,3.207,0.208,8.868
img_000432.jpg,1,1,1.0,0.0,0.0,0.0,3.613,0.506,3.032,0.208,7.57
img_000435.jpg,1,1,0.9996,0.0,0.0,0.0,3.067,0.552,3.142,0.206,7.175
img_000438.jpg,1,1,0.9137,0.0,0.0,0.0,5.122,1.87,4.068,0.233,11.531
img_000441.jpg,1,0,0.7214,0.0,0.0,0.0,3.967,0.484,3.154,0.213,8.023
img_000444.jpg,1,0,0.9956,0.0,0.0,0.0,3.124,0.499,3.035,0.212,7.084
img_000447.jpg,1,0,0.9896,0.0,0.0,0.0,3.221,0.491,3.171,0.207,7.292
img_000450.jpg,1,0,0.9718,0.0,0.0,0.0,4.318,1.373,3.163,0.214,9.281
img_000455.jpg,1,0,0.9982,0.0,0.0,0.0,4.043,2.735,3.26,0.266,10.547
img_000459.jpg,1,0,0.9967,0.0,0.0,0.0,4.133,1.344,3.226,0.235,9.157
img_000462.jpg,1,0,0.9982,0.0,0.0,0.0,4.487,3.608,3.598,0.344,12.337
img_000465.jpg,1,0,0.9936,0.0,0.0,0.0,3.916,1.608,3.211,0.229,9.183
img_000468.jpg,1,0,0.8496,0.0,0.0,0.0,4.255,3.188,3.183,0.22,11.068
img_000471.jpg,1,0,0.9978,0.0,0.0,0.0,5.216,1.73,3.242,0.236,10.654
img_000474.jpg,1,0,0.9297,0.0,0.0,0.0,4.251,0.854,3.175,0.226,8.736
img_000477.jpg,1,0,0.9958,0.0,0.0,0.0,4.189,0.634,3.274,0.243,8.568
img_000480.jpg,1,0,0.9995,0.0,0.0,0.0,3.658,0.528,3.212,0.227,7.854
img_000483.jpg,1,0,0.9966,0.0,0.0,0.0,3.251,0.513,3.113,0.222,7.318
img_000486.jpg,1,0,0.9989,0.0,0.0,0.0,3.217,0.532,3.192,0.217,7.377
img_000489.jpg,1,0,0.9995,0.0,0.0,0.0,3.216,0.602,3.182,0.215,7.434
img_000492.jpg,1,0,0.9991,0.0,0.0,0.0,4.361,2.802,3.091,0.23,10.72
img_000495.jpg,1,0,0.9997,0.0,0.0,0.0,3.704,0.567,3.387,0.214,8.1
img_000498.jpg,1,0,0.9954,0.0,0.0,0.0,3.638,0.543,3.206,0.26,7.87
img_000501.jpg,1,0,0.9998,0.0,0.0,0.0,3.393,0.575,3.201,0.228,7.627
img_000504.jpg,1,0,0.998,0.0,0.0,0.0,5.705,1.258,3.368,0.241,10.816
img_000507.jpg,1,0,0.9981,0.0,0.0,0.0,3.357,0.561,3.213,0.228,7.587
img_000510.jpg,1,0,0.9933,0.0,0.0,0.0,3.312,0.551,3.162,0.215,7.463
img_000513.jpg,1,0,0.9981,0.0,0.0,0.0,3.275,0.545,3.219,0.219,7.483
img_000516.jpg,1,0,0.9976,0.0,0.0,0.0,3.308,0.567,3.216,0.218,7.54
img_000519.jpg,1,0,0.9963,0.0,0.0,0.0,3.454,0.58,3.237,0.219,7.72
img_000522.jpg,1,0,0.9988,0.0,0.0,0.0,3.315,0.553,3.265,0.244,7.61
img_000525.jpg,1,0,0.9993,0.0,0.0,0.0,3.267,0.542,3.178,0.209,7.416
img_000528.jpg,1,0,0.9971,0.0,0.0,0.0,3.256,0.59,3.222,0.224,7.515
img_000531.jpg,1,0,0.9983,0.0,0.0,0.0,3.636,2.485,3.222,0.229,9.806
img_000534.jpg,1,0,0.9994,0.0,0.0,0.0,3.263,0.518,3.173,0.21,7.378
img_000537.jpg,1,0,0.9966,0.0,0.0,0.0,3.264,0.54,3.056,0.206,7.292
img_000540.jpg,1,0,0.9983,0.0,0.0,0.0,3.941,0.978,3.143,0.239,8.537
img_000543.jpg,1,0,0.9986,0.0,0.0,0.0,4.338,1.593,3.311,0.239,9.725
img_000546.jpg,1,0,0.9972,0.0,0.0,0.0,3.897,0.515,3.096,0.213,7.943
img_000549.jpg,1,0,0.9977,0.0,0.0,0.0,3.906,0.665,3.539,0.318,8.727
img_000552.jpg,1,0,0.9992,0.0,0.0,0.0,3.051,0.521,3.197,0.222,7.206
img_000555.jpg,1,0,0.996,0.0,0.0,0.0,4.585,1.324,3.345,0.259,9.755
img_000558.jpg,1,0,0.9957,0.0,0.0,0.0,4.517,1.466,3.268,0.239,9.722
img_000580.jpg,1,0,0.9885,0.0,0.0,0.0,3.251,0.573,3.221,0.222,7.495
img_000583.jpg,1,0,1.0,0.0,0.0,0.0,3.308,0.571,3.186,0.212,7.509
img_000586.jpg,1,0,1.0,0.0,0.0,0.0,3.133,0.551,3.202,0.228,7.338
img_000589.jpg,1,0,1.0,0.0,0.0,0.0,3.124,0.563,3.252,0.229,7.396
img_000592.jpg,1,0,1.0,0.0,0.0,0.0,2.936,0.598,3.182,0.251,7.185
img_000595.jpg,1,0,1.0,0.0,0.0,0.0,3.57,1.318,3.268,0.263,8.659
img_000598.jpg,1,0,1.0,0.0,0.0,0.0,3.448,0.563,3.231,0.236,7.71
img_000601.jpg,1,0,1.0,0.0,0.0,0.0,3.002,0.538,3.211,0.22,7.196
img_000604.jpg,1,0,1.0,0.0,0.0,0.0,2.98,0.759,3.18,0.257,7.399
img_000607.jpg,1,0,1.0,0.0,0.0,0.0,3.606,0.686,3.197,0.244,7.972
img_000610.jpg,1,0,1.0,0.0,0.0,0.0,3.8,0.523,3.198,0.214,7.948
img_000613.jpg,1,0,1.0,0.0,0.0,0.0,3.813,1.117,3.221,0.23,8.618
img_000616.jpg,1,0,1.0,0.0,0.0,0.0,4.228,2.803,3.93,0.383,11.669
img_000619.jpg,1,0,1.0,0.0,0.0,0.0,3.349,0.522,3.198,0.204,7.496
img_000622.jpg,1,0,1.0,0.0,0.0,0.0,3.133,0.519,3.223,0.234,7.336
img_000625.jpg,1,0,1.0,0.0,0.0,0.0,3.022,0.591,3.208,0.224,7.27
img_000628.jpg,1,0,1.0,0.0,0.0,0.0,3.021,0.509,3.248,0.234,7.233
img_000631.jpg,1,0,1.0,0.0,0.0,0.0,2.972,0.551,3.192,0.223,7.196
img_000634.jpg,1,0,1.0,0.0,0.0,0.0,3.442,0.59,3.176,0.22,7.65
img_000637.jpg,1,0,1.0,0.0,0.0,0.0,3.204,0.763,3.173,0.223,7.59
img_000640.jpg,1,0,1.0,0.0,0.0,0.0,2.942,1.001,3.178,0.245,7.585
img_000643.jpg,1,0,1.0,0.0,0.0,0.0,2.97,0.555,3.192,0.217,7.158
img_000646.jpg,1,0,1.0,0.0,0.0,0.0,3.015,0.891,3.226,0.262,7.626
img_000649.jpg,1,0,1.0,0.0,0.0,0.0,3.977,1.414,3.796,0.334,9.85
img_000652.jpg,1,0,1.0,0.0,0.0,0.0,2.947,0.503,3.192,0.215,7.065
img_000655.jpg,1,0,1.0,0.0,0.0,0.0,4.505,0.596,3.091,0.229,8.658
img_000658.jpg,1,0,1.0,0.0,0.0,0.0,3.871,0.564,3.235,0.233,8.128
img_000661.jpg,1,0,1.0,0.0,0.0,0.0,3.832,0.628,3.221,0.229,8.137
img_000664.jpg,1,0,1.0,0.0,0.0,0.0,5.875,3.24,6.412,0.309,16.469
img_000667.jpg,1,0,1.0,0.0,0.0,0.0,3.316,0.519,3.189,0.217,7.498
img_000670.jpg,1,0,1.0,0.0,0.0,0.0,2.934,0.557,3.224,0.221,7.156
img_000673.jpg,1,0,1.0,0.0,0.0,0.0,3.541,1.323,3.322,0.248,8.677
img_000676.jpg,1,0,1.0,0.0,0.0,0.0,2.946,0.52,3.15,0.206,7.032
img_000679.jpg,1,0,1.0,0.0,0.0,0.0,3.454,0.53,3.206,0.228,7.649
img_000682.jpg,1,0,1.0,0.0,0.0,0.0,3.189,0.731,3.245,0.227,7.61
img_000685.jpg,1,0,1.0,0.0,0.0,0.0,3.06,0.507,3.324,0.231,7.347
img_000688.jpg,1,0,1.0,0.0,0.0,0.0,3.231,0.509,3.171,0.247,7.372
img_000691.jpg,1,0,1.0,0.0,0.0,0.0,3.049,0.543,3.231,0.259,7.303
img_000694.jpg,1,0,1.0,0.0,0.0,0.0,3.068,0.512,3.17,0.223,7.199
img_000697.jpg,1,0,1.0,0.0,0.0,0.0,2.967,0.516,3.168,0.213,7.081
img_000700.jpg,1,0,1.0,0.0,0.0,0.0,2.948,0.501,3.163,0.215,7.043
img_000703.jpg,1,0,1.0,0.0,0.0,0.0,4.823,3.154,4.059,0.356,12.732
img_000706.jpg,1,0,1.0,0.0,0.0,0.0,3.342,0.51,3.168,0.213,7.452
img_000709.jpg,1,0,1.0,0.0,0.0,0.0,2.951,0.506,3.181,0.208,7.057
img_000712.jpg,1,0,0.9993,0.0,0.0,0.0,3.067,0.511,3.149,0.213,7.158
img_000715.jpg,1,0,1.0,0.0,0.0,0.0,3.424,0.498,3.104,0.215,7.465
img_000718.jpg,1,0,1.0,0.0,0.0,0.0,2.934,0.503,3.16,0.215,7.055
img_000721.jpg,1,0,1.0,0.0,0.0,0.0,2.953,0.503,3.173,0.21,7.051
img_000724.jpg,1,0,1.0,0.0,0.0,0.0,2.957,0.562,3.16,0.207,7.097
img_000727.jpg,1,0,1.0,0.0,0.0,0.0,3.574,0.578,3.22,0.254,7.87
img_000730.jpg,1,0,1.0,0.0,0.0,0.0,2.956,0.556,3.135,0.251,7.116
img_000733.jpg,1,0,1.0,0.0,0.0,0.0,3.229,1.129,3.213,0.232,8.033
img_000736.jpg,1,0,1.0,0.0,0.0,0.0,2.989,0.838,3.156,0.243,7.447
img_000739.jpg,1,0,1.0,0.0,0.0,0.0,2.991,0.514,3.16,0.217,7.091
img_000742.jpg,1,0,1.0,0.0,0.0,0.0,2.931,0.544,3.147,0.215,7.044
img_000745.jpg,1,0,1.0,0.0,0.0,0.0,3.257,0.644,3.898,0.234,8.307
img_000748.jpg,1,0,1.0,0.0,0.0,0.0,4.657,0.857,3.293,0.232,9.256
img_000751.jpg,1,0,1.0,0.0,0.0,0.0,3.289,0.522,3.218,0.227,7.481
img_000754.jpg,1,0,1.0,0.0,0.0,0.0,3.641,0.704,3.16,0.232,8.027
img_000757.jpg,1,0,1.0,0.0,0.0,0.0,3.099,0.506,3.375,0.223,7.415
img_000760.jpg,1,0,1.0,0.0,0.0,0.0,3.44,0.762,4.47,0.332,9.659
img_000763.jpg,1,0,1.0,0.0,0.0,0.0,5.032,1.883,3.412,0.23,10.785
img_000766.jpg,1,0,1.0,0.0,0.0,0.0,5.165,0.679,3.691,0.341,10.163
img_000769.jpg,1,0,1.0,0.0,0.0,0.0,3.129,0.527,3.233,0.228,7.333
img_000772.jpg,1,0,1.0,0.0,0.0,0.0,4.077,2.672,3.637,0.256,10.878
img_000775.jpg,1,0,1.0,0.0,0.0,0.0,3.081,0.522,3.191,0.225,7.24
img_000778.jpg,1,0,1.0,0.0,0.0,0.0,3.038,0.494,3.224,0.226,7.236
img_000781.jpg,1,0,1.0,0.0,0.0,0.0,3.697,2.693,3.708,0.226,10.558
img_000784.jpg,1,0,1.0,0.0,0.0,0.0,4.081,1.361,3.237,0.232,9.148
img_000787.jpg,1,0,1.0,0.0,0.0,0.0,3.939,1.368,3.226,0.227,8.983
img_000790.jpg,1,0,1.0,0.0,0.0,0.0,5.065,2.611,4.682,0.35,13.012
img_000793.jpg,1,0,1.0,0.0,0.0,0.0,3.043,0.502,3.21,0.216,7.183
img_000796.jpg,1,0,1.0,0.0,0.0,0.0,3.11,0.622,3.207,0.228,7.383
img_000799.jpg,1,0,1.0,0.0,0.0,0.0,3.119,0.507,3.235,0.227,7.302
img_000802.jpg,1,0,1.0,0.0,0.0,0.0,3.046,0.496,3.179,0.215,7.145
img_000805.jpg,1,0,1.0,0.0,0.0,0.0,3.184,0.513,3.165,0.216,7.294
img_000808.jpg,1,0,1.0,0.0,0.0,0.0,3.077,0.501,3.156,0.208,7.147
img_000811.jpg,1,0,1.0,0.0,0.0,0.0,5.214,0.765,4.713,0.248,11.193
img_000814.jpg,1,0,1.0,0.0,0.0,0.0,3.453,0.781,3.216,0.273,7.952
img_000817.jpg,1,0,1.0,0.0,0.0,0.0,3.311,0.579,3.182,0.23,7.531
img_000820.jpg,1,0,1.0,0.0,0.0,0.0,3.295,0.811,3.297,0.264,8.081
img_000823.jpg,1,0,1.0,0.0,0.0,0.0,3.378,0.571,3.296,0.245,7.738
img_000826.jpg,1,0,1.0,0.0,0.0,0.0,3.329,0.551,3.246,0.226,7.584
img_000829.jpg,1,0,1.0,0.0,0.0,0.0,4.215,2.722,3.105,0.23,10.511
img_000832.jpg,1,0,1.0,0.0,0.0,0.0,3.804,0.516,3.22,0.232,7.998
img_000835.jpg,1,0,1.0,0.0,0.0,0.0,4.515,1.559,3.24,0.253,9.801
img_000838.jpg,1,0,1.0,0.0,0.0,0.0,5.878,4.508,4.473,0.387,15.67
img_000841.jpg,1,0,1.0,0.0,0.0,0.0,3.928,0.529,3.221,0.211,8.127
img_000844.jpg,1,0,1.0,0.0,0.0,0.0,3.261,0.528,3.254,0.212,7.48
img_000847.jpg,1,0,1.0,0.0,0.0,0.0,3.23,0.511,3.187,0.207,7.352
img_000850.jpg,1,0,1.0,0.0,0.0,0.0,3.319,0.527,3.233,0.206,7.508
img_000853.jpg,1,0,1.0,0.0,0.0,0.0,5.735,1.405,3.309,0.231,10.993
img_000856.jpg,1,0,1.0,0.0,0.0,0.0,4.29,2.944,3.69,0.417,11.631
img_000859.jpg,1,0,1.0,0.0,0.0,0.0,5.855,0.763,3.926,0.343,11.21
img_000862.jpg,1,0,1.0,0.0,0.0,0.0,3.156,0.509,3.258,0.212,7.348
img_000865.jpg,1,0,1.0,0.0,0.0,0.0,3.744,0.547,3.243,0.237,8.003
img_000868.jpg,1,0,1.0,0.0,0.0,0.0,4.235,2.389,3.454,0.234,10.543
img_000871.jpg,1,0,1.0,0.0,0.0,0.0,4.857,0.575,3.354,0.388,9.408
img_000874.jpg,1,0,1.0,0.0,0.0,0.0,3.006,0.546,3.161,0.213,7.147
img_000877.jpg,1,0,1.0,0.0,0.0,0.0,3.803,0.587,3.243,0.235,8.098
img_000880.jpg,1,0,1.0,0.0,0.0,0.0,3.041,0.524,3.269,0.238,7.304
img_000883.jpg,1,0,1.0,0.0,0.0,0.0,2.93,0.513,3.205,0.211,7.084
img_000886.jpg,1,0,1.0,0.0,0.0,0.0,2.924,1.003,3.175,0.216,7.533
img_000889.jpg,1,0,1.0,0.0,0.0,0.0,4.108,1.424,3.711,0.279,9.786
img_000892.jpg,1,0,1.0,0.0,0.0,0.0,3.051,0.751,3.241,0.218,7.491
img_000895.jpg,1,0,1.0,0.0,0.0,0.0,3.077,0.54,3.211,0.23,7.295
img_000898.jpg,1,0,1.0,0.0,0.0,0.0,3.011,0.549,3.204,0.234,7.227
img_000901.jpg,1,0,1.0,0.0,0.0,0.0,2.985,0.828,3.143,0.227,7.421
img_000904.jpg,1,0,1.0,0.0,0.0,0.0,2.942,0.551,3.19,0.222,7.168
img_000907.jpg,1,0,1.0,0.0,0.0,0.0,3.084,0.537,3.192,0.22,7.261
img_000910.jpg,1,0,1.0,0.0,0.0,0.0,4.931,2.946,3.928,0.269,12.322
img_000913.jpg,1,0,1.0,0.0,0.0,0.0,3.455,0.516,3.241,0.237,7.679
img_000916.jpg,1,0,1.0,0.0,0.0,0.0,2.94,0.51,3.201,0.216,7.154
img_000919.jpg,1,0,1.0,0.0,0.0,0.0,3.067,0.514,3.166,0.211,7.172
img_000922.jpg,1,0,1.0,0.0,0.0,0.0,3.601,0.526,3.237,0.231,7.822
img_000925.jpg,1,0,0.9999,0.0,0.0,0.0,2.967,0.51,3.167,0.219,7.074
img_000928.jpg,1,0,1.0,0.0,0.0,0.0,4.01,0.535,3.21,0.234,8.219
img_000931.jpg,1,0,0.9999,0.0,0.0,0.0,3.575,2.659,3.398,0.355,10.237
img_000934.jpg,1,0,0.9995,0.0,0.0,0.0,6.556,0.72,3.253,0.232,11.059
img_000937.jpg,1,0,0.9995,0.0,0.0,0.0,3.319,0.521,3.162,0.223,7.447
img_000940.jpg,1,0,1.0,0.0,0.0,0.0,3.499,0.533,3.16,0.214,7.63
img_000943.jpg,1,0,1.0,0.0,0.0,0.0,3.248,0.58,3.183,0.216,7.459
img_000946.jpg,1,0,1.0,0.0,0.0,0.0,3.37,0.544,3.171,0.212,7.53
img_000949.jpg,1,0,0.9984,0.0,0.0,0.0,3.394,0.526,3.153,0.218,7.515
img_000952.jpg,1,0,0.9417,0.0,0.0,0.0,4.467,1.499,3.251,0.235,9.7
img_000955.jpg,1,0,0.9804,0.0,0.0,0.0,5.307,2.647,4.271,0.344,12.942
img_000958.jpg,1,0,0.9574,0.0,0.0,0.0,4.239,0.533,3.175,0.216,8.387
img_000961.jpg,1,0,0.9251,0.0,0.0,0.0,3.281,0.567,3.214,0.231,7.52
img_000964.jpg,1,1,0.8971,0.0,0.0,0.0,3.549,0.521,3.218,0.236,7.749
img_000967.jpg,1,1,0.9948,0.0,0.0,0.0,2.981,0.561,3.263,0.223,7.261
img_000970.jpg,1,1,0.9512,0.0,0.0,0.0,3.018,0.554,3.213,0.229,7.24
img_000973.jpg,1,0,0.5165,0.0,0.0,0.0,2.984,0.518,3.227,0.233,7.192
img_000976.jpg,1,0,0.9789,0.0,0.0,0.0,3.045,0.521,3.196,0.222,7.207
img_000979.jpg,1,1,0.6706,0.0,0.0,0.0,3.849,0.539,3.199,0.23,8.042
img_000982.jpg,1,0,0.9914,0.0,0.0,0.0,3.024,0.552,3.177,0.216,7.188
img_000985.jpg,1,0,0.9994,0.0,0.0,0.0,2.973,0.573,3.183,0.253,7.213
img_000988.jpg,1,0,0.9999,0.0,0.0,0.0,3.156,0.61,3.19,0.243,7.427
img_000991.jpg,1,0,0.9787,0.0,0.0,0.0,2.968,0.52,3.192,0.213,7.118
img_000994.jpg,1,0,0.6984,0.0,0.0,0.0,3.016,0.559,3.172,0.226,7.209
img_000997.jpg,1,0,0.9575,0.0,0.0,0.0,4.511,1.697,3.307,0.279,10.035
img_001000.jpg,1,0,0.9991,0.0,0.0,0.0,3.481,0.523,3.215,0.236,7.683
img_001003.jpg,1,0,0.9959,0.0,0.0,0.0,3.636,0.515,3.217,0.234,7.832
img_001006.jpg,1,0,0.9947,0.0,0.0,0.0,3.244,0.519,3.168,0.237,7.387
img_001009.jpg,1,0,0.9962,0.0,0.0,0.0,3.173,0.756,3.546,0.235,7.944
img_001012.jpg,1,0,0.987,0.0,0.0,0.0,2.898,0.739,3.161,0.219,7.238
img_001015.jpg,1,0,0.992,0.0,0.0,0.0,3.098,1.371,6.08,0.286,11.078
img_001018.jpg,1,0,0.9751,0.0,0.0,0.0,5.026,1.27,4.781,0.402,11.937
img_001021.jpg,1,0,0.9809,0.0,0.0,0.0,4.18,0.566,3.258,0.234,8.467
img_001024.jpg,1,0,0.7946,0.0,0.0,0.0,3.326,0.512,3.25,0.23,7.538
img_001027.jpg,1,0,0.9701,0.0,0.0,0.0,3.172,0.625,3.219,0.235,7.472
img_001030.jpg,1,0,0.9533,0.0,0.0,0.0,3.37,0.507,3.19,0.23,7.509
img_001033.jpg,1,0,0.9884,0.0,0.0,0.0,3.675,0.575,3.196,0.23,7.897
img_001036.jpg,1,0,0.9989,0.0,0.0,0.0,3.439,0.525,3.282,0.234,7.696
img_001039.jpg,1,0,1.0,0.0,0.0,0.0,5.304,1.364,3.216,0.238,10.353
img_001042.jpg,1,0,1.0,0.0,0.0,0.0,3.925,0.51,3.226,0.236,8.112
img_001045.jpg,1,0,1.0,0.0,0.0,0.0,3.147,0.661,3.411,0.229,7.669
img_001048.jpg,1,0,1.0,0.0,0.0,0.0,5.49,2.188,3.404,0.235,11.546
img_001051.jpg,1,0,1.0,0.0,0.0,0.0,6.018,0.591,3.511,0.363,10.724
img_001054.jpg,1,0,1.0,0.0,0.0,0.0,2.948,0.527,3.213,0.225,7.137
img_001057.jpg,1,0,1.0,0.0,0.0,0.0,5.804,2.922,4.021,0.352,13.512
img_001060.jpg,1,0,1.0,0.0,0.0,0.0,3.946,0.707,3.222,0.233,8.333
img_001063.jpg,1,0,1.0,0.0,0.0,0.0,3.055,0.501,3.172,0.223,7.169
img_001066.jpg,1,0,1.0,0.0,0.0,0.0,2.966,0.502,3.192,0.213,7.09
img_001069.jpg,1,0,1.0,0.0,0.0,0.0,3.079,0.516,3.165,0.245,7.221
img_001072.jpg,1,0,1.0,0.0,0.0,0.0,3.338,0.547,3.202,0.212,7.522
img_001075.jpg,1,0,1.0,0.0,0.0,0.0,3.063,0.814,3.215,0.218,7.525
img_001078.jpg,1,0,1.0,0.0,0.0,0.0,4.006,0.703,3.674,0.445,9.135
img_001081.jpg,1,0,1.0,0.0,0.0,0.0,3.088,0.532,3.216,0.234,7.298
img_001084.jpg,1,0,1.0,0.0,0.0,0.0,3.047,0.525,3.156,0.22,7.168
img_001087.jpg,1,0,1.0,0.0,0.0,0.0,5.002,2.974,4.095,0.423,12.812
img_001090.jpg,1,0,1.0,0.0,0.0,0.0,3.485,0.572,3.173,0.219,7.663
img_001093.jpg,1,0,1.0,0.0,0.0,0.0,3.889,0.529,3.165,0.219,8.023
img_001096.jpg,1,0,1.0,0.0,0.0,0.0,3.894,0.52,3.163,0.214,8.011
img_001126.jpg,1,0,1.0,0.0,0.0,0.0,4.434,1.428,3.385,0.327,9.878
img_001129.jpg,1,0,1.0,0.0,0.0,0.0,3.595,0.503,3.151,0.211,7.673
img_001132.jpg,1,0,1.0,0.0,0.0,0.0,3.928,0.568,3.145,0.21,8.075
img_001135.jpg,1,0,1.0,0.0,0.0,0.0,4.747,1.202,3.916,0.373,10.541
img_001138.jpg,1,0,1.0,0.0,0.0,0.0,3.911,0.521,3.172,0.258,8.082
img_001141.jpg,1,0,1.0,0.0,0.0,0.0,3.469,0.552,3.192,0.23,7.668
img_001144.jpg,1,0,1.0,0.0,0.0,0.0,3.898,0.678,3.253,0.226,8.283
img_001147.jpg,1,0,1.0,0.0,0.0,0.0,3.919,0.569,3.168,0.218,8.094
img_001150.jpg,1,0,1.0,0.0,0.0,0.0,3.987,0.556,3.167,0.218,8.154
img_001153.jpg,1,0,1.0,0.0,0.0,0.0,3.966,1.285,3.222,0.233,8.95
img_001156.jpg,1,0,1.0,0.0,0.0,0.0,4.805,2.715,3.162,0.244,11.145
img_001159.jpg,1,0,1.0,0.0,0.0,0.0,3.825,1.272,3.229,0.235,8.795
img_001162.jpg,1,0,0.5547,0.0,0.0,0.0,4.287,0.53,3.183,0.226,8.45
img_001165.jpg,1,0,0.886,0.0,0.0,0.0,4.189,0.537,3.235,0.234,8.423
img_001168.jpg,1,0,0.9995,0.0,0.0,0.0,4.116,1.306,3.222,0.235,9.114
img_001171.jpg,1,0,0.9985,0.0,0.0,0.0,4.373,0.537,3.194,0.213,8.534
img_001174.jpg,1,0,0.9957,0.0,0.0,0.0,5.31,2.629,3.459,0.278,12.002
img_001177.jpg,1,0,0.9892,0.0,0.0,0.0,4.286,0.574,3.222,0.234,8.549
img_001180.jpg,1,0,0.9986,0.0,0.0,0.0,4.217,0.588,3.196,0.226,8.464
img_001183.jpg,1,0,0.9989,0.0,0.0,0.0,4.858,2.188,3.512,0.295,11.105
img_001186.jpg,1,0,0.994,0.0,0.0,0.0,3.866,1.284,3.206,0.22,8.808
img_001189.jpg,1,0,0.9952,0.0,0.0,0.0,4.23,0.553,3.181,0.215,8.413
img_001192.jpg,1,0,0.9953,0.0,0.0,0.0,4.219,0.539,3.195,0.217,8.394
img_001195.jpg,1,0,0.9887,0.0,0.0,0.0,4.238,0.537,3.24,0.219,8.463
img_001198.jpg,1,0,0.7475,0.0,0.0,0.0,4.174,0.608,3.203,0.289,8.501
img_001201.jpg,1,0,0.7161,0.0,0.0,0.0,5.285,0.685,4.262,0.366,10.902
img_001204.jpg,1,0,0.6655,0.0,0.0,0.0,4.072,0.524,3.19,0.211,8.225
img_001207.jpg,1,0,0.8479,0.0,0.0,0.0,4.093,0.666,3.562,0.373,9.003
img_001210.jpg,1,1,0.6882,0.0,0.0,0.0,3.887,0.525,3.241,0.228,8.107
img_001213.jpg,1,0,0.5191,0.0,0.0,0.0,3.349,0.502,3.28,0.234,7.588
img_001216.jpg,1,1,0.9491,0.0,0.0,0.0,3.025,0.519,3.178,0.226,7.171
img_001219.jpg,1,0,0.9317,0.0,0.0,0.0,3.04,0.51,3.21,0.231,7.213
img_001222.jpg,1,0,0.9947,0.0,0.0,0.0,5.113,3.039,4.417,0.235,13.03
img_001225.jpg,1,0,0.8296,0.0,0.0,0.0,4.85,1.356,3.707,0.362,10.583
img_001228.jpg,1,0,0.9747,0.0,0.0,0.0,3.511,0.584,3.237,0.242,7.811
img_001231.jpg,1,0,0.998,0.0,0.0,0.0,4.248,2.684,3.94,0.425,11.614
img_001234.jpg,1,0,0.9846,0.0,0.0,0.0,3.424,0.595,3.179,0.219,7.638
img_001237.jpg,1,0,0.8794,0.0,0.0,0.0,3.242,0.525,3.199,0.215,7.401
img_001240.jpg,1,0,0.9898,0.0,0.0,0.0,3.291,0.524,3.227,0.236,7.509
img_001243.jpg,1,0,0.9413,0.0,0.0,0.0,4.359,0.536,3.186,0.215,8.522
img_001246.jpg,1,0,0.9612,0.0,0.0,0.0,3.231,0.589,3.188,0.244,7.481
img_001249.jpg,1,0,0.9884,0.0,0.0,0.0,3.278,0.566,3.203,0.214,7.49
img_001252.jpg,1,0,0.9679,0.0,0.0,0.0,4.418,2.725,3.803,0.368,11.637
img_001255.jpg,1,0,0.9785,0.0,0.0,0.0,3.355,0.54,3.283,0.236,7.645
img_001258.jpg,1,0,0.9991,0.0,0.0,0.0,2.99,0.507,3.221,0.233,7.176
img_001261.jpg,1,0,0.9985,0.0,0.0,0.0,4.022,0.944,3.124,0.234,8.554
img_001264.jpg,1,0,0.9992,0.0,0.0,0.0,3.049,0.516,3.264,0.234,7.282
img_001267.jpg,1,0,0.9953,0.0,0.0,0.0,3.324,0.539,3.223,0.27,7.58
img_001270.jpg,1,0,0.9999,0.0,0.0,0.0,3.188,1.477,3.288,0.252,8.449
img_001273.jpg,1,0,1.0,0.0,0.0,0.0,2.949,0.499,3.164,0.216,7.074
img_001276.jpg,1,0,1.0,0.0,0.0,0.0,3.109,0.533,3.238,0.239,7.351
img_001279.jpg,1,0,1.0,0.0,0.0,0.0,3.026,0.507,3.229,0.233,7.21
img_001282.jpg,1,0,1.0,0.0,0.0,0.0,3.139,0.61,3.211,0.233,7.411
img_001285.jpg,1,0,1.0,0.0,0.0,0.0,3.024,0.504,3.227,0.232,7.206
img_001288.jpg,1,0,0.9997,0.0,0.0,0.0,2.976,0.505,3.155,0.221,7.067
img_001291.jpg,1,0,0.9959,0.0,0.0,0.0,4.399,1.786,3.878,0.241,10.553
img_001294.jpg,1,0,0.9998,0.0,0.0,0.0,4.622,2.208,3.527,0.321,10.98
img_001297.jpg,1,0,0.9997,0.0,0.0,0.0,3.279,0.519,3.202,0.229,7.443
img_001300.jpg,1,0,0.9998,0.0,0.0,0.0,4.279,2.701,3.852,0.39,11.54
img_001303.jpg,1,0,1.0,0.0,0.0,0.0,3.507,0.555,3.215,0.23,7.766
img_001306.jpg,1,0,0.9999,0.0,0.0,0.0,4.286,0.584,3.249,0.229,8.579
img_001309.jpg,1,0,0.9995,0.0,0.0,0.0,2.961,0.503,3.186,0.263,7.13
img_001312.jpg,1,0,0.9999,0.0,0.0,0.0,3.018,0.512,3.215,0.219,7.186
img_001315.jpg,1,0,0.9899,0.0,0.0,0.0,5.034,1.527,3.989,0.317,11.172
img_001318.jpg,1,0,0.9979,0.0,0.0,0.0,4.367,2.214,3.154,0.233,10.268
img_001321.jpg,1,0,0.9988,0.0,0.0,0.0,4.138,1.83,3.248,0.233,9.669
img_001324.jpg,1,0,0.9998,0.0,0.0,0.0,5.023,1.187,3.152,0.215,9.818
img_001327.jpg,1,0,0.9999,0.0,0.0,0.0,3.106,1.49,3.142,0.211,8.159
img_001330.jpg,1,0,0.9986,0.0,0.0,0.0,3.124,1.241,3.16,0.231,7.98
img_001333.jpg,1,0,1.0,0.0,0.0,0.0,3.151,1.276,3.146,0.212,7.995
img_001336.jpg,1,0,1.0,0.0,0.0,0.0,3.057,0.496,3.146,0.214,7.166
img_001339.jpg,1,0,1.0,0.0,0.0,0.0,3.411,0.497,3.152,0.215,7.479
img_001342.jpg,1,0,1.0,0.0,0.0,0.0,3.408,0.503,3.185,0.214,7.512
img_001345.jpg,1,0,0.9999,0.0,0.0,0.0,3.295,0.496,3.223,0.23,7.498
img_001348.jpg,1,0,1.0,0.0,0.0,0.0,3.306,0.505,3.151,0.21,7.383
img_001351.jpg,1,0,1.0,0.0,0.0,0.0,4.588,0.842,3.162,0.264,9.075
img_001354.jpg,1,0,1.0,0.0,0.0,0.0,4.53,0.811,3.221,0.232,9.02
img_001357.jpg,1,0,0.9999,0.0,0.0,0.0,3.343,0.836,3.17,0.212,7.77
img_001360.jpg,1,0,1.0,0.0,0.0,0.0,5.416,2.477,3.586,0.236,11.959
img_001363.jpg,1,0,0.9997,0.0,0.0,0.0,3.406,0.532,3.248,0.225,7.63
img_001366.jpg,1,0,1.0,0.0,0.0,0.0,3.099,0.488,3.214,0.211,7.223
img_001369.jpg,1,0,1.0,0.0,0.0,0.0,5.956,2.729,3.528,0.228,12.676
img_001372.jpg,1,0,1.0,0.0,0.0,0.0,3.476,0.515,3.218,0.207,7.629
img_001375.jpg,1,0,0.7397,0.0,0.0,0.0,3.655,0.505,3.214,0.227,7.866
img_001378.jpg,1,0,0.829,0.0,0.0,0.0,3.134,0.513,3.189,0.212,7.261
img_001381.jpg,1,0,0.9974,0.0,0.0,0.0,4.572,2.301,4.412,0.217,11.721
img_001384.jpg,1,0,0.9999,0.0,0.0,0.0,3.66,1.585,3.219,0.231,8.915
img_001387.jpg,1,0,0.9991,0.0,0.0,0.0,4.137,3.013,3.535,0.424,11.409
img_001390.jpg,1,0,0.9985,0.0,0.0,0.0,3.243,0.5,3.174,0.219,7.354
img_001393.jpg,1,0,0.9963,0.0,0.0,0.0,3.104,0.506,3.131,0.247,7.2
img_001396.jpg,1,0,0.9824,0.0,0.0,0.0,3.127,0.567,3.159,0.22,7.293
img_001399.jpg,1,0,0.9986,0.0,0.0,0.0,3.114,0.514,3.2,0.211,7.252
img_001402.jpg,1,1,0.7148,0.0,0.0,0.0,5.725,2.149,5.344,0.388,13.899
img_001405.jpg,1,0,0.9964,0.0,0.0,0.0,3.161,0.515,3.254,0.239,7.391
img_001408.jpg,1,0,0.9878,0.0,0.0,0.0,3.096,0.586,3.195,0.222,7.317
img_001411.jpg,1,0,0.9833,0.0,0.0,0.0,4.786,1.874,3.567,0.219,10.669
img_001414.jpg,1,0,1.0,0.0,0.0,0.0,5.8,1.397,3.873,0.345,11.718
img_001417.jpg,1,0,0.9996,0.0,0.0,0.0,4.028,1.387,3.223,0.232,9.091
img_001420.jpg,1,0,0.9999,0.0,0.0,0.0,4.721,3.081,3.514,0.234,11.785
img_001423.jpg,1,0,1.0,0.0,0.0,0.0,4.718,0.555,3.239,0.217,8.946
img_001426.jpg,1,0,1.0,0.0,0.0,0.0,3.734,0.526,3.256,0.228,7.967
img_001429.jpg,1,0,0.9997,0.0,0.0,0.0,5.888,3.218,4.146,0.341,14.514
img_001432.jpg,1,0,1.0,0.0,0.0,0.0,4.674,2.699,3.846,0.797,12.368
img_001435.jpg,1,0,1.0,0.0,0.0,0.0,3.164,0.64,3.27,0.228,7.531
img_001438.jpg,1,0,1.0,0.0,0.0,0.0,3.563,1.296,3.348,0.254,8.707
img_001441.jpg,1,0,1.0,0.0,0.0,0.0,3.373,0.522,3.207,0.209,7.531
img_001444.jpg,1,0,1.0,0.0,0.0,0.0,3.343,0.559,3.229,0.255,7.617
img_001447.jpg,1,0,1.0,0.0,0.0,0.0,3.004,0.525,3.268,0.231,7.259
img_001450.jpg,1,0,0.9999,0.0,0.0,0.0,3.146,0.987,3.21,0.216,7.789
img_001453.jpg,1,0,1.0,0.0,0.0,0.0,3.377,0.527,3.221,0.22,7.574
img_001456.jpg,1,0,0.9999,0.0,0.0,0.0,3.286,0.512,3.2,0.215,7.436
img_001459.jpg,1,0,0.9999,0.0,0.0,0.0,4.117,1.498,3.231,0.228,9.301
img_001462.jpg,1,0,0.9999,0.0,0.0,0.0,3.887,2.67,3.652,0.324,10.824
img_001465.jpg,1,0,1.0,0.0,0.0,0.0,3.418,1.314,3.209,0.229,8.393
img_001468.jpg,1,0,1.0,0.0,0.0,0.0,4.478,2.209,3.72,0.214,10.838
img_001471.jpg,1,0,1.0,0.0,0.0,0.0,4.282,1.647,3.212,0.21,9.561
img_001474.jpg,1,0,1.0,0.0,0.0,0.0,4.989,0.868,3.228,0.235,9.554
img_001477.jpg,1,0,0.9999,0.0,0.0,0.0,3.922,1.381,3.264,0.238,9.036
img_001480.jpg,1,0,1.0,0.0,0.0,0.0,4.568,2.088,3.776,0.351,11.079
img_001483.jpg,1,0,1.0,0.0,0.0,0.0,3.459,0.522,3.243,0.237,7.688
img_001486.jpg,1,0,1.0,0.0,0.0,0.0,3.693,0.515,3.21,0.229,7.872
img_001489.jpg,1,0,0.9997,0.0,0.0,0.0,3.19,0.52,3.224,0.229,7.383
img_001492.jpg,1,0,1.0,0.0,0.0,0.0,3.265,0.494,3.215,0.211,7.398
img_001495.jpg,1,0,1.0,0.0,0.0,0.0,3.144,0.502,3.157,0.211,7.227
img_001498.jpg,1,0,1.0,0.0,0.0,0.0,5.207,2.789,4.57,0.31,13.2
img_001501.jpg,1,0,1.0,0.0,0.0,0.0,4.974,0.809,3.761,0.433,10.275
img_001504.jpg,1,0,0.9999,0.0,0.0,0.0,4.186,0.537,3.196,0.21,8.352
img_001507.jpg,1,0,1.0,0.0,0.0,0.0,4.951,1.862,3.592,0.234,10.873
img_001510.jpg,1,0,1.0,0.0,0.0,0.0,4.417,1.002,3.227,0.23,9.096
img_001513.jpg,1,0,1.0,0.0,0.0,0.0,3.581,0.496,3.204,0.229,7.754
img_001516.jpg,1,0,1.0,0.0,0.0,0.0,5.763,2.118,3.886,0.412,12.655
img_001519.jpg,1,0,1.0,0.0,0.0,0.0,3.297,0.571,3.204,0.245,7.535
img_001522.jpg,1,0,1.0,0.0,0.0,0.0,3.235,0.697,3.228,0.232,7.621
img_001525.jpg,1,0,1.0,0.0,0.0,0.0,3.037,0.574,3.254,0.278,7.37
img_001528.jpg,1,0,1.0,0.0,0.0,0.0,3.381,0.554,3.241,0.253,7.656
img_001531.jpg,1,0,1.0,0.0,0.0,0.0,2.934,0.504,3.162,0.215,7.027
img_001534.jpg,1,0,0.9999,0.0,0.0,0.0,3.325,0.521,3.144,0.213,7.44
img_001537.jpg,1,0,1.0,0.0,0.0,0.0,3.483,1.293,3.296,0.231,8.543
img_001540.jpg,1,0,1.0,0.0,0.0,0.0,4.231,0.573,3.12,0.239,8.399
img_001543.jpg,1,0,0.9999,0.0,0.0,0.0,3.452,0.533,3.252,0.229,7.694
img_001546.jpg,1,0,1.0,0.0,0.0,0.0,4.272,1.766,3.946,0.238,10.457
img_001549.jpg,1,0,1.0,0.0,0.0,0.0,6.311,3.12,4.299,0.353,14.539
img_001552.jpg,1,0,1.0,0.0,0.0,0.0,4.433,0.592,3.22,0.233,8.705
img_001555.jpg,1,0,1.0,0.0,0.0,0.0,4.253,2.231,6.704,0.301,14.368
img_001558.jpg,1,0,1.0,0.0,0.0,0.0,3.905,0.524,3.252,0.233,8.142
img_001561.jpg,1,0,1.0,0.0,0.0,0.0,5.218,0.772,3.703,0.303,10.286
img_001564.jpg,1,0,1.0,0.0,0.0,0.0,5.588,1.764,6.186,0.224,13.991
img_001567.jpg,1,0,1.0,0.0,0.0,0.0,3.373,0.95,3.068,0.215,7.816
img_001570.jpg,1,0,1.0,0.0,0.0,0.0,3.118,1.323,3.172,0.211,8.041
img_001573.jpg,1,0,1.0,0.0,0.0,0.0,3.581,1.382,3.16,0.222,8.561
img_001576.jpg,1,0,1.0,0.0,0.0,0.0,3.137,1.356,3.208,0.227,8.152
img_001579.jpg,1,0,1.0,0.0,0.0,0.0,3.471,0.563,3.258,0.229,7.742
img_001582.jpg,1,0,1.0,0.0,0.0,0.0,4.201,3.028,3.885,0.34,11.763
img_001585.jpg,1,0,1.0,0.0,0.0,0.0,3.122,0.511,3.254,0.228,7.332
img_001588.jpg,1,0,1.0,0.0,0.0,0.0,3.096,0.576,3.213,0.267,7.373
img_001591.jpg,1,0,1.0,0.0,0.0,0.0,3.039,0.517,3.15,0.216,7.136
img_001594.jpg,1,0,1.0,0.0,0.0,0.0,3.113,0.505,5.059,0.238,9.168
img_001597.jpg,1,0,1.0,0.0,0.0,0.0,3.104,0.558,3.224,0.234,7.335
img_001600.jpg,1,0,1.0,0.0,0.0,0.0,3.084,0.508,3.174,0.217,7.198
img_001603.jpg,1,0,1.0,0.0,0.0,0.0,3.117,0.521,3.152,0.208,7.21
img_001606.jpg,1,0,1.0,0.0,0.0,0.0,3.794,1.967,3.237,0.266,9.486
img_001609.jpg,1,0,1.0,0.0,0.0,0.0,3.54,0.577,3.168,0.213,7.706
img_001612.jpg,1,0,1.0,0.0,0.0,0.0,5.234,1.386,4.116,0.239,11.199
img_001615.jpg,1,0,1.0,0.0,0.0,0.0,4.285,2.785,3.57,0.442,11.379
img_001618.jpg,1,0,1.0,0.0,0.0,0.0,3.936,1.358,3.176,0.219,8.904
img_001621.jpg,1,0,0.9999,0.0,0.0,0.0,4.158,4.457,3.143,0.232,12.273
img_001624.jpg,1,0,1.0,0.0,0.0,0.0,5.565,2.587,3.218,0.24,11.829
img_001627.jpg,1,0,1.0,0.0,0.0,0.0,4.278,2.694,3.229,0.232,10.659
img_001630.jpg,1,0,1.0,0.0,0.0,0.0,4.1,2.652,3.797,0.363,11.214
img_001633.jpg,1,0,1.0,0.0,0.0,0.0,3.657,0.536,3.256,0.243,7.929
img_001636.jpg,1,0,0.9997,0.0,0.0,0.0,3.48,0.569,3.245,0.232,7.76
img_001639.jpg,1,0,0.9999,0.0,0.0,0.0,3.435,0.536,3.495,0.232,7.927
img_001642.jpg,1,0,0.9999,0.0,0.0,0.0,3.241,1.415,3.082,0.247,8.201
img_001645.jpg,1,0,0.9999,0.0,0.0,0.0,3.812,0.611,3.165,0.213,8.03
img_001648.jpg,1,0,0.9999,0.0,0.0,0.0,3.424,0.543,3.236,0.271,7.706
img_001651.jpg,1,0,0.9999,0.0,0.0,0.0,4.948,2.808,3.307,0.234,11.538
img_001654.jpg,1,0,0.9999,0.0,0.0,0.0,3.367,0.504,3.252,0.219,7.558
img_001657.jpg,1,0,0.9999,0.0,0.0,0.0,3.313,0.528,3.228,0.231,7.519
img_001660.jpg,1,0,0.9999,0.0,0.0,0.0,3.311,0.519,3.189,0.22,7.457
img_001663.jpg,1,0,0.9998,0.0,0.0,0.0,3.648,2.604,3.199,0.23,9.904
img_001666.jpg,1,0,1.0,0.0,0.0,0.0,3.473,0.51,3.2,0.23,7.63
img_001669.jpg,1,0,0.9998,0.0,0.0,0.0,3.306,0.506,3.153,0.213,7.39
img_001672.jpg,1,0,0.9999,0.0,0.0,0.0,3.308,0.494,3.159,0.214,7.381
img_001675.jpg,1,0,0.9999,0.0,0.0,0.0,3.411,1.296,3.269,0.229,8.426
img_001678.jpg,1,0,0.9997,0.0,0.0,0.0,3.415,1.533,3.19,0.215,8.573
img_001681.jpg,1,0,0.9996,0.0,0.0,0.0,3.274,1.256,3.228,0.229,8.205
img_001684.jpg,1,0,0.9999,0.0,0.0,0.0,3.397,1.799,3.153,0.212,8.777
img_001687.jpg,1,0,0.9997,0.0,0.0,0.0,4.558,0.774,3.685,0.347,9.656
img_001690.jpg,1,0,0.9997,0.0,0.0,0.0,3.351,0.503,3.139,0.242,7.445
img_001693.jpg,1,0,0.9994,0.0,0.0,0.0,3.575,0.739,3.164,0.21,7.895
img_001696.jpg,1,0,0.9997,0.0,0.0,0.0,3.312,0.499,3.207,0.206,7.426
img_001699.jpg,1,0,0.9988,0.0,0.0,0.0,3.74,1.144,3.221,0.228,8.553
img_001702.jpg,1,0,0.9999,0.0,0.0,0.0,3.849,0.509,3.151,0.209,7.927
img_001705.jpg,1,0,0.9999,0.0,0.0,0.0,4.233,0.516,3.137,0.219,8.313
img_001708.jpg,1,0,0.9971,0.0,0.0,0.0,5.097,1.146,3.105,0.228,9.832
img_001711.jpg,1,0,0.9998,0.0,0.0,0.0,3.098,0.49,3.155,0.208,7.158
img_001714.jpg,1,0,0.996,0.0,0.0,0.0,3.086,0.487,3.186,0.214,7.174
img_001717.jpg,1,0,0.9996,0.0,0.0,0.0,4.469,3.555,3.812,0.558,12.753
img_001720.jpg,1,0,0.9999,0.0,0.0,0.0,4.145,3.52,3.772,0.344,12.08
img_001723.jpg,1,0,0.9999,0.0,0.0,0.0,4.144,2.824,3.614,0.453,11.342
img_001726.jpg,1,0,1.0,0.0,0.0,0.0,4.462,1.852,3.273,0.235,10.052
img_001729.jpg,1,0,0.9944,0.0,0.0,0.0,4.544,2.229,3.93,0.302,11.292
img_001732.jpg,1,0,0.9999,0.0,0.0,0.0,3.097,0.497,3.151,0.254,7.207
img_001735.jpg,1,0,0.9993,0.0,0.0,0.0,3.17,0.642,3.272,0.239,7.541
img_001738.jpg,1,0,0.9963,0.0,0.0,0.0,3.111,1.139,3.243,0.233,7.945
img_001741.jpg,1,0,0.9991,0.0,0.0,0.0,4.495,0.849,3.14,0.216,8.917
img_001744.jpg,1,0,0.9993,0.0,0.0,0.0,3.427,0.511,3.191,0.208,7.545
img_001747.jpg,1,0,0.9994,0.0,0.0,0.0,3.482,0.56,3.154,0.21,7.612
img_001750.jpg,1,0,0.9996,0.0,0.0,0.0,3.381,0.525,3.214,0.233,7.569
img_001753.jpg,1,0,0.9999,0.0,0.0,0.0,3.383,0.519,3.17,0.212,7.496
img_001756.jpg,1,0,0.9996,0.0,0.0,0.0,4.622,1.599,4.191,0.234,10.865
img_001759.jpg,1,0,0.9996,0.0,0.0,0.0,3.094,0.497,3.196,0.215,7.206
img_001762.jpg,1,0,0.9934,0.0,0.0,0.0,3.078,0.489,3.209,0.208,7.195
img_001765.jpg,1,0,0.9995,0.0,0.0,0.0,3.09,0.503,3.226,0.233,7.264
img_001768.jpg,1,0,0.9956,0.0,0.0,0.0,3.127,0.499,3.221,0.23,7.295
img_001771.jpg,1,0,0.9972,0.0,0.0,0.0,3.384,0.491,3.233,0.232,7.593
img_001774.jpg,1,0,0.9875,0.0,0.0,0.0,4.937,2.597,3.436,0.275,11.512
img_001777.jpg,1,0,0.9985,0.0,0.0,0.0,3.401,0.507,3.285,0.227,7.642
img_001780.jpg,1,0,0.9996,0.0,0.0,0.0,3.096,0.494,3.165,0.214,7.182
img_001783.jpg,1,0,0.9996,0.0,0.0,0.0,4.698,2.683,3.791,1.012,12.495
img_001786.jpg,1,0,0.9999,0.0,0.0,0.0,3.903,1.376,3.21,0.214,8.923
img_001789.jpg,1,0,0.9999,0.0,0.0,0.0,3.881,1.364,3.228,0.216,8.899
img_001792.jpg,1,0,0.9994,0.0,0.0,0.0,5.347,2.78,4.539,0.31,13.397
img_001795.jpg,1,0,0.9999,0.0,0.0,0.0,4.946,0.678,3.823,0.332,10.076
img_001798.jpg,1,0,0.9999,0.0,0.0,0.0,4.354,0.695,3.851,0.288,9.482
img_001801.jpg,1,0,1.0,0.0,0.0,0.0,3.249,0.665,3.222,0.244,7.598
img_001804.jpg,1,0,0.9993,0.0,0.0,0.0,4.57,2.729,3.598,0.851,12.036
img_001807.jpg,1,0,0.9978,0.0,0.0,0.0,4.746,3.152,3.726,0.823,12.75
img_001810.jpg,1,0,0.9995,0.0,0.0,0.0,3.475,0.521,3.223,0.23,7.667
img_001813.jpg,1,0,0.9998,0.0,0.0,0.0,3.105,0.552,3.215,0.229,7.312
img_001816.jpg,1,0,0.9998,0.0,0.0,0.0,3.138,0.498,3.157,0.217,7.218
img_001819.jpg,1,0,1.0,0.0,0.0,0.0,3.492,0.762,4.615,0.337,9.569
img_001822.jpg,1,0,1.0,0.0,0.0,0.0,3.362,0.514,3.218,0.228,7.538
img_001825.jpg,1,0,1.0,0.0,0.0,0.0,3.362,0.504,3.232,0.231,7.542
img_001828.jpg,1,0,0.9999,0.0,0.0,0.0,3.513,1.802,3.152,0.217,8.899
img_001831.jpg,1,0,1.0,0.0,0.0,0.0,4.096,2.174,3.458,0.377,10.46
img_001834.jpg,1,0,0.9999,0.0,0.0,0.0,4.274,1.371,3.049,0.213,9.132
img_001837.jpg,1,0,0.9998,0.0,0.0,0.0,3.065,0.5,3.138,0.223,7.132
img_001840.jpg,1,0,0.9999,0.0,0.0,0.0,3.133,0.488,3.213,0.229,7.278
img_001843.jpg,1,0,0.9973,0.0,0.0,0.0,3.123,0.498,3.252,0.233,7.322
img_001846.jpg,1,0,0.9988,0.0,0.0,0.0,3.028,3.315,3.298,0.237,10.11
img_001849.jpg,1,0,0.9987,0.0,0.0,0.0,3.2,0.54,3.157,0.211,7.323
img_001852.jpg,1,0,0.9997,0.0,0.0,0.0,3.467,0.537,3.164,0.207,7.588
img_001855.jpg,1,0,0.9975,0.0,0.0,0.0,3.325,0.497,3.235,0.228,7.492
img_001858.jpg,1,0,0.9994,0.0,0.0,0.0,4.207,2.744,3.961,0.415,11.622
img_001861.jpg,1,0,0.9994,0.0,0.0,0.0,3.482,0.585,4.366,0.395,9.126
img_001864.jpg,1,0,0.9985,0.0,0.0,0.0,4.019,0.589,3.2,0.249,8.283
img_001867.jpg,1,0,0.9991,0.0,0.0,0.0,5.24,3.262,4.473,0.904,14.336
img_001870.jpg,1,0,0.9995,0.0,0.0,0.0,3.841,0.596,3.222,0.234,8.122
img_001873.jpg,1,0,0.9994,0.0,0.0,0.0,3.893,0.582,3.27,0.259,8.233
img_001876.jpg,1,0,1.0,0.0,0.0,0.0,5.352,2.685,3.879,0.356,12.602
img_001879.jpg,1,0,0.9996,0.0,0.0,0.0,5.138,0.649,3.719,0.412,10.254
img_001882.jpg,1,0,0.9998,0.0,0.0,0.0,4.005,0.51,3.276,0.232,8.251
img_001885.jpg,1,0,1.0,0.0,0.0,0.0,4.682,0.675,3.752,0.46,9.874
img_001888.jpg,1,0,0.9999,0.0,0.0,0.0,4.246,2.612,3.132,0.234,10.46
img_001891.jpg,1,0,1.0,0.0,0.0,0.0,4.55,0.776,3.619,0.417,9.675
img_001894.jpg,1,0,0.9998,0.0,0.0,0.0,4.831,2.62,3.316,0.251,11.294
img_001897.jpg,1,0,0.9998,0.0,0.0,0.0,3.803,0.555,3.204,0.235,8.03
img_001900.jpg,1,0,0.9996,0.0,0.0,0.0,5.126,0.603,3.234,0.242,9.437
img_001903.jpg,1,0,0.9999,0.0,0.0,0.0,3.821,0.55,3.277,0.288,8.169
img_001906.jpg,1,0,1.0,0.0,0.0,0.0,4.249,0.538,3.325,0.234,8.578
img_001909.jpg,1,0,1.0,0.0,0.0,0.0,4.141,0.57,3.304,0.243,8.486
img_001912.jpg,1,0,1.0,0.0,0.0,0.0,4.135,0.569,3.285,0.239,8.47
img_001915.jpg,1,0,0.9999,0.0,0.0,0.0,4.226,0.571,3.222,0.224,8.473
img_001918.jpg,1,0,1.0,0.0,0.0,0.0,4.242,0.569,3.274,0.239,8.562
img_001921.jpg,1,0,1.0,0.0,0.0,0.0,4.243,0.585,3.293,0.249,8.609
img_001924.jpg,1,0,1.0,0.0,0.0,0.0,4.343,0.569,3.229,0.232,8.604
img_001927.jpg,1,0,1.0,0.0,0.0,0.0,4.231,0.566,3.219,0.226,8.474
img_001930.jpg,1,0,0.9999,0.0,0.0,0.0,4.179,0.565,3.207,0.227,8.415
img_001933.jpg,1,0,1.0,0.0,0.0,0.0,4.289,0.673,3.787,0.916,9.98
img_001936.jpg,1,0,0.9987,0.0,0.0,0.0,3.309,0.589,3.198,0.221,7.543
img_001939.jpg,1,0,0.9998,0.0,0.0,0.0,3.222,1.187,3.199,0.218,8.049
img_001942.jpg,1,0,0.9985,0.0,0.0,0.0,3.757,0.528,3.285,0.237,8.041
img_001945.jpg,1,0,0.9999,0.0,0.0,0.0,3.289,0.678,3.185,0.251,7.624
img_001948.jpg,1,0,0.9998,0.0,0.0,0.0,3.241,0.516,3.176,0.214,7.368
img_001951.jpg,1,0,1.0,0.0,0.0,0.0,6.163,3.101,4.2,0.343,14.793
img_001954.jpg,1,0,1.0,0.0,0.0,0.0,3.181,0.518,3.232,0.227,7.413
img_001957.jpg,1,0,1.0,0.0,0.0,0.0,2.986,0.539,3.206,0.219,7.173
img_001960.jpg,1,0,1.0,0.0,0.0,0.0,4.892,1.362,3.263,0.249,9.999
img_001963.jpg,1,0,0.9999,0.0,0.0,0.0,3.972,0.519,3.199,0.212,8.128
img_001966.jpg,1,0,1.0,0.0,0.0,0.0,2.979,0.512,3.197,0.228,7.138
img_001969.jpg,1,0,0.9999,0.0,0.0,0.0,4.552,3.107,3.816,0.367,12.183
img_001972.jpg,1,0,0.999,0.0,0.0,0.0,3.872,0.525,3.235,0.215,8.075
img_001975.jpg,1,0,0.9999,0.0,0.0,0.0,3.31,0.522,3.234,0.238,7.532
img_001978.jpg,1,0,0.9996,0.0,0.0,0.0,3.341,0.533,3.256,0.23,7.59
img_001981.jpg,1,0,0.9996,0.0,0.0,0.0,3.269,0.56,3.271,0.233,7.554
img_001984.jpg,1,0,0.9975,0.0,0.0,0.0,3.261,0.553,3.167,0.22,7.435
img_001987.jpg,1,0,1.0,0.0,0.0,0.0,3.278,0.516,3.165,0.271,7.447
img_001990.jpg,1,0,0.9999,0.0,0.0,0.0,3.229,0.53,3.179,0.217,7.374
img_001993.jpg,1,0,1.0,0.0,0.0,0.0,3.327,0.515,3.164,0.213,7.439
img_001996.jpg,1,0,1.0,0.0,0.0,0.0,3.265,0.536,3.186,0.217,7.428
img_001999.jpg,1,0,1.0,0.0,0.0,0.0,3.275,0.571,3.264,0.241,7.58
img_002002.jpg,1,0,0.9999,0.0,0.0,0.0,3.282,0.569,3.194,0.217,7.489
img_002005.jpg,1,0,0.9999,0.0,0.0,0.0,3.27,0.827,3.194,0.218,7.734
img_002008.jpg,1,0,0.9944,0.0,0.0,0.0,3.622,0.746,3.236,0.229,8.068
img_002011.jpg,1,0,0.9999,0.0,0.0,0.0,3.35,0.903,3.241,0.234,7.986
img_002014.jpg,1,0,0.998,0.0,0.0,0.0,3.684,1.043,3.215,0.231,8.396
img_002017.jpg,1,0,0.9991,0.0,0.0,0.0,4.985,3.125,4.498,0.381,13.312
img_002020.jpg,1,0,0.9998,0.0,0.0,0.0,3.901,0.515,3.229,0.229,8.096
img_002023.jpg,1,0,0.9998,0.0,0.0,0.0,4.157,0.54,3.247,0.234,8.396
img_002026.jpg,1,0,0.9999,0.0,0.0,0.0,5.22,3.602,7.551,0.363,17.043
img_002029.jpg,1,0,0.9991,0.0,0.0,0.0,4.48,1.812,3.167,0.22,9.891
img_002032.jpg,1,0,0.9967,0.0,0.0,0.0,4.795,2.543,3.535,0.312,11.476
img_002035.jpg,1,0,0.9983,0.0,0.0,0.0,3.508,2.478,3.309,0.247,9.779
img_002038.jpg,1,0,0.9999,0.0,0.0,0.0,4.057,0.499,3.15,0.208,8.126
img_002041.jpg,1,0,0.9999,0.0,0.0,0.0,3.504,0.551,3.221,0.235,7.767
img_002044.jpg,1,0,1.0,0.0,0.0,0.0,6.415,0.808,4.044,0.342,11.937
img_002047.jpg,1,0,0.9995,0.0,0.0,0.0,3.353,0.525,3.242,0.238,7.591
img_002050.jpg,1,0,0.9996,0.0,0.0,0.0,3.307,0.563,3.309,0.241,7.656
img_002053.jpg,1,0,0.9999,0.0,0.0,0.0,3.305,0.521,3.262,0.234,7.554
img_002056.jpg,1,0,0.9999,0.0,0.0,0.0,3.447,1.278,3.094,0.227,8.266
img_002059.jpg,1,0,0.9993,0.0,0.0,0.0,3.353,1.513,3.187,0.232,8.509
img_002062.jpg,1,0,0.9999,0.0,0.0,0.0,3.483,0.584,3.163,0.237,7.677
img_002065.jpg,1,0,0.9361,0.0,0.0,0.0,5.029,1.367,3.987,0.214,10.808
img_002068.jpg,1,0,0.9997,0.0,0.0,0.0,4.991,1.772,3.223,0.238,10.465
img_002071.jpg,1,0,0.9975,0.0,0.0,0.0,3.392,0.519,3.187,0.219,7.541
img_002074.jpg,1,0,0.9887,0.0,0.0,0.0,3.047,1.283,3.286,0.244,8.097
img_002077.jpg,1,0,0.9966,0.0,0.0,0.0,2.999,0.502,3.236,0.235,7.195
img_002080.jpg,1,0,0.9997,0.0,0.0,0.0,3.027,0.865,3.226,0.232,7.574
img_002083.jpg,1,0,0.9995,0.0,0.0,0.0,3.122,0.54,3.246,0.235,7.372
img_002086.jpg,1,0,0.9115,0.0,0.0,0.0,3.221,0.591,3.211,0.23,7.473
img_002089.jpg,1,0,0.9764,0.0,0.0,0.0,3.082,0.503,3.16,0.216,7.17
img_002092.jpg,1,0,0.967,0.0,0.0,0.0,3.08,0.59,3.261,0.221,7.373
img_002095.jpg,1,1,0.6222,0.0,0.0,0.0,3.882,1.376,3.183,0.227,8.888
img_002098.jpg,1,0,0.7438,0.0,0.0,0.0,3.869,1.365,3.166,0.22,8.837
img_002101.jpg,1,0,0.9947,0.0,0.0,0.0,3.879,1.338,3.159,0.212,8.827
img_002104.jpg,1,0,0.992,0.0,0.0,0.0,3.854,0.54,4.369,0.231,9.226
img_002107.jpg,1,0,0.9993,0.0,0.0,0.0,3.119,0.49,3.183,0.208,7.21
img_002110.jpg,1,0,0.9977,0.0,0.0,0.0,3.127,0.553,3.218,0.267,7.383
img_002113.jpg,1,0,0.9999,0.0,0.0,0.0,4.509,1.991,3.329,0.245,10.293
img_002116.jpg,1,0,0.9988,0.0,0.0,0.0,4.43,2.664,3.727,0.318,11.432
img_002119.jpg,1,0,0.9967,0.0,0.0,0.0,3.067,1.305,3.161,0.21,7.955
img_002122.jpg,1,0,0.9982,0.0,0.0,0.0,3.467,0.511,3.204,0.231,7.633
img_002125.jpg,1,0,0.9965,0.0,0.0,0.0,3.166,0.517,3.222,0.23,7.354
img_002128.jpg,1,0,0.9977,0.0,0.0,0.0,3.118,0.5,3.221,0.23,7.29
img_002131.jpg,1,0,0.9983,0.0,0.0,0.0,3.085,0.511,3.213,0.227,7.247
img_002134.jpg,1,0,0.9967,0.0,0.0,0.0,3.188,0.6,3.211,0.28,7.5
img_002137.jpg,1,0,0.9957,0.0,0.0,0.0,3.637,0.512,3.23,0.236,7.837
img_002140.jpg,1,0,0.9779,0.0,0.0,0.0,3.112,0.497,3.212,0.229,7.268
img_002143.jpg,1,0,0.7,0.0,0.0,0.0,3.136,0.502,3.215,0.231,7.3
img_002146.jpg,1,0,0.9841,0.0,0.0,0.0,3.297,0.504,3.216,0.226,7.461
img_002149.jpg,1,0,0.983,0.0,0.0,0.0,3.117,0.515,3.163,0.211,7.223
img_002152.jpg,1,0,0.9962,0.0,0.0,0.0,5.284,2.762,5.064,0.353,13.756
img_002155.jpg,1,0,0.9966,0.0,0.0,0.0,5.282,2.785,4.543,0.312,13.276
img_002158.jpg,1,0,0.9894,0.0,0.0,0.0,4.133,1.28,3.588,0.323,9.625
img_002161.jpg,1,0,0.9993,0.0,0.0,0.0,4.401,1.16,3.622,0.226,9.631
img_002164.jpg,1,0,0.723,0.0,0.0,0.0,4.342,0.941,3.718,0.442,9.752
img_002167.jpg,1,0,0.9155,0.0,0.0,0.0,3.288,0.511,3.251,0.23,7.496
img_002170.jpg,1,1,0.6606,0.0,0.0,0.0,3.211,0.504,3.266,0.227,7.424
img_002173.jpg,1,0,0.7077,0.0,0.0,0.0,3.208,0.521,3.26,0.231,7.439
img_002176.jpg,1,0,1.0,0.0,0.0,0.0,3.049,0.511,3.306,0.233,7.317
img_002179.jpg,1,0,0.9973,0.0,0.0,0.0,3.143,0.512,3.283,0.237,7.395
img_002182.jpg,1,0,0.9998,0.0,0.0,0.0,3.345,0.514,4.146,0.261,8.492
img_002185.jpg,1,0,0.9998,0.0,0.0,0.0,3.144,0.519,3.289,0.231,7.404
img_002188.jpg,1,0,0.9979,0.0,0.0,0.0,3.054,0.498,3.243,0.23,7.244
img_002191.jpg,1,0,1.0,0.0,0.0,0.0,4.94,1.438,2.954,0.213,9.765
img_002194.jpg,1,0,1.0,0.0,0.0,0.0,5.093,0.71,3.529,0.329,9.961
img_002197.jpg,1,0,0.9973,0.0,0.0,0.0,3.153,0.563,3.208,0.27,7.417
img_002200.jpg,1,0,0.999,0.0,0.0,0.0,3.351,1.871,3.207,0.268,8.916
img_002203.jpg,1,0,0.9971,0.0,0.0,0.0,3.186,0.688,3.226,0.268,7.587
img_002206.jpg,1,0,0.9931,0.0,0.0,0.0,3.212,0.511,3.233,0.227,7.402
img_002209.jpg,1,0,0.994,0.0,0.0,0.0,3.089,0.499,3.213,0.229,7.244
img_002212.jpg,1,0,0.9166,0.0,0.0,0.0,3.102,0.498,3.162,0.211,7.183
img_002215.jpg,1,0,0.9901,0.0,0.0,0.0,3.108,0.501,3.174,0.209,7.202
img_002218.jpg,1,0,0.9837,0.0,0.0,0.0,3.207,0.499,3.271,0.23,7.431
img_002221.jpg,1,0,0.6851,0.0,0.0,0.0,4.272,0.528,3.213,0.229,8.466
img_002224.jpg,1,0,0.7507,0.0,0.0,0.0,3.344,0.524,3.168,0.222,7.48
img_002227.jpg,1,0,0.9758,0.0,0.0,0.0,3.686,0.768,3.529,0.362,8.687
img_002230.jpg,1,0,0.9989,0.0,0.0,0.0,5.181,1.328,3.45,0.351,10.563
img_002233.jpg,1,0,0.9977,0.0,0.0,0.0,4.168,0.52,3.151,0.211,8.271
img_002236.jpg,1,0,0.7212,0.0,0.0,0.0,3.982,0.519,3.248,0.228,8.201
img_002239.jpg,1,0,0.6665,0.0,0.0,0.0,4.809,2.617,3.417,0.235,11.314
img_002242.jpg,1,0,0.9151,0.0,0.0,0.0,4.402,0.525,3.184,0.254,8.588
img_002245.jpg,1,0,0.8913,0.0,0.0,0.0,4.195,0.876,3.179,0.218,8.696
img_002248.jpg,1,1,0.7829,0.0,0.0,0.0,4.123,3.487,3.177,0.218,11.235
img_002251.jpg,1,0,0.7694,0.0,0.0,0.0,3.801,1.216,3.15,0.207,8.592
img_002254.jpg,1,0,0.9918,0.0,0.0,0.0,3.88,0.574,3.251,0.225,8.157
img_002257.jpg,1,0,0.9893,0.0,0.0,0.0,3.01,0.561,3.17,0.209,7.175
img_002260.jpg,1,1,0.5248,0.0,0.0,0.0,3.438,0.558,3.278,0.232,7.739
img_002263.jpg,1,1,0.7552,0.0,0.0,0.0,3.232,0.53,3.218,0.236,7.441
img_002266.jpg,1,0,0.9612,0.0,0.0,0.0,3.133,0.54,3.219,0.229,7.348
img_002269.jpg,1,0,0.8307,0.0,0.0,0.0,2.982,0.596,3.238,0.255,7.298
img_002272.jpg,1,0,0.9997,0.0,0.0,0.0,3.842,0.666,3.608,0.368,8.795
img_002275.jpg,1,0,1.0,0.0,0.0,0.0,3.882,0.688,3.565,0.361,8.809
img_002278.jpg,1,0,0.9989,0.0,0.0,0.0,3.017,0.504,3.217,0.225,7.185
img_002281.jpg,1,0,1.0,0.0,0.0,0.0,3.009,0.523,3.139,0.214,7.111
img_002284.jpg,1,0,1.0,0.0,0.0,0.0,2.933,0.506,3.24,0.247,7.152
img_002287.jpg,1,0,1.0,0.0,0.0,0.0,3.759,0.552,3.188,0.218,7.939
img_002290.jpg,1,0,0.9993,0.0,0.0,0.0,3.443,0.528,3.163,0.215,7.571
img_002293.jpg,1,0,0.9999,0.0,0.0,0.0,2.988,0.551,3.137,0.212,7.096
img_002296.jpg,1,0,0.9923,0.0,0.0,0.0,4.481,1.37,3.672,0.228,9.996
img_002299.jpg,1,0,1.0,0.0,0.0,0.0,3.86,0.531,3.21,0.211,8.021
img_002302.jpg,1,0,1.0,0.0,0.0,0.0,3.36,0.543,3.221,0.22,7.567
img_002305.jpg,1,0,1.0,0.0,0.0,0.0,6.548,1.357,3.343,0.258,11.744
img_002308.jpg,1,0,1.0,0.0,0.0,0.0,3.975,0.569,3.245,0.233,8.256
img_002311.jpg,1,0,1.0,0.0,0.0,0.0,2.999,0.581,3.264,0.222,7.288
img_002314.jpg,1,0,0.9998,0.0,0.0,0.0,3.069,0.561,3.273,0.237,7.374
img_002317.jpg,1,0,0.9999,0.0,0.0,0.0,2.951,0.575,3.184,0.224,7.186
img_002320.jpg,1,0,0.9999,0.0,0.0,0.0,3.009,0.566,3.181,0.225,7.205
img_002323.jpg,1,0,1.0,0.0,0.0,0.0,3.085,0.516,3.252,0.229,7.307
img_002326.jpg,1,0,1.0,0.0,0.0,0.0,2.986,0.52,3.153,0.217,7.094
img_002329.jpg,1,0,1.0,0.0,0.0,0.0,2.953,0.499,3.18,0.214,7.06
img_002332.jpg,1,0,1.0,0.0,0.0,0.0,3.017,0.524,3.254,0.233,7.251
img_002335.jpg,1,0,1.0,0.0,0.0,0.0,3.92,1.764,3.253,0.255,9.429
img_002338.jpg,1,0,1.0,0.0,0.0,0.0,4.389,0.644,3.238,0.233,8.737
img_002341.jpg,1,0,1.0,0.0,0.0,0.0,3.125,0.508,3.235,0.235,7.321
img_002344.jpg,1,0,1.0,0.0,0.0,0.0,3.025,0.5,3.229,0.226,7.243
img_002347.jpg,1,0,1.0,0.0,0.0,0.0,3.163,0.728,3.223,0.233,7.563
img_002350.jpg,1,0,1.0,0.0,0.0,0.0,3.572,0.502,3.16,0.216,7.707
img_002353.jpg,1,0,1.0,0.0,0.0,0.0,3.619,0.528,3.141,0.203,7.704
img_002356.jpg,1,0,1.0,0.0,0.0,0.0,3.212,0.506,3.272,0.227,7.439
img_002359.jpg,1,0,1.0,0.0,0.0,0.0,3.116,0.651,3.207,0.272,7.462
img_002362.jpg,1,0,1.0,0.0,0.0,0.0,3.181,0.506,3.239,0.229,7.373
img_002365.jpg,1,0,1.0,0.0,0.0,0.0,3.315,0.509,3.224,0.232,7.497
img_002368.jpg,1,0,1.0,0.0,0.0,0.0,3.077,0.498,3.184,0.213,7.183
img_002371.jpg,1,0,1.0,0.0,0.0,0.0,4.393,1.376,4.212,0.238,10.445
img_002374.jpg,1,0,1.0,0.0,0.0,0.0,3.722,0.809,3.236,0.233,8.23
img_002377.jpg,1,0,1.0,0.0,0.0,0.0,3.38,0.804,3.221,0.229,7.894
img_002380.jpg,1,0,1.0,0.0,0.0,0.0,4.395,1.504,4.027,0.232,10.387
img_002383.jpg,1,0,1.0,0.0,0.0,0.0,3.131,1.467,3.207,0.214,8.232
img_002386.jpg,1,0,1.0,0.0,0.0,0.0,5.334,1.185,3.479,0.303,10.633
img_002389.jpg,1,0,1.0,0.0,0.0,0.0,4.329,2.801,4.711,0.222,12.306
img_002392.jpg,1,0,1.0,0.0,0.0,0.0,3.289,0.516,3.306,0.228,7.563
img_002395.jpg,1,0,1.0,0.0,0.0,0.0,3.145,0.556,3.243,0.232,7.403
img_002398.jpg,1,0,1.0,0.0,0.0,0.0,5.672,2.812,4.257,0.368,13.517
img_002401.jpg,1,0,1.0,0.0,0.0,0.0,3.227,0.525,3.242,0.231,7.443
img_002404.jpg,1,0,1.0,0.0,0.0,0.0,3.409,0.526,3.258,0.218,7.627
img_002407.jpg,1,0,1.0,0.0,0.0,0.0,3.359,0.568,3.172,0.228,7.538
img_002410.jpg,1,0,1.0,0.0,0.0,0.0,3.707,2.792,3.2,0.227,10.156
img_002413.jpg,1,0,1.0,0.0,0.0,0.0,3.25,0.555,3.236,0.27,7.532
img_002416.jpg,1,0,1.0,0.0,0.0,0.0,5.401,2.759,4.27,0.447,13.187
img_002419.jpg,1,0,1.0,0.0,0.0,0.0,4.175,1.611,3.216,0.278,9.505
img_002422.jpg,1,0,1.0,0.0,0.0,0.0,4.101,0.812,3.235,0.228,8.598
img_002425.jpg,1,0,1.0,0.0,0.0,0.0,4.227,3.556,4.714,0.408,13.233
img_002428.jpg,1,0,0.9998,0.0,0.0,0.0,5.323,0.72,3.546,0.365,10.255
img_002431.jpg,1,0,1.0,0.0,0.0,0.0,4.151,1.645,3.924,0.333,10.415
img_002434.jpg,1,0,1.0,0.0,0.0,0.0,4.058,2.426,3.981,0.232,10.942
img_002437.jpg,1,0,0.9999,0.0,0.0,0.0,3.144,0.508,3.268,0.229,7.363
img_002440.jpg,1,0,0.9999,0.0,0.0,0.0,3.168,0.56,3.172,0.212,7.327
img_002443.jpg,1,0,0.9997,0.0,0.0,0.0,4.54,3.122,3.642,0.47,12.091
img_002446.jpg,1,0,0.9996,0.0,0.0,0.0,4.351,1.72,3.718,0.347,10.422
img_002449.jpg,1,0,0.9995,0.0,0.0,0.0,4.089,1.662,3.214,0.236,9.42
img_002452.jpg,1,0,0.9993,0.0,0.0,0.0,4.022,1.427,3.303,0.244,9.224
img_002455.jpg,1,0,0.9995,0.0,0.0,0.0,4.549,2.142,3.699,0.525,11.224
img_002458.jpg,1,0,0.9994,0.0,0.0,0.0,3.14,0.502,3.257,0.235,7.355
img_002461.jpg,1,0,0.9999,0.0,0.0,0.0,3.912,2.641,3.26,0.23,10.268
img_002464.jpg,1,0,0.9993,0.0,0.0,0.0,3.342,0.756,3.214,0.227,7.756
img_002467.jpg,1,0,0.9986,0.0,0.0,0.0,3.131,0.577,3.249,0.226,7.396
img_002470.jpg,1,0,0.9931,0.0,0.0,0.0,3.107,0.507,3.22,0.232,7.426
img_002473.jpg,1,0,0.9938,0.0,0.0,0.0,3.165,0.527,3.158,0.232,7.299
img_002476.jpg,1,0,0.9983,0.0,0.0,0.0,3.159,0.511,3.232,0.234,7.354
img_002479.jpg,1,0,0.9987,0.0,0.0,0.0,3.095,0.481,3.235,0.228,7.249
img_002482.jpg,1,0,0.9971,0.0,0.0,0.0,3.112,0.507,3.174,0.213,7.221
img_002485.jpg,1,0,0.9828,0.0,0.0,0.0,3.012,0.595,3.164,0.21,7.189
img_002488.jpg,1,0,0.999,0.0,0.0,0.0,3.028,0.492,3.199,0.209,7.136
img_002491.jpg,1,0,0.994,0.0,0.0,0.0,3.018,0.545,3.16,0.211,7.142
img_002494.jpg,1,0,0.9985,0.0,0.0,0.0,3.032,0.491,3.182,0.206,7.111
img_002497.jpg,1,0,0.9958,0.0,0.0,0.0,3.224,0.51,3.287,0.27,7.511
img_002500.jpg,1,0,0.9975,0.0,0.0,0.0,3.177,0.514,3.121,0.227,7.259
img_002503.jpg,1,0,0.9993,0.0,0.0,0.0,3.109,0.512,3.208,0.23,7.272
img_002506.jpg,1,0,0.9975,0.0,0.0,0.0,3.321,0.511,3.243,0.233,7.527
img_002509.jpg,1,0,0.9849,0.0,0.0,0.0,4.351,1.38,3.204,0.233,9.39
img_002512.jpg,1,0,0.9946,0.0,0.0,0.0,4.645,1.244,3.214,0.233,9.557
img_002515.jpg,1,0,0.9906,0.0,0.0,0.0,3.147,0.514,3.27,0.233,7.383
img_002518.jpg,1,0,0.9931,0.0,0.0,0.0,3.835,1.281,6.535,0.24,12.147
img_002521.jpg,1,0,0.9759,0.0,0.0,0.0,3.608,0.539,3.167,0.214,7.747
img_002524.jpg,1,0,0.8503,0.0,0.0,0.0,3.109,0.488,3.283,0.228,7.323
img_002527.jpg,1,0,0.9312,0.0,0.0,0.0,5.021,2.188,3.403,0.241,11.088
img_002530.jpg,1,0,0.9852,0.0,0.0,0.0,4.443,0.802,3.265,0.227,8.954
img_002533.jpg,1,0,0.9967,0.0,0.0,0.0,3.111,0.547,3.19,0.216,7.285
img_002536.jpg,1,0,0.9991,0.0,0.0,0.0,3.227,0.576,3.272,0.283,7.588
img_002539.jpg,1,0,0.9995,0.0,0.0,0.0,3.635,0.53,3.163,0.265,7.809
img_002542.jpg,1,0,0.9967,0.0,0.0,0.0,3.34,0.573,3.159,0.247,7.536
img_002545.jpg,1,0,0.9955,0.0,0.0,0.0,3.168,0.53,3.161,0.209,7.283
img_002548.jpg,1,0,0.9986,0.0,0.0,0.0,2.977,0.503,3.079,0.206,6.973
img_002551.jpg,1,0,0.9994,0.0,0.0,0.0,3.25,0.641,3.27,0.232,7.616
img_002554.jpg,1,0,0.9985,0.0,0.0,0.0,3.131,0.549,3.228,0.218,7.347
img_002557.jpg,1,0,0.9761,0.0,0.0,0.0,3.097,0.55,3.201,0.225,7.29
img_002560.jpg,1,0,0.9919,0.0,0.0,0.0,3.11,0.629,3.211,0.22,7.39
img_002563.jpg,1,0,0.9993,0.0,0.0,0.0,3.139,0.536,3.184,0.219,7.292
img_002566.jpg,1,0,0.998,0.0,0.0,0.0,3.98,1.544,3.147,0.235,9.138
img_002569.jpg,1,0,0.9987,0.0,0.0,0.0,4.272,2.528,3.676,0.358,11.159
img_002572.jpg,1,0,0.9818,0.0,0.0,0.0,3.222,0.536,3.253,0.23,7.459
img_002575.jpg,1,0,0.9959,0.0,0.0,0.0,3.648,0.479,3.129,0.218,7.683
img_002578.jpg,1,0,0.9984,0.0,0.0,0.0,3.341,0.502,3.148,0.215,7.413
img_002581.jpg,1,0,0.9998,0.0,0.0,0.0,3.329,0.511,3.157,0.247,7.492
img_002584.jpg,1,0,0.9969,0.0,0.0,0.0,4.369,1.632,3.338,0.252,9.821
img_002587.jpg,1,0,0.9985,0.0,0.0,0.0,3.192,1.254,3.15,0.219,8.022
img_002590.jpg,1,0,0.9955,0.0,0.0,0.0,4.581,1.386,3.202,0.231,9.62
img_002593.jpg,1,0,0.9993,0.0,0.0,0.0,3.241,2.609,3.588,0.41,10.137
img_002596.jpg,1,0,0.9974,0.0,0.0,0.0,5.322,2.272,4.597,0.341,12.832
img_002599.jpg,1,0,0.9685,0.0,0.0,0.0,3.076,0.51,3.231,0.232,7.268
img_002602.jpg,1,0,0.9956,0.0,0.0,0.0,3.054,0.568,3.182,0.247,7.271
img_002605.jpg,1,0,0.992,0.0,0.0,0.0,3.174,0.512,3.158,0.214,7.265
img_002608.jpg,1,0,0.72,0.0,0.0,0.0,2.982,0.546,3.156,0.21,7.102
img_002611.jpg,1,0,0.9616,0.0,0.0,0.0,3.18,0.766,3.211,0.229,7.602
img_002614.jpg,1,0,0.9953,0.0,0.0,0.0,3.04,0.488,3.218,0.212,7.168
img_002617.jpg,1,0,0.9982,0.0,0.0,0.0,3.055,0.482,3.156,0.211,7.113
img_002620.jpg,1,0,0.9929,0.0,0.0,0.0,3.059,0.502,3.155,0.206,7.173
img_002623.jpg,1,0,0.9923,0.0,0.0,0.0,3.09,0.499,3.217,0.229,7.249
img_002626.jpg,1,0,0.9532,0.0,0.0,0.0,3.076,0.503,3.226,0.225,7.294
img_002629.jpg,1,0,0.9948,0.0,0.0,0.0,3.109,0.526,3.198,0.228,7.272
img_002632.jpg,1,0,0.9951,0.0,0.0,0.0,3.263,0.507,3.235,0.231,7.458
img_002635.jpg,1,0,0.9925,0.0,0.0,0.0,5.215,1.667,3.749,0.336,11.269
img_002638.jpg,1,0,0.9995,0.0,0.0,0.0,3.954,0.518,3.23,0.234,8.157
img_002641.jpg,1,0,0.9749,0.0,0.0,0.0,3.981,1.438,6.302,0.226,12.172
img_002644.jpg,1,0,0.9801,0.0,0.0,0.0,3.964,1.367,3.229,0.385,9.163
img_002647.jpg,1,0,0.9582,0.0,0.0,0.0,3.93,1.34,3.248,0.232,8.967
img_002650.jpg,1,0,0.9475,0.0,0.0,0.0,4.58,2.508,3.116,0.234,10.682
img_002653.jpg,1,1,0.6973,0.0,0.0,0.0,4.025,1.591,3.242,0.236,9.318
img_002656.jpg,1,1,0.8016,0.0,0.0,0.0,4.544,1.761,3.234,0.233,10.007
img_002659.jpg,1,1,0.9756,0.0,0.0,0.0,5.917,1.887,3.799,0.409,12.371
img_002662.jpg,1,1,0.8991,0.0,0.0,0.0,3.054,0.522,3.255,0.233,7.29
img_002665.jpg,1,0,0.7426,0.0,0.0,0.0,2.958,0.592,3.155,0.215,7.144
img_002668.jpg,1,1,0.6833,0.0,0.0,0.0,3.005,0.633,3.23,0.234,7.33
img_002671.jpg,1,0,0.9434,0.0,0.0,0.0,3.002,0.505,3.139,0.214,7.07
img_002674.jpg,1,1,0.5251,0.0,0.0,0.0,2.962,0.512,3.178,0.208,7.08
img_002677.jpg,1,0,0.9721,0.0,0.0,0.0,2.99,0.557,3.236,0.234,7.243
img_002680.jpg,1,0,0.9979,0.0,0.0,0.0,3.131,0.5,3.194,0.209,7.245
img_002683.jpg,1,0,0.9571,0.0,0.0,0.0,3.145,1.343,3.344,0.214,8.27
img_002686.jpg,1,0,0.9367,0.0,0.0,0.0,3.072,1.011,3.237,0.227,7.773
img_002689.jpg,1,0,0.9529,0.0,0.0,0.0,5.294,1.504,3.829,0.235,11.201
img_002692.jpg,1,1,0.6979,0.0,0.0,0.0,4.532,2.682,3.75,0.367,11.641
img_002695.jpg,1,1,0.556,0.0,0.0,0.0,5.232,0.656,3.751,0.377,10.319
img_002698.jpg,1,1,0.9627,0.0,0.0,0.0,5.939,2.823,4.581,0.373,14.124
img_002701.jpg,1,1,0.9195,0.0,0.0,0.0,2.979,0.632,3.168,0.217,7.215
img_002704.jpg,1,1,0.9994,0.0,0.0,0.0,3.023,0.52,3.159,0.212,7.132
img_002707.jpg,1,1,0.7193,0.0,0.0,0.0,5.899,2.757,6.689,0.245,15.844
img_002710.jpg,1,1,0.9035,0.0,0.0,0.0,3.682,0.525,3.216,0.25,7.911
img_002713.jpg,1,1,0.648,0.0,0.0,0.0,4.333,0.58,3.237,0.232,8.612
img_002716.jpg,1,1,0.762,0.0,0.0,0.0,5.277,3.285,4.126,0.399,13.446
img_002719.jpg,1,0,0.9211,0.0,0.0,0.0,4.239,0.535,3.263,0.238,8.511
img_002722.jpg,1,0,0.6148,0.0,0.0,0.0,4.217,0.56,3.235,0.233,8.479
img_002725.jpg,1,0,0.9803,0.0,0.0,0.0,4.339,2.539,3.555,0.339,11.09
img_002728.jpg,1,0,0.9579,0.0,0.0,0.0,2.967,0.511,3.15,0.214,7.061
img_002731.jpg,1,0,0.6149,0.0,0.0,0.0,4.242,0.521,3.204,0.225,8.45
img_002734.jpg,1,0,0.9622,0.0,0.0,0.0,3.182,0.521,3.172,0.213,7.307
img_002737.jpg,1,0,0.9987,0.0,0.0,0.0,3.131,0.564,3.237,0.23,7.397
img_002740.jpg,1,0,0.9959,0.0,0.0,0.0,3.432,0.543,3.292,0.238,7.74
img_002743.jpg,1,0,0.997,0.0,0.0,0.0,3.35,0.516,3.157,0.21,7.446
img_002746.jpg,1,0,0.9774,0.0,0.0,0.0,3.245,0.518,3.219,0.23,7.432
img_002749.jpg,1,0,0.9694,0.0,0.0,0.0,3.34,0.517,3.268,0.221,7.564
img_002752.jpg,1,0,0.7913,0.0,0.0,0.0,3.328,0.53,3.191,0.249,7.514
img_002755.jpg,1,0,0.9922,0.0,0.0,0.0,4.224,2.226,3.996,0.233,10.917
img_002758.jpg,1,0,0.9699,0.0,0.0,0.0,4.919,2.772,4.141,0.36,12.49
img_002761.jpg,1,0,0.9971,0.0,0.0,0.0,4.136,1.208,3.486,0.301,9.41
img_002764.jpg,1,0,0.997,0.0,0.0,0.0,4.733,2.061,3.536,0.238,10.803
img_002767.jpg,1,0,0.9843,0.0,0.0,0.0,4.624,3.583,4.248,0.371,13.132
img_002770.jpg,1,0,0.9701,0.0,0.0,0.0,4.463,2.725,3.649,0.856,11.988
img_002773.jpg,1,0,0.944,0.0,0.0,0.0,4.438,1.72,6.508,0.237,13.134
img_002776.jpg,1,0,0.6554,0.0,0.0,0.0,4.436,3.533,3.679,0.346,12.296
img_002779.jpg,1,1,0.535,0.0,0.0,0.0,3.937,1.265,3.194,0.214,8.831
img_002782.jpg,1,0,0.932,0.0,0.0,0.0,5.914,2.781,4.846,0.344,14.29
img_002785.jpg,1,0,0.997,0.0,0.0,0.0,5.558,0.562,3.77,0.357,10.475
img_002788.jpg,1,0,0.7885,0.0,0.0,0.0,2.964,0.517,3.156,0.218,7.066
img_002791.jpg,1,0,0.9986,0.0,0.0,0.0,4.245,2.734,3.979,0.501,11.787
img_002794.jpg,1,0,0.9995,0.0,0.0,0.0,4.686,2.726,3.246,0.263,11.151
img_002797.jpg,1,0,0.9995,0.0,0.0,0.0,5.093,0.582,3.223,0.23,9.368
img_002800.jpg,1,0,0.9978,0.0,0.0,0.0,3.46,0.577,3.273,0.237,7.772
img_002803.jpg,1,0,0.9998,0.0,0.0,0.0,3.306,0.524,3.241,0.232,7.53
img_002806.jpg,1,0,0.9969,0.0,0.0,0.0,3.306,0.531,3.211,0.219,7.491
img_002809.jpg,1,0,0.9978,0.0,0.0,0.0,4.156,0.556,3.159,0.209,8.301
img_002812.jpg,1,0,0.9908,0.0,0.0,0.0,3.506,0.896,3.227,0.232,8.093
img_002815.jpg,1,0,0.9699,0.0,0.0,0.0,6.561,1.418,3.838,0.231,12.359
img_002818.jpg,1,0,0.8814,0.0,0.0,0.0,3.127,0.496,3.224,0.231,7.291
img_002821.jpg,1,0,0.999,0.0,0.0,0.0,3.098,0.512,3.25,0.231,7.3
img_002824.jpg,1,0,0.9995,0.0,0.0,0.0,3.18,0.5,3.222,0.227,7.342
img_002827.jpg,1,0,0.9998,0.0,0.0,0.0,3.236,0.51,3.208,0.233,7.4
img_002830.jpg,1,0,0.6883,0.0,0.0,0.0,4.665,1.379,3.524,0.234,10.026
img_002833.jpg,1,0,0.9531,0.0,0.0,0.0,3.931,1.624,3.157,0.214,9.131
img_002836.jpg,1,0,0.8062,0.0,0.0,0.0,4.154,0.516,3.218,0.238,8.349
img_002839.jpg,1,0,0.7467,0.0,0.0,0.0,3.893,2.843,3.604,0.331,10.979
img_002842.jpg,1,0,0.9236,0.0,0.0,0.0,5.25,1.747,3.794,0.311,11.386
img_002845.jpg,1,0,0.8165,0.0,0.0,0.0,3.37,0.523,3.164,0.212,7.47
img_002848.jpg,1,0,0.7311,0.0,0.0,0.0,4.091,1.718,3.245,0.233,9.513
img_002851.jpg,1,0,0.9763,0.0,0.0,0.0,4.216,0.595,3.266,0.237,8.547
img_002854.jpg,1,0,0.9987,0.0,0.0,0.0,3.93,3.079,3.992,0.346,11.647
img_002857.jpg,1,0,0.9971,0.0,0.0,0.0,3.946,1.678,3.222,0.217,9.281
img_002860.jpg,1,0,0.999,0.0,0.0,0.0,4.158,2.741,3.214,0.228,10.561
img_002863.jpg,1,0,0.9976,0.0,0.0,0.0,3.924,0.751,3.532,0.367,8.936
img_002866.jpg,1,0,0.9962,0.0,0.0,0.0,3.344,0.511,3.158,0.211,7.436
img_002869.jpg,1,0,0.9996,0.0,0.0,0.0,3.257,0.533,3.292,0.228,7.535
img_002872.jpg,1,0,0.9998,0.0,0.0,0.0,3.328,0.558,3.195,0.224,7.533
img_002875.jpg,1,0,0.9999,0.0,0.0,0.0,3.063,0.481,3.269,0.231,7.25
img_002878.jpg,1,0,0.9992,0.0,0.0,0.0,5.309,1.249,3.992,0.352,11.13
img_002881.jpg,1,0,0.9909,0.0,0.0,0.0,3.036,0.506,3.23,0.232,7.267
img_002884.jpg,1,0,0.965,0.0,0.0,0.0,3.234,0.505,3.222,0.216,7.388
img_002887.jpg,1,0,0.9901,0.0,0.0,0.0,4.111,3.18,3.699,0.431,11.723
img_002890.jpg,1,0,0.9952,0.0,0.0,0.0,4.759,1.275,3.191,0.215,9.668
img_002893.jpg,1,0,0.9812,0.0,0.0,0.0,3.572,0.505,3.167,0.218,7.675
img_002896.jpg,1,0,0.8786,0.0,0.0,0.0,3.416,0.532,3.227,0.233,7.633
img_002899.jpg,1,0,0.965,0.0,0.0,0.0,3.129,0.496,3.17,0.222,7.231
img_002902.jpg,1,0,0.9811,0.0,0.0,0.0,3.108,0.553,3.174,0.218,7.271
img_002905.jpg,1,0,0.7289,0.0,0.0,0.0,3.235,0.521,3.291,0.235,7.503
img_002908.jpg,1,0,0.9967,0.0,0.0,0.0,4.671,3.104,6.989,0.229,15.217
img_002911.jpg,1,0,0.9521,0.0,0.0,0.0,3.303,0.488,3.21,0.214,7.42
img_002914.jpg,1,0,0.8088,0.0,0.0,0.0,3.707,0.506,3.146,0.214,7.779
img_002917.jpg,1,0,0.8705,0.0,0.0,0.0,3.579,0.529,3.249,0.225,7.801
img_002920.jpg,1,0,0.9578,0.0,0.0,0.0,3.369,0.498,3.15,0.207,7.434
img_002923.jpg,1,0,0.7725,0.0,0.0,0.0,3.286,0.575,3.214,0.232,7.519
img_002926.jpg,1,0,0.9479,0.0,0.0,0.0,3.398,0.628,3.19,0.218,7.648
img_002929.jpg,1,0,0.9993,0.0,0.0,0.0,5.157,1.574,7.284,0.227,14.464
img_002932.jpg,1,0,0.9958,0.0,0.0,0.0,3.153,0.607,3.276,0.225,7.486
img_002935.jpg,1,0,0.9799,0.0,0.0,0.0,3.026,0.5,3.159,0.208,7.103
img_002938.jpg,1,0,0.999,0.0,0.0,0.0,3.115,0.905,3.216,0.228,7.683
img_002941.jpg,1,0,0.9866,0.0,0.0,0.0,3.059,0.501,3.147,0.217,7.189
img_002944.jpg,1,0,0.9982,0.0,0.0,0.0,3.119,0.826,3.217,0.229,7.606
img_002947.jpg,1,0,0.9427,0.0,0.0,0.0,3.052,0.541,3.18,0.216,7.198
img_002950.jpg,1,0,0.9997,0.0,0.0,0.0,6.16,1.707,3.078,0.216,11.379
img_002953.jpg,1,0,0.9981,0.0,0.0,0.0,5.023,0.701,3.535,0.325,9.88
img_002956.jpg,1,0,0.9985,0.0,0.0,0.0,3.856,0.52,3.257,0.231,8.083
img_002959.jpg,1,0,0.9999,0.0,0.0,0.0,5.312,2.374,3.806,0.332,12.111
img_002962.jpg,1,0,0.9999,0.0,0.0,0.0,3.5,0.546,3.302,0.233,7.806
img_002965.jpg,1,0,0.9999,0.0,0.0,0.0,3.009,0.5,3.225,0.272,7.264
img_002968.jpg,1,0,1.0,0.0,0.0,0.0,3.933,1.377,3.248,0.243,9.027
img_002971.jpg,1,0,1.0,0.0,0.0,0.0,3.505,0.573,3.168,0.216,7.679
img_002974.jpg,1,0,1.0,0.0,0.0,0.0,3.37,0.586,3.207,0.225,7.611
img_002977.jpg,1,0,1.0,0.0,0.0,0.0,3.019,0.534,3.162,0.209,7.131
img_002980.jpg,1,0,1.0,0.0,0.0,0.0,3.265,0.537,3.187,0.234,7.449
img_002983.jpg,1,0,1.0,0.0,0.0,0.0,3.064,0.513,3.209,0.232,7.235
img_002986.jpg,1,0,1.0,0.0,0.0,0.0,3.071,0.515,3.17,0.217,7.184
img_002989.jpg,1,0,1.0,0.0,0.0,0.0,4.997,1.54,4.589,0.23,11.638
img_002992.jpg,1,0,1.0,0.0,0.0,0.0,4.789,3.581,3.782,0.32,12.774
img_002995.jpg,1,0,1.0,0.0,0.0,0.0,4.612,2.669,3.64,0.443,11.665
img_002998.jpg,1,0,1.0,0.0,0.0,0.0,4.709,2.431,3.287,0.23,10.894
img_003001.jpg,1,0,0.9999,0.0,0.0,0.0,4.692,1.655,3.214,0.228,10.009
img_003004.jpg,1,0,1.0,0.0,0.0,0.0,3.94,1.354,3.155,0.218,8.881
img_003007.jpg,1,0,1.0,0.0,0.0,0.0,3.946,1.345,3.153,0.249,8.9
img_003010.jpg,1,0,1.0,0.0,0.0,0.0,5.175,0.694,4.092,0.32,10.557
img_003013.jpg,1,0,1.0,0.0,0.0,0.0,3.115,0.507,3.224,0.232,7.294
img_003016.jpg,1,0,1.0,0.0,0.0,0.0,3.297,0.501,3.158,0.218,7.384
img_003019.jpg,1,0,1.0,0.0,0.0,0.0,3.296,0.507,3.126,0.211,7.346
img_003022.jpg,1,0,1.0,0.0,0.0,0.0,3.082,0.501,3.269,0.226,7.294
img_003025.jpg,1,0,1.0,0.0,0.0,0.0,3.103,0.488,3.154,0.207,7.153
img_003028.jpg,1,0,1.0,0.0,0.0,0.0,6.021,2.6,5.155,0.35,14.519
img_003031.jpg,1,0,1.0,0.0,0.0,0.0,3.178,0.54,3.164,0.258,7.349
img_003034.jpg,1,0,1.0,0.0,0.0,0.0,3.193,0.52,3.214,0.228,7.376
img_003037.jpg,1,0,1.0,0.0,0.0,0.0,4.078,1.9,3.264,0.233,9.715
img_003040.jpg,1,0,1.0,0.0,0.0,0.0,3.123,0.507,3.218,0.209,7.274
img_003043.jpg,1,0,1.0,0.0,0.0,0.0,3.119,0.52,3.166,0.216,7.235
img_003046.jpg,1,0,1.0,0.0,0.0,0.0,3.105,0.511,3.162,0.213,7.213
img_003049.jpg,1,0,0.9999,0.0,0.0,0.0,3.259,0.51,3.23,0.282,7.497
img_003052.jpg,1,0,0.9999,0.0,0.0,0.0,3.046,0.489,3.226,0.216,7.187
img_003055.jpg,1,0,0.9975,0.0,0.0,0.0,3.037,0.513,3.171,0.209,7.137
img_003058.jpg,1,0,0.9993,0.0,0.0,0.0,4.237,4.001,3.114,0.232,11.821
img_003061.jpg,1,0,0.9841,0.0,0.0,0.0,3.958,0.509,3.215,0.227,8.139
img_003064.jpg,1,0,0.8201,0.0,0.0,0.0,3.884,0.568,3.181,0.232,8.088
img_003067.jpg,1,1,0.9958,0.0,0.0,0.0,4.293,1.885,3.426,0.281,10.13
img_003070.jpg,1,1,0.9969,0.0,0.0,0.0,5.306,0.66,3.759,0.356,10.376
img_003073.jpg,1,1,0.9985,0.0,0.0,0.0,3.091,0.544,3.201,0.213,7.26
img_003076.jpg,1,1,0.9959,0.0,0.0,0.0,6.014,3.558,3.775,0.302,13.955
img_003079.jpg,1,1,0.9793,0.0,0.0,0.0,5.706,0.668,3.218,0.245,10.075
img_003082.jpg,1,1,0.9998,0.0,0.0,0.0,4.291,0.533,3.17,0.217,8.48
img_003085.jpg,1,1,0.9934,0.0,0.0,0.0,4.382,2.757,3.955,0.479,12.355
img_003088.jpg,1,1,0.9955,0.0,0.0,0.0,4.241,0.866,3.239,0.236,8.816
img_003091.jpg,1,1,0.9984,0.0,0.0,0.0,4.085,0.514,3.256,0.267,8.338
img_003094.jpg,1,1,0.9868,0.0,0.0,0.0,3.453,1.479,3.195,0.214,8.556
img_003097.jpg,1,1,0.7467,0.0,0.0,0.0,3.392,0.764,3.22,0.231,7.824
img_003100.jpg,1,1,0.7585,0.0,0.0,0.0,3.1,0.498,3.236,0.229,7.285
img_003103.jpg,1,0,0.8598,0.0,0.0,0.0,3.589,0.519,3.279,0.242,7.858
img_003106.jpg,1,0,0.7339,0.0,0.0,0.0,3.079,0.493,3.2,0.217,7.202
img_003109.jpg,1,1,0.5344,0.0,0.0,0.0,3.18,0.841,3.21,0.224,7.67
img_003112.jpg,1,1,0.5566,0.0,0.0,0.0,4.214,1.911,3.179,0.214,9.736
img_003115.jpg,1,1,0.9827,0.0,0.0,0.0,4.795,0.821,3.23,0.233,9.304
img_003118.jpg,1,1,0.8864,0.0,0.0,0.0,3.223,0.526,3.148,0.213,7.33
img_003121.jpg,1,1,0.9723,0.0,0.0,0.0,3.115,0.513,3.227,0.23,7.3
img_003124.jpg,1,1,0.5223,0.0,0.0,0.0,3.11,0.659,3.144,0.214,7.338
img_003127.jpg,1,0,0.6511,0.0,0.0,0.0,3.476,0.58,3.154,0.21,7.633
img_003130.jpg,1,1,0.9733,0.0,0.0,0.0,3.129,0.516,3.225,0.224,7.349
img_003133.jpg,1,1,0.5783,0.0,0.0,0.0,3.525,1.317,3.931,0.399,9.481
img_003136.jpg,1,1,0.8389,0.0,0.0,0.0,3.2,0.512,3.235,0.227,7.395
img_003139.jpg,1,1,0.726,0.0,0.0,0.0,3.635,1.464,3.976,0.339,9.732
img_003142.jpg,1,1,0.9162,0.0,0.0,0.0,3.572,0.612,3.193,0.224,7.824
img_003145.jpg,1,1,0.6597,0.0,0.0,0.0,3.43,0.71,3.281,0.229,7.873
img_003148.jpg,1,1,0.8186,0.0,0.0,0.0,3.12,0.51,3.224,0.226,7.299
img_003151.jpg,1,1,0.8098,0.0,0.0,0.0,3.111,0.503,3.217,0.228,7.278
img_003154.jpg,1,1,0.8714,0.0,0.0,0.0,3.174,0.524,3.162,0.218,7.29
img_003157.jpg,1,1,0.6792,0.0,0.0,0.0,3.121,0.509,3.208,0.223,7.273
img_003160.jpg,1,1,0.8307,0.0,0.0,0.0,4.414,0.682,3.627,0.427,9.435
img_003163.jpg,1,1,0.8198,0.0,0.0,0.0,3.256,0.535,3.279,0.227,7.524
img_003166.jpg,1,1,0.6063,0.0,0.0,0.0,3.177,0.541,3.251,0.228,7.417
img_003169.jpg,1,1,0.5106,0.0,0.0,0.0,4.173,2.696,4.241,0.221,11.555
img_003172.jpg,1,0,0.7181,0.0,0.0,0.0,3.222,3.073,3.205,0.23,9.989
img_003175.jpg,1,0,0.6307,0.0,0.0,0.0,3.918,0.543,3.157,0.24,8.073
img_003178.jpg,1,0,0.8565,0.0,0.0,0.0,3.044,0.514,3.107,0.221,7.112
img_003181.jpg,1,0,0.904,0.0,0.0,0.0,2.968,0.513,3.174,0.21,7.079
img_003184.jpg,1,0,0.787,0.0,0.0,0.0,4.187,0.849,3.68,0.458,9.485
img_003187.jpg,1,1,0.7794,0.0,0.0,0.0,3.357,0.843,3.217,0.223,7.866
img_003190.jpg,1,0,0.8329,0.0,0.0,0.0,4.207,0.538,3.277,0.223,8.478
img_003193.jpg,1,0,0.9123,0.0,0.0,0.0,4.213,0.588,3.238,0.38,8.659
img_003196.jpg,1,0,0.9397,0.0,0.0,0.0,4.46,2.809,3.229,0.225,10.998
img_003199.jpg,1,0,0.8631,0.0,0.0,0.0,4.551,1.29,3.202,0.21,9.483
img_003202.jpg,1,0,0.9735,0.0,0.0,0.0,3.896,0.532,3.263,0.227,8.147
img_003205.jpg,1,0,0.913,0.0,0.0,0.0,4.944,0.567,3.112,0.23,9.085
img_003208.jpg,1,0,0.9908,0.0,0.0,0.0,3.865,0.525,3.229,0.229,8.07
img_003211.jpg,1,0,0.9717,0.0,0.0,0.0,3.929,0.538,3.232,0.228,8.155
img_003214.jpg,1,0,0.9438,0.0,0.0,0.0,4.324,0.609,3.181,0.209,8.546
img_003217.jpg,1,0,0.8633,0.0,0.0,0.0,3.906,0.567,3.263,0.261,8.231
img_003220.jpg,1,0,0.9991,0.0,0.0,0.0,3.173,0.525,3.227,0.223,7.369
img_003223.jpg,1,0,0.9984,0.0,0.0,0.0,5.513,1.663,3.765,0.356,11.627
img_003226.jpg,1,0,0.9971,0.0,0.0,0.0,3.235,1.572,3.217,0.223,8.47
img_003229.jpg,1,0,0.9947,0.0,0.0,0.0,3.487,0.539,3.237,0.227,7.718
img_003232.jpg,1,0,0.9726,0.0,0.0,0.0,3.996,0.53,3.204,0.227,8.179
img_003235.jpg,1,0,0.9881,0.0,0.0,0.0,4.848,0.559,3.248,0.225,9.109
img_003238.jpg,1,0,0.9845,0.0,0.0,0.0,3.833,0.527,3.204,0.229,8.021
img_003241.jpg,1,0,0.9598,0.0,0.0,0.0,3.903,0.518,3.161,0.217,8.019
img_003244.jpg,1,0,0.9732,0.0,0.0,0.0,4.754,0.543,3.15,0.21,8.88
img_003247.jpg,1,1,0.8476,0.0,0.0,0.0,4.054,0.522,3.141,0.208,8.139
img_003250.jpg,1,0,0.5094,0.0,0.0,0.0,5.309,2.896,4.377,0.405,13.318
img_003253.jpg,1,1,0.9757,0.0,0.0,0.0,4.699,1.874,3.168,0.214,10.174
img_003256.jpg,1,1,0.9898,0.0,0.0,0.0,3.965,1.005,3.225,0.226,8.652
img_003259.jpg,1,1,0.9922,0.0,0.0,0.0,3.863,0.516,3.209,0.261,8.07
img_003262.jpg,1,1,0.9995,0.0,0.0,0.0,3.957,0.514,3.165,0.213,8.071
img_003265.jpg,1,1,0.9988,0.0,0.0,0.0,3.912,0.518,3.151,0.216,8.02
img_003268.jpg,1,1,0.9949,0.0,0.0,0.0,3.956,0.524,3.167,0.211,8.077
img_003271.jpg,1,1,0.9937,0.0,0.0,0.0,4.297,1.289,3.286,0.232,9.346
img_003274.jpg,1,1,0.9957,0.0,0.0,0.0,3.851,0.519,3.232,0.231,8.064
img_003277.jpg,1,1,0.9895,0.0,0.0,0.0,3.881,0.6,3.208,0.254,8.168
img_003280.jpg,1,1,0.9946,0.0,0.0,0.0,3.848,0.569,3.144,0.211,7.996
img_003283.jpg,1,1,0.997,0.0,0.0,0.0,4.04,0.74,3.253,0.226,8.485
img_003286.jpg,1,1,0.9957,0.0,0.0,0.0,3.941,0.542,3.263,0.226,8.202
img_003289.jpg,1,1,0.9801,0.0,0.0,0.0,3.849,0.52,3.153,0.214,7.95
img_003292.jpg,1,1,0.9956,0.0,0.0,0.0,4.001,0.569,3.111,0.223,8.13
img_003295.jpg,1,1,0.9981,0.0,0.0,0.0,3.965,1.282,3.21,0.227,8.914
img_003298.jpg,1,1,0.5259,0.0,0.0,0.0,4.497,1.353,3.24,0.228,9.549
img_003301.jpg,1,0,0.8278,0.0,0.0,0.0,4.822,1.335,3.244,0.25,9.881
img_003304.jpg,1,0,0.9728,0.0,0.0,0.0,3.429,0.519,3.202,0.225,7.599
img_003307.jpg,1,0,0.9892,0.0,0.0,0.0,4.419,0.57,3.206,0.231,8.654
img_003310.jpg,1,0,0.9944,0.0,0.0,0.0,4.754,3.228,3.693,0.432,12.42
img_003313.jpg,1,0,0.9907,0.0,0.0,0.0,3.957,0.535,3.252,0.235,8.207
img_003316.jpg,1,0,0.976,0.0,0.0,0.0,3.954,0.581,3.218,0.226,8.207
img_003319.jpg,1,0,0.9983,0.0,0.0,0.0,3.883,0.513,3.137,0.215,7.963
img_003322.jpg,1,0,0.7269,0.0,0.0,0.0,4.915,0.578,3.229,0.225,9.179
img_003325.jpg,1,0,0.9865,0.0,0.0,0.0,3.89,1.525,3.232,0.239,9.114
img_003328.jpg,1,0,0.9955,0.0,0.0,0.0,3.948,0.601,3.264,0.257,8.299
img_003331.jpg,1,0,0.9824,0.0,0.0,0.0,6.395,2.814,4.538,0.345,14.669
img_003334.jpg,1,0,0.9995,0.0,0.0,0.0,4.023,0.538,3.223,0.224,8.235
img_003337.jpg,1,0,0.9938,0.0,0.0,0.0,3.823,0.541,3.224,0.227,8.046
img_003340.jpg,1,0,0.9963,0.0,0.0,0.0,5.469,2.002,3.894,0.229,11.845
img_003343.jpg,1,0,0.9964,0.0,0.0,0.0,3.978,0.579,3.154,0.217,8.139
img_003346.jpg,1,0,0.9959,0.0,0.0,0.0,3.932,0.51,3.15,0.212,8.023
img_003349.jpg,1,0,0.9965,0.0,0.0,0.0,4.245,1.592,3.28,0.235,9.583
img_003352.jpg,1,0,0.9998,0.0,0.0,0.0,4.799,0.69,3.709,0.923,10.439
img_003355.jpg,1,0,0.9981,0.0,0.0,0.0,4.179,0.52,3.16,0.215,8.297
img_003358.jpg,1,0,0.9995,0.0,0.0,0.0,4.318,0.54,3.224,0.228,8.545
img_003361.jpg,1,0,0.9993,0.0,0.0,0.0,4.297,0.563,3.177,0.245,8.507
img_003364.jpg,1,0,0.9964,0.0,0.0,0.0,4.524,1.16,3.237,0.225,9.373
img_003367.jpg,1,0,0.9996,0.0,0.0,0.0,4.183,0.599,3.217,0.207,8.442
img_003370.jpg,1,0,1.0,0.0,0.0,0.0,4.247,0.536,3.284,0.229,8.532
img_003373.jpg,1,0,0.9998,0.0,0.0,0.0,4.403,0.555,3.208,0.213,8.609
img_003376.jpg,1,0,0.9998,0.0,0.0,0.0,3.98,0.537,3.242,0.228,8.221
img_003379.jpg,1,0,0.9998,0.0,0.0,0.0,3.898,1.434,3.232,0.23,9.024
img_003382.jpg,1,0,0.9999,0.0,0.0,0.0,4.239,0.585,3.235,0.234,8.53
img_003385.jpg,1,0,0.9997,0.0,0.0,0.0,4.56,2.368,3.595,0.333,11.173
img_003388.jpg,1,0,1.0,0.0,0.0,0.0,4.213,0.55,3.258,0.247,8.498
img_003391.jpg,1,0,0.9988,0.0,0.0,0.0,4.219,0.558,3.209,0.209,8.414
img_003394.jpg,1,0,0.9959,0.0,0.0,0.0,4.685,2.126,3.413,0.324,10.806
img_003397.jpg,1,0,0.9406,0.0,0.0,0.0,4.249,0.571,3.24,0.267,8.56
img_003400.jpg,1,0,0.5673,0.0,0.0,0.0,4.187,0.533,3.238,0.233,8.426
img_003403.jpg,1,0,0.9894,0.0,0.0,0.0,4.167,0.531,3.294,0.246,8.469
img_003406.jpg,1,0,0.9994,0.0,0.0,0.0,4.161,2.678,3.238,0.224,10.53
img_003409.jpg,1,0,0.9959,0.0,0.0,0.0,4.036,0.771,3.215,0.247,8.509
img_003412.jpg,1,0,0.9999,0.0,0.0,0.0,3.787,1.347,3.278,0.242,8.888
img_003415.jpg,1,0,0.9941,0.0,0.0,0.0,3.94,0.641,3.198,0.228,8.234
img_003418.jpg,1,0,0.9944,0.0,0.0,0.0,3.881,0.538,3.142,0.213,7.993
img_003421.jpg,1,0,0.9994,0.0,0.0,0.0,3.875,0.516,3.171,0.202,7.976
img_003424.jpg,1,0,0.9731,0.0,0.0,0.0,3.816,0.524,3.259,0.224,8.05
img_003427.jpg,1,0,0.9931,0.0,0.0,0.0,3.895,0.52,3.147,0.211,7.988
img_003430.jpg,1,0,0.9322,0.0,0.0,0.0,3.966,0.529,3.192,0.245,8.153
img_003433.jpg,1,0,0.999,0.0,0.0,0.0,4.708,0.679,3.582,0.395,9.667
img_003436.jpg,1,0,0.8675,0.0,0.0,0.0,3.809,0.596,3.214,0.225,8.077
img_003439.jpg,1,0,0.9988,0.0,0.0,0.0,5.001,0.641,3.232,0.26,9.364
img_003442.jpg,1,1,0.7964,0.0,0.0,0.0,6.644,1.568,5.857,0.237,14.638
img_003445.jpg,1,0,0.6745,0.0,0.0,0.0,3.01,1.13,3.2,0.22,7.79
img_003448.jpg,1,0,0.8483,0.0,0.0,0.0,3.178,0.535,3.151,0.206,7.291
img_003451.jpg,1,0,0.9759,0.0,0.0,0.0,2.936,0.509,3.196,0.219,7.076
img_003454.jpg,1,0,0.5304,0.0,0.0,0.0,2.979,0.523,3.145,0.213,7.085
img_003457.jpg,1,0,0.9323,0.0,0.0,0.0,2.949,0.511,3.137,0.212,7.021
img_003460.jpg,1,0,0.9817,0.0,0.0,0.0,3.349,0.533,3.24,0.223,7.573
img_003463.jpg,1,0,0.9961,0.0,0.0,0.0,2.994,0.607,3.199,0.235,7.26
img_003466.jpg,1,0,0.978,0.0,0.0,0.0,3.075,0.522,3.224,0.247,7.298
img_003469.jpg,1,0,0.8646,0.0,0.0,0.0,2.998,0.512,3.219,0.231,7.182
img_003472.jpg,1,0,0.8271,0.0,0.0,0.0,3.347,0.53,3.118,0.288,7.518
img_003475.jpg,1,0,0.8218,0.0,0.0,0.0,2.925,0.516,3.152,0.213,7.026
img_003478.jpg,1,0,0.9682,0.0,0.0,0.0,3.282,0.503,3.148,0.206,7.361
img_003481.jpg,1,1,0.821,0.0,0.0,0.0,4.031,0.766,3.124,0.226,8.376
img_003484.jpg,1,1,0.528,0.0,0.0,0.0,3.07,0.498,3.145,0.208,7.145
img_003487.jpg,1,1,0.517,0.0,0.0,0.0,3.168,0.512,3.228,0.213,7.34
img_003490.jpg,1,0,0.7818,0.0,0.0,0.0,3.051,2.714,3.295,0.236,9.533
img_003493.jpg,1,0,0.995,0.0,0.0,0.0,3.383,0.526,3.212,0.225,7.568
img_003496.jpg,1,0,0.9904,0.0,0.0,0.0,3.045,0.524,3.239,0.238,7.27
img_003499.jpg,1,0,0.9999,0.0,0.0,0.0,2.996,0.519,3.182,0.212,7.124
img_003502.jpg,1,0,0.9912,0.0,0.0,0.0,3.057,0.5,3.205,0.215,7.192
img_003505.jpg,1,0,0.9943,0.0,0.0,0.0,3.106,1.224,3.219,0.227,8.01
img_003508.jpg,1,0,0.9956,0.0,0.0,0.0,2.987,0.754,3.159,0.212,7.324
img_003511.jpg,1,0,1.0,0.0,0.0,0.0,3.016,0.508,3.68,0.228,7.65
img_003514.jpg,1,0,0.9999,0.0,0.0,0.0,3.075,0.534,3.208,0.227,7.269
img_003517.jpg,1,0,0.9859,0.0,0.0,0.0,3.013,0.506,3.242,0.228,7.209
img_003520.jpg,1,0,0.9999,0.0,0.0,0.0,5.29,0.937,3.081,0.215,9.748
img_003523.jpg,1,0,0.9984,0.0,0.0,0.0,3.303,0.559,3.195,0.219,7.499
img_003526.jpg,1,0,0.9998,0.0,0.0,0.0,3.451,0.54,3.217,0.23,7.666
img_003529.jpg,1,0,0.9997,0.0,0.0,0.0,4.091,2.796,3.258,0.249,10.633
img_003532.jpg,1,0,1.0,0.0,0.0,0.0,3.659,0.555,3.241,0.229,7.916
img_003535.jpg,1,0,1.0,0.0,0.0,0.0,3.253,0.555,3.2,0.204,7.44
img_003538.jpg,1,0,0.9995,0.0,0.0,0.0,3.324,0.521,3.175,0.214,7.462
img_003541.jpg,1,0,0.9999,0.0,0.0,0.0,3.551,0.594,3.223,0.236,7.834
img_003544.jpg,1,0,0.9996,0.0,0.0,0.0,3.252,0.533,3.163,0.248,7.418
img_003547.jpg,1,0,0.9999,0.0,0.0,0.0,3.25,0.565,3.161,0.235,7.429
img_003550.jpg,1,0,1.0,0.0,0.0,0.0,3.843,0.847,3.225,0.23,8.376
img_003553.jpg,1,0,1.0,0.0,0.0,0.0,3.288,1.059,3.221,0.228,8.026
img_003556.jpg,1,0,1.0,0.0,0.0,0.0,3.323,0.527,3.158,0.214,7.445
img_003559.jpg,1,0,1.0,0.0,0.0,0.0,5.342,3.214,3.536,0.229,12.559
img_003562.jpg,1,0,0.9999,0.0,0.0,0.0,3.361,0.512,3.144,0.216,7.45
img_003565.jpg,1,0,1.0,0.0,0.0,0.0,2.991,0.519,3.183,0.205,7.107
img_003568.jpg,1,0,0.9999,0.0,0.0,0.0,3.541,1.249,3.239,0.243,8.495
img_003571.jpg,1,0,1.0,0.0,0.0,0.0,3.064,0.525,3.173,0.201,7.192
img_003574.jpg,1,0,1.0,0.0,0.0,0.0,3.008,0.506,3.192,0.226,7.152
img_003577.jpg,1,0,1.0,0.0,0.0,0.0,3.346,0.508,3.134,0.208,7.411
img_003580.jpg,1,0,1.0,0.0,0.0,0.0,2.966,0.501,3.144,0.207,7.028
img_003583.jpg,1,0,1.0,0.0,0.0,0.0,2.995,0.607,3.234,0.229,7.284
img_003586.jpg,1,0,1.0,0.0,0.0,0.0,3.004,0.598,3.201,0.268,7.294
img_003589.jpg,1,0,1.0,0.0,0.0,0.0,3.875,0.561,3.19,0.228,8.084
img_003592.jpg,1,0,1.0,0.0,0.0,0.0,2.99,0.502,3.213,0.224,7.149
img_003595.jpg,1,0,0.9998,0.0,0.0,0.0,3.066,0.522,3.268,0.227,7.305
img_003598.jpg,1,0,1.0,0.0,0.0,0.0,3.042,0.505,3.174,0.213,7.155
img_003601.jpg,1,0,1.0,0.0,0.0,0.0,2.992,0.512,3.226,0.231,7.176
img_003604.jpg,1,0,1.0,0.0,0.0,0.0,3.349,0.523,3.207,0.222,7.529
img_003607.jpg,1,0,1.0,0.0,0.0,0.0,3.047,0.515,3.202,0.228,7.215
img_003610.jpg,1,0,1.0,0.0,0.0,0.0,3.343,0.525,3.182,0.212,7.481
img_003613.jpg,1,0,1.0,0.0,0.0,0.0,3.314,0.597,3.204,0.226,7.561
img_003616.jpg,1,0,1.0,0.0,0.0,0.0,5.417,1.839,3.742,0.228,11.544
img_003619.jpg,1,0,1.0,0.0,0.0,0.0,4.088,0.524,3.215,0.224,8.275
img_003622.jpg,1,0,1.0,0.0,0.0,0.0,3.077,0.521,3.169,0.214,7.195
img_003625.jpg,1,0,1.0,0.0,0.0,0.0,3.024,0.515,3.215,0.22,7.19
img_003628.jpg,1,0,1.0,0.0,0.0,0.0,2.934,0.539,3.185,0.243,7.121
img_003631.jpg,1,0,1.0,0.0,0.0,0.0,3.06,0.552,3.248,0.235,7.321
img_003634.jpg,1,0,1.0,0.0,0.0,0.0,3.39,0.538,3.205,0.216,7.571
img_003637.jpg,1,0,1.0,0.0,0.0,0.0,3.017,0.551,3.206,0.209,7.195
img_003640.jpg,1,0,1.0,0.0,0.0,0.0,3.869,0.692,3.639,0.439,8.945
img_003643.jpg,1,0,1.0,0.0,0.0,0.0,3.238,0.52,3.248,0.26,7.489
img_003646.jpg,1,0,0.9927,0.0,0.0,0.0,4.888,2.398,3.713,0.231,11.465
img_003649.jpg,1,0,0.9986,0.0,0.0,0.0,4.104,0.53,3.195,0.206,8.253
img_003652.jpg,1,0,1.0,0.0,0.0,0.0,3.659,0.515,3.226,0.228,7.851
img_003655.jpg,1,0,1.0,0.0,0.0,0.0,3.027,2.711,3.463,0.229,9.667
img_003658.jpg,1,0,0.9999,0.0,0.0,0.0,3.569,0.547,3.175,0.205,7.717
img_003661.jpg,1,0,0.9999,0.0,0.0,0.0,2.989,0.508,3.147,0.208,7.066
img_003664.jpg,1,0,0.9999,0.0,0.0,0.0,2.976,0.546,3.198,0.212,7.177
img_003667.jpg,1,0,0.9999,0.0,0.0,0.0,3.425,0.516,3.225,0.228,7.617
img_003670.jpg,1,0,0.9999,0.0,0.0,0.0,3.187,1.14,3.193,0.222,7.963
img_003673.jpg,1,0,0.9997,0.0,0.0,0.0,2.972,0.582,3.178,0.215,7.166
img_003676.jpg,1,0,1.0,0.0,0.0,0.0,3.507,1.908,3.333,0.262,9.276
img_003679.jpg,1,0,0.9996,0.0,0.0,0.0,3.628,0.549,3.238,0.225,7.864
img_003682.jpg,1,0,0.9999,0.0,0.0,0.0,4.101,0.532,3.22,0.222,8.314
img_003685.jpg,1,0,0.9998,0.0,0.0,0.0,3.617,0.605,3.213,0.269,7.925
img_003688.jpg,1,0,1.0,0.0,0.0,0.0,3.743,0.518,3.222,0.223,7.932
img_003691.jpg,1,0,1.0,0.0,0.0,0.0,3.089,0.524,3.227,0.228,7.289
img_003694.jpg,1,0,1.0,0.0,0.0,0.0,2.941,0.545,3.219,0.26,7.187
img_003697.jpg,1,0,1.0,0.0,0.0,0.0,3.799,0.532,3.344,0.234,8.132
img_003700.jpg,1,0,1.0,0.0,0.0,0.0,2.933,0.549,3.162,0.215,7.106
img_003703.jpg,1,0,1.0,0.0,0.0,0.0,2.954,0.509,3.212,0.224,7.115
img_003706.jpg,1,0,1.0,0.0,0.0,0.0,4.151,0.564,3.128,0.23,8.303
img_003709.jpg,1,0,1.0,0.0,0.0,0.0,3.068,0.529,3.221,0.235,7.281
img_003712.jpg,1,0,1.0,0.0,0.0,0.0,3.017,0.522,3.225,0.23,7.222
img_003715.jpg,1,0,1.0,0.0,0.0,0.0,3.993,1.364,3.241,0.228,9.055
img_003718.jpg,1,0,1.0,0.0,0.0,0.0,3.113,0.677,3.239,0.226,7.486
img_003721.jpg,1,0,1.0,0.0,0.0,0.0,3.365,0.529,3.196,0.216,7.532
img_003724.jpg,1,0,1.0,0.0,0.0,0.0,2.914,0.556,3.167,0.242,7.096
img_003727.jpg,1,0,1.0,0.0,0.0,0.0,2.937,0.519,3.154,0.243,7.065
img_003730.jpg,1,0,1.0,0.0,0.0,0.0,3.049,0.562,3.179,0.223,7.241
img_003733.jpg,1,0,1.0,0.0,0.0,0.0,3.05,0.569,3.163,0.217,7.218
img_003736.jpg,1,0,1.0,0.0,0.0,0.0,4.122,2.706,3.11,0.225,10.403
img_003739.jpg,1,0,1.0,0.0,0.0,0.0,3.526,0.538,3.302,0.229,7.834
img_003742.jpg,1,0,1.0,0.0,0.0,0.0,3.364,0.575,3.253,0.236,7.669
img_003745.jpg,1,0,1.0,0.0,0.0,0.0,3.63,0.584,3.31,0.236,7.998
img_003748.jpg,1,0,0.9999,0.0,0.0,0.0,4.234,0.561,3.228,0.22,8.471
img_003751.jpg,1,0,0.9999,0.0,0.0,0.0,3.644,0.526,3.214,0.227,7.84
img_003754.jpg,1,0,1.0,0.0,0.0,0.0,6.408,2.804,3.149,0.23,12.846
img_003757.jpg,1,0,1.0,0.0,0.0,0.0,3.648,0.539,3.241,0.229,7.889
img_003760.jpg,1,0,1.0,0.0,0.0,0.0,3.27,0.521,3.2,0.215,7.425
img_003763.jpg,1,0,1.0,0.0,0.0,0.0,4.858,2.678,5.047,0.233,13.064
img_003766.jpg,1,0,1.0,0.0,0.0,0.0,3.639,0.542,3.254,0.231,7.909
img_003769.jpg,1,0,1.0,0.0,0.0,0.0,3.24,0.519,3.178,0.24,7.389
img_003772.jpg,1,0,0.9995,0.0,0.0,0.0,3.8,1.569,3.237,0.227,9.066
img_003775.jpg,1,0,0.9976,0.0,0.0,0.0,3.271,0.517,3.197,0.219,7.425
img_003778.jpg,1,0,0.9968,0.0,0.0,0.0,3.713,0.536,3.241,0.223,7.945
img_003781.jpg,1,0,0.9985,0.0,0.0,0.0,3.259,0.528,3.158,0.215,7.374
img_003784.jpg,1,0,0.9999,0.0,0.0,0.0,3.45,0.837,3.193,0.223,7.927
img_003787.jpg,1,0,0.9997,0.0,0.0,0.0,3.355,0.511,3.18,0.207,7.457
img_003790.jpg,1,0,1.0,0.0,0.0,0.0,3.767,2.24,3.53,0.367,10.211
img_003793.jpg,1,0,1.0,0.0,0.0,0.0,3.51,1.042,3.215,0.225,8.214
img_003796.jpg,1,0,1.0,0.0,0.0,0.0,3.115,0.551,3.155,0.209,7.242
img_003799.jpg,1,0,1.0,0.0,0.0,0.0,3.618,1.451,3.791,0.297,9.463
img_003802.jpg,1,0,1.0,0.0,0.0,0.0,5.528,2.763,3.861,0.224,12.606
img_003805.jpg,1,0,1.0,0.0,0.0,0.0,4.265,2.221,3.539,0.364,10.694
img_003808.jpg,1,0,1.0,0.0,0.0,0.0,3.296,0.528,3.165,0.209,7.413
img_003811.jpg,1,0,1.0,0.0,0.0,0.0,3.748,2.4,3.981,0.34,10.825
img_003814.jpg,1,0,1.0,0.0,0.0,0.0,3.817,1.346,3.188,0.212,8.776
img_003817.jpg,1,0,1.0,0.0,0.0,0.0,3.898,1.379,3.191,0.221,8.905
img_003820.jpg,1,0,1.0,0.0,0.0,0.0,4.138,2.037,3.225,0.237,9.878
img_003823.jpg,1,0,1.0,0.0,0.0,0.0,2.957,0.528,3.154,0.214,7.066
img_003826.jpg,1,0,1.0,0.0,0.0,0.0,2.988,0.515,3.154,0.232,7.103
img_003829.jpg,1,0,1.0,0.0,0.0,0.0,3.03,0.512,3.155,0.203,7.12
img_003832.jpg,1,0,1.0,0.0,0.0,0.0,3.067,0.516,3.127,0.224,7.159
img_003835.jpg,1,0,1.0,0.0,0.0,0.0,3.167,0.518,3.234,0.222,7.369
img_003838.jpg,1,0,1.0,0.0,0.0,0.0,3.015,0.507,3.221,0.226,7.191
img_003841.jpg,1,0,1.0,0.0,0.0,0.0,3.74,0.578,3.103,0.229,7.873
img_003844.jpg,1,0,1.0,0.0,0.0,0.0,3.832,0.519,3.156,0.208,7.934
img_003847.jpg,1,0,1.0,0.0,0.0,0.0,4.04,0.519,3.157,0.201,8.137
img_003850.jpg,1,0,1.0,0.0,0.0,0.0,5.405,2.906,4.264,0.361,13.264
img_003853.jpg,1,0,1.0,0.0,0.0,0.0,5.735,2.757,3.549,0.481,12.837
img_003856.jpg,1,0,1.0,0.0,0.0,0.0,4.079,2.556,3.523,0.399,10.859
img_003859.jpg,1,0,1.0,0.0,0.0,0.0,7.244,2.618,3.663,0.263,14.139
img_003862.jpg,1,0,1.0,0.0,0.0,0.0,3.099,0.522,3.328,0.228,7.393
img_003865.jpg,1,0,1.0,0.0,0.0,0.0,3.064,0.525,3.156,0.207,7.164
img_003868.jpg,1,0,1.0,0.0,0.0,0.0,4.651,2.758,3.596,0.554,11.938
img_003871.jpg,1,0,1.0,0.0,0.0,0.0,3.112,0.497,3.211,0.226,7.261
img_003874.jpg,1,0,1.0,0.0,0.0,0.0,3.115,0.487,3.192,0.225,7.228
img_003877.jpg,1,0,1.0,0.0,0.0,0.0,3.312,0.541,3.148,0.209,7.419
img_003880.jpg,1,0,1.0,0.0,0.0,0.0,3.069,0.499,3.158,0.242,7.174
img_003883.jpg,1,0,1.0,0.0,0.0,0.0,3.119,0.506,3.174,0.205,7.211
img_003886.jpg,1,0,1.0,0.0,0.0,0.0,3.095,0.514,3.233,0.226,7.283
img_003889.jpg,1,0,1.0,0.0,0.0,0.0,3.754,1.348,3.83,0.303,9.535
img_003892.jpg,1,0,1.0,0.0,0.0,0.0,3.715,0.521,3.235,0.221,7.909
img_003895.jpg,1,0,1.0,0.0,0.0,0.0,3.313,0.567,3.237,0.227,7.563
img_003898.jpg,1,0,1.0,0.0,0.0,0.0,3.076,0.566,3.978,0.254,8.087
img_003901.jpg,1,0,1.0,0.0,0.0,0.0,3.853,0.508,3.154,0.208,7.927
img_003904.jpg,1,0,1.0,0.0,0.0,0.0,3.412,0.508,3.204,0.222,7.557
img_003907.jpg,1,0,1.0,0.0,0.0,0.0,3.623,0.531,3.257,0.229,7.858
img_003910.jpg,1,0,1.0,0.0,0.0,0.0,3.762,0.611,3.142,0.214,7.936
img_003913.jpg,1,0,1.0,0.0,0.0,0.0,3.519,0.578,3.195,0.227,7.73
img_003916.jpg,1,0,1.0,0.0,0.0,0.0,6.268,4.01,3.115,0.225,13.855
img_003919.jpg,1,0,1.0,0.0,0.0,0.0,3.702,0.511,3.208,0.226,7.858
img_003922.jpg,1,0,1.0,0.0,0.0,0.0,3.861,1.374,3.99,0.419,9.959
img_003925.jpg,1,0,1.0,0.0,0.0,0.0,4.616,1.594,3.336,0.214,9.975
img_003928.jpg,1,0,1.0,0.0,0.0,0.0,6.046,0.8,3.918,0.338,11.419
img_003931.jpg,1,0,1.0,0.0,0.0,0.0,3.748,0.522,3.22,0.228,7.967
img_003934.jpg,1,0,1.0,0.0,0.0,0.0,5.059,2.822,3.168,0.225,11.512
img_003937.jpg,1,0,1.0,0.0,0.0,0.0,3.156,0.518,3.18,0.207,7.278
img_003940.jpg,1,0,1.0,0.0,0.0,0.0,3.124,0.514,3.22,0.262,7.337
img_003943.jpg,1,0,1.0,0.0,0.0,0.0,3.794,1.17,3.179,0.215,8.577
img_003946.jpg,1,0,1.0,0.0,0.0,0.0,3.881,2.658,3.696,0.332,10.865
img_003949.jpg,1,0,1.0,0.0,0.0,0.0,3.088,1.273,3.239,0.237,8.058
img_003952.jpg,1,0,1.0,0.0,0.0,0.0,4.827,2.942,3.227,0.228,11.471
img_003955.jpg,1,0,1.0,0.0,0.0,0.0,3.627,0.523,3.243,0.239,7.858
img_003958.jpg,1,0,1.0,0.0,0.0,0.0,3.276,0.521,3.247,0.226,7.501
img_003961.jpg,1,0,1.0,0.0,0.0,0.0,3.79,0.544,3.162,0.213,7.931
img_003964.jpg,1,0,1.0,0.0,0.0,0.0,3.263,0.526,3.234,0.226,7.478
img_003967.jpg,1,0,1.0,0.0,0.0,0.0,3.254,0.53,3.234,0.229,7.474
img_003970.jpg,1,0,1.0,0.0,0.0,0.0,3.168,1.03,3.237,0.233,7.894
img_003973.jpg,1,0,1.0,0.0,0.0,0.0,5.259,0.765,3.941,0.335,10.613
img_003976.jpg,1,0,1.0,0.0,0.0,0.0,3.134,0.508,3.169,0.212,7.232
img_003979.jpg,1,0,1.0,0.0,0.0,0.0,4.006,1.17,3.828,0.292,9.613
img_003982.jpg,1,0,1.0,0.0,0.0,0.0,3.099,0.467,3.214,0.261,7.259
img_003985.jpg,1,0,1.0,0.0,0.0,0.0,3.175,0.523,3.239,0.226,7.377
img_003988.jpg,1,0,0.9999,0.0,0.0,0.0,3.282,0.501,3.155,0.213,7.363
img_003991.jpg,1,0,1.0,0.0,0.0,0.0,5.337,1.939,3.982,0.24,11.729
img_003994.jpg,1,0,1.0,0.0,0.0,0.0,5.178,0.832,3.537,0.357,10.205
img_003997.jpg,1,0,1.0,0.0,0.0,0.0,3.521,0.874,4.022,0.332,9.22
img_004000.jpg,1,0,0.9999,0.0,0.0,0.0,5.809,2.83,3.859,0.219,12.945
img_004003.jpg,1,0,0.9996,0.0,0.0,0.0,3.262,0.914,3.224,0.227,7.885
img_004006.jpg,1,0,0.9999,0.0,0.0,0.0,3.16,0.507,3.217,0.224,7.325
img_004009.jpg,1,0,1.0,0.0,0.0,0.0,3.213,0.482,3.208,0.206,7.315
img_004012.jpg,1,0,0.9995,0.0,0.0,0.0,3.189,0.494,3.227,0.223,7.352
img_004015.jpg,1,0,0.9996,0.0,0.0,0.0,3.704,1.822,3.92,0.335,10.091
img_004018.jpg,1,0,0.9998,0.0,0.0,0.0,3.306,0.6,3.185,0.208,7.513
img_004021.jpg,1,0,0.9999,0.0,0.0,0.0,3.49,1.485,3.926,0.323,9.54
img_004024.jpg,1,0,0.9999,0.0,0.0,0.0,3.149,0.492,3.207,0.204,7.271
img_004027.jpg,1,0,0.9999,0.0,0.0,0.0,3.338,0.95,3.156,0.202,7.856
img_004030.jpg,1,0,0.9998,0.0,0.0,0.0,3.147,0.641,3.455,0.203,7.659
img_004033.jpg,1,0,1.0,0.0,0.0,0.0,4.004,0.982,3.949,0.329,9.578
img_004036.jpg,1,0,0.9999,0.0,0.0,0.0,3.534,0.506,3.138,0.208,7.597
img_004039.jpg,1,0,0.9999,0.0,0.0,0.0,3.624,2.083,3.172,0.213,9.303
img_004042.jpg,1,0,1.0,0.0,0.0,0.0,3.977,1.731,3.216,0.241,9.405
img_004045.jpg,1,0,1.0,0.0,0.0,0.0,2.963,0.532,3.176,0.209,7.089
img_004048.jpg,1,0,1.0,0.0,0.0,0.0,2.96,0.567,3.233,0.248,7.229
img_004051.jpg,1,0,1.0,0.0,0.0,0.0,2.985,0.51,3.199,0.208,7.118
img_004054.jpg,1,0,1.0,0.0,0.0,0.0,3.019,0.512,3.248,0.225,7.229
img_004057.jpg,1,0,1.0,0.0,0.0,0.0,3.003,0.514,3.186,0.213,7.133
img_004060.jpg,1,0,1.0,0.0,0.0,0.0,2.99,0.505,3.237,0.225,7.179
img_004063.jpg,1,0,1.0,0.0,0.0,0.0,3.952,0.555,3.166,0.215,8.104
img_004066.jpg,1,0,0.9999,0.0,0.0,0.0,3.775,0.534,3.144,0.206,7.878
img_004069.jpg,1,0,0.9999,0.0,0.0,0.0,3.824,0.538,3.225,0.228,8.047
img_004072.jpg,1,0,1.0,0.0,0.0,0.0,3.932,0.567,3.204,0.226,8.159
img_004075.jpg,1,0,1.0,0.0,0.0,0.0,3.784,0.514,3.203,0.202,7.921
img_004078.jpg,1,0,0.9999,0.0,0.0,0.0,3.938,0.548,3.144,0.211,8.062
img_004081.jpg,1,0,1.0,0.0,0.0,0.0,3.897,0.513,3.177,0.21,8.039
img_004084.jpg,1,0,1.0,0.0,0.0,0.0,3.914,0.526,3.184,0.208,8.05
img_004087.jpg,1,0,1.0,0.0,0.0,0.0,5.218,2.285,3.266,0.232,11.244
img_004090.jpg,1,0,0.9999,0.0,0.0,0.0,3.867,0.518,3.154,0.239,8.034
img_004093.jpg,1,0,1.0,0.0,0.0,0.0,3.91,0.513,3.14,0.202,8.014
img_004096.jpg,1,0,1.0,0.0,0.0,0.0,3.979,0.525,3.191,0.209,8.128
img_004099.jpg,1,0,1.0,0.0,0.0,0.0,3.906,0.516,3.146,0.206,7.995
img_004102.jpg,1,0,1.0,0.0,0.0,0.0,3.828,1.283,3.192,0.213,8.742
img_004105.jpg,1,0,1.0,0.0,0.0,0.0,3.897,0.543,3.23,0.226,8.129
img_004108.jpg,1,0,1.0,0.0,0.0,0.0,4.138,0.569,3.24,0.224,8.41
img_004111.jpg,1,0,1.0,0.0,0.0,0.0,3.577,0.527,3.232,0.212,7.765
img_004114.jpg,1,0,1.0,0.0,0.0,0.0,3.894,0.522,3.212,0.227,8.08
img_004117.jpg,1,0,1.0,0.0,0.0,0.0,4.755,1.295,5.98,0.242,12.499
img_004120.jpg,1,0,1.0,0.0,0.0,0.0,3.808,0.566,3.228,0.234,8.068
img_004123.jpg,1,0,1.0,0.0,0.0,0.0,3.819,0.627,3.16,0.213,8.041
img_004126.jpg,1,0,1.0,0.0,0.0,0.0,3.859,0.556,3.134,0.209,7.981
img_004129.jpg,1,0,1.0,0.0,0.0,0.0,3.894,0.518,3.155,0.214,7.989
img_004132.jpg,1,0,1.0,0.0,0.0,0.0,3.914,0.509,3.136,0.211,7.984
img_004135.jpg,1,0,1.0,0.0,0.0,0.0,3.848,0.51,3.132,0.204,7.906
img_004138.jpg,1,0,1.0,0.0,0.0,0.0,3.975,0.518,3.206,0.227,8.155
img_004141.jpg,1,0,1.0,0.0,0.0,0.0,3.803,0.524,3.211,0.227,7.99
img_004144.jpg,1,0,0.9999,0.0,0.0,0.0,4.589,1.823,3.777,0.352,10.856
img_004147.jpg,1,0,0.9998,0.0,0.0,0.0,4.56,1.431,3.26,0.232,9.713
img_004150.jpg,1,0,0.9996,0.0,0.0,0.0,3.772,0.761,3.551,0.429,8.821
img_004153.jpg,1,0,0.9985,0.0,0.0,0.0,3.201,0.535,3.304,0.265,7.527
img_004156.jpg,1,0,0.9939,0.0,0.0,0.0,3.035,0.591,3.303,0.265,7.411
img_004159.jpg,1,0,0.9988,0.0,0.0,0.0,3.118,0.502,3.204,0.217,7.255
img_004162.jpg,1,0,0.9997,0.0,0.0,0.0,4.45,0.749,3.895,0.304,9.704
img_004165.jpg,1,0,0.9987,0.0,0.0,0.0,5.266,2.768,6.066,0.354,14.829
img_004168.jpg,1,0,0.9994,0.0,0.0,0.0,3.237,0.502,3.21,0.225,7.392
img_004171.jpg,1,0,0.9979,0.0,0.0,0.0,3.452,0.546,3.249,0.229,7.698
img_004174.jpg,1,0,1.0,0.0,0.0,0.0,3.344,0.955,3.232,0.233,8.021
img_004177.jpg,1,0,0.9999,0.0,0.0,0.0,4.587,1.428,3.271,0.231,9.751
img_004180.jpg,1,0,0.9998,0.0,0.0,0.0,3.736,0.527,3.289,0.225,7.998
img_004183.jpg,1,0,0.9999,0.0,0.0,0.0,4.813,0.813,3.788,0.306,10.027
img_004186.jpg,1,0,0.9998,0.0,0.0,0.0,3.729,1.773,3.248,0.225,9.198
img_004189.jpg,1,0,0.9996,0.0,0.0,0.0,5.355,0.555,3.243,0.229,9.614
img_004192.jpg,1,0,0.9992,0.0,0.0,0.0,3.266,0.572,3.232,0.233,7.537
img_004195.jpg,1,0,0.9999,0.0,0.0,0.0,3.31,0.516,3.235,0.263,7.55
img_004198.jpg,1,0,1.0,0.0,0.0,0.0,3.292,0.533,3.233,0.227,7.514
img_004201.jpg,1,0,1.0,0.0,0.0,0.0,3.271,0.562,3.247,0.258,7.564
img_004204.jpg,1,0,0.9995,0.0,0.0,0.0,3.891,2.838,3.203,0.229,10.378
img_004207.jpg,1,0,0.9995,0.0,0.0,0.0,3.205,0.532,3.228,0.221,7.408
img_004210.jpg,1,0,0.9999,0.0,0.0,0.0,3.012,0.517,3.213,0.226,7.192
img_004213.jpg,1,0,1.0,0.0,0.0,0.0,4.845,0.733,3.098,0.23,9.14
img_004216.jpg,1,0,1.0,0.0,0.0,0.0,3.032,0.531,3.211,0.231,7.233
img_004219.jpg,1,0,0.9994,0.0,0.0,0.0,3.234,0.512,3.213,0.224,7.404
img_004222.jpg,1,0,0.9998,0.0,0.0,0.0,3.114,1.9,3.291,0.243,8.807
img_004225.jpg,1,0,0.9998,0.0,0.0,0.0,3.651,0.536,3.217,0.228,7.861
img_004228.jpg,1,0,0.9998,0.0,0.0,0.0,3.359,0.523,3.163,0.225,7.492
img_004231.jpg,1,0,0.9997,0.0,0.0,0.0,3.367,0.581,3.298,0.238,7.717
img_004234.jpg,1,0,0.9998,0.0,0.0,0.0,4.272,2.664,3.8,0.323,11.358
img_004237.jpg,1,0,0.9999,0.0,0.0,0.0,3.58,0.53,3.251,0.255,7.846
img_004240.jpg,1,0,0.9999,0.0,0.0,0.0,3.232,0.516,3.174,0.215,7.36
img_004243.jpg,1,0,1.0,0.0,0.0,0.0,3.298,0.533,3.23,0.229,7.52
img_004246.jpg,1,0,1.0,0.0,0.0,0.0,3.268,0.523,3.174,0.219,7.413
img_004249.jpg,1,0,1.0,0.0,0.0,0.0,3.774,0.571,3.247,0.229,8.059
img_004252.jpg,1,0,0.9999,0.0,0.0,0.0,3.278,0.521,3.19,0.222,7.431
img_004255.jpg,1,0,0.9999,0.0,0.0,0.0,3.227,0.52,3.201,0.209,7.369
img_004258.jpg,1,0,0.9999,0.0,0.0,0.0,3.265,0.519,3.139,0.212,7.36
img_004261.jpg,1,0,1.0,0.0,0.0,0.0,3.566,1.562,3.245,0.228,8.836
img_004264.jpg,1,0,1.0,0.0,0.0,0.0,3.288,0.541,3.148,0.208,7.407
img_004267.jpg,1,0,0.9981,0.0,0.0,0.0,3.419,2.636,3.143,0.2,9.608
img_004270.jpg,1,0,0.993,0.0,0.0,0.0,4.051,0.525,3.223,0.231,8.248
img_004273.jpg,1,0,1.0,0.0,0.0,0.0,3.043,0.516,3.154,0.214,7.146
img_004276.jpg,1,0,1.0,0.0,0.0,0.0,3.004,0.507,3.137,0.206,7.066
img_004279.jpg,1,0,0.9999,0.0,0.0,0.0,2.965,0.496,3.128,0.238,7.035
img_004282.jpg,1,0,1.0,0.0,0.0,0.0,3.572,0.899,3.189,0.344,8.235
img_004285.jpg,1,0,0.9986,0.0,0.0,0.0,3.059,0.51,3.207,0.225,7.221
img_004288.jpg,1,0,0.9987,0.0,0.0,0.0,2.922,0.508,3.163,0.212,7.02
img_004291.jpg,1,0,1.0,0.0,0.0,0.0,7.793,2.9,3.453,0.476,14.938
img_004294.jpg,1,0,0.9999,0.0,0.0,0.0,4.014,0.515,3.164,0.212,8.127
img_004297.jpg,1,0,0.9995,0.0,0.0,0.0,4.188,0.62,3.23,0.255,8.531
img_004300.jpg,1,0,1.0,0.0,0.0,0.0,4.157,2.997,3.122,0.244,10.756
img_004303.jpg,1,0,0.9997,0.0,0.0,0.0,4.926,0.769,3.221,0.23,9.373
img_004306.jpg,1,0,0.9996,0.0,0.0,0.0,3.575,0.559,3.252,0.23,7.844
img_004309.jpg,1,0,0.9997,0.0,0.0,0.0,4.741,2.529,3.046,0.228,10.765
img_004312.jpg,1,0,0.9997,0.0,0.0,0.0,4.14,0.535,3.251,0.225,8.389
img_004315.jpg,1,0,0.9999,0.0,0.0,0.0,4.168,0.528,3.17,0.222,8.316
img_004318.jpg,1,0,0.9999,0.0,0.0,0.0,3.62,1.53,3.074,0.223,8.673
img_004321.jpg,1,0,0.9992,0.0,0.0,0.0,3.333,1.534,3.162,0.255,8.491
img_004324.jpg,1,0,0.9995,0.0,0.0,0.0,6.547,0.996,3.892,0.358,12.146
img_004327.jpg,1,0,0.9999,0.0,0.0,0.0,3.652,2.755,3.246,0.242,10.121
img_004330.jpg,1,0,1.0,0.0,0.0,0.0,5.685,1.42,3.871,0.332,11.603
img_004333.jpg,1,0,1.0,0.0,0.0,0.0,3.872,1.492,3.809,0.31,9.784
img_004336.jpg,1,0,1.0,0.0,0.0,0.0,3.942,2.216,3.487,0.402,10.343
img_004339.jpg,1,0,1.0,0.0,0.0,0.0,4.268,2.681,3.666,0.295,11.194
img_004342.jpg,1,0,1.0,0.0,0.0,0.0,3.197,0.51,3.221,0.227,7.371
img_004345.jpg,1,0,1.0,0.0,0.0,0.0,3.134,0.502,3.239,0.228,7.314
img_004348.jpg,1,0,1.0,0.0,0.0,0.0,3.146,0.51,3.202,0.266,7.341
img_004351.jpg,1,0,0.9999,0.0,0.0,0.0,3.558,0.778,3.952,0.341,8.988
img_004354.jpg,1,0,1.0,0.0,0.0,0.0,3.119,0.483,3.179,0.21,7.193
img_004357.jpg,1,0,1.0,0.0,0.0,0.0,3.077,0.488,3.126,0.204,7.1
img_004360.jpg,1,0,1.0,0.0,0.0,0.0,3.265,0.508,3.144,0.205,7.331
img_004363.jpg,1,0,1.0,0.0,0.0,0.0,3.192,0.515,3.213,0.236,7.371
img_004366.jpg,1,0,0.9999,0.0,0.0,0.0,4.225,2.016,3.245,0.228,9.939
img_004369.jpg,1,0,1.0,0.0,0.0,0.0,3.175,0.519,3.241,0.226,7.377
img_004372.jpg,1,0,0.9997,0.0,0.0,0.0,3.067,0.489,3.149,0.207,7.121
img_004375.jpg,1,0,0.9999,0.0,0.0,0.0,4.605,2.768,3.755,0.957,12.4
img_004378.jpg,1,0,0.9995,0.0,0.0,0.0,4.061,0.823,3.169,0.209,8.478
img_004381.jpg,1,0,0.9983,0.0,0.0,0.0,3.721,2.805,3.922,0.337,11.083
img_004384.jpg,1,0,0.9986,0.0,0.0,0.0,4.734,2.607,3.73,0.455,11.845
img_004387.jpg,1,0,0.9998,0.0,0.0,0.0,5.764,2.728,3.839,0.339,12.969
img_004390.jpg,1,0,1.0,0.0,0.0,0.0,3.27,0.527,3.233,0.205,7.455
img_004393.jpg,1,0,1.0,0.0,0.0,0.0,3.096,0.508,3.143,0.196,7.151
img_004396.jpg,1,0,0.9999,0.0,0.0,0.0,3.931,0.581,3.841,0.205,8.777
img_004399.jpg,1,0,0.9999,0.0,0.0,0.0,3.214,0.559,3.213,0.223,7.423
img_004402.jpg,1,0,0.9999,0.0,0.0,0.0,3.281,0.509,3.183,0.222,7.413
img_004405.jpg,1,0,1.0,0.0,0.0,0.0,3.092,0.493,3.19,0.21,7.187
img_004408.jpg,1,0,1.0,0.0,0.0,0.0,4.432,1.406,3.101,0.258,9.426
img_004411.jpg,1,0,1.0,0.0,0.0,0.0,4.163,1.704,3.24,0.227,9.561
img_004414.jpg,1,0,1.0,0.0,0.0,0.0,2.961,0.501,3.272,0.221,7.17
img_004417.jpg,1,0,1.0,0.0,0.0,0.0,4.471,1.993,3.48,0.245,10.609
img_004420.jpg,1,0,1.0,0.0,0.0,0.0,6.502,1.242,4.668,0.338,13.225
img_004423.jpg,1,0,1.0,0.0,0.0,0.0,3.124,0.492,3.218,0.213,7.257
img_004426.jpg,1,0,1.0,0.0,0.0,0.0,3.07,0.994,3.193,0.228,7.695
img_004429.jpg,1,0,1.0,0.0,0.0,0.0,3.134,0.496,3.19,0.227,7.257
img_004432.jpg,1,0,1.0,0.0,0.0,0.0,3.49,0.492,3.205,0.223,7.668
img_004435.jpg,1,0,1.0,0.0,0.0,0.0,4.449,0.581,3.208,0.23,8.695
img_004438.jpg,1,0,1.0,0.0,0.0,0.0,3.068,0.512,3.429,0.235,7.474
img_004441.jpg,1,0,1.0,0.0,0.0,0.0,3.294,0.551,3.172,0.226,7.465
img_004444.jpg,1,0,1.0,0.0,0.0,0.0,3.062,0.556,3.18,0.211,7.226
img_004447.jpg,1,0,1.0,0.0,0.0,0.0,4.896,1.231,4.858,0.241,11.47
img_004450.jpg,1,0,1.0,0.0,0.0,0.0,3.275,0.532,3.165,0.247,7.442
img_004453.jpg,1,0,1.0,0.0,0.0,0.0,3.144,0.579,3.147,0.215,7.315
img_004456.jpg,1,0,1.0,0.0,0.0,0.0,4.137,3.378,3.818,0.433,12.086
img_004459.jpg,1,0,0.9999,0.0,0.0,0.0,3.555,0.505,3.207,0.225,7.714
img_004462.jpg,1,0,1.0,0.0,0.0,0.0,2.996,0.511,3.142,0.215,7.081
img_004465.jpg,1,0,1.0,0.0,0.0,0.0,2.923,0.575,3.202,0.217,7.13
img_004468.jpg,1,0,1.0,0.0,0.0,0.0,3.005,0.571,3.283,0.213,7.294
img_004471.jpg,1,0,0.9944,0.0,0.0,0.0,3.017,0.558,3.213,0.211,7.214
img_004474.jpg,1,0,0.9998,0.0,0.0,0.0,2.941,0.541,3.186,0.213,7.124
img_004477.jpg,1,0,0.9982,0.0,0.0,0.0,4.109,2.679,3.854,0.36,11.356
img_004480.jpg,1,0,0.998,0.0,0.0,0.0,3.621,0.599,3.266,0.232,7.95
img_004483.jpg,1,0,0.9997,0.0,0.0,0.0,3.281,0.523,3.272,0.222,7.526
img_004486.jpg,1,0,0.9816,0.0,0.0,0.0,3.688,0.587,3.225,0.251,7.983
img_004489.jpg,1,0,0.9952,0.0,0.0,0.0,3.409,0.516,3.295,0.226,7.671
img_004492.jpg,1,0,0.9867,0.0,0.0,0.0,3.177,0.519,3.207,0.24,7.365
img_004495.jpg,1,0,0.9213,0.0,0.0,0.0,3.387,0.506,3.201,0.227,7.542
img_004498.jpg,1,0,0.998,0.0,0.0,0.0,5.7,2.713,3.729,0.347,12.811
img_004501.jpg,1,0,0.9598,0.0,0.0,0.0,3.629,0.513,3.185,0.214,7.757
img_004504.jpg,1,0,0.9593,0.0,0.0,0.0,3.255,0.535,3.215,0.2,7.419
img_004507.jpg,1,0,0.9978,0.0,0.0,0.0,3.662,2.822,3.235,0.268,10.21
img_004510.jpg,1,0,0.9947,0.0,0.0,0.0,3.683,0.556,3.258,0.235,7.966
img_004513.jpg,1,0,0.999,0.0,0.0,0.0,3.34,0.532,3.238,0.209,7.546
img_004516.jpg,1,0,0.9999,0.0,0.0,0.0,3.583,0.554,3.235,0.212,7.817
img_004519.jpg,1,0,0.9972,0.0,0.0,0.0,3.565,0.585,3.165,0.198,7.728
img_004522.jpg,1,0,0.9964,0.0,0.0,0.0,3.248,0.517,3.155,0.202,7.339
img_004525.jpg,1,0,0.9916,0.0,0.0,0.0,3.236,0.528,3.142,0.202,7.323
img_004528.jpg,1,0,0.9991,0.0,0.0,0.0,3.755,1.248,3.252,0.221,8.705
img_004531.jpg,1,0,0.9996,0.0,0.0,0.0,2.968,0.576,3.226,0.227,7.217
img_004534.jpg,1,0,0.9997,0.0,0.0,0.0,2.93,0.515,3.168,0.215,7.07
img_004537.jpg,1,0,0.9998,0.0,0.0,0.0,2.974,0.511,3.256,0.231,7.197
img_004540.jpg,1,0,0.9966,0.0,0.0,0.0,4.013,0.531,3.119,0.227,8.118
img_004543.jpg,1,0,0.8845,0.0,0.0,0.0,3.096,0.525,3.202,0.206,7.251
img_004546.jpg,1,0,0.9475,0.0,0.0,0.0,3.051,0.515,3.142,0.211,7.135
img_004549.jpg,1,0,0.9992,0.0,0.0,0.0,3.566,1.307,3.23,0.22,8.554
img_004552.jpg,1,0,0.9957,0.0,0.0,0.0,4.232,0.675,3.66,0.427,9.295
img_004555.jpg,1,0,0.9698,0.0,0.0,0.0,2.923,0.601,3.18,0.213,7.131
img_004558.jpg,1,0,0.9975,0.0,0.0,0.0,2.943,0.599,3.213,0.225,7.228
img_004561.jpg,1,0,0.9978,0.0,0.0,0.0,2.927,0.509,3.162,0.21,7.023
img_004564.jpg,1,0,0.9738,0.0,0.0,0.0,3.778,0.524,3.164,0.214,7.898
img_004567.jpg,1,0,0.9668,0.0,0.0,0.0,2.922,0.547,3.146,0.202,7.027
img_004570.jpg,1,0,0.9982,0.0,0.0,0.0,4.165,1.277,6.808,0.232,12.71
img_004573.jpg,1,0,0.9984,0.0,0.0,0.0,3.035,0.549,3.257,0.233,7.304
img_004576.jpg,1,0,0.9984,0.0,0.0,0.0,4.776,0.778,3.739,0.914,10.511
img_004579.jpg,1,0,0.7897,0.0,0.0,0.0,4.073,1.432,3.224,0.231,9.189
img_004582.jpg,1,0,0.988,0.0,0.0,0.0,3.331,0.523,3.153,0.207,7.431
img_004585.jpg,1,0,0.9975,0.0,0.0,0.0,2.937,0.51,3.156,0.209,7.026
img_004588.jpg,1,0,0.9993,0.0,0.0,0.0,2.959,0.502,3.163,0.212,7.046
img_004591.jpg,1,0,0.9957,0.0,0.0,0.0,3.385,0.53,3.204,0.229,7.573
img_004594.jpg,1,0,0.9913,0.0,0.0,0.0,3.162,0.512,3.21,0.217,7.319
img_004597.jpg,1,0,0.9989,0.0,0.0,0.0,2.969,0.505,3.158,0.209,7.051
img_004600.jpg,1,0,0.9923,0.0,0.0,0.0,4.203,3.009,3.449,0.374,11.381
img_004603.jpg,1,0,0.9968,0.0,0.0,0.0,3.366,0.512,3.162,0.208,7.471
img_004606.jpg,1,0,0.9998,0.0,0.0,0.0,2.927,0.536,3.139,0.204,7.022
img_004609.jpg,1,0,0.9983,0.0,0.0,0.0,4.751,2.783,3.194,0.213,11.162
img_004612.jpg,1,0,0.9899,0.0,0.0,0.0,2.965,0.6,3.17,0.211,7.156
img_004615.jpg,1,0,0.9946,0.0,0.0,0.0,2.92,0.5,3.167,0.204,7.002
img_004618.jpg,1,0,0.9969,0.0,0.0,0.0,3.009,0.517,3.202,0.227,7.178
img_004621.jpg,1,0,0.9884,0.0,0.0,0.0,2.963,0.516,3.168,0.216,7.081
img_004624.jpg,1,0,0.9964,0.0,0.0,0.0,3.023,0.505,3.16,0.211,7.114
img_004627.jpg,1,0,0.9986,0.0,0.0,0.0,2.953,0.516,3.172,0.212,7.065
img_004630.jpg,1,0,0.9955,0.0,0.0,0.0,5.475,2.653,3.508,0.315,12.27
img_004633.jpg,1,0,0.9985,0.0,0.0,0.0,3.352,0.936,3.165,0.219,7.947
img_004636.jpg,1,0,0.9977,0.0,0.0,0.0,2.969,0.497,3.159,0.21,7.052
img_004639.jpg,1,0,0.9919,0.0,0.0,0.0,3.054,0.561,3.168,0.214,7.22
img_004642.jpg,1,0,0.928,0.0,0.0,0.0,3.004,0.526,3.028,0.204,6.977
img_004645.jpg,1,0,0.9686,0.0,0.0,0.0,3.043,0.592,3.19,0.221,7.274
img_004648.jpg,1,0,0.9365,0.0,0.0,0.0,3.187,0.573,3.19,0.213,7.387
img_004651.jpg,1,0,0.9745,0.0,0.0,0.0,4.067,4.073,7.88,0.357,16.693
img_004654.jpg,1,0,0.9739,0.0,0.0,0.0,3.058,0.517,3.206,0.226,7.229
img_004657.jpg,1,0,0.9536,0.0,0.0,0.0,3.032,1.186,3.179,0.216,7.829
img_004660.jpg,1,0,0.9977,0.0,0.0,0.0,2.926,0.558,3.287,0.231,7.224
img_004663.jpg,1,0,0.9968,0.0,0.0,0.0,3.497,0.581,3.251,0.289,7.843
img_004666.jpg,1,0,0.8104,0.0,0.0,0.0,3.3,0.511,3.216,0.215,7.468
img_004669.jpg,1,0,0.8166,0.0,0.0,0.0,3.887,0.743,3.192,0.209,8.251
img_004672.jpg,1,0,0.8815,0.0,0.0,0.0,4.685,0.745,3.552,0.319,9.607
img_004675.jpg,1,0,0.9354,0.0,0.0,0.0,3.026,0.548,3.223,0.23,7.257
img_004678.jpg,1,0,0.9941,0.0,0.0,0.0,3.027,0.556,3.259,0.235,7.31
img_004681.jpg,1,0,0.9999,0.0,0.0,0.0,7.364,1.24,3.697,0.261,12.888
img_004684.jpg,1,0,0.9979,0.0,0.0,0.0,3.007,0.521,3.23,0.22,7.202
img_004687.jpg,1,0,0.9964,0.0,0.0,0.0,2.975,0.574,3.219,0.223,7.209
img_004690.jpg,1,0,0.9992,0.0,0.0,0.0,4.209,2.45,3.714,0.42,11.104
img_004693.jpg,1,0,0.9943,0.0,0.0,0.0,3.085,0.484,3.163,0.21,7.149
img_004696.jpg,1,0,0.9999,0.0,0.0,0.0,4.002,0.643,3.967,0.327,9.265
img_004699.jpg,1,0,0.9999,0.0,0.0,0.0,4.555,1.958,3.853,1.013,11.622
img_004702.jpg,1,0,0.9976,0.0,0.0,0.0,3.151,1.012,3.215,0.248,7.847
img_004705.jpg,1,0,0.9996,0.0,0.0,0.0,3.568,1.429,3.921,0.384,9.613
img_004708.jpg,1,0,0.9218,0.0,0.0,0.0,3.69,0.954,3.162,0.21,8.228
img_004711.jpg,1,0,0.9753,0.0,0.0,0.0,5.225,1.457,3.786,0.295,11.06
img_004714.jpg,1,0,0.9711,0.0,0.0,0.0,3.143,0.513,3.152,0.206,7.224
img_004717.jpg,1,0,0.9642,0.0,0.0,0.0,3.073,0.533,3.212,0.215,7.236
img_004720.jpg,1,0,0.9943,0.0,0.0,0.0,9.962,2.514,5.01,0.286,18.286
img_004723.jpg,1,0,0.9999,0.0,0.0,0.0,3.347,0.518,3.194,0.225,7.508
img_004726.jpg,1,0,0.9996,0.0,0.0,0.0,3.008,0.55,3.219,0.256,7.255
img_004729.jpg,1,0,0.9927,0.0,0.0,0.0,3.921,0.54,3.228,0.227,8.143
img_004732.jpg,1,0,0.9961,0.0,0.0,0.0,3.119,0.755,3.25,0.225,7.578
img_004735.jpg,1,0,0.9994,0.0,0.0,0.0,2.963,0.523,3.404,0.219,7.324
img_004738.jpg,1,0,0.9974,0.0,0.0,0.0,3.064,0.509,3.212,0.21,7.213
img_004741.jpg,1,0,0.9961,0.0,0.0,0.0,3.847,0.746,3.111,0.229,8.166
img_004744.jpg,1,0,0.9962,0.0,0.0,0.0,2.96,0.501,3.218,0.226,7.126
img_004747.jpg,1,0,0.9981,0.0,0.0,0.0,3.269,0.513,3.18,0.257,7.438
img_004750.jpg,1,0,0.9845,0.0,0.0,0.0,2.956,0.54,3.182,0.217,7.113
img_004753.jpg,1,0,0.9179,0.0,0.0,0.0,3.056,0.512,3.205,0.227,7.245
img_004756.jpg,1,0,0.9707,0.0,0.0,0.0,3.309,0.54,3.253,0.23,7.557
img_004759.jpg,1,0,0.749,0.0,0.0,0.0,3.959,1.328,3.308,0.244,9.08
img_004762.jpg,1,1,0.9746,0.0,0.0,0.0,3.852,0.732,3.609,0.43,8.939
img_004765.jpg,1,1,0.6902,0.0,0.0,0.0,2.999,0.525,3.261,0.235,7.243
img_004768.jpg,1,1,0.9879,0.0,0.0,0.0,3.009,0.516,3.268,0.234,7.252
img_004771.jpg,1,1,0.9983,0.0,0.0,0.0,4.352,0.856,3.26,0.235,8.932
img_004774.jpg,1,1,0.589,0.0,0.0,0.0,3.487,0.868,4.011,0.34,9.053
img_004777.jpg,1,1,0.9978,0.0,0.0,0.0,3.159,0.505,3.22,0.226,7.325
img_004780.jpg,1,1,0.9632,0.0,0.0,0.0,3.082,0.499,3.043,0.208,7.039
img_004783.jpg,1,1,0.9628,0.0,0.0,0.0,3.035,0.499,3.132,0.205,7.104
img_004786.jpg,1,1,0.887,0.0,0.0,0.0,3.073,0.485,3.146,0.205,7.114
img_004789.jpg,1,1,0.9435,0.0,0.0,0.0,3.025,0.52,3.15,0.278,7.175
img_004792.jpg,1,1,0.7231,0.0,0.0,0.0,3.266,0.592,3.215,0.227,7.52
img_004795.jpg,1,0,0.9057,0.0,0.0,0.0,3.11,0.502,3.198,0.224,7.245
img_004798.jpg,1,0,0.9476,0.0,0.0,0.0,3.082,0.515,3.046,0.205,7.05
img_004801.jpg,1,0,0.9365,0.0,0.0,0.0,3.049,0.503,3.141,0.201,7.102
img_004804.jpg,1,0,0.9892,0.0,0.0,0.0,3.4,0.929,3.863,0.292,8.827
img_004807.jpg,1,0,0.9962,0.0,0.0,0.0,5.333,1.209,4.317,0.219,11.295
img_004810.jpg,1,0,0.9899,0.0,0.0,0.0,3.137,1.304,3.15,0.218,8.023
img_004813.jpg,1,0,0.9503,0.0,0.0,0.0,5.245,1.478,4.01,0.33,11.353
img_004816.jpg,1,0,0.9948,0.0,0.0,0.0,5.728,2.732,3.576,0.311,12.657
img_004819.jpg,1,0,0.9924,0.0,0.0,0.0,3.159,0.588,3.211,0.26,7.435
img_004822.jpg,1,0,0.9982,0.0,0.0,0.0,3.161,0.497,3.215,0.223,7.307
img_004825.jpg,1,0,0.9976,0.0,0.0,0.0,7.286,1.791,3.853,0.272,13.541
img_004828.jpg,1,0,0.8684,0.0,0.0,0.0,3.346,0.51,3.237,0.213,7.534
img_004831.jpg,1,0,0.6211,0.0,0.0,0.0,3.002,0.517,3.26,0.232,7.244
img_004834.jpg,1,0,0.8879,0.0,0.0,0.0,2.988,0.516,3.226,0.226,7.183
img_004837.jpg,1,0,0.9255,0.0,0.0,0.0,2.975,0.513,3.254,0.229,7.196
img_004840.jpg,1,0,0.9078,0.0,0.0,0.0,3.053,0.755,3.231,0.229,7.497
img_004843.jpg,1,0,0.9537,0.0,0.0,0.0,3.04,0.528,3.196,0.226,7.22
img_004846.jpg,1,0,0.9987,0.0,0.0,0.0,3.47,0.557,4.04,0.363,8.705
img_004849.jpg,1,0,1.0,0.0,0.0,0.0,3.3,0.589,3.241,0.227,7.589
img_004852.jpg,1,0,0.9999,0.0,0.0,0.0,3.338,0.758,3.194,0.242,7.761
img_004855.jpg,1,0,1.0,0.0,0.0,0.0,4.885,1.232,3.429,0.81,10.584
img_004858.jpg,1,0,1.0,0.0,0.0,0.0,3.609,0.536,3.192,0.218,7.766
img_004861.jpg,1,0,0.9998,0.0,0.0,0.0,3.127,0.495,3.142,0.206,7.18
img_004864.jpg,1,0,0.9998,0.0,0.0,0.0,3.745,1.042,3.971,0.323,9.387
img_004867.jpg,1,0,0.9997,0.0,0.0,0.0,3.09,0.543,3.209,0.257,7.309
img_004870.jpg,1,0,0.9999,0.0,0.0,0.0,3.08,0.653,3.151,0.212,7.304
img_004873.jpg,1,0,1.0,0.0,0.0,0.0,4.024,0.467,3.177,0.212,8.091
img_004876.jpg,1,0,0.9959,0.0,0.0,0.0,3.249,0.687,3.229,0.218,7.599
img_004879.jpg,1,0,0.9999,0.0,0.0,0.0,3.1,1.088,3.382,0.215,7.992
img_004882.jpg,1,0,1.0,0.0,0.0,0.0,3.073,0.614,2.864,0.207,6.965
img_004885.jpg,1,0,0.9994,0.0,0.0,0.0,3.554,2.015,3.904,0.327,10.117
img_004888.jpg,1,0,0.9942,0.0,0.0,0.0,3.305,0.73,3.134,0.207,7.579
img_004891.jpg,1,0,0.9994,0.0,0.0,0.0,4.42,1.989,3.496,0.212,10.337
img_004894.jpg,1,0,0.9994,0.0,0.0,0.0,4.455,0.542,3.276,0.228,8.731
img_004897.jpg,1,0,0.9942,0.0,0.0,0.0,3.023,0.762,3.175,0.217,7.407
img_004900.jpg,1,0,0.9989,0.0,0.0,0.0,4.32,3.478,3.436,0.43,12.008
img_004903.jpg,1,0,0.9997,0.0,0.0,0.0,3.285,0.494,3.16,0.211,7.358
img_004906.jpg,1,0,1.0,0.0,0.0,0.0,2.917,0.561,3.163,0.211,7.07
img_004909.jpg,1,0,0.9997,0.0,0.0,0.0,3.303,1.516,3.205,0.21,8.458
img_004912.jpg,1,0,0.9977,0.0,0.0,0.0,2.971,0.513,3.211,0.224,7.14
img_004915.jpg,1,0,0.9869,0.0,0.0,0.0,3.052,0.505,3.219,0.231,7.227
img_004918.jpg,1,0,0.9983,0.0,0.0,0.0,2.983,0.512,3.19,0.251,7.159
img_004921.jpg,1,0,0.9998,0.0,0.0,0.0,3.004,0.596,3.222,0.223,7.266
img_004924.jpg,1,0,0.9997,0.0,0.0,0.0,2.989,0.521,3.159,0.208,7.102
img_004927.jpg,1,0,0.998,0.0,0.0,0.0,3.671,0.525,3.206,0.229,7.851
img_004930.jpg,1,0,0.9992,0.0,0.0,0.0,4.204,0.52,3.208,0.228,8.386
img_004933.jpg,1,0,0.9885,0.0,0.0,0.0,3.155,0.509,3.155,0.206,7.242
img_004936.jpg,1,0,0.9974,0.0,0.0,0.0,2.954,0.519,3.159,0.203,7.052
img_004939.jpg,1,0,0.9988,0.0,0.0,0.0,3.037,0.52,3.219,0.23,7.224
img_004942.jpg,1,0,0.9992,0.0,0.0,0.0,3.001,0.519,3.243,0.227,7.211
img_004945.jpg,1,0,0.9999,0.0,0.0,0.0,3.004,0.511,3.182,0.208,7.129
img_004948.jpg,1,0,0.9799,0.0,0.0,0.0,4.343,1.608,4.125,0.235,10.551
img_004951.jpg,1,0,0.999,0.0,0.0,0.0,2.929,0.512,3.264,0.229,7.154
img_004954.jpg,1,0,0.9687,0.0,0.0,0.0,3.547,0.518,3.224,0.224,7.734
img_004957.jpg,1,0,0.9868,0.0,0.0,0.0,4.297,2.641,3.242,0.236,10.648
img_004960.jpg,1,0,0.9988,0.0,0.0,0.0,3.24,0.53,3.175,0.259,7.462
img_004963.jpg,1,0,0.9994,0.0,0.0,0.0,3.266,0.554,3.24,0.229,7.522
img_004966.jpg,1,0,0.9981,0.0,0.0,0.0,3.275,0.56,3.171,0.213,7.482
img_004969.jpg,1,0,0.9903,0.0,0.0,0.0,3.288,0.53,3.207,0.229,7.484
img_004972.jpg,1,0,0.9979,0.0,0.0,0.0,4.192,0.528,3.172,0.211,8.325
img_004975.jpg,1,0,1.0,0.0,0.0,0.0,3.386,0.533,3.212,0.228,7.585
img_004978.jpg,1,0,1.0,0.0,0.0,0.0,3.292,0.546,3.222,0.23,7.523
img_004981.jpg,1,0,1.0,0.0,0.0,0.0,3.02,0.553,3.225,0.228,7.257
img_004984.jpg,1,0,0.9999,0.0,0.0,0.0,3.027,0.52,3.22,0.225,7.217
img_004987.jpg,1,0,1.0,0.0,0.0,0.0,3.34,1.202,3.63,0.235,8.645
img_004990.jpg,1,0,1.0,0.0,0.0,0.0,3.61,0.548,3.258,0.224,7.868
img_004993.jpg,1,0,1.0,0.0,0.0,0.0,2.989,0.529,3.158,0.21,7.102
img_004996.jpg,1,0,1.0,0.0,0.0,0.0,4.353,1.355,3.305,0.274,9.533
img_004999.jpg,1,0,1.0,0.0,0.0,0.0,3.982,0.559,3.24,0.219,8.233
img_005002.jpg,1,0,1.0,0.0,0.0,0.0,3.471,0.531,3.163,0.256,7.644
img_005005.jpg,1,0,1.0,0.0,0.0,0.0,4.259,1.668,3.554,0.33,10.125
img_005008.jpg,1,0,1.0,0.0,0.0,0.0,3.113,0.518,3.209,0.228,7.295
img_005011.jpg,1,0,0.9999,0.0,0.0,0.0,3.051,0.504,3.167,0.215,7.153
img_005014.jpg,1,0,0.8903,0.0,0.0,0.0,3.363,0.504,3.217,0.236,7.547
img_005017.jpg,1,1,0.6017,0.0,0.0,0.0,3.11,0.515,3.219,0.228,7.297
img_005020.jpg,1,1,0.5839,0.0,0.0,0.0,3.005,0.55,3.164,0.213,7.15
img_005023.jpg,1,0,0.9298,0.0,0.0,0.0,2.939,0.507,3.14,0.21,7.003
img_005026.jpg,1,0,0.9113,0.0,0.0,0.0,3.388,0.507,3.202,0.22,7.546
img_005029.jpg,1,0,0.7264,0.0,0.0,0.0,2.969,0.509,3.2,0.207,7.098
img_005032.jpg,1,0,0.8138,0.0,0.0,0.0,2.979,0.549,3.192,0.214,7.155
img_005035.jpg,1,0,0.8061,0.0,0.0,0.0,3.004,0.564,3.22,0.228,7.235
img_005038.jpg,1,0,0.8244,0.0,0.0,0.0,3.037,0.516,3.223,0.223,7.217
img_005041.jpg,1,0,0.9937,0.0,0.0,0.0,2.967,0.536,3.227,0.214,7.159
img_005044.jpg,1,0,0.9188,0.0,0.0,0.0,3.399,0.531,3.107,0.224,7.485
img_005047.jpg,1,0,0.7812,0.0,0.0,0.0,2.973,0.849,3.169,0.213,7.413
img_005050.jpg,1,0,0.822,0.0,0.0,0.0,2.95,0.577,3.154,0.208,7.108
img_005053.jpg,1,0,0.7922,0.0,0.0,0.0,4.413,3.329,5.25,0.369,13.674
img_005056.jpg,1,0,0.6746,0.0,0.0,0.0,3.409,0.561,3.226,0.227,7.654
img_005059.jpg,1,0,0.9367,0.0,0.0,0.0,3.026,0.525,3.16,0.211,7.143
img_005062.jpg,1,0,0.588,0.0,0.0,0.0,6.18,0.733,3.505,0.347,10.997
img_005065.jpg,1,0,0.9391,0.0,0.0,0.0,4.405,0.526,3.224,0.228,8.603
img_005068.jpg,1,0,0.9968,0.0,0.0,0.0,3.819,1.424,3.175,0.214,8.85
img_005071.jpg,1,0,0.9435,0.0,0.0,0.0,3.843,0.526,3.798,0.227,8.618
img_005074.jpg,1,0,0.6956,0.0,0.0,0.0,3.817,2.039,3.917,0.31,10.394
img_005077.jpg,1,0,0.9267,0.0,0.0,0.0,3.478,0.51,3.223,0.228,7.697
img_005080.jpg,1,0,0.9949,0.0,0.0,0.0,4.189,1.392,3.098,0.222,9.128
img_005083.jpg,1,0,0.9197,0.0,0.0,0.0,3.192,1.271,3.381,0.206,8.261
img_005086.jpg,1,0,0.9912,0.0,0.0,0.0,3.784,0.81,3.198,0.224,8.237
img_005089.jpg,1,1,0.9569,0.0,0.0,0.0,3.128,1.487,3.576,0.225,8.637
img_005092.jpg,1,1,0.9816,0.0,0.0,0.0,4.01,1.36,3.208,0.226,9.026
img_005095.jpg,1,1,0.9596,0.0,0.0,0.0,4.862,1.229,3.518,0.308,10.201
img_005098.jpg,1,1,0.9967,0.0,0.0,0.0,4.015,1.073,3.073,0.249,8.634
img_005101.jpg,1,1,0.9435,0.0,0.0,0.0,3.722,0.572,3.363,0.204,8.068
img_005104.jpg,1,1,0.9709,0.0,0.0,0.0,3.647,1.487,3.211,0.223,8.823
img_005107.jpg,1,1,0.7964,0.0,0.0,0.0,6.292,1.619,7.998,0.422,16.641
img_005110.jpg,1,1,0.9342,0.0,0.0,0.0,5.472,1.45,3.776,0.337,11.332
img_005113.jpg,1,1,0.9675,0.0,0.0,0.0,3.422,0.509,3.176,0.244,7.559
img_005116.jpg,1,1,0.6176,0.0,0.0,0.0,4.571,2.35,5.488,0.237,12.892
img_005119.jpg,1,1,0.6039,0.0,0.0,0.0,4.285,0.686,3.551,0.396,9.213
img_005122.jpg,1,1,0.997,0.0,0.0,0.0,4.23,0.524,3.174,0.207,8.393
img_005125.jpg,1,1,0.9881,0.0,0.0,0.0,5.232,1.685,3.137,0.226,10.535
img_005128.jpg,1,1,0.998,0.0,0.0,0.0,3.027,0.758,3.223,0.225,7.456
img_005131.jpg,1,1,0.9728,0.0,0.0,0.0,2.927,0.512,3.191,0.217,7.058
img_005134.jpg,1,1,0.9931,0.0,0.0,0.0,2.997,0.55,3.147,0.209,7.125
img_005137.jpg,1,1,0.9875,0.0,0.0,0.0,2.916,0.505,3.134,0.2,6.992
img_005140.jpg,1,1,0.8435,0.0,0.0,0.0,3.03,0.541,3.218,0.228,7.246
img_005143.jpg,1,1,0.9965,0.0,0.0,0.0,2.967,0.514,3.143,0.219,7.059
img_005146.jpg,1,1,0.999,0.0,0.0,0.0,2.972,0.516,3.15,0.211,7.063
img_005149.jpg,1,1,0.9958,0.0,0.0,0.0,3.358,2.929,3.472,0.393,10.447
img_005152.jpg,1,1,0.8522,0.0,0.0,0.0,5.753,2.536,4.071,0.333,13.076
img_005155.jpg,1,0,0.907,0.0,0.0,0.0,4.957,1.631,3.509,0.23,10.612
img_005158.jpg,1,0,0.7696,0.0,0.0,0.0,4.147,1.231,3.533,0.365,9.611
img_005161.jpg,1,0,0.8259,0.0,0.0,0.0,3.716,1.339,3.954,0.327,9.641
img_005164.jpg,1,0,0.8007,0.0,0.0,0.0,3.115,0.527,3.111,0.219,7.184
img_005167.jpg,1,0,0.9993,0.0,0.0,0.0,3.906,1.414,3.807,0.305,9.73
img_005170.jpg,1,0,0.9929,0.0,0.0,0.0,3.285,0.52,3.155,0.213,7.38
img_005173.jpg,1,0,0.999,0.0,0.0,0.0,5.348,2.733,3.437,0.456,12.31
img_005176.jpg,1,0,0.9999,0.0,0.0,0.0,3.689,3.031,3.983,0.298,11.309
img_005179.jpg,1,0,1.0,0.0,0.0,0.0,4.614,1.643,3.155,0.223,9.894
img_005182.jpg,1,0,1.0,0.0,0.0,0.0,4.811,2.485,3.219,0.229,10.971
img_005185.jpg,1,0,0.9999,0.0,0.0,0.0,4.96,0.852,3.214,0.228,9.477
img_005188.jpg,1,0,0.9997,0.0,0.0,0.0,3.078,0.97,3.157,0.213,7.62
img_005191.jpg,1,0,0.9993,0.0,0.0,0.0,6.602,1.445,3.834,0.302,12.476
img_005194.jpg,1,0,0.9998,0.0,0.0,0.0,5.518,0.692,3.775,0.301,10.583
img_005197.jpg,1,0,1.0,0.0,0.0,0.0,3.272,0.498,3.141,0.202,7.314
img_005200.jpg,1,0,0.9991,0.0,0.0,0.0,4.783,0.77,3.764,0.281,9.889
img_005203.jpg,1,0,0.9992,0.0,0.0,0.0,3.088,0.496,3.131,0.204,7.126
img_005206.jpg,1,0,0.9624,0.0,0.0,0.0,3.307,0.502,3.173,0.205,7.396
img_005209.jpg,1,0,0.8214,0.0,0.0,0.0,3.053,1.138,3.223,0.265,7.902
img_005212.jpg,1,0,0.6661,0.0,0.0,0.0,4.457,1.27,3.142,0.21,9.292
img_005215.jpg,1,0,0.9911,0.0,0.0,0.0,5.475,0.568,3.214,0.276,9.766
img_005218.jpg,1,0,0.8071,0.0,0.0,0.0,3.806,0.578,3.172,0.238,8.016
img_005221.jpg,1,1,0.8141,0.0,0.0,0.0,5.002,2.803,3.528,0.226,11.846
img_005224.jpg,1,1,0.7534,0.0,0.0,0.0,3.681,0.532,3.201,0.226,7.868
img_005227.jpg,1,0,0.8241,0.0,0.0,0.0,3.231,0.517,3.178,0.215,7.359
img_005230.jpg,1,0,0.5961,0.0,0.0,0.0,3.931,1.585,3.47,0.341,9.57
img_005233.jpg,1,0,0.8266,0.0,0.0,0.0,3.682,0.552,3.232,0.233,7.934
img_005236.jpg,1,1,0.7175,0.0,0.0,0.0,3.654,0.546,3.245,0.228,7.905
img_005239.jpg,1,1,0.6456,0.0,0.0,0.0,4.509,3.252,6.932,0.249,15.171
img_005242.jpg,1,1,0.9822,0.0,0.0,0.0,3.306,0.556,3.263,0.225,7.587
img_005245.jpg,1,1,0.9839,0.0,0.0,0.0,3.237,0.636,3.2,0.245,7.543
img_005248.jpg,1,1,0.8435,0.0,0.0,0.0,3.922,1.568,3.36,0.24,9.335
img_005251.jpg,1,1,0.9591,0.0,0.0,0.0,3.693,0.529,3.225,0.229,7.911
img_005254.jpg,1,1,0.9413,0.0,0.0,0.0,3.67,0.529,3.225,0.229,7.931
img_005257.jpg,1,0,0.9186,0.0,0.0,0.0,3.357,1.654,3.341,0.281,8.886
img_005260.jpg,1,0,0.7552,0.0,0.0,0.0,3.667,0.524,3.254,0.225,7.902
img_005263.jpg,1,0,0.7157,0.0,0.0,0.0,3.346,0.533,3.217,0.225,7.547
img_005266.jpg,1,1,0.8708,0.0,0.0,0.0,3.291,0.535,3.181,0.206,7.437
img_005269.jpg,1,0,0.9373,0.0,0.0,0.0,3.626,0.57,3.173,0.215,7.811
img_005272.jpg,1,0,0.6582,0.0,0.0,0.0,3.461,0.582,3.207,0.215,7.694
img_005275.jpg,1,1,0.5186,0.0,0.0,0.0,3.37,0.544,3.179,0.208,7.52
img_005278.jpg,1,1,0.7205,0.0,0.0,0.0,3.309,0.54,3.221,0.227,7.526
img_005281.jpg,1,1,0.9152,0.0,0.0,0.0,3.301,0.61,3.256,0.234,7.642
img_005284.jpg,1,1,0.8823,0.0,0.0,0.0,3.354,0.541,3.279,0.229,7.643
img_005287.jpg,1,1,0.7541,0.0,0.0,0.0,3.285,0.632,3.264,0.274,7.689
img_005290.jpg,1,1,0.7462,0.0,0.0,0.0,3.282,1.37,3.217,0.222,8.314
img_005293.jpg,1,1,0.7146,0.0,0.0,0.0,3.405,0.548,3.27,0.235,7.692
img_005296.jpg,1,0,0.8801,0.0,0.0,0.0,3.038,0.569,3.175,0.217,7.228
img_005299.jpg,1,1,0.8915,0.0,0.0,0.0,2.996,0.511,3.213,0.26,7.195
img_005302.jpg,1,0,0.5923,0.0,0.0,0.0,2.971,0.572,3.141,0.212,7.113
img_005305.jpg,1,0,0.5107,0.0,0.0,0.0,4.575,3.162,3.1,0.235,11.32
img_005308.jpg,1,0,0.9444,0.0,0.0,0.0,4.208,0.533,3.243,0.226,8.445
img_005311.jpg,1,0,0.9555,0.0,0.0,0.0,3.211,0.567,3.146,0.208,7.344
img_005314.jpg,1,1,0.8446,0.0,0.0,0.0,4.16,1.625,3.229,0.275,9.527
img_005317.jpg,1,0,0.5365,0.0,0.0,0.0,3.999,0.604,3.209,0.23,8.266
img_005320.jpg,1,1,0.8879,0.0,0.0,0.0,2.982,0.516,3.177,0.2,7.091
img_005323.jpg,1,0,0.969,0.0,0.0,0.0,3.077,0.519,3.216,0.229,7.264
img_005326.jpg,1,0,0.9548,0.0,0.0,0.0,2.932,0.522,3.164,0.21,7.044
img_005329.jpg,1,0,0.5943,0.0,0.0,0.0,3.29,0.52,3.149,0.211,7.387
img_005332.jpg,1,0,0.7966,0.0,0.0,0.0,2.951,0.51,3.143,0.209,7.025
img_005335.jpg,1,0,0.605,0.0,0.0,0.0,2.948,0.518,3.024,0.203,6.903
img_005338.jpg,1,1,0.9107,0.0,0.0,0.0,3.864,0.522,3.231,0.227,8.071
img_005341.jpg,1,1,0.9783,0.0,0.0,0.0,3.877,0.537,3.16,0.223,8.019
img_005344.jpg,1,1,0.8845,0.0,0.0,0.0,4.132,2.112,3.708,0.225,10.51
img_005347.jpg,1,1,0.9428,0.0,0.0,0.0,5.486,0.724,3.956,0.337,10.811
img_005350.jpg,1,1,0.9955,0.0,0.0,0.0,2.986,0.521,3.189,0.205,7.121
img_005353.jpg,1,1,0.9788,0.0,0.0,0.0,4.816,4.528,5.037,0.953,15.915
img_005356.jpg,1,1,0.9529,0.0,0.0,0.0,3.771,0.526,3.234,0.233,7.987
img_005359.jpg,1,0,0.9753,0.0,0.0,0.0,3.82,0.54,3.223,0.225,8.024
img_005362.jpg,1,1,0.8315,0.0,0.0,0.0,5.377,2.607,4.252,0.439,12.992
img_005365.jpg,1,1,0.9955,0.0,0.0,0.0,4.047,1.239,3.212,0.208,8.927
img_005368.jpg,1,1,0.8418,0.0,0.0,0.0,3.078,0.565,3.7,0.313,7.869
img_005371.jpg,1,0,1.0,0.0,0.0,0.0,3.583,0.503,3.225,0.205,7.733
img_005374.jpg,1,0,1.0,0.0,0.0,0.0,3.144,0.495,3.156,0.201,7.208
img_005377.jpg,1,0,1.0,0.0,0.0,0.0,3.1,0.498,3.164,0.204,7.176
img_005380.jpg,1,0,1.0,0.0,0.0,0.0,3.079,0.502,3.222,0.22,7.28
img_005383.jpg,1,0,1.0,0.0,0.0,0.0,3.134,0.494,3.169,0.209,7.214
img_005386.jpg,1,0,1.0,0.0,0.0,0.0,3.141,0.494,3.214,0.22,7.282
img_005389.jpg,1,0,1.0,0.0,0.0,0.0,3.338,2.078,3.186,0.224,9.042
img_005392.jpg,1,0,1.0,0.0,0.0,0.0,3.527,0.497,3.203,0.223,7.664
img_005395.jpg,1,0,1.0,0.0,0.0,0.0,3.15,0.498,3.214,0.252,7.327
img_005398.jpg,1,0,1.0,0.0,0.0,0.0,3.103,0.542,3.214,0.221,7.293
img_005401.jpg,1,0,1.0,0.0,0.0,0.0,3.573,0.543,3.265,0.224,7.836
img_005404.jpg,1,0,1.0,0.0,0.0,0.0,3.013,0.508,3.204,0.209,7.152
img_005407.jpg,1,0,1.0,0.0,0.0,0.0,2.932,0.513,3.163,0.211,7.031
img_005410.jpg,1,0,1.0,0.0,0.0,0.0,3.003,0.528,2.957,0.258,6.972
img_005413.jpg,1,0,1.0,0.0,0.0,0.0,3.059,0.534,3.241,0.234,7.298
img_005416.jpg,1,0,1.0,0.0,0.0,0.0,3.207,0.562,3.256,0.229,7.478
img_005419.jpg,1,0,1.0,0.0,0.0,0.0,4.027,2.821,4.319,0.234,11.639
img_005422.jpg,1,0,1.0,0.0,0.0,0.0,4.027,0.624,3.157,0.212,8.255
img_005425.jpg,1,0,1.0,0.0,0.0,0.0,3.955,0.52,3.203,0.22,8.122
img_005428.jpg,1,0,1.0,0.0,0.0,0.0,6.502,3.909,8.583,0.341,19.951
img_005431.jpg,1,0,1.0,0.0,0.0,0.0,4.005,0.824,3.229,0.232,8.515
img_005434.jpg,1,0,1.0,0.0,0.0,0.0,3.839,0.525,3.22,0.223,8.032
img_005437.jpg,1,0,1.0,0.0,0.0,0.0,3.881,0.527,3.436,0.217,8.283
img_005440.jpg,1,0,1.0,0.0,0.0,0.0,3.706,0.555,3.225,0.225,7.936
img_000001.jpg,0,0,0.9958,0.0,0.0,0.0,4.117,1.803,3.224,0.229,9.605
img_000004.jpg,0,0,0.9578,0.0,0.0,0.0,3.634,0.51,3.224,0.229,7.82
img_000007.jpg,0,0,0.7591,0.0,0.0,0.0,4.02,0.507,3.149,0.218,8.145
img_000010.jpg,0,0,0.8908,0.0,0.0,0.0,3.992,0.51,3.217,0.227,8.173
img_000013.jpg,0,0,0.9733,0.0,0.0,0.0,3.905,0.534,3.16,0.204,8.02
img_000016.jpg,0,0,0.9024,0.0,0.0,0.0,3.923,0.515,3.136,0.212,7.999
img_000019.jpg,0,0,0.9937,0.0,0.0,0.0,4.836,1.304,3.37,0.231,9.996
img_000022.jpg,0,0,0.6506,0.0,0.0,0.0,3.978,0.531,3.226,0.227,8.188
img_000025.jpg,0,1,0.5782,0.0,0.0,0.0,2.969,0.51,3.03,0.208,6.937
img_000028.jpg,0,0,0.7307,0.0,0.0,0.0,3.01,0.503,3.129,0.205,7.066
img_000031.jpg,0,0,0.973,0.0,0.0,0.0,5.184,1.583,3.183,0.229,10.418
img_000034.jpg,0,1,0.9592,0.0,0.0,0.0,3.067,0.524,3.32,0.207,7.335
img_000037.jpg,0,1,0.9952,0.0,0.0,0.0,2.966,1.083,3.165,0.206,7.638
img_000040.jpg,0,0,0.9622,0.0,0.0,0.0,3.152,0.864,3.146,0.208,7.586
img_000043.jpg,0,1,0.9851,0.0,0.0,0.0,3.727,1.597,3.728,0.229,9.533
img_000046.jpg,0,1,0.9899,0.0,0.0,0.0,3.022,0.531,3.246,0.237,7.263
img_000049.jpg,0,0,0.8809,0.0,0.0,0.0,2.998,0.507,3.139,0.209,7.069
img_000052.jpg,0,0,0.8916,0.0,0.0,0.0,2.963,0.502,3.174,0.205,7.054
img_000055.jpg,0,1,0.6179,0.0,0.0,0.0,3.028,0.509,3.093,0.247,7.105
img_000058.jpg,0,1,0.6849,0.0,0.0,0.0,3.089,0.508,3.092,0.226,7.142
img_000061.jpg,0,0,0.9943,0.0,0.0,0.0,3.181,0.504,3.153,0.209,7.259
img_000064.jpg,0,0,0.9619,0.0,0.0,0.0,2.937,0.504,3.146,0.208,7.067
img_000067.jpg,0,0,0.9876,0.0,0.0,0.0,3.022,2.302,4.713,0.24,10.52
img_000070.jpg,0,0,0.9998,0.0,0.0,0.0,3.403,0.513,3.209,0.221,7.595
img_000073.jpg,0,0,0.5839,0.0,0.0,0.0,4.16,0.902,3.223,0.288,8.81
img_000076.jpg,0,0,0.9797,0.0,0.0,0.0,3.931,0.522,3.21,0.222,8.116
img_000079.jpg,0,0,0.9748,0.0,0.0,0.0,5.317,2.754,3.321,0.223,11.855
img_000082.jpg,0,0,0.9556,0.0,0.0,0.0,4.153,0.533,3.168,0.212,8.286
img_000085.jpg,0,0,0.9992,0.0,0.0,0.0,4.193,0.521,3.165,0.214,8.323
img_000088.jpg,0,0,0.9755,0.0,0.0,0.0,4.022,0.869,3.187,0.202,8.5
img_000091.jpg,0,0,0.9656,0.0,0.0,0.0,6.027,2.514,4.261,0.336,13.458
img_000094.jpg,0,0,0.9664,0.0,0.0,0.0,5.259,0.671,3.823,0.377,10.437
img_000097.jpg,0,0,0.9734,0.0,0.0,0.0,4.028,0.593,3.272,0.236,8.367
img_000100.jpg,0,0,0.9495,0.0,0.0,0.0,3.657,0.524,3.242,0.225,7.874
img_000103.jpg,0,0,0.9948,0.0,0.0,0.0,3.265,0.529,3.18,0.21,7.4
img_000106.jpg,0,0,0.9938,0.0,0.0,0.0,3.282,0.528,3.107,0.228,7.372
img_000109.jpg,0,1,0.9983,0.0,0.0,0.0,3.451,0.862,3.171,0.212,7.923
img_000112.jpg,0,1,0.9465,0.0,0.0,0.0,3.287,0.522,4.376,0.245,8.651
img_000115.jpg,0,0,0.9946,0.0,0.0,0.0,3.285,0.527,3.2,0.245,7.481
img_000118.jpg,0,0,0.9996,0.0,0.0,0.0,3.296,0.952,3.182,0.211,7.869
img_000121.jpg,0,0,0.9944,0.0,0.0,0.0,3.733,0.56,3.164,0.202,7.918
img_000124.jpg,0,0,0.9935,0.0,0.0,0.0,3.359,0.902,3.295,0.232,8.016
img_000127.jpg,0,0,0.9959,0.0,0.0,0.0,3.369,0.573,3.32,0.233,7.74
img_000130.jpg,0,0,0.9959,0.0,0.0,0.0,3.264,0.522,4.393,0.235,8.651
img_000133.jpg,0,0,0.9958,0.0,0.0,0.0,3.225,0.567,3.187,0.272,7.473
img_000136.jpg,0,0,0.9999,0.0,0.0,0.0,3.228,0.606,3.058,0.235,7.35
img_000139.jpg,0,0,0.9999,0.0,0.0,0.0,3.266,0.523,3.172,0.209,7.385
img_000142.jpg,0,1,0.7796,0.0,0.0,0.0,3.257,0.564,3.167,0.207,7.406
img_000145.jpg,0,0,0.9985,0.0,0.0,0.0,3.264,0.535,3.193,0.204,7.422
img_000148.jpg,0,0,0.9864,0.0,0.0,0.0,3.767,0.544,3.231,0.227,7.997
img_000151.jpg,0,1,0.7493,0.0,0.0,0.0,5.172,2.784,5.726,0.225,14.138
img_000154.jpg,0,1,0.9995,0.0,0.0,0.0,3.378,0.515,3.137,0.203,7.451
img_000157.jpg,0,0,0.9722,0.0,0.0,0.0,3.022,0.507,3.158,0.246,7.151
img_000160.jpg,0,0,0.954,0.0,0.0,0.0,3.008,0.554,3.164,0.205,7.139
img_000163.jpg,0,0,0.9873,0.0,0.0,0.0,3.109,1.524,3.195,0.224,8.279
img_000166.jpg,0,1,0.9513,0.0,0.0,0.0,3.361,1.108,3.223,0.225,8.14
img_000169.jpg,0,1,0.7346,0.0,0.0,0.0,3.349,0.874,3.198,0.209,7.847
img_000172.jpg,0,1,0.8173,0.0,0.0,0.0,2.966,0.546,3.649,0.211,7.592
img_000175.jpg,0,1,0.5783,0.0,0.0,0.0,3.017,0.552,3.159,0.215,7.163
img_000178.jpg,0,0,0.9137,0.0,0.0,0.0,3.768,0.521,3.11,0.228,7.852
img_000181.jpg,0,1,0.9772,0.0,0.0,0.0,2.984,0.512,4.496,0.212,8.427
img_000184.jpg,0,0,0.9399,0.0,0.0,0.0,3.027,0.579,3.171,0.206,7.211
img_000187.jpg,0,0,0.9878,0.0,0.0,0.0,3.011,0.564,3.226,0.206,7.228
img_000190.jpg,0,0,0.9707,0.0,0.0,0.0,4.26,4.752,3.966,0.227,13.478
img_000193.jpg,0,0,1.0,0.0,0.0,0.0,5.655,1.87,3.937,0.348,12.111
img_000196.jpg,0,0,0.9978,0.0,0.0,0.0,3.174,0.517,3.221,0.223,7.349
img_000199.jpg,0,0,0.9892,0.0,0.0,0.0,3.307,0.619,3.262,0.265,7.683
img_000202.jpg,0,0,1.0,0.0,0.0,0.0,3.085,0.504,3.207,0.227,7.241
img_000205.jpg,0,0,0.9996,0.0,0.0,0.0,3.247,0.536,3.271,0.221,7.502
img_000208.jpg,0,0,1.0,0.0,0.0,0.0,10.618,0.677,3.658,0.436,15.697
img_000211.jpg,0,0,1.0,0.0,0.0,0.0,3.35,0.552,3.291,0.229,7.652
img_000214.jpg,0,0,1.0,0.0,0.0,0.0,9.653,0.516,3.201,0.225,13.826
img_000217.jpg,0,0,1.0,0.0,0.0,0.0,7.75,0.519,3.2,0.226,11.928
img_000220.jpg,0,0,0.9998,0.0,0.0,0.0,3.053,0.516,3.222,0.229,7.246
img_000223.jpg,0,0,0.9997,0.0,0.0,0.0,3.976,0.658,4.023,0.317,9.276
img_000226.jpg,0,0,0.9996,0.0,0.0,0.0,7.911,2.974,3.379,0.347,14.862
img_000229.jpg,0,0,0.9998,0.0,0.0,0.0,6.517,4.199,3.405,0.223,14.662
img_000232.jpg,0,0,0.9996,0.0,0.0,0.0,4.068,1.388,3.263,0.307,9.27
img_000235.jpg,0,0,0.9999,0.0,0.0,0.0,3.324,0.792,3.221,0.224,7.795
img_000238.jpg,0,0,0.9997,0.0,0.0,0.0,6.607,0.62,3.236,0.256,10.953
img_000241.jpg,0,0,0.9995,0.0,0.0,0.0,3.018,0.508,3.215,0.267,7.235
img_000244.jpg,0,0,0.9999,0.0,0.0,0.0,6.837,0.864,3.224,0.222,11.376
img_000247.jpg,0,0,0.9999,0.0,0.0,0.0,5.556,0.544,3.235,0.224,9.79
img_000250.jpg,0,0,1.0,0.0,0.0,0.0,4.045,0.516,3.219,0.229,8.239
img_000253.jpg,0,0,1.0,0.0,0.0,0.0,4.321,2.639,3.64,0.352,11.262
img_000256.jpg,0,0,1.0,0.0,0.0,0.0,8.44,0.559,3.258,0.229,12.729
img_000259.jpg,0,0,1.0,0.0,0.0,0.0,5.682,0.669,3.683,0.339,10.675
img_000262.jpg,0,0,1.0,0.0,0.0,0.0,3.754,0.519,3.217,0.224,7.951
img_000265.jpg,0,0,1.0,0.0,0.0,0.0,3.088,0.511,3.232,0.224,7.287
img_000268.jpg,0,0,1.0,0.0,0.0,0.0,6.987,2.752,4.844,0.237,15.091
img_000271.jpg,0,0,1.0,0.0,0.0,0.0,3.367,0.521,3.225,0.225,7.567
img_000274.jpg,0,0,1.0,0.0,0.0,0.0,9.44,0.745,3.602,0.327,14.416
img_000277.jpg,0,0,1.0,0.0,0.0,0.0,6.677,0.508,3.241,0.223,10.873
img_000280.jpg,0,0,0.9998,0.0,0.0,0.0,3.123,0.494,3.222,0.225,7.285
img_000283.jpg,0,0,0.9995,0.0,0.0,0.0,3.14,0.497,3.216,0.226,7.3
img_000286.jpg,0,0,0.9971,0.0,0.0,0.0,6.514,0.585,3.216,0.22,10.759
img_000289.jpg,0,0,0.9998,0.0,0.0,0.0,4.776,2.732,3.79,0.97,12.58
img_000292.jpg,0,0,0.9992,0.0,0.0,0.0,3.94,1.494,3.21,0.23,9.155
img_000295.jpg,0,0,0.9994,0.0,0.0,0.0,3.164,0.503,3.264,0.227,7.381
img_000298.jpg,0,0,0.9988,0.0,0.0,0.0,6.735,0.514,3.267,0.223,10.963
img_000301.jpg,0,0,0.9991,0.0,0.0,0.0,3.275,0.514,3.281,0.221,7.512
img_000304.jpg,0,0,0.9989,0.0,0.0,0.0,7.064,0.516,3.27,0.225,11.295
img_000307.jpg,0,0,0.9985,0.0,0.0,0.0,7.462,1.001,3.581,0.226,12.53
img_000310.jpg,0,0,0.9997,0.0,0.0,0.0,3.742,1.622,3.229,0.23,9.044
img_000313.jpg,0,0,0.9999,0.0,0.0,0.0,6.488,1.325,3.209,0.224,11.481
img_000316.jpg,0,0,0.9991,0.0,0.0,0.0,6.796,0.539,3.229,0.227,11.049
img_000319.jpg,0,0,1.0,0.0,0.0,0.0,3.344,0.537,3.239,0.225,7.577
img_000322.jpg,0,0,1.0,0.0,0.0,0.0,3.324,0.766,3.258,0.238,7.824
img_000325.jpg,0,0,1.0,0.0,0.0,0.0,3.379,0.54,3.243,0.229,7.621
img_000328.jpg,0,0,1.0,0.0,0.0,0.0,11.031,0.722,3.955,0.421,16.436
img_000331.jpg,0,0,1.0,0.0,0.0,0.0,3.845,0.532,3.279,0.232,8.119
img_000334.jpg,0,0,0.9999,0.0,0.0,0.0,7.049,1.202,3.274,0.236,11.996
img_000337.jpg,0,0,1.0,0.0,0.0,0.0,5.581,0.538,3.208,0.224,9.782
img_000340.jpg,0,0,0.9999,0.0,0.0,0.0,3.386,0.651,3.211,0.251,7.737
img_000343.jpg,0,0,0.9998,0.0,0.0,0.0,3.109,1.048,3.256,0.409,8.065
img_000346.jpg,0,0,0.9998,0.0,0.0,0.0,5.703,0.529,3.235,0.232,9.93
img_000349.jpg,0,0,0.9999,0.0,0.0,0.0,4.137,3.169,3.742,0.88,12.235
img_000352.jpg,0,0,1.0,0.0,0.0,0.0,4.137,1.286,3.551,0.359,9.634
img_000355.jpg,0,0,1.0,0.0,0.0,0.0,4.063,1.034,3.436,0.356,9.126
img_000358.jpg,0,0,1.0,0.0,0.0,0.0,12.876,2.024,3.446,0.229,18.838
img_000361.jpg,0,0,1.0,0.0,0.0,0.0,3.307,0.508,3.26,0.223,7.522
img_000364.jpg,0,0,1.0,0.0,0.0,0.0,7.757,0.572,3.226,0.221,12.001
img_000367.jpg,0,0,1.0,0.0,0.0,0.0,7.398,0.521,3.303,0.225,11.671
img_000370.jpg,0,0,0.9999,0.0,0.0,0.0,4.315,2.63,3.813,0.405,11.461
img_000373.jpg,0,0,1.0,0.0,0.0,0.0,5.843,0.707,3.86,0.223,11.038
img_000376.jpg,0,0,0.9998,0.0,0.0,0.0,7.195,0.581,3.227,0.223,11.452
img_000379.jpg,0,0,0.9998,0.0,0.0,0.0,3.125,0.513,3.228,0.226,7.316
img_000382.jpg,0,0,0.9998,0.0,0.0,0.0,4.72,3.637,4.175,0.352,13.212
img_000385.jpg,0,0,0.9999,0.0,0.0,0.0,5.267,2.781,3.644,0.846,12.838
img_000388.jpg,0,0,0.999,0.0,0.0,0.0,7.205,0.507,3.226,0.231,11.393
img_000391.jpg,0,0,0.9993,0.0,0.0,0.0,3.084,0.515,3.213,0.223,7.258
img_000394.jpg,0,0,0.9998,0.0,0.0,0.0,7.289,0.519,3.25,0.23,11.51
img_000397.jpg,0,0,0.9993,0.0,0.0,0.0,6.663,0.534,3.204,0.226,10.85
img_000400.jpg,0,0,0.9999,0.0,0.0,0.0,3.21,0.5,3.217,0.227,7.376
img_000403.jpg,0,0,0.9999,0.0,0.0,0.0,3.239,0.501,3.227,0.229,7.42
img_000406.jpg,0,0,0.9994,0.0,0.0,0.0,6.75,0.682,3.227,0.218,11.106
img_000409.jpg,0,0,0.9807,0.0,0.0,0.0,3.202,0.563,3.246,0.221,7.46
img_000412.jpg,0,0,0.9995,0.0,0.0,0.0,3.142,0.5,3.224,0.263,7.35
img_000415.jpg,0,0,0.9993,0.0,0.0,0.0,3.427,0.512,3.22,0.223,7.607
img_000418.jpg,0,0,0.9902,0.0,0.0,0.0,6.816,0.518,3.202,0.23,11.025
img_000421.jpg,0,0,0.9981,0.0,0.0,0.0,3.137,0.559,3.26,0.226,7.404
img_000424.jpg,0,0,0.9973,0.0,0.0,0.0,9.16,0.842,3.213,0.257,13.697
img_000427.jpg,0,0,0.9971,0.0,0.0,0.0,7.684,0.519,3.214,0.227,11.866
img_000430.jpg,0,0,0.9983,0.0,0.0,0.0,3.785,0.552,3.307,0.235,8.111
img_000433.jpg,0,0,0.9978,0.0,0.0,0.0,3.564,0.537,3.247,0.229,7.844
img_000436.jpg,0,0,0.982,0.0,0.0,0.0,6.076,0.511,3.209,0.226,10.245
img_000439.jpg,0,0,0.995,0.0,0.0,0.0,4.294,0.522,3.183,0.206,8.42
img_000442.jpg,0,0,0.9985,0.0,0.0,0.0,3.411,0.503,3.219,0.226,7.573
img_000445.jpg,0,0,0.9999,0.0,0.0,0.0,4.153,2.654,3.82,0.385,11.32
img_000448.jpg,0,0,0.9999,0.0,0.0,0.0,7.561,0.545,3.229,0.226,11.786
img_000451.jpg,0,0,0.9788,0.0,0.0,0.0,3.892,0.558,3.247,0.257,8.185
img_000454.jpg,0,0,0.9989,0.0,0.0,0.0,9.957,2.508,3.924,0.388,17.112
img_000457.jpg,0,0,0.9998,0.0,0.0,0.0,8.511,1.906,3.278,0.226,14.163
img_000460.jpg,0,0,0.9995,0.0,0.0,0.0,5.224,0.778,3.918,0.322,10.579
img_000463.jpg,0,0,0.9997,0.0,0.0,0.0,3.048,0.513,3.262,0.226,7.274
img_000466.jpg,0,0,0.9998,0.0,0.0,0.0,5.615,0.515,3.226,0.234,9.823
img_000469.jpg,0,0,0.9935,0.0,0.0,0.0,3.014,0.517,3.219,0.221,7.195
img_000472.jpg,0,0,0.9792,0.0,0.0,0.0,4.007,1.693,3.287,0.239,9.465
img_000475.jpg,0,0,0.981,0.0,0.0,0.0,4.91,2.33,3.269,0.237,10.995
img_000478.jpg,0,0,0.9977,0.0,0.0,0.0,5.518,0.662,3.218,0.229,9.862
img_000481.jpg,0,0,0.9987,0.0,0.0,0.0,3.016,0.497,3.242,0.225,7.207
img_000484.jpg,0,0,0.9985,0.0,0.0,0.0,6.949,0.586,3.228,0.227,11.227
img_000487.jpg,0,0,0.9997,0.0,0.0,0.0,5.506,0.513,3.221,0.222,9.699
img_000490.jpg,0,0,0.9988,0.0,0.0,0.0,3.023,0.519,3.222,0.231,7.221
img_000493.jpg,0,0,0.9754,0.0,0.0,0.0,4.112,0.529,3.514,0.228,8.612
img_000496.jpg,0,1,0.8905,0.0,0.0,0.0,10.116,1.469,4.062,0.338,16.231
img_000499.jpg,0,0,0.999,0.0,0.0,0.0,6.083,3.32,6.295,0.35,16.905
img_000502.jpg,0,0,0.9988,0.0,0.0,0.0,5.521,1.591,3.479,0.227,11.063
img_000505.jpg,0,0,0.9964,0.0,0.0,0.0,5.411,2.082,7.189,0.235,15.146
img_000508.jpg,0,0,0.9964,0.0,0.0,0.0,8.566,1.473,4.982,0.245,15.496
img_000511.jpg,0,0,0.9974,0.0,0.0,0.0,6.301,2.622,4.196,0.228,13.705
img_000514.jpg,0,0,0.9894,0.0,0.0,0.0,8.109,0.54,3.246,0.226,12.352
img_000517.jpg,0,0,0.9867,0.0,0.0,0.0,7.596,0.548,3.234,0.226,11.831
img_000520.jpg,0,0,0.9736,0.0,0.0,0.0,3.088,0.566,3.232,0.248,7.354
img_000523.jpg,0,0,0.9945,0.0,0.0,0.0,3.119,0.497,3.226,0.241,7.347
img_000526.jpg,0,0,0.9971,0.0,0.0,0.0,8.994,0.777,3.761,0.224,14.069
img_000529.jpg,0,0,0.96,0.0,0.0,0.0,3.616,0.67,4.634,0.351,9.628
img_000532.jpg,0,0,0.994,0.0,0.0,0.0,3.176,0.5,3.225,0.23,7.356
img_000535.jpg,0,0,0.9776,0.0,0.0,0.0,3.175,0.51,3.525,0.226,7.658
img_000538.jpg,0,0,0.9931,0.0,0.0,0.0,6.955,0.514,3.236,0.267,11.196
img_000541.jpg,0,0,0.9958,0.0,0.0,0.0,6.441,1.039,3.562,0.227,11.583
img_000544.jpg,0,0,0.9964,0.0,0.0,0.0,6.552,0.522,3.23,0.221,10.749
img_000547.jpg,0,0,0.9981,0.0,0.0,0.0,9.131,0.726,3.783,0.222,14.192
img_000550.jpg,0,0,0.9665,0.0,0.0,0.0,3.128,0.504,3.215,0.226,7.293
img_000553.jpg,0,0,0.9977,0.0,0.0,0.0,3.202,0.528,3.278,0.227,7.468
img_000556.jpg,0,0,0.9993,0.0,0.0,0.0,6.94,0.536,3.233,0.228,11.201
img_000559.jpg,0,0,1.0,0.0,0.0,0.0,3.334,0.5,3.226,0.227,7.505
img_000562.jpg,0,0,0.9999,0.0,0.0,0.0,3.507,0.534,3.215,0.228,7.701
img_000565.jpg,0,0,1.0,0.0,0.0,0.0,4.943,4.006,3.817,0.341,13.409
img_000568.jpg,0,0,0.9999,0.0,0.0,0.0,9.312,1.553,3.989,0.352,15.5
img_000571.jpg,0,0,0.9981,0.0,0.0,0.0,3.343,0.509,3.218,0.226,7.512
img_000574.jpg,0,0,0.9995,0.0,0.0,0.0,7.315,0.516,3.23,0.226,11.506
img_000577.jpg,0,0,0.9999,0.0,0.0,0.0,7.332,0.518,3.248,0.224,11.545
img_000580.jpg,0,0,0.9998,0.0,0.0,0.0,4.31,0.555,3.215,0.285,8.593
img_000583.jpg,0,0,0.9999,0.0,0.0,0.0,3.523,0.534,3.273,0.223,7.795
img_000586.jpg,0,0,0.9997,0.0,0.0,0.0,7.083,0.55,3.273,0.225,11.369
img_000589.jpg,0,0,0.9996,0.0,0.0,0.0,3.684,0.575,3.305,0.244,8.055
img_000592.jpg,0,0,0.9996,0.0,0.0,0.0,4.841,2.422,3.51,0.411,11.554
img_000595.jpg,0,0,0.9996,0.0,0.0,0.0,3.767,0.528,3.274,0.22,8.033
img_000598.jpg,0,0,0.9999,0.0,0.0,0.0,7.131,0.54,3.243,0.229,11.391
img_000601.jpg,0,0,0.9996,0.0,0.0,0.0,3.413,2.695,3.21,0.22,9.769
img_000604.jpg,0,0,0.9994,0.0,0.0,0.0,8.549,0.831,3.244,0.227,13.098
img_000607.jpg,0,0,0.9999,0.0,0.0,0.0,7.048,0.524,3.227,0.228,11.263
img_000610.jpg,0,0,0.9996,0.0,0.0,0.0,3.316,0.551,3.235,0.223,7.561
img_000613.jpg,0,0,0.9998,0.0,0.0,0.0,3.106,0.522,3.231,0.233,7.322
img_000616.jpg,0,0,0.9998,0.0,0.0,0.0,7.01,0.526,3.281,0.226,11.271
img_000619.jpg,0,0,0.9996,0.0,0.0,0.0,3.472,0.534,3.249,0.227,7.706
img_000622.jpg,0,0,0.9991,0.0,0.0,0.0,6.662,2.273,3.624,0.278,13.192
img_000625.jpg,0,0,0.9986,0.0,0.0,0.0,4.153,2.182,3.394,0.262,10.284
img_000628.jpg,0,0,0.9986,0.0,0.0,0.0,10.643,0.749,3.583,0.223,15.511
img_000631.jpg,0,0,0.999,0.0,0.0,0.0,3.38,0.524,3.223,0.227,7.574
img_000634.jpg,0,0,0.999,0.0,0.0,0.0,8.975,0.673,3.19,0.222,13.281
img_000637.jpg,0,0,0.9983,0.0,0.0,0.0,6.156,0.516,3.247,0.221,10.362
img_000640.jpg,0,0,0.9969,0.0,0.0,0.0,3.952,1.314,3.218,0.225,8.935
img_000643.jpg,0,0,0.9986,0.0,0.0,0.0,4.561,2.694,3.745,0.34,11.641
img_000646.jpg,0,0,0.9993,0.0,0.0,0.0,5.25,0.59,3.206,0.231,9.5
img_000649.jpg,0,0,0.998,0.0,0.0,0.0,3.408,0.517,3.22,0.226,7.589
img_000652.jpg,0,0,0.9991,0.0,0.0,0.0,3.322,0.501,3.226,0.226,7.492
img_000655.jpg,0,0,0.9988,0.0,0.0,0.0,3.351,0.5,3.35,0.22,7.639
img_000658.jpg,0,0,0.9964,0.0,0.0,0.0,7.186,1.481,5.446,0.23,14.571
img_000661.jpg,0,0,0.9996,0.0,0.0,0.0,7.415,1.569,3.866,0.325,13.534
img_000664.jpg,0,0,0.9976,0.0,0.0,0.0,8.936,2.597,3.455,0.234,15.468
img_000667.jpg,0,0,0.9993,0.0,0.0,0.0,6.319,3.922,3.837,0.339,14.741
img_000670.jpg,0,0,0.9995,0.0,0.0,0.0,7.26,2.63,3.632,0.23,13.996
img_000673.jpg,0,0,0.9995,0.0,0.0,0.0,6.264,3.158,4.01,0.24,14.006
img_000676.jpg,0,0,0.9996,0.0,0.0,0.0,7.482,0.803,3.697,0.335,12.612
img_000679.jpg,0,0,0.9988,0.0,0.0,0.0,3.168,0.5,3.254,0.224,7.364
img_000682.jpg,0,0,0.999,0.0,0.0,0.0,3.25,0.528,3.25,0.233,7.488
img_000685.jpg,0,0,0.9995,0.0,0.0,0.0,3.59,0.68,4.787,0.334,9.721
img_000688.jpg,0,0,0.9995,0.0,0.0,0.0,6.676,0.515,3.224,0.222,10.907
img_000691.jpg,0,0,0.9995,0.0,0.0,0.0,3.497,0.646,4.77,0.328,9.537
img_000694.jpg,0,0,0.9993,0.0,0.0,0.0,7.326,0.511,3.237,0.228,11.53
img_000697.jpg,0,0,0.9981,0.0,0.0,0.0,6.742,0.552,3.205,0.226,10.947
img_000700.jpg,0,0,0.9984,0.0,0.0,0.0,3.122,0.491,3.241,0.221,7.293
img_000703.jpg,0,0,0.9983,0.0,0.0,0.0,3.955,0.512,3.24,0.226,8.165
img_000706.jpg,0,0,0.9995,0.0,0.0,0.0,5.839,0.517,3.229,0.224,10.072
img_000709.jpg,0,0,0.9992,0.0,0.0,0.0,3.071,0.515,3.234,0.226,7.278
img_000712.jpg,0,0,0.9985,0.0,0.0,0.0,3.869,2.507,3.551,0.231,10.483
img_000715.jpg,0,0,0.9989,0.0,0.0,0.0,3.44,2.521,3.281,0.244,9.729
img_000718.jpg,0,0,0.9986,0.0,0.0,0.0,7.04,0.544,3.247,0.225,11.292
img_000721.jpg,0,0,0.9993,0.0,0.0,0.0,3.144,0.679,3.217,0.226,7.483
img_000724.jpg,0,0,0.9981,0.0,0.0,0.0,6.79,0.594,3.263,0.254,11.139
img_000727.jpg,0,0,0.9972,0.0,0.0,0.0,5.535,0.52,3.248,0.221,9.757
img_000730.jpg,0,0,0.9981,0.0,0.0,0.0,3.478,0.513,3.228,0.221,7.667
img_000733.jpg,0,0,0.9977,0.0,0.0,0.0,4.119,0.553,3.228,0.225,8.363
img_000736.jpg,0,0,0.9988,0.0,0.0,0.0,5.618,0.56,3.213,0.224,9.845
img_000739.jpg,0,0,0.9971,0.0,0.0,0.0,3.361,0.514,3.202,0.226,7.537
img_000742.jpg,0,0,0.9971,0.0,0.0,0.0,3.359,0.512,3.252,0.232,7.585
img_000745.jpg,0,0,0.9961,0.0,0.0,0.0,3.449,0.505,3.217,0.223,7.624
img_000748.jpg,0,0,0.9932,0.0,0.0,0.0,6.134,1.546,3.09,0.223,11.226
img_000751.jpg,0,0,0.9958,0.0,0.0,0.0,4.166,2.725,5.338,0.411,12.95
img_000754.jpg,0,0,0.9884,0.0,0.0,0.0,8.68,1.989,3.728,0.225,14.876
img_000757.jpg,0,0,0.9861,0.0,0.0,0.0,7.76,1.719,3.482,0.228,13.448
img_000760.jpg,0,0,0.9866,0.0,0.0,0.0,5.097,2.695,3.364,0.262,11.674
img_000763.jpg,0,0,0.9854,0.0,0.0,0.0,4.318,2.689,3.46,0.257,10.987
img_000766.jpg,0,0,0.997,0.0,0.0,0.0,6.68,0.517,3.242,0.228,10.897
img_000769.jpg,0,0,0.999,0.0,0.0,0.0,3.121,0.554,3.223,0.225,7.351
img_000772.jpg,0,0,0.9996,0.0,0.0,0.0,3.178,0.53,3.229,0.228,7.393
img_000775.jpg,0,0,0.9889,0.0,0.0,0.0,3.964,0.54,3.22,0.226,8.182
img_000778.jpg,0,0,0.9996,0.0,0.0,0.0,4.7,0.571,3.226,0.253,8.983
img_000781.jpg,0,0,0.999,0.0,0.0,0.0,3.038,0.514,3.236,0.229,7.246
img_000784.jpg,0,0,0.9982,0.0,0.0,0.0,7.914,0.519,3.232,0.223,12.115
img_000787.jpg,0,0,0.9994,0.0,0.0,0.0,5.758,0.925,3.554,0.338,10.818
img_000790.jpg,0,0,0.9983,0.0,0.0,0.0,3.002,0.515,3.264,0.229,7.239
img_000793.jpg,0,0,0.997,0.0,0.0,0.0,3.204,0.936,3.651,0.283,8.31
img_000796.jpg,0,0,0.9956,0.0,0.0,0.0,5.291,0.928,3.67,0.238,10.364
img_000799.jpg,0,0,0.9954,0.0,0.0,0.0,5.363,3.419,8.285,0.364,17.767
img_000802.jpg,0,0,0.992,0.0,0.0,0.0,3.681,0.728,3.273,0.231,8.156
img_000805.jpg,0,0,0.9944,0.0,0.0,0.0,3.872,0.539,3.217,0.228,8.09
img_000808.jpg,0,0,0.9693,0.0,0.0,0.0,10.098,3.517,4.681,0.343,19.013
img_000811.jpg,0,0,0.9992,0.0,0.0,0.0,5.497,2.755,3.123,0.232,11.846
img_000814.jpg,0,0,0.9997,0.0,0.0,0.0,8.377,0.571,3.251,0.229,12.669
img_000817.jpg,0,0,0.9706,0.0,0.0,0.0,7.665,0.684,3.148,0.225,11.962
img_000820.jpg,0,0,0.9944,0.0,0.0,0.0,4.87,2.601,3.47,0.264,11.461
img_000823.jpg,0,0,0.9636,0.0,0.0,0.0,4.594,3.066,4.106,0.358,12.452
img_000826.jpg,0,0,1.0,0.0,0.0,0.0,6.274,0.77,3.536,0.363,11.282
img_000829.jpg,0,0,1.0,0.0,0.0,0.0,3.704,0.54,3.217,0.226,7.927
img_000832.jpg,0,0,0.9987,0.0,0.0,0.0,3.541,0.953,3.249,0.23,8.205
img_000835.jpg,0,0,0.9997,0.0,0.0,0.0,3.94,0.759,3.241,0.286,8.452
img_000838.jpg,0,0,1.0,0.0,0.0,0.0,8.579,0.732,3.853,0.22,13.703
img_000841.jpg,0,0,1.0,0.0,0.0,0.0,3.813,1.816,3.14,0.234,9.231
img_000844.jpg,0,0,0.9668,0.0,0.0,0.0,6.991,0.584,3.263,0.23,11.314
img_000847.jpg,0,0,0.9709,0.0,0.0,0.0,6.363,0.736,3.273,0.224,10.842
img_000850.jpg,0,0,1.0,0.0,0.0,0.0,3.356,0.575,3.203,0.249,7.607
img_000853.jpg,0,0,0.9986,0.0,0.0,0.0,3.661,0.523,3.204,0.22,7.822
img_000856.jpg,0,0,0.9995,0.0,0.0,0.0,5.815,0.521,3.209,0.227,9.998
img_000859.jpg,0,0,0.9999,0.0,0.0,0.0,3.088,0.496,3.211,0.228,7.243
img_000862.jpg,0,0,0.9999,0.0,0.0,0.0,3.34,0.975,3.09,0.224,7.852
img_000865.jpg,0,0,0.9999,0.0,0.0,0.0,4.973,2.188,3.246,0.228,10.882
img_000868.jpg,0,0,0.9998,0.0,0.0,0.0,6.867,2.765,3.728,0.887,14.558
img_000871.jpg,0,0,0.987,0.0,0.0,0.0,4.266,1.235,3.547,0.361,9.813
img_000874.jpg,0,0,0.9801,0.0,0.0,0.0,7.469,0.505,3.215,0.222,11.637
img_000877.jpg,0,0,0.9868,0.0,0.0,0.0,6.511,0.548,3.222,0.27,10.778
img_000880.jpg,0,0,0.986,0.0,0.0,0.0,3.397,0.536,3.231,0.225,7.608
img_000883.jpg,0,0,0.9829,0.0,0.0,0.0,4.13,0.514,3.242,0.224,8.325
img_000886.jpg,0,0,0.9814,0.0,0.0,0.0,6.52,0.842,3.258,0.231,11.082
img_000889.jpg,0,0,0.9227,0.0,0.0,0.0,3.108,0.489,3.186,0.222,7.226
img_000892.jpg,0,0,0.984,0.0,0.0,0.0,4.365,2.558,3.867,0.232,11.284
img_000895.jpg,0,0,0.9683,0.0,0.0,0.0,6.679,1.95,3.262,0.23,12.353
img_000898.jpg,0,0,0.8967,0.0,0.0,0.0,6.112,1.242,3.532,0.321,11.515
img_000901.jpg,0,0,0.8236,0.0,0.0,0.0,3.277,0.511,3.27,0.226,7.507
img_000904.jpg,0,0,0.968,0.0,0.0,0.0,7.485,0.529,3.243,0.242,11.725
img_000907.jpg,0,1,0.6627,0.0,0.0,0.0,6.398,0.509,3.222,0.221,10.577
img_000910.jpg,0,0,0.9234,0.0,0.0,0.0,3.276,0.513,3.273,0.221,7.507
img_000913.jpg,0,0,0.9989,0.0,0.0,0.0,3.228,0.503,3.255,0.224,7.427
img_000916.jpg,0,0,1.0,0.0,0.0,0.0,5.969,0.517,3.224,0.221,10.152
img_000919.jpg,0,0,1.0,0.0,0.0,0.0,3.474,0.528,3.187,0.223,7.627
img_000922.jpg,0,0,0.9999,0.0,0.0,0.0,4.958,3.777,3.859,0.229,13.073
img_000925.jpg,0,0,0.9886,0.0,0.0,0.0,9.411,3.288,3.97,0.395,17.383
img_000928.jpg,0,0,0.9882,0.0,0.0,0.0,4.751,0.833,3.299,0.223,9.341
img_000931.jpg,0,0,0.9912,0.0,0.0,0.0,4.474,1.29,3.253,0.229,9.476
img_000934.jpg,0,0,0.993,0.0,0.0,0.0,3.98,0.536,3.24,0.235,8.219
img_000937.jpg,0,0,0.9999,0.0,0.0,0.0,3.348,0.51,3.262,0.226,7.57
img_000940.jpg,0,0,0.9993,0.0,0.0,0.0,3.093,0.559,3.223,0.227,7.322
img_000943.jpg,0,0,0.913,0.0,0.0,0.0,3.333,0.503,3.217,0.223,7.495
img_000946.jpg,0,0,0.9815,0.0,0.0,0.0,6.637,0.543,3.243,0.23,10.877
img_000949.jpg,0,0,0.9998,0.0,0.0,0.0,3.409,0.512,3.291,0.225,7.665
img_000952.jpg,0,0,0.9994,0.0,0.0,0.0,3.114,0.494,3.202,0.225,7.25
img_000955.jpg,0,0,0.9994,0.0,0.0,0.0,3.136,0.565,3.21,0.222,7.354
img_000958.jpg,0,0,0.9999,0.0,0.0,0.0,6.689,0.507,3.209,0.225,10.856
img_000961.jpg,0,0,0.9996,0.0,0.0,0.0,3.876,0.56,3.23,0.227,8.149
img_000964.jpg,0,0,0.9999,0.0,0.0,0.0,7.981,0.527,3.208,0.269,12.21
img_000967.jpg,0,0,0.9995,0.0,0.0,0.0,6.756,0.623,3.266,0.228,11.102
img_000970.jpg,0,0,0.9993,0.0,0.0,0.0,4.349,1.643,4.189,0.23,10.646
img_000973.jpg,0,0,0.9971,0.0,0.0,0.0,7.444,2.287,4.14,0.231,14.459
img_000976.jpg,0,0,0.9934,0.0,0.0,0.0,7.108,3.004,3.51,0.379,14.272
img_000979.jpg,0,0,0.9802,0.0,0.0,0.0,4.739,2.327,3.298,0.247,10.875
img_000982.jpg,0,0,0.9995,0.0,0.0,0.0,3.749,0.535,3.277,0.229,8.017
img_000985.jpg,0,0,0.999,0.0,0.0,0.0,3.046,0.528,3.22,0.229,7.25
img_000988.jpg,0,0,0.9976,0.0,0.0,0.0,8.261,0.824,3.974,0.261,13.649
img_000991.jpg,0,0,0.9966,0.0,0.0,0.0,3.368,0.52,3.245,0.233,7.59
img_000994.jpg,0,0,0.9919,0.0,0.0,0.0,7.301,0.518,3.232,0.223,11.499
img_000997.jpg,0,0,0.9916,0.0,0.0,0.0,6.39,0.517,3.217,0.223,10.573
img_001000.jpg,0,0,0.9961,0.0,0.0,0.0,3.171,0.558,3.223,0.223,7.396
img_001003.jpg,0,0,0.9914,0.0,0.0,0.0,4.465,0.7,4.003,0.332,9.818
img_001006.jpg,0,0,0.9945,0.0,0.0,0.0,6.539,0.513,3.239,0.263,10.78
img_001009.jpg,0,0,0.9963,0.0,0.0,0.0,3.186,0.522,3.283,0.224,7.435
img_001012.jpg,0,0,0.988,0.0,0.0,0.0,3.326,0.514,3.246,0.226,7.532
img_001015.jpg,0,0,0.9926,0.0,0.0,0.0,4.365,3.106,3.609,0.421,11.809
img_001018.jpg,0,0,0.9926,0.0,0.0,0.0,8.81,3.144,4.189,0.33,17.394
img_001021.jpg,0,0,0.8883,0.0,0.0,0.0,5.13,2.148,3.241,0.237,10.987
img_001024.jpg,0,0,0.9267,0.0,0.0,0.0,9.147,3.046,4.345,0.371,17.222
img_001027.jpg,0,0,0.9858,0.0,0.0,0.0,6.123,1.29,3.237,0.227,11.099
img_001030.jpg,0,0,0.9648,0.0,0.0,0.0,3.278,0.513,3.414,0.225,7.653
img_001033.jpg,0,0,0.9782,0.0,0.0,0.0,5.705,1.009,3.878,0.226,11.131
img_001036.jpg,0,0,0.9942,0.0,0.0,0.0,5.29,0.537,3.218,0.227,9.497
img_001039.jpg,0,0,0.9012,0.0,0.0,0.0,3.416,0.554,3.227,0.254,7.673
img_001042.jpg,0,0,0.8025,0.0,0.0,0.0,3.347,0.527,3.257,0.23,7.584
img_001045.jpg,0,0,0.7251,0.0,0.0,0.0,7.731,0.517,3.514,0.227,12.217
img_001048.jpg,0,1,0.5438,0.0,0.0,0.0,3.361,0.543,3.239,0.269,7.635
img_001051.jpg,0,0,0.9691,0.0,0.0,0.0,3.457,0.537,3.268,0.224,7.711
img_001054.jpg,0,0,0.9932,0.0,0.0,0.0,3.093,0.51,3.234,0.226,7.28
img_001057.jpg,0,0,0.9994,0.0,0.0,0.0,3.252,0.516,3.326,0.228,7.545
img_001060.jpg,0,0,1.0,0.0,0.0,0.0,5.3,2.734,5.04,0.396,13.857
img_001063.jpg,0,0,0.9965,0.0,0.0,0.0,3.3,1.353,3.235,0.237,8.354
img_001066.jpg,0,0,0.8459,0.0,0.0,0.0,7.474,0.532,3.208,0.228,11.662
img_001069.jpg,0,0,0.9673,0.0,0.0,0.0,3.452,0.53,3.282,0.225,7.708
img_001072.jpg,0,0,0.9887,0.0,0.0,0.0,3.378,0.515,3.211,0.225,7.543
img_001075.jpg,0,0,1.0,0.0,0.0,0.0,3.309,0.513,3.224,0.234,7.524
img_001078.jpg,0,0,0.999,0.0,0.0,0.0,7.654,0.533,3.217,0.223,11.846
img_001081.jpg,0,0,0.9827,0.0,0.0,0.0,3.325,0.554,3.215,0.258,7.568
img_001084.jpg,0,0,0.9073,0.0,0.0,0.0,7.189,0.55,3.247,0.229,11.446
img_001087.jpg,0,0,0.9838,0.0,0.0,0.0,5.77,0.511,3.215,0.222,9.943
img_001090.jpg,0,0,0.9977,0.0,0.0,0.0,3.96,0.891,3.923,0.418,9.488
img_001093.jpg,0,0,0.9842,0.0,0.0,0.0,5.033,0.707,3.986,0.259,10.339
img_001096.jpg,0,0,0.9993,0.0,0.0,0.0,6.32,0.537,3.218,0.224,10.525
img_001099.jpg,0,0,0.9996,0.0,0.0,0.0,3.494,0.521,3.209,0.226,7.672
img_001102.jpg,0,0,0.9998,0.0,0.0,0.0,3.666,0.526,3.466,0.225,8.101
img_001105.jpg,0,0,0.9999,0.0,0.0,0.0,3.601,0.511,3.206,0.223,7.756
img_001108.jpg,0,0,0.9999,0.0,0.0,0.0,6.119,0.528,3.231,0.221,10.321
img_001111.jpg,0,0,0.9984,0.0,0.0,0.0,3.387,0.512,3.238,0.223,7.58
img_001114.jpg,0,0,0.9999,0.0,0.0,0.0,7.04,0.518,3.239,0.225,11.294
img_001117.jpg,0,0,0.9999,0.0,0.0,0.0,4.606,0.525,3.232,0.23,8.817
img_001120.jpg,0,0,0.9999,0.0,0.0,0.0,3.357,0.504,3.245,0.223,7.546
img_001123.jpg,0,0,0.9999,0.0,0.0,0.0,3.649,0.518,3.281,0.241,7.911
img_001126.jpg,0,0,0.9999,0.0,0.0,0.0,5.482,2.608,3.845,0.222,12.398
img_001129.jpg,0,0,0.9999,0.0,0.0,0.0,4.415,0.879,4.007,0.338,10.01
img_001132.jpg,0,0,0.9998,0.0,0.0,0.0,4.281,1.411,3.275,0.304,9.509
img_001135.jpg,0,0,0.9998,0.0,0.0,0.0,8.174,0.559,3.236,0.226,12.435
img_001138.jpg,0,0,0.9999,0.0,0.0,0.0,3.995,0.616,3.261,0.256,8.362
img_001141.jpg,0,0,0.9999,0.0,0.0,0.0,3.73,0.566,3.275,0.226,8.04
img_001144.jpg,0,0,0.9997,0.0,0.0,0.0,3.464,2.583,3.592,0.428,10.373
img_001147.jpg,0,0,0.9994,0.0,0.0,0.0,3.693,0.6,3.255,0.235,8.021
img_001150.jpg,0,0,0.9996,0.0,0.0,0.0,3.634,0.56,3.247,0.227,7.905
img_001153.jpg,0,0,0.9667,0.0,0.0,0.0,3.317,0.537,3.23,0.229,7.571
img_001156.jpg,0,0,0.9984,0.0,0.0,0.0,6.769,0.539,3.252,0.235,11.036
img_001159.jpg,0,0,0.9994,0.0,0.0,0.0,3.312,0.589,3.245,0.26,7.643
img_001162.jpg,0,0,0.8314,0.0,0.0,0.0,3.719,0.904,3.435,0.226,8.52
img_001165.jpg,0,0,0.7609,0.0,0.0,0.0,3.39,0.541,3.291,0.236,7.698
img_001168.jpg,0,0,0.9854,0.0,0.0,0.0,6.726,0.548,3.266,0.228,11.006
img_001171.jpg,0,0,0.9998,0.0,0.0,0.0,3.532,2.659,3.308,0.247,10.005
img_001174.jpg,0,0,0.9971,0.0,0.0,0.0,8.431,2.586,3.215,0.234,14.695
img_001177.jpg,0,0,0.7144,0.0,0.0,0.0,6.723,0.534,3.236,0.224,10.962
img_001180.jpg,0,0,0.9338,0.0,0.0,0.0,3.345,0.58,3.233,0.229,7.627
img_001183.jpg,0,0,0.987,0.0,0.0,0.0,3.279,0.581,3.232,0.255,7.584
img_001186.jpg,0,0,0.994,0.0,0.0,0.0,6.832,0.537,3.234,0.224,11.063
img_001189.jpg,0,0,0.9865,0.0,0.0,0.0,4.8,2.568,3.946,0.512,12.164
img_001192.jpg,0,0,0.9905,0.0,0.0,0.0,3.675,0.538,3.51,0.229,8.185
img_001195.jpg,0,0,0.9887,0.0,0.0,0.0,3.285,0.572,3.238,0.229,7.557
img_001198.jpg,0,1,0.8188,0.0,0.0,0.0,7.101,0.542,3.259,0.226,11.362
img_001201.jpg,0,0,0.9928,0.0,0.0,0.0,3.314,0.547,3.24,0.227,7.564
img_001204.jpg,0,0,0.9986,0.0,0.0,0.0,8.476,0.804,3.212,0.268,12.988
img_001207.jpg,0,0,0.9973,0.0,0.0,0.0,8.909,2.993,3.478,0.227,15.848
img_001210.jpg,0,0,0.9936,0.0,0.0,0.0,5.437,2.915,5.631,0.353,14.808
img_001213.jpg,0,0,0.9989,0.0,0.0,0.0,4.798,1.026,3.558,0.316,9.996
img_001216.jpg,0,0,0.9655,0.0,0.0,0.0,8.366,1.787,3.57,0.37,14.344
img_001219.jpg,0,0,0.9863,0.0,0.0,0.0,5.134,3.06,4.102,0.403,13.039
img_001222.jpg,0,0,0.6952,0.0,0.0,0.0,4.32,0.546,3.246,0.232,8.58
img_001225.jpg,0,0,0.9829,0.0,0.0,0.0,3.439,0.529,3.296,0.231,7.724
img_001228.jpg,0,0,0.9511,0.0,0.0,0.0,7.032,0.539,3.262,0.227,11.3
img_001231.jpg,0,0,0.9969,0.0,0.0,0.0,3.758,0.561,3.484,0.228,8.263
img_001234.jpg,0,0,0.9366,0.0,0.0,0.0,3.365,0.535,3.277,0.226,7.63
img_001237.jpg,0,0,0.9823,0.0,0.0,0.0,6.948,0.536,3.229,0.237,11.184
img_001240.jpg,0,0,0.9996,0.0,0.0,0.0,5.696,2.77,5.985,0.357,15.315
img_001243.jpg,0,0,0.9982,0.0,0.0,0.0,4.627,2.568,3.578,0.364,11.648
img_001246.jpg,0,0,0.9929,0.0,0.0,0.0,3.644,0.565,3.242,0.239,7.928
img_001249.jpg,0,0,0.9988,0.0,0.0,0.0,7.001,0.553,3.218,0.228,11.239
img_001252.jpg,0,0,0.9696,0.0,0.0,0.0,3.359,0.548,3.267,0.231,7.642
img_001255.jpg,0,0,0.9981,0.0,0.0,0.0,7.253,0.559,3.202,0.226,11.47
img_001258.jpg,0,0,0.9912,0.0,0.0,0.0,5.477,0.541,3.271,0.228,9.752
img_001261.jpg,0,0,0.9978,0.0,0.0,0.0,3.317,0.567,3.247,0.294,7.691
img_001264.jpg,0,0,0.9963,0.0,0.0,0.0,3.315,1.35,3.232,0.231,8.356
img_001267.jpg,0,0,0.9959,0.0,0.0,0.0,4.918,0.51,3.248,0.227,9.133
img_001270.jpg,0,0,0.9851,0.0,0.0,0.0,3.063,0.547,3.237,0.226,7.308
img_001273.jpg,0,0,0.9966,0.0,0.0,0.0,3.183,0.519,3.215,0.237,7.377
img_001276.jpg,0,0,0.9991,0.0,0.0,0.0,3.041,0.747,3.242,0.227,7.488
img_001279.jpg,0,0,0.9733,0.0,0.0,0.0,4.66,0.517,3.204,0.229,8.84
img_001282.jpg,0,0,0.9321,0.0,0.0,0.0,4.526,2.727,3.603,0.343,11.517
img_001285.jpg,0,0,0.9851,0.0,0.0,0.0,6.927,0.526,3.207,0.226,11.115
img_001288.jpg,0,0,0.9689,0.0,0.0,0.0,4.677,0.886,3.259,0.23,9.28
img_001291.jpg,0,0,0.7756,0.0,0.0,0.0,3.007,0.511,3.256,0.229,7.231
img_001294.jpg,0,0,0.5526,0.0,0.0,0.0,3.293,0.561,3.256,0.23,7.573
img_001297.jpg,0,1,0.7981,0.0,0.0,0.0,4.903,0.652,3.553,0.467,9.932
img_001300.jpg,0,1,0.9245,0.0,0.0,0.0,3.043,0.549,3.26,0.227,7.305
img_001303.jpg,0,0,0.9884,0.0,0.0,0.0,3.085,0.51,3.238,0.262,7.327
img_001306.jpg,0,0,0.9989,0.0,0.0,0.0,6.918,0.569,3.211,0.251,11.178
img_001309.jpg,0,0,0.9994,0.0,0.0,0.0,2.996,0.51,3.249,0.229,7.211
img_001312.jpg,0,0,0.9799,0.0,0.0,0.0,4.441,3.15,3.515,0.43,11.836
img_001315.jpg,0,0,0.9535,0.0,0.0,0.0,3.93,1.44,3.237,0.231,9.07
img_001318.jpg,0,0,0.9678,0.0,0.0,0.0,4.245,2.55,3.249,0.231,10.51
img_001321.jpg,0,0,0.9936,0.0,0.0,0.0,3.128,0.509,3.226,0.229,7.319
img_001324.jpg,0,0,0.9956,0.0,0.0,0.0,4.004,0.677,3.26,0.226,8.396
img_001327.jpg,0,0,0.9871,0.0,0.0,0.0,4.703,0.517,3.225,0.229,8.911
img_001330.jpg,0,0,0.9984,0.0,0.0,0.0,4.221,0.661,3.621,0.424,9.233
img_001333.jpg,0,0,0.9983,0.0,0.0,0.0,3.6,0.516,3.222,0.225,7.794
img_001336.jpg,0,0,0.9987,0.0,0.0,0.0,3.14,0.518,3.212,0.226,7.323
img_001339.jpg,0,0,0.9986,0.0,0.0,0.0,5.873,0.538,3.08,0.227,9.953
img_001342.jpg,0,0,0.9986,0.0,0.0,0.0,5.783,2.798,3.475,0.229,12.536
img_001345.jpg,0,0,0.998,0.0,0.0,0.0,8.464,1.293,3.315,0.287,13.61
img_001348.jpg,0,0,0.9972,0.0,0.0,0.0,5.063,0.732,3.239,0.227,9.492
img_001351.jpg,0,0,0.9981,0.0,0.0,0.0,3.381,0.525,3.214,0.228,7.582
img_001354.jpg,0,0,0.9947,0.0,0.0,0.0,4.658,3.175,4.214,0.36,12.716
img_001357.jpg,0,0,0.9946,0.0,0.0,0.0,5.51,0.515,3.228,0.225,9.703
img_001360.jpg,0,0,0.9991,0.0,0.0,0.0,3.137,1.081,3.212,0.257,7.909
img_001363.jpg,0,0,0.9963,0.0,0.0,0.0,3.145,0.489,3.266,0.227,7.348
img_001366.jpg,0,0,0.9993,0.0,0.0,0.0,3.328,0.546,3.216,0.226,7.54
img_001369.jpg,0,0,0.9997,0.0,0.0,0.0,5.656,0.854,3.194,0.229,10.161
img_001372.jpg,0,0,0.9994,0.0,0.0,0.0,5.403,1.448,4.87,0.225,12.174
img_001375.jpg,0,0,0.9987,0.0,0.0,0.0,12.542,2.57,6.246,0.347,22.006
img_001378.jpg,0,0,0.9994,0.0,0.0,0.0,6.365,2.53,3.099,0.229,12.465
img_001381.jpg,0,0,0.9998,0.0,0.0,0.0,4.197,2.694,4.018,0.363,11.666
img_001384.jpg,0,0,0.9998,0.0,0.0,0.0,4.385,2.799,3.788,0.246,11.48
img_001387.jpg,0,0,0.9993,0.0,0.0,0.0,5.011,0.561,3.243,0.263,9.321
img_001390.jpg,0,0,0.997,0.0,0.0,0.0,3.386,1.222,3.49,0.224,8.551
img_001393.jpg,0,0,0.9999,0.0,0.0,0.0,3.383,0.561,3.284,0.225,7.689
img_001396.jpg,0,0,0.9997,0.0,0.0,0.0,2.993,0.599,3.228,0.261,7.312
img_001399.jpg,0,0,0.9989,0.0,0.0,0.0,5.118,0.552,3.235,0.228,9.367
img_001402.jpg,0,0,0.9997,0.0,0.0,0.0,3.051,1.202,3.484,0.223,8.194
img_001405.jpg,0,0,0.9998,0.0,0.0,0.0,8.62,0.551,3.272,0.223,12.906
img_001408.jpg,0,0,0.9987,0.0,0.0,0.0,4.649,0.542,3.251,0.229,8.908
img_001411.jpg,0,0,0.995,0.0,0.0,0.0,3.435,0.578,3.549,0.231,8.035
img_001414.jpg,0,0,0.9991,0.0,0.0,0.0,3.415,0.568,3.306,0.241,7.764
img_001417.jpg,0,0,0.9978,0.0,0.0,0.0,5.536,1.538,3.132,0.237,10.68
img_001420.jpg,0,0,0.9972,0.0,0.0,0.0,6.665,0.717,3.92,0.336,11.951
img_001423.jpg,0,0,0.9936,0.0,0.0,0.0,3.624,1.671,3.332,0.248,9.14
img_001426.jpg,0,0,0.9993,0.0,0.0,0.0,3.371,0.585,3.241,0.25,7.679
img_001429.jpg,0,0,0.9986,0.0,0.0,0.0,4.687,0.547,3.287,0.237,8.989
img_001432.jpg,0,0,0.9974,0.0,0.0,0.0,3.086,0.54,3.485,0.224,7.562
img_001435.jpg,0,0,0.9969,0.0,0.0,0.0,6.223,0.544,3.245,0.237,10.477
img_001438.jpg,0,0,0.9974,0.0,0.0,0.0,4.647,0.53,3.256,0.23,8.893
img_001441.jpg,0,0,0.9992,0.0,0.0,0.0,5.961,1.242,3.235,0.231,10.901
img_001444.jpg,0,0,0.9998,0.0,0.0,0.0,3.104,0.551,3.238,0.262,7.375
img_001447.jpg,0,0,0.9942,0.0,0.0,0.0,5.514,0.523,3.26,0.226,9.746
img_001450.jpg,0,0,0.9947,0.0,0.0,0.0,8.123,1.927,3.926,0.323,14.54
img_001453.jpg,0,0,0.9947,0.0,0.0,0.0,5.215,0.832,3.234,0.229,9.737
img_001456.jpg,0,0,0.9988,0.0,0.0,0.0,5.63,0.719,3.729,0.224,10.624
img_001459.jpg,0,0,0.9953,0.0,0.0,0.0,5.427,0.524,3.225,0.224,9.622
img_001462.jpg,0,0,0.9972,0.0,0.0,0.0,3.539,0.673,4.772,0.371,9.649
img_001465.jpg,0,0,0.9972,0.0,0.0,0.0,7.519,0.522,3.216,0.223,11.705
img_001468.jpg,0,0,0.9996,0.0,0.0,0.0,6.964,1.373,3.74,0.336,12.712
img_001471.jpg,0,0,0.9985,0.0,0.0,0.0,3.071,0.497,3.282,0.241,7.31
img_001474.jpg,0,0,0.9876,0.0,0.0,0.0,3.457,0.582,3.22,0.326,7.812
img_001477.jpg,0,0,0.9989,0.0,0.0,0.0,6.077,0.807,3.116,0.225,10.451
img_001480.jpg,0,0,0.9979,0.0,0.0,0.0,3.145,0.514,3.248,0.22,7.353
img_001483.jpg,0,0,0.9998,0.0,0.0,0.0,3.16,0.732,3.225,0.227,7.571
img_001486.jpg,0,0,0.9985,0.0,0.0,0.0,3.638,0.649,4.726,0.324,9.641
img_001489.jpg,0,0,0.9992,0.0,0.0,0.0,7.444,0.801,3.993,0.364,12.922
img_001492.jpg,0,0,0.9989,0.0,0.0,0.0,3.499,0.67,4.71,0.335,9.514
img_001495.jpg,0,0,0.9995,0.0,0.0,0.0,9.619,3.644,4.274,0.351,18.202
img_001498.jpg,0,0,0.9994,0.0,0.0,0.0,5.856,1.277,3.273,0.226,10.858
img_001501.jpg,0,0,0.96,0.0,0.0,0.0,3.17,0.543,3.275,0.23,7.447
img_001504.jpg,0,0,0.9269,0.0,0.0,0.0,3.314,0.564,3.263,0.225,7.637
img_001507.jpg,0,0,0.9309,0.0,0.0,0.0,5.467,0.526,3.23,0.23,9.677
img_001510.jpg,0,0,0.9818,0.0,0.0,0.0,3.117,2.418,3.4,0.222,9.453
img_001513.jpg,0,0,0.9929,0.0,0.0,0.0,5.803,0.758,3.693,0.22,10.785
img_001516.jpg,0,0,0.9115,0.0,0.0,0.0,3.871,0.538,3.164,0.279,8.07
img_001519.jpg,0,0,0.9085,0.0,0.0,0.0,5.93,1.061,3.976,0.323,11.669
img_001522.jpg,0,0,0.9662,0.0,0.0,0.0,3.124,0.51,3.226,0.229,7.31
img_001525.jpg,0,0,0.9937,0.0,0.0,0.0,8.881,2.881,3.529,0.361,16.15
img_001528.jpg,0,0,0.8179,0.0,0.0,0.0,5.526,0.568,3.223,0.226,9.773
img_001531.jpg,0,0,0.9979,0.0,0.0,0.0,3.075,0.51,3.209,0.228,7.247
img_001534.jpg,0,0,0.9891,0.0,0.0,0.0,4.103,0.669,3.655,0.433,9.173
img_001537.jpg,0,0,0.9987,0.0,0.0,0.0,4.631,0.519,3.24,0.228,8.855
img_001540.jpg,0,0,0.9863,0.0,0.0,0.0,3.055,0.513,3.243,0.223,7.265
img_001543.jpg,0,0,0.5311,0.0,0.0,0.0,3.053,0.682,3.243,0.233,7.45
img_001546.jpg,0,0,0.9968,0.0,0.0,0.0,3.366,0.511,3.239,0.226,7.575
img_001549.jpg,0,0,0.9994,0.0,0.0,0.0,5.35,0.558,3.211,0.229,9.582
img_001552.jpg,0,1,0.6088,0.0,0.0,0.0,3.699,1.283,3.738,0.28,9.252
img_001555.jpg,0,0,0.992,0.0,0.0,0.0,9.762,1.417,3.219,0.226,14.854
img_001558.jpg,0,0,0.9932,0.0,0.0,0.0,5.891,0.742,3.963,0.393,11.327
img_001561.jpg,0,0,0.9637,0.0,0.0,0.0,4.972,2.648,3.64,0.226,11.745
img_001564.jpg,0,0,0.9994,0.0,0.0,0.0,4.733,0.542,3.978,0.225,9.706
img_001567.jpg,0,0,0.9966,0.0,0.0,0.0,5.626,0.529,3.208,0.224,9.819
img_001570.jpg,0,0,0.9997,0.0,0.0,0.0,3.222,0.521,3.246,0.229,7.447
img_001573.jpg,0,0,0.9959,0.0,0.0,0.0,3.255,0.911,3.212,0.227,7.837
img_001576.jpg,0,0,0.9987,0.0,0.0,0.0,7.153,0.54,3.235,0.229,11.391
img_001579.jpg,0,0,0.9962,0.0,0.0,0.0,3.38,0.532,3.259,0.23,7.633
img_001582.jpg,0,0,0.9999,0.0,0.0,0.0,3.041,0.537,3.229,0.229,7.264
img_001585.jpg,0,0,0.9998,0.0,0.0,0.0,3.02,0.521,3.24,0.228,7.239
img_001588.jpg,0,0,0.9998,0.0,0.0,0.0,3.037,0.591,3.209,0.256,7.318
img_001591.jpg,0,0,0.9991,0.0,0.0,0.0,3.111,1.181,3.524,0.231,8.286
img_001594.jpg,0,0,0.9998,0.0,0.0,0.0,3.095,0.612,3.292,0.24,7.476
img_001597.jpg,0,0,0.9994,0.0,0.0,0.0,5.306,0.61,3.607,0.365,10.145
img_001600.jpg,0,0,0.9982,0.0,0.0,0.0,3.078,0.516,3.227,0.269,7.32
img_001603.jpg,0,0,0.9948,0.0,0.0,0.0,3.111,0.57,3.306,0.235,7.457
img_001606.jpg,0,0,0.7953,0.0,0.0,0.0,3.993,2.515,3.3,0.234,10.315
img_001609.jpg,0,0,0.994,0.0,0.0,0.0,4.666,0.522,3.214,0.232,8.864
img_001612.jpg,0,0,0.9942,0.0,0.0,0.0,3.062,0.555,3.28,0.228,7.358
img_001615.jpg,0,0,0.9985,0.0,0.0,0.0,6.938,0.514,3.256,0.228,11.171
img_001618.jpg,0,0,0.9975,0.0,0.0,0.0,4.616,0.578,3.219,0.225,8.867
img_001621.jpg,0,0,0.9994,0.0,0.0,0.0,7.11,1.432,3.797,0.377,12.989
img_001624.jpg,0,0,0.9951,0.0,0.0,0.0,3.463,0.643,4.67,0.333,9.405
img_001627.jpg,0,0,0.9902,0.0,0.0,0.0,5.27,0.702,3.245,0.231,9.67
img_001630.jpg,0,0,0.9767,0.0,0.0,0.0,3.206,0.51,3.23,0.225,7.388
img_001633.jpg,0,0,0.9924,0.0,0.0,0.0,3.328,0.891,3.213,0.227,7.877
img_001636.jpg,0,0,0.9736,0.0,0.0,0.0,3.187,0.683,3.22,0.226,7.537
img_001639.jpg,0,0,0.9454,0.0,0.0,0.0,7.127,0.828,3.917,0.327,12.523
img_001642.jpg,0,0,0.9325,0.0,0.0,0.0,3.86,0.533,3.206,0.27,8.094
img_001645.jpg,0,0,0.9955,0.0,0.0,0.0,9.146,0.533,3.454,0.228,13.592
img_001648.jpg,0,0,0.9286,0.0,0.0,0.0,4.635,0.515,3.214,0.227,8.823
img_001651.jpg,0,0,0.9996,0.0,0.0,0.0,3.018,0.502,3.225,0.229,7.2
img_001654.jpg,0,0,0.999,0.0,0.0,0.0,5.716,0.739,3.757,0.232,10.774
img_001657.jpg,0,0,0.9749,0.0,0.0,0.0,4.644,0.542,3.208,0.227,8.857
img_001660.jpg,0,0,0.9761,0.0,0.0,0.0,2.986,0.549,3.255,0.228,7.249
img_001663.jpg,0,0,0.7712,0.0,0.0,0.0,3.128,0.534,3.26,0.227,7.379
img_001666.jpg,0,0,0.829,0.0,0.0,0.0,3.043,0.536,3.224,0.23,7.263
img_001669.jpg,0,0,0.9396,0.0,0.0,0.0,4.381,0.559,3.229,0.232,8.641
img_001672.jpg,0,0,0.9903,0.0,0.0,0.0,3.043,0.516,3.259,0.227,7.275
img_001675.jpg,0,0,0.9855,0.0,0.0,0.0,7.237,0.951,3.269,0.24,11.944
img_001678.jpg,0,0,0.7822,0.0,0.0,0.0,4.679,0.56,3.254,0.238,8.965
img_001681.jpg,0,0,0.957,0.0,0.0,0.0,3.003,0.522,3.239,0.229,7.222
img_001684.jpg,0,0,0.9371,0.0,0.0,0.0,3.295,0.518,3.374,0.227,7.646
img_001687.jpg,0,1,0.509,0.0,0.0,0.0,4.718,0.738,3.231,0.232,9.16
img_001690.jpg,0,0,0.5702,0.0,0.0,0.0,3.008,0.568,3.47,0.225,7.498
img_001693.jpg,0,0,0.9999,0.0,0.0,0.0,3.418,0.515,3.239,0.228,7.631
img_001696.jpg,0,0,1.0,0.0,0.0,0.0,3.077,0.534,3.271,0.235,7.351
img_001699.jpg,0,0,1.0,0.0,0.0,0.0,5.141,0.57,3.233,0.23,9.413
img_001702.jpg,0,0,1.0,0.0,0.0,0.0,2.981,0.588,3.226,0.223,7.244
img_001705.jpg,0,0,1.0,0.0,0.0,0.0,6.037,0.543,3.225,0.227,10.265
img_001708.jpg,0,0,1.0,0.0,0.0,0.0,5.087,2.695,6.703,0.288,15.225
img_001711.jpg,0,0,1.0,0.0,0.0,0.0,5.038,0.749,3.422,0.317,9.839
img_001714.jpg,0,0,1.0,0.0,0.0,0.0,3.352,0.529,3.224,0.223,7.561
img_001717.jpg,0,0,1.0,0.0,0.0,0.0,7.042,2.819,3.798,0.329,14.326
img_001720.jpg,0,0,1.0,0.0,0.0,0.0,3.942,0.925,3.145,0.231,8.482
img_001723.jpg,0,0,1.0,0.0,0.0,0.0,4.659,2.232,3.532,0.334,11.079
img_001726.jpg,0,0,1.0,0.0,0.0,0.0,3.994,2.569,3.582,0.322,10.797
img_001729.jpg,0,0,1.0,0.0,0.0,0.0,5.425,4.381,3.714,0.353,14.209
img_001732.jpg,0,0,1.0,0.0,0.0,0.0,4.117,1.356,3.239,0.233,9.183
img_001735.jpg,0,0,0.9999,0.0,0.0,0.0,8.76,1.596,3.292,0.239,14.135
img_001738.jpg,0,0,0.9999,0.0,0.0,0.0,5.838,0.678,3.684,0.425,10.929
img_001741.jpg,0,0,1.0,0.0,0.0,0.0,3.078,0.51,3.223,0.224,7.27
img_001744.jpg,0,0,0.9997,0.0,0.0,0.0,3.738,0.562,3.258,0.233,8.03
img_001747.jpg,0,0,0.9998,0.0,0.0,0.0,4.783,0.615,3.218,0.25,9.097
img_001750.jpg,0,0,0.9992,0.0,0.0,0.0,8.941,1.773,3.272,0.236,14.464
img_001753.jpg,0,0,0.9997,0.0,0.0,0.0,3.373,0.517,3.22,0.228,7.565
img_001756.jpg,0,0,0.999,0.0,0.0,0.0,3.076,0.769,3.232,0.226,7.527
img_001759.jpg,0,0,0.9971,0.0,0.0,0.0,4.485,0.787,3.262,0.226,8.999
img_001762.jpg,0,0,0.9988,0.0,0.0,0.0,3.051,0.524,3.213,0.23,7.246
img_001765.jpg,0,0,0.9998,0.0,0.0,0.0,6.915,0.531,3.237,0.225,11.143
img_001768.jpg,0,0,0.9996,0.0,0.0,0.0,4.608,0.577,3.232,0.228,8.871
img_001771.jpg,0,0,0.9998,0.0,0.0,0.0,3.045,0.765,3.229,0.274,7.547
img_001774.jpg,0,0,0.9998,0.0,0.0,0.0,3.14,0.574,3.304,0.236,7.489
img_001777.jpg,0,0,1.0,0.0,0.0,0.0,4.507,0.614,3.263,0.233,8.855
img_001780.jpg,0,0,1.0,0.0,0.0,0.0,3.061,0.545,3.233,0.224,7.292
img_001783.jpg,0,0,1.0,0.0,0.0,0.0,2.999,0.566,3.23,0.23,7.271
img_001786.jpg,0,0,1.0,0.0,0.0,0.0,4.97,0.539,3.228,0.224,9.19
img_001789.jpg,0,0,1.0,0.0,0.0,0.0,2.954,0.573,3.17,0.21,7.121
img_001792.jpg,0,0,1.0,0.0,0.0,0.0,2.993,0.505,3.224,0.224,7.166
img_001795.jpg,0,0,1.0,0.0,0.0,0.0,3.224,0.851,3.245,0.238,7.792
img_001798.jpg,0,0,1.0,0.0,0.0,0.0,4.166,2.042,3.233,0.227,9.909
img_001801.jpg,0,0,1.0,0.0,0.0,0.0,3.255,1.008,3.227,0.233,7.957
img_001804.jpg,0,0,1.0,0.0,0.0,0.0,3.098,0.527,3.218,0.227,7.297
img_001807.jpg,0,0,1.0,0.0,0.0,0.0,3.037,0.559,3.161,0.21,7.193
img_001810.jpg,0,0,1.0,0.0,0.0,0.0,4.635,0.56,3.112,0.255,8.785
img_001813.jpg,0,0,1.0,0.0,0.0,0.0,4.124,0.515,3.231,0.265,8.356
img_001816.jpg,0,0,1.0,0.0,0.0,0.0,5.65,2.247,4.124,0.333,12.689
img_001819.jpg,0,0,1.0,0.0,0.0,0.0,4.787,2.888,3.095,0.227,11.229
img_001822.jpg,0,0,1.0,0.0,0.0,0.0,3.39,0.495,3.201,0.224,7.534
img_001825.jpg,0,0,1.0,0.0,0.0,0.0,4.277,0.542,3.21,0.228,8.482
img_001828.jpg,0,0,1.0,0.0,0.0,0.0,4.023,0.507,3.161,0.226,8.147
img_001831.jpg,0,0,1.0,0.0,0.0,0.0,3.986,0.54,3.235,0.229,8.249
img_001834.jpg,0,0,1.0,0.0,0.0,0.0,3.925,0.588,3.236,0.255,8.236
img_001837.jpg,0,0,1.0,0.0,0.0,0.0,4.996,2.769,3.094,0.225,11.314
img_001840.jpg,0,0,1.0,0.0,0.0,0.0,3.977,0.558,3.227,0.231,8.228
img_001843.jpg,0,0,1.0,0.0,0.0,0.0,3.894,1.637,3.185,0.219,9.161
img_001846.jpg,0,0,1.0,0.0,0.0,0.0,6.104,2.99,4.976,0.401,15.119
img_001849.jpg,0,0,1.0,0.0,0.0,0.0,4.35,1.315,3.228,0.227,9.351
img_001852.jpg,0,0,1.0,0.0,0.0,0.0,5.45,1.339,3.258,0.231,10.516
img_001855.jpg,0,0,1.0,0.0,0.0,0.0,4.874,2.821,7.557,0.495,16.692
img_001858.jpg,0,0,1.0,0.0,0.0,0.0,4.211,0.559,3.255,0.229,8.496
img_001861.jpg,0,0,1.0,0.0,0.0,0.0,4.004,0.834,3.208,0.209,8.485
img_001864.jpg,0,0,1.0,0.0,0.0,0.0,5.099,2.051,3.379,0.271,11.047
img_001867.jpg,0,0,1.0,0.0,0.0,0.0,4.474,0.534,3.215,0.23,8.685
img_001870.jpg,0,0,1.0,0.0,0.0,0.0,3.032,0.531,3.146,0.211,7.143
img_001873.jpg,0,0,1.0,0.0,0.0,0.0,5.36,3.309,4.26,0.381,13.783
img_001876.jpg,0,0,1.0,0.0,0.0,0.0,3.336,0.502,3.232,0.222,7.516
img_001879.jpg,0,0,1.0,0.0,0.0,0.0,2.982,0.515,3.224,0.228,7.202
img_001882.jpg,0,0,1.0,0.0,0.0,0.0,3.352,0.525,3.222,0.224,7.551
img_001885.jpg,0,0,1.0,0.0,0.0,0.0,3.07,0.597,3.273,0.226,7.399
img_001888.jpg,0,0,1.0,0.0,0.0,0.0,2.969,0.644,3.235,0.263,7.346
img_001891.jpg,0,0,1.0,0.0,0.0,0.0,2.99,0.627,3.191,0.226,7.287
img_001894.jpg,0,0,1.0,0.0,0.0,0.0,3.615,0.599,3.286,0.232,7.966
img_001897.jpg,0,0,1.0,0.0,0.0,0.0,3.026,0.54,3.256,0.263,7.314
img_001900.jpg,0,0,1.0,0.0,0.0,0.0,3.146,0.528,3.23,0.229,7.36
img_001903.jpg,0,0,1.0,0.0,0.0,0.0,3.271,0.549,3.202,0.226,7.474
img_001906.jpg,0,0,1.0,0.0,0.0,0.0,2.909,0.563,3.175,0.211,7.076
img_001909.jpg,0,0,1.0,0.0,0.0,0.0,3.613,0.551,3.244,0.234,8.046
img_001912.jpg,0,0,1.0,0.0,0.0,0.0,4.424,0.748,5.508,0.239,11.153
img_001915.jpg,0,0,1.0,0.0,0.0,0.0,3.005,0.515,3.214,0.227,7.192
img_001918.jpg,0,0,1.0,0.0,0.0,0.0,3.08,0.831,3.215,0.228,7.579
img_001921.jpg,0,0,1.0,0.0,0.0,0.0,4.208,1.822,3.146,0.238,9.662
img_001924.jpg,0,0,1.0,0.0,0.0,0.0,5.448,2.754,4.532,0.341,13.508
img_001927.jpg,0,0,1.0,0.0,0.0,0.0,3.312,0.512,3.208,0.205,7.457
img_001930.jpg,0,0,1.0,0.0,0.0,0.0,4.013,2.703,4.444,0.442,11.929
img_001933.jpg,0,0,1.0,0.0,0.0,0.0,3.637,0.546,3.223,0.227,7.861
img_001936.jpg,0,0,1.0,0.0,0.0,0.0,3.266,0.53,3.22,0.231,7.473
img_001939.jpg,0,0,1.0,0.0,0.0,0.0,3.766,2.797,3.604,0.316,10.759
img_001942.jpg,0,0,1.0,0.0,0.0,0.0,3.88,0.84,3.271,0.234,8.464
img_001945.jpg,0,0,1.0,0.0,0.0,0.0,3.298,0.561,3.231,0.219,7.538
img_001948.jpg,0,0,1.0,0.0,0.0,0.0,4.883,3.254,6.011,0.453,15.233
img_001951.jpg,0,0,1.0,0.0,0.0,0.0,3.217,0.515,3.226,0.224,7.411
img_001954.jpg,0,0,1.0,0.0,0.0,0.0,3.063,0.548,3.252,0.235,7.326
img_001957.jpg,0,0,1.0,0.0,0.0,0.0,4.589,3.086,4.33,0.439,12.778
img_001960.jpg,0,0,1.0,0.0,0.0,0.0,3.942,0.519,3.229,0.225,8.142
img_001963.jpg,0,0,1.0,0.0,0.0,0.0,3.405,0.518,3.217,0.227,7.589
img_001966.jpg,0,0,1.0,0.0,0.0,0.0,4.125,2.04,3.403,0.27,10.078
img_001969.jpg,0,0,1.0,0.0,0.0,0.0,3.082,0.551,3.2,0.217,7.27
img_001972.jpg,0,0,1.0,0.0,0.0,0.0,3.403,0.529,3.247,0.231,7.636
img_001975.jpg,0,0,1.0,0.0,0.0,0.0,4.699,3.367,4.329,0.319,13.041
img_001978.jpg,0,0,1.0,0.0,0.0,0.0,3.115,0.551,3.281,0.234,7.413
img_001981.jpg,0,0,1.0,0.0,0.0,0.0,3.56,0.825,3.228,0.226,8.079
img_001984.jpg,0,0,1.0,0.0,0.0,0.0,4.037,1.337,3.288,0.278,9.182
img_001987.jpg,0,0,1.0,0.0,0.0,0.0,4.232,0.562,3.181,0.221,8.426
img_001990.jpg,0,0,1.0,0.0,0.0,0.0,3.339,0.559,3.221,0.226,7.575
img_001993.jpg,0,0,1.0,0.0,0.0,0.0,4.544,3.614,3.815,0.362,12.674
img_001996.jpg,0,0,1.0,0.0,0.0,0.0,3.961,1.28,3.219,0.247,8.945
img_001999.jpg,0,0,1.0,0.0,0.0,0.0,5.146,0.689,3.804,0.384,10.334
img_002002.jpg,0,0,1.0,0.0,0.0,0.0,3.198,1.336,3.302,0.242,8.318
img_002005.jpg,0,0,1.0,0.0,0.0,0.0,2.979,0.513,3.219,0.23,7.172
img_002008.jpg,0,0,1.0,0.0,0.0,0.0,3.026,0.5,3.212,0.226,7.196
img_002011.jpg,0,0,1.0,0.0,0.0,0.0,2.937,0.511,3.223,0.228,7.12
img_002014.jpg,0,0,1.0,0.0,0.0,0.0,2.99,0.508,3.167,0.211,7.1
img_002017.jpg,0,0,1.0,0.0,0.0,0.0,2.964,0.547,3.241,0.23,7.241
img_002020.jpg,0,0,1.0,0.0,0.0,0.0,3.385,0.521,3.225,0.232,7.596
img_002023.jpg,0,0,1.0,0.0,0.0,0.0,3.024,0.504,3.213,0.23,7.195
img_002026.jpg,0,0,1.0,0.0,0.0,0.0,3.075,0.52,3.207,0.264,7.468
img_002029.jpg,0,0,1.0,0.0,0.0,0.0,3.107,0.52,3.232,0.231,7.319
img_002032.jpg,0,0,1.0,0.0,0.0,0.0,3.372,0.605,3.01,0.226,7.44
img_002035.jpg,0,0,1.0,0.0,0.0,0.0,3.037,0.543,3.211,0.228,7.245
img_002038.jpg,0,0,1.0,0.0,0.0,0.0,2.99,0.514,3.212,0.223,7.16
img_002041.jpg,0,0,1.0,0.0,0.0,0.0,3.34,0.524,3.249,0.227,7.571
img_002044.jpg,0,0,1.0,0.0,0.0,0.0,3.016,0.746,3.232,0.225,7.44
img_002047.jpg,0,0,1.0,0.0,0.0,0.0,2.961,0.516,3.163,0.215,7.07
img_002050.jpg,0,0,1.0,0.0,0.0,0.0,2.959,0.588,3.219,0.231,7.22
img_002053.jpg,0,0,1.0,0.0,0.0,0.0,3.04,0.556,3.252,0.232,7.306
img_002056.jpg,0,0,1.0,0.0,0.0,0.0,4.371,0.672,3.653,0.441,9.45
img_002059.jpg,0,0,1.0,0.0,0.0,0.0,4.163,0.677,3.684,0.432,9.293
img_002062.jpg,0,0,1.0,0.0,0.0,0.0,4.543,1.358,3.173,0.217,9.513
img_002065.jpg,0,0,1.0,0.0,0.0,0.0,4.207,0.777,3.22,0.213,8.651
img_002068.jpg,0,0,1.0,0.0,0.0,0.0,4.488,2.854,4.633,0.26,12.468
img_002071.jpg,0,0,1.0,0.0,0.0,0.0,3.706,1.132,3.207,0.374,8.643
img_002074.jpg,0,0,1.0,0.0,0.0,0.0,3.538,1.221,3.209,0.228,8.423
img_002077.jpg,0,0,1.0,0.0,0.0,0.0,5.038,2.534,3.5,0.428,11.805
img_002080.jpg,0,0,1.0,0.0,0.0,0.0,5.222,1.939,3.811,0.331,11.605
img_002083.jpg,0,0,1.0,0.0,0.0,0.0,3.163,0.613,3.238,0.228,7.458
img_002086.jpg,0,0,1.0,0.0,0.0,0.0,4.955,0.917,3.29,0.227,9.676
img_002089.jpg,0,0,1.0,0.0,0.0,0.0,3.346,0.51,3.198,0.219,7.492
img_002092.jpg,0,0,1.0,0.0,0.0,0.0,3.138,0.519,3.218,0.227,7.322
img_002095.jpg,0,0,1.0,0.0,0.0,0.0,4.734,4.045,3.934,0.342,13.365
img_002098.jpg,0,0,1.0,0.0,0.0,0.0,3.925,0.54,3.23,0.223,8.14
img_002101.jpg,0,0,1.0,0.0,0.0,0.0,4.148,2.438,3.226,0.22,10.247
img_002104.jpg,0,0,1.0,0.0,0.0,0.0,4.346,1.351,3.242,0.229,9.396
img_002107.jpg,0,0,1.0,0.0,0.0,0.0,4.103,1.24,3.615,0.318,9.573
img_002110.jpg,0,0,0.9999,0.0,0.0,0.0,3.098,0.505,3.23,0.262,7.359
img_002113.jpg,0,0,1.0,0.0,0.0,0.0,3.285,0.502,3.13,0.213,7.343
img_002116.jpg,0,0,1.0,0.0,0.0,0.0,3.328,0.505,3.151,0.207,7.407
img_002119.jpg,0,0,1.0,0.0,0.0,0.0,3.128,0.505,3.206,0.223,7.28
img_002122.jpg,0,0,1.0,0.0,0.0,0.0,3.079,0.534,3.167,0.242,7.232
img_002125.jpg,0,0,1.0,0.0,0.0,0.0,3.055,0.566,3.242,0.259,7.339
img_002128.jpg,0,0,1.0,0.0,0.0,0.0,3.157,0.506,3.209,0.224,7.313
img_002131.jpg,0,0,1.0,0.0,0.0,0.0,3.411,0.502,3.255,0.222,7.75
img_002134.jpg,0,0,1.0,0.0,0.0,0.0,3.876,0.88,4.866,0.335,10.341
img_002137.jpg,0,0,1.0,0.0,0.0,0.0,3.076,0.499,3.228,0.23,7.241
img_002140.jpg,0,0,1.0,0.0,0.0,0.0,3.422,0.616,3.24,0.219,7.716
img_002143.jpg,0,0,1.0,0.0,0.0,0.0,3.309,0.502,3.246,0.222,7.488
img_002146.jpg,0,0,1.0,0.0,0.0,0.0,3.507,0.512,3.194,0.224,7.654
img_002149.jpg,0,0,1.0,0.0,0.0,0.0,3.372,0.503,3.184,0.227,7.496
img_002152.jpg,0,0,1.0,0.0,0.0,0.0,4.633,1.185,3.835,0.393,10.378
img_002155.jpg,0,0,1.0,0.0,0.0,0.0,3.271,0.542,3.189,0.221,7.445
img_002158.jpg,0,0,1.0,0.0,0.0,0.0,3.308,0.519,3.171,0.214,7.436
img_002161.jpg,0,0,1.0,0.0,0.0,0.0,4.895,2.152,3.535,0.228,11.429
img_002164.jpg,0,0,0.9999,0.0,0.0,0.0,3.266,0.634,3.23,0.244,7.601
img_002167.jpg,0,0,0.9999,0.0,0.0,0.0,3.459,0.581,3.245,0.228,7.749
img_002170.jpg,0,0,1.0,0.0,0.0,0.0,3.447,1.664,3.582,0.37,9.433
img_002173.jpg,0,0,1.0,0.0,0.0,0.0,3.73,0.532,3.206,0.229,7.931
img_002176.jpg,0,0,1.0,0.0,0.0,0.0,3.235,0.543,3.176,0.21,7.389
img_002179.jpg,0,0,1.0,0.0,0.0,0.0,3.31,0.561,3.254,0.236,7.598
img_002182.jpg,0,0,1.0,0.0,0.0,0.0,3.687,0.562,3.259,0.235,8.038
img_002185.jpg,0,0,1.0,0.0,0.0,0.0,3.346,0.561,3.243,0.235,7.62
img_002188.jpg,0,0,1.0,0.0,0.0,0.0,3.331,0.558,3.265,0.234,7.624
img_002191.jpg,0,0,1.0,0.0,0.0,0.0,3.328,0.563,3.265,0.24,7.656
img_002194.jpg,0,0,1.0,0.0,0.0,0.0,3.26,0.562,3.267,0.263,7.59
img_002197.jpg,0,0,1.0,0.0,0.0,0.0,4.512,2.505,3.61,0.342,11.291
img_002200.jpg,0,0,1.0,0.0,0.0,0.0,3.852,0.533,3.225,0.229,8.071
img_002203.jpg,0,0,1.0,0.0,0.0,0.0,3.631,0.592,3.223,0.234,7.922
img_002206.jpg,0,0,1.0,0.0,0.0,0.0,4.53,2.806,3.954,0.525,12.185
img_002209.jpg,0,0,1.0,0.0,0.0,0.0,3.376,0.516,3.226,0.229,7.568
img_002212.jpg,0,0,1.0,0.0,0.0,0.0,2.984,0.517,3.224,0.226,7.171
img_002215.jpg,0,0,1.0,0.0,0.0,0.0,3.101,3.496,3.292,0.236,10.384
img_002218.jpg,0,0,1.0,0.0,0.0,0.0,4.249,0.546,3.232,0.232,8.492
img_002221.jpg,0,0,1.0,0.0,0.0,0.0,3.96,0.665,3.542,0.313,8.786
img_002224.jpg,0,0,1.0,0.0,0.0,0.0,3.371,0.559,3.286,0.227,7.684
img_002227.jpg,0,0,1.0,0.0,0.0,0.0,3.304,0.534,3.257,0.231,7.554
img_002230.jpg,0,0,1.0,0.0,0.0,0.0,3.313,0.529,3.234,0.384,7.694
img_002233.jpg,0,0,1.0,0.0,0.0,0.0,3.233,0.556,3.215,0.228,7.454
img_002236.jpg,0,0,1.0,0.0,0.0,0.0,3.727,0.54,3.224,0.227,7.951
img_002239.jpg,0,0,1.0,0.0,0.0,0.0,3.287,0.525,3.213,0.265,7.513
img_002242.jpg,0,0,1.0,0.0,0.0,0.0,3.586,0.88,3.223,0.211,8.125
img_002245.jpg,0,0,1.0,0.0,0.0,0.0,3.279,0.521,3.239,0.232,7.502
img_002248.jpg,0,0,1.0,0.0,0.0,0.0,3.309,0.561,3.266,0.233,7.611
img_002251.jpg,0,0,1.0,0.0,0.0,0.0,3.344,0.832,3.254,0.228,7.902
img_002254.jpg,0,0,1.0,0.0,0.0,0.0,3.512,0.571,4.034,0.252,8.614
img_002257.jpg,0,0,1.0,0.0,0.0,0.0,3.257,0.554,3.237,0.255,7.526
img_002260.jpg,0,0,1.0,0.0,0.0,0.0,3.225,0.529,3.182,0.211,7.403
img_002263.jpg,0,0,1.0,0.0,0.0,0.0,3.368,0.53,3.262,0.229,7.625
img_002266.jpg,0,0,1.0,0.0,0.0,0.0,3.311,0.536,3.176,0.216,7.465
img_002269.jpg,0,0,1.0,0.0,0.0,0.0,3.247,0.558,3.214,0.261,7.511
img_002272.jpg,0,0,1.0,0.0,0.0,0.0,3.558,0.576,3.124,0.225,7.712
img_002275.jpg,0,0,1.0,0.0,0.0,0.0,3.299,0.521,3.211,0.23,7.488
img_002278.jpg,0,0,1.0,0.0,0.0,0.0,3.29,0.516,3.221,0.229,7.484
img_002281.jpg,0,0,1.0,0.0,0.0,0.0,3.406,2.785,3.211,0.287,9.941
img_002284.jpg,0,0,1.0,0.0,0.0,0.0,3.723,0.524,3.221,0.228,7.931
img_002287.jpg,0,0,1.0,0.0,0.0,0.0,3.63,0.517,3.182,0.211,7.752
img_002290.jpg,0,0,1.0,0.0,0.0,0.0,3.816,0.524,3.471,0.232,8.273
img_002293.jpg,0,0,1.0,0.0,0.0,0.0,3.338,0.546,3.219,0.205,7.54
img_002296.jpg,0,0,1.0,0.0,0.0,0.0,3.406,0.548,3.259,0.23,7.666
img_002299.jpg,0,0,1.0,0.0,0.0,0.0,3.251,1.257,3.766,0.224,8.718
img_002302.jpg,0,0,1.0,0.0,0.0,0.0,3.015,0.533,3.148,0.216,7.136
img_002305.jpg,0,0,1.0,0.0,0.0,0.0,3.004,0.525,3.242,0.228,7.219
img_002308.jpg,0,0,1.0,0.0,0.0,0.0,2.947,0.521,3.209,0.226,7.187
img_002311.jpg,0,0,1.0,0.0,0.0,0.0,2.952,0.611,3.156,0.238,7.18
img_002314.jpg,0,0,1.0,0.0,0.0,0.0,2.993,0.609,3.233,0.225,7.294
img_002317.jpg,0,0,1.0,0.0,0.0,0.0,4.348,1.859,3.114,0.221,9.768
img_002320.jpg,0,0,1.0,0.0,0.0,0.0,4.522,1.849,3.207,0.21,10.008
img_002323.jpg,0,0,0.9979,0.0,0.0,0.0,4.643,0.555,3.173,0.238,8.823
img_002326.jpg,0,0,1.0,0.0,0.0,0.0,3.571,0.511,3.168,0.205,7.667
img_002329.jpg,0,0,0.9999,0.0,0.0,0.0,3.603,3.882,3.025,0.204,10.944
img_002332.jpg,0,0,1.0,0.0,0.0,0.0,3.137,1.281,3.163,0.203,7.996
img_002335.jpg,0,0,1.0,0.0,0.0,0.0,3.188,0.573,3.219,0.252,7.453
img_002338.jpg,0,0,0.9998,0.0,0.0,0.0,3.607,0.542,3.222,0.224,7.819
img_002341.jpg,0,0,0.9999,0.0,0.0,0.0,3.779,0.831,3.143,0.205,8.169
img_002344.jpg,0,0,1.0,0.0,0.0,0.0,3.302,0.551,3.254,0.235,7.565
img_002347.jpg,0,0,1.0,0.0,0.0,0.0,3.098,0.498,3.239,0.222,7.272
img_002350.jpg,0,0,1.0,0.0,0.0,0.0,3.169,0.568,3.234,0.231,7.429
img_002353.jpg,0,0,1.0,0.0,0.0,0.0,3.197,0.606,3.266,0.235,7.533
img_002356.jpg,0,0,1.0,0.0,0.0,0.0,4.61,1.596,3.276,0.227,10.034
img_002359.jpg,0,0,1.0,0.0,0.0,0.0,4.946,0.956,3.203,0.223,9.56
img_002362.jpg,0,0,1.0,0.0,0.0,0.0,4.672,2.241,3.137,0.236,10.516
img_002365.jpg,0,0,1.0,0.0,0.0,0.0,4.1,3.508,3.535,0.412,11.893
img_002368.jpg,0,0,1.0,0.0,0.0,0.0,6.363,0.879,3.945,0.332,11.846
img_002371.jpg,0,0,1.0,0.0,0.0,0.0,6.118,2.217,3.953,0.387,13.011
img_002374.jpg,0,0,1.0,0.0,0.0,0.0,4.496,1.904,3.169,0.222,10.013
img_002377.jpg,0,0,1.0,0.0,0.0,0.0,4.465,0.799,3.176,0.211,8.875
img_002380.jpg,0,0,1.0,0.0,0.0,0.0,4.746,3.303,7.654,0.355,16.366
img_002383.jpg,0,0,1.0,0.0,0.0,0.0,3.546,0.828,4.01,0.327,9.26
img_002386.jpg,0,0,1.0,0.0,0.0,0.0,3.05,0.486,3.239,0.208,7.192
img_002389.jpg,0,0,1.0,0.0,0.0,0.0,5.361,1.522,4.369,0.295,11.979
img_002392.jpg,0,0,1.0,0.0,0.0,0.0,3.646,0.768,3.177,0.213,8.082
img_002395.jpg,0,0,1.0,0.0,0.0,0.0,3.182,0.538,3.234,0.228,7.415
