image,true_label,pred_label,confidence,input_and_metadata_ms,region_validation_ms,crop_extraction_ms,resize_and_preprocess_ms,batch_construction_ms,model_inference_ms,majority_vote_ms,total_ms
FireSmokeVideoNEW0_f22_jpg.rf.8985f041e5b98af6012221a0df4f7bb4.jpg,1,1,1.0,0.252,0.005,0.067,4.119,0.912,31.643,5.411,44.023
FireSmokeVideoNEW0_f24_jpg.rf.bec4c423d7235a25d9b3146aa064ef94.jpg,1,1,1.0,0.228,0.005,0.056,5.251,1.537,15.97,1.563,26.325
FireSmokeVideoNEW0_f26_jpg.rf.e68ce6fbbf069fc3519569a9f0d61247.jpg,1,1,1.0,0.228,0.004,0.058,3.652,0.905,29.209,2.492,38.126
FireSmokeVideoNEW100_f13_jpg.rf.3cab1ba74047190369553b759c249651.jpg,1,1,1.0,0.233,0.005,0.055,7.479,1.921,22.505,1.426,35.08
FireSmokeVideoNEW100_f18_jpg.rf.ac57d16ac234ea35503434017b0d7936.jpg,1,1,0.9999,0.214,0.004,0.056,4.186,1.178,31.913,1.407,40.482
FireSmokeVideoNEW100_f22_jpg.rf.414d4e3c8eabf2734516473bcee081b3.jpg,1,1,0.9999,0.207,0.004,0.049,2.952,1.587,22.54,1.337,30.274
FireSmokeVideoNEW100_f27_jpg.rf.d440e669b944d0e126d6b9e9e899fd1a.jpg,1,1,1.0,0.286,0.006,0.085,8.544,6.261,24.316,1.608,43.172
FireSmokeVideoNEW100_f29_jpg.rf.8b8b298e3b9d8547f2aa97df45c87bda.jpg,1,1,1.0,0.216,0.004,0.055,5.198,1.171,32.209,1.44,41.906
FireSmokeVideoNEW100_f35_jpg.rf.26902d166504a005e989288a33974699.jpg,1,1,1.0,0.218,0.004,0.053,5.476,1.092,22.534,1.341,32.321
FireSmokeVideoNEW100_f51_jpg.rf.5d5a8fce90b54ca27c1d78496d70be98.jpg,1,1,0.9999,0.213,0.005,0.054,13.312,2.901,28.607,1.471,48.095
FireSmokeVideoNEW100_f54_jpg.rf.deb4934b4d254ff0d2151ab4b226bd30.jpg,1,1,1.0,0.226,0.005,0.061,15.203,1.269,15.811,1.342,35.431
FireSmokeVideoNEW100_f56_jpg.rf.fb63e4c0e32aa91f304e675bea7c6451.jpg,1,1,0.9999,0.223,0.005,0.059,13.669,3.653,25.059,1.423,45.47
FireSmokeVideoNEW100_f74_jpg.rf.6dbac089262a0484294bad2686f293a4.jpg,1,1,0.9994,0.221,0.005,0.055,5.967,3.977,22.989,1.447,36.239
FireSmokeVideoNEW100_f76_jpg.rf.a3b3783d77c6060652ec1972e52945b4.jpg,1,1,1.0,0.221,0.004,0.057,7.779,4.224,38.621,2.729,55.14
FireSmokeVideoNEW100_f80_jpg.rf.c7b1b6d87fe1581d087e2babcd5343cd.jpg,1,1,1.0,0.276,0.005,0.065,9.391,4.56,16.178,1.481,33.589
FireSmokeVideoNEW100_f8_jpg.rf.8cdf1b53d711306fcc3671fb17c63715.jpg,1,1,1.0,0.229,0.005,0.057,6.548,4.38,30.689,1.799,45.313
FireSmokeVideoNEW100_f93_jpg.rf.8f1d3d0acbb786aa3e663017e362030b.jpg,1,1,1.0,0.223,0.004,0.057,9.752,3.811,22.636,1.456,39.8
FireSmokeVideoNEW101_f74_jpg.rf.b40eb61068efb3029e60fb0da7817ba0.jpg,1,0,0.9921,0.228,0.005,0.057,5.445,4.347,44.504,1.96,58.226
FireSmokeVideoNEW103_f38_jpg.rf.46f003d9350c5f9ba187385455fd722f.jpg,1,1,1.0,0.216,0.005,0.055,6.146,4.817,15.878,1.485,30.674
FireSmokeVideoNEW103_f40_jpg.rf.bbe9dcd13072bfcea5eb25d5e0e7edad.jpg,1,1,1.0,0.231,0.005,0.06,5.562,5.533,28.456,1.526,43.051
FireSmokeVideoNEW103_f43_jpg.rf.6b86f977948ffb4075bf842f40f298f8.jpg,1,1,0.9999,0.227,0.005,0.062,6.394,3.771,22.8,4.43,39.27
FireSmokeVideoNEW103_f48_jpg.rf.c01bd10387110154c4d65f733af5dd33.jpg,1,1,1.0,0.239,0.005,0.064,2.795,1.036,23.506,1.409,30.589
FireSmokeVideoNEW103_f53_jpg.rf.06d78f97a6bd82da23e6934c4be34911.jpg,1,1,1.0,0.213,0.005,0.051,2.363,1.886,18.969,1.35,26.427
FireSmokeVideoNEW103_f55_jpg.rf.234b4a520a09933bc5c380c6e8ac4700.jpg,1,1,1.0,0.216,0.005,0.057,2.357,5.574,22.403,1.527,33.572
FireSmokeVideoNEW103_f57_jpg.rf.5590d8fa82c520d8f2bf21d3792422a9.jpg,1,1,1.0,0.218,0.004,0.054,2.325,1.108,31.294,1.306,37.707
FireSmokeVideoNEW103_f59_jpg.rf.f4a4ca0c64bcb51dcc538f942f4bed77.jpg,1,1,0.9998,0.216,0.005,0.048,6.542,3.787,22.547,1.446,36.219
FireSmokeVideoNEW103_f69_jpg.rf.107c6757968ca4bfeaf97df6ae6cac5b.jpg,1,1,1.0,0.22,0.005,0.052,5.567,3.981,31.849,1.378,44.552
FireSmokeVideoNEW103_f92_jpg.rf.df707faffb31edd4f980cd3123a6b460.jpg,1,1,1.0,0.213,0.004,0.049,5.815,1.052,22.543,1.624,32.887
FireSmokeVideoNEW106_f12_jpg.rf.c3a3dae95e573db93191a1edb50936e5.jpg,1,1,0.9874,0.225,0.005,0.059,2.268,1.103,30.254,1.401,36.747
FireSmokeVideoNEW106_f14_jpg.rf.331af05784389f5dc2ef80f1570a76fb.jpg,1,1,0.9994,0.215,0.005,0.053,5.624,5.474,35.892,1.548,50.499
FireSmokeVideoNEW106_f28_jpg.rf.ad2c009c83ccf5aaa3ddd7221c4ee1f4.jpg,1,1,0.9999,0.226,0.005,0.058,4.081,1.082,30.343,1.584,39.01
FireSmokeVideoNEW106_f3_jpg.rf.100e86d2d578c506662d2ec505c13c32.jpg,1,1,0.9998,0.227,0.005,0.059,2.374,1.018,22.591,1.405,29.205
FireSmokeVideoNEW107_f106_jpg.rf.113c590393888042cc28e8f491be7648.jpg,1,1,1.0,0.219,0.004,0.056,3.342,1.016,22.538,1.334,30.089
FireSmokeVideoNEW107_f123_jpg.rf.9b0580b6b19e2485a2b4ba7b49973b91.jpg,1,1,1.0,0.223,0.004,0.055,6.508,4.209,33.735,1.935,48.247
FireSmokeVideoNEW107_f127_jpg.rf.829b599800fa2ff96700b10087ad3476.jpg,1,1,1.0,0.212,0.005,0.056,3.278,1.327,22.53,1.357,30.304
FireSmokeVideoNEW107_f26_jpg.rf.61a2a027fdf7da306caca75ebb153434.jpg,1,1,1.0,0.226,0.004,0.057,2.378,1.001,32.21,1.922,39.306
FireSmokeVideoNEW107_f28_jpg.rf.77d96d55d8f5bd713af7a40d7bd68cf9.jpg,1,1,1.0,0.215,0.004,0.056,2.385,0.981,22.517,1.35,28.969
FireSmokeVideoNEW107_f2_jpg.rf.2ae3871bad997558e861e368aa59a114.jpg,1,1,1.0,0.218,0.004,0.053,2.35,0.981,28.258,4.078,37.376
FireSmokeVideoNEW107_f36_jpg.rf.55484257687fcb98dd9853c45d221ffb.jpg,1,1,1.0,0.226,0.005,0.061,2.873,1.1,31.829,1.488,39.237
FireSmokeVideoNEW107_f4_jpg.rf.a620a7201724ee71ecef0da20f8f7cca.jpg,1,1,1.0,0.214,0.005,0.055,2.736,1.042,15.903,1.646,23.128
FireSmokeVideoNEW107_f7_jpg.rf.e893ab93fd1147461c1d1018f93c0b43.jpg,1,1,1.0,0.218,0.005,0.055,2.431,1.02,18.797,1.346,25.394
FireSmokeVideoNEW107_f92_jpg.rf.24302c17033c41be0e8a851dd409a218.jpg,1,1,1.0,0.213,0.004,0.05,2.252,0.948,29.986,1.744,36.595
FireSmokeVideoNEW107_f98_jpg.rf.899748aa5ce4273733a59fe30b4d0c48.jpg,1,1,1.0,0.207,0.004,0.048,5.632,5.714,21.367,1.592,36.204
FireSmokeVideoNEW108_f17_jpg.rf.ac2f7536732dd04f1f8ac409305412e5.jpg,1,1,0.9719,0.221,0.005,0.052,6.632,1.595,18.595,1.361,29.957
FireSmokeVideoNEW108_f38_jpg.rf.2abf71a14111954c4580a46c4d15b3d3.jpg,1,1,0.6636,0.212,0.004,0.055,5.171,1.078,27.642,1.376,37.053
FireSmokeVideoNEW110_f22_jpg.rf.61b3b4e8798ce29f7fe58d31c03ac8a2.jpg,1,1,1.0,0.206,0.004,0.052,5.06,1.103,22.497,1.551,31.9
FireSmokeVideoNEW110_f24_jpg.rf.56e533c69820c0ad447920ce32c55898.jpg,1,1,1.0,0.21,0.005,0.05,2.866,0.988,22.517,1.638,29.699
FireSmokeVideoNEW110_f32_jpg.rf.5721c6c2eef55a07841c4c832f3d07d5.jpg,1,1,0.9999,0.212,0.004,0.048,7.739,1.059,31.342,1.427,43.387
FireSmokeVideoNEW110_f34_jpg.rf.acc53b1abe3327d738d65e69f13bad79.jpg,1,1,0.9999,0.211,0.004,0.053,3.581,1.033,22.377,1.389,30.169
FireSmokeVideoNEW110_f36_jpg.rf.ae30defe49181bd09836a5fcdeb46fab.jpg,1,1,1.0,0.213,0.004,0.05,3.604,1.211,22.54,1.462,30.6
FireSmokeVideoNEW110_f38_jpg.rf.0bc87128341ef88532538fe138ff4f2b.jpg,1,1,1.0,0.21,0.004,0.052,3.347,1.036,29.68,1.42,37.252
FireSmokeVideoNEW110_f41_jpg.rf.f550195d19a1c0b6d424f595c2b4b1f9.jpg,1,1,1.0,0.208,0.004,0.05,2.938,1.158,23.953,3.559,33.346
FireSmokeVideoNEW110_f61_jpg.rf.54f8064cc44792ec52b6ddf320ffa3a3.jpg,1,1,1.0,0.224,0.005,0.058,2.368,1.024,22.631,1.356,29.564
FireSmokeVideoNEW110_f63_jpg.rf.40951b985ae21888cdb87e745713aa2d.jpg,1,1,0.9999,0.214,0.004,0.051,2.479,0.981,30.445,1.534,37.182
FireSmokeVideoNEW110_f65_jpg.rf.22dae51c804d093b3928bb9cf5cb5565.jpg,1,1,0.9999,0.207,0.004,0.05,2.301,1.007,22.611,1.355,29.021
FireSmokeVideoNEW110_f67_jpg.rf.cd33b401abcfbfd4a951fd3906e86a41.jpg,1,1,1.0,0.215,0.005,0.055,2.323,1.054,22.652,1.332,29.055
FireSmokeVideoNEW110_f76_jpg.rf.bada3c63979a4512aec38ac7d78ec2d7.jpg,1,1,1.0,0.25,0.004,0.055,2.307,0.994,37.384,5.879,48.37
FireSmokeVideoNEW110_f80_jpg.rf.9f1ecfc3ee942fd4bbd1173ba4b7c394.jpg,1,1,1.0,0.205,0.004,0.053,2.794,3.469,15.818,1.504,25.458
FireSmokeVideoNEW110_f82_jpg.rf.0ff7a178a73b8e42a819ac1739b3c564.jpg,1,1,1.0,0.225,0.005,0.059,4.141,1.243,18.438,1.322,26.957
FireSmokeVideoNEW110_f93_jpg.rf.481ecb09dee0cdc168a1d0787874ef0c.jpg,1,1,1.0,0.212,0.004,0.049,2.553,1.374,25.2,1.468,32.204
FireSmokeVideoNEW112_f10_jpg.rf.39e79e3dfd5c98f6e68045158e2af82d.jpg,1,1,1.0,0.207,0.004,0.05,4.707,1.028,22.522,1.49,31.502
FireSmokeVideoNEW112_f12_jpg.rf.11432bc655317e1fac9c6107e3b5200f.jpg,1,1,1.0,0.203,0.005,0.047,4.144,1.045,36.165,6.336,49.414
FireSmokeVideoNEW112_f14_jpg.rf.6e0c0892a684c74c1ca4670f293457d8.jpg,1,1,1.0,0.224,0.004,0.055,3.023,1.049,23.333,1.349,30.684
FireSmokeVideoNEW112_f16_jpg.rf.ba57af29c8fa8587b2c5148f046375b0.jpg,1,1,1.0,0.214,0.005,0.049,2.845,1.026,17.293,1.29,24.246
FireSmokeVideoNEW112_f18_jpg.rf.21a30cbb698713638442e8962561a9b6.jpg,1,1,1.0,0.21,0.004,0.052,3.26,1.771,18.44,1.294,26.532
FireSmokeVideoNEW112_f1_jpg.rf.90fce7c457371c8403ad89986542ee96.jpg,1,1,1.0,0.229,0.005,0.057,3.087,1.057,26.608,1.439,33.889
FireSmokeVideoNEW112_f2_jpg.rf.da1c46afa259254b1aad5c4b5da7da24.jpg,1,1,1.0,0.214,0.004,0.052,3.37,1.1,20.527,2.842,29.578
FireSmokeVideoNEW112_f4_jpg.rf.f44dba51b9e805433a996d474bd2fbd7.jpg,1,1,1.0,0.213,0.005,0.052,3.137,1.199,19.869,1.239,27.152
FireSmokeVideoNEW112_f6_jpg.rf.dd87dd731952da1d5b61e93a00655678.jpg,1,1,1.0,0.205,0.003,0.05,5.282,1.237,25.217,1.445,34.874
FireSmokeVideoNEW112_f8_jpg.rf.129c527401604ce7176db07d9d855c9c.jpg,1,1,1.0,0.201,0.004,0.048,2.564,0.963,18.42,1.259,24.904
FireSmokeVideoNEW115_f10_jpg.rf.6f4300e4b3f362eed7886f4f1a87b93d.jpg,1,1,0.9999,0.21,0.004,0.051,2.972,1.109,18.38,1.22,25.387
FireSmokeVideoNEW115_f13_jpg.rf.324cc0423d48b832369d92b99a4baa51.jpg,1,1,1.0,0.21,0.004,0.051,2.901,1.017,25.227,1.504,32.3
FireSmokeVideoNEW115_f15_jpg.rf.15dbd25355578fccabf33bbbc4d6ad17.jpg,1,1,1.0,0.216,0.004,0.051,4.404,1.008,18.389,1.28,27.224
FireSmokeVideoNEW115_f20_jpg.rf.f0100e331ebd11f9a9711991e4833e3f.jpg,1,1,1.0,0.211,0.004,0.053,2.974,1.07,18.378,1.272,25.553
FireSmokeVideoNEW115_f39_jpg.rf.41762177627c892b70e006fe5cb26853.jpg,1,1,1.0,0.21,0.004,0.055,3.414,0.996,25.241,2.171,33.505
FireSmokeVideoNEW115_f46_jpg.rf.d94c8cb5cbed9575cd088fc4b493eed2.jpg,1,1,1.0,0.21,0.005,0.051,2.882,0.972,18.376,1.408,25.349
FireSmokeVideoNEW115_f50_jpg.rf.5e39ed208628142a56e09ae43ec4d605.jpg,1,1,1.0,0.262,0.004,0.052,4.868,0.99,19.778,1.335,28.674
FireSmokeVideoNEW115_f60_jpg.rf.baab27845cdd653f00986ee3b96a380e.jpg,1,1,1.0,0.262,0.004,0.054,4.763,1.12,26.483,1.485,35.971
FireSmokeVideoNEW115_f8_jpg.rf.9dcd347526c445f2baa86c5c9186f090.jpg,1,1,1.0,0.212,0.004,0.204,2.916,0.982,18.384,1.263,25.329
FireSmokeVideoNEW116_f12_jpg.rf.95a18922be59788cbf63dc24766c8fac.jpg,1,1,1.0,0.206,0.004,0.046,2.286,0.97,18.408,1.33,24.628
FireSmokeVideoNEW116_f14_jpg.rf.6fe2d6cfc1a0f7ba2d16d873a0f51aca.jpg,1,1,1.0,0.217,0.005,0.055,3.302,1.043,25.186,1.548,32.73
FireSmokeVideoNEW116_f16_jpg.rf.1d60b7f98a425c19989760a77b8b7092.jpg,1,1,1.0,0.207,0.004,0.05,2.408,0.962,18.366,1.23,24.56
FireSmokeVideoNEW116_f19_jpg.rf.e9193762a644c57d90194cc412b3e211.jpg,1,1,1.0,0.212,0.004,0.051,4.101,4.958,29.15,2.269,42.509
FireSmokeVideoNEW116_f20_jpg.rf.f2bfd4b6ed7d602b070e70eb541c8849.jpg,1,1,1.0,0.219,0.005,0.056,7.622,1.057,25.096,2.098,37.584
FireSmokeVideoNEW116_f25_jpg.rf.94faed5bcc786dc07e04a6bead7cb5c6.jpg,1,1,1.0,0.221,0.005,0.057,2.484,1.049,18.409,1.27,24.982
FireSmokeVideoNEW116_f2_jpg.rf.4c9cb9b9a3ba5e3c7f2b82764aa90f2c.jpg,1,1,1.0,0.21,0.004,0.053,2.772,1.463,18.373,1.274,25.643
FireSmokeVideoNEW117_f12_jpg.rf.fcb70a547a268008126db8dc378559b9.jpg,1,1,1.0,0.218,0.004,0.052,3.12,1.097,26.759,1.545,34.28
FireSmokeVideoNEW117_f14_jpg.rf.9b010af028bb860ed3b84a8fdb2d373c.jpg,1,1,1.0,0.215,0.004,0.053,9.195,5.845,18.466,1.315,36.776
FireSmokeVideoNEW117_f19_jpg.rf.b971752c7c2b708d3b4ad9ee4fa816bd.jpg,1,1,1.0,0.217,0.004,0.051,3.003,1.017,18.374,1.235,25.347
FireSmokeVideoNEW117_f6_jpg.rf.035a84019a5b26bcdb24a39a0789bcfd.jpg,1,1,1.0,0.263,0.004,0.05,3.272,1.295,26.828,1.37,34.537
FireSmokeVideoNEW117_f8_jpg.rf.b22f2fc6ce899d8be4ce21548f905e81.jpg,1,1,0.9997,0.206,0.004,0.05,6.284,1.179,19.759,1.249,30.245
FireSmokeVideoNEW119_f0_jpg.rf.744fd2bb67b9c4f5c263823ce6d2e4a2.jpg,1,1,1.0,0.22,0.004,0.057,2.373,1.061,18.387,1.362,24.83
FireSmokeVideoNEW119_f11_jpg.rf.187de46834021c761b20f75282b71fc2.jpg,1,1,1.0,0.208,0.004,0.05,5.055,7.812,35.117,1.777,52.094
FireSmokeVideoNEW119_f17_jpg.rf.bb575498be7cb8bf09271655a827a205.jpg,1,1,1.0,0.224,0.004,0.055,4.329,1.148,18.543,1.386,27.288
FireSmokeVideoNEW119_f20_jpg.rf.83ca338b8a7a1f351f20a0392a978c58.jpg,1,1,1.0,0.222,0.003,0.056,2.481,1.132,18.488,1.274,25.145
FireSmokeVideoNEW119_f27_jpg.rf.32a58d37e8165ece6f17b61092424e7e.jpg,1,1,1.0,0.211,0.005,0.052,2.518,1.168,25.205,1.413,31.981
FireSmokeVideoNEW119_f29_jpg.rf.585557862f600c84c9c40f80eb57f8ec.jpg,1,1,1.0,0.214,0.004,0.049,2.35,1.027,18.463,1.303,24.766
FireSmokeVideoNEW119_f30_jpg.rf.c902440835c3fd8c2560c5317b035538.jpg,1,1,1.0,0.217,0.004,0.052,4.906,4.517,31.683,2.621,45.636
FireSmokeVideoNEW119_f32_jpg.rf.d27ae4e085fd41313631ebe74965ae01.jpg,1,1,1.0,0.219,0.005,0.055,2.623,1.064,25.3,1.511,32.301
FireSmokeVideoNEW119_f38_jpg.rf.d91f985ff0f9428aa2de6e6bd8ebc98a.jpg,1,1,1.0,0.213,0.004,0.057,3.339,1.115,18.572,1.371,26.216
FireSmokeVideoNEW119_f3_jpg.rf.c8cc5b5783961b03724d25c816b3e647.jpg,1,1,1.0,0.218,0.005,0.055,2.384,1.078,18.509,1.287,25.009
FireSmokeVideoNEW119_f47_jpg.rf.1ffd353c21c7b5679d7e046c6c549393.jpg,1,1,1.0,0.213,0.005,0.052,2.343,1.044,25.358,1.463,31.917
FireSmokeVideoNEW119_f7_jpg.rf.2244f93cbbd1e3e46b4d0bbdba5b6b95.jpg,1,1,1.0,0.214,0.004,0.05,5.369,8.283,24.586,1.573,41.817
FireSmokeVideoNEW119_f9_jpg.rf.ab8d6371d788579af7d9b32869f2dcfd.jpg,1,1,1.0,0.218,0.005,0.057,3.056,1.053,18.411,1.29,25.663
FireSmokeVideoNEW121_f18_jpg.rf.44673b9ce8af3ecd42f57e22a99a38e0.jpg,1,1,1.0,0.216,0.004,0.053,2.496,0.998,25.078,1.448,31.747
FireSmokeVideoNEW121_f1_jpg.rf.5be93985d812c7f5ea035ac113e0f5e0.jpg,1,1,1.0,0.212,0.004,0.049,2.836,0.991,18.419,1.417,25.357
FireSmokeVideoNEW121_f21_jpg.rf.eebcabf40ddce34c31a6c13331a65953.jpg,1,1,1.0,0.207,0.004,0.05,2.447,0.979,18.421,1.39,24.894
FireSmokeVideoNEW121_f23_jpg.rf.ac278f7e1c7a444be3f887b2c6d38717.jpg,1,1,1.0,0.218,0.005,0.049,2.577,1.435,25.533,3.787,34.995
FireSmokeVideoNEW121_f25_jpg.rf.d0ef6211efb24426ee946e1fa8c31fce.jpg,1,1,0.9999,0.214,0.005,0.052,2.251,0.99,19.843,1.506,26.822
FireSmokeVideoNEW121_f27_jpg.rf.a5b8bd5483ad1bb30b723346e830127b.jpg,1,1,0.9999,0.208,0.004,0.05,2.269,0.993,18.353,1.339,24.592
FireSmokeVideoNEW121_f29_jpg.rf.a99e4a5f275c636275e5efa27c36b410.jpg,1,1,0.9999,0.208,0.004,0.05,2.719,1.244,25.237,1.453,32.338
FireSmokeVideoNEW121_f30_jpg.rf.33e9b2bac1a4a79c6a3de00c8a3a8d99.jpg,1,1,1.0,0.218,0.004,0.049,2.301,0.98,18.415,1.546,24.933
FireSmokeVideoNEW121_f32_jpg.rf.f8cb024d7bf28236b1e1d37b2eae22ac.jpg,1,1,1.0,0.208,0.004,0.052,2.245,0.978,18.389,1.348,24.652
FireSmokeVideoNEW121_f34_jpg.rf.6cedfb99ee40c10d727a61a74ea8f251.jpg,1,1,0.9999,0.213,0.005,0.054,6.039,4.858,32.464,1.527,46.659
FireSmokeVideoNEW121_f37_jpg.rf.9a405f57987f96bd108e065a51ca2b6f.jpg,1,1,1.0,0.203,0.005,0.05,2.797,1.721,18.459,1.27,25.938
FireSmokeVideoNEW121_f39_jpg.rf.6e6af0255f04f4fe3cf20ee175bfcaad.jpg,1,1,0.9989,0.214,0.004,0.054,4.527,1.028,18.415,1.228,26.953
FireSmokeVideoNEW121_f40_jpg.rf.7817cfe0fa7c24a82024b8b4fe48581f.jpg,1,1,0.9994,0.204,0.004,0.057,4.197,1.087,25.22,1.481,33.687
FireSmokeVideoNEW121_f4_jpg.rf.8f335cc6c3f116510aa7b65424141dbb.jpg,1,1,0.9999,0.208,0.004,0.051,2.797,1.179,18.494,1.298,25.454
FireSmokeVideoNEW121_f6_jpg.rf.0ab7d7fafe53d2118e6ce10be956dfae.jpg,1,1,1.0,0.231,0.004,0.056,3.933,3.092,19.795,1.242,29.796
FireSmokeVideoNEW122_f41_jpg.rf.ddb6da50b215710fb313bd2b6498352f.jpg,1,1,1.0,0.213,0.004,0.049,3.38,0.988,25.432,1.548,32.994
FireSmokeVideoNEW123_f106_jpg.rf.c25e4e81d45d2617b0ab2f5a640eff4b.jpg,1,1,1.0,0.211,0.004,0.054,2.317,1.029,18.436,1.367,24.83
FireSmokeVideoNEW123_f108_jpg.rf.324c16b1e030787e2a19588a578b4df5.jpg,1,1,1.0,0.245,0.005,0.05,2.254,0.966,18.377,1.221,24.555
FireSmokeVideoNEW123_f112_jpg.rf.ef7e157209fea66c4da0a9b66de88567.jpg,1,1,1.0,0.206,0.004,0.05,2.884,1.166,25.102,1.436,32.277
FireSmokeVideoNEW123_f114_jpg.rf.bf8d48047fca455b0f42a273198515cc.jpg,1,1,1.0,0.209,0.004,0.049,5.001,3.145,30.327,1.489,41.649
FireSmokeVideoNEW123_f116_jpg.rf.98c9644c9b593c5edf72505fbd46e59e.jpg,1,1,1.0,0.209,0.005,0.054,7.054,2.063,18.451,1.349,30.672
FireSmokeVideoNEW123_f118_jpg.rf.b477bf1713c31303b31eb7a199ee4c91.jpg,1,1,1.0,0.219,0.005,0.055,4.485,1.073,26.704,2.192,36.231
FireSmokeVideoNEW123_f11_jpg.rf.c8a9964859459a55d8b0b342188a4c08.jpg,1,1,0.8047,0.226,0.005,0.053,4.274,8.148,20.002,5.086,39.739
FireSmokeVideoNEW123_f121_jpg.rf.e2586395c9b367a7c81ae7509f4e39db.jpg,1,1,1.0,0.226,0.004,0.056,11.753,6.36,26.667,3.573,50.388
FireSmokeVideoNEW123_f123_jpg.rf.e2375d9952733650dc776617228bb2f8.jpg,1,1,0.9998,0.23,0.006,0.061,11.114,4.556,33.975,5.368,56.89
FireSmokeVideoNEW123_f126_jpg.rf.73e9b95d773d15252049d96c679bd5df.jpg,1,1,1.0,0.229,0.005,0.059,10.051,7.614,28.387,2.439,50.403
FireSmokeVideoNEW123_f128_jpg.rf.98e64005651b632e0dd4ef0e8e222a80.jpg,1,1,1.0,0.227,0.005,0.059,14.704,10.746,18.493,2.12,48.004
FireSmokeVideoNEW123_f131_jpg.rf.c92c6b57ace2f9ca7cf47e4631e4ceb8.jpg,1,1,1.0,0.228,0.004,0.059,15.743,7.464,29.939,3.677,58.577
FireSmokeVideoNEW123_f133_jpg.rf.8a731b6788e829b919dcc6fbedee2290.jpg,1,1,1.0,0.234,0.005,0.061,16.823,8.821,24.449,3.081,54.978
FireSmokeVideoNEW123_f135_jpg.rf.f13f1e5ca75a57717778dcb1a3bfbfef.jpg,1,1,1.0,0.244,0.005,0.061,16.106,2.975,32.622,3.589,57.657
FireSmokeVideoNEW123_f137_jpg.rf.89be9c03d3b298ac53b1a84fd4bdb93f.jpg,1,1,1.0,0.22,0.004,0.052,8.092,2.614,30.031,1.568,44.071
FireSmokeVideoNEW123_f148_jpg.rf.40d340666298e990735d8ca388cb9816.jpg,1,1,1.0,0.226,0.005,0.054,2.681,1.029,18.415,1.391,25.35
FireSmokeVideoNEW123_f151_jpg.rf.aa3122a12b22ffea0d7a193d7beae8c5.jpg,1,1,1.0,0.228,0.006,0.057,3.255,1.069,18.489,1.986,26.614
FireSmokeVideoNEW123_f153_jpg.rf.2a47a75fafb9f06997f57643fd0c2bd1.jpg,1,1,1.0,0.22,0.004,0.05,5.384,1.101,25.924,2.962,37.173
FireSmokeVideoNEW123_f156_jpg.rf.ae63f1b00917b26c25dda972daf3284b.jpg,1,1,1.0,0.215,0.004,0.05,4.553,0.98,19.986,1.634,28.955
FireSmokeVideoNEW123_f171_jpg.rf.9c1f0a991f5d1c042661894dd366e0fa.jpg,1,1,0.998,0.225,0.004,0.057,2.447,1.087,18.438,1.405,25.123
FireSmokeVideoNEW123_f173_jpg.rf.55d9d95cd78bdff66e92e854c28eb5f0.jpg,1,1,0.9953,0.218,0.004,0.057,2.409,1.002,25.542,1.69,32.38
FireSmokeVideoNEW123_f175_jpg.rf.46d008d35dba2bb66f53dc182961d9a6.jpg,1,1,0.9993,0.314,0.005,0.096,3.836,1.027,21.285,1.345,29.345
FireSmokeVideoNEW123_f177_jpg.rf.c76526af57ef0609dc042f01c15fc77e.jpg,1,1,0.9998,0.214,0.004,0.053,11.567,6.5,28.764,3.436,52.092
FireSmokeVideoNEW123_f23_jpg.rf.51e35fa3a68a33dfdf723d94f317a85b.jpg,1,1,1.0,0.218,0.005,0.054,2.523,1.251,33.777,1.509,40.841
FireSmokeVideoNEW123_f43_jpg.rf.e8008f78b15654db7e58f369714def41.jpg,1,1,1.0,0.223,0.005,0.054,2.904,1.212,15.831,1.319,23.05
FireSmokeVideoNEW123_f47_jpg.rf.19c0d322d98a9e64ad8fb4efd7fc0e4d.jpg,1,1,1.0,0.216,0.004,0.052,2.619,2.012,16.682,1.362,24.414
FireSmokeVideoNEW123_f49_jpg.rf.62d9ee330226fe916f41f8470db9eb64.jpg,1,1,1.0,0.218,0.004,0.056,5.001,6.547,26.526,3.047,42.875
FireSmokeVideoNEW123_f53_jpg.rf.8c311ae20b0033cdae63327dc63e13cb.jpg,1,1,1.0,0.221,0.005,0.057,6.614,3.749,17.403,1.325,30.805
FireSmokeVideoNEW123_f56_jpg.rf.5a5e62ac291b53c106d713eebc9ab978.jpg,1,1,1.0,0.209,0.004,0.054,4.138,0.981,17.056,1.346,25.251
FireSmokeVideoNEW123_f65_jpg.rf.691203ff3979f7125a54151c4b53a24a.jpg,1,1,1.0,0.211,0.004,0.051,5.477,3.572,28.487,1.374,40.621
FireSmokeVideoNEW123_f73_jpg.rf.d9ba153281fb3ea120f2214751a49b98.jpg,1,1,0.9998,0.207,0.004,0.052,7.202,1.096,22.072,1.467,33.686
FireSmokeVideoNEW123_f75_jpg.rf.2d872df94a99a62833cb4a08932ab6d5.jpg,1,1,0.9983,0.23,0.005,0.055,4.003,0.959,28.115,1.446,36.242
FireSmokeVideoNEW123_f79_jpg.rf.bcd14349dff0e46dfcf8deae404a9b58.jpg,1,1,1.0,0.216,0.004,0.081,4.272,3.769,27.571,2.105,39.409
FireSmokeVideoNEW123_f81_jpg.rf.6a3dbcf3f43554d6a4828de674d3b1c6.jpg,1,1,1.0,0.223,0.004,0.054,4.291,1.069,20.7,2.931,30.771
FireSmokeVideoNEW123_f83_jpg.rf.36c5ac6ba183f6e111b612aa4e282b9c.jpg,1,1,1.0,0.237,0.005,0.059,12.523,9.313,20.001,2.272,46.193
FireSmokeVideoNEW123_f93_jpg.rf.af94d96d426a243f0b572fdd6b0cffaa.jpg,1,1,0.9989,0.214,0.005,0.058,10.172,3.95,22.824,2.496,41.359
FireSmokeVideoNEW123_f96_jpg.rf.423f320fddc0053c6a0341c43c5006ec.jpg,1,1,1.0,0.216,0.004,0.096,10.392,9.838,26.535,1.911,50.7
FireSmokeVideoNEW124_f1_jpg.rf.d882ce249beeb12e24fd0367d120b1ff.jpg,1,1,0.9998,0.3,0.004,0.053,6.84,5.153,30.223,4.494,48.599
FireSmokeVideoNEW124_f27_jpg.rf.5cdddd18ce788cc7cf757ab412be6519.jpg,1,1,1.0,0.23,0.005,0.057,6.543,4.584,24.35,1.897,39.13
FireSmokeVideoNEW124_f34_jpg.rf.f3d8859fca5670c5d72b6dcac9134ddf.jpg,1,1,1.0,0.232,0.005,0.056,6.716,3.585,24.117,1.845,38.19
FireSmokeVideoNEW124_f3_jpg.rf.16ade03d9e655a947e2544a8985f60f9.jpg,1,1,0.9999,0.233,0.005,0.059,4.799,4.039,25.011,2.367,38.073
FireSmokeVideoNEW124_f47_jpg.rf.314dec34ced589603b4b73ba0a908a21.jpg,1,1,1.0,0.221,0.005,0.054,7.107,4.242,32.872,1.439,47.465
FireSmokeVideoNEW124_f49_jpg.rf.f17f0a12dec3ed500b6a16528b367689.jpg,1,1,1.0,0.22,0.005,0.056,4.796,1.818,22.452,1.68,32.552
FireSmokeVideoNEW124_f54_jpg.rf.3c6cd3f1f020be4de59ee26347685778.jpg,1,1,1.0,0.235,0.005,0.058,9.361,4.535,25.181,2.97,43.792
FireSmokeVideoNEW124_f56_jpg.rf.34f1587323d712197492c44f17215884.jpg,1,1,0.9998,0.213,0.004,0.052,2.592,2.117,27.429,1.551,35.779
FireSmokeVideoNEW125_f0_jpg.rf.81fe7efddc3253ced13780ec6e408e3c.jpg,1,1,1.0,0.209,0.004,0.056,4.778,1.232,18.429,1.321,27.553
FireSmokeVideoNEW125_f106_jpg.rf.3a904aa90315058997b7ecacfd5fa5b5.jpg,1,1,1.0,0.219,0.005,0.057,2.305,1.026,18.425,1.264,24.844
FireSmokeVideoNEW125_f120_jpg.rf.c8d686137373b25435a8310ad00fd6ab.jpg,1,1,1.0,0.221,0.004,0.053,4.539,3.62,31.716,1.938,43.571
FireSmokeVideoNEW125_f130_jpg.rf.6f68116a78703c1e9340d77fb40469f5.jpg,1,1,1.0,0.216,0.005,0.054,5.566,1.957,18.412,1.302,29.074
FireSmokeVideoNEW125_f48_jpg.rf.cf4af7b857bae0990afd26b3c1980247.jpg,1,1,1.0,0.227,0.004,0.055,2.343,1.337,22.146,1.4,28.902
FireSmokeVideoNEW125_f74_jpg.rf.d0f371fe160c19e18a328a6024aa82cd.jpg,1,1,1.0,0.214,0.004,0.05,3.037,1.039,28.873,1.692,36.401
FireSmokeVideoNEW125_f7_jpg.rf.be240cb2d473d14c67984703664df0b7.jpg,1,1,1.0,0.21,0.004,0.054,4.038,3.718,21.052,2.861,33.636
FireSmokeVideoNEW126_f27_jpg.rf.7346fe8b8287523c5fc6b4e80eaf0f26.jpg,1,1,0.9999,0.206,0.004,0.051,3.758,2.135,24.511,2.572,34.695
FireSmokeVideoNEW126_f29_jpg.rf.5077bf2b2ec0dbc0203d41adf4100e97.jpg,1,1,1.0,0.218,0.005,0.056,6.322,5.973,28.548,1.647,44.422
FireSmokeVideoNEW126_f44_jpg.rf.cd6d14d78dc95c57e52ab92b9f82b3a4.jpg,1,1,1.0,0.283,0.004,0.056,7.695,5.985,20.586,1.543,37.63
FireSmokeVideoNEW126_f48_jpg.rf.da7b9ebcf213b3796a8526e2c8aa6491.jpg,1,1,1.0,0.221,0.005,0.056,6.39,1.465,24.963,3.789,38.337
FireSmokeVideoNEW126_f52_jpg.rf.b195208c78b88a4e65b0aa661c45f466.jpg,1,1,1.0,0.209,0.004,0.05,2.751,1.068,28.927,1.604,36.077
FireSmokeVideoNEW126_f54_jpg.rf.d787da27718524423c5c184be403cc6c.jpg,1,1,1.0,0.21,0.004,0.05,2.586,1.018,20.224,1.436,26.934
FireSmokeVideoNEW126_f56_jpg.rf.d0e363100b9c22d89de0c94a6e8d2e1d.jpg,1,1,1.0,0.206,0.005,0.05,3.344,1.294,18.423,1.26,25.96
FireSmokeVideoNEW126_f58_jpg.rf.c3a944666a891a540b1cfb2bffc2a913.jpg,1,1,1.0,0.216,0.004,0.05,2.681,1.481,24.988,1.459,32.339
FireSmokeVideoNEW126_f62_jpg.rf.812b44d2dbb2f7ac4ae3c3b0d07c88f6.jpg,1,1,1.0,0.21,0.004,0.122,3.128,1.103,19.482,3.007,28.519
FireSmokeVideoNEW126_f64_jpg.rf.de98eff962cdeb3f0682a2c381d22c4d.jpg,1,1,1.0,0.212,0.004,0.049,3.294,1.059,18.431,1.271,25.738
FireSmokeVideoNEW127_f28_jpg.rf.e61d2816bb699753b49da2bf37a1a457.jpg,1,1,0.7099,0.216,0.004,0.053,2.3,1.032,26.543,1.759,33.31
FireSmokeVideoNEW127_f30_jpg.rf.3b48e7019fa19921bbcd22a8fc18a010.jpg,1,1,0.9999,0.211,0.005,0.053,2.298,1.022,18.358,1.229,24.617
FireSmokeVideoNEW127_f34_jpg.rf.0c83d4fb0a63562feb910932eecf60d0.jpg,1,1,1.0,0.204,0.004,0.051,2.495,1.022,18.376,1.231,24.786
FireSmokeVideoNEW127_f44_jpg.rf.a9ef43d66b9ec7d1b8e17f8f36bca741.jpg,1,1,1.0,0.211,0.004,0.05,2.268,1.042,21.42,1.336,27.767
FireSmokeVideoNEW127_f50_jpg.rf.bdcc99d123f67fb733203559f7693ef2.jpg,1,1,0.663,0.215,0.005,0.054,4.94,4.857,25.809,2.186,39.501
FireSmokeVideoNEW127_f82_jpg.rf.9f015bb6a9818f109cc000cd7bdd16e6.jpg,1,1,0.6002,0.213,0.004,0.05,3.696,1.134,18.387,1.302,26.223
FireSmokeVideoNEW127_f9_jpg.rf.eee7846a8bbb29bad98f36c3bb075784.jpg,1,1,1.0,0.211,0.004,0.051,2.244,0.97,26.715,1.481,33.198
FireSmokeVideoNEW128_f12_jpg.rf.0458b54b709948eb3bdcde19ff5095f0.jpg,1,1,1.0,0.212,0.004,0.049,2.21,0.981,18.426,1.255,24.614
FireSmokeVideoNEW128_f14_jpg.rf.a5d3694afb9300f4e3b2b0775addef04.jpg,1,1,1.0,0.21,0.004,0.047,2.228,1.59,18.4,1.304,25.282
FireSmokeVideoNEW128_f20_jpg.rf.98a1afc67a6f33f19bd2f1be2f35851b.jpg,1,1,1.0,0.217,0.005,0.05,4.559,3.875,26.38,2.227,39.046
FireSmokeVideoNEW128_f7_jpg.rf.e0935c0a1913034ce0978e5202e392f4.jpg,1,1,1.0,0.211,0.004,0.049,2.672,1.03,25.012,1.265,31.743
FireSmokeVideoNEW128_f9_jpg.rf.bad1461a9bf07e05694221fb55e56534.jpg,1,1,1.0,0.21,0.005,0.051,2.883,1.05,18.408,1.297,25.358
FireSmokeVideoNEW129_f14_jpg.rf.79c883812d7065ddbec62fd55612a017.jpg,1,1,0.9998,0.211,0.004,0.05,2.621,1.524,24.988,2.643,33.504
FireSmokeVideoNEW12_f24_jpg.rf.7b20fc3b471a7b97fbe9c7e041a0109c.jpg,1,1,1.0,0.22,0.004,0.057,2.455,1.007,18.42,1.313,24.987
FireSmokeVideoNEW12_f38_jpg.rf.96c628a11234c5f9c050b2b4211a2b76.jpg,1,1,1.0,0.211,0.004,0.054,3.087,1.064,21.503,3.52,30.931
FireSmokeVideoNEW12_f51_jpg.rf.6d8e0c1a7b9920ce1193bbb2e094121b.jpg,1,1,1.0,0.223,0.004,0.055,3.647,3.632,25.534,1.499,36.202
FireSmokeVideoNEW12_f64_jpg.rf.13d8bcf8193a21886c21bb66db8fdaa1.jpg,1,1,1.0,0.218,0.004,0.052,3.946,1.015,18.389,1.234,26.28
FireSmokeVideoNEW12_f8_jpg.rf.6d3fc0fe1d943fc0e986aeb39002b689.jpg,1,1,1.0,0.206,0.004,0.051,2.219,1.243,18.432,1.31,24.837
FireSmokeVideoNEW132_f101_jpg.rf.ef8315ebdb257a7832caeb9c2b6c2c3f.jpg,1,1,1.0,0.207,0.004,0.053,2.589,1.091,24.639,2.461,32.432
FireSmokeVideoNEW132_f107_jpg.rf.0be5dc622567ae0ca9a1fa0630d1181a.jpg,1,1,1.0,0.244,0.005,0.055,7.765,3.232,19.513,1.31,33.945
FireSmokeVideoNEW132_f28_jpg.rf.74a57d7f3bf2e80e86a18b4d9ef15767.jpg,1,1,1.0,0.214,0.004,0.052,2.685,1.057,18.384,1.306,25.101
FireSmokeVideoNEW132_f31_jpg.rf.06c6b40b0e311151a8cb5c990fa23e39.jpg,1,1,1.0,0.213,0.004,0.047,2.381,1.042,25.007,1.427,31.541
FireSmokeVideoNEW132_f33_jpg.rf.cf84d4b69b24020d668380d7b87f8d2d.jpg,1,1,1.0,0.208,0.004,0.052,2.435,1.024,18.419,1.244,24.867
FireSmokeVideoNEW132_f43_jpg.rf.1ceb082efbbbe991f9d91d896796f374.jpg,1,1,1.0,0.202,0.004,0.053,2.219,1.016,18.362,1.312,24.665
FireSmokeVideoNEW132_f45_jpg.rf.d73c7cd8c7378af5a370f16c996e99fb.jpg,1,1,1.0,0.2,0.004,0.051,3.48,5.799,44.839,1.841,57.733
FireSmokeVideoNEW132_f48_jpg.rf.a09d6c000c3b5596d9fb43fad2745011.jpg,1,1,1.0,0.215,0.004,0.054,2.258,1.123,22.48,1.531,29.074
FireSmokeVideoNEW132_f51_jpg.rf.2544fe95b715eea490924ece11616b13.jpg,1,1,0.9906,0.222,0.005,0.056,2.312,1.062,22.478,1.354,29.023
FireSmokeVideoNEW132_f53_jpg.rf.09f633453d5c9279a67dca6558daa432.jpg,1,1,0.9921,0.221,0.004,0.058,2.482,1.045,31.236,1.814,38.357
FireSmokeVideoNEW132_f61_jpg.rf.eef43c9d98a86761615b4b2e7793aa19.jpg,1,1,1.0,0.216,0.004,0.054,2.908,1.035,28.28,3.609,37.623
FireSmokeVideoNEW132_f65_jpg.rf.b11b1fb6703934a13f463437460ee272.jpg,1,1,1.0,0.278,0.004,0.056,6.536,4.692,22.566,1.48,37.098
FireSmokeVideoNEW132_f67_jpg.rf.055d65a0c1fa6cf1aa8eea5471003adc.jpg,1,1,1.0,0.217,0.004,0.054,5.411,3.528,34.053,1.547,46.296
FireSmokeVideoNEW132_f92_jpg.rf.69db5eb51f70a35bfd0d9f540f23a975.jpg,1,1,1.0,0.216,0.004,0.054,7.608,5.559,24.469,1.405,40.789
FireSmokeVideoNEW132_f94_jpg.rf.e414a96046b887c8f237fbbeb00eed68.jpg,1,1,0.9994,0.215,0.004,0.056,10.644,7.297,31.581,1.594,53.114
FireSmokeVideoNEW135_f18_jpg.rf.10d9436c6c60d63acd8bc1031b900b8b.jpg,1,1,1.0,0.216,0.004,0.055,4.452,1.456,31.365,1.873,40.872
FireSmokeVideoNEW135_f28_jpg.rf.2944aab5c6eeadf7afa0d88bd6a3a691.jpg,1,1,1.0,0.227,0.005,0.062,2.554,1.051,16.016,1.362,22.856
FireSmokeVideoNEW135_f2_jpg.rf.b170f64290a695a2b517bc86e7d0ab3b.jpg,1,1,1.0,0.214,0.005,0.055,2.318,1.072,19.446,1.356,25.892
FireSmokeVideoNEW135_f37_jpg.rf.1d9c29827509cfacfd57bc7fc93541eb.jpg,1,1,1.0,0.212,0.004,0.051,2.788,1.089,35.138,3.272,44.411
FireSmokeVideoNEW135_f3_jpg.rf.d644c4d3a7e063c498ba9048dfab4c88.jpg,1,1,1.0,0.234,0.005,0.059,4.803,5.895,16.069,1.437,30.16
FireSmokeVideoNEW135_f47_jpg.rf.a02b0d48f9e7132076a8291778099b52.jpg,1,1,1.0,0.234,0.005,0.064,7.018,1.139,18.405,1.333,29.693
FireSmokeVideoNEW135_f58_jpg.rf.51cb12d10437fa9fcb39682569a95cad.jpg,1,1,1.0,0.217,0.005,0.055,2.919,1.019,26.373,1.492,33.578
FireSmokeVideoNEW135_f60_jpg.rf.087d23aeac67fdce07ba0af44364e805.jpg,1,1,1.0,0.208,0.004,0.049,2.288,0.975,22.526,1.33,28.884
FireSmokeVideoNEW135_f64_jpg.rf.3b7b2ceaa7776dde201211a4a258376b.jpg,1,1,1.0,0.216,0.004,0.054,2.976,0.999,31.787,1.9,39.338
FireSmokeVideoNEW135_f74_jpg.rf.48f32d004d58d3ad3c6a754b68eac54f.jpg,1,1,1.0,0.226,0.004,0.057,4.99,6.517,31.584,1.694,46.704
FireSmokeVideoNEW136_f21_jpg.rf.c676865790e30db1c60eb9dd00b38102.jpg,1,1,1.0,0.225,0.005,0.053,4.019,1.829,22.553,1.701,32.121
FireSmokeVideoNEW137_f1_jpg.rf.44d20ad3d89825a859367b20018c4d55.jpg,1,1,1.0,0.239,0.005,0.06,3.869,1.057,22.529,1.721,30.978
FireSmokeVideoNEW137_f3_jpg.rf.03150810b84d787af6292f591ad6a4e2.jpg,1,1,1.0,0.228,0.005,0.056,2.431,4.741,37.697,3.74,50.424
FireSmokeVideoNEW137_f5_jpg.rf.bb04eef8f3bac3bdd70c74ab5ca80a1c.jpg,1,1,1.0,0.242,0.005,0.063,7.049,4.749,28.613,1.66,43.906
FireSmokeVideoNEW137_f7_jpg.rf.320c1db8f24d5c239dcd6e3467d680a7.jpg,1,1,1.0,0.26,0.005,0.062,3.721,1.648,26.852,1.567,35.744
FireSmokeVideoNEW13_f16_jpg.rf.6a22c435851ee372f4425942eed66e62.jpg,1,1,1.0,0.214,0.004,0.055,7.315,5.584,35.197,1.937,51.876
FireSmokeVideoNEW13_f18_jpg.rf.efa310f56dc29914b2bd9a49bb67b566.jpg,1,1,1.0,0.234,0.005,0.062,5.398,1.238,31.921,2.052,42.627
FireSmokeVideoNEW13_f21_jpg.rf.7b7410506fecac2cb64b3fe8ab09e737.jpg,1,1,1.0,0.237,0.005,0.063,2.622,1.145,22.438,1.417,29.522
FireSmokeVideoNEW13_f23_jpg.rf.78dad5d90f1bb63af854c9ace53546c4.jpg,1,1,1.0,0.222,0.005,0.055,2.357,1.7,22.491,1.369,29.74
FireSmokeVideoNEW13_f25_jpg.rf.b6cfcce6c127ccf15fb3aae89ac3b0a4.jpg,1,1,1.0,0.219,0.005,0.054,2.448,1.405,23.873,3.495,32.979
FireSmokeVideoNEW13_f31_jpg.rf.ea9667265ab5c5c893bac955cc1bd2d8.jpg,1,1,1.0,0.287,0.005,0.06,2.399,1.091,33.011,1.406,39.94
FireSmokeVideoNEW13_f42_jpg.rf.ceb4ec2b5e8a3c397fd08d830a71e4cf.jpg,1,1,1.0,0.217,0.004,0.053,3.133,1.468,22.498,1.655,30.501
FireSmokeVideoNEW13_f44_jpg.rf.348a3b9d0972a0d9c68d3917b787a6d8.jpg,1,1,1.0,0.23,0.005,0.056,2.572,1.739,22.473,1.451,30.2
FireSmokeVideoNEW13_f64_jpg.rf.25326a118e4c9cdb02082bf74f0ec540.jpg,1,1,0.9999,0.227,0.005,0.057,4.104,1.348,29.877,2.801,39.926
FireSmokeVideoNEW140_f11_jpg.rf.a6207fe6ddb09f5f7e97d5d07ae02dc2.jpg,1,1,1.0,0.224,0.005,0.057,4.962,4.31,22.919,1.488,35.489
FireSmokeVideoNEW140_f13_jpg.rf.018ea90614339140984d0f1e0bec858a.jpg,1,1,1.0,0.228,0.005,0.059,4.657,4.091,22.523,1.633,34.724
FireSmokeVideoNEW140_f17_jpg.rf.5e202fe64f36b5f2a5750deeefa59055.jpg,1,1,0.9999,0.217,0.005,0.053,4.374,3.805,31.303,1.413,42.612
FireSmokeVideoNEW140_f30_jpg.rf.49b2343f6127b93f05a60c8895d0f0e9.jpg,1,1,0.9999,0.213,0.005,0.052,2.95,1.022,22.557,1.524,29.84
FireSmokeVideoNEW142_f10_jpg.rf.d98506831f9377f7da57191d436872e9.jpg,1,1,0.9809,0.225,0.005,0.054,2.354,1.089,22.549,1.499,29.247
FireSmokeVideoNEW142_f15_jpg.rf.906eebbf2d4656484d899568c537c722.jpg,1,1,0.9522,0.211,0.004,0.051,2.218,0.954,29.705,1.513,36.107
FireSmokeVideoNEW142_f19_jpg.rf.7d661a958573c2fba2e68898fad82dd1.jpg,1,1,0.9994,0.211,0.004,0.053,2.191,0.967,22.521,1.338,28.733
FireSmokeVideoNEW142_f29_jpg.rf.708929a469b97fe2cd62e6233f1d21d7.jpg,1,1,0.9939,0.206,0.005,0.052,2.216,1.013,22.452,1.539,28.862
FireSmokeVideoNEW142_f37_jpg.rf.97715052124ba4f34b332433d91cc643.jpg,1,1,0.9998,0.219,0.004,0.052,2.182,0.943,35.208,4.388,44.426
FireSmokeVideoNEW142_f54_jpg.rf.1f26bc7997e471dc07729284fe18c18f.jpg,1,1,1.0,0.228,0.005,0.057,2.345,3.328,15.883,1.405,24.895
FireSmokeVideoNEW142_f8_jpg.rf.00aae90130d2da7f3e57853763ed478a.jpg,1,1,0.8714,0.223,0.005,0.056,2.237,1.066,19.746,1.312,26.065
FireSmokeVideoNEW143_f10_jpg.rf.2249f8748dbed0cbe077fc35929086ad.jpg,1,1,1.0,0.213,0.004,0.053,2.171,1.087,29.823,1.528,36.294
FireSmokeVideoNEW143_f12_jpg.rf.d4416187c1c950728bad7b5f69e90e2d.jpg,1,1,1.0,0.204,0.004,0.052,2.168,1.046,15.814,1.226,21.898
FireSmokeVideoNEW143_f14_jpg.rf.5189a85e97ec559ae6cf9c019946612e.jpg,1,1,1.0,0.204,0.004,0.051,2.2,0.975,16.167,1.398,22.368
FireSmokeVideoNEW143_f16_jpg.rf.d6685538e86d776ff1c97c5216351548.jpg,1,1,1.0,0.219,0.004,0.051,4.821,0.973,25.075,1.409,34.003
FireSmokeVideoNEW143_f18_jpg.rf.472bd0b240a7f17044f20ad23dff581d.jpg,1,1,1.0,0.21,0.004,0.05,2.785,1.469,22.596,1.288,30.104
FireSmokeVideoNEW143_f1_jpg.rf.01fbe83b52f2f843ba3c88189f37fea8.jpg,1,1,1.0,0.205,0.004,0.049,2.176,0.931,22.628,1.303,28.743
FireSmokeVideoNEW143_f21_jpg.rf.6dbf0a12e69696fd0dfde2eddadb5e2e.jpg,1,1,0.9997,0.204,0.003,0.045,2.147,0.998,30.93,1.701,37.382
FireSmokeVideoNEW143_f23_jpg.rf.a8cea5091500d596c76163953ec1d31f.jpg,1,1,0.9993,0.209,0.004,0.05,6.508,4.844,38.988,1.501,53.615
FireSmokeVideoNEW143_f3_jpg.rf.9c2cc06b1c13399df75a9d14bd736829.jpg,1,1,1.0,0.243,0.005,0.066,2.609,1.006,22.591,1.459,29.494
FireSmokeVideoNEW143_f5_jpg.rf.64a711abecb37a1a846511bdfcbfebbb.jpg,1,1,1.0,0.221,0.004,0.053,2.299,1.587,31.452,1.858,39.053
FireSmokeVideoNEW143_f7_jpg.rf.4d5253963cd2437b2d67e58efadda1eb.jpg,1,1,1.0,0.238,0.005,0.063,2.462,1.063,22.52,1.772,29.823
FireSmokeVideoNEW143_f9_jpg.rf.3d8408a7c28207a4594f6116d3dc8e22.jpg,1,1,1.0,0.227,0.005,0.057,4.038,1.088,28.451,4.176,39.677
FireSmokeVideoNEW144_f13_jpg.rf.c9b4dbc9c1a23680b793172414c6a328.jpg,1,1,1.0,0.253,0.005,0.065,3.551,1.175,31.625,1.464,39.763
FireSmokeVideoNEW144_f15_jpg.rf.a053017bcfa3d28a92e025311f6a4898.jpg,1,1,1.0,0.231,0.004,0.058,2.296,1.153,22.566,1.425,29.224
FireSmokeVideoNEW144_f1_jpg.rf.e48ee444ef2493ae5f7c6774c4860fc8.jpg,1,1,1.0,0.226,0.005,0.058,2.549,1.115,22.579,1.436,29.47
FireSmokeVideoNEW144_f3_jpg.rf.54afa08b1aa96e20b43e15a861ee1819.jpg,1,1,1.0,0.217,0.005,0.059,2.293,1.093,31.846,2.988,39.96
FireSmokeVideoNEW144_f5_jpg.rf.df207ef6f7909fed8b962d39d097a503.jpg,1,1,1.0,0.234,0.005,0.064,3.302,1.42,15.838,1.398,23.707
FireSmokeVideoNEW145_f1_jpg.rf.c98959994bf43a00ccccdbaa8e72f04a.jpg,1,1,0.9999,0.217,0.004,0.053,2.406,1.016,16.14,1.362,22.594
FireSmokeVideoNEW146_f101_jpg.rf.fe2634fca5b5d1f2c9e70545fad522da.jpg,1,1,0.9999,0.217,0.005,0.056,2.299,1.212,29.793,1.337,36.332
FireSmokeVideoNEW146_f106_jpg.rf.9892c623f0f9bd29dbbcc214bc814b41.jpg,1,1,1.0,0.21,0.005,0.053,2.204,0.95,22.497,1.322,28.627
FireSmokeVideoNEW146_f109_jpg.rf.384c83e02b0e4015cf5e4c8503673308.jpg,1,1,0.9999,0.21,0.011,0.05,3.715,6.114,36.816,2.436,50.935
FireSmokeVideoNEW146_f111_jpg.rf.ade51d43e61f28f35c8031cdf6817d02.jpg,1,1,0.9998,0.23,0.005,0.059,2.354,1.077,21.437,1.374,28.04
FireSmokeVideoNEW146_f113_jpg.rf.ab8e22e960ad7213184583c588b4c445.jpg,1,1,0.9997,0.221,0.004,0.055,2.354,1.414,17.576,1.488,24.681
FireSmokeVideoNEW146_f117_jpg.rf.23a02761ea49a223ae6bf03a68d0fbdb.jpg,1,1,1.0,0.219,0.004,0.058,2.388,0.981,18.425,1.285,24.856
FireSmokeVideoNEW146_f140_jpg.rf.2a95b7d14beac9ebfdfee7a038f57378.jpg,1,1,0.9817,0.208,0.004,0.051,4.435,1.98,35.467,4.099,47.752
FireSmokeVideoNEW146_f142_jpg.rf.9d3a06313e6023fc10a5ffc8f82f475b.jpg,1,1,0.9898,0.227,0.005,0.058,3.354,1.051,22.224,1.384,29.875
FireSmokeVideoNEW146_f144_jpg.rf.d8a99d5d28baa2ba0d34ff6b6332c3c8.jpg,1,1,1.0,0.217,0.004,0.054,3.095,0.997,22.538,1.309,29.626
FireSmokeVideoNEW146_f151_jpg.rf.0fbffe058eb1e6cbac9fef14aead5b33.jpg,1,1,0.8273,0.217,0.005,0.054,3.882,1.028,31.563,1.377,39.639
FireSmokeVideoNEW146_f153_jpg.rf.fd1770e9a7a7dd230630573819f73610.jpg,1,1,0.9997,0.216,0.004,0.055,2.828,0.966,22.535,1.354,29.379
FireSmokeVideoNEW146_f159_jpg.rf.bdff825023e2cc456f066faf7f44afb1.jpg,1,1,1.0,0.218,0.005,0.051,5.141,1.043,22.477,1.521,31.908
FireSmokeVideoNEW146_f161_jpg.rf.ff917c26295ce3ed066b0a6739d7b4e1.jpg,1,1,1.0,0.219,0.005,0.053,2.423,0.965,31.278,1.363,37.747
FireSmokeVideoNEW146_f163_jpg.rf.e4bf576b4016d399937d584007322e6b.jpg,1,1,1.0,0.213,0.005,0.052,2.326,0.955,22.495,1.571,28.964
FireSmokeVideoNEW146_f17_jpg.rf.1b3689a90a841172097fcbfa904ff096.jpg,1,1,1.0,0.207,0.004,0.052,2.19,0.95,22.468,1.309,28.594
FireSmokeVideoNEW146_f19_jpg.rf.1163c954509ad8d43502cfe74353caf1.jpg,1,1,1.0,0.207,0.004,0.052,3.724,1.017,34.801,4.402,45.673
FireSmokeVideoNEW146_f22_jpg.rf.860d47b110f7a7b5dc0909f99ed6c8aa.jpg,1,1,1.0,0.228,0.005,0.062,2.006,1.352,22.52,1.326,29.096
FireSmokeVideoNEW146_f24_jpg.rf.4d4437854a9dd5bfd679122ce6356411.jpg,1,1,1.0,0.22,0.005,0.055,3.032,1.055,22.531,1.371,29.798
FireSmokeVideoNEW146_f35_jpg.rf.569ada06b02691fc519a8f024219fe15.jpg,1,1,0.9784,0.22,0.005,0.054,3.359,1.021,31.622,1.864,39.758
FireSmokeVideoNEW146_f49_jpg.rf.0bf5dac5124fa16d11d0830e0a753409.jpg,1,1,1.0,0.215,0.005,0.055,5.518,1.098,22.542,1.306,32.228
FireSmokeVideoNEW146_f51_jpg.rf.15d197cb6c2c43ab6c0fdadab8dc7b2c.jpg,1,1,1.0,0.221,0.005,0.056,10.316,3.906,24.166,1.467,41.603
FireSmokeVideoNEW146_f53_jpg.rf.01946d65982e4d93d26c7b9db3102b40.jpg,1,1,1.0,0.217,0.005,0.054,2.91,1.249,30.981,1.726,38.603
FireSmokeVideoNEW147_f102_jpg.rf.4f6c2948924181f2c14e48f8ed4bfb1f.jpg,1,1,1.0,0.213,0.004,0.052,2.521,1.035,22.558,1.596,29.434
FireSmokeVideoNEW147_f10_jpg.rf.86ed5ec2ef774ba63776378184197396.jpg,1,1,1.0,0.215,0.005,0.056,2.257,1.595,22.522,1.384,29.578
FireSmokeVideoNEW147_f49_jpg.rf.920daf7fb589a9b3becd83173d91f717.jpg,1,1,1.0,0.22,0.004,0.055,2.848,1.3,38.812,4.421,49.288
FireSmokeVideoNEW147_f50_jpg.rf.11dc15cc50117b65a3595ffadfa635c9.jpg,1,1,1.0,0.245,0.005,0.063,2.45,1.051,15.925,1.622,23.032
FireSmokeVideoNEW147_f52_jpg.rf.1f1622d0cb5a2a41596f582631aae192.jpg,1,1,1.0,0.224,0.005,0.06,2.887,1.019,18.883,1.476,26.097
FireSmokeVideoNEW147_f62_jpg.rf.1f159e881f75e24efb4e84a5f275f06f.jpg,1,1,1.0,0.234,0.005,0.094,2.322,1.018,31.724,1.807,39.149
FireSmokeVideoNEW147_f64_jpg.rf.148efc59d85c9883a1e2a9951450522b.jpg,1,1,1.0,0.221,0.006,0.056,3.525,1.263,23.846,3.447,34.035
FireSmokeVideoNEW147_f72_jpg.rf.c65d7aa435fdb2ec18d34e18004a07e1.jpg,1,1,1.0,0.237,0.005,0.061,2.475,1.054,24.327,1.332,31.129
FireSmokeVideoNEW147_f75_jpg.rf.02fed88bb0f331b3e631edec406e62cf.jpg,1,1,1.0,0.217,0.004,0.055,2.248,0.98,31.523,1.786,38.317
FireSmokeVideoNEW147_f7_jpg.rf.9747f57a7c176ccf7009a4d4b069f9ec.jpg,1,1,1.0,0.21,0.004,0.054,2.207,0.971,22.516,1.362,28.769
FireSmokeVideoNEW147_f99_jpg.rf.b1df66b8d99531ae4e234cda5311bf60.jpg,1,1,1.0,0.216,0.005,0.054,2.242,0.969,22.541,1.339,28.766
FireSmokeVideoNEW148_f10_jpg.rf.0dc92d22744e903a32a3c83646b68d39.jpg,1,1,0.9996,0.218,0.005,0.054,5.25,4.678,36.977,4.817,53.706
FireSmokeVideoNEW148_f12_jpg.rf.52dbece6256403bd64d1463b18e78b5f.jpg,1,1,0.9991,0.242,0.005,0.067,5.148,0.897,15.922,1.443,25.314
FireSmokeVideoNEW148_f14_jpg.rf.f705015083aa7f6b5d9e98fbe6b36b40.jpg,1,1,0.9997,0.229,0.005,0.059,4.952,4.442,22.511,1.44,35.327
FireSmokeVideoNEW148_f16_jpg.rf.efe282d05092639ca948cb54eec0b644.jpg,1,1,1.0,0.234,0.005,0.058,5.744,3.984,32.044,1.444,45.102
FireSmokeVideoNEW148_f18_jpg.rf.25cf073fc5c999087720cdb1568d26cb.jpg,1,1,1.0,0.229,0.004,0.057,2.58,1.154,22.499,1.383,29.439
FireSmokeVideoNEW148_f1_jpg.rf.08a7d028ddf308f88bed66f6adbe05ae.jpg,1,1,0.9461,0.219,0.005,0.056,2.441,0.967,22.541,1.346,29.094
FireSmokeVideoNEW148_f21_jpg.rf.d3c907302072bcf371911184b42a8bce.jpg,1,1,1.0,0.214,0.004,0.05,3.097,3.567,31.357,1.405,41.122
FireSmokeVideoNEW148_f23_jpg.rf.bb7a8c385f12966c93224cd7de5533ac.jpg,1,1,1.0,0.218,0.005,0.053,4.699,3.82,22.505,1.638,34.503
FireSmokeVideoNEW148_f2_jpg.rf.cc3395286ff35ee596125fb994bdfc73.jpg,1,1,0.8546,0.218,0.004,0.054,5.004,4.573,38.667,1.437,51.629
FireSmokeVideoNEW148_f38_jpg.rf.3e772f6833c02d74cc3a9eb84130c6a2.jpg,1,1,1.0,0.252,0.005,0.054,6.249,3.592,31.339,1.494,44.54
FireSmokeVideoNEW148_f45_jpg.rf.c111b115dfee39f87d8bb3fefd29e481.jpg,1,1,0.9996,0.23,0.005,0.056,2.367,1.044,22.495,1.354,29.126
FireSmokeVideoNEW148_f4_jpg.rf.b5e711e0d8349a97597cf658055f912f.jpg,1,1,0.9999,0.22,0.005,0.054,3.065,1.075,31.697,1.415,39.123
FireSmokeVideoNEW148_f5_jpg.rf.a5397150607d4f0b596ec44a6c28888e.jpg,1,1,0.9993,0.262,0.004,0.057,5.553,4.473,24.151,1.414,37.435
FireSmokeVideoNEW148_f69_jpg.rf.0c25ebea3342d2fe4d94d8cc76dd4bcf.jpg,1,1,1.0,0.228,0.005,0.056,7.161,3.719,31.923,1.495,46.131
FireSmokeVideoNEW148_f7_jpg.rf.bef5a3ae44c17a02e467edb3d5a4c8ac.jpg,1,1,0.8886,0.22,0.004,0.053,4.574,1.129,22.495,1.358,31.411
FireSmokeVideoNEW148_f86_jpg.rf.9a4b43078d141504677a016831cf6308.jpg,1,1,1.0,0.222,0.005,0.055,3.112,1.092,31.595,1.849,39.455
FireSmokeVideoNEW148_f88_jpg.rf.8c2fdce293148f53b72c01a544a59ba9.jpg,1,1,1.0,0.227,0.005,0.057,5.903,3.283,22.628,1.501,35.424
FireSmokeVideoNEW148_f9_jpg.rf.720035ab761052597ad6cea16d2280e4.jpg,1,1,0.9928,0.211,0.004,0.053,5.309,3.101,31.307,1.377,42.782
FireSmokeVideoNEW150_f101_jpg.rf.33953232d7c51fdee6b7e2ce2865d0ba.jpg,1,1,1.0,0.216,0.004,0.059,2.351,0.983,22.497,1.333,28.888
FireSmokeVideoNEW150_f126_jpg.rf.32aee877b840a9c2ea22f01d2f5fb303.jpg,1,1,1.0,0.218,0.004,0.058,4.762,3.104,31.516,1.452,42.962
FireSmokeVideoNEW150_f14_jpg.rf.444a98b29116e080a6a4a0501bb9f0f7.jpg,1,1,1.0,0.234,0.005,0.063,7.169,4.343,25.446,1.666,40.494
FireSmokeVideoNEW150_f16_jpg.rf.1e363290e42953136c50c91b146e07d9.jpg,1,1,1.0,0.228,0.005,0.06,2.4,1.021,21.172,2.641,29.11
FireSmokeVideoNEW150_f19_jpg.rf.b8f3ae94cfe25f126a004e4fa29e7bdb.jpg,1,1,1.0,0.225,0.005,0.059,2.355,1.007,21.812,1.58,28.498
FireSmokeVideoNEW150_f21_jpg.rf.d067747b0ef9247ab15d7d8d359a08aa.jpg,1,1,1.0,0.213,0.005,0.054,2.208,1.072,22.493,1.58,29.022
FireSmokeVideoNEW150_f27_jpg.rf.5c97dd97e9ed1deda7fb24fce2121f90.jpg,1,1,1.0,0.208,0.005,0.05,2.244,0.952,35.618,4.255,44.774
FireSmokeVideoNEW150_f29_jpg.rf.5511e763f9c244616f5e77ce9b91c813.jpg,1,1,1.0,0.23,0.005,0.063,2.508,1.035,17.223,1.521,24.151
FireSmokeVideoNEW150_f30_jpg.rf.9d4832733e3b2a93417a5c8b84aee5d0.jpg,1,1,1.0,0.215,0.004,0.057,2.611,1.0,17.041,1.384,23.824
FireSmokeVideoNEW150_f35_jpg.rf.e659edf7e73a723edf7cb3df1ace88a3.jpg,1,1,1.0,0.21,0.004,0.053,2.859,1.119,31.637,1.426,38.75
FireSmokeVideoNEW150_f37_jpg.rf.3d99dc493af34a4278cbad08dacccd20.jpg,1,1,1.0,0.209,0.004,0.053,2.212,1.04,22.516,1.588,29.017
FireSmokeVideoNEW150_f39_jpg.rf.16f3dc6a8d25292027d805693095ce6f.jpg,1,1,1.0,0.219,0.005,0.052,2.339,3.707,35.283,1.546,44.638
FireSmokeVideoNEW150_f40_jpg.rf.a8ed31240a813fc1b3b194e5dc286200.jpg,1,1,1.0,0.213,0.005,0.056,2.906,1.169,31.288,1.522,38.721
FireSmokeVideoNEW150_f49_jpg.rf.894a7d0a845e4f06aaf52084b00c6d3f.jpg,1,1,1.0,0.215,0.005,0.053,2.64,1.255,22.967,1.388,30.076
FireSmokeVideoNEW150_f52_jpg.rf.3a9421d2d5bba6909fe121dc0c5e5951.jpg,1,1,1.0,0.228,0.005,0.06,2.386,1.121,22.595,1.355,29.71
FireSmokeVideoNEW150_f75_jpg.rf.3abfaf3dfa1a54a3000ae55b88ef6e38.jpg,1,1,1.0,0.213,0.004,0.051,2.291,1.115,37.146,3.684,45.934
FireSmokeVideoNEW150_f93_jpg.rf.483917c98f627d6edb1ce0a19c709f2c.jpg,1,1,1.0,0.238,0.005,0.061,2.856,1.121,16.051,1.496,23.831
FireSmokeVideoNEW153_f102_jpg.rf.04284ab61b7234532f0b9026058be288.jpg,1,1,0.9999,0.225,0.005,0.098,3.502,1.061,19.406,1.448,27.19
FireSmokeVideoNEW153_f105_jpg.rf.25bcafa89f42721d551841633e56ab3f.jpg,1,1,1.0,0.212,0.005,0.051,2.884,1.039,31.775,1.448,38.879
FireSmokeVideoNEW153_f108_jpg.rf.8c8d79a0e6dc7c4a31aab13cb893358b.jpg,1,1,1.0,0.217,0.005,0.053,2.345,1.046,22.672,1.351,29.145
FireSmokeVideoNEW153_f111_jpg.rf.44b4559f78806fba0bd71c69f0768418.jpg,1,1,1.0,0.215,0.005,0.052,7.549,5.957,26.684,1.723,43.709
FireSmokeVideoNEW153_f113_jpg.rf.f74466106550bec39e4d5cf1fa49d5b3.jpg,1,1,1.0,0.225,0.005,0.053,5.821,1.122,31.487,1.534,42.01
FireSmokeVideoNEW153_f117_jpg.rf.0f30b08c290b5e28fe270c5062c46051.jpg,1,1,1.0,0.237,0.006,0.061,3.998,1.18,22.469,1.703,31.239
FireSmokeVideoNEW153_f124_jpg.rf.9a2353fcb4544032a30aaa5e6bd64ee0.jpg,1,1,0.9999,0.222,0.005,0.054,3.035,1.1,22.555,1.364,30.191
FireSmokeVideoNEW153_f12_jpg.rf.b366ca33845d67e9a395b25b15cb447b.jpg,1,1,1.0,0.216,0.004,0.052,3.874,1.018,39.209,3.942,49.87
FireSmokeVideoNEW153_f137_jpg.rf.d9411938e113c254dffcf511b582d027.jpg,1,1,1.0,0.225,0.005,0.054,2.435,1.021,22.517,1.359,29.144
FireSmokeVideoNEW153_f140_jpg.rf.6bf670b7eeffa899441ef3e9dba2adcd.jpg,1,1,1.0,0.225,0.005,0.085,4.241,1.263,22.551,1.363,31.258
FireSmokeVideoNEW153_f150_jpg.rf.25dbe19041bed476d4f58048b1a59414.jpg,1,1,1.0,0.226,0.005,0.053,2.454,1.022,29.85,1.541,36.775
FireSmokeVideoNEW153_f155_jpg.rf.4cbaf0dadb73c614812b924695d039a7.jpg,1,1,1.0,0.215,0.004,0.054,2.332,0.991,22.561,1.391,29.08
FireSmokeVideoNEW153_f166_jpg.rf.c1a67b7a7cbbfd8f7b0ed5186ba9ec9a.jpg,1,1,1.0,0.211,0.004,0.05,6.322,4.502,25.712,1.355,39.746
FireSmokeVideoNEW153_f175_jpg.rf.58e26ccc4e06d1d75c4b04c9b1712d9c.jpg,1,1,1.0,0.222,0.005,0.052,4.036,0.981,31.629,1.701,40.064
FireSmokeVideoNEW153_f190_jpg.rf.256ddc0fa216968cc5333bb8e84e3476.jpg,1,1,1.0,0.21,0.004,0.05,3.212,1.068,22.486,1.31,29.805
FireSmokeVideoNEW153_f20_jpg.rf.288cad55c0d4103264306149626fb2b0.jpg,1,1,1.0,0.217,0.005,0.053,3.309,1.031,22.47,1.309,29.864
FireSmokeVideoNEW153_f218_jpg.rf.bd10302a298b9d028ae7b44461c82a6f.jpg,1,1,1.0,0.221,0.005,0.093,3.846,1.046,37.013,3.868,47.535
FireSmokeVideoNEW153_f222_jpg.rf.66b912ceebfd666ff1c413bcf55c3d19.jpg,1,1,0.9999,0.23,0.006,0.053,2.977,1.123,22.531,1.421,30.032
FireSmokeVideoNEW153_f224_jpg.rf.966c2cdd02d2ec6671f46f99e4fdce16.jpg,1,1,0.9999,0.234,0.005,0.059,2.889,1.072,22.52,1.357,29.747
FireSmokeVideoNEW153_f228_jpg.rf.7571f42b5e5967cfa1d7a3598b22ebd0.jpg,1,1,0.9996,0.219,0.004,0.047,2.998,1.721,31.401,1.83,39.867
FireSmokeVideoNEW153_f31_jpg.rf.29c7b86d56504af7fcfde12a31536ea7.jpg,1,1,1.0,0.215,0.012,0.049,6.269,1.09,22.594,3.477,35.253
FireSmokeVideoNEW153_f39_jpg.rf.67df6e0a99a896aa75dc69161de13ca4.jpg,1,1,1.0,0.212,0.005,0.048,3.715,1.063,22.544,1.361,30.537
FireSmokeVideoNEW153_f45_jpg.rf.7e48982adb68742dcb6b0fad3eb26fe8.jpg,1,1,1.0,0.218,0.005,0.054,4.932,1.082,29.585,1.814,39.292
FireSmokeVideoNEW153_f48_jpg.rf.bac071423e7f6c0aafdc107c3521e7f0.jpg,1,1,1.0,0.206,0.005,0.051,5.054,1.085,22.495,1.279,31.543
FireSmokeVideoNEW153_f64_jpg.rf.a2b94d7a56781c4cdfb3c151eb143367.jpg,1,1,0.9999,0.208,0.012,0.046,2.815,1.038,22.46,1.507,29.559
FireSmokeVideoNEW153_f68_jpg.rf.f5b162bdfbc33af2159fc2bc9426eed6.jpg,1,1,1.0,0.21,0.005,0.051,3.593,1.778,35.679,4.127,46.999
FireSmokeVideoNEW153_f71_jpg.rf.c23db68bddcdb21801dbebc0c061e76b.jpg,1,1,1.0,0.229,0.027,0.06,2.674,6.319,22.547,1.33,34.588
FireSmokeVideoNEW153_f87_jpg.rf.6baf2f06090e0337483ada248509cb59.jpg,1,1,1.0,0.22,0.005,0.054,3.021,1.035,22.488,1.355,29.681
FireSmokeVideoNEW153_f90_jpg.rf.9023719adf04d4044c938ccb993dd1e8.jpg,1,1,0.9999,0.224,0.005,0.052,2.756,1.041,29.749,1.682,36.963
FireSmokeVideoNEW153_f92_jpg.rf.e84aa4e8fdac769782fd8658cde448fd.jpg,1,1,0.9999,0.211,0.004,0.05,3.949,1.132,26.49,4.0,37.723
FireSmokeVideoNEW153_f95_jpg.rf.99a25f547c16948f571a8789a3b182fc.jpg,1,1,1.0,0.233,0.005,0.058,4.331,1.496,22.529,1.67,31.901
FireSmokeVideoNEW155_f10_jpg.rf.c748381fdf197879771b4e7e6b3f29d8.jpg,1,1,1.0,0.211,0.004,0.051,2.364,0.983,31.613,1.51,38.184
FireSmokeVideoNEW155_f12_jpg.rf.1968aa1bef09745bcd6ac5288a9c9358.jpg,1,1,1.0,0.218,0.005,0.048,3.129,1.117,22.634,1.374,30.423
FireSmokeVideoNEW155_f14_jpg.rf.fb317c01dc2a95cdd45a4093b27718f0.jpg,1,1,1.0,0.219,0.005,0.047,4.8,3.876,22.565,1.306,34.313
FireSmokeVideoNEW155_f16_jpg.rf.d8fe076c461d48744bee7c042abcc5f8.jpg,1,1,1.0,0.222,0.005,0.05,5.497,4.994,41.623,1.496,55.417
FireSmokeVideoNEW155_f24_jpg.rf.b28dccb64a14935ed7dee307a54574de.jpg,1,1,1.0,0.219,0.005,0.052,5.466,4.234,15.937,1.603,29.355
FireSmokeVideoNEW155_f2_jpg.rf.fa36401821aec5900cc2c85e1226c0a2.jpg,1,1,1.0,0.229,0.005,0.058,4.114,1.144,22.496,1.552,31.175
FireSmokeVideoNEW155_f42_jpg.rf.c60947293513766a592f90a1541d9092.jpg,1,1,1.0,0.214,0.005,0.052,2.361,0.988,29.411,1.73,36.273
FireSmokeVideoNEW155_f49_jpg.rf.3c06fb2c6a26091589977194a4abab76.jpg,1,1,1.0,0.257,0.005,0.05,2.302,0.964,24.993,3.065,33.078
FireSmokeVideoNEW155_f50_jpg.rf.80677d5b907912711a6920a084d1e89c.jpg,1,1,1.0,0.223,0.005,0.059,2.459,1.052,24.309,1.555,31.177
FireSmokeVideoNEW155_f5_jpg.rf.3cb78f9d303c52509e0578544d2da27c.jpg,1,1,1.0,0.218,0.005,0.053,2.342,4.415,31.632,1.766,42.051
FireSmokeVideoNEW155_f62_jpg.rf.9ab8fb2faf5d035ac1c6744445b9c213.jpg,1,1,1.0,0.224,0.004,0.053,2.266,0.984,22.525,1.681,29.275
FireSmokeVideoNEW155_f6_jpg.rf.1667a85146b807e8f44d7c22058489eb.jpg,1,1,1.0,0.217,0.004,0.054,2.379,1.123,22.73,1.755,29.766
FireSmokeVideoNEW156_f15_jpg.rf.fb5dd0148524a2cda3bb53f4e0121715.jpg,1,1,1.0,0.227,0.004,0.055,5.168,3.835,31.728,1.364,43.861
FireSmokeVideoNEW156_f175_jpg.rf.60debd3147792c3a493655b096e73fa4.jpg,1,1,1.0,0.25,0.004,0.053,3.868,1.688,22.556,1.564,31.524
FireSmokeVideoNEW158_f39_jpg.rf.7f473b556e3cd2815542ec5bf6db3e6d.jpg,1,1,0.9999,0.221,0.005,0.053,2.274,1.03,22.528,1.769,29.395
FireSmokeVideoNEW158_f46_jpg.rf.6b82b2f486e4e624ea9461a55db99dca.jpg,1,1,1.0,0.213,0.005,0.049,2.982,0.973,31.617,1.381,39.04
FireSmokeVideoNEW158_f48_jpg.rf.3168d65ca51af21e092746c775d953fc.jpg,1,1,1.0,0.211,0.004,0.048,5.891,4.108,37.033,1.592,50.312
FireSmokeVideoNEW158_f59_jpg.rf.869a05d37638c92d9fe0dd626efd31d0.jpg,1,1,1.0,0.219,0.005,0.053,3.297,1.356,16.095,1.365,23.849
FireSmokeVideoNEW158_f63_jpg.rf.2d1014dc2ef5040b98a27fe60ab19d6a.jpg,1,1,0.9999,0.222,0.004,0.054,2.64,0.994,29.47,1.683,36.623
FireSmokeVideoNEW158_f90_jpg.rf.d48168cb4bb38538fc1ed5cabc7142b2.jpg,1,1,1.0,0.213,0.004,0.052,2.21,0.939,22.629,1.366,28.887
FireSmokeVideoNEW158_f92_jpg.rf.9c84ccbe9534bc160399d17379f8b111.jpg,1,1,0.9987,0.213,0.005,0.048,2.334,0.944,25.219,4.127,34.327
FireSmokeVideoNEW159_f112_jpg.rf.591c03eb9db15672f4cd8b4abb898d89.jpg,1,1,0.9999,0.298,0.005,0.059,6.784,3.829,31.599,1.434,45.478
FireSmokeVideoNEW15_f12_jpg.rf.f51125d1af8ad086351a7886b0f5009b.jpg,1,1,1.0,0.225,0.005,0.055,3.311,1.365,22.596,1.391,30.466
FireSmokeVideoNEW15_f14_jpg.rf.9d67d376bf8c041638caeff48acaf623.jpg,1,1,1.0,0.251,0.005,0.054,2.926,1.335,22.566,1.354,30.037
FireSmokeVideoNEW15_f17_jpg.rf.86e7dbb8918e3b1b2f626273bd55b8d0.jpg,1,1,1.0,0.215,0.004,0.05,2.42,1.024,30.064,1.522,36.713
FireSmokeVideoNEW15_f1_jpg.rf.f344ff4bba1c59aa5c50709afb19e455.jpg,1,1,1.0,0.227,0.004,0.054,4.567,1.242,22.526,1.352,31.394
FireSmokeVideoNEW15_f2_jpg.rf.a31e556d5f3a6dbd7ff44311ef8efbae.jpg,1,1,1.0,0.221,0.005,0.052,2.704,1.108,22.502,1.399,29.55
FireSmokeVideoNEW15_f6_jpg.rf.436addb93652b050d3dd3b2c60b0bfec.jpg,1,1,1.0,0.267,0.004,0.053,2.398,1.793,31.544,1.681,39.194
FireSmokeVideoNEW160_f103_jpg.rf.20ecce466add4381dcaa03df05ea7770.jpg,1,1,0.9989,0.21,0.004,0.049,3.167,1.025,22.634,1.436,30.098
FireSmokeVideoNEW160_f12_jpg.rf.bfc71795a2763b42e2e484455ff7f31b.jpg,1,1,0.9993,0.231,0.005,0.057,6.537,4.995,31.776,1.464,46.538
FireSmokeVideoNEW160_f15_jpg.rf.f44bad4c3e3af5089ecdb301e701e787.jpg,1,1,0.9996,0.237,0.005,0.06,2.583,0.983,22.628,1.387,29.363
FireSmokeVideoNEW160_f16_jpg.rf.428bb15b7ae1c7facd99f425b6d7df6a.jpg,1,1,0.9732,0.207,0.005,0.048,2.221,1.029,22.581,1.358,28.829
FireSmokeVideoNEW160_f173_jpg.rf.b2e66370e2f2c1cb16de0df2907336f7.jpg,1,1,1.0,0.217,0.004,0.047,2.367,0.962,29.233,3.459,37.703
FireSmokeVideoNEW160_f177_jpg.rf.d1a861e50ebc4461caaecf62f63ebc59.jpg,1,1,0.9947,0.228,0.005,0.049,6.689,4.927,26.072,1.711,41.654
FireSmokeVideoNEW160_f1_jpg.rf.190758d8c7a682c5b7daac081dfb3a78.jpg,1,1,1.0,0.231,0.005,0.057,2.596,1.029,22.511,1.663,29.575
FireSmokeVideoNEW160_f2_jpg.rf.fce089d8284f0950ae97be3eba63439a.jpg,1,1,1.0,0.218,0.005,0.048,2.335,4.026,32.005,1.86,41.959
FireSmokeVideoNEW160_f33_jpg.rf.108f8a672b6f88d2b89ac7f95422009c.jpg,1,1,1.0,0.237,0.005,0.06,5.562,3.248,22.51,1.332,34.353
FireSmokeVideoNEW160_f35_jpg.rf.c16d0976f3f76c13a1330b5768eca00a.jpg,1,1,0.9999,0.251,0.005,0.055,4.964,4.096,33.593,7.027,51.555
FireSmokeVideoNEW160_f39_jpg.rf.d3e3a3c1485f2d01aec9cad353813e12.jpg,1,1,1.0,0.661,0.006,0.065,3.02,2.25,31.413,1.9,40.972
FireSmokeVideoNEW160_f41_jpg.rf.aa9f5312160d0bd036a5938074fddac9.jpg,1,1,0.9065,0.252,0.005,0.068,2.481,1.128,22.508,1.883,30.073
FireSmokeVideoNEW160_f44_jpg.rf.1cc92e380feb65d1eb40ba795881b5d5.jpg,1,1,1.0,0.231,0.005,0.056,3.258,1.096,22.548,1.36,30.072
FireSmokeVideoNEW160_f46_jpg.rf.dd383a61ddf4ac103ba2ab38fafc1304.jpg,1,1,1.0,0.23,0.005,0.06,4.596,4.309,37.866,1.816,50.365
FireSmokeVideoNEW160_f48_jpg.rf.7dd4aefed27d023e4052d016859d86ba.jpg,1,1,0.9995,0.221,0.005,0.054,2.831,1.425,15.952,1.421,23.372
FireSmokeVideoNEW160_f4_jpg.rf.a216d4761627cf8ad4fe93da11263bd4.jpg,1,1,1.0,0.228,0.005,0.056,2.281,1.272,22.508,1.698,29.562
FireSmokeVideoNEW160_f52_jpg.rf.3228c111f52937aaf63b39337eba40f8.jpg,1,1,1.0,0.22,0.005,0.05,2.201,0.986,31.261,1.678,38.24
FireSmokeVideoNEW160_f55_jpg.rf.92746e806b8a448bd9fa5ebc37187ef2.jpg,1,1,1.0,0.221,0.004,0.05,6.041,4.776,38.481,1.459,52.469
FireSmokeVideoNEW160_f57_jpg.rf.8a91ec76e3647b46e08933b3462af691.jpg,1,1,1.0,0.224,0.005,0.055,3.988,1.556,22.513,1.661,31.667
FireSmokeVideoNEW160_f59_jpg.rf.170fd687380bef8f766d9e266cb85053.jpg,1,1,1.0,0.234,0.005,0.054,2.698,1.469,31.417,1.916,39.378
FireSmokeVideoNEW160_f63_jpg.rf.db93f533170822e20526f9e532b5e51b.jpg,1,1,1.0,0.224,0.005,0.049,2.497,1.196,22.478,1.677,29.574
FireSmokeVideoNEW160_f6_jpg.rf.ac5b4b5a9f3e3488066181df85e3f326.jpg,1,1,1.0,0.213,0.005,0.052,2.378,1.213,30.203,4.295,39.879
FireSmokeVideoNEW160_f83_jpg.rf.2b5c18d120808fcee84fcee8e15e0eab.jpg,1,1,1.0,0.238,0.005,0.059,3.005,1.11,31.037,1.577,38.591
FireSmokeVideoNEW160_f94_jpg.rf.fa93f0ccf8383d0537bd4526fe6dea4f.jpg,1,1,0.9999,0.232,0.005,0.056,3.555,1.312,22.674,1.417,30.729
FireSmokeVideoNEW160_f96_jpg.rf.318dc1b078231bc7e8217c6b27dbf6bc.jpg,1,1,0.9799,0.222,0.005,0.051,4.434,1.201,31.747,1.928,41.593
FireSmokeVideoNEW160_f98_jpg.rf.fda7903762711f01f813040b5d8aa8a2.jpg,1,1,0.9998,0.221,0.005,0.052,2.25,1.002,22.635,3.298,30.967
FireSmokeVideoNEW160_f9_jpg.rf.8ad168e145acd33d27bbeeebdf9ae57e.jpg,1,1,0.996,0.244,0.006,0.061,2.529,1.073,22.541,1.595,29.612
FireSmokeVideoNEW161_f102_jpg.rf.b8a39867ca705345dd78135b6499812f.jpg,1,1,1.0,0.217,0.005,0.056,3.746,1.741,31.557,1.785,41.039
FireSmokeVideoNEW161_f104_jpg.rf.03cdb4c2815784a34a20437185bb945e.jpg,1,1,1.0,0.22,0.005,0.054,3.599,4.943,22.489,1.693,34.567
FireSmokeVideoNEW161_f108_jpg.rf.a443c4f6d93a5c29284e386e100774c7.jpg,1,1,1.0,0.223,0.005,0.053,3.613,1.847,22.541,1.328,31.194
FireSmokeVideoNEW161_f110_jpg.rf.7a3ea145a4c983d0832040f8059eab16.jpg,1,1,1.0,0.227,0.004,0.051,7.027,4.152,34.393,1.496,48.835
FireSmokeVideoNEW161_f112_jpg.rf.cc6e5f3275b57bf2b6725a9d400d562b.jpg,1,1,1.0,0.215,0.005,0.051,7.162,1.43,22.479,1.59,34.416
FireSmokeVideoNEW161_f126_jpg.rf.6be71a5552c67a041be924a65961ba25.jpg,1,1,1.0,0.228,0.005,0.057,2.336,1.13,22.55,1.338,29.112
FireSmokeVideoNEW162_f22_jpg.rf.c32b1104152593e5333cf62b573e1c78.jpg,1,1,1.0,0.209,0.005,0.05,3.512,1.05,31.827,1.478,39.638
FireSmokeVideoNEW162_f25_jpg.rf.14fe515b4881006326c100db4510d703.jpg,1,1,0.9999,0.221,0.004,0.05,7.92,4.344,38.283,1.703,54.011
FireSmokeVideoNEW162_f28_jpg.rf.2100b326cec56114b93d020bc09048ce.jpg,1,1,1.0,0.229,0.005,0.059,4.831,1.318,15.903,1.433,25.294
FireSmokeVideoNEW162_f33_jpg.rf.8dad23cbfc6a51aefb21d5fad8279bb7.jpg,1,1,1.0,0.232,0.005,0.054,3.541,1.218,30.518,1.83,38.847
FireSmokeVideoNEW162_f66_jpg.rf.3631362f48db82440191fe572b490d18.jpg,1,1,1.0,0.222,0.004,0.052,5.626,3.591,22.512,1.438,35.024
FireSmokeVideoNEW162_f68_jpg.rf.e5c11af641e403c1dfd72762deb03d79.jpg,1,1,1.0,0.226,0.005,0.054,6.076,6.601,35.178,4.174,54.255
FireSmokeVideoNEW163_f1_jpg.rf.48314c99b8b115efc7e5d9aaae268c6d.jpg,1,1,1.0,0.238,0.005,0.057,5.151,1.147,31.895,1.61,41.79
FireSmokeVideoNEW163_f3_jpg.rf.37eb09b7f4a74de0e072b65a23530ffe.jpg,1,1,0.9999,0.235,0.005,0.057,2.737,1.117,22.52,1.44,29.754
FireSmokeVideoNEW163_f5_jpg.rf.3ff7bc2e2acad28b6f4bd8c668b163f1.jpg,1,1,0.9994,0.226,0.005,0.053,2.42,1.158,31.461,1.665,38.49
FireSmokeVideoNEW163_f91_jpg.rf.2ea42f806b1cfd13bc551fa782ea4414.jpg,1,1,1.0,0.277,0.004,0.083,3.899,1.043,22.964,1.412,31.29
FireSmokeVideoNEW164_f76_jpg.rf.73ec1d0a5c3c6223aad8ea5f96d2c287.jpg,1,0,0.949,0.226,0.004,0.057,2.927,1.096,22.47,1.51,29.794
FireSmokeVideoNEW166_f104_jpg.rf.4ae70d75d6f1e26735b5fd2d00149140.jpg,1,1,0.9999,0.218,0.005,0.108,2.671,1.095,29.776,2.993,38.401
FireSmokeVideoNEW166_f106_jpg.rf.ecdf0d1c54eed105a41ceb1c3a5e16a2.jpg,1,1,1.0,0.223,0.005,0.054,2.412,1.067,22.537,1.431,29.312
FireSmokeVideoNEW166_f114_jpg.rf.96ea691bbc9cbfaf071eff12e406a474.jpg,1,1,1.0,0.214,0.004,0.051,2.633,1.328,24.507,4.613,35.124
FireSmokeVideoNEW166_f128_jpg.rf.c8522d2e926b393fc34be90751b24e82.jpg,1,1,1.0,0.222,0.005,0.056,3.39,1.424,31.369,1.737,39.798
FireSmokeVideoNEW166_f130_jpg.rf.ec9dae17b6bbb13104fa9b611d0195b1.jpg,1,1,1.0,0.207,0.004,0.048,3.121,1.054,22.523,1.335,29.835
FireSmokeVideoNEW166_f142_jpg.rf.8777aadb7efd8b5364780535a11408ee.jpg,1,1,1.0,0.215,0.005,0.051,3.019,1.058,22.538,1.36,29.878
FireSmokeVideoNEW166_f151_jpg.rf.951f63f13e871c67cbf4167ca519c038.jpg,1,1,1.0,0.212,0.005,0.052,2.769,1.064,29.833,1.719,37.248
FireSmokeVideoNEW166_f156_jpg.rf.c3fc415b126d1c0dc2c799e8d819ba0a.jpg,1,1,1.0,0.21,0.005,0.051,5.093,4.148,38.822,1.811,51.652
FireSmokeVideoNEW166_f18_jpg.rf.91b89ccc3f2286e2046f47caeec4e617.jpg,1,1,1.0,0.216,0.004,0.05,2.294,1.027,15.79,1.369,22.188
FireSmokeVideoNEW166_f20_jpg.rf.621861e4339bc16655c7d59607418101.jpg,1,1,1.0,0.245,0.005,0.05,2.307,2.308,26.501,1.7,34.592
FireSmokeVideoNEW166_f31_jpg.rf.ec18fdfa2e1b079dc332639aca65e45b.jpg,1,1,1.0,0.221,0.004,0.05,2.682,1.032,22.443,1.377,29.299
FireSmokeVideoNEW16_f15_jpg.rf.1b1aa21c81078e3b97875626efbfa695.jpg,1,1,0.9999,0.215,0.005,0.05,2.333,1.008,22.462,1.283,28.836
FireSmokeVideoNEW16_f20_jpg.rf.607dc5a69aa35cab8c152976e33f78b9.jpg,1,1,1.0,0.279,0.007,0.076,4.806,4.016,32.762,1.497,44.933
FireSmokeVideoNEW16_f22_jpg.rf.ed416c54b284805baff969bf2d477571.jpg,1,1,1.0,0.214,0.004,0.049,3.038,1.053,22.511,1.373,29.74
FireSmokeVideoNEW16_f24_jpg.rf.13b7de1341a169938a1b00b037d6e459.jpg,1,1,1.0,0.218,0.004,0.051,2.366,1.009,22.512,1.34,29.025
FireSmokeVideoNEW16_f26_jpg.rf.d88449a03f1fc06e4e5b4971b57c423e.jpg,1,1,1.0,0.204,0.004,0.048,2.481,1.004,31.498,1.47,38.16
FireSmokeVideoNEW16_f48_jpg.rf.8200e21f18799aa0faf03642cd3c3587.jpg,1,1,1.0,0.247,0.005,0.051,3.434,1.949,22.532,1.556,31.358
FireSmokeVideoNEW16_f54_jpg.rf.f5bd922fb406ec6debc8b5dbe6fed5f5.jpg,1,1,1.0,0.232,0.005,0.054,3.66,1.061,24.362,1.346,32.151
FireSmokeVideoNEW16_f73_jpg.rf.5f38b183effd9a5adcc92d6d936e082f.jpg,1,1,1.0,0.217,0.005,0.052,5.995,1.051,31.399,1.47,41.602
FireSmokeVideoNEW172_f111_jpg.rf.c0521dfdd8b774734b046dd69683eaf9.jpg,1,1,1.0,0.209,0.005,0.049,2.252,0.971,22.583,1.313,28.793
FireSmokeVideoNEW172_f163_jpg.rf.f85eb82deba112f0c669c48fd7ee61b4.jpg,1,1,1.0,0.201,0.004,0.048,2.237,1.121,22.506,1.544,29.037
FireSmokeVideoNEW172_f37_jpg.rf.1133eca3df34cbcd597de45fe6e0e94d.jpg,1,1,1.0,0.216,0.004,0.051,5.447,4.623,42.175,1.856,56.218
FireSmokeVideoNEW172_f62_jpg.rf.443f82816a29901f59cb85bddc7bc3fc.jpg,1,1,1.0,0.209,0.004,0.05,3.052,1.126,15.817,1.316,23.048
FireSmokeVideoNEW172_f79_jpg.rf.1b68d10570f4d82b070043578957f70d.jpg,1,1,1.0,0.218,0.004,0.052,2.501,0.99,16.857,1.255,23.398
FireSmokeVideoNEW176_f109_jpg.rf.11dd89709af38d8056b039c8815bf0fc.jpg,1,1,1.0,0.218,0.005,0.053,3.921,3.44,24.164,1.287,34.601
FireSmokeVideoNEW176_f119_jpg.rf.fe37062e59113046aa83d89b8ecb0b7c.jpg,1,1,1.0,0.207,0.004,0.047,2.623,1.026,22.589,4.069,31.987
FireSmokeVideoNEW176_f157_jpg.rf.d57b84235a5007bd6d675bff496183e5.jpg,1,1,0.9999,0.221,0.005,0.053,3.244,1.038,31.355,1.636,38.981
FireSmokeVideoNEW176_f181_jpg.rf.cabd74e7296f4c73ee27fe028dd8e69d.jpg,1,1,1.0,0.21,0.004,0.049,2.315,0.966,22.589,1.336,28.893
FireSmokeVideoNEW176_f3_jpg.rf.c36369eb36e9298d6403fe4d09674b63.jpg,1,1,1.0,0.211,0.004,0.056,2.216,1.006,22.517,1.306,28.842
FireSmokeVideoNEW176_f72_jpg.rf.ac3b396938e401cbfa0224d45069e656.jpg,1,1,0.9999,0.207,0.004,0.049,2.308,1.081,31.392,1.69,38.115
FireSmokeVideoNEW178_f14_jpg.rf.338e69ab75ea47886780fab9072cfe97.jpg,1,1,1.0,0.209,0.004,0.047,2.904,3.394,32.04,4.088,44.201
FireSmokeVideoNEW178_f16_jpg.rf.2dfc5ee41cefadea08a7ba62ac1f579f.jpg,1,1,0.9998,0.232,0.005,0.058,5.027,4.349,22.575,1.468,35.421
FireSmokeVideoNEW178_f19_jpg.rf.527dc6458507de2613fc2429950c55bd.jpg,1,1,1.0,0.235,0.005,0.055,5.522,2.485,31.482,1.525,42.765
FireSmokeVideoNEW178_f21_jpg.rf.2df23cfacf65b02094284d7cc5407e99.jpg,1,1,1.0,0.273,0.005,0.053,2.319,1.003,22.5,1.378,29.033
FireSmokeVideoNEW178_f23_jpg.rf.22f0cb6fd7d1eb2784883dee2cccc9b5.jpg,1,1,0.9999,0.269,0.005,0.052,2.324,1.584,22.516,1.643,29.962
FireSmokeVideoNEW178_f27_jpg.rf.213ab9f16ff7511e8bd4d03be401ebd8.jpg,1,1,1.0,0.258,0.005,0.108,4.731,1.208,30.2,2.516,40.448
FireSmokeVideoNEW178_f29_jpg.rf.4b50b3250a85e04f2f561d0fb5b2ea19.jpg,1,1,1.0,0.229,0.005,0.055,2.341,1.143,22.486,1.304,29.003
FireSmokeVideoNEW181_f103_jpg.rf.ec93c689f6ec9a7380666966d76f179b.jpg,1,1,0.9872,0.217,0.005,0.052,2.537,1.007,29.765,2.778,37.812
FireSmokeVideoNEW181_f112_jpg.rf.a83b0b3167273cfdd0d0b3f3245fa7ee.jpg,1,1,1.0,0.218,0.005,0.053,2.589,1.007,22.599,1.738,29.701
FireSmokeVideoNEW181_f114_jpg.rf.8fab4401cc8e1ddf41bc8f61c7083a9b.jpg,1,1,1.0,0.217,0.004,0.056,4.846,2.311,24.287,1.406,34.737
FireSmokeVideoNEW181_f119_jpg.rf.2b9039011fbaf7cf47a8a84160eba0c7.jpg,1,1,0.8681,0.224,0.005,0.056,2.641,1.005,31.397,1.394,38.123
FireSmokeVideoNEW181_f138_jpg.rf.7b3ffbd1e0a0909c8542ecacf988e17c.jpg,1,1,0.9999,0.214,0.004,0.05,2.358,0.973,22.519,1.333,28.915
FireSmokeVideoNEW181_f144_jpg.rf.be3fb045a09fe4b62ff818be5ff8df31.jpg,1,1,1.0,0.214,0.004,0.049,2.228,3.371,26.745,1.698,36.109
FireSmokeVideoNEW181_f151_jpg.rf.4d059df2c479b79d69332ab86693b9af.jpg,1,1,1.0,0.211,0.005,0.049,4.275,3.012,22.504,1.22,32.677
FireSmokeVideoNEW181_f153_jpg.rf.6e941e23754f67ed8b6a3cfa3a73da05.jpg,1,1,0.9999,0.212,0.004,0.045,3.852,3.907,31.537,1.564,42.571
FireSmokeVideoNEW181_f155_jpg.rf.1b9a27b3e2dbbba1defd0a17da890d20.jpg,1,1,0.9999,0.225,0.005,0.05,3.529,1.746,22.758,1.36,31.229
FireSmokeVideoNEW181_f159_jpg.rf.acfb872ee5fcb34ef13a6335bfa20c31.jpg,1,1,0.9999,0.276,0.005,0.052,6.217,7.756,22.583,1.468,39.82
FireSmokeVideoNEW181_f161_jpg.rf.c66e1f5ebbe4b626eea5fb46441f68d6.jpg,1,1,1.0,0.226,0.004,0.055,6.983,6.195,31.337,1.838,48.494
FireSmokeVideoNEW181_f165_jpg.rf.944a4fa3bff479666f5d4da650df0694.jpg,1,1,0.9998,0.211,0.004,0.05,2.311,0.97,22.566,1.241,28.769
FireSmokeVideoNEW181_f168_jpg.rf.09eb032299377b026f8e7a7f35185f1e.jpg,1,1,0.9999,0.211,0.004,0.046,2.244,1.63,22.486,1.257,29.372
FireSmokeVideoNEW181_f35_jpg.rf.ae9d9d8481448208afb995086041c546.jpg,1,1,0.9943,0.215,0.004,0.05,3.98,3.055,36.548,2.575,47.856
FireSmokeVideoNEW181_f91_jpg.rf.4b8a5f368f4f969978581c51a5e3c72e.jpg,1,1,0.9857,0.217,0.004,0.051,4.337,3.415,18.035,1.242,28.716
FireSmokeVideoNEW181_f95_jpg.rf.5e55ec887078e0feacd31ce84a75f8ca.jpg,1,1,0.9928,0.204,0.005,0.048,3.818,3.914,22.525,1.347,33.323
FireSmokeVideoNEW181_f97_jpg.rf.18918a57d25e035d172b1857f216021f.jpg,1,1,0.7978,0.214,0.005,0.05,2.636,1.617,31.726,1.741,39.418
FireSmokeVideoNEW181_f99_jpg.rf.0e66a54a15e57cb72c3d4f8a240a2151.jpg,1,1,0.9876,0.222,0.004,0.052,5.541,5.696,22.616,1.546,37.112
FireSmokeVideoNEW184_f11_jpg.rf.ae299b7a9e7c022a3788ddc0897c134e.jpg,1,1,0.9999,0.224,0.005,0.055,4.373,0.998,22.51,1.296,30.938
FireSmokeVideoNEW184_f13_jpg.rf.ce6e21ccb4aaa52937d4c2ccc7875bed.jpg,1,1,1.0,0.215,0.005,0.05,3.136,1.167,22.529,1.47,30.037
FireSmokeVideoNEW184_f15_jpg.rf.e76e5dd6c7f478e2876323df33c94fc5.jpg,1,1,1.0,0.212,0.004,0.052,3.541,1.056,22.474,1.322,30.167
FireSmokeVideoNEW184_f17_jpg.rf.8a42ec6a17e625638d9b08db25bb1da8.jpg,1,1,1.0,0.213,0.004,0.051,2.842,1.012,29.817,1.604,37.044
FireSmokeVideoNEW184_f19_jpg.rf.6721bc5e6094024520008a809861d4d1.jpg,1,1,0.9995,0.215,0.004,0.052,6.089,1.427,22.717,1.364,33.383
FireSmokeVideoNEW184_f20_jpg.rf.617edddc4230d2a3489120a4d6284d6a.jpg,1,1,1.0,0.227,0.004,0.054,4.674,1.45,24.295,1.55,33.827
FireSmokeVideoNEW184_f22_jpg.rf.a60f9ac7d2baaa68f773a1f1c663adbd.jpg,1,1,1.0,0.227,0.005,0.054,2.915,1.801,22.424,1.623,30.62
FireSmokeVideoNEW184_f24_jpg.rf.76afc7e8179fbe13ae35b4ff745c6b4f.jpg,1,1,1.0,0.227,0.005,0.052,2.68,1.027,22.464,1.538,29.48
FireSmokeVideoNEW184_f26_jpg.rf.b13491a64cbb2d0463105e970f88c5a7.jpg,1,1,1.0,0.214,0.005,0.048,4.864,4.197,36.18,6.638,53.676
FireSmokeVideoNEW184_f2_jpg.rf.078a0f6b44f5bafb07c903b43f3af799.jpg,1,1,1.0,0.259,0.005,0.052,6.347,3.955,15.833,1.253,29.214
FireSmokeVideoNEW184_f35_jpg.rf.5495878b4d4300f0c679d9edf23807f2.jpg,1,1,1.0,0.211,0.004,0.05,6.45,2.981,22.528,1.395,35.053
FireSmokeVideoNEW184_f37_jpg.rf.2777cc52ac569f30719c8ae879dbd8bb.jpg,1,1,1.0,0.214,0.005,0.05,3.099,1.075,22.513,1.431,29.762
FireSmokeVideoNEW184_f40_jpg.rf.6eaf7e00d16a4113754c199d8bcd7ef4.jpg,1,1,1.0,0.204,0.004,0.05,3.394,1.062,29.965,2.062,38.299
FireSmokeVideoNEW184_f45_jpg.rf.ad114f11173cbca479065f3caebf2b34.jpg,1,1,0.9998,0.212,0.004,0.049,4.099,1.072,15.83,1.24,23.975
FireSmokeVideoNEW184_f50_jpg.rf.bbb13925ceb8e2bff335a8325417437b.jpg,1,1,0.9999,0.208,0.004,0.046,4.29,1.102,18.418,1.24,26.719
FireSmokeVideoNEW184_f55_jpg.rf.d1eec9ba4b6220797cbcb8975f71b2b2.jpg,1,1,0.9999,0.207,0.004,0.048,3.521,1.059,22.546,1.29,30.056
FireSmokeVideoNEW184_f5_jpg.rf.c8e2cd361adfeeb0a31d3758f5f41aef.jpg,1,1,1.0,0.209,0.004,0.047,3.353,1.1,29.888,1.514,37.639
FireSmokeVideoNEW184_f7_jpg.rf.51b20038b916a76472a04ce263734a9a.jpg,1,1,1.0,0.21,0.004,0.049,2.404,1.049,22.548,1.28,28.901
FireSmokeVideoNEW184_f9_jpg.rf.87fd8eb59087813c43e0bc0a651af1de.jpg,1,1,1.0,0.208,0.005,0.047,6.647,5.789,29.519,1.418,45.152
FireSmokeVideoNEW187_f30_jpg.rf.ae1f570cf7d9572a74488eaa3debad82.jpg,1,1,1.0,0.216,0.004,0.052,5.455,4.615,31.227,1.436,44.467
FireSmokeVideoNEW187_f46_jpg.rf.8bbd48f1c7a0c21c1c9230e5525ce5af.jpg,1,1,1.0,0.212,0.005,0.051,3.016,1.052,22.502,1.393,29.784
FireSmokeVideoNEW187_f49_jpg.rf.14c155a1599a466ead22f23981911e67.jpg,1,1,1.0,0.223,0.005,0.052,2.348,0.99,22.524,1.582,29.189
FireSmokeVideoNEW187_f51_jpg.rf.0d435a458ddbd34d22ad4b2d72417df0.jpg,1,1,0.9999,0.212,0.004,0.05,6.85,3.198,33.388,1.425,46.606
FireSmokeVideoNEW187_f53_jpg.rf.d871ec684608d7bf3f61bb568ac88173.jpg,1,1,1.0,0.215,0.005,0.048,4.38,0.997,15.816,1.451,24.454
FireSmokeVideoNEW187_f55_jpg.rf.0712f3244a9cf5d39b072717daedc56b.jpg,1,1,1.0,0.22,0.004,0.052,2.757,1.287,19.536,1.479,26.721
FireSmokeVideoNEW187_f57_jpg.rf.9b7d319c8d37619c608d57c3c7bed6d6.jpg,1,1,1.0,0.217,0.004,0.05,2.266,1.301,31.415,1.644,38.321
FireSmokeVideoNEW187_f59_jpg.rf.edf0bb93b118133cb359c2cab31c378b.jpg,1,1,1.0,0.206,0.005,0.049,2.213,1.066,22.564,2.232,29.733
FireSmokeVideoNEW187_f61_jpg.rf.4f009b3246be16af1da42ab71256b466.jpg,1,1,1.0,0.227,0.005,0.05,2.317,2.072,22.528,1.581,30.242
FireSmokeVideoNEW187_f66_jpg.rf.ba0506e5e6e9b1a0829ff3945083a8a9.jpg,1,1,1.0,0.215,0.004,0.05,2.363,0.982,30.215,1.412,36.729
FireSmokeVideoNEW187_f68_jpg.rf.5ac076d8dbc1f09ebc18cd0d1e5b23eb.jpg,1,1,1.0,0.211,0.005,0.05,2.303,0.967,22.523,1.33,28.795
FireSmokeVideoNEW187_f70_jpg.rf.5fd108067fe7e96989e53f2f078a9ace.jpg,1,1,1.0,0.212,0.004,0.05,2.253,0.949,22.519,1.339,28.772
FireSmokeVideoNEW187_f81_jpg.rf.dd8dd1d67a6a5770f2dd3aa04bbd44a7.jpg,1,1,1.0,0.212,0.005,0.047,2.258,1.036,32.668,4.721,42.382
FireSmokeVideoNEW187_f83_jpg.rf.1248a0c6116d3f14de2e0d8c1002795f.jpg,1,1,1.0,0.227,0.004,0.053,3.375,0.975,22.559,1.59,30.335
FireSmokeVideoNEW187_f85_jpg.rf.6511d23bfd23b9eb8e9057f3ac9da850.jpg,1,1,1.0,0.222,0.005,0.054,2.288,0.991,22.54,1.39,29.027
FireSmokeVideoNEW187_f95_jpg.rf.5d4891558279bf1ac091add3e599d1e0.jpg,1,1,0.9946,0.209,0.004,0.051,3.536,1.068,31.567,1.894,39.907
FireSmokeVideoNEW187_f98_jpg.rf.b516e11f75bff2314b57b6027da715b0.jpg,1,1,0.9048,0.213,0.004,0.05,3.058,1.0,22.494,1.369,29.642
FireSmokeVideoNEW188_f0_jpg.rf.fc6d569e759e92aa1bf39f49d704191e.jpg,1,1,1.0,0.219,0.005,0.052,6.615,3.817,24.36,1.607,38.237
FireSmokeVideoNEW188_f11_jpg.rf.3124d86b0386441621b962add617652f.jpg,1,1,1.0,0.223,0.004,0.053,5.101,4.212,31.647,1.704,44.603
FireSmokeVideoNEW188_f13_jpg.rf.c218c266a3253e8f8f8b02beda19f6db.jpg,1,1,1.0,0.216,0.005,0.052,2.961,1.106,22.539,1.387,29.78
FireSmokeVideoNEW188_f1_jpg.rf.78cee517f81fc7d7936ae6f38b16cb66.jpg,1,1,1.0,0.231,0.004,0.054,2.298,1.095,22.498,1.594,29.244
FireSmokeVideoNEW188_f29_jpg.rf.8b9e7fc00b59d5fa8cce4524ca956dd2.jpg,1,1,1.0,0.224,0.005,0.052,5.728,4.202,32.811,1.44,45.931
FireSmokeVideoNEW188_f3_jpg.rf.776e0e5bb8a5ae50c703ee454675cb74.jpg,1,1,1.0,0.227,0.005,0.055,4.96,4.078,22.493,1.583,34.916
FireSmokeVideoNEW188_f46_jpg.rf.6d5a3f5a6614d5ec2a28115e4da91a58.jpg,1,1,1.0,0.226,0.005,0.053,3.223,0.985,22.581,1.316,29.888
FireSmokeVideoNEW188_f4_jpg.rf.f8515d9c45ad1b08bf51554613f69454.jpg,1,1,1.0,0.22,0.004,0.052,4.596,1.183,31.523,1.399,40.605
FireSmokeVideoNEW188_f72_jpg.rf.5991cc08698848b3ba20af9ae58e28cc.jpg,1,1,1.0,0.248,0.004,0.051,4.967,5.336,37.582,1.847,51.758
FireSmokeVideoNEW188_f8_jpg.rf.1c4cfd22c7ec9fd23a6cafc391a63570.jpg,1,1,1.0,0.222,0.005,0.05,6.094,5.167,22.502,1.75,37.289
FireSmokeVideoNEW189_f36_jpg.rf.2429df020eeaece9f5b66e2de3dfcfb3.jpg,1,1,0.992,0.243,0.005,0.057,3.728,1.553,30.175,2.677,40.023
FireSmokeVideoNEW189_f40_jpg.rf.89284f352804c703e361e4a1d6c1a0e1.jpg,1,1,0.9887,0.239,0.005,0.06,3.009,1.876,22.512,1.487,30.833
FireSmokeVideoNEW189_f44_jpg.rf.91986ad731e197e780360a017e5bddab.jpg,1,1,0.9995,0.235,0.005,0.06,7.231,4.655,35.108,1.809,50.604
FireSmokeVideoNEW189_f47_jpg.rf.b899faf82fbc0933a0b2655bf1b84d2b.jpg,1,1,0.9999,0.234,0.005,0.056,6.923,2.234,15.842,1.345,28.355
FireSmokeVideoNEW189_f49_jpg.rf.341c12e8e1fdde632278613ad7c7ff4a.jpg,1,1,1.0,0.223,0.005,0.051,2.331,1.186,31.485,1.704,38.468
FireSmokeVideoNEW189_f54_jpg.rf.93bfead985de54201941ba700cd2f5d2.jpg,1,1,1.0,0.215,0.005,0.051,2.324,1.034,22.548,1.36,28.986
FireSmokeVideoNEW189_f57_jpg.rf.e7ecb7baefd3bc926a9fba669c566e0e.jpg,1,1,1.0,0.219,0.005,0.052,2.4,1.043,30.204,4.239,39.62
FireSmokeVideoNEW189_f60_jpg.rf.4680d8331d6645b62e40ff208a5c0393.jpg,1,1,1.0,0.203,0.005,0.047,3.227,1.267,21.681,1.527,29.535
FireSmokeVideoNEW18_f16_jpg.rf.4d26975a756077f4ee33e8cae1133cde.jpg,1,1,0.9999,0.224,0.005,0.056,4.146,1.214,21.783,1.325,30.358
FireSmokeVideoNEW18_f1_jpg.rf.682bfe6fca836f6bdb93a761c8f76c6a.jpg,1,1,1.0,0.22,0.003,0.054,6.567,1.121,22.522,1.365,33.503
FireSmokeVideoNEW18_f22_jpg.rf.ffbaa38451e75e9b6553ed719e25bf8b.jpg,1,1,1.0,0.218,0.006,0.05,2.356,1.688,31.71,1.488,38.982
FireSmokeVideoNEW18_f26_jpg.rf.c4e5334d02bf0ef86638088599a9bfcb.jpg,1,1,1.0,0.226,0.005,0.055,6.808,5.146,24.347,1.393,39.473
FireSmokeVideoNEW18_f28_jpg.rf.e97b03f948611c6791188170a5b5b243.jpg,1,1,1.0,0.221,0.005,0.053,6.931,3.658,22.516,1.534,36.525
FireSmokeVideoNEW18_f2_jpg.rf.0204e44f189df1713c81eebf03fe1ba2.jpg,1,1,1.0,0.223,0.005,0.055,7.121,1.298,31.297,1.455,42.929
FireSmokeVideoNEW18_f32_jpg.rf.e3e8455d03ffae50704ed2d2bf42fc46.jpg,1,1,0.9991,0.229,0.005,0.059,2.376,1.021,22.58,1.356,29.032
FireSmokeVideoNEW18_f34_jpg.rf.db78daa23025b643f82f15732f0aebdb.jpg,1,1,0.9996,0.217,0.004,0.052,5.542,3.589,37.224,2.464,50.542
FireSmokeVideoNEW18_f37_jpg.rf.b55026c86cfba5087ea2640486dba8a7.jpg,1,1,0.9999,0.23,0.005,0.054,3.067,1.091,31.644,1.487,39.17
FireSmokeVideoNEW18_f40_jpg.rf.a09c8b21417594bd3beca510ad96c086.jpg,1,1,1.0,0.226,0.005,0.055,2.606,1.137,22.558,1.782,29.889
FireSmokeVideoNEW18_f43_jpg.rf.b7d757ba37d94e776d2fe77b89e0a3d7.jpg,1,1,1.0,0.223,0.005,0.055,2.252,1.033,22.505,1.327,28.806
FireSmokeVideoNEW18_f48_jpg.rf.3dac03c9596242fe2bd07010e6237aad.jpg,1,1,1.0,0.222,0.004,0.053,6.203,5.086,39.917,1.838,54.837
FireSmokeVideoNEW18_f4_jpg.rf.9e8f2652cbfb1af75d37e44e633dcda3.jpg,1,1,1.0,0.22,0.005,0.054,5.627,1.166,15.79,1.389,25.778
FireSmokeVideoNEW18_f55_jpg.rf.5e3d4792612d0938fa0a3e668c16a486.jpg,1,1,1.0,0.216,0.005,0.053,3.68,0.997,22.402,1.402,30.579
FireSmokeVideoNEW190_f0_jpg.rf.a35b2866bfe8c0c0f6628f44c3528a79.jpg,1,1,1.0,0.221,0.005,0.053,4.198,1.025,31.573,1.663,40.242
FireSmokeVideoNEW190_f11_jpg.rf.985360832a8df61b5b0ddbdd8fbf1f73.jpg,1,1,1.0,0.21,0.012,0.046,2.754,4.713,36.82,1.733,47.901
FireSmokeVideoNEW190_f13_jpg.rf.7bb2b57e7b2b5c531d8b3b26d705d874.jpg,1,1,1.0,0.226,0.012,0.052,4.866,3.919,31.606,1.908,44.264
FireSmokeVideoNEW190_f15_jpg.rf.6efd0d63e31fe6dc87fbed3909fc4c70.jpg,1,1,1.0,0.221,0.005,0.056,5.691,4.241,22.615,1.538,36.085
FireSmokeVideoNEW190_f22_jpg.rf.0e2d7c4980641dfb7afd1452401e651f.jpg,1,1,1.0,0.233,0.005,0.059,5.861,4.619,31.829,4.537,48.77
FireSmokeVideoNEW190_f24_jpg.rf.eff680509c302b7cd3a5ada6000821a7.jpg,1,1,1.0,0.249,0.005,0.063,6.825,4.588,22.589,1.508,37.506
FireSmokeVideoNEW190_f2_jpg.rf.104bd7e3980b2cb1b90d31b3ef4f082e.jpg,1,1,1.0,0.237,0.005,0.061,4.452,1.572,31.243,1.766,40.856
FireSmokeVideoNEW190_f6_jpg.rf.2d8e3a243a79acf85362f5ac853e3a55.jpg,1,1,0.9999,0.227,0.005,0.059,6.164,1.841,22.528,1.52,33.893
FireSmokeVideoNEW190_f9_jpg.rf.3cc86b991034435b13c5c152eaf141cd.jpg,1,1,1.0,0.223,0.005,0.052,5.261,1.132,29.861,3.819,42.002
FireSmokeVideoNEW192_f30_jpg.rf.b0caab4318976f8287d38e500f70f038.jpg,1,1,1.0,0.271,0.005,0.058,2.643,1.023,15.85,1.426,22.943
FireSmokeVideoNEW193_f0_jpg.rf.3fba05722abb7959e9f186089fe131cb.jpg,1,1,1.0,0.218,0.005,0.054,3.52,1.048,17.449,1.329,25.098
FireSmokeVideoNEW193_f11_jpg.rf.c049af71be9b2965ef266467b9b1e748.jpg,1,1,0.9995,0.215,0.004,0.049,2.33,1.039,31.38,1.574,38.119
FireSmokeVideoNEW193_f13_jpg.rf.054906582d1e2a5671b5037baf1ba6d7.jpg,1,1,0.9873,0.21,0.004,0.048,2.436,1.018,22.525,1.387,29.06
FireSmokeVideoNEW193_f15_jpg.rf.5f5d4d7fa3f3f4bcbc94fbd951492423.jpg,1,1,0.9999,0.209,0.004,0.048,2.292,1.031,22.537,1.389,28.955
FireSmokeVideoNEW193_f17_jpg.rf.958bd48046898c67eabfbdf08dabdb68.jpg,1,1,0.9995,0.317,0.007,0.072,7.839,5.986,32.767,1.547,49.965
FireSmokeVideoNEW193_f23_jpg.rf.2150d12e92cb110483da5b499a0580f9.jpg,1,1,0.847,0.216,0.004,0.05,3.419,1.053,15.805,1.288,23.384
FireSmokeVideoNEW193_f2_jpg.rf.81915735009a8e0799dae85ad02b89fe.jpg,1,1,0.9994,0.22,0.005,0.051,2.69,1.088,18.441,1.448,25.393
FireSmokeVideoNEW193_f4_jpg.rf.f2b0b44d8259124c67a81c86a577542e.jpg,1,1,0.9998,0.221,0.005,0.049,2.823,1.057,31.438,1.773,38.87
FireSmokeVideoNEW193_f6_jpg.rf.d76a364d821d4ccdf9a36eccd47efee6.jpg,1,1,0.9972,0.21,0.004,0.048,2.666,3.721,33.636,5.665,47.504
FireSmokeVideoNEW193_f8_jpg.rf.f6cdddc13a53b3f650e99ed4b52771e8.jpg,1,1,0.9999,0.227,0.004,0.055,3.359,1.164,22.506,1.602,30.482
FireSmokeVideoNEW195_f12_jpg.rf.b121d9a71576ecf41f9f17f62e05626f.jpg,1,1,0.6908,0.228,0.005,0.051,3.133,1.054,31.471,1.836,39.26
FireSmokeVideoNEW195_f1_jpg.rf.cb6aa2f9b28315913fd1c2ea6b1d192b.jpg,1,1,1.0,0.21,0.004,0.05,2.547,1.056,22.517,1.643,29.494
FireSmokeVideoNEW195_f21_jpg.rf.f985d0adab92d4dc5e69d09bd41edf54.jpg,1,1,1.0,0.215,0.005,0.048,2.524,1.044,30.216,5.77,41.271
FireSmokeVideoNEW195_f39_jpg.rf.6afa740ec99e43e78c91576a78915374.jpg,1,1,1.0,0.234,0.005,0.054,6.549,1.09,31.814,1.506,42.741
FireSmokeVideoNEW195_f52_jpg.rf.adc4744948baa9be7cba6a3051d71953.jpg,1,1,0.9999,0.223,0.004,0.054,2.855,1.041,22.495,1.443,29.729
FireSmokeVideoNEW195_f54_jpg.rf.d049a979c76e3aff8e2d6f356ab8ddc4.jpg,1,1,1.0,0.218,0.005,0.051,3.733,1.094,22.965,2.054,31.987
FireSmokeVideoNEW195_f57_jpg.rf.adba774b4a6f6f50a6ebd204615e1d54.jpg,1,1,0.9994,0.217,0.005,0.054,2.625,1.779,33.706,3.487,43.36
FireSmokeVideoNEW195_f8_jpg.rf.3380bf270e9dd14b8df78b20d8870b70.jpg,1,0,0.7925,0.235,0.005,0.06,6.188,1.169,15.817,1.29,26.195
FireSmokeVideoNEW197_f3_jpg.rf.163c4fe26eac9d1a08fff50952edade8.jpg,1,1,1.0,0.216,0.005,0.052,2.575,0.951,22.178,1.277,28.685
FireSmokeVideoNEW1_f13_jpg.rf.855ace32fc44c2b333eee22fc387a8c5.jpg,1,1,1.0,0.208,0.005,0.048,2.17,0.955,30.006,1.376,36.208
FireSmokeVideoNEW1_f19_jpg.rf.c1446481d1ceac0fd8c3717faf246c1a.jpg,1,1,1.0,0.208,0.004,0.047,5.351,4.104,22.539,1.643,35.429
FireSmokeVideoNEW1_f24_jpg.rf.18baea2feae86daa93dd3d5ca3042635.jpg,1,1,1.0,0.219,0.004,0.05,6.918,4.962,24.236,1.429,40.239
FireSmokeVideoNEW1_f27_jpg.rf.a6d5476ddc259bc2a5466b1bec55bff9.jpg,1,1,1.0,0.218,0.005,0.052,5.626,3.517,31.097,1.497,43.958
FireSmokeVideoNEW1_f2_jpg.rf.501504c7a5777e0e12b6e269b0a4c602.jpg,1,1,0.9998,0.22,0.005,0.05,5.557,4.248,16.034,1.44,29.234
FireSmokeVideoNEW1_f31_jpg.rf.53aaf37bd8da6096ecdd40471aa5a6bd.jpg,1,1,1.0,0.229,0.005,0.057,5.234,3.621,22.629,1.347,34.593
FireSmokeVideoNEW1_f41_jpg.rf.d7cbb63350c40af73d363445d37c2f5f.jpg,1,1,1.0,0.22,0.004,0.049,4.903,3.808,39.017,4.323,53.824
FireSmokeVideoNEW1_f4_jpg.rf.5e96301b03feb9a698de973351ad0961.jpg,1,1,0.9999,0.234,0.004,0.059,3.121,0.855,22.576,1.405,30.439
FireSmokeVideoNEW1_f53_jpg.rf.ba7d3b6decd4127c1c8addf13e3014a1.jpg,1,1,1.0,0.221,0.005,0.052,2.363,1.008,31.453,1.454,38.023
FireSmokeVideoNEW1_f56_jpg.rf.fe2a3b2dfc7598c26f3a30c2d59d05f4.jpg,1,1,1.0,0.217,0.005,0.05,2.273,1.089,22.607,1.383,29.048
FireSmokeVideoNEW1_f58_jpg.rf.68135a3ee4d6e797530eaebd00ad7820.jpg,1,1,1.0,0.22,0.004,0.053,2.418,1.003,30.217,4.44,39.846
FireSmokeVideoNEW1_f63_jpg.rf.8c6731bbbac8a67f7d532a01b9c52e6f.jpg,1,1,1.0,0.243,0.005,0.058,3.678,1.157,23.135,1.965,31.804
FireSmokeVideoNEW1_f8_jpg.rf.1fefecbbbda7afc85a9dcda50953853d.jpg,1,1,1.0,0.217,0.005,0.051,5.485,1.23,22.5,1.366,32.303
FireSmokeVideoNEW201_f10_jpg.rf.954026fc01f49a4e10a99c9ba7b08630.jpg,1,1,0.9984,0.218,0.005,0.051,2.374,0.974,22.714,1.614,29.433
FireSmokeVideoNEW201_f12_jpg.rf.052b12a91bd93919d00678e3824b3c57.jpg,1,1,1.0,0.206,0.004,0.049,2.259,1.082,31.296,1.769,38.085
FireSmokeVideoNEW201_f16_jpg.rf.e0586c7614e0d90fcfe3ecb61ddb1ae4.jpg,1,1,0.9999,0.213,0.005,0.05,5.11,1.456,22.543,1.581,32.576
FireSmokeVideoNEW201_f19_jpg.rf.00e63132ce0efb79c6d94d0ddf94c09c.jpg,1,1,0.9987,0.23,0.005,0.056,4.281,1.017,22.503,1.717,31.291
FireSmokeVideoNEW201_f23_jpg.rf.c2389ea8232ce77be19f23af01c4f629.jpg,1,1,1.0,0.211,0.004,0.05,2.82,1.179,31.497,1.797,39.012
FireSmokeVideoNEW201_f26_jpg.rf.539e1f4f8841f014d1557d2a01757e4a.jpg,1,1,1.0,0.211,0.004,0.05,2.232,1.489,22.525,1.349,29.371
FireSmokeVideoNEW201_f31_jpg.rf.4515ca6d9aac4fc0a0d6d778c66caa6f.jpg,1,1,1.0,0.219,0.005,0.054,2.704,0.99,26.051,2.663,34.207
FireSmokeVideoNEW201_f33_jpg.rf.109581e811570cbf53157b29246d945a.jpg,1,1,1.0,0.23,0.005,0.058,2.409,1.447,29.864,1.585,37.078
FireSmokeVideoNEW201_f40_jpg.rf.02e8adb9f84617089040ae5f925bf99b.jpg,1,1,1.0,0.222,0.004,0.055,3.543,1.045,22.509,1.359,30.609
FireSmokeVideoNEW201_f46_jpg.rf.e476d7a6562d94f5b7e7f51c15aebdff.jpg,1,1,1.0,0.218,0.004,0.053,2.584,0.948,22.51,1.342,29.142
FireSmokeVideoNEW201_f5_jpg.rf.04537ab6ec4f0a5b84fda8d7ff07ef05.jpg,1,1,0.9998,0.208,0.004,0.049,2.218,1.273,31.694,2.526,39.408
FireSmokeVideoNEW203_f106_jpg.rf.6484f9a7be6d3b99aa2a5603afdcc716.jpg,1,1,1.0,0.227,0.005,0.055,3.318,1.034,15.791,1.459,23.452
FireSmokeVideoNEW203_f110_jpg.rf.39d41649265d99af9530df65b191bdbd.jpg,1,1,1.0,0.22,0.005,0.054,3.026,0.983,21.337,1.542,28.646
FireSmokeVideoNEW203_f118_jpg.rf.1072a0f084f87963fb877021f5f7726f.jpg,1,1,1.0,0.21,0.004,0.049,2.436,0.979,31.513,1.732,38.35
FireSmokeVideoNEW203_f130_jpg.rf.27c452c868fcd9f97341c88be0c34aa3.jpg,1,1,1.0,0.211,0.004,0.051,3.117,0.947,22.646,1.327,30.062
FireSmokeVideoNEW203_f134_jpg.rf.e759e8639553419bad87c473bbbe5294.jpg,1,1,1.0,0.211,0.004,0.049,3.194,1.006,26.699,4.214,36.873
FireSmokeVideoNEW203_f140_jpg.rf.e2874067e33a35be23d1556d0397333d.jpg,1,1,1.0,0.223,0.005,0.053,1.966,1.926,31.609,1.499,38.862
FireSmokeVideoNEW203_f152_jpg.rf.0a4f5153be5b77d39034f77c4f447dba.jpg,1,1,1.0,0.216,0.004,0.055,2.722,1.015,15.813,1.506,22.896
FireSmokeVideoNEW203_f156_jpg.rf.c512e5ef573e2d2e921efdceda768fa2.jpg,1,1,1.0,0.214,0.004,0.051,2.214,0.983,19.16,1.474,25.579
FireSmokeVideoNEW203_f15_jpg.rf.8867322ed7ea1eb1ed858fbf46121653.jpg,1,1,0.9926,0.217,0.004,0.1,2.423,0.988,29.68,1.35,36.206
FireSmokeVideoNEW203_f161_jpg.rf.16547bbb033af71d563e4c6c4a174343.jpg,1,1,1.0,0.225,0.005,0.056,8.599,4.253,17.952,1.401,34.071
FireSmokeVideoNEW203_f1_jpg.rf.6cb734f3d70ebeb9cd4987a2a41120ba.jpg,1,1,0.9997,0.221,0.005,0.052,4.991,3.423,18.474,1.391,29.928
FireSmokeVideoNEW203_f2_jpg.rf.d3784a037e06dc217fedabf8ab6a4727.jpg,1,1,1.0,0.238,0.004,0.052,2.7,1.085,28.018,1.573,35.193
FireSmokeVideoNEW203_f37_jpg.rf.fdd9515fcb1a6649434d1d966cd76cfc.jpg,1,1,1.0,0.211,0.004,0.047,2.223,1.103,22.512,1.322,28.832
FireSmokeVideoNEW203_f39_jpg.rf.4e7544cc5c7216f84c4965d5ac252039.jpg,1,1,1.0,0.211,0.004,0.05,2.407,1.176,22.467,1.293,29.029
FireSmokeVideoNEW203_f41_jpg.rf.c1f9a9c2d5b9a7c290197d578d6d75a8.jpg,1,1,1.0,0.219,0.004,0.048,7.516,3.768,32.217,1.419,46.581
FireSmokeVideoNEW203_f44_jpg.rf.ca6edf4aa731568c93680c45aaadc202.jpg,1,1,1.0,0.216,0.005,0.051,3.268,1.198,15.875,1.339,23.42
FireSmokeVideoNEW203_f48_jpg.rf.36f107bbec8be9161fbf76c1e384a40b.jpg,1,1,1.0,0.216,0.005,0.053,3.481,1.042,17.009,1.369,24.745
FireSmokeVideoNEW203_f50_jpg.rf.5447f1766cb72b0254b85dbc4977e38b.jpg,1,1,1.0,0.213,0.005,0.05,3.084,0.992,25.775,1.286,33.173
FireSmokeVideoNEW203_f52_jpg.rf.5f61df8d59150ded57ba47f13028e7b3.jpg,1,1,1.0,0.205,0.004,0.048,5.115,4.052,38.241,2.021,51.148
FireSmokeVideoNEW203_f61_jpg.rf.17943721e04dcb8ef68a1e512641f911.jpg,1,1,1.0,0.231,0.005,0.056,3.021,1.158,22.552,1.647,30.242
FireSmokeVideoNEW203_f63_jpg.rf.5fe2b4463d033ccbc68aa1ad4c4d5493.jpg,1,1,1.0,0.252,0.004,0.057,2.895,1.245,29.131,2.463,37.538
FireSmokeVideoNEW203_f65_jpg.rf.ef14751d7b1d576a5d08824bba6a8ed8.jpg,1,1,1.0,0.228,0.005,0.056,4.005,1.651,22.539,1.426,31.587
FireSmokeVideoNEW203_f67_jpg.rf.784571c13f4496c9e5c7edf11dc04d86.jpg,1,1,1.0,0.233,0.005,0.094,2.975,1.482,26.384,4.101,36.757
FireSmokeVideoNEW203_f69_jpg.rf.c08805dd1b4f4362d2462cc30b7fa541.jpg,1,1,1.0,0.265,0.005,0.061,3.256,1.084,30.071,2.73,38.984
FireSmokeVideoNEW203_f81_jpg.rf.2501c50925550ac5428dbc0da5c8f8ae.jpg,1,1,1.0,0.226,0.004,0.072,4.203,1.366,22.602,1.366,31.412
FireSmokeVideoNEW203_f83_jpg.rf.9b2b945de7d81e78084a413be8d8a741.jpg,1,1,1.0,0.216,0.004,0.054,3.115,1.096,22.475,1.534,29.954
FireSmokeVideoNEW203_f85_jpg.rf.e4b81ba03dc79d5f5a76e8620d5e9ee4.jpg,1,1,0.9999,0.214,0.004,0.05,3.422,1.129,31.549,1.501,39.419
FireSmokeVideoNEW203_f93_jpg.rf.f9dbc64517276675add630b8ae161dac.jpg,1,1,0.9999,0.353,0.004,0.053,3.341,1.045,25.867,1.295,33.647
FireSmokeVideoNEW203_f98_jpg.rf.e4f9977592dca1efb082663ffef6a816.jpg,1,1,1.0,0.215,0.004,0.048,2.602,1.049,22.539,1.343,29.176
FireSmokeVideoNEW204_f138_jpg.rf.37c44efb786e179cf63b42a0b2cc3143.jpg,1,1,0.9997,0.219,0.004,0.048,2.689,1.644,31.562,1.303,38.921
FireSmokeVideoNEW204_f141_jpg.rf.6b70537325375a5de7eebf169d458ff0.jpg,1,1,0.9958,0.211,0.004,0.045,3.016,1.134,22.612,1.3,29.779
FireSmokeVideoNEW204_f143_jpg.rf.454f159b3de750e984d2acaf472ab51c.jpg,1,1,1.0,0.209,0.004,0.048,3.083,1.22,34.783,6.096,46.896
FireSmokeVideoNEW204_f33_jpg.rf.d1a02a349fafbe43c9102536c9c7eb9c.jpg,1,1,0.832,0.229,0.005,0.215,5.506,1.291,15.823,1.392,26.048
FireSmokeVideoNEW204_f43_jpg.rf.bf504985dc0bbdfc1ebd0b2320c79ed3.jpg,1,1,0.9998,0.302,0.005,0.056,3.224,1.22,16.054,1.324,23.693
FireSmokeVideoNEW204_f47_jpg.rf.353f8fca81b60797bc60037cb1e7d21f.jpg,1,1,0.9978,0.216,0.005,0.052,4.509,1.247,31.883,1.336,40.685
FireSmokeVideoNEW204_f5_jpg.rf.1c543a52433e5878aae7c5dc2855d2cc.jpg,1,1,0.9998,0.202,0.004,0.048,3.54,1.109,22.494,1.432,30.256
FireSmokeVideoNEW204_f8_jpg.rf.45bdc09c828ee0ed81b6b0689e16bc84.jpg,1,1,1.0,0.212,0.004,0.05,5.828,4.463,36.186,1.447,49.656
FireSmokeVideoNEW204_f98_jpg.rf.5c58193ed1d33a6ae8ae63b173be02ee.jpg,1,1,0.9998,0.219,0.004,0.087,5.021,3.09,15.847,1.327,27.067
FireSmokeVideoNEW208_f0_jpg.rf.97bd6b8a832086b567e2f4f705d5711c.jpg,1,1,1.0,0.22,0.005,0.114,4.629,3.043,20.767,1.366,31.636
FireSmokeVideoNEW208_f11_jpg.rf.adb0c48038e05906ced14ff99dcd285d.jpg,1,1,1.0,0.216,0.004,0.05,4.388,2.838,29.715,1.651,40.448
FireSmokeVideoNEW208_f13_jpg.rf.75eacf6c544a2110e594d942c083a6bd.jpg,1,1,0.9999,0.215,0.004,0.048,6.647,4.915,31.489,1.375,46.239
FireSmokeVideoNEW208_f1_jpg.rf.3d92ec2bc1b751224bf9e58c3d8d1e33.jpg,1,1,1.0,0.219,0.005,0.05,3.651,1.088,22.49,1.532,30.48
FireSmokeVideoNEW208_f3_jpg.rf.0b0363bd85c5fc81e8ce31fb0da27dee.jpg,1,1,1.0,0.263,0.005,0.053,2.371,1.223,29.702,1.518,36.672
FireSmokeVideoNEW208_f5_jpg.rf.b27e60cedf4e9e70ac3a4bc4f6a22612.jpg,1,1,1.0,0.209,0.005,0.049,2.311,1.05,22.509,1.339,28.92
FireSmokeVideoNEW208_f7_jpg.rf.7c7b8753de4111826b826f9fa04aab7f.jpg,1,1,1.0,0.211,0.004,0.047,2.326,1.192,32.025,5.51,42.783
FireSmokeVideoNEW209_f10_jpg.rf.88c7b43773903beab54d83e74cce4076.jpg,1,1,1.0,0.238,0.004,0.054,2.626,1.433,31.44,1.815,39.199
FireSmokeVideoNEW209_f18_jpg.rf.ba626acee756e94584c04ff0b2a6604a.jpg,1,1,1.0,0.219,0.004,0.106,2.327,1.096,22.488,1.408,29.194
FireSmokeVideoNEW209_f1_jpg.rf.5fe1fb563d9a05c38ee7523b4d2f2f93.jpg,1,1,1.0,0.223,0.004,0.054,2.421,1.079,22.505,1.565,29.505
FireSmokeVideoNEW209_f21_jpg.rf.fc6c4f2d10332150b75bd4ed7ca47704.jpg,1,1,1.0,0.214,0.004,0.051,2.346,1.064,34.593,3.707,43.469
FireSmokeVideoNEW209_f3_jpg.rf.e77bd585be04ebc66ee79b05acada936.jpg,1,1,1.0,0.235,0.005,0.057,2.877,1.235,22.546,1.411,30.014
FireSmokeVideoNEW20_f25_jpg.rf.1cc06defcb39979a82c0285424a97fab.jpg,1,1,1.0,0.226,0.005,0.055,2.414,1.172,22.516,1.663,29.561
FireSmokeVideoNEW20_f27_jpg.rf.e57c41a1a5ea21d29f86a6ce294c8368.jpg,1,1,0.9999,0.219,0.004,0.051,2.388,1.082,31.382,1.48,38.188
FireSmokeVideoNEW20_f29_jpg.rf.4b29026cb05d1a0b42adcb921ba70c4c.jpg,1,1,1.0,0.217,0.004,0.05,2.646,1.021,22.514,1.339,29.236
FireSmokeVideoNEW20_f39_jpg.rf.a803f0864c3ed5397401ea641d9167c0.jpg,1,1,1.0,0.214,0.004,0.05,5.763,4.167,26.796,1.396,40.836
FireSmokeVideoNEW20_f41_jpg.rf.f0bdaeed820327f326f03c112a2ed376.jpg,1,1,1.0,0.208,0.004,0.049,4.967,3.61,31.9,1.673,43.963
FireSmokeVideoNEW20_f47_jpg.rf.f231c47ab70a5b48bd068c7b87cee74e.jpg,1,1,1.0,0.21,0.004,0.05,2.425,1.066,22.487,1.388,29.079
FireSmokeVideoNEW20_f55_jpg.rf.af58953e27ab82030f5d055eeb173e49.jpg,1,1,1.0,0.207,0.004,0.049,2.238,1.071,22.487,1.557,28.989
FireSmokeVideoNEW20_f61_jpg.rf.7dd62293ab496e7c141043b5041822ec.jpg,1,1,1.0,0.272,0.004,0.051,4.627,3.275,45.819,1.668,57.439
FireSmokeVideoNEW20_f79_jpg.rf.36f704638e9ec7493aff1014dee25895.jpg,1,1,1.0,0.216,0.005,0.049,2.377,1.007,15.797,1.271,22.126
FireSmokeVideoNEW211_f105_jpg.rf.9d83b07dbaf7b8623adc776b990c9cba.jpg,1,1,1.0,0.209,0.005,0.054,2.358,1.282,16.589,1.279,23.222
FireSmokeVideoNEW211_f115_jpg.rf.dd4e1e2c40dcd3b9e2017abb5d6a808c.jpg,1,1,0.9996,0.221,0.005,0.052,2.62,0.988,29.767,1.412,36.464
FireSmokeVideoNEW211_f123_jpg.rf.c7d906540e4c16e62e3329460ebde3ed.jpg,1,1,0.9999,0.207,0.005,0.05,2.259,1.067,22.491,1.316,28.722
FireSmokeVideoNEW211_f18_jpg.rf.080c2495369762146513440f0e52a727.jpg,1,1,0.9998,0.215,0.004,0.046,2.76,1.039,31.584,1.447,38.452
FireSmokeVideoNEW211_f21_jpg.rf.17fca5c492b7730cd8abfd3ec3c175a7.jpg,1,1,0.9999,0.21,0.004,0.048,3.104,1.033,15.775,1.266,22.959
FireSmokeVideoNEW211_f23_jpg.rf.b4062b53d80a748705944dee83d83fc0.jpg,1,1,0.9999,0.206,0.005,0.051,3.593,1.038,16.997,1.401,24.729
FireSmokeVideoNEW211_f33_jpg.rf.fc5dcef4f50e6d789334ae1e9d82f9d5.jpg,1,1,0.9997,0.212,0.005,0.052,4.639,0.936,26.112,1.257,34.612
FireSmokeVideoNEW211_f40_jpg.rf.878e8ed1c4d7756bb89881b072f2b78f.jpg,1,1,0.9992,0.215,0.004,0.049,2.291,2.148,31.047,4.245,41.434
FireSmokeVideoNEW211_f72_jpg.rf.c4b8d4fb7202ac2688b6c3ffb4d7941c.jpg,1,1,0.9997,0.219,0.004,0.055,4.915,3.82,17.113,1.396,28.993
FireSmokeVideoNEW211_f83_jpg.rf.0e6e0a52c9612ed28f9dbc097d8f6206.jpg,1,1,1.0,0.213,0.004,0.053,5.469,3.286,18.392,1.268,30.046
FireSmokeVideoNEW211_f98_jpg.rf.7bebc759655b25bb4120643ccab05395.jpg,1,1,0.9996,0.218,0.004,0.052,2.992,0.935,26.737,1.35,33.716
FireSmokeVideoNEW212_f20_jpg.rf.eb77f640f92703fa61edbaddc9a273a5.jpg,1,1,0.9991,0.202,0.004,0.047,2.304,0.933,23.732,2.861,31.424
FireSmokeVideoNEW212_f26_jpg.rf.7bce4adbdd8e2de3d1441a1371d6c2a3.jpg,1,1,0.9771,0.219,0.004,0.049,2.273,0.995,15.77,1.204,21.994
FireSmokeVideoNEW212_f29_jpg.rf.c573350a48be3b6ef33284f23ef4eb53.jpg,1,1,0.9471,0.202,0.004,0.048,2.251,0.979,21.048,1.395,27.234
FireSmokeVideoNEW212_f39_jpg.rf.6c0d067020333fde34ecc6bd051d7c57.jpg,1,1,0.9568,0.199,0.004,0.046,2.647,0.951,18.359,1.204,24.762
FireSmokeVideoNEW212_f40_jpg.rf.7afe6dc7d2a400ff27e84e8518723223.jpg,1,1,0.7215,0.199,0.004,0.045,2.182,0.93,18.389,1.209,24.306
FireSmokeVideoNEW212_f42_jpg.rf.e5cc278015ab526c17bea13a66f735e0.jpg,1,1,0.6678,0.197,0.004,0.044,5.296,3.386,22.475,1.215,33.931
FireSmokeVideoNEW212_f47_jpg.rf.03a952d7d61f102e43956ceb5cd45f9c.jpg,1,1,0.9809,0.245,0.004,0.049,6.654,3.027,33.49,1.392,46.334
FireSmokeVideoNEW212_f49_jpg.rf.51c963a0ee193f56af17051f72209961.jpg,1,1,0.9983,0.214,0.004,0.05,4.859,3.571,22.573,1.379,34.17
FireSmokeVideoNEW212_f50_jpg.rf.19bb9e546d3cc717ee5ae092855168cb.jpg,1,1,0.8839,0.238,0.005,0.057,7.962,2.237,22.601,1.542,36.674
FireSmokeVideoNEW212_f52_jpg.rf.ae01318cbd57ba0a9333e36682302766.jpg,1,1,0.9997,0.218,0.005,0.054,2.611,1.124,22.463,1.556,29.485
FireSmokeVideoNEW212_f54_jpg.rf.bf714fc85f36b3393d098b91adb0554c.jpg,1,1,1.0,0.211,0.004,0.05,9.85,7.903,27.856,1.676,49.002
FireSmokeVideoNEW212_f63_jpg.rf.701893b2b3635f143aaf7b6f9bd45aa2.jpg,1,1,0.9997,0.215,0.005,0.049,6.472,5.971,22.527,1.362,38.12
FireSmokeVideoNEW212_f69_jpg.rf.766fef2a3b6070d397ade684b70c2b43.jpg,1,1,0.9999,0.222,0.005,0.053,2.972,1.081,22.974,1.404,30.181
FireSmokeVideoNEW212_f70_jpg.rf.6fd1fed84808897ba86bc35faa8759f1.jpg,1,1,0.9961,0.211,0.005,0.05,3.304,1.059,31.158,1.436,38.738
FireSmokeVideoNEW213_f36_jpg.rf.b52ffa4b493c47c40af87a1983b6703b.jpg,1,1,0.9999,0.214,0.004,0.049,6.584,6.466,37.491,1.896,54.324
FireSmokeVideoNEW215_f13_jpg.rf.1be99abe9b01cc61b79dc950e8500b61.jpg,1,1,1.0,0.215,0.005,0.049,4.159,1.322,22.508,1.504,31.213
FireSmokeVideoNEW215_f33_jpg.rf.192cb3311ec069ab85e1df4aa4575855.jpg,1,1,1.0,0.227,0.005,0.055,2.408,1.089,29.9,2.28,37.502
FireSmokeVideoNEW215_f38_jpg.rf.c13201af97e201352fc60ff38e56a8ca.jpg,1,1,1.0,0.217,0.005,0.051,2.298,1.102,22.524,1.622,29.305
FireSmokeVideoNEW215_f3_jpg.rf.e9664a85851447730ec745ffa4fa0c6f.jpg,1,1,1.0,0.218,0.005,0.055,5.087,5.97,37.227,1.576,51.683
FireSmokeVideoNEW215_f44_jpg.rf.f8a93790f6305f4ebeddf38aedd630a2.jpg,1,1,1.0,0.219,0.005,0.053,4.269,1.004,31.608,1.557,40.18
FireSmokeVideoNEW215_f4_jpg.rf.429d1c7df213307037d5748aa75dc4dc.jpg,1,1,1.0,0.225,0.005,0.052,2.741,1.088,22.52,1.487,29.605
FireSmokeVideoNEW215_f7_jpg.rf.4b9242fb690d24c9b00c401507cfda6e.jpg,1,1,1.0,0.216,0.005,0.054,2.294,1.734,22.502,1.6,29.958
FireSmokeVideoNEW215_f9_jpg.rf.2d10b5da2bbdb8ba2218af3c5fd68ee6.jpg,1,1,1.0,0.215,0.004,0.052,3.321,1.114,36.326,4.37,46.877
FireSmokeVideoNEW216_f27_jpg.rf.9752e0401177f9ef2c00eba6afb3bf49.jpg,1,1,1.0,0.218,0.004,0.049,2.342,0.981,15.816,1.312,22.17
FireSmokeVideoNEW216_f29_jpg.rf.4602430c2f01e2aaaad22b36b613b5b4.jpg,1,1,1.0,0.203,0.004,0.047,2.3,0.964,16.18,1.322,22.451
FireSmokeVideoNEW216_f31_jpg.rf.bcf64acb747807831fdb41468fe05d3d.jpg,1,1,1.0,0.209,0.004,0.046,2.505,1.716,31.444,1.668,39.044
FireSmokeVideoNEW216_f34_jpg.rf.b6ad2762deb497a97237b66c10958486.jpg,1,1,1.0,0.212,0.004,0.05,2.27,0.996,22.537,1.313,28.834
FireSmokeVideoNEW216_f36_jpg.rf.f57ae82cb0eac7f791a1f314e59586eb.jpg,1,1,1.0,0.274,0.003,0.047,3.072,1.054,28.773,2.65,37.254
FireSmokeVideoNEW216_f38_jpg.rf.a4c46748bfe9f1e13262189ee4958a6c.jpg,1,1,1.0,0.222,0.005,0.05,3.029,1.059,31.683,1.474,39.005
FireSmokeVideoNEW216_f63_jpg.rf.43542df686881ae3bd014e792d6d0703.jpg,1,1,1.0,0.213,0.004,0.052,2.351,1.457,22.59,1.361,29.573
FireSmokeVideoNEW216_f66_jpg.rf.b55857b55e7a044c827d9875bb78fc85.jpg,1,1,1.0,0.22,0.004,0.053,2.328,1.098,22.512,1.303,28.979
FireSmokeVideoNEW216_f68_jpg.rf.d22f55fffdb7547ab82db3089e1d2ecf.jpg,1,1,1.0,0.288,0.005,0.054,2.936,1.268,31.734,1.476,39.233
FireSmokeVideoNEW216_f72_jpg.rf.b91983b01a9b8eee23ac98ac1b660312.jpg,1,1,0.9999,0.21,0.004,0.05,2.429,0.978,26.992,1.372,33.52
FireSmokeVideoNEW216_f86_jpg.rf.27d882594f801518b63c93d84610f649.jpg,1,1,0.9998,0.214,0.005,0.049,2.24,1.085,22.498,1.541,29.049
FireSmokeVideoNEW216_f89_jpg.rf.99a8641e3c842e990d80706bb4c00959.jpg,1,1,0.9999,0.214,0.005,0.047,2.278,1.549,31.455,1.564,38.572
FireSmokeVideoNEW218_f1_jpg.rf.67f61678892a49c41d8ede805848047f.jpg,1,1,0.9574,0.246,0.005,0.049,3.25,1.197,22.502,1.524,30.292
FireSmokeVideoNEW218_f33_jpg.rf.bc051305b2444a9682c6cbdc80457601.jpg,1,1,0.998,0.229,0.005,0.052,3.845,1.384,22.491,1.517,31.03
FireSmokeVideoNEW218_f36_jpg.rf.690e54d498b40201eea9b608f1d4e97d.jpg,1,1,0.9914,0.219,0.004,0.052,5.556,1.123,29.881,1.467,39.77
FireSmokeVideoNEW218_f41_jpg.rf.506c5095b51cb13898c5d887dccd3c32.jpg,1,1,0.9996,0.211,0.005,0.053,4.067,1.064,15.78,1.287,23.86
FireSmokeVideoNEW218_f43_jpg.rf.1ff2126f11d02341d18fd00487251fc9.jpg,1,1,0.9179,0.212,0.005,0.054,4.194,1.123,15.936,1.253,24.183
FireSmokeVideoNEW218_f46_jpg.rf.09cd36ec79dd7846fcdb8dfcdcb4f039.jpg,1,1,0.9631,0.213,0.004,0.048,5.865,1.675,24.759,1.387,35.346
FireSmokeVideoNEW218_f6_jpg.rf.927cb3facf92db0f994b7e641c5f1db8.jpg,1,1,0.9947,0.202,0.004,0.047,3.041,1.026,22.467,1.275,29.509
FireSmokeVideoNEW218_f9_jpg.rf.59f45274803c507efa12635b802691f9.jpg,1,1,0.8603,0.211,0.004,0.048,7.889,3.992,25.776,1.479,40.9
FireSmokeVideoNEW21_f1_jpg.rf.88471b473598961e0c71228c4cdcb3fc.jpg,1,1,1.0,0.212,0.004,0.048,2.622,1.118,31.71,1.471,38.603
FireSmokeVideoNEW21_f43_jpg.rf.b339aaa65d20f3b8280e31505c5517d2.jpg,1,1,1.0,0.214,0.004,0.049,2.331,0.979,15.795,1.31,22.096
FireSmokeVideoNEW21_f59_jpg.rf.7b7783cf60019879934a1f34f494e015.jpg,1,1,1.0,0.211,0.005,0.049,2.343,1.018,16.462,1.219,22.76
FireSmokeVideoNEW21_f64_jpg.rf.2c2e3982d7ef8e914cc9dce7fbcc7b68.jpg,1,0,0.9327,0.21,0.004,0.05,2.27,0.962,27.109,4.425,36.46
FireSmokeVideoNEW21_f67_jpg.rf.45d03b24f98649e0d649e2f16f22567a.jpg,1,1,1.0,0.217,0.004,0.049,4.581,1.627,18.378,1.381,27.661
FireSmokeVideoNEW21_f69_jpg.rf.75191347f6763cf9fde8a47940370227.jpg,1,1,1.0,0.212,0.003,0.046,2.43,1.303,18.381,1.803,25.512
FireSmokeVideoNEW21_f70_jpg.rf.0f544b5b509c06479c505fda09cf0295.jpg,1,1,1.0,0.212,0.004,0.047,3.125,0.939,28.654,1.565,36.013
FireSmokeVideoNEW21_f77_jpg.rf.e7c12def6552a57fe4563c66c9d29653.jpg,1,0,0.8891,0.203,0.004,0.048,2.507,1.198,22.482,1.309,29.095
FireSmokeVideoNEW21_f83_jpg.rf.f87b32087d0a74b76072b9a21c29a6a6.jpg,1,0,0.9099,0.212,0.004,0.052,3.201,1.997,28.402,4.024,39.296
FireSmokeVideoNEW220_f103_jpg.rf.9f60f17a1c5a9a730ba1b60de4479245.jpg,1,1,1.0,0.216,0.004,0.053,5.824,3.617,31.402,1.436,44.038
FireSmokeVideoNEW220_f110_jpg.rf.c11cdcdae1385a69f66503d97696a8c9.jpg,1,1,1.0,0.221,0.005,0.054,4.561,1.23,22.491,1.369,31.395
FireSmokeVideoNEW220_f114_jpg.rf.01d81e177954f3d81f3b9b6defdbead1.jpg,1,1,1.0,0.228,0.005,0.053,2.938,1.005,22.464,1.354,29.556
FireSmokeVideoNEW220_f116_jpg.rf.e10fa2eb74d831fe711d136a69945d13.jpg,1,1,1.0,0.219,0.004,0.05,2.456,1.168,30.079,3.394,38.875
FireSmokeVideoNEW220_f118_jpg.rf.04ca92392c039b2130aa7c2ece63f039.jpg,1,1,1.0,0.235,0.005,0.055,4.74,1.35,22.607,1.407,32.009
FireSmokeVideoNEW220_f14_jpg.rf.ec161231d9668ccf5db936aa777972b3.jpg,1,1,1.0,0.231,0.005,0.055,2.397,1.006,22.537,1.573,29.294
FireSmokeVideoNEW220_f17_jpg.rf.0f695be7ce239a5c0cc9a8b30cae8918.jpg,1,1,0.9999,0.215,0.005,0.052,2.728,1.109,30.868,1.79,38.217
FireSmokeVideoNEW220_f18_jpg.rf.e62670db7e7bafc54422b1a7cd3f800c.jpg,1,1,1.0,0.217,0.005,0.051,2.235,1.039,22.485,1.317,28.742
FireSmokeVideoNEW220_f198_jpg.rf.9d39f849f2eaa96291dd0eaf00d26896.jpg,1,1,0.9996,0.214,0.005,0.048,3.103,6.364,32.17,4.935,48.41
FireSmokeVideoNEW220_f220_jpg.rf.835ac86a80b72af449ade87dc10714bd.jpg,1,1,0.9997,0.276,0.005,0.058,6.045,1.103,31.576,1.447,42.269
FireSmokeVideoNEW220_f23_jpg.rf.1778d9e44b1c8c0ff722cfc9ef5672fa.jpg,1,1,1.0,0.227,0.005,0.054,2.385,1.023,22.48,1.4,29.109
FireSmokeVideoNEW220_f51_jpg.rf.ac1bc672867e7371f0be09d6f571ab56.jpg,1,1,1.0,0.216,0.005,0.054,2.909,1.083,22.477,1.379,29.711
FireSmokeVideoNEW220_f88_jpg.rf.1d3b365a43fdcc299a0870251874be71.jpg,1,1,1.0,0.221,0.004,0.051,2.304,0.992,35.349,6.567,47.021
FireSmokeVideoNEW220_f93_jpg.rf.df73373f1582dbe860db699d1d700f42.jpg,1,1,1.0,0.239,0.005,0.056,2.6,1.17,15.924,1.648,23.239
FireSmokeVideoNEW220_f98_jpg.rf.dedba84d3f2dd3d971261de5a403cdd2.jpg,1,1,1.0,0.226,0.005,0.053,2.495,1.079,22.517,1.638,29.508
FireSmokeVideoNEW221_f11_jpg.rf.51f25bf79fba848e1852a9a8b5c1410a.jpg,1,1,0.9988,0.217,0.004,0.047,2.207,1.894,31.658,1.795,39.439
FireSmokeVideoNEW221_f13_jpg.rf.1aa6a7f7dfece75b85a30283258ab8cb.jpg,1,1,0.9991,0.219,0.005,0.051,2.485,1.084,22.547,1.666,29.533
FireSmokeVideoNEW221_f15_jpg.rf.b63d7f4847797de34ed8b3066e6cb3fa.jpg,1,1,0.9993,0.232,0.005,0.055,7.175,5.076,24.229,1.423,39.731
FireSmokeVideoNEW221_f19_jpg.rf.59c8d4a3c34cd694d867ae844fee89d2.jpg,1,1,0.9928,0.227,0.004,0.052,5.199,3.297,30.907,1.538,42.703
FireSmokeVideoNEW221_f26_jpg.rf.443d39e5f56c13cfae7a34e476a0e880.jpg,1,1,0.9988,0.224,0.005,0.055,2.412,1.03,22.622,1.358,29.19
FireSmokeVideoNEW221_f28_jpg.rf.a523dbcbf3683d8f18235ad9302bf56a.jpg,1,1,0.9994,0.221,0.005,0.05,2.351,1.028,22.646,1.367,29.133
FireSmokeVideoNEW221_f2_jpg.rf.719286f8cd9c72a30f43a047427555f0.jpg,1,1,0.9997,0.26,0.005,0.054,5.7,4.507,39.807,2.506,54.436
FireSmokeVideoNEW221_f3_jpg.rf.94efb46f1672ee28d652964edf3948f3.jpg,1,1,0.9965,0.276,0.005,0.057,5.275,3.2,22.406,1.46,34.195
FireSmokeVideoNEW221_f5_jpg.rf.8a43dd4aadff4528705f52d9ab00daff.jpg,1,1,0.9985,0.235,0.005,0.055,2.751,1.097,22.524,1.36,29.593
FireSmokeVideoNEW221_f7_jpg.rf.a849a7edfb3c2ea171f4fd5b8f3929d5.jpg,1,1,0.9972,0.221,0.005,0.051,2.319,1.042,29.937,1.478,36.546
FireSmokeVideoNEW221_f9_jpg.rf.8173796a4cc04a5cbe9067cf21f0f30f.jpg,1,1,0.9986,0.221,0.004,0.052,7.039,6.188,17.674,1.349,34.012
FireSmokeVideoNEW222_f123_jpg.rf.e8747a288a227f270190e39c6c54d29a.jpg,1,1,1.0,0.207,0.004,0.048,2.602,1.054,22.54,1.281,29.327
FireSmokeVideoNEW222_f46_jpg.rf.7f1818b2c2c51b2e646eb0a4844c216b.jpg,1,1,1.0,0.212,0.004,0.05,2.482,0.985,31.4,1.475,38.009
FireSmokeVideoNEW222_f61_jpg.rf.75fc78eefea3f4529c48d95f4bf4eb04.jpg,1,1,1.0,0.209,0.004,0.05,2.277,1.146,22.489,1.512,29.105
FireSmokeVideoNEW223_f115_jpg.rf.f7e472a8fe18759fb48ba875390e3c30.jpg,1,1,1.0,0.207,0.004,0.049,2.273,0.968,22.487,1.552,28.927
FireSmokeVideoNEW223_f13_jpg.rf.01598ec4481511a2189e689632183a09.jpg,1,1,1.0,0.222,0.005,0.052,5.941,3.603,32.409,1.508,45.269
FireSmokeVideoNEW223_f161_jpg.rf.956b2c4af82583a775d6129e4bb39146.jpg,1,1,0.9997,0.213,0.004,0.051,2.623,1.079,22.517,1.336,29.31
FireSmokeVideoNEW223_f172_jpg.rf.abd51942fd26b9ebc9ca011f2bdbf5e1.jpg,1,1,1.0,0.217,0.004,0.05,2.506,1.196,22.498,1.311,29.28
FireSmokeVideoNEW223_f29_jpg.rf.88d1a44b2b908c080f787711d74266e6.jpg,1,1,1.0,0.21,0.004,0.047,2.657,0.984,29.652,1.812,36.787
FireSmokeVideoNEW223_f3_jpg.rf.0f7e22b3799657901c3dda898e2ced6f.jpg,1,1,1.0,0.216,0.005,0.05,5.78,1.403,28.277,4.038,41.195
FireSmokeVideoNEW223_f74_jpg.rf.e56d1a0e7335349c6503eb813a83aa49.jpg,1,1,0.9976,0.212,0.005,0.051,6.35,1.116,22.622,1.277,33.157
FireSmokeVideoNEW223_f76_jpg.rf.966f9d338b55f99ba8222b889fa60680.jpg,1,1,0.9994,0.207,0.004,0.047,3.437,1.015,29.784,3.023,38.934
FireSmokeVideoNEW225_f1_jpg.rf.a0915ad0745d925ed5df86947f4de0b9.jpg,1,1,1.0,0.219,0.005,0.052,2.32,1.006,22.513,1.328,28.871
FireSmokeVideoNEW225_f3_jpg.rf.a6736de779bdb62129b22cd7987ed4f5.jpg,1,1,1.0,0.213,0.005,0.05,2.883,1.04,22.583,1.393,29.666
FireSmokeVideoNEW225_f5_jpg.rf.d88a1d14607636b2af3b6c973f78a796.jpg,1,1,1.0,0.221,0.004,0.05,5.56,6.062,37.341,1.527,52.311
FireSmokeVideoNEW226_f3_jpg.rf.8742a56b8ce97acfc27e30b6b5149246.jpg,1,1,1.0,0.221,0.005,0.053,2.718,1.19,15.809,1.327,22.822
FireSmokeVideoNEW226_f5_jpg.rf.ed64fa15bd532f9262728f714137fa40.jpg,1,1,1.0,0.225,0.005,0.055,2.327,1.105,19.036,1.506,25.768
FireSmokeVideoNEW227_f119_jpg.rf.0a667ed3b2ab7d75b77066dcff52cb45.jpg,1,1,1.0,0.209,0.005,0.05,2.311,1.364,31.425,1.424,38.207
FireSmokeVideoNEW227_f181_jpg.rf.52ab9937a5eed31239256aa34cf4aab9.jpg,1,1,1.0,0.208,0.005,0.052,2.3,1.317,15.813,1.286,22.496
FireSmokeVideoNEW227_f194_jpg.rf.1d83c4122e530376e476d3ea6c377052.jpg,1,1,1.0,0.225,0.005,0.054,7.559,2.683,19.445,1.401,32.818
FireSmokeVideoNEW227_f206_jpg.rf.8191ea57c6e942583d723636e7bdd453.jpg,1,1,0.9999,0.217,0.005,0.049,2.301,1.542,24.831,1.43,31.754
FireSmokeVideoNEW227_f31_jpg.rf.476c57cd23743575f218662b0dbeeb6e.jpg,1,1,1.0,0.212,0.004,0.045,2.236,1.074,22.483,1.46,28.927
FireSmokeVideoNEW227_f59_jpg.rf.ae215379798f91806d993c47bd17dc01.jpg,1,1,1.0,0.212,0.004,0.047,2.427,0.972,22.463,1.263,28.846
FireSmokeVideoNEW227_f88_jpg.rf.de74bcfbfa667d7c96f39310c92128a6.jpg,1,1,1.0,0.213,0.005,0.048,2.277,1.069,37.03,4.125,46.19
FireSmokeVideoNEW229_f0_jpg.rf.744e23aefbdcb714c5dcfb90ea3a87fd.jpg,1,1,1.0,0.219,0.004,0.054,3.074,1.044,22.548,1.424,29.989
FireSmokeVideoNEW229_f101_jpg.rf.43d321f3b24853a59f9ceacef569f549.jpg,1,1,1.0,0.224,0.005,0.054,6.636,1.052,22.556,1.339,33.36
FireSmokeVideoNEW229_f110_jpg.rf.b400adef17228b944c94c9b9d09174b3.jpg,1,1,1.0,0.226,0.005,0.051,2.708,1.258,29.588,3.127,38.465
FireSmokeVideoNEW229_f136_jpg.rf.1c40c355e04cffe2494a54b84170094f.jpg,1,1,1.0,0.291,0.005,0.056,2.401,1.016,22.516,1.529,29.355
FireSmokeVideoNEW229_f143_jpg.rf.9b6eac650896f72356521e3b056d28b1.jpg,1,1,1.0,0.367,0.004,0.099,3.646,1.54,22.982,1.456,31.527
FireSmokeVideoNEW229_f190_jpg.rf.cebc8de881dc229c1045ee796412977f.jpg,1,1,1.0,0.22,0.004,0.049,3.038,1.007,31.396,1.752,39.114
FireSmokeVideoNEW229_f197_jpg.rf.5ec1307ec070f7627ed9b0e2422276c1.jpg,1,1,1.0,0.21,0.005,0.048,2.675,1.043,22.514,1.566,29.61
FireSmokeVideoNEW229_f204_jpg.rf.a9070952b4d2a98f9cd1205187bcb2e8.jpg,1,1,1.0,0.216,0.004,0.051,2.347,1.009,22.503,1.362,29.008
FireSmokeVideoNEW229_f2_jpg.rf.4fe9df5e39295b817431d6d30db26ffe.jpg,1,1,1.0,0.219,0.004,0.051,2.326,0.992,34.332,2.85,42.195
FireSmokeVideoNEW229_f3_jpg.rf.bd4422d257a9a966fd114bfe183a27c2.jpg,1,1,1.0,0.221,0.005,0.053,2.424,1.134,15.791,1.386,22.896
FireSmokeVideoNEW229_f49_jpg.rf.8318dd0ac0d9fa11a18582f419ac9805.jpg,1,1,1.0,0.21,0.004,0.048,2.28,1.051,19.335,1.391,25.699
FireSmokeVideoNEW229_f62_jpg.rf.c42da118ef779db6a6e880592daf2cd9.jpg,1,1,1.0,0.205,0.004,0.045,2.836,0.983,31.657,1.536,38.648
FireSmokeVideoNEW229_f76_jpg.rf.28d89efca31c4680197dcf15151316e4.jpg,1,1,1.0,0.202,0.004,0.047,2.715,1.24,22.536,1.537,29.737
FireSmokeVideoNEW229_f87_jpg.rf.fa7b1ae50d2aa2b99fc795483c246ec9.jpg,1,1,1.0,0.214,0.004,0.049,2.649,0.993,28.294,7.749,41.458
FireSmokeVideoNEW229_f92_jpg.rf.eb9c93d702c830a9ef174e45e6dc51c6.jpg,1,1,1.0,0.203,0.004,0.047,5.621,1.027,31.899,1.539,41.776
FireSmokeVideoNEW229_f9_jpg.rf.9eb7fa13a6b22e2e57b2d0b12dd7a4ed.jpg,1,1,1.0,0.218,0.005,0.051,2.563,0.998,22.528,1.388,29.352
FireSmokeVideoNEW22_f2_jpg.rf.5afaf3ae732bc8f876a9a4472b83d758.jpg,1,1,1.0,0.222,0.005,0.051,3.025,4.226,22.482,1.398,33.005
FireSmokeVideoNEW22_f4_jpg.rf.203f7831badeb4e02951fe9665c7f685.jpg,1,1,1.0,0.216,0.004,0.052,2.941,1.053,29.789,1.589,37.14
FireSmokeVideoNEW230_f1_jpg.rf.92be5e622a84e8eeda101de1d8b6f006.jpg,1,1,1.0,0.224,0.004,0.051,4.432,1.088,22.39,1.34,31.055
FireSmokeVideoNEW230_f2_jpg.rf.b516a23e0ee4265b82e9c124ae5403e7.jpg,1,1,1.0,0.224,0.005,0.053,3.108,1.053,22.535,1.37,29.863
FireSmokeVideoNEW230_f3_jpg.rf.eb9208f420689ab949ebbd9d144630f7.jpg,1,1,1.0,0.22,0.005,0.052,2.338,1.071,29.905,1.836,36.931
FireSmokeVideoNEW231_f13_jpg.rf.7eda31debd5ace8bf178efb2d8eee062.jpg,1,1,1.0,0.214,0.004,0.049,3.28,1.096,22.459,1.365,29.904
FireSmokeVideoNEW231_f18_jpg.rf.e12984d2a281af25030f7fc539b979ff.jpg,1,1,1.0,0.222,0.004,0.053,4.599,3.001,22.595,2.996,34.986
FireSmokeVideoNEW231_f3_jpg.rf.ac0fdc2f62e6f6f0fe35fadafd65eea3.jpg,1,1,1.0,0.23,0.005,0.057,2.588,1.53,31.492,1.734,39.272
FireSmokeVideoNEW231_f8_jpg.rf.5a73d4cdd0134ebf3f0eccf6435271ba.jpg,1,1,1.0,0.216,0.004,0.05,2.258,0.942,22.631,1.336,28.849
FireSmokeVideoNEW232_f10_jpg.rf.5d4a0d582228afc4599a8941859c79ec.jpg,1,1,0.998,0.208,0.004,0.05,4.509,1.649,22.503,1.542,32.341
FireSmokeVideoNEW232_f12_jpg.rf.b5ec45b788bf7591660aeb1c7e7a6c5c.jpg,1,1,0.9968,0.223,0.005,0.054,5.408,0.994,29.903,2.812,40.839
FireSmokeVideoNEW232_f1_jpg.rf.088b08a0eb2f4470fd648ce9722d4817.jpg,1,1,0.9997,0.222,0.004,0.053,7.934,5.24,25.06,1.384,41.811
FireSmokeVideoNEW232_f21_jpg.rf.271771bf62fffe17129aabb112008ce5.jpg,1,1,1.0,0.216,0.005,0.054,4.799,1.064,22.74,1.366,31.68
FireSmokeVideoNEW232_f26_jpg.rf.a179bf547e32adc65897235b8a4e5092.jpg,1,1,0.9746,0.209,0.004,0.053,4.067,1.623,31.376,1.627,40.628
FireSmokeVideoNEW232_f30_jpg.rf.5d755a93dca770aa7d77d49325fcd350.jpg,1,1,0.9986,0.213,0.004,0.049,4.879,1.352,22.528,1.409,31.856
FireSmokeVideoNEW232_f36_jpg.rf.9859fadb31bedf2c1e47c6fd901a5437.jpg,1,1,0.9837,0.222,0.004,0.056,7.356,4.764,30.791,2.709,47.551
FireSmokeVideoNEW232_f3_jpg.rf.515f75a19104a63f84b9cd97feac0292.jpg,1,1,0.9997,0.229,0.005,0.056,4.827,1.026,32.817,1.672,42.102
FireSmokeVideoNEW232_f46_jpg.rf.d6cb8a4fe0485699a61fcae6ce80714a.jpg,1,1,0.9994,0.215,0.004,0.05,3.499,1.014,15.829,1.407,23.511
FireSmokeVideoNEW232_f4_jpg.rf.37ee1d28f781085cffebace064f9a3b5.jpg,1,1,0.9986,0.224,0.004,0.055,3.999,1.039,18.188,1.333,26.25
FireSmokeVideoNEW232_f51_jpg.rf.f3ab61a78ed50f6db8ee33583eadf077.jpg,1,1,0.9981,0.225,0.004,0.053,4.538,2.973,34.73,2.93,46.877
FireSmokeVideoNEW232_f57_jpg.rf.00352eb95e89173e199ffe02e0a77b79.jpg,1,1,0.9839,0.225,0.004,0.054,4.654,1.136,15.921,1.412,25.279
FireSmokeVideoNEW232_f67_jpg.rf.33421177bbf4e5f31db002f6457f2f1d.jpg,1,1,0.999,0.216,0.005,0.051,5.171,2.137,21.251,1.4,31.689
FireSmokeVideoNEW232_f6_jpg.rf.381e2ade01fd02959728a4fdac8d582a.jpg,1,1,0.9988,0.218,0.005,0.051,5.107,1.131,29.809,1.566,39.404
FireSmokeVideoNEW232_f71_jpg.rf.512281df1df5bc0c90e3b7ac8b428316.jpg,1,1,0.9988,0.261,0.004,0.048,4.412,1.573,22.597,1.357,31.746
FireSmokeVideoNEW232_f75_jpg.rf.8de3236d482920e837e8d8b678a5931c.jpg,1,1,0.9997,0.215,0.004,0.049,8.774,5.825,33.253,1.488,51.112
FireSmokeVideoNEW232_f9_jpg.rf.87ebed201de152bbc4b07674c43088f9.jpg,1,1,0.9999,0.217,0.005,0.051,5.625,1.374,31.379,1.618,41.811
FireSmokeVideoNEW234_f127_jpg.rf.005a291196ed53f9e596dc27892d8242.jpg,1,1,1.0,0.223,0.005,0.053,2.893,1.167,22.548,1.39,29.906
FireSmokeVideoNEW234_f3_jpg.rf.1c10021a15131173ab90792084ae1ea2.jpg,1,1,1.0,0.219,0.004,0.054,2.465,1.082,22.475,1.324,29.127
FireSmokeVideoNEW234_f4_jpg.rf.544cdf7ddb8c01ea0161540b395cc399.jpg,1,1,1.0,0.218,0.004,0.053,6.848,6.18,33.721,4.006,52.768
FireSmokeVideoNEW234_f55_jpg.rf.e5dd649df426ba0b01e4c6d963216033.jpg,1,1,1.0,0.238,0.005,0.063,6.763,1.051,24.311,1.413,35.304
FireSmokeVideoNEW234_f5_jpg.rf.ea5d1c26f102f98da6cf96bd2b6f891b.jpg,1,1,1.0,0.227,0.005,0.054,2.574,1.28,22.493,1.642,29.775
FireSmokeVideoNEW236_f10_jpg.rf.240f95d69f9989a861a046d9172c6a3b.jpg,1,1,1.0,0.22,0.004,0.049,3.914,1.668,29.773,1.567,38.567
FireSmokeVideoNEW236_f12_jpg.rf.3da857e1bd4ac6513237ae4ff40cbc33.jpg,1,1,1.0,0.22,0.005,0.051,3.711,1.101,15.887,2.178,24.685
FireSmokeVideoNEW236_f14_jpg.rf.f0ca6c82bcddcc9feb9bc9028a68b120.jpg,1,1,1.0,0.215,0.005,0.052,5.421,1.249,16.484,1.255,26.113
FireSmokeVideoNEW236_f21_jpg.rf.754a675026bcab92408959bfb9e6fcc3.jpg,1,1,1.0,0.206,0.005,0.046,4.864,1.084,24.898,2.614,35.184
FireSmokeVideoNEW236_f3_jpg.rf.42bc417b828648ccddb4878d88cd314a.jpg,1,1,1.0,0.206,0.005,0.049,3.354,1.068,22.538,1.532,30.221
FireSmokeVideoNEW236_f5_jpg.rf.cc8e7b2f8bdb3e0cec2a0ff51fa28c17.jpg,1,1,1.0,0.211,0.005,0.052,3.289,1.059,22.591,1.341,29.991
FireSmokeVideoNEW236_f7_jpg.rf.bd6635dce83880a7113817e083b78be5.jpg,1,1,0.9999,0.213,0.004,0.049,3.738,1.043,30.279,5.69,42.512
FireSmokeVideoNEW236_f9_jpg.rf.168ae9734bfc501bc6d238f8d2f724d8.jpg,1,1,1.0,0.211,0.005,0.05,4.718,1.156,15.784,1.408,24.852
FireSmokeVideoNEW240_f20_jpg.rf.8a6467c957e8c386af2b27d0d934c050.jpg,1,1,0.9727,0.234,0.005,0.056,2.708,1.006,15.861,1.277,22.661
FireSmokeVideoNEW242_f16_jpg.rf.cb5a984c234f69549bd7d8916ecc738a.jpg,1,1,0.9793,0.209,0.004,0.048,2.429,0.959,24.971,2.172,32.249
FireSmokeVideoNEW242_f20_jpg.rf.350ae6f9f4cfaf34dac57b430bf38bd5.jpg,1,1,1.0,0.211,0.004,0.05,3.277,1.062,22.261,2.35,30.635
FireSmokeVideoNEW242_f24_jpg.rf.4f1770fc700b14899ba1bfbb6afbd478.jpg,1,1,1.0,0.219,0.005,0.053,7.522,1.33,22.517,1.594,34.749
FireSmokeVideoNEW242_f26_jpg.rf.683758f071668ddaa0024a468c60f9a7.jpg,1,1,0.9996,0.221,0.005,0.051,6.339,0.893,29.846,1.432,40.315
FireSmokeVideoNEW242_f28_jpg.rf.300cfcb4673b58751e0aaa9c40dd0817.jpg,1,1,0.9998,0.256,0.005,0.051,3.348,1.183,22.511,1.589,30.37
FireSmokeVideoNEW242_f2_jpg.rf.e0fe0c90866be603ef3ea3115d07ae53.jpg,1,1,1.0,0.218,0.005,0.051,3.536,1.052,22.475,1.484,30.644
FireSmokeVideoNEW242_f37_jpg.rf.942cd9e3807e9de01255872d9810dc8e.jpg,1,1,1.0,0.209,0.005,0.049,4.832,1.003,31.36,1.389,40.328
FireSmokeVideoNEW242_f39_jpg.rf.ed7e340bb514103b25521a6342b6d0b8.jpg,1,1,1.0,0.206,0.004,0.045,6.952,4.189,37.786,1.999,52.657
FireSmokeVideoNEW242_f42_jpg.rf.9ef35700b7eefb3f791a6601099ee8d7.jpg,1,1,1.0,0.232,0.005,0.058,7.132,4.199,16.307,1.641,31.321
FireSmokeVideoNEW242_f5_jpg.rf.0862f86903811d26c50e14ae697a7bf3.jpg,1,1,1.0,0.235,0.005,0.058,6.461,3.894,31.309,1.829,45.377
FireSmokeVideoNEW243_f0_jpg.rf.b8ae4899a18f07d0cf66c78b3c5a1dd8.jpg,1,1,1.0,0.223,0.005,0.052,6.08,4.201,22.604,1.471,36.363
FireSmokeVideoNEW243_f21_jpg.rf.20e2bc6a567e338cdc5431cdda1b0f9f.jpg,1,1,1.0,0.225,0.005,0.055,5.724,4.715,31.65,1.447,45.524
FireSmokeVideoNEW243_f3_jpg.rf.ecc4982a917b338aff3cd29cfba69f31.jpg,1,1,1.0,0.232,0.005,0.055,5.412,4.519,18.051,1.468,31.591
FireSmokeVideoNEW243_f44_jpg.rf.2eaf38b6d2a398d6af80bfb726fe7216.jpg,1,1,1.0,0.232,0.005,0.056,5.08,3.574,22.579,1.399,34.557
FireSmokeVideoNEW243_f46_jpg.rf.dc718cf285258cfab125d30992916958.jpg,1,1,0.9932,0.221,0.005,0.05,5.071,3.55,31.311,1.817,43.492
FireSmokeVideoNEW243_f5_jpg.rf.1b86ff64ad83437c640195f462e17ed9.jpg,1,1,1.0,0.218,0.005,0.051,5.937,4.756,28.917,1.493,42.835
FireSmokeVideoNEW245_f16_jpg.rf.affac28f81aa47b4cfb3b2e583a5e036.jpg,1,1,1.0,0.229,0.005,0.054,7.083,1.22,22.502,1.503,34.26
FireSmokeVideoNEW245_f18_jpg.rf.5f6fa5ffb536cb4e8ffc333b31b94060.jpg,1,1,1.0,0.222,0.005,0.053,4.891,1.142,31.393,1.804,41.006
FireSmokeVideoNEW245_f20_jpg.rf.8cdc752d89218b5374439c992813db4f.jpg,1,1,1.0,0.213,0.004,0.051,6.414,1.262,22.524,1.618,33.679
FireSmokeVideoNEW245_f22_jpg.rf.e4b0e4d4004a941c1776c3f52bf3b07f.jpg,1,1,1.0,0.225,0.005,0.053,4.803,4.306,32.613,5.502,49.464
FireSmokeVideoNEW245_f24_jpg.rf.b4e0a941b58e1944a9877a4b56f57db0.jpg,1,1,1.0,0.228,0.005,0.056,5.27,1.258,21.654,1.625,31.752
FireSmokeVideoNEW245_f26_jpg.rf.374fcdbd809ab2419a63cbad47609d73.jpg,1,1,1.0,0.221,0.005,0.055,4.937,1.406,19.964,1.436,29.552
FireSmokeVideoNEW245_f42_jpg.rf.7cb91c9b353d357b7d73e73d1396fb02.jpg,1,1,1.0,0.268,0.004,0.053,4.48,2.032,22.518,1.42,32.354
FireSmokeVideoNEW245_f44_jpg.rf.4f3d7c7339919582cdf9f49155ecf2c0.jpg,1,1,1.0,0.218,0.005,0.053,4.248,2.302,29.967,1.645,40.283
FireSmokeVideoNEW245_f46_jpg.rf.9e327caa1e549bd1bc4dc7387238832b.jpg,1,1,1.0,0.221,0.004,0.052,5.632,1.049,22.528,1.512,32.439
FireSmokeVideoNEW245_f48_jpg.rf.e3aa09c11084c01fb7be091002a9e24c.jpg,1,1,1.0,0.218,0.004,0.052,4.423,1.021,22.479,1.329,30.95
FireSmokeVideoNEW245_f50_jpg.rf.98199e99f42af44d74f16f98a0b28755.jpg,1,1,1.0,0.216,0.005,0.052,4.574,1.26,31.389,1.652,40.537
FireSmokeVideoNEW246_f0_jpg.rf.d0e9845d36bb6879808a62992a781c24.jpg,1,1,1.0,0.211,0.004,0.049,2.891,1.302,22.539,1.55,30.054
FireSmokeVideoNEW246_f101_jpg.rf.f7312a11e1f33c0f810c995e6172f5f9.jpg,1,1,1.0,0.213,0.005,0.051,2.654,1.019,26.472,4.046,35.911
FireSmokeVideoNEW246_f114_jpg.rf.c54ecf66c9dfabaa65bdc3348dd4649f.jpg,1,1,0.9949,0.216,0.004,0.05,2.345,1.002,31.134,1.382,37.693
FireSmokeVideoNEW246_f116_jpg.rf.0797530111fe7468dfb6e65ad1f61c49.jpg,1,1,0.6512,0.206,0.005,0.044,2.337,0.967,15.768,1.249,21.939
FireSmokeVideoNEW246_f118_jpg.rf.4aa48d18f215cee5d04f5c081db094b0.jpg,1,1,0.9269,0.208,0.004,0.049,2.317,0.975,16.86,1.253,23.127
FireSmokeVideoNEW246_f120_jpg.rf.9a867e176f5c7410d35704589b5f0dd6.jpg,1,1,0.9548,0.209,0.004,0.045,2.306,0.966,29.884,1.652,36.447
FireSmokeVideoNEW246_f122_jpg.rf.9ecff2c111b84f25d3a4dfb2e8316c54.jpg,1,1,0.836,0.21,0.004,0.051,2.465,1.004,26.529,4.036,35.733
FireSmokeVideoNEW246_f17_jpg.rf.4ceac16aeb284b22058948b39bf7f4f3.jpg,1,1,0.9998,0.247,0.005,0.049,3.121,1.736,31.477,1.745,39.841
FireSmokeVideoNEW246_f19_jpg.rf.e5b92864cd4980b8843bf3d0457fe64c.jpg,1,1,1.0,0.216,0.005,0.049,3.382,1.014,15.784,1.342,23.258
FireSmokeVideoNEW246_f20_jpg.rf.390c45f2c210996a34c511ad185f53ed.jpg,1,1,1.0,0.221,0.004,0.052,2.74,1.007,17.415,1.216,24.123
FireSmokeVideoNEW246_f22_jpg.rf.ffde6341071f98a83e38a27464a91568.jpg,1,1,0.9969,0.211,0.004,0.046,2.638,0.965,26.276,1.67,33.221
FireSmokeVideoNEW246_f24_jpg.rf.0e0a9f1b7656b23975c740c3db802d52.jpg,1,1,1.0,0.22,0.005,0.048,5.684,4.875,38.621,1.562,52.992
FireSmokeVideoNEW246_f29_jpg.rf.56c1b326a697c030a3632d8e1a2d0008.jpg,1,1,1.0,0.209,0.004,0.048,3.335,1.029,22.511,1.341,29.898
FireSmokeVideoNEW246_f30_jpg.rf.fb8251d2bfa3ad8e70741296130d2d7b.jpg,1,1,1.0,0.223,0.004,0.052,2.801,1.012,29.819,3.102,38.574
FireSmokeVideoNEW246_f39_jpg.rf.7f1e78c38f1141225244982c4bf3fd90.jpg,1,1,0.9999,0.215,0.004,0.052,4.061,1.149,22.509,1.547,31.036
FireSmokeVideoNEW246_f40_jpg.rf.ce1cd9a166466167c408fafad05fcb5c.jpg,1,1,1.0,0.258,0.004,0.056,10.077,4.376,26.448,1.431,44.808
FireSmokeVideoNEW246_f45_jpg.rf.2bef0d7bfd03bcc11349ab63c01e0354.jpg,1,1,1.0,0.222,0.004,0.052,4.332,1.076,31.403,1.82,40.47
FireSmokeVideoNEW246_f47_jpg.rf.d3ae86391f56dff6ac7f57a4e501bda8.jpg,1,1,0.9998,0.208,0.004,0.047,4.79,1.583,22.552,1.531,32.343
FireSmokeVideoNEW246_f4_jpg.rf.c4616a4f53c69b437bf5edb23eb58402.jpg,1,1,1.0,0.222,0.005,0.055,2.576,1.009,22.533,1.388,29.292
FireSmokeVideoNEW246_f54_jpg.rf.8342f7d2be3363c8e0242c7121d8fc0d.jpg,1,1,0.9688,0.216,0.004,0.054,5.638,4.287,40.712,1.598,54.548
FireSmokeVideoNEW246_f65_jpg.rf.3aae2c8595fe047d0b9031e3b5804f5e.jpg,1,1,0.9907,0.245,0.004,0.052,4.081,1.042,17.257,1.296,25.421
FireSmokeVideoNEW246_f67_jpg.rf.c522f7d025f759951024d1f5ce536e60.jpg,1,1,1.0,0.225,0.005,0.049,3.448,1.024,18.466,1.284,25.923
FireSmokeVideoNEW246_f8_jpg.rf.68b2fb62abf6411d6f639c1c3f5aa3bb.jpg,1,1,1.0,0.281,0.004,0.048,2.518,1.293,31.363,1.492,38.443
FireSmokeVideoNEW246_f97_jpg.rf.dd9b7749d48aa0f976dbcaf5e75e8bf0.jpg,1,1,0.9999,0.209,0.005,0.048,2.405,0.976,22.547,1.519,29.16
FireSmokeVideoNEW246_f99_jpg.rf.02bf10f60d8b1a6ba82b5e928bfb273e.jpg,1,1,0.9907,0.212,0.004,0.051,4.714,1.01,23.204,1.336,31.99
FireSmokeVideoNEW249_f10_jpg.rf.a2031c818c873a4ac0b754042c9ea482.jpg,1,0,0.5817,0.217,0.005,0.052,2.624,0.998,31.421,1.477,38.152
FireSmokeVideoNEW24_f13_jpg.rf.a317f2d56bcda94cb97cf62436f5d32e.jpg,1,1,1.0,0.21,0.004,0.051,2.342,0.969,22.506,1.407,28.958
FireSmokeVideoNEW24_f1_jpg.rf.d3ad263d294b1aede3fbfd33d485dba6.jpg,1,1,1.0,0.214,0.004,0.05,2.249,0.985,22.52,1.336,28.922
FireSmokeVideoNEW24_f22_jpg.rf.7f2bc9a4785440e0b6e6daeb772b302b.jpg,1,1,1.0,0.211,0.004,0.049,3.015,1.148,36.288,6.803,49.021
FireSmokeVideoNEW24_f33_jpg.rf.e5e6458494b5dbafef0058c958cb959a.jpg,1,1,0.9982,0.223,0.004,0.052,2.663,1.249,15.791,1.36,22.815
FireSmokeVideoNEW24_f44_jpg.rf.5d0c9c22217efd669f0695827497572d.jpg,1,1,1.0,0.219,0.005,0.053,2.553,1.514,17.039,1.306,24.162
FireSmokeVideoNEW24_f46_jpg.rf.c1d942063e9aca880d77b7dd545a5754.jpg,1,1,1.0,0.212,0.004,0.047,2.528,0.993,24.836,2.51,32.622
FireSmokeVideoNEW24_f48_jpg.rf.a1812b35fbd4431cc4c85c94ad816d49.jpg,1,1,1.0,0.265,0.004,0.05,2.253,0.997,22.555,1.342,28.954
FireSmokeVideoNEW24_f54_jpg.rf.d96142ba5f27258066adecb90de272ec.jpg,1,1,1.0,0.218,0.004,0.048,4.509,3.312,36.421,2.233,48.163
FireSmokeVideoNEW24_f60_jpg.rf.f1ebdc880e1bcc91aee58222f268ee0e.jpg,1,1,1.0,0.215,0.004,0.049,2.243,1.286,29.832,2.24,37.365
FireSmokeVideoNEW24_f63_jpg.rf.03c49f969686c385e069b9113c736d19.jpg,1,1,1.0,0.25,0.005,0.057,2.36,1.039,22.513,1.404,29.179
FireSmokeVideoNEW24_f70_jpg.rf.9a86d6dfad0e79a67ae55ed6416ec3ff.jpg,1,1,1.0,0.224,0.005,0.055,2.541,1.097,22.469,1.556,29.403
FireSmokeVideoNEW24_f72_jpg.rf.beaf6a0d618ec48746c39d88d1b289df.jpg,1,1,1.0,0.218,0.004,0.051,2.548,1.001,32.494,2.748,40.587
FireSmokeVideoNEW24_f76_jpg.rf.686e1c1de85c5e1ad3d7b5e275d2df54.jpg,1,1,0.9999,0.231,0.004,0.057,5.861,3.462,24.343,1.41,36.766
FireSmokeVideoNEW24_f78_jpg.rf.f8c4a179f08b28b3aacca29ac9c92cb4.jpg,1,1,0.9995,0.215,0.004,0.052,3.156,1.049,22.538,1.387,29.958
FireSmokeVideoNEW251_f10_jpg.rf.541400866b2aba579bcdb76caf3a338f.jpg,1,1,1.0,0.217,0.003,0.05,5.836,1.102,31.737,1.512,42.156
FireSmokeVideoNEW251_f12_jpg.rf.85d3ad499d374561971f57ad4d079829.jpg,1,1,1.0,0.215,0.005,0.049,2.676,0.989,15.804,1.264,22.462
FireSmokeVideoNEW251_f16_jpg.rf.3285e689765e3107919d3c071ee9fb45.jpg,1,1,1.0,0.216,0.004,0.051,4.793,3.845,36.545,2.447,49.763
FireSmokeVideoNEW251_f22_jpg.rf.e3d9c6fa41b8c234dbfa87f3e606bf26.jpg,1,1,1.0,0.21,0.004,0.049,4.564,1.012,31.716,1.532,40.525
FireSmokeVideoNEW251_f24_jpg.rf.72c1196ed7ec56e7fc95cf7d41b8c8b2.jpg,1,1,1.0,0.224,0.005,0.054,3.23,1.041,22.584,1.367,29.976
FireSmokeVideoNEW251_f26_jpg.rf.4956eee32e27e79472637f03db427864.jpg,1,1,1.0,0.223,0.005,0.049,2.873,1.062,22.504,1.627,29.803
FireSmokeVideoNEW251_f28_jpg.rf.d5d77d1341fdd95d00017d860d86835d.jpg,1,1,1.0,0.214,0.004,0.054,8.158,6.538,38.684,1.576,56.809
FireSmokeVideoNEW251_f2_jpg.rf.207660a329cb32e71b591d7620e9d6ee.jpg,1,1,1.0,0.22,0.004,0.052,4.241,1.018,22.565,1.601,31.192
FireSmokeVideoNEW251_f34_jpg.rf.0b6f0a94d30e437f2f6d8c1a90f96a78.jpg,1,1,0.9999,0.226,0.004,0.056,6.119,1.14,22.447,1.629,33.111
FireSmokeVideoNEW251_f5_jpg.rf.57893ff66f5d16c89cbb35a5a9b62725.jpg,1,1,0.9735,0.225,0.004,0.051,2.361,1.009,31.394,1.607,38.189
FireSmokeVideoNEW251_f9_jpg.rf.249d7624c6fa363d9e41b0ab9a2f6327.jpg,1,1,1.0,0.212,0.005,0.052,7.492,3.716,37.924,2.387,53.289
FireSmokeVideoNEW252_f1_jpg.rf.644c06965eca5f3b556450ea37c27747.jpg,1,1,0.9998,0.229,0.005,0.059,3.173,1.292,15.94,1.48,23.803
FireSmokeVideoNEW252_f45_jpg.rf.8b98db927ef78395da9058306d193102.jpg,1,1,0.9996,0.232,0.004,0.057,4.384,1.041,25.41,1.404,34.018
FireSmokeVideoNEW252_f51_jpg.rf.4751e1373246d5bc57295ba7ff6965bd.jpg,1,1,1.0,0.22,0.005,0.055,4.199,1.947,22.544,1.38,31.955
FireSmokeVideoNEW252_f59_jpg.rf.93fdff5fc44a03cfb24372111bb816c8.jpg,1,1,1.0,0.221,0.004,0.052,4.075,1.051,22.611,1.442,30.965
FireSmokeVideoNEW252_f64_jpg.rf.68fa95b9f56388067421607a368cef2d.jpg,1,1,1.0,0.298,0.006,0.061,9.791,2.437,33.753,1.495,49.288
FireSmokeVideoNEW253_f39_jpg.rf.fb9a239e13210f3ebef4f597588b23fb.jpg,1,1,1.0,0.216,0.004,0.05,2.425,1.123,22.502,1.55,29.252
FireSmokeVideoNEW253_f43_jpg.rf.5a5f91862546726da846953d1f07eb8f.jpg,1,1,0.9999,0.22,0.004,0.048,3.08,1.02,22.517,1.4,29.819
FireSmokeVideoNEW253_f46_jpg.rf.91995eb662334f3d0957cfc515200e44.jpg,1,1,0.9999,0.214,0.004,0.049,2.244,0.983,29.747,1.856,36.556
FireSmokeVideoNEW253_f48_jpg.rf.6a0d36ab045606a51acb516450eb9504.jpg,1,1,0.9987,0.21,0.004,0.046,5.225,6.864,27.289,1.5,43.044
FireSmokeVideoNEW253_f54_jpg.rf.a6475322dd9c9981224c709b6eeb3ce5.jpg,1,1,0.9996,0.219,0.005,0.053,4.241,1.045,22.544,1.421,31.08
FireSmokeVideoNEW253_f64_jpg.rf.1f4f74a5249319102992373b86580c22.jpg,1,1,0.9996,0.214,0.005,0.05,2.387,1.044,29.767,1.755,36.73
FireSmokeVideoNEW253_f98_jpg.rf.730180c169cd3489387a9a5b99952692.jpg,1,1,0.9999,0.205,0.003,0.048,2.281,1.462,22.579,1.532,29.754
FireSmokeVideoNEW256_f0_jpg.rf.21175534bf39e57aee851b1de13350d0.jpg,1,1,1.0,0.219,0.004,0.051,2.644,1.127,22.544,1.576,29.556
FireSmokeVideoNEW256_f11_jpg.rf.40e24a1aeae73281869326a117cf44fe.jpg,1,1,1.0,0.207,0.005,0.048,4.959,3.166,31.584,1.605,43.054
FireSmokeVideoNEW256_f1_jpg.rf.8866be7cbb0dcf462762bd4d392d77d9.jpg,1,1,1.0,0.215,0.004,0.049,3.523,1.089,22.506,1.345,30.145
FireSmokeVideoNEW256_f2_jpg.rf.419b43a44c0f7b085c92185c2c0537c9.jpg,1,1,1.0,0.215,0.004,0.052,2.361,1.074,22.541,1.313,29.091
FireSmokeVideoNEW256_f32_jpg.rf.5ed2d90bbe733c00b9a37b8ad56b0333.jpg,1,1,1.0,0.213,0.004,0.049,2.361,1.033,31.373,1.784,38.276
FireSmokeVideoNEW257_f11_jpg.rf.5f8927b60d1a6891efd7e858e8c3e0e1.jpg,1,1,0.9973,0.354,0.005,0.057,7.116,5.733,22.602,1.413,38.686
FireSmokeVideoNEW257_f18_jpg.rf.0f9cc808c8589d3b56f736680007c7fb.jpg,1,1,0.9989,0.227,0.005,0.057,2.666,1.08,22.614,1.402,29.547
FireSmokeVideoNEW257_f23_jpg.rf.abe3a8bff303926969f378051c208a6a.jpg,1,1,0.9999,0.223,0.004,0.051,2.287,1.133,29.672,3.119,37.933
FireSmokeVideoNEW257_f25_jpg.rf.620dc89a7a566a25516b88b2f10d7799.jpg,1,1,0.9999,0.259,0.005,0.051,2.371,1.082,22.617,1.365,29.625
FireSmokeVideoNEW257_f27_jpg.rf.4438354a029a07cdaccb869873ce4ca1.jpg,1,1,0.9999,0.223,0.004,0.053,6.576,7.257,26.996,1.457,45.5
FireSmokeVideoNEW257_f31_jpg.rf.b6e6b11163061d79f0c2f50fde34e92e.jpg,1,1,0.9996,0.218,0.005,0.048,4.542,1.182,31.267,1.56,40.401
FireSmokeVideoNEW257_f7_jpg.rf.b4c190057546d32b72d7e04d2cbc9f8a.jpg,1,1,0.9999,0.228,0.005,0.055,2.761,1.132,15.835,1.382,22.888
FireSmokeVideoNEW25_f13_jpg.rf.2eaa5308c6c538b5b25f2039317fa207.jpg,1,0,0.7714,0.222,0.004,0.053,3.443,1.113,20.84,1.31,28.423
FireSmokeVideoNEW25_f19_jpg.rf.3549bcf35fc1e41c3fdb36e564e72210.jpg,1,1,0.9762,0.217,0.004,0.047,2.419,1.505,34.942,4.328,45.024
FireSmokeVideoNEW25_f22_jpg.rf.8ef2c5ee7dfc6ff95cf68469c972af1f.jpg,1,1,0.707,0.232,0.005,0.055,4.34,1.055,22.401,1.308,30.756
FireSmokeVideoNEW25_f24_jpg.rf.d978d587fd47ec7589cdb39d1324f4a7.jpg,1,1,0.7824,0.212,0.004,0.053,2.857,1.068,22.496,1.481,29.645
FireSmokeVideoNEW25_f42_jpg.rf.854b871d2bcc068818b226711357d71b.jpg,1,1,0.9999,0.213,0.005,0.052,3.162,3.939,31.625,1.558,41.978
FireSmokeVideoNEW25_f46_jpg.rf.8f3b7c6178fdc60fd3d3c4bafc1664c1.jpg,1,1,0.9632,0.22,0.004,0.054,4.922,3.199,15.808,1.325,27.102
FireSmokeVideoNEW264_f49_jpg.rf.e734114878cd20b393cf439ae4b015fb.jpg,1,1,1.0,0.222,0.004,0.05,3.865,0.823,31.414,1.767,39.548
FireSmokeVideoNEW264_f76_jpg.rf.569a3bae734fc779f72fbf6ed5099965.jpg,1,1,1.0,0.205,0.005,0.047,2.318,0.961,22.596,1.283,28.77
FireSmokeVideoNEW266_f107_jpg.rf.02faea8858fe3f87b8063f0604604b84.jpg,1,1,1.0,0.202,0.004,0.043,2.149,0.938,29.041,3.031,36.795
FireSmokeVideoNEW266_f113_jpg.rf.0ee13ca7bce52f98cc9d6748dc732777.jpg,1,1,1.0,0.211,0.004,0.048,2.309,0.975,22.486,1.602,29.037
FireSmokeVideoNEW266_f13_jpg.rf.2da8d3951c2ab6db859bba437d172e44.jpg,1,1,1.0,0.217,0.004,0.051,4.513,1.248,22.54,1.458,31.49
FireSmokeVideoNEW266_f178_jpg.rf.4d4fc6e36132f06221b0ed5e4088bc50.jpg,1,1,1.0,0.222,0.005,0.051,2.337,1.015,31.338,1.791,38.152
FireSmokeVideoNEW266_f237_jpg.rf.f82396f9f4b30ea31840dbd51f7a8493.jpg,1,1,1.0,0.2,0.004,0.045,2.362,0.956,22.525,1.312,28.816
FireSmokeVideoNEW266_f39_jpg.rf.77b165a2621221e3075da882a7bdbe99.jpg,1,1,1.0,0.207,0.005,0.048,2.936,1.072,22.505,1.57,29.766
FireSmokeVideoNEW267_f101_jpg.rf.63c35ee1bb4f8e8ba47f672adb8edbd6.jpg,1,1,1.0,0.215,0.004,0.051,2.297,0.98,34.836,2.569,42.337
FireSmokeVideoNEW267_f118_jpg.rf.121e20767c49d77df1b806b2087a27b2.jpg,1,1,1.0,0.224,0.005,0.055,2.189,1.48,15.862,1.517,22.939
FireSmokeVideoNEW267_f121_jpg.rf.e26cd978de539fcea0af98b7ba6fc31f.jpg,1,1,1.0,0.23,0.004,0.053,2.259,1.074,21.023,1.35,27.442
FireSmokeVideoNEW267_f145_jpg.rf.4e25c29571910a8193b1dd547f2ddb9a.jpg,1,1,1.0,0.214,0.005,0.049,3.408,1.012,29.705,1.381,37.218
FireSmokeVideoNEW267_f147_jpg.rf.4ae496d4bbd2b96a928b170a6937b2b8.jpg,1,1,1.0,0.206,0.004,0.049,2.175,1.087,22.557,1.588,29.048
FireSmokeVideoNEW267_f83_jpg.rf.113dd99201cd8e546b69b03c7f7bac4a.jpg,1,1,1.0,0.219,0.005,0.054,6.86,4.612,33.659,1.372,48.243
FireSmokeVideoNEW267_f93_jpg.rf.1646a38a12d2312e7e0e54b4d6f7f497.jpg,1,1,1.0,0.218,0.005,0.051,5.54,4.24,32.057,2.027,45.808
FireSmokeVideoNEW269_f10_jpg.rf.17d96b45a4eac9157520e5aa71774678.jpg,1,1,1.0,0.229,0.005,0.059,2.407,1.678,22.678,1.853,30.638
FireSmokeVideoNEW269_f31_jpg.rf.977449849ee1d1b4cd28604a98013e1b.jpg,1,1,1.0,0.231,0.005,0.056,5.638,3.158,22.585,2.122,35.48
FireSmokeVideoNEW269_f33_jpg.rf.8b38bd9fc843c1946c4c9566fcbcdebe.jpg,1,1,1.0,0.218,0.004,0.05,7.266,1.798,32.786,1.697,45.367
FireSmokeVideoNEW269_f36_jpg.rf.6b45f2c36c902aa2f7a646fac4bd3551.jpg,1,1,1.0,0.203,0.004,0.05,7.196,6.024,15.833,1.449,32.174
FireSmokeVideoNEW269_f45_jpg.rf.3ea593179185b2a02eff432376e589f2.jpg,1,1,1.0,0.229,0.004,0.052,2.911,1.032,19.201,1.432,26.393
FireSmokeVideoNEW269_f61_jpg.rf.6bc5727e306edc11b524c4746860178f.jpg,1,1,0.9999,0.217,0.004,0.051,2.28,0.978,26.098,1.609,32.662
FireSmokeVideoNEW269_f78_jpg.rf.948530e5f32ad9506e4d005519b1fe9a.jpg,1,1,1.0,0.219,0.005,0.049,7.053,7.465,28.217,1.367,45.929
FireSmokeVideoNEW269_f8_jpg.rf.c26651df50fe12ba3103e33a592f4ebb.jpg,1,1,1.0,0.218,0.005,0.05,2.738,1.754,22.555,1.503,30.295
FireSmokeVideoNEW26_f137_jpg.rf.a9ed46e4eace1936121122bbf35a5430.jpg,1,1,1.0,0.271,0.005,0.052,2.546,0.988,31.52,1.412,38.291
FireSmokeVideoNEW26_f139_jpg.rf.ba1b0babc498c22ebaf50c3930711e5b.jpg,1,1,0.997,0.212,0.005,0.051,2.271,1.076,22.556,1.704,29.384
FireSmokeVideoNEW26_f141_jpg.rf.a5fa0a322501fa9aa5f2c0fab23d79dd.jpg,1,1,0.9999,0.207,0.005,0.048,5.9,4.794,39.826,1.565,54.377
FireSmokeVideoNEW26_f160_jpg.rf.a7025e07062fe6c456bc401c19e0b8cc.jpg,1,1,1.0,0.217,0.004,0.051,3.107,0.968,33.813,1.518,41.212
FireSmokeVideoNEW26_f71_jpg.rf.dc98f99d0595cb8a275c8c9afe655280.jpg,1,1,0.9999,0.216,0.004,0.048,2.715,0.983,22.658,1.457,29.585
FireSmokeVideoNEW26_f73_jpg.rf.a4c7819457d40ffafe8bc3c8b510744c.jpg,1,1,0.9999,0.212,0.004,0.05,2.599,1.041,22.499,1.491,29.321
FireSmokeVideoNEW26_f7_jpg.rf.57f0610ef4fec7f7361b67920ce3281f.jpg,1,1,1.0,0.22,0.005,0.05,4.601,3.326,35.511,1.674,46.965
FireSmokeVideoNEW26_f9_jpg.rf.199dead260e12ae0bf89eeb54cb43bb3.jpg,1,1,1.0,0.225,0.005,0.053,4.18,0.96,28.144,1.784,36.85
FireSmokeVideoNEW274_f22_jpg.rf.02cd1a9e0dfe7bf250bafeb57c2fc46f.jpg,1,1,1.0,0.231,0.005,0.053,4.19,0.985,26.603,1.793,35.345
FireSmokeVideoNEW277_f106_jpg.rf.09d13a0b9f5dae6b37b4df7ad76bc80f.jpg,1,1,1.0,0.23,0.005,0.056,3.341,1.059,33.011,1.727,40.948
FireSmokeVideoNEW277_f112_jpg.rf.5bf0e71562583b311f55ca80b537896a.jpg,1,1,1.0,0.229,0.005,0.057,6.987,5.193,31.765,1.664,47.747
FireSmokeVideoNEW277_f16_jpg.rf.f38d7b7283773e95c837a4a88b043def.jpg,1,1,1.0,0.24,0.004,0.052,5.457,3.457,33.387,1.449,45.463
FireSmokeVideoNEW277_f23_jpg.rf.26a5a9e63a6231703ed81eb83e506ae8.jpg,1,1,1.0,0.21,0.004,0.048,4.654,3.389,24.85,1.591,36.24
FireSmokeVideoNEW277_f2_jpg.rf.6de584ba8f4bf4e8f28b6b12e02fce56.jpg,1,1,0.9999,0.218,0.005,0.055,7.936,3.431,24.948,2.106,40.287
FireSmokeVideoNEW277_f32_jpg.rf.821c4696b6666d1fc23b5e7dea66f891.jpg,1,1,1.0,0.243,0.004,0.051,9.481,6.058,30.117,1.642,49.173
FireSmokeVideoNEW277_f34_jpg.rf.7e70c7a467ae2e47817342d4fb2a0827.jpg,1,1,1.0,0.217,0.004,0.053,6.885,1.094,24.803,1.422,35.963
FireSmokeVideoNEW277_f3_jpg.rf.16feece04ba7228a83655f5a70f1ceba.jpg,1,1,1.0,0.221,0.004,0.055,7.041,2.452,24.309,1.461,37.002
FireSmokeVideoNEW277_f42_jpg.rf.bfa88f7ad8c4a729098ba826f60065bd.jpg,1,1,1.0,0.228,0.005,0.055,3.321,1.103,29.856,1.721,37.78
FireSmokeVideoNEW277_f4_jpg.rf.81c483c3c5d7ba3da0512eb641f4114d.jpg,1,1,1.0,0.225,0.004,0.052,7.796,3.835,25.314,2.428,41.163
FireSmokeVideoNEW277_f54_jpg.rf.8290d81b12f806e3a23c324952744a5e.jpg,1,1,1.0,0.227,0.004,0.054,4.894,1.023,24.585,1.542,33.869
FireSmokeVideoNEW277_f5_jpg.rf.43dfbd60ba2af38be3249f10ec1c6dd2.jpg,1,1,1.0,0.249,0.004,0.053,8.24,6.921,33.381,1.646,52.065
FireSmokeVideoNEW277_f6_jpg.rf.9246e9ca42b4ef5ffa450917955996b2.jpg,1,1,1.0,0.22,0.004,0.053,8.013,2.31,24.716,1.825,38.662
FireSmokeVideoNEW277_f76_jpg.rf.e896d63db2a85b0c36821d3664707386.jpg,1,1,1.0,0.256,0.004,0.059,4.224,3.185,24.725,1.623,35.571
FireSmokeVideoNEW277_f84_jpg.rf.de4caae65922aafc13677ba531cf76c2.jpg,1,1,1.0,0.221,0.004,0.051,4.538,2.726,30.271,2.771,42.131
FireSmokeVideoNEW27_f60_jpg.rf.038ba34328502532e3c1154c93793d2f.jpg,1,1,1.0,0.215,0.004,0.05,2.502,0.965,17.278,1.261,23.763
FireSmokeVideoNEW27_f62_jpg.rf.c1c3a5e618dfc2300dc019930e34b3ae.jpg,1,1,1.0,0.209,0.003,0.048,4.111,1.075,31.456,2.115,40.442
FireSmokeVideoNEW27_f64_jpg.rf.be4a9aaace2c63021410de1caab71d9e.jpg,1,1,1.0,0.208,0.004,0.051,2.337,1.034,22.504,1.496,29.462
FireSmokeVideoNEW27_f66_jpg.rf.22def0fbf44790ff0e2de2bb0c4201b9.jpg,1,1,0.9999,0.22,0.005,0.046,3.705,1.194,22.531,1.4,30.602
FireSmokeVideoNEW29_f10_jpg.rf.8e2833f2331a68683bbe20ec22fccdbd.jpg,1,1,1.0,0.211,0.004,0.05,2.335,3.886,32.364,1.473,41.807
FireSmokeVideoNEW29_f15_jpg.rf.af74892cfd1d8c526d2b6f4807915809.jpg,1,1,0.9999,0.258,0.004,0.05,5.668,1.07,22.53,1.341,32.484
FireSmokeVideoNEW29_f17_jpg.rf.5151a7a20f43e42120cfac986cec2f39.jpg,1,1,1.0,0.219,0.004,0.052,6.94,3.679,25.8,1.352,39.445
FireSmokeVideoNEW29_f25_jpg.rf.2ad0615bf93adcec78cabdaf0440d4c0.jpg,1,1,1.0,0.222,0.004,0.051,4.362,0.984,31.427,1.449,39.969
FireSmokeVideoNEW29_f27_jpg.rf.fdacc6730c826df2ae581d71f2b777bc.jpg,1,1,1.0,0.267,0.004,0.055,2.675,1.019,22.637,1.424,29.69
FireSmokeVideoNEW29_f5_jpg.rf.c884fffd4ce9b1eb0a67f95bafaa8e52.jpg,1,1,1.0,0.218,0.005,0.055,2.906,1.684,22.537,1.601,30.592
FireSmokeVideoNEW31_f0_jpg.rf.8c3177ba1b33003e26ebb311b7ea751a.jpg,1,1,1.0,0.213,0.005,0.052,2.245,1.055,38.606,3.524,47.125
FireSmokeVideoNEW31_f127_jpg.rf.0c2aa3f9cdfa16db038d4b9453ee01d7.jpg,1,1,1.0,0.277,0.005,0.058,2.391,1.14,15.883,1.557,22.859
FireSmokeVideoNEW31_f13_jpg.rf.d1126db2923b8b99a8ba03fe2983f026.jpg,1,1,1.0,0.22,0.005,0.052,2.494,1.096,22.521,1.578,29.425
FireSmokeVideoNEW31_f1_jpg.rf.3c6c950a2ed874683574dfa4d38bd25a.jpg,1,1,1.0,0.214,0.004,0.05,2.22,1.032,31.386,1.348,37.614
FireSmokeVideoNEW31_f27_jpg.rf.d6492c725bf7e3bfe7eed589dc8571a6.jpg,1,1,1.0,0.246,0.005,0.048,2.582,0.982,22.494,1.643,29.45
FireSmokeVideoNEW31_f30_jpg.rf.3dd6e3ba6fb8657caa2190bd9eb22e6f.jpg,1,1,1.0,0.216,0.004,0.047,3.15,1.221,22.587,1.379,30.437
FireSmokeVideoNEW31_f32_jpg.rf.9d38b6dc5b13b67a5546f72b78531e6a.jpg,1,1,1.0,0.22,0.005,0.048,2.352,0.967,29.716,1.743,36.487
FireSmokeVideoNEW31_f40_jpg.rf.3dd823019fe152f2623dc4ef465c1d9d.jpg,1,1,1.0,0.215,0.004,0.048,2.39,1.038,22.482,1.598,29.117
FireSmokeVideoNEW31_f47_jpg.rf.23dcad470ad03987dfae09a9b9edcc7e.jpg,1,1,1.0,0.215,0.004,0.051,2.814,1.064,22.592,1.344,29.51
FireSmokeVideoNEW31_f55_jpg.rf.9f756f8ea534a9ca9aee2b44e730e082.jpg,1,1,1.0,0.212,0.004,0.05,6.373,4.443,42.107,1.475,56.186
FireSmokeVideoNEW31_f67_jpg.rf.a700eaa5299866ede9bbdf9be7b2a56b.jpg,1,1,0.9999,0.212,0.004,0.052,6.707,3.541,26.986,1.614,40.632
FireSmokeVideoNEW31_f86_jpg.rf.d0840f0493b5bd6f596350694d9a3715.jpg,1,1,1.0,0.213,0.004,0.052,3.073,1.401,24.361,1.437,32.05
FireSmokeVideoNEW35_f10_jpg.rf.6594b28e06353a07284e2f3302fb5a0a.jpg,1,1,0.9224,0.229,0.005,0.054,3.808,2.24,31.377,1.935,41.295
FireSmokeVideoNEW35_f118_jpg.rf.12e980bcb7a3263b616167caaf3b29a0.jpg,1,1,0.9972,0.236,0.005,0.059,5.556,3.547,38.868,1.864,51.608
FireSmokeVideoNEW35_f122_jpg.rf.16f0e135a405be407794b5ae549f4301.jpg,1,1,0.9738,0.312,0.004,0.052,4.738,1.145,15.851,1.352,24.977
FireSmokeVideoNEW35_f14_jpg.rf.9822efb7cea5a93c34c4e22be1de699b.jpg,1,1,0.7067,0.214,0.004,0.046,2.306,1.221,30.885,1.424,37.558
FireSmokeVideoNEW35_f173_jpg.rf.deeced22196d23be062cbcc3b4891593.jpg,1,1,0.9999,0.2,0.004,0.044,2.296,1.025,22.504,1.277,28.754
FireSmokeVideoNEW35_f176_jpg.rf.d32791cdd927eee65063b56c6f5aff30.jpg,1,1,0.9999,0.211,0.004,0.046,2.314,1.293,22.504,1.711,29.464
FireSmokeVideoNEW35_f180_jpg.rf.a9be809218a94fed76e493a34764822c.jpg,1,1,0.9997,0.222,0.004,0.048,4.637,1.019,30.402,1.391,39.185
FireSmokeVideoNEW35_f203_jpg.rf.742030bca636ed9683686440d8fadd69.jpg,1,1,0.9999,0.237,0.004,0.048,2.238,1.027,22.504,1.359,28.865
FireSmokeVideoNEW35_f205_jpg.rf.b92e0f9847c66aa6d86bbf0c5a29f079.jpg,1,1,0.9997,0.211,0.004,0.048,2.59,1.728,22.511,1.482,29.994
FireSmokeVideoNEW35_f21_jpg.rf.9fdac7de0ff6d8162b6604963b09ea74.jpg,1,1,0.7894,0.215,0.004,0.049,2.315,1.035,31.507,1.432,37.985
FireSmokeVideoNEW35_f23_jpg.rf.d330dabc9f71e0a77eb73bb7d8dc480c.jpg,1,1,0.9999,0.211,0.004,0.049,7.36,6.152,26.157,1.471,44.033
FireSmokeVideoNEW35_f25_jpg.rf.d376bc16debc42e7282a4d7d99fa2698.jpg,1,1,0.9997,0.212,0.004,0.048,4.214,1.175,22.543,1.272,30.905
FireSmokeVideoNEW35_f27_jpg.rf.af038d7b62253e3b66b764f22d5421b4.jpg,1,1,0.9992,0.218,0.004,0.05,2.279,1.012,30.005,1.536,36.561
FireSmokeVideoNEW35_f32_jpg.rf.95311ade1067fa155762509fe0f2bebe.jpg,1,1,0.9972,0.206,0.005,0.045,2.936,1.027,22.55,1.369,29.659
FireSmokeVideoNEW35_f3_jpg.rf.d2060302e4ed461339a3a92d32dfddf4.jpg,1,1,0.8972,0.216,0.005,0.05,2.286,1.015,27.236,2.968,35.315
FireSmokeVideoNEW35_f4_jpg.rf.baf1ef1ca16bdaf535443c5e66bef147.jpg,1,1,0.9975,0.227,0.005,0.053,2.412,1.057,31.898,1.465,38.718
FireSmokeVideoNEW35_f62_jpg.rf.844252b9cbe891df62c59d058ed33588.jpg,1,1,0.9996,0.208,0.004,0.048,2.296,1.0,22.514,1.593,29.103
FireSmokeVideoNEW35_f6_jpg.rf.71fd2e537b6edaf6dc30e29fe1e4d4b3.jpg,1,1,0.9577,0.219,0.004,0.047,2.353,1.469,22.465,1.522,29.513
FireSmokeVideoNEW35_f77_jpg.rf.8a1940b7b15aea1c42fa0dfee03ec40a.jpg,1,1,0.9992,0.214,0.004,0.05,3.101,1.075,29.702,1.54,37.232
FireSmokeVideoNEW35_f81_jpg.rf.9d5e5f6c22b4e9bc17c660a1ada3ca23.jpg,1,1,0.7553,0.22,0.004,0.051,5.026,4.973,39.205,1.612,53.251
FireSmokeVideoNEW35_f87_jpg.rf.db9588772742238059a982e0c1fa6cae.jpg,1,1,0.9926,0.218,0.005,0.05,3.748,1.167,22.538,1.402,30.791
FireSmokeVideoNEW35_f91_jpg.rf.f6da1955af8a14bd82eff3b2d9bfdc45.jpg,1,1,0.9997,0.225,0.005,0.051,2.343,1.097,31.414,1.513,38.172
FireSmokeVideoNEW38_f10_jpg.rf.22df74a0785588255ea78153e2f436b4.jpg,1,1,1.0,0.215,0.005,0.05,2.355,1.008,22.459,1.357,29.017
FireSmokeVideoNEW38_f15_jpg.rf.cb75043ebfbfb8e6ec8c04f58959d20f.jpg,1,1,1.0,0.206,0.004,0.051,2.293,0.999,24.474,4.057,33.606
FireSmokeVideoNEW38_f17_jpg.rf.1646d3035bbf07bf0881df1f4abc2083.jpg,1,1,1.0,0.219,0.005,0.05,2.976,1.029,31.62,1.55,38.949
FireSmokeVideoNEW38_f40_jpg.rf.4c5b5f13191256490df75de68043deaa.jpg,1,1,1.0,0.218,0.004,0.051,2.341,1.085,15.794,1.29,22.217
FireSmokeVideoNEW38_f43_jpg.rf.594a8c02951151bb6211e90cf62c11a4.jpg,1,1,1.0,0.22,0.005,0.049,2.382,1.002,15.95,1.263,22.286
FireSmokeVideoNEW38_f45_jpg.rf.078930b7aca6aff0ed4b6679f6b8451f.jpg,1,1,1.0,0.241,0.005,0.047,2.257,1.012,26.226,1.474,32.7
FireSmokeVideoNEW38_f54_jpg.rf.972eae67925b5ecee5fbfb28c442d8d3.jpg,1,1,1.0,0.208,0.004,0.048,2.52,0.962,22.447,1.472,29.113
FireSmokeVideoNEW38_f7_jpg.rf.c659a9acd380439d08ae6940744107ff.jpg,1,1,1.0,0.216,0.004,0.046,4.809,3.07,24.323,1.348,35.266
FireSmokeVideoNEW3_f15_jpg.rf.1081b06a3c2748d83ac64669856e79b2.jpg,1,1,1.0,0.223,0.005,0.052,2.313,1.007,30.964,1.472,37.466
FireSmokeVideoNEW3_f21_jpg.rf.f724885ceca326978ace0ffda40d9502.jpg,1,1,1.0,0.205,0.004,0.047,3.505,1.573,22.987,1.398,31.164
FireSmokeVideoNEW3_f2_jpg.rf.e60be14df4808f7294fd069c36790326.jpg,1,1,1.0,0.223,0.005,0.052,2.438,1.021,22.525,1.557,29.371
FireSmokeVideoNEW3_f3_jpg.rf.01b4621d8e3194f1d3fbbaeb1cc64806.jpg,1,1,1.0,0.214,0.004,0.049,4.996,3.627,40.461,2.721,54.271
FireSmokeVideoNEW40_f16_jpg.rf.102bef74efdc92efde85b02586cab97f.jpg,1,1,1.0,0.22,0.004,0.052,5.27,3.774,29.57,1.614,42.072
FireSmokeVideoNEW40_f18_jpg.rf.19806f837916e1673c74c9bbcd924cd7.jpg,1,1,1.0,0.223,0.005,0.053,6.238,4.424,27.615,1.615,41.99
FireSmokeVideoNEW40_f1_jpg.rf.f77eee4e7a13d1f27e173db990f994ce.jpg,1,1,1.0,0.225,0.004,0.053,3.856,1.012,27.014,3.818,37.456
FireSmokeVideoNEW40_f21_jpg.rf.6f5b514f8bfc06ba7d6cd4bb70180881.jpg,1,1,1.0,0.227,0.005,0.055,2.776,7.591,24.343,1.54,38.05
FireSmokeVideoNEW40_f23_jpg.rf.8f33e997b3b48e9f166e42b8aef89256.jpg,1,1,1.0,0.223,0.004,0.055,5.843,3.987,39.109,1.635,52.388
FireSmokeVideoNEW40_f2_jpg.rf.7b59cc53447b7dfd356e30de13e4413a.jpg,1,1,1.0,0.207,0.004,0.049,4.561,3.608,25.852,1.493,37.292
FireSmokeVideoNEW40_f37_jpg.rf.d988e41b08831d2451907fa03ce84a58.jpg,1,1,1.0,0.221,0.004,0.05,6.74,7.981,42.005,3.318,62.029
FireSmokeVideoNEW40_f4_jpg.rf.fe367aa5fbdc677e7650ba3741527964.jpg,1,1,1.0,0.209,0.004,0.048,2.99,3.189,31.24,1.575,40.809
FireSmokeVideoNEW40_f6_jpg.rf.474d4d3f3a86310484fe42ba756e67f8.jpg,1,1,1.0,0.224,0.005,0.054,2.605,1.917,22.519,1.517,30.403
FireSmokeVideoNEW40_f8_jpg.rf.f81401ca14dbf9768eef7ef78497b6a5.jpg,1,1,1.0,0.238,0.005,0.056,3.328,1.045,31.422,1.957,39.496
FireSmokeVideoNEW42_f27_jpg.rf.99252134062c904aa86fb6321910e066.jpg,1,1,1.0,0.222,0.004,0.053,4.538,1.108,29.677,1.555,38.698
FireSmokeVideoNEW42_f29_jpg.rf.b1fd27c83a9ab38250c7d1aecc5ed389.jpg,1,1,1.0,0.222,0.005,0.052,2.791,1.504,30.242,1.685,38.014
FireSmokeVideoNEW42_f31_jpg.rf.eec1b63f9169e7e850712e19316f4dba.jpg,1,1,1.0,0.214,0.004,0.05,4.51,1.965,23.309,1.416,33.098
FireSmokeVideoNEW43_f0_jpg.rf.c803d42e9dfcc0f184208a6cfc607558.jpg,1,1,1.0,0.225,0.005,0.055,3.176,1.174,22.51,1.476,30.174
FireSmokeVideoNEW43_f119_jpg.rf.2fc8b2a7ad67c33e71458f4836ca2d95.jpg,1,1,1.0,0.22,0.004,0.053,2.387,1.094,33.929,5.798,44.984
FireSmokeVideoNEW43_f135_jpg.rf.63707d9b182d93572f75219705eccf0c.jpg,1,1,1.0,0.228,0.005,0.054,2.576,1.431,24.182,1.476,31.452
FireSmokeVideoNEW43_f151_jpg.rf.24f576fa225a18abda7a2fd239f10b85.jpg,1,1,1.0,0.21,0.004,0.048,2.871,1.062,32.107,1.619,39.411
FireSmokeVideoNEW43_f1_jpg.rf.2310e3c5fe9e5383612f329bff47eaa8.jpg,1,1,1.0,0.211,0.005,0.049,2.51,1.282,22.555,1.506,29.588
FireSmokeVideoNEW43_f46_jpg.rf.d63e0607fd5c8d3d4dbbcd7636402655.jpg,1,1,1.0,0.218,0.004,0.105,2.443,1.069,28.259,3.665,37.356
FireSmokeVideoNEW43_f58_jpg.rf.b3d534991846f7f0c3be9c8fbd069b26.jpg,1,1,1.0,0.216,0.005,0.047,4.578,3.586,19.611,2.326,31.922
FireSmokeVideoNEW43_f62_jpg.rf.82ed45487cee94fee922be6cd05861a5.jpg,1,1,1.0,0.206,0.004,0.049,4.294,3.995,23.219,1.49,34.668
FireSmokeVideoNEW43_f6_jpg.rf.28701c4a24bdca1bdda4665b2073487c.jpg,1,1,0.9999,0.213,0.005,0.05,4.654,6.455,25.295,1.449,39.574
FireSmokeVideoNEW43_f7_jpg.rf.4b141a903f849b42edc219e447f6ea6f.jpg,1,1,1.0,0.213,0.005,0.049,2.939,1.063,32.42,1.764,39.977
FireSmokeVideoNEW43_f93_jpg.rf.4bb70f866badfb4bf186f497a8e15dde.jpg,1,1,1.0,0.218,0.004,0.048,6.365,6.454,25.539,2.532,42.656
FireSmokeVideoNEW44_f10_jpg.rf.1a099b11831ea324b86b7db6aad4e190.jpg,1,1,1.0,0.227,0.005,0.054,5.322,5.613,28.455,1.92,43.142
FireSmokeVideoNEW44_f12_jpg.rf.287d396056e5d666fc90652fd12aa11b.jpg,1,1,1.0,0.221,0.004,0.055,3.001,1.054,33.906,1.588,41.438
FireSmokeVideoNEW44_f1_jpg.rf.8fd84f8ede5e0d1b75fb66a03c104345.jpg,1,1,1.0,0.22,0.005,0.049,3.145,6.122,18.761,1.496,31.551
FireSmokeVideoNEW44_f29_jpg.rf.90948668219ca6b432c4311b3d1fe87d.jpg,1,1,1.0,0.239,0.005,0.054,8.629,6.25,21.393,1.517,40.382
FireSmokeVideoNEW44_f3_jpg.rf.09b7b07d778ccfbf1aa1d5fd7ab2a489.jpg,1,1,1.0,0.211,0.004,0.047,2.807,2.115,29.241,1.569,37.481
FireSmokeVideoNEW44_f4_jpg.rf.50365b4aea4174a756f3a56fcd6fef37.jpg,1,1,0.9999,0.211,0.004,0.049,2.493,1.881,22.553,1.418,30.224
FireSmokeVideoNEW44_f6_jpg.rf.2d73e91d9b13ec8a2435bae47319d708.jpg,1,1,1.0,0.214,0.005,0.048,6.008,2.815,22.544,1.502,34.585
FireSmokeVideoNEW44_f8_jpg.rf.95a1c81618934dd120a2b651a50fac00.jpg,1,1,0.9999,0.217,0.004,0.052,5.217,1.008,34.458,4.42,46.869
FireSmokeVideoNEW47_f40_jpg.rf.5f060801803bc643ec5f695fee43e04f.jpg,1,1,1.0,0.235,0.005,0.062,2.148,1.974,32.563,1.601,40.109
FireSmokeVideoNEW47_f43_jpg.rf.cf493df141371b9522d667079baaa29b.jpg,1,1,1.0,0.22,0.005,0.05,2.366,2.412,15.849,1.418,23.964
FireSmokeVideoNEW49_f11_jpg.rf.5ef9296295f4d96310d8ad6cd7ce240d.jpg,1,1,0.9981,0.222,0.005,0.048,5.741,6.165,23.961,1.502,39.1
FireSmokeVideoNEW49_f15_jpg.rf.315f582ceebe30dd42fc7f8cff62b979.jpg,1,1,0.9999,0.222,0.004,0.052,6.278,5.891,36.127,1.65,51.801
FireSmokeVideoNEW49_f18_jpg.rf.08625a6c3f2100b04902eabe25650d45.jpg,1,1,1.0,0.227,0.004,0.052,3.579,0.995,32.783,1.772,40.878
FireSmokeVideoNEW49_f2_jpg.rf.72cea76bc326a10997d80a46a3ce5040.jpg,1,1,0.9815,0.226,0.005,0.052,5.995,6.073,25.219,2.081,41.248
FireSmokeVideoNEW49_f31_jpg.rf.b59bbd3f29e6d6b839434a3a209d61a8.jpg,1,1,0.9992,0.228,0.005,0.054,6.604,6.044,27.311,2.059,43.789
FireSmokeVideoNEW49_f3_jpg.rf.185decf90ce201424a98f907394f8c41.jpg,1,1,0.9953,0.231,0.005,0.057,7.385,6.041,36.29,1.912,53.429
FireSmokeVideoNEW49_f58_jpg.rf.4e365c8a4b1900a66a4213a5eaf063e3.jpg,1,1,1.0,0.219,0.004,0.052,5.664,3.89,21.228,1.571,34.211
FireSmokeVideoNEW49_f6_jpg.rf.11a50cad8492926d357ba9778e6ed649.jpg,1,1,1.0,0.276,0.004,0.047,3.825,4.29,23.658,2.357,35.913
FireSmokeVideoNEW49_f8_jpg.rf.2761b9d61846feba13cac2d062a252f4.jpg,1,1,1.0,0.205,0.004,0.047,4.283,3.107,41.133,4.735,55.059
FireSmokeVideoNEW4_f100_jpg.rf.7ad1d0ad84e3ca0e958dd7071581656a.jpg,1,1,1.0,0.226,0.004,0.053,5.978,4.643,26.716,1.582,40.896
FireSmokeVideoNEW4_f12_jpg.rf.d12325c895ff0c668c6a9eedfd00ba52.jpg,1,1,0.9998,0.235,0.005,0.054,6.618,1.236,35.211,1.535,46.418
FireSmokeVideoNEW4_f13_jpg.rf.01a9bf3d024f7529b6e8c2a06a817604.jpg,1,1,0.9999,0.223,0.004,0.047,5.441,3.489,27.189,1.406,39.208
FireSmokeVideoNEW4_f15_jpg.rf.3fb8f4b1612aca11f76ffddb8151aa4b.jpg,1,1,1.0,0.213,0.005,0.048,7.232,7.333,31.444,1.459,50.435
FireSmokeVideoNEW4_f165_jpg.rf.4ee0f69baae7ce220e922f215fb6edac.jpg,1,1,1.0,0.218,0.004,0.05,3.0,1.092,22.55,1.33,29.791
FireSmokeVideoNEW4_f221_jpg.rf.88b5d675e9d564b0b24ab37bd0fcf432.jpg,1,1,1.0,0.215,0.004,0.05,2.347,1.036,27.331,6.618,39.102
FireSmokeVideoNEW4_f223_jpg.rf.12dd131ba3912381ce3626066fe68f66.jpg,1,1,1.0,0.327,0.005,0.055,3.105,1.18,28.127,1.587,35.914
FireSmokeVideoNEW4_f239_jpg.rf.29ab8fba092fed08b3ebd8790066b5ee.jpg,1,1,1.0,0.218,0.004,0.054,9.921,8.89,24.31,1.624,46.745
FireSmokeVideoNEW4_f70_jpg.rf.0ec10a95d83c76b8700d0fb944968dee.jpg,1,1,0.9987,0.226,0.004,0.052,4.458,1.528,33.785,5.119,46.758
FireSmokeVideoNEW4_f84_jpg.rf.247fd431e9365939a31d6aef5a7ac968.jpg,1,1,0.9999,0.222,0.004,0.052,6.723,7.885,44.438,4.293,65.369
FireSmokeVideoNEW50_f10_jpg.rf.d3646ae84ac48a36362c6a6dd009147f.jpg,1,1,1.0,0.316,0.005,0.065,12.96,3.736,22.922,3.602,45.639
FireSmokeVideoNEW50_f2_jpg.rf.bc12bfdd4a1f9c0b86e8552fd512e758.jpg,1,1,0.9999,0.229,0.005,0.053,11.978,6.058,39.954,4.19,64.112
FireSmokeVideoNEW50_f5_jpg.rf.3029f1d118e09c470767a7e262ca607e.jpg,1,1,1.0,0.218,0.004,0.048,8.132,3.14,28.232,3.372,44.639
FireSmokeVideoNEW50_f63_jpg.rf.d6b79638d748b7db365c164660df69d5.jpg,1,1,1.0,0.213,0.004,0.05,15.264,5.984,44.416,4.393,72.098
FireSmokeVideoNEW50_f67_jpg.rf.9e7991ed3b82ce54f2a2d9586f9faf4b.jpg,1,1,1.0,0.246,0.005,0.06,15.0,10.017,23.027,1.53,51.474
FireSmokeVideoNEW50_f7_jpg.rf.19d6efa8c83f194ffb376a4a92f4f6f7.jpg,1,1,1.0,0.489,0.005,0.054,13.998,12.936,32.361,2.031,64.357
FireSmokeVideoNEW51_f17_jpg.rf.9f7842f199026aea160bdeb040f718d8.jpg,1,1,0.9994,0.535,0.005,0.08,10.431,10.428,30.879,3.764,58.168
FireSmokeVideoNEW51_f20_jpg.rf.7081febf27c70a1048a3dd6929c35be7.jpg,1,1,1.0,0.219,0.005,0.05,9.32,8.703,34.539,2.549,57.621
FireSmokeVideoNEW51_f28_jpg.rf.48cfd45dadc8564becc83f554de68fd7.jpg,1,1,1.0,0.232,0.005,0.055,6.967,3.802,29.525,5.571,47.762
FireSmokeVideoNEW51_f31_jpg.rf.b1fce11800be6ffe6220fbc9ebfd115a.jpg,1,1,1.0,0.229,0.005,0.055,7.071,5.633,30.247,1.629,46.357
FireSmokeVideoNEW51_f38_jpg.rf.a0c590f3d00cd2d603a5da732c52f004.jpg,1,1,0.9999,0.215,0.004,0.048,6.609,5.227,23.652,2.282,39.658
FireSmokeVideoNEW51_f45_jpg.rf.e8857c8dc3aeb5fa4a28b021cacadfc9.jpg,1,1,1.0,0.225,0.005,0.053,6.191,1.566,24.903,1.663,36.071
FireSmokeVideoNEW52_f117_jpg.rf.4c2486100b798b321e83516cabc9b952.jpg,1,1,1.0,0.22,0.004,0.055,3.075,1.034,18.514,1.541,25.962
FireSmokeVideoNEW52_f25_jpg.rf.70fc20b927b70fdef1c6b38b0bd91294.jpg,1,1,1.0,0.225,0.005,0.054,3.002,1.017,19.542,1.606,26.985
FireSmokeVideoNEW52_f27_jpg.rf.8ca5ff396c7c6b4e7b3c6caa73dd58c5.jpg,1,1,1.0,0.225,0.005,0.052,6.901,0.995,32.043,3.962,45.65
FireSmokeVideoNEW52_f48_jpg.rf.110f8a1d937dabd86246058d3abe0334.jpg,1,1,0.9992,0.212,0.004,0.047,5.068,3.967,19.974,1.495,32.233
FireSmokeVideoNEW52_f56_jpg.rf.4cfea41c17ca8e75d0a847bc08a45843.jpg,1,1,0.9998,0.212,0.004,0.049,4.629,2.754,26.746,1.991,37.827
FireSmokeVideoNEW52_f73_jpg.rf.42f03c3bd3633b39a37dbfa5012e3be6.jpg,1,1,0.9953,0.22,0.004,0.086,3.191,1.24,18.438,1.496,26.172
FireSmokeVideoNEW52_f86_jpg.rf.059741169bf547d1257c50b3c141b680.jpg,1,1,0.9994,0.225,0.004,0.051,6.656,1.026,30.778,2.468,42.635
FireSmokeVideoNEW55_f115_jpg.rf.d1ae9b75ffb1fc11f07252ac292e6431.jpg,1,1,1.0,0.219,0.005,0.05,3.219,1.053,25.376,1.513,33.026
FireSmokeVideoNEW55_f152_jpg.rf.b66429422c18048f82abc66f57384df3.jpg,1,1,1.0,0.212,0.004,0.047,3.101,1.102,18.453,1.543,26.066
FireSmokeVideoNEW55_f154_jpg.rf.74673752682094de5a6b34378ff0e89b.jpg,1,1,1.0,0.217,0.004,0.051,2.338,1.028,18.421,1.449,25.014
FireSmokeVideoNEW55_f25_jpg.rf.b8f388962343ad7c62262e3120adfef6.jpg,1,1,1.0,0.208,0.004,0.049,2.935,1.51,25.033,1.588,32.786
FireSmokeVideoNEW55_f33_jpg.rf.6dfe5220f8b8395651f23aab7782d716.jpg,1,1,1.0,0.225,0.005,0.051,7.414,5.053,26.59,2.264,43.102
FireSmokeVideoNEW55_f35_jpg.rf.b1ba09ffc4711f7e00d1f2f9040ed460.jpg,1,1,1.0,0.215,0.004,0.046,10.385,8.945,27.61,6.01,54.847
FireSmokeVideoNEW55_f39_jpg.rf.bda21bfaa7b58bf9e44f57e04a068571.jpg,1,1,1.0,0.216,0.004,0.05,5.587,5.054,28.726,2.504,44.044
FireSmokeVideoNEW55_f50_jpg.rf.7e57e6c280e07b130928e7b766f59d72.jpg,1,1,1.0,0.217,0.005,0.05,6.769,2.04,22.539,1.628,35.166
FireSmokeVideoNEW55_f64_jpg.rf.8ddb32c3be6ac4b80833b38834ad0018.jpg,1,1,1.0,0.27,0.005,0.058,7.734,6.714,30.07,2.343,49.461
FireSmokeVideoNEW55_f66_jpg.rf.1d537844825b5588928eb942a09d8b55.jpg,1,1,1.0,0.224,0.005,0.052,8.329,5.798,27.265,1.608,45.087
FireSmokeVideoNEW55_f72_jpg.rf.9f614fd81f654f89a0f07ee8c0bf03c0.jpg,1,1,1.0,0.229,0.005,0.055,10.229,9.624,23.982,3.095,48.802
FireSmokeVideoNEW55_f74_jpg.rf.353677df9beecc811dd207738524b80a.jpg,1,1,1.0,0.218,0.004,0.051,12.868,13.471,37.58,3.679,69.656
FireSmokeVideoNEW55_f90_jpg.rf.eaac7ac5a298d9e3c459041ceaf40eef.jpg,1,1,1.0,1.485,0.006,0.06,8.701,3.563,24.775,6.036,46.068
FireSmokeVideoNEW55_f93_jpg.rf.3d60ab78d80b5cba8cadfcfe07d71f34.jpg,1,1,1.0,0.232,0.004,0.054,9.688,7.066,27.684,5.473,51.772
FireSmokeVideoNEW55_f99_jpg.rf.2e8135bbbea4c4f8608077c3d23b9b79.jpg,1,1,0.9999,0.222,0.004,0.053,18.779,9.954,38.854,3.767,73.109
FireSmokeVideoNEW58_f10_jpg.rf.34642e8d6104c2cf111d96077f69f349.jpg,1,1,0.9998,0.223,0.005,0.053,11.456,9.646,32.499,4.42,59.825
FireSmokeVideoNEW58_f23_jpg.rf.7aa1922cfe5c0a987bc27e57c9cdee43.jpg,1,1,1.0,0.212,0.004,0.049,8.218,6.479,30.222,1.626,48.384
FireSmokeVideoNEW58_f25_jpg.rf.d2ede85b72b2e3e02c208a61074c897d.jpg,1,1,1.0,0.214,0.005,0.049,10.492,5.098,31.584,1.552,50.493
FireSmokeVideoNEW58_f2_jpg.rf.03e2a75bb1afb651cd8cf3315930f183.jpg,1,1,1.0,0.216,0.004,0.049,7.73,6.131,18.939,1.575,36.564
FireSmokeVideoNEW58_f7_jpg.rf.ca1e260c76e65133a009208a47475de2.jpg,1,1,1.0,0.224,0.005,0.056,3.555,0.968,23.891,2.045,32.364
FireSmokeVideoNEW5_f1_jpg.rf.fc8b943c1d95d048b71778ab67928710.jpg,1,1,1.0,0.249,0.004,0.055,6.929,6.854,25.733,1.983,43.452
FireSmokeVideoNEW5_f24_jpg.rf.27b2c054ee3691848ce763832ed16dc3.jpg,1,1,1.0,0.22,0.004,0.052,6.628,7.595,25.082,4.982,46.934
FireSmokeVideoNEW5_f2_jpg.rf.2936e138aa616aa14219f359f8debd81.jpg,1,1,1.0,0.212,0.004,0.048,2.601,5.118,31.782,5.706,47.134
FireSmokeVideoNEW5_f3_jpg.rf.45d4850aa6d9b9bb8f9d3afbc0c6d3a5.jpg,1,1,1.0,0.247,0.005,0.057,10.325,7.247,30.963,2.391,53.005
FireSmokeVideoNEW5_f5_jpg.rf.60be1f9ed53ebbff57a6e62e52522e8e.jpg,1,1,1.0,0.242,0.005,0.052,8.7,9.629,24.102,3.755,48.137
FireSmokeVideoNEW5_f8_jpg.rf.e335bc657b7862165884e0f8e6fa86d2.jpg,1,1,1.0,0.225,0.005,0.05,9.913,6.275,23.84,1.969,44.022
FireSmokeVideoNEW60_f12_jpg.rf.9ee600591abbeb4a4d576b27a8b8534c.jpg,1,1,1.0,0.228,0.005,0.056,14.137,6.525,22.851,1.698,47.005
FireSmokeVideoNEW60_f38_jpg.rf.81f0837c96882d66a37c9c077e080238.jpg,1,1,1.0,0.215,0.004,0.05,6.156,7.021,22.01,1.333,38.605
FireSmokeVideoNEW60_f46_jpg.rf.961c2dcbda93abfb50002758e070b5bf.jpg,1,1,1.0,0.218,0.005,0.05,6.258,1.3,18.152,1.489,28.905
FireSmokeVideoNEW60_f48_jpg.rf.388f14f791f28de8e5b12b7f2c854282.jpg,1,1,0.9997,0.205,0.004,0.047,4.61,5.94,17.661,1.237,31.163
FireSmokeVideoNEW60_f51_jpg.rf.2468377187eec51e2eecea3d65330d9f.jpg,1,1,1.0,0.212,0.004,0.049,3.88,1.34,22.478,1.638,31.081
FireSmokeVideoNEW60_f53_jpg.rf.e5daa42d0db75cd635b04588a59731ae.jpg,1,1,1.0,0.233,0.006,0.053,4.171,3.35,17.306,1.289,27.906
FireSmokeVideoNEW60_f55_jpg.rf.e7c05e6be084452e955cb31822b2da71.jpg,1,1,1.0,0.217,0.004,0.05,2.848,1.613,15.847,1.267,23.349
FireSmokeVideoNEW60_f58_jpg.rf.6d1442fd8ba37afa5c47043a5cc629e0.jpg,1,1,1.0,0.215,0.004,0.049,3.049,1.0,18.413,1.292,25.376
FireSmokeVideoNEW60_f5_jpg.rf.aa5a968f6e31f82dcc3487faa9615c6d.jpg,1,1,0.9999,0.208,0.005,0.048,2.696,1.011,15.8,1.23,22.416
FireSmokeVideoNEW60_f64_jpg.rf.b96c38426b1e25a56f10f7817118c56a.jpg,1,1,1.0,0.212,0.005,0.05,3.644,2.957,15.927,1.288,25.726
FireSmokeVideoNEW60_f69_jpg.rf.532d6f1cf55d06ded7d5e4243b6535b5.jpg,1,1,1.0,0.215,0.004,0.074,4.07,1.751,28.154,5.557,41.366
FireSmokeVideoNEW60_f70_jpg.rf.865c91bc35778ec0bbe24559b9f2c81d.jpg,1,1,1.0,0.211,0.005,0.049,5.165,3.659,21.204,1.331,33.079
FireSmokeVideoNEW60_f75_jpg.rf.b914a4abfea9b61f512996d147ec0ca3.jpg,1,1,1.0,0.263,0.005,0.048,6.085,4.055,21.243,1.427,34.521
FireSmokeVideoNEW60_f9_jpg.rf.9c8beb518c921372991999ac1c49e40c.jpg,1,1,0.9999,0.202,0.004,0.049,9.183,4.762,28.147,1.386,45.202
FireSmokeVideoNEW65_f117_jpg.rf.1bbdd4f95a006a3b6b1f27ef5f536866.jpg,1,1,1.0,0.218,0.004,0.048,5.817,1.194,20.472,1.62,31.238
FireSmokeVideoNEW65_f11_jpg.rf.50cd474bf007c757d8bc138479805020.jpg,1,1,1.0,0.217,0.004,0.049,4.25,1.234,30.362,2.719,40.771
FireSmokeVideoNEW65_f12_jpg.rf.aa5bbc87c3e07da06a59f895f606509f.jpg,1,1,0.9998,0.239,0.004,0.104,11.512,7.881,28.022,2.426,52.026
FireSmokeVideoNEW65_f14_jpg.rf.87c95776046ba5dabfc6ff1a147df6bd.jpg,1,1,0.9998,0.219,0.005,0.37,9.422,5.863,28.594,1.691,48.047
FireSmokeVideoNEW65_f1_jpg.rf.c3cc440dc95f4454fc091247861e6caa.jpg,1,1,0.9999,0.22,0.004,0.055,2.27,1.129,29.066,1.558,35.782
FireSmokeVideoNEW65_f40_jpg.rf.25e48681a4a80d3e5a7c2d5ef33493ab.jpg,1,1,0.9998,0.218,0.004,0.052,3.468,1.112,32.939,1.669,40.963
FireSmokeVideoNEW65_f46_jpg.rf.4217997f473ffe7da24315de5aaece67.jpg,1,1,1.0,0.231,0.005,0.056,2.644,6.521,26.039,3.311,40.48
FireSmokeVideoNEW65_f50_jpg.rf.d61341ea9e88e5ed5acc90a3297a851a.jpg,1,1,0.9999,0.247,0.005,0.062,10.011,7.216,27.846,4.352,51.336
FireSmokeVideoNEW65_f5_jpg.rf.3441cd75841d6f97430310c78b39d6fa.jpg,1,1,0.9996,0.53,0.006,0.064,9.887,2.743,24.447,1.429,40.724
FireSmokeVideoNEW65_f73_jpg.rf.4766aec0b5f45ce3be112ecf3dd68757.jpg,1,1,0.9995,0.228,0.004,0.054,4.347,3.399,26.982,1.385,38.2
FireSmokeVideoNEW65_f79_jpg.rf.713d994f59767ed9bf9a3cd2b5854501.jpg,1,1,0.9965,0.254,0.004,0.051,5.42,6.571,23.656,1.582,38.971
FireSmokeVideoNEW65_f88_jpg.rf.95d2b25d237ff418711f21e2e2614bf8.jpg,1,1,0.9998,0.227,0.005,0.052,4.833,1.163,29.505,1.723,38.973
FireSmokeVideoNEW66_f14_jpg.rf.482cb0050ef9c8c8a0a968b3943b7694.jpg,1,1,1.0,0.214,0.005,0.048,6.38,6.608,26.622,2.089,43.518
FireSmokeVideoNEW66_f5_jpg.rf.7cb799fabf2d42e0a4f065497d86d27d.jpg,1,1,1.0,0.211,0.004,0.049,3.407,1.575,30.701,1.594,39.022
FireSmokeVideoNEW68_f0_jpg.rf.c6033aa3afcd43addcf5723dc3d55109.jpg,1,1,1.0,0.206,0.004,0.049,4.525,1.146,26.298,1.562,35.423
FireSmokeVideoNEW68_f18_jpg.rf.9d0cd9f0cd43165e76a7e897d52688bc.jpg,1,1,0.9999,0.22,0.005,0.051,2.701,1.274,21.371,1.571,28.706
FireSmokeVideoNEW68_f23_jpg.rf.423c2e6022e5b48f02d1d5bd1b4ce56d.jpg,1,1,1.0,0.22,0.004,0.053,8.109,9.458,27.146,1.562,48.371
FireSmokeVideoNEW68_f2_jpg.rf.b0f36b8ac9a557cbc6240b67da533458.jpg,1,1,1.0,0.217,0.005,0.072,4.101,1.298,21.071,1.802,30.055
FireSmokeVideoNEW68_f36_jpg.rf.9ed01aedaae56ff44ba333675646ba74.jpg,1,1,1.0,0.206,0.004,0.05,4.209,1.503,23.467,4.886,35.973
FireSmokeVideoNEW68_f3_jpg.rf.2bb13b31cfa6035877e0e84c4f1b37d0.jpg,1,1,1.0,0.207,0.004,0.047,3.046,1.043,21.429,1.432,28.714
FireSmokeVideoNEW68_f7_jpg.rf.20a675000fe1db7e2751fdfe45ce1a71.jpg,1,1,1.0,0.208,0.004,0.047,3.543,5.702,18.485,1.534,31.085
FireSmokeVideoNEW68_f9_jpg.rf.cadca7ef759f84b188f1561c1cd133ef.jpg,1,1,1.0,0.224,0.026,0.055,5.942,1.704,24.989,1.321,35.77
FireSmokeVideoNEW69_f14_jpg.rf.8564b48b288a119d4cd9a5e80bf10c47.jpg,1,1,0.9998,0.213,0.004,0.051,2.814,1.097,18.445,1.605,25.778
FireSmokeVideoNEW69_f1_jpg.rf.9e44b871ec373d8efeac083f49c5f705.jpg,1,1,1.0,0.244,0.004,0.049,5.687,1.401,20.453,1.446,30.681
FireSmokeVideoNEW69_f22_jpg.rf.862ea9c76eec91567d9221b2a755959d.jpg,1,1,1.0,0.21,0.004,0.049,2.41,0.987,27.568,1.505,34.199
FireSmokeVideoNEW69_f24_jpg.rf.e26bbf96d54ff4c6de836ba7e204c604.jpg,1,1,0.9999,0.213,0.004,0.048,3.489,3.687,27.319,2.255,38.789
FireSmokeVideoNEW69_f28_jpg.rf.5954fde5f89bf91ae38eb2261df37169.jpg,1,1,0.9999,0.227,0.004,0.053,5.308,3.986,35.487,5.193,51.792
FireSmokeVideoNEW69_f33_jpg.rf.110cfd07f30bb04df887e4535ddd2a45.jpg,1,1,0.9998,0.226,0.005,0.216,3.116,1.036,26.075,1.594,34.208
FireSmokeVideoNEW69_f4_jpg.rf.cef4a8aaba081738c8f28ec5cb491daf.jpg,1,1,1.0,0.215,0.004,0.051,2.942,1.129,28.311,8.054,42.193
FireSmokeVideoNEW69_f8_jpg.rf.753be5b79184e5298e5828093e65739e.jpg,1,1,1.0,0.23,0.005,0.059,3.989,4.32,36.461,4.109,51.246
FireSmokeVideoNEW6_f26_jpg.rf.5fc336666efe2dea8e0559f2c13862d5.jpg,1,0,0.6777,0.215,0.015,0.049,4.297,5.993,26.299,2.893,41.332
FireSmokeVideoNEW71_f1_jpg.rf.595d2b88d2c2f78a56d269ef66bb4297.jpg,1,1,0.9995,0.222,0.004,0.052,12.177,9.095,26.403,4.483,54.072
FireSmokeVideoNEW71_f2_jpg.rf.2db0e0efbeb737f7bf96e673cf0dede3.jpg,1,1,1.0,0.221,0.005,0.053,10.682,4.951,30.224,2.929,50.784
FireSmokeVideoNEW71_f4_jpg.rf.d22912ef5fd0628194172fd48f29fe54.jpg,1,1,0.9997,0.219,0.005,0.053,5.511,3.777,22.55,3.524,37.105
FireSmokeVideoNEW71_f6_jpg.rf.a50cdf04986e472627204f7ec4b5f5a6.jpg,1,1,1.0,0.219,0.004,0.048,7.832,4.967,27.888,2.441,45.057
FireSmokeVideoNEW72_f11_jpg.rf.ad5313a830b6d7fee0b6c8f0c56061c3.jpg,1,1,1.0,0.233,0.005,0.053,7.783,5.609,22.77,1.849,39.907
FireSmokeVideoNEW72_f13_jpg.rf.d058cce69315377b7eadf9b7398179cb.jpg,1,1,1.0,0.209,0.005,0.047,4.01,6.943,25.677,4.479,42.939
FireSmokeVideoNEW72_f17_jpg.rf.d570def4b06c76e6cd8e89118bff7fc1.jpg,1,1,1.0,0.256,0.005,0.058,8.545,7.894,21.054,1.708,41.169
FireSmokeVideoNEW72_f22_jpg.rf.9619fa123844ddde152c20ddf323bb0d.jpg,1,1,1.0,0.228,0.005,0.053,12.151,7.812,27.279,1.92,52.33
FireSmokeVideoNEW72_f33_jpg.rf.498d88ae9e2e3fb1e7ec250d119eab2f.jpg,1,1,1.0,0.283,0.004,0.052,7.331,9.323,26.918,3.378,48.8
FireSmokeVideoNEW72_f43_jpg.rf.c3616a9cece886241f5d31d681cf3b82.jpg,1,1,1.0,0.226,0.005,0.053,6.562,3.881,28.343,2.237,42.785
FireSmokeVideoNEW72_f49_jpg.rf.fea0e91163420323b138beb4c050855b.jpg,1,1,1.0,0.242,0.005,0.059,5.413,1.016,25.723,2.921,37.058
FireSmokeVideoNEW72_f62_jpg.rf.6edd68c72b3f5912c3f1bf1213e016e0.jpg,1,1,1.0,0.216,0.004,0.049,2.84,1.209,28.198,1.473,35.603
FireSmokeVideoNEW72_f65_jpg.rf.ff3c8aafe556db2e560fe50f230391b3.jpg,1,1,1.0,0.213,0.004,0.049,2.829,1.045,25.333,3.627,34.684
FireSmokeVideoNEW72_f75_jpg.rf.62c9abfdcae23779e7dc701529aaf536.jpg,1,1,1.0,0.234,0.005,0.059,5.028,6.167,21.627,3.058,37.636
FireSmokeVideoNEW72_f7_jpg.rf.7c62522f90506aa1728fe65b914acf7c.jpg,1,1,1.0,0.216,0.004,0.054,8.211,7.514,22.825,4.083,44.364
FireSmokeVideoNEW74_f21_jpg.rf.c0f9fb0f3f221779c24897948f4ec8d7.jpg,1,1,1.0,0.214,0.004,0.051,7.524,6.684,24.59,1.57,42.16
FireSmokeVideoNEW74_f24_jpg.rf.66168d8081eda452714a8c8f07bbdcd8.jpg,1,1,1.0,0.213,0.004,0.049,6.606,8.174,22.798,7.344,46.72
FireSmokeVideoNEW74_f26_jpg.rf.345c458b97028004ad0acae920cae7b6.jpg,1,1,1.0,0.203,0.005,0.047,5.059,6.202,27.709,2.254,42.961
FireSmokeVideoNEW74_f30_jpg.rf.59c54e77e2c7cc4c68af58a2a5390808.jpg,1,1,1.0,0.208,0.004,0.047,2.895,1.063,25.329,1.441,32.542
FireSmokeVideoNEW74_f32_jpg.rf.4ac20702db05eeec56186d73cbca8766.jpg,1,1,1.0,0.222,0.004,0.052,2.768,1.556,15.799,1.37,23.202
FireSmokeVideoNEW74_f34_jpg.rf.d9724abb9bfaa342616f6c01948fea7f.jpg,1,1,1.0,0.223,0.005,0.053,4.062,3.032,15.811,1.217,25.85
FireSmokeVideoNEW74_f36_jpg.rf.fcbb11b2075d8d9f4dbf6e326a0320dc.jpg,1,1,1.0,0.215,0.004,0.046,4.176,3.463,20.938,1.956,32.215
FireSmokeVideoNEW74_f38_jpg.rf.18ff7f74a408a680122d645d40591e9a.jpg,1,1,1.0,0.216,0.005,0.05,6.108,4.043,22.772,2.498,37.155
FireSmokeVideoNEW74_f41_jpg.rf.a6c359519d19b8ed61be5ff17839f197.jpg,1,1,1.0,0.216,0.004,0.051,8.505,6.257,23.107,2.118,41.852
FireSmokeVideoNEW74_f43_jpg.rf.d00bcca3fb8e0a6d10644bc0b3bd41eb.jpg,1,1,1.0,0.242,0.005,0.058,10.684,7.553,24.006,2.902,47.339
FireSmokeVideoNEW74_f47_jpg.rf.015888a3b5629ef1c46d1f31c1046ab6.jpg,1,1,1.0,0.23,0.005,0.084,6.201,4.213,22.041,3.24,37.535
FireSmokeVideoNEW74_f4_jpg.rf.bcdd36ff2e50cd106574eb5718448952.jpg,1,1,1.0,0.22,0.004,0.054,3.899,8.057,23.223,1.597,38.892
FireSmokeVideoNEW74_f53_jpg.rf.5efb2429584d39e2b2a1a49a423fae0c.jpg,1,1,1.0,0.24,0.004,0.055,6.999,5.306,25.149,2.176,41.683
FireSmokeVideoNEW74_f58_jpg.rf.c150e91787c7f8a20f332da7927e8783.jpg,1,1,1.0,0.212,0.004,0.051,7.831,6.209,24.809,1.662,42.258
FireSmokeVideoNEW74_f60_jpg.rf.1cdc02e995445f11a06bb524a8b70053.jpg,1,1,1.0,0.259,0.004,0.055,6.588,6.246,22.318,3.155,40.625
FireSmokeVideoNEW74_f69_jpg.rf.f6ff5cbdf69fb044623d261520936a7d.jpg,1,1,1.0,0.216,0.004,0.051,6.999,4.462,30.122,1.712,45.06
FireSmokeVideoNEW74_f73_jpg.rf.01c8014550eabc4548809852b07c6a92.jpg,1,1,1.0,0.242,0.005,0.062,5.706,0.999,23.456,1.58,33.76
FireSmokeVideoNEW74_f75_jpg.rf.b29efe2ebb2ba867d688a0fb1ee8e0ee.jpg,1,1,1.0,0.241,0.005,0.06,4.449,1.071,15.873,1.442,24.546
FireSmokeVideoNEW76_f13_jpg.rf.48c07cdb4a4555c8fac7eb90799fd407.jpg,1,1,0.7917,0.228,0.004,0.058,2.751,1.017,15.868,1.536,22.979
FireSmokeVideoNEW76_f15_jpg.rf.0ed5839aa46894923b87d6cecba5efbe.jpg,1,1,0.8733,0.219,0.004,0.053,5.939,0.966,22.572,1.33,32.478
FireSmokeVideoNEW76_f17_jpg.rf.89a5b32599f08ff6d6b144b7e61b9712.jpg,1,0,0.6851,0.211,0.004,0.051,2.31,0.983,22.979,4.242,32.168
FireSmokeVideoNEW76_f19_jpg.rf.78a45915d1eb907788ababec5310ba76.jpg,1,0,0.9024,0.211,0.005,0.05,7.403,6.017,26.189,1.52,42.844
FireSmokeVideoNEW76_f21_jpg.rf.7ff137c89ba1e12c0f41300d976a8900.jpg,1,0,0.8296,0.223,0.005,0.053,7.666,6.422,23.068,2.217,41.131
FireSmokeVideoNEW78_f129_jpg.rf.2d444dd2cf9fec590e4affcc70ee39eb.jpg,1,1,0.9992,0.235,0.005,0.054,8.522,5.956,23.239,4.894,44.547
FireSmokeVideoNEW79_f11_jpg.rf.25292878eba539325fd867ff672153d7.jpg,1,1,1.0,0.224,0.005,0.052,6.023,5.883,25.475,2.471,41.947
FireSmokeVideoNEW79_f13_jpg.rf.f7e5cad16c5c444d4797fdebaedd9a6a.jpg,1,1,1.0,0.234,0.005,0.057,2.536,1.435,22.267,1.493,29.5
FireSmokeVideoNEW7_f106_jpg.rf.ba3ec205bb89efbbfc64fb46305a6ac0.jpg,1,1,1.0,0.214,0.005,0.052,2.393,1.086,15.9,1.387,22.514
FireSmokeVideoNEW7_f114_jpg.rf.19f7a9cac937c20922db17e7843964c3.jpg,1,1,1.0,0.216,0.004,0.05,2.4,2.07,23.344,2.622,32.335
FireSmokeVideoNEW7_f40_jpg.rf.8c23940fa961ed65bde2075a96cf7d5a.jpg,1,1,1.0,0.225,0.004,0.055,3.237,1.627,28.524,1.385,36.536
FireSmokeVideoNEW7_f42_jpg.rf.fc01ed3256e4de328cbb887686c3e2b6.jpg,1,1,1.0,0.215,0.004,0.051,2.414,1.068,26.506,1.442,33.095
FireSmokeVideoNEW7_f56_jpg.rf.72eb0b9c179be3b73389cb4ecb2e66f5.jpg,1,1,1.0,0.219,0.005,0.05,4.265,1.067,25.943,2.754,35.836
FireSmokeVideoNEW7_f69_jpg.rf.1cb69b7fbaee6b6551e64b94bcd6d8a5.jpg,1,1,1.0,0.215,0.004,0.048,2.962,1.155,29.647,2.243,37.852
FireSmokeVideoNEW7_f7_jpg.rf.557a52cc5382677ca0d46f89efc7ed2b.jpg,1,1,1.0,0.226,0.005,0.052,2.601,1.086,15.867,1.323,22.675
FireSmokeVideoNEW7_f8_jpg.rf.5d0ea556bf5d8f7cd1d58eaa3d1842f2.jpg,1,1,1.0,0.208,0.004,0.049,2.331,1.041,15.834,1.261,22.153
FireSmokeVideoNEW80_f11_jpg.rf.05759433efcacb33d8a26468f7585b99.jpg,1,1,1.0,0.201,0.004,0.048,2.366,1.046,20.329,2.093,27.511
FireSmokeVideoNEW80_f13_jpg.rf.9c6a7629abe648bbcf71629b0d7e505e.jpg,1,1,1.0,0.208,0.004,0.047,2.284,1.14,15.8,1.193,22.025
FireSmokeVideoNEW80_f32_jpg.rf.3b5c0b1ebab68acae862f33e0374b3ec.jpg,1,1,0.9525,0.211,0.004,0.049,4.232,1.073,15.835,1.279,24.117
FireSmokeVideoNEW80_f34_jpg.rf.f1c207f818f1cd217bea5c96f9e9d4ab.jpg,1,1,0.9681,0.228,0.004,0.054,9.37,5.421,25.067,1.36,42.94
FireSmokeVideoNEW80_f41_jpg.rf.bab3cbb40abe405482495f7a75346e8f.jpg,1,1,1.0,0.283,0.006,0.076,3.223,0.929,15.933,1.287,23.11
FireSmokeVideoNEW80_f8_jpg.rf.035ed7478daa45c1e06ab3523c909e64.jpg,1,1,1.0,0.206,0.004,0.048,2.375,1.083,15.807,1.322,22.206
FireSmokeVideoNEW81_f18_jpg.rf.8a4deba38a80b2d33016f55eaa30e25b.jpg,1,1,1.0,0.202,0.004,0.048,2.454,1.546,26.852,1.424,33.959
FireSmokeVideoNEW81_f34_jpg.rf.6faebf94308b689b3be118624121310c.jpg,1,1,0.9848,0.2,0.004,0.044,2.211,1.602,18.499,1.212,25.228
FireSmokeVideoNEW81_f36_jpg.rf.671fb0b8fdcd8370174c641d2b48ecbf.jpg,1,1,1.0,0.203,0.004,0.045,4.691,3.431,27.661,5.066,42.848
FireSmokeVideoNEW81_f38_jpg.rf.227b1e5aee07bc90863b964edb44d457.jpg,1,1,1.0,0.224,0.005,0.048,3.366,1.254,22.368,1.389,30.099
FireSmokeVideoNEW81_f3_jpg.rf.caf4eabc98635fd866eb054ff6b28c89.jpg,1,1,1.0,0.211,0.004,0.047,2.265,1.037,17.118,1.246,23.414
FireSmokeVideoNEW81_f44_jpg.rf.3b4966647e8c86694dc973addf81e4b7.jpg,1,1,1.0,0.238,0.004,0.048,2.583,1.047,18.398,1.249,25.04
FireSmokeVideoNEW81_f4_jpg.rf.1c8e0b53c1a60eeca4a1a87725c6a33b.jpg,1,1,1.0,0.216,0.005,0.05,2.255,1.171,25.078,1.395,31.557
FireSmokeVideoNEW81_f51_jpg.rf.6eed84c90fc84bc339ab94acb5f368d5.jpg,1,1,0.6471,0.213,0.004,0.049,4.717,6.115,25.113,1.511,39.28
FireSmokeVideoNEW81_f5_jpg.rf.8fe51428c042df33ef7056792bac041e.jpg,1,1,0.9997,0.215,0.004,0.052,2.682,1.07,18.39,1.253,25.04
FireSmokeVideoNEW81_f61_jpg.rf.8821e2feee7a313a5a0fa06f95aaf907.jpg,1,1,0.9998,0.213,0.004,0.051,2.329,1.08,25.231,1.408,31.713
FireSmokeVideoNEW81_f67_jpg.rf.ec30df4bbf4ae496ce1894987521006c.jpg,1,1,0.9957,0.236,0.004,0.048,2.274,1.032,18.414,1.229,24.648
FireSmokeVideoNEW81_f74_jpg.rf.81372f8c38cf4dc71f4aaea4c80c4f07.jpg,1,1,1.0,0.208,0.005,0.046,2.403,1.041,18.368,1.232,24.772
FireSmokeVideoNEW81_f93_jpg.rf.ad4fbc63a6dc74e3290ea7a3ec019188.jpg,1,1,1.0,0.218,0.004,0.047,2.276,1.005,25.548,2.526,33.08
FireSmokeVideoNEW82_f15_jpg.rf.e7dc2fa4db618aad84776dd955ef51bc.jpg,1,1,1.0,0.212,0.004,0.047,2.309,1.016,17.237,1.195,23.409
FireSmokeVideoNEW82_f19_jpg.rf.f89ed1457a061c51371208925b37eb5a.jpg,1,1,1.0,0.205,0.004,0.047,3.136,1.139,15.782,1.227,22.896
FireSmokeVideoNEW82_f34_jpg.rf.4dbf9c32786ae8ef9aef2aefc6c30abf.jpg,1,1,0.9999,0.209,0.004,0.047,4.211,1.053,25.135,1.489,33.662
FireSmokeVideoNEW82_f53_jpg.rf.72fe99e96a5174851f2a3c7bf8f5b035.jpg,1,1,0.9999,0.209,0.004,0.047,4.263,1.075,18.428,1.254,26.685
FireSmokeVideoNEW82_f5_jpg.rf.3c3f9d351bd2f08caf96dd839eb0be35.jpg,1,1,0.9998,0.208,0.004,0.047,2.924,1.021,18.475,1.336,25.416
FireSmokeVideoNEW82_f63_jpg.rf.c2b1dde739bef360dd7ed5bb170a3536.jpg,1,1,1.0,0.217,0.004,0.051,5.049,5.916,26.526,1.415,40.555
FireSmokeVideoNEW82_f6_jpg.rf.97cddea8b6f913186557f3cb6b06be31.jpg,1,1,0.999,0.208,0.004,0.047,3.305,1.041,18.398,1.252,25.707
FireSmokeVideoNEW83_f79_jpg.rf.a635ec3ab697f0c8c37fc56fcb4a9d8e.jpg,1,1,1.0,0.215,0.004,0.049,2.268,1.034,18.374,1.222,24.618
FireSmokeVideoNEW83_f83_jpg.rf.7eb47aaaa2195f3b401f0534f4ab8c17.jpg,1,1,1.0,0.204,0.004,0.046,2.241,1.13,25.239,1.436,31.655
FireSmokeVideoNEW84_f11_jpg.rf.331db204725890d7841a0ba5804e1d51.jpg,1,1,1.0,0.208,0.004,0.048,2.324,1.02,18.526,3.797,27.4
FireSmokeVideoNEW84_f17_jpg.rf.f35283a94798dbd36e444f3d83fcc20c.jpg,1,1,1.0,0.211,0.004,0.049,2.338,1.391,18.428,1.268,25.151
FireSmokeVideoNEW84_f22_jpg.rf.57b54d823b56221442b406406ae6fda3.jpg,1,1,0.9756,0.209,0.004,0.049,2.254,1.789,25.25,1.404,32.334
FireSmokeVideoNEW84_f24_jpg.rf.c78709aba0fa619a1522f8a54b5eb33c.jpg,1,1,0.672,0.235,0.005,0.049,2.43,1.037,18.402,1.245,24.816
FireSmokeVideoNEW84_f26_jpg.rf.903f11c42bfe14f9284c7893c731f7fc.jpg,1,1,0.9969,0.213,0.005,0.049,3.412,1.343,18.382,1.199,25.98
FireSmokeVideoNEW84_f28_jpg.rf.4a605bea32b958e1f875dc9ae4787c2c.jpg,1,1,1.0,0.207,0.005,0.046,2.71,1.042,25.193,2.6,33.154
FireSmokeVideoNEW84_f30_jpg.rf.b1fa31c3b4b0231160d0fe95a8b2df48.jpg,1,1,1.0,0.223,0.005,0.05,5.265,6.027,20.765,1.331,35.786
FireSmokeVideoNEW84_f40_jpg.rf.99b1a8a40e68bb37b4bcd6210f807577.jpg,1,1,1.0,0.214,0.005,0.05,3.049,1.054,18.427,1.251,25.567
FireSmokeVideoNEW86_f21_jpg.rf.66bfdf3c31cf623a69833f84823419be.jpg,1,1,0.9999,0.214,0.005,0.05,2.268,1.023,25.199,1.462,31.739
FireSmokeVideoNEW86_f44_jpg.rf.528671157dc0f3573a31e135eb5c960b.jpg,1,1,1.0,0.207,0.004,0.048,2.563,1.045,18.429,1.24,24.894
FireSmokeVideoNEW86_f59_jpg.rf.ec954c76bba3453c1e3fbed6b0e4126f.jpg,1,1,1.0,0.205,0.004,0.049,2.292,1.005,18.394,1.243,24.544
FireSmokeVideoNEW87_f15_jpg.rf.1df24b2694a7dcd8cdc18a92d098bff5.jpg,1,1,0.9999,0.207,0.005,0.048,2.406,1.012,25.461,4.645,35.202
FireSmokeVideoNEW87_f1_jpg.rf.9686a4eb8a357bcb8d6af17613d63b0b.jpg,1,1,0.9662,0.21,0.005,0.051,4.206,2.367,25.604,1.679,36.104
FireSmokeVideoNEW8_f106_jpg.rf.0ada3dacd447a467782cec413e893cbd.jpg,1,1,1.0,0.288,0.005,0.048,4.688,1.03,17.138,1.38,26.028
FireSmokeVideoNEW8_f108_jpg.rf.3e1a309d0492fd214dd909126405217a.jpg,1,1,1.0,0.215,0.005,0.047,5.237,2.103,28.299,1.783,39.086
FireSmokeVideoNEW8_f114_jpg.rf.659a33156ff972aabe16784a1005087a.jpg,1,1,1.0,0.246,0.005,0.05,6.592,5.05,33.258,2.664,49.39
FireSmokeVideoNEW8_f123_jpg.rf.599b8235aadea7fc1ce0bb31909d7f19.jpg,1,1,1.0,0.227,0.005,0.056,5.205,1.252,37.906,2.705,48.966
FireSmokeVideoNEW8_f136_jpg.rf.4393095b0e129a87566a93dfcd0319b9.jpg,1,1,1.0,0.211,0.004,0.045,4.944,1.219,21.311,2.556,31.767
FireSmokeVideoNEW8_f13_jpg.rf.62679b6bf5d5334bc0142f60ef4f0eff.jpg,1,1,1.0,0.231,0.005,0.056,9.22,8.244,24.536,1.66,45.554
FireSmokeVideoNEW8_f15_jpg.rf.2c2fab259f891543bdd6f1a6e3574bd7.jpg,1,1,1.0,0.236,0.005,0.05,7.764,7.713,25.502,1.509,44.186
FireSmokeVideoNEW8_f34_jpg.rf.7412b450156c86fc3387c7c84eeceda0.jpg,1,1,1.0,0.255,0.004,0.052,8.136,5.735,31.252,3.044,50.06
FireSmokeVideoNEW8_f37_jpg.rf.dc011763a3b94f5a5e29aeb3ba4596a0.jpg,1,1,1.0,0.268,0.005,0.054,9.09,9.815,29.372,6.267,56.62
FireSmokeVideoNEW8_f41_jpg.rf.6de16dc442177d80361115c514c890b6.jpg,1,1,1.0,0.288,0.005,0.049,9.391,9.01,34.334,1.697,56.996
FireSmokeVideoNEW8_f81_jpg.rf.f56584d054d798df76424b80b3bfdd84.jpg,1,1,1.0,0.271,0.004,0.055,7.116,1.596,28.905,1.62,41.067
FireSmokeVideoNEW8_f88_jpg.rf.39192ee49f07e11498a78bff1aacc512.jpg,1,1,1.0,0.224,0.005,0.051,5.693,6.347,21.023,1.479,36.331
FireSmokeVideoNEW8_f91_jpg.rf.4392a67e91341fcfd786ecdcae1640a0.jpg,1,1,1.0,0.23,0.004,0.054,3.653,0.967,24.981,1.46,32.838
FireSmokeVideoNEW8_f97_jpg.rf.641d276457e76b7aecb1d4383a65b4a3.jpg,1,1,0.9999,0.216,0.004,0.05,4.123,4.458,25.919,2.716,39.086
FireSmokeVideoNEW90_f17_jpg.rf.c8ccb79fa9c2c104c44cca93d5de21de.jpg,1,1,1.0,0.217,0.004,0.084,8.456,5.405,23.463,1.478,40.553
FireSmokeVideoNEW90_f19_jpg.rf.613de41d6647cd63a2b9fe063c105ce9.jpg,1,1,1.0,0.213,0.005,0.048,3.11,1.05,31.547,2.785,40.591
FireSmokeVideoNEW90_f27_jpg.rf.2c40784cb40c7c2cef427bbb81a7c391.jpg,1,1,1.0,0.225,0.004,0.054,2.67,5.661,20.109,1.404,31.857
FireSmokeVideoNEW90_f6_jpg.rf.c10be0b48cd321d5a8a2a5dc3f553d3f.jpg,1,1,0.9866,0.222,0.004,0.098,5.282,1.009,21.349,3.756,33.166
FireSmokeVideoNEW93_f0_jpg.rf.ecd538ef73aa82fe82414b73f93480d0.jpg,1,1,0.9947,0.23,0.005,0.054,2.477,1.372,26.806,1.439,33.933
FireSmokeVideoNEW93_f16_jpg.rf.50e2056869bf72284714d466abcc3b71.jpg,1,1,0.8384,0.222,0.004,0.051,2.789,0.999,18.402,1.345,25.236
FireSmokeVideoNEW93_f18_jpg.rf.4bc8731fed1d0bf7fd60efdcedb231c3.jpg,1,1,0.9974,0.242,0.004,0.051,2.563,4.947,18.416,1.304,29.007
FireSmokeVideoNEW93_f29_jpg.rf.c7408f86cfc41eb503e26760771051c0.jpg,1,1,0.9696,0.216,0.004,0.051,2.827,3.216,26.868,1.369,35.978
FireSmokeVideoNEW93_f30_jpg.rf.764d70fe8c4c3ae0ff9d8cf21ee12043.jpg,1,1,1.0,0.25,0.005,0.048,5.481,3.128,19.815,1.239,31.369
FireSmokeVideoNEW93_f32_jpg.rf.cdd491ec773c398ae162b8b88947407c.jpg,1,1,1.0,0.209,0.004,0.049,4.885,3.533,18.436,1.276,29.795
FireSmokeVideoNEW93_f35_jpg.rf.831bfa9e004cf24662687b26f9fc7bbc.jpg,1,1,0.9999,0.21,0.004,0.048,6.559,4.131,28.699,3.864,44.945
FireSmokeVideoNEW93_f37_jpg.rf.43b0fc2c5a8f5b9e415acf2eb0a44e8f.jpg,1,1,0.9999,0.213,0.004,0.051,4.66,2.041,19.998,1.539,30.082
FireSmokeVideoNEW93_f3_jpg.rf.74a94968f2fa218b63e4e3cc7c1237ed.jpg,1,1,0.9996,0.214,0.004,0.052,5.314,4.193,27.177,6.409,45.948
FireSmokeVideoNEW93_f45_jpg.rf.7bbe8f6ef0640bd95f084b3308535460.jpg,1,1,1.0,0.225,0.005,0.054,3.093,0.942,25.692,2.22,33.641
FireSmokeVideoNEW93_f48_jpg.rf.68441a36977d0c1b506d13bb4bc73be3.jpg,1,1,1.0,0.225,0.004,0.052,2.596,6.55,20.944,2.73,34.495
FireSmokeVideoNEW93_f4_jpg.rf.983a14d28244c467fc317111087e628f.jpg,1,1,0.9991,0.225,0.005,0.052,9.021,3.708,26.669,1.393,42.583
FireSmokeVideoNEW93_f55_jpg.rf.a2c30d3a32c20b99db2b4c3ac0b4297e.jpg,1,1,1.0,0.216,0.005,0.051,4.278,4.315,32.614,3.111,46.388
FireSmokeVideoNEW93_f5_jpg.rf.761ac75e0e1983c5da2f88ea0d3fc8de.jpg,1,1,0.9983,0.229,0.005,0.056,9.168,2.835,28.545,4.629,47.234
FireSmokeVideoNEW93_f67_jpg.rf.3a5cd480f12a38d7997e5fbc779cac82.jpg,1,1,0.9983,0.302,0.005,0.061,2.947,1.152,20.565,1.443,28.157
FireSmokeVideoNEW93_f6_jpg.rf.26bfc3792d1663a194ceffc2c8742ee3.jpg,1,1,0.9999,0.226,0.005,0.056,4.711,1.126,26.42,1.817,35.919
FireSmokeVideoNEW93_f71_jpg.rf.4ccc78c6d53dfcac78d807fa7e564346.jpg,1,1,1.0,0.219,0.005,0.05,5.651,5.048,27.679,5.56,45.658
FireSmokeVideoNEW93_f73_jpg.rf.e4178d797313f2f5fbf1d60a9ec4becf.jpg,1,1,1.0,0.234,0.005,0.058,6.781,4.614,18.445,1.522,33.18
FireSmokeVideoNEW93_f75_jpg.rf.7e4dcddadd2cc56f63bd162c9e15f181.jpg,1,1,1.0,0.228,0.005,0.052,2.976,1.039,25.358,1.416,32.638
FireSmokeVideoNEW98_f3_jpg.rf.f7b81ad20d48fc774206f313091cb551.jpg,1,1,0.9618,0.211,0.005,0.049,2.371,1.358,22.536,1.379,29.335
FireSmokeVideoNEW98_f5_jpg.rf.81e8bb5998c4a94c0bc81f47fe363e0f.jpg,1,1,0.8675,0.207,0.005,0.045,2.836,0.953,31.312,1.364,38.115
FireSmokeVideoNEW9_f11_jpg.rf.d5937d6ad8240f9ec038085c0ceb8116.jpg,1,1,0.9998,0.207,0.004,0.046,2.436,1.075,22.517,1.34,29.05
FireSmokeVideoNEW9_f18_jpg.rf.2987b1993f73055255ede2bb3de4c4c5.jpg,1,1,1.0,0.207,0.004,0.045,2.187,0.932,22.529,1.409,28.758
FireSmokeVideoNEW9_f20_jpg.rf.5af8728a36cbd1faa62b96370aff11b5.jpg,1,1,1.0,0.203,0.004,0.046,2.165,1.441,31.967,1.682,39.135
FireSmokeVideoNEW9_f22_jpg.rf.6335b077c393e21870b6c640818558e1.jpg,1,1,1.0,0.212,0.004,0.046,5.601,3.59,24.254,1.359,36.486
FireSmokeVideoNEW9_f26_jpg.rf.1df57b6fa3760b22e321f67fe0be8ef8.jpg,1,1,1.0,0.228,0.005,0.053,7.341,7.104,38.615,1.903,56.738
FireSmokeVideoNEW104_f0_jpg.rf.f38941ca7b50a50f4987ff402c110609.jpg,0,0,0.9996,0.24,0.005,0.051,7.087,1.15,22.555,1.616,34.403
FireSmokeVideoNEW104_f1_jpg.rf.63e1607e8da00040abe9170af6dc35cd.jpg,0,0,0.9999,0.232,0.004,0.048,10.388,3.498,29.708,1.552,47.14
FireSmokeVideoNEW104_f6_jpg.rf.1394a9059fb32e73077faeb60a5ba873.jpg,0,0,1.0,0.21,0.004,0.046,10.676,8.214,42.522,2.089,66.39
FireSmokeVideoNEW105_f1_jpg.rf.064a4c0288a48a850beea550023fdbc6.jpg,0,0,0.9994,0.214,0.004,0.046,10.768,6.987,22.936,1.806,44.235
FireSmokeVideoNEW105_f3_jpg.rf.11af0b8aa7e5a605a91b49b09e093199.jpg,0,0,0.6926,0.532,0.006,0.058,12.303,5.814,29.187,3.187,52.984
FireSmokeVideoNEW107_f37_jpg.rf.cc8301bfc1e2fc3b2b79e44f0ac98929.jpg,0,0,1.0,0.224,0.004,0.049,11.95,4.361,28.252,1.995,48.364
FireSmokeVideoNEW107_f41_jpg.rf.de58aa9a22208465e73ae05ac3193d98.jpg,0,0,0.9945,0.241,0.005,0.056,10.5,6.759,31.908,2.061,53.035
FireSmokeVideoNEW107_f43_jpg.rf.1f46ccd61ccc8ce83db35d711ecb4bea.jpg,0,0,0.9992,0.289,0.004,0.053,8.602,4.633,26.373,1.945,43.351
FireSmokeVideoNEW107_f46_jpg.rf.556c3237893e435eaa208f88990e9ef1.jpg,0,0,1.0,0.236,0.005,0.059,8.879,6.538,22.939,6.95,47.097
FireSmokeVideoNEW107_f54_jpg.rf.4644d9c2b2c6d3fee105f2ef82fd4998.jpg,0,0,0.9839,0.225,0.005,0.051,13.341,14.147,25.222,1.966,56.491
FireSmokeVideoNEW107_f57_jpg.rf.fae2a73f41a575268f85d3111d7b2c92.jpg,0,0,0.9369,0.234,0.005,0.051,18.062,8.226,35.011,2.548,65.774
FireSmokeVideoNEW107_f59_jpg.rf.026bbe8626b5578d93329b2db4fa9402.jpg,0,0,0.6494,0.245,0.004,0.053,15.266,7.061,23.775,1.712,49.884
FireSmokeVideoNEW107_f64_jpg.rf.244f9975df3feacfa28ff036a6fafc53.jpg,0,0,0.987,0.247,0.005,0.057,11.123,5.958,19.2,1.507,39.908
FireSmokeVideoNEW107_f67_jpg.rf.c49f54560d495c9598599c65ad340067.jpg,0,0,0.9998,0.225,0.005,0.05,10.225,8.39,25.564,2.267,48.194
FireSmokeVideoNEW107_f72_jpg.rf.499f047f2f4b0bda75d65908e53370de.jpg,0,0,0.9996,0.219,0.004,0.047,9.147,6.924,25.983,1.489,45.538
FireSmokeVideoNEW107_f86_jpg.rf.777704182a6a80b6411e9aff725043d0.jpg,0,0,0.9986,0.226,0.005,0.052,7.876,3.296,18.501,1.368,32.713
FireSmokeVideoNEW108_f36_jpg.rf.dcefdeb0de8b64832e93a6b99de7289b.jpg,0,0,1.0,0.214,0.004,0.048,6.39,1.44,25.199,1.504,36.318
FireSmokeVideoNEW109_f67_jpg.rf.57eaca20b02c349d304b37f08712ab9e.jpg,0,0,0.7886,0.207,0.004,0.144,7.773,4.162,24.523,3.078,42.373
FireSmokeVideoNEW10_f12_jpg.rf.2eae48f630c1c0193e2ef4cb4e6f4ff6.jpg,0,0,1.0,0.217,0.004,0.049,9.811,3.493,27.735,1.455,44.595
FireSmokeVideoNEW10_f14_jpg.rf.0cea4ec15ad93560e37aedc69c33eff3.jpg,0,0,1.0,0.215,0.005,0.049,7.304,3.295,18.445,1.395,32.327
FireSmokeVideoNEW10_f16_jpg.rf.31696eae6e003edea279b761b4390075.jpg,0,0,1.0,0.209,0.005,0.044,6.925,1.082,26.792,1.429,38.209
FireSmokeVideoNEW10_f20_jpg.rf.4f1c66d77047ae6e5bad70288ada6868.jpg,0,0,0.9419,0.226,0.005,0.05,14.233,5.951,31.493,6.03,60.005
FireSmokeVideoNEW10_f9_jpg.rf.964fd783f3c44e3cf484cb44c5e7eb3a.jpg,0,0,1.0,0.388,0.005,0.048,10.922,5.49,25.602,6.414,50.658
FireSmokeVideoNEW110_f70_jpg.rf.7cb92ca6cc4d4ad99fac463a2e4b1f69.jpg,0,0,1.0,0.249,0.005,0.06,14.569,10.24,30.428,1.862,58.921
FireSmokeVideoNEW110_f72_jpg.rf.942ec348686624217e65325d78ad6d79.jpg,0,0,0.9999,0.248,0.005,0.054,12.024,13.971,25.836,3.351,59.344
FireSmokeVideoNEW111_f61_jpg.rf.958fb3f1ca3de1a388d09ff31d3492cb.jpg,0,0,0.9997,0.249,0.004,0.056,9.867,1.252,30.692,1.478,45.209
FireSmokeVideoNEW111_f63_jpg.rf.87908f4f677900101a4389b753e25d14.jpg,0,0,0.9999,0.222,0.004,0.049,10.578,10.484,29.091,1.892,54.109
FireSmokeVideoNEW113_f0_jpg.rf.64ad130f3afce40d98d717526b192d24.jpg,0,0,0.9936,0.211,0.004,0.047,14.933,8.706,30.358,4.801,60.717
FireSmokeVideoNEW113_f14_jpg.rf.e80870bda9d84eb83bdd360a959ee02f.jpg,0,0,0.9977,0.411,0.004,0.053,15.033,5.087,26.397,5.38,54.002
FireSmokeVideoNEW113_f1_jpg.rf.e426bd569f3a8f2c8c073936261c666f.jpg,0,0,0.9991,0.255,0.006,0.062,11.492,5.795,23.722,1.512,44.604
FireSmokeVideoNEW113_f23_jpg.rf.deabb7e1e724b4345d1e7951e202ea44.jpg,0,0,0.9984,0.225,0.005,0.048,11.178,5.341,29.85,2.829,50.981
FireSmokeVideoNEW113_f34_jpg.rf.e84c48b0432893e05397860d769ff647.jpg,0,0,1.0,0.234,0.005,0.053,11.785,5.695,31.363,2.066,52.844
FireSmokeVideoNEW113_f38_jpg.rf.d3f2132888b62bc6d7ad266bdb6ad6bc.jpg,0,0,1.0,0.213,0.004,0.046,13.039,6.356,25.935,3.034,50.288
FireSmokeVideoNEW113_f3_jpg.rf.82bb90bd3d0267d8e6045820916cd565.jpg,0,0,0.996,0.258,0.004,0.048,10.268,6.633,28.385,2.596,49.961
FireSmokeVideoNEW113_f41_jpg.rf.479a0376f42c153bc784faf91e059bf6.jpg,0,0,1.0,0.211,0.004,0.048,11.026,3.982,28.574,4.094,49.55
FireSmokeVideoNEW113_f43_jpg.rf.c97f0efc50fc406abeef5751198b195d.jpg,0,0,1.0,0.233,0.005,0.06,10.439,4.503,25.231,1.985,44.303
FireSmokeVideoNEW113_f47_jpg.rf.b7c82296e081c18e509ed765e11cf527.jpg,0,0,1.0,0.239,0.005,0.055,10.804,4.673,25.403,1.733,44.416
FireSmokeVideoNEW113_f49_jpg.rf.e97df0162836b03c72aae5d219f19846.jpg,0,1,0.9992,0.23,0.005,0.051,12.48,5.219,25.567,1.635,47.081
FireSmokeVideoNEW113_f50_jpg.rf.af1411ee4d7f972917db27496a3d28c6.jpg,0,1,0.9995,0.242,0.005,0.049,10.785,4.284,24.935,1.771,43.608
FireSmokeVideoNEW113_f57_jpg.rf.367d116711c51593db8d52d878bcd9cf.jpg,0,1,0.9752,0.227,0.005,0.049,9.254,1.825,25.144,1.639,39.58
FireSmokeVideoNEW113_f5_jpg.rf.56e7a8fe3f1996fa4f5b425d869ef58c.jpg,0,0,0.994,0.219,0.004,0.046,14.126,11.584,23.204,2.367,53.131
FireSmokeVideoNEW114_f1_jpg.rf.cf044e592fb83b50e048cce22f4e9e6a.jpg,0,0,0.9999,0.236,0.004,0.054,12.939,9.279,25.506,1.722,51.498
FireSmokeVideoNEW114_f23_jpg.rf.3366618b5cd0b38698a5549e35f37769.jpg,0,0,1.0,0.251,0.005,0.054,11.692,8.673,26.396,1.505,50.548
FireSmokeVideoNEW114_f33_jpg.rf.438eae9e97228cbe711b15eed9716f40.jpg,0,0,0.9999,0.231,0.005,0.053,14.473,8.875,24.693,2.121,52.087
FireSmokeVideoNEW114_f52_jpg.rf.3ef8a0e9a642bcee584f57e450499ee9.jpg,0,0,0.999,0.234,0.005,0.056,14.992,2.161,28.527,2.246,49.854
FireSmokeVideoNEW114_f63_jpg.rf.0018c16b62a065ab98bbae501ef249d1.jpg,0,0,0.9987,0.208,0.004,0.046,7.691,7.197,20.973,1.541,39.144
FireSmokeVideoNEW114_f78_jpg.rf.60c9ec22b30b533e55007538edd2cd0a.jpg,0,0,1.0,0.227,0.005,0.051,12.057,10.556,23.466,1.598,49.597
FireSmokeVideoNEW123_f86_jpg.rf.99d60f8b84aaf644e4ab3eb9004e6457.jpg,0,0,0.9969,0.232,0.005,0.051,13.513,10.856,26.706,1.531,54.726
FireSmokeVideoNEW131_f29_jpg.rf.a3a4ab64b1971b295c5093754ce6f3eb.jpg,0,0,0.9999,0.235,0.005,0.056,6.621,3.872,24.001,1.615,38.251
FireSmokeVideoNEW133_f0_jpg.rf.18731e698dcb15c89fe9d9a7fa357187.jpg,0,0,0.8291,0.215,0.004,0.047,6.278,9.214,21.222,1.489,39.946
FireSmokeVideoNEW133_f14_jpg.rf.c0ef040277238c405f94c45269640413.jpg,0,0,1.0,0.541,0.005,0.048,10.076,8.594,23.899,1.804,47.212
FireSmokeVideoNEW133_f16_jpg.rf.675b515ca2741a0eab5600d3b6b8ec37.jpg,0,0,1.0,0.215,0.004,0.049,14.384,5.045,26.954,1.899,50.114
FireSmokeVideoNEW133_f1_jpg.rf.e08148c34f177fdfc0855076800bfcc2.jpg,0,0,0.8633,0.323,0.018,0.05,9.828,2.065,26.799,1.641,42.405
FireSmokeVideoNEW133_f21_jpg.rf.89cf1761a3a8f737819224e48be710eb.jpg,0,0,1.0,0.213,0.005,0.049,6.616,6.125,20.564,1.544,36.68
FireSmokeVideoNEW133_f24_jpg.rf.7a96dbf3abbf336117a803fd29880d72.jpg,0,0,1.0,0.219,0.004,0.047,9.263,1.612,25.998,2.183,41.419
FireSmokeVideoNEW133_f26_jpg.rf.4c8adf184421836917a99f3244a2e8b1.jpg,0,0,1.0,0.213,0.004,0.049,13.41,10.957,22.898,1.697,50.944
FireSmokeVideoNEW133_f28_jpg.rf.9be526a6cd44573e70c5e324f97f07e8.jpg,0,0,1.0,0.228,0.005,0.051,13.538,8.407,26.264,1.936,51.881
FireSmokeVideoNEW133_f30_jpg.rf.7a61a8452694df4e1b8eb7f76edd6206.jpg,0,0,1.0,0.258,0.005,0.062,12.397,7.804,26.863,1.895,50.877
FireSmokeVideoNEW133_f35_jpg.rf.32a41bc0e615129339748a31e63c31b8.jpg,0,0,1.0,0.243,0.005,0.058,12.195,6.085,27.746,1.797,49.638
FireSmokeVideoNEW133_f45_jpg.rf.bf0fa4a99b1351103ce59df4271296f6.jpg,0,0,0.9983,0.238,0.005,0.055,12.197,8.656,26.528,1.807,51.005
FireSmokeVideoNEW133_f47_jpg.rf.7e6771aa04cd95731ed20a2a0887b600.jpg,0,0,0.8142,0.23,0.005,0.049,12.536,4.235,20.822,1.42,40.774
FireSmokeVideoNEW133_f52_jpg.rf.a9287d410aca47cb65187bb40b99489f.jpg,0,0,0.818,0.285,0.005,0.056,11.603,4.227,21.785,1.502,41.282
FireSmokeVideoNEW133_f54_jpg.rf.de6a5526bf8e4c304c24aa01a61a0691.jpg,0,0,0.9417,0.229,0.004,0.05,7.609,2.396,24.692,1.631,38.17
FireSmokeVideoNEW133_f60_jpg.rf.a1a3fc738a9ffd65b6bd91b2d4a2a7ba.jpg,0,0,0.9471,0.231,0.004,0.059,10.354,8.634,24.132,2.419,47.86
FireSmokeVideoNEW133_f65_jpg.rf.19a6259c062255ee2fcaf9ce8237cdc9.jpg,0,0,0.9344,0.238,0.005,0.053,11.345,9.596,25.198,2.653,51.074
FireSmokeVideoNEW133_f6_jpg.rf.3bb32108cb527deecf2ba02db67d7158.jpg,0,0,1.0,0.251,0.005,0.046,12.247,4.379,25.576,1.663,45.686
FireSmokeVideoNEW133_f72_jpg.rf.edcd60e5a9d9d28d5802a50f156aa91a.jpg,0,0,0.9978,0.247,0.005,0.058,8.693,3.338,24.238,1.541,40.18
FireSmokeVideoNEW133_f75_jpg.rf.44d394c4ee044f0263703d04c2017319.jpg,0,0,0.9999,0.228,0.004,0.053,12.694,7.609,25.454,1.716,49.365
FireSmokeVideoNEW138_f24_jpg.rf.e7dac7d8bba04efdaf96bbedbfb0c17c.jpg,0,0,1.0,0.221,0.004,0.048,15.799,9.822,25.108,1.853,54.74
FireSmokeVideoNEW138_f3_jpg.rf.e59cf2df641ee8f4a4b7a8486a277817.jpg,0,0,1.0,0.235,0.005,0.053,9.253,3.369,23.721,1.706,40.032
FireSmokeVideoNEW138_f50_jpg.rf.0ed3e238da95d17eddb4a56c8239722d.jpg,0,0,0.9835,0.233,0.005,0.051,10.628,6.171,25.975,1.896,46.391
FireSmokeVideoNEW138_f55_jpg.rf.8692714e7ca4fce394cbde4c9b0768f4.jpg,0,0,0.9999,0.234,0.004,0.053,10.187,3.805,28.349,1.763,46.01
FireSmokeVideoNEW138_f57_jpg.rf.2340c76a46752bec89de2c8dfe4e182e.jpg,0,0,0.9304,0.235,0.005,0.051,12.351,7.352,26.764,1.866,50.214
FireSmokeVideoNEW138_f66_jpg.rf.217b9cf06ce30964ef36b6378b0d8f09.jpg,0,0,1.0,0.278,0.005,0.055,11.644,3.002,21.562,3.012,41.6
FireSmokeVideoNEW138_f72_jpg.rf.7992a3ca30811d3fbefd37f1c8c0e236.jpg,0,0,0.9966,0.231,0.005,0.053,9.508,7.055,21.745,1.581,41.93
FireSmokeVideoNEW138_f87_jpg.rf.a1a1d0b32449cfbe2da04181bf56f099.jpg,0,0,0.6977,0.237,0.005,0.055,14.601,4.787,25.143,3.227,49.869
FireSmokeVideoNEW138_f89_jpg.rf.39f1903062709d554e614773c128ec01.jpg,0,1,0.9121,0.22,0.004,0.047,13.245,8.092,21.292,3.765,48.783
FireSmokeVideoNEW138_f98_jpg.rf.3d89dba42d1d2087cd0d1067f86dc0a4.jpg,0,0,0.9786,0.211,0.004,0.046,16.66,7.667,22.889,4.245,53.196
FireSmokeVideoNEW139_f11_jpg.rf.4f1394a2391bb7f8b23547e415daccca.jpg,0,0,0.9936,0.21,0.004,0.048,16.717,8.28,23.681,3.041,53.618
FireSmokeVideoNEW139_f13_jpg.rf.2c6a24cf2aba98120ffbbdf73ec65122.jpg,0,0,0.9999,0.219,0.005,0.051,12.384,4.717,26.908,1.665,47.418
FireSmokeVideoNEW139_f15_jpg.rf.52c4affd03ce1856f9ba11cd0f50363c.jpg,0,0,0.9998,0.253,0.005,0.057,13.726,7.744,25.816,2.059,51.42
FireSmokeVideoNEW139_f7_jpg.rf.4622bbeb672b9d0f658de7b4a192bc27.jpg,0,0,0.9997,0.236,0.005,0.056,14.346,12.381,25.099,1.934,55.83
FireSmokeVideoNEW139_f9_jpg.rf.a2676f6df6e7eb7729031d2e2dad0ca3.jpg,0,0,0.906,0.25,0.005,0.059,17.033,8.021,24.373,1.669,53.116
FireSmokeVideoNEW141_f11_jpg.rf.73cf5a40761c0014fbd5c35ebf83aa45.jpg,0,0,1.0,0.24,0.004,0.048,9.127,9.279,24.937,1.893,47.219
FireSmokeVideoNEW141_f22_jpg.rf.d85fd254cfa43d224ad1b669783fd679.jpg,0,0,1.0,0.214,0.004,0.045,9.438,9.022,23.277,1.49,45.664
FireSmokeVideoNEW141_f26_jpg.rf.283da917093a70ddfef4070c0df63819.jpg,0,0,1.0,0.226,0.004,0.051,11.396,1.564,22.375,1.552,38.671
FireSmokeVideoNEW141_f35_jpg.rf.fb7bf34a7cb1271f578cf69f6eaf4b46.jpg,0,0,1.0,0.215,0.004,0.048,10.791,11.055,21.969,2.731,48.295
FireSmokeVideoNEW141_f44_jpg.rf.7588a5674fa796e2bf93928970dd5a6c.jpg,0,0,1.0,0.233,0.004,0.057,12.969,7.996,21.964,2.587,47.492
FireSmokeVideoNEW141_f54_jpg.rf.376afc4c31715655b5a25d8e89fb9cc9.jpg,0,0,1.0,0.388,0.004,0.062,12.505,10.663,22.835,4.041,53.098
FireSmokeVideoNEW145_f12_jpg.rf.bfa6ecea511c415c863544a108f25b2b.jpg,0,1,0.6691,0.221,0.004,0.051,9.994,2.405,21.312,1.539,37.411
FireSmokeVideoNEW145_f15_jpg.rf.01ed9bc8697dfaa658637d4bdcdb465e.jpg,0,1,0.6252,0.209,0.004,0.046,12.509,4.46,26.355,2.186,47.53
FireSmokeVideoNEW145_f17_jpg.rf.8ad859dfeb2dacc154aa7be5cd18db9a.jpg,0,1,0.7296,0.237,0.004,0.056,10.752,5.579,22.145,1.495,41.88
FireSmokeVideoNEW145_f2_jpg.rf.7d67296bc581f3d543d39070f67d5e5b.jpg,0,1,0.6829,0.243,0.005,0.511,12.437,7.858,26.251,1.681,50.77
FireSmokeVideoNEW145_f4_jpg.rf.dd0fb19773528e50b2d252c0ae1821a1.jpg,0,0,0.8487,0.245,0.005,0.058,9.979,7.359,22.506,4.167,45.833
FireSmokeVideoNEW145_f70_jpg.rf.35967a4f68971ca1a880debf6cc05479.jpg,0,0,0.996,0.221,0.004,0.048,12.888,6.916,21.061,2.833,45.399
FireSmokeVideoNEW146_f102_jpg.rf.d492f5de6048aee20c269b9489b62550.jpg,0,0,0.9906,0.216,0.004,0.093,13.09,6.083,21.31,2.017,44.917
FireSmokeVideoNEW146_f104_jpg.rf.bb75589e20c57f1dac406a679b2c4c34.jpg,0,0,0.9791,0.227,0.005,0.049,8.788,6.424,21.963,1.652,40.788
FireSmokeVideoNEW14_f31_jpg.rf.a6bd074c897424b345df3c0d80c8472a.jpg,0,0,1.0,0.233,0.004,0.054,9.316,4.451,21.495,4.271,41.683
FireSmokeVideoNEW14_f34_jpg.rf.b7d71699bd96b5f195ff31eed9af64b9.jpg,0,0,0.9958,0.218,0.004,0.05,7.839,5.863,27.2,1.678,44.532
FireSmokeVideoNEW14_f48_jpg.rf.615cbe65e58c980a44db492e4adba02b.jpg,0,0,1.0,0.228,0.004,0.052,9.62,7.376,25.529,5.883,50.732
FireSmokeVideoNEW14_f50_jpg.rf.8c05edbf34c262f9609f1aefcb3e784b.jpg,0,0,1.0,0.24,0.005,0.056,10.956,7.594,22.194,1.476,44.15
FireSmokeVideoNEW14_f52_jpg.rf.040fbb53952c8cf3eb05257d5d59ffb2.jpg,0,0,0.9999,0.231,0.005,0.053,7.523,5.472,20.483,2.91,38.371
FireSmokeVideoNEW14_f54_jpg.rf.284fdffd467ae8226f2514f39a0f03a8.jpg,0,0,1.0,0.229,0.005,0.053,10.522,3.122,22.413,1.55,39.775
FireSmokeVideoNEW14_f56_jpg.rf.805f1c6f0d731bc267bcb78f5dd8613c.jpg,0,0,1.0,0.213,0.004,0.045,7.652,5.866,21.782,4.037,41.056
FireSmokeVideoNEW14_f58_jpg.rf.5255e436aa76a3c0a514d23752f4aecc.jpg,0,0,0.9999,0.218,0.004,0.05,8.56,6.55,24.711,1.627,43.174
FireSmokeVideoNEW14_f70_jpg.rf.aebdcbd5a96886fd2b263e6c38a28f54.jpg,0,0,0.598,0.218,0.004,0.049,11.012,3.668,24.462,1.565,42.406
FireSmokeVideoNEW14_f80_jpg.rf.d8f9bed0c2a0c2ccd8de093597e2cfb2.jpg,0,0,0.8968,0.211,0.004,0.046,8.111,4.132,27.839,5.741,47.527
FireSmokeVideoNEW152_f12_jpg.rf.bbbe1b5b3c91e3c832a521e8ad2a8981.jpg,0,0,0.9955,0.216,0.004,0.046,8.408,2.662,24.631,1.72,39.806
FireSmokeVideoNEW152_f23_jpg.rf.83dd2175450efa7a2b61106b515ca317.jpg,0,0,0.9998,0.227,0.004,0.046,5.741,5.456,23.337,1.306,40.397
FireSmokeVideoNEW152_f2_jpg.rf.0fa1d92f8ce6d7d0ef48c78928e91796.jpg,0,0,0.9516,0.212,0.004,0.046,10.34,5.787,21.086,3.951,43.209
FireSmokeVideoNEW157_f48_jpg.rf.dc8ccdfd4e9375142054cff7d0ba0165.jpg,0,0,1.0,0.233,0.005,0.054,8.715,4.251,27.686,1.742,44.321
FireSmokeVideoNEW157_f68_jpg.rf.07fb0c009d78412ac43bcc20d211eba0.jpg,0,0,1.0,0.227,0.004,0.05,8.751,6.662,21.153,4.297,42.814
FireSmokeVideoNEW159_f28_jpg.rf.45115b0ae08dc6a6022b39f7487df2fc.jpg,0,0,1.0,0.236,0.005,0.056,9.327,5.291,22.703,2.388,43.41
FireSmokeVideoNEW159_f36_jpg.rf.e0c399bd3b6f812595c1d839d6f4495a.jpg,0,0,1.0,0.23,0.004,0.053,8.608,7.187,27.256,3.339,48.369
FireSmokeVideoNEW160_f132_jpg.rf.7ce27c0b807a035415178554ae865455.jpg,0,0,0.9998,0.262,0.006,0.062,6.463,3.224,24.16,1.648,38.132
FireSmokeVideoNEW160_f179_jpg.rf.f8bca75f291b224cb3a0368e85ea206a.jpg,0,1,0.7283,0.227,0.004,0.054,10.163,3.453,20.784,1.727,38.001
FireSmokeVideoNEW160_f182_jpg.rf.5ad244f4a2004bd04f80d7b88edc7b37.jpg,0,1,0.7467,0.224,0.005,0.053,9.416,4.128,25.678,4.237,45.171
FireSmokeVideoNEW167_f25_jpg.rf.66ae7015edf696c31788066c37815460.jpg,0,0,1.0,0.222,0.004,0.049,11.353,7.278,25.192,3.046,48.699
FireSmokeVideoNEW168_f32_jpg.rf.9bf96271f38fc77d55c61d5030a59ad0.jpg,0,0,0.9998,0.226,0.004,0.053,8.464,6.393,22.103,1.611,40.338
FireSmokeVideoNEW168_f35_jpg.rf.344f9a485501035ee6f2ad4a8aee5fda.jpg,0,0,0.9876,0.234,0.005,0.055,7.936,6.745,21.213,4.12,41.884
FireSmokeVideoNEW173_f1_jpg.rf.b8d91ed334fc3865091a43a6a1d74364.jpg,0,0,0.8023,0.242,0.005,0.054,11.569,6.937,21.353,1.528,43.206
FireSmokeVideoNEW174_f14_jpg.rf.20fa8cef6b13cc5e437e36ea2ecc8c0d.jpg,0,0,1.0,0.263,0.005,0.061,16.157,6.68,26.927,1.828,53.684
FireSmokeVideoNEW174_f21_jpg.rf.1e32dfe88e5b1e1315c5b3c44b55da60.jpg,0,0,0.9999,0.205,0.004,0.045,12.684,4.904,26.074,2.0,47.48
FireSmokeVideoNEW174_f27_jpg.rf.16ff80f4c7864c40c3bdd663830a83af.jpg,0,0,1.0,0.259,0.005,0.053,10.706,4.623,28.708,2.448,48.317
FireSmokeVideoNEW174_f3_jpg.rf.2bc73bc5168eef2ac8d65f93c8588cee.jpg,0,0,1.0,0.249,0.005,0.055,10.669,7.866,24.901,3.354,48.642
FireSmokeVideoNEW174_f9_jpg.rf.ce3e731b6125e7839516f998ba5fd615.jpg,0,0,0.9999,0.246,0.005,0.056,11.208,5.614,20.852,1.522,40.99
FireSmokeVideoNEW175_f1_jpg.rf.b7755e6ebe9f220eda9f33dafd398efd.jpg,0,0,1.0,0.225,0.005,0.048,10.959,4.828,32.981,2.077,53.465
FireSmokeVideoNEW181_f246_jpg.rf.c4e8f0606306cf812ead99d7317a3dac.jpg,0,0,0.9606,0.232,0.005,0.055,13.578,10.641,25.733,5.935,58.163
FireSmokeVideoNEW181_f3_jpg.rf.564525a050a1471684d3e0dce6b12093.jpg,0,0,1.0,0.216,0.004,0.048,13.496,11.945,30.489,1.535,59.295
FireSmokeVideoNEW181_f5_jpg.rf.4f32f5e7b553b2046f9ea1c3710aa953.jpg,0,0,1.0,0.514,0.005,0.06,11.182,4.94,29.869,1.764,49.847
FireSmokeVideoNEW181_f8_jpg.rf.d4f8544e21508a6a376c9eed7b3fd1c4.jpg,0,0,1.0,0.243,0.005,0.056,10.707,5.894,33.31,1.853,54.049
FireSmokeVideoNEW185_f103_jpg.rf.834fd34179153dc3cf5b3376c931bd02.jpg,0,0,0.9997,0.413,0.005,0.057,10.975,8.682,28.874,1.84,52.48
FireSmokeVideoNEW185_f105_jpg.rf.5c53bd00784e65125825c0ae9e72866e.jpg,0,0,1.0,0.267,0.004,0.108,12.004,9.424,31.012,1.583,55.872
FireSmokeVideoNEW185_f11_jpg.rf.7fe150b7626c710cda79dce605f3a053.jpg,0,0,1.0,0.292,0.004,0.049,16.102,11.434,23.522,1.592,55.053
FireSmokeVideoNEW185_f13_jpg.rf.a9a77212e1e05b2bed7914de92edebf4.jpg,0,0,1.0,0.227,0.005,0.052,15.279,7.986,29.408,1.514,56.029
FireSmokeVideoNEW185_f142_jpg.rf.8a2f2852b31e3f1ec77473138afa5b07.jpg,0,0,0.7951,0.224,0.005,0.053,17.442,9.361,21.392,1.594,51.646
FireSmokeVideoNEW185_f154_jpg.rf.6b8964700ae914f8770debcf03f1fa96.jpg,0,0,0.9998,0.226,0.005,0.052,15.639,8.796,35.126,1.966,63.338
FireSmokeVideoNEW185_f16_jpg.rf.9a7a2c17026407b6f8ae3721f463bea0.jpg,0,0,1.0,0.226,0.005,0.055,12.328,3.426,28.678,2.18,48.498
FireSmokeVideoNEW185_f18_jpg.rf.d7340a22f5b42d1f5daf3df0dd737ed7.jpg,0,0,0.9999,0.264,0.005,0.066,8.792,5.998,24.218,6.202,47.061
FireSmokeVideoNEW185_f1_jpg.rf.9cbb22bfee650e45eb5c993c0ec604f0.jpg,0,0,0.9998,0.23,0.005,0.052,8.701,6.236,26.517,3.477,46.776
FireSmokeVideoNEW185_f21_jpg.rf.97e9aaef5e151b6c1d8a47b5a39a3851.jpg,0,0,0.9999,0.227,0.005,0.05,10.248,7.898,28.553,1.534,50.156
FireSmokeVideoNEW185_f26_jpg.rf.74bb295ea9c3a4d2a445209c908d149c.jpg,0,0,0.9998,0.211,0.004,0.047,12.121,4.572,28.55,2.794,49.918
FireSmokeVideoNEW185_f28_jpg.rf.94c9d63f5a41228899bb4b27af54e6e6.jpg,0,0,0.9995,0.222,0.004,0.05,10.392,9.661,30.519,2.961,55.642
FireSmokeVideoNEW185_f2_jpg.rf.1be8f603fac11632f8289730c2ea3981.jpg,0,0,0.9997,0.244,0.004,0.058,12.013,8.932,28.152,1.664,52.573
FireSmokeVideoNEW185_f31_jpg.rf.20d3ef9f5f7aed09171c587cf787efa3.jpg,0,0,1.0,0.215,0.004,0.045,12.506,6.089,29.217,2.325,51.998
FireSmokeVideoNEW185_f33_jpg.rf.13bba24c675c337eb4e0d75ed2c6d59a.jpg,0,0,1.0,0.213,0.004,0.048,16.976,7.773,26.714,1.66,54.876
FireSmokeVideoNEW185_f37_jpg.rf.90b11c519e691fa641a221142e94b8e3.jpg,0,0,1.0,0.259,0.006,0.058,18.529,11.985,26.485,1.811,60.616
FireSmokeVideoNEW185_f39_jpg.rf.d40e85b937efa6ae5a731011f726d833.jpg,0,0,1.0,0.223,0.004,0.048,11.034,7.586,25.878,4.707,50.949
FireSmokeVideoNEW185_f41_jpg.rf.c976d09d85b00bcd5fae293ba78953cb.jpg,0,0,1.0,0.223,0.005,0.046,12.556,9.969,28.23,1.856,54.793
FireSmokeVideoNEW185_f43_jpg.rf.cf5abe863cf4e9707e6b343d59e4f211.jpg,0,0,1.0,0.247,0.005,0.054,19.254,10.723,28.249,1.865,62.741
FireSmokeVideoNEW185_f48_jpg.rf.40a7592afc13dbb433f59655b660a51e.jpg,0,0,1.0,0.236,0.006,0.054,10.111,8.913,27.479,1.609,49.859
FireSmokeVideoNEW185_f4_jpg.rf.840d0b8991f52e6353634a923cce911a.jpg,0,0,1.0,0.227,0.004,0.053,12.921,8.495,21.036,1.605,46.393
FireSmokeVideoNEW185_f54_jpg.rf.02217b94b12dcd2c1361d24b46a8edd9.jpg,0,0,0.9978,0.225,0.005,0.047,12.975,4.277,27.082,1.488,47.674
FireSmokeVideoNEW185_f56_jpg.rf.818e136234c271902dcf37c554407e5b.jpg,0,0,0.9888,0.221,0.004,0.051,12.23,7.86,29.615,1.505,53.032
FireSmokeVideoNEW185_f5_jpg.rf.849447cd7f762cbb18e9edb719adfc56.jpg,0,0,0.9999,0.279,0.005,0.055,10.232,10.216,29.077,1.504,53.006
FireSmokeVideoNEW185_f61_jpg.rf.9f26d8404eeb7cddb424f5cdb9a2dea9.jpg,0,0,0.5633,0.244,0.005,0.056,10.746,11.53,30.072,1.943,56.196
FireSmokeVideoNEW185_f63_jpg.rf.6e576502749efe6813e66694c6ac96d9.jpg,0,0,0.6751,0.235,0.004,0.051,8.263,2.56,35.775,1.972,50.586
FireSmokeVideoNEW185_f69_jpg.rf.db6c2e969febf2a815391951068bae2c.jpg,0,0,0.9999,0.232,0.005,0.053,9.369,5.782,27.5,3.191,47.702
FireSmokeVideoNEW185_f70_jpg.rf.e28c7f6fead896c59c1a05d3dadf15e5.jpg,0,0,0.9996,0.24,0.005,0.057,8.693,1.163,31.406,2.547,46.002
FireSmokeVideoNEW185_f74_jpg.rf.a3cbb5e5ef37719d9abc8ed9cb13f10e.jpg,0,0,0.9999,0.243,0.005,0.059,15.758,10.453,30.512,1.541,60.171
FireSmokeVideoNEW185_f76_jpg.rf.eff6abee6c5232efbeb0ffaa184ebb6d.jpg,0,0,1.0,0.213,0.005,0.046,15.436,7.707,27.948,4.701,57.913
FireSmokeVideoNEW185_f78_jpg.rf.8411f59f4794e43dea8fee3fd7e0be8f.jpg,0,0,1.0,0.237,0.004,0.049,13.489,6.919,23.515,3.909,49.619
FireSmokeVideoNEW185_f7_jpg.rf.52c412132fe5907b6a5e187fc8693d93.jpg,0,0,0.9992,0.218,0.005,0.053,10.462,6.671,29.008,1.661,49.64
FireSmokeVideoNEW185_f8_jpg.rf.b2f174a46bc664e05b2a000b1a539f0a.jpg,0,0,0.9999,0.245,0.005,0.058,14.626,5.402,21.892,2.867,46.745
FireSmokeVideoNEW186_f1_jpg.rf.9eaf3486dd5de321c58c13a8f3c0e10e.jpg,0,0,0.9789,0.25,0.005,0.09,11.891,8.556,30.389,1.907,54.943
FireSmokeVideoNEW186_f24_jpg.rf.35cb6036992c48df2555bef2057f0b53.jpg,0,0,0.9736,0.24,0.005,0.058,19.173,9.573,34.504,1.822,66.965
FireSmokeVideoNEW186_f3_jpg.rf.58728cf59ceb522c51dd6157ad6944bf.jpg,0,0,0.975,0.238,0.005,0.053,14.91,11.458,26.57,4.058,58.899
FireSmokeVideoNEW188_f53_jpg.rf.082a762c0e4cc9b0018de58486f89da2.jpg,0,0,1.0,0.217,0.005,0.049,16.212,6.962,22.777,4.447,52.924
FireSmokeVideoNEW191_f14_jpg.rf.8c0274a87d76e49504ea99085c3adcaa.jpg,0,0,0.6583,0.224,0.005,0.046,11.328,9.693,27.262,4.259,54.557
FireSmokeVideoNEW191_f17_jpg.rf.0b561906a11a7cb3708f59b9e5ea5285.jpg,0,1,0.7974,0.214,0.005,0.046,15.54,7.928,24.89,4.007,55.118
FireSmokeVideoNEW191_f3_jpg.rf.199e7b7c54089ad40dc08b6206796865.jpg,0,0,0.8418,0.227,0.005,0.052,16.003,8.032,27.832,3.903,57.908
FireSmokeVideoNEW191_f6_jpg.rf.c733105e5332e503fe2f91c9d2b0df7d.jpg,0,0,0.6794,0.231,0.005,0.055,13.867,8.127,30.082,1.726,55.881
FireSmokeVideoNEW193_f26_jpg.rf.810d17c9c2f0c19d3f82366a4641bffa.jpg,0,0,0.8034,0.242,0.005,0.056,14.882,10.066,25.412,3.982,56.238
FireSmokeVideoNEW193_f33_jpg.rf.9bd762994b1e0d1fa6d8fa924ced4d72.jpg,0,0,1.0,0.222,0.004,0.05,16.749,11.053,25.895,3.482,59.078
FireSmokeVideoNEW193_f37_jpg.rf.8351a8e46e2527901b0116eea4a67888.jpg,0,0,0.9503,0.228,0.004,0.052,17.892,10.167,28.925,1.84,60.663
FireSmokeVideoNEW194_f0_jpg.rf.bedc3bcac81b79f6421a12b83ca8292e.jpg,0,0,1.0,0.24,0.005,0.058,10.46,6.663,28.833,1.827,49.781
FireSmokeVideoNEW194_f11_jpg.rf.77f39c6b40eab453b277d95cf5de303e.jpg,0,0,0.9876,0.247,0.005,0.06,13.315,11.781,26.131,4.572,57.827
FireSmokeVideoNEW194_f13_jpg.rf.1a936489c44dd3ea6a426232555f6385.jpg,0,0,0.9999,0.234,0.004,0.056,13.216,5.315,23.576,2.074,46.105
FireSmokeVideoNEW194_f15_jpg.rf.958cda76fca7843a088129f35293e6bc.jpg,0,0,1.0,0.256,0.005,0.063,12.591,8.445,27.612,1.893,52.992
FireSmokeVideoNEW194_f17_jpg.rf.0af509bf3c4051407e9a2c323d36552d.jpg,0,0,1.0,0.254,0.005,0.064,13.263,10.226,35.452,6.359,67.316
FireSmokeVideoNEW194_f19_jpg.rf.0eaecfa3ade01642b349fa1fac2243d3.jpg,0,0,1.0,0.248,0.005,0.055,7.447,1.216,31.434,3.067,45.341
FireSmokeVideoNEW194_f20_jpg.rf.9c8d54f92010beefbf37f4971a0512d5.jpg,0,0,1.0,0.247,0.005,0.061,7.03,5.812,29.712,2.075,46.559
FireSmokeVideoNEW194_f22_jpg.rf.568fae5d24e9c604657b4e0b3210f521.jpg,0,0,0.9947,0.25,0.005,0.059,11.808,9.133,32.753,5.277,61.307
FireSmokeVideoNEW194_f24_jpg.rf.715ef729ffb473d071e4f4636696c5ea.jpg,0,0,0.707,0.239,0.005,0.056,12.17,4.747,27.505,2.956,49.132
FireSmokeVideoNEW194_f26_jpg.rf.07bffcdf632b597c877b6ebb07f7f903.jpg,0,0,0.5976,0.237,0.005,0.053,15.569,7.838,24.144,3.409,52.784
FireSmokeVideoNEW194_f28_jpg.rf.ad2eb6b3914b59cd334e04ddba2c9585.jpg,0,0,0.9852,0.224,0.005,0.052,11.151,7.548,26.459,5.961,52.965
FireSmokeVideoNEW194_f4_jpg.rf.33a7f5de9a08037605f3061fd9289762.jpg,0,0,1.0,0.221,0.006,0.049,14.626,6.707,25.223,1.792,50.779
FireSmokeVideoNEW194_f6_jpg.rf.8cca41d45e1b9d48be4b6e39b449b550.jpg,0,0,0.9995,0.238,0.005,0.056,13.357,2.865,27.841,1.49,47.621
FireSmokeVideoNEW194_f8_jpg.rf.1c8751d3993e5ef2ea8196810f6d337c.jpg,0,1,0.4167,0.227,0.005,0.052,8.839,6.459,32.586,3.958,53.679
FireSmokeVideoNEW198_f0_jpg.rf.a197c8cac401e59c22192d1555beb0e3.jpg,0,0,1.0,0.221,0.005,0.047,21.694,7.63,27.566,5.539,64.251
FireSmokeVideoNEW198_f21_jpg.rf.a2b8b5d44e8d06e56049adcccab34051.jpg,0,0,0.9997,0.213,0.004,0.046,13.492,10.214,26.883,1.931,54.625
FireSmokeVideoNEW198_f34_jpg.rf.dc59b6a3b8102f74895580de214bfb05.jpg,0,0,0.9999,0.231,0.005,0.05,13.758,6.78,32.898,1.929,57.133
FireSmokeVideoNEW198_f44_jpg.rf.5dd543728cb7054631cff884b6543c99.jpg,0,0,1.0,0.231,0.004,0.052,11.654,5.425,28.392,1.518,48.837
FireSmokeVideoNEW198_f53_jpg.rf.de8d1453cc5cc99b16dce8024a19a099.jpg,0,0,1.0,0.249,0.005,0.055,12.602,4.304,29.494,1.73,49.855
FireSmokeVideoNEW198_f5_jpg.rf.884199e8cf813521587bb72304469a91.jpg,0,0,1.0,0.249,0.005,0.059,9.313,4.4,33.989,1.756,51.641
FireSmokeVideoNEW198_f62_jpg.rf.f0f37f4fd52e11ec4c2c1dc4a6a1e84b.jpg,0,0,1.0,0.228,0.004,0.054,9.554,6.518,31.63,1.554,51.008
FireSmokeVideoNEW198_f76_jpg.rf.f975d49de39948662a604f3b8699ae17.jpg,0,0,1.0,0.223,0.005,0.051,11.945,6.017,29.794,1.629,51.228
FireSmokeVideoNEW199_f12_jpg.rf.49a41daf162adddafd342b71a52d065b.jpg,0,0,0.9994,0.22,0.004,0.047,11.267,8.35,29.634,1.978,53.057
FireSmokeVideoNEW199_f22_jpg.rf.8cdd9234d4536b401d4424786242eb42.jpg,0,0,1.0,0.224,0.004,0.049,14.598,4.06,29.482,4.668,55.002
FireSmokeVideoNEW199_f24_jpg.rf.008e48718432deea401ae6c22de5b75d.jpg,0,0,1.0,0.284,0.004,0.047,9.883,4.457,28.463,1.755,46.836
FireSmokeVideoNEW199_f38_jpg.rf.437998fd3a55f2321789262434449bcc.jpg,0,0,1.0,0.227,0.005,0.053,9.606,6.204,30.033,1.553,49.111
FireSmokeVideoNEW19_f10_jpg.rf.cf14bceef74bfc964ef994979cc85365.jpg,0,0,0.9571,0.23,0.005,0.052,8.233,4.014,30.185,3.839,48.489
FireSmokeVideoNEW19_f14_jpg.rf.0f8ded1e4755de812e6a69682afa2fdf.jpg,0,1,0.5236,0.225,0.005,0.051,8.319,8.045,25.668,1.605,45.417
FireSmokeVideoNEW19_f1_jpg.rf.8d3f142daa5385682ce49a400b014079.jpg,0,0,0.9831,0.222,0.004,0.049,13.356,6.729,30.499,1.798,54.294
FireSmokeVideoNEW19_f22_jpg.rf.ce3d1c80d56894bcf65024fa15dc5310.jpg,0,0,1.0,0.232,0.004,0.05,14.144,8.235,31.821,2.661,58.668
FireSmokeVideoNEW19_f25_jpg.rf.f697293980b11b6be600b4ac25288076.jpg,0,0,0.9981,0.221,0.004,0.049,11.545,7.639,30.372,1.915,53.305
FireSmokeVideoNEW19_f28_jpg.rf.870932a2658929b11f426603c6e76178.jpg,0,0,0.9999,0.223,0.004,0.054,14.778,5.762,28.509,1.909,52.852
FireSmokeVideoNEW19_f5_jpg.rf.4c01349c8f37322abb65548b065db87c.jpg,0,0,0.995,0.234,0.005,0.056,11.297,6.929,30.9,3.673,54.81
FireSmokeVideoNEW204_f48_jpg.rf.a6d888db8bc478f73df454d622b4af74.jpg,0,0,0.9999,0.252,0.005,0.06,14.853,6.774,24.817,6.02,54.543
FireSmokeVideoNEW204_f50_jpg.rf.ef08c4a49d4bce14c2100efb6049f535.jpg,0,0,0.998,0.265,0.006,0.069,11.427,5.082,27.335,3.146,49.489
FireSmokeVideoNEW204_f74_jpg.rf.5a3b99ac607f85f17c275ace5db8b56c.jpg,0,0,1.0,0.243,0.005,0.055,12.033,8.326,30.457,2.723,55.893
FireSmokeVideoNEW204_f76_jpg.rf.cf1ad84e2d9dff94bca8293370941b6b.jpg,0,0,1.0,0.238,0.004,0.057,13.105,5.705,30.707,1.849,53.272
FireSmokeVideoNEW205_f10_jpg.rf.e7fba039a83b2825fe8609a3ad1fe3ca.jpg,0,0,0.9997,0.243,0.005,0.057,9.872,4.804,30.67,1.583,48.709
FireSmokeVideoNEW205_f12_jpg.rf.12f55726a2d241d15d16c3a031c7acfe.jpg,0,0,0.9999,0.239,0.005,0.06,10.89,5.051,30.964,5.755,55.768
FireSmokeVideoNEW205_f14_jpg.rf.7a8c8488271699eab8c256966bb96d8f.jpg,0,0,0.9991,0.207,0.004,0.045,12.511,6.784,29.893,1.463,52.414
FireSmokeVideoNEW205_f16_jpg.rf.e905c3e16c4928c286b1f3fefbcc9f1c.jpg,0,0,0.9891,0.215,0.004,0.046,9.003,6.405,34.104,1.747,53.134
FireSmokeVideoNEW205_f18_jpg.rf.51e26c76cda96a888f7cc153c055c57e.jpg,0,0,0.9993,0.226,0.005,0.053,9.854,7.279,29.597,1.777,50.268
FireSmokeVideoNEW205_f1_jpg.rf.9ee331f7891fbff5a81e53f10a46bf6c.jpg,0,0,0.7741,0.217,0.004,0.048,10.229,6.407,30.683,1.789,50.892
FireSmokeVideoNEW205_f21_jpg.rf.3f9e31151c6d741f1821d0b631734f10.jpg,0,0,0.9985,0.219,0.005,0.044,8.057,5.678,26.896,1.512,43.931
FireSmokeVideoNEW205_f23_jpg.rf.49d41f9e8f04815aecdc7705619019c0.jpg,0,0,0.783,0.213,0.004,0.049,11.404,6.049,30.324,1.817,51.404
FireSmokeVideoNEW205_f25_jpg.rf.3ffd9812a06a282282d13f0de04d1b95.jpg,0,0,0.936,0.227,0.005,0.048,13.371,7.614,32.54,1.528,56.824
FireSmokeVideoNEW205_f27_jpg.rf.6b467cc45707dc3b2bb6179354ba0de2.jpg,0,1,0.5157,0.222,0.004,0.049,8.787,5.296,25.679,4.329,45.85
FireSmokeVideoNEW205_f29_jpg.rf.f1b55cdd166f109f23ddbc5b550dbb25.jpg,0,0,0.7485,0.228,0.004,0.052,11.317,3.626,28.006,5.85,50.594
FireSmokeVideoNEW205_f30_jpg.rf.c39e1a1a9569704ab1625e342b6768fa.jpg,0,0,0.7565,0.233,0.005,0.055,10.561,8.889,27.088,6.587,54.928
FireSmokeVideoNEW205_f32_jpg.rf.16aadfde338db2f3d2e35229ca90b5b0.jpg,0,0,0.8725,0.249,0.005,0.061,11.124,5.332,31.771,2.02,52.715
FireSmokeVideoNEW205_f4_jpg.rf.3e50ea94e80f738241c392a66bc4dbc4.jpg,0,0,0.9575,0.271,0.006,0.072,11.889,8.112,29.35,1.561,53.132
FireSmokeVideoNEW205_f6_jpg.rf.0b84566f03710d216aaa2cb4629d22b6.jpg,0,0,0.9956,0.265,0.005,0.056,10.917,9.621,28.343,1.675,52.783
FireSmokeVideoNEW205_f8_jpg.rf.e746678079c464fa2e02dbdd96397757.jpg,0,0,0.999,0.243,0.005,0.059,10.676,10.182,26.811,1.888,51.545
FireSmokeVideoNEW207_f29_jpg.rf.5072e43a3f70899810cd248ae290c6fc.jpg,0,0,0.9877,0.262,0.004,0.045,11.248,7.515,29.562,1.537,51.664
FireSmokeVideoNEW207_f38_jpg.rf.7da7afabcee0fe3fc4e99b02cb7ec200.jpg,0,0,0.8064,0.23,0.005,0.053,11.34,6.227,27.846,2.264,49.503
FireSmokeVideoNEW207_f50_jpg.rf.38e43eaa6c7f0b0b6aef8d92ae7bc33b.jpg,0,0,0.9707,0.236,0.005,0.056,9.364,4.576,30.971,1.626,48.361
FireSmokeVideoNEW207_f52_jpg.rf.ac33bf9cb002460544fa6971c6294cd1.jpg,0,0,0.9974,0.241,0.004,0.05,10.63,5.545,23.835,5.718,47.609
FireSmokeVideoNEW207_f62_jpg.rf.589bc38eadda71f1f9f9b5fd6a31bdaf.jpg,0,0,0.806,0.236,0.004,0.047,9.375,3.091,34.373,5.332,54.045
FireSmokeVideoNEW207_f64_jpg.rf.fa87ea2073e4c69c27d5ec48824a23ce.jpg,0,0,0.964,0.266,0.005,0.14,9.64,4.534,22.259,1.496,39.981
FireSmokeVideoNEW207_f68_jpg.rf.cb005a57beb7f72ad09dd7f63a7c65ae.jpg,0,0,0.9875,0.214,0.004,0.046,9.133,3.5,24.534,1.54,40.49
FireSmokeVideoNEW213_f0_jpg.rf.acf66f73cae0ef7ffba8d96df3334bc1.jpg,0,0,1.0,0.261,0.005,0.054,9.038,5.325,20.998,1.575,38.777
FireSmokeVideoNEW213_f37_jpg.rf.504df7a22d9a3682f368bb8e9a864b74.jpg,0,0,1.0,0.211,0.004,0.046,7.825,9.688,23.732,2.015,45.064
FireSmokeVideoNEW213_f39_jpg.rf.f610dda1c4694427bb2aeb65f22d2519.jpg,0,0,0.9999,0.237,0.005,0.051,10.581,8.431,29.851,1.619,52.264
FireSmokeVideoNEW214_f28_jpg.rf.b67e2997751e40a1d9c240eecdfeb90d.jpg,0,1,0.9994,0.222,0.005,0.046,16.655,7.038,27.479,1.446,54.361
FireSmokeVideoNEW214_f31_jpg.rf.dddac8520abe0f1d5e75b81b84c20c28.jpg,0,1,0.9965,0.215,0.004,0.045,6.674,7.265,27.824,3.683,47.217
FireSmokeVideoNEW217_f100_jpg.rf.a9373ce1ec863a48d8653481c26156f5.jpg,0,0,0.9701,0.27,0.004,0.049,12.542,10.666,21.97,1.347,48.349
FireSmokeVideoNEW217_f108_jpg.rf.16b93711189f1762379f69af719c328d.jpg,0,0,1.0,0.212,0.004,0.047,7.528,4.68,22.877,1.567,38.354
FireSmokeVideoNEW217_f10_jpg.rf.74821e6a9bb2e7227205f7dd92777b6b.jpg,0,0,1.0,0.224,0.005,0.051,7.864,6.504,25.93,4.674,47.008
FireSmokeVideoNEW217_f111_jpg.rf.2299bed8cbf01a1b7e6778708e83477b.jpg,0,0,0.9978,0.234,0.005,0.053,11.903,6.873,28.935,4.686,54.249
FireSmokeVideoNEW217_f113_jpg.rf.efd09cd8788647385379fdb3dcf3c087.jpg,0,0,0.9948,0.226,0.004,0.05,9.136,6.583,24.157,2.15,43.822
FireSmokeVideoNEW217_f116_jpg.rf.48b271377b83f27ee6794dd67b51d137.jpg,0,0,1.0,0.209,0.005,0.082,10.171,4.087,21.286,1.343,38.618
FireSmokeVideoNEW217_f118_jpg.rf.c3282ec3adcd1755ad307af23c40158c.jpg,0,0,1.0,0.217,0.004,0.046,8.605,5.708,26.532,1.669,44.32
FireSmokeVideoNEW217_f11_jpg.rf.fe9b613659b1f6ffc68f08f6db48adfc.jpg,0,0,1.0,0.236,0.005,0.054,9.492,6.162,22.152,1.567,41.209
FireSmokeVideoNEW217_f121_jpg.rf.2353ff1ea9e105ec7579a296ba31d42b.jpg,0,0,1.0,0.221,0.005,0.049,8.027,8.419,21.445,1.44,41.115
FireSmokeVideoNEW217_f128_jpg.rf.4c9569a8817155737f29d57b918b693b.jpg,0,0,1.0,0.234,0.004,0.046,8.569,3.137,22.79,5.221,41.518
FireSmokeVideoNEW217_f137_jpg.rf.355e1445e5755263e17f71f5cfb3cabd.jpg,0,0,1.0,0.231,0.005,0.052,12.791,3.153,27.804,3.276,48.851
FireSmokeVideoNEW217_f139_jpg.rf.a015957ad4d8c893764adadc3564d5e6.jpg,0,0,0.9998,0.224,0.005,0.053,11.995,6.223,23.716,4.412,48.162
FireSmokeVideoNEW217_f140_jpg.rf.905cd403c725484f47e8c319d12c0bcc.jpg,0,0,0.9857,0.228,0.005,0.053,8.546,4.364,25.82,1.446,42.509
FireSmokeVideoNEW217_f142_jpg.rf.7b2f15a8e46783cf42066fccdd511a78.jpg,0,0,0.9663,0.226,0.005,0.05,9.218,7.302,24.47,2.048,44.847
FireSmokeVideoNEW217_f144_jpg.rf.0fc96687f30d64cc901010a04935ecea.jpg,0,0,0.9965,0.222,0.004,0.047,17.816,7.038,27.903,1.717,56.307
FireSmokeVideoNEW217_f146_jpg.rf.13b5b53c5d09bff9bf09edae5d018768.jpg,0,0,0.9987,0.223,0.004,0.054,10.965,4.479,21.648,4.074,43.551
FireSmokeVideoNEW217_f14_jpg.rf.33a5f93f8923477faa40a251919cbb30.jpg,0,0,1.0,0.227,0.005,0.053,10.31,1.143,27.86,1.869,42.942
FireSmokeVideoNEW217_f165_jpg.rf.c321a908fed949be52d3de878e3af068.jpg,0,0,1.0,0.239,0.005,0.057,9.746,4.825,23.022,3.311,42.744
FireSmokeVideoNEW217_f167_jpg.rf.f5f387fa96eefadd6d5da4f9eba93fe8.jpg,0,0,1.0,0.23,0.005,0.054,11.943,5.762,24.978,1.621,46.129
FireSmokeVideoNEW217_f169_jpg.rf.d4e8d9fc726c7674b5c544ca652f18ed.jpg,0,0,1.0,0.208,0.004,0.047,9.052,3.979,22.704,1.412,38.849
FireSmokeVideoNEW217_f170_jpg.rf.40da8c3a814bec9203dda24f6fdc4aa2.jpg,0,0,0.9999,0.218,0.004,0.047,8.176,3.91,25.286,1.489,40.576
FireSmokeVideoNEW217_f175_jpg.rf.b2b07756e0402cc49db122e0add77753.jpg,0,0,1.0,0.223,0.004,0.046,9.556,6.232,22.966,4.612,45.321
FireSmokeVideoNEW217_f177_jpg.rf.88605f9b92cb5461c60d2194538ba864.jpg,0,0,1.0,0.209,0.004,0.047,8.779,4.988,28.619,1.629,45.729
FireSmokeVideoNEW217_f179_jpg.rf.ffad74096c7d49c5a971bb63e9e0893e.jpg,0,0,1.0,0.226,0.005,0.053,8.175,4.331,22.62,1.346,38.191
FireSmokeVideoNEW217_f181_jpg.rf.ae1f277e7c1fc1083975d6a487d5c575.jpg,0,0,0.9998,0.217,0.004,0.047,10.016,4.912,21.474,1.401,39.512
FireSmokeVideoNEW217_f183_jpg.rf.96e621baf17954f5a25876fa98b76901.jpg,0,0,1.0,0.231,0.004,0.048,9.493,4.748,21.765,1.371,39.137
FireSmokeVideoNEW217_f188_jpg.rf.c5e2ff45dde47a1ffaaa95f6e696e5d8.jpg,0,0,1.0,0.216,0.004,0.049,11.077,8.364,24.654,2.555,48.383
FireSmokeVideoNEW217_f18_jpg.rf.e259ee4817325821386e228d69ec590b.jpg,0,0,1.0,0.223,0.005,0.051,11.043,5.306,21.825,1.608,41.51
FireSmokeVideoNEW217_f195_jpg.rf.abb4ee4eacb3c0bc28eb69dcce0900b1.jpg,0,0,1.0,0.21,0.004,0.047,11.175,8.683,26.353,6.697,54.748
FireSmokeVideoNEW217_f197_jpg.rf.69f085f5fc5fe3b6704f1697894ab870.jpg,0,0,1.0,0.24,0.005,0.057,9.469,3.212,27.46,1.495,43.395
FireSmokeVideoNEW217_f199_jpg.rf.2034ba41cbc2996d2b0be969381dd53a.jpg,0,0,1.0,0.234,0.004,0.051,7.288,3.842,25.753,1.768,40.94
FireSmokeVideoNEW217_f200_jpg.rf.8e08442e7fba319b06ec60772c8d87b9.jpg,0,0,1.0,0.21,0.005,0.05,7.821,10.583,22.754,4.345,47.262
FireSmokeVideoNEW217_f20_jpg.rf.cd45d53c627554532a83cb04b923b1d7.jpg,0,0,1.0,0.26,0.005,0.054,17.687,5.982,23.102,2.23,50.846
FireSmokeVideoNEW217_f213_jpg.rf.907c7f8bf6e7a1f549c1d58b68a8f402.jpg,0,0,1.0,0.269,0.005,0.051,9.492,4.861,22.92,1.53,40.774
FireSmokeVideoNEW217_f215_jpg.rf.3fa3043621fed653f78e6295cdb5490b.jpg,0,0,1.0,0.225,0.005,0.05,8.312,5.527,25.658,1.406,42.642
FireSmokeVideoNEW217_f217_jpg.rf.55bd84fe4077a3d1595a56350af545cd.jpg,0,0,1.0,0.226,0.005,0.052,10.236,4.95,26.727,2.356,46.194
FireSmokeVideoNEW217_f21_jpg.rf.2dfb9ce2f22edf5be1fd53fa1942bfd2.jpg,0,0,1.0,0.24,0.005,0.058,8.287,1.323,23.625,1.438,36.371
FireSmokeVideoNEW217_f23_jpg.rf.cd19d39e70dfebad7cff6545b5b6019d.jpg,0,0,1.0,0.224,0.005,0.052,4.88,1.03,15.859,1.302,24.769
FireSmokeVideoNEW217_f25_jpg.rf.a94df0d3028a9abe6b8c10a09dec7c59.jpg,0,0,1.0,0.215,0.004,0.049,4.951,1.0,15.823,1.242,24.807
FireSmokeVideoNEW217_f27_jpg.rf.06ba12fefcbb80378faafa6ce1db4f32.jpg,0,0,1.0,0.211,0.004,0.047,5.605,1.066,21.845,1.458,31.641
FireSmokeVideoNEW217_f29_jpg.rf.efc5389a39f0e16e63edc5a792879459.jpg,0,0,1.0,0.199,0.004,0.043,5.408,5.523,26.482,3.015,42.062
FireSmokeVideoNEW217_f30_jpg.rf.d0b9592c67eb506d0e8be54cab7fed05.jpg,0,0,1.0,0.207,0.004,0.044,8.086,3.612,15.815,1.241,30.375
FireSmokeVideoNEW217_f32_jpg.rf.79ac9c71917c29f71dff9368fd819e70.jpg,0,0,1.0,0.218,0.004,0.049,4.859,1.212,25.085,1.363,34.194
FireSmokeVideoNEW217_f34_jpg.rf.2406074bcd38a38b07569c36e10c4c9b.jpg,0,0,1.0,0.209,0.004,0.045,5.123,1.705,18.351,1.258,28.127
FireSmokeVideoNEW217_f36_jpg.rf.f4677a9876506e73056dbb5e4d1867ac.jpg,0,0,1.0,0.217,0.004,0.046,5.19,1.372,18.403,1.258,27.88
FireSmokeVideoNEW217_f38_jpg.rf.56cbb6b9ba8dcb8a6e849b50a427e820.jpg,0,0,1.0,0.215,0.004,0.045,4.61,3.391,31.398,4.295,45.334
FireSmokeVideoNEW217_f40_jpg.rf.5e0bf555a150e965529da135af30a843.jpg,0,0,1.0,0.214,0.005,0.046,7.195,3.081,18.403,1.293,31.739
FireSmokeVideoNEW217_f42_jpg.rf.547bf36d056de255bbbe8865cf2169e4.jpg,0,0,1.0,0.214,0.004,0.048,5.481,1.046,18.398,1.261,28.073
FireSmokeVideoNEW217_f44_jpg.rf.53343693989b66932b14e172d5b51021.jpg,0,0,1.0,0.207,0.004,0.047,4.722,1.026,26.865,1.554,35.877
FireSmokeVideoNEW217_f46_jpg.rf.6c09d1078ba60b84e5eeae62e8b43ee4.jpg,0,0,1.0,0.22,0.004,0.043,4.854,1.115,18.404,1.26,27.283
FireSmokeVideoNEW217_f48_jpg.rf.960f1757efc2361b33061b66881276af.jpg,0,0,1.0,0.212,0.004,0.044,10.145,3.319,20.557,2.454,38.143
FireSmokeVideoNEW217_f50_jpg.rf.5a4c5a00a2dff53d3d1e9b4912a5e80a.jpg,0,0,1.0,0.216,0.005,0.047,7.546,3.135,26.962,1.365,40.722
FireSmokeVideoNEW217_f52_jpg.rf.f80dd0cbedbe18de1503c537d55a5481.jpg,0,0,0.9998,0.212,0.005,0.047,6.36,0.997,18.414,1.258,28.719
FireSmokeVideoNEW217_f55_jpg.rf.192d21a1a9cdd1e7400d2d5319251009.jpg,0,0,0.9992,0.218,0.004,0.047,5.104,1.004,18.454,1.218,27.395
FireSmokeVideoNEW217_f58_jpg.rf.09abcbd86f7cf4acca982ff3c84479bf.jpg,0,0,1.0,0.206,0.004,0.045,5.21,0.998,25.371,3.64,36.84
FireSmokeVideoNEW217_f60_jpg.rf.2af19e844fb73cffddc8cd48cea110ef.jpg,0,0,1.0,0.218,0.005,0.05,5.778,1.293,18.408,1.376,28.57
FireSmokeVideoNEW217_f6_jpg.rf.9ad603f7c039681979d3382daca3dfca.jpg,0,0,1.0,0.217,0.004,0.045,4.878,1.15,18.389,1.379,27.437
FireSmokeVideoNEW217_f7_jpg.rf.7a963cc9523ed71e48510b941a897169.jpg,0,0,1.0,0.211,0.004,0.043,4.773,1.436,25.261,1.492,34.656
FireSmokeVideoNEW217_f85_jpg.rf.04954f9a86137e0fdb1a724cfe2e3866.jpg,0,0,1.0,0.21,0.004,0.045,4.789,1.065,18.465,1.238,27.255
FireSmokeVideoNEW217_f96_jpg.rf.9aeddcb7059e6f24f5deb788b8d30f2b.jpg,0,0,0.9945,0.208,0.004,0.046,5.486,1.06,18.424,1.346,28.018
FireSmokeVideoNEW217_f98_jpg.rf.523eafbbea416669a571f038b78ed6db.jpg,0,0,0.9933,0.217,0.003,0.046,7.806,3.899,31.812,1.496,46.804
FireSmokeVideoNEW217_f9_jpg.rf.add7279aa36849c24e3ac2f2216f064d.jpg,0,0,1.0,0.231,0.004,0.047,5.014,1.016,22.678,1.397,32.208
FireSmokeVideoNEW219_f100_jpg.rf.e9c25439b3dad49808efeef37acaf92b.jpg,0,1,0.7508,0.287,0.006,0.076,5.634,1.061,22.595,1.397,32.981
FireSmokeVideoNEW219_f103_jpg.rf.5c3a06fd5e7e5de7bc2439421cae9ca3.jpg,0,1,0.9999,0.224,0.004,0.049,6.242,1.321,32.447,1.413,43.306
FireSmokeVideoNEW219_f105_jpg.rf.93e9b68294084ef359c3fbac8af68844.jpg,0,1,0.7688,0.225,0.005,0.049,10.209,1.364,24.407,1.48,39.357
FireSmokeVideoNEW219_f107_jpg.rf.2279d0f434d08b421e5847b77ba49c98.jpg,0,0,0.9694,0.236,0.005,0.052,5.945,1.293,22.489,1.659,33.271
FireSmokeVideoNEW219_f109_jpg.rf.2497933b49e36296ad41b2a9e7c629af.jpg,0,1,0.6505,0.219,0.004,0.049,5.526,1.148,32.042,1.465,41.992
FireSmokeVideoNEW219_f111_jpg.rf.d13eb49c432b395eb0f4789afa26799e.jpg,0,0,0.9425,0.216,0.004,0.049,6.785,1.143,22.497,1.377,33.63
FireSmokeVideoNEW219_f116_jpg.rf.ae9afca806c236a71f19e8f194bf2109.jpg,0,0,0.7342,0.228,0.005,0.052,10.007,5.882,24.445,1.411,43.609
FireSmokeVideoNEW219_f118_jpg.rf.75f5a183e6eb763184506172e56826c1.jpg,0,1,0.5624,0.22,0.005,0.051,7.74,4.018,32.156,1.453,47.174
FireSmokeVideoNEW219_f120_jpg.rf.8875901f36a17bf88cbe1e1e9321ee1c.jpg,0,0,0.785,0.217,0.004,0.047,7.701,4.07,22.588,1.404,37.584
FireSmokeVideoNEW219_f122_jpg.rf.3f2b747a1a6d8bb134411da04b6d5ceb.jpg,0,0,0.9738,0.225,0.004,0.053,8.971,3.453,22.631,1.342,38.05
FireSmokeVideoNEW219_f126_jpg.rf.52f94dd838172beb57e8ec37c56c19f4.jpg,0,0,0.9737,0.224,0.004,0.048,9.725,3.814,31.395,1.717,48.542
FireSmokeVideoNEW219_f129_jpg.rf.d5223592df753ce9aeeff5fbcfd2f6f3.jpg,0,0,0.9634,0.249,0.004,0.05,7.403,2.73,15.848,1.306,28.954
FireSmokeVideoNEW219_f131_jpg.rf.af45167297be8a47f6ecf78c4971240e.jpg,0,0,0.8608,0.284,0.006,0.073,7.479,1.109,31.362,1.631,43.481
FireSmokeVideoNEW219_f15_jpg.rf.978176c15dd5ec19d9fdef9fa30e2015.jpg,0,1,0.9999,0.22,0.004,0.05,6.33,1.132,22.598,1.395,33.601
FireSmokeVideoNEW219_f17_jpg.rf.a780d3a9489a1ff49e169de9167318e6.jpg,0,1,0.9997,0.225,0.004,0.049,7.036,4.795,46.945,2.93,63.505
FireSmokeVideoNEW219_f19_jpg.rf.cee064d43b06eea7a26764d10b69fa56.jpg,0,1,0.8185,0.226,0.005,0.051,6.455,4.671,16.229,1.538,30.719
FireSmokeVideoNEW219_f20_jpg.rf.fba5b315002bba70a5f2d53923ab3523.jpg,0,1,0.9469,0.238,0.005,0.057,6.936,3.965,32.291,2.11,47.187
FireSmokeVideoNEW219_f23_jpg.rf.1e8e04436c82a1922489aa2b214fbd6f.jpg,0,0,0.5218,0.222,0.004,0.051,7.261,6.036,22.554,1.826,39.646
FireSmokeVideoNEW219_f25_jpg.rf.a18994c7f34d6a907f4692a87e6fa3f9.jpg,0,1,0.973,0.296,0.004,0.053,8.516,5.922,29.354,1.463,47.179
FireSmokeVideoNEW219_f30_jpg.rf.fdee063af522e346cd388bc1a4242f7d.jpg,0,0,0.6933,0.229,0.005,0.05,6.046,1.057,15.787,1.353,25.985
FireSmokeVideoNEW219_f32_jpg.rf.ddc873a0551526ca65fa1d06f97bac64.jpg,0,0,0.9968,0.227,0.005,0.05,4.936,1.076,18.689,1.274,27.763
FireSmokeVideoNEW219_f34_jpg.rf.cad5fbd8012adc27392d185d547a64f2.jpg,0,0,0.9383,0.21,0.004,0.046,5.287,1.28,30.206,1.423,39.856
FireSmokeVideoNEW219_f36_jpg.rf.fb0ae754ede857299d29e3b6cc6ccc0d.jpg,0,1,0.6275,0.214,0.005,0.045,9.603,6.06,17.225,1.32,35.882
FireSmokeVideoNEW219_f38_jpg.rf.4e36385b74d11f5f344b6164d4443826.jpg,0,0,0.9316,0.221,0.004,0.051,6.147,1.185,22.535,1.234,32.794
FireSmokeVideoNEW219_f3_jpg.rf.9a3acc348be776f3126eaa01a6b9143d.jpg,0,1,1.0,0.218,0.004,0.047,5.993,1.103,31.861,1.5,42.202
FireSmokeVideoNEW219_f44_jpg.rf.c6201b2a651fb15d42c47372f48143ea.jpg,0,0,0.6773,0.215,0.005,0.044,6.76,1.106,22.497,1.319,33.765
FireSmokeVideoNEW219_f49_jpg.rf.f8352761af02510da64ff9dbb7764208.jpg,0,0,0.9832,0.217,0.004,0.047,7.414,6.3,38.168,1.544,55.829
FireSmokeVideoNEW219_f50_jpg.rf.69a64e822cf2cb5905705e4998e6a371.jpg,0,0,0.5148,0.22,0.004,0.049,6.092,1.131,21.848,2.463,33.243
FireSmokeVideoNEW219_f52_jpg.rf.4ed33f2006955f25cbd6976e65731478.jpg,0,1,0.6642,0.223,0.005,0.05,5.185,1.111,22.507,1.521,32.09
FireSmokeVideoNEW219_f54_jpg.rf.2a009997f531c42dc612957036039b92.jpg,0,1,0.7315,0.221,0.004,0.049,4.718,1.17,22.469,1.53,31.626
FireSmokeVideoNEW219_f56_jpg.rf.4d435bbf60e5244de2a83067cd503697.jpg,0,1,0.9954,0.214,0.004,0.044,5.021,1.048,36.05,4.046,47.938
FireSmokeVideoNEW219_f58_jpg.rf.816855101b006e8917308145fbff4683.jpg,0,1,0.8827,0.232,0.004,0.055,5.061,1.392,15.809,1.51,25.509
FireSmokeVideoNEW219_f5_jpg.rf.c45888dccdeb80cf3c1d57eaa8742807.jpg,0,1,0.9974,0.224,0.005,0.051,5.941,0.939,17.722,1.357,27.683
FireSmokeVideoNEW219_f64_jpg.rf.fcb2ab218c52a47f8b4b7a045dbaca13.jpg,0,0,0.9806,0.205,0.004,0.047,5.287,1.061,26.778,1.442,36.381
FireSmokeVideoNEW219_f6_jpg.rf.42c28bdff3ab813f2e324a70ba7df0cd.jpg,0,1,0.7701,0.216,0.004,0.049,4.846,1.039,19.733,1.469,28.882
FireSmokeVideoNEW219_f79_jpg.rf.71af1f0cdfcf193eb39b9d23e563f5fe.jpg,0,0,0.9526,0.226,0.004,0.048,4.892,2.159,28.568,4.107,41.475
FireSmokeVideoNEW219_f82_jpg.rf.2d98843486d600dadb1fb1f51cae9b86.jpg,0,1,0.9866,0.225,0.004,0.051,7.449,1.101,23.359,1.388,35.129
FireSmokeVideoNEW219_f84_jpg.rf.2d6d394cdec8ac45d1947e9a0a70f46b.jpg,0,1,1.0,0.223,0.004,0.05,5.489,1.201,18.405,1.52,28.346
FireSmokeVideoNEW219_f86_jpg.rf.facd7c1be6d3a656b924ea93978566be.jpg,0,1,0.9954,0.211,0.004,0.048,5.434,1.077,18.392,1.284,27.935
FireSmokeVideoNEW219_f88_jpg.rf.a022c08baa2e6f8d0487a9b1be99b2fb.jpg,0,1,0.9909,0.209,0.004,0.047,5.226,1.043,29.602,4.42,42.096
FireSmokeVideoNEW219_f8_jpg.rf.046f3bd1cafb22613d463425cf33c9da.jpg,0,0,0.99,0.223,0.005,0.053,5.152,1.168,22.525,1.355,32.042
FireSmokeVideoNEW219_f91_jpg.rf.9f1e6dfa4f1a9256334d175a92273a16.jpg,0,0,0.9467,0.223,0.005,0.051,8.212,2.974,22.749,1.378,37.036
FireSmokeVideoNEW219_f96_jpg.rf.a40be148c2196c81a3b370bf04ff8cee.jpg,0,0,0.6356,0.215,0.004,0.046,5.918,1.11,32.437,1.648,42.98
FireSmokeVideoNEW219_f98_jpg.rf.f2faa3e7c16967233b337aad59c2372d.jpg,0,0,0.7531,0.243,0.003,0.054,5.18,1.141,22.492,1.476,32.251
FireSmokeVideoNEW235_f33_jpg.rf.0a3116fe91b93b2b42685c8f07b15f59.jpg,0,0,1.0,0.234,0.005,0.053,9.64,1.175,24.347,1.404,38.392
FireSmokeVideoNEW235_f37_jpg.rf.90215e2867005d19440f24ddd8be4134.jpg,0,0,1.0,0.251,0.004,0.053,4.723,1.083,31.944,1.964,41.663
FireSmokeVideoNEW235_f40_jpg.rf.8cddc8b01761e5099ffc078afe05dcfe.jpg,0,0,1.0,0.208,0.004,0.048,4.78,1.031,15.978,1.339,24.807
FireSmokeVideoNEW237_f16_jpg.rf.5f11e272d92059f407f138e3d5a60da6.jpg,0,1,0.9989,0.211,0.005,0.089,4.587,1.045,20.129,1.339,28.785
FireSmokeVideoNEW237_f18_jpg.rf.a6fdf7b427848eb4ea6973ff968a3354.jpg,0,1,0.5821,0.21,0.004,0.046,7.793,3.727,39.69,2.602,55.566
FireSmokeVideoNEW237_f1_jpg.rf.d1f928ef436c01e7b2cf526c4f809b21.jpg,0,0,0.9981,0.253,0.004,0.051,6.217,1.116,24.317,1.611,35.284
FireSmokeVideoNEW237_f22_jpg.rf.db0488cc4f6f26c8e0fafe466b04c599.jpg,0,1,0.8651,0.233,0.004,0.053,5.592,1.079,22.473,1.34,32.313
FireSmokeVideoNEW237_f24_jpg.rf.50b525402b3eeb1da34eaca14126f841.jpg,0,1,0.8845,0.216,0.004,0.051,4.809,1.068,30.279,2.415,40.423
FireSmokeVideoNEW237_f26_jpg.rf.292fa36bc2afe2ee1be1016fa5349d28.jpg,0,0,0.9372,0.216,0.004,0.05,6.388,3.562,36.658,1.763,50.048
FireSmokeVideoNEW237_f2_jpg.rf.2e172a45e9ba82d4ad523119d91a1e54.jpg,0,0,0.999,0.227,0.004,0.054,5.245,1.215,15.826,1.354,25.505
FireSmokeVideoNEW237_f36_jpg.rf.8489fa3bf6c71ee4d009d4fd3ced8a26.jpg,0,0,0.607,0.222,0.004,0.049,4.94,1.091,31.587,1.73,41.191
FireSmokeVideoNEW237_f38_jpg.rf.83e1c26126ab42521c01f2d6fb8bf25c.jpg,0,1,0.6457,0.209,0.004,0.046,4.651,1.056,22.533,1.318,31.309
FireSmokeVideoNEW237_f40_jpg.rf.75afeed09f8d7c77cf67b47a49c36595.jpg,0,0,0.9684,0.208,0.004,0.044,4.692,1.027,27.309,2.675,37.37
FireSmokeVideoNEW237_f42_jpg.rf.1e54ef2074d501111766d23a9c125016.jpg,0,0,0.9877,0.219,0.004,0.052,5.826,1.722,21.894,1.481,32.744
FireSmokeVideoNEW239_f11_jpg.rf.68967d6ccd4e0696316a88c71059fe48.jpg,0,0,0.6684,0.216,0.004,0.049,4.89,1.007,17.752,1.299,26.649
FireSmokeVideoNEW239_f13_jpg.rf.47e9d94edb230b4d3d7a90e4a030b812.jpg,0,1,0.6937,0.208,0.004,0.046,4.607,1.095,18.411,1.348,27.134
FireSmokeVideoNEW239_f19_jpg.rf.547e1d5a34191e556bcee188b8d70562.jpg,0,0,0.9648,0.211,0.005,0.045,5.267,1.044,31.648,1.696,41.403
FireSmokeVideoNEW239_f20_jpg.rf.fc7c6c45683e4bb495152a4a71da41c9.jpg,0,0,1.0,0.208,0.004,0.045,7.075,8.649,36.281,1.59,55.941
FireSmokeVideoNEW239_f22_jpg.rf.e5b4ae7747d32b81ac24d361025cef74.jpg,0,0,1.0,0.216,0.005,0.049,8.623,4.581,15.899,1.291,32.166
FireSmokeVideoNEW239_f39_jpg.rf.aa6a200b4d0178ecbf3e7b4245b845ed.jpg,0,1,0.9214,0.216,0.005,0.046,5.257,1.225,25.214,1.574,35.03
FireSmokeVideoNEW239_f40_jpg.rf.5400696a6507c2c33b93aefa6aefe051.jpg,0,0,0.6174,0.212,0.004,0.045,4.585,1.019,18.985,1.388,27.688
FireSmokeVideoNEW239_f46_jpg.rf.d2960d91eab4ce54a9db418325f9564a.jpg,0,0,1.0,0.21,0.004,0.044,4.521,1.057,22.526,1.277,31.058
FireSmokeVideoNEW239_f59_jpg.rf.f284514ce57dd6611a19f3b0eb179ea6.jpg,0,0,0.6712,0.216,0.004,0.044,8.324,2.99,31.951,1.296,46.23
FireSmokeVideoNEW239_f60_jpg.rf.9a19d896995c8f884c4af9a5adec577c.jpg,0,0,0.8096,0.209,0.004,0.046,7.756,3.468,22.627,1.415,37.244
FireSmokeVideoNEW239_f62_jpg.rf.c5dbdb82e651aa6e0eeadf51a3d4b0b8.jpg,0,0,0.6967,0.204,0.004,0.044,8.448,4.446,22.522,1.317,38.431
FireSmokeVideoNEW239_f70_jpg.rf.f2b597cea774e2c3131039471aa2744d.jpg,0,0,0.9976,0.214,0.004,0.048,6.771,1.128,32.464,1.43,43.531
FireSmokeVideoNEW239_f7_jpg.rf.716102698433c487e0011b828b703f1d.jpg,0,1,0.5633,0.211,0.004,0.046,7.381,2.22,22.377,1.381,35.154
FireSmokeVideoNEW239_f83_jpg.rf.fd4fba17753f5ce5a45588d3a16fd999.jpg,0,0,0.9999,0.229,0.004,0.05,8.19,3.057,22.515,1.362,36.842
FireSmokeVideoNEW23_f102_jpg.rf.f6918e51a89dedb0dba64a14386fd485.jpg,0,0,0.9879,0.234,0.005,0.051,8.152,3.53,32.001,1.395,46.777
FireSmokeVideoNEW23_f105_jpg.rf.4b98f0ba685d140a37dbbc9990c03762.jpg,0,0,1.0,0.22,0.004,0.049,8.341,3.113,22.823,1.589,37.551
FireSmokeVideoNEW23_f118_jpg.rf.e6a891db192eb91ffbb8e7475705dd9d.jpg,0,0,0.9609,0.223,0.004,0.049,6.63,3.617,22.527,1.586,36.512
FireSmokeVideoNEW23_f122_jpg.rf.c171441c5b0ca3924c8c66c72534cf2b.jpg,0,0,1.0,0.283,0.026,0.055,8.567,3.97,32.388,1.447,48.157
FireSmokeVideoNEW23_f125_jpg.rf.5debf4bd1984f010c1b1dcd28310aa83.jpg,0,0,0.9977,0.224,0.005,0.05,9.116,4.275,22.642,1.49,39.481
FireSmokeVideoNEW23_f127_jpg.rf.37c0782706a1236efceb4c739407dd25.jpg,0,0,0.7449,0.222,0.004,0.05,6.178,1.277,33.427,3.081,46.245
FireSmokeVideoNEW23_f129_jpg.rf.2ea639692a7e29daa8b8ea1de69eeb72.jpg,0,1,0.5915,0.24,0.005,0.057,5.961,1.148,22.935,1.47,33.546
FireSmokeVideoNEW23_f131_jpg.rf.466531ad1511190a89c1eb2be15960fd.jpg,0,0,0.7687,0.233,0.004,0.055,4.986,1.077,32.111,1.506,41.465
FireSmokeVideoNEW23_f133_jpg.rf.4cb0c0e8f14d2f4314645ba2d96e90d0.jpg,0,0,0.9996,0.229,0.005,0.052,5.503,1.06,22.456,1.464,32.358
FireSmokeVideoNEW23_f17_jpg.rf.7e12e7a6b3bf78ade1514efca4fa6b17.jpg,0,0,0.98,0.231,0.004,0.054,5.615,1.095,41.528,5.571,55.594
FireSmokeVideoNEW23_f20_jpg.rf.45ba21827ce25fc5f38bfbc2f24d6b8e.jpg,0,0,0.9932,0.247,0.005,0.061,5.622,1.19,15.932,1.495,26.176
FireSmokeVideoNEW23_f22_jpg.rf.29f2d535a890c06a4cf54fb62aeae916.jpg,0,0,0.9998,0.242,0.004,0.058,5.971,1.13,31.668,1.469,42.097
FireSmokeVideoNEW23_f24_jpg.rf.967b8a5e7330bbab9f4342e93da5b612.jpg,0,0,1.0,0.226,0.005,0.053,5.082,1.231,22.491,1.647,32.261
FireSmokeVideoNEW23_f27_jpg.rf.31f2d7fbc4ad759a14190cf119c86cd3.jpg,0,0,0.85,0.268,0.004,0.052,5.205,1.097,36.585,4.308,49.044
FireSmokeVideoNEW23_f30_jpg.rf.73360b6fc9f719c0b07919def1843b67.jpg,0,0,0.941,0.243,0.005,0.057,6.913,4.058,22.492,1.472,36.94
FireSmokeVideoNEW23_f36_jpg.rf.a573980f5cbddf58725ec307297ae2c2.jpg,0,0,0.9999,0.234,0.005,0.054,6.065,1.159,32.24,1.465,42.806
FireSmokeVideoNEW23_f44_jpg.rf.9cb37443c4da43f08c79e1c8c7270ad3.jpg,0,0,1.0,0.226,0.005,0.054,5.315,1.193,22.486,1.665,32.467
FireSmokeVideoNEW23_f50_jpg.rf.1d318ace626b552ab85bedae9c6fe2ae.jpg,0,0,0.9996,0.226,0.005,0.053,8.896,4.554,43.729,1.819,60.766
FireSmokeVideoNEW23_f57_jpg.rf.4e21297b504ef4126b9a6b95cad8ca0c.jpg,0,0,0.9999,0.244,0.005,0.058,5.361,1.465,22.523,1.501,32.755
FireSmokeVideoNEW23_f59_jpg.rf.d2f656988b1f5b0fb714b178d9799544.jpg,0,0,0.9998,0.246,0.005,0.057,5.24,1.311,32.086,1.474,41.97
FireSmokeVideoNEW23_f63_jpg.rf.0ac33d38cacbd861c7b582f17c820bb4.jpg,0,0,0.9986,0.221,0.004,0.053,5.608,1.903,22.605,1.453,33.491
FireSmokeVideoNEW23_f76_jpg.rf.a966534c07edefd0f3dff0c96376a243.jpg,0,0,1.0,0.226,0.005,0.053,9.383,4.027,31.201,1.806,48.17
FireSmokeVideoNEW23_f90_jpg.rf.b61cfc180d6eceb938b4af6caf51abf9.jpg,0,0,1.0,0.234,0.005,0.052,5.428,1.099,22.648,1.405,32.518
FireSmokeVideoNEW240_f24_jpg.rf.c32f26544e37c883914250c509498e68.jpg,0,0,0.9967,0.227,0.005,0.049,6.179,1.005,32.357,1.585,42.875
FireSmokeVideoNEW240_f26_jpg.rf.827a12f2836232905b4da03069e4a2bb.jpg,0,0,0.9972,0.216,0.005,0.048,5.204,1.075,22.473,1.552,32.0
FireSmokeVideoNEW247_f0_jpg.rf.beef7d32aee1fcf9184bde5c0007c8a7.jpg,0,0,0.5838,0.222,0.005,0.05,9.87,5.589,29.369,1.451,48.022
FireSmokeVideoNEW247_f11_jpg.rf.22e187d3de34114cbe2eee824dcf8ea4.jpg,0,0,0.999,0.22,0.004,0.05,5.992,1.149,22.632,1.354,32.978
FireSmokeVideoNEW247_f13_jpg.rf.cf17b57023a106f84957783337e1dd83.jpg,0,0,0.9998,0.218,0.004,0.052,4.901,1.984,31.796,1.329,41.833
FireSmokeVideoNEW247_f15_jpg.rf.36fd571e1f519a0b5e072f998cf318bf.jpg,0,0,0.9988,0.214,0.004,0.048,6.667,1.19,22.506,1.362,33.595
FireSmokeVideoNEW247_f22_jpg.rf.f99e1b6f5eb1bddbeb9ce9f856242d0b.jpg,0,0,0.9983,0.227,0.004,0.051,8.678,6.924,29.909,1.48,48.842
FireSmokeVideoNEW247_f24_jpg.rf.1ee4e739ab247b40d19859c571533d93.jpg,0,0,0.9689,0.226,0.005,0.051,6.572,1.252,15.915,1.401,26.869
FireSmokeVideoNEW247_f26_jpg.rf.a797b29033eb18f9d2b6c36421877eb6.jpg,0,0,0.5854,0.202,0.004,0.041,5.15,1.179,31.761,1.616,41.412
FireSmokeVideoNEW247_f29_jpg.rf.f14ac60e4f41877c5491fde4790673c3.jpg,0,1,0.5002,0.203,0.004,0.041,5.014,1.072,22.611,1.296,31.653
FireSmokeVideoNEW247_f30_jpg.rf.aafb436047adf51b707ef78707e2b913.jpg,0,1,0.4105,0.216,0.005,0.046,8.28,5.388,42.706,1.442,59.656
FireSmokeVideoNEW247_f32_jpg.rf.e9ff5ba78f26413500f425b399e23665.jpg,0,1,0.8362,0.211,0.004,0.046,8.388,5.784,22.522,1.481,39.964
FireSmokeVideoNEW247_f34_jpg.rf.6c3c5690e43240a790d6a5e9721b8c63.jpg,0,1,0.7702,0.225,0.004,0.048,6.358,1.087,32.194,1.536,42.961
FireSmokeVideoNEW247_f4_jpg.rf.6a0ddd7371fb83e53e311ea22189d480.jpg,0,1,0.4869,0.213,0.004,0.049,5.068,1.099,15.813,1.432,25.231
FireSmokeVideoNEW247_f6_jpg.rf.a694822f16bef6e50518310eca6ac39e.jpg,0,1,0.5238,0.227,0.004,0.049,8.173,1.289,18.012,1.257,30.452
FireSmokeVideoNEW247_f8_jpg.rf.6b64236393a322ec185f256a364cf11c.jpg,0,0,0.7182,0.216,0.004,0.047,6.565,1.082,31.756,1.725,42.773
FireSmokeVideoNEW257_f14_jpg.rf.219b5dbc0697a8fa0cc33d06791cae70.jpg,0,0,0.9593,0.213,0.004,0.046,6.229,1.102,15.934,1.269,26.635
FireSmokeVideoNEW258_f100_jpg.rf.355178e1214dd3903eaa752ee7eef30e.jpg,0,0,0.9999,0.215,0.004,0.045,5.077,1.104,20.395,1.288,29.528
FireSmokeVideoNEW258_f11_jpg.rf.0dba1da8050dc2ce1b709b5f242f741d.jpg,0,0,0.9999,0.215,0.004,0.045,6.352,1.093,37.713,4.151,50.965
FireSmokeVideoNEW258_f170_jpg.rf.6c3e4b2743ca89c8ee5dd1856a6141bd.jpg,0,0,1.0,0.223,0.004,0.051,5.829,1.341,22.511,1.633,33.118
FireSmokeVideoNEW258_f1_jpg.rf.0d3b83be9ba47d2910cdb2dec33113fc.jpg,0,0,1.0,0.215,0.005,0.05,4.729,1.71,22.617,1.329,32.122
FireSmokeVideoNEW258_f2_jpg.rf.b83eafff3fd4b43c1860e76314bb50ac.jpg,0,0,1.0,0.216,0.005,0.05,4.757,1.058,31.964,1.484,40.995
FireSmokeVideoNEW258_f3_jpg.rf.cd8a2e8513bdb4e131855fb45fd1bdfc.jpg,0,0,1.0,0.243,0.004,0.047,4.641,1.07,15.836,1.598,24.85
FireSmokeVideoNEW258_f41_jpg.rf.de1a58da1bf54a7517d2312b13c76577.jpg,0,0,1.0,0.213,0.004,0.047,7.787,3.151,22.154,1.347,36.222
FireSmokeVideoNEW258_f51_jpg.rf.3235141ca98e65b2ab3e2a034029f5f0.jpg,0,0,0.9261,0.216,0.004,0.046,8.389,1.113,31.713,1.38,44.296
FireSmokeVideoNEW258_f5_jpg.rf.0858c131be1788253fc6056f1b952726.jpg,0,0,1.0,0.213,0.004,0.05,6.679,1.017,22.53,1.404,33.318
FireSmokeVideoNEW258_f7_jpg.rf.8516c19839e35db825c80a381605f57c.jpg,0,0,0.9999,0.219,0.005,0.05,5.422,1.182,22.483,1.338,32.168
FireSmokeVideoNEW258_f8_jpg.rf.06a72518e055cecd6c4555cd122fc078.jpg,0,0,0.9999,0.224,0.005,0.048,9.396,3.011,33.266,1.378,48.773
FireSmokeVideoNEW266_f22_jpg.rf.f1df0a77304fe82235036772cf5b8801.jpg,0,0,1.0,0.217,0.004,0.048,7.683,3.705,15.77,1.445,30.648
FireSmokeVideoNEW26_f19_jpg.rf.aeed9f3bfcb0a0dee24e772e00f3a420.jpg,0,0,0.6374,0.231,0.005,0.055,7.913,4.87,22.504,1.366,38.393
FireSmokeVideoNEW26_f21_jpg.rf.4f774db17e69a10fb5f9a8f7999edf9c.jpg,0,0,0.9998,0.229,0.005,0.05,6.64,1.073,32.317,1.724,43.624
FireSmokeVideoNEW26_f23_jpg.rf.8aa65d6972e281489f02f3f5ca285e15.jpg,0,1,0.4961,0.21,0.004,0.048,10.037,5.727,19.422,1.426,38.403
FireSmokeVideoNEW26_f25_jpg.rf.2dfc9f18e082edcb01be0a2710a98b76.jpg,0,0,0.8202,0.232,0.004,0.053,4.897,1.113,29.994,1.384,39.081
FireSmokeVideoNEW26_f31_jpg.rf.4143b47a6b97ba01168be4b9d2f60793.jpg,0,0,1.0,0.225,0.005,0.049,7.277,3.261,22.625,1.439,36.316
FireSmokeVideoNEW26_f35_jpg.rf.337993c7df976473f1dae7d82060e013.jpg,0,0,1.0,0.235,0.005,0.052,5.004,1.034,30.509,1.4,39.68
FireSmokeVideoNEW26_f46_jpg.rf.589a067217e777a751aad10475ecbefe.jpg,0,0,0.9994,0.255,0.005,0.053,11.255,6.211,23.896,1.526,44.724
FireSmokeVideoNEW26_f4_jpg.rf.d688d7df9f262c6d2b3e578c6873be05.jpg,0,0,0.8162,0.234,0.005,0.056,7.214,1.139,24.445,1.38,36.069
FireSmokeVideoNEW26_f56_jpg.rf.091996435ae26520beb3244b5e0ee2bc.jpg,0,0,0.9019,0.234,0.005,0.05,5.218,1.119,18.406,1.323,27.895
FireSmokeVideoNEW26_f59_jpg.rf.fa7bc3aac3cd3f1c051dd584b60dafe4.jpg,0,0,0.988,0.22,0.004,0.049,4.818,2.187,19.712,1.481,30.082
FireSmokeVideoNEW26_f60_jpg.rf.62d0d8eae4ccc467a2e8fced935b824d.jpg,0,0,0.996,0.22,0.004,0.047,6.049,3.353,40.053,3.564,54.711
FireSmokeVideoNEW26_f63_jpg.rf.69b2cff0f2bb17ae0ff536fc67019a1d.jpg,0,0,0.9846,0.238,0.005,0.055,11.995,1.982,24.284,1.667,41.655
FireSmokeVideoNEW272_f17_jpg.rf.681a79d14101780a9bcd7453d9a3c679.jpg,0,0,0.8184,0.231,0.005,0.053,10.585,3.387,41.176,5.512,62.512
FireSmokeVideoNEW272_f19_jpg.rf.9e21fc07045a840ba29d86234002d9e9.jpg,0,0,0.9305,0.244,0.005,0.124,8.349,1.992,26.77,1.913,41.479
FireSmokeVideoNEW272_f34_jpg.rf.17eab7e1f185c1bf78222fa35986e631.jpg,0,0,0.9852,0.241,0.005,0.055,10.005,6.248,27.084,4.889,50.128
FireSmokeVideoNEW272_f40_jpg.rf.5021128e8f11f4be0933cbc0e2ffd97a.jpg,0,0,0.9977,0.243,0.005,0.057,8.554,5.354,22.257,1.555,39.614
FireSmokeVideoNEW275_f0_jpg.rf.66efa8f4455c2211b1008e5a09fc635f.jpg,0,0,1.0,0.243,0.005,0.059,8.827,3.14,19.892,1.451,35.085
FireSmokeVideoNEW275_f2_jpg.rf.2c4eb2d850522c60eb1ad7590c09421c.jpg,0,0,1.0,0.228,0.005,0.052,5.477,1.526,24.265,2.519,35.657
FireSmokeVideoNEW275_f4_jpg.rf.3c3d229e122e904ca5813eb2f0b03a09.jpg,0,0,1.0,0.224,0.005,0.05,5.17,1.413,18.563,1.336,28.277
FireSmokeVideoNEW275_f7_jpg.rf.3d3cfcb2ac85080323093b5f4f6c41b8.jpg,0,0,0.9999,0.214,0.005,0.047,5.505,1.118,18.498,1.403,28.652
FireSmokeVideoNEW28_f10_jpg.rf.4bb4d72f7f6c00ff76743ecb428ff3d0.jpg,0,0,1.0,0.228,0.005,0.047,10.026,5.932,23.648,3.117,44.468
FireSmokeVideoNEW28_f1_jpg.rf.d1e73d75ae2b9e6caeec1d2cdc9124e7.jpg,0,0,1.0,0.221,0.005,0.051,6.35,1.181,18.418,1.336,29.07
FireSmokeVideoNEW28_f21_jpg.rf.457752981e7607422ba3a8fc0040cba9.jpg,0,0,1.0,0.228,0.005,0.052,7.607,7.083,24.467,1.46,42.386
FireSmokeVideoNEW28_f23_jpg.rf.f783a837f645611d965ea29521af99c8.jpg,0,0,1.0,0.216,0.005,0.045,6.422,1.144,29.18,5.979,44.447
FireSmokeVideoNEW28_f29_jpg.rf.e6f9ee24d7da87d2cb32dadd9e3b77c4.jpg,0,0,1.0,0.226,0.005,0.053,9.989,4.334,15.656,1.331,33.01
FireSmokeVideoNEW28_f31_jpg.rf.b75f68e92e02020b7ebcb2ab065a5e01.jpg,0,0,1.0,0.223,0.004,0.048,7.35,1.081,24.716,2.697,37.596
FireSmokeVideoNEW28_f34_jpg.rf.92bb8541bcf700c33b44667585e21002.jpg,0,0,1.0,0.22,0.005,0.049,5.207,4.371,25.629,5.557,42.628
FireSmokeVideoNEW28_f36_jpg.rf.d36a568fc3698f3163d4868ee8ad919b.jpg,0,0,1.0,0.211,0.004,0.046,6.23,1.096,32.552,2.236,43.821
FireSmokeVideoNEW28_f38_jpg.rf.3439617aab6c1d0e3ae38eb636cbbf8f.jpg,0,0,1.0,0.232,0.005,0.051,5.249,1.477,18.402,1.378,28.25
FireSmokeVideoNEW28_f3_jpg.rf.8071c70044c10492beb8062b5511f680.jpg,0,0,1.0,0.235,0.005,0.055,5.531,1.062,18.398,1.291,28.036
FireSmokeVideoNEW2_f21_jpg.rf.0e9524cf62f6668246104036ea965a9a.jpg,0,0,0.9981,0.224,0.004,0.05,4.74,1.017,26.448,1.67,35.593
FireSmokeVideoNEW2_f23_jpg.rf.2419c84a5bda0a37d4631053393f7144.jpg,0,0,0.9983,0.224,0.004,0.047,10.282,6.012,18.415,1.322,37.803
FireSmokeVideoNEW2_f3_jpg.rf.96bdfc0d1d0807033c3499bfcca417d2.jpg,0,0,0.9956,0.208,0.004,0.045,9.3,3.624,18.448,1.366,34.438
FireSmokeVideoNEW2_f5_jpg.rf.acd86e0e4ec1ad803dd924f149d009d0.jpg,0,0,0.992,0.214,0.004,0.046,8.665,3.436,26.473,1.354,41.672
FireSmokeVideoNEW32_f0_jpg.rf.2400a4bfa095f21a573437da42451295.jpg,0,0,1.0,0.214,0.005,0.047,5.275,1.033,18.497,1.341,27.959
FireSmokeVideoNEW32_f13_jpg.rf.ae355b286908e2d29d9a44f3f1b567b9.jpg,0,0,1.0,0.21,0.004,0.045,5.838,3.607,31.116,5.763,48.069
FireSmokeVideoNEW32_f16_jpg.rf.a2bcfc2b71be00d988e48550c76c42a9.jpg,0,0,1.0,0.223,0.004,0.054,6.315,1.053,30.31,2.51,42.086
FireSmokeVideoNEW32_f1_jpg.rf.3299347e0a4bdbc4da1df1a6db03ccd7.jpg,0,0,1.0,0.233,0.005,0.054,5.681,1.058,22.599,1.405,32.617
FireSmokeVideoNEW32_f22_jpg.rf.83ac8450a5d131bcc7a1a42581404bdf.jpg,0,0,1.0,0.227,0.005,0.051,5.904,2.007,31.425,1.784,43.021
FireSmokeVideoNEW32_f30_jpg.rf.14dd351a29b47e6c65320fb88bd6908f.jpg,0,0,0.6033,0.22,0.004,0.049,9.366,4.711,35.593,5.97,57.453
FireSmokeVideoNEW32_f32_jpg.rf.c7579105a780c42823b2bf0cfe716a2f.jpg,0,0,0.999,0.251,0.005,0.062,10.399,6.363,22.208,1.607,42.541
FireSmokeVideoNEW32_f35_jpg.rf.e85d0be8faf914b709dc04814aaf341f.jpg,0,0,0.9997,0.24,0.005,0.059,8.045,5.494,25.815,1.543,42.801
FireSmokeVideoNEW32_f5_jpg.rf.d64bb033fd7cbf4738e6dfe35fdf1703.jpg,0,0,1.0,0.225,0.005,0.05,7.02,1.089,29.499,2.449,41.929
FireSmokeVideoNEW32_f9_jpg.rf.6dee71363eb5db4b336191f69e9b1ed7.jpg,0,0,1.0,0.218,0.004,0.048,7.865,1.499,18.404,1.44,31.008
FireSmokeVideoNEW33_f22_jpg.rf.7b762c1aaea4343a5ef9d0c55f56f953.jpg,0,0,0.9999,0.23,0.005,0.054,5.802,1.285,26.929,1.465,37.343
FireSmokeVideoNEW33_f4_jpg.rf.2a2a5a5e75eee5f94bff7e57472718ad.jpg,0,0,0.9997,0.217,0.004,0.05,5.105,2.78,22.543,5.68,37.872
FireSmokeVideoNEW33_f7_jpg.rf.8f4a8f9f00ac9edbee0d4623323bdcd6.jpg,0,0,0.9992,0.225,0.005,0.053,8.638,3.413,45.396,5.462,64.945
FireSmokeVideoNEW33_f9_jpg.rf.6c70578f3c4ef4ec42b2df3d2c549ceb.jpg,0,0,0.9996,0.248,0.005,0.062,8.714,3.668,25.725,1.764,41.953
FireSmokeVideoNEW34_f1_jpg.rf.8215067316131a3313e18d5ad5353d99.jpg,0,0,1.0,0.234,0.005,0.056,7.513,3.405,32.862,4.409,50.129
FireSmokeVideoNEW34_f34_jpg.rf.37cec1d82efd789d44143e68cd758395.jpg,0,0,1.0,0.343,0.004,0.065,8.96,5.492,29.343,2.731,48.503
FireSmokeVideoNEW34_f38_jpg.rf.26502230165a0194b177c8d1b86e9696.jpg,0,0,1.0,0.217,0.005,0.048,9.313,6.691,24.489,1.573,45.003
FireSmokeVideoNEW34_f40_jpg.rf.b206248a0c183d0f0c6fa6b3cea3f9b1.jpg,0,0,1.0,0.221,0.004,0.052,9.251,3.047,28.709,5.666,48.442
FireSmokeVideoNEW34_f42_jpg.rf.d53011814dbea48b0ec1dafff52177a1.jpg,0,0,1.0,0.249,0.005,0.058,11.027,8.495,30.216,1.63,53.299
FireSmokeVideoNEW34_f44_jpg.rf.1177396e61f8137af220647dce4b1245.jpg,0,0,1.0,0.232,0.005,0.053,13.328,4.961,35.39,3.997,59.517
FireSmokeVideoNEW34_f46_jpg.rf.cca6e614ca8501a020d46912f1b3ee4e.jpg,0,0,1.0,0.263,0.006,0.063,11.306,4.899,28.86,4.17,51.35
FireSmokeVideoNEW34_f50_jpg.rf.a36a4778c1868528e32b55d792489d17.jpg,0,0,1.0,0.211,0.004,0.267,9.097,6.0,18.63,1.474,37.149
FireSmokeVideoNEW34_f52_jpg.rf.8ce2843bdac208f9cecc552f7a6ca397.jpg,0,0,1.0,0.24,0.005,0.057,6.63,1.151,28.123,3.81,41.676
FireSmokeVideoNEW34_f9_jpg.rf.21533fd04be19eae845493f79a8b8d5d.jpg,0,0,1.0,0.239,0.005,0.096,5.123,1.075,15.9,1.361,25.388
FireSmokeVideoNEW39_f12_jpg.rf.6b1a04cbd026fc441becebb94e427c4a.jpg,0,0,1.0,0.213,0.004,0.047,4.865,2.43,16.45,1.338,26.773
FireSmokeVideoNEW39_f14_jpg.rf.0b630472ef3171594b7408d634811857.jpg,0,0,1.0,0.217,0.004,0.046,4.758,1.035,25.27,1.35,34.158
FireSmokeVideoNEW39_f27_jpg.rf.a348c34cb0c905bc10848eef58c16736.jpg,0,0,1.0,0.212,0.004,0.046,4.745,0.995,18.436,1.293,27.186
FireSmokeVideoNEW39_f29_jpg.rf.3153d7e1c815872b09fa97870799ef0f.jpg,0,0,1.0,0.273,0.004,0.045,10.021,6.644,27.088,4.319,50.27
FireSmokeVideoNEW39_f30_jpg.rf.bc038c090b010da4c10327f81f872cb0.jpg,0,0,1.0,0.272,0.005,0.054,5.514,1.61,24.967,1.427,35.319
FireSmokeVideoNEW39_f38_jpg.rf.82ad0aa274eed9218fd4ed14780e9bad.jpg,0,0,1.0,0.214,0.004,0.049,5.502,1.034,23.106,1.519,32.902
FireSmokeVideoNEW39_f3_jpg.rf.c34909729e2fc010ba87b670b4c77269.jpg,0,0,1.0,0.21,0.004,0.046,4.636,1.005,22.846,2.369,32.527
FireSmokeVideoNEW39_f5_jpg.rf.92baa02b2efc10d6311e03b178523e76.jpg,0,0,1.0,0.222,0.005,0.047,6.627,1.124,25.142,3.395,38.055
FireSmokeVideoNEW39_f7_jpg.rf.6fa03b62a2a987bef0d1121c557bc62a.jpg,0,0,1.0,0.222,0.004,0.049,5.498,1.168,24.331,1.425,34.268
FireSmokeVideoNEW39_f9_jpg.rf.05d7d81358629eb2852e6331007a1a4a.jpg,0,0,1.0,0.21,0.005,0.045,4.753,1.015,18.621,1.256,27.329
FireSmokeVideoNEW42_f47_jpg.rf.fefbdf8f7c2f935e5f4f0b188f792887.jpg,0,0,0.9989,0.215,0.004,0.046,6.869,1.154,26.656,1.319,38.094
FireSmokeVideoNEW46_f0_jpg.rf.946d702a200935149a2bfd27e574bd51.jpg,0,0,0.9999,0.208,0.004,0.045,5.325,1.114,18.605,1.311,28.117
FireSmokeVideoNEW46_f11_jpg.rf.0936909f6cd873e909fd9cec877c6170.jpg,0,0,0.9411,0.211,0.004,0.046,8.402,5.035,27.18,4.769,47.103
FireSmokeVideoNEW46_f13_jpg.rf.0473876fe175a3df05494cecb56edf4b.jpg,0,0,0.9998,0.226,0.005,0.052,6.194,1.083,25.078,1.421,35.912
FireSmokeVideoNEW46_f17_jpg.rf.8ad412a7df70200affbd47d3955b8f23.jpg,0,0,1.0,0.21,0.004,0.046,5.976,2.87,22.059,1.786,34.754
FireSmokeVideoNEW46_f19_jpg.rf.a4ad74e22f482a72ff8982feeda7fc3d.jpg,0,0,0.9998,0.215,0.004,0.047,6.621,1.085,23.945,1.329,34.663
FireSmokeVideoNEW46_f2_jpg.rf.c648a34debc2802b7fcc427f8100ba55.jpg,0,0,0.9994,0.215,0.004,0.047,5.223,6.272,30.636,4.096,47.991
FireSmokeVideoNEW46_f3_jpg.rf.b37ca62c29e752c22d88e612645f6f13.jpg,0,0,0.9813,0.258,0.005,0.055,7.577,6.603,26.621,1.897,44.486
FireSmokeVideoNEW46_f5_jpg.rf.6fc10ebb6c245cf0beafb1715d734d4e.jpg,0,0,0.915,0.222,0.004,0.047,8.444,5.326,28.305,2.567,46.496
FireSmokeVideoNEW46_f7_jpg.rf.bdb3373b6a924b037a4685de7305f41b.jpg,0,0,0.9737,0.237,0.005,0.055,8.418,1.349,27.86,4.851,44.312
FireSmokeVideoNEW47_f51_jpg.rf.c88a9a00e436ad4847e42bef177b68ce.jpg,0,0,0.8785,0.278,0.004,0.204,9.666,5.999,18.614,1.327,37.749
FireSmokeVideoNEW48_f14_jpg.rf.56243d543269e852e51ed4a0117e8539.jpg,0,0,0.9809,0.214,0.004,0.048,6.92,1.11,26.537,1.642,38.086
FireSmokeVideoNEW48_f19_jpg.rf.0b70ec5385e2deb805c52d665f085647.jpg,0,0,0.9999,0.208,0.004,0.045,6.929,1.13,18.423,1.343,29.651
FireSmokeVideoNEW48_f20_jpg.rf.2b84e7c78da5d2d5c1921742e44bdc1e.jpg,0,0,1.0,0.209,0.004,0.044,6.164,1.153,26.503,2.99,38.531
FireSmokeVideoNEW48_f27_jpg.rf.6f0ea7fe884a78a1b811a178ab0eac35.jpg,0,0,0.862,0.213,0.004,0.045,8.515,6.162,30.238,4.765,51.861
FireSmokeVideoNEW48_f2_jpg.rf.ec11cbfdc108affb5a7c9723dbb7e5da.jpg,0,0,1.0,0.239,0.005,0.056,9.489,1.148,29.23,1.939,43.742
FireSmokeVideoNEW48_f4_jpg.rf.8cf00b4fa17c2551537859be9fde3adc.jpg,0,0,1.0,0.212,0.004,0.045,5.72,1.14,27.833,1.609,38.117
FireSmokeVideoNEW48_f9_jpg.rf.ca91030726b8b41e67493de29adad562.jpg,0,0,0.9999,0.217,0.005,0.047,7.393,3.37,18.447,1.399,32.562
FireSmokeVideoNEW53_f1_jpg.rf.be3cc4af60b8e00cd05cfa5e51ad005e.jpg,0,0,0.9985,0.226,0.004,0.05,8.364,3.282,26.413,2.327,42.204
FireSmokeVideoNEW53_f2_jpg.rf.3d973bf1ac678298859d488cb4bfe757.jpg,0,0,0.9987,0.22,0.004,0.048,6.219,5.977,24.437,1.639,40.389
FireSmokeVideoNEW53_f3_jpg.rf.c585371eb2404fbdf5969b1273dc86d6.jpg,0,0,0.999,0.212,0.005,0.049,7.06,5.851,26.68,5.039,46.373
FireSmokeVideoNEW53_f52_jpg.rf.a3230f3288fb962379665fb159f9317f.jpg,0,0,1.0,0.235,0.004,0.054,7.186,7.04,26.854,4.903,47.793
FireSmokeVideoNEW53_f5_jpg.rf.50876281755a19260cc1d23bde91547a.jpg,0,0,0.9989,0.225,0.005,0.052,10.346,7.556,25.466,2.873,48.301
FireSmokeVideoNEW53_f7_jpg.rf.7b454ecfa010b15be836f1818eb9bdcc.jpg,0,0,0.9999,0.216,0.004,0.045,9.42,2.275,31.708,1.588,46.704
FireSmokeVideoNEW53_f9_jpg.rf.fe1cd71cc35a34c3db2d47541a5a491f.jpg,0,0,0.9997,0.222,0.004,0.053,4.808,2.21,18.472,1.42,28.871
FireSmokeVideoNEW54_f13_jpg.rf.a9e867909a17f3f9c11ca08ddf18b5dc.jpg,0,0,0.9981,0.219,0.004,0.05,5.385,1.077,28.263,2.654,39.159
FireSmokeVideoNEW54_f38_jpg.rf.cca8610c8803098ff4c112e69e53928d.jpg,0,0,0.9998,0.211,0.005,0.047,4.78,1.351,18.426,1.231,27.457
FireSmokeVideoNEW54_f55_jpg.rf.8c8d8266780830e66fd8172a9978a3f3.jpg,0,0,0.9997,0.203,0.004,0.045,6.866,3.562,18.441,1.433,31.97
FireSmokeVideoNEW56_f20_jpg.rf.22946dd32acfc9afc317f1d62d04bfbf.jpg,0,0,1.0,0.209,0.004,0.044,4.625,1.13,26.881,1.413,35.766
FireSmokeVideoNEW56_f2_jpg.rf.80406e8b8db41fbb2a526666406933ea.jpg,0,0,0.9995,0.21,0.005,0.044,4.998,1.024,18.522,1.288,27.526
FireSmokeVideoNEW57_f0_jpg.rf.0f2ac245a69e897a0b3f132c5bf85c27.jpg,0,0,1.0,0.254,0.004,0.045,4.691,1.012,19.478,3.889,30.971
FireSmokeVideoNEW57_f17_jpg.rf.a453dc14f6f15fc3de4a74d44c01b582.jpg,0,0,1.0,0.211,0.004,0.046,6.562,2.105,27.502,1.659,39.635
FireSmokeVideoNEW57_f19_jpg.rf.193e9484ef231b4d852a672156a828fb.jpg,0,0,1.0,0.209,0.004,0.046,4.68,1.015,18.408,1.256,27.091
FireSmokeVideoNEW57_f31_jpg.rf.4740da129b70974c33df9d8baa14ef93.jpg,0,0,1.0,0.209,0.004,0.045,4.707,1.014,18.379,1.245,26.956
FireSmokeVideoNEW57_f42_jpg.rf.4f77a2a110e95e655d236b9a91d0cddc.jpg,0,0,0.9989,0.215,0.004,0.043,4.898,1.122,25.239,1.569,34.484
FireSmokeVideoNEW57_f6_jpg.rf.85c2607d9aad7c96de861d85c83cfd1e.jpg,0,0,0.9984,0.21,0.004,0.046,4.808,1.018,22.099,7.063,36.679
FireSmokeVideoNEW58_f17_jpg.rf.076d9217e2466be0e0fd241ae7f862a3.jpg,0,0,0.987,0.209,0.004,0.044,5.398,1.038,18.467,1.316,27.926
FireSmokeVideoNEW63_f11_jpg.rf.25ae51ab6751c2d51da80735217b0266.jpg,0,0,0.9893,0.206,0.004,0.045,5.607,3.453,31.051,1.667,43.505
FireSmokeVideoNEW63_f13_jpg.rf.b6d8ff5649c5231eb191262548710ec5.jpg,0,0,0.9817,0.213,0.004,0.046,5.0,3.92,26.926,4.975,42.766
FireSmokeVideoNEW63_f19_jpg.rf.e15a7746a3b7c63745c8c7b7da181fdf.jpg,0,0,0.9944,0.216,0.004,0.049,8.149,1.123,28.173,2.338,41.839
FireSmokeVideoNEW63_f36_jpg.rf.a0eba986ede34082f38d6ce0b5e4fbca.jpg,0,1,0.6958,0.228,0.005,0.05,11.441,7.053,26.747,1.566,48.547
FireSmokeVideoNEW63_f42_jpg.rf.fe301e2deb9d6c60b048e228f8e3f78b.jpg,0,1,0.945,0.224,0.004,0.051,7.164,1.87,26.843,1.693,39.668
FireSmokeVideoNEW63_f6_jpg.rf.7c4ff88b991b7d55bc27353d442f6479.jpg,0,0,0.9917,0.226,0.004,0.051,5.596,5.777,24.237,1.536,38.989
FireSmokeVideoNEW63_f9_jpg.rf.a020de6c38e4bc3866286605bb6758c0.jpg,0,0,0.9147,0.226,0.004,0.048,7.955,5.894,31.128,5.254,52.011
FireSmokeVideoNEW64_f150_jpg.rf.6ec4b2d180978f7148d8db8b68ec3d6c.jpg,0,0,1.0,0.229,0.006,0.055,7.923,0.946,22.338,1.508,34.938
FireSmokeVideoNEW67_f2_jpg.rf.daadde4a854a81a0f02598ae3a1873b7.jpg,0,0,0.9922,0.228,0.004,0.05,8.49,1.341,24.915,1.391,37.989
FireSmokeVideoNEW67_f3_jpg.rf.e4ecce359edcc9aaee297ded26bd224d.jpg,0,0,0.9988,0.217,0.004,0.05,4.839,1.039,18.471,1.305,27.382
FireSmokeVideoNEW67_f4_jpg.rf.7ef6096d19f1e5d6c95361f949b8b860.jpg,0,0,0.9986,0.209,0.004,0.047,6.206,1.075,18.506,1.327,28.848
FireSmokeVideoNEW6_f10_jpg.rf.8cbe534300bd63ed1a2225d5bacef23f.jpg,0,0,0.9868,0.219,0.004,0.047,9.044,4.949,30.466,1.622,47.9
FireSmokeVideoNEW6_f13_jpg.rf.0554da6efca5c9547c0d2db399f61286.jpg,0,0,0.9432,0.212,0.004,0.046,8.614,3.851,18.418,1.277,33.897
FireSmokeVideoNEW6_f1_jpg.rf.3d6226ac747b206b2b0e2a82d90ad4c3.jpg,0,0,0.9914,0.217,0.004,0.048,6.796,1.049,18.4,1.254,29.166
FireSmokeVideoNEW6_f24_jpg.rf.8d2308fb08f265e0b97f90584fe28e2e.jpg,0,0,1.0,0.209,0.005,0.044,5.583,1.168,25.286,2.609,36.364
FireSmokeVideoNEW6_f2_jpg.rf.e109f60eb45b81065e94ec815811ebcd.jpg,0,0,0.9972,0.209,0.004,0.08,5.588,1.549,18.449,1.381,28.77
FireSmokeVideoNEW6_f4_jpg.rf.0d6b29d2f459353f71ddf60ae2b2fc48.jpg,0,0,0.9781,0.217,0.004,0.047,5.999,1.157,26.289,1.394,36.567
FireSmokeVideoNEW6_f6_jpg.rf.77b5c7930d92854bf87af48e1700c4e0.jpg,0,0,0.78,0.213,0.004,0.101,6.275,1.035,26.684,1.414,37.201
FireSmokeVideoNEW6_f8_jpg.rf.f309ef160b3c3c369fea22b5a31bfda5.jpg,0,0,0.9427,0.216,0.004,0.048,4.81,1.6,18.442,1.383,27.923
FireSmokeVideoNEW73_f1_jpg.rf.5804fa5e2c17b2760c764f6cd0e4ee7a.jpg,0,0,0.9995,0.206,0.004,0.045,4.775,1.075,18.426,1.303,27.249
FireSmokeVideoNEW73_f31_jpg.rf.a5a7abcd560770f3ad8075c832046ab6.jpg,0,0,0.4618,0.215,0.004,0.046,4.664,1.053,25.283,1.663,34.29
FireSmokeVideoNEW73_f33_jpg.rf.be83c389fea72019723db1dbe2661485.jpg,0,1,0.5685,0.212,0.005,0.045,5.472,1.08,18.501,1.235,28.602
FireSmokeVideoNEW73_f3_jpg.rf.80cf7fd5835b56a66d2a5007f28b4327.jpg,0,0,0.9999,0.213,0.004,0.045,6.963,1.062,18.399,1.252,29.341
FireSmokeVideoNEW73_f45_jpg.rf.9dc49a737143aa0848b6916ab608c543.jpg,0,0,0.9921,0.216,0.005,0.046,5.208,1.166,29.891,2.704,40.658
FireSmokeVideoNEW73_f4_jpg.rf.800537e07a64962896778864b0591eae.jpg,0,0,0.9999,0.22,0.004,0.049,10.592,5.2,27.059,1.724,46.436
FireSmokeVideoNEW73_f6_jpg.rf.515f0defa87139b149a5cfdee21313ac.jpg,0,0,1.0,0.217,0.004,0.048,10.063,1.566,30.184,1.939,45.462
FireSmokeVideoNEW75_f33_jpg.rf.2ee9cdd9def279ff273ef66e7a0cb377.jpg,0,0,1.0,0.229,0.005,0.051,5.786,1.071,30.843,1.704,41.332
FireSmokeVideoNEW75_f35_jpg.rf.b80679d1063fcd1f85d0d3f0c78ba13b.jpg,0,0,1.0,0.267,0.005,0.055,6.292,4.387,26.665,1.842,41.422
FireSmokeVideoNEW75_f45_jpg.rf.69e2c92e7d989e8269ffd61a27a2aa13.jpg,0,0,1.0,0.238,0.004,0.09,11.026,6.538,33.989,3.041,56.665
FireSmokeVideoNEW75_f48_jpg.rf.4fe0cc9fcd7df1aa6c6bed8ca01c8015.jpg,0,0,0.9999,0.284,0.006,0.06,9.86,8.965,26.462,1.996,49.12
FireSmokeVideoNEW75_f68_jpg.rf.9aaeb12d401e8cc7f2939155adecc0f5.jpg,0,0,0.9999,0.228,0.005,0.135,8.513,9.616,24.912,1.61,46.537
FireSmokeVideoNEW75_f75_jpg.rf.e88e49fecb20c35c69c34942f33a06a7.jpg,0,0,1.0,0.23,0.005,0.052,5.697,1.501,24.805,3.81,37.69
FireSmokeVideoNEW75_f78_jpg.rf.87dddcc348df8fb661dcc67f17bb9f2d.jpg,0,0,1.0,0.232,0.005,0.053,11.699,8.387,30.509,3.649,56.352
FireSmokeVideoNEW75_f80_jpg.rf.9471fe6a95f23f6cf0169b283586d685.jpg,0,0,1.0,0.238,0.005,0.056,7.243,1.109,26.407,1.617,38.281
FireSmokeVideoNEW77_f0_jpg.rf.4a14fd690d14ad736592948ee9e8479d.jpg,0,0,0.9999,0.224,0.005,0.051,6.983,7.236,24.738,2.348,43.98
FireSmokeVideoNEW77_f2_jpg.rf.88e0bee913f1efd71b9762beba9a9758.jpg,0,0,0.9959,0.237,0.005,0.051,9.487,9.196,26.718,2.306,50.448
FireSmokeVideoNEW77_f4_jpg.rf.11fca767124a67dfda05ea0ff98197d6.jpg,0,0,0.8525,0.224,0.004,0.055,11.112,1.165,19.993,1.417,35.546
FireSmokeVideoNEW77_f6_jpg.rf.0adf49b0786314e6dcf2ae804245b4c3.jpg,0,0,0.9999,0.236,0.005,0.052,5.862,1.098,25.231,1.421,35.49
FireSmokeVideoNEW78_f100_jpg.rf.0246a93591f580c23841f1f7a03d4378.jpg,0,0,0.9943,0.218,0.004,0.048,4.896,1.068,18.397,1.251,27.343
FireSmokeVideoNEW78_f102_jpg.rf.a2d5cf1ede7214163378c154870f20df.jpg,0,0,0.9463,0.214,0.004,0.046,4.855,1.1,18.396,1.442,27.573
FireSmokeVideoNEW78_f104_jpg.rf.4dfdeaab2d0f11e560669b1db346ab29.jpg,0,0,0.9988,0.219,0.005,0.048,5.656,1.094,28.086,1.402,37.988
FireSmokeVideoNEW78_f106_jpg.rf.03e27ed66fb5e083bcd70ef8e2b22de7.jpg,0,0,0.994,0.204,0.003,0.045,4.652,1.061,18.429,1.397,27.168
FireSmokeVideoNEW78_f10_jpg.rf.69aed95726c0095073665b0547b6c0ed.jpg,0,0,0.998,0.215,0.004,0.042,4.704,1.026,21.401,1.348,30.108
FireSmokeVideoNEW78_f122_jpg.rf.28dbb8a05a0291954b64ab4b75560d87.jpg,0,0,0.9087,0.205,0.004,0.042,5.275,1.145,31.225,1.833,41.223
FireSmokeVideoNEW78_f124_jpg.rf.da29f797f636157db5e44eeee1e233f9.jpg,0,1,0.7612,0.241,0.005,0.051,11.708,8.389,26.368,6.113,54.48
FireSmokeVideoNEW78_f127_jpg.rf.321d817e07be65ecfaaed302fe940299.jpg,0,0,0.9475,0.231,0.005,0.053,7.612,6.203,25.65,1.539,42.763
FireSmokeVideoNEW78_f12_jpg.rf.2f015eabaf21f5b942f8a0bcf23d91ff.jpg,0,0,0.9983,0.236,0.005,0.053,7.587,2.001,30.812,2.47,44.675
FireSmokeVideoNEW78_f131_jpg.rf.b3b8dd2cd92377e41c69b08136962380.jpg,0,0,0.9999,0.236,0.005,0.056,6.809,3.887,28.087,3.97,44.786
FireSmokeVideoNEW78_f133_jpg.rf.b1330a0b83a815537dcb8cf7a805c634.jpg,0,0,0.9998,0.304,0.005,0.047,5.594,1.075,29.528,4.702,43.106
FireSmokeVideoNEW78_f136_jpg.rf.07483348f2b8003d1b57ebe68cabe6dd.jpg,0,0,0.9688,0.218,0.004,0.049,10.657,6.025,20.35,3.233,42.066
FireSmokeVideoNEW78_f138_jpg.rf.507f5c7806e18c1a350e44407de0fe2a.jpg,0,0,0.9948,0.223,0.004,0.049,12.065,6.452,29.126,5.909,55.356
FireSmokeVideoNEW78_f13_jpg.rf.e9056c18bdbf9fbd1a8673f84e127374.jpg,0,0,0.9826,0.221,0.005,0.05,12.445,6.573,27.37,2.459,50.601
FireSmokeVideoNEW78_f142_jpg.rf.3ad7a5e4c0bf22702d7b5346f04bc6ed.jpg,0,0,1.0,0.23,0.005,0.059,10.732,6.507,24.047,5.896,49.24
FireSmokeVideoNEW78_f145_jpg.rf.037ccfa0fc4c862099bf7bf7346c0f5f.jpg,0,0,0.9553,0.248,0.005,0.058,10.505,7.729,30.121,2.732,53.011
FireSmokeVideoNEW78_f147_jpg.rf.53226233b248526015d8caca17485998.jpg,0,0,0.9997,0.229,0.004,0.049,13.157,10.285,30.277,1.776,57.319
FireSmokeVideoNEW78_f14_jpg.rf.e0b0e00597d55eb4106355586ac58022.jpg,0,0,0.996,0.226,0.005,0.054,10.759,10.778,28.625,2.086,54.188
FireSmokeVideoNEW78_f152_jpg.rf.1468ff75ff69d32c3b5da5a0f41b31d5.jpg,0,0,0.9183,0.239,0.004,0.058,10.582,4.917,30.638,1.627,49.698
FireSmokeVideoNEW78_f158_jpg.rf.44c2d57f7bada69f448ebba94a5be347.jpg,0,0,0.9824,0.253,0.005,0.061,7.786,3.51,24.667,1.521,39.315
FireSmokeVideoNEW78_f15_jpg.rf.61bfc553293c8b84ca5e66929864acdf.jpg,0,1,0.5095,0.231,0.005,0.055,6.736,5.977,30.145,1.902,46.601
FireSmokeVideoNEW78_f161_jpg.rf.fc6ab255d1073c4cd042aea1a9ffc0ce.jpg,0,0,0.5263,0.49,0.005,0.05,9.991,5.999,24.123,2.065,44.343
FireSmokeVideoNEW78_f164_jpg.rf.58c533961fb4ab7e37ea72d1d25da9f6.jpg,0,0,0.9219,0.231,0.004,0.054,11.088,5.926,30.129,1.45,50.35
FireSmokeVideoNEW78_f17_jpg.rf.299e2d271ee22e3adee51bd0a3922796.jpg,0,1,0.5605,0.234,0.005,0.053,9.553,2.421,21.67,1.409,36.908
FireSmokeVideoNEW78_f19_jpg.rf.6a9a9334d939cc1725e048d33aaac632.jpg,0,0,0.9999,0.232,0.005,0.052,8.437,4.833,25.978,3.167,44.155
FireSmokeVideoNEW78_f26_jpg.rf.808c1332a8ddd27dc683519fdb709c59.jpg,0,0,0.9995,0.226,0.005,0.05,6.573,0.977,18.43,1.24,29.03
FireSmokeVideoNEW78_f31_jpg.rf.f9b23ec992e523a23dab00a5f1df7323.jpg,0,0,0.9998,0.226,0.004,0.047,8.159,1.568,26.57,1.326,39.361
FireSmokeVideoNEW78_f34_jpg.rf.048c3a009cf9f01f2c893c3a7f4d29f9.jpg,0,0,0.9771,0.211,0.004,0.047,5.542,1.101,18.406,1.442,28.241
FireSmokeVideoNEW78_f38_jpg.rf.d7bcbb88a8606325bca512f08fb12b85.jpg,0,0,0.9998,0.211,0.003,0.049,5.65,1.081,18.468,1.258,28.108
FireSmokeVideoNEW78_f42_jpg.rf.e3b7341b07eedc97e4f9e71568efcf3b.jpg,0,0,0.9999,0.258,0.004,0.046,5.581,1.043,26.651,1.302,36.366
FireSmokeVideoNEW78_f47_jpg.rf.0441a6536279080fb8d9e3973da359e1.jpg,0,0,0.9994,0.242,0.004,0.046,5.373,1.025,18.501,1.288,27.867
FireSmokeVideoNEW78_f49_jpg.rf.dde62e81d3b1003dec55327fb90205a1.jpg,0,0,0.9997,0.215,0.005,0.047,5.855,0.95,18.448,1.208,28.079
FireSmokeVideoNEW78_f52_jpg.rf.97cae6149ae8788c2184eaed6c87a189.jpg,0,0,0.9997,0.202,0.004,0.046,5.472,0.988,26.616,1.296,36.046
FireSmokeVideoNEW78_f61_jpg.rf.be1e2bc45ce111239fd79c23f8ab84da.jpg,0,0,0.9987,0.229,0.004,0.048,5.793,3.476,19.971,1.302,32.215
FireSmokeVideoNEW78_f63_jpg.rf.fbb9f0f738cfd1b52d9679fde4e550d0.jpg,0,0,0.9757,0.218,0.004,0.049,8.266,5.124,21.65,2.229,38.877
FireSmokeVideoNEW78_f75_jpg.rf.9736fba22ca009ad8d833f2743ffdbc4.jpg,0,0,0.9966,0.23,0.005,0.05,7.409,6.858,29.579,1.689,47.29
FireSmokeVideoNEW78_f78_jpg.rf.ad211232a0cea8103bc29bcabecf64d2.jpg,0,1,0.6073,0.228,0.005,0.049,10.759,8.589,26.634,1.862,50.223
FireSmokeVideoNEW78_f88_jpg.rf.9c9b2172a345b216cb3b8b94a5c2d2ab.jpg,0,0,0.9975,0.219,0.004,0.047,13.489,9.245,26.675,5.641,56.892
FireSmokeVideoNEW78_f90_jpg.rf.80cbc2f807fa48bb77a0ddbb4f92d53b.jpg,0,0,0.6735,0.243,0.005,0.057,12.942,10.724,29.075,2.231,56.755
FireSmokeVideoNEW78_f92_jpg.rf.27764e757cbe076dd10b68e650b76830.jpg,0,1,0.9397,0.236,0.005,0.053,14.59,8.469,32.258,2.037,60.375
FireSmokeVideoNEW79_f0_jpg.rf.6c233f9324baca74d71237694e6208bd.jpg,0,0,0.8356,0.228,0.005,0.052,9.27,5.621,32.721,4.295,53.662
FireSmokeVideoNEW79_f2_jpg.rf.5ab5b7083ef2140587b2a747e3586750.jpg,0,1,0.5802,0.223,0.005,0.049,16.993,4.158,32.857,1.995,57.784
FireSmokeVideoNEW80_f50_jpg.rf.7f64db0a23902eb4e695223dd5747b37.jpg,0,1,0.5639,0.218,0.004,0.048,10.276,5.456,27.333,2.176,46.996
FireSmokeVideoNEW80_f61_jpg.rf.959eac64f354d759776d524f88c45b54.jpg,0,0,1.0,0.219,0.004,0.046,11.31,6.417,24.947,4.616,49.146
FireSmokeVideoNEW80_f65_jpg.rf.7f149793ecdde0a3088c67a29cf616da.jpg,0,0,1.0,0.213,0.004,0.046,12.371,9.751,26.001,5.663,57.102
FireSmokeVideoNEW81_f211_jpg.rf.38c21e9ceb0d450c3ed4ca3cf710875d.jpg,0,0,0.9998,0.239,0.004,0.056,9.284,3.811,25.473,3.598,43.98
FireSmokeVideoNEW89_f11_jpg.rf.70971440ad7fa3a635d4cc1ab55cad11.jpg,0,0,0.9999,0.241,0.004,0.054,9.843,5.308,28.729,1.913,47.896
FireSmokeVideoNEW89_f17_jpg.rf.ec3175100da4cb6b501a733b338779f7.jpg,0,0,1.0,0.341,0.005,0.05,10.263,2.519,20.013,1.307,35.912
FireSmokeVideoNEW89_f1_jpg.rf.37a11c7ddf12f38ce97517fee96442bb.jpg,0,0,1.0,0.213,0.004,0.045,9.64,3.683,23.44,1.256,39.681
FireSmokeVideoNEW89_f2_jpg.rf.16478f8bf0e21d7ae5ef8e7051a527cb.jpg,0,0,1.0,0.215,0.004,0.044,5.784,1.053,15.784,1.251,25.507
FireSmokeVideoNEW89_f4_jpg.rf.fa8d6c732f82ea8bce65e81448214a57.jpg,0,0,0.9999,0.222,0.005,0.047,6.763,2.184,15.764,1.238,27.621
FireSmokeVideoNEW89_f6_jpg.rf.ccdfa2eab1b682546c276d848611695a.jpg,0,0,1.0,0.203,0.005,0.043,4.688,1.96,21.792,1.245,31.379
FireSmokeVideoNEW91_f108_jpg.rf.5ef9b4b7ed321d80a6402fbdae06d84b.jpg,0,0,0.6716,0.205,0.004,0.046,5.059,1.016,16.569,1.273,25.521
FireSmokeVideoNEW91_f12_jpg.rf.2be217fe87bb1d10063e40ad2f98edfb.jpg,0,0,0.7195,0.209,0.004,0.044,8.556,3.909,25.495,2.582,42.228
FireSmokeVideoNEW91_f13_jpg.rf.6304559d635dfce84893aab443a42e65.jpg,0,0,0.8431,0.215,0.004,0.049,7.309,1.841,24.93,2.541,38.433
FireSmokeVideoNEW91_f148_jpg.rf.9e5f4e32806ea4cc19e38216c32ddd68.jpg,0,0,0.8684,0.221,0.004,0.049,5.344,1.121,18.52,1.348,28.544
FireSmokeVideoNEW91_f170_jpg.rf.d36210d91c7d46d5ca51b63bc9498af5.jpg,0,0,0.8519,0.218,0.004,0.048,5.602,1.251,18.448,1.26,28.194
FireSmokeVideoNEW91_f21_jpg.rf.a12d1de3d7849f71b00134f7aad3c96e.jpg,0,0,0.9102,0.204,0.004,0.043,5.329,2.071,27.472,3.959,40.464
FireSmokeVideoNEW91_f38_jpg.rf.a087aed53a287ec998541fb45a7d99bd.jpg,0,0,0.9996,0.224,0.004,0.047,9.268,3.638,19.881,1.401,35.905
FireSmokeVideoNEW91_f40_jpg.rf.780ddb94651d757a91f575081bd62f4b.jpg,0,0,0.9996,0.222,0.004,0.049,8.082,3.537,18.477,1.275,33.035
FireSmokeVideoNEW91_f42_jpg.rf.32a7340390b259f4193b115a5e8b8e6e.jpg,0,0,0.6512,0.251,0.004,0.048,8.003,3.084,25.104,1.436,39.348
FireSmokeVideoNEW91_f47_jpg.rf.950519a05fa951eb26376e406dab7dbf.jpg,0,0,0.8209,0.208,0.005,0.046,6.849,0.989,32.122,5.102,46.755
FireSmokeVideoNEW91_f6_jpg.rf.6737f231d43f4a31b404b6c2d00a7653.jpg,0,0,0.9863,0.233,0.004,0.052,5.187,1.065,18.421,1.545,28.023
FireSmokeVideoNEW91_f83_jpg.rf.b3ce501ee874dfaa8930d94da168fbcf.jpg,0,0,0.6589,0.223,0.004,0.049,4.95,1.297,25.319,1.669,35.028
FireSmokeVideoNEW94_f46_jpg.rf.388c6a516184b8ceb517c84668463f97.jpg,0,0,1.0,0.22,0.005,0.051,4.969,1.047,18.48,1.318,27.478
FireSmokeVideoNEW94_f51_jpg.rf.3626a9e872bd6254896a5f991db229b2.jpg,0,0,1.0,0.223,0.003,0.046,6.05,3.782,24.254,3.077,39.001
FireSmokeVideoNEW95_f106_jpg.rf.7ac012d87c7064e231e67b159d856e28.jpg,0,0,0.9987,0.232,0.004,0.049,9.173,4.429,30.514,2.828,48.678
FireSmokeVideoNEW95_f114_jpg.rf.c99df44b78ce44d23869a9bf3e625f92.jpg,0,0,0.8665,0.218,0.005,0.048,9.382,4.168,23.201,1.451,40.054
FireSmokeVideoNEW95_f13_jpg.rf.60cf14a601d84bc46dadd09d8994103b.jpg,0,0,1.0,0.226,0.004,0.052,9.851,4.187,28.626,1.624,46.113
FireSmokeVideoNEW95_f15_jpg.rf.f4b4ef47a62a51c9b6f84fe85b00c663.jpg,0,0,1.0,0.225,0.005,0.048,10.964,4.766,26.481,4.856,48.867
FireSmokeVideoNEW95_f18_jpg.rf.fdc6e6e99e84c4e6f0c6a9801a40822d.jpg,0,0,1.0,0.242,0.004,0.059,7.174,6.822,31.323,1.684,48.852
FireSmokeVideoNEW95_f1_jpg.rf.9804acdca65427359fba9b986ef302a2.jpg,0,0,1.0,0.241,0.004,0.054,10.772,5.689,30.082,1.849,50.151
FireSmokeVideoNEW95_f24_jpg.rf.7b772eb5e401a33372318f80ab499a50.jpg,0,0,1.0,0.25,0.005,0.058,11.258,6.312,38.845,2.99,61.248
FireSmokeVideoNEW95_f32_jpg.rf.44f112f3dbd99de1d1a8077f4babbf85.jpg,0,0,1.0,0.263,0.005,0.066,10.507,6.495,17.341,1.636,38.246
FireSmokeVideoNEW95_f37_jpg.rf.da1a2dd187454ee9f36d002cac9e5bbe.jpg,0,0,1.0,0.244,0.005,0.063,9.653,4.241,18.411,1.499,35.761
FireSmokeVideoNEW95_f3_jpg.rf.f97f1088cab1defa5ede17fae3662dda.jpg,0,0,1.0,0.229,0.005,0.055,8.249,3.445,25.353,2.312,41.457
FireSmokeVideoNEW95_f45_jpg.rf.9844ba63008fca16a3502cdc3c933efc.jpg,0,0,0.9935,0.276,0.005,0.056,6.717,1.228,19.96,1.423,31.196
FireSmokeVideoNEW95_f50_jpg.rf.3d5c735424cc3a268d3362e0fa08dc16.jpg,0,0,0.9993,0.227,0.004,0.052,5.119,1.058,25.095,1.381,34.711
FireSmokeVideoNEW95_f5_jpg.rf.cdc15902b07229d99725abc0684fcbeb.jpg,0,0,1.0,0.214,0.004,0.048,5.116,1.062,18.426,1.496,27.926
FireSmokeVideoNEW95_f63_jpg.rf.df736824eb6997aabc4ce76c0164e51b.jpg,0,0,1.0,0.219,0.005,0.048,5.053,1.094,18.43,1.378,27.685
FireSmokeVideoNEW95_f76_jpg.rf.32126628e086bbad37b3cb91027df6f7.jpg,0,0,1.0,0.215,0.004,0.047,8.854,4.302,31.781,2.281,48.946
FireSmokeVideoNEW95_f80_jpg.rf.ff75a8d8a75895d16e986cf812a0dacb.jpg,0,0,0.9999,0.215,0.004,0.048,7.284,3.905,18.26,1.578,32.801
FireSmokeVideoNEW95_f86_jpg.rf.77ef4245f2953f19593223d6430fa91d.jpg,0,0,1.0,0.216,0.004,0.047,5.967,1.2,27.079,1.641,37.738
FireSmokeVideoNEW95_f93_jpg.rf.75818e05099b5c576452f919c5123dcc.jpg,0,0,1.0,0.215,0.005,0.046,5.139,1.088,23.348,2.394,33.656
FireSmokeVideoNEW99_f10_jpg.rf.01b20f0e79f99cce5df8d577002a3842.jpg,0,1,0.8395,0.218,0.005,0.048,7.766,3.262,25.193,6.103,44.024
FireSmokeVideoNEW99_f32_jpg.rf.89458da19c6af99040a01488035d8c55.jpg,0,0,0.9974,0.217,0.005,0.047,7.026,1.088,26.369,1.693,38.03
FireSmokeVideoNEW99_f40_jpg.rf.eb37bb0cdb2d2172b8c1b9940ce6d06f.jpg,0,0,0.9994,0.258,0.004,0.05,4.897,1.074,18.508,1.346,27.639
FireSmokeVideoNEW99_f76_jpg.rf.1418a6430312c9788d22cda8ccd39184.jpg,0,0,0.9995,0.222,0.005,0.049,5.156,1.088,22.397,1.408,32.062
