image,true_label,pred_label,confidence,input_and_metadata_ms,region_validation_ms,crop_extraction_ms,resize_and_preprocess_ms,batch_construction_ms,model_inference_ms,majority_vote_ms,total_ms
FireSmokeVideoNEW0_f22_jpg.rf.8985f041e5b98af6012221a0df4f7bb4.jpg,1,1,1.0,0.231,0.007,0.069,6.621,2.562,11.494,0.292,21.662
FireSmokeVideoNEW0_f24_jpg.rf.bec4c423d7235a25d9b3146aa064ef94.jpg,1,1,1.0,0.212,0.004,0.052,8.983,4.73,12.44,0.253,27.207
FireSmokeVideoNEW0_f26_jpg.rf.e68ce6fbbf069fc3519569a9f0d61247.jpg,1,1,1.0,0.21,0.005,0.052,3.637,0.894,6.885,0.373,12.444
FireSmokeVideoNEW100_f13_jpg.rf.3cab1ba74047190369553b759c249651.jpg,1,1,1.0,0.326,0.007,0.066,5.478,1.918,9.516,0.263,18.102
FireSmokeVideoNEW100_f18_jpg.rf.ac57d16ac234ea35503434017b0d7936.jpg,1,1,0.9999,0.214,0.005,0.057,5.041,0.999,6.856,0.364,13.907
FireSmokeVideoNEW100_f22_jpg.rf.414d4e3c8eabf2734516473bcee081b3.jpg,1,1,1.0,0.329,0.006,0.065,7.378,4.406,6.725,0.326,19.634
FireSmokeVideoNEW100_f27_jpg.rf.d440e669b944d0e126d6b9e9e899fd1a.jpg,1,1,0.9999,0.191,0.004,0.049,6.105,3.543,7.242,0.225,17.931
FireSmokeVideoNEW100_f29_jpg.rf.8b8b298e3b9d8547f2aa97df45c87bda.jpg,1,1,0.9999,0.201,0.005,0.049,7.353,3.435,11.02,0.404,23.05
FireSmokeVideoNEW100_f35_jpg.rf.26902d166504a005e989288a33974699.jpg,1,1,1.0,0.206,0.004,0.053,8.215,3.829,6.406,0.243,19.343
FireSmokeVideoNEW100_f51_jpg.rf.5d5a8fce90b54ca27c1d78496d70be98.jpg,1,1,0.9999,0.199,0.004,0.053,22.12,1.317,6.838,0.377,31.324
FireSmokeVideoNEW100_f54_jpg.rf.deb4934b4d254ff0d2151ab4b226bd30.jpg,1,1,1.0,0.209,0.005,0.054,16.938,3.752,6.571,0.239,28.159
FireSmokeVideoNEW100_f56_jpg.rf.fb63e4c0e32aa91f304e675bea7c6451.jpg,1,1,1.0,0.205,0.005,0.055,10.164,1.031,9.358,0.268,21.568
FireSmokeVideoNEW100_f74_jpg.rf.6dbac089262a0484294bad2686f293a4.jpg,1,1,1.0,0.207,0.004,0.052,6.822,2.722,8.119,0.467,18.92
FireSmokeVideoNEW100_f76_jpg.rf.a3b3783d77c6060652ec1972e52945b4.jpg,1,1,1.0,0.217,0.005,0.06,5.941,1.026,8.403,0.238,16.284
FireSmokeVideoNEW100_f80_jpg.rf.c7b1b6d87fe1581d087e2babcd5343cd.jpg,1,1,1.0,0.211,0.005,0.055,4.754,1.413,6.439,0.237,13.49
FireSmokeVideoNEW100_f8_jpg.rf.8cdf1b53d711306fcc3671fb17c63715.jpg,1,1,1.0,0.224,0.005,0.052,3.195,1.003,6.485,0.237,11.58
FireSmokeVideoNEW100_f93_jpg.rf.8f1d3d0acbb786aa3e663017e362030b.jpg,1,1,1.0,0.209,0.004,0.055,6.018,1.397,6.485,0.232,14.786
FireSmokeVideoNEW101_f74_jpg.rf.b40eb61068efb3029e60fb0da7817ba0.jpg,1,0,0.8709,0.207,0.004,0.05,2.327,0.958,6.468,0.225,10.605
FireSmokeVideoNEW103_f38_jpg.rf.46f003d9350c5f9ba187385455fd722f.jpg,1,1,1.0,0.208,0.005,0.051,2.307,0.966,6.506,0.238,10.651
FireSmokeVideoNEW103_f40_jpg.rf.bbe9dcd13072bfcea5eb25d5e0e7edad.jpg,1,1,1.0,0.242,0.004,0.051,2.631,1.662,6.429,0.227,11.62
FireSmokeVideoNEW103_f43_jpg.rf.6b86f977948ffb4075bf842f40f298f8.jpg,1,1,1.0,0.285,0.005,0.052,2.274,0.941,6.487,0.232,10.637
FireSmokeVideoNEW103_f48_jpg.rf.c01bd10387110154c4d65f733af5dd33.jpg,1,1,1.0,0.238,0.005,0.065,7.188,2.824,12.112,0.275,23.125
FireSmokeVideoNEW103_f53_jpg.rf.06d78f97a6bd82da23e6934c4be34911.jpg,1,1,1.0,0.206,0.004,0.051,2.987,0.966,6.918,0.357,11.87
FireSmokeVideoNEW103_f55_jpg.rf.234b4a520a09933bc5c380c6e8ac4700.jpg,1,1,1.0,0.213,0.004,0.05,2.373,0.95,6.54,0.246,10.752
FireSmokeVideoNEW103_f57_jpg.rf.5590d8fa82c520d8f2bf21d3792422a9.jpg,1,1,1.0,0.218,0.005,0.051,2.341,0.93,6.513,0.253,10.682
FireSmokeVideoNEW103_f59_jpg.rf.f4a4ca0c64bcb51dcc538f942f4bed77.jpg,1,1,0.9996,0.379,0.005,0.05,2.267,0.941,8.42,0.249,12.681
FireSmokeVideoNEW103_f69_jpg.rf.107c6757968ca4bfeaf97df6ae6cac5b.jpg,1,1,1.0,0.206,0.004,0.052,2.305,1.363,6.549,0.239,11.093
FireSmokeVideoNEW103_f92_jpg.rf.df707faffb31edd4f980cd3123a6b460.jpg,1,1,0.9999,0.21,0.005,0.052,2.276,1.036,6.474,0.234,10.671
FireSmokeVideoNEW106_f12_jpg.rf.c3a3dae95e573db93191a1edb50936e5.jpg,1,1,0.8303,0.211,0.004,0.053,2.298,0.95,6.578,0.274,10.741
FireSmokeVideoNEW106_f14_jpg.rf.331af05784389f5dc2ef80f1570a76fb.jpg,1,1,0.9952,0.347,0.007,0.072,5.429,4.682,11.3,0.248,22.508
FireSmokeVideoNEW106_f28_jpg.rf.ad2c009c83ccf5aaa3ddd7221c4ee1f4.jpg,1,1,0.9992,0.218,0.004,0.053,6.297,3.726,7.447,0.271,18.56
FireSmokeVideoNEW106_f3_jpg.rf.100e86d2d578c506662d2ec505c13c32.jpg,1,1,0.9977,0.328,0.008,0.068,4.533,3.181,6.634,0.934,16.058
FireSmokeVideoNEW107_f106_jpg.rf.113c590393888042cc28e8f491be7648.jpg,1,1,1.0,0.295,0.006,0.063,4.839,3.081,6.774,0.27,15.691
FireSmokeVideoNEW107_f123_jpg.rf.9b0580b6b19e2485a2b4ba7b49973b91.jpg,1,1,1.0,0.316,0.007,0.066,5.123,3.129,9.387,0.37,18.775
FireSmokeVideoNEW107_f127_jpg.rf.829b599800fa2ff96700b10087ad3476.jpg,1,1,1.0,0.202,0.005,0.048,5.03,3.487,7.25,0.222,16.735
FireSmokeVideoNEW107_f26_jpg.rf.61a2a027fdf7da306caca75ebb153434.jpg,1,1,1.0,0.202,0.005,0.048,5.773,4.092,12.194,0.251,23.112
FireSmokeVideoNEW107_f28_jpg.rf.77d96d55d8f5bd713af7a40d7bd68cf9.jpg,1,1,1.0,0.3,0.006,0.058,5.033,3.391,6.861,0.323,16.345
FireSmokeVideoNEW107_f2_jpg.rf.2ae3871bad997558e861e368aa59a114.jpg,1,1,1.0,0.376,0.007,0.065,2.743,1.705,7.222,0.242,12.867
FireSmokeVideoNEW107_f36_jpg.rf.55484257687fcb98dd9853c45d221ffb.jpg,1,1,1.0,0.307,0.008,0.065,3.237,1.374,6.549,0.336,12.284
FireSmokeVideoNEW107_f4_jpg.rf.a620a7201724ee71ecef0da20f8f7cca.jpg,1,1,1.0,0.201,0.005,0.053,2.295,0.905,6.687,0.317,10.85
FireSmokeVideoNEW107_f7_jpg.rf.e893ab93fd1147461c1d1018f93c0b43.jpg,1,1,1.0,0.201,0.004,0.047,2.299,0.989,6.406,0.222,10.554
FireSmokeVideoNEW107_f92_jpg.rf.24302c17033c41be0e8a851dd409a218.jpg,1,1,1.0,0.204,0.004,0.053,2.136,1.001,6.396,0.222,10.397
FireSmokeVideoNEW107_f98_jpg.rf.899748aa5ce4273733a59fe30b4d0c48.jpg,1,1,1.0,0.233,0.004,0.05,2.158,1.107,6.448,0.232,10.584
FireSmokeVideoNEW108_f17_jpg.rf.ac2f7536732dd04f1f8ac409305412e5.jpg,1,1,1.0,0.209,0.004,0.049,5.046,3.887,9.807,0.261,19.645
FireSmokeVideoNEW108_f38_jpg.rf.2abf71a14111954c4580a46c4d15b3d3.jpg,1,1,0.9993,0.202,0.004,0.049,7.182,3.076,8.882,0.308,20.1
FireSmokeVideoNEW110_f22_jpg.rf.61b3b4e8798ce29f7fe58d31c03ac8a2.jpg,1,1,1.0,0.304,0.007,0.065,8.034,1.129,6.486,0.438,16.862
FireSmokeVideoNEW110_f24_jpg.rf.56e533c69820c0ad447920ce32c55898.jpg,1,1,1.0,0.302,0.007,0.058,3.989,1.015,6.412,0.223,12.394
FireSmokeVideoNEW110_f32_jpg.rf.5721c6c2eef55a07841c4c832f3d07d5.jpg,1,1,1.0,0.316,0.004,0.047,3.004,0.937,7.718,0.229,12.6
FireSmokeVideoNEW110_f34_jpg.rf.acc53b1abe3327d738d65e69f13bad79.jpg,1,1,0.9999,0.202,0.004,0.046,4.04,1.151,6.382,0.216,12.432
FireSmokeVideoNEW110_f36_jpg.rf.ae30defe49181bd09836a5fcdeb46fab.jpg,1,1,1.0,0.193,0.004,0.045,2.789,1.031,6.384,0.22,11.026
FireSmokeVideoNEW110_f38_jpg.rf.0bc87128341ef88532538fe138ff4f2b.jpg,1,1,1.0,0.199,0.004,0.048,7.3,5.538,14.427,0.251,28.283
FireSmokeVideoNEW110_f41_jpg.rf.f550195d19a1c0b6d424f595c2b4b1f9.jpg,1,1,1.0,0.315,0.007,0.066,5.149,3.755,6.838,0.36,16.877
FireSmokeVideoNEW110_f61_jpg.rf.54f8064cc44792ec52b6ddf320ffa3a3.jpg,1,1,1.0,0.241,0.004,0.05,4.502,2.961,9.381,0.244,17.761
FireSmokeVideoNEW110_f63_jpg.rf.40951b985ae21888cdb87e745713aa2d.jpg,1,1,1.0,0.318,0.006,0.064,5.077,3.015,7.099,0.239,16.311
FireSmokeVideoNEW110_f65_jpg.rf.22dae51c804d093b3928bb9cf5cb5565.jpg,1,1,1.0,0.201,0.004,0.049,5.329,3.54,6.701,0.24,16.546
FireSmokeVideoNEW110_f67_jpg.rf.cd33b401abcfbfd4a951fd3906e86a41.jpg,1,1,1.0,0.305,0.006,0.059,4.426,3.258,6.745,0.345,15.544
FireSmokeVideoNEW110_f76_jpg.rf.bada3c63979a4512aec38ac7d78ec2d7.jpg,1,1,1.0,0.205,0.005,0.053,4.201,2.996,8.079,0.372,16.423
FireSmokeVideoNEW110_f80_jpg.rf.9f1ecfc3ee942fd4bbd1173ba4b7c394.jpg,1,1,1.0,0.318,0.007,0.07,4.953,3.086,6.664,0.364,15.865
FireSmokeVideoNEW110_f82_jpg.rf.0ff7a178a73b8e42a819ac1739b3c564.jpg,1,1,1.0,0.197,0.004,0.051,5.768,5.301,7.134,0.356,19.322
FireSmokeVideoNEW110_f93_jpg.rf.481ecb09dee0cdc168a1d0787874ef0c.jpg,1,1,1.0,0.203,0.004,0.049,2.838,1.029,6.831,0.404,11.76
FireSmokeVideoNEW112_f10_jpg.rf.39e79e3dfd5c98f6e68045158e2af82d.jpg,1,1,1.0,0.211,0.005,0.051,4.666,0.986,6.377,0.24,12.941
FireSmokeVideoNEW112_f12_jpg.rf.11432bc655317e1fac9c6107e3b5200f.jpg,1,1,1.0,0.204,0.005,0.05,4.934,0.996,6.508,0.236,13.325
FireSmokeVideoNEW112_f14_jpg.rf.6e0c0892a684c74c1ca4670f293457d8.jpg,1,1,1.0,0.204,0.005,0.051,2.587,4.277,7.0,0.369,14.996
FireSmokeVideoNEW112_f16_jpg.rf.ba57af29c8fa8587b2c5148f046375b0.jpg,1,1,1.0,0.289,0.008,0.092,4.408,1.22,7.178,0.249,13.957
FireSmokeVideoNEW112_f18_jpg.rf.21a30cbb698713638442e8962561a9b6.jpg,1,1,1.0,0.325,0.006,0.069,4.881,3.223,9.798,0.303,19.037
FireSmokeVideoNEW112_f1_jpg.rf.90fce7c457371c8403ad89986542ee96.jpg,1,1,1.0,0.325,0.007,0.085,8.753,6.109,8.141,0.258,24.205
FireSmokeVideoNEW112_f2_jpg.rf.da1c46afa259254b1aad5c4b5da7da24.jpg,1,1,1.0,0.321,0.006,0.07,4.034,1.095,6.48,0.239,12.663
FireSmokeVideoNEW112_f4_jpg.rf.f44dba51b9e805433a996d474bd2fbd7.jpg,1,1,1.0,0.204,0.004,0.052,2.94,1.012,6.48,0.244,11.318
FireSmokeVideoNEW112_f6_jpg.rf.dd87dd731952da1d5b61e93a00655678.jpg,1,1,1.0,0.205,0.004,0.05,4.376,1.542,6.511,0.245,13.33
FireSmokeVideoNEW112_f8_jpg.rf.129c527401604ce7176db07d9d855c9c.jpg,1,1,1.0,0.205,0.004,0.052,2.638,1.0,8.232,0.234,12.722
FireSmokeVideoNEW115_f10_jpg.rf.6f4300e4b3f362eed7886f4f1a87b93d.jpg,1,1,1.0,0.315,0.007,0.074,3.57,1.396,6.509,0.235,12.488
FireSmokeVideoNEW115_f13_jpg.rf.324cc0423d48b832369d92b99a4baa51.jpg,1,1,1.0,0.207,0.004,0.053,2.902,0.986,12.384,0.447,17.364
FireSmokeVideoNEW115_f15_jpg.rf.15dbd25355578fccabf33bbbc4d6ad17.jpg,1,1,1.0,0.222,0.005,0.055,4.783,2.918,8.86,0.302,17.549
FireSmokeVideoNEW115_f20_jpg.rf.f0100e331ebd11f9a9711991e4833e3f.jpg,1,1,1.0,0.21,0.005,0.052,8.542,4.395,7.309,0.372,21.381
FireSmokeVideoNEW115_f39_jpg.rf.41762177627c892b70e006fe5cb26853.jpg,1,1,1.0,0.208,0.004,0.095,6.394,1.332,7.677,0.404,16.703
FireSmokeVideoNEW115_f46_jpg.rf.d94c8cb5cbed9575cd088fc4b493eed2.jpg,1,1,1.0,0.372,0.007,0.07,4.476,1.244,7.203,0.247,14.118
FireSmokeVideoNEW115_f50_jpg.rf.5e39ed208628142a56e09ae43ec4d605.jpg,1,1,1.0,0.33,0.007,0.065,4.542,1.288,7.176,0.245,14.157
FireSmokeVideoNEW115_f60_jpg.rf.baab27845cdd653f00986ee3b96a380e.jpg,1,1,1.0,0.209,0.004,0.053,7.562,2.539,7.256,0.246,18.419
FireSmokeVideoNEW115_f8_jpg.rf.9dcd347526c445f2baa86c5c9186f090.jpg,1,1,1.0,0.251,0.004,0.054,2.846,1.252,6.474,0.264,11.511
FireSmokeVideoNEW116_f12_jpg.rf.95a18922be59788cbf63dc24766c8fac.jpg,1,1,1.0,0.337,0.007,0.072,3.849,4.038,10.934,0.26,19.892
FireSmokeVideoNEW116_f14_jpg.rf.6fe2d6cfc1a0f7ba2d16d873a0f51aca.jpg,1,1,1.0,0.208,0.005,0.05,5.182,3.253,11.09,0.258,20.562
FireSmokeVideoNEW116_f16_jpg.rf.1d60b7f98a425c19989760a77b8b7092.jpg,1,1,1.0,0.312,0.006,0.067,4.454,2.98,6.844,0.328,15.355
FireSmokeVideoNEW116_f19_jpg.rf.e9193762a644c57d90194cc412b3e211.jpg,1,1,1.0,0.305,0.006,0.061,5.438,3.28,6.621,0.413,16.52
FireSmokeVideoNEW116_f20_jpg.rf.f2bfd4b6ed7d602b070e70eb541c8849.jpg,1,1,1.0,0.29,0.006,0.063,6.347,1.609,6.882,0.362,15.976
FireSmokeVideoNEW116_f25_jpg.rf.94faed5bcc786dc07e04a6bead7cb5c6.jpg,1,1,1.0,0.31,0.006,0.063,3.418,0.942,6.756,0.358,12.263
FireSmokeVideoNEW116_f2_jpg.rf.4c9cb9b9a3ba5e3c7f2b82764aa90f2c.jpg,1,1,1.0,0.212,0.005,0.052,4.665,0.945,7.5,0.416,14.176
FireSmokeVideoNEW117_f12_jpg.rf.fcb70a547a268008126db8dc378559b9.jpg,1,1,1.0,0.212,0.005,0.052,3.024,1.018,8.299,0.248,13.242
FireSmokeVideoNEW117_f14_jpg.rf.9b010af028bb860ed3b84a8fdb2d373c.jpg,1,1,1.0,0.201,0.004,0.048,3.177,1.098,6.435,0.237,11.594
FireSmokeVideoNEW117_f19_jpg.rf.b971752c7c2b708d3b4ad9ee4fa816bd.jpg,1,1,1.0,0.279,0.004,0.051,2.24,0.973,6.478,0.235,10.642
FireSmokeVideoNEW117_f6_jpg.rf.035a84019a5b26bcdb24a39a0789bcfd.jpg,1,1,1.0,0.255,0.005,0.058,5.113,1.356,7.351,0.361,15.092
FireSmokeVideoNEW117_f8_jpg.rf.b22f2fc6ce899d8be4ce21548f905e81.jpg,1,1,0.9993,0.207,0.005,0.052,2.512,1.042,6.505,0.227,10.93
FireSmokeVideoNEW119_f0_jpg.rf.744fd2bb67b9c4f5c263823ce6d2e4a2.jpg,1,1,1.0,0.205,0.003,0.05,2.256,0.975,6.416,0.237,10.595
FireSmokeVideoNEW119_f11_jpg.rf.187de46834021c761b20f75282b71fc2.jpg,1,1,1.0,0.198,0.004,0.05,2.512,0.985,6.529,0.269,10.938
FireSmokeVideoNEW119_f17_jpg.rf.bb575498be7cb8bf09271655a827a205.jpg,1,1,1.0,0.207,0.005,0.055,4.863,3.5,11.644,0.299,21.056
FireSmokeVideoNEW119_f20_jpg.rf.83ca338b8a7a1f351f20a0392a978c58.jpg,1,1,1.0,0.202,0.004,0.053,4.441,1.037,9.627,0.373,16.13
FireSmokeVideoNEW119_f27_jpg.rf.32a58d37e8165ece6f17b61092424e7e.jpg,1,1,1.0,0.205,0.004,0.052,2.282,0.949,6.447,0.222,10.528
FireSmokeVideoNEW119_f29_jpg.rf.585557862f600c84c9c40f80eb57f8ec.jpg,1,1,1.0,0.203,0.004,0.05,2.448,0.947,6.443,0.23,10.692
FireSmokeVideoNEW119_f30_jpg.rf.c902440835c3fd8c2560c5317b035538.jpg,1,1,1.0,0.305,0.007,0.065,2.788,0.961,6.403,0.239,11.128
FireSmokeVideoNEW119_f32_jpg.rf.d27ae4e085fd41313631ebe74965ae01.jpg,1,1,1.0,0.319,0.007,0.068,4.498,1.123,7.093,0.348,13.935
FireSmokeVideoNEW119_f38_jpg.rf.d91f985ff0f9428aa2de6e6bd8ebc98a.jpg,1,1,1.0,0.212,0.005,0.053,2.929,2.71,6.84,0.356,13.512
FireSmokeVideoNEW119_f3_jpg.rf.c8cc5b5783961b03724d25c816b3e647.jpg,1,1,1.0,0.202,0.004,0.051,2.413,1.064,6.477,0.228,10.804
FireSmokeVideoNEW119_f47_jpg.rf.1ffd353c21c7b5679d7e046c6c549393.jpg,1,1,1.0,0.199,0.004,0.05,2.226,1.125,6.539,0.276,10.824
FireSmokeVideoNEW119_f7_jpg.rf.2244f93cbbd1e3e46b4d0bbdba5b6b95.jpg,1,1,1.0,0.275,0.006,0.074,3.83,3.025,13.658,0.274,21.532
FireSmokeVideoNEW119_f9_jpg.rf.ab8d6371d788579af7d9b32869f2dcfd.jpg,1,1,1.0,0.204,0.005,0.052,5.112,2.805,9.552,0.238,18.47
FireSmokeVideoNEW121_f18_jpg.rf.44673b9ce8af3ecd42f57e22a99a38e0.jpg,1,1,1.0,0.2,0.004,0.052,2.306,0.958,6.522,0.225,10.64
FireSmokeVideoNEW121_f1_jpg.rf.5be93985d812c7f5ea035ac113e0f5e0.jpg,1,1,1.0,0.253,0.004,0.049,2.725,0.961,6.449,0.222,11.077
FireSmokeVideoNEW121_f21_jpg.rf.eebcabf40ddce34c31a6c13331a65953.jpg,1,1,1.0,0.206,0.004,0.051,5.768,1.24,7.265,0.362,15.406
FireSmokeVideoNEW121_f23_jpg.rf.ac278f7e1c7a444be3f887b2c6d38717.jpg,1,1,1.0,0.205,0.004,0.049,2.604,1.026,6.349,0.226,10.835
FireSmokeVideoNEW121_f25_jpg.rf.d0ef6211efb24426ee946e1fa8c31fce.jpg,1,1,1.0,0.207,0.005,0.047,2.409,0.962,6.999,0.338,11.347
FireSmokeVideoNEW121_f27_jpg.rf.a5b8bd5483ad1bb30b723346e830127b.jpg,1,1,1.0,0.313,0.007,0.065,4.564,4.102,6.675,0.289,16.404
FireSmokeVideoNEW121_f29_jpg.rf.a99e4a5f275c636275e5efa27c36b410.jpg,1,1,1.0,0.317,0.007,0.066,7.686,5.741,12.038,0.392,26.652
FireSmokeVideoNEW121_f30_jpg.rf.33e9b2bac1a4a79c6a3de00c8a3a8d99.jpg,1,1,1.0,0.206,0.005,0.049,3.461,1.092,6.525,0.238,11.948
FireSmokeVideoNEW121_f32_jpg.rf.f8cb024d7bf28236b1e1d37b2eae22ac.jpg,1,1,1.0,0.232,0.006,0.071,3.515,1.195,9.226,0.255,14.988
FireSmokeVideoNEW121_f34_jpg.rf.6cedfb99ee40c10d727a61a74ea8f251.jpg,1,1,1.0,0.21,0.004,0.053,2.355,1.015,6.61,0.242,10.853
FireSmokeVideoNEW121_f37_jpg.rf.9a405f57987f96bd108e065a51ca2b6f.jpg,1,1,1.0,0.222,0.004,0.054,2.429,0.944,6.514,0.245,10.78
FireSmokeVideoNEW121_f39_jpg.rf.6e6af0255f04f4fe3cf20ee175bfcaad.jpg,1,1,1.0,0.331,0.007,0.073,4.367,1.037,6.488,0.24,12.99
FireSmokeVideoNEW121_f40_jpg.rf.7817cfe0fa7c24a82024b8b4fe48581f.jpg,1,1,1.0,0.221,0.005,0.06,3.428,1.037,6.478,0.252,11.897
FireSmokeVideoNEW121_f4_jpg.rf.8f335cc6c3f116510aa7b65424141dbb.jpg,1,1,1.0,0.253,0.005,0.063,5.113,1.267,8.886,0.467,16.467
FireSmokeVideoNEW121_f6_jpg.rf.0ab7d7fafe53d2118e6ce10be956dfae.jpg,1,1,1.0,0.246,0.004,0.054,4.511,3.735,6.961,0.35,16.281
FireSmokeVideoNEW122_f41_jpg.rf.ddb6da50b215710fb313bd2b6498352f.jpg,1,1,1.0,0.213,0.005,0.052,5.58,1.025,8.264,0.242,15.761
FireSmokeVideoNEW123_f106_jpg.rf.c25e4e81d45d2617b0ab2f5a640eff4b.jpg,1,1,1.0,0.204,0.004,0.051,2.479,1.016,6.47,0.249,10.91
FireSmokeVideoNEW123_f108_jpg.rf.324c16b1e030787e2a19588a578b4df5.jpg,1,1,1.0,0.213,0.005,0.05,2.41,0.987,6.327,0.226,10.599
FireSmokeVideoNEW123_f112_jpg.rf.ef7e157209fea66c4da0a9b66de88567.jpg,1,1,1.0,0.207,0.005,0.052,3.674,0.964,6.439,0.236,11.957
FireSmokeVideoNEW123_f114_jpg.rf.bf8d48047fca455b0f42a273198515cc.jpg,1,1,1.0,0.23,0.005,0.05,5.073,1.789,7.551,0.352,15.563
FireSmokeVideoNEW123_f116_jpg.rf.98c9644c9b593c5edf72505fbd46e59e.jpg,1,1,1.0,0.196,0.004,0.05,3.979,1.007,6.483,0.248,12.37
FireSmokeVideoNEW123_f118_jpg.rf.b477bf1713c31303b31eb7a199ee4c91.jpg,1,1,1.0,0.312,0.006,0.069,7.099,6.326,12.587,0.57,27.57
FireSmokeVideoNEW123_f11_jpg.rf.c8a9964859459a55d8b0b342188a4c08.jpg,1,1,0.9979,0.209,0.004,0.051,4.428,0.956,6.754,0.24,13.042
FireSmokeVideoNEW123_f121_jpg.rf.e2586395c9b367a7c81ae7509f4e39db.jpg,1,1,1.0,0.235,0.004,0.064,3.77,1.017,6.538,0.238,12.246
FireSmokeVideoNEW123_f123_jpg.rf.e2375d9952733650dc776617228bb2f8.jpg,1,1,1.0,0.206,0.004,0.053,5.4,1.016,6.535,0.23,13.847
FireSmokeVideoNEW123_f126_jpg.rf.73e9b95d773d15252049d96c679bd5df.jpg,1,1,1.0,0.21,0.004,0.05,4.378,1.041,6.556,0.239,12.864
FireSmokeVideoNEW123_f128_jpg.rf.98e64005651b632e0dd4ef0e8e222a80.jpg,1,1,1.0,0.213,0.004,0.086,6.431,1.24,6.595,0.3,15.497
FireSmokeVideoNEW123_f131_jpg.rf.c92c6b57ace2f9ca7cf47e4631e4ceb8.jpg,1,1,1.0,0.206,0.005,0.053,6.794,1.054,6.533,0.232,15.26
FireSmokeVideoNEW123_f133_jpg.rf.8a731b6788e829b919dcc6fbedee2290.jpg,1,1,1.0,0.215,0.004,0.055,6.919,1.133,6.565,0.234,15.508
FireSmokeVideoNEW123_f135_jpg.rf.f13f1e5ca75a57717778dcb1a3bfbfef.jpg,1,1,1.0,0.219,0.005,0.059,8.979,4.089,10.964,0.259,24.988
FireSmokeVideoNEW123_f137_jpg.rf.89be9c03d3b298ac53b1a84fd4bdb93f.jpg,1,1,1.0,0.211,0.005,0.056,7.149,1.144,12.656,0.262,22.091
FireSmokeVideoNEW123_f148_jpg.rf.40d340666298e990735d8ca388cb9816.jpg,1,1,1.0,0.207,0.004,0.05,2.266,1.199,6.459,0.233,10.79
FireSmokeVideoNEW123_f151_jpg.rf.aa3122a12b22ffea0d7a193d7beae8c5.jpg,1,1,1.0,0.305,0.006,0.06,2.518,0.979,6.487,0.304,11.036
FireSmokeVideoNEW123_f153_jpg.rf.2a47a75fafb9f06997f57643fd0c2bd1.jpg,1,1,1.0,0.239,0.005,0.053,3.494,1.015,6.929,0.375,12.494
FireSmokeVideoNEW123_f156_jpg.rf.ae63f1b00917b26c25dda972daf3284b.jpg,1,1,1.0,0.22,0.005,0.055,3.609,1.01,8.344,0.259,13.889
FireSmokeVideoNEW123_f171_jpg.rf.9c1f0a991f5d1c042661894dd366e0fa.jpg,1,1,0.9999,0.214,0.005,0.058,4.429,1.828,6.435,0.256,13.65
FireSmokeVideoNEW123_f173_jpg.rf.55d9d95cd78bdff66e92e854c28eb5f0.jpg,1,1,0.9997,0.217,0.004,0.054,2.334,0.958,6.474,0.253,10.668
FireSmokeVideoNEW123_f175_jpg.rf.46d008d35dba2bb66f53dc182961d9a6.jpg,1,1,0.9999,0.322,0.007,0.075,2.645,2.028,6.661,0.288,12.41
FireSmokeVideoNEW123_f177_jpg.rf.c76526af57ef0609dc042f01c15fc77e.jpg,1,1,0.9997,0.349,0.007,0.069,6.83,1.217,11.428,0.266,20.575
FireSmokeVideoNEW123_f23_jpg.rf.51e35fa3a68a33dfdf723d94f317a85b.jpg,1,1,1.0,0.209,0.005,0.051,2.189,0.987,6.967,0.243,11.011
FireSmokeVideoNEW123_f43_jpg.rf.e8008f78b15654db7e58f369714def41.jpg,1,1,1.0,0.301,0.006,0.083,2.518,0.977,6.54,0.264,11.078
FireSmokeVideoNEW123_f47_jpg.rf.19c0d322d98a9e64ad8fb4efd7fc0e4d.jpg,1,1,1.0,0.312,0.006,0.068,2.47,1.018,6.414,0.228,10.895
FireSmokeVideoNEW123_f49_jpg.rf.62d9ee330226fe916f41f8470db9eb64.jpg,1,1,1.0,0.198,0.004,0.051,2.265,0.981,6.44,0.235,10.548
FireSmokeVideoNEW123_f53_jpg.rf.8c311ae20b0033cdae63327dc63e13cb.jpg,1,1,1.0,0.328,0.007,0.07,4.993,1.1,8.299,0.241,15.435
FireSmokeVideoNEW123_f56_jpg.rf.5a5e62ac291b53c106d713eebc9ab978.jpg,1,1,1.0,0.195,0.004,0.051,3.352,1.7,6.462,0.236,12.397
FireSmokeVideoNEW123_f65_jpg.rf.691203ff3979f7125a54151c4b53a24a.jpg,1,1,1.0,0.216,0.005,0.054,4.449,3.7,10.967,0.288,20.1
FireSmokeVideoNEW123_f73_jpg.rf.d9ba153281fb3ea120f2214751a49b98.jpg,1,1,1.0,0.214,0.005,0.055,6.822,1.273,11.056,0.284,20.144
FireSmokeVideoNEW123_f75_jpg.rf.2d872df94a99a62833cb4a08932ab6d5.jpg,1,1,0.9997,0.2,0.005,0.052,3.277,0.993,6.801,0.365,12.123
FireSmokeVideoNEW123_f79_jpg.rf.bcd14349dff0e46dfcf8deae404a9b58.jpg,1,1,1.0,0.317,0.006,0.066,3.201,1.296,7.166,0.239,12.78
FireSmokeVideoNEW123_f81_jpg.rf.6a3dbcf3f43554d6a4828de674d3b1c6.jpg,1,1,1.0,0.298,0.006,0.108,2.602,1.048,6.437,0.238,11.157
FireSmokeVideoNEW123_f83_jpg.rf.36c5ac6ba183f6e111b612aa4e282b9c.jpg,1,1,1.0,0.203,0.004,0.05,2.503,0.971,6.404,0.227,10.73
FireSmokeVideoNEW123_f93_jpg.rf.af94d96d426a243f0b572fdd6b0cffaa.jpg,1,1,1.0,0.204,0.004,0.053,2.485,1.149,6.503,0.237,11.003
FireSmokeVideoNEW123_f96_jpg.rf.423f320fddc0053c6a0341c43c5006ec.jpg,1,1,1.0,0.311,0.007,0.064,2.428,1.014,6.436,0.237,10.872
FireSmokeVideoNEW124_f1_jpg.rf.d882ce249beeb12e24fd0367d120b1ff.jpg,1,1,0.992,0.209,0.004,0.046,7.041,5.596,11.717,0.257,25.259
FireSmokeVideoNEW124_f27_jpg.rf.5cdddd18ce788cc7cf757ab412be6519.jpg,1,1,0.9989,0.202,0.004,0.049,3.034,0.944,6.851,0.386,11.827
FireSmokeVideoNEW124_f34_jpg.rf.f3d8859fca5670c5d72b6dcac9134ddf.jpg,1,1,0.9971,0.212,0.004,0.05,2.426,0.932,8.191,0.223,12.441
FireSmokeVideoNEW124_f3_jpg.rf.16ade03d9e655a947e2544a8985f60f9.jpg,1,1,0.9961,0.21,0.004,0.056,2.792,0.912,6.837,0.329,11.531
FireSmokeVideoNEW124_f47_jpg.rf.314dec34ced589603b4b73ba0a908a21.jpg,1,1,0.9996,0.197,0.005,0.049,2.34,0.911,6.418,0.227,10.491
FireSmokeVideoNEW124_f49_jpg.rf.f17f0a12dec3ed500b6a16528b367689.jpg,1,1,0.9997,0.205,0.005,0.047,2.282,2.623,10.629,0.348,16.518
FireSmokeVideoNEW124_f54_jpg.rf.3c6cd3f1f020be4de59ee26347685778.jpg,1,1,0.9992,0.305,0.006,0.06,3.946,3.411,6.868,0.373,15.371
FireSmokeVideoNEW124_f56_jpg.rf.34f1587323d712197492c44f17215884.jpg,1,1,0.9887,0.21,0.005,0.049,6.023,3.63,7.322,0.253,18.044
FireSmokeVideoNEW125_f0_jpg.rf.81fe7efddc3253ced13780ec6e408e3c.jpg,1,1,1.0,0.268,0.005,0.054,5.462,3.144,6.836,0.344,16.489
FireSmokeVideoNEW125_f106_jpg.rf.3a904aa90315058997b7ecacfd5fa5b5.jpg,1,1,1.0,0.288,0.006,0.06,4.437,2.912,6.424,0.237,14.752
FireSmokeVideoNEW125_f120_jpg.rf.c8d686137373b25435a8310ad00fd6ab.jpg,1,1,1.0,0.276,0.005,0.052,3.126,1.044,6.728,0.33,11.922
FireSmokeVideoNEW125_f130_jpg.rf.6f68116a78703c1e9340d77fb40469f5.jpg,1,1,1.0,0.197,0.004,0.049,2.17,1.227,8.176,0.224,12.425
FireSmokeVideoNEW125_f48_jpg.rf.cf4af7b857bae0990afd26b3c1980247.jpg,1,1,1.0,0.207,0.004,0.052,2.483,1.245,6.727,0.307,11.369
FireSmokeVideoNEW125_f74_jpg.rf.d0f371fe160c19e18a328a6024aa82cd.jpg,1,1,1.0,0.201,0.004,0.05,2.386,0.919,6.408,0.22,10.534
FireSmokeVideoNEW125_f7_jpg.rf.be240cb2d473d14c67984703664df0b7.jpg,1,1,1.0,0.206,0.004,0.049,2.212,0.905,10.809,0.265,14.799
FireSmokeVideoNEW126_f27_jpg.rf.7346fe8b8287523c5fc6b4e80eaf0f26.jpg,1,1,0.9999,0.201,0.004,0.047,2.945,0.978,6.68,0.382,11.643
FireSmokeVideoNEW126_f29_jpg.rf.5077bf2b2ec0dbc0203d41adf4100e97.jpg,1,1,0.9999,0.195,0.004,0.048,2.432,0.91,6.292,0.221,10.519
FireSmokeVideoNEW126_f44_jpg.rf.cd6d14d78dc95c57e52ab92b9f82b3a4.jpg,1,1,1.0,0.196,0.004,0.048,3.088,0.942,6.778,0.317,11.731
FireSmokeVideoNEW126_f48_jpg.rf.da7b9ebcf213b3796a8526e2c8aa6491.jpg,1,1,1.0,0.196,0.004,0.047,3.896,2.923,6.586,0.245,14.27
FireSmokeVideoNEW126_f52_jpg.rf.b195208c78b88a4e65b0aa661c45f466.jpg,1,1,1.0,0.201,0.005,0.048,5.382,3.628,9.291,0.236,19.164
FireSmokeVideoNEW126_f54_jpg.rf.d787da27718524423c5c184be403cc6c.jpg,1,1,1.0,0.207,0.004,0.046,4.237,3.115,6.819,0.35,15.215
FireSmokeVideoNEW126_f56_jpg.rf.d0e363100b9c22d89de0c94a6e8d2e1d.jpg,1,1,1.0,0.318,0.007,0.068,6.351,4.33,7.983,0.789,20.299
FireSmokeVideoNEW126_f58_jpg.rf.c3a944666a891a540b1cfb2bffc2a913.jpg,1,1,1.0,0.337,0.007,0.081,4.921,5.853,7.057,0.396,19.046
FireSmokeVideoNEW126_f62_jpg.rf.812b44d2dbb2f7ac4ae3c3b0d07c88f6.jpg,1,1,0.9999,0.317,0.008,0.071,6.019,1.27,9.482,0.27,17.954
FireSmokeVideoNEW126_f64_jpg.rf.de98eff962cdeb3f0682a2c381d22c4d.jpg,1,1,1.0,0.231,0.005,0.052,2.304,1.054,6.488,0.221,10.727
FireSmokeVideoNEW127_f28_jpg.rf.e61d2816bb699753b49da2bf37a1a457.jpg,1,1,0.9812,0.193,0.004,0.052,2.801,0.961,6.414,0.226,11.036
FireSmokeVideoNEW127_f30_jpg.rf.3b48e7019fa19921bbcd22a8fc18a010.jpg,1,1,0.9999,0.212,0.005,0.05,2.217,0.95,6.438,0.232,10.473
FireSmokeVideoNEW127_f34_jpg.rf.0c83d4fb0a63562feb910932eecf60d0.jpg,1,1,1.0,0.205,0.004,0.049,2.48,1.078,6.375,0.228,10.8
FireSmokeVideoNEW127_f44_jpg.rf.a9ef43d66b9ec7d1b8e17f8f36bca741.jpg,1,1,1.0,0.208,0.004,0.047,2.905,0.985,6.262,0.228,11.012
FireSmokeVideoNEW127_f50_jpg.rf.bdcc99d123f67fb733203559f7693ef2.jpg,1,1,0.9849,0.208,0.004,0.053,5.119,4.78,11.151,0.276,22.02
FireSmokeVideoNEW127_f82_jpg.rf.9f015bb6a9818f109cc000cd7bdd16e6.jpg,1,1,0.7443,0.207,0.005,0.05,3.652,0.946,8.322,0.244,13.806
FireSmokeVideoNEW127_f9_jpg.rf.eee7846a8bbb29bad98f36c3bb075784.jpg,1,1,1.0,0.205,0.004,0.051,2.774,0.939,6.431,0.246,11.034
FireSmokeVideoNEW128_f12_jpg.rf.0458b54b709948eb3bdcde19ff5095f0.jpg,1,1,0.9999,0.211,0.004,0.054,3.087,0.964,8.763,0.383,13.855
FireSmokeVideoNEW128_f14_jpg.rf.a5d3694afb9300f4e3b2b0775addef04.jpg,1,1,0.9999,0.195,0.004,0.05,2.528,1.038,6.495,0.237,10.937
FireSmokeVideoNEW128_f20_jpg.rf.98a1afc67a6f33f19bd2f1be2f35851b.jpg,1,1,0.9999,0.202,0.005,0.049,2.191,1.038,6.468,0.233,10.558
FireSmokeVideoNEW128_f7_jpg.rf.e0935c0a1913034ce0978e5202e392f4.jpg,1,1,0.9999,0.207,0.004,0.049,2.423,0.952,6.565,0.24,10.813
FireSmokeVideoNEW128_f9_jpg.rf.bad1461a9bf07e05694221fb55e56534.jpg,1,1,1.0,0.222,0.005,0.051,2.34,0.955,6.479,0.235,10.66
FireSmokeVideoNEW129_f14_jpg.rf.79c883812d7065ddbec62fd55612a017.jpg,1,1,0.9998,0.231,0.006,0.055,7.705,3.219,11.286,0.25,23.361
FireSmokeVideoNEW12_f24_jpg.rf.7b20fc3b471a7b97fbe9c7e041a0109c.jpg,1,1,1.0,0.2,0.004,0.051,5.768,1.287,7.676,0.356,15.805
FireSmokeVideoNEW12_f38_jpg.rf.96c628a11234c5f9c050b2b4211a2b76.jpg,1,1,1.0,0.203,0.004,0.05,3.717,2.699,6.454,0.229,13.74
FireSmokeVideoNEW12_f51_jpg.rf.6d8e0c1a7b9920ce1193bbb2e094121b.jpg,1,1,1.0,0.205,0.004,0.051,3.668,3.103,6.521,0.255,14.18
FireSmokeVideoNEW12_f64_jpg.rf.13d8bcf8193a21886c21bb66db8fdaa1.jpg,1,1,1.0,0.211,0.004,0.05,4.365,1.381,7.164,0.389,14.544
FireSmokeVideoNEW12_f8_jpg.rf.6d3fc0fe1d943fc0e986aeb39002b689.jpg,1,1,1.0,0.209,0.005,0.054,3.24,1.153,7.002,0.356,12.554
FireSmokeVideoNEW132_f101_jpg.rf.ef8315ebdb257a7832caeb9c2b6c2c3f.jpg,1,1,0.9997,0.207,0.004,0.052,2.268,1.405,6.47,0.239,11.017
FireSmokeVideoNEW132_f107_jpg.rf.0be5dc622567ae0ca9a1fa0630d1181a.jpg,1,1,0.9703,0.321,0.006,0.077,2.912,1.019,6.442,0.242,11.438
FireSmokeVideoNEW132_f28_jpg.rf.74a57d7f3bf2e80e86a18b4d9ef15767.jpg,1,1,1.0,0.231,0.005,0.055,6.722,6.161,8.458,0.255,22.292
FireSmokeVideoNEW132_f31_jpg.rf.06c6b40b0e311151a8cb5c990fa23e39.jpg,1,1,0.9999,0.205,0.004,0.049,3.459,0.995,6.794,0.345,12.257
FireSmokeVideoNEW132_f33_jpg.rf.cf84d4b69b24020d668380d7b87f8d2d.jpg,1,1,1.0,0.208,0.005,0.052,2.193,1.01,6.418,0.228,10.483
FireSmokeVideoNEW132_f43_jpg.rf.1ceb082efbbbe991f9d91d896796f374.jpg,1,1,0.9999,0.204,0.004,0.05,2.221,1.034,6.489,0.22,10.591
FireSmokeVideoNEW132_f45_jpg.rf.d73c7cd8c7378af5a370f16c996e99fb.jpg,1,1,1.0,0.209,0.004,0.048,2.803,0.954,6.496,0.24,11.125
FireSmokeVideoNEW132_f48_jpg.rf.a09d6c000c3b5596d9fb43fad2745011.jpg,1,1,1.0,0.215,0.004,0.051,2.249,0.953,6.455,0.229,10.537
FireSmokeVideoNEW132_f51_jpg.rf.2544fe95b715eea490924ece11616b13.jpg,1,1,0.9999,0.198,0.004,0.05,2.486,0.987,6.423,0.233,10.753
FireSmokeVideoNEW132_f53_jpg.rf.09f633453d5c9279a67dca6558daa432.jpg,1,1,0.9999,0.195,0.005,0.052,2.346,0.956,6.498,0.222,10.655
FireSmokeVideoNEW132_f61_jpg.rf.eef43c9d98a86761615b4b2e7793aa19.jpg,1,1,1.0,0.197,0.005,0.052,2.703,0.973,6.555,0.26,11.111
FireSmokeVideoNEW132_f65_jpg.rf.b11b1fb6703934a13f463437460ee272.jpg,1,1,1.0,0.205,0.004,0.053,4.508,1.021,10.45,0.261,16.892
FireSmokeVideoNEW132_f67_jpg.rf.055d65a0c1fa6cf1aa8eea5471003adc.jpg,1,1,1.0,0.21,0.004,0.051,2.41,1.144,6.386,0.243,10.824
FireSmokeVideoNEW132_f92_jpg.rf.69db5eb51f70a35bfd0d9f540f23a975.jpg,1,1,1.0,0.305,0.006,0.064,5.444,1.003,6.443,0.251,13.919
FireSmokeVideoNEW132_f94_jpg.rf.e414a96046b887c8f237fbbeb00eed68.jpg,1,1,1.0,0.199,0.005,0.048,4.627,1.159,6.422,0.235,13.098
FireSmokeVideoNEW135_f18_jpg.rf.10d9436c6c60d63acd8bc1031b900b8b.jpg,1,1,1.0,0.305,0.006,0.061,2.469,0.924,6.426,0.234,10.81
FireSmokeVideoNEW135_f28_jpg.rf.2944aab5c6eeadf7afa0d88bd6a3a691.jpg,1,1,1.0,0.322,0.007,0.066,2.427,1.095,6.434,0.229,10.955
FireSmokeVideoNEW135_f2_jpg.rf.b170f64290a695a2b517bc86e7d0ab3b.jpg,1,1,1.0,0.206,0.004,0.051,2.428,0.933,7.411,0.235,11.645
FireSmokeVideoNEW135_f37_jpg.rf.1d9c29827509cfacfd57bc7fc93541eb.jpg,1,1,1.0,0.305,0.006,0.065,2.767,0.952,6.436,0.233,11.137
FireSmokeVideoNEW135_f3_jpg.rf.d644c4d3a7e063c498ba9048dfab4c88.jpg,1,1,1.0,0.306,0.006,0.059,4.649,4.461,11.967,0.378,22.378
FireSmokeVideoNEW135_f47_jpg.rf.a02b0d48f9e7132076a8291778099b52.jpg,1,1,0.9999,0.209,0.005,0.051,3.325,0.98,6.875,0.246,12.082
FireSmokeVideoNEW135_f58_jpg.rf.51cb12d10437fa9fcb39682569a95cad.jpg,1,1,1.0,0.29,0.006,0.085,5.749,4.793,8.109,0.247,19.794
FireSmokeVideoNEW135_f60_jpg.rf.087d23aeac67fdce07ba0af44364e805.jpg,1,1,0.9999,0.286,0.004,0.048,5.395,1.384,7.013,0.369,14.876
FireSmokeVideoNEW135_f64_jpg.rf.3b7b2ceaa7776dde201211a4a258376b.jpg,1,1,1.0,0.311,0.007,0.067,4.647,3.491,7.317,0.246,16.576
FireSmokeVideoNEW135_f74_jpg.rf.48f32d004d58d3ad3c6a754b68eac54f.jpg,1,1,0.9999,0.203,0.005,0.051,4.109,3.807,7.147,0.227,16.027
FireSmokeVideoNEW136_f21_jpg.rf.c676865790e30db1c60eb9dd00b38102.jpg,1,1,0.9988,0.201,0.004,0.052,2.504,0.907,8.26,0.249,12.562
FireSmokeVideoNEW137_f1_jpg.rf.44d20ad3d89825a859367b20018c4d55.jpg,1,1,1.0,0.211,0.004,0.052,5.04,4.897,9.112,0.244,19.946
FireSmokeVideoNEW137_f3_jpg.rf.03150810b84d787af6292f591ad6a4e2.jpg,1,1,1.0,0.25,0.006,0.069,6.833,4.279,6.928,0.241,19.115
FireSmokeVideoNEW137_f5_jpg.rf.bb04eef8f3bac3bdd70c74ab5ca80a1c.jpg,1,1,1.0,0.203,0.005,0.047,4.912,1.312,7.392,0.384,14.632
FireSmokeVideoNEW137_f7_jpg.rf.320c1db8f24d5c239dcd6e3467d680a7.jpg,1,1,1.0,0.273,0.006,0.081,4.479,3.933,6.906,0.245,16.427
FireSmokeVideoNEW13_f16_jpg.rf.6a22c435851ee372f4425942eed66e62.jpg,1,1,1.0,0.205,0.004,0.092,2.495,0.809,6.486,0.247,10.69
FireSmokeVideoNEW13_f18_jpg.rf.efa310f56dc29914b2bd9a49bb67b566.jpg,1,1,1.0,0.2,0.004,0.051,5.123,5.847,11.084,0.258,23.113
FireSmokeVideoNEW13_f21_jpg.rf.7b7410506fecac2cb64b3fe8ab09e737.jpg,1,1,1.0,0.301,0.007,0.065,5.566,3.029,10.554,0.389,20.304
FireSmokeVideoNEW13_f23_jpg.rf.78dad5d90f1bb63af854c9ace53546c4.jpg,1,1,1.0,0.325,0.008,0.11,6.373,3.429,6.538,0.235,17.518
FireSmokeVideoNEW13_f25_jpg.rf.b6cfcce6c127ccf15fb3aae89ac3b0a4.jpg,1,1,1.0,0.244,0.004,0.052,2.629,1.7,6.462,0.222,11.671
FireSmokeVideoNEW13_f31_jpg.rf.ea9667265ab5c5c893bac955cc1bd2d8.jpg,1,1,1.0,0.373,0.007,0.066,2.694,1.337,6.422,0.231,11.613
FireSmokeVideoNEW13_f42_jpg.rf.ceb4ec2b5e8a3c397fd08d830a71e4cf.jpg,1,1,1.0,0.199,0.004,0.047,2.207,0.922,6.463,0.234,10.419
FireSmokeVideoNEW13_f44_jpg.rf.348a3b9d0972a0d9c68d3917b787a6d8.jpg,1,1,1.0,0.339,0.004,0.05,3.601,0.809,6.728,0.354,12.269
FireSmokeVideoNEW13_f64_jpg.rf.25326a118e4c9cdb02082bf74f0ec540.jpg,1,1,1.0,0.201,0.004,0.051,6.112,5.495,12.231,0.26,24.965
FireSmokeVideoNEW140_f11_jpg.rf.a6207fe6ddb09f5f7e97d5d07ae02dc2.jpg,1,1,1.0,0.206,0.005,0.05,2.308,1.548,6.795,0.343,11.648
FireSmokeVideoNEW140_f13_jpg.rf.018ea90614339140984d0f1e0bec858a.jpg,1,1,1.0,0.328,0.006,0.069,2.906,1.252,7.35,0.246,12.777
FireSmokeVideoNEW140_f17_jpg.rf.5e202fe64f36b5f2a5750deeefa59055.jpg,1,1,1.0,0.213,0.005,0.052,2.189,0.984,6.496,0.235,10.552
FireSmokeVideoNEW140_f30_jpg.rf.49b2343f6127b93f05a60c8895d0f0e9.jpg,1,1,1.0,0.208,0.004,0.049,2.343,1.281,8.288,0.245,12.794
FireSmokeVideoNEW142_f10_jpg.rf.d98506831f9377f7da57191d436872e9.jpg,1,1,0.8071,0.201,0.004,0.049,3.254,1.181,6.492,0.266,11.831
FireSmokeVideoNEW142_f15_jpg.rf.906eebbf2d4656484d899568c537c722.jpg,1,1,0.8349,0.203,0.004,0.05,3.355,1.101,6.439,0.233,11.742
FireSmokeVideoNEW142_f19_jpg.rf.7d661a958573c2fba2e68898fad82dd1.jpg,1,1,0.9905,0.217,0.005,0.051,3.149,0.997,6.57,0.24,11.656
FireSmokeVideoNEW142_f29_jpg.rf.708929a469b97fe2cd62e6233f1d21d7.jpg,1,1,0.9988,0.208,0.004,0.054,4.219,4.149,9.03,0.624,18.807
FireSmokeVideoNEW142_f37_jpg.rf.97715052124ba4f34b332433d91cc643.jpg,1,1,0.9994,0.208,0.004,0.052,5.162,1.089,13.985,0.276,21.323
FireSmokeVideoNEW142_f54_jpg.rf.1f26bc7997e471dc07729284fe18c18f.jpg,1,1,0.9999,0.204,0.004,0.05,3.968,2.223,6.52,0.246,13.588
FireSmokeVideoNEW142_f8_jpg.rf.00aae90130d2da7f3e57853763ed478a.jpg,1,1,0.9697,0.307,0.006,0.066,3.295,1.069,13.231,0.446,18.822
FireSmokeVideoNEW143_f10_jpg.rf.2249f8748dbed0cbe077fc35929086ad.jpg,1,1,1.0,0.287,0.004,0.056,4.75,1.069,7.111,0.36,14.015
FireSmokeVideoNEW143_f12_jpg.rf.d4416187c1c950728bad7b5f69e90e2d.jpg,1,1,1.0,0.214,0.005,0.052,2.241,0.955,6.46,0.231,10.539
FireSmokeVideoNEW143_f14_jpg.rf.5189a85e97ec559ae6cf9c019946612e.jpg,1,1,1.0,0.21,0.004,0.048,2.208,0.981,8.217,0.237,12.271
FireSmokeVideoNEW143_f16_jpg.rf.d6685538e86d776ff1c97c5216351548.jpg,1,1,1.0,0.206,0.003,0.047,2.198,0.947,6.521,0.251,10.586
FireSmokeVideoNEW143_f18_jpg.rf.472bd0b240a7f17044f20ad23dff581d.jpg,1,1,1.0,0.207,0.004,0.052,6.564,1.133,7.878,0.246,16.68
FireSmokeVideoNEW143_f1_jpg.rf.01fbe83b52f2f843ba3c88189f37fea8.jpg,1,1,1.0,0.204,0.004,0.051,2.271,1.19,6.421,0.233,10.749
FireSmokeVideoNEW143_f21_jpg.rf.6dbf0a12e69696fd0dfde2eddadb5e2e.jpg,1,1,1.0,0.205,0.004,0.049,2.291,0.954,6.422,0.228,10.509
FireSmokeVideoNEW143_f23_jpg.rf.a8cea5091500d596c76163953ec1d31f.jpg,1,1,1.0,0.321,0.007,0.066,2.729,0.946,6.527,0.224,11.203
FireSmokeVideoNEW143_f3_jpg.rf.9c2cc06b1c13399df75a9d14bd736829.jpg,1,1,1.0,0.305,0.031,0.051,2.248,0.944,6.416,0.223,10.585
FireSmokeVideoNEW143_f5_jpg.rf.64a711abecb37a1a846511bdfcbfebbb.jpg,1,1,1.0,0.305,0.005,0.062,2.515,0.944,6.507,0.232,10.952
FireSmokeVideoNEW143_f7_jpg.rf.4d5253963cd2437b2d67e58efadda1eb.jpg,1,1,1.0,0.201,0.003,0.048,2.288,1.249,6.462,0.22,10.824
FireSmokeVideoNEW143_f9_jpg.rf.3d8408a7c28207a4594f6116d3dc8e22.jpg,1,1,1.0,0.313,0.004,0.051,2.273,0.96,6.421,0.23,10.634
FireSmokeVideoNEW144_f13_jpg.rf.c9b4dbc9c1a23680b793172414c6a328.jpg,1,1,1.0,0.334,0.006,0.065,2.792,0.947,6.6,0.273,11.397
FireSmokeVideoNEW144_f15_jpg.rf.a053017bcfa3d28a92e025311f6a4898.jpg,1,1,1.0,0.211,0.005,0.053,5.956,5.256,7.458,0.351,19.882
FireSmokeVideoNEW144_f1_jpg.rf.e48ee444ef2493ae5f7c6774c4860fc8.jpg,1,1,1.0,0.208,0.005,0.053,2.588,1.014,6.463,0.227,10.928
FireSmokeVideoNEW144_f3_jpg.rf.54afa08b1aa96e20b43e15a861ee1819.jpg,1,1,1.0,0.204,0.004,0.05,3.298,1.442,7.08,0.36,12.977
FireSmokeVideoNEW144_f5_jpg.rf.df207ef6f7909fed8b962d39d097a503.jpg,1,1,1.0,0.238,0.004,0.051,2.725,0.958,8.337,0.244,13.158
FireSmokeVideoNEW145_f1_jpg.rf.c98959994bf43a00ccccdbaa8e72f04a.jpg,1,1,0.9999,0.209,0.004,0.051,2.242,0.957,6.495,0.245,10.611
FireSmokeVideoNEW146_f101_jpg.rf.fe2634fca5b5d1f2c9e70545fad522da.jpg,1,1,1.0,0.209,0.005,0.05,2.255,0.955,6.418,0.229,10.495
FireSmokeVideoNEW146_f106_jpg.rf.9892c623f0f9bd29dbbcc214bc814b41.jpg,1,1,1.0,0.206,0.004,0.048,7.36,6.351,7.376,0.27,22.21
FireSmokeVideoNEW146_f109_jpg.rf.384c83e02b0e4015cf5e4c8503673308.jpg,1,1,1.0,0.227,0.013,0.054,7.935,5.983,12.856,0.408,27.883
FireSmokeVideoNEW146_f111_jpg.rf.ade51d43e61f28f35c8031cdf6817d02.jpg,1,1,0.9999,0.205,0.004,0.048,6.584,1.343,7.43,0.243,16.444
FireSmokeVideoNEW146_f113_jpg.rf.ab8e22e960ad7213184583c588b4c445.jpg,1,1,1.0,0.206,0.005,0.052,2.39,1.022,6.434,0.237,10.714
FireSmokeVideoNEW146_f117_jpg.rf.23a02761ea49a223ae6bf03a68d0fbdb.jpg,1,1,1.0,0.209,0.005,0.054,2.815,1.009,6.569,0.237,11.276
FireSmokeVideoNEW146_f140_jpg.rf.2a95b7d14beac9ebfdfee7a038f57378.jpg,1,1,0.9996,0.314,0.006,0.059,3.635,0.987,6.515,0.232,12.142
FireSmokeVideoNEW146_f142_jpg.rf.9d3a06313e6023fc10a5ffc8f82f475b.jpg,1,1,0.993,0.256,0.005,0.05,3.147,0.963,6.529,0.235,11.558
FireSmokeVideoNEW146_f144_jpg.rf.d8a99d5d28baa2ba0d34ff6b6332c3c8.jpg,1,1,1.0,0.208,0.004,0.05,2.931,1.027,6.366,0.222,11.211
FireSmokeVideoNEW146_f151_jpg.rf.0fbffe058eb1e6cbac9fef14aead5b33.jpg,1,1,0.9961,0.259,0.005,0.051,5.897,3.252,10.428,0.406,20.693
FireSmokeVideoNEW146_f153_jpg.rf.fd1770e9a7a7dd230630573819f73610.jpg,1,1,0.9997,0.199,0.004,0.052,5.597,3.567,6.484,0.265,16.557
FireSmokeVideoNEW146_f159_jpg.rf.bdff825023e2cc456f066faf7f44afb1.jpg,1,1,1.0,0.205,0.004,0.05,2.451,0.959,6.55,0.235,10.826
FireSmokeVideoNEW146_f161_jpg.rf.ff917c26295ce3ed066b0a6739d7b4e1.jpg,1,1,1.0,0.203,0.004,0.047,4.801,2.817,6.486,0.242,14.988
FireSmokeVideoNEW146_f163_jpg.rf.e4bf576b4016d399937d584007322e6b.jpg,1,1,1.0,0.204,0.004,0.05,3.341,1.001,8.301,0.242,13.524
FireSmokeVideoNEW146_f17_jpg.rf.1b3689a90a841172097fcbfa904ff096.jpg,1,1,1.0,0.199,0.004,0.05,4.783,3.318,6.488,0.242,15.468
FireSmokeVideoNEW146_f19_jpg.rf.1163c954509ad8d43502cfe74353caf1.jpg,1,1,1.0,0.259,0.004,0.053,3.856,3.354,6.454,0.242,14.603
FireSmokeVideoNEW146_f22_jpg.rf.860d47b110f7a7b5dc0909f99ed6c8aa.jpg,1,1,1.0,0.307,0.006,0.067,5.208,1.449,7.096,0.349,14.995
FireSmokeVideoNEW146_f24_jpg.rf.4d4437854a9dd5bfd679122ce6356411.jpg,1,1,1.0,0.258,0.005,0.066,6.058,3.576,10.012,0.299,20.697
FireSmokeVideoNEW146_f35_jpg.rf.569ada06b02691fc519a8f024219fe15.jpg,1,1,0.7143,0.304,0.007,0.062,5.224,0.968,6.749,0.358,14.155
FireSmokeVideoNEW146_f49_jpg.rf.0bf5dac5124fa16d11d0830e0a753409.jpg,1,1,1.0,0.314,0.009,0.067,8.545,3.203,6.5,0.243,19.247
FireSmokeVideoNEW146_f51_jpg.rf.15d197cb6c2c43ab6c0fdadab8dc7b2c.jpg,1,1,1.0,0.197,0.004,0.05,6.935,1.273,8.012,0.232,17.214
FireSmokeVideoNEW146_f53_jpg.rf.01946d65982e4d93d26c7b9db3102b40.jpg,1,1,1.0,0.302,0.006,0.064,2.622,1.098,8.897,0.358,13.766
FireSmokeVideoNEW147_f102_jpg.rf.4f6c2948924181f2c14e48f8ed4bfb1f.jpg,1,1,1.0,0.206,0.005,0.096,2.206,2.048,6.604,0.898,12.47
FireSmokeVideoNEW147_f10_jpg.rf.86ed5ec2ef774ba63776378184197396.jpg,1,1,1.0,0.2,0.005,0.048,2.495,0.996,6.455,0.235,10.784
FireSmokeVideoNEW147_f49_jpg.rf.920daf7fb589a9b3becd83173d91f717.jpg,1,1,1.0,0.202,0.004,0.048,2.234,1.046,6.44,0.237,10.634
FireSmokeVideoNEW147_f50_jpg.rf.11dc15cc50117b65a3595ffadfa635c9.jpg,1,1,1.0,0.209,0.004,0.047,5.145,4.213,13.379,0.364,23.744
FireSmokeVideoNEW147_f52_jpg.rf.1f1622d0cb5a2a41596f582631aae192.jpg,1,1,1.0,0.203,0.005,0.05,3.963,1.198,6.896,0.768,13.503
FireSmokeVideoNEW147_f62_jpg.rf.1f159e881f75e24efb4e84a5f275f06f.jpg,1,1,1.0,0.212,0.004,0.055,3.749,1.272,7.736,0.373,13.919
FireSmokeVideoNEW147_f64_jpg.rf.148efc59d85c9883a1e2a9951450522b.jpg,1,1,1.0,0.326,0.006,0.07,3.422,1.64,7.436,0.249,13.64
FireSmokeVideoNEW147_f72_jpg.rf.c65d7aa435fdb2ec18d34e18004a07e1.jpg,1,1,1.0,0.203,0.004,0.05,2.188,0.95,8.324,0.243,12.33
FireSmokeVideoNEW147_f75_jpg.rf.02fed88bb0f331b3e631edec406e62cf.jpg,1,1,1.0,0.206,0.005,0.047,2.247,1.264,6.428,0.233,10.807
FireSmokeVideoNEW147_f7_jpg.rf.9747f57a7c176ccf7009a4d4b069f9ec.jpg,1,1,1.0,0.208,0.004,0.05,2.239,0.944,6.544,0.279,10.632
FireSmokeVideoNEW147_f99_jpg.rf.b1df66b8d99531ae4e234cda5311bf60.jpg,1,1,1.0,0.205,0.004,0.048,6.96,4.095,12.657,0.262,24.647
FireSmokeVideoNEW148_f10_jpg.rf.0dc92d22744e903a32a3c83646b68d39.jpg,1,1,0.8402,0.213,0.005,0.051,2.808,1.051,6.786,0.247,11.54
FireSmokeVideoNEW148_f12_jpg.rf.52dbece6256403bd64d1463b18e78b5f.jpg,1,1,0.9759,0.312,0.006,0.066,2.576,0.998,8.233,0.24,12.821
FireSmokeVideoNEW148_f14_jpg.rf.f705015083aa7f6b5d9e98fbe6b36b40.jpg,1,1,0.8633,0.233,0.005,0.051,2.67,0.985,6.457,0.24,11.052
FireSmokeVideoNEW148_f16_jpg.rf.efe282d05092639ca948cb54eec0b644.jpg,1,1,0.9999,0.256,0.005,0.051,2.342,1.006,6.503,0.245,10.779
FireSmokeVideoNEW148_f18_jpg.rf.25cf073fc5c999087720cdb1568d26cb.jpg,1,1,1.0,0.282,0.005,0.053,2.305,1.586,6.583,0.245,11.427
FireSmokeVideoNEW148_f1_jpg.rf.08a7d028ddf308f88bed66f6adbe05ae.jpg,1,1,0.9872,0.214,0.005,0.104,2.446,1.067,6.495,0.259,10.976
FireSmokeVideoNEW148_f21_jpg.rf.d3c907302072bcf371911184b42a8bce.jpg,1,1,1.0,0.219,0.005,0.053,5.072,4.1,12.14,0.371,22.454
FireSmokeVideoNEW148_f23_jpg.rf.bb7a8c385f12966c93224cd7de5533ac.jpg,1,1,1.0,0.198,0.004,0.05,4.621,1.163,7.172,0.373,14.081
FireSmokeVideoNEW148_f2_jpg.rf.cc3395286ff35ee596125fb994bdfc73.jpg,1,1,0.7415,0.314,0.007,0.068,5.322,3.511,6.489,0.243,16.401
FireSmokeVideoNEW148_f38_jpg.rf.3e772f6833c02d74cc3a9eb84130c6a2.jpg,1,1,1.0,0.205,0.004,0.051,2.455,1.063,6.443,0.24,10.863
FireSmokeVideoNEW148_f45_jpg.rf.c111b115dfee39f87d8bb3fefd29e481.jpg,1,1,0.9998,0.207,0.004,0.048,3.871,1.207,6.8,0.369,12.884
FireSmokeVideoNEW148_f4_jpg.rf.b5e711e0d8349a97597cf658055f912f.jpg,1,1,0.9977,0.202,0.004,0.049,2.214,0.913,6.512,0.261,10.542
FireSmokeVideoNEW148_f5_jpg.rf.a5397150607d4f0b596ec44a6c28888e.jpg,1,1,0.9993,0.197,0.004,0.051,2.723,0.983,6.855,0.392,11.638
FireSmokeVideoNEW148_f69_jpg.rf.0c25ebea3342d2fe4d94d8cc76dd4bcf.jpg,1,1,1.0,0.21,0.005,0.052,8.112,4.817,13.185,0.397,27.371
FireSmokeVideoNEW148_f7_jpg.rf.bef5a3ae44c17a02e467edb3d5a4c8ac.jpg,1,1,0.6803,0.311,0.006,0.065,3.243,1.153,6.84,0.397,12.394
FireSmokeVideoNEW148_f86_jpg.rf.9a4b43078d141504677a016831cf6308.jpg,1,1,1.0,0.313,0.007,0.063,3.266,1.217,7.54,0.378,13.286
FireSmokeVideoNEW148_f88_jpg.rf.8c2fdce293148f53b72c01a544a59ba9.jpg,1,1,0.9998,0.203,0.004,0.05,2.33,1.187,7.506,0.333,12.088
FireSmokeVideoNEW148_f9_jpg.rf.720035ab761052597ad6cea16d2280e4.jpg,1,1,0.8811,0.201,0.005,0.047,2.108,0.986,6.421,0.235,10.391
FireSmokeVideoNEW150_f101_jpg.rf.33953232d7c51fdee6b7e2ce2865d0ba.jpg,1,1,1.0,0.207,0.004,0.048,2.193,0.927,6.295,0.231,10.361
FireSmokeVideoNEW150_f126_jpg.rf.32aee877b840a9c2ea22f01d2f5fb303.jpg,1,1,1.0,0.201,0.005,0.047,2.544,0.926,6.439,0.225,10.764
FireSmokeVideoNEW150_f14_jpg.rf.444a98b29116e080a6a4a0501bb9f0f7.jpg,1,1,0.9999,0.205,0.005,0.047,5.401,3.198,8.149,0.287,17.819
FireSmokeVideoNEW150_f16_jpg.rf.1e363290e42953136c50c91b146e07d9.jpg,1,1,1.0,0.339,0.007,0.073,4.045,1.196,11.084,0.436,17.761
FireSmokeVideoNEW150_f19_jpg.rf.b8f3ae94cfe25f126a004e4fa29e7bdb.jpg,1,1,0.9961,0.207,0.004,0.052,5.013,3.674,7.489,0.244,17.21
FireSmokeVideoNEW150_f21_jpg.rf.d067747b0ef9247ab15d7d8d359a08aa.jpg,1,1,1.0,0.204,0.004,0.054,3.157,0.995,6.497,0.243,11.545
FireSmokeVideoNEW150_f27_jpg.rf.5c97dd97e9ed1deda7fb24fce2121f90.jpg,1,1,1.0,0.212,0.004,0.054,3.025,0.949,6.54,0.241,11.396
FireSmokeVideoNEW150_f29_jpg.rf.5511e763f9c244616f5e77ce9b91c813.jpg,1,1,1.0,0.211,0.004,0.054,2.24,1.034,6.412,0.232,10.577
FireSmokeVideoNEW150_f30_jpg.rf.9d4832733e3b2a93417a5c8b84aee5d0.jpg,1,1,0.9992,0.204,0.004,0.053,2.599,1.192,6.309,0.226,10.957
FireSmokeVideoNEW150_f35_jpg.rf.e659edf7e73a723edf7cb3df1ace88a3.jpg,1,1,0.9993,0.212,0.004,0.053,2.311,0.962,6.449,0.231,10.587
FireSmokeVideoNEW150_f37_jpg.rf.3d99dc493af34a4278cbad08dacccd20.jpg,1,1,0.9999,0.213,0.005,0.053,2.785,0.977,6.5,0.267,11.166
FireSmokeVideoNEW150_f39_jpg.rf.16f3dc6a8d25292027d805693095ce6f.jpg,1,1,1.0,0.231,0.005,0.058,6.011,0.936,8.234,0.221,16.081
FireSmokeVideoNEW150_f40_jpg.rf.a8ed31240a813fc1b3b194e5dc286200.jpg,1,1,1.0,0.222,0.004,0.057,3.672,2.04,7.055,0.376,13.91
FireSmokeVideoNEW150_f49_jpg.rf.894a7d0a845e4f06aaf52084b00c6d3f.jpg,1,1,1.0,0.206,0.005,0.053,4.015,3.372,6.58,0.255,14.863
FireSmokeVideoNEW150_f52_jpg.rf.3a9421d2d5bba6909fe121dc0c5e5951.jpg,1,1,0.9993,0.224,0.005,0.051,3.788,3.156,6.502,0.269,14.375
FireSmokeVideoNEW150_f75_jpg.rf.3abfaf3dfa1a54a3000ae55b88ef6e38.jpg,1,1,0.9998,0.205,0.004,0.048,4.064,0.959,6.497,0.245,12.416
FireSmokeVideoNEW150_f93_jpg.rf.483917c98f627d6edb1ce0a19c709f2c.jpg,1,1,1.0,0.207,0.004,0.048,4.571,3.289,10.52,0.48,19.639
FireSmokeVideoNEW153_f102_jpg.rf.04284ab61b7234532f0b9026058be288.jpg,1,1,1.0,0.223,0.005,0.054,4.328,1.181,7.044,0.243,13.579
FireSmokeVideoNEW153_f105_jpg.rf.25bcafa89f42721d551841633e56ab3f.jpg,1,1,1.0,0.388,0.011,0.097,7.34,5.798,7.716,0.271,22.248
FireSmokeVideoNEW153_f108_jpg.rf.8c8d79a0e6dc7c4a31aab13cb893358b.jpg,1,1,1.0,0.298,0.006,0.063,3.174,0.972,6.776,0.342,12.025
FireSmokeVideoNEW153_f111_jpg.rf.44b4559f78806fba0bd71c69f0768418.jpg,1,1,1.0,0.326,0.006,0.063,6.418,3.135,13.292,0.279,23.916
FireSmokeVideoNEW153_f113_jpg.rf.f74466106550bec39e4d5cf1fa49d5b3.jpg,1,1,1.0,0.3,0.006,0.06,4.007,1.187,6.861,0.35,13.189
FireSmokeVideoNEW153_f117_jpg.rf.0f30b08c290b5e28fe270c5062c46051.jpg,1,1,1.0,0.209,0.005,0.049,5.424,1.346,7.206,0.245,15.108
FireSmokeVideoNEW153_f124_jpg.rf.9a2353fcb4544032a30aaa5e6bd64ee0.jpg,1,1,1.0,0.198,0.005,0.048,2.981,0.928,6.536,0.226,11.291
FireSmokeVideoNEW153_f12_jpg.rf.b366ca33845d67e9a395b25b15cb447b.jpg,1,1,1.0,0.207,0.004,0.045,2.462,0.953,6.478,0.256,10.773
FireSmokeVideoNEW153_f137_jpg.rf.d9411938e113c254dffcf511b582d027.jpg,1,1,1.0,0.506,0.011,0.131,4.966,1.796,14.134,0.271,22.214
FireSmokeVideoNEW153_f140_jpg.rf.6bf670b7eeffa899441ef3e9dba2adcd.jpg,1,1,1.0,0.202,0.005,0.047,4.517,0.988,6.527,0.227,12.907
FireSmokeVideoNEW153_f150_jpg.rf.25dbe19041bed476d4f58048b1a59414.jpg,1,1,1.0,0.292,0.007,0.055,2.861,0.933,6.462,0.248,11.231
FireSmokeVideoNEW153_f155_jpg.rf.4cbaf0dadb73c614812b924695d039a7.jpg,1,1,1.0,0.34,0.004,0.049,2.297,1.237,6.484,0.25,11.038
FireSmokeVideoNEW153_f166_jpg.rf.c1a67b7a7cbbfd8f7b0ed5186ba9ec9a.jpg,1,1,1.0,0.305,0.006,0.064,2.354,0.933,8.315,0.241,12.595
FireSmokeVideoNEW153_f175_jpg.rf.58e26ccc4e06d1d75c4b04c9b1712d9c.jpg,1,1,1.0,0.202,0.003,0.046,2.363,1.424,6.5,0.243,11.2
FireSmokeVideoNEW153_f190_jpg.rf.256ddc0fa216968cc5333bb8e84e3476.jpg,1,1,1.0,0.319,0.006,0.064,2.868,0.978,6.619,0.259,11.481
FireSmokeVideoNEW153_f20_jpg.rf.288cad55c0d4103264306149626fb2b0.jpg,1,1,1.0,0.223,0.004,0.053,3.044,1.066,10.982,0.3,16.063
FireSmokeVideoNEW153_f218_jpg.rf.bd10302a298b9d028ae7b44461c82a6f.jpg,1,1,1.0,0.25,0.005,0.053,8.094,1.776,10.372,0.414,21.522
FireSmokeVideoNEW153_f222_jpg.rf.66b912ceebfd666ff1c413bcf55c3d19.jpg,1,1,1.0,0.212,0.004,0.046,2.315,0.993,8.261,0.237,12.434
FireSmokeVideoNEW153_f224_jpg.rf.966c2cdd02d2ec6671f46f99e4fdce16.jpg,1,1,1.0,0.2,0.004,0.047,2.73,0.938,6.45,0.228,10.971
FireSmokeVideoNEW153_f228_jpg.rf.7571f42b5e5967cfa1d7a3598b22ebd0.jpg,1,1,1.0,0.314,0.007,0.061,3.27,0.978,6.435,0.248,11.692
FireSmokeVideoNEW153_f31_jpg.rf.29c7b86d56504af7fcfde12a31536ea7.jpg,1,1,1.0,0.318,0.019,0.057,4.339,1.56,6.492,0.237,13.423
FireSmokeVideoNEW153_f39_jpg.rf.67df6e0a99a896aa75dc69161de13ca4.jpg,1,1,1.0,0.21,0.004,0.05,3.03,1.01,8.261,0.247,13.248
FireSmokeVideoNEW153_f45_jpg.rf.7e48982adb68742dcb6b0fad3eb26fe8.jpg,1,1,1.0,0.212,0.005,0.05,4.717,5.447,6.566,0.276,17.663
FireSmokeVideoNEW153_f48_jpg.rf.bac071423e7f6c0aafdc107c3521e7f0.jpg,1,1,0.9999,0.494,0.004,0.146,9.256,1.064,6.419,0.24,18.02
FireSmokeVideoNEW153_f64_jpg.rf.a2b94d7a56781c4cdfb3c151eb143367.jpg,1,1,1.0,0.203,0.01,0.045,2.295,0.97,6.534,0.226,10.655
FireSmokeVideoNEW153_f68_jpg.rf.f5b162bdfbc33af2159fc2bc9426eed6.jpg,1,1,1.0,0.212,0.005,0.052,3.352,1.159,6.387,0.241,11.777
FireSmokeVideoNEW153_f71_jpg.rf.c23db68bddcdb21801dbebc0c061e76b.jpg,1,1,1.0,0.209,0.005,0.05,4.588,5.67,6.7,0.242,17.838
FireSmokeVideoNEW153_f87_jpg.rf.6baf2f06090e0337483ada248509cb59.jpg,1,1,1.0,0.214,0.004,0.048,2.575,1.412,6.577,0.247,11.45
FireSmokeVideoNEW153_f90_jpg.rf.9023719adf04d4044c938ccb993dd1e8.jpg,1,1,1.0,0.211,0.004,0.049,2.641,0.972,6.509,0.25,10.992
FireSmokeVideoNEW153_f92_jpg.rf.e84aa4e8fdac769782fd8658cde448fd.jpg,1,1,1.0,0.323,0.007,0.062,3.825,1.675,6.491,0.246,13.004
FireSmokeVideoNEW153_f95_jpg.rf.99a25f547c16948f571a8789a3b182fc.jpg,1,1,0.9999,0.22,0.004,0.051,6.234,5.994,10.494,0.768,24.176
FireSmokeVideoNEW155_f10_jpg.rf.c748381fdf197879771b4e7e6b3f29d8.jpg,1,1,1.0,0.213,0.005,0.052,2.619,1.065,8.733,0.364,13.433
FireSmokeVideoNEW155_f12_jpg.rf.1968aa1bef09745bcd6ac5288a9c9358.jpg,1,1,1.0,0.335,0.008,0.067,3.266,1.233,7.169,0.242,12.888
FireSmokeVideoNEW155_f14_jpg.rf.fb317c01dc2a95cdd45a4093b27718f0.jpg,1,1,1.0,0.311,0.004,0.074,2.313,0.969,6.584,0.245,10.868
FireSmokeVideoNEW155_f16_jpg.rf.d8fe076c461d48744bee7c042abcc5f8.jpg,1,1,1.0,0.224,0.005,0.049,5.88,1.136,9.958,0.29,18.068
FireSmokeVideoNEW155_f24_jpg.rf.b28dccb64a14935ed7dee307a54574de.jpg,1,1,1.0,0.204,0.004,0.081,2.282,0.95,6.477,0.244,10.611
FireSmokeVideoNEW155_f2_jpg.rf.fa36401821aec5900cc2c85e1226c0a2.jpg,1,1,1.0,0.304,0.007,0.057,2.945,0.946,6.548,0.251,11.426
FireSmokeVideoNEW155_f42_jpg.rf.c60947293513766a592f90a1541d9092.jpg,1,1,1.0,0.211,0.005,0.052,2.272,0.967,6.542,0.243,10.649
FireSmokeVideoNEW155_f49_jpg.rf.3c06fb2c6a26091589977194a4abab76.jpg,1,1,1.0,0.329,0.007,0.064,2.934,0.944,6.566,0.29,11.503
FireSmokeVideoNEW155_f50_jpg.rf.80677d5b907912711a6920a084d1e89c.jpg,1,1,1.0,0.396,0.009,0.091,3.931,3.28,13.681,0.288,22.055
FireSmokeVideoNEW155_f5_jpg.rf.3cb78f9d303c52509e0578544d2da27c.jpg,1,1,1.0,0.332,0.006,0.069,4.577,3.288,6.95,0.364,15.969
FireSmokeVideoNEW155_f62_jpg.rf.9ab8fb2faf5d035ac1c6744445b9c213.jpg,1,1,1.0,0.326,0.007,0.067,3.778,1.434,6.606,0.242,12.951
FireSmokeVideoNEW155_f6_jpg.rf.1667a85146b807e8f44d7c22058489eb.jpg,1,1,1.0,0.209,0.004,0.048,2.841,1.015,6.535,0.241,11.274
FireSmokeVideoNEW156_f15_jpg.rf.fb5dd0148524a2cda3bb53f4e0121715.jpg,1,1,1.0,0.215,0.004,0.048,3.868,1.202,6.525,0.255,12.502
FireSmokeVideoNEW156_f175_jpg.rf.60debd3147792c3a493655b096e73fa4.jpg,1,1,1.0,0.21,0.004,0.049,2.784,0.979,6.498,0.242,11.136
FireSmokeVideoNEW158_f39_jpg.rf.7f473b556e3cd2815542ec5bf6db3e6d.jpg,1,1,0.9999,0.214,0.005,0.051,2.612,1.022,6.512,0.24,11.029
FireSmokeVideoNEW158_f46_jpg.rf.6b82b2f486e4e624ea9461a55db99dca.jpg,1,1,1.0,0.212,0.004,0.051,2.279,1.08,6.478,0.243,10.713
FireSmokeVideoNEW158_f48_jpg.rf.3168d65ca51af21e092746c775d953fc.jpg,1,1,1.0,0.213,0.005,0.049,2.809,4.906,6.821,0.364,15.573
FireSmokeVideoNEW158_f59_jpg.rf.869a05d37638c92d9fe0dd626efd31d0.jpg,1,1,1.0,0.206,0.004,0.048,2.858,1.399,11.554,0.359,16.803
FireSmokeVideoNEW158_f63_jpg.rf.2d1014dc2ef5040b98a27fe60ab19d6a.jpg,1,1,1.0,0.232,0.004,0.048,5.826,1.365,6.839,0.311,15.149
FireSmokeVideoNEW158_f90_jpg.rf.d48168cb4bb38538fc1ed5cabc7142b2.jpg,1,1,1.0,0.204,0.005,0.047,2.282,1.696,6.558,0.229,11.396
FireSmokeVideoNEW158_f92_jpg.rf.9c84ccbe9534bc160399d17379f8b111.jpg,1,1,1.0,0.303,0.007,0.062,2.636,1.144,6.428,0.229,11.185
FireSmokeVideoNEW159_f112_jpg.rf.591c03eb9db15672f4cd8b4abb898d89.jpg,1,1,0.9997,0.203,0.004,0.048,2.751,0.978,6.518,0.229,11.109
FireSmokeVideoNEW15_f12_jpg.rf.f51125d1af8ad086351a7886b0f5009b.jpg,1,1,1.0,0.198,0.004,0.043,2.247,0.995,8.215,0.248,12.387
FireSmokeVideoNEW15_f14_jpg.rf.9d67d376bf8c041638caeff48acaf623.jpg,1,1,1.0,0.311,0.007,0.061,2.44,1.039,6.49,0.257,10.979
FireSmokeVideoNEW15_f17_jpg.rf.86e7dbb8918e3b1b2f626273bd55b8d0.jpg,1,1,1.0,0.202,0.005,0.048,4.884,6.239,11.65,0.267,23.914
FireSmokeVideoNEW15_f1_jpg.rf.f344ff4bba1c59aa5c50709afb19e455.jpg,1,1,1.0,0.203,0.004,0.097,6.415,2.547,11.938,0.425,22.124
FireSmokeVideoNEW15_f2_jpg.rf.a31e556d5f3a6dbd7ff44311ef8efbae.jpg,1,1,1.0,0.326,0.007,0.065,2.776,1.847,7.195,0.245,12.957
FireSmokeVideoNEW15_f6_jpg.rf.436addb93652b050d3dd3b2c60b0bfec.jpg,1,1,1.0,0.32,0.006,0.069,3.117,1.182,7.809,0.385,13.371
FireSmokeVideoNEW160_f103_jpg.rf.20ecce466add4381dcaa03df05ea7770.jpg,1,1,1.0,0.937,0.006,0.061,2.714,1.243,7.097,0.262,12.799
FireSmokeVideoNEW160_f12_jpg.rf.bfc71795a2763b42e2e484455ff7f31b.jpg,1,1,0.9998,0.304,0.006,0.065,2.37,1.331,6.354,0.222,11.008
FireSmokeVideoNEW160_f15_jpg.rf.f44bad4c3e3af5089ecdb301e701e787.jpg,1,1,0.9999,0.191,0.005,0.044,2.609,0.92,6.787,0.332,11.284
FireSmokeVideoNEW160_f16_jpg.rf.428bb15b7ae1c7facd99f425b6d7df6a.jpg,1,1,0.9999,0.199,0.004,0.047,5.139,3.684,11.66,0.259,21.363
FireSmokeVideoNEW160_f173_jpg.rf.b2e66370e2f2c1cb16de0df2907336f7.jpg,1,1,1.0,0.298,0.006,0.053,6.539,3.453,7.573,0.361,18.824
FireSmokeVideoNEW160_f177_jpg.rf.d1a861e50ebc4461caaecf62f63ebc59.jpg,1,1,0.9999,0.205,0.005,0.05,5.009,3.23,7.391,0.222,16.592
FireSmokeVideoNEW160_f1_jpg.rf.190758d8c7a682c5b7daac081dfb3a78.jpg,1,1,1.0,0.305,0.007,0.059,3.115,1.184,7.421,0.363,12.957
FireSmokeVideoNEW160_f2_jpg.rf.fce089d8284f0950ae97be3eba63439a.jpg,1,1,1.0,0.292,0.006,0.052,4.431,3.088,6.497,0.227,14.982
FireSmokeVideoNEW160_f33_jpg.rf.108f8a672b6f88d2b89ac7f95422009c.jpg,1,1,1.0,0.31,0.007,0.061,4.412,3.463,6.499,0.237,15.373
FireSmokeVideoNEW160_f35_jpg.rf.c16d0976f3f76c13a1330b5768eca00a.jpg,1,1,1.0,0.302,0.006,0.059,4.435,3.313,6.73,0.328,15.533
FireSmokeVideoNEW160_f39_jpg.rf.d3e3a3c1485f2d01aec9cad353813e12.jpg,1,1,1.0,0.201,0.004,0.046,5.518,3.817,8.098,0.42,18.635
FireSmokeVideoNEW160_f41_jpg.rf.aa9f5312160d0bd036a5938074fddac9.jpg,1,1,1.0,0.318,0.007,0.065,7.444,4.311,9.37,0.267,22.162
FireSmokeVideoNEW160_f44_jpg.rf.1cc92e380feb65d1eb40ba795881b5d5.jpg,1,1,1.0,0.264,0.004,0.071,5.246,3.314,6.408,0.233,15.9
FireSmokeVideoNEW160_f46_jpg.rf.dd383a61ddf4ac103ba2ab38fafc1304.jpg,1,1,1.0,0.282,0.007,0.057,3.62,1.1,6.481,0.31,12.209
FireSmokeVideoNEW160_f48_jpg.rf.7dd4aefed27d023e4052d016859d86ba.jpg,1,1,1.0,0.328,0.007,0.063,3.131,1.225,7.145,0.236,12.62
FireSmokeVideoNEW160_f4_jpg.rf.a216d4761627cf8ad4fe93da11263bd4.jpg,1,1,1.0,0.307,0.007,0.053,2.727,2.142,7.047,0.257,13.025
FireSmokeVideoNEW160_f52_jpg.rf.3228c111f52937aaf63b39337eba40f8.jpg,1,1,1.0,0.228,0.004,0.048,2.174,0.908,6.453,0.234,10.433
FireSmokeVideoNEW160_f55_jpg.rf.92746e806b8a448bd9fa5ebc37187ef2.jpg,1,1,1.0,0.201,0.004,0.048,2.92,0.85,6.425,0.237,11.041
FireSmokeVideoNEW160_f57_jpg.rf.8a91ec76e3647b46e08933b3462af691.jpg,1,1,1.0,0.207,0.004,0.049,7.304,4.511,6.948,0.394,19.904
FireSmokeVideoNEW160_f59_jpg.rf.170fd687380bef8f766d9e266cb85053.jpg,1,1,1.0,0.205,0.004,0.05,2.944,1.697,7.193,0.244,12.805
FireSmokeVideoNEW160_f63_jpg.rf.db93f533170822e20526f9e532b5e51b.jpg,1,1,1.0,0.311,0.007,0.057,5.373,3.603,14.349,0.259,24.346
FireSmokeVideoNEW160_f6_jpg.rf.ac5b4b5a9f3e3488066181df85e3f326.jpg,1,1,1.0,0.305,0.006,0.06,3.645,1.707,7.303,0.241,13.765
FireSmokeVideoNEW160_f83_jpg.rf.2b5c18d120808fcee84fcee8e15e0eab.jpg,1,1,1.0,0.304,0.006,0.061,2.901,1.189,6.516,0.237,11.609
FireSmokeVideoNEW160_f94_jpg.rf.fa93f0ccf8383d0537bd4526fe6dea4f.jpg,1,1,1.0,0.204,0.005,0.049,2.224,0.904,6.403,0.236,10.413
FireSmokeVideoNEW160_f96_jpg.rf.318dc1b078231bc7e8217c6b27dbf6bc.jpg,1,1,1.0,0.233,0.004,0.048,4.553,3.224,11.415,0.474,20.4
FireSmokeVideoNEW160_f98_jpg.rf.fda7903762711f01f813040b5d8aa8a2.jpg,1,1,1.0,0.303,0.007,0.061,5.31,3.753,7.463,0.333,17.594
FireSmokeVideoNEW160_f9_jpg.rf.8ad168e145acd33d27bbeeebdf9ae57e.jpg,1,1,0.9999,0.297,0.007,0.058,3.258,1.194,6.471,0.238,11.902
FireSmokeVideoNEW161_f102_jpg.rf.b8a39867ca705345dd78135b6499812f.jpg,1,1,1.0,0.302,0.007,0.06,5.583,1.852,7.191,0.246,15.756
FireSmokeVideoNEW161_f104_jpg.rf.03cdb4c2815784a34a20437185bb945e.jpg,1,1,1.0,0.309,0.007,0.059,4.93,1.028,6.568,0.348,13.665
FireSmokeVideoNEW161_f108_jpg.rf.a443c4f6d93a5c29284e386e100774c7.jpg,1,1,1.0,0.206,0.004,0.047,3.248,0.962,6.301,0.228,11.355
FireSmokeVideoNEW161_f110_jpg.rf.7a3ea145a4c983d0832040f8059eab16.jpg,1,1,1.0,0.197,0.005,0.047,2.628,1.024,6.407,0.224,10.918
FireSmokeVideoNEW161_f112_jpg.rf.cc6e5f3275b57bf2b6725a9d400d562b.jpg,1,1,1.0,0.204,0.004,0.048,5.105,5.61,13.718,0.26,25.471
FireSmokeVideoNEW161_f126_jpg.rf.6be71a5552c67a041be924a65961ba25.jpg,1,1,1.0,0.204,0.004,0.049,3.715,3.131,7.064,0.37,14.938
FireSmokeVideoNEW162_f22_jpg.rf.c32b1104152593e5333cf62b573e1c78.jpg,1,1,1.0,0.305,0.007,0.06,4.375,0.992,6.486,0.233,12.848
FireSmokeVideoNEW162_f25_jpg.rf.14fe515b4881006326c100db4510d703.jpg,1,1,1.0,0.32,0.006,0.066,4.693,3.185,7.207,0.24,16.254
FireSmokeVideoNEW162_f28_jpg.rf.2100b326cec56114b93d020bc09048ce.jpg,1,1,1.0,0.444,0.008,0.069,5.239,1.319,7.019,0.234,14.819
FireSmokeVideoNEW162_f33_jpg.rf.8dad23cbfc6a51aefb21d5fad8279bb7.jpg,1,1,1.0,0.22,0.005,0.051,3.284,1.247,6.448,0.235,11.941
FireSmokeVideoNEW162_f66_jpg.rf.3631362f48db82440191fe572b490d18.jpg,1,1,1.0,0.209,0.005,0.047,2.257,1.012,7.193,0.271,11.357
FireSmokeVideoNEW162_f68_jpg.rf.e5c11af641e403c1dfd72762deb03d79.jpg,1,1,1.0,0.32,0.004,0.053,5.812,5.884,9.542,0.302,22.51
FireSmokeVideoNEW163_f1_jpg.rf.48314c99b8b115efc7e5d9aaae268c6d.jpg,1,1,0.9992,0.232,0.005,0.05,2.524,0.978,6.394,0.235,10.789
FireSmokeVideoNEW163_f3_jpg.rf.37eb09b7f4a74de0e072b65a23530ffe.jpg,1,1,1.0,0.207,0.004,0.047,3.732,1.286,7.152,0.374,13.301
FireSmokeVideoNEW163_f5_jpg.rf.3ff7bc2e2acad28b6f4bd8c668b163f1.jpg,1,1,0.9968,0.208,0.004,0.052,5.318,1.326,8.297,0.24,15.806
FireSmokeVideoNEW163_f91_jpg.rf.2ea42f806b1cfd13bc551fa782ea4414.jpg,1,1,0.9999,0.24,0.004,0.052,2.139,1.515,6.402,0.233,11.024
FireSmokeVideoNEW164_f76_jpg.rf.73ec1d0a5c3c6223aad8ea5f96d2c287.jpg,1,1,0.6726,0.195,0.005,0.048,2.344,0.913,6.435,0.238,10.52
FireSmokeVideoNEW166_f104_jpg.rf.4ae70d75d6f1e26735b5fd2d00149140.jpg,1,1,0.9999,0.197,0.004,0.047,2.079,0.943,6.453,0.232,10.339
FireSmokeVideoNEW166_f106_jpg.rf.ecdf0d1c54eed105a41ceb1c3a5e16a2.jpg,1,1,1.0,0.209,0.005,0.047,2.322,0.781,6.328,0.226,10.263
FireSmokeVideoNEW166_f114_jpg.rf.96ea691bbc9cbfaf071eff12e406a474.jpg,1,1,1.0,0.208,0.004,0.049,3.456,7.669,11.007,0.246,23.303
FireSmokeVideoNEW166_f128_jpg.rf.c8522d2e926b393fc34be90751b24e82.jpg,1,1,1.0,0.29,0.006,0.082,5.108,2.824,7.341,0.244,16.405
FireSmokeVideoNEW166_f130_jpg.rf.ec9dae17b6bbb13104fa9b611d0195b1.jpg,1,1,1.0,0.21,0.005,0.048,3.669,1.897,7.449,0.245,14.025
FireSmokeVideoNEW166_f142_jpg.rf.8777aadb7efd8b5364780535a11408ee.jpg,1,1,1.0,0.306,0.006,0.056,3.254,0.951,6.65,0.317,11.901
FireSmokeVideoNEW166_f151_jpg.rf.951f63f13e871c67cbf4167ca519c038.jpg,1,1,1.0,0.199,0.005,0.047,2.384,0.931,6.406,0.233,10.64
FireSmokeVideoNEW166_f156_jpg.rf.c3fc415b126d1c0dc2c799e8d819ba0a.jpg,1,1,1.0,0.198,0.004,0.045,3.307,1.129,6.43,0.247,11.711
FireSmokeVideoNEW166_f18_jpg.rf.91b89ccc3f2286e2046f47caeec4e617.jpg,1,1,1.0,0.267,0.005,0.047,2.211,0.914,6.427,0.244,10.587
FireSmokeVideoNEW166_f20_jpg.rf.621861e4339bc16655c7d59607418101.jpg,1,1,1.0,0.202,0.004,0.044,7.148,5.746,12.481,0.265,26.584
FireSmokeVideoNEW166_f31_jpg.rf.ec18fdfa2e1b079dc332639aca65e45b.jpg,1,1,1.0,0.201,0.004,0.048,2.802,0.985,13.067,0.291,17.773
FireSmokeVideoNEW16_f15_jpg.rf.1b1aa21c81078e3b97875626efbfa695.jpg,1,1,0.999,0.304,0.006,0.064,2.706,1.248,7.497,0.418,12.709
FireSmokeVideoNEW16_f20_jpg.rf.607dc5a69aa35cab8c152976e33f78b9.jpg,1,1,1.0,0.323,0.007,0.062,2.824,1.263,7.189,0.279,13.076
FireSmokeVideoNEW16_f22_jpg.rf.ed416c54b284805baff969bf2d477571.jpg,1,1,1.0,0.205,0.005,0.044,1.843,0.783,7.8,0.254,11.28
FireSmokeVideoNEW16_f24_jpg.rf.13b7de1341a169938a1b00b037d6e459.jpg,1,1,1.0,0.197,0.004,0.046,3.193,0.933,7.172,0.327,12.315
FireSmokeVideoNEW16_f26_jpg.rf.d88449a03f1fc06e4e5b4971b57c423e.jpg,1,1,1.0,0.269,0.004,0.046,2.114,0.903,6.466,0.234,10.375
FireSmokeVideoNEW16_f48_jpg.rf.8200e21f18799aa0faf03642cd3c3587.jpg,1,1,0.9999,0.197,0.004,0.045,2.336,0.916,6.395,0.268,10.54
FireSmokeVideoNEW16_f54_jpg.rf.f5bd922fb406ec6debc8b5dbe6fed5f5.jpg,1,1,1.0,0.207,0.003,0.047,5.779,2.033,6.735,0.481,15.659
FireSmokeVideoNEW16_f73_jpg.rf.5f38b183effd9a5adcc92d6d936e082f.jpg,1,1,0.9999,0.323,0.007,0.067,10.117,1.084,6.472,0.242,18.714
FireSmokeVideoNEW172_f111_jpg.rf.c0521dfdd8b774734b046dd69683eaf9.jpg,1,1,0.9999,0.269,0.006,0.131,2.649,1.135,8.077,0.238,13.269
FireSmokeVideoNEW172_f163_jpg.rf.f85eb82deba112f0c669c48fd7ee61b4.jpg,1,1,1.0,0.203,0.004,0.048,2.243,0.938,7.067,0.336,11.235
FireSmokeVideoNEW172_f37_jpg.rf.1133eca3df34cbcd597de45fe6e0e94d.jpg,1,1,1.0,0.203,0.004,0.047,2.609,0.904,6.475,0.235,10.825
FireSmokeVideoNEW172_f62_jpg.rf.443f82816a29901f59cb85bddc7bc3fc.jpg,1,1,1.0,0.237,0.004,0.048,2.388,0.972,6.44,0.233,10.713
FireSmokeVideoNEW172_f79_jpg.rf.1b68d10570f4d82b070043578957f70d.jpg,1,1,1.0,0.273,0.004,0.047,2.153,1.035,6.436,0.235,10.525
FireSmokeVideoNEW176_f109_jpg.rf.11dd89709af38d8056b039c8815bf0fc.jpg,1,1,1.0,0.205,0.005,0.047,2.211,0.926,6.535,0.296,10.605
FireSmokeVideoNEW176_f119_jpg.rf.fe37062e59113046aa83d89b8ecb0b7c.jpg,1,1,1.0,0.204,0.005,0.042,2.716,0.911,6.429,0.242,10.9
FireSmokeVideoNEW176_f157_jpg.rf.d57b84235a5007bd6d675bff496183e5.jpg,1,1,1.0,0.21,0.004,0.047,2.228,0.92,8.239,0.247,12.275
FireSmokeVideoNEW176_f181_jpg.rf.cabd74e7296f4c73ee27fe028dd8e69d.jpg,1,1,1.0,0.2,0.004,0.116,3.347,0.946,6.513,0.248,11.718
FireSmokeVideoNEW176_f3_jpg.rf.c36369eb36e9298d6403fe4d09674b63.jpg,1,1,1.0,0.206,0.004,0.045,2.24,0.944,6.674,0.246,10.753
FireSmokeVideoNEW176_f72_jpg.rf.ac3b396938e401cbfa0224d45069e656.jpg,1,1,0.9998,0.335,0.007,0.082,2.622,1.132,7.583,0.39,12.657
FireSmokeVideoNEW178_f14_jpg.rf.338e69ab75ea47886780fab9072cfe97.jpg,1,1,1.0,0.208,0.005,0.045,2.134,1.024,6.502,0.291,10.599
FireSmokeVideoNEW178_f16_jpg.rf.2dfc5ee41cefadea08a7ba62ac1f579f.jpg,1,1,1.0,0.215,0.004,0.047,4.251,0.86,6.684,0.354,12.862
FireSmokeVideoNEW178_f19_jpg.rf.527dc6458507de2613fc2429950c55bd.jpg,1,1,1.0,0.326,0.007,0.06,2.932,1.257,7.573,0.356,13.015
FireSmokeVideoNEW178_f21_jpg.rf.2df23cfacf65b02094284d7cc5407e99.jpg,1,1,1.0,0.283,0.004,0.05,4.541,0.981,12.95,0.465,19.662
FireSmokeVideoNEW178_f23_jpg.rf.22f0cb6fd7d1eb2784883dee2cccc9b5.jpg,1,1,1.0,0.211,0.004,0.047,3.19,5.871,7.522,0.355,17.727
FireSmokeVideoNEW178_f27_jpg.rf.213ab9f16ff7511e8bd4d03be401ebd8.jpg,1,1,1.0,0.329,0.007,0.064,3.515,1.812,7.021,0.232,13.551
FireSmokeVideoNEW178_f29_jpg.rf.4b50b3250a85e04f2f561d0fb5b2ea19.jpg,1,1,1.0,0.205,0.004,0.044,2.59,1.005,8.273,0.244,12.757
FireSmokeVideoNEW181_f103_jpg.rf.ec93c689f6ec9a7380666966d76f179b.jpg,1,1,0.9839,0.215,0.004,0.05,2.448,0.966,6.54,0.243,10.837
FireSmokeVideoNEW181_f112_jpg.rf.a83b0b3167273cfdd0d0b3f3245fa7ee.jpg,1,1,0.9999,0.219,0.005,0.105,2.878,0.956,6.43,0.235,11.311
FireSmokeVideoNEW181_f114_jpg.rf.8fab4401cc8e1ddf41bc8f61c7083a9b.jpg,1,1,1.0,0.224,0.004,0.057,2.35,0.963,6.45,0.238,10.653
FireSmokeVideoNEW181_f119_jpg.rf.2b9039011fbaf7cf47a8a84160eba0c7.jpg,1,1,0.975,0.218,0.005,0.051,4.689,4.128,10.965,0.292,20.753
FireSmokeVideoNEW181_f138_jpg.rf.7b3ffbd1e0a0909c8542ecacf988e17c.jpg,1,1,1.0,0.204,0.004,0.049,2.309,0.973,6.439,0.244,10.603
FireSmokeVideoNEW181_f144_jpg.rf.be3fb045a09fe4b62ff818be5ff8df31.jpg,1,1,1.0,0.245,0.005,0.046,2.242,0.955,6.477,0.235,10.582
FireSmokeVideoNEW181_f151_jpg.rf.4d059df2c479b79d69332ab86693b9af.jpg,1,1,1.0,0.213,0.005,0.048,2.338,0.94,6.481,0.225,10.623
FireSmokeVideoNEW181_f153_jpg.rf.6e941e23754f67ed8b6a3cfa3a73da05.jpg,1,1,1.0,0.207,0.005,0.048,2.25,0.961,6.436,0.256,10.537
FireSmokeVideoNEW181_f155_jpg.rf.1b9a27b3e2dbbba1defd0a17da890d20.jpg,1,1,0.9999,0.205,0.004,0.044,2.206,1.055,6.393,0.222,10.513
FireSmokeVideoNEW181_f159_jpg.rf.acfb872ee5fcb34ef13a6335bfa20c31.jpg,1,1,0.9999,0.203,0.004,0.049,2.224,1.115,6.432,0.229,10.634
FireSmokeVideoNEW181_f161_jpg.rf.c66e1f5ebbe4b626eea5fb46441f68d6.jpg,1,1,1.0,0.199,0.005,0.048,2.24,1.142,8.273,0.243,12.515
FireSmokeVideoNEW181_f165_jpg.rf.944a4fa3bff479666f5d4da650df0694.jpg,1,1,1.0,0.205,0.004,0.048,4.127,1.623,7.581,0.372,14.442
FireSmokeVideoNEW181_f168_jpg.rf.09eb032299377b026f8e7a7f35185f1e.jpg,1,1,1.0,0.214,0.004,0.05,2.341,1.708,6.5,0.245,11.458
FireSmokeVideoNEW181_f35_jpg.rf.ae9d9d8481448208afb995086041c546.jpg,1,1,0.6717,0.221,0.005,0.054,2.626,0.98,6.502,0.283,11.06
FireSmokeVideoNEW181_f91_jpg.rf.4b8a5f368f4f969978581c51a5e3c72e.jpg,1,1,0.9721,0.214,0.004,0.049,2.483,0.96,6.613,0.304,10.99
FireSmokeVideoNEW181_f95_jpg.rf.5e55ec887078e0feacd31ce84a75f8ca.jpg,1,1,0.9887,0.225,0.005,0.051,8.209,6.044,11.4,0.269,26.722
FireSmokeVideoNEW181_f97_jpg.rf.18918a57d25e035d172b1857f216021f.jpg,1,1,0.8076,0.201,0.004,0.048,4.66,1.01,6.497,0.238,13.05
FireSmokeVideoNEW181_f99_jpg.rf.0e66a54a15e57cb72c3d4f8a240a2151.jpg,1,1,0.9989,0.206,0.005,0.047,2.653,0.99,6.426,0.227,10.931
FireSmokeVideoNEW184_f11_jpg.rf.ae299b7a9e7c022a3788ddc0897c134e.jpg,1,1,1.0,0.207,0.003,0.049,2.953,0.986,6.501,0.225,11.292
FireSmokeVideoNEW184_f13_jpg.rf.ce6e21ccb4aaa52937d4c2ccc7875bed.jpg,1,1,1.0,0.204,0.004,0.047,2.97,1.408,6.402,0.222,11.634
FireSmokeVideoNEW184_f15_jpg.rf.e76e5dd6c7f478e2876323df33c94fc5.jpg,1,1,1.0,0.208,0.004,0.048,2.75,0.989,6.472,0.225,11.064
FireSmokeVideoNEW184_f17_jpg.rf.8a42ec6a17e625638d9b08db25bb1da8.jpg,1,1,0.9999,0.195,0.005,0.046,3.314,3.391,6.496,0.273,14.159
FireSmokeVideoNEW184_f19_jpg.rf.6721bc5e6094024520008a809861d4d1.jpg,1,1,0.9999,0.38,0.004,0.079,9.734,6.233,14.166,0.276,31.321
FireSmokeVideoNEW184_f20_jpg.rf.617edddc4230d2a3489120a4d6284d6a.jpg,1,1,1.0,0.319,0.006,0.062,4.04,1.089,7.332,0.411,13.687
FireSmokeVideoNEW184_f22_jpg.rf.a60f9ac7d2baaa68f773a1f1c663adbd.jpg,1,1,1.0,0.317,0.006,0.07,4.742,4.028,6.632,0.251,16.482
FireSmokeVideoNEW184_f24_jpg.rf.76afc7e8179fbe13ae35b4ff745c6b4f.jpg,1,1,1.0,0.338,0.007,0.066,3.707,2.24,7.23,0.264,14.374
FireSmokeVideoNEW184_f26_jpg.rf.b13491a64cbb2d0463105e970f88c5a7.jpg,1,1,1.0,0.301,0.007,0.065,4.111,1.078,6.478,0.251,12.662
FireSmokeVideoNEW184_f2_jpg.rf.078a0f6b44f5bafb07c903b43f3af799.jpg,1,1,1.0,0.204,0.004,0.045,2.683,1.008,6.642,0.243,11.23
FireSmokeVideoNEW184_f35_jpg.rf.5495878b4d4300f0c679d9edf23807f2.jpg,1,1,0.9998,0.2,0.005,0.048,6.045,3.199,6.54,0.251,16.662
FireSmokeVideoNEW184_f37_jpg.rf.2777cc52ac569f30719c8ae879dbd8bb.jpg,1,1,1.0,0.206,0.004,0.05,4.995,2.939,6.351,0.232,15.175
FireSmokeVideoNEW184_f40_jpg.rf.6eaf7e00d16a4113754c199d8bcd7ef4.jpg,1,1,0.9999,0.199,0.004,0.046,4.642,1.184,8.263,0.245,14.946
FireSmokeVideoNEW184_f45_jpg.rf.ad114f11173cbca479065f3caebf2b34.jpg,1,1,0.9999,0.301,0.007,0.062,3.591,0.975,6.519,0.232,12.092
FireSmokeVideoNEW184_f50_jpg.rf.bbb13925ceb8e2bff335a8325417437b.jpg,1,1,0.9994,0.188,0.004,0.047,3.328,0.983,6.496,0.235,11.643
FireSmokeVideoNEW184_f55_jpg.rf.d1eec9ba4b6220797cbcb8975f71b2b2.jpg,1,1,0.9999,0.191,0.005,0.045,3.4,0.978,6.481,0.235,11.73
FireSmokeVideoNEW184_f5_jpg.rf.c8e2cd361adfeeb0a31d3758f5f41aef.jpg,1,1,0.9999,0.199,0.005,0.047,2.503,0.925,6.419,0.23,10.677
FireSmokeVideoNEW184_f7_jpg.rf.51b20038b916a76472a04ce263734a9a.jpg,1,1,1.0,0.329,0.005,0.045,2.371,0.926,6.407,0.262,10.727
FireSmokeVideoNEW184_f9_jpg.rf.87fd8eb59087813c43e0bc0a651af1de.jpg,1,1,1.0,0.303,0.005,0.059,2.3,0.782,8.228,0.237,12.259
FireSmokeVideoNEW187_f30_jpg.rf.ae1f570cf7d9572a74488eaa3debad82.jpg,1,1,0.9999,0.194,0.005,0.042,5.15,3.957,12.347,0.251,22.5
FireSmokeVideoNEW187_f46_jpg.rf.8bbd48f1c7a0c21c1c9230e5525ce5af.jpg,1,1,1.0,0.272,0.006,0.077,3.8,2.092,7.346,0.248,14.342
FireSmokeVideoNEW187_f49_jpg.rf.14c155a1599a466ead22f23981911e67.jpg,1,1,0.9999,0.308,0.006,0.06,2.347,1.213,6.735,0.361,11.432
FireSmokeVideoNEW187_f51_jpg.rf.0d435a458ddbd34d22ad4b2d72417df0.jpg,1,1,0.9997,0.201,0.005,0.046,2.742,0.917,6.858,0.352,11.476
FireSmokeVideoNEW187_f53_jpg.rf.d871ec684608d7bf3f61bb568ac88173.jpg,1,1,0.9992,0.324,0.007,0.068,3.241,1.26,7.141,0.247,12.916
FireSmokeVideoNEW187_f55_jpg.rf.0712f3244a9cf5d39b072717daedc56b.jpg,1,1,1.0,0.204,0.004,0.047,2.875,0.956,8.868,0.372,13.69
FireSmokeVideoNEW187_f57_jpg.rf.9b7d319c8d37619c608d57c3c7bed6d6.jpg,1,1,1.0,0.306,0.006,0.061,3.919,1.133,7.064,0.254,13.238
FireSmokeVideoNEW187_f59_jpg.rf.edf0bb93b118133cb359c2cab31c378b.jpg,1,1,1.0,0.232,0.004,0.047,3.946,3.258,9.509,0.263,17.636
FireSmokeVideoNEW187_f61_jpg.rf.4f009b3246be16af1da42ab71256b466.jpg,1,1,1.0,0.201,0.004,0.048,4.565,1.045,8.296,0.225,14.832
FireSmokeVideoNEW187_f66_jpg.rf.ba0506e5e6e9b1a0829ff3945083a8a9.jpg,1,1,0.9999,0.205,0.004,0.046,3.395,0.932,6.498,0.246,11.68
FireSmokeVideoNEW187_f68_jpg.rf.5ac076d8dbc1f09ebc18cd0d1e5b23eb.jpg,1,1,0.9999,0.204,0.004,0.048,2.215,1.204,8.203,0.242,12.509
FireSmokeVideoNEW187_f70_jpg.rf.5fd108067fe7e96989e53f2f078a9ace.jpg,1,1,1.0,0.2,0.005,0.045,3.116,0.948,6.505,0.25,11.442
FireSmokeVideoNEW187_f81_jpg.rf.dd8dd1d67a6a5770f2dd3aa04bbd44a7.jpg,1,1,0.9999,0.278,0.004,0.048,2.158,0.938,6.462,0.278,10.557
FireSmokeVideoNEW187_f83_jpg.rf.1248a0c6116d3f14de2e0d8c1002795f.jpg,1,1,1.0,0.203,0.004,0.048,2.165,2.796,7.167,0.374,13.122
FireSmokeVideoNEW187_f85_jpg.rf.6511d23bfd23b9eb8e9057f3ac9da850.jpg,1,1,0.9999,0.207,0.004,0.044,4.342,3.1,7.152,0.341,15.588
FireSmokeVideoNEW187_f95_jpg.rf.5d4891558279bf1ac091add3e599d1e0.jpg,1,0,0.8172,0.2,0.004,0.047,5.01,3.104,11.714,0.267,20.871
FireSmokeVideoNEW187_f98_jpg.rf.b516e11f75bff2314b57b6027da715b0.jpg,1,1,0.7072,0.202,0.005,0.05,5.589,6.853,7.312,0.285,20.833
FireSmokeVideoNEW188_f0_jpg.rf.fc6d569e759e92aa1bf39f49d704191e.jpg,1,1,1.0,0.281,0.007,0.077,3.037,1.132,7.655,0.359,13.125
FireSmokeVideoNEW188_f11_jpg.rf.3124d86b0386441621b962add617652f.jpg,1,1,1.0,0.32,0.007,0.059,3.241,2.263,7.52,0.342,14.262
FireSmokeVideoNEW188_f13_jpg.rf.c218c266a3253e8f8f8b02beda19f6db.jpg,1,1,1.0,0.308,0.007,0.058,3.183,1.149,7.116,0.244,12.539
FireSmokeVideoNEW188_f1_jpg.rf.78cee517f81fc7d7936ae6f38b16cb66.jpg,1,1,1.0,0.198,0.004,0.045,2.478,0.915,6.361,0.234,10.615
FireSmokeVideoNEW188_f29_jpg.rf.8b9e7fc00b59d5fa8cce4524ca956dd2.jpg,1,1,1.0,0.196,0.004,0.043,2.526,0.988,6.438,0.24,10.771
FireSmokeVideoNEW188_f3_jpg.rf.776e0e5bb8a5ae50c703ee454675cb74.jpg,1,1,1.0,0.201,0.005,0.046,5.506,3.236,14.321,0.252,24.714
FireSmokeVideoNEW188_f46_jpg.rf.6d5a3f5a6614d5ec2a28115e4da91a58.jpg,1,1,1.0,0.217,0.004,0.048,4.393,3.141,7.905,0.235,16.428
FireSmokeVideoNEW188_f4_jpg.rf.f8515d9c45ad1b08bf51554613f69454.jpg,1,1,1.0,0.301,0.006,0.062,3.935,1.022,7.105,0.416,13.257
FireSmokeVideoNEW188_f72_jpg.rf.5991cc08698848b3ba20af9ae58e28cc.jpg,1,1,1.0,0.303,0.007,0.06,3.36,1.164,7.08,0.242,12.817
FireSmokeVideoNEW188_f8_jpg.rf.1c4cfd22c7ec9fd23a6cafc391a63570.jpg,1,1,1.0,0.2,0.004,0.045,2.122,1.026,6.424,0.268,10.474
FireSmokeVideoNEW189_f36_jpg.rf.2429df020eeaece9f5b66e2de3dfcfb3.jpg,1,1,0.799,0.198,0.004,0.049,2.111,0.967,6.428,0.239,10.335
FireSmokeVideoNEW189_f40_jpg.rf.89284f352804c703e361e4a1d6c1a0e1.jpg,1,1,0.6526,0.2,0.004,0.046,2.133,1.178,6.268,0.219,10.435
FireSmokeVideoNEW189_f44_jpg.rf.91986ad731e197e780360a017e5bddab.jpg,1,1,0.9999,0.201,0.004,0.047,4.006,3.679,10.878,0.381,19.578
FireSmokeVideoNEW189_f47_jpg.rf.b899faf82fbc0933a0b2655bf1b84d2b.jpg,1,1,0.9998,0.203,0.005,0.044,2.133,1.023,7.553,0.244,11.591
FireSmokeVideoNEW189_f49_jpg.rf.341c12e8e1fdde632278613ad7c7ff4a.jpg,1,1,1.0,0.191,0.004,0.042,2.619,0.927,6.415,0.231,10.774
FireSmokeVideoNEW189_f54_jpg.rf.93bfead985de54201941ba700cd2f5d2.jpg,1,1,0.9999,0.2,0.004,0.048,2.214,0.808,8.194,0.331,12.182
FireSmokeVideoNEW189_f57_jpg.rf.e7ecb7baefd3bc926a9fba669c566e0e.jpg,1,1,1.0,0.199,0.005,0.046,2.836,1.682,7.209,0.243,12.761
FireSmokeVideoNEW189_f60_jpg.rf.4680d8331d6645b62e40ff208a5c0393.jpg,1,1,0.9997,0.341,0.006,0.064,2.982,1.204,7.231,0.254,12.588
FireSmokeVideoNEW18_f16_jpg.rf.4d26975a756077f4ee33e8cae1133cde.jpg,1,1,0.9992,0.201,0.004,0.048,3.182,0.974,6.507,0.247,11.521
FireSmokeVideoNEW18_f1_jpg.rf.682bfe6fca836f6bdb93a761c8f76c6a.jpg,1,1,0.9404,0.353,0.006,0.067,6.373,3.064,6.902,0.352,17.533
FireSmokeVideoNEW18_f22_jpg.rf.ffbaa38451e75e9b6553ed719e25bf8b.jpg,1,1,0.9999,0.204,0.004,0.047,3.823,1.75,6.362,0.252,12.815
FireSmokeVideoNEW18_f26_jpg.rf.c4e5334d02bf0ef86638088599a9bfcb.jpg,1,1,0.9999,0.288,0.004,0.045,3.923,3.184,6.459,0.229,14.516
FireSmokeVideoNEW18_f28_jpg.rf.e97b03f948611c6791188170a5b5b243.jpg,1,1,0.9991,0.21,0.004,0.049,2.927,0.912,6.472,0.231,11.149
FireSmokeVideoNEW18_f2_jpg.rf.0204e44f189df1713c81eebf03fe1ba2.jpg,1,1,0.9988,0.382,0.008,0.073,6.414,0.902,6.494,0.227,14.889
FireSmokeVideoNEW18_f32_jpg.rf.e3e8455d03ffae50704ed2d2bf42fc46.jpg,1,1,0.9068,0.289,0.004,0.051,2.539,0.945,6.502,0.244,11.009
FireSmokeVideoNEW18_f34_jpg.rf.db78daa23025b643f82f15732f0aebdb.jpg,1,1,1.0,0.206,0.004,0.084,3.445,1.347,7.17,0.358,13.127
FireSmokeVideoNEW18_f37_jpg.rf.b55026c86cfba5087ea2640486dba8a7.jpg,1,1,0.9999,0.205,0.004,0.048,3.99,1.205,7.315,0.376,13.755
FireSmokeVideoNEW18_f40_jpg.rf.a09c8b21417594bd3beca510ad96c086.jpg,1,1,1.0,0.203,0.004,0.046,5.184,5.803,7.596,0.309,19.684
FireSmokeVideoNEW18_f43_jpg.rf.b7d757ba37d94e776d2fe77b89e0a3d7.jpg,1,1,1.0,0.202,0.004,0.048,4.458,2.873,7.206,0.248,15.517
FireSmokeVideoNEW18_f48_jpg.rf.3dac03c9596242fe2bd07010e6237aad.jpg,1,1,0.9996,0.321,0.006,0.066,3.337,1.373,7.085,0.261,12.952
FireSmokeVideoNEW18_f4_jpg.rf.9e8f2652cbfb1af75d37e44e633dcda3.jpg,1,1,0.9977,0.322,0.006,0.062,8.057,1.432,10.652,0.381,21.443
FireSmokeVideoNEW18_f55_jpg.rf.5e3d4792612d0938fa0a3e668c16a486.jpg,1,1,0.9999,0.205,0.005,0.046,2.302,2.977,7.467,0.383,13.91
FireSmokeVideoNEW190_f0_jpg.rf.a35b2866bfe8c0c0f6628f44c3528a79.jpg,1,1,0.9998,0.203,0.004,0.049,4.682,1.015,6.953,0.355,13.641
FireSmokeVideoNEW190_f11_jpg.rf.985360832a8df61b5b0ddbdd8fbf1f73.jpg,1,1,1.0,0.329,0.022,0.058,3.354,1.342,7.03,0.253,12.882
FireSmokeVideoNEW190_f13_jpg.rf.7bb2b57e7b2b5c531d8b3b26d705d874.jpg,1,1,1.0,0.202,0.012,0.044,6.187,3.191,14.811,0.256,25.079
FireSmokeVideoNEW190_f15_jpg.rf.6efd0d63e31fe6dc87fbed3909fc4c70.jpg,1,1,0.9995,0.206,0.004,0.049,6.414,2.847,7.571,0.244,17.849
FireSmokeVideoNEW190_f22_jpg.rf.0e2d7c4980641dfb7afd1452401e651f.jpg,1,1,1.0,0.312,0.006,0.063,4.26,1.011,6.86,0.344,13.233
FireSmokeVideoNEW190_f24_jpg.rf.eff680509c302b7cd3a5ada6000821a7.jpg,1,1,0.9999,0.296,0.007,0.063,5.665,1.56,6.741,0.325,15.074
FireSmokeVideoNEW190_f2_jpg.rf.104bd7e3980b2cb1b90d31b3ef4f082e.jpg,1,1,0.9997,0.203,0.004,0.046,4.093,0.998,6.435,0.225,12.405
FireSmokeVideoNEW190_f6_jpg.rf.2d8e3a243a79acf85362f5ac853e3a55.jpg,1,1,0.998,0.212,0.005,0.046,4.684,3.001,6.481,0.23,15.057
FireSmokeVideoNEW190_f9_jpg.rf.3cc86b991034435b13c5c152eaf141cd.jpg,1,1,0.9996,0.233,0.004,0.045,6.737,1.196,7.007,0.325,16.176
FireSmokeVideoNEW192_f30_jpg.rf.b0caab4318976f8287d38e500f70f038.jpg,1,1,1.0,0.208,0.004,0.048,4.447,4.252,10.684,0.272,20.436
FireSmokeVideoNEW193_f0_jpg.rf.3fba05722abb7959e9f186089fe131cb.jpg,1,1,1.0,0.202,0.004,0.047,2.755,0.942,8.823,0.331,13.506
FireSmokeVideoNEW193_f11_jpg.rf.c049af71be9b2965ef266467b9b1e748.jpg,1,1,0.9999,0.202,0.005,0.048,2.064,1.25,6.405,0.232,10.595
FireSmokeVideoNEW193_f13_jpg.rf.054906582d1e2a5671b5037baf1ba6d7.jpg,1,1,1.0,0.203,0.004,0.046,4.379,3.191,7.373,0.321,16.005
FireSmokeVideoNEW193_f15_jpg.rf.5f5d4d7fa3f3f4bcbc94fbd951492423.jpg,1,1,0.9999,0.204,0.004,0.042,4.389,3.137,7.37,0.304,15.874
FireSmokeVideoNEW193_f17_jpg.rf.958bd48046898c67eabfbdf08dabdb68.jpg,1,1,0.9997,0.298,0.006,0.055,7.254,5.214,11.965,0.235,25.565
FireSmokeVideoNEW193_f23_jpg.rf.2150d12e92cb110483da5b499a0580f9.jpg,1,1,0.7336,0.2,0.005,0.044,3.047,0.822,6.872,0.366,11.739
FireSmokeVideoNEW193_f2_jpg.rf.81915735009a8e0799dae85ad02b89fe.jpg,1,1,1.0,0.208,0.004,0.047,5.04,4.114,11.453,0.689,22.14
FireSmokeVideoNEW193_f4_jpg.rf.f2b0b44d8259124c67a81c86a577542e.jpg,1,1,1.0,0.2,0.005,0.047,7.944,2.22,7.065,0.23,18.199
FireSmokeVideoNEW193_f6_jpg.rf.d76a364d821d4ccdf9a36eccd47efee6.jpg,1,1,1.0,0.323,0.007,0.067,3.439,1.303,10.361,0.403,16.432
FireSmokeVideoNEW193_f8_jpg.rf.f6cdddc13a53b3f650e99ed4b52771e8.jpg,1,1,1.0,0.288,0.006,0.077,3.411,2.587,7.313,0.27,14.467
FireSmokeVideoNEW195_f12_jpg.rf.b121d9a71576ecf41f9f17f62e05626f.jpg,1,1,1.0,0.34,0.008,0.066,4.614,1.286,7.494,0.393,14.722
FireSmokeVideoNEW195_f1_jpg.rf.cb6aa2f9b28315913fd1c2ea6b1d192b.jpg,1,1,1.0,0.334,0.008,0.061,3.247,1.853,7.379,0.324,13.705
FireSmokeVideoNEW195_f21_jpg.rf.f985d0adab92d4dc5e69d09bd41edf54.jpg,1,1,1.0,0.314,0.007,0.095,3.415,1.329,7.574,0.391,13.627
FireSmokeVideoNEW195_f39_jpg.rf.6afa740ec99e43e78c91576a78915374.jpg,1,1,1.0,0.212,0.004,0.048,7.473,8.017,7.296,0.454,24.12
FireSmokeVideoNEW195_f52_jpg.rf.adc4744948baa9be7cba6a3051d71953.jpg,1,1,1.0,0.193,0.005,0.043,5.63,1.155,7.55,0.351,15.358
FireSmokeVideoNEW195_f54_jpg.rf.d049a979c76e3aff8e2d6f356ab8ddc4.jpg,1,1,1.0,0.325,0.007,0.061,4.796,0.996,6.868,0.359,13.822
FireSmokeVideoNEW195_f57_jpg.rf.adba774b4a6f6f50a6ebd204615e1d54.jpg,1,1,1.0,0.209,0.004,0.046,4.742,3.493,6.552,0.255,15.676
FireSmokeVideoNEW195_f8_jpg.rf.3380bf270e9dd14b8df78b20d8870b70.jpg,1,1,0.9992,0.281,0.004,0.052,8.348,1.16,7.519,0.292,18.721
FireSmokeVideoNEW197_f3_jpg.rf.163c4fe26eac9d1a08fff50952edade8.jpg,1,1,0.9998,0.205,0.005,0.046,5.173,1.349,7.373,0.353,15.029
FireSmokeVideoNEW1_f13_jpg.rf.855ace32fc44c2b333eee22fc387a8c5.jpg,1,1,1.0,0.201,0.005,0.048,3.982,1.261,7.178,0.375,13.663
FireSmokeVideoNEW1_f19_jpg.rf.c1446481d1ceac0fd8c3717faf246c1a.jpg,1,1,1.0,0.207,0.004,0.049,7.351,5.646,13.461,0.263,27.526
FireSmokeVideoNEW1_f24_jpg.rf.18baea2feae86daa93dd3d5ca3042635.jpg,1,1,1.0,0.25,0.005,0.049,5.634,4.898,7.422,0.24,19.01
FireSmokeVideoNEW1_f27_jpg.rf.a6d5476ddc259bc2a5466b1bec55bff9.jpg,1,1,1.0,0.199,0.004,0.048,5.011,1.391,7.182,0.237,14.565
FireSmokeVideoNEW1_f2_jpg.rf.501504c7a5777e0e12b6e269b0a4c602.jpg,1,1,1.0,0.319,0.007,0.064,3.947,1.89,6.958,0.242,13.906
FireSmokeVideoNEW1_f31_jpg.rf.53aaf37bd8da6096ecdd40471aa5a6bd.jpg,1,1,1.0,0.2,0.004,0.043,2.225,0.917,6.399,0.274,10.451
FireSmokeVideoNEW1_f41_jpg.rf.d7cbb63350c40af73d363445d37c2f5f.jpg,1,1,1.0,0.307,0.008,0.063,2.477,1.137,6.265,0.228,10.875
FireSmokeVideoNEW1_f4_jpg.rf.5e96301b03feb9a698de973351ad0961.jpg,1,1,1.0,0.205,0.005,0.045,3.981,3.333,6.451,0.232,14.631
FireSmokeVideoNEW1_f53_jpg.rf.ba7d3b6decd4127c1c8addf13e3014a1.jpg,1,1,1.0,0.199,0.004,0.043,5.415,4.077,6.672,0.326,17.122
FireSmokeVideoNEW1_f56_jpg.rf.fe2a3b2dfc7598c26f3a30c2d59d05f4.jpg,1,1,1.0,0.206,0.005,0.046,5.093,3.856,6.808,0.361,16.795
FireSmokeVideoNEW1_f58_jpg.rf.68135a3ee4d6e797530eaebd00ad7820.jpg,1,1,1.0,0.203,0.004,0.049,5.703,3.616,7.338,0.31,17.719
FireSmokeVideoNEW1_f63_jpg.rf.8c6731bbbac8a67f7d532a01b9c52e6f.jpg,1,1,1.0,0.306,0.006,0.058,5.241,1.293,6.501,0.224,14.031
FireSmokeVideoNEW1_f8_jpg.rf.1fefecbbbda7afc85a9dcda50953853d.jpg,1,1,1.0,0.262,0.004,0.044,2.214,0.929,6.413,0.246,10.493
FireSmokeVideoNEW201_f10_jpg.rf.954026fc01f49a4e10a99c9ba7b08630.jpg,1,1,1.0,0.296,0.004,0.044,2.524,0.935,6.472,0.226,10.891
FireSmokeVideoNEW201_f12_jpg.rf.052b12a91bd93919d00678e3824b3c57.jpg,1,1,0.9999,0.309,0.007,0.061,2.136,1.039,8.204,0.225,12.375
FireSmokeVideoNEW201_f16_jpg.rf.e0586c7614e0d90fcfe3ecb61ddb1ae4.jpg,1,1,1.0,0.196,0.004,0.048,5.88,5.303,8.788,0.247,21.56
FireSmokeVideoNEW201_f19_jpg.rf.00e63132ce0efb79c6d94d0ddf94c09c.jpg,1,1,1.0,0.209,0.004,0.052,4.602,1.112,6.476,0.238,13.098
FireSmokeVideoNEW201_f23_jpg.rf.c2389ea8232ce77be19f23af01c4f629.jpg,1,1,1.0,0.211,0.004,0.051,2.865,1.274,7.378,0.259,12.645
FireSmokeVideoNEW201_f26_jpg.rf.539e1f4f8841f014d1557d2a01757e4a.jpg,1,1,1.0,0.226,0.004,0.047,2.13,0.851,6.384,0.231,10.257
FireSmokeVideoNEW201_f31_jpg.rf.4515ca6d9aac4fc0a0d6d778c66caa6f.jpg,1,1,0.9999,0.232,0.004,0.05,2.336,0.86,6.487,0.285,10.62
FireSmokeVideoNEW201_f33_jpg.rf.109581e811570cbf53157b29246d945a.jpg,1,1,0.9999,0.313,0.007,0.064,2.786,1.263,6.469,0.24,11.499
FireSmokeVideoNEW201_f40_jpg.rf.02e8adb9f84617089040ae5f925bf99b.jpg,1,1,1.0,0.321,0.007,0.063,4.309,1.008,6.501,0.237,12.815
FireSmokeVideoNEW201_f46_jpg.rf.e476d7a6562d94f5b7e7f51c15aebdff.jpg,1,1,0.9999,0.331,0.007,0.065,2.587,0.959,6.465,0.254,11.04
FireSmokeVideoNEW201_f5_jpg.rf.04537ab6ec4f0a5b84fda8d7ff07ef05.jpg,1,1,0.9999,0.235,0.005,0.054,6.142,5.642,8.277,0.265,21.14
FireSmokeVideoNEW203_f106_jpg.rf.6484f9a7be6d3b99aa2a5603afdcc716.jpg,1,1,1.0,0.316,0.008,0.069,3.785,1.07,6.499,0.24,12.367
FireSmokeVideoNEW203_f110_jpg.rf.39d41649265d99af9530df65b191bdbd.jpg,1,1,1.0,0.207,0.004,0.048,2.317,0.961,6.48,0.224,10.615
FireSmokeVideoNEW203_f118_jpg.rf.1072a0f084f87963fb877021f5f7726f.jpg,1,1,1.0,0.228,0.005,0.052,2.512,0.964,6.431,0.239,10.808
FireSmokeVideoNEW203_f130_jpg.rf.27c452c868fcd9f97341c88be0c34aa3.jpg,1,1,1.0,0.363,0.005,0.048,2.698,0.966,7.882,0.239,12.584
FireSmokeVideoNEW203_f134_jpg.rf.e759e8639553419bad87c473bbbe5294.jpg,1,1,1.0,0.217,0.004,0.047,2.802,0.97,6.431,0.241,11.086
FireSmokeVideoNEW203_f140_jpg.rf.e2874067e33a35be23d1556d0397333d.jpg,1,1,1.0,0.217,0.004,0.05,2.378,1.153,8.298,0.23,12.702
FireSmokeVideoNEW203_f152_jpg.rf.0a4f5153be5b77d39034f77c4f447dba.jpg,1,1,1.0,0.214,0.005,0.11,3.273,6.3,7.514,0.473,18.296
FireSmokeVideoNEW203_f156_jpg.rf.c512e5ef573e2d2e921efdceda768fa2.jpg,1,1,0.9998,0.205,0.004,0.047,2.496,1.578,6.457,0.243,11.417
FireSmokeVideoNEW203_f15_jpg.rf.8867322ed7ea1eb1ed858fbf46121653.jpg,1,1,1.0,0.203,0.004,0.046,2.497,0.959,8.503,0.24,12.911
FireSmokeVideoNEW203_f161_jpg.rf.16547bbb033af71d563e4c6c4a174343.jpg,1,1,0.9999,0.203,0.005,0.048,2.244,0.962,6.531,0.273,10.644
FireSmokeVideoNEW203_f1_jpg.rf.6cb734f3d70ebeb9cd4987a2a41120ba.jpg,1,1,1.0,0.207,0.004,0.045,2.23,0.944,6.412,0.24,10.452
FireSmokeVideoNEW203_f2_jpg.rf.d3784a037e06dc217fedabf8ab6a4727.jpg,1,1,0.9996,0.208,0.005,0.045,2.494,0.954,6.402,0.235,10.771
FireSmokeVideoNEW203_f37_jpg.rf.fdd9515fcb1a6649434d1d966cd76cfc.jpg,1,1,1.0,0.213,0.004,0.046,2.265,0.937,6.549,0.231,10.621
FireSmokeVideoNEW203_f39_jpg.rf.4e7544cc5c7216f84c4965d5ac252039.jpg,1,1,1.0,0.204,0.005,0.049,2.752,0.951,6.305,0.222,10.867
FireSmokeVideoNEW203_f41_jpg.rf.c1f9a9c2d5b9a7c290197d578d6d75a8.jpg,1,1,1.0,0.306,0.006,0.059,2.8,0.946,6.42,0.227,11.192
FireSmokeVideoNEW203_f44_jpg.rf.ca6edf4aa731568c93680c45aaadc202.jpg,1,1,1.0,0.262,0.004,0.046,4.604,3.143,8.222,0.301,16.969
FireSmokeVideoNEW203_f48_jpg.rf.36f107bbec8be9161fbf76c1e384a40b.jpg,1,1,0.9999,0.21,0.005,0.051,5.371,1.121,7.461,0.36,15.054
FireSmokeVideoNEW203_f50_jpg.rf.5447f1766cb72b0254b85dbc4977e38b.jpg,1,1,1.0,0.206,0.005,0.05,3.955,3.092,6.469,0.244,14.398
FireSmokeVideoNEW203_f52_jpg.rf.5f61df8d59150ded57ba47f13028e7b3.jpg,1,1,1.0,0.209,0.005,0.048,2.705,0.957,6.461,0.226,10.989
FireSmokeVideoNEW203_f61_jpg.rf.17943721e04dcb8ef68a1e512641f911.jpg,1,1,0.9999,0.211,0.004,0.048,3.565,0.971,6.523,0.242,11.948
FireSmokeVideoNEW203_f63_jpg.rf.5fe2b4463d033ccbc68aa1ad4c4d5493.jpg,1,1,0.9998,0.215,0.004,0.047,3.493,0.963,6.418,0.233,11.75
FireSmokeVideoNEW203_f65_jpg.rf.ef14751d7b1d576a5d08824bba6a8ed8.jpg,1,1,1.0,0.207,0.004,0.052,2.888,0.99,8.288,0.244,13.062
FireSmokeVideoNEW203_f67_jpg.rf.784571c13f4496c9e5c7edf11dc04d86.jpg,1,1,1.0,0.194,0.005,0.047,2.635,1.55,6.444,0.221,11.476
FireSmokeVideoNEW203_f69_jpg.rf.c08805dd1b4f4362d2462cc30b7fa541.jpg,1,1,1.0,0.212,0.004,0.05,7.048,6.376,12.068,0.248,26.62
FireSmokeVideoNEW203_f81_jpg.rf.2501c50925550ac5428dbc0da5c8f8ae.jpg,1,1,1.0,0.207,0.005,0.048,2.972,1.314,6.413,0.238,11.579
FireSmokeVideoNEW203_f83_jpg.rf.9b2b945de7d81e78084a413be8d8a741.jpg,1,1,0.9998,0.211,0.005,0.049,4.726,1.246,9.416,0.36,16.509
FireSmokeVideoNEW203_f85_jpg.rf.e4b81ba03dc79d5f5a76e8620d5e9ee4.jpg,1,1,0.9999,0.316,0.007,0.063,4.07,1.042,6.445,0.243,12.571
FireSmokeVideoNEW203_f93_jpg.rf.f9dbc64517276675add630b8ae161dac.jpg,1,1,0.9999,0.216,0.005,0.05,2.243,0.967,6.481,0.24,10.573
FireSmokeVideoNEW203_f98_jpg.rf.e4f9977592dca1efb082663ffef6a816.jpg,1,1,0.9999,0.213,0.004,0.049,2.262,1.145,6.483,0.245,10.811
FireSmokeVideoNEW204_f138_jpg.rf.37c44efb786e179cf63b42a0b2cc3143.jpg,1,1,1.0,0.215,0.004,0.05,2.334,0.954,6.333,0.232,10.49
FireSmokeVideoNEW204_f141_jpg.rf.6b70537325375a5de7eebf169d458ff0.jpg,1,1,1.0,0.213,0.005,0.052,2.57,3.069,6.578,0.357,13.24
FireSmokeVideoNEW204_f143_jpg.rf.454f159b3de750e984d2acaf472ab51c.jpg,1,1,1.0,0.334,0.007,0.074,7.185,6.132,6.892,0.378,21.399
FireSmokeVideoNEW204_f33_jpg.rf.d1a02a349fafbe43c9102536c9c7eb9c.jpg,1,1,0.9999,0.22,0.005,0.054,4.614,1.023,6.55,0.251,13.122
FireSmokeVideoNEW204_f43_jpg.rf.bf504985dc0bbdfc1ebd0b2320c79ed3.jpg,1,1,0.9998,0.211,0.005,0.047,2.9,0.989,6.338,0.237,11.129
FireSmokeVideoNEW204_f47_jpg.rf.353f8fca81b60797bc60037cb1e7d21f.jpg,1,1,1.0,0.205,0.004,0.048,3.359,1.064,6.47,0.231,11.784
FireSmokeVideoNEW204_f5_jpg.rf.1c543a52433e5878aae7c5dc2855d2cc.jpg,1,1,1.0,0.204,0.004,0.049,2.258,0.951,6.451,0.229,10.526
FireSmokeVideoNEW204_f8_jpg.rf.45bdc09c828ee0ed81b6b0689e16bc84.jpg,1,1,1.0,0.201,0.003,0.047,3.082,0.925,6.406,0.227,11.307
FireSmokeVideoNEW204_f98_jpg.rf.5c58193ed1d33a6ae8ae63b173be02ee.jpg,1,1,1.0,0.206,0.004,0.046,2.484,0.978,8.204,0.241,12.541
FireSmokeVideoNEW208_f0_jpg.rf.97bd6b8a832086b567e2f4f705d5711c.jpg,1,1,1.0,0.213,0.004,0.046,4.247,5.571,11.128,0.25,22.039
FireSmokeVideoNEW208_f11_jpg.rf.adb0c48038e05906ced14ff99dcd285d.jpg,1,1,1.0,0.205,0.005,0.046,2.939,0.958,6.493,0.241,11.279
FireSmokeVideoNEW208_f13_jpg.rf.75eacf6c544a2110e594d942c083a6bd.jpg,1,1,1.0,0.212,0.004,0.051,2.668,0.974,6.488,0.228,11.006
FireSmokeVideoNEW208_f1_jpg.rf.3d92ec2bc1b751224bf9e58c3d8d1e33.jpg,1,1,1.0,0.211,0.004,0.044,2.533,0.988,6.412,0.232,10.803
FireSmokeVideoNEW208_f3_jpg.rf.0b0363bd85c5fc81e8ce31fb0da27dee.jpg,1,1,1.0,0.326,0.005,0.073,3.461,0.96,6.356,0.224,11.792
FireSmokeVideoNEW208_f5_jpg.rf.b27e60cedf4e9e70ac3a4bc4f6a22612.jpg,1,1,1.0,0.248,0.004,0.046,2.394,0.949,6.469,0.223,10.708
FireSmokeVideoNEW208_f7_jpg.rf.7c7b8753de4111826b826f9fa04aab7f.jpg,1,1,1.0,0.205,0.004,0.045,2.171,1.062,6.421,0.233,10.516
FireSmokeVideoNEW209_f10_jpg.rf.88c7b43773903beab54d83e74cce4076.jpg,1,1,1.0,0.209,0.004,0.047,2.251,1.391,6.405,0.232,10.917
FireSmokeVideoNEW209_f18_jpg.rf.ba626acee756e94584c04ff0b2a6604a.jpg,1,1,1.0,0.297,0.006,0.058,2.254,0.946,6.428,0.238,10.637
FireSmokeVideoNEW209_f1_jpg.rf.5fe1fb563d9a05c38ee7523b4d2f2f93.jpg,1,1,1.0,0.413,0.007,0.076,7.668,3.841,16.193,0.466,29.382
FireSmokeVideoNEW209_f21_jpg.rf.fc6c4f2d10332150b75bd4ed7ca47704.jpg,1,1,1.0,0.209,0.004,0.05,3.554,1.033,6.83,0.348,12.418
FireSmokeVideoNEW209_f3_jpg.rf.e77bd585be04ebc66ee79b05acada936.jpg,1,1,1.0,0.336,0.007,0.064,3.764,1.344,7.046,0.253,13.287
FireSmokeVideoNEW20_f25_jpg.rf.1cc06defcb39979a82c0285424a97fab.jpg,1,1,0.9999,0.216,0.004,0.052,2.351,1.073,6.506,0.289,10.868
FireSmokeVideoNEW20_f27_jpg.rf.e57c41a1a5ea21d29f86a6ce294c8368.jpg,1,1,0.9999,0.209,0.005,0.048,2.284,1.586,6.456,0.271,11.237
FireSmokeVideoNEW20_f29_jpg.rf.4b29026cb05d1a0b42adcb921ba70c4c.jpg,1,1,1.0,0.243,0.004,0.047,2.587,1.037,8.313,0.24,12.848
FireSmokeVideoNEW20_f39_jpg.rf.a803f0864c3ed5397401ea641d9167c0.jpg,1,1,1.0,0.311,0.007,0.08,2.435,1.362,6.578,0.233,11.38
FireSmokeVideoNEW20_f41_jpg.rf.f0bdaeed820327f326f03c112a2ed376.jpg,1,1,1.0,0.248,0.004,0.05,2.491,1.017,6.508,0.24,10.935
FireSmokeVideoNEW20_f47_jpg.rf.f231c47ab70a5b48bd068c7b87cee74e.jpg,1,1,1.0,0.225,0.004,0.05,6.051,3.635,10.034,0.265,20.651
FireSmokeVideoNEW20_f55_jpg.rf.af58953e27ab82030f5d055eeb173e49.jpg,1,1,1.0,0.201,0.004,0.046,2.335,1.921,6.538,0.249,11.683
FireSmokeVideoNEW20_f61_jpg.rf.7dd62293ab496e7c141043b5041822ec.jpg,1,1,1.0,0.206,0.004,0.048,2.683,1.054,8.262,0.23,12.871
FireSmokeVideoNEW20_f79_jpg.rf.36f704638e9ec7493aff1014dee25895.jpg,1,1,1.0,0.2,0.004,0.045,3.198,0.993,6.823,0.322,11.975
FireSmokeVideoNEW211_f105_jpg.rf.9d83b07dbaf7b8623adc776b990c9cba.jpg,1,1,1.0,0.206,0.004,0.05,2.26,1.07,6.414,0.228,10.61
FireSmokeVideoNEW211_f115_jpg.rf.dd4e1e2c40dcd3b9e2017abb5d6a808c.jpg,1,1,1.0,0.204,0.005,0.047,2.294,0.989,6.473,0.238,10.616
FireSmokeVideoNEW211_f123_jpg.rf.c7d906540e4c16e62e3329460ebde3ed.jpg,1,1,1.0,0.341,0.006,0.067,2.632,0.999,6.459,0.249,11.128
FireSmokeVideoNEW211_f18_jpg.rf.080c2495369762146513440f0e52a727.jpg,1,1,0.9998,0.228,0.005,0.05,3.91,1.228,8.447,0.262,14.506
FireSmokeVideoNEW211_f21_jpg.rf.17fca5c492b7730cd8abfd3ec3c175a7.jpg,1,1,0.9999,0.212,0.005,0.053,2.416,1.007,6.475,0.234,10.783
FireSmokeVideoNEW211_f23_jpg.rf.b4062b53d80a748705944dee83d83fc0.jpg,1,1,0.9996,0.221,0.004,0.051,2.327,1.013,6.436,0.254,10.721
FireSmokeVideoNEW211_f33_jpg.rf.fc5dcef4f50e6d789334ae1e9d82f9d5.jpg,1,1,0.9999,0.217,0.004,0.05,2.361,1.024,6.454,0.237,10.725
FireSmokeVideoNEW211_f40_jpg.rf.878e8ed1c4d7756bb89881b072f2b78f.jpg,1,1,0.9999,0.218,0.004,0.049,2.371,1.014,6.447,0.269,10.746
FireSmokeVideoNEW211_f72_jpg.rf.c4b8d4fb7202ac2688b6c3ffb4d7941c.jpg,1,1,1.0,0.216,0.004,0.052,2.405,1.025,6.41,0.231,10.722
FireSmokeVideoNEW211_f83_jpg.rf.0e6e0a52c9612ed28f9dbc097d8f6206.jpg,1,1,1.0,0.212,0.004,0.051,2.378,1.028,6.477,0.233,10.75
FireSmokeVideoNEW211_f98_jpg.rf.7bebc759655b25bb4120643ccab05395.jpg,1,1,0.9999,0.217,0.004,0.048,2.376,1.011,10.887,0.277,15.199
FireSmokeVideoNEW212_f20_jpg.rf.eb77f640f92703fa61edbaddc9a273a5.jpg,1,1,0.9996,0.215,0.005,0.05,2.352,1.111,14.544,0.456,19.109
FireSmokeVideoNEW212_f26_jpg.rf.7bce4adbdd8e2de3d1441a1371d6c2a3.jpg,1,1,0.9926,0.205,0.005,0.048,2.374,1.018,6.538,0.272,10.844
FireSmokeVideoNEW212_f29_jpg.rf.c573350a48be3b6ef33284f23ef4eb53.jpg,1,0,0.5721,0.21,0.005,0.05,2.338,1.013,6.505,0.243,10.75
FireSmokeVideoNEW212_f39_jpg.rf.6c0d067020333fde34ecc6bd051d7c57.jpg,1,1,1.0,0.213,0.004,0.053,2.366,1.006,6.43,0.239,10.694
FireSmokeVideoNEW212_f40_jpg.rf.7afe6dc7d2a400ff27e84e8518723223.jpg,1,1,1.0,0.223,0.005,0.052,2.38,1.037,6.3,0.237,10.637
FireSmokeVideoNEW212_f42_jpg.rf.e5cc278015ab526c17bea13a66f735e0.jpg,1,1,0.8651,0.203,0.005,0.047,2.288,1.016,6.408,0.23,10.615
FireSmokeVideoNEW212_f47_jpg.rf.03a952d7d61f102e43956ceb5cd45f9c.jpg,1,1,0.9999,0.207,0.004,0.046,2.352,1.012,6.49,0.238,10.721
FireSmokeVideoNEW212_f49_jpg.rf.51c963a0ee193f56af17051f72209961.jpg,1,1,0.9999,0.267,0.005,0.049,4.192,3.315,9.835,0.306,18.358
FireSmokeVideoNEW212_f50_jpg.rf.19bb9e546d3cc717ee5ae092855168cb.jpg,1,1,0.7503,0.213,0.004,0.052,3.815,0.943,8.328,0.242,13.997
FireSmokeVideoNEW212_f52_jpg.rf.ae01318cbd57ba0a9333e36682302766.jpg,1,1,0.9999,0.321,0.006,0.062,2.783,1.155,7.118,0.274,12.216
FireSmokeVideoNEW212_f54_jpg.rf.bf714fc85f36b3393d098b91adb0554c.jpg,1,1,0.9999,0.307,0.004,0.047,4.396,0.938,6.466,0.28,12.834
FireSmokeVideoNEW212_f63_jpg.rf.701893b2b3635f143aaf7b6f9bd45aa2.jpg,1,1,0.9998,0.197,0.005,0.048,2.323,0.92,6.404,0.226,10.508
FireSmokeVideoNEW212_f69_jpg.rf.766fef2a3b6070d397ade684b70c2b43.jpg,1,1,0.9999,0.271,0.004,0.043,2.754,0.916,6.428,0.222,11.026
FireSmokeVideoNEW212_f70_jpg.rf.6fd1fed84808897ba86bc35faa8759f1.jpg,1,1,0.9978,0.202,0.003,0.043,2.138,0.911,6.397,0.227,10.341
FireSmokeVideoNEW213_f36_jpg.rf.b52ffa4b493c47c40af87a1983b6703b.jpg,1,1,1.0,0.303,0.007,0.058,2.663,0.928,6.441,0.226,11.014
FireSmokeVideoNEW215_f13_jpg.rf.1be99abe9b01cc61b79dc950e8500b61.jpg,1,1,1.0,0.205,0.005,0.045,7.045,2.848,9.064,0.378,19.995
FireSmokeVideoNEW215_f33_jpg.rf.192cb3311ec069ab85e1df4aa4575855.jpg,1,1,0.9999,0.195,0.005,0.046,2.24,0.917,8.185,0.232,12.203
FireSmokeVideoNEW215_f38_jpg.rf.c13201af97e201352fc60ff38e56a8ca.jpg,1,1,0.9999,0.196,0.004,0.046,2.203,0.924,6.46,0.229,10.442
FireSmokeVideoNEW215_f3_jpg.rf.e9664a85851447730ec745ffa4fa0c6f.jpg,1,1,1.0,0.202,0.005,0.047,2.174,0.962,6.406,0.227,10.408
FireSmokeVideoNEW215_f44_jpg.rf.f8a93790f6305f4ebeddf38aedd630a2.jpg,1,1,1.0,0.196,0.005,0.045,2.122,0.911,6.451,0.228,10.334
FireSmokeVideoNEW215_f4_jpg.rf.429d1c7df213307037d5748aa75dc4dc.jpg,1,1,1.0,0.231,0.004,0.048,2.455,1.114,6.424,0.234,10.941
FireSmokeVideoNEW215_f7_jpg.rf.4b9242fb690d24c9b00c401507cfda6e.jpg,1,1,1.0,0.206,0.004,0.047,2.269,0.8,8.289,0.227,12.218
FireSmokeVideoNEW215_f9_jpg.rf.2d10b5da2bbdb8ba2218af3c5fd68ee6.jpg,1,1,1.0,0.303,0.006,0.057,3.172,0.922,6.405,0.229,11.482
FireSmokeVideoNEW216_f27_jpg.rf.9752e0401177f9ef2c00eba6afb3bf49.jpg,1,1,1.0,0.198,0.005,0.047,4.674,3.594,12.149,0.431,21.776
FireSmokeVideoNEW216_f29_jpg.rf.4602430c2f01e2aaaad22b36b613b5b4.jpg,1,1,1.0,0.202,0.005,0.048,4.823,4.506,7.035,0.269,17.449
FireSmokeVideoNEW216_f31_jpg.rf.bcf64acb747807831fdb41468fe05d3d.jpg,1,1,0.9999,0.307,0.007,0.061,3.179,1.21,7.154,0.227,12.622
FireSmokeVideoNEW216_f34_jpg.rf.b6ad2762deb497a97237b66c10958486.jpg,1,1,1.0,0.204,0.005,0.044,5.061,3.568,6.415,0.22,15.884
FireSmokeVideoNEW216_f36_jpg.rf.f57ae82cb0eac7f791a1f314e59586eb.jpg,1,1,1.0,0.201,0.005,0.043,5.933,3.648,6.404,0.222,16.833
FireSmokeVideoNEW216_f38_jpg.rf.a4c46748bfe9f1e13262189ee4958a6c.jpg,1,1,1.0,0.203,0.004,0.043,5.96,4.352,7.551,0.22,18.854
FireSmokeVideoNEW216_f63_jpg.rf.43542df686881ae3bd014e792d6d0703.jpg,1,1,1.0,0.303,0.007,0.056,4.933,3.739,9.953,0.385,19.791
FireSmokeVideoNEW216_f66_jpg.rf.b55857b55e7a044c827d9875bb78fc85.jpg,1,1,1.0,0.201,0.005,0.049,3.78,3.061,6.802,0.354,14.635
FireSmokeVideoNEW216_f68_jpg.rf.d22f55fffdb7547ab82db3089e1d2ecf.jpg,1,1,1.0,0.306,0.006,0.065,5.26,3.038,6.515,0.248,15.837
FireSmokeVideoNEW216_f72_jpg.rf.b91983b01a9b8eee23ac98ac1b660312.jpg,1,1,1.0,0.307,0.005,0.057,2.639,1.126,7.079,0.24,11.944
FireSmokeVideoNEW216_f86_jpg.rf.27d882594f801518b63c93d84610f649.jpg,1,1,1.0,0.196,0.004,0.047,2.817,0.989,7.183,0.336,11.965
FireSmokeVideoNEW216_f89_jpg.rf.99a8641e3c842e990d80706bb4c00959.jpg,1,1,0.9999,0.202,0.004,0.045,2.184,0.931,6.409,0.259,10.418
FireSmokeVideoNEW218_f1_jpg.rf.67f61678892a49c41d8ede805848047f.jpg,1,1,0.9997,0.215,0.004,0.049,5.256,3.067,9.306,0.261,18.584
FireSmokeVideoNEW218_f33_jpg.rf.bc051305b2444a9682c6cbdc80457601.jpg,1,1,0.9999,0.211,0.005,0.052,6.763,3.067,7.19,0.321,17.999
FireSmokeVideoNEW218_f36_jpg.rf.690e54d498b40201eea9b608f1d4e97d.jpg,1,1,0.9999,0.205,0.004,0.048,5.842,2.952,6.408,0.24,16.095
FireSmokeVideoNEW218_f41_jpg.rf.506c5095b51cb13898c5d887dccd3c32.jpg,1,1,1.0,0.214,0.004,0.048,4.363,1.015,6.394,0.259,12.69
FireSmokeVideoNEW218_f43_jpg.rf.1ff2126f11d02341d18fd00487251fc9.jpg,1,1,0.9999,0.208,0.004,0.049,4.758,1.57,6.396,0.222,13.604
FireSmokeVideoNEW218_f46_jpg.rf.09cd36ec79dd7846fcdb8dfcdcb4f039.jpg,1,1,0.9999,0.204,0.004,0.044,4.709,0.945,6.457,0.224,12.987
FireSmokeVideoNEW218_f6_jpg.rf.927cb3facf92db0f994b7e641c5f1db8.jpg,1,1,0.9998,0.28,0.004,0.049,2.72,0.965,6.388,0.222,11.062
FireSmokeVideoNEW218_f9_jpg.rf.59f45274803c507efa12635b802691f9.jpg,1,1,0.9996,0.201,0.004,0.048,3.452,0.935,6.446,0.228,11.711
FireSmokeVideoNEW21_f1_jpg.rf.88471b473598961e0c71228c4cdcb3fc.jpg,1,1,1.0,0.207,0.003,0.047,4.727,2.961,9.999,0.265,18.631
FireSmokeVideoNEW21_f43_jpg.rf.b339aaa65d20f3b8280e31505c5517d2.jpg,1,1,1.0,0.208,0.004,0.049,4.028,2.969,11.14,0.238,19.009
FireSmokeVideoNEW21_f59_jpg.rf.7b7783cf60019879934a1f34f494e015.jpg,1,1,1.0,0.199,0.005,0.044,4.317,3.171,7.345,0.231,16.314
FireSmokeVideoNEW21_f64_jpg.rf.2c2e3982d7ef8e914cc9dce7fbcc7b68.jpg,1,0,0.9954,0.303,0.006,0.067,5.108,3.043,6.464,0.238,15.613
FireSmokeVideoNEW21_f67_jpg.rf.45d03b24f98649e0d649e2f16f22567a.jpg,1,1,1.0,0.203,0.004,0.048,3.955,2.978,6.404,0.221,14.192
FireSmokeVideoNEW21_f69_jpg.rf.75191347f6763cf9fde8a47940370227.jpg,1,1,1.0,0.203,0.005,0.047,3.963,2.995,6.4,0.217,14.194
FireSmokeVideoNEW21_f70_jpg.rf.0f544b5b509c06479c505fda09cf0295.jpg,1,1,1.0,0.2,0.005,0.047,4.384,2.957,6.385,0.222,14.648
FireSmokeVideoNEW21_f77_jpg.rf.e7c12def6552a57fe4563c66c9d29653.jpg,1,0,0.9626,0.271,0.004,0.053,3.976,4.357,10.833,0.234,20.125
FireSmokeVideoNEW21_f83_jpg.rf.f87b32087d0a74b76072b9a21c29a6a6.jpg,1,0,0.996,0.199,0.004,0.049,5.147,3.565,6.745,0.315,16.433
FireSmokeVideoNEW220_f103_jpg.rf.9f60f17a1c5a9a730ba1b60de4479245.jpg,1,1,0.9999,0.21,0.004,0.045,3.138,0.929,7.474,0.324,12.514
FireSmokeVideoNEW220_f110_jpg.rf.c11cdcdae1385a69f66503d97696a8c9.jpg,1,1,1.0,0.357,0.007,0.06,2.682,1.487,7.0,0.255,12.336
FireSmokeVideoNEW220_f114_jpg.rf.01d81e177954f3d81f3b9b6defdbead1.jpg,1,1,1.0,0.2,0.004,0.043,2.143,1.009,6.408,0.225,10.414
FireSmokeVideoNEW220_f116_jpg.rf.e10fa2eb74d831fe711d136a69945d13.jpg,1,1,1.0,0.209,0.005,0.044,3.958,2.95,6.494,0.223,14.26
FireSmokeVideoNEW220_f118_jpg.rf.04ca92392c039b2130aa7c2ece63f039.jpg,1,1,1.0,0.308,0.006,0.057,4.011,1.972,7.118,0.364,14.364
FireSmokeVideoNEW220_f14_jpg.rf.ec161231d9668ccf5db936aa777972b3.jpg,1,1,0.9999,0.207,0.005,0.048,2.186,0.968,6.404,0.229,10.464
FireSmokeVideoNEW220_f17_jpg.rf.0f695be7ce239a5c0cc9a8b30cae8918.jpg,1,1,0.9998,0.247,0.006,0.049,3.872,4.821,10.577,0.385,20.383
FireSmokeVideoNEW220_f18_jpg.rf.e62670db7e7bafc54422b1a7cd3f800c.jpg,1,1,1.0,0.205,0.004,0.046,4.801,3.142,7.397,0.326,16.325
FireSmokeVideoNEW220_f198_jpg.rf.9d39f849f2eaa96291dd0eaf00d26896.jpg,1,1,0.9995,0.2,0.004,0.045,7.252,4.934,7.051,0.236,20.219
FireSmokeVideoNEW220_f220_jpg.rf.835ac86a80b72af449ade87dc10714bd.jpg,1,1,0.9996,0.267,0.004,0.073,4.399,1.946,7.052,0.228,14.458
FireSmokeVideoNEW220_f23_jpg.rf.1778d9e44b1c8c0ff722cfc9ef5672fa.jpg,1,1,1.0,0.195,0.005,0.042,2.806,0.92,6.465,0.23,11.048
FireSmokeVideoNEW220_f51_jpg.rf.ac1bc672867e7371f0be09d6f571ab56.jpg,1,1,1.0,0.291,0.006,0.056,3.545,0.932,6.759,0.361,12.345
FireSmokeVideoNEW220_f88_jpg.rf.1d3b365a43fdcc299a0870251874be71.jpg,1,1,1.0,0.314,0.007,0.055,5.849,3.356,9.212,0.34,19.524
FireSmokeVideoNEW220_f93_jpg.rf.df73373f1582dbe860db699d1d700f42.jpg,1,1,1.0,0.315,0.006,0.057,7.738,3.792,6.649,0.357,19.317
FireSmokeVideoNEW220_f98_jpg.rf.dedba84d3f2dd3d971261de5a403cdd2.jpg,1,1,1.0,0.305,0.007,0.057,4.453,3.039,6.505,0.266,15.133
FireSmokeVideoNEW221_f11_jpg.rf.51f25bf79fba848e1852a9a8b5c1410a.jpg,1,1,0.9998,0.309,0.007,0.058,4.683,3.071,6.625,0.254,15.503
FireSmokeVideoNEW221_f13_jpg.rf.1aa6a7f7dfece75b85a30283258ab8cb.jpg,1,1,0.9998,0.21,0.004,0.048,3.623,1.115,6.789,0.327,12.505
FireSmokeVideoNEW221_f15_jpg.rf.b63d7f4847797de34ed8b3066e6cb3fa.jpg,1,1,1.0,0.316,0.008,0.061,3.096,1.088,6.972,0.234,12.268
FireSmokeVideoNEW221_f19_jpg.rf.59c8d4a3c34cd694d867ae844fee89d2.jpg,1,1,0.9997,0.304,0.006,0.06,2.433,0.928,6.39,0.234,10.741
FireSmokeVideoNEW221_f26_jpg.rf.443d39e5f56c13cfae7a34e476a0e880.jpg,1,1,1.0,0.309,0.007,0.056,2.773,0.919,6.406,0.234,11.087
FireSmokeVideoNEW221_f28_jpg.rf.a523dbcbf3683d8f18235ad9302bf56a.jpg,1,1,1.0,0.32,0.007,0.056,2.396,1.357,8.22,0.233,12.976
FireSmokeVideoNEW221_f2_jpg.rf.719286f8cd9c72a30f43a047427555f0.jpg,1,1,1.0,0.209,0.004,0.047,5.711,4.077,11.277,0.252,22.12
FireSmokeVideoNEW221_f3_jpg.rf.94efb46f1672ee28d652964edf3948f3.jpg,1,1,1.0,0.308,0.008,0.059,3.584,0.953,6.792,0.348,12.455
FireSmokeVideoNEW221_f5_jpg.rf.8a43dd4aadff4528705f52d9ab00daff.jpg,1,1,0.9999,0.311,0.007,0.054,2.712,1.259,7.043,0.239,12.135
FireSmokeVideoNEW221_f7_jpg.rf.a849a7edfb3c2ea171f4fd5b8f3929d5.jpg,1,1,1.0,0.205,0.005,0.045,3.795,3.01,8.622,0.327,16.402
FireSmokeVideoNEW221_f9_jpg.rf.8173796a4cc04a5cbe9067cf21f0f30f.jpg,1,1,0.9999,0.198,0.004,0.042,4.042,3.081,7.027,0.332,15.118
FireSmokeVideoNEW222_f123_jpg.rf.e8747a288a227f270190e39c6c54d29a.jpg,1,1,1.0,0.198,0.005,0.043,3.68,2.809,6.465,0.238,13.812
FireSmokeVideoNEW222_f46_jpg.rf.7f1818b2c2c51b2e646eb0a4844c216b.jpg,1,1,1.0,0.203,0.005,0.049,3.362,2.981,6.403,0.232,13.617
FireSmokeVideoNEW222_f61_jpg.rf.75fc78eefea3f4529c48d95f4bf4eb04.jpg,1,1,1.0,0.207,0.004,0.047,6.774,6.662,10.109,0.255,24.581
FireSmokeVideoNEW223_f115_jpg.rf.f7e472a8fe18759fb48ba875390e3c30.jpg,1,1,1.0,0.199,0.005,0.046,3.825,2.884,6.464,0.281,14.088
FireSmokeVideoNEW223_f13_jpg.rf.01598ec4481511a2189e689632183a09.jpg,1,1,1.0,0.201,0.004,0.048,3.43,3.017,6.372,0.228,13.686
FireSmokeVideoNEW223_f161_jpg.rf.956b2c4af82583a775d6129e4bb39146.jpg,1,1,1.0,0.199,0.004,0.047,2.439,1.018,6.423,0.221,10.733
FireSmokeVideoNEW223_f172_jpg.rf.abd51942fd26b9ebc9ca011f2bdbf5e1.jpg,1,1,1.0,0.208,0.004,0.049,1.919,1.205,6.429,0.225,10.424
FireSmokeVideoNEW223_f29_jpg.rf.88d1a44b2b908c080f787711d74266e6.jpg,1,1,1.0,0.202,0.005,0.043,2.462,0.941,6.45,0.225,10.709
FireSmokeVideoNEW223_f3_jpg.rf.0f7e22b3799657901c3dda898e2ced6f.jpg,1,1,0.9999,0.199,0.004,0.052,4.926,1.255,6.404,0.219,13.463
FireSmokeVideoNEW223_f74_jpg.rf.e56d1a0e7335349c6503eb813a83aa49.jpg,1,1,0.9959,0.202,0.004,0.048,5.575,1.061,6.398,0.227,13.994
FireSmokeVideoNEW223_f76_jpg.rf.966f9d338b55f99ba8222b889fa60680.jpg,1,1,1.0,0.203,0.004,0.049,9.416,5.136,14.844,0.27,30.527
FireSmokeVideoNEW225_f1_jpg.rf.a0915ad0745d925ed5df86947f4de0b9.jpg,1,1,1.0,0.202,0.004,0.049,3.415,1.012,9.041,0.352,14.472
FireSmokeVideoNEW225_f3_jpg.rf.a6736de779bdb62129b22cd7987ed4f5.jpg,1,1,1.0,0.202,0.004,0.05,2.23,1.008,12.138,0.421,16.451
FireSmokeVideoNEW225_f5_jpg.rf.d88a1d14607636b2af3b6c973f78a796.jpg,1,1,1.0,0.203,0.005,0.046,2.481,1.108,6.494,0.228,10.951
FireSmokeVideoNEW226_f3_jpg.rf.8742a56b8ce97acfc27e30b6b5149246.jpg,1,1,0.9997,0.211,0.004,0.047,2.213,1.261,6.472,0.231,10.824
FireSmokeVideoNEW226_f5_jpg.rf.ed64fa15bd532f9262728f714137fa40.jpg,1,1,0.9996,0.209,0.003,0.047,3.074,0.985,8.247,0.233,13.181
FireSmokeVideoNEW227_f119_jpg.rf.0a667ed3b2ab7d75b77066dcff52cb45.jpg,1,1,1.0,0.207,0.005,0.048,2.211,1.407,6.415,0.225,10.902
FireSmokeVideoNEW227_f181_jpg.rf.52ab9937a5eed31239256aa34cf4aab9.jpg,1,1,1.0,0.207,0.005,0.044,2.192,1.06,6.43,0.269,10.586
FireSmokeVideoNEW227_f194_jpg.rf.1d83c4122e530376e476d3ea6c377052.jpg,1,1,1.0,0.214,0.005,0.051,8.39,4.935,8.473,0.246,23.214
FireSmokeVideoNEW227_f206_jpg.rf.8191ea57c6e942583d723636e7bdd453.jpg,1,1,1.0,0.335,0.008,0.059,4.524,1.144,9.452,0.258,16.27
FireSmokeVideoNEW227_f31_jpg.rf.476c57cd23743575f218662b0dbeeb6e.jpg,1,1,1.0,0.211,0.005,0.049,2.203,1.012,6.862,0.318,11.057
FireSmokeVideoNEW227_f59_jpg.rf.ae215379798f91806d993c47bd17dc01.jpg,1,1,1.0,0.953,0.008,0.062,2.716,1.251,6.991,0.233,12.69
FireSmokeVideoNEW227_f88_jpg.rf.de74bcfbfa667d7c96f39310c92128a6.jpg,1,1,1.0,0.201,0.004,0.046,2.166,0.914,6.405,0.248,10.372
FireSmokeVideoNEW229_f0_jpg.rf.744e23aefbdcb714c5dcfb90ea3a87fd.jpg,1,1,1.0,0.199,0.003,0.043,2.135,1.016,6.443,0.232,10.454
FireSmokeVideoNEW229_f101_jpg.rf.43d321f3b24853a59f9ceacef569f549.jpg,1,1,1.0,0.202,0.004,0.049,12.424,4.395,11.742,0.24,29.609
FireSmokeVideoNEW229_f110_jpg.rf.b400adef17228b944c94c9b9d09174b3.jpg,1,1,1.0,0.196,0.005,0.046,2.554,0.8,6.446,0.259,10.679
FireSmokeVideoNEW229_f136_jpg.rf.1c40c355e04cffe2494a54b84170094f.jpg,1,1,1.0,0.317,0.006,0.058,3.408,1.166,7.2,0.239,12.875
FireSmokeVideoNEW229_f143_jpg.rf.9b6eac650896f72356521e3b056d28b1.jpg,1,1,1.0,0.204,0.004,0.043,7.118,4.366,12.066,0.265,24.564
FireSmokeVideoNEW229_f190_jpg.rf.cebc8de881dc229c1045ee796412977f.jpg,1,1,1.0,0.207,0.005,0.052,4.23,4.198,7.371,0.32,16.903
FireSmokeVideoNEW229_f197_jpg.rf.5ec1307ec070f7627ed9b0e2422276c1.jpg,1,1,1.0,0.339,0.006,0.062,2.977,1.236,6.78,0.332,12.123
FireSmokeVideoNEW229_f204_jpg.rf.a9070952b4d2a98f9cd1205187bcb2e8.jpg,1,1,1.0,0.31,0.007,0.072,3.43,1.336,7.227,0.242,13.116
FireSmokeVideoNEW229_f2_jpg.rf.4fe9df5e39295b817431d6d30db26ffe.jpg,1,1,1.0,0.212,0.005,0.049,5.118,3.61,10.934,0.278,20.609
FireSmokeVideoNEW229_f3_jpg.rf.bd4422d257a9a966fd114bfe183a27c2.jpg,1,1,1.0,0.194,0.004,0.047,2.835,0.942,8.147,0.334,12.896
FireSmokeVideoNEW229_f49_jpg.rf.8318dd0ac0d9fa11a18582f419ac9805.jpg,1,1,1.0,0.302,0.006,0.064,6.47,2.982,6.967,0.224,17.509
FireSmokeVideoNEW229_f62_jpg.rf.c42da118ef779db6a6e880592daf2cd9.jpg,1,1,1.0,0.322,0.007,0.063,3.398,1.164,7.185,0.232,12.857
FireSmokeVideoNEW229_f76_jpg.rf.28d89efca31c4680197dcf15151316e4.jpg,1,1,1.0,0.199,0.005,0.048,2.239,0.916,6.439,0.225,10.46
FireSmokeVideoNEW229_f87_jpg.rf.fa7b1ae50d2aa2b99fc795483c246ec9.jpg,1,1,1.0,0.21,0.004,0.124,2.601,0.933,6.304,0.304,10.871
FireSmokeVideoNEW229_f92_jpg.rf.eb9c93d702c830a9ef174e45e6dc51c6.jpg,1,1,1.0,0.197,0.005,0.048,3.709,0.962,6.428,0.237,11.984
FireSmokeVideoNEW229_f9_jpg.rf.9eb7fa13a6b22e2e57b2d0b12dd7a4ed.jpg,1,1,1.0,0.222,0.004,0.049,3.972,3.135,10.83,0.449,19.051
FireSmokeVideoNEW22_f2_jpg.rf.5afaf3ae732bc8f876a9a4472b83d758.jpg,1,1,1.0,0.204,0.005,0.046,4.259,0.953,6.802,0.366,13.036
FireSmokeVideoNEW22_f4_jpg.rf.203f7831badeb4e02951fe9665c7f685.jpg,1,1,1.0,0.309,0.007,0.064,5.443,3.517,6.661,0.313,16.709
FireSmokeVideoNEW230_f1_jpg.rf.92be5e622a84e8eeda101de1d8b6f006.jpg,1,1,1.0,0.194,0.004,0.044,3.632,1.291,6.695,0.356,12.616
FireSmokeVideoNEW230_f2_jpg.rf.b516a23e0ee4265b82e9c124ae5403e7.jpg,1,1,1.0,0.296,0.007,0.057,3.057,0.942,6.478,0.242,11.47
FireSmokeVideoNEW230_f3_jpg.rf.eb9208f420689ab949ebbd9d144630f7.jpg,1,1,1.0,0.201,0.004,0.048,2.483,1.023,6.474,0.24,10.868
FireSmokeVideoNEW231_f13_jpg.rf.7eda31debd5ace8bf178efb2d8eee062.jpg,1,1,1.0,0.246,0.005,0.052,3.105,0.966,6.41,0.236,11.394
FireSmokeVideoNEW231_f18_jpg.rf.e12984d2a281af25030f7fc539b979ff.jpg,1,1,1.0,0.201,0.004,0.047,2.588,0.944,6.421,0.256,10.894
FireSmokeVideoNEW231_f3_jpg.rf.ac0fdc2f62e6f6f0fe35fadafd65eea3.jpg,1,1,1.0,0.205,0.004,0.045,4.531,3.947,10.704,0.241,20.072
FireSmokeVideoNEW231_f8_jpg.rf.5a73d4cdd0134ebf3f0eccf6435271ba.jpg,1,1,1.0,0.2,0.004,0.047,2.596,1.177,6.414,0.226,11.03
FireSmokeVideoNEW232_f10_jpg.rf.5d4a0d582228afc4599a8941859c79ec.jpg,1,1,1.0,0.257,0.005,0.051,5.305,1.198,6.39,0.241,13.853
FireSmokeVideoNEW232_f12_jpg.rf.b5ec45b788bf7591660aeb1c7e7a6c5c.jpg,1,1,1.0,0.203,0.004,0.046,4.169,0.962,6.462,0.236,12.482
FireSmokeVideoNEW232_f1_jpg.rf.088b08a0eb2f4470fd648ce9722d4817.jpg,1,1,1.0,0.207,0.004,0.05,3.92,1.049,6.389,0.222,12.244
FireSmokeVideoNEW232_f21_jpg.rf.271771bf62fffe17129aabb112008ce5.jpg,1,1,1.0,0.201,0.004,0.047,4.095,1.03,6.4,0.225,12.406
FireSmokeVideoNEW232_f26_jpg.rf.a179bf547e32adc65897235b8a4e5092.jpg,1,1,1.0,0.204,0.004,0.046,5.277,0.977,6.403,0.235,13.553
FireSmokeVideoNEW232_f30_jpg.rf.5d755a93dca770aa7d77d49325fcd350.jpg,1,1,1.0,0.309,0.008,0.059,4.929,0.943,6.397,0.229,13.307
FireSmokeVideoNEW232_f36_jpg.rf.9859fadb31bedf2c1e47c6fd901a5437.jpg,1,1,1.0,0.208,0.005,0.046,7.302,5.691,8.779,0.279,22.889
FireSmokeVideoNEW232_f3_jpg.rf.515f75a19104a63f84b9cd97feac0292.jpg,1,1,1.0,0.317,0.006,0.063,6.208,0.973,8.686,0.353,17.018
FireSmokeVideoNEW232_f46_jpg.rf.d6cb8a4fe0485699a61fcae6ce80714a.jpg,1,1,1.0,0.202,0.005,0.084,3.618,4.633,13.288,0.393,22.626
FireSmokeVideoNEW232_f4_jpg.rf.37ee1d28f781085cffebace064f9a3b5.jpg,1,1,1.0,0.352,0.007,0.061,5.522,1.685,6.819,0.403,15.288
FireSmokeVideoNEW232_f51_jpg.rf.f3ab61a78ed50f6db8ee33583eadf077.jpg,1,1,1.0,0.324,0.006,0.064,5.779,1.353,6.672,0.24,14.965
FireSmokeVideoNEW232_f57_jpg.rf.00352eb95e89173e199ffe02e0a77b79.jpg,1,1,1.0,0.308,0.006,0.058,6.225,2.766,6.498,0.234,16.502
FireSmokeVideoNEW232_f67_jpg.rf.33421177bbf4e5f31db002f6457f2f1d.jpg,1,1,1.0,0.333,0.007,0.061,7.233,6.001,11.957,0.381,26.499
FireSmokeVideoNEW232_f6_jpg.rf.381e2ade01fd02959728a4fdac8d582a.jpg,1,1,1.0,0.3,0.007,0.067,5.603,2.851,11.173,0.268,20.679
FireSmokeVideoNEW232_f71_jpg.rf.512281df1df5bc0c90e3b7ac8b428316.jpg,1,1,1.0,0.329,0.007,0.066,8.125,3.154,6.486,0.249,18.847
FireSmokeVideoNEW232_f75_jpg.rf.8de3236d482920e837e8d8b678a5931c.jpg,1,1,1.0,0.389,0.007,0.066,7.053,1.446,7.453,0.351,17.318
FireSmokeVideoNEW232_f9_jpg.rf.87ebed201de152bbc4b07674c43088f9.jpg,1,1,1.0,0.322,0.007,0.057,7.616,1.362,8.972,0.385,19.171
FireSmokeVideoNEW234_f127_jpg.rf.005a291196ed53f9e596dc27892d8242.jpg,1,1,1.0,0.197,0.005,0.049,2.786,1.108,7.691,0.262,12.604
FireSmokeVideoNEW234_f3_jpg.rf.1c10021a15131173ab90792084ae1ea2.jpg,1,1,1.0,0.328,0.007,0.069,5.585,6.646,7.143,0.24,20.559
FireSmokeVideoNEW234_f4_jpg.rf.544cdf7ddb8c01ea0161540b395cc399.jpg,1,1,1.0,0.311,0.007,0.064,4.059,1.242,7.333,0.728,14.156
FireSmokeVideoNEW234_f55_jpg.rf.e5dd649df426ba0b01e4c6d963216033.jpg,1,1,1.0,0.324,0.007,0.065,3.142,1.218,7.062,0.249,12.697
FireSmokeVideoNEW234_f5_jpg.rf.ea5d1c26f102f98da6cf96bd2b6f891b.jpg,1,1,1.0,0.206,0.005,0.048,4.325,1.9,6.776,0.362,14.037
FireSmokeVideoNEW236_f10_jpg.rf.240f95d69f9989a861a046d9172c6a3b.jpg,1,1,0.9999,0.208,0.005,0.049,7.937,3.417,7.14,0.248,19.422
FireSmokeVideoNEW236_f12_jpg.rf.3da857e1bd4ac6513237ae4ff40cbc33.jpg,1,1,1.0,0.326,0.007,0.068,6.348,1.882,7.301,0.254,16.71
FireSmokeVideoNEW236_f14_jpg.rf.f0ca6c82bcddcc9feb9bc9028a68b120.jpg,1,1,0.9995,0.328,0.008,0.073,9.151,5.021,13.18,0.794,29.117
FireSmokeVideoNEW236_f21_jpg.rf.754a675026bcab92408959bfb9e6fcc3.jpg,1,1,1.0,0.208,0.021,0.05,4.291,1.049,8.614,0.353,14.99
FireSmokeVideoNEW236_f3_jpg.rf.42bc417b828648ccddb4878d88cd314a.jpg,1,1,1.0,0.303,0.007,0.065,4.178,1.069,14.809,0.43,21.268
FireSmokeVideoNEW236_f5_jpg.rf.cc8e7b2f8bdb3e0cec2a0ff51fa28c17.jpg,1,1,1.0,0.199,0.004,0.051,3.506,1.559,6.742,0.242,12.695
FireSmokeVideoNEW236_f7_jpg.rf.bd6635dce83880a7113817e083b78be5.jpg,1,1,0.9996,0.352,0.007,0.07,5.105,1.407,6.662,0.246,14.341
FireSmokeVideoNEW236_f9_jpg.rf.168ae9734bfc501bc6d238f8d2f724d8.jpg,1,1,0.9996,0.383,0.004,0.053,3.793,1.094,6.44,0.264,12.474
FireSmokeVideoNEW240_f20_jpg.rf.8a6467c957e8c386af2b27d0d934c050.jpg,1,1,0.9973,0.213,0.004,0.05,2.585,0.995,6.429,0.246,10.904
FireSmokeVideoNEW242_f16_jpg.rf.cb5a984c234f69549bd7d8916ecc738a.jpg,1,1,0.9974,0.318,0.007,0.061,2.907,1.063,6.582,0.276,11.599
FireSmokeVideoNEW242_f20_jpg.rf.350ae6f9f4cfaf34dac57b430bf38bd5.jpg,1,1,1.0,0.218,0.005,0.052,3.701,1.056,8.367,0.243,14.084
FireSmokeVideoNEW242_f24_jpg.rf.4f1770fc700b14899ba1bfbb6afbd478.jpg,1,1,1.0,0.319,0.007,0.064,4.489,1.128,6.432,0.241,13.13
FireSmokeVideoNEW242_f26_jpg.rf.683758f071668ddaa0024a468c60f9a7.jpg,1,1,1.0,0.214,0.004,0.048,3.113,1.122,7.235,0.235,12.359
FireSmokeVideoNEW242_f28_jpg.rf.300cfcb4673b58751e0aaa9c40dd0817.jpg,1,1,1.0,0.211,0.005,0.047,3.742,1.141,6.434,0.235,12.202
FireSmokeVideoNEW242_f2_jpg.rf.e0fe0c90866be603ef3ea3115d07ae53.jpg,1,1,1.0,0.21,0.004,0.046,2.872,1.036,6.494,0.234,11.271
FireSmokeVideoNEW242_f37_jpg.rf.942cd9e3807e9de01255872d9810dc8e.jpg,1,1,1.0,0.206,0.005,0.048,3.473,1.06,6.504,0.235,11.922
FireSmokeVideoNEW242_f39_jpg.rf.ed7e340bb514103b25521a6342b6d0b8.jpg,1,1,1.0,0.217,0.005,0.047,3.249,1.058,6.488,0.232,11.689
FireSmokeVideoNEW242_f42_jpg.rf.9ef35700b7eefb3f791a6601099ee8d7.jpg,1,1,1.0,0.241,0.004,0.049,3.412,1.433,6.414,0.239,12.186
FireSmokeVideoNEW242_f5_jpg.rf.0862f86903811d26c50e14ae697a7bf3.jpg,1,1,1.0,0.227,0.005,0.051,7.21,5.446,9.605,0.329,23.445
FireSmokeVideoNEW243_f0_jpg.rf.b8ae4899a18f07d0cf66c78b3c5a1dd8.jpg,1,1,1.0,0.203,0.005,0.048,3.551,1.142,8.857,0.351,14.627
FireSmokeVideoNEW243_f21_jpg.rf.20e2bc6a567e338cdc5431cdda1b0f9f.jpg,1,1,1.0,0.212,0.005,0.049,2.349,1.063,6.446,0.241,10.748
FireSmokeVideoNEW243_f3_jpg.rf.ecc4982a917b338aff3cd29cfba69f31.jpg,1,1,1.0,0.206,0.004,0.048,2.213,1.058,8.069,0.231,12.209
FireSmokeVideoNEW243_f44_jpg.rf.2eaf38b6d2a398d6af80bfb726fe7216.jpg,1,1,1.0,0.201,0.004,0.045,2.185,1.656,6.402,0.224,11.096
FireSmokeVideoNEW243_f46_jpg.rf.dc718cf285258cfab125d30992916958.jpg,1,1,0.9996,0.259,0.004,0.046,2.371,1.008,6.463,0.232,10.759
FireSmokeVideoNEW243_f5_jpg.rf.1b86ff64ad83437c640195f462e17ed9.jpg,1,1,1.0,0.315,0.007,0.06,2.338,1.002,6.382,0.222,10.705
FireSmokeVideoNEW245_f16_jpg.rf.affac28f81aa47b4cfb3b2e583a5e036.jpg,1,1,1.0,0.21,0.005,0.048,5.317,1.041,6.397,0.231,13.635
FireSmokeVideoNEW245_f18_jpg.rf.5f6fa5ffb536cb4e8ffc333b31b94060.jpg,1,1,1.0,0.21,0.005,0.051,11.089,3.542,14.457,0.3,30.365
FireSmokeVideoNEW245_f20_jpg.rf.8cdc752d89218b5374439c992813db4f.jpg,1,1,1.0,0.21,0.004,0.05,10.935,2.288,7.139,0.253,21.47
FireSmokeVideoNEW245_f22_jpg.rf.e4b0e4d4004a941c1776c3f52bf3b07f.jpg,1,1,1.0,0.327,0.006,0.068,5.532,1.053,6.633,0.249,14.338
FireSmokeVideoNEW245_f24_jpg.rf.b4e0a941b58e1944a9877a4b56f57db0.jpg,1,1,1.0,0.216,0.005,0.053,5.716,1.071,6.56,0.249,14.261
FireSmokeVideoNEW245_f26_jpg.rf.374fcdbd809ab2419a63cbad47609d73.jpg,1,1,1.0,0.328,0.006,0.067,5.075,1.061,6.487,0.246,13.657
FireSmokeVideoNEW245_f42_jpg.rf.7cb91c9b353d357b7d73e73d1396fb02.jpg,1,1,1.0,0.213,0.004,0.05,4.717,1.333,6.436,0.238,13.377
FireSmokeVideoNEW245_f44_jpg.rf.4f3d7c7339919582cdf9f49155ecf2c0.jpg,1,1,1.0,0.214,0.005,0.049,7.434,1.069,10.955,0.326,20.448
FireSmokeVideoNEW245_f46_jpg.rf.9e327caa1e549bd1bc4dc7387238832b.jpg,1,1,1.0,0.207,0.004,0.046,4.335,1.103,7.915,0.26,14.274
FireSmokeVideoNEW245_f48_jpg.rf.e3aa09c11084c01fb7be091002a9e24c.jpg,1,1,1.0,0.2,0.004,0.049,4.728,1.083,6.49,0.253,13.206
FireSmokeVideoNEW245_f50_jpg.rf.98199e99f42af44d74f16f98a0b28755.jpg,1,1,1.0,0.232,0.004,0.047,5.653,1.631,6.483,0.241,14.703
FireSmokeVideoNEW246_f0_jpg.rf.d0e9845d36bb6879808a62992a781c24.jpg,1,1,1.0,0.208,0.005,0.047,3.785,1.01,6.481,0.238,12.154
FireSmokeVideoNEW246_f101_jpg.rf.f7312a11e1f33c0f810c995e6172f5f9.jpg,1,1,1.0,0.199,0.005,0.046,4.273,2.683,7.589,0.37,15.689
FireSmokeVideoNEW246_f114_jpg.rf.c54ecf66c9dfabaa65bdc3348dd4649f.jpg,1,1,1.0,0.205,0.005,0.047,5.219,1.2,7.144,0.359,14.701
FireSmokeVideoNEW246_f116_jpg.rf.0797530111fe7468dfb6e65ad1f61c49.jpg,1,1,0.9967,0.203,0.004,0.049,4.179,2.993,8.379,0.265,16.455
FireSmokeVideoNEW246_f118_jpg.rf.4aa48d18f215cee5d04f5c081db094b0.jpg,1,1,0.9968,0.211,0.005,0.082,2.533,0.968,6.384,0.241,10.812
FireSmokeVideoNEW246_f120_jpg.rf.9a867e176f5c7410d35704589b5f0dd6.jpg,1,1,0.9897,0.2,0.004,0.048,2.234,0.966,6.424,0.231,10.482
FireSmokeVideoNEW246_f122_jpg.rf.9ecff2c111b84f25d3a4dfb2e8316c54.jpg,1,1,0.9714,0.204,0.004,0.047,2.504,1.039,6.491,0.246,10.923
FireSmokeVideoNEW246_f17_jpg.rf.4ceac16aeb284b22058948b39bf7f4f3.jpg,1,1,1.0,0.205,0.004,0.047,2.909,1.276,6.469,0.244,11.898
FireSmokeVideoNEW246_f19_jpg.rf.e5b92864cd4980b8843bf3d0457fe64c.jpg,1,1,1.0,0.21,0.005,0.048,2.488,0.977,6.502,0.238,10.851
FireSmokeVideoNEW246_f20_jpg.rf.390c45f2c210996a34c511ad185f53ed.jpg,1,1,1.0,0.201,0.004,0.048,2.618,0.955,6.43,0.227,10.856
FireSmokeVideoNEW246_f22_jpg.rf.ffde6341071f98a83e38a27464a91568.jpg,1,1,1.0,0.21,0.005,0.049,2.611,2.284,6.393,0.269,12.224
FireSmokeVideoNEW246_f24_jpg.rf.0e0a9f1b7656b23975c740c3db802d52.jpg,1,1,1.0,0.196,0.005,0.046,3.103,1.215,8.359,0.247,13.564
FireSmokeVideoNEW246_f29_jpg.rf.56c1b326a697c030a3632d8e1a2d0008.jpg,1,1,1.0,0.228,0.004,0.053,5.397,2.279,9.836,0.254,18.459
FireSmokeVideoNEW246_f30_jpg.rf.fb8251d2bfa3ad8e70741296130d2d7b.jpg,1,1,1.0,0.207,0.005,0.047,2.736,1.034,6.433,0.232,11.081
FireSmokeVideoNEW246_f39_jpg.rf.7f1e78c38f1141225244982c4bf3fd90.jpg,1,1,1.0,0.234,0.004,0.049,3.94,1.024,6.427,0.224,12.299
FireSmokeVideoNEW246_f40_jpg.rf.ce1cd9a166466167c408fafad05fcb5c.jpg,1,1,1.0,0.205,0.004,0.046,3.885,1.007,6.405,0.23,12.18
FireSmokeVideoNEW246_f45_jpg.rf.2bef0d7bfd03bcc11349ab63c01e0354.jpg,1,1,1.0,0.209,0.004,0.048,4.98,1.006,8.243,0.267,15.158
FireSmokeVideoNEW246_f47_jpg.rf.d3ae86391f56dff6ac7f57a4e501bda8.jpg,1,1,1.0,0.212,0.004,0.048,3.982,1.781,6.481,0.235,13.137
FireSmokeVideoNEW246_f4_jpg.rf.c4616a4f53c69b437bf5edb23eb58402.jpg,1,1,1.0,0.208,0.004,0.048,2.442,1.116,6.483,0.242,10.928
FireSmokeVideoNEW246_f54_jpg.rf.8342f7d2be3363c8e0242c7121d8fc0d.jpg,1,1,0.9968,0.201,0.004,0.049,3.283,1.0,6.434,0.247,11.646
FireSmokeVideoNEW246_f65_jpg.rf.3aae2c8595fe047d0b9031e3b5804f5e.jpg,1,1,1.0,0.207,0.004,0.048,7.458,5.304,11.401,0.346,25.38
FireSmokeVideoNEW246_f67_jpg.rf.c522f7d025f759951024d1f5ce536e60.jpg,1,1,1.0,0.3,0.008,0.061,3.444,0.994,13.85,0.409,19.469
FireSmokeVideoNEW246_f8_jpg.rf.68b2fb62abf6411d6f639c1c3f5aa3bb.jpg,1,1,1.0,0.203,0.005,0.047,2.537,0.965,6.482,0.233,10.859
FireSmokeVideoNEW246_f97_jpg.rf.dd9b7749d48aa0f976dbcaf5e75e8bf0.jpg,1,1,0.9996,0.203,0.004,0.048,3.584,0.968,6.855,0.359,12.416
FireSmokeVideoNEW246_f99_jpg.rf.02bf10f60d8b1a6ba82b5e928bfb273e.jpg,1,1,0.9996,0.211,0.004,0.051,2.745,0.94,6.52,0.262,11.121
FireSmokeVideoNEW249_f10_jpg.rf.a2031c818c873a4ac0b754042c9ea482.jpg,1,1,0.6848,0.204,0.005,0.043,2.292,0.946,6.458,0.235,10.557
FireSmokeVideoNEW24_f13_jpg.rf.a317f2d56bcda94cb97cf62436f5d32e.jpg,1,1,1.0,0.212,0.004,0.045,2.548,0.974,6.342,0.269,10.786
FireSmokeVideoNEW24_f1_jpg.rf.d3ad263d294b1aede3fbfd33d485dba6.jpg,1,1,0.9998,0.21,0.005,0.049,2.455,1.019,6.493,0.248,10.857
FireSmokeVideoNEW24_f22_jpg.rf.7f2bc9a4785440e0b6e6daeb772b302b.jpg,1,1,1.0,0.209,0.005,0.05,5.333,7.138,9.461,0.362,22.971
FireSmokeVideoNEW24_f33_jpg.rf.e5e6458494b5dbafef0058c958cb959a.jpg,1,1,0.9994,0.322,0.006,0.065,5.65,3.736,9.417,0.258,19.968
FireSmokeVideoNEW24_f44_jpg.rf.5d0c9c22217efd669f0695827497572d.jpg,1,1,1.0,0.304,0.004,0.047,2.683,1.022,6.644,0.38,11.48
FireSmokeVideoNEW24_f46_jpg.rf.c1d942063e9aca880d77b7dd545a5754.jpg,1,1,1.0,0.31,0.006,0.064,3.365,1.681,7.364,0.261,13.554
FireSmokeVideoNEW24_f48_jpg.rf.a1812b35fbd4431cc4c85c94ad816d49.jpg,1,1,1.0,0.316,0.006,0.06,2.932,1.154,6.491,0.247,11.697
FireSmokeVideoNEW24_f54_jpg.rf.d96142ba5f27258066adecb90de272ec.jpg,1,1,0.9999,0.258,0.004,0.05,2.104,0.942,6.427,0.251,10.477
FireSmokeVideoNEW24_f60_jpg.rf.f1ebdc880e1bcc91aee58222f268ee0e.jpg,1,1,1.0,0.211,0.004,0.112,5.116,3.207,9.947,0.297,19.316
FireSmokeVideoNEW24_f63_jpg.rf.03c49f969686c385e069b9113c736d19.jpg,1,1,1.0,0.325,0.006,0.064,6.387,4.489,6.508,0.241,18.403
FireSmokeVideoNEW24_f70_jpg.rf.9a86d6dfad0e79a67ae55ed6416ec3ff.jpg,1,1,1.0,0.208,0.004,0.049,6.6,4.728,7.189,0.246,19.521
FireSmokeVideoNEW24_f72_jpg.rf.beaf6a0d618ec48746c39d88d1b289df.jpg,1,1,1.0,0.312,0.007,0.07,4.011,3.185,6.54,0.241,14.749
FireSmokeVideoNEW24_f76_jpg.rf.686e1c1de85c5e1ad3d7b5e275d2df54.jpg,1,1,1.0,0.203,0.005,0.049,3.035,0.955,6.436,0.257,11.311
FireSmokeVideoNEW24_f78_jpg.rf.f8c4a179f08b28b3aacca29ac9c92cb4.jpg,1,1,0.9969,0.196,0.004,0.045,2.585,0.956,6.5,0.227,10.909
FireSmokeVideoNEW251_f10_jpg.rf.541400866b2aba579bcdb76caf3a338f.jpg,1,1,1.0,0.276,0.006,0.081,6.932,1.345,7.231,0.257,16.663
FireSmokeVideoNEW251_f12_jpg.rf.85d3ad499d374561971f57ad4d079829.jpg,1,1,1.0,0.24,0.004,0.043,3.234,1.005,6.976,0.394,12.313
FireSmokeVideoNEW251_f16_jpg.rf.3285e689765e3107919d3c071ee9fb45.jpg,1,1,1.0,0.34,0.008,0.071,5.819,3.313,11.99,0.274,22.223
FireSmokeVideoNEW251_f22_jpg.rf.e3d9c6fa41b8c234dbfa87f3e606bf26.jpg,1,1,1.0,0.309,0.007,0.055,5.217,3.297,7.077,0.335,16.701
FireSmokeVideoNEW251_f24_jpg.rf.72c1196ed7ec56e7fc95cf7d41b8c8b2.jpg,1,1,1.0,0.314,0.007,0.061,4.536,1.494,7.108,0.233,14.27
FireSmokeVideoNEW251_f26_jpg.rf.4956eee32e27e79472637f03db427864.jpg,1,1,1.0,0.299,0.006,0.057,4.447,1.17,6.39,0.235,13.07
FireSmokeVideoNEW251_f28_jpg.rf.d5d77d1341fdd95d00017d860d86835d.jpg,1,1,1.0,0.201,0.004,0.05,5.659,1.178,6.393,0.223,14.094
FireSmokeVideoNEW251_f2_jpg.rf.207660a329cb32e71b591d7620e9d6ee.jpg,1,1,0.9999,0.241,0.004,0.046,2.241,0.936,6.48,0.223,10.554
FireSmokeVideoNEW251_f34_jpg.rf.0b6f0a94d30e437f2f6d8c1a90f96a78.jpg,1,1,1.0,0.198,0.004,0.047,4.84,0.974,6.443,0.221,13.129
FireSmokeVideoNEW251_f5_jpg.rf.57893ff66f5d16c89cbb35a5a9b62725.jpg,1,1,0.9984,0.209,0.004,0.046,4.032,5.099,10.34,0.404,20.723
FireSmokeVideoNEW251_f9_jpg.rf.249d7624c6fa363d9e41b0ab9a2f6327.jpg,1,1,1.0,0.206,0.004,0.051,6.872,1.187,12.635,0.263,21.72
FireSmokeVideoNEW252_f1_jpg.rf.644c06965eca5f3b556450ea37c27747.jpg,1,1,1.0,0.312,0.007,0.062,2.413,1.213,6.709,0.356,11.479
FireSmokeVideoNEW252_f45_jpg.rf.8b98db927ef78395da9058306d193102.jpg,1,1,1.0,0.313,0.007,0.068,5.185,1.993,7.242,0.239,15.569
FireSmokeVideoNEW252_f51_jpg.rf.4751e1373246d5bc57295ba7ff6965bd.jpg,1,1,1.0,0.271,0.007,0.077,4.964,1.805,7.325,0.255,15.246
FireSmokeVideoNEW252_f59_jpg.rf.93fdff5fc44a03cfb24372111bb816c8.jpg,1,1,1.0,0.311,0.006,0.06,5.139,1.305,8.21,0.322,15.77
FireSmokeVideoNEW252_f64_jpg.rf.68fa95b9f56388067421607a368cef2d.jpg,1,1,1.0,0.193,0.005,0.046,5.32,3.133,7.193,0.25,16.662
FireSmokeVideoNEW253_f39_jpg.rf.fb9a239e13210f3ebef4f597588b23fb.jpg,1,1,0.9905,0.318,0.006,0.061,4.261,6.19,10.795,0.405,22.475
FireSmokeVideoNEW253_f43_jpg.rf.5a5f91862546726da846953d1f07eb8f.jpg,1,1,0.9997,0.316,0.008,0.076,3.167,1.178,6.32,0.235,11.854
FireSmokeVideoNEW253_f46_jpg.rf.91995eb662334f3d0957cfc515200e44.jpg,1,1,0.9998,0.26,0.004,0.048,2.406,0.923,8.884,0.348,13.265
FireSmokeVideoNEW253_f48_jpg.rf.6a0d36ab045606a51acb516450eb9504.jpg,1,1,0.9998,0.302,0.007,0.063,3.604,1.511,6.454,0.224,12.65
FireSmokeVideoNEW253_f54_jpg.rf.a6475322dd9c9981224c709b6eeb3ce5.jpg,1,1,0.9999,0.315,0.006,0.063,3.059,1.166,7.227,0.244,12.578
FireSmokeVideoNEW253_f64_jpg.rf.1f4f74a5249319102992373b86580c22.jpg,1,1,0.9947,0.203,0.005,0.046,2.143,0.94,6.517,0.234,10.478
FireSmokeVideoNEW253_f98_jpg.rf.730180c169cd3489387a9a5b99952692.jpg,1,1,0.9979,0.214,0.005,0.048,2.524,0.801,6.369,0.239,10.57
FireSmokeVideoNEW256_f0_jpg.rf.21175534bf39e57aee851b1de13350d0.jpg,1,1,1.0,0.197,0.004,0.048,7.805,5.104,9.382,0.276,23.368
FireSmokeVideoNEW256_f11_jpg.rf.40e24a1aeae73281869326a117cf44fe.jpg,1,1,1.0,0.323,0.006,0.064,4.599,3.068,6.802,0.25,15.656
FireSmokeVideoNEW256_f1_jpg.rf.8866be7cbb0dcf462762bd4d392d77d9.jpg,1,1,1.0,0.21,0.005,0.094,3.01,1.113,6.824,0.372,12.025
FireSmokeVideoNEW256_f2_jpg.rf.419b43a44c0f7b085c92185c2c0537c9.jpg,1,1,1.0,0.306,0.005,0.06,3.475,1.011,6.811,0.364,12.431
FireSmokeVideoNEW256_f32_jpg.rf.5ed2d90bbe733c00b9a37b8ad56b0333.jpg,1,1,1.0,0.312,0.007,0.068,5.34,1.389,6.479,0.279,14.305
FireSmokeVideoNEW257_f11_jpg.rf.5f8927b60d1a6891efd7e858e8c3e0e1.jpg,1,1,1.0,0.203,0.004,0.051,2.393,1.523,6.373,0.233,11.163
FireSmokeVideoNEW257_f18_jpg.rf.0f9cc808c8589d3b56f736680007c7fb.jpg,1,1,0.9999,0.208,0.005,0.049,2.487,1.119,6.417,0.236,10.905
FireSmokeVideoNEW257_f23_jpg.rf.abe3a8bff303926969f378051c208a6a.jpg,1,1,1.0,0.218,0.005,0.053,3.556,1.098,8.169,0.299,13.791
FireSmokeVideoNEW257_f25_jpg.rf.620dc89a7a566a25516b88b2f10d7799.jpg,1,1,1.0,0.205,0.005,0.048,4.734,1.033,8.293,0.247,14.957
FireSmokeVideoNEW257_f27_jpg.rf.4438354a029a07cdaccb869873ce4ca1.jpg,1,1,0.9997,0.202,0.004,0.047,2.433,1.023,6.472,0.23,10.804
FireSmokeVideoNEW257_f31_jpg.rf.b6e6b11163061d79f0c2f50fde34e92e.jpg,1,1,0.9996,0.21,0.005,0.049,2.418,0.945,6.434,0.228,10.666
FireSmokeVideoNEW257_f7_jpg.rf.b4c190057546d32b72d7e04d2cbc9f8a.jpg,1,1,1.0,0.315,0.007,0.058,2.39,0.951,6.423,0.224,10.747
FireSmokeVideoNEW25_f13_jpg.rf.2eaa5308c6c538b5b25f2039317fa207.jpg,1,0,0.6794,0.202,0.004,0.048,3.27,1.004,6.429,0.232,11.583
FireSmokeVideoNEW25_f19_jpg.rf.3549bcf35fc1e41c3fdb36e564e72210.jpg,1,1,0.9859,0.3,0.007,0.058,2.555,0.947,6.397,0.224,10.877
FireSmokeVideoNEW25_f22_jpg.rf.8ef2c5ee7dfc6ff95cf68469c972af1f.jpg,1,1,0.9919,0.196,0.005,0.044,2.55,0.943,6.407,0.223,10.801
FireSmokeVideoNEW25_f24_jpg.rf.d978d587fd47ec7589cdb39d1324f4a7.jpg,1,1,0.9995,0.204,0.005,0.044,2.231,0.955,6.426,0.242,10.492
FireSmokeVideoNEW25_f42_jpg.rf.854b871d2bcc068818b226711357d71b.jpg,1,1,0.9999,0.214,0.005,0.049,7.275,4.098,16.843,0.34,29.552
FireSmokeVideoNEW25_f46_jpg.rf.8f3b7c6178fdc60fd3d3c4bafc1664c1.jpg,1,1,0.9964,0.209,0.004,0.049,3.811,4.58,7.811,0.388,17.334
FireSmokeVideoNEW264_f49_jpg.rf.e734114878cd20b393cf439ae4b015fb.jpg,1,1,1.0,0.202,0.004,0.047,2.519,1.491,6.493,0.278,11.425
FireSmokeVideoNEW264_f76_jpg.rf.569a3bae734fc779f72fbf6ed5099965.jpg,1,1,1.0,0.211,0.004,0.047,2.37,0.946,6.459,0.251,10.666
FireSmokeVideoNEW266_f107_jpg.rf.02faea8858fe3f87b8063f0604604b84.jpg,1,1,1.0,0.199,0.005,0.048,2.481,1.05,6.481,0.223,10.867
FireSmokeVideoNEW266_f113_jpg.rf.0ee13ca7bce52f98cc9d6748dc732777.jpg,1,1,1.0,0.252,0.004,0.049,2.208,0.95,6.458,0.222,10.523
FireSmokeVideoNEW266_f13_jpg.rf.2da8d3951c2ab6db859bba437d172e44.jpg,1,1,1.0,0.201,0.004,0.044,2.348,0.95,6.467,0.253,10.639
FireSmokeVideoNEW266_f178_jpg.rf.4d4fc6e36132f06221b0ed5e4088bc50.jpg,1,1,1.0,0.339,0.007,0.063,4.841,3.296,11.079,0.4,20.413
FireSmokeVideoNEW266_f237_jpg.rf.f82396f9f4b30ea31840dbd51f7a8493.jpg,1,1,1.0,0.209,0.005,0.046,2.416,1.053,6.337,0.323,10.777
FireSmokeVideoNEW266_f39_jpg.rf.77b165a2621221e3075da882a7bdbe99.jpg,1,1,1.0,0.213,0.004,0.047,2.513,1.501,6.439,0.258,11.358
FireSmokeVideoNEW267_f101_jpg.rf.63c35ee1bb4f8e8ba47f672adb8edbd6.jpg,1,1,1.0,0.256,0.005,0.049,2.282,0.964,6.489,0.227,10.643
FireSmokeVideoNEW267_f118_jpg.rf.121e20767c49d77df1b806b2087a27b2.jpg,1,1,1.0,0.211,0.005,0.05,2.547,1.02,6.445,0.242,10.888
FireSmokeVideoNEW267_f121_jpg.rf.e26cd978de539fcea0af98b7ba6fc31f.jpg,1,1,1.0,0.313,0.009,0.068,2.749,1.413,6.413,0.237,11.58
FireSmokeVideoNEW267_f145_jpg.rf.4e25c29571910a8193b1dd547f2ddb9a.jpg,1,1,0.9998,0.219,0.004,0.053,2.324,0.964,6.493,0.227,10.658
FireSmokeVideoNEW267_f147_jpg.rf.4ae496d4bbd2b96a928b170a6937b2b8.jpg,1,1,0.9999,0.365,0.005,0.053,2.681,1.071,6.395,0.24,11.507
FireSmokeVideoNEW267_f83_jpg.rf.113dd99201cd8e546b69b03c7f7bac4a.jpg,1,1,1.0,0.318,0.006,0.067,2.412,0.957,6.419,0.234,10.784
FireSmokeVideoNEW267_f93_jpg.rf.1646a38a12d2312e7e0e54b4d6f7f497.jpg,1,1,1.0,0.23,0.005,0.049,6.463,4.823,12.171,0.298,24.727
FireSmokeVideoNEW269_f10_jpg.rf.17d96b45a4eac9157520e5aa71774678.jpg,1,1,1.0,0.203,0.004,0.048,2.526,0.948,6.434,0.24,10.785
FireSmokeVideoNEW269_f31_jpg.rf.977449849ee1d1b4cd28604a98013e1b.jpg,1,1,0.9999,0.23,0.004,0.048,2.493,0.969,6.464,0.233,10.823
FireSmokeVideoNEW269_f33_jpg.rf.8b38bd9fc843c1946c4c9566fcbcdebe.jpg,1,1,1.0,0.212,0.004,0.047,2.269,0.995,6.447,0.23,10.614
FireSmokeVideoNEW269_f36_jpg.rf.6b45f2c36c902aa2f7a646fac4bd3551.jpg,1,1,0.9999,0.203,0.005,0.045,2.375,0.959,6.411,0.231,10.655
FireSmokeVideoNEW269_f45_jpg.rf.3ea593179185b2a02eff432376e589f2.jpg,1,1,1.0,0.209,0.005,0.077,2.259,0.953,6.464,0.232,10.573
FireSmokeVideoNEW269_f61_jpg.rf.6bc5727e306edc11b524c4746860178f.jpg,1,1,1.0,0.299,0.008,0.057,2.68,0.956,6.467,0.234,11.082
FireSmokeVideoNEW269_f78_jpg.rf.948530e5f32ad9506e4d005519b1fe9a.jpg,1,1,1.0,0.214,0.004,0.045,6.415,8.592,13.141,0.385,29.711
FireSmokeVideoNEW269_f8_jpg.rf.c26651df50fe12ba3103e33a592f4ebb.jpg,1,1,1.0,0.198,0.005,0.048,7.974,9.11,6.501,0.247,24.473
FireSmokeVideoNEW26_f137_jpg.rf.a9ed46e4eace1936121122bbf35a5430.jpg,1,1,0.9999,0.207,0.004,0.046,5.087,3.552,6.489,0.245,16.046
FireSmokeVideoNEW26_f139_jpg.rf.ba1b0babc498c22ebaf50c3930711e5b.jpg,1,1,1.0,0.209,0.004,0.047,4.685,5.509,6.552,0.251,17.639
FireSmokeVideoNEW26_f141_jpg.rf.a5fa0a322501fa9aa5f2c0fab23d79dd.jpg,1,1,1.0,0.208,0.005,0.048,2.766,1.844,7.29,0.226,12.899
FireSmokeVideoNEW26_f160_jpg.rf.a7025e07062fe6c456bc401c19e0b8cc.jpg,1,1,1.0,0.206,0.004,0.047,2.273,0.946,7.88,0.25,11.98
FireSmokeVideoNEW26_f71_jpg.rf.dc98f99d0595cb8a275c8c9afe655280.jpg,1,1,1.0,0.214,0.004,0.047,5.177,4.84,13.435,0.28,24.403
FireSmokeVideoNEW26_f73_jpg.rf.a4c7819457d40ffafe8bc3c8b510744c.jpg,1,1,1.0,0.202,0.005,0.046,3.11,1.007,6.461,0.261,11.484
FireSmokeVideoNEW26_f7_jpg.rf.57f0610ef4fec7f7361b67920ce3281f.jpg,1,1,1.0,0.283,0.004,0.049,2.644,1.001,6.433,0.224,11.068
FireSmokeVideoNEW26_f9_jpg.rf.199dead260e12ae0bf89eeb54cb43bb3.jpg,1,1,1.0,0.219,0.004,0.049,3.205,0.99,6.316,0.224,11.391
FireSmokeVideoNEW274_f22_jpg.rf.02cd1a9e0dfe7bf250bafeb57c2fc46f.jpg,1,1,1.0,0.211,0.005,0.047,2.245,1.118,6.393,0.221,10.614
FireSmokeVideoNEW277_f106_jpg.rf.09d13a0b9f5dae6b37b4df7ad76bc80f.jpg,1,1,1.0,0.203,0.005,0.046,2.594,1.006,6.428,0.222,10.89
FireSmokeVideoNEW277_f112_jpg.rf.5bf0e71562583b311f55ca80b537896a.jpg,1,1,1.0,0.206,0.004,0.047,2.333,1.006,6.446,0.217,10.635
FireSmokeVideoNEW277_f16_jpg.rf.f38d7b7283773e95c837a4a88b043def.jpg,1,1,1.0,0.207,0.004,0.043,2.872,1.009,6.441,0.254,11.215
FireSmokeVideoNEW277_f23_jpg.rf.26a5a9e63a6231703ed81eb83e506ae8.jpg,1,1,1.0,0.338,0.006,0.069,4.45,4.513,9.335,0.488,19.651
FireSmokeVideoNEW277_f2_jpg.rf.6de584ba8f4bf4e8f28b6b12e02fce56.jpg,1,1,1.0,0.203,0.005,0.049,5.98,1.334,6.483,0.246,14.698
FireSmokeVideoNEW277_f32_jpg.rf.821c4696b6666d1fc23b5e7dea66f891.jpg,1,1,0.9999,0.313,0.007,0.066,5.179,1.591,7.127,0.352,15.053
FireSmokeVideoNEW277_f34_jpg.rf.7e70c7a467ae2e47817342d4fb2a0827.jpg,1,1,1.0,0.324,0.006,0.068,6.22,1.839,6.462,0.247,15.577
FireSmokeVideoNEW277_f3_jpg.rf.16feece04ba7228a83655f5a70f1ceba.jpg,1,1,0.9999,0.208,0.004,0.473,4.949,0.998,6.497,0.247,13.819
FireSmokeVideoNEW277_f42_jpg.rf.bfa88f7ad8c4a729098ba826f60065bd.jpg,1,1,1.0,0.306,0.007,0.062,3.002,1.089,6.464,0.225,11.546
FireSmokeVideoNEW277_f4_jpg.rf.81c483c3c5d7ba3da0512eb641f4114d.jpg,1,1,1.0,0.202,0.004,0.047,4.87,0.974,6.452,0.244,13.204
FireSmokeVideoNEW277_f54_jpg.rf.8290d81b12f806e3a23c324952744a5e.jpg,1,1,1.0,0.306,0.006,0.085,3.895,3.553,11.738,0.25,20.216
FireSmokeVideoNEW277_f5_jpg.rf.43dfbd60ba2af38be3249f10ec1c6dd2.jpg,1,1,1.0,0.208,0.005,0.05,9.214,4.311,9.559,0.267,24.144
FireSmokeVideoNEW277_f6_jpg.rf.9246e9ca42b4ef5ffa450917955996b2.jpg,1,1,0.9999,0.314,0.006,0.066,6.477,1.095,6.861,0.602,15.851
FireSmokeVideoNEW277_f76_jpg.rf.e896d63db2a85b0c36821d3664707386.jpg,1,1,1.0,0.415,0.007,0.065,2.873,2.175,7.163,0.254,13.435
FireSmokeVideoNEW277_f84_jpg.rf.de4caae65922aafc13677ba531cf76c2.jpg,1,1,1.0,0.309,0.006,0.061,3.407,1.557,7.204,0.243,13.314
FireSmokeVideoNEW27_f60_jpg.rf.038ba34328502532e3c1154c93793d2f.jpg,1,1,1.0,0.206,0.004,0.046,4.73,0.979,6.843,0.36,13.558
FireSmokeVideoNEW27_f62_jpg.rf.c1c3a5e618dfc2300dc019930e34b3ae.jpg,1,1,1.0,0.218,0.004,0.093,3.053,0.949,6.447,0.24,11.389
FireSmokeVideoNEW27_f64_jpg.rf.be4a9aaace2c63021410de1caab71d9e.jpg,1,1,1.0,0.208,0.004,0.052,3.93,3.625,10.94,0.285,19.466
FireSmokeVideoNEW27_f66_jpg.rf.22def0fbf44790ff0e2de2bb0c4201b9.jpg,1,1,1.0,0.202,0.004,0.049,4.577,3.083,7.261,0.264,15.961
FireSmokeVideoNEW29_f10_jpg.rf.8e2833f2331a68683bbe20ec22fccdbd.jpg,1,1,1.0,0.324,0.006,0.064,4.962,3.101,7.068,0.253,16.306
FireSmokeVideoNEW29_f15_jpg.rf.af74892cfd1d8c526d2b6f4807915809.jpg,1,1,1.0,0.312,0.006,0.064,5.514,3.059,9.902,0.439,19.711
FireSmokeVideoNEW29_f17_jpg.rf.5151a7a20f43e42120cfac986cec2f39.jpg,1,1,1.0,0.2,0.005,0.046,4.523,3.126,7.034,0.245,15.704
FireSmokeVideoNEW29_f25_jpg.rf.2ad0615bf93adcec78cabdaf0440d4c0.jpg,1,1,1.0,0.289,0.006,0.06,4.031,1.377,6.468,0.242,12.938
FireSmokeVideoNEW29_f27_jpg.rf.fdacc6730c826df2ae581d71f2b777bc.jpg,1,1,1.0,0.204,0.005,0.047,4.222,0.966,6.911,0.38,13.143
FireSmokeVideoNEW29_f5_jpg.rf.c884fffd4ce9b1eb0a67f95bafaa8e52.jpg,1,1,1.0,0.202,0.004,0.047,6.416,3.109,7.57,0.405,18.163
FireSmokeVideoNEW31_f0_jpg.rf.8c3177ba1b33003e26ebb311b7ea751a.jpg,1,1,1.0,0.321,0.006,0.061,4.687,2.987,6.468,0.235,15.15
FireSmokeVideoNEW31_f127_jpg.rf.0c2aa3f9cdfa16db038d4b9453ee01d7.jpg,1,1,1.0,0.275,0.005,0.047,6.239,3.626,7.272,0.28,18.246
FireSmokeVideoNEW31_f13_jpg.rf.d1126db2923b8b99a8ba03fe2983f026.jpg,1,1,1.0,0.2,0.004,0.047,3.198,0.948,6.817,0.36,11.973
FireSmokeVideoNEW31_f1_jpg.rf.3c6c950a2ed874683574dfa4d38bd25a.jpg,1,1,1.0,0.302,0.006,0.063,2.795,3.451,6.58,0.243,13.808
FireSmokeVideoNEW31_f27_jpg.rf.d6492c725bf7e3bfe7eed589dc8571a6.jpg,1,1,1.0,0.206,0.005,0.047,8.132,3.857,12.57,0.864,26.17
FireSmokeVideoNEW31_f30_jpg.rf.3dd6e3ba6fb8657caa2190bd9eb22e6f.jpg,1,1,1.0,0.217,0.005,0.051,8.991,4.662,7.869,0.25,22.595
FireSmokeVideoNEW31_f32_jpg.rf.9d38b6dc5b13b67a5546f72b78531e6a.jpg,1,1,1.0,0.314,0.007,0.062,6.187,3.832,7.924,0.246,19.083
FireSmokeVideoNEW31_f40_jpg.rf.3dd823019fe152f2623dc4ef465c1d9d.jpg,1,1,1.0,0.317,0.006,0.053,5.741,1.226,6.43,0.242,14.41
FireSmokeVideoNEW31_f47_jpg.rf.23dcad470ad03987dfae09a9b9edcc7e.jpg,1,1,1.0,0.368,0.006,0.064,3.228,1.011,6.487,0.251,11.814
FireSmokeVideoNEW31_f55_jpg.rf.9f756f8ea534a9ca9aee2b44e730e082.jpg,1,1,1.0,0.557,0.005,0.049,3.413,0.95,7.025,0.414,12.817
FireSmokeVideoNEW31_f67_jpg.rf.a700eaa5299866ede9bbdf9be7b2a56b.jpg,1,1,1.0,0.32,0.006,0.065,3.925,1.205,7.012,0.239,13.277
FireSmokeVideoNEW31_f86_jpg.rf.d0840f0493b5bd6f596350694d9a3715.jpg,1,1,1.0,0.19,0.04,0.048,2.63,0.915,6.475,0.241,10.968
FireSmokeVideoNEW35_f10_jpg.rf.6594b28e06353a07284e2f3302fb5a0a.jpg,1,1,0.9989,0.208,0.005,0.047,7.378,5.39,12.277,0.284,26.164
FireSmokeVideoNEW35_f118_jpg.rf.12e980bcb7a3263b616167caaf3b29a0.jpg,1,1,0.9984,0.206,0.004,0.047,5.327,3.522,9.468,0.24,19.376
FireSmokeVideoNEW35_f122_jpg.rf.16f0e135a405be407794b5ae549f4301.jpg,1,1,0.9477,0.304,0.007,0.06,3.795,1.41,6.852,0.369,13.216
FireSmokeVideoNEW35_f14_jpg.rf.9822efb7cea5a93c34c4e22be1de699b.jpg,1,1,0.9719,0.319,0.007,0.058,3.418,1.299,6.743,0.237,12.576
FireSmokeVideoNEW35_f173_jpg.rf.deeced22196d23be062cbcc3b4891593.jpg,1,1,0.9193,0.299,0.004,0.042,2.508,0.924,7.436,0.235,11.839
FireSmokeVideoNEW35_f176_jpg.rf.d32791cdd927eee65063b56c6f5aff30.jpg,1,1,0.9926,0.287,0.007,0.054,2.894,0.915,6.528,0.238,11.31
FireSmokeVideoNEW35_f180_jpg.rf.a9be809218a94fed76e493a34764822c.jpg,1,1,0.9981,0.199,0.004,0.046,2.215,0.914,6.625,0.241,10.624
FireSmokeVideoNEW35_f203_jpg.rf.742030bca636ed9683686440d8fadd69.jpg,1,1,0.9924,0.287,0.005,0.122,7.556,5.73,9.248,0.239,23.702
FireSmokeVideoNEW35_f205_jpg.rf.b92e0f9847c66aa6d86bbf0c5a29f079.jpg,1,1,0.9906,0.208,0.004,0.07,2.077,0.847,7.63,0.352,11.692
FireSmokeVideoNEW35_f21_jpg.rf.9fdac7de0ff6d8162b6604963b09ea74.jpg,1,1,0.9994,0.316,0.007,0.062,2.404,1.263,6.91,0.242,11.723
FireSmokeVideoNEW35_f23_jpg.rf.d330dabc9f71e0a77eb73bb7d8dc480c.jpg,1,1,0.999,0.208,0.004,0.047,2.247,0.927,6.479,0.242,10.543
FireSmokeVideoNEW35_f25_jpg.rf.d376bc16debc42e7282a4d7d99fa2698.jpg,1,1,0.9996,0.2,0.005,0.045,2.243,0.929,6.516,0.239,10.559
FireSmokeVideoNEW35_f27_jpg.rf.af038d7b62253e3b66b764f22d5421b4.jpg,1,1,0.9996,0.195,0.004,0.044,2.615,0.925,6.442,0.275,10.886
FireSmokeVideoNEW35_f32_jpg.rf.95311ade1067fa155762509fe0f2bebe.jpg,1,1,0.9975,0.2,0.005,0.046,2.282,0.975,6.455,0.235,10.584
FireSmokeVideoNEW35_f3_jpg.rf.d2060302e4ed461339a3a92d32dfddf4.jpg,1,1,0.9996,0.213,0.005,0.049,4.272,1.831,6.45,0.281,13.505
FireSmokeVideoNEW35_f4_jpg.rf.baf1ef1ca16bdaf535443c5e66bef147.jpg,1,1,0.9984,0.209,0.005,0.048,8.274,7.191,13.801,0.267,30.37
FireSmokeVideoNEW35_f62_jpg.rf.844252b9cbe891df62c59d058ed33588.jpg,1,1,0.9939,0.197,0.005,0.043,5.047,3.418,7.237,0.424,17.406
FireSmokeVideoNEW35_f6_jpg.rf.71fd2e537b6edaf6dc30e29fe1e4d4b3.jpg,1,1,0.995,0.198,0.005,0.046,5.458,1.28,6.916,0.367,14.749
FireSmokeVideoNEW35_f77_jpg.rf.8a1940b7b15aea1c42fa0dfee03ec40a.jpg,1,1,0.8672,0.204,0.004,0.046,2.612,0.924,8.7,0.356,13.251
FireSmokeVideoNEW35_f81_jpg.rf.9d5e5f6c22b4e9bc17c660a1ada3ca23.jpg,1,1,0.9904,0.311,0.008,0.062,2.824,1.823,7.204,0.218,12.943
FireSmokeVideoNEW35_f87_jpg.rf.db9588772742238059a982e0c1fa6cae.jpg,1,1,0.7137,0.304,0.006,0.055,3.202,1.24,7.025,0.227,12.613
FireSmokeVideoNEW35_f91_jpg.rf.f6da1955af8a14bd82eff3b2d9bfdc45.jpg,1,1,0.999,0.193,0.004,0.045,2.129,0.91,6.443,0.235,10.345
FireSmokeVideoNEW38_f10_jpg.rf.22df74a0785588255ea78153e2f436b4.jpg,1,1,1.0,0.21,0.005,0.045,6.507,4.719,14.117,0.398,26.572
FireSmokeVideoNEW38_f15_jpg.rf.cb75043ebfbfb8e6ec8c04f58959d20f.jpg,1,1,1.0,0.201,0.004,0.048,3.793,3.683,7.08,0.238,15.538
FireSmokeVideoNEW38_f17_jpg.rf.1646d3035bbf07bf0881df1f4abc2083.jpg,1,1,1.0,0.303,0.006,0.058,4.801,3.072,6.636,0.237,15.504
FireSmokeVideoNEW38_f40_jpg.rf.4c5b5f13191256490df75de68043deaa.jpg,1,1,1.0,0.318,0.006,0.067,3.977,3.208,6.834,0.348,15.15
FireSmokeVideoNEW38_f43_jpg.rf.594a8c02951151bb6211e90cf62c11a4.jpg,1,1,1.0,0.303,0.004,0.049,2.925,1.406,8.552,0.364,14.002
FireSmokeVideoNEW38_f45_jpg.rf.078930b7aca6aff0ed4b6679f6b8451f.jpg,1,1,1.0,0.197,0.005,0.044,3.33,1.192,7.3,0.241,12.803
FireSmokeVideoNEW38_f54_jpg.rf.972eae67925b5ecee5fbfb28c442d8d3.jpg,1,1,1.0,0.203,0.004,0.046,4.164,4.696,10.125,0.425,20.046
FireSmokeVideoNEW38_f7_jpg.rf.c659a9acd380439d08ae6940744107ff.jpg,1,1,1.0,0.203,0.005,0.048,3.246,0.963,8.682,0.33,13.883
FireSmokeVideoNEW3_f15_jpg.rf.1081b06a3c2748d83ac64669856e79b2.jpg,1,1,1.0,0.197,0.004,0.046,3.239,1.083,7.042,0.255,12.345
FireSmokeVideoNEW3_f21_jpg.rf.f724885ceca326978ace0ffda40d9502.jpg,1,1,1.0,0.363,0.006,0.06,2.577,1.159,6.722,0.328,11.604
FireSmokeVideoNEW3_f2_jpg.rf.e60be14df4808f7294fd069c36790326.jpg,1,1,1.0,0.197,0.005,0.045,2.608,1.284,6.417,0.229,11.17
FireSmokeVideoNEW3_f3_jpg.rf.01b4621d8e3194f1d3fbbaeb1cc64806.jpg,1,1,1.0,0.198,0.004,0.043,1.779,0.79,6.399,0.237,9.853
FireSmokeVideoNEW40_f16_jpg.rf.102bef74efdc92efde85b02586cab97f.jpg,1,1,1.0,0.201,0.004,0.047,2.213,0.942,11.343,0.248,15.382
FireSmokeVideoNEW40_f18_jpg.rf.19806f837916e1673c74c9bbcd924cd7.jpg,1,1,1.0,0.198,0.005,0.045,4.428,3.371,10.528,0.238,19.201
FireSmokeVideoNEW40_f1_jpg.rf.f77eee4e7a13d1f27e173db990f994ce.jpg,1,1,1.0,0.323,0.007,0.061,5.132,3.75,10.108,0.239,20.023
FireSmokeVideoNEW40_f21_jpg.rf.6f5b514f8bfc06ba7d6cd4bb70180881.jpg,1,1,1.0,0.291,0.006,0.057,4.672,1.258,6.768,0.337,13.8
FireSmokeVideoNEW40_f23_jpg.rf.8f33e997b3b48e9f166e42b8aef89256.jpg,1,1,1.0,0.199,0.005,0.047,5.125,4.244,7.156,0.243,17.494
FireSmokeVideoNEW40_f2_jpg.rf.7b59cc53447b7dfd356e30de13e4413a.jpg,1,1,1.0,0.196,0.004,0.047,5.028,3.215,6.792,0.315,16.01
FireSmokeVideoNEW40_f37_jpg.rf.d988e41b08831d2451907fa03ce84a58.jpg,1,1,1.0,0.31,0.006,0.063,3.949,1.188,7.457,0.236,13.712
FireSmokeVideoNEW40_f4_jpg.rf.fe367aa5fbdc677e7650ba3741527964.jpg,1,1,1.0,0.202,0.004,0.047,3.025,1.206,7.128,0.228,12.351
FireSmokeVideoNEW40_f6_jpg.rf.474d4d3f3a86310484fe42ba756e67f8.jpg,1,1,1.0,0.293,0.004,0.044,4.288,2.976,10.3,0.306,18.676
FireSmokeVideoNEW40_f8_jpg.rf.f81401ca14dbf9768eef7ef78497b6a5.jpg,1,1,1.0,0.207,0.004,0.048,4.213,3.112,9.429,0.335,17.742
FireSmokeVideoNEW42_f27_jpg.rf.99252134062c904aa86fb6321910e066.jpg,1,1,1.0,0.308,0.006,0.058,4.642,3.085,6.777,0.39,15.659
FireSmokeVideoNEW42_f29_jpg.rf.b1fd27c83a9ab38250c7d1aecc5ed389.jpg,1,1,1.0,0.334,0.008,0.063,5.806,3.192,9.124,0.395,19.33
FireSmokeVideoNEW42_f31_jpg.rf.eec1b63f9169e7e850712e19316f4dba.jpg,1,1,1.0,0.21,0.005,0.049,4.716,4.579,7.125,0.23,17.388
FireSmokeVideoNEW43_f0_jpg.rf.c803d42e9dfcc0f184208a6cfc607558.jpg,1,1,1.0,0.325,0.007,0.062,5.258,3.305,6.552,0.336,16.542
FireSmokeVideoNEW43_f119_jpg.rf.2fc8b2a7ad67c33e71458f4836ca2d95.jpg,1,1,1.0,0.322,0.007,0.062,4.621,3.82,7.162,0.354,16.74
FireSmokeVideoNEW43_f135_jpg.rf.63707d9b182d93572f75219705eccf0c.jpg,1,1,1.0,0.329,0.007,0.059,5.2,3.557,10.671,0.427,20.67
FireSmokeVideoNEW43_f151_jpg.rf.24f576fa225a18abda7a2fd239f10b85.jpg,1,1,1.0,0.321,0.009,0.064,4.719,3.131,13.809,0.299,22.742
FireSmokeVideoNEW43_f1_jpg.rf.2310e3c5fe9e5383612f329bff47eaa8.jpg,1,1,1.0,0.325,0.007,0.066,5.739,3.138,6.659,0.249,16.659
FireSmokeVideoNEW43_f46_jpg.rf.d63e0607fd5c8d3d4dbbcd7636402655.jpg,1,1,1.0,0.321,0.007,0.063,5.343,3.095,7.014,0.241,16.593
FireSmokeVideoNEW43_f58_jpg.rf.b3d534991846f7f0c3be9c8fbd069b26.jpg,1,1,1.0,0.321,0.007,0.064,4.776,1.339,7.168,0.257,14.43
FireSmokeVideoNEW43_f62_jpg.rf.82ed45487cee94fee922be6cd05861a5.jpg,1,1,1.0,0.315,0.007,0.061,2.668,1.181,6.539,0.355,11.517
FireSmokeVideoNEW43_f6_jpg.rf.28701c4a24bdca1bdda4665b2073487c.jpg,1,1,1.0,0.24,0.005,0.048,5.923,4.297,8.323,0.371,19.772
FireSmokeVideoNEW43_f7_jpg.rf.4b141a903f849b42edc219e447f6ea6f.jpg,1,1,1.0,0.204,0.005,0.047,3.131,1.001,8.549,0.237,13.559
FireSmokeVideoNEW43_f93_jpg.rf.4bb70f866badfb4bf186f497a8e15dde.jpg,1,1,1.0,0.199,0.004,0.046,3.237,1.399,6.416,0.225,11.904
FireSmokeVideoNEW44_f10_jpg.rf.1a099b11831ea324b86b7db6aad4e190.jpg,1,1,1.0,0.233,0.004,0.048,2.562,1.014,8.201,0.237,12.672
FireSmokeVideoNEW44_f12_jpg.rf.287d396056e5d666fc90652fd12aa11b.jpg,1,1,1.0,0.202,0.004,0.046,2.33,1.113,6.465,0.229,10.773
FireSmokeVideoNEW44_f1_jpg.rf.8fd84f8ede5e0d1b75fb66a03c104345.jpg,1,1,1.0,0.331,0.007,0.067,3.172,1.052,6.442,0.231,11.681
FireSmokeVideoNEW44_f29_jpg.rf.90948668219ca6b432c4311b3d1fe87d.jpg,1,1,1.0,0.311,0.006,0.06,2.731,1.134,6.466,0.229,11.321
FireSmokeVideoNEW44_f3_jpg.rf.09b7b07d778ccfbf1aa1d5fd7ab2a489.jpg,1,1,1.0,0.209,0.005,0.046,2.743,3.962,6.471,0.243,14.07
FireSmokeVideoNEW44_f4_jpg.rf.50365b4aea4174a756f3a56fcd6fef37.jpg,1,1,1.0,0.283,0.007,0.079,6.906,3.805,13.529,0.407,25.624
FireSmokeVideoNEW44_f6_jpg.rf.2d73e91d9b13ec8a2435bae47319d708.jpg,1,1,1.0,0.202,0.005,0.047,2.415,2.523,7.179,0.253,13.131
FireSmokeVideoNEW44_f8_jpg.rf.95a1c81618934dd120a2b651a50fac00.jpg,1,1,1.0,0.333,0.008,0.068,4.241,1.198,7.795,0.437,15.096
FireSmokeVideoNEW47_f40_jpg.rf.5f060801803bc643ec5f695fee43e04f.jpg,1,1,1.0,0.334,0.007,0.065,3.377,1.87,7.642,0.35,14.163
FireSmokeVideoNEW47_f43_jpg.rf.cf493df141371b9522d667079baaa29b.jpg,1,1,1.0,0.305,0.005,0.061,4.809,3.181,7.172,0.345,16.271
FireSmokeVideoNEW49_f11_jpg.rf.5ef9296295f4d96310d8ad6cd7ce240d.jpg,1,1,1.0,0.328,0.006,0.061,3.533,1.179,7.357,0.244,13.197
FireSmokeVideoNEW49_f15_jpg.rf.315f582ceebe30dd42fc7f8cff62b979.jpg,1,1,1.0,0.2,0.004,0.07,2.944,3.983,6.894,0.368,14.863
FireSmokeVideoNEW49_f18_jpg.rf.08625a6c3f2100b04902eabe25650d45.jpg,1,1,1.0,0.208,0.004,0.048,4.878,4.158,6.638,0.396,16.724
FireSmokeVideoNEW49_f2_jpg.rf.72cea76bc326a10997d80a46a3ce5040.jpg,1,1,1.0,0.203,0.005,0.047,2.65,1.097,9.069,0.272,13.834
FireSmokeVideoNEW49_f31_jpg.rf.b59bbd3f29e6d6b839434a3a209d61a8.jpg,1,1,1.0,0.303,0.006,0.06,2.555,0.91,6.68,0.324,11.229
FireSmokeVideoNEW49_f3_jpg.rf.185decf90ce201424a98f907394f8c41.jpg,1,1,1.0,0.201,0.005,0.049,2.484,0.912,6.441,0.229,10.702
FireSmokeVideoNEW49_f58_jpg.rf.4e365c8a4b1900a66a4213a5eaf063e3.jpg,1,1,1.0,0.207,0.005,0.047,2.181,0.98,6.451,0.24,10.496
FireSmokeVideoNEW49_f6_jpg.rf.11a50cad8492926d357ba9778e6ed649.jpg,1,1,1.0,0.273,0.006,0.077,2.312,1.045,6.689,0.364,11.166
FireSmokeVideoNEW49_f8_jpg.rf.2761b9d61846feba13cac2d062a252f4.jpg,1,1,1.0,0.194,0.004,0.046,4.96,3.345,7.882,0.227,17.161
FireSmokeVideoNEW4_f100_jpg.rf.7ad1d0ad84e3ca0e958dd7071581656a.jpg,1,1,1.0,0.323,0.004,0.063,5.234,3.671,11.056,0.253,21.132
FireSmokeVideoNEW4_f12_jpg.rf.d12325c895ff0c668c6a9eedfd00ba52.jpg,1,1,1.0,0.38,0.006,0.061,3.249,2.188,9.945,0.263,16.6
FireSmokeVideoNEW4_f13_jpg.rf.01a9bf3d024f7529b6e8c2a06a817604.jpg,1,1,1.0,0.204,0.005,0.045,2.665,1.644,7.415,0.257,12.731
FireSmokeVideoNEW4_f15_jpg.rf.3fb8f4b1612aca11f76ffddb8151aa4b.jpg,1,1,1.0,0.321,0.006,0.063,2.851,1.828,7.447,0.361,13.377
FireSmokeVideoNEW4_f165_jpg.rf.4ee0f69baae7ce220e922f215fb6edac.jpg,1,1,1.0,0.311,0.006,0.055,2.928,1.194,7.941,0.313,13.24
FireSmokeVideoNEW4_f221_jpg.rf.88b5d675e9d564b0b24ab37bd0fcf432.jpg,1,1,1.0,0.2,0.004,0.046,2.175,0.999,6.42,0.225,10.449
FireSmokeVideoNEW4_f223_jpg.rf.12dd131ba3912381ce3626066fe68f66.jpg,1,1,1.0,0.276,0.004,0.045,1.813,1.258,8.301,0.222,12.306
FireSmokeVideoNEW4_f239_jpg.rf.29ab8fba092fed08b3ebd8790066b5ee.jpg,1,1,1.0,0.203,0.004,0.047,2.325,1.025,9.657,0.26,13.913
FireSmokeVideoNEW4_f70_jpg.rf.0ec10a95d83c76b8700d0fb944968dee.jpg,1,1,1.0,0.193,0.004,0.041,2.115,1.006,6.739,0.254,10.742
FireSmokeVideoNEW4_f84_jpg.rf.247fd431e9365939a31d6aef5a7ac968.jpg,1,1,1.0,0.198,0.004,0.044,2.267,0.915,6.397,0.234,10.436
FireSmokeVideoNEW50_f10_jpg.rf.d3646ae84ac48a36362c6a6dd009147f.jpg,1,1,1.0,0.298,0.008,0.058,3.95,1.15,6.402,0.227,12.47
FireSmokeVideoNEW50_f2_jpg.rf.bc12bfdd4a1f9c0b86e8552fd512e758.jpg,1,1,1.0,0.268,0.004,0.05,3.126,0.953,6.469,0.219,11.477
FireSmokeVideoNEW50_f5_jpg.rf.3029f1d118e09c470767a7e262ca607e.jpg,1,1,1.0,0.195,0.004,0.043,3.125,1.021,6.403,0.223,11.404
FireSmokeVideoNEW50_f63_jpg.rf.d6b79638d748b7db365c164660df69d5.jpg,1,1,1.0,0.194,0.005,0.107,3.787,1.004,6.414,0.217,12.12
FireSmokeVideoNEW50_f67_jpg.rf.9e7991ed3b82ce54f2a2d9586f9faf4b.jpg,1,1,1.0,0.227,0.004,0.045,3.268,1.056,6.406,0.217,11.615
FireSmokeVideoNEW50_f7_jpg.rf.19d6efa8c83f194ffb376a4a92f4f6f7.jpg,1,1,1.0,0.209,0.005,0.048,6.327,6.036,12.483,0.257,25.924
FireSmokeVideoNEW51_f17_jpg.rf.9f7842f199026aea160bdeb040f718d8.jpg,1,1,0.9998,0.201,0.081,0.051,4.277,3.125,8.037,0.317,16.497
FireSmokeVideoNEW51_f20_jpg.rf.7081febf27c70a1048a3dd6929c35be7.jpg,1,1,0.9999,0.295,0.006,0.06,4.941,3.068,6.787,0.335,15.883
FireSmokeVideoNEW51_f28_jpg.rf.48cfd45dadc8564becc83f554de68fd7.jpg,1,1,1.0,0.313,0.006,0.057,4.781,3.004,9.818,0.395,18.772
FireSmokeVideoNEW51_f31_jpg.rf.b1fce11800be6ffe6220fbc9ebfd115a.jpg,1,1,1.0,0.2,0.005,0.046,4.518,3.15,7.904,0.398,16.731
FireSmokeVideoNEW51_f38_jpg.rf.a0c590f3d00cd2d603a5da732c52f004.jpg,1,1,1.0,0.202,0.005,0.047,4.027,4.517,7.109,0.223,16.612
FireSmokeVideoNEW51_f45_jpg.rf.e8857c8dc3aeb5fa4a28b021cacadfc9.jpg,1,1,0.9998,0.201,0.004,0.047,2.447,0.915,6.444,0.23,10.674
FireSmokeVideoNEW52_f117_jpg.rf.4c2486100b798b321e83516cabc9b952.jpg,1,1,1.0,0.22,0.004,0.05,5.183,4.913,11.674,0.356,22.802
FireSmokeVideoNEW52_f25_jpg.rf.70fc20b927b70fdef1c6b38b0bd91294.jpg,1,1,0.9996,0.31,0.006,0.065,3.355,1.658,7.127,0.236,13.168
FireSmokeVideoNEW52_f27_jpg.rf.8ca5ff396c7c6b4e7b3c6caa73dd58c5.jpg,1,1,0.997,0.203,0.004,0.047,2.168,0.921,6.44,0.228,10.388
FireSmokeVideoNEW52_f48_jpg.rf.110f8a1d937dabd86246058d3abe0334.jpg,1,1,0.9999,0.3,0.006,0.059,2.856,0.932,6.732,0.347,11.625
FireSmokeVideoNEW52_f56_jpg.rf.4cfea41c17ca8e75d0a847bc08a45843.jpg,1,1,0.9998,0.302,0.006,0.059,3.153,1.158,6.787,0.236,12.182
FireSmokeVideoNEW52_f73_jpg.rf.42f03c3bd3633b39a37dbfa5012e3be6.jpg,1,1,0.9999,0.301,0.007,0.058,2.327,1.921,6.599,0.337,11.948
FireSmokeVideoNEW52_f86_jpg.rf.059741169bf547d1257c50b3c141b680.jpg,1,1,0.9994,0.202,0.005,0.043,2.166,0.92,6.437,0.241,10.443
FireSmokeVideoNEW55_f115_jpg.rf.d1ae9b75ffb1fc11f07252ac292e6431.jpg,1,1,1.0,0.195,0.004,0.044,3.088,1.226,6.422,0.232,11.596
FireSmokeVideoNEW55_f152_jpg.rf.b66429422c18048f82abc66f57384df3.jpg,1,1,1.0,0.209,0.004,0.047,4.338,2.955,12.666,0.363,20.983
FireSmokeVideoNEW55_f154_jpg.rf.74673752682094de5a6b34378ff0e89b.jpg,1,1,1.0,0.204,0.005,0.045,4.351,3.146,9.346,0.234,17.834
FireSmokeVideoNEW55_f25_jpg.rf.b8f388962343ad7c62262e3120adfef6.jpg,1,1,1.0,0.311,0.007,0.055,6.272,3.418,6.477,0.235,17.164
FireSmokeVideoNEW55_f33_jpg.rf.6dfe5220f8b8395651f23aab7782d716.jpg,1,1,1.0,0.269,0.007,0.074,3.152,1.612,7.485,0.227,13.425
FireSmokeVideoNEW55_f35_jpg.rf.b1ba09ffc4711f7e00d1f2f9040ed460.jpg,1,1,1.0,0.306,0.007,0.061,2.768,1.15,6.477,0.28,11.446
FireSmokeVideoNEW55_f39_jpg.rf.bda21bfaa7b58bf9e44f57e04a068571.jpg,1,1,1.0,0.314,0.008,0.06,3.429,1.76,6.32,0.231,12.559
FireSmokeVideoNEW55_f50_jpg.rf.7e57e6c280e07b130928e7b766f59d72.jpg,1,1,1.0,0.291,0.007,0.058,3.507,0.958,6.5,0.272,11.983
FireSmokeVideoNEW55_f64_jpg.rf.8ddb32c3be6ac4b80833b38834ad0018.jpg,1,1,1.0,0.197,0.004,0.046,5.202,5.079,11.83,0.239,23.173
FireSmokeVideoNEW55_f66_jpg.rf.1d537844825b5588928eb942a09d8b55.jpg,1,1,1.0,0.266,0.052,0.084,8.658,3.76,11.425,0.253,24.874
FireSmokeVideoNEW55_f72_jpg.rf.9f614fd81f654f89a0f07ee8c0bf03c0.jpg,1,1,1.0,0.273,0.006,0.071,3.346,0.938,7.233,0.347,12.616
FireSmokeVideoNEW55_f74_jpg.rf.353677df9beecc811dd207738524b80a.jpg,1,1,1.0,0.314,0.007,0.065,3.956,1.722,7.887,0.37,14.873
FireSmokeVideoNEW55_f90_jpg.rf.eaac7ac5a298d9e3c459041ceaf40eef.jpg,1,1,1.0,0.333,0.006,0.067,3.745,0.846,8.763,0.378,14.585
FireSmokeVideoNEW55_f93_jpg.rf.3d60ab78d80b5cba8cadfcfe07d71f34.jpg,1,1,1.0,0.319,0.006,0.117,3.048,1.781,7.573,0.346,13.704
FireSmokeVideoNEW55_f99_jpg.rf.2e8135bbbea4c4f8608077c3d23b9b79.jpg,1,1,1.0,0.309,0.006,0.066,5.759,1.008,6.756,0.344,14.669
FireSmokeVideoNEW58_f10_jpg.rf.34642e8d6104c2cf111d96077f69f349.jpg,1,1,0.9999,0.305,0.007,0.065,5.683,4.948,11.384,0.274,23.217
FireSmokeVideoNEW58_f23_jpg.rf.7aa1922cfe5c0a987bc27e57c9cdee43.jpg,1,1,1.0,0.304,0.007,0.061,2.662,1.207,6.39,0.211,11.247
FireSmokeVideoNEW58_f25_jpg.rf.d2ede85b72b2e3e02c208a61074c897d.jpg,1,1,1.0,0.265,0.006,0.073,2.73,1.135,7.677,0.345,12.818
FireSmokeVideoNEW58_f2_jpg.rf.03e2a75bb1afb651cd8cf3315930f183.jpg,1,1,1.0,0.312,0.006,0.062,2.378,1.153,7.102,0.251,11.746
FireSmokeVideoNEW58_f7_jpg.rf.ca1e260c76e65133a009208a47475de2.jpg,1,1,1.0,0.192,0.004,0.047,2.962,0.936,6.698,0.328,11.608
FireSmokeVideoNEW5_f1_jpg.rf.fc8b943c1d95d048b71778ab67928710.jpg,1,1,1.0,0.201,0.004,0.048,2.392,1.718,7.136,0.217,12.19
FireSmokeVideoNEW5_f24_jpg.rf.27b2c054ee3691848ce763832ed16dc3.jpg,1,1,1.0,0.197,0.004,0.046,2.141,1.495,6.413,0.263,10.949
FireSmokeVideoNEW5_f2_jpg.rf.2936e138aa616aa14219f359f8debd81.jpg,1,1,1.0,0.206,0.004,0.044,3.484,3.304,6.553,0.287,14.27
FireSmokeVideoNEW5_f3_jpg.rf.45d4850aa6d9b9bb8f9d3afbc0c6d3a5.jpg,1,1,1.0,0.229,0.005,0.046,5.115,3.575,8.198,0.221,17.784
FireSmokeVideoNEW5_f5_jpg.rf.60be1f9ed53ebbff57a6e62e52522e8e.jpg,1,1,1.0,0.199,0.005,0.049,4.342,3.332,6.692,0.316,15.33
FireSmokeVideoNEW5_f8_jpg.rf.e335bc657b7862165884e0f8e6fa86d2.jpg,1,1,1.0,0.305,0.007,0.059,4.895,3.06,6.571,0.221,15.614
FireSmokeVideoNEW60_f12_jpg.rf.9ee600591abbeb4a4d576b27a8b8534c.jpg,1,1,1.0,0.306,0.007,0.068,7.072,1.0,6.399,0.23,15.492
FireSmokeVideoNEW60_f38_jpg.rf.81f0837c96882d66a37c9c077e080238.jpg,1,1,1.0,0.303,0.007,0.063,3.167,1.64,6.378,0.218,12.22
FireSmokeVideoNEW60_f46_jpg.rf.961c2dcbda93abfb50002758e070b5bf.jpg,1,1,1.0,0.21,0.004,0.045,2.835,1.109,6.396,0.219,11.218
FireSmokeVideoNEW60_f48_jpg.rf.388f14f791f28de8e5b12b7f2c854282.jpg,1,1,1.0,0.198,0.005,0.046,4.55,3.354,11.102,0.242,19.901
FireSmokeVideoNEW60_f51_jpg.rf.2468377187eec51e2eecea3d65330d9f.jpg,1,1,1.0,0.201,0.005,0.047,4.122,3.055,6.811,0.353,14.99
FireSmokeVideoNEW60_f53_jpg.rf.e5daa42d0db75cd635b04588a59731ae.jpg,1,1,1.0,0.303,0.006,0.054,4.662,3.527,6.816,0.345,16.097
FireSmokeVideoNEW60_f55_jpg.rf.e7c05e6be084452e955cb31822b2da71.jpg,1,1,1.0,0.205,0.004,0.046,3.431,2.978,6.391,0.218,13.652
FireSmokeVideoNEW60_f58_jpg.rf.6d1442fd8ba37afa5c47043a5cc629e0.jpg,1,1,1.0,0.196,0.005,0.043,4.335,3.305,6.466,0.222,14.954
FireSmokeVideoNEW60_f5_jpg.rf.aa5a968f6e31f82dcc3487faa9615c6d.jpg,1,1,1.0,0.208,0.005,0.089,3.492,2.969,9.283,0.239,16.667
FireSmokeVideoNEW60_f64_jpg.rf.b96c38426b1e25a56f10f7817118c56a.jpg,1,1,1.0,0.199,0.005,0.044,3.85,2.945,6.46,0.213,14.094
FireSmokeVideoNEW60_f69_jpg.rf.532d6f1cf55d06ded7d5e4243b6535b5.jpg,1,1,1.0,0.2,0.004,0.045,3.553,2.983,6.4,0.214,13.787
FireSmokeVideoNEW60_f70_jpg.rf.865c91bc35778ec0bbe24559b9f2c81d.jpg,1,1,1.0,0.196,0.004,0.046,5.011,3.668,6.323,0.236,15.873
FireSmokeVideoNEW60_f75_jpg.rf.b914a4abfea9b61f512996d147ec0ca3.jpg,1,1,1.0,0.304,0.006,0.052,2.865,0.937,6.45,0.221,11.219
FireSmokeVideoNEW60_f9_jpg.rf.9c8beb518c921372991999ac1c49e40c.jpg,1,1,1.0,0.201,0.005,0.048,8.35,3.315,6.761,0.311,19.396
FireSmokeVideoNEW65_f117_jpg.rf.1bbdd4f95a006a3b6b1f27ef5f536866.jpg,1,1,1.0,0.202,0.005,0.043,4.113,3.111,7.307,0.316,15.488
FireSmokeVideoNEW65_f11_jpg.rf.50cd474bf007c757d8bc138479805020.jpg,1,1,1.0,0.202,0.004,0.047,3.806,3.214,6.403,0.23,14.29
FireSmokeVideoNEW65_f12_jpg.rf.aa5bbc87c3e07da06a59f895f606509f.jpg,1,1,1.0,0.205,0.003,0.046,4.5,3.153,6.448,0.215,14.954
FireSmokeVideoNEW65_f14_jpg.rf.87c95776046ba5dabfc6ff1a147df6bd.jpg,1,1,1.0,0.205,0.004,0.046,4.504,3.304,6.486,0.242,15.164
FireSmokeVideoNEW65_f1_jpg.rf.c3cc440dc95f4454fc091247861e6caa.jpg,1,1,1.0,0.319,0.007,0.063,4.664,4.006,6.645,0.319,16.461
FireSmokeVideoNEW65_f40_jpg.rf.25e48681a4a80d3e5a7c2d5ef33493ab.jpg,1,1,1.0,0.203,0.003,0.044,2.886,1.002,6.738,0.327,11.592
FireSmokeVideoNEW65_f46_jpg.rf.4217997f473ffe7da24315de5aaece67.jpg,1,1,1.0,0.319,0.005,0.057,3.024,2.596,6.934,0.222,13.638
FireSmokeVideoNEW65_f50_jpg.rf.d61341ea9e88e5ed5acc90a3297a851a.jpg,1,1,1.0,0.296,0.005,0.057,5.152,2.353,6.277,0.241,14.782
FireSmokeVideoNEW65_f5_jpg.rf.3441cd75841d6f97430310c78b39d6fa.jpg,1,1,1.0,0.205,0.004,0.051,2.806,0.961,6.46,0.24,11.358
FireSmokeVideoNEW65_f73_jpg.rf.4766aec0b5f45ce3be112ecf3dd68757.jpg,1,1,1.0,0.207,0.005,0.048,2.284,1.009,6.453,0.224,10.612
FireSmokeVideoNEW65_f79_jpg.rf.713d994f59767ed9bf9a3cd2b5854501.jpg,1,1,1.0,0.205,0.004,0.046,2.514,0.962,6.439,0.225,10.768
FireSmokeVideoNEW65_f88_jpg.rf.95d2b25d237ff418711f21e2e2614bf8.jpg,1,1,1.0,0.208,0.005,0.049,4.414,0.993,6.379,0.233,12.712
FireSmokeVideoNEW66_f14_jpg.rf.482cb0050ef9c8c8a0a968b3943b7694.jpg,1,1,1.0,0.205,0.005,0.047,4.597,5.489,14.645,0.27,25.668
FireSmokeVideoNEW66_f5_jpg.rf.7cb799fabf2d42e0a4f065497d86d27d.jpg,1,1,0.9999,0.304,0.007,0.056,3.454,1.068,6.493,0.235,12.038
FireSmokeVideoNEW68_f0_jpg.rf.c6033aa3afcd43addcf5723dc3d55109.jpg,1,1,1.0,0.208,0.004,0.048,2.83,1.053,6.467,0.223,11.215
FireSmokeVideoNEW68_f18_jpg.rf.9d0cd9f0cd43165e76a7e897d52688bc.jpg,1,1,0.9998,0.344,0.004,0.049,4.798,1.786,7.074,0.313,14.854
FireSmokeVideoNEW68_f23_jpg.rf.423c2e6022e5b48f02d1d5bd1b4ce56d.jpg,1,1,0.9999,0.207,0.004,0.049,5.99,1.168,8.913,0.346,17.185
FireSmokeVideoNEW68_f2_jpg.rf.b0f36b8ac9a557cbc6240b67da533458.jpg,1,1,1.0,0.202,0.004,0.045,4.472,3.27,7.708,0.352,16.485
FireSmokeVideoNEW68_f36_jpg.rf.9ed01aedaae56ff44ba333675646ba74.jpg,1,1,1.0,0.206,0.005,0.047,3.824,3.258,6.491,0.238,14.452
FireSmokeVideoNEW68_f3_jpg.rf.2bb13b31cfa6035877e0e84c4f1b37d0.jpg,1,1,1.0,0.207,0.005,0.048,7.676,5.219,13.44,0.259,27.623
FireSmokeVideoNEW68_f7_jpg.rf.20a675000fe1db7e2751fdfe45ce1a71.jpg,1,1,1.0,0.283,0.006,0.079,6.121,2.009,7.291,0.262,16.603
FireSmokeVideoNEW68_f9_jpg.rf.cadca7ef759f84b188f1561c1cd133ef.jpg,1,1,1.0,0.321,0.007,0.065,5.654,1.237,7.508,0.361,16.116
FireSmokeVideoNEW69_f14_jpg.rf.8564b48b288a119d4cd9a5e80bf10c47.jpg,1,1,0.9998,0.213,0.005,0.051,3.5,1.382,7.479,0.387,13.533
FireSmokeVideoNEW69_f1_jpg.rf.9e44b871ec373d8efeac083f49c5f705.jpg,1,1,1.0,0.197,0.004,0.046,3.159,0.96,6.701,0.365,11.842
FireSmokeVideoNEW69_f22_jpg.rf.862ea9c76eec91567d9221b2a755959d.jpg,1,1,1.0,0.198,0.005,0.047,2.263,2.4,7.537,0.402,13.366
FireSmokeVideoNEW69_f24_jpg.rf.e26bbf96d54ff4c6de836ba7e204c604.jpg,1,1,1.0,0.356,0.006,0.065,5.557,3.153,8.258,0.29,18.082
FireSmokeVideoNEW69_f28_jpg.rf.5954fde5f89bf91ae38eb2261df37169.jpg,1,1,0.9999,0.268,0.006,0.073,7.763,3.128,12.115,0.247,24.148
FireSmokeVideoNEW69_f33_jpg.rf.110cfd07f30bb04df887e4535ddd2a45.jpg,1,1,1.0,0.214,0.005,0.049,4.201,3.66,7.231,0.244,16.11
FireSmokeVideoNEW69_f4_jpg.rf.cef4a8aaba081738c8f28ec5cb491daf.jpg,1,1,1.0,0.306,0.006,0.062,3.005,0.955,6.415,0.241,11.374
FireSmokeVideoNEW69_f8_jpg.rf.753be5b79184e5298e5828093e65739e.jpg,1,1,1.0,0.305,0.007,0.06,2.65,0.977,6.442,0.243,11.058
FireSmokeVideoNEW6_f26_jpg.rf.5fc336666efe2dea8e0559f2c13862d5.jpg,1,1,0.5322,0.216,0.014,0.048,2.862,1.038,6.418,0.238,11.212
FireSmokeVideoNEW71_f1_jpg.rf.595d2b88d2c2f78a56d269ef66bb4297.jpg,1,1,1.0,0.214,0.005,0.047,2.402,1.007,6.424,0.233,10.711
FireSmokeVideoNEW71_f2_jpg.rf.2db0e0efbeb737f7bf96e673cf0dede3.jpg,1,1,1.0,0.221,0.005,0.051,3.922,3.272,8.844,0.444,17.228
FireSmokeVideoNEW71_f4_jpg.rf.d22912ef5fd0628194172fd48f29fe54.jpg,1,1,1.0,0.202,0.004,0.049,3.141,1.066,6.48,0.27,11.594
FireSmokeVideoNEW71_f6_jpg.rf.a50cdf04986e472627204f7ec4b5f5a6.jpg,1,1,1.0,0.213,0.004,0.05,3.196,1.066,6.407,0.238,11.567
FireSmokeVideoNEW72_f11_jpg.rf.ad5313a830b6d7fee0b6c8f0c56061c3.jpg,1,1,1.0,0.216,0.005,0.05,6.327,5.959,7.443,0.358,20.948
FireSmokeVideoNEW72_f13_jpg.rf.d058cce69315377b7eadf9b7398179cb.jpg,1,1,1.0,0.204,0.004,0.048,2.5,0.994,6.394,0.22,10.739
FireSmokeVideoNEW72_f17_jpg.rf.d570def4b06c76e6cd8e89118bff7fc1.jpg,1,1,1.0,0.262,0.004,0.046,3.893,3.219,6.653,0.242,14.869
FireSmokeVideoNEW72_f22_jpg.rf.9619fa123844ddde152c20ddf323bb0d.jpg,1,1,1.0,0.208,0.005,0.047,2.562,0.999,6.481,0.278,10.965
FireSmokeVideoNEW72_f33_jpg.rf.498d88ae9e2e3fb1e7ec250d119eab2f.jpg,1,1,1.0,0.395,0.004,0.047,3.48,1.004,6.384,0.233,11.944
FireSmokeVideoNEW72_f43_jpg.rf.c3616a9cece886241f5d31d681cf3b82.jpg,1,1,1.0,0.211,0.004,0.05,2.27,1.105,6.486,0.233,10.748
FireSmokeVideoNEW72_f49_jpg.rf.fea0e91163420323b138beb4c050855b.jpg,1,1,1.0,0.207,0.005,0.047,5.451,4.228,14.58,0.301,25.457
FireSmokeVideoNEW72_f62_jpg.rf.6edd68c72b3f5912c3f1bf1213e016e0.jpg,1,1,1.0,0.213,0.005,0.05,2.381,1.144,6.506,0.26,10.944
FireSmokeVideoNEW72_f65_jpg.rf.ff3c8aafe556db2e560fe50f230391b3.jpg,1,1,1.0,0.221,0.005,0.052,4.172,1.165,9.054,0.365,15.516
FireSmokeVideoNEW72_f75_jpg.rf.62c9abfdcae23779e7dc701529aaf536.jpg,1,1,1.0,0.209,0.004,0.05,2.859,0.974,6.493,0.233,11.202
FireSmokeVideoNEW72_f7_jpg.rf.7c62522f90506aa1728fe65b914acf7c.jpg,1,1,1.0,0.205,0.004,0.049,2.239,1.054,6.461,0.236,10.625
FireSmokeVideoNEW74_f21_jpg.rf.c0f9fb0f3f221779c24897948f4ec8d7.jpg,1,1,1.0,0.31,0.006,0.065,2.481,0.962,6.41,0.232,10.834
FireSmokeVideoNEW74_f24_jpg.rf.66168d8081eda452714a8c8f07bbdcd8.jpg,1,1,1.0,0.326,0.007,0.061,2.918,0.968,6.424,0.229,11.307
FireSmokeVideoNEW74_f26_jpg.rf.345c458b97028004ad0acae920cae7b6.jpg,1,1,1.0,0.222,0.005,0.049,5.014,1.14,9.261,0.348,16.535
FireSmokeVideoNEW74_f30_jpg.rf.59c54e77e2c7cc4c68af58a2a5390808.jpg,1,1,1.0,0.201,0.005,0.046,2.521,3.993,7.41,0.372,14.975
FireSmokeVideoNEW74_f32_jpg.rf.4ac20702db05eeec56186d73cbca8766.jpg,1,1,1.0,0.253,0.004,0.171,3.112,0.957,6.558,0.242,12.125
FireSmokeVideoNEW74_f34_jpg.rf.d9724abb9bfaa342616f6c01948fea7f.jpg,1,1,1.0,0.204,0.004,0.047,2.651,0.944,6.511,0.23,10.976
FireSmokeVideoNEW74_f36_jpg.rf.fcbb11b2075d8d9f4dbf6e326a0320dc.jpg,1,1,1.0,0.372,0.007,0.214,3.99,1.053,6.773,0.252,13.05
FireSmokeVideoNEW74_f38_jpg.rf.18ff7f74a408a680122d645d40591e9a.jpg,1,1,1.0,0.216,0.005,0.049,2.47,1.661,6.492,0.248,11.517
FireSmokeVideoNEW74_f41_jpg.rf.a6c359519d19b8ed61be5ff17839f197.jpg,1,1,1.0,0.319,0.005,0.058,2.935,0.965,6.432,0.273,11.366
FireSmokeVideoNEW74_f43_jpg.rf.d00bcca3fb8e0a6d10644bc0b3bd41eb.jpg,1,1,1.0,0.205,0.004,0.048,2.359,0.964,6.469,0.242,10.675
FireSmokeVideoNEW74_f47_jpg.rf.015888a3b5629ef1c46d1f31c1046ab6.jpg,1,1,1.0,0.206,0.005,0.083,2.632,0.957,6.503,0.243,11.007
FireSmokeVideoNEW74_f4_jpg.rf.bcdd36ff2e50cd106574eb5718448952.jpg,1,1,1.0,0.222,0.005,0.054,2.472,0.973,8.186,0.233,12.566
FireSmokeVideoNEW74_f53_jpg.rf.5efb2429584d39e2b2a1a49a423fae0c.jpg,1,1,1.0,0.218,0.004,0.05,5.421,3.075,13.372,0.253,22.799
FireSmokeVideoNEW74_f58_jpg.rf.c150e91787c7f8a20f332da7927e8783.jpg,1,1,1.0,0.199,0.005,0.045,2.243,0.991,6.31,0.244,10.46
FireSmokeVideoNEW74_f60_jpg.rf.1cdc02e995445f11a06bb524a8b70053.jpg,1,1,1.0,0.307,0.007,0.061,2.715,0.988,6.46,0.234,11.157
FireSmokeVideoNEW74_f69_jpg.rf.f6ff5cbdf69fb044623d261520936a7d.jpg,1,1,1.0,0.293,0.004,0.044,2.368,1.001,6.418,0.235,10.739
FireSmokeVideoNEW74_f73_jpg.rf.01c8014550eabc4548809852b07c6a92.jpg,1,1,1.0,0.209,0.004,0.051,3.507,1.166,6.647,0.325,12.293
FireSmokeVideoNEW74_f75_jpg.rf.b29efe2ebb2ba867d688a0fb1ee8e0ee.jpg,1,1,1.0,0.215,0.005,0.049,3.429,1.062,6.762,0.328,12.229
FireSmokeVideoNEW76_f13_jpg.rf.48c07cdb4a4555c8fac7eb90799fd407.jpg,1,0,0.998,0.212,0.005,0.049,4.468,1.163,6.412,0.238,12.915
FireSmokeVideoNEW76_f15_jpg.rf.0ed5839aa46894923b87d6cecba5efbe.jpg,1,0,0.9971,0.212,0.005,0.051,2.56,1.033,6.489,0.232,10.959
FireSmokeVideoNEW76_f17_jpg.rf.89a5b32599f08ff6d6b144b7e61b9712.jpg,1,0,0.9998,0.212,0.004,0.051,6.468,5.581,12.288,0.451,25.617
FireSmokeVideoNEW76_f19_jpg.rf.78a45915d1eb907788ababec5310ba76.jpg,1,0,0.9998,0.201,0.004,0.088,2.233,1.086,14.31,0.419,18.729
FireSmokeVideoNEW76_f21_jpg.rf.7ff137c89ba1e12c0f41300d976a8900.jpg,1,0,0.9996,0.203,0.004,0.049,2.693,0.968,6.458,0.229,10.982
FireSmokeVideoNEW78_f129_jpg.rf.2d444dd2cf9fec590e4affcc70ee39eb.jpg,1,1,1.0,0.303,0.006,0.064,2.359,0.959,6.44,0.223,10.742
FireSmokeVideoNEW79_f11_jpg.rf.25292878eba539325fd867ff672153d7.jpg,1,1,1.0,0.253,0.005,0.045,2.245,0.954,6.499,0.228,10.606
FireSmokeVideoNEW79_f13_jpg.rf.f7e5cad16c5c444d4797fdebaedd9a6a.jpg,1,1,1.0,0.206,0.005,0.05,2.424,0.946,6.422,0.234,10.665
FireSmokeVideoNEW7_f106_jpg.rf.ba3ec205bb89efbbfc64fb46305a6ac0.jpg,1,1,1.0,0.228,0.004,0.048,2.226,1.202,7.035,0.232,11.361
FireSmokeVideoNEW7_f114_jpg.rf.19f7a9cac937c20922db17e7843964c3.jpg,1,1,0.9998,0.202,0.005,0.045,2.301,0.959,6.413,0.244,10.55
FireSmokeVideoNEW7_f40_jpg.rf.8c23940fa961ed65bde2075a96cf7d5a.jpg,1,1,0.9999,0.206,0.004,0.044,4.603,3.722,9.701,0.256,18.985
FireSmokeVideoNEW7_f42_jpg.rf.fc01ed3256e4de328cbb887686c3e2b6.jpg,1,1,1.0,0.2,0.004,0.045,4.013,2.968,6.514,0.251,14.616
FireSmokeVideoNEW7_f56_jpg.rf.72eb0b9c179be3b73389cb4ecb2e66f5.jpg,1,1,1.0,0.203,0.005,0.046,4.36,3.21,6.652,0.232,15.086
FireSmokeVideoNEW7_f69_jpg.rf.1cb69b7fbaee6b6551e64b94bcd6d8a5.jpg,1,1,1.0,0.198,0.005,0.043,2.014,1.332,6.427,0.269,10.675
FireSmokeVideoNEW7_f7_jpg.rf.557a52cc5382677ca0d46f89efc7ed2b.jpg,1,1,1.0,0.194,0.005,0.042,2.108,0.934,6.38,0.228,10.313
FireSmokeVideoNEW7_f8_jpg.rf.5d0ea556bf5d8f7cd1d58eaa3d1842f2.jpg,1,1,1.0,0.2,0.005,0.045,2.329,0.935,6.451,0.233,10.582
FireSmokeVideoNEW80_f11_jpg.rf.05759433efcacb33d8a26468f7585b99.jpg,1,1,1.0,0.211,0.004,0.05,3.771,3.393,6.338,0.26,14.416
FireSmokeVideoNEW80_f13_jpg.rf.9c6a7629abe648bbcf71629b0d7e505e.jpg,1,1,1.0,0.196,0.004,0.046,3.94,3.267,6.368,0.22,14.486
FireSmokeVideoNEW80_f32_jpg.rf.3b5c0b1ebab68acae862f33e0374b3ec.jpg,1,1,0.9999,0.208,0.004,0.049,7.574,3.725,10.354,0.249,22.689
FireSmokeVideoNEW80_f34_jpg.rf.f1c207f818f1cd217bea5c96f9e9d4ab.jpg,1,1,0.9998,0.208,0.004,0.048,8.898,3.742,10.11,0.276,23.806
FireSmokeVideoNEW80_f41_jpg.rf.bab3cbb40abe405482495f7a75346e8f.jpg,1,1,1.0,0.309,0.006,0.062,4.473,3.082,9.995,0.364,18.693
FireSmokeVideoNEW80_f8_jpg.rf.035ed7478daa45c1e06ab3523c909e64.jpg,1,1,1.0,0.196,0.004,0.044,4.535,3.136,7.899,0.357,17.231
FireSmokeVideoNEW81_f18_jpg.rf.8a4deba38a80b2d33016f55eaa30e25b.jpg,1,1,1.0,0.311,0.007,0.06,4.049,1.252,7.455,0.341,14.56
FireSmokeVideoNEW81_f34_jpg.rf.6faebf94308b689b3be118624121310c.jpg,1,1,0.9957,0.4,0.006,0.058,2.723,1.796,7.465,0.246,13.197
FireSmokeVideoNEW81_f36_jpg.rf.671fb0b8fdcd8370174c641d2b48ecbf.jpg,1,1,0.9995,0.298,0.006,0.06,2.553,0.923,8.826,0.327,13.386
FireSmokeVideoNEW81_f38_jpg.rf.227b1e5aee07bc90863b964edb44d457.jpg,1,1,0.9999,0.205,0.005,0.046,5.669,5.272,10.774,0.243,22.759
FireSmokeVideoNEW81_f3_jpg.rf.caf4eabc98635fd866eb054ff6b28c89.jpg,1,1,1.0,0.211,0.005,0.047,4.725,3.394,7.352,0.24,16.511
FireSmokeVideoNEW81_f44_jpg.rf.3b4966647e8c86694dc973addf81e4b7.jpg,1,1,0.9999,0.318,0.006,0.063,3.742,1.01,6.479,0.238,12.25
FireSmokeVideoNEW81_f4_jpg.rf.1c8e0b53c1a60eeca4a1a87725c6a33b.jpg,1,1,1.0,0.208,0.005,0.048,3.089,0.955,8.197,0.249,13.192
FireSmokeVideoNEW81_f51_jpg.rf.6eed84c90fc84bc339ab94acb5f368d5.jpg,1,0,0.9706,0.312,0.007,0.063,3.626,0.97,6.859,0.359,12.587
FireSmokeVideoNEW81_f5_jpg.rf.8fe51428c042df33ef7056792bac041e.jpg,1,1,0.9998,0.21,0.004,0.053,2.349,0.958,6.44,0.248,10.633
FireSmokeVideoNEW81_f61_jpg.rf.8821e2feee7a313a5a0fa06f95aaf907.jpg,1,1,1.0,0.335,0.006,0.07,4.978,6.017,7.705,0.393,19.941
FireSmokeVideoNEW81_f67_jpg.rf.ec30df4bbf4ae496ce1894987521006c.jpg,1,1,1.0,0.219,0.005,0.05,5.161,2.746,6.772,0.449,15.817
FireSmokeVideoNEW81_f74_jpg.rf.81372f8c38cf4dc71f4aaea4c80c4f07.jpg,1,1,0.9998,0.209,0.004,0.048,2.563,0.968,6.436,0.247,10.859
FireSmokeVideoNEW81_f93_jpg.rf.ad4fbc63a6dc74e3290ea7a3ec019188.jpg,1,1,1.0,0.207,0.004,0.055,2.692,0.972,6.469,0.233,11.086
FireSmokeVideoNEW82_f15_jpg.rf.e7dc2fa4db618aad84776dd955ef51bc.jpg,1,1,1.0,0.213,0.004,0.05,2.353,0.974,6.424,0.231,10.632
FireSmokeVideoNEW82_f19_jpg.rf.f89ed1457a061c51371208925b37eb5a.jpg,1,1,1.0,0.214,0.005,0.05,2.737,0.972,6.437,0.239,11.034
FireSmokeVideoNEW82_f34_jpg.rf.4dbf9c32786ae8ef9aef2aefc6c30abf.jpg,1,1,1.0,0.228,0.004,0.053,4.002,1.057,6.481,0.229,12.446
FireSmokeVideoNEW82_f53_jpg.rf.72fe99e96a5174851f2a3c7bf8f5b035.jpg,1,1,1.0,0.212,0.004,0.047,3.334,1.202,6.485,0.25,11.959
FireSmokeVideoNEW82_f5_jpg.rf.3c3f9d351bd2f08caf96dd839eb0be35.jpg,1,1,0.9999,0.204,0.004,0.048,5.125,5.422,8.6,0.386,20.372
FireSmokeVideoNEW82_f63_jpg.rf.c2b1dde739bef360dd7ed5bb170a3536.jpg,1,1,1.0,0.215,0.005,0.05,4.15,0.992,6.349,0.223,12.367
FireSmokeVideoNEW82_f6_jpg.rf.97cddea8b6f913186557f3cb6b06be31.jpg,1,1,0.9999,0.214,0.004,0.047,2.396,0.969,6.434,0.229,10.669
FireSmokeVideoNEW83_f79_jpg.rf.a635ec3ab697f0c8c37fc56fcb4a9d8e.jpg,1,1,1.0,0.218,0.006,0.049,7.685,2.567,9.291,0.239,20.564
FireSmokeVideoNEW83_f83_jpg.rf.7eb47aaaa2195f3b401f0534f4ab8c17.jpg,1,1,1.0,0.204,0.005,0.045,2.627,0.986,6.496,0.239,10.988
FireSmokeVideoNEW84_f11_jpg.rf.331db204725890d7841a0ba5804e1d51.jpg,1,1,1.0,0.208,0.005,0.047,2.242,1.054,6.457,0.227,10.612
FireSmokeVideoNEW84_f17_jpg.rf.f35283a94798dbd36e444f3d83fcc20c.jpg,1,1,1.0,0.208,0.004,0.048,2.241,0.962,6.413,0.234,10.492
FireSmokeVideoNEW84_f22_jpg.rf.57b54d823b56221442b406406ae6fda3.jpg,1,1,0.9996,0.205,0.004,0.052,2.798,0.968,6.439,0.236,11.084
FireSmokeVideoNEW84_f24_jpg.rf.c78709aba0fa619a1522f8a54b5eb33c.jpg,1,1,0.9514,0.21,0.005,0.048,2.819,0.922,6.653,0.294,11.34
FireSmokeVideoNEW84_f26_jpg.rf.903f11c42bfe14f9284c7893c731f7fc.jpg,1,1,1.0,0.2,0.004,0.047,3.916,1.086,6.811,0.34,12.874
FireSmokeVideoNEW84_f28_jpg.rf.4a605bea32b958e1f875dc9ae4787c2c.jpg,1,1,1.0,0.201,0.004,0.046,5.109,1.23,7.549,0.328,14.977
FireSmokeVideoNEW84_f30_jpg.rf.b1fa31c3b4b0231160d0fe95a8b2df48.jpg,1,1,1.0,0.209,0.005,0.05,4.488,2.936,6.522,0.238,14.836
FireSmokeVideoNEW84_f40_jpg.rf.99b1a8a40e68bb37b4bcd6210f807577.jpg,1,1,1.0,0.197,0.004,0.045,4.047,1.263,7.201,0.234,13.494
FireSmokeVideoNEW86_f21_jpg.rf.66bfdf3c31cf623a69833f84823419be.jpg,1,1,1.0,0.205,0.004,0.049,2.287,0.96,6.778,0.345,11.018
FireSmokeVideoNEW86_f44_jpg.rf.528671157dc0f3573a31e135eb5c960b.jpg,1,1,1.0,0.203,0.004,0.045,3.128,1.597,6.797,0.34,12.509
FireSmokeVideoNEW86_f59_jpg.rf.ec954c76bba3453c1e3fbed6b0e4126f.jpg,1,1,1.0,0.205,0.004,0.046,4.851,1.225,7.094,0.358,14.349
FireSmokeVideoNEW87_f15_jpg.rf.1df24b2694a7dcd8cdc18a92d098bff5.jpg,1,1,0.9972,0.196,0.004,0.045,6.346,5.875,9.603,0.298,22.919
FireSmokeVideoNEW87_f1_jpg.rf.9686a4eb8a357bcb8d6af17613d63b0b.jpg,1,1,0.995,0.219,0.004,0.055,5.05,1.074,7.3,0.343,14.457
FireSmokeVideoNEW8_f106_jpg.rf.0ada3dacd447a467782cec413e893cbd.jpg,1,1,1.0,0.206,0.005,0.046,2.721,2.551,14.139,0.267,21.023
FireSmokeVideoNEW8_f108_jpg.rf.3e1a309d0492fd214dd909126405217a.jpg,1,1,1.0,0.203,0.004,0.047,2.885,0.986,6.467,0.236,11.213
FireSmokeVideoNEW8_f114_jpg.rf.659a33156ff972aabe16784a1005087a.jpg,1,1,1.0,0.204,0.004,0.048,2.227,1.08,6.411,0.22,10.561
FireSmokeVideoNEW8_f123_jpg.rf.599b8235aadea7fc1ce0bb31909d7f19.jpg,1,1,1.0,0.204,0.005,0.048,3.013,1.025,6.409,0.221,11.324
FireSmokeVideoNEW8_f136_jpg.rf.4393095b0e129a87566a93dfcd0319b9.jpg,1,1,1.0,0.211,0.004,0.045,2.549,1.023,6.399,0.218,10.825
FireSmokeVideoNEW8_f13_jpg.rf.62679b6bf5d5334bc0142f60ef4f0eff.jpg,1,1,1.0,0.214,0.004,0.05,6.165,4.158,11.591,0.234,22.797
FireSmokeVideoNEW8_f15_jpg.rf.2c2fab259f891543bdd6f1a6e3574bd7.jpg,1,1,1.0,0.205,0.005,0.046,5.881,3.065,7.049,0.234,17.068
FireSmokeVideoNEW8_f34_jpg.rf.7412b450156c86fc3387c7c84eeceda0.jpg,1,1,1.0,0.323,0.007,0.059,5.082,3.487,6.579,0.226,16.284
FireSmokeVideoNEW8_f37_jpg.rf.dc011763a3b94f5a5e29aeb3ba4596a0.jpg,1,1,1.0,0.313,0.007,0.06,2.72,1.472,7.041,0.223,12.315
FireSmokeVideoNEW8_f41_jpg.rf.6de16dc442177d80361115c514c890b6.jpg,1,1,1.0,0.205,0.004,0.044,2.213,0.907,6.397,0.237,10.387
FireSmokeVideoNEW8_f81_jpg.rf.f56584d054d798df76424b80b3bfdd84.jpg,1,1,1.0,0.306,0.006,0.062,4.254,0.941,6.351,0.213,12.531
FireSmokeVideoNEW8_f88_jpg.rf.39192ee49f07e11498a78bff1aacc512.jpg,1,1,1.0,0.298,0.007,0.055,3.591,0.942,6.449,0.218,11.952
FireSmokeVideoNEW8_f91_jpg.rf.4392a67e91341fcfd786ecdcae1640a0.jpg,1,1,1.0,0.199,0.005,0.045,4.138,3.037,6.535,0.288,14.638
FireSmokeVideoNEW8_f97_jpg.rf.641d276457e76b7aecb1d4383a65b4a3.jpg,1,1,1.0,0.32,0.007,0.065,5.398,3.359,6.449,0.221,16.461
FireSmokeVideoNEW90_f17_jpg.rf.c8ccb79fa9c2c104c44cca93d5de21de.jpg,1,1,1.0,0.206,0.004,0.047,3.145,0.982,6.42,0.224,11.416
FireSmokeVideoNEW90_f19_jpg.rf.613de41d6647cd63a2b9fe063c105ce9.jpg,1,1,1.0,0.198,0.005,0.048,4.18,2.95,6.341,0.219,14.327
FireSmokeVideoNEW90_f27_jpg.rf.2c40784cb40c7c2cef427bbb81a7c391.jpg,1,1,0.9999,0.195,0.004,0.042,4.248,2.974,6.399,0.264,14.505
FireSmokeVideoNEW90_f6_jpg.rf.c10be0b48cd321d5a8a2a5dc3f553d3f.jpg,1,1,0.9999,0.292,0.004,0.048,4.5,2.963,6.395,0.217,14.875
FireSmokeVideoNEW93_f0_jpg.rf.ecd538ef73aa82fe82414b73f93480d0.jpg,1,1,0.9746,0.199,0.004,0.045,4.058,2.967,6.401,0.213,14.268
FireSmokeVideoNEW93_f16_jpg.rf.50e2056869bf72284714d466abcc3b71.jpg,1,1,0.65,0.283,0.005,0.051,5.65,3.65,12.003,0.226,22.283
FireSmokeVideoNEW93_f18_jpg.rf.4bc8731fed1d0bf7fd60efdcedb231c3.jpg,1,1,0.6433,0.201,0.004,0.049,3.942,0.815,10.786,0.333,16.563
FireSmokeVideoNEW93_f29_jpg.rf.c7408f86cfc41eb503e26760771051c0.jpg,1,1,0.9602,0.303,0.007,0.061,5.091,1.216,6.571,0.236,13.882
FireSmokeVideoNEW93_f30_jpg.rf.764d70fe8c4c3ae0ff9d8cf21ee12043.jpg,1,1,0.9957,0.205,0.004,0.046,2.498,0.909,6.414,0.236,10.692
FireSmokeVideoNEW93_f32_jpg.rf.cdd491ec773c398ae162b8b88947407c.jpg,1,1,0.9999,0.202,0.005,0.105,2.273,0.913,6.437,0.228,10.544
FireSmokeVideoNEW93_f35_jpg.rf.831bfa9e004cf24662687b26f9fc7bbc.jpg,1,1,0.9998,0.303,0.007,0.056,2.285,1.043,8.433,0.234,12.747
FireSmokeVideoNEW93_f37_jpg.rf.43b0fc2c5a8f5b9e415acf2eb0a44e8f.jpg,1,1,0.9999,0.193,0.004,0.042,2.376,0.977,6.455,0.23,10.653
FireSmokeVideoNEW93_f3_jpg.rf.74a94968f2fa218b63e4e3cc7c1237ed.jpg,1,1,0.7497,0.205,0.004,0.048,3.116,0.953,6.506,0.276,11.509
FireSmokeVideoNEW93_f45_jpg.rf.7bbe8f6ef0640bd95f084b3308535460.jpg,1,1,0.9998,0.227,0.005,0.052,5.648,5.249,9.951,0.379,22.034
FireSmokeVideoNEW93_f48_jpg.rf.68441a36977d0c1b506d13bb4bc73be3.jpg,1,1,0.9999,0.21,0.004,0.047,4.292,3.098,8.249,0.29,16.629
FireSmokeVideoNEW93_f4_jpg.rf.983a14d28244c467fc317111087e628f.jpg,1,1,0.6877,0.307,0.007,0.06,6.445,3.094,9.777,0.39,20.488
FireSmokeVideoNEW93_f55_jpg.rf.a2c30d3a32c20b99db2b4c3ac0b4297e.jpg,1,1,1.0,0.325,0.007,0.063,4.628,3.367,7.268,0.487,16.545
FireSmokeVideoNEW93_f5_jpg.rf.761ac75e0e1983c5da2f88ea0d3fc8de.jpg,1,1,0.9576,0.338,0.007,0.063,8.048,3.347,7.301,0.384,19.905
FireSmokeVideoNEW93_f67_jpg.rf.3a5cd480f12a38d7997e5fbc779cac82.jpg,1,1,0.998,0.931,0.009,0.074,4.603,3.21,6.675,0.538,16.441
FireSmokeVideoNEW93_f6_jpg.rf.26bfc3792d1663a194ceffc2c8742ee3.jpg,1,1,0.8406,0.199,0.004,0.044,7.31,3.755,7.245,0.253,19.386
FireSmokeVideoNEW93_f71_jpg.rf.4ccc78c6d53dfcac78d807fa7e564346.jpg,1,1,1.0,0.197,0.004,0.046,5.238,3.635,6.302,0.226,16.031
FireSmokeVideoNEW93_f73_jpg.rf.e4178d797313f2f5fbf1d60a9ec4becf.jpg,1,1,1.0,0.209,0.004,0.047,2.454,1.072,6.409,0.23,10.805
FireSmokeVideoNEW93_f75_jpg.rf.7e4dcddadd2cc56f63bd162c9e15f181.jpg,1,1,1.0,0.204,0.005,0.046,2.525,0.991,6.413,0.224,10.787
FireSmokeVideoNEW98_f3_jpg.rf.f7b81ad20d48fc774206f313091cb551.jpg,1,1,1.0,0.208,0.004,0.046,2.412,0.914,6.403,0.218,10.58
FireSmokeVideoNEW98_f5_jpg.rf.81e8bb5998c4a94c0bc81f47fe363e0f.jpg,1,1,0.9999,0.208,0.004,0.043,2.396,0.916,6.409,0.213,10.568
FireSmokeVideoNEW9_f11_jpg.rf.d5937d6ad8240f9ec038085c0ceb8116.jpg,1,1,0.9997,0.202,0.005,0.046,2.356,0.91,6.407,0.229,10.598
FireSmokeVideoNEW9_f18_jpg.rf.2987b1993f73055255ede2bb3de4c4c5.jpg,1,1,1.0,0.223,0.004,0.048,4.277,2.961,12.49,0.251,20.704
FireSmokeVideoNEW9_f20_jpg.rf.5af8728a36cbd1faa62b96370aff11b5.jpg,1,1,1.0,0.308,0.007,0.058,5.74,3.251,6.707,0.233,16.692
FireSmokeVideoNEW9_f22_jpg.rf.6335b077c393e21870b6c640818558e1.jpg,1,1,1.0,0.196,0.004,0.045,4.939,2.142,7.193,0.27,15.289
FireSmokeVideoNEW9_f26_jpg.rf.1df57b6fa3760b22e321f67fe0be8ef8.jpg,1,1,1.0,0.311,0.007,0.06,2.853,1.072,6.478,0.239,11.405
FireSmokeVideoNEW104_f0_jpg.rf.f38941ca7b50a50f4987ff402c110609.jpg,0,0,0.9971,0.203,0.004,0.044,4.61,1.171,6.485,0.233,13.146
FireSmokeVideoNEW104_f1_jpg.rf.63e1607e8da00040abe9170af6dc35cd.jpg,0,0,0.9998,0.204,0.005,0.047,5.033,1.068,6.498,0.238,13.501
FireSmokeVideoNEW104_f6_jpg.rf.1394a9059fb32e73077faeb60a5ba873.jpg,0,0,1.0,0.27,0.004,0.047,4.987,1.271,6.444,0.226,13.676
FireSmokeVideoNEW105_f1_jpg.rf.064a4c0288a48a850beea550023fdbc6.jpg,0,0,0.9997,0.208,0.004,0.046,6.881,6.71,12.656,0.243,27.275
FireSmokeVideoNEW105_f3_jpg.rf.11af0b8aa7e5a605a91b49b09e093199.jpg,0,0,1.0,0.199,0.005,0.045,8.735,1.489,7.527,0.347,18.893
FireSmokeVideoNEW107_f37_jpg.rf.cc8301bfc1e2fc3b2b79e44f0ac98929.jpg,0,0,0.9999,0.311,0.007,0.059,6.407,1.011,7.046,0.233,15.466
FireSmokeVideoNEW107_f41_jpg.rf.de58aa9a22208465e73ae05ac3193d98.jpg,0,0,0.9993,0.21,0.005,0.046,5.093,1.012,6.491,0.24,13.49
FireSmokeVideoNEW107_f43_jpg.rf.1f46ccd61ccc8ce83db35d711ecb4bea.jpg,0,0,1.0,0.38,0.004,0.046,5.633,1.04,6.569,0.248,14.316
FireSmokeVideoNEW107_f46_jpg.rf.556c3237893e435eaa208f88990e9ef1.jpg,0,0,1.0,0.299,0.006,0.056,7.106,3.054,6.535,0.236,17.682
FireSmokeVideoNEW107_f54_jpg.rf.4644d9c2b2c6d3fee105f2ef82fd4998.jpg,0,0,0.7476,0.204,0.004,0.098,7.217,4.888,6.47,0.245,19.535
FireSmokeVideoNEW107_f57_jpg.rf.fae2a73f41a575268f85d3111d7b2c92.jpg,0,1,0.5933,0.274,0.006,0.069,9.339,1.792,8.879,0.24,21.121
FireSmokeVideoNEW107_f59_jpg.rf.026bbe8626b5578d93329b2db4fa9402.jpg,0,0,0.4888,0.21,0.005,0.048,6.044,1.027,6.478,0.242,14.451
FireSmokeVideoNEW107_f64_jpg.rf.244f9975df3feacfa28ff036a6fafc53.jpg,0,1,0.5846,0.204,0.004,0.046,6.192,1.732,7.437,0.232,16.448
FireSmokeVideoNEW107_f67_jpg.rf.c49f54560d495c9598599c65ad340067.jpg,0,0,0.883,0.305,0.006,0.055,5.722,1.364,6.51,0.252,14.607
FireSmokeVideoNEW107_f72_jpg.rf.499f047f2f4b0bda75d65908e53370de.jpg,0,0,0.5975,0.308,0.007,0.111,6.355,1.131,6.556,0.246,15.11
FireSmokeVideoNEW107_f86_jpg.rf.777704182a6a80b6411e9aff725043d0.jpg,0,0,0.6202,0.214,0.005,0.049,4.906,1.101,6.495,0.241,13.395
FireSmokeVideoNEW108_f36_jpg.rf.dcefdeb0de8b64832e93a6b99de7289b.jpg,0,0,0.9865,0.208,0.004,0.047,5.566,1.151,6.424,0.239,14.032
FireSmokeVideoNEW109_f67_jpg.rf.57eaca20b02c349d304b37f08712ab9e.jpg,0,0,0.9477,0.223,0.005,0.05,8.769,5.37,11.356,0.355,26.531
FireSmokeVideoNEW10_f12_jpg.rf.2eae48f630c1c0193e2ef4cb4e6f4ff6.jpg,0,0,1.0,0.297,0.006,0.055,7.57,3.204,6.692,0.326,18.54
FireSmokeVideoNEW10_f14_jpg.rf.0cea4ec15ad93560e37aedc69c33eff3.jpg,0,0,1.0,0.268,0.005,0.05,8.825,3.393,6.464,0.239,19.69
FireSmokeVideoNEW10_f16_jpg.rf.31696eae6e003edea279b761b4390075.jpg,0,0,0.9959,0.201,0.004,0.044,5.216,1.012,6.816,0.34,14.038
FireSmokeVideoNEW10_f20_jpg.rf.4f1c66d77047ae6e5bad70288ada6868.jpg,0,0,0.9767,0.212,0.004,0.045,5.298,0.975,6.497,0.24,13.677
FireSmokeVideoNEW10_f9_jpg.rf.964fd783f3c44e3cf484cb44c5e7eb3a.jpg,0,0,1.0,0.199,0.004,0.044,5.111,0.984,6.358,0.228,13.326
FireSmokeVideoNEW110_f70_jpg.rf.7cb92ca6cc4d4ad99fac463a2e4b1f69.jpg,0,0,0.9987,0.198,0.004,0.045,4.938,1.807,7.157,0.226,14.9
FireSmokeVideoNEW110_f72_jpg.rf.942ec348686624217e65325d78ad6d79.jpg,0,0,0.9998,0.299,0.006,0.056,8.644,5.017,11.471,0.243,26.276
FireSmokeVideoNEW111_f61_jpg.rf.958fb3f1ca3de1a388d09ff31d3492cb.jpg,0,0,1.0,0.202,0.004,0.044,8.003,4.255,10.238,0.398,23.637
FireSmokeVideoNEW111_f63_jpg.rf.87908f4f677900101a4389b753e25d14.jpg,0,0,1.0,0.197,0.004,0.043,7.689,3.494,6.653,0.231,18.823
FireSmokeVideoNEW113_f0_jpg.rf.64ad130f3afce40d98d717526b192d24.jpg,0,0,0.9954,0.308,0.008,0.057,8.369,1.067,6.416,0.233,16.863
FireSmokeVideoNEW113_f14_jpg.rf.e80870bda9d84eb83bdd360a959ee02f.jpg,0,0,0.9885,0.265,0.004,0.045,4.885,0.987,6.423,0.218,13.234
FireSmokeVideoNEW113_f1_jpg.rf.e426bd569f3a8f2c8c073936261c666f.jpg,0,0,0.9956,0.199,0.005,0.044,4.866,0.986,6.428,0.228,13.16
FireSmokeVideoNEW113_f23_jpg.rf.deabb7e1e724b4345d1e7951e202ea44.jpg,0,0,0.9909,0.308,0.008,0.055,7.402,2.975,8.322,0.228,19.69
FireSmokeVideoNEW113_f34_jpg.rf.e84c48b0432893e05397860d769ff647.jpg,0,0,0.9998,0.211,0.005,0.043,8.824,2.993,9.913,0.242,22.713
FireSmokeVideoNEW113_f38_jpg.rf.d3f2132888b62bc6d7ad266bdb6ad6bc.jpg,0,0,0.9999,0.199,0.004,0.042,4.924,1.079,6.45,0.227,13.367
FireSmokeVideoNEW113_f3_jpg.rf.82bb90bd3d0267d8e6045820916cd565.jpg,0,0,0.9876,0.204,0.004,0.046,4.753,0.973,6.407,0.272,13.063
FireSmokeVideoNEW113_f41_jpg.rf.479a0376f42c153bc784faf91e059bf6.jpg,0,0,0.9994,0.206,0.004,0.042,5.027,1.228,6.284,0.227,13.424
FireSmokeVideoNEW113_f43_jpg.rf.c97f0efc50fc406abeef5751198b195d.jpg,0,0,0.9958,0.289,0.008,0.051,6.958,1.048,6.389,0.224,15.372
FireSmokeVideoNEW113_f47_jpg.rf.b7c82296e081c18e509ed765e11cf527.jpg,0,0,0.9996,0.192,0.004,0.045,5.003,0.977,6.373,0.263,13.254
FireSmokeVideoNEW113_f49_jpg.rf.e97df0162836b03c72aae5d219f19846.jpg,0,1,0.9997,0.193,0.005,0.048,10.638,1.277,10.061,0.268,23.011
FireSmokeVideoNEW113_f50_jpg.rf.af1411ee4d7f972917db27496a3d28c6.jpg,0,1,0.9995,0.302,0.007,0.056,8.33,4.734,12.05,0.248,26.308
FireSmokeVideoNEW113_f57_jpg.rf.367d116711c51593db8d52d878bcd9cf.jpg,0,1,0.9998,0.3,0.006,0.055,9.211,1.039,6.878,0.346,18.263
FireSmokeVideoNEW113_f5_jpg.rf.56e7a8fe3f1996fa4f5b425d869ef58c.jpg,0,0,0.9972,0.316,0.006,0.059,8.668,1.279,6.441,0.253,17.822
FireSmokeVideoNEW114_f1_jpg.rf.cf044e592fb83b50e048cce22f4e9e6a.jpg,0,0,1.0,0.32,0.008,0.061,8.412,0.994,9.464,0.243,19.905
FireSmokeVideoNEW114_f23_jpg.rf.3366618b5cd0b38698a5549e35f37769.jpg,0,0,1.0,0.199,0.004,0.046,5.708,1.159,6.698,0.324,14.54
FireSmokeVideoNEW114_f33_jpg.rf.438eae9e97228cbe711b15eed9716f40.jpg,0,0,1.0,0.314,0.006,0.057,7.018,1.139,6.413,0.281,15.636
FireSmokeVideoNEW114_f52_jpg.rf.3ef8a0e9a642bcee584f57e450499ee9.jpg,0,0,0.9997,0.341,0.007,0.06,9.384,4.534,7.413,0.349,22.945
FireSmokeVideoNEW114_f63_jpg.rf.0018c16b62a065ab98bbae501ef249d1.jpg,0,0,0.9942,0.312,0.006,0.06,6.368,1.078,6.412,0.233,14.872
FireSmokeVideoNEW114_f78_jpg.rf.60c9ec22b30b533e55007538edd2cd0a.jpg,0,0,1.0,0.2,0.004,0.045,5.14,0.995,6.451,0.22,13.462
FireSmokeVideoNEW123_f86_jpg.rf.99d60f8b84aaf644e4ab3eb9004e6457.jpg,0,0,0.9956,0.304,0.006,0.056,5.133,1.49,6.413,0.219,14.036
FireSmokeVideoNEW131_f29_jpg.rf.a3a4ab64b1971b295c5093754ce6f3eb.jpg,0,0,0.9997,0.199,0.004,0.043,4.623,0.992,6.397,0.234,12.891
FireSmokeVideoNEW133_f0_jpg.rf.18731e698dcb15c89fe9d9a7fa357187.jpg,0,0,0.7291,0.308,0.006,0.054,5.598,1.037,6.378,0.225,14.008
FireSmokeVideoNEW133_f14_jpg.rf.c0ef040277238c405f94c45269640413.jpg,0,0,1.0,0.204,0.005,0.044,5.242,1.064,8.181,0.233,15.371
FireSmokeVideoNEW133_f16_jpg.rf.675b515ca2741a0eab5600d3b6b8ec37.jpg,0,0,1.0,0.296,0.006,0.051,5.973,2.886,6.621,0.255,16.494
FireSmokeVideoNEW133_f1_jpg.rf.e08148c34f177fdfc0855076800bfcc2.jpg,0,0,0.8276,0.315,0.007,0.058,6.238,1.805,6.552,0.241,15.62
FireSmokeVideoNEW133_f21_jpg.rf.89cf1761a3a8f737819224e48be710eb.jpg,0,0,1.0,0.306,0.007,0.055,5.702,1.0,6.421,0.242,14.146
FireSmokeVideoNEW133_f24_jpg.rf.7a96dbf3abbf336117a803fd29880d72.jpg,0,0,1.0,0.306,0.007,0.058,5.965,1.0,6.441,0.235,14.48
FireSmokeVideoNEW133_f26_jpg.rf.4c8adf184421836917a99f3244a2e8b1.jpg,0,0,1.0,0.305,0.007,0.053,5.318,1.62,6.42,0.231,14.354
FireSmokeVideoNEW133_f28_jpg.rf.9be526a6cd44573e70c5e324f97f07e8.jpg,0,0,1.0,0.295,0.007,0.054,5.387,1.03,6.392,0.22,13.788
FireSmokeVideoNEW133_f30_jpg.rf.7a61a8452694df4e1b8eb7f76edd6206.jpg,0,0,1.0,0.203,0.004,0.043,6.45,3.068,6.49,0.238,16.889
FireSmokeVideoNEW133_f35_jpg.rf.32a41bc0e615129339748a31e63c31b8.jpg,0,0,1.0,0.204,0.005,0.046,6.733,3.315,6.233,0.242,17.162
FireSmokeVideoNEW133_f45_jpg.rf.bf0fa4a99b1351103ce59df4271296f6.jpg,0,0,0.9975,0.277,0.006,0.072,12.865,4.108,7.48,0.355,25.711
FireSmokeVideoNEW133_f47_jpg.rf.7e6771aa04cd95731ed20a2a0887b600.jpg,0,0,0.7711,0.198,0.004,0.045,5.275,1.092,7.732,0.385,15.147
FireSmokeVideoNEW133_f52_jpg.rf.a9287d410aca47cb65187bb40b99489f.jpg,0,0,0.9402,0.332,0.009,0.057,8.303,1.098,6.452,0.251,16.914
FireSmokeVideoNEW133_f54_jpg.rf.de6a5526bf8e4c304c24aa01a61a0691.jpg,0,0,0.949,0.2,0.005,0.045,5.158,1.138,6.417,0.239,13.606
FireSmokeVideoNEW133_f60_jpg.rf.a1a3fc738a9ffd65b6bd91b2d4a2a7ba.jpg,0,0,0.8675,0.199,0.004,0.045,4.656,1.009,6.483,0.248,13.044
FireSmokeVideoNEW133_f65_jpg.rf.19a6259c062255ee2fcaf9ce8237cdc9.jpg,0,0,0.9893,0.322,0.007,0.056,4.914,1.391,6.482,0.242,13.817
FireSmokeVideoNEW133_f6_jpg.rf.3bb32108cb527deecf2ba02db67d7158.jpg,0,0,1.0,0.202,0.004,0.045,4.846,0.993,6.402,0.228,13.158
FireSmokeVideoNEW133_f72_jpg.rf.edcd60e5a9d9d28d5802a50f156aa91a.jpg,0,0,0.9927,0.211,0.004,0.046,5.791,1.076,6.547,0.268,14.342
FireSmokeVideoNEW133_f75_jpg.rf.44d394c4ee044f0263703d04c2017319.jpg,0,0,0.9997,0.202,0.005,0.044,8.084,4.504,6.271,0.238,19.747
FireSmokeVideoNEW138_f24_jpg.rf.e7dac7d8bba04efdaf96bbedbfb0c17c.jpg,0,0,1.0,0.2,0.004,0.045,5.932,1.07,6.47,0.265,14.393
FireSmokeVideoNEW138_f3_jpg.rf.e59cf2df641ee8f4a4b7a8486a277817.jpg,0,0,0.9832,0.208,0.005,0.046,5.143,0.986,6.418,0.265,13.465
FireSmokeVideoNEW138_f50_jpg.rf.0ed3e238da95d17eddb4a56c8239722d.jpg,0,0,0.4645,0.212,0.004,0.046,6.202,1.126,7.584,0.608,16.33
FireSmokeVideoNEW138_f55_jpg.rf.8692714e7ca4fce394cbde4c9b0768f4.jpg,0,0,0.9856,0.203,0.005,0.043,4.843,1.076,6.428,0.264,13.251
FireSmokeVideoNEW138_f57_jpg.rf.2340c76a46752bec89de2c8dfe4e182e.jpg,0,1,0.567,0.212,0.004,0.048,5.106,0.999,6.474,0.235,13.506
FireSmokeVideoNEW138_f66_jpg.rf.217b9cf06ce30964ef36b6378b0d8f09.jpg,0,0,0.9962,0.205,0.005,0.045,4.462,0.995,6.453,0.228,12.779
FireSmokeVideoNEW138_f72_jpg.rf.7992a3ca30811d3fbefd37f1c8c0e236.jpg,0,1,0.6234,0.208,0.005,0.046,6.319,3.02,8.666,0.327,18.985
FireSmokeVideoNEW138_f87_jpg.rf.a1a1d0b32449cfbe2da04181bf56f099.jpg,0,1,0.8917,0.337,0.007,0.065,6.751,1.161,10.897,0.305,19.913
FireSmokeVideoNEW138_f89_jpg.rf.39f1903062709d554e614773c128ec01.jpg,0,1,0.9727,0.2,0.004,0.046,4.539,1.025,6.308,0.242,12.785
FireSmokeVideoNEW138_f98_jpg.rf.3d89dba42d1d2087cd0d1067f86dc0a4.jpg,0,1,0.9684,0.315,0.006,0.06,7.011,1.385,6.512,0.242,15.933
FireSmokeVideoNEW139_f11_jpg.rf.4f1394a2391bb7f8b23547e415daccca.jpg,0,0,0.9253,0.217,0.004,0.05,5.204,1.092,6.484,0.24,13.687
FireSmokeVideoNEW139_f13_jpg.rf.2c6a24cf2aba98120ffbbdf73ec65122.jpg,0,0,0.9999,0.221,0.005,0.049,5.039,1.147,6.301,0.226,13.362
FireSmokeVideoNEW139_f15_jpg.rf.52c4affd03ce1856f9ba11cd0f50363c.jpg,0,0,0.9998,0.207,0.005,0.046,4.873,1.075,6.414,0.233,13.285
FireSmokeVideoNEW139_f7_jpg.rf.4622bbeb672b9d0f658de7b4a192bc27.jpg,0,0,0.9997,0.21,0.004,0.046,6.63,5.952,7.075,0.425,20.864
FireSmokeVideoNEW139_f9_jpg.rf.a2676f6df6e7eb7729031d2e2dad0ca3.jpg,0,0,0.9074,0.211,0.004,0.049,7.432,2.576,9.024,0.451,20.165
FireSmokeVideoNEW141_f11_jpg.rf.73cf5a40761c0014fbd5c35ebf83aa45.jpg,0,0,1.0,0.203,0.005,0.047,5.27,1.371,6.483,0.237,14.017
FireSmokeVideoNEW141_f22_jpg.rf.d85fd254cfa43d224ad1b669783fd679.jpg,0,0,1.0,0.209,0.004,0.045,5.063,1.028,6.479,0.239,13.461
FireSmokeVideoNEW141_f26_jpg.rf.283da917093a70ddfef4070c0df63819.jpg,0,0,1.0,0.206,0.004,0.046,5.198,1.482,6.413,0.263,14.006
FireSmokeVideoNEW141_f35_jpg.rf.fb7bf34a7cb1271f578cf69f6eaf4b46.jpg,0,0,1.0,0.201,0.004,0.046,5.18,1.034,6.492,0.241,13.598
FireSmokeVideoNEW141_f44_jpg.rf.7588a5674fa796e2bf93928970dd5a6c.jpg,0,0,1.0,0.204,0.004,0.043,5.102,1.078,6.393,0.225,13.447
FireSmokeVideoNEW141_f54_jpg.rf.376afc4c31715655b5a25d8e89fb9cc9.jpg,0,0,1.0,0.199,0.004,0.045,5.1,1.12,6.403,0.222,13.492
FireSmokeVideoNEW145_f12_jpg.rf.bfa6ecea511c415c863544a108f25b2b.jpg,0,1,0.9258,0.205,0.004,0.048,5.093,1.726,6.628,0.265,14.378
FireSmokeVideoNEW145_f15_jpg.rf.01ed9bc8697dfaa658637d4bdcdb465e.jpg,0,1,0.9867,0.21,0.005,0.047,6.269,5.666,12.46,0.261,25.316
FireSmokeVideoNEW145_f17_jpg.rf.8ad859dfeb2dacc154aa7be5cd18db9a.jpg,0,1,0.6798,0.201,0.005,0.044,4.938,0.998,6.494,0.229,13.308
FireSmokeVideoNEW145_f2_jpg.rf.7d67296bc581f3d543d39070f67d5e5b.jpg,0,1,0.695,0.204,0.005,0.046,4.878,0.985,6.301,0.224,13.07
FireSmokeVideoNEW145_f4_jpg.rf.dd0fb19773528e50b2d252c0ae1821a1.jpg,0,0,0.671,0.204,0.005,0.045,4.622,1.004,6.434,0.219,12.929
FireSmokeVideoNEW145_f70_jpg.rf.35967a4f68971ca1a880debf6cc05479.jpg,0,0,0.9558,0.201,0.005,0.042,4.68,1.255,6.471,0.223,13.266
FireSmokeVideoNEW146_f102_jpg.rf.d492f5de6048aee20c269b9489b62550.jpg,0,0,0.9621,0.201,0.005,0.042,4.564,1.002,6.399,0.215,12.853
FireSmokeVideoNEW146_f104_jpg.rf.bb75589e20c57f1dac406a679b2c4c34.jpg,0,0,0.9365,0.205,0.004,0.043,4.553,1.721,6.404,0.222,13.549
FireSmokeVideoNEW14_f31_jpg.rf.a6bd074c897424b345df3c0d80c8472a.jpg,0,0,0.9998,0.209,0.005,0.043,9.017,5.872,12.545,0.477,29.312
FireSmokeVideoNEW14_f34_jpg.rf.b7d71699bd96b5f195ff31eed9af64b9.jpg,0,0,0.9606,0.203,0.005,0.045,6.769,1.0,7.175,0.328,15.93
FireSmokeVideoNEW14_f48_jpg.rf.615cbe65e58c980a44db492e4adba02b.jpg,0,0,0.9997,0.203,0.004,0.045,4.631,0.995,6.433,0.247,13.011
FireSmokeVideoNEW14_f50_jpg.rf.8c05edbf34c262f9609f1aefcb3e784b.jpg,0,0,0.9994,0.2,0.004,0.044,5.582,1.07,6.47,0.236,14.011
FireSmokeVideoNEW14_f52_jpg.rf.040fbb53952c8cf3eb05257d5d59ffb2.jpg,0,0,0.9978,0.208,0.005,0.046,4.653,0.984,6.913,0.228,13.442
FireSmokeVideoNEW14_f54_jpg.rf.284fdffd467ae8226f2514f39a0f03a8.jpg,0,0,0.9999,0.2,0.004,0.044,4.894,0.997,6.456,0.23,13.215
FireSmokeVideoNEW14_f56_jpg.rf.805f1c6f0d731bc267bcb78f5dd8613c.jpg,0,0,0.9998,0.206,0.005,0.047,4.84,1.011,6.41,0.218,13.126
FireSmokeVideoNEW14_f58_jpg.rf.5255e436aa76a3c0a514d23752f4aecc.jpg,0,0,0.9836,0.249,0.004,0.046,4.54,7.021,7.583,0.499,20.413
FireSmokeVideoNEW14_f70_jpg.rf.aebdcbd5a96886fd2b263e6c38a28f54.jpg,0,1,0.7951,0.212,0.004,0.046,8.602,3.301,12.212,0.397,25.177
FireSmokeVideoNEW14_f80_jpg.rf.d8f9bed0c2a0c2ccd8de093597e2cfb2.jpg,0,1,0.5641,0.318,0.007,0.061,8.163,1.302,7.193,0.239,17.874
FireSmokeVideoNEW152_f12_jpg.rf.bbbe1b5b3c91e3c832a521e8ad2a8981.jpg,0,0,0.9998,0.332,0.006,0.063,5.406,1.07,6.542,0.265,14.138
FireSmokeVideoNEW152_f23_jpg.rf.83dd2175450efa7a2b61106b515ca317.jpg,0,0,0.9995,0.386,0.007,0.06,8.669,1.375,6.904,0.241,18.147
FireSmokeVideoNEW152_f2_jpg.rf.0fa1d92f8ce6d7d0ef48c78928e91796.jpg,0,0,0.9399,0.458,0.007,0.067,7.301,1.151,9.452,0.409,19.286
FireSmokeVideoNEW157_f48_jpg.rf.dc8ccdfd4e9375142054cff7d0ba0165.jpg,0,0,1.0,0.206,0.004,0.044,7.113,3.11,6.514,0.264,17.677
FireSmokeVideoNEW157_f68_jpg.rf.07fb0c009d78412ac43bcc20d211eba0.jpg,0,0,1.0,0.21,0.005,0.044,8.446,4.563,9.957,0.35,24.083
FireSmokeVideoNEW159_f28_jpg.rf.45115b0ae08dc6a6022b39f7487df2fc.jpg,0,0,1.0,0.205,0.005,0.044,7.796,2.147,6.941,0.363,17.994
FireSmokeVideoNEW159_f36_jpg.rf.e0c399bd3b6f812595c1d839d6f4495a.jpg,0,0,1.0,0.22,0.005,0.049,5.27,1.177,6.465,0.282,13.866
FireSmokeVideoNEW160_f132_jpg.rf.7ce27c0b807a035415178554ae865455.jpg,0,0,0.9952,0.202,0.004,0.044,5.911,1.006,6.488,0.238,14.294
FireSmokeVideoNEW160_f179_jpg.rf.f8bca75f291b224cb3a0368e85ea206a.jpg,0,1,0.9994,0.314,0.008,0.061,5.437,1.109,6.5,0.24,14.067
FireSmokeVideoNEW160_f182_jpg.rf.5ad244f4a2004bd04f80d7b88edc7b37.jpg,0,1,0.9989,0.21,0.004,0.045,7.68,3.226,6.483,0.238,18.282
FireSmokeVideoNEW167_f25_jpg.rf.66ae7015edf696c31788066c37815460.jpg,0,0,1.0,0.201,0.004,0.047,7.595,1.087,6.469,0.239,16.037
FireSmokeVideoNEW168_f32_jpg.rf.9bf96271f38fc77d55c61d5030a59ad0.jpg,0,0,0.9995,0.211,0.005,0.045,8.702,5.325,15.194,0.282,30.641
FireSmokeVideoNEW168_f35_jpg.rf.344f9a485501035ee6f2ad4a8aee5fda.jpg,0,0,0.8864,0.207,0.005,0.044,6.908,1.156,6.757,0.235,15.711
FireSmokeVideoNEW173_f1_jpg.rf.b8d91ed334fc3865091a43a6a1d74364.jpg,0,0,0.6527,0.215,0.004,0.046,5.314,1.483,6.45,0.23,14.129
FireSmokeVideoNEW174_f14_jpg.rf.20fa8cef6b13cc5e437e36ea2ecc8c0d.jpg,0,0,1.0,0.27,0.004,0.05,5.306,1.078,6.429,0.246,13.774
FireSmokeVideoNEW174_f21_jpg.rf.1e32dfe88e5b1e1315c5b3c44b55da60.jpg,0,0,0.9993,0.208,0.005,0.046,5.691,1.12,6.44,0.228,14.141
FireSmokeVideoNEW174_f27_jpg.rf.16ff80f4c7864c40c3bdd663830a83af.jpg,0,0,0.9986,0.21,0.004,0.047,4.983,1.125,6.494,0.232,13.499
FireSmokeVideoNEW174_f3_jpg.rf.2bc73bc5168eef2ac8d65f93c8588cee.jpg,0,0,1.0,0.208,0.004,0.047,5.113,1.159,6.505,0.233,13.655
FireSmokeVideoNEW174_f9_jpg.rf.ce3e731b6125e7839516f998ba5fd615.jpg,0,0,1.0,0.224,0.005,0.051,9.253,5.101,14.401,0.426,30.368
FireSmokeVideoNEW175_f1_jpg.rf.b7755e6ebe9f220eda9f33dafd398efd.jpg,0,0,1.0,0.26,0.004,0.099,5.572,1.155,6.383,0.288,14.156
FireSmokeVideoNEW181_f246_jpg.rf.c4e8f0606306cf812ead99d7317a3dac.jpg,0,0,0.9996,0.272,0.005,0.049,4.91,1.108,6.465,0.237,13.433
FireSmokeVideoNEW181_f3_jpg.rf.564525a050a1471684d3e0dce6b12093.jpg,0,0,0.9975,0.211,0.004,0.097,5.218,1.092,6.442,0.232,13.674
FireSmokeVideoNEW181_f5_jpg.rf.4f32f5e7b553b2046f9ea1c3710aa953.jpg,0,0,0.999,0.217,0.004,0.05,5.413,1.074,6.522,0.24,13.916
FireSmokeVideoNEW181_f8_jpg.rf.d4f8544e21508a6a376c9eed7b3fd1c4.jpg,0,0,0.9846,0.393,0.008,0.618,7.377,5.902,6.524,0.234,21.45
FireSmokeVideoNEW185_f103_jpg.rf.834fd34179153dc3cf5b3376c931bd02.jpg,0,0,0.7023,0.202,0.004,0.048,5.115,1.078,6.482,0.232,13.555
FireSmokeVideoNEW185_f105_jpg.rf.5c53bd00784e65125825c0ae9e72866e.jpg,0,0,0.9803,0.201,0.005,0.044,6.301,5.327,7.085,0.393,19.866
FireSmokeVideoNEW185_f11_jpg.rf.7fe150b7626c710cda79dce605f3a053.jpg,0,0,1.0,0.236,0.005,0.05,8.344,4.557,13.872,0.414,28.014
FireSmokeVideoNEW185_f13_jpg.rf.a9a77212e1e05b2bed7914de92edebf4.jpg,0,0,1.0,0.201,0.004,0.045,8.698,1.165,6.719,0.855,18.451
FireSmokeVideoNEW185_f142_jpg.rf.8a2f2852b31e3f1ec77473138afa5b07.jpg,0,1,0.6063,0.328,0.007,0.058,9.01,1.365,7.525,0.669,19.498
FireSmokeVideoNEW185_f154_jpg.rf.6b8964700ae914f8770debcf03f1fa96.jpg,0,0,0.9999,0.314,0.007,0.058,8.2,1.209,6.432,0.241,16.85
FireSmokeVideoNEW185_f16_jpg.rf.9a7a2c17026407b6f8ae3721f463bea0.jpg,0,0,0.9999,0.218,0.004,0.048,5.293,1.166,6.534,0.243,13.89
FireSmokeVideoNEW185_f18_jpg.rf.d7340a22f5b42d1f5daf3df0dd737ed7.jpg,0,0,0.9911,0.222,0.005,0.048,5.048,1.067,8.252,0.259,15.285
FireSmokeVideoNEW185_f1_jpg.rf.9cbb22bfee650e45eb5c993c0ec604f0.jpg,0,0,1.0,0.308,0.007,0.054,9.231,5.967,11.323,0.299,27.751
FireSmokeVideoNEW185_f21_jpg.rf.97e9aaef5e151b6c1d8a47b5a39a3851.jpg,0,0,0.9976,0.204,0.004,0.044,5.231,1.044,8.302,0.24,15.471
FireSmokeVideoNEW185_f26_jpg.rf.74bb295ea9c3a4d2a445209c908d149c.jpg,0,0,0.9976,0.2,0.004,0.047,5.386,1.061,6.438,0.222,13.75
FireSmokeVideoNEW185_f28_jpg.rf.94c9d63f5a41228899bb4b27af54e6e6.jpg,0,0,0.9995,0.197,0.005,0.043,5.067,1.049,8.231,0.269,15.257
FireSmokeVideoNEW185_f2_jpg.rf.1be8f603fac11632f8289730c2ea3981.jpg,0,0,1.0,0.194,0.004,0.041,5.378,1.041,6.404,0.224,13.699
FireSmokeVideoNEW185_f31_jpg.rf.20d3ef9f5f7aed09171c587cf787efa3.jpg,0,0,0.9999,0.299,0.007,0.05,5.622,1.046,6.402,0.222,14.043
FireSmokeVideoNEW185_f33_jpg.rf.13bba24c675c337eb4e0d75ed2c6d59a.jpg,0,0,0.9999,0.202,0.004,0.046,5.684,1.03,6.37,0.223,13.946
FireSmokeVideoNEW185_f37_jpg.rf.90b11c519e691fa641a221142e94b8e3.jpg,0,0,1.0,0.314,0.007,0.058,8.617,5.996,14.283,0.297,29.992
FireSmokeVideoNEW185_f39_jpg.rf.d40e85b937efa6ae5a731011f726d833.jpg,0,0,1.0,0.23,0.004,0.047,6.592,1.024,6.457,0.237,15.03
FireSmokeVideoNEW185_f41_jpg.rf.c976d09d85b00bcd5fae293ba78953cb.jpg,0,0,1.0,0.201,0.004,0.045,4.626,0.999,6.518,0.24,13.028
FireSmokeVideoNEW185_f43_jpg.rf.cf5abe863cf4e9707e6b343d59e4f211.jpg,0,0,1.0,0.203,0.004,0.044,5.789,1.056,6.493,0.24,14.237
FireSmokeVideoNEW185_f48_jpg.rf.40a7592afc13dbb433f59655b660a51e.jpg,0,0,0.9998,0.393,0.009,0.091,8.742,1.563,6.487,0.286,17.973
FireSmokeVideoNEW185_f4_jpg.rf.840d0b8991f52e6353634a923cce911a.jpg,0,0,1.0,0.203,0.005,0.047,5.682,1.009,6.534,0.243,14.131
FireSmokeVideoNEW185_f54_jpg.rf.02217b94b12dcd2c1361d24b46a8edd9.jpg,0,0,0.997,0.204,0.004,0.048,5.734,0.986,10.545,0.436,18.361
FireSmokeVideoNEW185_f56_jpg.rf.818e136234c271902dcf37c554407e5b.jpg,0,0,0.9985,0.226,0.005,0.045,8.845,3.881,12.374,0.396,26.295
FireSmokeVideoNEW185_f5_jpg.rf.849447cd7f762cbb18e9edb719adfc56.jpg,0,0,1.0,0.242,0.004,0.046,5.925,1.231,8.44,0.236,16.526
FireSmokeVideoNEW185_f61_jpg.rf.9f26d8404eeb7cddb424f5cdb9a2dea9.jpg,0,0,0.6677,0.2,0.004,0.047,7.603,1.457,7.427,0.347,17.622
FireSmokeVideoNEW185_f63_jpg.rf.6e576502749efe6813e66694c6ac96d9.jpg,0,0,0.7616,0.198,0.004,0.044,5.185,1.293,6.484,0.264,13.877
FireSmokeVideoNEW185_f69_jpg.rf.db6c2e969febf2a815391951068bae2c.jpg,0,0,1.0,0.331,0.007,0.062,5.834,1.013,6.423,0.231,14.293
FireSmokeVideoNEW185_f70_jpg.rf.e28c7f6fead896c59c1a05d3dadf15e5.jpg,0,0,0.9999,0.312,0.007,0.052,5.734,1.182,6.469,0.284,14.445
FireSmokeVideoNEW185_f74_jpg.rf.a3cbb5e5ef37719d9abc8ed9cb13f10e.jpg,0,0,1.0,0.201,0.005,0.046,7.087,3.293,6.507,0.239,17.766
FireSmokeVideoNEW185_f76_jpg.rf.eff6abee6c5232efbeb0ffaa184ebb6d.jpg,0,0,1.0,0.203,0.004,0.046,7.098,5.351,12.469,0.391,26.323
FireSmokeVideoNEW185_f78_jpg.rf.8411f59f4794e43dea8fee3fd7e0be8f.jpg,0,0,1.0,0.206,0.004,0.047,5.754,1.406,6.485,0.226,14.58
FireSmokeVideoNEW185_f7_jpg.rf.52c412132fe5907b6a5e187fc8693d93.jpg,0,0,0.9999,0.197,0.004,0.045,6.014,0.983,8.338,0.24,16.219
FireSmokeVideoNEW185_f8_jpg.rf.b2f174a46bc664e05b2a000b1a539f0a.jpg,0,0,0.9999,0.209,0.004,0.074,4.876,1.267,6.389,0.23,13.448
FireSmokeVideoNEW186_f1_jpg.rf.9eaf3486dd5de321c58c13a8f3c0e10e.jpg,0,0,0.9652,0.201,0.004,0.047,5.746,0.987,6.475,0.239,14.094
FireSmokeVideoNEW186_f24_jpg.rf.35cb6036992c48df2555bef2057f0b53.jpg,0,0,0.7601,0.212,0.004,0.047,7.821,4.272,10.207,0.415,23.478
FireSmokeVideoNEW186_f3_jpg.rf.58728cf59ceb522c51dd6157ad6944bf.jpg,0,0,0.9089,0.202,0.004,0.045,7.135,1.292,7.149,0.366,16.6
FireSmokeVideoNEW188_f53_jpg.rf.082a762c0e4cc9b0018de58486f89da2.jpg,0,0,1.0,0.222,0.005,0.047,8.476,6.245,7.729,0.238,23.361
FireSmokeVideoNEW191_f14_jpg.rf.8c0274a87d76e49504ea99085c3adcaa.jpg,0,1,0.5638,0.199,0.004,0.045,5.946,1.064,6.87,0.337,14.869
FireSmokeVideoNEW191_f17_jpg.rf.0b561906a11a7cb3708f59b9e5ea5285.jpg,0,1,0.6932,0.208,0.004,0.047,5.34,1.078,6.473,0.236,13.818
FireSmokeVideoNEW191_f3_jpg.rf.199e7b7c54089ad40dc08b6206796865.jpg,0,0,0.4117,0.201,0.004,0.045,5.033,1.059,6.346,0.231,13.317
FireSmokeVideoNEW191_f6_jpg.rf.c733105e5332e503fe2f91c9d2b0df7d.jpg,0,1,0.6146,0.229,0.004,0.046,4.887,1.077,6.447,0.224,13.311
FireSmokeVideoNEW193_f26_jpg.rf.810d17c9c2f0c19d3f82366a4641bffa.jpg,0,0,0.999,0.205,0.004,0.044,5.297,1.058,6.452,0.235,13.691
FireSmokeVideoNEW193_f33_jpg.rf.9bd762994b1e0d1fa6d8fa924ced4d72.jpg,0,0,0.9996,0.218,0.005,0.05,4.938,1.1,11.963,0.273,18.943
FireSmokeVideoNEW193_f37_jpg.rf.8351a8e46e2527901b0116eea4a67888.jpg,0,0,0.9992,0.282,0.004,0.049,7.836,6.357,12.251,0.258,27.713
FireSmokeVideoNEW194_f0_jpg.rf.bedc3bcac81b79f6421a12b83ca8292e.jpg,0,0,0.9922,0.206,0.004,0.046,6.01,1.173,9.525,0.25,17.742
FireSmokeVideoNEW194_f11_jpg.rf.77f39c6b40eab453b277d95cf5de303e.jpg,0,0,0.9999,0.196,0.005,0.046,4.835,1.05,6.465,0.25,13.285
FireSmokeVideoNEW194_f13_jpg.rf.1a936489c44dd3ea6a426232555f6385.jpg,0,0,1.0,0.202,0.004,0.044,4.487,1.483,6.397,0.223,13.267
FireSmokeVideoNEW194_f15_jpg.rf.958cda76fca7843a088129f35293e6bc.jpg,0,0,1.0,0.205,0.005,0.046,4.872,1.098,6.42,0.231,13.298
FireSmokeVideoNEW194_f17_jpg.rf.0af509bf3c4051407e9a2c323d36552d.jpg,0,0,1.0,0.201,0.004,0.047,5.19,1.844,6.408,0.25,14.336
FireSmokeVideoNEW194_f19_jpg.rf.0eaecfa3ade01642b349fa1fac2243d3.jpg,0,0,1.0,0.202,0.005,0.045,4.421,1.264,6.404,0.23,12.96
FireSmokeVideoNEW194_f20_jpg.rf.9c8d54f92010beefbf37f4971a0512d5.jpg,0,0,1.0,0.201,0.005,0.044,4.452,2.174,6.454,0.244,13.951
FireSmokeVideoNEW194_f22_jpg.rf.568fae5d24e9c604657b4e0b3210f521.jpg,0,0,0.9996,0.211,0.004,0.046,8.791,5.064,6.557,0.256,21.314
FireSmokeVideoNEW194_f24_jpg.rf.715ef729ffb473d071e4f4636696c5ea.jpg,0,0,0.6729,0.206,0.004,0.044,7.245,1.194,7.74,0.354,17.297
FireSmokeVideoNEW194_f26_jpg.rf.07bffcdf632b597c877b6ebb07f7f903.jpg,0,0,0.9667,0.203,0.005,0.046,5.147,1.008,6.408,0.224,13.492
FireSmokeVideoNEW194_f28_jpg.rf.ad2eb6b3914b59cd334e04ddba2c9585.jpg,0,0,0.9955,0.199,0.004,0.047,4.536,1.037,6.523,0.235,12.969
FireSmokeVideoNEW194_f4_jpg.rf.33a7f5de9a08037605f3061fd9289762.jpg,0,0,0.9998,0.262,0.004,0.05,4.67,1.048,6.432,0.243,13.102
FireSmokeVideoNEW194_f6_jpg.rf.8cca41d45e1b9d48be4b6e39b449b550.jpg,0,0,0.9998,0.219,0.005,0.048,4.921,1.069,6.471,0.225,13.353
FireSmokeVideoNEW194_f8_jpg.rf.1c8751d3993e5ef2ea8196810f6d337c.jpg,0,0,0.9976,0.215,0.004,0.047,6.427,1.28,6.565,0.255,15.188
FireSmokeVideoNEW198_f0_jpg.rf.a197c8cac401e59c22192d1555beb0e3.jpg,0,0,1.0,0.212,0.005,0.049,8.235,3.277,9.357,0.248,21.785
FireSmokeVideoNEW198_f21_jpg.rf.a2b8b5d44e8d06e56049adcccab34051.jpg,0,0,0.9999,0.231,0.005,0.047,4.669,4.341,6.561,0.256,16.498
FireSmokeVideoNEW198_f34_jpg.rf.dc59b6a3b8102f74895580de214bfb05.jpg,0,0,1.0,0.211,0.005,0.046,4.644,1.958,6.63,0.255,14.156
FireSmokeVideoNEW198_f44_jpg.rf.5dd543728cb7054631cff884b6543c99.jpg,0,0,0.9992,0.295,0.005,0.047,5.196,1.055,6.51,0.255,13.754
FireSmokeVideoNEW198_f53_jpg.rf.de8d1453cc5cc99b16dce8024a19a099.jpg,0,0,1.0,0.221,0.004,0.05,4.56,1.282,6.435,0.271,13.216
FireSmokeVideoNEW198_f5_jpg.rf.884199e8cf813521587bb72304469a91.jpg,0,0,1.0,0.214,0.005,0.05,4.535,1.031,6.497,0.244,12.959
FireSmokeVideoNEW198_f62_jpg.rf.f0f37f4fd52e11ec4c2c1dc4a6a1e84b.jpg,0,0,0.9995,0.34,0.008,0.067,5.032,1.128,6.429,0.233,13.621
FireSmokeVideoNEW198_f76_jpg.rf.f975d49de39948662a604f3b8699ae17.jpg,0,0,0.9988,0.214,0.005,0.046,4.663,1.429,6.512,0.271,13.544
FireSmokeVideoNEW199_f12_jpg.rf.49a41daf162adddafd342b71a52d065b.jpg,0,0,0.9962,0.346,0.008,0.08,7.975,2.623,12.062,0.401,23.982
FireSmokeVideoNEW199_f22_jpg.rf.8cdd9234d4536b401d4424786242eb42.jpg,0,0,0.9999,0.209,0.004,0.046,4.899,1.08,6.506,0.242,13.374
FireSmokeVideoNEW199_f24_jpg.rf.008e48718432deea401ae6c22de5b75d.jpg,0,0,1.0,0.213,0.005,0.049,5.044,1.004,6.555,0.252,13.513
FireSmokeVideoNEW199_f38_jpg.rf.437998fd3a55f2321789262434449bcc.jpg,0,0,0.9999,0.213,0.004,0.047,4.514,1.064,6.419,0.246,12.897
FireSmokeVideoNEW19_f10_jpg.rf.cf14bceef74bfc964ef994979cc85365.jpg,0,0,0.9961,0.218,0.004,0.046,4.724,1.027,6.327,0.254,12.991
FireSmokeVideoNEW19_f14_jpg.rf.0f8ded1e4755de812e6a69682afa2fdf.jpg,0,0,0.8677,0.209,0.005,0.045,4.615,1.05,6.438,0.234,12.98
FireSmokeVideoNEW19_f1_jpg.rf.8d3f142daa5385682ce49a400b014079.jpg,0,0,1.0,0.207,0.004,0.046,5.292,1.097,6.438,0.236,13.7
FireSmokeVideoNEW19_f22_jpg.rf.ce3d1c80d56894bcf65024fa15dc5310.jpg,0,0,1.0,0.219,0.005,0.045,6.634,5.523,11.635,0.242,24.693
FireSmokeVideoNEW19_f25_jpg.rf.f697293980b11b6be600b4ac25288076.jpg,0,0,1.0,0.204,0.004,0.046,7.554,1.196,7.502,0.337,17.232
FireSmokeVideoNEW19_f28_jpg.rf.870932a2658929b11f426603c6e76178.jpg,0,0,0.9998,0.304,0.007,0.058,7.4,2.256,7.179,0.247,17.981
FireSmokeVideoNEW19_f5_jpg.rf.4c01349c8f37322abb65548b065db87c.jpg,0,0,1.0,0.317,0.007,0.06,5.516,1.163,6.909,0.387,14.779
FireSmokeVideoNEW204_f48_jpg.rf.a6d888db8bc478f73df454d622b4af74.jpg,0,0,0.8265,0.301,0.007,0.057,6.789,1.043,6.484,0.229,15.313
FireSmokeVideoNEW204_f50_jpg.rf.ef08c4a49d4bce14c2100efb6049f535.jpg,0,0,0.7156,0.207,0.004,0.047,4.6,1.058,6.406,0.234,12.957
FireSmokeVideoNEW204_f74_jpg.rf.5a3b99ac607f85f17c275ace5db8b56c.jpg,0,0,1.0,0.202,0.004,0.045,4.482,1.02,8.271,0.245,14.669
FireSmokeVideoNEW204_f76_jpg.rf.cf1ad84e2d9dff94bca8293370941b6b.jpg,0,0,1.0,0.3,0.007,0.058,5.808,3.128,6.721,0.326,16.766
FireSmokeVideoNEW205_f10_jpg.rf.e7fba039a83b2825fe8609a3ad1fe3ca.jpg,0,0,0.9559,0.21,0.005,0.046,7.463,3.274,6.502,0.222,18.112
FireSmokeVideoNEW205_f12_jpg.rf.12f55726a2d241d15d16c3a031c7acfe.jpg,0,0,0.9714,0.201,0.004,0.045,5.345,1.121,6.521,0.275,13.907
FireSmokeVideoNEW205_f14_jpg.rf.7a8c8488271699eab8c256966bb96d8f.jpg,0,0,0.9908,0.201,0.004,0.045,6.177,1.036,6.363,0.237,14.465
FireSmokeVideoNEW205_f16_jpg.rf.e905c3e16c4928c286b1f3fefbcc9f1c.jpg,0,0,0.8079,0.207,0.004,0.044,6.026,1.048,6.452,0.239,14.416
FireSmokeVideoNEW205_f18_jpg.rf.51e26c76cda96a888f7cc153c055c57e.jpg,0,0,0.649,0.196,0.004,0.044,6.487,1.148,6.461,0.26,15.0
FireSmokeVideoNEW205_f1_jpg.rf.9ee331f7891fbff5a81e53f10a46bf6c.jpg,0,0,0.6399,0.205,0.005,0.106,7.498,1.345,6.423,0.234,16.217
FireSmokeVideoNEW205_f21_jpg.rf.3f9e31151c6d741f1821d0b631734f10.jpg,0,0,0.9447,0.198,0.004,0.044,6.069,2.922,8.328,0.261,18.232
FireSmokeVideoNEW205_f23_jpg.rf.49d41f9e8f04815aecdc7705619019c0.jpg,0,0,0.7087,0.245,0.005,0.061,11.398,1.273,6.522,0.236,20.182
FireSmokeVideoNEW205_f25_jpg.rf.3ffd9812a06a282282d13f0de04d1b95.jpg,0,0,0.8826,0.199,0.005,0.045,5.859,1.052,6.473,0.234,14.268
FireSmokeVideoNEW205_f27_jpg.rf.6b467cc45707dc3b2bb6179354ba0de2.jpg,0,0,0.977,0.208,0.005,0.046,6.236,1.098,6.421,0.239,14.652
FireSmokeVideoNEW205_f29_jpg.rf.f1b55cdd166f109f23ddbc5b550dbb25.jpg,0,0,0.9883,0.207,0.004,0.047,5.945,1.19,7.035,0.238,15.056
FireSmokeVideoNEW205_f30_jpg.rf.c39e1a1a9569704ab1625e342b6768fa.jpg,0,0,0.9955,0.209,0.005,0.049,5.496,1.084,6.446,0.232,13.911
FireSmokeVideoNEW205_f32_jpg.rf.16aadfde338db2f3d2e35229ca90b5b0.jpg,0,0,0.9979,0.205,0.005,0.044,5.913,1.115,6.448,0.249,14.483
FireSmokeVideoNEW205_f4_jpg.rf.3e50ea94e80f738241c392a66bc4dbc4.jpg,0,0,0.8796,0.217,0.004,0.049,5.519,1.075,6.496,0.235,13.986
FireSmokeVideoNEW205_f6_jpg.rf.0b84566f03710d216aaa2cb4629d22b6.jpg,0,0,0.868,0.22,0.005,0.049,9.375,4.03,9.801,0.242,24.136
FireSmokeVideoNEW205_f8_jpg.rf.e746678079c464fa2e02dbdd96397757.jpg,0,0,0.6712,0.207,0.005,0.044,7.439,1.466,6.472,0.235,16.264
FireSmokeVideoNEW207_f29_jpg.rf.5072e43a3f70899810cd248ae290c6fc.jpg,0,0,0.9956,0.203,0.004,0.045,7.203,3.106,6.422,0.23,17.605
FireSmokeVideoNEW207_f38_jpg.rf.7da7afabcee0fe3fc4e99b02cb7ec200.jpg,0,0,0.9371,0.21,0.004,0.046,5.545,1.092,6.402,0.23,13.927
FireSmokeVideoNEW207_f50_jpg.rf.38e43eaa6c7f0b0b6aef8d92ae7bc33b.jpg,0,0,0.9994,0.203,0.005,0.041,4.719,1.282,6.41,0.249,13.303
FireSmokeVideoNEW207_f52_jpg.rf.ac33bf9cb002460544fa6971c6294cd1.jpg,0,0,0.9998,0.205,0.004,0.045,4.599,1.097,6.431,0.224,12.997
FireSmokeVideoNEW207_f62_jpg.rf.589bc38eadda71f1f9f9b5fd6a31bdaf.jpg,0,0,0.9999,0.197,0.004,0.043,4.596,1.138,6.412,0.231,13.012
FireSmokeVideoNEW207_f64_jpg.rf.fa87ea2073e4c69c27d5ec48824a23ce.jpg,0,0,0.9997,0.211,0.005,0.047,4.914,1.055,6.501,0.239,13.377
FireSmokeVideoNEW207_f68_jpg.rf.cb005a57beb7f72ad09dd7f63a7c65ae.jpg,0,0,0.9977,0.238,0.005,0.046,8.252,3.902,16.63,0.388,29.978
FireSmokeVideoNEW213_f0_jpg.rf.acf66f73cae0ef7ffba8d96df3334bc1.jpg,0,0,1.0,0.209,0.005,0.046,7.549,4.216,7.336,0.231,20.137
FireSmokeVideoNEW213_f37_jpg.rf.504df7a22d9a3682f368bb8e9a864b74.jpg,0,0,0.9994,0.312,0.007,0.058,8.269,1.715,7.442,0.35,18.686
FireSmokeVideoNEW213_f39_jpg.rf.f610dda1c4694427bb2aeb65f22d2519.jpg,0,0,0.9996,0.305,0.007,0.054,7.87,1.166,6.447,0.332,16.68
FireSmokeVideoNEW214_f28_jpg.rf.b67e2997751e40a1d9c240eecdfeb90d.jpg,0,1,1.0,0.298,0.007,0.051,7.072,0.985,8.645,0.234,17.686
FireSmokeVideoNEW214_f31_jpg.rf.dddac8520abe0f1d5e75b81b84c20c28.jpg,0,1,1.0,0.199,0.004,0.044,5.574,1.801,6.688,0.351,15.06
FireSmokeVideoNEW217_f100_jpg.rf.a9373ce1ec863a48d8653481c26156f5.jpg,0,0,0.9618,0.202,0.004,0.042,5.063,0.957,6.406,0.222,13.296
FireSmokeVideoNEW217_f108_jpg.rf.16b93711189f1762379f69af719c328d.jpg,0,0,1.0,0.34,0.004,0.043,9.746,4.014,13.487,0.305,28.531
FireSmokeVideoNEW217_f10_jpg.rf.74821e6a9bb2e7227205f7dd92777b6b.jpg,0,0,1.0,0.204,0.004,0.045,4.53,1.274,6.557,0.255,13.271
FireSmokeVideoNEW217_f111_jpg.rf.2299bed8cbf01a1b7e6778708e83477b.jpg,0,0,0.9988,0.545,0.007,0.061,5.357,1.177,6.483,0.274,14.297
FireSmokeVideoNEW217_f113_jpg.rf.efd09cd8788647385379fdb3dcf3c087.jpg,0,0,0.9814,0.217,0.005,0.047,4.531,1.213,6.454,0.234,13.098
FireSmokeVideoNEW217_f116_jpg.rf.48b271377b83f27ee6794dd67b51d137.jpg,0,0,1.0,0.402,0.004,0.049,5.021,1.041,6.476,0.24,13.628
FireSmokeVideoNEW217_f118_jpg.rf.c3282ec3adcd1755ad307af23c40158c.jpg,0,0,1.0,0.218,0.005,0.099,4.597,1.087,6.461,0.24,13.093
FireSmokeVideoNEW217_f11_jpg.rf.fe9b613659b1f6ffc68f08f6db48adfc.jpg,0,0,1.0,0.326,0.004,0.047,5.158,1.041,6.432,0.242,13.755
FireSmokeVideoNEW217_f121_jpg.rf.2353ff1ea9e105ec7579a296ba31d42b.jpg,0,0,1.0,0.206,0.005,0.044,4.569,1.153,6.461,0.255,13.078
FireSmokeVideoNEW217_f128_jpg.rf.4c9569a8817155737f29d57b918b693b.jpg,0,0,1.0,0.368,0.004,0.05,10.135,1.997,8.432,0.251,21.627
FireSmokeVideoNEW217_f137_jpg.rf.355e1445e5755263e17f71f5cfb3cabd.jpg,0,0,1.0,0.214,0.004,0.049,5.356,1.198,6.494,0.238,13.952
FireSmokeVideoNEW217_f139_jpg.rf.a015957ad4d8c893764adadc3564d5e6.jpg,0,0,0.9997,0.236,0.005,0.049,4.568,1.043,8.247,0.247,14.861
FireSmokeVideoNEW217_f140_jpg.rf.905cd403c725484f47e8c319d12c0bcc.jpg,0,0,0.9999,0.205,0.005,0.047,4.981,1.035,6.499,0.235,13.405
FireSmokeVideoNEW217_f142_jpg.rf.7b2f15a8e46783cf42066fccdd511a78.jpg,0,0,0.9999,0.212,0.004,0.048,4.647,1.074,6.509,0.231,13.125
FireSmokeVideoNEW217_f144_jpg.rf.0fc96687f30d64cc901010a04935ecea.jpg,0,0,0.9999,0.21,0.005,0.047,5.001,1.041,6.485,0.254,13.441
FireSmokeVideoNEW217_f146_jpg.rf.13b5b53c5d09bff9bf09edae5d018768.jpg,0,0,0.9998,0.222,0.005,0.049,6.565,1.232,8.784,0.483,18.093
FireSmokeVideoNEW217_f14_jpg.rf.33a5f93f8923477faa40a251919cbb30.jpg,0,0,1.0,0.211,0.004,0.047,4.74,1.167,8.364,0.233,15.163
FireSmokeVideoNEW217_f165_jpg.rf.c321a908fed949be52d3de878e3af068.jpg,0,0,1.0,0.214,0.004,0.046,4.926,1.067,6.544,0.228,13.416
FireSmokeVideoNEW217_f167_jpg.rf.f5f387fa96eefadd6d5da4f9eba93fe8.jpg,0,0,1.0,0.221,0.004,0.045,4.71,1.153,6.497,0.239,13.339
FireSmokeVideoNEW217_f169_jpg.rf.d4e8d9fc726c7674b5c544ca652f18ed.jpg,0,0,1.0,0.321,0.005,0.049,4.909,1.047,6.465,0.23,13.417
FireSmokeVideoNEW217_f170_jpg.rf.40da8c3a814bec9203dda24f6fdc4aa2.jpg,0,0,0.9999,0.212,0.004,0.046,4.792,1.05,11.69,0.318,18.502
FireSmokeVideoNEW217_f175_jpg.rf.b2b07756e0402cc49db122e0add77753.jpg,0,0,1.0,0.207,0.003,0.047,4.546,1.066,6.552,0.234,13.038
FireSmokeVideoNEW217_f177_jpg.rf.88605f9b92cb5461c60d2194538ba864.jpg,0,0,1.0,0.335,0.005,0.061,7.918,3.398,12.689,0.484,25.555
FireSmokeVideoNEW217_f179_jpg.rf.ffad74096c7d49c5a971bb63e9e0893e.jpg,0,0,0.9999,0.218,0.004,0.05,7.322,1.245,8.292,0.247,17.77
FireSmokeVideoNEW217_f181_jpg.rf.ae1f277e7c1fc1083975d6a487d5c575.jpg,0,1,0.6572,0.29,0.005,0.049,4.802,1.141,6.481,0.253,13.409
FireSmokeVideoNEW217_f183_jpg.rf.96e621baf17954f5a25876fa98b76901.jpg,0,0,0.7291,0.325,0.008,0.058,5.323,1.052,6.484,0.238,13.927
FireSmokeVideoNEW217_f188_jpg.rf.c5e2ff45dde47a1ffaaa95f6e696e5d8.jpg,0,0,1.0,0.215,0.005,0.047,5.077,1.102,6.443,0.237,13.517
FireSmokeVideoNEW217_f18_jpg.rf.e259ee4817325821386e228d69ec590b.jpg,0,0,1.0,0.238,0.005,0.102,4.68,1.094,7.555,0.239,14.301
FireSmokeVideoNEW217_f195_jpg.rf.abb4ee4eacb3c0bc28eb69dcce0900b1.jpg,0,0,1.0,0.207,0.004,0.048,5.414,1.022,6.527,0.229,13.837
FireSmokeVideoNEW217_f197_jpg.rf.69f085f5fc5fe3b6704f1697894ab870.jpg,0,0,0.9999,0.214,0.004,0.048,4.745,1.005,6.541,0.257,13.2
FireSmokeVideoNEW217_f199_jpg.rf.2034ba41cbc2996d2b0be969381dd53a.jpg,0,0,1.0,0.221,0.005,0.047,8.409,3.024,8.328,0.246,20.678
FireSmokeVideoNEW217_f200_jpg.rf.8e08442e7fba319b06ec60772c8d87b9.jpg,0,0,1.0,0.312,0.007,0.06,7.711,3.35,9.308,0.244,21.378
FireSmokeVideoNEW217_f20_jpg.rf.cd45d53c627554532a83cb04b923b1d7.jpg,0,0,1.0,0.205,0.004,0.043,6.308,1.111,6.825,0.357,15.261
FireSmokeVideoNEW217_f213_jpg.rf.907c7f8bf6e7a1f549c1d58b68a8f402.jpg,0,0,0.9785,0.314,0.007,0.061,7.23,2.493,7.195,0.245,18.071
FireSmokeVideoNEW217_f215_jpg.rf.3fa3043621fed653f78e6295cdb5490b.jpg,0,0,0.7406,0.198,0.004,0.043,4.828,1.059,6.498,0.246,13.275
FireSmokeVideoNEW217_f217_jpg.rf.55bd84fe4077a3d1595a56350af545cd.jpg,0,0,0.6674,0.209,0.004,0.044,4.907,1.277,6.408,0.232,13.517
FireSmokeVideoNEW217_f21_jpg.rf.2dfb9ce2f22edf5be1fd53fa1942bfd2.jpg,0,0,1.0,0.207,0.005,0.048,4.601,1.043,8.286,0.246,14.857
FireSmokeVideoNEW217_f23_jpg.rf.cd19d39e70dfebad7cff6545b5b6019d.jpg,0,0,1.0,0.306,0.007,0.056,6.643,3.05,6.762,0.302,17.537
FireSmokeVideoNEW217_f25_jpg.rf.a94df0d3028a9abe6b8c10a09dec7c59.jpg,0,0,1.0,0.204,0.004,0.047,5.887,1.0,6.523,0.243,14.35
FireSmokeVideoNEW217_f27_jpg.rf.06ba12fefcbb80378faafa6ce1db4f32.jpg,0,0,0.9994,0.31,0.006,0.058,5.178,1.091,6.469,0.243,14.039
FireSmokeVideoNEW217_f29_jpg.rf.efc5389a39f0e16e63edc5a792879459.jpg,0,0,1.0,0.199,0.004,0.046,7.077,1.075,6.551,0.235,15.593
FireSmokeVideoNEW217_f30_jpg.rf.d0b9592c67eb506d0e8be54cab7fed05.jpg,0,0,1.0,0.205,0.005,0.045,7.255,3.117,6.543,0.256,17.842
FireSmokeVideoNEW217_f32_jpg.rf.79ac9c71917c29f71dff9368fd819e70.jpg,0,0,1.0,0.216,0.005,0.049,9.06,1.284,8.955,0.244,20.302
FireSmokeVideoNEW217_f34_jpg.rf.2406074bcd38a38b07569c36e10c4c9b.jpg,0,0,1.0,0.203,0.004,0.045,5.754,1.092,6.447,0.227,14.179
FireSmokeVideoNEW217_f36_jpg.rf.f4677a9876506e73056dbb5e4d1867ac.jpg,0,0,1.0,0.198,0.004,0.046,6.116,1.153,6.501,0.232,14.641
FireSmokeVideoNEW217_f38_jpg.rf.56cbb6b9ba8dcb8a6e849b50a427e820.jpg,0,0,1.0,0.212,0.005,0.046,8.89,6.645,12.862,0.387,29.869
FireSmokeVideoNEW217_f40_jpg.rf.5e0bf555a150e965529da135af30a843.jpg,0,0,1.0,0.2,0.004,0.044,6.65,1.071,7.582,0.341,16.392
FireSmokeVideoNEW217_f42_jpg.rf.547bf36d056de255bbbe8865cf2169e4.jpg,0,0,1.0,0.212,0.004,0.047,5.794,1.143,6.545,0.246,14.388
FireSmokeVideoNEW217_f44_jpg.rf.53343693989b66932b14e172d5b51021.jpg,0,0,1.0,0.25,0.005,0.05,4.962,1.581,8.283,0.252,15.779
FireSmokeVideoNEW217_f46_jpg.rf.6c09d1078ba60b84e5eeae62e8b43ee4.jpg,0,0,1.0,0.324,0.006,0.078,5.808,1.038,6.539,0.242,14.42
FireSmokeVideoNEW217_f48_jpg.rf.960f1757efc2361b33061b66881276af.jpg,0,0,1.0,0.328,0.005,0.062,5.112,1.12,6.437,0.298,13.754
FireSmokeVideoNEW217_f50_jpg.rf.5a4c5a00a2dff53d3d1e9b4912a5e80a.jpg,0,0,0.9952,0.215,0.004,0.049,9.177,5.709,12.352,0.504,28.64
FireSmokeVideoNEW217_f52_jpg.rf.f80dd0cbedbe18de1503c537d55a5481.jpg,0,0,0.9967,0.226,0.004,0.058,7.814,1.047,7.902,0.311,17.868
FireSmokeVideoNEW217_f55_jpg.rf.192d21a1a9cdd1e7400d2d5319251009.jpg,0,0,0.9999,0.314,0.006,0.059,7.786,1.16,6.809,0.352,16.892
FireSmokeVideoNEW217_f58_jpg.rf.09abcbd86f7cf4acca982ff3c84479bf.jpg,0,0,1.0,0.311,0.007,0.056,8.127,4.247,6.546,0.245,19.989
FireSmokeVideoNEW217_f60_jpg.rf.2af19e844fb73cffddc8cd48cea110ef.jpg,0,0,1.0,0.308,0.006,0.055,6.238,0.986,6.771,0.394,15.17
FireSmokeVideoNEW217_f6_jpg.rf.9ad603f7c039681979d3382daca3dfca.jpg,0,0,1.0,0.198,0.005,0.044,5.457,0.996,8.726,0.364,16.308
FireSmokeVideoNEW217_f7_jpg.rf.7a963cc9523ed71e48510b941a897169.jpg,0,0,0.9999,0.316,0.007,0.058,9.867,4.151,11.644,0.262,26.727
FireSmokeVideoNEW217_f85_jpg.rf.04954f9a86137e0fdb1a724cfe2e3866.jpg,0,0,1.0,0.311,0.006,0.062,8.08,1.643,6.745,0.368,17.627
FireSmokeVideoNEW217_f96_jpg.rf.9aeddcb7059e6f24f5deb788b8d30f2b.jpg,0,0,0.6733,0.327,0.007,0.063,8.439,1.267,9.684,0.385,20.582
FireSmokeVideoNEW217_f98_jpg.rf.523eafbbea416669a571f038b78ed6db.jpg,0,0,0.9981,0.202,0.005,0.046,5.364,1.181,9.748,0.329,17.493
FireSmokeVideoNEW217_f9_jpg.rf.add7279aa36849c24e3ac2f2216f064d.jpg,0,0,1.0,0.358,0.007,0.055,7.559,1.432,7.458,0.34,17.746
FireSmokeVideoNEW219_f100_jpg.rf.e9c25439b3dad49808efeef37acaf92b.jpg,0,1,0.9969,0.304,0.007,0.053,7.748,1.073,6.408,0.217,16.216
FireSmokeVideoNEW219_f103_jpg.rf.5c3a06fd5e7e5de7bc2439421cae9ca3.jpg,0,1,0.9999,0.305,0.007,0.055,9.985,4.485,14.149,0.254,29.791
FireSmokeVideoNEW219_f105_jpg.rf.93e9b68294084ef359c3fbac8af68844.jpg,0,1,0.9873,0.314,0.007,0.058,10.93,1.218,6.859,0.34,20.415
FireSmokeVideoNEW219_f107_jpg.rf.2279d0f434d08b421e5847b77ba49c98.jpg,0,1,0.7511,0.347,0.007,0.054,8.301,1.291,6.525,0.24,17.183
FireSmokeVideoNEW219_f109_jpg.rf.2497933b49e36296ad41b2a9e7c629af.jpg,0,1,0.9766,0.205,0.005,0.044,7.162,3.31,6.478,0.24,17.86
FireSmokeVideoNEW219_f111_jpg.rf.d13eb49c432b395eb0f4789afa26799e.jpg,0,1,0.9407,0.211,0.004,0.046,4.922,1.095,6.448,0.236,13.348
FireSmokeVideoNEW219_f116_jpg.rf.ae9afca806c236a71f19e8f194bf2109.jpg,0,1,0.9614,0.215,0.005,0.05,4.71,1.096,6.245,0.232,12.937
FireSmokeVideoNEW219_f118_jpg.rf.75f5a183e6eb763184506172e56826c1.jpg,0,1,0.9864,0.208,0.004,0.047,10.532,2.662,7.901,0.306,22.269
FireSmokeVideoNEW219_f120_jpg.rf.8875901f36a17bf88cbe1e1e9321ee1c.jpg,0,1,0.8474,0.217,0.005,0.081,6.5,1.099,6.384,0.235,14.991
FireSmokeVideoNEW219_f122_jpg.rf.3f2b747a1a6d8bb134411da04b6d5ceb.jpg,0,1,0.9679,0.225,0.005,0.051,4.95,1.12,6.442,0.243,13.43
FireSmokeVideoNEW219_f126_jpg.rf.52f94dd838172beb57e8ec37c56c19f4.jpg,0,1,0.6751,0.21,0.004,0.05,5.264,1.122,6.303,0.264,13.603
FireSmokeVideoNEW219_f129_jpg.rf.d5223592df753ce9aeeff5fbcfd2f6f3.jpg,0,0,0.7639,0.208,0.005,0.048,5.024,1.124,6.461,0.229,13.482
FireSmokeVideoNEW219_f131_jpg.rf.af45167297be8a47f6ecf78c4971240e.jpg,0,0,0.5267,0.21,0.005,0.045,5.23,1.214,6.427,0.235,13.755
FireSmokeVideoNEW219_f15_jpg.rf.978176c15dd5ec19d9fdef9fa30e2015.jpg,0,1,1.0,0.21,0.005,0.048,5.04,1.195,6.429,0.233,13.546
FireSmokeVideoNEW219_f17_jpg.rf.a780d3a9489a1ff49e169de9167318e6.jpg,0,1,1.0,0.217,0.004,0.047,5.851,1.045,6.478,0.24,14.277
FireSmokeVideoNEW219_f19_jpg.rf.cee064d43b06eea7a26764d10b69fa56.jpg,0,1,0.9832,0.232,0.005,0.047,4.867,1.04,8.29,0.263,15.143
FireSmokeVideoNEW219_f20_jpg.rf.fba5b315002bba70a5f2d53923ab3523.jpg,0,1,1.0,0.212,0.005,0.044,9.927,4.634,7.403,0.254,22.858
FireSmokeVideoNEW219_f23_jpg.rf.1e8e04436c82a1922489aa2b214fbd6f.jpg,0,1,1.0,0.333,0.007,0.063,6.043,1.056,6.826,0.346,15.084
FireSmokeVideoNEW219_f25_jpg.rf.a18994c7f34d6a907f4692a87e6fa3f9.jpg,0,1,0.9997,0.216,0.005,0.046,5.015,1.218,6.503,0.235,13.622
FireSmokeVideoNEW219_f30_jpg.rf.fdee063af522e346cd388bc1a4242f7d.jpg,0,1,0.8776,0.359,0.008,0.065,5.53,1.099,8.216,0.23,15.904
FireSmokeVideoNEW219_f32_jpg.rf.ddc873a0551526ca65fa1d06f97bac64.jpg,0,0,0.7091,0.257,0.004,0.047,4.563,1.558,6.413,0.232,13.467
FireSmokeVideoNEW219_f34_jpg.rf.cad5fbd8012adc27392d185d547a64f2.jpg,0,1,0.7867,0.221,0.035,0.053,4.57,1.016,6.424,0.235,12.944
FireSmokeVideoNEW219_f36_jpg.rf.fb0ae754ede857299d29e3b6cc6ccc0d.jpg,0,1,0.9991,0.326,0.009,0.059,5.967,1.06,6.466,0.23,14.532
FireSmokeVideoNEW219_f38_jpg.rf.4e36385b74d11f5f344b6164d4443826.jpg,0,1,0.9768,0.223,0.005,0.051,11.269,11.496,11.005,0.305,34.774
FireSmokeVideoNEW219_f3_jpg.rf.9a3acc348be776f3126eaa01a6b9143d.jpg,0,1,1.0,0.317,0.008,0.095,8.764,1.08,9.444,0.312,20.545
FireSmokeVideoNEW219_f44_jpg.rf.c6201b2a651fb15d42c47372f48143ea.jpg,0,1,0.9937,0.309,0.007,0.056,6.855,1.066,7.023,0.349,16.148
FireSmokeVideoNEW219_f49_jpg.rf.f8352761af02510da64ff9dbb7764208.jpg,0,0,0.6037,0.869,0.007,0.061,7.055,2.194,6.827,0.347,17.774
FireSmokeVideoNEW219_f50_jpg.rf.69a64e822cf2cb5905705e4998e6a371.jpg,0,1,0.649,0.208,0.005,0.045,5.427,1.118,7.2,0.351,14.767
FireSmokeVideoNEW219_f52_jpg.rf.4ed33f2006955f25cbd6976e65731478.jpg,0,1,0.6288,0.249,0.005,0.046,5.078,1.069,6.482,0.218,13.538
FireSmokeVideoNEW219_f54_jpg.rf.2a009997f531c42dc612957036039b92.jpg,0,1,0.9968,0.205,0.004,0.044,4.521,1.387,6.504,0.245,13.312
FireSmokeVideoNEW219_f56_jpg.rf.4d435bbf60e5244de2a83067cd503697.jpg,0,1,0.9996,0.236,0.005,0.053,9.759,3.79,9.312,0.235,23.934
FireSmokeVideoNEW219_f58_jpg.rf.816855101b006e8917308145fbff4683.jpg,0,1,0.9999,0.199,0.004,0.047,7.586,1.888,7.358,0.249,17.862
FireSmokeVideoNEW219_f5_jpg.rf.c45888dccdeb80cf3c1d57eaa8742807.jpg,0,1,0.9999,0.299,0.006,0.058,7.376,3.285,6.848,0.352,18.641
FireSmokeVideoNEW219_f64_jpg.rf.fcb2ab218c52a47f8b4b7a045dbaca13.jpg,0,1,0.7508,0.196,0.004,0.046,8.516,1.076,6.472,0.243,17.049
FireSmokeVideoNEW219_f6_jpg.rf.42c28bdff3ab813f2e324a70ba7df0cd.jpg,0,1,0.9995,0.202,0.004,0.045,5.089,0.977,6.412,0.227,13.355
FireSmokeVideoNEW219_f79_jpg.rf.71af1f0cdfcf193eb39b9d23e563f5fe.jpg,0,0,0.5933,0.2,0.004,0.045,5.375,1.004,6.474,0.229,13.73
FireSmokeVideoNEW219_f82_jpg.rf.2d98843486d600dadb1fb1f51cae9b86.jpg,0,1,1.0,0.306,0.006,0.052,7.221,1.612,7.042,0.34,17.108
FireSmokeVideoNEW219_f84_jpg.rf.2d6d394cdec8ac45d1947e9a0a70f46b.jpg,0,1,1.0,0.251,0.004,0.046,10.242,7.091,12.192,0.401,30.821
FireSmokeVideoNEW219_f86_jpg.rf.facd7c1be6d3a656b924ea93978566be.jpg,0,1,1.0,0.272,0.006,0.073,8.028,1.079,6.753,0.231,16.826
FireSmokeVideoNEW219_f88_jpg.rf.a022c08baa2e6f8d0487a9b1be99b2fb.jpg,0,1,0.9999,0.211,0.004,0.048,6.988,1.55,7.236,0.237,16.794
FireSmokeVideoNEW219_f8_jpg.rf.046f3bd1cafb22613d463425cf33c9da.jpg,0,0,0.903,0.204,0.004,0.047,6.278,1.554,7.161,0.242,16.072
FireSmokeVideoNEW219_f91_jpg.rf.9f1e6dfa4f1a9256334d175a92273a16.jpg,0,1,0.9721,0.317,0.006,0.06,7.335,1.29,6.524,0.232,16.279
FireSmokeVideoNEW219_f96_jpg.rf.a40be148c2196c81a3b370bf04ff8cee.jpg,0,1,0.9996,0.208,0.004,0.047,5.065,0.978,6.523,0.247,13.477
FireSmokeVideoNEW219_f98_jpg.rf.f2faa3e7c16967233b337aad59c2372d.jpg,0,1,0.9123,0.201,0.004,0.045,4.695,1.095,6.475,0.245,13.164
FireSmokeVideoNEW235_f33_jpg.rf.0a3116fe91b93b2b42685c8f07b15f59.jpg,0,0,1.0,0.338,0.007,0.056,8.786,5.473,7.026,0.357,22.594
FireSmokeVideoNEW235_f37_jpg.rf.90215e2867005d19440f24ddd8be4134.jpg,0,0,1.0,0.198,0.005,0.044,5.352,1.058,6.504,0.228,13.785
FireSmokeVideoNEW235_f40_jpg.rf.8cddc8b01761e5099ffc078afe05dcfe.jpg,0,0,1.0,0.212,0.005,0.045,4.946,1.354,6.449,0.239,13.628
FireSmokeVideoNEW237_f16_jpg.rf.5f11e272d92059f407f138e3d5a60da6.jpg,0,1,0.9989,0.216,0.005,0.048,5.312,1.236,6.419,0.233,13.858
FireSmokeVideoNEW237_f18_jpg.rf.a6fdf7b427848eb4ea6973ff968a3354.jpg,0,1,0.9997,0.212,0.004,0.046,4.983,1.379,6.434,0.25,13.694
FireSmokeVideoNEW237_f1_jpg.rf.d1f928ef436c01e7b2cf526c4f809b21.jpg,0,0,1.0,0.219,0.005,0.048,5.059,1.102,6.421,0.229,13.469
FireSmokeVideoNEW237_f22_jpg.rf.db0488cc4f6f26c8e0fafe466b04c599.jpg,0,1,0.5242,0.212,0.005,0.045,5.057,1.073,6.476,0.232,13.493
FireSmokeVideoNEW237_f24_jpg.rf.50b525402b3eeb1da34eaca14126f841.jpg,0,1,0.7902,0.212,0.004,0.047,6.518,1.112,6.473,0.237,15.003
FireSmokeVideoNEW237_f26_jpg.rf.292fa36bc2afe2ee1be1016fa5349d28.jpg,0,0,0.8527,0.21,0.005,0.045,11.021,4.85,14.04,0.393,31.503
FireSmokeVideoNEW237_f2_jpg.rf.2e172a45e9ba82d4ad523119d91a1e54.jpg,0,0,0.9999,0.207,0.005,0.045,6.157,1.118,9.736,0.237,18.042
FireSmokeVideoNEW237_f36_jpg.rf.8489fa3bf6c71ee4d009d4fd3ced8a26.jpg,0,1,0.6657,0.239,0.004,0.045,5.421,1.062,6.457,0.238,13.866
FireSmokeVideoNEW237_f38_jpg.rf.83e1c26126ab42521c01f2d6fb8bf25c.jpg,0,1,0.8339,0.204,0.004,0.045,4.969,1.085,6.466,0.223,13.39
FireSmokeVideoNEW237_f40_jpg.rf.75afeed09f8d7c77cf67b47a49c36595.jpg,0,0,0.662,0.205,0.005,0.045,5.826,1.203,6.395,0.221,14.297
FireSmokeVideoNEW237_f42_jpg.rf.1e54ef2074d501111766d23a9c125016.jpg,0,0,0.9865,0.209,0.005,0.044,4.91,2.931,7.009,0.398,16.003
FireSmokeVideoNEW239_f11_jpg.rf.68967d6ccd4e0696316a88c71059fe48.jpg,0,1,0.9899,0.203,0.005,0.047,6.466,1.067,6.735,0.345,15.271
FireSmokeVideoNEW239_f13_jpg.rf.47e9d94edb230b4d3d7a90e4a030b812.jpg,0,1,1.0,0.214,0.004,0.045,10.48,3.727,13.908,0.457,29.432
FireSmokeVideoNEW239_f19_jpg.rf.547e1d5a34191e556bcee188b8d70562.jpg,0,0,0.9898,0.311,0.006,0.058,5.293,1.021,6.904,0.379,14.389
FireSmokeVideoNEW239_f20_jpg.rf.fc7c6c45683e4bb495152a4a71da41c9.jpg,0,0,0.9876,0.302,0.007,0.057,6.059,1.042,6.784,0.328,14.99
FireSmokeVideoNEW239_f22_jpg.rf.e5b4ae7747d32b81ac24d361025cef74.jpg,0,0,0.8777,0.204,0.004,0.045,4.577,1.01,6.471,0.229,12.935
FireSmokeVideoNEW239_f39_jpg.rf.aa6a200b4d0178ecbf3e7b4245b845ed.jpg,0,1,0.9997,0.309,0.007,0.056,5.404,1.018,6.434,0.224,13.899
FireSmokeVideoNEW239_f40_jpg.rf.5400696a6507c2c33b93aefa6aefe051.jpg,0,1,0.9983,0.307,0.007,0.05,4.759,1.06,6.41,0.223,13.216
FireSmokeVideoNEW239_f46_jpg.rf.d2960d91eab4ce54a9db418325f9564a.jpg,0,1,0.8993,0.202,0.005,0.043,5.913,1.436,6.37,0.233,14.61
FireSmokeVideoNEW239_f59_jpg.rf.f284514ce57dd6611a19f3b0eb179ea6.jpg,0,1,0.6796,0.201,0.005,0.047,8.637,3.328,13.242,0.275,26.133
FireSmokeVideoNEW239_f60_jpg.rf.9a19d896995c8f884c4af9a5adec577c.jpg,0,1,0.6742,0.306,0.006,0.056,5.683,1.004,6.485,0.239,14.187
FireSmokeVideoNEW239_f62_jpg.rf.c5dbdb82e651aa6e0eeadf51a3d4b0b8.jpg,0,1,0.6733,0.211,0.005,0.045,5.948,3.692,7.161,0.443,18.05
FireSmokeVideoNEW239_f70_jpg.rf.f2b597cea774e2c3131039471aa2744d.jpg,0,1,0.5271,0.203,0.005,0.045,5.243,1.112,6.412,0.236,13.648
FireSmokeVideoNEW239_f7_jpg.rf.716102698433c487e0011b828b703f1d.jpg,0,1,0.998,0.311,0.007,0.056,5.318,1.037,6.441,0.226,13.791
FireSmokeVideoNEW239_f83_jpg.rf.fd4fba17753f5ce5a45588d3a16fd999.jpg,0,0,1.0,0.206,0.005,0.042,4.882,1.064,6.395,0.232,13.215
FireSmokeVideoNEW23_f102_jpg.rf.f6918e51a89dedb0dba64a14386fd485.jpg,0,0,0.7304,0.334,0.007,0.062,5.513,1.229,6.42,0.234,14.19
FireSmokeVideoNEW23_f105_jpg.rf.4b98f0ba685d140a37dbbc9990c03762.jpg,0,0,0.9998,0.215,0.005,0.048,10.295,4.099,11.601,0.248,27.701
FireSmokeVideoNEW23_f118_jpg.rf.e6a891db192eb91ffbb8e7475705dd9d.jpg,0,0,0.9781,0.205,0.005,0.045,5.441,1.015,7.894,0.375,15.395
FireSmokeVideoNEW23_f122_jpg.rf.c171441c5b0ca3924c8c66c72534cf2b.jpg,0,0,0.9996,0.208,0.004,0.047,5.023,1.004,6.432,0.228,13.342
FireSmokeVideoNEW23_f125_jpg.rf.5debf4bd1984f010c1b1dcd28310aa83.jpg,0,1,0.6604,0.209,0.004,0.05,4.971,1.012,6.48,0.244,13.374
FireSmokeVideoNEW23_f127_jpg.rf.37c0782706a1236efceb4c739407dd25.jpg,0,1,0.4052,0.206,0.005,0.045,4.86,1.003,6.394,0.237,13.15
FireSmokeVideoNEW23_f129_jpg.rf.2ea639692a7e29daa8b8ea1de69eeb72.jpg,0,1,0.8327,0.203,0.004,0.045,4.619,1.039,6.405,0.235,12.943
FireSmokeVideoNEW23_f131_jpg.rf.466531ad1511190a89c1eb2be15960fd.jpg,0,0,0.9338,0.24,0.005,0.049,4.972,1.039,6.508,0.241,13.458
FireSmokeVideoNEW23_f133_jpg.rf.4cb0c0e8f14d2f4314645ba2d96e90d0.jpg,0,0,0.998,0.251,0.005,0.048,4.786,1.0,6.419,0.22,13.128
FireSmokeVideoNEW23_f17_jpg.rf.7e12e7a6b3bf78ade1514efca4fa6b17.jpg,0,1,0.6411,0.252,0.004,0.045,5.603,4.89,6.707,0.342,18.242
FireSmokeVideoNEW23_f20_jpg.rf.45ba21827ce25fc5f38bfbc2f24d6b8e.jpg,0,1,0.6352,0.208,0.005,0.044,8.003,1.258,6.957,0.348,17.323
FireSmokeVideoNEW23_f22_jpg.rf.29f2d535a890c06a4cf54fb62aeae916.jpg,0,0,0.7635,0.204,0.005,0.045,4.673,1.019,6.501,0.226,13.074
FireSmokeVideoNEW23_f24_jpg.rf.967b8a5e7330bbab9f4342e93da5b612.jpg,0,0,0.9414,0.3,0.007,0.055,5.435,1.06,6.415,0.252,13.924
FireSmokeVideoNEW23_f27_jpg.rf.31f2d7fbc4ad759a14190cf119c86cd3.jpg,0,1,0.9966,0.211,0.005,0.046,5.392,1.045,6.511,0.252,13.858
FireSmokeVideoNEW23_f30_jpg.rf.73360b6fc9f719c0b07919def1843b67.jpg,0,1,0.9982,0.213,0.004,0.048,5.228,1.03,6.505,0.242,13.675
FireSmokeVideoNEW23_f36_jpg.rf.a573980f5cbddf58725ec307297ae2c2.jpg,0,0,0.9964,0.224,0.005,0.046,4.583,1.009,6.421,0.227,12.92
FireSmokeVideoNEW23_f44_jpg.rf.9cb37443c4da43f08c79e1c8c7270ad3.jpg,0,0,0.8834,0.198,0.005,0.045,4.511,1.098,6.408,0.286,12.942
FireSmokeVideoNEW23_f50_jpg.rf.1d318ace626b552ab85bedae9c6fe2ae.jpg,0,0,0.6821,0.203,0.005,0.045,8.626,4.937,12.648,0.266,27.219
FireSmokeVideoNEW23_f57_jpg.rf.4e21297b504ef4126b9a6b95cad8ca0c.jpg,0,0,0.9945,0.201,0.004,0.045,7.0,0.911,6.366,0.28,15.202
FireSmokeVideoNEW23_f59_jpg.rf.d2f656988b1f5b0fb714b178d9799544.jpg,0,0,0.9978,0.204,0.004,0.044,5.819,2.985,6.436,0.222,16.107
FireSmokeVideoNEW23_f63_jpg.rf.0ac33d38cacbd861c7b582f17c820bb4.jpg,0,1,0.6568,0.199,0.004,0.042,6.752,3.588,6.464,0.233,17.665
FireSmokeVideoNEW23_f76_jpg.rf.a966534c07edefd0f3dff0c96376a243.jpg,0,0,1.0,0.314,0.006,0.057,7.605,2.991,6.466,0.236,18.073
FireSmokeVideoNEW23_f90_jpg.rf.b61cfc180d6eceb938b4af6caf51abf9.jpg,0,0,0.9999,0.209,0.005,0.046,9.771,3.942,13.536,0.414,28.347
FireSmokeVideoNEW240_f24_jpg.rf.c32f26544e37c883914250c509498e68.jpg,0,0,0.9999,0.316,0.007,0.061,8.566,7.099,11.75,0.253,28.646
FireSmokeVideoNEW240_f26_jpg.rf.827a12f2836232905b4da03069e4a2bb.jpg,0,0,0.9999,0.208,0.005,0.047,9.952,1.855,7.73,0.389,20.746
FireSmokeVideoNEW247_f0_jpg.rf.beef7d32aee1fcf9184bde5c0007c8a7.jpg,0,1,0.6612,0.327,0.007,0.061,9.755,1.272,7.559,0.359,19.882
FireSmokeVideoNEW247_f11_jpg.rf.22e187d3de34114cbe2eee824dcf8ea4.jpg,0,1,0.8021,0.319,0.006,0.062,7.687,1.351,13.032,0.403,23.428
FireSmokeVideoNEW247_f13_jpg.rf.cf17b57023a106f84957783337e1dd83.jpg,0,1,0.5381,0.251,0.006,0.056,8.688,1.324,7.728,0.369,18.98
FireSmokeVideoNEW247_f15_jpg.rf.36fd571e1f519a0b5e072f998cf318bf.jpg,0,1,0.8059,0.318,0.006,0.056,8.415,3.324,8.637,0.424,21.764
FireSmokeVideoNEW247_f22_jpg.rf.f99e1b6f5eb1bddbeb9ce9f856242d0b.jpg,0,0,0.8402,0.32,0.007,0.059,5.774,2.871,6.571,0.235,16.232
FireSmokeVideoNEW247_f24_jpg.rf.1ee4e739ab247b40d19859c571533d93.jpg,0,0,0.7903,0.21,0.005,0.045,6.004,3.187,6.488,0.238,16.57
FireSmokeVideoNEW247_f26_jpg.rf.a797b29033eb18f9d2b6c36421877eb6.jpg,0,0,0.7865,0.194,0.004,0.045,8.88,3.103,8.523,0.352,21.555
FireSmokeVideoNEW247_f29_jpg.rf.f14ac60e4f41877c5491fde4790673c3.jpg,0,1,0.7057,0.2,0.004,0.043,6.927,0.984,6.474,0.234,15.275
FireSmokeVideoNEW247_f30_jpg.rf.aafb436047adf51b707ef78707e2b913.jpg,0,1,0.6622,0.201,0.005,0.044,4.659,0.983,6.435,0.222,12.95
FireSmokeVideoNEW247_f32_jpg.rf.e9ff5ba78f26413500f425b399e23665.jpg,0,1,0.8299,0.203,0.004,0.044,4.59,1.116,6.414,0.231,13.002
FireSmokeVideoNEW247_f34_jpg.rf.6c3c5690e43240a790d6a5e9721b8c63.jpg,0,1,0.9267,0.304,0.007,0.057,5.963,4.075,6.429,0.239,17.75
FireSmokeVideoNEW247_f4_jpg.rf.6a0ddd7371fb83e53e311ea22189d480.jpg,0,1,0.6565,0.199,0.004,0.045,6.842,0.836,6.545,0.224,15.083
FireSmokeVideoNEW247_f6_jpg.rf.a694822f16bef6e50518310eca6ac39e.jpg,0,1,0.6592,0.259,0.004,0.044,5.17,1.01,6.497,0.269,13.656
FireSmokeVideoNEW247_f8_jpg.rf.6b64236393a322ec185f256a364cf11c.jpg,0,1,0.501,0.235,0.004,0.045,5.778,0.996,6.509,0.225,14.19
FireSmokeVideoNEW257_f14_jpg.rf.219b5dbc0697a8fa0cc33d06791cae70.jpg,0,0,0.9705,0.304,0.006,0.044,5.219,1.158,6.476,0.238,13.859
FireSmokeVideoNEW258_f100_jpg.rf.355178e1214dd3903eaa752ee7eef30e.jpg,0,0,1.0,0.301,0.007,0.056,5.112,0.968,6.427,0.237,13.513
FireSmokeVideoNEW258_f11_jpg.rf.0dba1da8050dc2ce1b709b5f242f741d.jpg,0,0,1.0,0.205,0.004,0.044,4.849,0.967,6.478,0.234,13.178
FireSmokeVideoNEW258_f170_jpg.rf.6c3e4b2743ca89c8ee5dd1856a6141bd.jpg,0,0,1.0,0.205,0.004,0.045,4.933,0.972,6.424,0.247,13.23
FireSmokeVideoNEW258_f1_jpg.rf.0d3b83be9ba47d2910cdb2dec33113fc.jpg,0,0,1.0,0.308,0.006,0.056,8.726,5.939,8.792,0.377,24.724
FireSmokeVideoNEW258_f2_jpg.rf.b83eafff3fd4b43c1860e76314bb50ac.jpg,0,0,1.0,0.202,0.004,0.045,5.283,0.975,6.446,0.247,13.599
FireSmokeVideoNEW258_f3_jpg.rf.cd8a2e8513bdb4e131855fb45fd1bdfc.jpg,0,0,1.0,0.316,0.007,0.058,5.027,0.967,6.492,0.238,13.509
FireSmokeVideoNEW258_f41_jpg.rf.de1a58da1bf54a7517d2312b13c76577.jpg,0,0,1.0,0.203,0.005,0.046,4.759,0.973,6.458,0.24,13.089
FireSmokeVideoNEW258_f51_jpg.rf.3235141ca98e65b2ab3e2a034029f5f0.jpg,0,0,0.9498,0.202,0.004,0.043,5.031,0.972,6.454,0.228,13.332
FireSmokeVideoNEW258_f5_jpg.rf.0858c131be1788253fc6056f1b952726.jpg,0,0,1.0,0.196,0.004,0.042,4.79,1.01,6.418,0.22,13.077
FireSmokeVideoNEW258_f7_jpg.rf.8516c19839e35db825c80a381605f57c.jpg,0,0,1.0,0.274,0.007,0.073,6.499,1.241,7.411,0.243,16.271
FireSmokeVideoNEW258_f8_jpg.rf.06a72518e055cecd6c4555cd122fc078.jpg,0,0,1.0,0.202,0.004,0.044,8.14,3.991,12.189,0.297,25.394
FireSmokeVideoNEW266_f22_jpg.rf.f1df0a77304fe82235036772cf5b8801.jpg,0,0,0.9998,0.208,0.005,0.048,11.307,3.436,6.7,0.399,22.516
FireSmokeVideoNEW26_f19_jpg.rf.aeed9f3bfcb0a0dee24e772e00f3a420.jpg,0,0,0.5753,0.211,0.004,0.046,5.148,1.071,7.275,0.354,14.535
FireSmokeVideoNEW26_f21_jpg.rf.4f774db17e69a10fb5f9a8f7999edf9c.jpg,0,1,0.7597,0.341,0.006,0.063,7.822,1.246,6.419,0.233,16.567
FireSmokeVideoNEW26_f23_jpg.rf.8aa65d6972e281489f02f3f5ca285e15.jpg,0,1,0.9936,0.204,0.004,0.044,7.01,1.035,7.273,0.347,16.329
FireSmokeVideoNEW26_f25_jpg.rf.2dfc9f18e082edcb01be0a2710a98b76.jpg,0,1,0.9986,0.203,0.005,0.045,4.929,1.087,8.298,0.238,15.214
FireSmokeVideoNEW26_f31_jpg.rf.4143b47a6b97ba01168be4b9d2f60793.jpg,0,0,0.9436,0.241,0.004,0.043,4.889,1.021,6.479,0.228,13.487
FireSmokeVideoNEW26_f35_jpg.rf.337993c7df976473f1dae7d82060e013.jpg,0,0,0.7509,0.207,0.004,0.046,10.747,5.575,12.156,0.25,29.556
FireSmokeVideoNEW26_f46_jpg.rf.589a067217e777a751aad10475ecbefe.jpg,0,0,0.9995,0.199,0.005,0.043,6.595,4.943,10.717,0.434,23.47
FireSmokeVideoNEW26_f4_jpg.rf.d688d7df9f262c6d2b3e578c6873be05.jpg,0,0,0.7126,0.197,0.004,0.044,7.173,5.273,7.505,0.368,21.147
FireSmokeVideoNEW26_f56_jpg.rf.091996435ae26520beb3244b5e0ee2bc.jpg,0,1,0.5124,0.372,0.008,0.062,8.068,1.008,6.523,0.238,16.685
FireSmokeVideoNEW26_f59_jpg.rf.fa7bc3aac3cd3f1c051dd584b60dafe4.jpg,0,1,0.539,0.205,0.004,0.047,4.546,1.102,6.424,0.231,12.954
FireSmokeVideoNEW26_f60_jpg.rf.62d0d8eae4ccc467a2e8fced935b824d.jpg,0,0,0.9397,0.206,0.004,0.045,5.954,1.017,6.446,0.228,14.3
FireSmokeVideoNEW26_f63_jpg.rf.69b2cff0f2bb17ae0ff536fc67019a1d.jpg,0,1,0.936,0.209,0.004,0.073,7.478,1.359,6.561,0.268,16.346
FireSmokeVideoNEW272_f17_jpg.rf.681a79d14101780a9bcd7453d9a3c679.jpg,0,0,0.7222,0.208,0.005,0.046,9.966,4.375,6.518,0.242,21.741
FireSmokeVideoNEW272_f19_jpg.rf.9e21fc07045a840ba29d86234002d9e9.jpg,0,1,0.5972,0.328,0.006,0.069,5.837,1.165,6.432,0.228,14.454
FireSmokeVideoNEW272_f34_jpg.rf.17eab7e1f185c1bf78222fa35986e631.jpg,0,1,0.6599,0.216,0.005,0.048,5.267,1.089,6.543,0.253,13.811
FireSmokeVideoNEW272_f40_jpg.rf.5021128e8f11f4be0933cbc0e2ffd97a.jpg,0,0,0.5844,0.217,0.005,0.05,4.999,1.106,6.315,0.239,13.313
FireSmokeVideoNEW275_f0_jpg.rf.66efa8f4455c2211b1008e5a09fc635f.jpg,0,0,1.0,0.206,0.004,0.044,4.909,1.083,6.434,0.241,13.314
FireSmokeVideoNEW275_f2_jpg.rf.2c4eb2d850522c60eb1ad7590c09421c.jpg,0,0,1.0,0.315,0.007,0.062,5.606,1.124,6.434,0.235,14.184
FireSmokeVideoNEW275_f4_jpg.rf.3c3d229e122e904ca5813eb2f0b03a09.jpg,0,0,1.0,0.212,0.004,0.047,5.049,1.139,6.44,0.222,13.502
FireSmokeVideoNEW275_f7_jpg.rf.3d3cfcb2ac85080323093b5f4f6c41b8.jpg,0,0,1.0,0.228,0.005,0.048,8.671,5.437,10.709,0.243,25.983
FireSmokeVideoNEW28_f10_jpg.rf.4bb4d72f7f6c00ff76743ecb428ff3d0.jpg,0,0,1.0,0.205,0.005,0.044,5.548,1.047,13.21,0.266,20.721
FireSmokeVideoNEW28_f1_jpg.rf.d1e73d75ae2b9e6caeec1d2cdc9124e7.jpg,0,0,0.9992,0.313,0.007,0.059,5.671,1.084,6.423,0.227,14.182
FireSmokeVideoNEW28_f21_jpg.rf.457752981e7607422ba3a8fc0040cba9.jpg,0,0,1.0,0.201,0.004,0.045,5.231,1.058,6.398,0.225,13.599
FireSmokeVideoNEW28_f23_jpg.rf.f783a837f645611d965ea29521af99c8.jpg,0,0,1.0,0.21,0.005,0.042,5.232,1.067,6.392,0.223,13.56
FireSmokeVideoNEW28_f29_jpg.rf.e6f9ee24d7da87d2cb32dadd9e3b77c4.jpg,0,0,1.0,0.202,0.005,0.042,5.416,1.068,6.458,0.214,13.795
FireSmokeVideoNEW28_f31_jpg.rf.b75f68e92e02020b7ebcb2ab065a5e01.jpg,0,0,1.0,0.202,0.005,0.042,5.011,1.09,6.424,0.218,13.381
FireSmokeVideoNEW28_f34_jpg.rf.92bb8541bcf700c33b44667585e21002.jpg,0,0,1.0,0.205,0.004,0.04,5.007,1.044,6.468,0.25,13.413
FireSmokeVideoNEW28_f36_jpg.rf.d36a568fc3698f3163d4868ee8ad919b.jpg,0,0,1.0,0.318,0.008,0.059,7.844,1.012,8.387,0.244,18.266
FireSmokeVideoNEW28_f38_jpg.rf.3439617aab6c1d0e3ae38eb636cbbf8f.jpg,0,0,0.999,0.213,0.004,0.047,5.881,1.103,6.572,0.231,14.447
FireSmokeVideoNEW28_f3_jpg.rf.8071c70044c10492beb8062b5511f680.jpg,0,0,1.0,0.21,0.005,0.047,6.547,1.494,6.49,0.226,15.416
FireSmokeVideoNEW2_f21_jpg.rf.0e9524cf62f6668246104036ea965a9a.jpg,0,0,0.9998,0.206,0.004,0.044,5.867,1.053,6.48,0.251,14.308
FireSmokeVideoNEW2_f23_jpg.rf.2419c84a5bda0a37d4631053393f7144.jpg,0,0,0.9994,0.211,0.004,0.045,6.003,1.152,6.408,0.226,14.448
FireSmokeVideoNEW2_f3_jpg.rf.96bdfc0d1d0807033c3499bfcca417d2.jpg,0,0,0.8539,0.206,0.005,0.045,6.813,1.39,7.413,0.364,16.782
FireSmokeVideoNEW2_f5_jpg.rf.acd86e0e4ec1ad803dd924f149d009d0.jpg,0,0,0.9586,0.207,0.004,0.043,6.084,0.994,6.479,0.238,14.452
FireSmokeVideoNEW32_f0_jpg.rf.2400a4bfa095f21a573437da42451295.jpg,0,0,1.0,0.239,0.004,0.044,9.217,5.622,9.516,0.377,25.576
FireSmokeVideoNEW32_f13_jpg.rf.ae355b286908e2d29d9a44f3f1b567b9.jpg,0,0,0.9986,0.207,0.004,0.045,6.229,1.006,8.305,0.247,16.504
FireSmokeVideoNEW32_f16_jpg.rf.a2bcfc2b71be00d988e48550c76c42a9.jpg,0,0,1.0,0.205,0.004,0.068,5.851,0.991,6.475,0.251,14.275
FireSmokeVideoNEW32_f1_jpg.rf.3299347e0a4bdbc4da1df1a6db03ccd7.jpg,0,0,1.0,0.214,0.004,0.045,4.611,1.445,6.404,0.241,13.468
FireSmokeVideoNEW32_f22_jpg.rf.83ac8450a5d131bcc7a1a42581404bdf.jpg,0,0,0.9997,0.273,0.004,0.046,4.593,1.094,6.435,0.235,13.077
FireSmokeVideoNEW32_f30_jpg.rf.14dd351a29b47e6c65320fb88bd6908f.jpg,0,1,0.9945,0.21,0.005,0.045,4.855,1.011,6.427,0.238,13.25
FireSmokeVideoNEW32_f32_jpg.rf.c7579105a780c42823b2bf0cfe716a2f.jpg,0,0,0.9742,0.219,0.005,0.044,5.916,1.314,7.576,0.341,15.921
FireSmokeVideoNEW32_f35_jpg.rf.e85d0be8faf914b709dc04814aaf341f.jpg,0,0,0.5678,0.218,0.005,0.049,5.294,1.293,6.614,0.269,14.146
FireSmokeVideoNEW32_f5_jpg.rf.d64bb033fd7cbf4738e6dfe35fdf1703.jpg,0,0,1.0,0.215,0.005,0.047,9.893,4.207,6.738,0.241,21.86
FireSmokeVideoNEW32_f9_jpg.rf.6dee71363eb5db4b336191f69e9b1ed7.jpg,0,0,1.0,0.354,0.007,0.057,7.634,1.135,6.888,0.383,16.88
FireSmokeVideoNEW33_f22_jpg.rf.7b762c1aaea4343a5ef9d0c55f56f953.jpg,0,0,0.9995,0.208,0.004,0.047,4.89,1.007,6.485,0.243,13.285
FireSmokeVideoNEW33_f4_jpg.rf.2a2a5a5e75eee5f94bff7e57472718ad.jpg,0,0,0.9996,0.212,0.005,0.046,6.452,1.16,6.446,0.259,14.963
FireSmokeVideoNEW33_f7_jpg.rf.8f4a8f9f00ac9edbee0d4623323bdcd6.jpg,0,0,0.9904,0.234,0.005,0.044,4.896,0.974,6.422,0.229,13.199
FireSmokeVideoNEW33_f9_jpg.rf.6c70578f3c4ef4ec42b2df3d2c549ceb.jpg,0,0,0.9812,0.299,0.031,0.044,5.235,1.017,6.417,0.218,13.66
FireSmokeVideoNEW34_f1_jpg.rf.8215067316131a3313e18d5ad5353d99.jpg,0,0,0.9998,0.237,0.004,0.045,6.554,2.962,8.626,0.243,19.071
FireSmokeVideoNEW34_f34_jpg.rf.37cec1d82efd789d44143e68cd758395.jpg,0,0,1.0,0.205,0.004,0.045,5.442,3.206,13.952,0.345,23.664
FireSmokeVideoNEW34_f38_jpg.rf.26502230165a0194b177c8d1b86e9696.jpg,0,0,1.0,0.206,0.005,0.044,6.955,1.075,7.961,0.235,17.705
FireSmokeVideoNEW34_f40_jpg.rf.b206248a0c183d0f0c6fa6b3cea3f9b1.jpg,0,0,1.0,0.33,0.007,0.061,7.557,1.542,6.628,0.229,16.979
FireSmokeVideoNEW34_f42_jpg.rf.d53011814dbea48b0ec1dafff52177a1.jpg,0,0,1.0,0.227,0.005,0.045,5.911,1.012,6.903,0.322,14.837
FireSmokeVideoNEW34_f44_jpg.rf.1177396e61f8137af220647dce4b1245.jpg,0,0,1.0,0.206,0.004,0.044,4.668,1.389,6.395,0.222,13.315
FireSmokeVideoNEW34_f46_jpg.rf.cca6e614ca8501a020d46912f1b3ee4e.jpg,0,0,1.0,0.198,0.005,0.042,4.747,0.993,6.44,0.214,13.035
FireSmokeVideoNEW34_f50_jpg.rf.a36a4778c1868528e32b55d792489d17.jpg,0,0,1.0,0.236,0.005,0.046,5.087,0.997,6.425,0.223,13.424
FireSmokeVideoNEW34_f52_jpg.rf.8ce2843bdac208f9cecc552f7a6ca397.jpg,0,0,1.0,0.215,0.004,0.044,6.492,4.198,11.927,0.273,23.533
FireSmokeVideoNEW34_f9_jpg.rf.21533fd04be19eae845493f79a8b8d5d.jpg,0,0,0.9999,0.207,0.005,0.043,7.778,3.729,7.22,0.24,19.727
FireSmokeVideoNEW39_f12_jpg.rf.6b1a04cbd026fc441becebb94e427c4a.jpg,0,0,1.0,0.87,0.007,0.054,9.034,1.908,6.741,0.388,19.415
FireSmokeVideoNEW39_f14_jpg.rf.0b630472ef3171594b7408d634811857.jpg,0,0,1.0,0.212,0.004,0.045,4.86,1.036,6.569,0.25,13.375
FireSmokeVideoNEW39_f27_jpg.rf.a348c34cb0c905bc10848eef58c16736.jpg,0,0,1.0,0.319,0.006,0.06,5.195,0.985,6.475,0.244,13.689
FireSmokeVideoNEW39_f29_jpg.rf.3153d7e1c815872b09fa97870799ef0f.jpg,0,0,1.0,0.201,0.005,0.043,4.98,1.011,7.369,0.237,14.242
FireSmokeVideoNEW39_f30_jpg.rf.bc038c090b010da4c10327f81f872cb0.jpg,0,0,1.0,0.245,0.005,0.049,4.639,1.021,6.454,0.245,13.051
FireSmokeVideoNEW39_f38_jpg.rf.82ad0aa274eed9218fd4ed14780e9bad.jpg,0,0,1.0,0.219,0.005,0.048,9.209,5.7,12.275,0.243,28.241
FireSmokeVideoNEW39_f3_jpg.rf.c34909729e2fc010ba87b670b4c77269.jpg,0,0,1.0,0.284,0.006,0.075,10.795,2.681,13.226,0.258,27.713
FireSmokeVideoNEW39_f5_jpg.rf.92baa02b2efc10d6311e03b178523e76.jpg,0,0,1.0,0.288,0.006,0.049,6.176,3.442,7.517,0.367,18.269
FireSmokeVideoNEW39_f7_jpg.rf.6fa03b62a2a987bef0d1121c557bc62a.jpg,0,0,1.0,0.298,0.006,0.056,8.723,3.166,6.507,0.243,19.396
FireSmokeVideoNEW39_f9_jpg.rf.05d7d81358629eb2852e6331007a1a4a.jpg,0,0,1.0,0.295,0.007,0.058,8.174,1.274,6.642,0.34,17.201
FireSmokeVideoNEW42_f47_jpg.rf.fefbdf8f7c2f935e5f4f0b188f792887.jpg,0,0,0.9996,0.287,0.008,0.055,5.424,0.986,6.517,0.236,13.907
FireSmokeVideoNEW46_f0_jpg.rf.946d702a200935149a2bfd27e574bd51.jpg,0,0,1.0,0.219,0.004,0.046,9.136,4.116,7.114,0.246,21.898
FireSmokeVideoNEW46_f11_jpg.rf.0936909f6cd873e909fd9cec877c6170.jpg,0,0,0.8851,0.196,0.004,0.041,6.535,2.93,6.447,0.266,16.809
FireSmokeVideoNEW46_f13_jpg.rf.0473876fe175a3df05494cecb56edf4b.jpg,0,0,0.9949,0.301,0.007,0.05,6.693,2.977,6.44,0.238,17.102
FireSmokeVideoNEW46_f17_jpg.rf.8ad412a7df70200affbd47d3955b8f23.jpg,0,0,1.0,0.208,0.005,0.047,6.565,2.987,6.452,0.238,16.893
FireSmokeVideoNEW46_f19_jpg.rf.a4ad74e22f482a72ff8982feeda7fc3d.jpg,0,0,0.9993,0.305,0.008,0.056,7.494,3.481,6.513,0.237,18.493
FireSmokeVideoNEW46_f2_jpg.rf.c648a34debc2802b7fcc427f8100ba55.jpg,0,0,0.9991,0.208,0.005,0.048,4.562,1.038,6.488,0.237,12.982
FireSmokeVideoNEW46_f3_jpg.rf.b37ca62c29e752c22d88e612645f6f13.jpg,0,0,0.9957,0.216,0.004,0.047,4.624,2.975,6.722,0.27,15.269
FireSmokeVideoNEW46_f5_jpg.rf.6fc10ebb6c245cf0beafb1715d734d4e.jpg,0,0,0.7517,0.209,0.005,0.046,4.957,1.447,6.815,0.244,14.122
FireSmokeVideoNEW46_f7_jpg.rf.bdb3373b6a924b037a4685de7305f41b.jpg,0,0,0.9968,0.245,0.005,0.048,5.617,1.046,6.511,0.238,14.114
FireSmokeVideoNEW47_f51_jpg.rf.c88a9a00e436ad4847e42bef177b68ce.jpg,0,0,0.9989,0.202,0.004,0.045,4.525,1.178,6.488,0.225,13.076
FireSmokeVideoNEW48_f14_jpg.rf.56243d543269e852e51ed4a0117e8539.jpg,0,0,1.0,0.203,0.004,0.045,4.666,1.02,6.406,0.218,12.961
FireSmokeVideoNEW48_f19_jpg.rf.0b70ec5385e2deb805c52d665f085647.jpg,0,0,0.9998,0.233,0.005,0.042,4.6,1.012,6.417,0.217,12.918
FireSmokeVideoNEW48_f20_jpg.rf.2b84e7c78da5d2d5c1921742e44bdc1e.jpg,0,0,0.9997,0.204,0.005,0.044,6.089,1.977,7.518,0.251,16.869
FireSmokeVideoNEW48_f27_jpg.rf.6f0ea7fe884a78a1b811a178ab0eac35.jpg,0,0,0.9794,0.208,0.005,0.048,4.573,1.167,8.289,0.234,14.922
FireSmokeVideoNEW48_f2_jpg.rf.ec11cbfdc108affb5a7c9723dbb7e5da.jpg,0,0,1.0,0.217,0.005,0.047,5.074,3.173,6.902,0.322,16.144
FireSmokeVideoNEW48_f4_jpg.rf.8cf00b4fa17c2551537859be9fde3adc.jpg,0,0,1.0,0.211,0.004,0.046,5.076,1.438,6.586,0.241,13.993
FireSmokeVideoNEW48_f9_jpg.rf.ca91030726b8b41e67493de29adad562.jpg,0,0,1.0,0.221,0.004,0.051,4.905,1.067,6.55,0.237,13.429
FireSmokeVideoNEW53_f1_jpg.rf.be3cc4af60b8e00cd05cfa5e51ad005e.jpg,0,0,0.9996,0.212,0.005,0.046,5.177,1.178,6.532,0.233,13.775
FireSmokeVideoNEW53_f2_jpg.rf.3d973bf1ac678298859d488cb4bfe757.jpg,0,0,0.999,0.215,0.005,0.046,5.906,1.106,6.489,0.241,14.404
FireSmokeVideoNEW53_f3_jpg.rf.c585371eb2404fbdf5969b1273dc86d6.jpg,0,0,0.9996,0.204,0.004,0.043,5.268,1.168,6.443,0.22,13.747
FireSmokeVideoNEW53_f52_jpg.rf.a3230f3288fb962379665fb159f9317f.jpg,0,0,0.9724,0.209,0.005,0.047,5.001,1.072,6.476,0.239,13.438
FireSmokeVideoNEW53_f5_jpg.rf.50876281755a19260cc1d23bde91547a.jpg,0,0,0.9998,0.213,0.004,0.048,5.099,1.066,6.358,0.228,13.402
FireSmokeVideoNEW53_f7_jpg.rf.7b454ecfa010b15be836f1818eb9bdcc.jpg,0,0,0.9996,0.212,0.005,0.046,5.184,1.109,6.516,0.264,13.732
FireSmokeVideoNEW53_f9_jpg.rf.fe1cd71cc35a34c3db2d47541a5a491f.jpg,0,0,0.9996,0.214,0.005,0.047,7.845,1.168,9.037,0.349,19.147
FireSmokeVideoNEW54_f13_jpg.rf.a9e867909a17f3f9c11ca08ddf18b5dc.jpg,0,0,1.0,0.211,0.004,0.048,4.931,1.033,6.451,0.225,13.295
FireSmokeVideoNEW54_f38_jpg.rf.cca8610c8803098ff4c112e69e53928d.jpg,0,0,1.0,0.205,0.005,0.045,4.924,1.128,6.488,0.222,13.401
FireSmokeVideoNEW54_f55_jpg.rf.8c8d8266780830e66fd8172a9978a3f3.jpg,0,0,1.0,0.207,0.005,0.044,4.864,1.059,6.497,0.221,13.285
FireSmokeVideoNEW56_f20_jpg.rf.22946dd32acfc9afc317f1d62d04bfbf.jpg,0,0,0.9997,0.204,0.004,0.042,4.907,1.048,6.512,0.216,13.333
FireSmokeVideoNEW56_f2_jpg.rf.80406e8b8db41fbb2a526666406933ea.jpg,0,0,0.9978,0.208,0.004,0.046,5.053,1.057,6.432,0.219,13.418
FireSmokeVideoNEW57_f0_jpg.rf.0f2ac245a69e897a0b3f132c5bf85c27.jpg,0,0,0.9949,0.208,0.004,0.046,4.816,1.1,6.392,0.229,13.184
FireSmokeVideoNEW57_f17_jpg.rf.a453dc14f6f15fc3de4a74d44c01b582.jpg,0,0,0.9914,0.258,0.004,0.042,8.371,5.06,11.506,0.398,26.124
FireSmokeVideoNEW57_f19_jpg.rf.193e9484ef231b4d852a672156a828fb.jpg,0,0,0.9978,0.203,0.004,0.046,4.91,1.171,8.207,0.231,15.155
FireSmokeVideoNEW57_f31_jpg.rf.4740da129b70974c33df9d8baa14ef93.jpg,0,0,0.9972,0.202,0.004,0.045,5.182,1.048,6.441,0.23,13.581
FireSmokeVideoNEW57_f42_jpg.rf.4f77a2a110e95e655d236b9a91d0cddc.jpg,0,0,0.9961,0.214,0.004,0.045,4.911,1.069,6.424,0.222,13.273
FireSmokeVideoNEW57_f6_jpg.rf.85c2607d9aad7c96de861d85c83cfd1e.jpg,0,0,0.8126,0.208,0.005,0.044,5.029,1.032,6.437,0.22,13.364
FireSmokeVideoNEW58_f17_jpg.rf.076d9217e2466be0e0fd241ae7f862a3.jpg,0,0,0.7865,0.202,0.004,0.045,4.509,1.058,6.418,0.228,12.853
FireSmokeVideoNEW63_f11_jpg.rf.25ae51ab6751c2d51da80735217b0266.jpg,0,0,0.9995,0.311,0.005,0.052,5.654,1.109,6.396,0.218,14.135
FireSmokeVideoNEW63_f13_jpg.rf.b6d8ff5649c5231eb191262548710ec5.jpg,0,0,0.962,0.206,0.005,0.045,4.732,1.061,6.429,0.244,13.112
FireSmokeVideoNEW63_f19_jpg.rf.e15a7746a3b7c63745c8c7b7da181fdf.jpg,0,0,0.9997,0.226,0.005,0.048,10.262,5.774,6.387,0.242,23.384
FireSmokeVideoNEW63_f36_jpg.rf.a0eba986ede34082f38d6ce0b5e4fbca.jpg,0,1,0.6622,0.201,0.005,0.044,5.022,1.026,6.471,0.24,13.447
FireSmokeVideoNEW63_f42_jpg.rf.fe301e2deb9d6c60b048e228f8e3f78b.jpg,0,1,0.8605,0.207,0.005,0.046,4.572,1.05,6.535,0.261,13.07
FireSmokeVideoNEW63_f6_jpg.rf.7c4ff88b991b7d55bc27353d442f6479.jpg,0,0,0.9983,0.209,0.005,0.045,5.059,1.169,6.471,0.244,13.598
FireSmokeVideoNEW63_f9_jpg.rf.a020de6c38e4bc3866286605bb6758c0.jpg,0,0,0.4289,0.205,0.005,0.049,5.205,0.992,8.306,0.238,15.399
FireSmokeVideoNEW64_f150_jpg.rf.6ec4b2d180978f7148d8db8b68ec3d6c.jpg,0,0,0.998,0.201,0.005,0.045,4.927,1.016,6.585,0.23,13.406
FireSmokeVideoNEW67_f2_jpg.rf.daadde4a854a81a0f02598ae3a1873b7.jpg,0,0,0.9724,0.198,0.004,0.044,4.61,1.014,6.432,0.227,13.031
FireSmokeVideoNEW67_f3_jpg.rf.e4ecce359edcc9aaee297ded26bd224d.jpg,0,0,0.9988,0.206,0.004,0.045,7.298,5.884,12.243,0.293,26.584
FireSmokeVideoNEW67_f4_jpg.rf.7ef6096d19f1e5d6c95361f949b8b860.jpg,0,0,0.9998,0.211,0.004,0.046,7.903,2.972,6.428,0.248,18.205
FireSmokeVideoNEW6_f10_jpg.rf.8cbe534300bd63ed1a2225d5bacef23f.jpg,0,0,0.9862,0.311,0.007,0.059,7.298,0.914,6.737,0.338,16.069
FireSmokeVideoNEW6_f13_jpg.rf.0554da6efca5c9547c0d2db399f61286.jpg,0,0,0.926,0.299,0.007,0.058,7.719,0.961,6.809,0.327,16.588
FireSmokeVideoNEW6_f1_jpg.rf.3d6226ac747b206b2b0e2a82d90ad4c3.jpg,0,0,0.993,0.315,0.008,0.057,7.015,1.091,6.437,0.253,15.581
FireSmokeVideoNEW6_f24_jpg.rf.8d2308fb08f265e0b97f90584fe28e2e.jpg,0,0,0.9117,0.207,0.004,0.045,4.963,0.983,8.237,0.234,15.075
FireSmokeVideoNEW6_f2_jpg.rf.e109f60eb45b81065e94ec815811ebcd.jpg,0,0,0.9845,0.325,0.004,0.042,5.477,1.003,6.737,0.335,14.326
FireSmokeVideoNEW6_f4_jpg.rf.0d6b29d2f459353f71ddf60ae2b2fc48.jpg,0,0,0.9469,0.212,0.004,0.045,8.696,5.534,13.233,0.286,28.571
FireSmokeVideoNEW6_f6_jpg.rf.77b5c7930d92854bf87af48e1700c4e0.jpg,0,0,0.8985,0.307,0.006,0.057,6.675,1.016,6.897,0.338,15.717
FireSmokeVideoNEW6_f8_jpg.rf.f309ef160b3c3c369fea22b5a31bfda5.jpg,0,0,0.9449,0.309,0.008,0.062,6.14,1.796,7.053,0.324,16.104
FireSmokeVideoNEW73_f1_jpg.rf.5804fa5e2c17b2760c764f6cd0e4ee7a.jpg,0,0,0.9992,0.3,0.008,0.054,11.239,3.531,6.477,0.276,22.281
FireSmokeVideoNEW73_f31_jpg.rf.a5a7abcd560770f3ad8075c832046ab6.jpg,0,0,0.977,0.199,0.005,0.042,5.397,1.6,6.402,0.225,14.273
FireSmokeVideoNEW73_f33_jpg.rf.be83c389fea72019723db1dbe2661485.jpg,0,0,0.6827,0.197,0.005,0.042,4.817,1.005,6.5,0.226,13.189
FireSmokeVideoNEW73_f3_jpg.rf.80cf7fd5835b56a66d2a5007f28b4327.jpg,0,0,0.9999,0.202,0.004,0.046,6.647,3.043,6.59,0.291,17.219
FireSmokeVideoNEW73_f45_jpg.rf.9dc49a737143aa0848b6916ab608c543.jpg,0,0,0.9997,0.206,0.005,0.044,7.91,1.249,7.119,0.241,17.358
FireSmokeVideoNEW73_f4_jpg.rf.800537e07a64962896778864b0591eae.jpg,0,0,0.9999,0.298,0.007,0.055,5.771,0.986,6.429,0.217,14.166
FireSmokeVideoNEW73_f6_jpg.rf.515f0defa87139b149a5cfdee21313ac.jpg,0,0,0.9969,0.207,0.005,0.046,4.838,1.077,6.822,0.333,13.745
FireSmokeVideoNEW75_f33_jpg.rf.2ee9cdd9def279ff273ef66e7a0cb377.jpg,0,0,1.0,0.203,0.004,0.044,5.766,1.021,6.477,0.237,14.159
FireSmokeVideoNEW75_f35_jpg.rf.b80679d1063fcd1f85d0d3f0c78ba13b.jpg,0,0,1.0,0.195,0.004,0.045,4.615,0.972,6.408,0.234,12.878
FireSmokeVideoNEW75_f45_jpg.rf.69e2c92e7d989e8269ffd61a27a2aa13.jpg,0,0,0.9997,0.299,0.006,0.056,5.06,0.972,6.404,0.274,13.477
FireSmokeVideoNEW75_f48_jpg.rf.4fe0cc9fcd7df1aa6c6bed8ca01c8015.jpg,0,0,0.9997,0.195,0.005,0.045,5.2,0.971,6.477,0.223,13.513
FireSmokeVideoNEW75_f68_jpg.rf.9aaeb12d401e8cc7f2939155adecc0f5.jpg,0,0,1.0,0.204,0.004,0.043,8.667,6.459,12.093,0.243,28.262
FireSmokeVideoNEW75_f75_jpg.rf.e88e49fecb20c35c69c34942f33a06a7.jpg,0,0,1.0,0.195,0.004,0.044,6.457,0.868,8.089,0.227,16.342
FireSmokeVideoNEW75_f78_jpg.rf.87dddcc348df8fb661dcc67f17bb9f2d.jpg,0,0,1.0,0.316,0.006,0.059,7.789,0.994,6.458,0.234,16.264
FireSmokeVideoNEW75_f80_jpg.rf.9471fe6a95f23f6cf0169b283586d685.jpg,0,0,1.0,0.205,0.004,0.046,5.802,1.512,7.553,0.343,16.001
FireSmokeVideoNEW77_f0_jpg.rf.4a14fd690d14ad736592948ee9e8479d.jpg,0,0,1.0,0.211,0.004,0.046,4.742,1.07,8.107,0.237,14.816
FireSmokeVideoNEW77_f2_jpg.rf.88e0bee913f1efd71b9762beba9a9758.jpg,0,0,0.9997,0.284,0.008,0.058,6.568,1.006,6.86,0.351,15.547
FireSmokeVideoNEW77_f4_jpg.rf.11fca767124a67dfda05ea0ff98197d6.jpg,0,1,0.6422,0.283,0.006,0.056,6.38,1.058,6.794,0.332,15.327
FireSmokeVideoNEW77_f6_jpg.rf.0adf49b0786314e6dcf2ae804245b4c3.jpg,0,0,1.0,0.208,0.004,0.043,8.668,5.227,16.075,0.261,31.463
FireSmokeVideoNEW78_f100_jpg.rf.0246a93591f580c23841f1f7a03d4378.jpg,0,0,0.7713,0.332,0.007,0.067,6.56,1.25,8.629,0.259,17.565
FireSmokeVideoNEW78_f102_jpg.rf.a2d5cf1ede7214163378c154870f20df.jpg,0,0,0.9895,0.331,0.007,0.064,8.622,1.49,7.518,0.373,18.948
FireSmokeVideoNEW78_f104_jpg.rf.4dfdeaab2d0f11e560669b1db346ab29.jpg,0,0,0.9988,0.319,0.008,0.061,9.327,1.414,7.199,0.266,19.102
FireSmokeVideoNEW78_f106_jpg.rf.03e27ed66fb5e083bcd70ef8e2b22de7.jpg,0,0,0.9997,0.302,0.006,0.06,5.935,1.103,6.962,0.343,15.109
FireSmokeVideoNEW78_f10_jpg.rf.69aed95726c0095073665b0547b6c0ed.jpg,0,1,0.5804,0.216,0.005,0.051,5.003,1.252,6.478,0.252,13.64
FireSmokeVideoNEW78_f122_jpg.rf.28dbb8a05a0291954b64ab4b75560d87.jpg,0,1,0.7771,0.278,0.007,0.073,7.498,3.876,9.458,0.276,22.339
FireSmokeVideoNEW78_f124_jpg.rf.da29f797f636157db5e44eeee1e233f9.jpg,0,1,0.9997,0.201,0.005,0.048,4.876,0.975,6.401,0.227,13.173
FireSmokeVideoNEW78_f127_jpg.rf.321d817e07be65ecfaaed302fe940299.jpg,0,1,0.8353,0.202,0.005,0.043,5.026,1.062,6.466,0.237,13.423
FireSmokeVideoNEW78_f12_jpg.rf.2f015eabaf21f5b942f8a0bcf23d91ff.jpg,0,0,0.8553,0.234,0.005,0.102,5.088,1.106,6.314,0.237,13.471
FireSmokeVideoNEW78_f131_jpg.rf.b3b8dd2cd92377e41c69b08136962380.jpg,0,0,0.9987,0.21,0.005,0.05,5.417,1.039,6.515,0.24,13.882
FireSmokeVideoNEW78_f133_jpg.rf.b1330a0b83a815537dcb8cf7a805c634.jpg,0,0,0.9526,0.203,0.004,0.047,5.966,1.254,6.43,0.229,14.52
FireSmokeVideoNEW78_f136_jpg.rf.07483348f2b8003d1b57ebe68cabe6dd.jpg,0,1,0.9147,0.205,0.004,0.047,11.196,3.862,12.031,0.276,28.162
FireSmokeVideoNEW78_f138_jpg.rf.507f5c7806e18c1a350e44407de0fe2a.jpg,0,1,0.7569,0.213,0.005,0.048,14.108,5.255,6.553,0.784,27.425
FireSmokeVideoNEW78_f13_jpg.rf.e9056c18bdbf9fbd1a8673f84e127374.jpg,0,0,0.84,0.198,0.004,0.049,9.625,4.211,7.292,0.257,22.132
FireSmokeVideoNEW78_f142_jpg.rf.3ad7a5e4c0bf22702d7b5346f04bc6ed.jpg,0,0,0.9984,0.307,0.006,0.057,5.782,1.028,6.965,0.378,14.968
FireSmokeVideoNEW78_f145_jpg.rf.037ccfa0fc4c862099bf7bf7346c0f5f.jpg,0,0,0.9783,0.336,0.007,0.058,10.597,1.47,11.597,0.281,24.749
FireSmokeVideoNEW78_f147_jpg.rf.53226233b248526015d8caca17485998.jpg,0,0,0.7685,0.337,0.006,0.067,8.352,1.797,7.131,0.238,18.442
FireSmokeVideoNEW78_f14_jpg.rf.e0b0e00597d55eb4106355586ac58022.jpg,0,0,0.8954,0.319,0.007,0.06,7.835,1.37,6.818,0.268,17.185
FireSmokeVideoNEW78_f152_jpg.rf.1468ff75ff69d32c3b5da5a0f41b31d5.jpg,0,1,0.9991,0.321,0.032,0.049,8.56,3.923,8.544,0.258,22.309
FireSmokeVideoNEW78_f158_jpg.rf.44c2d57f7bada69f448ebba94a5be347.jpg,0,0,0.9811,0.2,0.004,0.045,7.335,1.332,6.496,0.241,16.052
FireSmokeVideoNEW78_f15_jpg.rf.61bfc553293c8b84ca5e66929864acdf.jpg,0,1,0.9939,0.203,0.004,0.046,4.524,1.262,6.48,0.226,13.144
FireSmokeVideoNEW78_f161_jpg.rf.fc6ab255d1073c4cd042aea1a9ffc0ce.jpg,0,1,0.9995,0.198,0.004,0.044,4.564,1.032,6.458,0.222,12.914
FireSmokeVideoNEW78_f164_jpg.rf.58c533961fb4ab7e37ea72d1d25da9f6.jpg,0,0,0.9984,0.203,0.005,0.045,4.549,1.036,6.421,0.22,12.87
FireSmokeVideoNEW78_f17_jpg.rf.299e2d271ee22e3adee51bd0a3922796.jpg,0,1,0.9733,0.205,0.005,0.044,4.605,1.023,6.41,0.223,12.911
FireSmokeVideoNEW78_f19_jpg.rf.6a9a9334d939cc1725e048d33aaac632.jpg,0,0,0.9998,0.314,0.007,0.054,5.18,1.1,6.497,0.226,13.774
FireSmokeVideoNEW78_f26_jpg.rf.808c1332a8ddd27dc683519fdb709c59.jpg,0,0,0.7282,0.203,0.003,0.046,4.995,1.002,6.443,0.226,13.309
FireSmokeVideoNEW78_f31_jpg.rf.f9b23ec992e523a23dab00a5f1df7323.jpg,0,0,0.9996,0.206,0.004,0.045,6.076,4.136,12.459,0.494,24.019
FireSmokeVideoNEW78_f34_jpg.rf.048c3a009cf9f01f2c893c3a7f4d29f9.jpg,0,0,0.9985,0.202,0.004,0.043,5.83,1.03,8.326,0.274,16.116
FireSmokeVideoNEW78_f38_jpg.rf.d7bcbb88a8606325bca512f08fb12b85.jpg,0,0,0.9911,0.207,0.004,0.045,7.713,3.365,6.581,0.24,18.543
FireSmokeVideoNEW78_f42_jpg.rf.e3b7341b07eedc97e4f9e71568efcf3b.jpg,0,0,0.9995,0.205,0.004,0.047,12.252,3.776,6.486,0.244,23.449
FireSmokeVideoNEW78_f47_jpg.rf.0441a6536279080fb8d9e3973da359e1.jpg,0,0,0.9972,0.241,0.005,0.046,7.074,3.077,6.496,0.24,17.563
FireSmokeVideoNEW78_f49_jpg.rf.dde62e81d3b1003dec55327fb90205a1.jpg,0,0,0.9992,0.256,0.005,0.046,5.842,1.071,6.436,0.23,14.282
FireSmokeVideoNEW78_f52_jpg.rf.97cae6149ae8788c2184eaed6c87a189.jpg,0,0,0.9946,0.203,0.004,0.045,5.496,1.185,6.405,0.222,13.949
FireSmokeVideoNEW78_f61_jpg.rf.be1e2bc45ce111239fd79c23f8ab84da.jpg,0,0,0.9214,0.316,0.006,0.06,9.229,5.977,13.114,0.257,29.631
FireSmokeVideoNEW78_f63_jpg.rf.fbb9f0f738cfd1b52d9679fde4e550d0.jpg,0,0,0.8564,0.324,0.007,0.058,7.21,1.237,6.331,0.241,15.82
FireSmokeVideoNEW78_f75_jpg.rf.9736fba22ca009ad8d833f2743ffdbc4.jpg,0,0,0.9941,0.201,0.005,0.044,5.081,1.111,6.485,0.24,13.56
FireSmokeVideoNEW78_f78_jpg.rf.ad211232a0cea8103bc29bcabecf64d2.jpg,0,1,0.8172,0.346,0.004,0.049,4.788,1.134,6.442,0.251,13.408
FireSmokeVideoNEW78_f88_jpg.rf.9c9b2172a345b216cb3b8b94a5c2d2ab.jpg,0,0,0.9999,0.208,0.004,0.049,5.194,1.051,6.35,0.261,13.517
FireSmokeVideoNEW78_f90_jpg.rf.80cbc2f807fa48bb77a0ddbb4f92d53b.jpg,0,0,0.7904,0.22,0.005,0.045,4.773,1.128,6.459,0.238,13.257
FireSmokeVideoNEW78_f92_jpg.rf.27764e757cbe076dd10b68e650b76830.jpg,0,1,0.9999,0.214,0.005,0.048,5.791,3.231,6.581,0.252,16.525
FireSmokeVideoNEW79_f0_jpg.rf.6c233f9324baca74d71237694e6208bd.jpg,0,0,0.9682,0.21,0.005,0.047,5.498,1.08,8.8,0.298,16.343
FireSmokeVideoNEW79_f2_jpg.rf.5ab5b7083ef2140587b2a747e3586750.jpg,0,0,0.7772,0.225,0.005,0.052,8.863,1.511,12.219,0.413,23.696
FireSmokeVideoNEW80_f50_jpg.rf.7f64db0a23902eb4e695223dd5747b37.jpg,0,1,0.5383,0.21,0.005,0.047,7.0,1.045,6.929,0.351,16.006
FireSmokeVideoNEW80_f61_jpg.rf.959eac64f354d759776d524f88c45b54.jpg,0,0,1.0,0.202,0.005,0.044,4.658,1.046,6.453,0.219,13.028
FireSmokeVideoNEW80_f65_jpg.rf.7f149793ecdde0a3088c67a29cf616da.jpg,0,0,0.9997,0.209,0.005,0.046,7.004,3.433,6.502,0.248,17.844
FireSmokeVideoNEW81_f211_jpg.rf.38c21e9ceb0d450c3ed4ca3cf710875d.jpg,0,0,0.9997,0.209,0.004,0.044,7.3,1.503,7.851,0.236,18.429
FireSmokeVideoNEW89_f11_jpg.rf.70971440ad7fa3a635d4cc1ab55cad11.jpg,0,0,0.9999,0.202,0.004,0.054,8.253,1.063,6.572,0.268,16.828
FireSmokeVideoNEW89_f17_jpg.rf.ec3175100da4cb6b501a733b338779f7.jpg,0,0,1.0,0.2,0.004,0.044,10.659,4.567,7.822,0.236,24.117
FireSmokeVideoNEW89_f1_jpg.rf.37a11c7ddf12f38ce97517fee96442bb.jpg,0,0,0.9994,0.314,0.006,0.061,5.748,1.077,6.539,0.241,14.383
FireSmokeVideoNEW89_f2_jpg.rf.16478f8bf0e21d7ae5ef8e7051a527cb.jpg,0,0,0.9994,0.307,0.007,0.058,8.871,5.57,6.823,0.359,22.394
FireSmokeVideoNEW89_f4_jpg.rf.fa8d6c732f82ea8bce65e81448214a57.jpg,0,0,0.9999,0.205,0.004,0.044,5.722,1.052,6.948,0.343,14.731
FireSmokeVideoNEW89_f6_jpg.rf.ccdfa2eab1b682546c276d848611695a.jpg,0,0,0.9997,0.203,0.004,0.044,4.985,1.198,6.44,0.22,13.489
FireSmokeVideoNEW91_f108_jpg.rf.5ef9b4b7ed321d80a6402fbdae06d84b.jpg,0,0,0.6872,0.206,0.005,0.044,6.656,1.078,6.412,0.244,15.038
FireSmokeVideoNEW91_f12_jpg.rf.2be217fe87bb1d10063e40ad2f98edfb.jpg,0,0,0.9878,0.305,0.006,0.059,5.658,1.138,6.547,0.263,14.367
FireSmokeVideoNEW91_f13_jpg.rf.6304559d635dfce84893aab443a42e65.jpg,0,0,0.9843,0.207,0.004,0.042,9.085,6.601,7.718,0.251,24.652
FireSmokeVideoNEW91_f148_jpg.rf.9e5f4e32806ea4cc19e38216c32ddd68.jpg,0,0,0.6678,0.203,0.004,0.047,4.882,1.004,6.493,0.233,13.26
FireSmokeVideoNEW91_f170_jpg.rf.d36210d91c7d46d5ca51b63bc9498af5.jpg,0,0,0.6997,0.307,0.006,0.053,5.252,1.184,6.42,0.229,13.847
FireSmokeVideoNEW91_f21_jpg.rf.a12d1de3d7849f71b00134f7aad3c96e.jpg,0,0,0.9749,0.215,0.004,0.047,5.028,1.3,6.327,0.223,13.527
FireSmokeVideoNEW91_f38_jpg.rf.a087aed53a287ec998541fb45a7d99bd.jpg,0,0,0.7538,0.211,0.005,0.047,5.928,1.239,7.242,0.323,15.522
FireSmokeVideoNEW91_f40_jpg.rf.780ddb94651d757a91f575081bd62f4b.jpg,0,0,0.9129,0.206,0.004,0.044,5.452,0.984,6.499,0.221,13.794
FireSmokeVideoNEW91_f42_jpg.rf.32a7340390b259f4193b115a5e8b8e6e.jpg,0,0,0.8765,0.201,0.004,0.044,4.964,1.122,6.429,0.216,13.376
FireSmokeVideoNEW91_f47_jpg.rf.950519a05fa951eb26376e406dab7dbf.jpg,0,0,0.8091,0.21,0.004,0.043,7.493,2.459,8.46,0.3,19.375
FireSmokeVideoNEW91_f6_jpg.rf.6737f231d43f4a31b404b6c2d00a7653.jpg,0,0,0.9935,0.209,0.005,0.045,9.108,5.235,8.34,0.244,23.579
FireSmokeVideoNEW91_f83_jpg.rf.b3ce501ee874dfaa8930d94da168fbcf.jpg,0,0,0.7413,0.316,0.006,0.059,7.394,1.19,6.46,0.221,16.045
FireSmokeVideoNEW94_f46_jpg.rf.388c6a516184b8ceb517c84668463f97.jpg,0,0,0.9993,0.21,0.004,0.045,5.629,1.221,6.513,0.241,14.264
FireSmokeVideoNEW94_f51_jpg.rf.3626a9e872bd6254896a5f991db229b2.jpg,0,0,1.0,0.213,0.006,0.051,5.264,1.105,8.276,0.231,15.589
FireSmokeVideoNEW95_f106_jpg.rf.7ac012d87c7064e231e67b159d856e28.jpg,0,0,1.0,0.213,0.005,0.049,5.452,1.075,6.458,0.241,13.881
FireSmokeVideoNEW95_f114_jpg.rf.c99df44b78ce44d23869a9bf3e625f92.jpg,0,0,1.0,0.331,0.008,0.062,5.16,1.112,6.44,0.232,13.74
FireSmokeVideoNEW95_f13_jpg.rf.60cf14a601d84bc46dadd09d8994103b.jpg,0,0,1.0,0.227,0.005,0.051,7.853,3.187,7.861,0.777,20.498
FireSmokeVideoNEW95_f15_jpg.rf.f4b4ef47a62a51c9b6f84fe85b00c663.jpg,0,0,1.0,0.209,0.004,0.085,8.635,5.922,6.388,0.245,21.886
FireSmokeVideoNEW95_f18_jpg.rf.fdc6e6e99e84c4e6f0c6a9801a40822d.jpg,0,0,1.0,0.201,0.004,0.044,5.565,1.21,6.476,0.24,14.148
FireSmokeVideoNEW95_f1_jpg.rf.9804acdca65427359fba9b986ef302a2.jpg,0,0,1.0,0.204,0.005,0.043,4.785,1.013,6.442,0.236,13.116
FireSmokeVideoNEW95_f24_jpg.rf.7b772eb5e401a33372318f80ab499a50.jpg,0,0,1.0,0.205,0.005,0.045,8.408,1.264,7.407,0.361,18.243
FireSmokeVideoNEW95_f32_jpg.rf.44f112f3dbd99de1d1a8077f4babbf85.jpg,0,0,1.0,0.205,0.005,0.047,4.378,1.009,6.413,0.225,12.704
FireSmokeVideoNEW95_f37_jpg.rf.da1a2dd187454ee9f36d002cac9e5bbe.jpg,0,0,1.0,0.208,0.004,0.046,4.488,1.056,6.421,0.234,12.845
FireSmokeVideoNEW95_f3_jpg.rf.f97f1088cab1defa5ede17fae3662dda.jpg,0,0,1.0,0.202,0.005,0.045,4.411,1.063,6.455,0.255,12.826
FireSmokeVideoNEW95_f45_jpg.rf.9844ba63008fca16a3502cdc3c933efc.jpg,0,0,0.5266,0.203,0.004,0.048,9.963,5.176,12.249,0.262,28.306
FireSmokeVideoNEW95_f50_jpg.rf.3d5c735424cc3a268d3362e0fa08dc16.jpg,0,0,0.9999,0.347,0.007,0.062,7.349,1.074,7.399,0.344,16.986
FireSmokeVideoNEW95_f5_jpg.rf.cdc15902b07229d99725abc0684fcbeb.jpg,0,0,1.0,0.2,0.005,0.046,4.668,1.495,6.464,0.227,13.498
FireSmokeVideoNEW95_f63_jpg.rf.df736824eb6997aabc4ce76c0164e51b.jpg,0,0,1.0,0.205,0.005,0.046,4.909,0.987,6.498,0.234,13.27
FireSmokeVideoNEW95_f76_jpg.rf.32126628e086bbad37b3cb91027df6f7.jpg,0,0,1.0,0.206,0.005,0.046,4.96,1.067,6.471,0.225,13.374
FireSmokeVideoNEW95_f80_jpg.rf.ff75a8d8a75895d16e986cf812a0dacb.jpg,0,0,1.0,0.212,0.004,0.045,4.743,1.018,8.17,0.229,14.812
FireSmokeVideoNEW95_f86_jpg.rf.77ef4245f2953f19593223d6430fa91d.jpg,0,0,1.0,0.203,0.004,0.043,4.581,2.264,6.544,0.272,14.304
FireSmokeVideoNEW95_f93_jpg.rf.75818e05099b5c576452f919c5123dcc.jpg,0,0,1.0,0.198,0.005,0.043,9.297,3.416,6.364,0.292,20.004
FireSmokeVideoNEW99_f10_jpg.rf.01b20f0e79f99cce5df8d577002a3842.jpg,0,1,0.9641,0.208,0.004,0.045,5.728,1.01,6.521,0.244,14.162
FireSmokeVideoNEW99_f32_jpg.rf.89458da19c6af99040a01488035d8c55.jpg,0,0,0.9873,0.324,0.007,0.058,6.391,1.037,6.381,0.245,14.846
FireSmokeVideoNEW99_f40_jpg.rf.eb37bb0cdb2d2172b8c1b9940ce6d06f.jpg,0,0,0.9948,0.309,0.007,0.058,5.065,1.015,6.451,0.235,13.54
FireSmokeVideoNEW99_f76_jpg.rf.1418a6430312c9788d22cda8ccd39184.jpg,0,0,0.9966,0.206,0.005,0.047,5.126,1.055,6.541,0.253,13.629
