image,true_label,pred_label,confidence,input_and_metadata_ms,region_validation_ms,crop_extraction_ms,resize_and_preprocess_ms,batch_construction_ms,model_inference_ms,majority_vote_ms,total_ms
FireSmokeVideoNEW0_f22_jpg.rf.8985f041e5b98af6012221a0df4f7bb4.jpg,1,1,1.0,0.0,0.0,0.0,11.208,3.442,7.211,0.241,22.412
FireSmokeVideoNEW0_f24_jpg.rf.bec4c423d7235a25d9b3146aa064ef94.jpg,1,1,1.0,0.0,0.0,0.0,8.269,1.437,5.036,0.372,15.357
FireSmokeVideoNEW0_f26_jpg.rf.e68ce6fbbf069fc3519569a9f0d61247.jpg,1,1,1.0,0.0,0.0,0.0,4.052,0.75,4.647,0.239,9.913
FireSmokeVideoNEW100_f13_jpg.rf.3cab1ba74047190369553b759c249651.jpg,1,1,1.0,0.0,0.0,0.0,5.037,0.658,4.601,0.225,10.742
FireSmokeVideoNEW100_f18_jpg.rf.ac57d16ac234ea35503434017b0d7936.jpg,1,1,1.0,0.0,0.0,0.0,5.008,0.894,4.538,0.208,10.863
FireSmokeVideoNEW100_f22_jpg.rf.414d4e3c8eabf2734516473bcee081b3.jpg,1,1,1.0,0.0,0.0,0.0,3.464,0.508,4.496,0.261,8.949
FireSmokeVideoNEW100_f27_jpg.rf.d440e669b944d0e126d6b9e9e899fd1a.jpg,1,1,1.0,0.0,0.0,0.0,3.246,0.522,4.634,0.215,8.838
FireSmokeVideoNEW100_f29_jpg.rf.8b8b298e3b9d8547f2aa97df45c87bda.jpg,1,1,1.0,0.0,0.0,0.0,3.238,0.582,4.592,0.208,8.844
FireSmokeVideoNEW100_f35_jpg.rf.26902d166504a005e989288a33974699.jpg,1,1,1.0,0.0,0.0,0.0,3.383,0.637,4.594,0.217,9.047
FireSmokeVideoNEW100_f51_jpg.rf.5d5a8fce90b54ca27c1d78496d70be98.jpg,1,1,1.0,0.0,0.0,0.0,3.933,2.665,8.203,0.255,15.32
FireSmokeVideoNEW100_f54_jpg.rf.deb4934b4d254ff0d2151ab4b226bd30.jpg,1,1,1.0,0.0,0.0,0.0,4.206,0.523,4.51,0.233,9.7
FireSmokeVideoNEW100_f56_jpg.rf.fb63e4c0e32aa91f304e675bea7c6451.jpg,1,1,1.0,0.0,0.0,0.0,3.234,0.514,4.573,0.217,8.751
FireSmokeVideoNEW100_f74_jpg.rf.6dbac089262a0484294bad2686f293a4.jpg,1,1,1.0,0.0,0.0,0.0,3.266,0.521,4.569,0.213,8.791
FireSmokeVideoNEW100_f76_jpg.rf.a3b3783d77c6060652ec1972e52945b4.jpg,1,1,1.0,0.0,0.0,0.0,3.349,0.54,4.635,0.233,8.988
FireSmokeVideoNEW100_f80_jpg.rf.c7b1b6d87fe1581d087e2babcd5343cd.jpg,1,1,0.9999,0.0,0.0,0.0,3.29,0.656,4.589,0.225,8.974
FireSmokeVideoNEW100_f8_jpg.rf.8cdf1b53d711306fcc3671fb17c63715.jpg,1,1,1.0,0.0,0.0,0.0,4.083,2.462,6.494,0.24,13.503
FireSmokeVideoNEW100_f93_jpg.rf.8f1d3d0acbb786aa3e663017e362030b.jpg,1,1,1.0,0.0,0.0,0.0,6.139,1.196,4.618,0.23,12.416
FireSmokeVideoNEW101_f74_jpg.rf.b40eb61068efb3029e60fb0da7817ba0.jpg,1,0,1.0,0.0,0.0,0.0,3.083,0.599,5.535,0.324,9.835
FireSmokeVideoNEW103_f38_jpg.rf.46f003d9350c5f9ba187385455fd722f.jpg,1,1,1.0,0.0,0.0,0.0,7.47,2.077,7.327,0.231,17.447
FireSmokeVideoNEW103_f40_jpg.rf.bbe9dcd13072bfcea5eb25d5e0e7edad.jpg,1,1,1.0,0.0,0.0,0.0,4.371,0.538,4.636,0.228,10.0
FireSmokeVideoNEW103_f43_jpg.rf.6b86f977948ffb4075bf842f40f298f8.jpg,1,1,0.9999,0.0,0.0,0.0,4.929,2.637,4.773,0.232,12.802
FireSmokeVideoNEW103_f48_jpg.rf.c01bd10387110154c4d65f733af5dd33.jpg,1,1,0.9996,0.0,0.0,0.0,6.273,1.228,5.086,0.231,13.132
FireSmokeVideoNEW103_f53_jpg.rf.06d78f97a6bd82da23e6934c4be34911.jpg,1,1,1.0,0.0,0.0,0.0,3.328,0.515,4.639,0.236,8.945
FireSmokeVideoNEW103_f55_jpg.rf.234b4a520a09933bc5c380c6e8ac4700.jpg,1,1,0.9998,0.0,0.0,0.0,3.345,0.518,4.582,0.215,8.881
FireSmokeVideoNEW103_f57_jpg.rf.5590d8fa82c520d8f2bf21d3792422a9.jpg,1,1,1.0,0.0,0.0,0.0,3.391,0.518,4.608,0.216,8.956
FireSmokeVideoNEW103_f59_jpg.rf.f4a4ca0c64bcb51dcc538f942f4bed77.jpg,1,1,1.0,0.0,0.0,0.0,3.356,0.527,4.444,0.214,8.765
FireSmokeVideoNEW103_f69_jpg.rf.107c6757968ca4bfeaf97df6ae6cac5b.jpg,1,1,0.9999,0.0,0.0,0.0,3.343,0.519,4.568,0.215,8.868
FireSmokeVideoNEW103_f92_jpg.rf.df707faffb31edd4f980cd3123a6b460.jpg,1,1,1.0,0.0,0.0,0.0,4.38,3.101,7.467,0.242,15.439
FireSmokeVideoNEW106_f12_jpg.rf.c3a3dae95e573db93191a1edb50936e5.jpg,1,0,0.9935,0.0,0.0,0.0,4.884,0.511,4.823,0.22,10.658
FireSmokeVideoNEW106_f14_jpg.rf.331af05784389f5dc2ef80f1570a76fb.jpg,1,0,0.9979,0.0,0.0,0.0,3.018,0.514,4.543,0.269,8.561
FireSmokeVideoNEW106_f28_jpg.rf.ad2c009c83ccf5aaa3ddd7221c4ee1f4.jpg,1,0,0.9943,0.0,0.0,0.0,5.695,1.677,6.45,0.237,14.293
FireSmokeVideoNEW106_f3_jpg.rf.100e86d2d578c506662d2ec505c13c32.jpg,1,0,0.9233,0.0,0.0,0.0,3.397,0.678,4.652,0.235,9.194
FireSmokeVideoNEW107_f106_jpg.rf.113c590393888042cc28e8f491be7648.jpg,1,1,0.5423,0.0,0.0,0.0,3.339,0.523,4.638,0.238,8.971
FireSmokeVideoNEW107_f123_jpg.rf.9b0580b6b19e2485a2b4ba7b49973b91.jpg,1,0,0.6734,0.0,0.0,0.0,3.313,0.515,4.592,0.217,8.865
FireSmokeVideoNEW107_f127_jpg.rf.829b599800fa2ff96700b10087ad3476.jpg,1,0,0.9502,0.0,0.0,0.0,3.227,0.557,4.554,0.218,8.773
FireSmokeVideoNEW107_f26_jpg.rf.61a2a027fdf7da306caca75ebb153434.jpg,1,1,0.8139,0.0,0.0,0.0,3.785,0.541,4.542,0.239,9.346
FireSmokeVideoNEW107_f28_jpg.rf.77d96d55d8f5bd713af7a40d7bd68cf9.jpg,1,0,0.9267,0.0,0.0,0.0,4.599,1.744,6.795,0.233,13.61
FireSmokeVideoNEW107_f2_jpg.rf.2ae3871bad997558e861e368aa59a114.jpg,1,0,0.9983,0.0,0.0,0.0,3.582,0.526,6.491,0.226,11.043
FireSmokeVideoNEW107_f36_jpg.rf.55484257687fcb98dd9853c45d221ffb.jpg,1,0,0.9982,0.0,0.0,0.0,3.241,0.506,4.565,0.212,8.743
FireSmokeVideoNEW107_f4_jpg.rf.a620a7201724ee71ecef0da20f8f7cca.jpg,1,0,0.9893,0.0,0.0,0.0,4.245,0.524,4.564,0.217,9.776
FireSmokeVideoNEW107_f7_jpg.rf.e893ab93fd1147461c1d1018f93c0b43.jpg,1,0,0.9985,0.0,0.0,0.0,3.058,0.497,5.21,0.232,9.22
FireSmokeVideoNEW107_f92_jpg.rf.24302c17033c41be0e8a851dd409a218.jpg,1,0,0.9938,0.0,0.0,0.0,4.834,2.828,4.544,0.276,12.711
FireSmokeVideoNEW107_f98_jpg.rf.899748aa5ce4273733a59fe30b4d0c48.jpg,1,0,0.8969,0.0,0.0,0.0,3.292,0.514,4.568,0.214,8.81
FireSmokeVideoNEW108_f17_jpg.rf.ac2f7536732dd04f1f8ac409305412e5.jpg,1,1,0.998,0.0,0.0,0.0,2.977,0.509,4.672,0.216,8.599
FireSmokeVideoNEW108_f38_jpg.rf.2abf71a14111954c4580a46c4d15b3d3.jpg,1,1,0.8171,0.0,0.0,0.0,4.167,0.514,4.665,0.224,9.793
FireSmokeVideoNEW110_f22_jpg.rf.61b3b4e8798ce29f7fe58d31c03ac8a2.jpg,1,1,1.0,0.0,0.0,0.0,2.962,1.993,4.807,0.317,10.368
FireSmokeVideoNEW110_f24_jpg.rf.56e533c69820c0ad447920ce32c55898.jpg,1,1,1.0,0.0,0.0,0.0,4.553,1.436,4.601,0.241,11.148
FireSmokeVideoNEW110_f32_jpg.rf.5721c6c2eef55a07841c4c832f3d07d5.jpg,1,1,0.9999,0.0,0.0,0.0,2.992,0.511,4.686,0.271,8.69
FireSmokeVideoNEW110_f34_jpg.rf.acc53b1abe3327d738d65e69f13bad79.jpg,1,1,0.9997,0.0,0.0,0.0,3.029,0.6,4.6,0.226,8.671
FireSmokeVideoNEW110_f36_jpg.rf.ae30defe49181bd09836a5fcdeb46fab.jpg,1,1,0.9999,0.0,0.0,0.0,4.773,0.517,4.572,0.221,10.304
FireSmokeVideoNEW110_f38_jpg.rf.0bc87128341ef88532538fe138ff4f2b.jpg,1,1,1.0,0.0,0.0,0.0,3.26,0.538,4.571,0.218,8.81
FireSmokeVideoNEW110_f41_jpg.rf.f550195d19a1c0b6d424f595c2b4b1f9.jpg,1,1,0.9981,0.0,0.0,0.0,2.957,0.527,4.549,0.216,8.467
FireSmokeVideoNEW110_f61_jpg.rf.54f8064cc44792ec52b6ddf320ffa3a3.jpg,1,1,0.9996,0.0,0.0,0.0,2.884,0.58,4.565,0.216,8.473
FireSmokeVideoNEW110_f63_jpg.rf.40951b985ae21888cdb87e745713aa2d.jpg,1,1,1.0,0.0,0.0,0.0,3.404,1.38,4.57,0.213,9.782
FireSmokeVideoNEW110_f65_jpg.rf.22dae51c804d093b3928bb9cf5cb5565.jpg,1,1,1.0,0.0,0.0,0.0,4.236,2.497,4.668,0.24,11.882
FireSmokeVideoNEW110_f67_jpg.rf.cd33b401abcfbfd4a951fd3906e86a41.jpg,1,1,1.0,0.0,0.0,0.0,4.767,2.072,7.843,0.244,15.164
FireSmokeVideoNEW110_f76_jpg.rf.bada3c63979a4512aec38ac7d78ec2d7.jpg,1,0,0.5706,0.0,0.0,0.0,3.348,0.5,4.957,0.242,9.273
FireSmokeVideoNEW110_f80_jpg.rf.9f1ecfc3ee942fd4bbd1173ba4b7c394.jpg,1,1,0.6624,0.0,0.0,0.0,3.756,0.517,4.569,0.215,9.279
FireSmokeVideoNEW110_f82_jpg.rf.0ff7a178a73b8e42a819ac1739b3c564.jpg,1,1,0.9999,0.0,0.0,0.0,4.905,0.52,4.569,0.21,10.424
FireSmokeVideoNEW110_f93_jpg.rf.481ecb09dee0cdc168a1d0787874ef0c.jpg,1,1,0.9989,0.0,0.0,0.0,5.219,0.685,4.561,0.211,10.902
FireSmokeVideoNEW112_f10_jpg.rf.39e79e3dfd5c98f6e68045158e2af82d.jpg,1,1,1.0,0.0,0.0,0.0,3.399,0.507,4.511,0.236,8.881
FireSmokeVideoNEW112_f12_jpg.rf.11432bc655317e1fac9c6107e3b5200f.jpg,1,1,0.9999,0.0,0.0,0.0,3.121,0.562,4.619,0.273,8.804
FireSmokeVideoNEW112_f14_jpg.rf.6e0c0892a684c74c1ca4670f293457d8.jpg,1,1,0.9999,0.0,0.0,0.0,3.246,0.532,4.606,0.225,8.832
FireSmokeVideoNEW112_f16_jpg.rf.ba57af29c8fa8587b2c5148f046375b0.jpg,1,1,1.0,0.0,0.0,0.0,4.658,3.885,4.688,0.241,13.703
FireSmokeVideoNEW112_f18_jpg.rf.21a30cbb698713638442e8962561a9b6.jpg,1,1,1.0,0.0,0.0,0.0,5.394,1.57,4.593,0.286,12.085
FireSmokeVideoNEW112_f1_jpg.rf.90fce7c457371c8403ad89986542ee96.jpg,1,1,0.9967,0.0,0.0,0.0,3.687,0.526,6.636,0.234,11.312
FireSmokeVideoNEW112_f2_jpg.rf.da1c46afa259254b1aad5c4b5da7da24.jpg,1,1,0.9903,0.0,0.0,0.0,3.369,1.416,4.716,0.241,9.978
FireSmokeVideoNEW112_f4_jpg.rf.f44dba51b9e805433a996d474bd2fbd7.jpg,1,1,0.999,0.0,0.0,0.0,3.646,2.239,7.037,0.256,13.462
FireSmokeVideoNEW112_f6_jpg.rf.dd87dd731952da1d5b61e93a00655678.jpg,1,1,1.0,0.0,0.0,0.0,3.645,0.525,4.64,0.236,9.279
FireSmokeVideoNEW112_f8_jpg.rf.129c527401604ce7176db07d9d855c9c.jpg,1,1,1.0,0.0,0.0,0.0,3.284,0.521,4.58,0.218,8.832
FireSmokeVideoNEW115_f10_jpg.rf.6f4300e4b3f362eed7886f4f1a87b93d.jpg,1,1,0.9624,0.0,0.0,0.0,3.673,2.664,4.774,0.315,11.727
FireSmokeVideoNEW115_f13_jpg.rf.324cc0423d48b832369d92b99a4baa51.jpg,1,1,0.9971,0.0,0.0,0.0,3.63,0.515,4.564,0.217,9.143
FireSmokeVideoNEW115_f15_jpg.rf.15dbd25355578fccabf33bbbc4d6ad17.jpg,1,1,0.9979,0.0,0.0,0.0,3.568,0.532,4.559,0.215,9.091
FireSmokeVideoNEW115_f20_jpg.rf.f0100e331ebd11f9a9711991e4833e3f.jpg,1,1,0.9999,0.0,0.0,0.0,6.29,1.624,8.58,0.258,17.405
FireSmokeVideoNEW115_f39_jpg.rf.41762177627c892b70e006fe5cb26853.jpg,1,1,1.0,0.0,0.0,0.0,3.23,0.531,4.602,0.219,8.831
FireSmokeVideoNEW115_f46_jpg.rf.d94c8cb5cbed9575cd088fc4b493eed2.jpg,1,1,1.0,0.0,0.0,0.0,3.666,0.536,4.508,0.284,9.229
FireSmokeVideoNEW115_f50_jpg.rf.5e39ed208628142a56e09ae43ec4d605.jpg,1,1,0.9999,0.0,0.0,0.0,3.425,0.562,4.645,0.241,9.106
FireSmokeVideoNEW115_f60_jpg.rf.baab27845cdd653f00986ee3b96a380e.jpg,1,1,1.0,0.0,0.0,0.0,3.247,0.519,4.583,0.224,8.803
FireSmokeVideoNEW115_f8_jpg.rf.9dcd347526c445f2baa86c5c9186f090.jpg,1,1,0.998,0.0,0.0,0.0,3.357,0.523,4.553,0.22,8.879
FireSmokeVideoNEW116_f12_jpg.rf.95a18922be59788cbf63dc24766c8fac.jpg,1,1,1.0,0.0,0.0,0.0,4.682,2.234,5.55,0.316,13.052
FireSmokeVideoNEW116_f14_jpg.rf.6fe2d6cfc1a0f7ba2d16d873a0f51aca.jpg,1,1,1.0,0.0,0.0,0.0,4.569,0.538,5.142,0.371,10.862
FireSmokeVideoNEW116_f16_jpg.rf.1d60b7f98a425c19989760a77b8b7092.jpg,1,1,1.0,0.0,0.0,0.0,3.874,1.404,4.741,0.26,10.527
FireSmokeVideoNEW116_f19_jpg.rf.e9193762a644c57d90194cc412b3e211.jpg,1,1,1.0,0.0,0.0,0.0,4.318,2.154,4.625,0.232,11.558
FireSmokeVideoNEW116_f20_jpg.rf.f2bfd4b6ed7d602b070e70eb541c8849.jpg,1,1,1.0,0.0,0.0,0.0,3.605,0.52,4.768,0.24,9.369
FireSmokeVideoNEW116_f25_jpg.rf.94faed5bcc786dc07e04a6bead7cb5c6.jpg,1,1,1.0,0.0,0.0,0.0,3.296,0.521,4.59,0.225,8.858
FireSmokeVideoNEW116_f2_jpg.rf.4c9cb9b9a3ba5e3c7f2b82764aa90f2c.jpg,1,1,1.0,0.0,0.0,0.0,3.597,0.533,4.766,0.239,9.373
FireSmokeVideoNEW117_f12_jpg.rf.fcb70a547a268008126db8dc378559b9.jpg,1,1,1.0,0.0,0.0,0.0,3.367,0.53,4.664,0.212,9.006
FireSmokeVideoNEW117_f14_jpg.rf.9b010af028bb860ed3b84a8fdb2d373c.jpg,1,1,1.0,0.0,0.0,0.0,3.331,0.557,4.593,0.223,8.96
FireSmokeVideoNEW117_f19_jpg.rf.b971752c7c2b708d3b4ad9ee4fa816bd.jpg,1,0,0.7128,0.0,0.0,0.0,3.64,0.632,4.567,0.213,9.271
FireSmokeVideoNEW117_f6_jpg.rf.035a84019a5b26bcdb24a39a0789bcfd.jpg,1,1,0.9999,0.0,0.0,0.0,3.268,0.515,4.573,0.253,8.83
FireSmokeVideoNEW117_f8_jpg.rf.b22f2fc6ce899d8be4ce21548f905e81.jpg,1,1,1.0,0.0,0.0,0.0,3.461,0.652,4.576,0.239,9.173
FireSmokeVideoNEW119_f0_jpg.rf.744fd2bb67b9c4f5c263823ce6d2e4a2.jpg,1,1,0.9955,0.0,0.0,0.0,3.404,0.63,4.702,0.22,9.193
FireSmokeVideoNEW119_f11_jpg.rf.187de46834021c761b20f75282b71fc2.jpg,1,1,0.9994,0.0,0.0,0.0,4.322,2.684,8.58,0.289,16.124
FireSmokeVideoNEW119_f17_jpg.rf.bb575498be7cb8bf09271655a827a205.jpg,1,1,1.0,0.0,0.0,0.0,3.576,0.523,4.571,0.222,9.118
FireSmokeVideoNEW119_f20_jpg.rf.83ca338b8a7a1f351f20a0392a978c58.jpg,1,1,1.0,0.0,0.0,0.0,4.884,0.519,4.577,0.222,10.424
FireSmokeVideoNEW119_f27_jpg.rf.32a58d37e8165ece6f17b61092424e7e.jpg,1,1,1.0,0.0,0.0,0.0,6.135,0.647,4.649,0.241,11.912
FireSmokeVideoNEW119_f29_jpg.rf.585557862f600c84c9c40f80eb57f8ec.jpg,1,1,1.0,0.0,0.0,0.0,3.026,0.524,4.549,0.22,8.539
FireSmokeVideoNEW119_f30_jpg.rf.c902440835c3fd8c2560c5317b035538.jpg,1,1,1.0,0.0,0.0,0.0,2.879,0.584,4.563,0.217,8.454
FireSmokeVideoNEW119_f32_jpg.rf.d27ae4e085fd41313631ebe74965ae01.jpg,1,1,0.9999,0.0,0.0,0.0,3.194,0.54,4.672,0.236,8.872
FireSmokeVideoNEW119_f38_jpg.rf.d91f985ff0f9428aa2de6e6bd8ebc98a.jpg,1,1,0.9998,0.0,0.0,0.0,3.139,0.567,4.649,0.223,8.808
FireSmokeVideoNEW119_f3_jpg.rf.c8cc5b5783961b03724d25c816b3e647.jpg,1,1,0.9993,0.0,0.0,0.0,5.3,0.548,4.949,0.394,11.432
FireSmokeVideoNEW119_f47_jpg.rf.1ffd353c21c7b5679d7e046c6c549393.jpg,1,1,1.0,0.0,0.0,0.0,4.263,2.024,4.945,0.36,11.841
FireSmokeVideoNEW119_f7_jpg.rf.2244f93cbbd1e3e46b4d0bbdba5b6b95.jpg,1,1,0.9995,0.0,0.0,0.0,3.989,0.509,5.006,0.34,10.076
FireSmokeVideoNEW119_f9_jpg.rf.ab8d6371d788579af7d9b32869f2dcfd.jpg,1,1,0.9997,0.0,0.0,0.0,4.485,0.669,5.421,0.249,11.118
FireSmokeVideoNEW121_f18_jpg.rf.44673b9ce8af3ecd42f57e22a99a38e0.jpg,1,1,0.9999,0.0,0.0,0.0,4.957,0.521,4.641,0.232,10.615
FireSmokeVideoNEW121_f1_jpg.rf.5be93985d812c7f5ea035ac113e0f5e0.jpg,1,1,1.0,0.0,0.0,0.0,4.414,1.136,4.656,0.246,10.691
FireSmokeVideoNEW121_f21_jpg.rf.eebcabf40ddce34c31a6c13331a65953.jpg,1,1,0.9999,0.0,0.0,0.0,3.323,0.525,4.615,0.222,8.916
FireSmokeVideoNEW121_f23_jpg.rf.ac278f7e1c7a444be3f887b2c6d38717.jpg,1,1,0.9999,0.0,0.0,0.0,5.579,0.72,4.684,0.215,11.429
FireSmokeVideoNEW121_f25_jpg.rf.d0ef6211efb24426ee946e1fa8c31fce.jpg,1,1,0.998,0.0,0.0,0.0,3.288,0.521,4.588,0.224,8.849
FireSmokeVideoNEW121_f27_jpg.rf.a5b8bd5483ad1bb30b723346e830127b.jpg,1,1,0.9968,0.0,0.0,0.0,3.724,2.549,4.738,0.271,11.517
FireSmokeVideoNEW121_f29_jpg.rf.a99e4a5f275c636275e5efa27c36b410.jpg,1,1,0.9948,0.0,0.0,0.0,4.775,2.498,6.665,0.259,14.42
FireSmokeVideoNEW121_f30_jpg.rf.33e9b2bac1a4a79c6a3de00c8a3a8d99.jpg,1,1,0.9942,0.0,0.0,0.0,5.868,2.601,4.607,0.225,13.526
FireSmokeVideoNEW121_f32_jpg.rf.f8cb024d7bf28236b1e1d37b2eae22ac.jpg,1,1,0.9995,0.0,0.0,0.0,4.376,2.89,4.628,0.238,12.374
FireSmokeVideoNEW121_f34_jpg.rf.6cedfb99ee40c10d727a61a74ea8f251.jpg,1,1,0.9998,0.0,0.0,0.0,3.633,0.532,4.627,0.236,9.25
FireSmokeVideoNEW121_f37_jpg.rf.9a405f57987f96bd108e065a51ca2b6f.jpg,1,1,0.9995,0.0,0.0,0.0,3.356,0.526,4.546,0.227,8.88
FireSmokeVideoNEW121_f39_jpg.rf.6e6af0255f04f4fe3cf20ee175bfcaad.jpg,1,1,0.9996,0.0,0.0,0.0,4.627,0.53,6.462,0.227,12.072
FireSmokeVideoNEW121_f40_jpg.rf.7817cfe0fa7c24a82024b8b4fe48581f.jpg,1,1,0.9998,0.0,0.0,0.0,4.975,0.599,4.7,0.223,10.713
FireSmokeVideoNEW121_f4_jpg.rf.8f335cc6c3f116510aa7b65424141dbb.jpg,1,1,1.0,0.0,0.0,0.0,5.113,0.519,4.603,0.212,10.655
FireSmokeVideoNEW121_f6_jpg.rf.0ab7d7fafe53d2118e6ce10be956dfae.jpg,1,1,1.0,0.0,0.0,0.0,3.641,1.462,4.74,0.287,10.365
FireSmokeVideoNEW122_f41_jpg.rf.ddb6da50b215710fb313bd2b6498352f.jpg,1,1,0.9999,0.0,0.0,0.0,3.456,0.861,4.507,0.23,9.277
FireSmokeVideoNEW123_f106_jpg.rf.c25e4e81d45d2617b0ab2f5a640eff4b.jpg,1,1,0.9951,0.0,0.0,0.0,4.082,0.539,4.501,0.239,9.592
FireSmokeVideoNEW123_f108_jpg.rf.324c16b1e030787e2a19588a578b4df5.jpg,1,1,0.9988,0.0,0.0,0.0,4.232,1.63,8.623,0.289,15.03
FireSmokeVideoNEW123_f112_jpg.rf.ef7e157209fea66c4da0a9b66de88567.jpg,1,1,0.9998,0.0,0.0,0.0,3.917,0.518,4.709,0.223,9.593
FireSmokeVideoNEW123_f114_jpg.rf.bf8d48047fca455b0f42a273198515cc.jpg,1,1,0.9997,0.0,0.0,0.0,4.176,0.513,4.567,0.212,9.689
FireSmokeVideoNEW123_f116_jpg.rf.98c9644c9b593c5edf72505fbd46e59e.jpg,1,1,1.0,0.0,0.0,0.0,4.47,0.521,4.563,0.218,9.993
FireSmokeVideoNEW123_f118_jpg.rf.b477bf1713c31303b31eb7a199ee4c91.jpg,1,1,0.9991,0.0,0.0,0.0,3.157,0.507,4.451,0.215,8.541
FireSmokeVideoNEW123_f11_jpg.rf.c8a9964859459a55d8b0b342188a4c08.jpg,1,0,0.9989,0.0,0.0,0.0,3.909,0.536,4.691,0.238,9.602
FireSmokeVideoNEW123_f121_jpg.rf.e2586395c9b367a7c81ae7509f4e39db.jpg,1,1,0.9983,0.0,0.0,0.0,4.227,0.833,4.583,0.218,10.084
FireSmokeVideoNEW123_f123_jpg.rf.e2375d9952733650dc776617228bb2f8.jpg,1,1,1.0,0.0,0.0,0.0,4.88,2.197,6.762,0.241,14.324
FireSmokeVideoNEW123_f126_jpg.rf.73e9b95d773d15252049d96c679bd5df.jpg,1,1,1.0,0.0,0.0,0.0,4.307,0.563,4.663,0.24,10.013
FireSmokeVideoNEW123_f128_jpg.rf.98e64005651b632e0dd4ef0e8e222a80.jpg,1,1,1.0,0.0,0.0,0.0,4.286,0.714,4.551,0.291,10.074
FireSmokeVideoNEW123_f131_jpg.rf.c92c6b57ace2f9ca7cf47e4631e4ceb8.jpg,1,1,1.0,0.0,0.0,0.0,3.789,0.523,4.577,0.23,9.376
FireSmokeVideoNEW123_f133_jpg.rf.8a731b6788e829b919dcc6fbedee2290.jpg,1,1,1.0,0.0,0.0,0.0,3.245,0.513,4.617,0.262,8.861
FireSmokeVideoNEW123_f135_jpg.rf.f13f1e5ca75a57717778dcb1a3bfbfef.jpg,1,1,0.9999,0.0,0.0,0.0,3.365,0.529,4.675,0.222,9.024
FireSmokeVideoNEW123_f137_jpg.rf.89be9c03d3b298ac53b1a84fd4bdb93f.jpg,1,1,1.0,0.0,0.0,0.0,3.275,0.523,4.565,0.213,8.8
FireSmokeVideoNEW123_f148_jpg.rf.40d340666298e990735d8ca388cb9816.jpg,1,1,0.999,0.0,0.0,0.0,3.98,0.543,4.53,0.239,9.528
FireSmokeVideoNEW123_f151_jpg.rf.aa3122a12b22ffea0d7a193d7beae8c5.jpg,1,1,0.9985,0.0,0.0,0.0,3.348,2.656,4.57,0.224,11.014
FireSmokeVideoNEW123_f153_jpg.rf.2a47a75fafb9f06997f57643fd0c2bd1.jpg,1,1,0.9994,0.0,0.0,0.0,3.872,0.528,4.693,0.237,9.557
FireSmokeVideoNEW123_f156_jpg.rf.ae63f1b00917b26c25dda972daf3284b.jpg,1,1,0.9916,0.0,0.0,0.0,3.97,2.869,7.605,0.24,14.931
FireSmokeVideoNEW123_f171_jpg.rf.9c1f0a991f5d1c042661894dd366e0fa.jpg,1,1,0.9584,0.0,0.0,0.0,3.826,0.52,4.719,0.288,9.592
FireSmokeVideoNEW123_f173_jpg.rf.55d9d95cd78bdff66e92e854c28eb5f0.jpg,1,1,0.9054,0.0,0.0,0.0,3.482,0.528,4.481,0.222,8.941
FireSmokeVideoNEW123_f175_jpg.rf.46d008d35dba2bb66f53dc182961d9a6.jpg,1,1,0.8851,0.0,0.0,0.0,3.291,0.523,4.587,0.217,8.847
FireSmokeVideoNEW123_f177_jpg.rf.c76526af57ef0609dc042f01c15fc77e.jpg,1,1,0.9999,0.0,0.0,0.0,3.388,0.525,4.645,0.219,9.0
FireSmokeVideoNEW123_f23_jpg.rf.51e35fa3a68a33dfdf723d94f317a85b.jpg,1,0,0.6291,0.0,0.0,0.0,3.268,0.515,4.6,0.214,8.817
FireSmokeVideoNEW123_f43_jpg.rf.e8008f78b15654db7e58f369714def41.jpg,1,1,0.9974,0.0,0.0,0.0,4.016,0.523,4.565,0.214,9.541
FireSmokeVideoNEW123_f47_jpg.rf.19c0d322d98a9e64ad8fb4efd7fc0e4d.jpg,1,0,0.578,0.0,0.0,0.0,4.58,1.415,4.687,0.247,11.165
FireSmokeVideoNEW123_f49_jpg.rf.62d9ee330226fe916f41f8470db9eb64.jpg,1,1,0.9206,0.0,0.0,0.0,5.477,1.593,4.538,0.274,12.113
FireSmokeVideoNEW123_f53_jpg.rf.8c311ae20b0033cdae63327dc63e13cb.jpg,1,1,0.9999,0.0,0.0,0.0,4.152,0.521,4.621,0.222,9.736
FireSmokeVideoNEW123_f56_jpg.rf.5a5e62ac291b53c106d713eebc9ab978.jpg,1,1,0.9977,0.0,0.0,0.0,4.555,0.552,4.601,0.216,10.146
FireSmokeVideoNEW123_f65_jpg.rf.691203ff3979f7125a54151c4b53a24a.jpg,1,1,0.9967,0.0,0.0,0.0,5.149,0.523,4.558,0.215,10.659
FireSmokeVideoNEW123_f73_jpg.rf.d9ba153281fb3ea120f2214751a49b98.jpg,1,1,1.0,0.0,0.0,0.0,3.97,0.512,6.411,0.218,11.325
FireSmokeVideoNEW123_f75_jpg.rf.2d872df94a99a62833cb4a08932ab6d5.jpg,1,1,0.9985,0.0,0.0,0.0,4.147,0.504,4.566,0.209,9.642
FireSmokeVideoNEW123_f79_jpg.rf.bcd14349dff0e46dfcf8deae404a9b58.jpg,1,1,0.9959,0.0,0.0,0.0,5.483,0.737,4.809,0.299,11.61
FireSmokeVideoNEW123_f81_jpg.rf.6a3dbcf3f43554d6a4828de674d3b1c6.jpg,1,1,0.9992,0.0,0.0,0.0,4.169,2.409,4.645,0.237,11.707
FireSmokeVideoNEW123_f83_jpg.rf.36c5ac6ba183f6e111b612aa4e282b9c.jpg,1,1,0.9961,0.0,0.0,0.0,5.587,2.488,4.464,0.217,12.979
FireSmokeVideoNEW123_f93_jpg.rf.af94d96d426a243f0b572fdd6b0cffaa.jpg,1,0,0.7446,0.0,0.0,0.0,5.376,2.586,4.65,0.225,13.06
FireSmokeVideoNEW123_f96_jpg.rf.423f320fddc0053c6a0341c43c5006ec.jpg,1,1,0.9574,0.0,0.0,0.0,4.889,0.521,4.573,0.219,10.424
FireSmokeVideoNEW124_f1_jpg.rf.d882ce249beeb12e24fd0367d120b1ff.jpg,1,0,1.0,0.0,0.0,0.0,5.316,2.674,4.648,0.234,13.109
FireSmokeVideoNEW124_f27_jpg.rf.5cdddd18ce788cc7cf757ab412be6519.jpg,1,0,0.9998,0.0,0.0,0.0,4.576,1.306,4.643,0.235,10.994
FireSmokeVideoNEW124_f34_jpg.rf.f3d8859fca5670c5d72b6dcac9134ddf.jpg,1,0,0.9999,0.0,0.0,0.0,5.283,1.464,5.814,0.384,13.195
FireSmokeVideoNEW124_f3_jpg.rf.16ade03d9e655a947e2544a8985f60f9.jpg,1,0,0.9999,0.0,0.0,0.0,4.822,1.377,5.17,0.444,12.088
FireSmokeVideoNEW124_f47_jpg.rf.314dec34ced589603b4b73ba0a908a21.jpg,1,0,0.9992,0.0,0.0,0.0,6.423,2.512,5.45,0.352,15.144
FireSmokeVideoNEW124_f49_jpg.rf.f17f0a12dec3ed500b6a16528b367689.jpg,1,0,0.9994,0.0,0.0,0.0,4.5,0.513,4.563,0.213,10.011
FireSmokeVideoNEW124_f54_jpg.rf.3c6cd3f1f020be4de59ee26347685778.jpg,1,0,0.9997,0.0,0.0,0.0,4.469,0.497,4.563,0.224,9.96
FireSmokeVideoNEW124_f56_jpg.rf.34f1587323d712197492c44f17215884.jpg,1,0,0.9998,0.0,0.0,0.0,4.089,0.506,4.567,0.217,9.607
FireSmokeVideoNEW125_f0_jpg.rf.81fe7efddc3253ced13780ec6e408e3c.jpg,1,1,1.0,0.0,0.0,0.0,3.33,0.548,4.579,0.213,8.891
FireSmokeVideoNEW125_f106_jpg.rf.3a904aa90315058997b7ecacfd5fa5b5.jpg,1,1,1.0,0.0,0.0,0.0,4.445,0.981,4.567,0.212,10.418
FireSmokeVideoNEW125_f120_jpg.rf.c8d686137373b25435a8310ad00fd6ab.jpg,1,1,1.0,0.0,0.0,0.0,3.231,0.761,4.651,0.238,9.111
FireSmokeVideoNEW125_f130_jpg.rf.6f68116a78703c1e9340d77fb40469f5.jpg,1,1,1.0,0.0,0.0,0.0,3.309,0.518,4.569,0.218,8.833
FireSmokeVideoNEW125_f48_jpg.rf.cf4af7b857bae0990afd26b3c1980247.jpg,1,1,1.0,0.0,0.0,0.0,3.195,0.519,4.637,0.248,8.85
FireSmokeVideoNEW125_f74_jpg.rf.d0f371fe160c19e18a328a6024aa82cd.jpg,1,1,1.0,0.0,0.0,0.0,4.219,2.481,9.402,0.24,16.569
FireSmokeVideoNEW125_f7_jpg.rf.be240cb2d473d14c67984703664df0b7.jpg,1,1,0.9993,0.0,0.0,0.0,5.062,0.535,4.645,0.238,10.714
FireSmokeVideoNEW126_f27_jpg.rf.7346fe8b8287523c5fc6b4e80eaf0f26.jpg,1,1,0.9982,0.0,0.0,0.0,3.841,0.524,4.634,0.236,9.472
FireSmokeVideoNEW126_f29_jpg.rf.5077bf2b2ec0dbc0203d41adf4100e97.jpg,1,1,1.0,0.0,0.0,0.0,4.32,0.522,4.65,0.236,9.959
FireSmokeVideoNEW126_f44_jpg.rf.cd6d14d78dc95c57e52ab92b9f82b3a4.jpg,1,1,0.9985,0.0,0.0,0.0,4.258,0.525,4.582,0.259,9.84
FireSmokeVideoNEW126_f48_jpg.rf.da7b9ebcf213b3796a8526e2c8aa6491.jpg,1,1,0.9003,0.0,0.0,0.0,3.555,0.557,4.573,0.221,9.13
FireSmokeVideoNEW126_f52_jpg.rf.b195208c78b88a4e65b0aa661c45f466.jpg,1,1,1.0,0.0,0.0,0.0,3.34,0.517,4.562,0.223,8.868
FireSmokeVideoNEW126_f54_jpg.rf.d787da27718524423c5c184be403cc6c.jpg,1,1,0.9999,0.0,0.0,0.0,3.443,2.544,4.554,0.218,10.974
FireSmokeVideoNEW126_f56_jpg.rf.d0e363100b9c22d89de0c94a6e8d2e1d.jpg,1,1,0.9998,0.0,0.0,0.0,3.652,0.525,4.594,0.264,9.257
FireSmokeVideoNEW126_f58_jpg.rf.c3a944666a891a540b1cfb2bffc2a913.jpg,1,1,0.9999,0.0,0.0,0.0,5.109,3.115,9.736,0.269,18.476
FireSmokeVideoNEW126_f62_jpg.rf.812b44d2dbb2f7ac4ae3c3b0d07c88f6.jpg,1,0,0.8105,0.0,0.0,0.0,4.687,2.494,4.534,0.237,12.181
FireSmokeVideoNEW126_f64_jpg.rf.de98eff962cdeb3f0682a2c381d22c4d.jpg,1,0,0.8511,0.0,0.0,0.0,6.039,0.703,5.068,0.227,12.345
FireSmokeVideoNEW127_f28_jpg.rf.e61d2816bb699753b49da2bf37a1a457.jpg,1,0,0.7317,0.0,0.0,0.0,5.245,2.012,4.567,0.225,12.279
FireSmokeVideoNEW127_f30_jpg.rf.3b48e7019fa19921bbcd22a8fc18a010.jpg,1,0,0.889,0.0,0.0,0.0,3.352,0.521,4.582,0.217,8.899
FireSmokeVideoNEW127_f34_jpg.rf.0c83d4fb0a63562feb910932eecf60d0.jpg,1,1,0.512,0.0,0.0,0.0,4.194,0.511,4.617,0.219,9.766
FireSmokeVideoNEW127_f44_jpg.rf.a9ef43d66b9ec7d1b8e17f8f36bca741.jpg,1,1,0.7779,0.0,0.0,0.0,4.871,2.744,4.771,0.24,12.86
FireSmokeVideoNEW127_f50_jpg.rf.bdcc99d123f67fb733203559f7693ef2.jpg,1,1,0.5668,0.0,0.0,0.0,4.006,0.953,4.705,0.255,10.162
FireSmokeVideoNEW127_f82_jpg.rf.9f015bb6a9818f109cc000cd7bdd16e6.jpg,1,0,0.9358,0.0,0.0,0.0,4.447,2.603,6.553,0.242,14.088
FireSmokeVideoNEW127_f9_jpg.rf.eee7846a8bbb29bad98f36c3bb075784.jpg,1,0,0.9931,0.0,0.0,0.0,3.715,0.52,4.644,0.243,9.353
FireSmokeVideoNEW128_f12_jpg.rf.0458b54b709948eb3bdcde19ff5095f0.jpg,1,0,0.9954,0.0,0.0,0.0,3.635,0.537,4.749,0.216,9.367
FireSmokeVideoNEW128_f14_jpg.rf.a5d3694afb9300f4e3b2b0775addef04.jpg,1,0,1.0,0.0,0.0,0.0,4.94,0.716,6.984,0.357,13.298
FireSmokeVideoNEW128_f20_jpg.rf.98a1afc67a6f33f19bd2f1be2f35851b.jpg,1,0,1.0,0.0,0.0,0.0,3.296,1.905,4.659,0.245,10.329
FireSmokeVideoNEW128_f7_jpg.rf.e0935c0a1913034ce0978e5202e392f4.jpg,1,0,0.9978,0.0,0.0,0.0,4.031,0.529,4.63,0.218,9.663
FireSmokeVideoNEW128_f9_jpg.rf.bad1461a9bf07e05694221fb55e56534.jpg,1,0,0.9997,0.0,0.0,0.0,3.391,0.513,4.581,0.216,8.945
FireSmokeVideoNEW129_f14_jpg.rf.79c883812d7065ddbec62fd55612a017.jpg,1,1,0.9997,0.0,0.0,0.0,3.893,0.531,4.556,0.217,9.423
FireSmokeVideoNEW12_f24_jpg.rf.7b20fc3b471a7b97fbe9c7e041a0109c.jpg,1,1,1.0,0.0,0.0,0.0,4.223,2.657,4.518,0.25,11.886
FireSmokeVideoNEW12_f38_jpg.rf.96c628a11234c5f9c050b2b4211a2b76.jpg,1,1,1.0,0.0,0.0,0.0,4.908,1.431,7.223,0.294,14.093
FireSmokeVideoNEW12_f51_jpg.rf.6d8e0c1a7b9920ce1193bbb2e094121b.jpg,1,1,1.0,0.0,0.0,0.0,3.529,0.939,4.658,0.231,9.587
FireSmokeVideoNEW12_f64_jpg.rf.13d8bcf8193a21886c21bb66db8fdaa1.jpg,1,1,1.0,0.0,0.0,0.0,3.548,0.602,5.501,0.325,10.293
FireSmokeVideoNEW12_f8_jpg.rf.6d3fc0fe1d943fc0e986aeb39002b689.jpg,1,1,1.0,0.0,0.0,0.0,3.59,0.519,4.678,0.215,9.227
FireSmokeVideoNEW132_f101_jpg.rf.ef8315ebdb257a7832caeb9c2b6c2c3f.jpg,1,0,0.8921,0.0,0.0,0.0,3.485,0.539,4.48,0.21,8.93
FireSmokeVideoNEW132_f107_jpg.rf.0be5dc622567ae0ca9a1fa0630d1181a.jpg,1,0,0.8613,0.0,0.0,0.0,3.2,0.592,4.556,0.21,8.778
FireSmokeVideoNEW132_f28_jpg.rf.74a57d7f3bf2e80e86a18b4d9ef15767.jpg,1,1,0.9999,0.0,0.0,0.0,3.241,0.515,4.559,0.208,8.743
FireSmokeVideoNEW132_f31_jpg.rf.06c6b40b0e311151a8cb5c990fa23e39.jpg,1,1,0.9999,0.0,0.0,0.0,3.359,0.936,4.594,0.269,9.377
FireSmokeVideoNEW132_f33_jpg.rf.cf84d4b69b24020d668380d7b87f8d2d.jpg,1,1,0.9568,0.0,0.0,0.0,3.246,0.52,4.582,0.217,8.784
FireSmokeVideoNEW132_f43_jpg.rf.1ceb082efbbbe991f9d91d896796f374.jpg,1,1,0.911,0.0,0.0,0.0,4.085,0.817,6.768,0.275,12.187
FireSmokeVideoNEW132_f45_jpg.rf.d73c7cd8c7378af5a370f16c996e99fb.jpg,1,1,0.9995,0.0,0.0,0.0,3.3,0.518,4.519,0.235,8.806
FireSmokeVideoNEW132_f48_jpg.rf.a09d6c000c3b5596d9fb43fad2745011.jpg,1,1,0.9994,0.0,0.0,0.0,4.708,0.52,4.627,0.227,10.301
FireSmokeVideoNEW132_f51_jpg.rf.2544fe95b715eea490924ece11616b13.jpg,1,1,0.9967,0.0,0.0,0.0,3.258,0.63,4.586,0.219,8.912
FireSmokeVideoNEW132_f53_jpg.rf.09f633453d5c9279a67dca6558daa432.jpg,1,1,0.9466,0.0,0.0,0.0,3.284,0.52,4.66,0.217,8.905
FireSmokeVideoNEW132_f61_jpg.rf.eef43c9d98a86761615b4b2e7793aa19.jpg,1,1,0.999,0.0,0.0,0.0,4.434,0.542,4.527,0.203,9.941
FireSmokeVideoNEW132_f65_jpg.rf.b11b1fb6703934a13f463437460ee272.jpg,1,1,0.6122,0.0,0.0,0.0,3.696,1.074,4.597,0.224,9.816
FireSmokeVideoNEW132_f67_jpg.rf.055d65a0c1fa6cf1aa8eea5471003adc.jpg,1,1,0.9949,0.0,0.0,0.0,3.432,0.524,4.622,0.219,9.028
FireSmokeVideoNEW132_f92_jpg.rf.69db5eb51f70a35bfd0d9f540f23a975.jpg,1,1,1.0,0.0,0.0,0.0,3.337,2.64,4.575,0.223,10.986
FireSmokeVideoNEW132_f94_jpg.rf.e414a96046b887c8f237fbbeb00eed68.jpg,1,1,1.0,0.0,0.0,0.0,5.309,0.953,9.569,0.256,16.309
FireSmokeVideoNEW135_f18_jpg.rf.10d9436c6c60d63acd8bc1031b900b8b.jpg,1,0,0.9998,0.0,0.0,0.0,5.285,0.531,4.549,0.243,10.838
FireSmokeVideoNEW135_f28_jpg.rf.2944aab5c6eeadf7afa0d88bd6a3a691.jpg,1,0,0.9998,0.0,0.0,0.0,3.45,0.598,4.56,0.218,9.044
FireSmokeVideoNEW135_f2_jpg.rf.b170f64290a695a2b517bc86e7d0ab3b.jpg,1,0,1.0,0.0,0.0,0.0,3.835,0.498,4.575,0.217,9.341
FireSmokeVideoNEW135_f37_jpg.rf.1d9c29827509cfacfd57bc7fc93541eb.jpg,1,0,0.9997,0.0,0.0,0.0,4.874,0.518,4.562,0.218,10.395
FireSmokeVideoNEW135_f3_jpg.rf.d644c4d3a7e063c498ba9048dfab4c88.jpg,1,0,1.0,0.0,0.0,0.0,3.246,0.504,4.558,0.217,8.745
FireSmokeVideoNEW135_f47_jpg.rf.a02b0d48f9e7132076a8291778099b52.jpg,1,1,0.9966,0.0,0.0,0.0,3.841,0.534,4.426,0.214,9.234
FireSmokeVideoNEW135_f58_jpg.rf.51cb12d10437fa9fcb39682569a95cad.jpg,1,1,0.9805,0.0,0.0,0.0,2.986,0.51,4.555,0.213,8.479
FireSmokeVideoNEW135_f60_jpg.rf.087d23aeac67fdce07ba0af44364e805.jpg,1,0,1.0,0.0,0.0,0.0,3.401,0.526,4.577,0.238,8.957
FireSmokeVideoNEW135_f64_jpg.rf.3b7b2ceaa7776dde201211a4a258376b.jpg,1,0,0.9999,0.0,0.0,0.0,4.357,2.774,5.633,0.413,13.454
FireSmokeVideoNEW135_f74_jpg.rf.48f32d004d58d3ad3c6a754b68eac54f.jpg,1,0,0.998,0.0,0.0,0.0,4.649,2.241,10.975,0.304,18.526
FireSmokeVideoNEW136_f21_jpg.rf.c676865790e30db1c60eb9dd00b38102.jpg,1,1,0.8358,0.0,0.0,0.0,3.744,0.617,5.004,0.387,9.984
FireSmokeVideoNEW137_f1_jpg.rf.44d20ad3d89825a859367b20018c4d55.jpg,1,1,0.9999,0.0,0.0,0.0,3.087,0.507,5.118,0.32,9.255
FireSmokeVideoNEW137_f3_jpg.rf.03150810b84d787af6292f591ad6a4e2.jpg,1,1,0.9999,0.0,0.0,0.0,2.913,0.533,4.571,0.22,8.454
FireSmokeVideoNEW137_f5_jpg.rf.bb04eef8f3bac3bdd70c74ab5ca80a1c.jpg,1,1,0.9998,0.0,0.0,0.0,3.623,0.488,4.57,0.21,9.104
FireSmokeVideoNEW137_f7_jpg.rf.320c1db8f24d5c239dcd6e3467d680a7.jpg,1,1,0.9989,0.0,0.0,0.0,3.077,0.498,4.59,0.224,8.605
FireSmokeVideoNEW13_f16_jpg.rf.6a22c435851ee372f4425942eed66e62.jpg,1,1,1.0,0.0,0.0,0.0,4.713,2.793,6.504,0.243,14.498
FireSmokeVideoNEW13_f18_jpg.rf.efa310f56dc29914b2bd9a49bb67b566.jpg,1,1,1.0,0.0,0.0,0.0,3.527,0.545,4.637,0.27,9.205
FireSmokeVideoNEW13_f21_jpg.rf.7b7410506fecac2cb64b3fe8ab09e737.jpg,1,1,1.0,0.0,0.0,0.0,3.261,0.526,4.632,0.233,8.878
FireSmokeVideoNEW13_f23_jpg.rf.78dad5d90f1bb63af854c9ace53546c4.jpg,1,1,1.0,0.0,0.0,0.0,3.799,0.712,4.434,0.222,9.383
FireSmokeVideoNEW13_f25_jpg.rf.b6cfcce6c127ccf15fb3aae89ac3b0a4.jpg,1,1,1.0,0.0,0.0,0.0,3.051,0.512,4.586,0.224,8.592
FireSmokeVideoNEW13_f31_jpg.rf.ea9667265ab5c5c893bac955cc1bd2d8.jpg,1,1,1.0,0.0,0.0,0.0,3.006,0.512,4.632,0.244,8.615
FireSmokeVideoNEW13_f42_jpg.rf.ceb4ec2b5e8a3c397fd08d830a71e4cf.jpg,1,1,1.0,0.0,0.0,0.0,3.065,1.275,4.604,0.22,9.385
FireSmokeVideoNEW13_f44_jpg.rf.348a3b9d0972a0d9c68d3917b787a6d8.jpg,1,1,1.0,0.0,0.0,0.0,3.068,0.51,4.563,0.22,8.648
FireSmokeVideoNEW13_f64_jpg.rf.25326a118e4c9cdb02082bf74f0ec540.jpg,1,1,1.0,0.0,0.0,0.0,3.869,0.57,4.554,0.216,9.425
FireSmokeVideoNEW140_f11_jpg.rf.a6207fe6ddb09f5f7e97d5d07ae02dc2.jpg,1,1,0.5609,0.0,0.0,0.0,3.818,0.526,4.63,0.282,9.482
FireSmokeVideoNEW140_f13_jpg.rf.018ea90614339140984d0f1e0bec858a.jpg,1,0,0.8414,0.0,0.0,0.0,4.19,0.593,5.151,0.322,10.528
FireSmokeVideoNEW140_f17_jpg.rf.5e202fe64f36b5f2a5750deeefa59055.jpg,1,0,0.989,0.0,0.0,0.0,4.497,1.359,4.696,0.221,11.004
FireSmokeVideoNEW140_f30_jpg.rf.49b2343f6127b93f05a60c8895d0f0e9.jpg,1,1,0.9998,0.0,0.0,0.0,4.91,0.765,5.614,0.355,11.94
FireSmokeVideoNEW142_f10_jpg.rf.d98506831f9377f7da57191d436872e9.jpg,1,0,1.0,0.0,0.0,0.0,3.445,1.832,4.728,0.294,10.538
FireSmokeVideoNEW142_f15_jpg.rf.906eebbf2d4656484d899568c537c722.jpg,1,0,0.993,0.0,0.0,0.0,3.97,1.12,5.041,0.353,10.723
FireSmokeVideoNEW142_f19_jpg.rf.7d661a958573c2fba2e68898fad82dd1.jpg,1,0,0.9937,0.0,0.0,0.0,3.053,0.655,5.58,0.251,9.755
FireSmokeVideoNEW142_f29_jpg.rf.708929a469b97fe2cd62e6233f1d21d7.jpg,1,0,0.9956,0.0,0.0,0.0,3.756,0.516,4.592,0.219,9.305
FireSmokeVideoNEW142_f37_jpg.rf.97715052124ba4f34b332433d91cc643.jpg,1,0,0.9999,0.0,0.0,0.0,2.971,3.805,4.75,0.27,12.053
FireSmokeVideoNEW142_f54_jpg.rf.1f26bc7997e471dc07729284fe18c18f.jpg,1,1,0.7669,0.0,0.0,0.0,4.807,2.502,11.079,0.268,18.978
FireSmokeVideoNEW142_f8_jpg.rf.00aae90130d2da7f3e57853763ed478a.jpg,1,0,1.0,0.0,0.0,0.0,4.891,0.574,6.537,0.241,12.481
FireSmokeVideoNEW143_f10_jpg.rf.2249f8748dbed0cbe077fc35929086ad.jpg,1,1,0.9995,0.0,0.0,0.0,3.379,0.572,4.656,0.242,9.08
FireSmokeVideoNEW143_f12_jpg.rf.d4416187c1c950728bad7b5f69e90e2d.jpg,1,1,1.0,0.0,0.0,0.0,5.715,2.615,7.009,0.211,15.865
FireSmokeVideoNEW143_f14_jpg.rf.5189a85e97ec559ae6cf9c019946612e.jpg,1,1,1.0,0.0,0.0,0.0,6.462,1.027,4.731,0.225,12.677
FireSmokeVideoNEW143_f16_jpg.rf.d6685538e86d776ff1c97c5216351548.jpg,1,1,1.0,0.0,0.0,0.0,3.329,0.526,4.587,0.224,8.881
FireSmokeVideoNEW143_f18_jpg.rf.472bd0b240a7f17044f20ad23dff581d.jpg,1,1,1.0,0.0,0.0,0.0,3.554,0.516,4.573,0.224,9.084
FireSmokeVideoNEW143_f1_jpg.rf.01fbe83b52f2f843ba3c88189f37fea8.jpg,1,1,0.9998,0.0,0.0,0.0,5.367,2.737,4.691,0.268,13.3
FireSmokeVideoNEW143_f21_jpg.rf.6dbf0a12e69696fd0dfde2eddadb5e2e.jpg,1,0,0.9948,0.0,0.0,0.0,4.261,2.387,5.982,0.245,13.131
FireSmokeVideoNEW143_f23_jpg.rf.a8cea5091500d596c76163953ec1d31f.jpg,1,0,0.9928,0.0,0.0,0.0,3.46,0.514,4.574,0.22,8.991
FireSmokeVideoNEW143_f3_jpg.rf.9c2cc06b1c13399df75a9d14bd736829.jpg,1,1,0.9995,0.0,0.0,0.0,3.33,0.826,4.628,0.249,9.255
FireSmokeVideoNEW143_f5_jpg.rf.64a711abecb37a1a846511bdfcbfebbb.jpg,1,1,0.9987,0.0,0.0,0.0,3.318,0.52,4.559,0.285,8.911
FireSmokeVideoNEW143_f7_jpg.rf.4d5253963cd2437b2d67e58efadda1eb.jpg,1,1,0.9997,0.0,0.0,0.0,5.728,0.632,4.642,0.238,11.479
FireSmokeVideoNEW143_f9_jpg.rf.3d8408a7c28207a4594f6116d3dc8e22.jpg,1,0,0.698,0.0,0.0,0.0,3.411,0.537,6.405,0.273,10.852
FireSmokeVideoNEW144_f13_jpg.rf.c9b4dbc9c1a23680b793172414c6a328.jpg,1,1,0.998,0.0,0.0,0.0,3.287,0.523,4.564,0.221,8.82
FireSmokeVideoNEW144_f15_jpg.rf.a053017bcfa3d28a92e025311f6a4898.jpg,1,1,0.9994,0.0,0.0,0.0,3.263,0.513,4.562,0.216,8.771
FireSmokeVideoNEW144_f1_jpg.rf.e48ee444ef2493ae5f7c6774c4860fc8.jpg,1,1,0.9997,0.0,0.0,0.0,3.306,0.61,4.573,0.215,8.916
FireSmokeVideoNEW144_f3_jpg.rf.54afa08b1aa96e20b43e15a861ee1819.jpg,1,1,1.0,0.0,0.0,0.0,5.143,2.461,7.016,0.245,15.131
FireSmokeVideoNEW144_f5_jpg.rf.df207ef6f7909fed8b962d39d097a503.jpg,1,1,1.0,0.0,0.0,0.0,4.796,0.653,6.468,0.3,12.455
FireSmokeVideoNEW145_f1_jpg.rf.c98959994bf43a00ccccdbaa8e72f04a.jpg,1,0,0.9804,0.0,0.0,0.0,5.136,0.778,5.36,0.222,11.81
FireSmokeVideoNEW146_f101_jpg.rf.fe2634fca5b5d1f2c9e70545fad522da.jpg,1,0,0.9329,0.0,0.0,0.0,5.333,0.686,4.668,0.236,11.149
FireSmokeVideoNEW146_f106_jpg.rf.9892c623f0f9bd29dbbcc214bc814b41.jpg,1,1,0.9448,0.0,0.0,0.0,3.429,0.521,4.717,0.247,9.146
FireSmokeVideoNEW146_f109_jpg.rf.384c83e02b0e4015cf5e4c8503673308.jpg,1,1,0.9807,0.0,0.0,0.0,3.639,0.823,4.468,0.224,9.378
FireSmokeVideoNEW146_f111_jpg.rf.ade51d43e61f28f35c8031cdf6817d02.jpg,1,1,0.9976,0.0,0.0,0.0,3.609,1.193,4.574,0.217,9.82
FireSmokeVideoNEW146_f113_jpg.rf.ab8e22e960ad7213184583c588b4c445.jpg,1,1,0.9994,0.0,0.0,0.0,3.22,0.523,4.6,0.216,8.779
FireSmokeVideoNEW146_f117_jpg.rf.23a02761ea49a223ae6bf03a68d0fbdb.jpg,1,1,0.9982,0.0,0.0,0.0,4.256,2.482,4.65,0.281,11.9
FireSmokeVideoNEW146_f140_jpg.rf.2a95b7d14beac9ebfdfee7a038f57378.jpg,1,0,1.0,0.0,0.0,0.0,4.742,2.435,8.017,0.243,15.688
FireSmokeVideoNEW146_f142_jpg.rf.9d3a06313e6023fc10a5ffc8f82f475b.jpg,1,0,0.9999,0.0,0.0,0.0,5.508,2.604,4.653,0.245,13.25
FireSmokeVideoNEW146_f144_jpg.rf.d8a99d5d28baa2ba0d34ff6b6332c3c8.jpg,1,0,0.8857,0.0,0.0,0.0,4.206,0.673,5.262,0.368,10.818
FireSmokeVideoNEW146_f151_jpg.rf.0fbffe058eb1e6cbac9fef14aead5b33.jpg,1,0,0.9988,0.0,0.0,0.0,3.311,2.654,4.646,0.219,11.047
FireSmokeVideoNEW146_f153_jpg.rf.fd1770e9a7a7dd230630573819f73610.jpg,1,0,0.9932,0.0,0.0,0.0,5.132,0.683,4.629,0.246,10.911
FireSmokeVideoNEW146_f159_jpg.rf.bdff825023e2cc456f066faf7f44afb1.jpg,1,1,0.9992,0.0,0.0,0.0,4.307,0.516,4.688,0.227,9.962
FireSmokeVideoNEW146_f161_jpg.rf.ff917c26295ce3ed066b0a6739d7b4e1.jpg,1,1,0.9968,0.0,0.0,0.0,3.361,0.563,4.467,0.219,8.837
FireSmokeVideoNEW146_f163_jpg.rf.e4bf576b4016d399937d584007322e6b.jpg,1,1,0.9905,0.0,0.0,0.0,3.384,0.557,4.579,0.214,8.963
FireSmokeVideoNEW146_f17_jpg.rf.1b3689a90a841172097fcbfa904ff096.jpg,1,1,0.882,0.0,0.0,0.0,5.519,2.075,7.002,0.243,15.154
FireSmokeVideoNEW146_f19_jpg.rf.1163c954509ad8d43502cfe74353caf1.jpg,1,0,0.5386,0.0,0.0,0.0,3.658,0.665,6.499,0.218,11.263
FireSmokeVideoNEW146_f22_jpg.rf.860d47b110f7a7b5dc0909f99ed6c8aa.jpg,1,1,0.9999,0.0,0.0,0.0,4.545,0.52,4.644,0.216,10.144
FireSmokeVideoNEW146_f24_jpg.rf.4d4437854a9dd5bfd679122ce6356411.jpg,1,1,0.9994,0.0,0.0,0.0,4.433,0.508,6.394,0.228,11.784
FireSmokeVideoNEW146_f35_jpg.rf.569ada06b02691fc519a8f024219fe15.jpg,1,1,0.9826,0.0,0.0,0.0,3.544,0.526,4.674,0.25,9.228
FireSmokeVideoNEW146_f49_jpg.rf.0bf5dac5124fa16d11d0830e0a753409.jpg,1,1,1.0,0.0,0.0,0.0,5.061,0.575,4.621,0.253,10.743
FireSmokeVideoNEW146_f51_jpg.rf.15d197cb6c2c43ab6c0fdadab8dc7b2c.jpg,1,1,1.0,0.0,0.0,0.0,4.397,0.55,4.585,0.216,9.967
FireSmokeVideoNEW146_f53_jpg.rf.01946d65982e4d93d26c7b9db3102b40.jpg,1,1,1.0,0.0,0.0,0.0,4.521,0.527,4.6,0.229,10.118
FireSmokeVideoNEW147_f102_jpg.rf.4f6c2948924181f2c14e48f8ed4bfb1f.jpg,1,0,0.861,0.0,0.0,0.0,3.662,1.663,4.616,0.261,10.44
FireSmokeVideoNEW147_f10_jpg.rf.86ed5ec2ef774ba63776378184197396.jpg,1,1,0.951,0.0,0.0,0.0,4.076,1.698,4.571,0.256,10.829
FireSmokeVideoNEW147_f49_jpg.rf.920daf7fb589a9b3becd83173d91f717.jpg,1,1,0.9951,0.0,0.0,0.0,6.716,1.711,5.05,0.215,14.004
FireSmokeVideoNEW147_f50_jpg.rf.11dc15cc50117b65a3595ffadfa635c9.jpg,1,1,0.9988,0.0,0.0,0.0,4.691,0.996,5.473,0.219,11.685
FireSmokeVideoNEW147_f52_jpg.rf.1f1622d0cb5a2a41596f582631aae192.jpg,1,1,0.9927,0.0,0.0,0.0,5.188,0.602,4.623,0.242,10.879
FireSmokeVideoNEW147_f62_jpg.rf.1f159e881f75e24efb4e84a5f275f06f.jpg,1,0,0.8089,0.0,0.0,0.0,3.874,0.712,4.609,0.278,9.69
FireSmokeVideoNEW147_f64_jpg.rf.148efc59d85c9883a1e2a9951450522b.jpg,1,0,0.995,0.0,0.0,0.0,4.66,0.519,4.558,0.218,10.159
FireSmokeVideoNEW147_f72_jpg.rf.c65d7aa435fdb2ec18d34e18004a07e1.jpg,1,0,0.9873,0.0,0.0,0.0,3.037,0.517,4.609,0.225,8.601
FireSmokeVideoNEW147_f75_jpg.rf.02fed88bb0f331b3e631edec406e62cf.jpg,1,0,0.6104,0.0,0.0,0.0,3.377,0.512,4.606,0.265,8.979
FireSmokeVideoNEW147_f7_jpg.rf.9747f57a7c176ccf7009a4d4b069f9ec.jpg,1,0,0.8734,0.0,0.0,0.0,4.936,2.8,5.334,0.395,13.773
FireSmokeVideoNEW147_f99_jpg.rf.b1df66b8d99531ae4e234cda5311bf60.jpg,1,0,0.9999,0.0,0.0,0.0,4.577,2.525,8.476,0.363,16.236
FireSmokeVideoNEW148_f10_jpg.rf.0dc92d22744e903a32a3c83646b68d39.jpg,1,0,0.9999,0.0,0.0,0.0,6.24,1.547,4.865,0.239,13.229
FireSmokeVideoNEW148_f12_jpg.rf.52dbece6256403bd64d1463b18e78b5f.jpg,1,0,1.0,0.0,0.0,0.0,6.357,1.604,4.942,0.234,13.432
FireSmokeVideoNEW148_f14_jpg.rf.f705015083aa7f6b5d9e98fbe6b36b40.jpg,1,0,1.0,0.0,0.0,0.0,6.824,1.555,5.101,0.235,14.029
FireSmokeVideoNEW148_f16_jpg.rf.efe282d05092639ca948cb54eec0b644.jpg,1,0,0.9998,0.0,0.0,0.0,3.897,1.346,4.586,0.229,10.269
FireSmokeVideoNEW148_f18_jpg.rf.25cf073fc5c999087720cdb1568d26cb.jpg,1,0,0.9993,0.0,0.0,0.0,4.823,1.168,4.446,0.225,10.874
FireSmokeVideoNEW148_f1_jpg.rf.08a7d028ddf308f88bed66f6adbe05ae.jpg,1,0,0.9999,0.0,0.0,0.0,4.006,0.492,4.541,0.219,9.469
FireSmokeVideoNEW148_f21_jpg.rf.d3c907302072bcf371911184b42a8bce.jpg,1,0,0.8425,0.0,0.0,0.0,3.195,2.503,4.57,0.222,10.703
FireSmokeVideoNEW148_f23_jpg.rf.bb7a8c385f12966c93224cd7de5533ac.jpg,1,0,0.964,0.0,0.0,0.0,4.813,1.668,4.53,0.238,11.474
FireSmokeVideoNEW148_f2_jpg.rf.cc3395286ff35ee596125fb994bdfc73.jpg,1,0,0.9999,0.0,0.0,0.0,4.159,1.614,4.64,0.241,10.875
FireSmokeVideoNEW148_f38_jpg.rf.3e772f6833c02d74cc3a9eb84130c6a2.jpg,1,0,0.9897,0.0,0.0,0.0,3.17,0.579,6.442,0.214,10.619
FireSmokeVideoNEW148_f45_jpg.rf.c111b115dfee39f87d8bb3fefd29e481.jpg,1,0,0.9996,0.0,0.0,0.0,3.062,0.483,4.581,0.218,8.547
FireSmokeVideoNEW148_f4_jpg.rf.b5e711e0d8349a97597cf658055f912f.jpg,1,0,0.9999,0.0,0.0,0.0,3.048,0.645,4.62,0.215,8.73
FireSmokeVideoNEW148_f5_jpg.rf.a5397150607d4f0b596ec44a6c28888e.jpg,1,0,0.9999,0.0,0.0,0.0,3.056,0.502,4.611,0.211,8.585
FireSmokeVideoNEW148_f69_jpg.rf.0c25ebea3342d2fe4d94d8cc76dd4bcf.jpg,1,1,0.7094,0.0,0.0,0.0,3.156,0.498,4.606,0.251,8.723
FireSmokeVideoNEW148_f7_jpg.rf.bef5a3ae44c17a02e467edb3d5a4c8ac.jpg,1,0,1.0,0.0,0.0,0.0,5.391,2.571,7.323,0.394,15.974
FireSmokeVideoNEW148_f86_jpg.rf.9a4b43078d141504677a016831cf6308.jpg,1,1,1.0,0.0,0.0,0.0,4.414,1.68,4.479,0.221,11.017
FireSmokeVideoNEW148_f88_jpg.rf.8c2fdce293148f53b72c01a544a59ba9.jpg,1,1,1.0,0.0,0.0,0.0,4.774,0.644,5.137,0.314,11.155
FireSmokeVideoNEW148_f9_jpg.rf.720035ab761052597ad6cea16d2280e4.jpg,1,0,0.9999,0.0,0.0,0.0,3.018,0.504,4.628,0.219,8.577
FireSmokeVideoNEW150_f101_jpg.rf.33953232d7c51fdee6b7e2ce2865d0ba.jpg,1,0,0.9984,0.0,0.0,0.0,5.277,2.708,5.317,0.361,13.969
FireSmokeVideoNEW150_f126_jpg.rf.32aee877b840a9c2ea22f01d2f5fb303.jpg,1,1,0.9003,0.0,0.0,0.0,4.073,1.752,5.455,0.31,11.914
FireSmokeVideoNEW150_f14_jpg.rf.444a98b29116e080a6a4a0501bb9f0f7.jpg,1,0,0.9987,0.0,0.0,0.0,4.82,2.033,5.423,0.22,12.796
FireSmokeVideoNEW150_f16_jpg.rf.1e363290e42953136c50c91b146e07d9.jpg,1,0,0.9994,0.0,0.0,0.0,4.417,1.452,5.022,0.332,11.457
FireSmokeVideoNEW150_f19_jpg.rf.b8f3ae94cfe25f126a004e4fa29e7bdb.jpg,1,0,1.0,0.0,0.0,0.0,5.673,2.386,5.135,0.404,13.918
FireSmokeVideoNEW150_f21_jpg.rf.d067747b0ef9247ab15d7d8d359a08aa.jpg,1,0,0.9999,0.0,0.0,0.0,3.391,0.565,4.683,0.244,9.122
FireSmokeVideoNEW150_f27_jpg.rf.5c97dd97e9ed1deda7fb24fce2121f90.jpg,1,0,0.9878,0.0,0.0,0.0,3.117,1.123,4.515,0.236,9.233
FireSmokeVideoNEW150_f29_jpg.rf.5511e763f9c244616f5e77ce9b91c813.jpg,1,0,0.9999,0.0,0.0,0.0,3.114,0.527,4.643,0.241,8.757
FireSmokeVideoNEW150_f30_jpg.rf.9d4832733e3b2a93417a5c8b84aee5d0.jpg,1,0,1.0,0.0,0.0,0.0,3.171,0.9,4.563,0.217,9.073
FireSmokeVideoNEW150_f35_jpg.rf.e659edf7e73a723edf7cb3df1ace88a3.jpg,1,0,1.0,0.0,0.0,0.0,2.975,2.876,5.118,0.329,11.611
FireSmokeVideoNEW150_f37_jpg.rf.3d99dc493af34a4278cbad08dacccd20.jpg,1,0,1.0,0.0,0.0,0.0,3.597,0.52,4.706,0.24,9.295
FireSmokeVideoNEW150_f39_jpg.rf.16f3dc6a8d25292027d805693095ce6f.jpg,1,0,0.9894,0.0,0.0,0.0,3.008,0.52,6.51,0.254,10.517
FireSmokeVideoNEW150_f40_jpg.rf.a8ed31240a813fc1b3b194e5dc286200.jpg,1,0,0.7511,0.0,0.0,0.0,5.148,1.529,6.745,0.466,14.149
FireSmokeVideoNEW150_f49_jpg.rf.894a7d0a845e4f06aaf52084b00c6d3f.jpg,1,0,0.9446,0.0,0.0,0.0,3.169,0.573,5.425,0.319,9.715
FireSmokeVideoNEW150_f52_jpg.rf.3a9421d2d5bba6909fe121dc0c5e5951.jpg,1,0,0.973,0.0,0.0,0.0,5.879,1.731,4.9,0.215,13.032
FireSmokeVideoNEW150_f75_jpg.rf.3abfaf3dfa1a54a3000ae55b88ef6e38.jpg,1,0,0.9932,0.0,0.0,0.0,4.634,0.512,4.563,0.215,10.144
FireSmokeVideoNEW150_f93_jpg.rf.483917c98f627d6edb1ce0a19c709f2c.jpg,1,0,0.9998,0.0,0.0,0.0,4.143,0.513,4.411,0.213,9.5
FireSmokeVideoNEW153_f102_jpg.rf.04284ab61b7234532f0b9026058be288.jpg,1,1,0.9999,0.0,0.0,0.0,3.078,0.517,4.571,0.203,8.587
FireSmokeVideoNEW153_f105_jpg.rf.25bcafa89f42721d551841633e56ab3f.jpg,1,1,0.9999,0.0,0.0,0.0,2.949,0.532,4.555,0.211,8.463
FireSmokeVideoNEW153_f108_jpg.rf.8c8d79a0e6dc7c4a31aab13cb893358b.jpg,1,1,1.0,0.0,0.0,0.0,4.578,0.595,4.55,0.225,10.197
FireSmokeVideoNEW153_f111_jpg.rf.44b4559f78806fba0bd71c69f0768418.jpg,1,1,1.0,0.0,0.0,0.0,4.07,0.511,4.535,0.216,9.551
FireSmokeVideoNEW153_f113_jpg.rf.f74466106550bec39e4d5cf1fa49d5b3.jpg,1,1,1.0,0.0,0.0,0.0,5.265,2.013,6.815,0.292,14.634
FireSmokeVideoNEW153_f117_jpg.rf.0f30b08c290b5e28fe270c5062c46051.jpg,1,1,1.0,0.0,0.0,0.0,4.884,0.761,4.546,0.241,10.669
FireSmokeVideoNEW153_f124_jpg.rf.9a2353fcb4544032a30aaa5e6bd64ee0.jpg,1,1,1.0,0.0,0.0,0.0,4.935,0.583,4.623,0.242,10.607
FireSmokeVideoNEW153_f12_jpg.rf.b366ca33845d67e9a395b25b15cb447b.jpg,1,1,1.0,0.0,0.0,0.0,5.085,0.526,4.58,0.22,10.636
FireSmokeVideoNEW153_f137_jpg.rf.d9411938e113c254dffcf511b582d027.jpg,1,1,1.0,0.0,0.0,0.0,3.351,0.516,4.551,0.215,8.848
FireSmokeVideoNEW153_f140_jpg.rf.6bf670b7eeffa899441ef3e9dba2adcd.jpg,1,1,1.0,0.0,0.0,0.0,3.534,0.621,6.432,0.225,11.033
FireSmokeVideoNEW153_f150_jpg.rf.25dbe19041bed476d4f58048b1a59414.jpg,1,1,0.9999,0.0,0.0,0.0,4.965,0.511,4.635,0.242,10.581
FireSmokeVideoNEW153_f155_jpg.rf.4cbaf0dadb73c614812b924695d039a7.jpg,1,1,0.9999,0.0,0.0,0.0,2.95,0.684,4.575,0.225,8.659
FireSmokeVideoNEW153_f166_jpg.rf.c1a67b7a7cbbfd8f7b0ed5186ba9ec9a.jpg,1,1,1.0,0.0,0.0,0.0,4.563,0.533,4.551,0.222,10.091
FireSmokeVideoNEW153_f175_jpg.rf.58e26ccc4e06d1d75c4b04c9b1712d9c.jpg,1,1,1.0,0.0,0.0,0.0,5.164,2.091,7.287,0.395,15.233
FireSmokeVideoNEW153_f190_jpg.rf.256ddc0fa216968cc5333bb8e84e3476.jpg,1,1,1.0,0.0,0.0,0.0,3.4,0.817,6.925,0.36,11.735
FireSmokeVideoNEW153_f20_jpg.rf.288cad55c0d4103264306149626fb2b0.jpg,1,1,1.0,0.0,0.0,0.0,3.016,0.561,4.549,0.221,8.567
FireSmokeVideoNEW153_f218_jpg.rf.bd10302a298b9d028ae7b44461c82a6f.jpg,1,1,1.0,0.0,0.0,0.0,4.327,0.651,4.548,0.215,9.962
FireSmokeVideoNEW153_f222_jpg.rf.66b912ceebfd666ff1c413bcf55c3d19.jpg,1,1,1.0,0.0,0.0,0.0,4.482,0.521,4.57,0.213,10.014
FireSmokeVideoNEW153_f224_jpg.rf.966c2cdd02d2ec6671f46f99e4fdce16.jpg,1,1,1.0,0.0,0.0,0.0,5.166,0.538,4.566,0.218,10.709
FireSmokeVideoNEW153_f228_jpg.rf.7571f42b5e5967cfa1d7a3598b22ebd0.jpg,1,1,1.0,0.0,0.0,0.0,3.39,0.504,4.421,0.214,8.749
FireSmokeVideoNEW153_f31_jpg.rf.29c7b86d56504af7fcfde12a31536ea7.jpg,1,1,1.0,0.0,0.0,0.0,3.644,0.573,4.558,0.217,9.211
FireSmokeVideoNEW153_f39_jpg.rf.67df6e0a99a896aa75dc69161de13ca4.jpg,1,1,0.9996,0.0,0.0,0.0,2.971,0.508,4.569,0.207,8.465
FireSmokeVideoNEW153_f45_jpg.rf.7e48982adb68742dcb6b0fad3eb26fe8.jpg,1,1,0.9999,0.0,0.0,0.0,3.637,1.321,4.557,0.249,9.992
FireSmokeVideoNEW153_f48_jpg.rf.bac071423e7f6c0aafdc107c3521e7f0.jpg,1,1,0.9998,0.0,0.0,0.0,5.255,2.341,8.137,0.391,16.437
FireSmokeVideoNEW153_f64_jpg.rf.a2b94d7a56781c4cdfb3c151eb143367.jpg,1,1,1.0,0.0,0.0,0.0,3.921,1.754,7.159,0.226,13.306
FireSmokeVideoNEW153_f68_jpg.rf.f5b162bdfbc33af2159fc2bc9426eed6.jpg,1,1,1.0,0.0,0.0,0.0,5.475,0.511,4.595,0.266,11.074
FireSmokeVideoNEW153_f71_jpg.rf.c23db68bddcdb21801dbebc0c061e76b.jpg,1,1,0.9999,0.0,0.0,0.0,4.585,1.675,4.579,0.247,11.318
FireSmokeVideoNEW153_f87_jpg.rf.6baf2f06090e0337483ada248509cb59.jpg,1,1,0.9999,0.0,0.0,0.0,5.244,0.503,4.658,0.218,10.847
FireSmokeVideoNEW153_f90_jpg.rf.9023719adf04d4044c938ccb993dd1e8.jpg,1,1,1.0,0.0,0.0,0.0,3.553,0.522,4.556,0.21,9.06
FireSmokeVideoNEW153_f92_jpg.rf.e84aa4e8fdac769782fd8658cde448fd.jpg,1,1,0.9999,0.0,0.0,0.0,4.165,2.809,5.01,0.381,12.658
FireSmokeVideoNEW153_f95_jpg.rf.99a25f547c16948f571a8789a3b182fc.jpg,1,1,0.9999,0.0,0.0,0.0,4.264,1.197,4.603,0.235,10.527
FireSmokeVideoNEW155_f10_jpg.rf.c748381fdf197879771b4e7e6b3f29d8.jpg,1,1,1.0,0.0,0.0,0.0,4.822,0.543,6.587,0.26,12.445
FireSmokeVideoNEW155_f12_jpg.rf.1968aa1bef09745bcd6ac5288a9c9358.jpg,1,1,1.0,0.0,0.0,0.0,3.201,0.531,4.583,0.221,8.762
FireSmokeVideoNEW155_f14_jpg.rf.fb317c01dc2a95cdd45a4093b27718f0.jpg,1,1,0.9999,0.0,0.0,0.0,4.966,0.756,4.562,0.217,10.715
FireSmokeVideoNEW155_f16_jpg.rf.d8fe076c461d48744bee7c042abcc5f8.jpg,1,1,0.9999,0.0,0.0,0.0,3.605,0.549,4.434,0.219,9.034
FireSmokeVideoNEW155_f24_jpg.rf.b28dccb64a14935ed7dee307a54574de.jpg,1,1,0.9991,0.0,0.0,0.0,2.967,0.58,4.599,0.222,8.584
FireSmokeVideoNEW155_f2_jpg.rf.fa36401821aec5900cc2c85e1226c0a2.jpg,1,1,1.0,0.0,0.0,0.0,3.019,0.504,4.597,0.249,8.585
FireSmokeVideoNEW155_f42_jpg.rf.c60947293513766a592f90a1541d9092.jpg,1,1,1.0,0.0,0.0,0.0,3.963,0.533,4.613,0.241,9.598
FireSmokeVideoNEW155_f49_jpg.rf.3c06fb2c6a26091589977194a4abab76.jpg,1,1,1.0,0.0,0.0,0.0,2.98,0.555,4.617,0.236,8.613
FireSmokeVideoNEW155_f50_jpg.rf.80677d5b907912711a6920a084d1e89c.jpg,1,1,0.9999,0.0,0.0,0.0,4.534,0.675,5.52,0.243,11.208
FireSmokeVideoNEW155_f5_jpg.rf.3cb78f9d303c52509e0578544d2da27c.jpg,1,1,1.0,0.0,0.0,0.0,3.032,0.503,8.989,0.278,13.021
FireSmokeVideoNEW155_f62_jpg.rf.9ab8fb2faf5d035ac1c6744445b9c213.jpg,1,1,1.0,0.0,0.0,0.0,5.178,1.686,5.156,0.356,12.621
FireSmokeVideoNEW155_f6_jpg.rf.1667a85146b807e8f44d7c22058489eb.jpg,1,1,0.9999,0.0,0.0,0.0,4.898,0.791,4.56,0.226,10.691
FireSmokeVideoNEW156_f15_jpg.rf.fb5dd0148524a2cda3bb53f4e0121715.jpg,1,1,0.9729,0.0,0.0,0.0,3.114,0.589,4.573,0.222,8.717
FireSmokeVideoNEW156_f175_jpg.rf.60debd3147792c3a493655b096e73fa4.jpg,1,1,0.929,0.0,0.0,0.0,3.32,0.589,4.554,0.221,8.903
FireSmokeVideoNEW158_f39_jpg.rf.7f473b556e3cd2815542ec5bf6db3e6d.jpg,1,0,0.6671,0.0,0.0,0.0,3.007,0.526,4.572,0.214,8.536
FireSmokeVideoNEW158_f46_jpg.rf.6b82b2f486e4e624ea9461a55db99dca.jpg,1,1,0.9782,0.0,0.0,0.0,2.978,1.297,4.543,0.211,9.238
FireSmokeVideoNEW158_f48_jpg.rf.3168d65ca51af21e092746c775d953fc.jpg,1,1,0.998,0.0,0.0,0.0,3.877,0.514,4.556,0.208,9.366
FireSmokeVideoNEW158_f59_jpg.rf.869a05d37638c92d9fe0dd626efd31d0.jpg,1,1,0.8891,0.0,0.0,0.0,2.945,0.501,4.547,0.218,8.421
FireSmokeVideoNEW158_f63_jpg.rf.2d1014dc2ef5040b98a27fe60ab19d6a.jpg,1,1,0.9995,0.0,0.0,0.0,4.502,0.762,5.135,0.397,11.105
FireSmokeVideoNEW158_f90_jpg.rf.d48168cb4bb38538fc1ed5cabc7142b2.jpg,1,1,0.9986,0.0,0.0,0.0,6.692,2.793,10.916,0.28,21.596
FireSmokeVideoNEW158_f92_jpg.rf.9c84ccbe9534bc160399d17379f8b111.jpg,1,1,1.0,0.0,0.0,0.0,3.639,0.522,4.624,0.208,9.215
FireSmokeVideoNEW159_f112_jpg.rf.591c03eb9db15672f4cd8b4abb898d89.jpg,1,1,0.9533,0.0,0.0,0.0,2.998,0.514,4.671,0.242,8.655
FireSmokeVideoNEW15_f12_jpg.rf.f51125d1af8ad086351a7886b0f5009b.jpg,1,1,0.5217,0.0,0.0,0.0,2.991,0.511,4.62,0.224,8.566
FireSmokeVideoNEW15_f14_jpg.rf.9d67d376bf8c041638caeff48acaf623.jpg,1,1,0.9367,0.0,0.0,0.0,3.189,0.54,4.453,0.228,8.633
FireSmokeVideoNEW15_f17_jpg.rf.86e7dbb8918e3b1b2f626273bd55b8d0.jpg,1,1,0.9943,0.0,0.0,0.0,3.379,0.525,4.568,0.214,8.907
FireSmokeVideoNEW15_f1_jpg.rf.f344ff4bba1c59aa5c50709afb19e455.jpg,1,1,0.8013,0.0,0.0,0.0,3.002,0.51,4.548,0.216,8.489
FireSmokeVideoNEW15_f2_jpg.rf.a31e556d5f3a6dbd7ff44311ef8efbae.jpg,1,0,0.9069,0.0,0.0,0.0,3.005,0.514,4.57,0.271,8.58
FireSmokeVideoNEW15_f6_jpg.rf.436addb93652b050d3dd3b2c60b0bfec.jpg,1,1,0.9345,0.0,0.0,0.0,3.011,0.501,4.564,0.22,8.506
FireSmokeVideoNEW160_f103_jpg.rf.20ecce466add4381dcaa03df05ea7770.jpg,1,1,0.9078,0.0,0.0,0.0,4.842,0.666,10.454,0.424,16.66
FireSmokeVideoNEW160_f12_jpg.rf.bfc71795a2763b42e2e484455ff7f31b.jpg,1,1,0.9997,0.0,0.0,0.0,4.899,0.579,4.625,0.248,10.58
FireSmokeVideoNEW160_f15_jpg.rf.f44bad4c3e3af5089ecdb301e701e787.jpg,1,1,0.9999,0.0,0.0,0.0,3.01,0.51,4.553,0.215,8.5
FireSmokeVideoNEW160_f16_jpg.rf.428bb15b7ae1c7facd99f425b6d7df6a.jpg,1,1,1.0,0.0,0.0,0.0,4.961,0.518,4.639,0.218,10.558
FireSmokeVideoNEW160_f173_jpg.rf.b2e66370e2f2c1cb16de0df2907336f7.jpg,1,1,0.9998,0.0,0.0,0.0,5.112,0.696,4.631,0.222,10.879
FireSmokeVideoNEW160_f177_jpg.rf.d1a861e50ebc4461caaecf62f63ebc59.jpg,1,1,0.9453,0.0,0.0,0.0,4.853,0.569,4.569,0.216,10.429
FireSmokeVideoNEW160_f1_jpg.rf.190758d8c7a682c5b7daac081dfb3a78.jpg,1,1,0.9998,0.0,0.0,0.0,2.977,0.506,4.637,0.215,8.548
FireSmokeVideoNEW160_f2_jpg.rf.fce089d8284f0950ae97be3eba63439a.jpg,1,0,0.8512,0.0,0.0,0.0,2.97,0.517,4.555,0.214,8.469
FireSmokeVideoNEW160_f33_jpg.rf.108f8a672b6f88d2b89ac7f95422009c.jpg,1,1,0.999,0.0,0.0,0.0,3.871,1.54,4.475,0.219,10.325
FireSmokeVideoNEW160_f35_jpg.rf.c16d0976f3f76c13a1330b5768eca00a.jpg,1,1,0.9999,0.0,0.0,0.0,3.706,2.481,4.577,0.235,11.225
FireSmokeVideoNEW160_f39_jpg.rf.d3e3a3c1485f2d01aec9cad353813e12.jpg,1,1,0.9898,0.0,0.0,0.0,7.462,2.748,7.46,0.374,18.437
FireSmokeVideoNEW160_f41_jpg.rf.aa9f5312160d0bd036a5938074fddac9.jpg,1,0,0.9964,0.0,0.0,0.0,5.598,2.462,5.738,0.375,14.506
FireSmokeVideoNEW160_f44_jpg.rf.1cc92e380feb65d1eb40ba795881b5d5.jpg,1,0,0.7749,0.0,0.0,0.0,6.162,1.843,4.648,0.25,13.141
FireSmokeVideoNEW160_f46_jpg.rf.dd383a61ddf4ac103ba2ab38fafc1304.jpg,1,1,0.8335,0.0,0.0,0.0,6.433,1.977,4.642,0.242,13.519
FireSmokeVideoNEW160_f48_jpg.rf.7dd4aefed27d023e4052d016859d86ba.jpg,1,1,0.9525,0.0,0.0,0.0,4.193,1.845,4.694,0.238,11.186
FireSmokeVideoNEW160_f4_jpg.rf.a216d4761627cf8ad4fe93da11263bd4.jpg,1,0,0.5942,0.0,0.0,0.0,5.365,2.494,4.51,0.238,12.835
FireSmokeVideoNEW160_f52_jpg.rf.3228c111f52937aaf63b39337eba40f8.jpg,1,1,0.9965,0.0,0.0,0.0,5.562,0.839,5.435,0.235,12.393
FireSmokeVideoNEW160_f55_jpg.rf.92746e806b8a448bd9fa5ebc37187ef2.jpg,1,1,1.0,0.0,0.0,0.0,5.088,2.577,6.737,0.242,14.876
FireSmokeVideoNEW160_f57_jpg.rf.8a91ec76e3647b46e08933b3462af691.jpg,1,1,1.0,0.0,0.0,0.0,3.445,0.594,4.747,0.432,9.453
FireSmokeVideoNEW160_f59_jpg.rf.170fd687380bef8f766d9e266cb85053.jpg,1,1,1.0,0.0,0.0,0.0,3.025,0.545,4.964,0.318,9.076
FireSmokeVideoNEW160_f63_jpg.rf.db93f533170822e20526f9e532b5e51b.jpg,1,1,1.0,0.0,0.0,0.0,3.01,0.509,6.463,0.225,10.429
FireSmokeVideoNEW160_f6_jpg.rf.ac5b4b5a9f3e3488066181df85e3f326.jpg,1,0,0.9713,0.0,0.0,0.0,3.733,0.504,4.552,0.221,9.222
FireSmokeVideoNEW160_f83_jpg.rf.2b5c18d120808fcee84fcee8e15e0eab.jpg,1,1,1.0,0.0,0.0,0.0,5.447,1.216,4.57,0.213,11.665
FireSmokeVideoNEW160_f94_jpg.rf.fa93f0ccf8383d0537bd4526fe6dea4f.jpg,1,1,0.9902,0.0,0.0,0.0,5.067,0.5,4.629,0.223,10.633
FireSmokeVideoNEW160_f96_jpg.rf.318dc1b078231bc7e8217c6b27dbf6bc.jpg,1,1,0.9989,0.0,0.0,0.0,3.2,0.516,4.547,0.215,8.692
FireSmokeVideoNEW160_f98_jpg.rf.fda7903762711f01f813040b5d8aa8a2.jpg,1,1,0.9954,0.0,0.0,0.0,7.235,3.742,6.251,0.288,17.753
FireSmokeVideoNEW160_f9_jpg.rf.8ad168e145acd33d27bbeeebdf9ae57e.jpg,1,1,1.0,0.0,0.0,0.0,3.084,0.509,4.521,0.238,8.574
FireSmokeVideoNEW161_f102_jpg.rf.b8a39867ca705345dd78135b6499812f.jpg,1,1,1.0,0.0,0.0,0.0,4.723,0.581,4.571,0.222,10.321
FireSmokeVideoNEW161_f104_jpg.rf.03cdb4c2815784a34a20437185bb945e.jpg,1,1,1.0,0.0,0.0,0.0,4.408,0.52,4.607,0.229,9.986
FireSmokeVideoNEW161_f108_jpg.rf.a443c4f6d93a5c29284e386e100774c7.jpg,1,1,1.0,0.0,0.0,0.0,3.476,0.51,4.55,0.22,8.971
FireSmokeVideoNEW161_f110_jpg.rf.7a3ea145a4c983d0832040f8059eab16.jpg,1,1,1.0,0.0,0.0,0.0,3.362,0.51,4.571,0.217,8.875
FireSmokeVideoNEW161_f112_jpg.rf.cc6e5f3275b57bf2b6725a9d400d562b.jpg,1,1,1.0,0.0,0.0,0.0,2.966,0.502,4.607,0.217,8.505
FireSmokeVideoNEW161_f126_jpg.rf.6be71a5552c67a041be924a65961ba25.jpg,1,1,1.0,0.0,0.0,0.0,3.0,1.014,4.593,0.212,9.032
FireSmokeVideoNEW162_f22_jpg.rf.c32b1104152593e5333cf62b573e1c78.jpg,1,1,0.9999,0.0,0.0,0.0,2.976,0.514,6.446,0.22,10.365
FireSmokeVideoNEW162_f25_jpg.rf.14fe515b4881006326c100db4510d703.jpg,1,1,0.9992,0.0,0.0,0.0,5.549,1.386,6.261,0.283,13.724
FireSmokeVideoNEW162_f28_jpg.rf.2100b326cec56114b93d020bc09048ce.jpg,1,1,0.9995,0.0,0.0,0.0,4.282,0.62,5.018,0.232,10.371
FireSmokeVideoNEW162_f33_jpg.rf.8dad23cbfc6a51aefb21d5fad8279bb7.jpg,1,1,0.9967,0.0,0.0,0.0,4.202,0.523,4.572,0.221,9.731
FireSmokeVideoNEW162_f66_jpg.rf.3631362f48db82440191fe572b490d18.jpg,1,1,0.9992,0.0,0.0,0.0,4.594,0.814,4.571,0.218,10.42
FireSmokeVideoNEW162_f68_jpg.rf.e5c11af641e403c1dfd72762deb03d79.jpg,1,1,0.9995,0.0,0.0,0.0,4.536,0.587,4.577,0.227,10.147
FireSmokeVideoNEW163_f1_jpg.rf.48314c99b8b115efc7e5d9aaae268c6d.jpg,1,0,1.0,0.0,0.0,0.0,3.444,0.53,4.549,0.216,8.956
FireSmokeVideoNEW163_f3_jpg.rf.37eb09b7f4a74de0e072b65a23530ffe.jpg,1,0,0.9999,0.0,0.0,0.0,3.828,0.522,4.825,0.268,9.658
FireSmokeVideoNEW163_f5_jpg.rf.3ff7bc2e2acad28b6f4bd8c668b163f1.jpg,1,0,1.0,0.0,0.0,0.0,2.921,0.529,4.575,0.219,8.465
FireSmokeVideoNEW163_f91_jpg.rf.2ea42f806b1cfd13bc551fa782ea4414.jpg,1,0,1.0,0.0,0.0,0.0,3.057,0.821,4.547,0.21,8.85
FireSmokeVideoNEW164_f76_jpg.rf.73ec1d0a5c3c6223aad8ea5f96d2c287.jpg,1,0,1.0,0.0,0.0,0.0,4.31,1.308,4.657,0.249,10.755
FireSmokeVideoNEW166_f104_jpg.rf.4ae70d75d6f1e26735b5fd2d00149140.jpg,1,1,0.9997,0.0,0.0,0.0,3.655,0.524,4.502,0.22,9.131
FireSmokeVideoNEW166_f106_jpg.rf.ecdf0d1c54eed105a41ceb1c3a5e16a2.jpg,1,1,1.0,0.0,0.0,0.0,3.555,0.575,4.51,0.236,9.105
FireSmokeVideoNEW166_f114_jpg.rf.96ea691bbc9cbfaf071eff12e406a474.jpg,1,1,0.9998,0.0,0.0,0.0,3.102,0.529,4.648,0.241,8.756
FireSmokeVideoNEW166_f128_jpg.rf.c8522d2e926b393fc34be90751b24e82.jpg,1,1,0.9995,0.0,0.0,0.0,3.017,0.504,4.566,0.222,8.531
FireSmokeVideoNEW166_f130_jpg.rf.ec9dae17b6bbb13104fa9b611d0195b1.jpg,1,1,0.9998,0.0,0.0,0.0,3.009,0.52,4.59,0.268,8.614
FireSmokeVideoNEW166_f142_jpg.rf.8777aadb7efd8b5364780535a11408ee.jpg,1,1,0.9996,0.0,0.0,0.0,2.944,0.518,4.56,0.222,8.462
FireSmokeVideoNEW166_f151_jpg.rf.951f63f13e871c67cbf4167ca519c038.jpg,1,1,0.9989,0.0,0.0,0.0,3.587,0.522,4.48,0.212,9.02
FireSmokeVideoNEW166_f156_jpg.rf.c3fc415b126d1c0dc2c799e8d819ba0a.jpg,1,1,0.9944,0.0,0.0,0.0,2.921,0.883,4.566,0.22,8.805
FireSmokeVideoNEW166_f18_jpg.rf.91b89ccc3f2286e2046f47caeec4e617.jpg,1,1,1.0,0.0,0.0,0.0,2.97,0.518,4.594,0.228,8.534
FireSmokeVideoNEW166_f20_jpg.rf.621861e4339bc16655c7d59607418101.jpg,1,1,1.0,0.0,0.0,0.0,3.904,1.316,9.488,0.266,15.223
FireSmokeVideoNEW166_f31_jpg.rf.ec18fdfa2e1b079dc332639aca65e45b.jpg,1,1,1.0,0.0,0.0,0.0,2.921,0.537,4.575,0.226,8.475
FireSmokeVideoNEW16_f15_jpg.rf.1b1aa21c81078e3b97875626efbfa695.jpg,1,0,0.9843,0.0,0.0,0.0,3.92,0.544,4.449,0.22,9.354
FireSmokeVideoNEW16_f20_jpg.rf.607dc5a69aa35cab8c152976e33f78b9.jpg,1,1,0.9191,0.0,0.0,0.0,2.94,0.51,4.61,0.213,8.493
FireSmokeVideoNEW16_f22_jpg.rf.ed416c54b284805baff969bf2d477571.jpg,1,1,0.9973,0.0,0.0,0.0,2.992,0.509,4.555,0.211,8.479
FireSmokeVideoNEW16_f24_jpg.rf.13b7de1341a169938a1b00b037d6e459.jpg,1,1,0.9999,0.0,0.0,0.0,3.004,0.52,4.554,0.215,8.514
FireSmokeVideoNEW16_f26_jpg.rf.d88449a03f1fc06e4e5b4971b57c423e.jpg,1,1,0.9833,0.0,0.0,0.0,3.017,0.525,4.56,0.218,8.539
FireSmokeVideoNEW16_f48_jpg.rf.8200e21f18799aa0faf03642cd3c3587.jpg,1,1,0.9997,0.0,0.0,0.0,2.903,0.535,4.559,0.219,8.432
FireSmokeVideoNEW16_f54_jpg.rf.f5bd922fb406ec6debc8b5dbe6fed5f5.jpg,1,1,0.9981,0.0,0.0,0.0,4.225,2.796,4.571,0.245,12.069
FireSmokeVideoNEW16_f73_jpg.rf.5f38b183effd9a5adcc92d6d936e082f.jpg,1,1,1.0,0.0,0.0,0.0,3.665,1.398,7.15,0.287,12.743
FireSmokeVideoNEW172_f111_jpg.rf.c0521dfdd8b774734b046dd69683eaf9.jpg,1,1,1.0,0.0,0.0,0.0,3.027,0.504,4.539,0.226,8.512
FireSmokeVideoNEW172_f163_jpg.rf.f85eb82deba112f0c669c48fd7ee61b4.jpg,1,1,0.9999,0.0,0.0,0.0,3.236,0.511,4.619,0.223,8.805
FireSmokeVideoNEW172_f37_jpg.rf.1133eca3df34cbcd597de45fe6e0e94d.jpg,1,1,1.0,0.0,0.0,0.0,2.942,0.52,4.593,0.222,8.489
FireSmokeVideoNEW172_f62_jpg.rf.443f82816a29901f59cb85bddc7bc3fc.jpg,1,1,1.0,0.0,0.0,0.0,3.428,0.53,4.515,0.24,8.94
FireSmokeVideoNEW172_f79_jpg.rf.1b68d10570f4d82b070043578957f70d.jpg,1,1,0.9999,0.0,0.0,0.0,3.484,0.532,4.63,0.243,9.121
FireSmokeVideoNEW176_f109_jpg.rf.11dd89709af38d8056b039c8815bf0fc.jpg,1,1,0.8187,0.0,0.0,0.0,3.204,0.537,4.683,0.24,8.896
FireSmokeVideoNEW176_f119_jpg.rf.fe37062e59113046aa83d89b8ecb0b7c.jpg,1,1,0.9998,0.0,0.0,0.0,3.521,0.84,5.723,0.354,10.809
FireSmokeVideoNEW176_f157_jpg.rf.d57b84235a5007bd6d675bff496183e5.jpg,1,0,0.9873,0.0,0.0,0.0,4.783,1.376,8.595,0.25,15.245
FireSmokeVideoNEW176_f181_jpg.rf.cabd74e7296f4c73ee27fe028dd8e69d.jpg,1,1,0.9835,0.0,0.0,0.0,3.412,0.513,4.633,0.24,9.025
FireSmokeVideoNEW176_f3_jpg.rf.c36369eb36e9298d6403fe4d09674b63.jpg,1,0,0.9891,0.0,0.0,0.0,3.11,0.515,4.612,0.268,8.726
FireSmokeVideoNEW176_f72_jpg.rf.ac3b396938e401cbfa0224d45069e656.jpg,1,1,0.9999,0.0,0.0,0.0,3.199,0.507,4.615,0.224,8.767
FireSmokeVideoNEW178_f14_jpg.rf.338e69ab75ea47886780fab9072cfe97.jpg,1,1,1.0,0.0,0.0,0.0,3.135,0.51,4.572,0.219,8.656
FireSmokeVideoNEW178_f16_jpg.rf.2dfc5ee41cefadea08a7ba62ac1f579f.jpg,1,1,1.0,0.0,0.0,0.0,3.762,0.508,4.577,0.214,9.285
FireSmokeVideoNEW178_f19_jpg.rf.527dc6458507de2613fc2429950c55bd.jpg,1,1,0.9999,0.0,0.0,0.0,4.612,0.632,4.509,0.285,10.274
FireSmokeVideoNEW178_f21_jpg.rf.2df23cfacf65b02094284d7cc5407e99.jpg,1,1,1.0,0.0,0.0,0.0,2.938,0.545,4.572,0.226,8.493
FireSmokeVideoNEW178_f23_jpg.rf.22f0cb6fd7d1eb2784883dee2cccc9b5.jpg,1,1,1.0,0.0,0.0,0.0,2.993,0.511,4.644,0.238,8.605
FireSmokeVideoNEW178_f27_jpg.rf.213ab9f16ff7511e8bd4d03be401ebd8.jpg,1,1,1.0,0.0,0.0,0.0,2.925,0.518,4.579,0.222,8.46
FireSmokeVideoNEW178_f29_jpg.rf.4b50b3250a85e04f2f561d0fb5b2ea19.jpg,1,1,1.0,0.0,0.0,0.0,4.87,2.155,9.743,0.305,17.308
FireSmokeVideoNEW181_f103_jpg.rf.ec93c689f6ec9a7380666966d76f179b.jpg,1,0,0.9998,0.0,0.0,0.0,6.078,1.523,11.343,0.39,19.805
FireSmokeVideoNEW181_f112_jpg.rf.a83b0b3167273cfdd0d0b3f3245fa7ee.jpg,1,0,0.6974,0.0,0.0,0.0,5.65,1.033,5.192,0.237,12.422
FireSmokeVideoNEW181_f114_jpg.rf.8fab4401cc8e1ddf41bc8f61c7083a9b.jpg,1,0,0.9255,0.0,0.0,0.0,5.056,0.679,5.017,0.226,11.276
FireSmokeVideoNEW181_f119_jpg.rf.2b9039011fbaf7cf47a8a84160eba0c7.jpg,1,0,0.8927,0.0,0.0,0.0,2.994,0.504,4.638,0.225,8.573
FireSmokeVideoNEW181_f138_jpg.rf.7b3ffbd1e0a0909c8542ecacf988e17c.jpg,1,0,0.9998,0.0,0.0,0.0,2.986,0.511,4.573,0.22,8.5
FireSmokeVideoNEW181_f144_jpg.rf.be3fb045a09fe4b62ff818be5ff8df31.jpg,1,0,0.9995,0.0,0.0,0.0,3.751,1.982,4.767,0.291,11.064
FireSmokeVideoNEW181_f151_jpg.rf.4d059df2c479b79d69332ab86693b9af.jpg,1,0,0.9899,0.0,0.0,0.0,3.066,0.511,4.624,0.237,8.66
FireSmokeVideoNEW181_f153_jpg.rf.6e941e23754f67ed8b6a3cfa3a73da05.jpg,1,0,0.9993,0.0,0.0,0.0,3.052,0.499,4.578,0.219,8.561
FireSmokeVideoNEW181_f155_jpg.rf.1b9a27b3e2dbbba1defd0a17da890d20.jpg,1,0,0.9995,0.0,0.0,0.0,2.989,0.518,4.611,0.236,8.568
FireSmokeVideoNEW181_f159_jpg.rf.acfb872ee5fcb34ef13a6335bfa20c31.jpg,1,0,0.9965,0.0,0.0,0.0,2.972,0.58,4.574,0.214,8.547
FireSmokeVideoNEW181_f161_jpg.rf.c66e1f5ebbe4b626eea5fb46441f68d6.jpg,1,0,0.9949,0.0,0.0,0.0,2.973,0.512,4.567,0.218,8.513
FireSmokeVideoNEW181_f165_jpg.rf.944a4fa3bff479666f5d4da650df0694.jpg,1,0,0.993,0.0,0.0,0.0,3.018,0.521,4.594,0.221,8.593
FireSmokeVideoNEW181_f168_jpg.rf.09eb032299377b026f8e7a7f35185f1e.jpg,1,0,0.9899,0.0,0.0,0.0,3.056,0.52,4.561,0.229,8.585
FireSmokeVideoNEW181_f35_jpg.rf.ae9d9d8481448208afb995086041c546.jpg,1,0,0.9999,0.0,0.0,0.0,3.471,0.522,4.639,0.239,9.094
FireSmokeVideoNEW181_f91_jpg.rf.4b8a5f368f4f969978581c51a5e3c72e.jpg,1,0,0.9994,0.0,0.0,0.0,3.086,0.506,4.646,0.242,8.759
FireSmokeVideoNEW181_f95_jpg.rf.5e55ec887078e0feacd31ce84a75f8ca.jpg,1,0,0.9997,0.0,0.0,0.0,2.96,0.563,4.598,0.222,8.558
FireSmokeVideoNEW181_f97_jpg.rf.18918a57d25e035d172b1857f216021f.jpg,1,0,0.9997,0.0,0.0,0.0,2.96,0.549,4.564,0.22,8.503
FireSmokeVideoNEW181_f99_jpg.rf.0e66a54a15e57cb72c3d4f8a240a2151.jpg,1,0,1.0,0.0,0.0,0.0,3.001,0.624,4.584,0.218,8.635
FireSmokeVideoNEW184_f11_jpg.rf.ae299b7a9e7c022a3788ddc0897c134e.jpg,1,1,0.9999,0.0,0.0,0.0,3.076,0.504,4.557,0.216,8.597
FireSmokeVideoNEW184_f13_jpg.rf.ce6e21ccb4aaa52937d4c2ccc7875bed.jpg,1,1,0.9998,0.0,0.0,0.0,5.77,2.51,7.482,0.241,16.251
FireSmokeVideoNEW184_f15_jpg.rf.e76e5dd6c7f478e2876323df33c94fc5.jpg,1,1,0.9998,0.0,0.0,0.0,3.904,0.513,6.516,0.24,11.395
FireSmokeVideoNEW184_f17_jpg.rf.8a42ec6a17e625638d9b08db25bb1da8.jpg,1,1,0.9997,0.0,0.0,0.0,3.06,0.516,4.584,0.223,8.603
FireSmokeVideoNEW184_f19_jpg.rf.6721bc5e6094024520008a809861d4d1.jpg,1,1,0.9999,0.0,0.0,0.0,4.93,1.008,4.645,0.234,11.051
FireSmokeVideoNEW184_f20_jpg.rf.617edddc4230d2a3489120a4d6284d6a.jpg,1,1,1.0,0.0,0.0,0.0,3.55,0.497,4.635,0.234,9.137
FireSmokeVideoNEW184_f22_jpg.rf.a60f9ac7d2baaa68f773a1f1c663adbd.jpg,1,1,0.9998,0.0,0.0,0.0,2.965,0.543,4.578,0.219,8.525
FireSmokeVideoNEW184_f24_jpg.rf.76afc7e8179fbe13ae35b4ff745c6b4f.jpg,1,1,0.9972,0.0,0.0,0.0,4.01,2.782,5.154,0.379,12.662
FireSmokeVideoNEW184_f26_jpg.rf.b13491a64cbb2d0463105e970f88c5a7.jpg,1,1,0.9999,0.0,0.0,0.0,4.183,0.52,4.615,0.237,9.779
FireSmokeVideoNEW184_f2_jpg.rf.078a0f6b44f5bafb07c903b43f3af799.jpg,1,1,1.0,0.0,0.0,0.0,4.485,0.743,5.512,0.355,11.481
FireSmokeVideoNEW184_f35_jpg.rf.5495878b4d4300f0c679d9edf23807f2.jpg,1,1,0.9999,0.0,0.0,0.0,6.916,2.698,9.818,0.265,20.042
FireSmokeVideoNEW184_f37_jpg.rf.2777cc52ac569f30719c8ae879dbd8bb.jpg,1,1,0.9999,0.0,0.0,0.0,3.476,0.586,5.004,0.369,9.671
FireSmokeVideoNEW184_f40_jpg.rf.6eaf7e00d16a4113754c199d8bcd7ef4.jpg,1,1,0.9998,0.0,0.0,0.0,6.019,0.719,5.12,0.242,12.423
FireSmokeVideoNEW184_f45_jpg.rf.ad114f11173cbca479065f3caebf2b34.jpg,1,1,0.9997,0.0,0.0,0.0,4.915,0.524,4.621,0.239,10.526
FireSmokeVideoNEW184_f50_jpg.rf.bbb13925ceb8e2bff335a8325417437b.jpg,1,1,0.9985,0.0,0.0,0.0,4.345,0.845,4.633,0.238,10.297
FireSmokeVideoNEW184_f55_jpg.rf.d1eec9ba4b6220797cbcb8975f71b2b2.jpg,1,1,0.9998,0.0,0.0,0.0,3.606,0.519,4.645,0.222,9.212
FireSmokeVideoNEW184_f5_jpg.rf.c8e2cd361adfeeb0a31d3758f5f41aef.jpg,1,1,0.9987,0.0,0.0,0.0,5.889,0.779,4.468,0.235,11.599
FireSmokeVideoNEW184_f7_jpg.rf.51b20038b916a76472a04ce263734a9a.jpg,1,1,0.9995,0.0,0.0,0.0,3.393,0.765,4.56,0.216,9.16
FireSmokeVideoNEW184_f9_jpg.rf.87fd8eb59087813c43e0bc0a651af1de.jpg,1,1,0.9997,0.0,0.0,0.0,3.312,0.522,4.641,0.24,8.953
FireSmokeVideoNEW187_f30_jpg.rf.ae1f570cf7d9572a74488eaa3debad82.jpg,1,1,0.9966,0.0,0.0,0.0,4.48,2.605,8.337,0.378,16.113
FireSmokeVideoNEW187_f46_jpg.rf.8bbd48f1c7a0c21c1c9230e5525ce5af.jpg,1,1,0.9962,0.0,0.0,0.0,3.016,0.5,4.58,0.242,8.567
FireSmokeVideoNEW187_f49_jpg.rf.14c155a1599a466ead22f23981911e67.jpg,1,1,0.9999,0.0,0.0,0.0,3.195,0.505,4.641,0.24,8.809
FireSmokeVideoNEW187_f51_jpg.rf.0d435a458ddbd34d22ad4b2d72417df0.jpg,1,1,1.0,0.0,0.0,0.0,3.775,0.526,4.618,0.227,9.368
FireSmokeVideoNEW187_f53_jpg.rf.d871ec684608d7bf3f61bb568ac88173.jpg,1,1,1.0,0.0,0.0,0.0,3.162,0.531,4.656,0.217,8.785
FireSmokeVideoNEW187_f55_jpg.rf.0712f3244a9cf5d39b072717daedc56b.jpg,1,1,0.9987,0.0,0.0,0.0,3.016,0.5,4.642,0.214,8.596
FireSmokeVideoNEW187_f57_jpg.rf.9b7d319c8d37619c608d57c3c7bed6d6.jpg,1,1,0.9891,0.0,0.0,0.0,3.039,0.493,4.666,0.209,8.622
FireSmokeVideoNEW187_f59_jpg.rf.edf0bb93b118133cb359c2cab31c378b.jpg,1,1,0.9987,0.0,0.0,0.0,2.915,0.549,4.558,0.22,8.452
FireSmokeVideoNEW187_f61_jpg.rf.4f009b3246be16af1da42ab71256b466.jpg,1,1,0.9954,0.0,0.0,0.0,3.031,0.686,4.548,0.208,8.694
FireSmokeVideoNEW187_f66_jpg.rf.ba0506e5e6e9b1a0829ff3945083a8a9.jpg,1,1,0.9908,0.0,0.0,0.0,4.885,2.559,5.334,0.356,13.444
FireSmokeVideoNEW187_f68_jpg.rf.5ac076d8dbc1f09ebc18cd0d1e5b23eb.jpg,1,1,0.999,0.0,0.0,0.0,5.071,0.555,4.531,0.239,10.634
FireSmokeVideoNEW187_f70_jpg.rf.5fd108067fe7e96989e53f2f078a9ace.jpg,1,1,0.9994,0.0,0.0,0.0,2.993,0.518,4.541,0.22,8.495
FireSmokeVideoNEW187_f81_jpg.rf.dd8dd1d67a6a5770f2dd3aa04bbd44a7.jpg,1,1,0.9996,0.0,0.0,0.0,2.964,0.509,4.613,0.217,8.52
FireSmokeVideoNEW187_f83_jpg.rf.1248a0c6116d3f14de2e0d8c1002795f.jpg,1,1,0.9997,0.0,0.0,0.0,2.97,0.518,4.57,0.217,8.49
FireSmokeVideoNEW187_f85_jpg.rf.6511d23bfd23b9eb8e9057f3ac9da850.jpg,1,1,0.9997,0.0,0.0,0.0,3.817,0.521,4.648,0.241,9.453
FireSmokeVideoNEW187_f95_jpg.rf.5d4891558279bf1ac091add3e599d1e0.jpg,1,0,0.9977,0.0,0.0,0.0,5.269,0.765,5.135,0.413,11.95
FireSmokeVideoNEW187_f98_jpg.rf.b516e11f75bff2314b57b6027da715b0.jpg,1,0,1.0,0.0,0.0,0.0,2.922,0.629,4.58,0.216,8.563
FireSmokeVideoNEW188_f0_jpg.rf.fc6d569e759e92aa1bf39f49d704191e.jpg,1,1,0.8669,0.0,0.0,0.0,2.98,0.496,4.645,0.234,8.807
FireSmokeVideoNEW188_f11_jpg.rf.3124d86b0386441621b962add617652f.jpg,1,0,0.9982,0.0,0.0,0.0,2.979,0.509,4.629,0.247,8.58
FireSmokeVideoNEW188_f13_jpg.rf.c218c266a3253e8f8f8b02beda19f6db.jpg,1,0,0.9963,0.0,0.0,0.0,5.165,0.841,7.585,0.264,14.092
FireSmokeVideoNEW188_f1_jpg.rf.78cee517f81fc7d7936ae6f38b16cb66.jpg,1,0,0.9994,0.0,0.0,0.0,3.273,0.97,4.531,0.24,9.24
FireSmokeVideoNEW188_f29_jpg.rf.8b9e7fc00b59d5fa8cce4524ca956dd2.jpg,1,0,0.9998,0.0,0.0,0.0,3.104,0.511,4.573,0.223,8.627
FireSmokeVideoNEW188_f3_jpg.rf.776e0e5bb8a5ae50c703ee454675cb74.jpg,1,0,0.8522,0.0,0.0,0.0,2.965,0.505,4.567,0.218,8.47
FireSmokeVideoNEW188_f46_jpg.rf.6d5a3f5a6614d5ec2a28115e4da91a58.jpg,1,0,0.7821,0.0,0.0,0.0,2.991,0.685,4.613,0.214,8.716
FireSmokeVideoNEW188_f4_jpg.rf.f8515d9c45ad1b08bf51554613f69454.jpg,1,0,0.9813,0.0,0.0,0.0,2.973,0.527,4.559,0.216,8.488
FireSmokeVideoNEW188_f72_jpg.rf.5991cc08698848b3ba20af9ae58e28cc.jpg,1,1,0.925,0.0,0.0,0.0,3.628,0.521,4.51,0.238,9.124
FireSmokeVideoNEW188_f8_jpg.rf.1c4cfd22c7ec9fd23a6cafc391a63570.jpg,1,0,0.9982,0.0,0.0,0.0,3.281,0.514,4.628,0.217,8.855
FireSmokeVideoNEW189_f36_jpg.rf.2429df020eeaece9f5b66e2de3dfcfb3.jpg,1,0,0.9946,0.0,0.0,0.0,3.579,0.54,4.563,0.216,9.119
FireSmokeVideoNEW189_f40_jpg.rf.89284f352804c703e361e4a1d6c1a0e1.jpg,1,0,0.9999,0.0,0.0,0.0,4.178,0.639,4.516,0.239,9.803
FireSmokeVideoNEW189_f44_jpg.rf.91986ad731e197e780360a017e5bddab.jpg,1,0,0.9834,0.0,0.0,0.0,2.984,0.503,4.578,0.258,8.541
FireSmokeVideoNEW189_f47_jpg.rf.b899faf82fbc0933a0b2655bf1b84d2b.jpg,1,0,0.9893,0.0,0.0,0.0,3.665,0.589,4.683,0.241,9.409
FireSmokeVideoNEW189_f49_jpg.rf.341c12e8e1fdde632278613ad7c7ff4a.jpg,1,1,0.7895,0.0,0.0,0.0,3.128,0.521,4.664,0.229,8.764
FireSmokeVideoNEW189_f54_jpg.rf.93bfead985de54201941ba700cd2f5d2.jpg,1,0,0.9169,0.0,0.0,0.0,3.238,0.522,4.598,0.219,8.806
FireSmokeVideoNEW189_f57_jpg.rf.e7ecb7baefd3bc926a9fba669c566e0e.jpg,1,1,0.6848,0.0,0.0,0.0,3.156,0.732,4.625,0.215,8.95
FireSmokeVideoNEW189_f60_jpg.rf.4680d8331d6645b62e40ff208a5c0393.jpg,1,0,0.9342,0.0,0.0,0.0,4.215,1.364,4.613,0.245,10.661
FireSmokeVideoNEW18_f16_jpg.rf.4d26975a756077f4ee33e8cae1133cde.jpg,1,0,0.9327,0.0,0.0,0.0,3.858,0.513,4.572,0.256,9.423
FireSmokeVideoNEW18_f1_jpg.rf.682bfe6fca836f6bdb93a761c8f76c6a.jpg,1,0,0.9065,0.0,0.0,0.0,2.991,0.513,4.732,0.238,8.7
FireSmokeVideoNEW18_f22_jpg.rf.ffbaa38451e75e9b6553ed719e25bf8b.jpg,1,0,0.9991,0.0,0.0,0.0,4.32,2.686,7.473,0.25,15.011
FireSmokeVideoNEW18_f26_jpg.rf.c4e5334d02bf0ef86638088599a9bfcb.jpg,1,0,0.9999,0.0,0.0,0.0,3.716,0.526,4.563,0.351,9.435
FireSmokeVideoNEW18_f28_jpg.rf.e97b03f948611c6791188170a5b5b243.jpg,1,0,0.9995,0.0,0.0,0.0,3.305,0.52,4.65,0.243,8.948
FireSmokeVideoNEW18_f2_jpg.rf.0204e44f189df1713c81eebf03fe1ba2.jpg,1,1,0.7478,0.0,0.0,0.0,3.75,0.583,4.557,0.242,9.376
FireSmokeVideoNEW18_f32_jpg.rf.e3e8455d03ffae50704ed2d2bf42fc46.jpg,1,0,0.9902,0.0,0.0,0.0,3.774,0.532,4.621,0.24,9.402
FireSmokeVideoNEW18_f34_jpg.rf.db78daa23025b643f82f15732f0aebdb.jpg,1,0,0.9877,0.0,0.0,0.0,3.327,0.509,9.763,0.297,14.123
FireSmokeVideoNEW18_f37_jpg.rf.b55026c86cfba5087ea2640486dba8a7.jpg,1,0,0.9268,0.0,0.0,0.0,3.301,1.634,4.642,0.287,10.103
FireSmokeVideoNEW18_f40_jpg.rf.a09c8b21417594bd3beca510ad96c086.jpg,1,1,0.5586,0.0,0.0,0.0,4.433,0.523,4.576,0.224,9.981
FireSmokeVideoNEW18_f43_jpg.rf.b7d757ba37d94e776d2fe77b89e0a3d7.jpg,1,1,0.9745,0.0,0.0,0.0,3.346,0.511,4.654,0.242,8.975
FireSmokeVideoNEW18_f48_jpg.rf.3dac03c9596242fe2bd07010e6237aad.jpg,1,1,0.9944,0.0,0.0,0.0,3.987,2.117,4.709,0.251,11.305
FireSmokeVideoNEW18_f4_jpg.rf.9e8f2652cbfb1af75d37e44e633dcda3.jpg,1,1,0.8227,0.0,0.0,0.0,4.354,0.548,4.254,0.216,9.602
FireSmokeVideoNEW18_f55_jpg.rf.5e3d4792612d0938fa0a3e668c16a486.jpg,1,1,1.0,0.0,0.0,0.0,3.492,0.847,4.614,0.22,9.406
FireSmokeVideoNEW190_f0_jpg.rf.a35b2866bfe8c0c0f6628f44c3528a79.jpg,1,1,0.8026,0.0,0.0,0.0,3.388,0.504,4.583,0.215,8.904
FireSmokeVideoNEW190_f11_jpg.rf.985360832a8df61b5b0ddbdd8fbf1f73.jpg,1,0,0.9122,0.0,0.0,0.0,3.058,0.503,5.573,0.279,9.628
FireSmokeVideoNEW190_f13_jpg.rf.7bb2b57e7b2b5c531d8b3b26d705d874.jpg,1,1,0.9839,0.0,0.0,0.0,3.146,0.503,4.628,0.219,8.713
FireSmokeVideoNEW190_f15_jpg.rf.6efd0d63e31fe6dc87fbed3909fc4c70.jpg,1,0,0.7993,0.0,0.0,0.0,3.126,0.508,4.637,0.219,8.708
FireSmokeVideoNEW190_f22_jpg.rf.0e2d7c4980641dfb7afd1452401e651f.jpg,1,1,0.9765,0.0,0.0,0.0,3.286,0.501,4.644,0.219,8.866
FireSmokeVideoNEW190_f24_jpg.rf.eff680509c302b7cd3a5ada6000821a7.jpg,1,1,0.9992,0.0,0.0,0.0,3.033,0.507,4.552,0.206,8.511
FireSmokeVideoNEW190_f2_jpg.rf.104bd7e3980b2cb1b90d31b3ef4f082e.jpg,1,1,0.8186,0.0,0.0,0.0,3.887,0.541,4.547,0.218,9.413
FireSmokeVideoNEW190_f6_jpg.rf.2d8e3a243a79acf85362f5ac853e3a55.jpg,1,0,0.5423,0.0,0.0,0.0,5.143,2.271,9.14,0.258,17.067
FireSmokeVideoNEW190_f9_jpg.rf.3cc86b991034435b13c5c152eaf141cd.jpg,1,1,0.5247,0.0,0.0,0.0,5.221,0.653,5.217,0.375,11.752
FireSmokeVideoNEW192_f30_jpg.rf.b0caab4318976f8287d38e500f70f038.jpg,1,1,0.9999,0.0,0.0,0.0,3.595,0.538,4.577,0.226,9.149
FireSmokeVideoNEW193_f0_jpg.rf.3fba05722abb7959e9f186089fe131cb.jpg,1,0,0.9998,0.0,0.0,0.0,5.255,0.672,5.053,0.227,11.594
FireSmokeVideoNEW193_f11_jpg.rf.c049af71be9b2965ef266467b9b1e748.jpg,1,0,1.0,0.0,0.0,0.0,4.444,0.512,4.438,0.214,9.816
FireSmokeVideoNEW193_f13_jpg.rf.054906582d1e2a5671b5037baf1ba6d7.jpg,1,0,1.0,0.0,0.0,0.0,5.105,0.655,4.565,0.216,10.825
FireSmokeVideoNEW193_f15_jpg.rf.5f5d4d7fa3f3f4bcbc94fbd951492423.jpg,1,0,0.994,0.0,0.0,0.0,5.489,1.949,4.696,0.24,12.604
FireSmokeVideoNEW193_f17_jpg.rf.958bd48046898c67eabfbdf08dabdb68.jpg,1,0,0.9843,0.0,0.0,0.0,4.892,1.676,4.563,0.221,11.59
FireSmokeVideoNEW193_f23_jpg.rf.2150d12e92cb110483da5b499a0580f9.jpg,1,0,0.9997,0.0,0.0,0.0,6.335,3.806,9.561,0.255,20.188
FireSmokeVideoNEW193_f2_jpg.rf.81915735009a8e0799dae85ad02b89fe.jpg,1,0,0.9977,0.0,0.0,0.0,4.931,0.533,4.54,0.233,10.464
FireSmokeVideoNEW193_f4_jpg.rf.f2b0b44d8259124c67a81c86a577542e.jpg,1,0,0.9986,0.0,0.0,0.0,3.375,0.54,4.592,0.228,8.946
FireSmokeVideoNEW193_f6_jpg.rf.d76a364d821d4ccdf9a36eccd47efee6.jpg,1,0,0.9999,0.0,0.0,0.0,5.097,0.494,4.638,0.227,10.691
FireSmokeVideoNEW193_f8_jpg.rf.f6cdddc13a53b3f650e99ed4b52771e8.jpg,1,0,0.9995,0.0,0.0,0.0,3.987,1.863,4.502,0.224,10.797
FireSmokeVideoNEW195_f12_jpg.rf.b121d9a71576ecf41f9f17f62e05626f.jpg,1,1,0.9858,0.0,0.0,0.0,4.8,0.905,5.243,0.375,11.634
FireSmokeVideoNEW195_f1_jpg.rf.cb6aa2f9b28315913fd1c2ea6b1d192b.jpg,1,1,0.9829,0.0,0.0,0.0,3.758,0.545,4.674,0.244,9.475
FireSmokeVideoNEW195_f21_jpg.rf.f985d0adab92d4dc5e69d09bd41edf54.jpg,1,1,0.999,0.0,0.0,0.0,3.673,0.519,4.644,0.237,9.306
FireSmokeVideoNEW195_f39_jpg.rf.6afa740ec99e43e78c91576a78915374.jpg,1,1,0.9933,0.0,0.0,0.0,3.961,2.013,6.819,0.349,13.387
FireSmokeVideoNEW195_f52_jpg.rf.adc4744948baa9be7cba6a3051d71953.jpg,1,1,0.9957,0.0,0.0,0.0,4.318,0.532,4.532,0.243,9.858
FireSmokeVideoNEW195_f54_jpg.rf.d049a979c76e3aff8e2d6f356ab8ddc4.jpg,1,1,0.9802,0.0,0.0,0.0,3.251,0.607,4.608,0.223,8.913
FireSmokeVideoNEW195_f57_jpg.rf.adba774b4a6f6f50a6ebd204615e1d54.jpg,1,0,0.9818,0.0,0.0,0.0,4.284,1.427,4.632,0.243,10.83
FireSmokeVideoNEW195_f8_jpg.rf.3380bf270e9dd14b8df78b20d8870b70.jpg,1,1,0.998,0.0,0.0,0.0,3.307,0.519,4.667,0.248,8.97
FireSmokeVideoNEW197_f3_jpg.rf.163c4fe26eac9d1a08fff50952edade8.jpg,1,1,0.9999,0.0,0.0,0.0,3.721,0.501,4.573,0.221,9.238
FireSmokeVideoNEW1_f13_jpg.rf.855ace32fc44c2b333eee22fc387a8c5.jpg,1,1,0.8837,0.0,0.0,0.0,3.268,0.525,4.556,0.217,8.784
FireSmokeVideoNEW1_f19_jpg.rf.c1446481d1ceac0fd8c3717faf246c1a.jpg,1,1,0.9025,0.0,0.0,0.0,3.307,0.531,4.577,0.265,8.904
FireSmokeVideoNEW1_f24_jpg.rf.18baea2feae86daa93dd3d5ca3042635.jpg,1,1,0.8308,0.0,0.0,0.0,3.748,1.336,4.511,0.228,10.047
FireSmokeVideoNEW1_f27_jpg.rf.a6d5476ddc259bc2a5466b1bec55bff9.jpg,1,1,0.9978,0.0,0.0,0.0,3.663,2.401,4.611,0.233,11.14
FireSmokeVideoNEW1_f2_jpg.rf.501504c7a5777e0e12b6e269b0a4c602.jpg,1,1,0.9999,0.0,0.0,0.0,4.39,2.99,6.317,0.488,14.556
FireSmokeVideoNEW1_f31_jpg.rf.53aaf37bd8da6096ecdd40471aa5a6bd.jpg,1,1,0.7566,0.0,0.0,0.0,5.234,1.427,4.524,0.229,11.646
FireSmokeVideoNEW1_f41_jpg.rf.d7cbb63350c40af73d363445d37c2f5f.jpg,1,1,0.9981,0.0,0.0,0.0,3.62,0.633,4.614,0.218,9.314
FireSmokeVideoNEW1_f4_jpg.rf.5e96301b03feb9a698de973351ad0961.jpg,1,1,0.9999,0.0,0.0,0.0,3.333,0.522,4.478,0.216,8.776
FireSmokeVideoNEW1_f53_jpg.rf.ba7d3b6decd4127c1c8addf13e3014a1.jpg,1,1,1.0,0.0,0.0,0.0,3.295,0.513,4.568,0.249,8.849
FireSmokeVideoNEW1_f56_jpg.rf.fe2a3b2dfc7598c26f3a30c2d59d05f4.jpg,1,1,0.9999,0.0,0.0,0.0,3.3,0.531,4.589,0.212,8.856
FireSmokeVideoNEW1_f58_jpg.rf.68135a3ee4d6e797530eaebd00ad7820.jpg,1,1,0.9999,0.0,0.0,0.0,3.301,0.52,4.569,0.221,8.84
FireSmokeVideoNEW1_f63_jpg.rf.8c6731bbbac8a67f7d532a01b9c52e6f.jpg,1,1,1.0,0.0,0.0,0.0,3.58,0.521,4.539,0.22,9.078
FireSmokeVideoNEW1_f8_jpg.rf.1fefecbbbda7afc85a9dcda50953853d.jpg,1,1,0.7576,0.0,0.0,0.0,4.582,0.528,4.922,0.222,10.469
FireSmokeVideoNEW201_f10_jpg.rf.954026fc01f49a4e10a99c9ba7b08630.jpg,1,1,0.9986,0.0,0.0,0.0,3.439,0.819,4.643,0.24,9.36
FireSmokeVideoNEW201_f12_jpg.rf.052b12a91bd93919d00678e3824b3c57.jpg,1,1,0.9999,0.0,0.0,0.0,5.493,4.177,8.155,0.25,18.435
FireSmokeVideoNEW201_f16_jpg.rf.e0586c7614e0d90fcfe3ecb61ddb1ae4.jpg,1,1,1.0,0.0,0.0,0.0,4.978,0.826,4.639,0.226,10.893
FireSmokeVideoNEW201_f19_jpg.rf.00e63132ce0efb79c6d94d0ddf94c09c.jpg,1,1,1.0,0.0,0.0,0.0,5.358,0.741,5.084,0.246,11.784
FireSmokeVideoNEW201_f23_jpg.rf.c2389ea8232ce77be19f23af01c4f629.jpg,1,1,1.0,0.0,0.0,0.0,4.595,0.516,4.571,0.214,10.111
FireSmokeVideoNEW201_f26_jpg.rf.539e1f4f8841f014d1557d2a01757e4a.jpg,1,1,0.9999,0.0,0.0,0.0,5.078,0.505,4.709,0.214,10.713
FireSmokeVideoNEW201_f31_jpg.rf.4515ca6d9aac4fc0a0d6d778c66caa6f.jpg,1,1,0.9999,0.0,0.0,0.0,4.915,0.499,4.577,0.224,10.478
FireSmokeVideoNEW201_f33_jpg.rf.109581e811570cbf53157b29246d945a.jpg,1,1,0.9999,0.0,0.0,0.0,4.434,0.512,4.542,0.207,9.906
FireSmokeVideoNEW201_f40_jpg.rf.02e8adb9f84617089040ae5f925bf99b.jpg,1,1,1.0,0.0,0.0,0.0,4.366,0.51,4.563,0.236,9.89
FireSmokeVideoNEW201_f46_jpg.rf.e476d7a6562d94f5b7e7f51c15aebdff.jpg,1,1,1.0,0.0,0.0,0.0,4.086,2.631,10.494,0.256,17.688
FireSmokeVideoNEW201_f5_jpg.rf.04537ab6ec4f0a5b84fda8d7ff07ef05.jpg,1,1,0.9995,0.0,0.0,0.0,4.903,0.851,4.714,0.255,10.967
FireSmokeVideoNEW203_f106_jpg.rf.6484f9a7be6d3b99aa2a5603afdcc716.jpg,1,1,0.9964,0.0,0.0,0.0,3.636,0.522,5.075,0.357,9.828
FireSmokeVideoNEW203_f110_jpg.rf.39d41649265d99af9530df65b191bdbd.jpg,1,1,1.0,0.0,0.0,0.0,3.074,0.519,4.644,0.275,8.739
FireSmokeVideoNEW203_f118_jpg.rf.1072a0f084f87963fb877021f5f7726f.jpg,1,1,0.9997,0.0,0.0,0.0,3.029,0.501,4.57,0.219,8.564
FireSmokeVideoNEW203_f130_jpg.rf.27c452c868fcd9f97341c88be0c34aa3.jpg,1,1,0.9991,0.0,0.0,0.0,4.186,0.531,5.402,0.24,10.584
FireSmokeVideoNEW203_f134_jpg.rf.e759e8639553419bad87c473bbbe5294.jpg,1,1,0.9995,0.0,0.0,0.0,3.359,0.509,4.651,0.238,9.02
FireSmokeVideoNEW203_f140_jpg.rf.e2874067e33a35be23d1556d0397333d.jpg,1,1,0.9999,0.0,0.0,0.0,3.728,2.266,4.993,0.328,11.643
FireSmokeVideoNEW203_f152_jpg.rf.0a4f5153be5b77d39034f77c4f447dba.jpg,1,1,0.9987,0.0,0.0,0.0,5.418,1.886,5.206,0.355,13.155
FireSmokeVideoNEW203_f156_jpg.rf.c512e5ef573e2d2e921efdceda768fa2.jpg,1,1,0.9999,0.0,0.0,0.0,3.912,0.675,4.63,0.238,9.682
FireSmokeVideoNEW203_f15_jpg.rf.8867322ed7ea1eb1ed858fbf46121653.jpg,1,1,0.9999,0.0,0.0,0.0,3.849,0.541,4.591,0.233,9.427
FireSmokeVideoNEW203_f161_jpg.rf.16547bbb033af71d563e4c6c4a174343.jpg,1,1,0.9999,0.0,0.0,0.0,3.961,0.514,4.623,0.242,9.568
FireSmokeVideoNEW203_f1_jpg.rf.6cb734f3d70ebeb9cd4987a2a41120ba.jpg,1,1,1.0,0.0,0.0,0.0,4.158,0.578,4.592,0.218,9.77
FireSmokeVideoNEW203_f2_jpg.rf.d3784a037e06dc217fedabf8ab6a4727.jpg,1,1,1.0,0.0,0.0,0.0,4.428,1.582,4.603,0.219,11.072
FireSmokeVideoNEW203_f37_jpg.rf.fdd9515fcb1a6649434d1d966cd76cfc.jpg,1,1,1.0,0.0,0.0,0.0,4.252,0.529,8.113,0.437,13.569
FireSmokeVideoNEW203_f39_jpg.rf.4e7544cc5c7216f84c4965d5ac252039.jpg,1,1,1.0,0.0,0.0,0.0,6.647,2.638,10.371,0.354,20.339
FireSmokeVideoNEW203_f41_jpg.rf.c1f9a9c2d5b9a7c290197d578d6d75a8.jpg,1,1,1.0,0.0,0.0,0.0,7.168,0.738,5.225,0.241,13.695
FireSmokeVideoNEW203_f44_jpg.rf.ca6edf4aa731568c93680c45aaadc202.jpg,1,1,1.0,0.0,0.0,0.0,3.13,0.507,4.648,0.243,8.75
FireSmokeVideoNEW203_f48_jpg.rf.36f107bbec8be9161fbf76c1e384a40b.jpg,1,1,1.0,0.0,0.0,0.0,4.603,0.511,9.82,0.266,15.421
FireSmokeVideoNEW203_f50_jpg.rf.5447f1766cb72b0254b85dbc4977e38b.jpg,1,1,1.0,0.0,0.0,0.0,3.061,0.493,4.673,0.251,8.704
FireSmokeVideoNEW203_f52_jpg.rf.5f61df8d59150ded57ba47f13028e7b3.jpg,1,1,1.0,0.0,0.0,0.0,3.253,0.539,4.379,0.233,8.616
FireSmokeVideoNEW203_f61_jpg.rf.17943721e04dcb8ef68a1e512641f911.jpg,1,1,1.0,0.0,0.0,0.0,4.465,1.211,4.617,0.239,10.766
FireSmokeVideoNEW203_f63_jpg.rf.5fe2b4463d033ccbc68aa1ad4c4d5493.jpg,1,1,1.0,0.0,0.0,0.0,4.158,0.504,4.642,0.239,9.767
FireSmokeVideoNEW203_f65_jpg.rf.ef14751d7b1d576a5d08824bba6a8ed8.jpg,1,1,1.0,0.0,0.0,0.0,5.586,2.734,7.643,0.371,16.688
FireSmokeVideoNEW203_f67_jpg.rf.784571c13f4496c9e5c7edf11dc04d86.jpg,1,1,1.0,0.0,0.0,0.0,3.578,0.481,6.49,0.237,11.004
FireSmokeVideoNEW203_f69_jpg.rf.c08805dd1b4f4362d2462cc30b7fa541.jpg,1,1,1.0,0.0,0.0,0.0,6.323,2.244,4.584,0.315,13.692
FireSmokeVideoNEW203_f81_jpg.rf.2501c50925550ac5428dbc0da5c8f8ae.jpg,1,1,1.0,0.0,0.0,0.0,3.765,0.593,5.522,0.31,10.503
FireSmokeVideoNEW203_f83_jpg.rf.9b2b945de7d81e78084a413be8d8a741.jpg,1,1,1.0,0.0,0.0,0.0,5.959,0.965,4.986,0.215,12.416
FireSmokeVideoNEW203_f85_jpg.rf.e4b81ba03dc79d5f5a76e8620d5e9ee4.jpg,1,1,1.0,0.0,0.0,0.0,4.582,0.661,4.553,0.265,10.282
FireSmokeVideoNEW203_f93_jpg.rf.f9dbc64517276675add630b8ae161dac.jpg,1,1,1.0,0.0,0.0,0.0,3.292,0.802,4.568,0.221,9.107
FireSmokeVideoNEW203_f98_jpg.rf.e4f9977592dca1efb082663ffef6a816.jpg,1,1,1.0,0.0,0.0,0.0,3.419,0.552,4.463,0.224,8.879
FireSmokeVideoNEW204_f138_jpg.rf.37c44efb786e179cf63b42a0b2cc3143.jpg,1,1,0.9998,0.0,0.0,0.0,4.506,2.965,8.392,0.247,16.335
FireSmokeVideoNEW204_f141_jpg.rf.6b70537325375a5de7eebf169d458ff0.jpg,1,1,0.9988,0.0,0.0,0.0,4.864,0.525,4.59,0.264,10.467
FireSmokeVideoNEW204_f143_jpg.rf.454f159b3de750e984d2acaf472ab51c.jpg,1,1,0.9984,0.0,0.0,0.0,3.403,0.515,4.555,0.224,8.922
FireSmokeVideoNEW204_f33_jpg.rf.d1a02a349fafbe43c9102536c9c7eb9c.jpg,1,1,0.9999,0.0,0.0,0.0,4.039,0.547,6.467,0.252,11.543
FireSmokeVideoNEW204_f43_jpg.rf.bf504985dc0bbdfc1ebd0b2320c79ed3.jpg,1,0,0.5247,0.0,0.0,0.0,3.992,3.31,5.133,0.302,13.004
FireSmokeVideoNEW204_f47_jpg.rf.353f8fca81b60797bc60037cb1e7d21f.jpg,1,1,0.9995,0.0,0.0,0.0,3.272,0.5,4.651,0.241,8.887
FireSmokeVideoNEW204_f5_jpg.rf.1c543a52433e5878aae7c5dc2855d2cc.jpg,1,0,0.6028,0.0,0.0,0.0,2.992,0.842,4.557,0.216,8.823
FireSmokeVideoNEW204_f8_jpg.rf.45bdc09c828ee0ed81b6b0689e16bc84.jpg,1,1,0.6371,0.0,0.0,0.0,3.292,0.544,4.58,0.212,8.841
FireSmokeVideoNEW204_f98_jpg.rf.5c58193ed1d33a6ae8ae63b173be02ee.jpg,1,0,0.7995,0.0,0.0,0.0,4.301,0.551,4.629,0.24,9.954
FireSmokeVideoNEW208_f0_jpg.rf.97bd6b8a832086b567e2f4f705d5711c.jpg,1,0,0.9999,0.0,0.0,0.0,5.621,1.593,6.794,0.241,14.486
FireSmokeVideoNEW208_f11_jpg.rf.adb0c48038e05906ced14ff99dcd285d.jpg,1,0,0.5636,0.0,0.0,0.0,3.0,0.527,6.482,0.223,10.45
FireSmokeVideoNEW208_f13_jpg.rf.75eacf6c544a2110e594d942c083a6bd.jpg,1,1,0.6442,0.0,0.0,0.0,3.121,0.523,4.559,0.221,8.643
FireSmokeVideoNEW208_f1_jpg.rf.3d92ec2bc1b751224bf9e58c3d8d1e33.jpg,1,0,0.9999,0.0,0.0,0.0,2.987,0.518,4.594,0.231,8.542
FireSmokeVideoNEW208_f3_jpg.rf.0b0363bd85c5fc81e8ce31fb0da27dee.jpg,1,0,0.9999,0.0,0.0,0.0,4.435,0.519,4.5,0.236,9.925
FireSmokeVideoNEW208_f5_jpg.rf.b27e60cedf4e9e70ac3a4bc4f6a22612.jpg,1,0,0.9998,0.0,0.0,0.0,2.93,0.494,4.581,0.215,8.437
FireSmokeVideoNEW208_f7_jpg.rf.7c7b8753de4111826b826f9fa04aab7f.jpg,1,0,0.9997,0.0,0.0,0.0,3.005,0.505,4.558,0.217,8.493
FireSmokeVideoNEW209_f10_jpg.rf.88c7b43773903beab54d83e74cce4076.jpg,1,0,0.9743,0.0,0.0,0.0,3.1,0.491,4.577,0.212,8.586
FireSmokeVideoNEW209_f18_jpg.rf.ba626acee756e94584c04ff0b2a6604a.jpg,1,1,0.5814,0.0,0.0,0.0,4.106,0.714,4.578,0.224,9.851
FireSmokeVideoNEW209_f1_jpg.rf.5fe1fb563d9a05c38ee7523b4d2f2f93.jpg,1,0,0.9985,0.0,0.0,0.0,3.708,2.479,4.777,0.266,11.483
FireSmokeVideoNEW209_f21_jpg.rf.fc6c4f2d10332150b75bd4ed7ca47704.jpg,1,1,0.9889,0.0,0.0,0.0,5.399,2.105,4.988,0.356,13.129
FireSmokeVideoNEW209_f3_jpg.rf.e77bd585be04ebc66ee79b05acada936.jpg,1,0,0.9971,0.0,0.0,0.0,5.128,1.241,4.898,0.355,11.938
FireSmokeVideoNEW20_f25_jpg.rf.1cc06defcb39979a82c0285424a97fab.jpg,1,1,0.5188,0.0,0.0,0.0,3.363,0.529,4.586,0.22,8.921
FireSmokeVideoNEW20_f27_jpg.rf.e57c41a1a5ea21d29f86a6ce294c8368.jpg,1,1,0.6629,0.0,0.0,0.0,3.298,0.523,4.58,0.22,8.84
FireSmokeVideoNEW20_f29_jpg.rf.4b29026cb05d1a0b42adcb921ba70c4c.jpg,1,1,0.7911,0.0,0.0,0.0,4.257,0.528,4.576,0.214,9.794
FireSmokeVideoNEW20_f39_jpg.rf.a803f0864c3ed5397401ea641d9167c0.jpg,1,1,0.9739,0.0,0.0,0.0,3.344,0.544,4.47,0.218,8.807
FireSmokeVideoNEW20_f41_jpg.rf.f0bdaeed820327f326f03c112a2ed376.jpg,1,1,0.9974,0.0,0.0,0.0,3.241,0.573,4.562,0.216,8.814
FireSmokeVideoNEW20_f47_jpg.rf.f231c47ab70a5b48bd068c7b87cee74e.jpg,1,1,0.7935,0.0,0.0,0.0,3.275,1.545,4.563,0.223,9.827
FireSmokeVideoNEW20_f55_jpg.rf.af58953e27ab82030f5d055eeb173e49.jpg,1,1,0.9969,0.0,0.0,0.0,5.041,1.589,8.695,0.253,15.811
FireSmokeVideoNEW20_f61_jpg.rf.7dd62293ab496e7c141043b5041822ec.jpg,1,1,0.9985,0.0,0.0,0.0,3.189,0.519,4.623,0.218,8.777
FireSmokeVideoNEW20_f79_jpg.rf.36f704638e9ec7493aff1014dee25895.jpg,1,1,0.9999,0.0,0.0,0.0,3.407,0.517,4.577,0.218,8.942
FireSmokeVideoNEW211_f105_jpg.rf.9d83b07dbaf7b8623adc776b990c9cba.jpg,1,1,0.9932,0.0,0.0,0.0,3.187,0.519,4.55,0.216,8.685
FireSmokeVideoNEW211_f115_jpg.rf.dd4e1e2c40dcd3b9e2017abb5d6a808c.jpg,1,1,0.9736,0.0,0.0,0.0,3.345,0.514,4.563,0.214,8.85
FireSmokeVideoNEW211_f123_jpg.rf.c7d906540e4c16e62e3329460ebde3ed.jpg,1,1,0.9791,0.0,0.0,0.0,2.954,0.524,4.57,0.219,8.485
FireSmokeVideoNEW211_f18_jpg.rf.080c2495369762146513440f0e52a727.jpg,1,1,0.9925,0.0,0.0,0.0,3.897,1.4,4.799,0.242,10.578
FireSmokeVideoNEW211_f21_jpg.rf.17fca5c492b7730cd8abfd3ec3c175a7.jpg,1,1,0.9983,0.0,0.0,0.0,4.346,2.695,4.68,0.255,12.207
FireSmokeVideoNEW211_f23_jpg.rf.b4062b53d80a748705944dee83d83fc0.jpg,1,1,0.9989,0.0,0.0,0.0,4.082,2.621,5.745,0.252,12.935
FireSmokeVideoNEW211_f33_jpg.rf.fc5dcef4f50e6d789334ae1e9d82f9d5.jpg,1,1,0.8892,0.0,0.0,0.0,3.254,0.523,4.64,0.221,8.857
FireSmokeVideoNEW211_f40_jpg.rf.878e8ed1c4d7756bb89881b072f2b78f.jpg,1,1,0.9993,0.0,0.0,0.0,4.262,2.502,10.34,0.359,17.759
FireSmokeVideoNEW211_f72_jpg.rf.c4b8d4fb7202ac2688b6c3ffb4d7941c.jpg,1,1,0.9976,0.0,0.0,0.0,4.222,0.514,4.587,0.223,9.776
FireSmokeVideoNEW211_f83_jpg.rf.0e6e0a52c9612ed28f9dbc097d8f6206.jpg,1,1,0.6666,0.0,0.0,0.0,3.371,1.55,4.578,0.227,9.947
FireSmokeVideoNEW211_f98_jpg.rf.7bebc759655b25bb4120643ccab05395.jpg,1,1,0.991,0.0,0.0,0.0,4.052,0.734,5.118,0.358,10.552
FireSmokeVideoNEW212_f20_jpg.rf.eb77f640f92703fa61edbaddc9a273a5.jpg,1,0,0.9987,0.0,0.0,0.0,3.59,1.104,4.74,0.25,9.93
FireSmokeVideoNEW212_f26_jpg.rf.7bce4adbdd8e2de3d1441a1371d6c2a3.jpg,1,1,0.5334,0.0,0.0,0.0,5.38,2.607,6.858,0.252,15.342
FireSmokeVideoNEW212_f29_jpg.rf.c573350a48be3b6ef33284f23ef4eb53.jpg,1,0,0.9997,0.0,0.0,0.0,3.354,0.527,4.623,0.236,8.969
FireSmokeVideoNEW212_f39_jpg.rf.6c0d067020333fde34ecc6bd051d7c57.jpg,1,0,0.9935,0.0,0.0,0.0,3.161,0.974,4.656,0.235,9.252
FireSmokeVideoNEW212_f40_jpg.rf.7afe6dc7d2a400ff27e84e8518723223.jpg,1,0,0.9298,0.0,0.0,0.0,2.996,0.508,4.564,0.222,8.503
FireSmokeVideoNEW212_f42_jpg.rf.e5cc278015ab526c17bea13a66f735e0.jpg,1,0,0.9994,0.0,0.0,0.0,3.118,0.506,4.547,0.215,8.624
FireSmokeVideoNEW212_f47_jpg.rf.03a952d7d61f102e43956ceb5cd45f9c.jpg,1,0,0.9965,0.0,0.0,0.0,3.088,0.841,4.457,0.216,8.819
FireSmokeVideoNEW212_f49_jpg.rf.51c963a0ee193f56af17051f72209961.jpg,1,0,0.9987,0.0,0.0,0.0,2.957,0.495,4.566,0.213,8.483
FireSmokeVideoNEW212_f50_jpg.rf.19bb9e546d3cc717ee5ae092855168cb.jpg,1,0,0.9709,0.0,0.0,0.0,3.025,0.505,4.641,0.239,8.634
FireSmokeVideoNEW212_f52_jpg.rf.ae01318cbd57ba0a9333e36682302766.jpg,1,0,0.8951,0.0,0.0,0.0,2.955,1.811,4.657,0.239,9.89
FireSmokeVideoNEW212_f54_jpg.rf.bf714fc85f36b3393d098b91adb0554c.jpg,1,0,0.6617,0.0,0.0,0.0,5.125,1.437,4.548,0.241,11.584
FireSmokeVideoNEW212_f63_jpg.rf.701893b2b3635f143aaf7b6f9bd45aa2.jpg,1,0,0.9965,0.0,0.0,0.0,4.374,0.519,4.972,0.358,10.45
FireSmokeVideoNEW212_f69_jpg.rf.766fef2a3b6070d397ade684b70c2b43.jpg,1,0,0.8662,0.0,0.0,0.0,3.727,0.501,4.662,0.244,9.355
FireSmokeVideoNEW212_f70_jpg.rf.6fd1fed84808897ba86bc35faa8759f1.jpg,1,1,0.9573,0.0,0.0,0.0,3.063,1.313,4.628,0.273,9.537
FireSmokeVideoNEW213_f36_jpg.rf.b52ffa4b493c47c40af87a1983b6703b.jpg,1,1,1.0,0.0,0.0,0.0,3.9,0.588,4.643,0.245,9.61
FireSmokeVideoNEW215_f13_jpg.rf.1be99abe9b01cc61b79dc950e8500b61.jpg,1,1,1.0,0.0,0.0,0.0,4.025,0.528,4.634,0.245,9.662
FireSmokeVideoNEW215_f33_jpg.rf.192cb3311ec069ab85e1df4aa4575855.jpg,1,1,0.9999,0.0,0.0,0.0,5.023,1.484,4.59,0.228,11.554
FireSmokeVideoNEW215_f38_jpg.rf.c13201af97e201352fc60ff38e56a8ca.jpg,1,1,1.0,0.0,0.0,0.0,4.197,0.815,4.553,0.218,10.001
FireSmokeVideoNEW215_f3_jpg.rf.e9664a85851447730ec745ffa4fa0c6f.jpg,1,1,0.9999,0.0,0.0,0.0,5.953,2.533,10.853,0.287,19.876
FireSmokeVideoNEW215_f44_jpg.rf.f8a93790f6305f4ebeddf38aedd630a2.jpg,1,1,1.0,0.0,0.0,0.0,3.403,0.523,5.471,0.353,9.976
FireSmokeVideoNEW215_f4_jpg.rf.429d1c7df213307037d5748aa75dc4dc.jpg,1,1,1.0,0.0,0.0,0.0,3.154,0.541,6.008,0.322,10.335
FireSmokeVideoNEW215_f7_jpg.rf.4b9242fb690d24c9b00c401507cfda6e.jpg,1,1,1.0,0.0,0.0,0.0,5.448,0.531,4.722,0.243,11.175
FireSmokeVideoNEW215_f9_jpg.rf.2d10b5da2bbdb8ba2218af3c5fd68ee6.jpg,1,1,1.0,0.0,0.0,0.0,5.674,0.718,5.227,0.243,12.167
FireSmokeVideoNEW216_f27_jpg.rf.9752e0401177f9ef2c00eba6afb3bf49.jpg,1,1,0.9999,0.0,0.0,0.0,4.454,0.586,4.607,0.254,10.12
FireSmokeVideoNEW216_f29_jpg.rf.4602430c2f01e2aaaad22b36b613b5b4.jpg,1,1,0.9998,0.0,0.0,0.0,3.045,0.512,4.593,0.217,8.59
FireSmokeVideoNEW216_f31_jpg.rf.bcf64acb747807831fdb41468fe05d3d.jpg,1,1,1.0,0.0,0.0,0.0,4.558,0.575,4.56,0.215,10.127
FireSmokeVideoNEW216_f34_jpg.rf.b6ad2762deb497a97237b66c10958486.jpg,1,1,1.0,0.0,0.0,0.0,3.498,1.663,4.685,0.246,10.367
FireSmokeVideoNEW216_f36_jpg.rf.f57ae82cb0eac7f791a1f314e59586eb.jpg,1,1,1.0,0.0,0.0,0.0,5.57,1.274,6.288,0.418,13.777
FireSmokeVideoNEW216_f38_jpg.rf.a4c46748bfe9f1e13262189ee4958a6c.jpg,1,1,1.0,0.0,0.0,0.0,3.341,1.313,4.728,0.352,9.96
FireSmokeVideoNEW216_f63_jpg.rf.43542df686881ae3bd014e792d6d0703.jpg,1,1,0.9861,0.0,0.0,0.0,3.494,0.517,5.117,0.336,9.677
FireSmokeVideoNEW216_f66_jpg.rf.b55857b55e7a044c827d9875bb78fc85.jpg,1,1,0.9975,0.0,0.0,0.0,4.019,1.585,5.373,0.361,11.57
FireSmokeVideoNEW216_f68_jpg.rf.d22f55fffdb7547ab82db3089e1d2ecf.jpg,1,1,0.9898,0.0,0.0,0.0,5.72,0.73,5.191,0.241,12.19
FireSmokeVideoNEW216_f72_jpg.rf.b91983b01a9b8eee23ac98ac1b660312.jpg,1,1,1.0,0.0,0.0,0.0,3.413,0.519,5.42,0.381,10.029
FireSmokeVideoNEW216_f86_jpg.rf.27d882594f801518b63c93d84610f649.jpg,1,1,0.9759,0.0,0.0,0.0,5.619,0.53,4.594,0.237,11.202
FireSmokeVideoNEW216_f89_jpg.rf.99a8641e3c842e990d80706bb4c00959.jpg,1,0,0.9563,0.0,0.0,0.0,3.911,1.696,4.796,0.264,10.908
FireSmokeVideoNEW218_f1_jpg.rf.67f61678892a49c41d8ede805848047f.jpg,1,0,0.5379,0.0,0.0,0.0,5.039,1.752,5.584,0.36,13.067
FireSmokeVideoNEW218_f33_jpg.rf.bc051305b2444a9682c6cbdc80457601.jpg,1,1,0.9995,0.0,0.0,0.0,5.291,0.528,4.665,0.237,10.95
FireSmokeVideoNEW218_f36_jpg.rf.690e54d498b40201eea9b608f1d4e97d.jpg,1,1,0.9998,0.0,0.0,0.0,5.39,0.736,4.647,0.241,11.247
FireSmokeVideoNEW218_f41_jpg.rf.506c5095b51cb13898c5d887dccd3c32.jpg,1,1,0.9997,0.0,0.0,0.0,4.741,0.904,4.473,0.221,10.572
FireSmokeVideoNEW218_f43_jpg.rf.1ff2126f11d02341d18fd00487251fc9.jpg,1,1,0.9994,0.0,0.0,0.0,3.677,2.614,4.64,0.238,11.392
FireSmokeVideoNEW218_f46_jpg.rf.09cd36ec79dd7846fcdb8dfcdcb4f039.jpg,1,1,0.9997,0.0,0.0,0.0,3.607,0.518,4.598,0.222,9.16
FireSmokeVideoNEW218_f6_jpg.rf.927cb3facf92db0f994b7e641c5f1db8.jpg,1,0,0.9241,0.0,0.0,0.0,3.299,0.52,4.583,0.255,8.882
FireSmokeVideoNEW218_f9_jpg.rf.59f45274803c507efa12635b802691f9.jpg,1,1,0.6126,0.0,0.0,0.0,3.402,0.52,4.613,0.22,8.986
FireSmokeVideoNEW21_f1_jpg.rf.88471b473598961e0c71228c4cdcb3fc.jpg,1,1,0.9985,0.0,0.0,0.0,5.057,1.517,6.841,0.33,13.996
FireSmokeVideoNEW21_f43_jpg.rf.b339aaa65d20f3b8280e31505c5517d2.jpg,1,0,0.6514,0.0,0.0,0.0,4.153,2.688,4.547,0.237,11.849
FireSmokeVideoNEW21_f59_jpg.rf.7b7783cf60019879934a1f34f494e015.jpg,1,1,0.5874,0.0,0.0,0.0,3.582,0.508,4.636,0.256,9.207
FireSmokeVideoNEW21_f64_jpg.rf.2c2e3982d7ef8e914cc9dce7fbcc7b68.jpg,1,1,0.9484,0.0,0.0,0.0,3.72,0.504,4.602,0.22,9.267
FireSmokeVideoNEW21_f67_jpg.rf.45d03b24f98649e0d649e2f16f22567a.jpg,1,0,0.9224,0.0,0.0,0.0,3.269,0.512,4.566,0.218,8.779
FireSmokeVideoNEW21_f69_jpg.rf.75191347f6763cf9fde8a47940370227.jpg,1,1,0.9993,0.0,0.0,0.0,3.404,0.508,6.437,0.216,10.78
FireSmokeVideoNEW21_f70_jpg.rf.0f544b5b509c06479c505fda09cf0295.jpg,1,1,0.9034,0.0,0.0,0.0,3.95,0.523,4.574,0.219,9.483
FireSmokeVideoNEW21_f77_jpg.rf.e7c12def6552a57fe4563c66c9d29653.jpg,1,1,0.5173,0.0,0.0,0.0,3.17,0.503,4.559,0.223,8.669
FireSmokeVideoNEW21_f83_jpg.rf.f87b32087d0a74b76072b9a21c29a6a6.jpg,1,1,0.9393,0.0,0.0,0.0,3.993,0.509,4.557,0.219,9.487
FireSmokeVideoNEW220_f103_jpg.rf.9f60f17a1c5a9a730ba1b60de4479245.jpg,1,1,0.9466,0.0,0.0,0.0,3.047,0.505,4.662,0.284,8.721
FireSmokeVideoNEW220_f110_jpg.rf.c11cdcdae1385a69f66503d97696a8c9.jpg,1,0,0.9292,0.0,0.0,0.0,3.938,1.383,7.397,0.247,13.208
FireSmokeVideoNEW220_f114_jpg.rf.01d81e177954f3d81f3b9b6defdbead1.jpg,1,1,0.7789,0.0,0.0,0.0,3.13,0.507,5.71,0.242,9.807
FireSmokeVideoNEW220_f116_jpg.rf.e10fa2eb74d831fe711d136a69945d13.jpg,1,1,0.7266,0.0,0.0,0.0,5.244,0.52,4.629,0.254,10.861
FireSmokeVideoNEW220_f118_jpg.rf.04ca92392c039b2130aa7c2ece63f039.jpg,1,0,0.6096,0.0,0.0,0.0,3.925,0.502,4.562,0.218,9.426
FireSmokeVideoNEW220_f14_jpg.rf.ec161231d9668ccf5db936aa777972b3.jpg,1,0,0.906,0.0,0.0,0.0,4.77,0.49,4.556,0.22,10.306
FireSmokeVideoNEW220_f17_jpg.rf.0f695be7ce239a5c0cc9a8b30cae8918.jpg,1,1,0.8089,0.0,0.0,0.0,3.804,0.497,6.526,0.282,11.322
FireSmokeVideoNEW220_f18_jpg.rf.e62670db7e7bafc54422b1a7cd3f800c.jpg,1,1,0.8136,0.0,0.0,0.0,4.232,0.501,4.603,0.217,9.776
FireSmokeVideoNEW220_f198_jpg.rf.9d39f849f2eaa96291dd0eaf00d26896.jpg,1,0,1.0,0.0,0.0,0.0,5.555,1.859,4.596,0.22,12.443
FireSmokeVideoNEW220_f220_jpg.rf.835ac86a80b72af449ade87dc10714bd.jpg,1,0,1.0,0.0,0.0,0.0,4.4,1.766,6.839,0.303,13.545
FireSmokeVideoNEW220_f23_jpg.rf.1778d9e44b1c8c0ff722cfc9ef5672fa.jpg,1,1,0.9805,0.0,0.0,0.0,3.078,0.506,4.489,0.213,8.501
FireSmokeVideoNEW220_f51_jpg.rf.ac1bc672867e7371f0be09d6f571ab56.jpg,1,0,0.9999,0.0,0.0,0.0,4.991,0.546,4.377,0.213,10.34
FireSmokeVideoNEW220_f88_jpg.rf.1d3b365a43fdcc299a0870251874be71.jpg,1,1,0.963,0.0,0.0,0.0,3.079,0.503,4.561,0.216,8.575
FireSmokeVideoNEW220_f93_jpg.rf.df73373f1582dbe860db699d1d700f42.jpg,1,1,0.998,0.0,0.0,0.0,3.073,0.501,4.578,0.22,8.585
FireSmokeVideoNEW220_f98_jpg.rf.dedba84d3f2dd3d971261de5a403cdd2.jpg,1,1,0.9998,0.0,0.0,0.0,3.083,0.613,4.555,0.21,8.672
FireSmokeVideoNEW221_f11_jpg.rf.51f25bf79fba848e1852a9a8b5c1410a.jpg,1,1,0.9999,0.0,0.0,0.0,3.052,0.628,4.604,0.209,8.701
FireSmokeVideoNEW221_f13_jpg.rf.1aa6a7f7dfece75b85a30283258ab8cb.jpg,1,1,0.9995,0.0,0.0,0.0,4.768,0.606,4.524,0.237,10.364
FireSmokeVideoNEW221_f15_jpg.rf.b63d7f4847797de34ed8b3066e6cb3fa.jpg,1,1,0.9998,0.0,0.0,0.0,3.022,0.521,4.649,0.224,8.631
FireSmokeVideoNEW221_f19_jpg.rf.59c8d4a3c34cd694d867ae844fee89d2.jpg,1,1,0.9983,0.0,0.0,0.0,4.604,1.699,6.971,0.243,13.752
FireSmokeVideoNEW221_f26_jpg.rf.443d39e5f56c13cfae7a34e476a0e880.jpg,1,1,0.9999,0.0,0.0,0.0,3.035,0.578,4.675,0.224,8.728
FireSmokeVideoNEW221_f28_jpg.rf.a523dbcbf3683d8f18235ad9302bf56a.jpg,1,1,1.0,0.0,0.0,0.0,3.729,0.497,4.572,0.231,9.245
FireSmokeVideoNEW221_f2_jpg.rf.719286f8cd9c72a30f43a047427555f0.jpg,1,1,0.9994,0.0,0.0,0.0,5.296,0.83,4.52,0.248,11.145
FireSmokeVideoNEW221_f3_jpg.rf.94efb46f1672ee28d652964edf3948f3.jpg,1,1,0.9999,0.0,0.0,0.0,3.983,0.52,4.563,0.223,9.506
FireSmokeVideoNEW221_f5_jpg.rf.8a43dd4aadff4528705f52d9ab00daff.jpg,1,1,0.9999,0.0,0.0,0.0,3.071,0.524,4.542,0.213,8.568
FireSmokeVideoNEW221_f7_jpg.rf.a849a7edfb3c2ea171f4fd5b8f3929d5.jpg,1,1,0.9957,0.0,0.0,0.0,5.011,0.511,4.574,0.21,10.581
FireSmokeVideoNEW221_f9_jpg.rf.8173796a4cc04a5cbe9067cf21f0f30f.jpg,1,1,0.9998,0.0,0.0,0.0,3.083,0.493,4.593,0.214,8.604
FireSmokeVideoNEW222_f123_jpg.rf.e8747a288a227f270190e39c6c54d29a.jpg,1,1,0.9997,0.0,0.0,0.0,4.197,2.516,4.561,0.22,11.716
FireSmokeVideoNEW222_f46_jpg.rf.7f1818b2c2c51b2e646eb0a4844c216b.jpg,1,1,1.0,0.0,0.0,0.0,5.358,2.762,4.674,0.253,13.338
FireSmokeVideoNEW222_f61_jpg.rf.75fc78eefea3f4529c48d95f4bf4eb04.jpg,1,1,1.0,0.0,0.0,0.0,3.944,1.006,4.82,0.317,10.365
FireSmokeVideoNEW223_f115_jpg.rf.f7e472a8fe18759fb48ba875390e3c30.jpg,1,1,0.9999,0.0,0.0,0.0,3.117,0.518,4.636,0.218,8.701
FireSmokeVideoNEW223_f13_jpg.rf.01598ec4481511a2189e689632183a09.jpg,1,1,0.5223,0.0,0.0,0.0,3.884,0.513,4.552,0.218,9.385
FireSmokeVideoNEW223_f161_jpg.rf.956b2c4af82583a775d6129e4bb39146.jpg,1,1,0.9999,0.0,0.0,0.0,3.684,0.685,4.513,0.239,9.35
FireSmokeVideoNEW223_f172_jpg.rf.abd51942fd26b9ebc9ca011f2bdbf5e1.jpg,1,1,1.0,0.0,0.0,0.0,3.087,0.499,4.601,0.217,8.626
FireSmokeVideoNEW223_f29_jpg.rf.88d1a44b2b908c080f787711d74266e6.jpg,1,1,1.0,0.0,0.0,0.0,2.92,0.507,4.546,0.219,8.43
FireSmokeVideoNEW223_f3_jpg.rf.0f7e22b3799657901c3dda898e2ced6f.jpg,1,1,0.9995,0.0,0.0,0.0,2.994,0.5,4.57,0.222,8.501
FireSmokeVideoNEW223_f74_jpg.rf.e56d1a0e7335349c6503eb813a83aa49.jpg,1,1,0.9982,0.0,0.0,0.0,3.236,0.527,4.567,0.218,8.785
FireSmokeVideoNEW223_f76_jpg.rf.966f9d338b55f99ba8222b889fa60680.jpg,1,1,0.9996,0.0,0.0,0.0,3.142,0.509,6.333,0.222,10.425
FireSmokeVideoNEW225_f1_jpg.rf.a0915ad0745d925ed5df86947f4de0b9.jpg,1,1,0.954,0.0,0.0,0.0,4.114,2.023,7.302,0.241,13.952
FireSmokeVideoNEW225_f3_jpg.rf.a6736de779bdb62129b22cd7987ed4f5.jpg,1,1,0.9902,0.0,0.0,0.0,4.587,0.58,6.939,0.372,12.758
FireSmokeVideoNEW225_f5_jpg.rf.d88a1d14607636b2af3b6c973f78a796.jpg,1,1,0.8463,0.0,0.0,0.0,3.347,0.528,4.661,0.241,9.003
FireSmokeVideoNEW226_f3_jpg.rf.8742a56b8ce97acfc27e30b6b5149246.jpg,1,1,0.9996,0.0,0.0,0.0,4.413,0.527,4.626,0.219,10.013
FireSmokeVideoNEW226_f5_jpg.rf.ed64fa15bd532f9262728f714137fa40.jpg,1,1,0.8277,0.0,0.0,0.0,3.841,0.845,5.614,0.364,10.962
FireSmokeVideoNEW227_f119_jpg.rf.0a667ed3b2ab7d75b77066dcff52cb45.jpg,1,1,0.9996,0.0,0.0,0.0,3.287,0.513,4.578,0.232,8.827
FireSmokeVideoNEW227_f181_jpg.rf.52ab9937a5eed31239256aa34cf4aab9.jpg,1,1,1.0,0.0,0.0,0.0,4.236,0.509,4.574,0.226,9.764
FireSmokeVideoNEW227_f194_jpg.rf.1d83c4122e530376e476d3ea6c377052.jpg,1,1,0.9999,0.0,0.0,0.0,4.045,0.529,4.637,0.242,9.68
FireSmokeVideoNEW227_f206_jpg.rf.8191ea57c6e942583d723636e7bdd453.jpg,1,1,0.9842,0.0,0.0,0.0,3.28,0.524,4.562,0.218,8.797
FireSmokeVideoNEW227_f31_jpg.rf.476c57cd23743575f218662b0dbeeb6e.jpg,1,1,0.9999,0.0,0.0,0.0,4.162,1.793,6.723,0.441,13.357
FireSmokeVideoNEW227_f59_jpg.rf.ae215379798f91806d993c47bd17dc01.jpg,1,1,1.0,0.0,0.0,0.0,5.092,1.333,11.0,0.243,17.89
FireSmokeVideoNEW227_f88_jpg.rf.de74bcfbfa667d7c96f39310c92128a6.jpg,1,1,1.0,0.0,0.0,0.0,3.927,0.55,4.684,0.231,9.625
FireSmokeVideoNEW229_f0_jpg.rf.744e23aefbdcb714c5dcfb90ea3a87fd.jpg,1,1,1.0,0.0,0.0,0.0,5.586,0.701,5.204,0.235,12.033
FireSmokeVideoNEW229_f101_jpg.rf.43d321f3b24853a59f9ceacef569f549.jpg,1,1,1.0,0.0,0.0,0.0,3.496,0.509,4.673,0.245,9.143
FireSmokeVideoNEW229_f110_jpg.rf.b400adef17228b944c94c9b9d09174b3.jpg,1,1,1.0,0.0,0.0,0.0,4.044,0.515,4.445,0.223,9.437
FireSmokeVideoNEW229_f136_jpg.rf.1c40c355e04cffe2494a54b84170094f.jpg,1,1,0.9999,0.0,0.0,0.0,3.89,0.778,4.616,0.232,9.716
FireSmokeVideoNEW229_f143_jpg.rf.9b6eac650896f72356521e3b056d28b1.jpg,1,1,1.0,0.0,0.0,0.0,3.975,1.361,4.782,0.285,10.623
FireSmokeVideoNEW229_f190_jpg.rf.cebc8de881dc229c1045ee796412977f.jpg,1,1,0.9853,0.0,0.0,0.0,3.97,1.391,4.462,0.222,10.257
FireSmokeVideoNEW229_f197_jpg.rf.5ec1307ec070f7627ed9b0e2422276c1.jpg,1,1,1.0,0.0,0.0,0.0,3.95,2.253,4.939,0.316,11.75
FireSmokeVideoNEW229_f204_jpg.rf.a9070952b4d2a98f9cd1205187bcb2e8.jpg,1,1,0.9999,0.0,0.0,0.0,5.3,0.877,6.8,0.313,13.503
FireSmokeVideoNEW229_f2_jpg.rf.4fe9df5e39295b817431d6d30db26ffe.jpg,1,1,0.9999,0.0,0.0,0.0,6.221,1.241,5.158,0.327,13.242
FireSmokeVideoNEW229_f3_jpg.rf.bd4422d257a9a966fd114bfe183a27c2.jpg,1,1,1.0,0.0,0.0,0.0,5.972,0.813,5.929,0.347,13.373
FireSmokeVideoNEW229_f49_jpg.rf.8318dd0ac0d9fa11a18582f419ac9805.jpg,1,1,1.0,0.0,0.0,0.0,5.418,0.73,5.736,0.38,12.567
FireSmokeVideoNEW229_f62_jpg.rf.c42da118ef779db6a6e880592daf2cd9.jpg,1,1,1.0,0.0,0.0,0.0,6.406,1.756,10.354,0.271,19.138
FireSmokeVideoNEW229_f76_jpg.rf.28d89efca31c4680197dcf15151316e4.jpg,1,1,1.0,0.0,0.0,0.0,5.801,1.307,5.67,0.353,13.732
FireSmokeVideoNEW229_f87_jpg.rf.fa7b1ae50d2aa2b99fc795483c246ec9.jpg,1,1,1.0,0.0,0.0,0.0,5.954,0.724,5.304,0.488,12.784
FireSmokeVideoNEW229_f92_jpg.rf.eb9c93d702c830a9ef174e45e6dc51c6.jpg,1,1,1.0,0.0,0.0,0.0,5.548,0.682,5.093,0.225,11.852
FireSmokeVideoNEW229_f9_jpg.rf.9eb7fa13a6b22e2e57b2d0b12dd7a4ed.jpg,1,1,1.0,0.0,0.0,0.0,3.169,0.5,4.655,0.238,8.786
FireSmokeVideoNEW22_f2_jpg.rf.5afaf3ae732bc8f876a9a4472b83d758.jpg,1,1,1.0,0.0,0.0,0.0,3.5,0.518,4.644,0.245,9.162
FireSmokeVideoNEW22_f4_jpg.rf.203f7831badeb4e02951fe9665c7f685.jpg,1,1,1.0,0.0,0.0,0.0,3.964,0.533,4.623,0.244,9.591
FireSmokeVideoNEW230_f1_jpg.rf.92be5e622a84e8eeda101de1d8b6f006.jpg,1,1,1.0,0.0,0.0,0.0,3.771,1.351,4.749,0.275,10.386
FireSmokeVideoNEW230_f2_jpg.rf.b516a23e0ee4265b82e9c124ae5403e7.jpg,1,1,1.0,0.0,0.0,0.0,5.74,1.654,7.399,0.368,15.413
FireSmokeVideoNEW230_f3_jpg.rf.eb9208f420689ab949ebbd9d144630f7.jpg,1,1,1.0,0.0,0.0,0.0,3.909,0.568,4.635,0.235,9.575
FireSmokeVideoNEW231_f13_jpg.rf.7eda31debd5ace8bf178efb2d8eee062.jpg,1,1,1.0,0.0,0.0,0.0,3.976,1.112,4.585,0.223,10.115
FireSmokeVideoNEW231_f18_jpg.rf.e12984d2a281af25030f7fc539b979ff.jpg,1,1,1.0,0.0,0.0,0.0,3.517,0.519,4.686,0.233,9.183
FireSmokeVideoNEW231_f3_jpg.rf.ac0fdc2f62e6f6f0fe35fadafd65eea3.jpg,1,1,1.0,0.0,0.0,0.0,2.994,0.504,4.691,0.238,8.651
FireSmokeVideoNEW231_f8_jpg.rf.5a73d4cdd0134ebf3f0eccf6435271ba.jpg,1,1,0.9999,0.0,0.0,0.0,3.599,0.534,4.552,0.214,9.115
FireSmokeVideoNEW232_f10_jpg.rf.5d4a0d582228afc4599a8941859c79ec.jpg,1,1,0.9998,0.0,0.0,0.0,3.103,0.505,4.594,0.253,8.672
FireSmokeVideoNEW232_f12_jpg.rf.b5ec45b788bf7591660aeb1c7e7a6c5c.jpg,1,1,0.9998,0.0,0.0,0.0,5.226,0.581,4.519,0.24,10.855
FireSmokeVideoNEW232_f1_jpg.rf.088b08a0eb2f4470fd648ce9722d4817.jpg,1,1,1.0,0.0,0.0,0.0,3.061,0.507,4.603,0.255,8.642
FireSmokeVideoNEW232_f21_jpg.rf.271771bf62fffe17129aabb112008ce5.jpg,1,1,0.9999,0.0,0.0,0.0,3.771,1.444,7.065,0.262,12.958
FireSmokeVideoNEW232_f26_jpg.rf.a179bf547e32adc65897235b8a4e5092.jpg,1,1,0.9986,0.0,0.0,0.0,4.917,0.555,4.53,0.223,10.457
FireSmokeVideoNEW232_f30_jpg.rf.5d755a93dca770aa7d77d49325fcd350.jpg,1,1,0.9996,0.0,0.0,0.0,3.318,0.516,4.603,0.221,8.882
FireSmokeVideoNEW232_f36_jpg.rf.9859fadb31bedf2c1e47c6fd901a5437.jpg,1,1,0.994,0.0,0.0,0.0,5.662,0.54,4.577,0.227,11.235
FireSmokeVideoNEW232_f3_jpg.rf.515f75a19104a63f84b9cd97feac0292.jpg,1,1,0.9964,0.0,0.0,0.0,3.457,0.522,4.575,0.215,8.984
FireSmokeVideoNEW232_f46_jpg.rf.d6cb8a4fe0485699a61fcae6ce80714a.jpg,1,1,0.9997,0.0,0.0,0.0,3.365,0.525,4.568,0.218,8.898
FireSmokeVideoNEW232_f4_jpg.rf.37ee1d28f781085cffebace064f9a3b5.jpg,1,1,0.997,0.0,0.0,0.0,3.318,0.516,4.565,0.215,8.829
FireSmokeVideoNEW232_f51_jpg.rf.f3ab61a78ed50f6db8ee33583eadf077.jpg,1,1,0.9866,0.0,0.0,0.0,3.287,0.524,4.555,0.212,8.8
FireSmokeVideoNEW232_f57_jpg.rf.00352eb95e89173e199ffe02e0a77b79.jpg,1,1,0.9982,0.0,0.0,0.0,5.302,2.809,4.48,0.211,13.029
FireSmokeVideoNEW232_f67_jpg.rf.33421177bbf4e5f31db002f6457f2f1d.jpg,1,1,0.9988,0.0,0.0,0.0,5.457,0.54,4.591,0.214,11.024
FireSmokeVideoNEW232_f6_jpg.rf.381e2ade01fd02959728a4fdac8d582a.jpg,1,1,0.9994,0.0,0.0,0.0,5.424,1.67,6.869,0.326,14.659
FireSmokeVideoNEW232_f71_jpg.rf.512281df1df5bc0c90e3b7ac8b428316.jpg,1,1,0.9996,0.0,0.0,0.0,3.32,0.534,6.654,0.277,11.019
FireSmokeVideoNEW232_f75_jpg.rf.8de3236d482920e837e8d8b678a5931c.jpg,1,1,0.9999,0.0,0.0,0.0,3.363,0.542,4.646,0.247,9.031
FireSmokeVideoNEW232_f9_jpg.rf.87ebed201de152bbc4b07674c43088f9.jpg,1,1,0.999,0.0,0.0,0.0,4.346,2.654,5.017,0.37,12.688
FireSmokeVideoNEW234_f127_jpg.rf.005a291196ed53f9e596dc27892d8242.jpg,1,1,0.7966,0.0,0.0,0.0,3.671,0.595,4.679,0.243,9.422
FireSmokeVideoNEW234_f3_jpg.rf.1c10021a15131173ab90792084ae1ea2.jpg,1,1,0.9129,0.0,0.0,0.0,3.254,0.613,4.619,0.22,8.933
FireSmokeVideoNEW234_f4_jpg.rf.544cdf7ddb8c01ea0161540b395cc399.jpg,1,1,0.9028,0.0,0.0,0.0,3.223,0.607,4.601,0.228,8.887
FireSmokeVideoNEW234_f55_jpg.rf.e5dd649df426ba0b01e4c6d963216033.jpg,1,1,0.6841,0.0,0.0,0.0,3.338,0.524,4.591,0.22,8.899
FireSmokeVideoNEW234_f5_jpg.rf.ea5d1c26f102f98da6cf96bd2b6f891b.jpg,1,1,0.9173,0.0,0.0,0.0,3.722,0.523,4.554,0.236,9.265
FireSmokeVideoNEW236_f10_jpg.rf.240f95d69f9989a861a046d9172c6a3b.jpg,1,1,1.0,0.0,0.0,0.0,5.22,2.364,7.697,0.332,15.865
FireSmokeVideoNEW236_f12_jpg.rf.3da857e1bd4ac6513237ae4ff40cbc33.jpg,1,1,0.9996,0.0,0.0,0.0,3.71,0.506,6.543,0.242,11.229
FireSmokeVideoNEW236_f14_jpg.rf.f0ca6c82bcddcc9feb9bc9028a68b120.jpg,1,1,0.9997,0.0,0.0,0.0,3.269,0.665,4.56,0.226,9.002
FireSmokeVideoNEW236_f21_jpg.rf.754a675026bcab92408959bfb9e6fcc3.jpg,1,1,0.9998,0.0,0.0,0.0,5.501,0.563,4.552,0.217,11.062
FireSmokeVideoNEW236_f3_jpg.rf.42bc417b828648ccddb4878d88cd314a.jpg,1,1,0.9997,0.0,0.0,0.0,3.311,0.533,6.456,0.216,10.739
FireSmokeVideoNEW236_f5_jpg.rf.cc8e7b2f8bdb3e0cec2a0ff51fa28c17.jpg,1,1,0.9995,0.0,0.0,0.0,5.54,0.703,4.696,0.218,11.466
FireSmokeVideoNEW236_f7_jpg.rf.bd6635dce83880a7113817e083b78be5.jpg,1,1,0.9982,0.0,0.0,0.0,3.571,0.522,4.57,0.252,9.14
FireSmokeVideoNEW236_f9_jpg.rf.168ae9734bfc501bc6d238f8d2f724d8.jpg,1,1,1.0,0.0,0.0,0.0,3.28,0.514,4.573,0.212,8.8
FireSmokeVideoNEW240_f20_jpg.rf.8a6467c957e8c386af2b27d0d934c050.jpg,1,0,0.9582,0.0,0.0,0.0,3.727,0.527,4.58,0.213,9.263
FireSmokeVideoNEW242_f16_jpg.rf.cb5a984c234f69549bd7d8916ecc738a.jpg,1,0,0.9991,0.0,0.0,0.0,5.279,1.96,7.182,0.241,14.906
FireSmokeVideoNEW242_f20_jpg.rf.350ae6f9f4cfaf34dac57b430bf38bd5.jpg,1,1,0.9999,0.0,0.0,0.0,4.782,0.852,5.59,0.242,11.699
FireSmokeVideoNEW242_f24_jpg.rf.4f1770fc700b14899ba1bfbb6afbd478.jpg,1,1,0.9999,0.0,0.0,0.0,3.862,0.507,4.584,0.231,9.402
FireSmokeVideoNEW242_f26_jpg.rf.683758f071668ddaa0024a468c60f9a7.jpg,1,1,0.9083,0.0,0.0,0.0,4.795,0.953,4.633,0.24,10.849
FireSmokeVideoNEW242_f28_jpg.rf.300cfcb4673b58751e0aaa9c40dd0817.jpg,1,1,0.9413,0.0,0.0,0.0,3.047,0.583,4.713,0.233,8.8
FireSmokeVideoNEW242_f2_jpg.rf.e0fe0c90866be603ef3ea3115d07ae53.jpg,1,1,0.9999,0.0,0.0,0.0,3.253,0.534,4.455,0.225,8.683
FireSmokeVideoNEW242_f37_jpg.rf.942cd9e3807e9de01255872d9810dc8e.jpg,1,1,0.9993,0.0,0.0,0.0,3.386,0.572,4.552,0.222,8.948
FireSmokeVideoNEW242_f39_jpg.rf.ed7e340bb514103b25521a6342b6d0b8.jpg,1,1,0.9999,0.0,0.0,0.0,3.062,0.506,4.572,0.216,8.577
FireSmokeVideoNEW242_f42_jpg.rf.9ef35700b7eefb3f791a6601099ee8d7.jpg,1,1,0.9917,0.0,0.0,0.0,3.591,0.494,4.553,0.215,9.075
FireSmokeVideoNEW242_f5_jpg.rf.0862f86903811d26c50e14ae697a7bf3.jpg,1,1,0.9998,0.0,0.0,0.0,6.35,2.744,9.103,0.271,19.019
FireSmokeVideoNEW243_f0_jpg.rf.b8ae4899a18f07d0cf66c78b3c5a1dd8.jpg,1,1,1.0,0.0,0.0,0.0,4.83,1.332,4.521,0.244,11.148
FireSmokeVideoNEW243_f21_jpg.rf.20e2bc6a567e338cdc5431cdda1b0f9f.jpg,1,1,1.0,0.0,0.0,0.0,4.464,1.483,4.642,0.239,11.072
FireSmokeVideoNEW243_f3_jpg.rf.ecc4982a917b338aff3cd29cfba69f31.jpg,1,1,1.0,0.0,0.0,0.0,3.828,0.513,4.679,0.227,9.474
FireSmokeVideoNEW243_f44_jpg.rf.2eaf38b6d2a398d6af80bfb726fe7216.jpg,1,0,0.8942,0.0,0.0,0.0,3.47,0.517,4.577,0.224,9.008
FireSmokeVideoNEW243_f46_jpg.rf.dc718cf285258cfab125d30992916958.jpg,1,0,0.9979,0.0,0.0,0.0,4.932,1.413,6.527,0.227,13.324
FireSmokeVideoNEW243_f5_jpg.rf.1b86ff64ad83437c640195f462e17ed9.jpg,1,1,1.0,0.0,0.0,0.0,5.48,0.571,4.698,0.242,11.227
FireSmokeVideoNEW245_f16_jpg.rf.affac28f81aa47b4cfb3b2e583a5e036.jpg,1,1,1.0,0.0,0.0,0.0,3.379,0.564,4.584,0.226,8.975
FireSmokeVideoNEW245_f18_jpg.rf.5f6fa5ffb536cb4e8ffc333b31b94060.jpg,1,1,1.0,0.0,0.0,0.0,3.218,0.612,4.59,0.237,8.882
FireSmokeVideoNEW245_f20_jpg.rf.8cdc752d89218b5374439c992813db4f.jpg,1,1,1.0,0.0,0.0,0.0,4.086,2.523,6.937,0.382,14.221
FireSmokeVideoNEW245_f22_jpg.rf.e4b0e4d4004a941c1776c3f52bf3b07f.jpg,1,1,1.0,0.0,0.0,0.0,4.768,0.609,4.541,0.238,10.39
FireSmokeVideoNEW245_f24_jpg.rf.b4e0a941b58e1944a9877a4b56f57db0.jpg,1,1,1.0,0.0,0.0,0.0,3.928,1.85,4.635,0.236,10.871
FireSmokeVideoNEW245_f26_jpg.rf.374fcdbd809ab2419a63cbad47609d73.jpg,1,1,1.0,0.0,0.0,0.0,3.922,1.46,5.028,0.369,11.013
FireSmokeVideoNEW245_f42_jpg.rf.7cb91c9b353d357b7d73e73d1396fb02.jpg,1,1,1.0,0.0,0.0,0.0,4.069,1.775,4.621,0.242,10.928
FireSmokeVideoNEW245_f44_jpg.rf.4f3d7c7339919582cdf9f49155ecf2c0.jpg,1,1,1.0,0.0,0.0,0.0,4.163,0.71,5.713,0.393,11.305
FireSmokeVideoNEW245_f46_jpg.rf.9e327caa1e549bd1bc4dc7387238832b.jpg,1,1,1.0,0.0,0.0,0.0,3.997,0.815,6.676,0.773,12.491
FireSmokeVideoNEW245_f48_jpg.rf.e3aa09c11084c01fb7be091002a9e24c.jpg,1,1,1.0,0.0,0.0,0.0,3.367,0.913,5.446,0.314,10.348
FireSmokeVideoNEW245_f50_jpg.rf.98199e99f42af44d74f16f98a0b28755.jpg,1,1,1.0,0.0,0.0,0.0,5.911,1.472,5.196,0.32,13.213
FireSmokeVideoNEW246_f0_jpg.rf.d0e9845d36bb6879808a62992a781c24.jpg,1,0,1.0,0.0,0.0,0.0,3.542,0.496,4.529,0.236,9.054
FireSmokeVideoNEW246_f101_jpg.rf.f7312a11e1f33c0f810c995e6172f5f9.jpg,1,0,0.9991,0.0,0.0,0.0,4.017,0.508,4.628,0.231,9.598
FireSmokeVideoNEW246_f114_jpg.rf.c54ecf66c9dfabaa65bdc3348dd4649f.jpg,1,0,0.9997,0.0,0.0,0.0,3.168,0.5,4.693,0.243,8.814
FireSmokeVideoNEW246_f116_jpg.rf.0797530111fe7468dfb6e65ad1f61c49.jpg,1,0,0.9982,0.0,0.0,0.0,3.234,0.5,4.611,0.217,8.78
FireSmokeVideoNEW246_f118_jpg.rf.4aa48d18f215cee5d04f5c081db094b0.jpg,1,0,0.9853,0.0,0.0,0.0,3.004,0.513,4.563,0.212,8.506
FireSmokeVideoNEW246_f120_jpg.rf.9a867e176f5c7410d35704589b5f0dd6.jpg,1,0,0.9988,0.0,0.0,0.0,2.967,0.504,4.546,0.219,8.452
FireSmokeVideoNEW246_f122_jpg.rf.9ecff2c111b84f25d3a4dfb2e8316c54.jpg,1,0,0.9981,0.0,0.0,0.0,2.974,0.505,4.561,0.22,8.478
FireSmokeVideoNEW246_f17_jpg.rf.4ceac16aeb284b22058948b39bf7f4f3.jpg,1,0,0.9988,0.0,0.0,0.0,3.625,0.581,4.656,0.237,9.323
FireSmokeVideoNEW246_f19_jpg.rf.e5b92864cd4980b8843bf3d0457fe64c.jpg,1,0,0.9998,0.0,0.0,0.0,4.016,1.534,8.646,0.26,14.694
FireSmokeVideoNEW246_f20_jpg.rf.390c45f2c210996a34c511ad185f53ed.jpg,1,0,0.9995,0.0,0.0,0.0,3.5,0.522,4.604,0.259,9.111
FireSmokeVideoNEW246_f22_jpg.rf.ffde6341071f98a83e38a27464a91568.jpg,1,0,1.0,0.0,0.0,0.0,3.117,0.587,4.641,0.244,8.813
FireSmokeVideoNEW246_f24_jpg.rf.0e0a9f1b7656b23975c740c3db802d52.jpg,1,0,0.9942,0.0,0.0,0.0,3.253,0.513,4.507,0.23,8.746
FireSmokeVideoNEW246_f29_jpg.rf.56c1b326a697c030a3632d8e1a2d0008.jpg,1,0,0.9997,0.0,0.0,0.0,3.018,0.513,4.586,0.242,8.581
FireSmokeVideoNEW246_f30_jpg.rf.fb8251d2bfa3ad8e70741296130d2d7b.jpg,1,0,0.9984,0.0,0.0,0.0,3.168,0.509,4.598,0.261,8.753
FireSmokeVideoNEW246_f39_jpg.rf.7f1e78c38f1141225244982c4bf3fd90.jpg,1,0,0.9735,0.0,0.0,0.0,3.098,0.493,4.639,0.217,8.663
FireSmokeVideoNEW246_f40_jpg.rf.ce1cd9a166466167c408fafad05fcb5c.jpg,1,1,0.9718,0.0,0.0,0.0,3.027,0.505,4.561,0.207,8.514
FireSmokeVideoNEW246_f45_jpg.rf.2bef0d7bfd03bcc11349ab63c01e0354.jpg,1,1,0.9976,0.0,0.0,0.0,3.599,0.528,4.677,0.261,9.285
FireSmokeVideoNEW246_f47_jpg.rf.d3ae86391f56dff6ac7f57a4e501bda8.jpg,1,1,0.5741,0.0,0.0,0.0,5.385,2.087,6.91,0.347,14.999
FireSmokeVideoNEW246_f4_jpg.rf.c4616a4f53c69b437bf5edb23eb58402.jpg,1,0,0.9999,0.0,0.0,0.0,3.067,0.516,4.634,0.23,8.661
FireSmokeVideoNEW246_f54_jpg.rf.8342f7d2be3363c8e0242c7121d8fc0d.jpg,1,0,0.9992,0.0,0.0,0.0,3.261,0.549,4.57,0.229,8.823
FireSmokeVideoNEW246_f65_jpg.rf.3aae2c8595fe047d0b9031e3b5804f5e.jpg,1,0,0.9999,0.0,0.0,0.0,3.031,0.511,4.617,0.213,8.595
FireSmokeVideoNEW246_f67_jpg.rf.c522f7d025f759951024d1f5ce536e60.jpg,1,0,0.9998,0.0,0.0,0.0,3.398,0.559,4.633,0.241,9.055
FireSmokeVideoNEW246_f8_jpg.rf.68b2fb62abf6411d6f639c1c3f5aa3bb.jpg,1,0,0.9996,0.0,0.0,0.0,3.13,0.968,4.56,0.222,9.095
FireSmokeVideoNEW246_f97_jpg.rf.dd9b7749d48aa0f976dbcaf5e75e8bf0.jpg,1,0,0.9999,0.0,0.0,0.0,3.851,0.528,4.633,0.239,9.471
FireSmokeVideoNEW246_f99_jpg.rf.02bf10f60d8b1a6ba82b5e928bfb273e.jpg,1,0,0.9994,0.0,0.0,0.0,3.139,0.493,4.541,0.218,8.607
FireSmokeVideoNEW249_f10_jpg.rf.a2031c818c873a4ac0b754042c9ea482.jpg,1,0,1.0,0.0,0.0,0.0,3.01,0.56,4.561,0.223,8.569
FireSmokeVideoNEW24_f13_jpg.rf.a317f2d56bcda94cb97cf62436f5d32e.jpg,1,1,1.0,0.0,0.0,0.0,6.183,1.821,10.083,0.259,18.586
FireSmokeVideoNEW24_f1_jpg.rf.d3ad263d294b1aede3fbfd33d485dba6.jpg,1,1,1.0,0.0,0.0,0.0,3.766,0.508,4.668,0.275,9.441
FireSmokeVideoNEW24_f22_jpg.rf.7f2bc9a4785440e0b6e6daeb772b302b.jpg,1,1,0.9999,0.0,0.0,0.0,3.794,0.516,4.566,0.223,9.315
FireSmokeVideoNEW24_f33_jpg.rf.e5e6458494b5dbafef0058c958cb959a.jpg,1,1,0.9998,0.0,0.0,0.0,3.971,0.525,4.603,0.217,9.529
FireSmokeVideoNEW24_f44_jpg.rf.5d0c9c22217efd669f0695827497572d.jpg,1,1,0.9998,0.0,0.0,0.0,4.89,0.504,4.632,0.24,10.482
FireSmokeVideoNEW24_f46_jpg.rf.c1d942063e9aca880d77b7dd545a5754.jpg,1,1,0.9996,0.0,0.0,0.0,5.393,0.472,4.56,0.219,10.859
FireSmokeVideoNEW24_f48_jpg.rf.a1812b35fbd4431cc4c85c94ad816d49.jpg,1,1,0.993,0.0,0.0,0.0,4.854,0.493,4.566,0.212,10.335
FireSmokeVideoNEW24_f54_jpg.rf.d96142ba5f27258066adecb90de272ec.jpg,1,1,0.8369,0.0,0.0,0.0,3.269,0.503,4.599,0.272,8.853
FireSmokeVideoNEW24_f60_jpg.rf.f1ebdc880e1bcc91aee58222f268ee0e.jpg,1,1,0.9913,0.0,0.0,0.0,5.988,2.84,7.84,0.363,17.328
FireSmokeVideoNEW24_f63_jpg.rf.03c49f969686c385e069b9113c736d19.jpg,1,1,0.9728,0.0,0.0,0.0,3.157,1.177,4.642,0.233,9.428
FireSmokeVideoNEW24_f70_jpg.rf.9a86d6dfad0e79a67ae55ed6416ec3ff.jpg,1,1,0.9914,0.0,0.0,0.0,3.723,0.547,4.537,0.24,9.267
FireSmokeVideoNEW24_f72_jpg.rf.beaf6a0d618ec48746c39d88d1b289df.jpg,1,1,0.9996,0.0,0.0,0.0,3.123,0.499,4.608,0.238,8.681
FireSmokeVideoNEW24_f76_jpg.rf.686e1c1de85c5e1ad3d7b5e275d2df54.jpg,1,1,0.9782,0.0,0.0,0.0,3.306,0.527,4.573,0.224,8.883
FireSmokeVideoNEW24_f78_jpg.rf.f8c4a179f08b28b3aacca29ac9c92cb4.jpg,1,0,0.8871,0.0,0.0,0.0,3.319,0.504,4.565,0.214,8.81
FireSmokeVideoNEW251_f10_jpg.rf.541400866b2aba579bcdb76caf3a338f.jpg,1,1,1.0,0.0,0.0,0.0,3.149,0.511,4.548,0.215,8.634
FireSmokeVideoNEW251_f12_jpg.rf.85d3ad499d374561971f57ad4d079829.jpg,1,1,1.0,0.0,0.0,0.0,3.479,0.484,4.644,0.273,9.104
FireSmokeVideoNEW251_f16_jpg.rf.3285e689765e3107919d3c071ee9fb45.jpg,1,1,1.0,0.0,0.0,0.0,3.18,1.097,4.671,0.236,9.407
FireSmokeVideoNEW251_f22_jpg.rf.e3d9c6fa41b8c234dbfa87f3e606bf26.jpg,1,1,1.0,0.0,0.0,0.0,4.506,2.106,5.979,0.416,13.276
FireSmokeVideoNEW251_f24_jpg.rf.72c1196ed7ec56e7fc95cf7d41b8c8b2.jpg,1,1,0.9999,0.0,0.0,0.0,4.429,1.371,4.575,0.247,10.847
FireSmokeVideoNEW251_f26_jpg.rf.4956eee32e27e79472637f03db427864.jpg,1,1,0.9901,0.0,0.0,0.0,3.613,0.551,4.622,0.233,9.236
FireSmokeVideoNEW251_f28_jpg.rf.d5d77d1341fdd95d00017d860d86835d.jpg,1,1,1.0,0.0,0.0,0.0,3.63,1.311,4.667,0.25,10.08
FireSmokeVideoNEW251_f2_jpg.rf.207660a329cb32e71b591d7620e9d6ee.jpg,1,0,0.9209,0.0,0.0,0.0,3.924,2.717,5.114,0.316,12.343
FireSmokeVideoNEW251_f34_jpg.rf.0b6f0a94d30e437f2f6d8c1a90f96a78.jpg,1,1,0.9998,0.0,0.0,0.0,3.098,0.536,4.562,0.228,8.637
FireSmokeVideoNEW251_f5_jpg.rf.57893ff66f5d16c89cbb35a5a9b62725.jpg,1,0,0.9452,0.0,0.0,0.0,3.583,0.517,4.674,0.216,9.203
FireSmokeVideoNEW251_f9_jpg.rf.249d7624c6fa363d9e41b0ab9a2f6327.jpg,1,1,0.9999,0.0,0.0,0.0,3.942,0.759,4.57,0.225,9.704
FireSmokeVideoNEW252_f1_jpg.rf.644c06965eca5f3b556450ea37c27747.jpg,1,1,0.9998,0.0,0.0,0.0,5.536,1.391,4.488,0.248,11.876
FireSmokeVideoNEW252_f45_jpg.rf.8b98db927ef78395da9058306d193102.jpg,1,1,1.0,0.0,0.0,0.0,3.941,1.407,4.565,0.236,10.376
FireSmokeVideoNEW252_f51_jpg.rf.4751e1373246d5bc57295ba7ff6965bd.jpg,1,1,1.0,0.0,0.0,0.0,6.797,0.853,5.424,0.234,13.659
FireSmokeVideoNEW252_f59_jpg.rf.93fdff5fc44a03cfb24372111bb816c8.jpg,1,1,1.0,0.0,0.0,0.0,3.246,0.58,4.623,0.231,8.899
FireSmokeVideoNEW252_f64_jpg.rf.68fa95b9f56388067421607a368cef2d.jpg,1,1,1.0,0.0,0.0,0.0,5.395,0.576,4.629,0.245,11.069
FireSmokeVideoNEW253_f39_jpg.rf.fb9a239e13210f3ebef4f597588b23fb.jpg,1,0,0.9985,0.0,0.0,0.0,4.481,0.733,6.49,0.217,12.135
FireSmokeVideoNEW253_f43_jpg.rf.5a5f91862546726da846953d1f07eb8f.jpg,1,0,0.9999,0.0,0.0,0.0,3.888,0.498,4.562,0.221,9.378
FireSmokeVideoNEW253_f46_jpg.rf.91995eb662334f3d0957cfc515200e44.jpg,1,0,1.0,0.0,0.0,0.0,4.661,0.503,4.58,0.221,10.173
FireSmokeVideoNEW253_f48_jpg.rf.6a0d36ab045606a51acb516450eb9504.jpg,1,0,0.9999,0.0,0.0,0.0,4.158,3.605,6.78,0.36,15.287
FireSmokeVideoNEW253_f54_jpg.rf.a6475322dd9c9981224c709b6eeb3ce5.jpg,1,0,1.0,0.0,0.0,0.0,4.172,1.217,5.0,0.353,11.003
FireSmokeVideoNEW253_f64_jpg.rf.1f4f74a5249319102992373b86580c22.jpg,1,0,0.7672,0.0,0.0,0.0,5.524,0.744,7.102,0.264,13.959
FireSmokeVideoNEW253_f98_jpg.rf.730180c169cd3489387a9a5b99952692.jpg,1,1,0.9876,0.0,0.0,0.0,5.174,0.697,5.697,0.36,12.249
FireSmokeVideoNEW256_f0_jpg.rf.21175534bf39e57aee851b1de13350d0.jpg,1,1,0.9989,0.0,0.0,0.0,6.5,0.761,5.493,0.345,13.422
FireSmokeVideoNEW256_f11_jpg.rf.40e24a1aeae73281869326a117cf44fe.jpg,1,1,0.9999,0.0,0.0,0.0,5.564,0.718,5.446,0.326,12.364
FireSmokeVideoNEW256_f1_jpg.rf.8866be7cbb0dcf462762bd4d392d77d9.jpg,1,1,0.9998,0.0,0.0,0.0,3.009,0.514,4.657,0.252,8.658
FireSmokeVideoNEW256_f2_jpg.rf.419b43a44c0f7b085c92185c2c0537c9.jpg,1,1,0.9999,0.0,0.0,0.0,5.256,1.629,6.687,0.259,14.079
FireSmokeVideoNEW256_f32_jpg.rf.5ed2d90bbe733c00b9a37b8ad56b0333.jpg,1,1,0.9998,0.0,0.0,0.0,4.552,1.123,4.745,0.253,10.967
FireSmokeVideoNEW257_f11_jpg.rf.5f8927b60d1a6891efd7e858e8c3e0e1.jpg,1,0,0.9985,0.0,0.0,0.0,3.755,0.506,4.479,0.22,9.178
FireSmokeVideoNEW257_f18_jpg.rf.0f9cc808c8589d3b56f736680007c7fb.jpg,1,0,0.9999,0.0,0.0,0.0,3.234,0.494,4.554,0.219,8.721
FireSmokeVideoNEW257_f23_jpg.rf.abe3a8bff303926969f378051c208a6a.jpg,1,0,0.9689,0.0,0.0,0.0,3.039,0.529,4.598,0.217,8.605
FireSmokeVideoNEW257_f25_jpg.rf.620dc89a7a566a25516b88b2f10d7799.jpg,1,0,0.9669,0.0,0.0,0.0,4.215,0.575,4.524,0.24,9.789
FireSmokeVideoNEW257_f27_jpg.rf.4438354a029a07cdaccb869873ce4ca1.jpg,1,0,0.9988,0.0,0.0,0.0,3.145,0.537,4.571,0.218,8.686
FireSmokeVideoNEW257_f31_jpg.rf.b6e6b11163061d79f0c2f50fde34e92e.jpg,1,0,0.9989,0.0,0.0,0.0,3.075,0.512,4.555,0.22,8.583
FireSmokeVideoNEW257_f7_jpg.rf.b4c190057546d32b72d7e04d2cbc9f8a.jpg,1,0,0.9999,0.0,0.0,0.0,3.075,0.512,4.553,0.219,8.573
FireSmokeVideoNEW25_f13_jpg.rf.2eaa5308c6c538b5b25f2039317fa207.jpg,1,0,0.9999,0.0,0.0,0.0,2.944,0.487,4.624,0.233,8.504
FireSmokeVideoNEW25_f19_jpg.rf.3549bcf35fc1e41c3fdb36e564e72210.jpg,1,0,1.0,0.0,0.0,0.0,7.417,2.624,8.734,0.694,19.912
FireSmokeVideoNEW25_f22_jpg.rf.8ef2c5ee7dfc6ff95cf68469c972af1f.jpg,1,0,1.0,0.0,0.0,0.0,4.259,0.604,4.577,0.256,9.926
FireSmokeVideoNEW25_f24_jpg.rf.d978d587fd47ec7589cdb39d1324f4a7.jpg,1,0,0.9964,0.0,0.0,0.0,4.227,0.719,4.605,0.251,10.044
FireSmokeVideoNEW25_f42_jpg.rf.854b871d2bcc068818b226711357d71b.jpg,1,0,0.9978,0.0,0.0,0.0,4.415,0.513,4.571,0.225,9.948
FireSmokeVideoNEW25_f46_jpg.rf.8f3b7c6178fdc60fd3d3c4bafc1664c1.jpg,1,0,0.9984,0.0,0.0,0.0,3.406,0.619,4.63,0.227,9.109
FireSmokeVideoNEW264_f49_jpg.rf.e734114878cd20b393cf439ae4b015fb.jpg,1,1,1.0,0.0,0.0,0.0,3.363,0.533,4.668,0.271,9.075
FireSmokeVideoNEW264_f76_jpg.rf.569a3bae734fc779f72fbf6ed5099965.jpg,1,1,0.9998,0.0,0.0,0.0,3.346,0.528,4.697,0.219,9.029
FireSmokeVideoNEW266_f107_jpg.rf.02faea8858fe3f87b8063f0604604b84.jpg,1,1,1.0,0.0,0.0,0.0,3.325,0.52,4.631,0.24,8.939
FireSmokeVideoNEW266_f113_jpg.rf.0ee13ca7bce52f98cc9d6748dc732777.jpg,1,1,1.0,0.0,0.0,0.0,4.705,2.36,5.315,0.409,13.088
FireSmokeVideoNEW266_f13_jpg.rf.2da8d3951c2ab6db859bba437d172e44.jpg,1,1,1.0,0.0,0.0,0.0,4.386,2.373,4.544,0.245,11.823
FireSmokeVideoNEW266_f178_jpg.rf.4d4fc6e36132f06221b0ed5e4088bc50.jpg,1,1,1.0,0.0,0.0,0.0,3.309,0.554,4.63,0.243,8.962
FireSmokeVideoNEW266_f237_jpg.rf.f82396f9f4b30ea31840dbd51f7a8493.jpg,1,1,1.0,0.0,0.0,0.0,3.014,0.509,4.569,0.22,8.531
FireSmokeVideoNEW266_f39_jpg.rf.77b165a2621221e3075da882a7bdbe99.jpg,1,1,1.0,0.0,0.0,0.0,2.956,0.512,4.575,0.217,8.476
FireSmokeVideoNEW267_f101_jpg.rf.63c35ee1bb4f8e8ba47f672adb8edbd6.jpg,1,1,1.0,0.0,0.0,0.0,3.001,0.518,4.58,0.229,8.555
FireSmokeVideoNEW267_f118_jpg.rf.121e20767c49d77df1b806b2087a27b2.jpg,1,1,1.0,0.0,0.0,0.0,3.426,0.538,4.508,0.236,8.939
FireSmokeVideoNEW267_f121_jpg.rf.e26cd978de539fcea0af98b7ba6fc31f.jpg,1,1,1.0,0.0,0.0,0.0,2.978,0.52,4.579,0.227,8.525
FireSmokeVideoNEW267_f145_jpg.rf.4e25c29571910a8193b1dd547f2ddb9a.jpg,1,1,0.9452,0.0,0.0,0.0,4.026,0.907,4.6,0.25,10.028
FireSmokeVideoNEW267_f147_jpg.rf.4ae496d4bbd2b96a928b170a6937b2b8.jpg,1,1,0.9752,0.0,0.0,0.0,2.952,0.581,4.637,0.256,8.647
FireSmokeVideoNEW267_f83_jpg.rf.113dd99201cd8e546b69b03c7f7bac4a.jpg,1,0,0.9498,0.0,0.0,0.0,3.903,0.51,6.526,0.238,11.399
FireSmokeVideoNEW267_f93_jpg.rf.1646a38a12d2312e7e0e54b4d6f7f497.jpg,1,1,0.6631,0.0,0.0,0.0,4.256,0.523,4.792,0.339,10.133
FireSmokeVideoNEW269_f10_jpg.rf.17d96b45a4eac9157520e5aa71774678.jpg,1,1,0.9804,0.0,0.0,0.0,3.14,0.713,4.743,0.246,9.058
FireSmokeVideoNEW269_f31_jpg.rf.977449849ee1d1b4cd28604a98013e1b.jpg,1,1,0.9954,0.0,0.0,0.0,3.805,0.525,5.04,0.389,9.993
FireSmokeVideoNEW269_f33_jpg.rf.8b38bd9fc843c1946c4c9566fcbcdebe.jpg,1,1,0.997,0.0,0.0,0.0,5.966,0.783,5.607,0.392,13.079
FireSmokeVideoNEW269_f36_jpg.rf.6b45f2c36c902aa2f7a646fac4bd3551.jpg,1,1,0.7813,0.0,0.0,0.0,4.841,0.927,5.513,0.239,11.853
FireSmokeVideoNEW269_f45_jpg.rf.3ea593179185b2a02eff432376e589f2.jpg,1,0,0.8716,0.0,0.0,0.0,3.396,0.521,5.532,0.334,10.016
FireSmokeVideoNEW269_f61_jpg.rf.6bc5727e306edc11b524c4746860178f.jpg,1,1,0.6298,0.0,0.0,0.0,7.822,2.66,7.192,0.407,18.325
FireSmokeVideoNEW269_f78_jpg.rf.948530e5f32ad9506e4d005519b1fe9a.jpg,1,1,0.9991,0.0,0.0,0.0,3.368,0.526,5.007,0.331,9.492
FireSmokeVideoNEW269_f8_jpg.rf.c26651df50fe12ba3103e33a592f4ebb.jpg,1,1,0.9869,0.0,0.0,0.0,3.233,1.309,5.55,0.346,10.783
FireSmokeVideoNEW26_f137_jpg.rf.a9ed46e4eace1936121122bbf35a5430.jpg,1,1,1.0,0.0,0.0,0.0,3.666,0.55,4.731,0.262,9.446
FireSmokeVideoNEW26_f139_jpg.rf.ba1b0babc498c22ebaf50c3930711e5b.jpg,1,1,0.9875,0.0,0.0,0.0,2.917,0.52,6.463,0.218,10.38
FireSmokeVideoNEW26_f141_jpg.rf.a5fa0a322501fa9aa5f2c0fab23d79dd.jpg,1,1,0.9998,0.0,0.0,0.0,5.216,0.795,4.67,0.217,11.131
FireSmokeVideoNEW26_f160_jpg.rf.a7025e07062fe6c456bc401c19e0b8cc.jpg,1,1,0.6978,0.0,0.0,0.0,3.006,0.547,4.563,0.214,8.549
FireSmokeVideoNEW26_f71_jpg.rf.dc98f99d0595cb8a275c8c9afe655280.jpg,1,1,0.9925,0.0,0.0,0.0,2.947,0.514,4.647,0.212,8.539
FireSmokeVideoNEW26_f73_jpg.rf.a4c7819457d40ffafe8bc3c8b510744c.jpg,1,1,0.9999,0.0,0.0,0.0,3.52,1.597,4.663,0.242,10.263
FireSmokeVideoNEW26_f7_jpg.rf.57f0610ef4fec7f7361b67920ce3281f.jpg,1,0,0.974,0.0,0.0,0.0,4.259,0.956,4.818,0.247,10.755
FireSmokeVideoNEW26_f9_jpg.rf.199dead260e12ae0bf89eeb54cb43bb3.jpg,1,0,0.9296,0.0,0.0,0.0,5.332,0.683,7.128,0.365,13.78
FireSmokeVideoNEW274_f22_jpg.rf.02cd1a9e0dfe7bf250bafeb57c2fc46f.jpg,1,1,0.9997,0.0,0.0,0.0,2.978,0.513,4.643,0.269,8.619
FireSmokeVideoNEW277_f106_jpg.rf.09d13a0b9f5dae6b37b4df7ad76bc80f.jpg,1,1,0.9662,0.0,0.0,0.0,3.975,1.247,4.647,0.226,10.319
FireSmokeVideoNEW277_f112_jpg.rf.5bf0e71562583b311f55ca80b537896a.jpg,1,0,0.755,0.0,0.0,0.0,4.777,0.649,4.613,0.276,10.558
FireSmokeVideoNEW277_f16_jpg.rf.f38d7b7283773e95c837a4a88b043def.jpg,1,1,1.0,0.0,0.0,0.0,3.413,0.535,4.6,0.217,8.99
FireSmokeVideoNEW277_f23_jpg.rf.26a5a9e63a6231703ed81eb83e506ae8.jpg,1,1,1.0,0.0,0.0,0.0,2.977,0.509,4.6,0.222,8.526
FireSmokeVideoNEW277_f2_jpg.rf.6de584ba8f4bf4e8f28b6b12e02fce56.jpg,1,1,1.0,0.0,0.0,0.0,3.75,1.945,5.633,0.229,11.795
FireSmokeVideoNEW277_f32_jpg.rf.821c4696b6666d1fc23b5e7dea66f891.jpg,1,1,1.0,0.0,0.0,0.0,3.529,2.023,5.108,0.357,11.348
FireSmokeVideoNEW277_f34_jpg.rf.7e70c7a467ae2e47817342d4fb2a0827.jpg,1,1,1.0,0.0,0.0,0.0,4.211,2.803,7.889,0.288,15.427
FireSmokeVideoNEW277_f3_jpg.rf.16feece04ba7228a83655f5a70f1ceba.jpg,1,1,1.0,0.0,0.0,0.0,4.035,0.922,6.592,0.246,12.027
FireSmokeVideoNEW277_f42_jpg.rf.bfa88f7ad8c4a729098ba826f60065bd.jpg,1,1,0.9556,0.0,0.0,0.0,4.657,0.578,4.568,0.227,10.243
FireSmokeVideoNEW277_f4_jpg.rf.81c483c3c5d7ba3da0512eb641f4114d.jpg,1,1,1.0,0.0,0.0,0.0,4.694,0.543,4.58,0.229,10.266
FireSmokeVideoNEW277_f54_jpg.rf.8290d81b12f806e3a23c324952744a5e.jpg,1,1,0.5709,0.0,0.0,0.0,3.061,0.502,4.581,0.217,8.575
FireSmokeVideoNEW277_f5_jpg.rf.43dfbd60ba2af38be3249f10ec1c6dd2.jpg,1,1,1.0,0.0,0.0,0.0,5.573,0.504,4.565,0.239,11.113
FireSmokeVideoNEW277_f6_jpg.rf.9246e9ca42b4ef5ffa450917955996b2.jpg,1,1,1.0,0.0,0.0,0.0,3.866,0.51,4.553,0.217,9.366
FireSmokeVideoNEW277_f76_jpg.rf.e896d63db2a85b0c36821d3664707386.jpg,1,1,0.7967,0.0,0.0,0.0,3.849,0.513,4.604,0.261,9.449
FireSmokeVideoNEW277_f84_jpg.rf.de4caae65922aafc13677ba531cf76c2.jpg,1,1,0.9998,0.0,0.0,0.0,4.327,2.317,10.375,0.392,17.701
FireSmokeVideoNEW27_f60_jpg.rf.038ba34328502532e3c1154c93793d2f.jpg,1,1,0.5918,0.0,0.0,0.0,2.965,0.506,4.567,0.237,8.497
FireSmokeVideoNEW27_f62_jpg.rf.c1c3a5e618dfc2300dc019930e34b3ae.jpg,1,1,0.9876,0.0,0.0,0.0,2.937,0.505,4.614,0.226,8.501
FireSmokeVideoNEW27_f64_jpg.rf.be4a9aaace2c63021410de1caab71d9e.jpg,1,1,0.9466,0.0,0.0,0.0,3.017,0.904,4.583,0.219,8.945
FireSmokeVideoNEW27_f66_jpg.rf.22def0fbf44790ff0e2de2bb0c4201b9.jpg,1,1,0.6182,0.0,0.0,0.0,2.988,0.514,4.58,0.22,8.519
FireSmokeVideoNEW29_f10_jpg.rf.8e2833f2331a68683bbe20ec22fccdbd.jpg,1,1,0.9995,0.0,0.0,0.0,3.112,0.515,4.672,0.239,8.761
FireSmokeVideoNEW29_f15_jpg.rf.af74892cfd1d8c526d2b6f4807915809.jpg,1,1,0.9997,0.0,0.0,0.0,3.184,0.504,6.469,0.227,10.605
FireSmokeVideoNEW29_f17_jpg.rf.5151a7a20f43e42120cfac986cec2f39.jpg,1,1,0.9964,0.0,0.0,0.0,4.867,1.658,4.835,0.291,11.911
FireSmokeVideoNEW29_f25_jpg.rf.2ad0615bf93adcec78cabdaf0440d4c0.jpg,1,1,1.0,0.0,0.0,0.0,6.822,0.872,4.659,0.245,12.839
FireSmokeVideoNEW29_f27_jpg.rf.fdacc6730c826df2ae581d71f2b777bc.jpg,1,1,1.0,0.0,0.0,0.0,5.094,0.665,5.19,0.363,11.601
FireSmokeVideoNEW29_f5_jpg.rf.c884fffd4ce9b1eb0a67f95bafaa8e52.jpg,1,1,0.9994,0.0,0.0,0.0,3.839,1.32,5.298,0.214,10.969
FireSmokeVideoNEW31_f0_jpg.rf.8c3177ba1b33003e26ebb311b7ea751a.jpg,1,1,0.8495,0.0,0.0,0.0,3.931,0.504,4.566,0.217,9.431
FireSmokeVideoNEW31_f127_jpg.rf.0c2aa3f9cdfa16db038d4b9453ee01d7.jpg,1,1,1.0,0.0,0.0,0.0,3.998,0.493,4.56,0.221,9.48
FireSmokeVideoNEW31_f13_jpg.rf.d1126db2923b8b99a8ba03fe2983f026.jpg,1,1,0.9992,0.0,0.0,0.0,3.284,0.538,4.563,0.244,8.85
FireSmokeVideoNEW31_f1_jpg.rf.3c6c950a2ed874683574dfa4d38bd25a.jpg,1,1,0.9938,0.0,0.0,0.0,2.948,0.498,4.45,0.209,8.323
FireSmokeVideoNEW31_f27_jpg.rf.d6492c725bf7e3bfe7eed589dc8571a6.jpg,1,1,0.73,0.0,0.0,0.0,3.734,0.698,4.643,0.219,9.514
FireSmokeVideoNEW31_f30_jpg.rf.3dd6e3ba6fb8657caa2190bd9eb22e6f.jpg,1,0,0.9767,0.0,0.0,0.0,3.864,1.626,4.531,0.244,10.503
FireSmokeVideoNEW31_f32_jpg.rf.9d38b6dc5b13b67a5546f72b78531e6a.jpg,1,1,0.9998,0.0,0.0,0.0,3.028,0.596,6.532,0.247,10.636
FireSmokeVideoNEW31_f40_jpg.rf.3dd823019fe152f2623dc4ef465c1d9d.jpg,1,1,0.9987,0.0,0.0,0.0,4.309,0.57,4.561,0.226,9.882
FireSmokeVideoNEW31_f47_jpg.rf.23dcad470ad03987dfae09a9b9edcc7e.jpg,1,1,0.9985,0.0,0.0,0.0,3.017,0.916,4.562,0.216,8.927
FireSmokeVideoNEW31_f55_jpg.rf.9f756f8ea534a9ca9aee2b44e730e082.jpg,1,1,0.9982,0.0,0.0,0.0,3.042,0.512,4.577,0.223,8.573
FireSmokeVideoNEW31_f67_jpg.rf.a700eaa5299866ede9bbdf9be7b2a56b.jpg,1,1,0.8817,0.0,0.0,0.0,2.961,0.501,4.565,0.213,8.495
FireSmokeVideoNEW31_f86_jpg.rf.d0840f0493b5bd6f596350694d9a3715.jpg,1,1,0.9994,0.0,0.0,0.0,3.791,0.631,4.963,0.372,10.038
FireSmokeVideoNEW35_f10_jpg.rf.6594b28e06353a07284e2f3302fb5a0a.jpg,1,1,0.8851,0.0,0.0,0.0,3.188,0.501,4.563,0.214,8.682
FireSmokeVideoNEW35_f118_jpg.rf.12e980bcb7a3263b616167caaf3b29a0.jpg,1,1,0.5816,0.0,0.0,0.0,2.99,0.495,4.658,0.218,8.577
FireSmokeVideoNEW35_f122_jpg.rf.16f0e135a405be407794b5ae549f4301.jpg,1,0,0.9975,0.0,0.0,0.0,6.388,2.255,6.997,0.24,16.139
FireSmokeVideoNEW35_f14_jpg.rf.9822efb7cea5a93c34c4e22be1de699b.jpg,1,1,0.9606,0.0,0.0,0.0,3.398,0.471,4.641,0.238,8.971
FireSmokeVideoNEW35_f173_jpg.rf.deeced22196d23be062cbcc3b4891593.jpg,1,0,0.9855,0.0,0.0,0.0,3.887,0.546,4.523,0.271,9.454
FireSmokeVideoNEW35_f176_jpg.rf.d32791cdd927eee65063b56c6f5aff30.jpg,1,1,0.857,0.0,0.0,0.0,3.078,0.51,4.622,0.232,8.666
FireSmokeVideoNEW35_f180_jpg.rf.a9be809218a94fed76e493a34764822c.jpg,1,1,0.924,0.0,0.0,0.0,3.043,0.501,4.577,0.217,8.551
FireSmokeVideoNEW35_f203_jpg.rf.742030bca636ed9683686440d8fadd69.jpg,1,0,0.8965,0.0,0.0,0.0,3.007,0.507,4.65,0.225,8.603
FireSmokeVideoNEW35_f205_jpg.rf.b92e0f9847c66aa6d86bbf0c5a29f079.jpg,1,0,0.9925,0.0,0.0,0.0,4.068,0.555,4.643,0.235,9.726
FireSmokeVideoNEW35_f21_jpg.rf.9fdac7de0ff6d8162b6604963b09ea74.jpg,1,0,0.7384,0.0,0.0,0.0,3.745,0.511,6.496,0.242,11.213
FireSmokeVideoNEW35_f23_jpg.rf.d330dabc9f71e0a77eb73bb7d8dc480c.jpg,1,1,0.9976,0.0,0.0,0.0,3.369,0.506,4.763,0.272,9.134
FireSmokeVideoNEW35_f25_jpg.rf.d376bc16debc42e7282a4d7d99fa2698.jpg,1,1,0.9696,0.0,0.0,0.0,5.714,1.483,11.042,0.255,18.724
FireSmokeVideoNEW35_f27_jpg.rf.af038d7b62253e3b66b764f22d5421b4.jpg,1,1,0.9973,0.0,0.0,0.0,2.993,0.507,4.646,0.237,8.603
FireSmokeVideoNEW35_f32_jpg.rf.95311ade1067fa155762509fe0f2bebe.jpg,1,1,0.9749,0.0,0.0,0.0,3.215,0.552,4.625,0.234,8.858
FireSmokeVideoNEW35_f3_jpg.rf.d2060302e4ed461339a3a92d32dfddf4.jpg,1,0,0.5855,0.0,0.0,0.0,6.637,2.647,4.651,0.24,14.398
FireSmokeVideoNEW35_f4_jpg.rf.baf1ef1ca16bdaf535443c5e66bef147.jpg,1,1,0.7303,0.0,0.0,0.0,4.71,0.574,4.62,0.232,10.366
FireSmokeVideoNEW35_f62_jpg.rf.844252b9cbe891df62c59d058ed33588.jpg,1,1,0.9593,0.0,0.0,0.0,3.222,0.526,4.627,0.235,8.84
FireSmokeVideoNEW35_f6_jpg.rf.71fd2e537b6edaf6dc30e29fe1e4d4b3.jpg,1,0,0.8435,0.0,0.0,0.0,6.234,2.88,4.485,0.223,14.064
FireSmokeVideoNEW35_f77_jpg.rf.8a1940b7b15aea1c42fa0dfee03ec40a.jpg,1,0,0.8992,0.0,0.0,0.0,4.276,0.666,4.976,0.443,10.645
FireSmokeVideoNEW35_f81_jpg.rf.9d5e5f6c22b4e9bc17c660a1ada3ca23.jpg,1,0,0.9716,0.0,0.0,0.0,4.98,2.083,7.242,0.358,14.921
FireSmokeVideoNEW35_f87_jpg.rf.db9588772742238059a982e0c1fa6cae.jpg,1,1,0.8735,0.0,0.0,0.0,3.421,0.501,6.565,0.247,10.958
FireSmokeVideoNEW35_f91_jpg.rf.f6da1955af8a14bd82eff3b2d9bfdc45.jpg,1,0,0.7689,0.0,0.0,0.0,3.779,0.659,4.995,0.358,10.025
FireSmokeVideoNEW38_f10_jpg.rf.22df74a0785588255ea78153e2f436b4.jpg,1,0,0.9998,0.0,0.0,0.0,3.069,0.495,4.572,0.222,8.573
FireSmokeVideoNEW38_f15_jpg.rf.cb75043ebfbfb8e6ec8c04f58959d20f.jpg,1,1,0.9983,0.0,0.0,0.0,3.035,0.853,4.593,0.215,8.911
FireSmokeVideoNEW38_f17_jpg.rf.1646d3035bbf07bf0881df1f4abc2083.jpg,1,0,0.987,0.0,0.0,0.0,3.765,0.665,4.508,0.22,9.376
FireSmokeVideoNEW38_f40_jpg.rf.4c5b5f13191256490df75de68043deaa.jpg,1,0,0.9089,0.0,0.0,0.0,3.053,0.513,4.567,0.211,8.558
FireSmokeVideoNEW38_f43_jpg.rf.594a8c02951151bb6211e90cf62c11a4.jpg,1,0,1.0,0.0,0.0,0.0,3.024,0.515,4.57,0.278,8.599
FireSmokeVideoNEW38_f45_jpg.rf.078930b7aca6aff0ed4b6679f6b8451f.jpg,1,0,0.9999,0.0,0.0,0.0,3.055,0.499,4.571,0.208,8.544
FireSmokeVideoNEW38_f54_jpg.rf.972eae67925b5ecee5fbfb28c442d8d3.jpg,1,1,0.8792,0.0,0.0,0.0,5.993,2.769,5.648,0.373,15.161
FireSmokeVideoNEW38_f7_jpg.rf.c659a9acd380439d08ae6940744107ff.jpg,1,0,0.9976,0.0,0.0,0.0,3.958,2.758,8.97,0.263,16.192
FireSmokeVideoNEW3_f15_jpg.rf.1081b06a3c2748d83ac64669856e79b2.jpg,1,0,0.9969,0.0,0.0,0.0,3.987,0.598,4.625,0.218,9.661
FireSmokeVideoNEW3_f21_jpg.rf.f724885ceca326978ace0ffda40d9502.jpg,1,0,0.7094,0.0,0.0,0.0,3.387,0.523,4.581,0.212,8.917
FireSmokeVideoNEW3_f2_jpg.rf.e60be14df4808f7294fd069c36790326.jpg,1,0,0.9999,0.0,0.0,0.0,3.273,0.516,4.564,0.218,8.794
FireSmokeVideoNEW3_f3_jpg.rf.01b4621d8e3194f1d3fbbaeb1cc64806.jpg,1,0,0.994,0.0,0.0,0.0,3.391,0.54,4.61,0.208,8.968
FireSmokeVideoNEW40_f16_jpg.rf.102bef74efdc92efde85b02586cab97f.jpg,1,1,0.9922,0.0,0.0,0.0,3.344,0.525,4.622,0.224,8.935
FireSmokeVideoNEW40_f18_jpg.rf.19806f837916e1673c74c9bbcd924cd7.jpg,1,1,0.6984,0.0,0.0,0.0,3.47,0.54,4.66,0.232,9.133
FireSmokeVideoNEW40_f1_jpg.rf.f77eee4e7a13d1f27e173db990f994ce.jpg,1,1,0.9952,0.0,0.0,0.0,3.974,1.867,4.784,0.264,11.136
FireSmokeVideoNEW40_f21_jpg.rf.6f5b514f8bfc06ba7d6cd4bb70180881.jpg,1,1,0.9747,0.0,0.0,0.0,4.012,0.874,4.644,0.236,10.098
FireSmokeVideoNEW40_f23_jpg.rf.8f33e997b3b48e9f166e42b8aef89256.jpg,1,1,0.9294,0.0,0.0,0.0,3.707,0.527,4.531,0.235,9.227
FireSmokeVideoNEW40_f2_jpg.rf.7b59cc53447b7dfd356e30de13e4413a.jpg,1,1,0.9969,0.0,0.0,0.0,3.242,0.518,4.581,0.224,8.843
FireSmokeVideoNEW40_f37_jpg.rf.d988e41b08831d2451907fa03ce84a58.jpg,1,1,0.5356,0.0,0.0,0.0,3.679,0.568,4.636,0.236,9.349
FireSmokeVideoNEW40_f4_jpg.rf.fe367aa5fbdc677e7650ba3741527964.jpg,1,1,0.8948,0.0,0.0,0.0,3.807,2.568,4.562,0.219,11.368
FireSmokeVideoNEW40_f6_jpg.rf.474d4d3f3a86310484fe42ba756e67f8.jpg,1,1,0.938,0.0,0.0,0.0,3.651,0.518,4.656,0.218,9.265
FireSmokeVideoNEW40_f8_jpg.rf.f81401ca14dbf9768eef7ef78497b6a5.jpg,1,1,0.9993,0.0,0.0,0.0,3.911,2.474,4.434,0.21,11.243
FireSmokeVideoNEW42_f27_jpg.rf.99252134062c904aa86fb6321910e066.jpg,1,1,1.0,0.0,0.0,0.0,3.616,0.508,4.573,0.218,9.136
FireSmokeVideoNEW42_f29_jpg.rf.b1fd27c83a9ab38250c7d1aecc5ed389.jpg,1,1,1.0,0.0,0.0,0.0,4.077,2.118,7.454,0.43,14.409
FireSmokeVideoNEW42_f31_jpg.rf.eec1b63f9169e7e850712e19316f4dba.jpg,1,1,0.9828,0.0,0.0,0.0,3.659,0.514,6.592,0.239,11.232
FireSmokeVideoNEW43_f0_jpg.rf.c803d42e9dfcc0f184208a6cfc607558.jpg,1,0,0.6278,0.0,0.0,0.0,5.044,1.323,4.659,0.239,11.496
FireSmokeVideoNEW43_f119_jpg.rf.2fc8b2a7ad67c33e71458f4836ca2d95.jpg,1,1,0.9336,0.0,0.0,0.0,3.49,0.912,5.14,0.243,10.016
FireSmokeVideoNEW43_f135_jpg.rf.63707d9b182d93572f75219705eccf0c.jpg,1,1,0.9978,0.0,0.0,0.0,4.17,0.946,4.652,0.236,10.235
FireSmokeVideoNEW43_f151_jpg.rf.24f576fa225a18abda7a2fd239f10b85.jpg,1,1,0.9994,0.0,0.0,0.0,4.034,0.52,4.644,0.237,9.672
FireSmokeVideoNEW43_f1_jpg.rf.2310e3c5fe9e5383612f329bff47eaa8.jpg,1,1,0.9999,0.0,0.0,0.0,3.285,0.52,4.58,0.214,8.825
FireSmokeVideoNEW43_f46_jpg.rf.d63e0607fd5c8d3d4dbbcd7636402655.jpg,1,1,0.9794,0.0,0.0,0.0,3.231,0.549,4.579,0.213,8.797
FireSmokeVideoNEW43_f58_jpg.rf.b3d534991846f7f0c3be9c8fbd069b26.jpg,1,1,0.9937,0.0,0.0,0.0,5.962,1.645,7.049,0.458,15.356
FireSmokeVideoNEW43_f62_jpg.rf.82ed45487cee94fee922be6cd05861a5.jpg,1,1,0.6936,0.0,0.0,0.0,3.62,0.951,4.831,0.396,10.027
FireSmokeVideoNEW43_f6_jpg.rf.28701c4a24bdca1bdda4665b2073487c.jpg,1,0,0.9998,0.0,0.0,0.0,3.179,0.495,4.585,0.215,8.682
FireSmokeVideoNEW43_f7_jpg.rf.4b141a903f849b42edc219e447f6ea6f.jpg,1,0,0.9768,0.0,0.0,0.0,3.168,0.5,4.571,0.272,8.724
FireSmokeVideoNEW43_f93_jpg.rf.4bb70f866badfb4bf186f497a8e15dde.jpg,1,1,0.9383,0.0,0.0,0.0,3.136,0.497,4.556,0.223,8.62
FireSmokeVideoNEW44_f10_jpg.rf.1a099b11831ea324b86b7db6aad4e190.jpg,1,1,0.9997,0.0,0.0,0.0,3.545,0.519,4.598,0.234,9.118
FireSmokeVideoNEW44_f12_jpg.rf.287d396056e5d666fc90652fd12aa11b.jpg,1,1,0.9991,0.0,0.0,0.0,3.217,0.516,4.639,0.241,8.837
FireSmokeVideoNEW44_f1_jpg.rf.8fd84f8ede5e0d1b75fb66a03c104345.jpg,1,1,0.9999,0.0,0.0,0.0,2.947,0.554,4.597,0.224,8.545
FireSmokeVideoNEW44_f29_jpg.rf.90948668219ca6b432c4311b3d1fe87d.jpg,1,1,0.9999,0.0,0.0,0.0,2.948,0.638,4.647,0.222,8.673
FireSmokeVideoNEW44_f3_jpg.rf.09b7b07d778ccfbf1aa1d5fd7ab2a489.jpg,1,1,1.0,0.0,0.0,0.0,4.068,0.544,4.563,0.218,9.644
FireSmokeVideoNEW44_f4_jpg.rf.50365b4aea4174a756f3a56fcd6fef37.jpg,1,1,0.9999,0.0,0.0,0.0,4.225,2.745,5.371,0.331,12.922
FireSmokeVideoNEW44_f6_jpg.rf.2d73e91d9b13ec8a2435bae47319d708.jpg,1,1,0.9998,0.0,0.0,0.0,4.03,1.509,4.564,0.223,10.549
FireSmokeVideoNEW44_f8_jpg.rf.95a1c81618934dd120a2b651a50fac00.jpg,1,1,0.9995,0.0,0.0,0.0,3.282,2.15,4.866,0.303,10.892
FireSmokeVideoNEW47_f40_jpg.rf.5f060801803bc643ec5f695fee43e04f.jpg,1,0,0.9999,0.0,0.0,0.0,3.227,0.568,4.589,0.216,8.826
FireSmokeVideoNEW47_f43_jpg.rf.cf493df141371b9522d667079baaa29b.jpg,1,0,0.9942,0.0,0.0,0.0,3.392,0.531,4.578,0.217,8.943
FireSmokeVideoNEW49_f11_jpg.rf.5ef9296295f4d96310d8ad6cd7ce240d.jpg,1,1,0.9681,0.0,0.0,0.0,3.295,0.538,4.51,0.218,8.787
FireSmokeVideoNEW49_f15_jpg.rf.315f582ceebe30dd42fc7f8cff62b979.jpg,1,1,0.9445,0.0,0.0,0.0,4.303,3.101,4.52,0.233,12.391
FireSmokeVideoNEW49_f18_jpg.rf.08625a6c3f2100b04902eabe25650d45.jpg,1,0,0.701,0.0,0.0,0.0,3.673,0.63,4.587,0.224,9.335
FireSmokeVideoNEW49_f2_jpg.rf.72cea76bc326a10997d80a46a3ce5040.jpg,1,0,0.9994,0.0,0.0,0.0,3.592,0.536,4.603,0.218,9.17
FireSmokeVideoNEW49_f31_jpg.rf.b59bbd3f29e6d6b839434a3a209d61a8.jpg,1,0,1.0,0.0,0.0,0.0,4.046,2.162,4.87,0.296,11.655
FireSmokeVideoNEW49_f3_jpg.rf.185decf90ce201424a98f907394f8c41.jpg,1,0,0.999,0.0,0.0,0.0,4.941,0.552,4.644,0.23,10.596
FireSmokeVideoNEW49_f58_jpg.rf.4e365c8a4b1900a66a4213a5eaf063e3.jpg,1,1,0.9012,0.0,0.0,0.0,3.497,0.746,4.648,0.24,9.362
FireSmokeVideoNEW49_f6_jpg.rf.11a50cad8492926d357ba9778e6ed649.jpg,1,0,0.999,0.0,0.0,0.0,3.6,0.531,4.65,0.262,9.279
FireSmokeVideoNEW49_f8_jpg.rf.2761b9d61846feba13cac2d062a252f4.jpg,1,0,0.8361,0.0,0.0,0.0,3.304,0.519,4.569,0.218,8.826
FireSmokeVideoNEW4_f100_jpg.rf.7ad1d0ad84e3ca0e958dd7071581656a.jpg,1,0,0.9893,0.0,0.0,0.0,3.623,0.525,4.632,0.229,9.232
FireSmokeVideoNEW4_f12_jpg.rf.d12325c895ff0c668c6a9eedfd00ba52.jpg,1,1,0.9999,0.0,0.0,0.0,3.935,0.527,4.441,0.214,9.333
FireSmokeVideoNEW4_f13_jpg.rf.01a9bf3d024f7529b6e8c2a06a817604.jpg,1,1,0.9929,0.0,0.0,0.0,3.255,0.521,4.569,0.212,8.777
FireSmokeVideoNEW4_f15_jpg.rf.3fb8f4b1612aca11f76ffddb8151aa4b.jpg,1,1,0.9928,0.0,0.0,0.0,3.296,0.528,4.577,0.264,8.891
FireSmokeVideoNEW4_f165_jpg.rf.4ee0f69baae7ce220e922f215fb6edac.jpg,1,0,0.7502,0.0,0.0,0.0,3.223,0.637,6.754,0.275,11.114
FireSmokeVideoNEW4_f221_jpg.rf.88b5d675e9d564b0b24ab37bd0fcf432.jpg,1,0,0.9942,0.0,0.0,0.0,3.339,0.53,6.456,0.247,10.802
FireSmokeVideoNEW4_f223_jpg.rf.12dd131ba3912381ce3626066fe68f66.jpg,1,0,0.9998,0.0,0.0,0.0,4.187,0.876,4.575,0.222,10.081
FireSmokeVideoNEW4_f239_jpg.rf.29ab8fba092fed08b3ebd8790066b5ee.jpg,1,1,0.9979,0.0,0.0,0.0,3.332,0.517,4.683,0.218,8.974
FireSmokeVideoNEW4_f70_jpg.rf.0ec10a95d83c76b8700d0fb944968dee.jpg,1,0,0.9987,0.0,0.0,0.0,3.303,0.517,4.58,0.218,8.835
FireSmokeVideoNEW4_f84_jpg.rf.247fd431e9365939a31d6aef5a7ac968.jpg,1,1,0.9971,0.0,0.0,0.0,3.636,0.515,4.557,0.217,9.182
FireSmokeVideoNEW50_f10_jpg.rf.d3646ae84ac48a36362c6a6dd009147f.jpg,1,1,1.0,0.0,0.0,0.0,3.729,0.775,4.558,0.22,9.51
FireSmokeVideoNEW50_f2_jpg.rf.bc12bfdd4a1f9c0b86e8552fd512e758.jpg,1,1,1.0,0.0,0.0,0.0,4.025,2.492,4.814,0.287,11.875
FireSmokeVideoNEW50_f5_jpg.rf.3029f1d118e09c470767a7e262ca607e.jpg,1,1,1.0,0.0,0.0,0.0,3.068,0.712,4.591,0.255,8.843
FireSmokeVideoNEW50_f63_jpg.rf.d6b79638d748b7db365c164660df69d5.jpg,1,1,0.9999,0.0,0.0,0.0,3.627,1.787,4.663,0.24,10.544
FireSmokeVideoNEW50_f67_jpg.rf.9e7991ed3b82ce54f2a2d9586f9faf4b.jpg,1,1,1.0,0.0,0.0,0.0,3.586,1.128,4.514,0.234,9.686
FireSmokeVideoNEW50_f7_jpg.rf.19d6efa8c83f194ffb376a4a92f4f6f7.jpg,1,1,1.0,0.0,0.0,0.0,3.92,0.504,4.566,0.237,9.443
FireSmokeVideoNEW51_f17_jpg.rf.9f7842f199026aea160bdeb040f718d8.jpg,1,1,0.9999,0.0,0.0,0.0,3.965,1.252,4.536,0.237,10.22
FireSmokeVideoNEW51_f20_jpg.rf.7081febf27c70a1048a3dd6929c35be7.jpg,1,1,0.9999,0.0,0.0,0.0,3.583,0.561,4.667,0.234,9.274
FireSmokeVideoNEW51_f28_jpg.rf.48cfd45dadc8564becc83f554de68fd7.jpg,1,1,1.0,0.0,0.0,0.0,3.232,0.57,10.107,0.409,14.542
FireSmokeVideoNEW51_f31_jpg.rf.b1fce11800be6ffe6220fbc9ebfd115a.jpg,1,1,1.0,0.0,0.0,0.0,4.181,0.734,5.608,0.356,11.204
FireSmokeVideoNEW51_f38_jpg.rf.a0c590f3d00cd2d603a5da732c52f004.jpg,1,1,1.0,0.0,0.0,0.0,6.238,0.719,5.21,0.235,12.715
FireSmokeVideoNEW51_f45_jpg.rf.e8857c8dc3aeb5fa4a28b021cacadfc9.jpg,1,1,0.9948,0.0,0.0,0.0,4.268,0.506,4.637,0.239,9.869
FireSmokeVideoNEW52_f117_jpg.rf.4c2486100b798b321e83516cabc9b952.jpg,1,1,0.7457,0.0,0.0,0.0,5.332,1.309,7.68,0.25,14.952
FireSmokeVideoNEW52_f25_jpg.rf.70fc20b927b70fdef1c6b38b0bd91294.jpg,1,0,0.8641,0.0,0.0,0.0,3.451,1.113,4.644,0.233,9.668
FireSmokeVideoNEW52_f27_jpg.rf.8ca5ff396c7c6b4e7b3c6caa73dd58c5.jpg,1,0,0.9977,0.0,0.0,0.0,3.021,0.508,4.655,0.22,8.613
FireSmokeVideoNEW52_f48_jpg.rf.110f8a1d937dabd86246058d3abe0334.jpg,1,1,0.9977,0.0,0.0,0.0,3.037,0.505,4.547,0.215,8.515
FireSmokeVideoNEW52_f56_jpg.rf.4cfea41c17ca8e75d0a847bc08a45843.jpg,1,1,0.9972,0.0,0.0,0.0,3.138,0.495,4.432,0.254,8.531
FireSmokeVideoNEW52_f73_jpg.rf.42f03c3bd3633b39a37dbfa5012e3be6.jpg,1,1,0.9982,0.0,0.0,0.0,3.888,0.504,4.567,0.21,9.384
FireSmokeVideoNEW52_f86_jpg.rf.059741169bf547d1257c50b3c141b680.jpg,1,1,0.9999,0.0,0.0,0.0,3.046,0.502,4.559,0.208,8.527
FireSmokeVideoNEW55_f115_jpg.rf.d1ae9b75ffb1fc11f07252ac292e6431.jpg,1,1,1.0,0.0,0.0,0.0,3.087,0.503,4.638,0.231,8.677
FireSmokeVideoNEW55_f152_jpg.rf.b66429422c18048f82abc66f57384df3.jpg,1,1,1.0,0.0,0.0,0.0,3.999,1.274,4.706,0.256,10.539
FireSmokeVideoNEW55_f154_jpg.rf.74673752682094de5a6b34378ff0e89b.jpg,1,1,0.9999,0.0,0.0,0.0,5.343,2.749,7.392,0.234,16.067
FireSmokeVideoNEW55_f25_jpg.rf.b8f388962343ad7c62262e3120adfef6.jpg,1,1,0.9999,0.0,0.0,0.0,4.534,2.637,5.365,0.339,13.192
FireSmokeVideoNEW55_f33_jpg.rf.6dfe5220f8b8395651f23aab7782d716.jpg,1,1,0.9999,0.0,0.0,0.0,3.997,0.526,4.881,0.325,9.96
FireSmokeVideoNEW55_f35_jpg.rf.b1ba09ffc4711f7e00d1f2f9040ed460.jpg,1,1,0.9997,0.0,0.0,0.0,3.25,0.522,4.575,0.222,8.792
FireSmokeVideoNEW55_f39_jpg.rf.bda21bfaa7b58bf9e44f57e04a068571.jpg,1,1,1.0,0.0,0.0,0.0,4.213,0.52,4.584,0.219,9.762
FireSmokeVideoNEW55_f50_jpg.rf.7e57e6c280e07b130928e7b766f59d72.jpg,1,1,0.9999,0.0,0.0,0.0,4.361,1.633,4.537,0.235,10.999
FireSmokeVideoNEW55_f64_jpg.rf.8ddb32c3be6ac4b80833b38834ad0018.jpg,1,1,1.0,0.0,0.0,0.0,3.985,0.52,4.559,0.214,9.5
FireSmokeVideoNEW55_f66_jpg.rf.1d537844825b5588928eb942a09d8b55.jpg,1,1,1.0,0.0,0.0,0.0,4.83,0.83,4.584,0.219,10.688
FireSmokeVideoNEW55_f72_jpg.rf.9f614fd81f654f89a0f07ee8c0bf03c0.jpg,1,1,1.0,0.0,0.0,0.0,3.126,1.506,4.624,0.233,9.719
FireSmokeVideoNEW55_f74_jpg.rf.353677df9beecc811dd207738524b80a.jpg,1,1,1.0,0.0,0.0,0.0,4.371,1.675,4.58,0.282,11.151
FireSmokeVideoNEW55_f90_jpg.rf.eaac7ac5a298d9e3c459041ceaf40eef.jpg,1,1,1.0,0.0,0.0,0.0,4.106,2.74,4.487,0.219,11.785
FireSmokeVideoNEW55_f93_jpg.rf.3d60ab78d80b5cba8cadfcfe07d71f34.jpg,1,1,1.0,0.0,0.0,0.0,3.745,0.827,4.556,0.219,9.56
FireSmokeVideoNEW55_f99_jpg.rf.2e8135bbbea4c4f8608077c3d23b9b79.jpg,1,1,1.0,0.0,0.0,0.0,2.962,0.499,4.635,0.223,8.528
FireSmokeVideoNEW58_f10_jpg.rf.34642e8d6104c2cf111d96077f69f349.jpg,1,0,0.9987,0.0,0.0,0.0,3.057,0.518,4.558,0.214,8.557
FireSmokeVideoNEW58_f23_jpg.rf.7aa1922cfe5c0a987bc27e57c9cdee43.jpg,1,1,1.0,0.0,0.0,0.0,2.987,0.506,4.567,0.227,8.504
FireSmokeVideoNEW58_f25_jpg.rf.d2ede85b72b2e3e02c208a61074c897d.jpg,1,1,1.0,0.0,0.0,0.0,3.095,0.522,4.655,0.24,8.735
FireSmokeVideoNEW58_f2_jpg.rf.03e2a75bb1afb651cd8cf3315930f183.jpg,1,1,1.0,0.0,0.0,0.0,2.959,0.585,4.587,0.227,8.581
FireSmokeVideoNEW58_f7_jpg.rf.ca1e260c76e65133a009208a47475de2.jpg,1,1,1.0,0.0,0.0,0.0,3.802,0.537,4.584,0.219,9.361
FireSmokeVideoNEW5_f1_jpg.rf.fc8b943c1d95d048b71778ab67928710.jpg,1,1,0.6094,0.0,0.0,0.0,3.479,1.436,4.638,0.25,10.04
FireSmokeVideoNEW5_f24_jpg.rf.27b2c054ee3691848ce763832ed16dc3.jpg,1,1,1.0,0.0,0.0,0.0,4.155,2.797,5.026,0.386,12.631
FireSmokeVideoNEW5_f2_jpg.rf.2936e138aa616aa14219f359f8debd81.jpg,1,1,0.7861,0.0,0.0,0.0,3.73,2.503,4.558,0.221,11.221
FireSmokeVideoNEW5_f3_jpg.rf.45d4850aa6d9b9bb8f9d3afbc0c6d3a5.jpg,1,0,0.7323,0.0,0.0,0.0,4.32,0.566,4.874,0.36,10.434
FireSmokeVideoNEW5_f5_jpg.rf.60be1f9ed53ebbff57a6e62e52522e8e.jpg,1,1,0.9586,0.0,0.0,0.0,3.285,0.514,4.608,0.239,8.871
FireSmokeVideoNEW5_f8_jpg.rf.e335bc657b7862165884e0f8e6fa86d2.jpg,1,1,0.9836,0.0,0.0,0.0,3.536,0.571,4.661,0.233,9.237
FireSmokeVideoNEW60_f12_jpg.rf.9ee600591abbeb4a4d576b27a8b8534c.jpg,1,1,1.0,0.0,0.0,0.0,3.31,0.516,4.643,0.233,8.931
FireSmokeVideoNEW60_f38_jpg.rf.81f0837c96882d66a37c9c077e080238.jpg,1,1,1.0,0.0,0.0,0.0,3.297,0.52,4.582,0.227,8.854
FireSmokeVideoNEW60_f46_jpg.rf.961c2dcbda93abfb50002758e070b5bf.jpg,1,1,1.0,0.0,0.0,0.0,3.927,2.661,4.454,0.21,11.472
FireSmokeVideoNEW60_f48_jpg.rf.388f14f791f28de8e5b12b7f2c854282.jpg,1,1,1.0,0.0,0.0,0.0,3.622,0.965,4.657,0.236,9.711
FireSmokeVideoNEW60_f51_jpg.rf.2468377187eec51e2eecea3d65330d9f.jpg,1,1,1.0,0.0,0.0,0.0,6.683,1.522,7.038,0.24,15.724
FireSmokeVideoNEW60_f53_jpg.rf.e5daa42d0db75cd635b04588a59731ae.jpg,1,1,1.0,0.0,0.0,0.0,3.697,0.525,6.688,0.25,11.39
FireSmokeVideoNEW60_f55_jpg.rf.e7c05e6be084452e955cb31822b2da71.jpg,1,1,1.0,0.0,0.0,0.0,6.099,2.66,4.997,0.257,14.332
FireSmokeVideoNEW60_f58_jpg.rf.6d1442fd8ba37afa5c47043a5cc629e0.jpg,1,1,1.0,0.0,0.0,0.0,4.092,0.56,4.607,0.211,9.698
FireSmokeVideoNEW60_f5_jpg.rf.aa5a968f6e31f82dcc3487faa9615c6d.jpg,1,1,1.0,0.0,0.0,0.0,4.171,1.229,5.308,0.346,11.347
FireSmokeVideoNEW60_f64_jpg.rf.b96c38426b1e25a56f10f7817118c56a.jpg,1,1,1.0,0.0,0.0,0.0,3.398,0.503,4.634,0.295,9.048
FireSmokeVideoNEW60_f69_jpg.rf.532d6f1cf55d06ded7d5e4243b6535b5.jpg,1,1,1.0,0.0,0.0,0.0,3.168,0.526,4.634,0.238,8.782
FireSmokeVideoNEW60_f70_jpg.rf.865c91bc35778ec0bbe24559b9f2c81d.jpg,1,1,1.0,0.0,0.0,0.0,3.136,0.496,4.625,0.225,8.728
FireSmokeVideoNEW60_f75_jpg.rf.b914a4abfea9b61f512996d147ec0ca3.jpg,1,1,1.0,0.0,0.0,0.0,5.658,3.156,7.21,0.351,17.614
FireSmokeVideoNEW60_f9_jpg.rf.9c8beb518c921372991999ac1c49e40c.jpg,1,1,1.0,0.0,0.0,0.0,3.466,0.507,4.941,0.26,9.388
FireSmokeVideoNEW65_f117_jpg.rf.1bbdd4f95a006a3b6b1f27ef5f536866.jpg,1,1,0.9979,0.0,0.0,0.0,4.628,0.498,4.539,0.243,10.115
FireSmokeVideoNEW65_f11_jpg.rf.50cd474bf007c757d8bc138479805020.jpg,1,1,0.949,0.0,0.0,0.0,4.219,0.495,4.536,0.213,9.672
FireSmokeVideoNEW65_f12_jpg.rf.aa5bbc87c3e07da06a59f895f606509f.jpg,1,1,0.9899,0.0,0.0,0.0,4.511,0.54,7.427,0.261,12.953
FireSmokeVideoNEW65_f14_jpg.rf.87c95776046ba5dabfc6ff1a147df6bd.jpg,1,1,0.6528,0.0,0.0,0.0,4.175,0.836,4.643,0.234,10.114
FireSmokeVideoNEW65_f1_jpg.rf.c3cc440dc95f4454fc091247861e6caa.jpg,1,1,0.9634,0.0,0.0,0.0,3.148,0.492,4.551,0.216,8.617
FireSmokeVideoNEW65_f40_jpg.rf.25e48681a4a80d3e5a7c2d5ef33493ab.jpg,1,0,0.617,0.0,0.0,0.0,4.434,1.636,4.636,0.23,11.151
FireSmokeVideoNEW65_f46_jpg.rf.4217997f473ffe7da24315de5aaece67.jpg,1,1,0.5784,0.0,0.0,0.0,6.187,3.0,5.826,0.475,15.754
FireSmokeVideoNEW65_f50_jpg.rf.d61341ea9e88e5ed5acc90a3297a851a.jpg,1,0,0.6039,0.0,0.0,0.0,3.911,1.431,4.581,0.235,10.384
FireSmokeVideoNEW65_f5_jpg.rf.3441cd75841d6f97430310c78b39d6fa.jpg,1,1,0.9718,0.0,0.0,0.0,4.225,0.517,6.499,0.237,11.696
FireSmokeVideoNEW65_f73_jpg.rf.4766aec0b5f45ce3be112ecf3dd68757.jpg,1,0,0.999,0.0,0.0,0.0,3.799,0.524,4.599,0.234,9.373
FireSmokeVideoNEW65_f79_jpg.rf.713d994f59767ed9bf9a3cd2b5854501.jpg,1,0,0.9968,0.0,0.0,0.0,5.759,0.539,4.641,0.243,11.445
FireSmokeVideoNEW65_f88_jpg.rf.95d2b25d237ff418711f21e2e2614bf8.jpg,1,0,0.9955,0.0,0.0,0.0,3.314,0.518,4.619,0.236,8.914
FireSmokeVideoNEW66_f14_jpg.rf.482cb0050ef9c8c8a0a968b3943b7694.jpg,1,1,0.9995,0.0,0.0,0.0,3.317,0.529,4.588,0.285,8.947
FireSmokeVideoNEW66_f5_jpg.rf.7cb799fabf2d42e0a4f065497d86d27d.jpg,1,1,0.9988,0.0,0.0,0.0,3.88,0.589,4.448,0.219,9.366
FireSmokeVideoNEW68_f0_jpg.rf.c6033aa3afcd43addcf5723dc3d55109.jpg,1,0,0.9966,0.0,0.0,0.0,3.408,0.565,4.625,0.255,9.083
FireSmokeVideoNEW68_f18_jpg.rf.9d0cd9f0cd43165e76a7e897d52688bc.jpg,1,0,0.9962,0.0,0.0,0.0,4.299,2.479,6.348,0.286,13.674
FireSmokeVideoNEW68_f23_jpg.rf.423c2e6022e5b48f02d1d5bd1b4ce56d.jpg,1,0,0.7113,0.0,0.0,0.0,4.533,0.511,4.543,0.235,10.056
FireSmokeVideoNEW68_f2_jpg.rf.b0f36b8ac9a557cbc6240b67da533458.jpg,1,0,0.9867,0.0,0.0,0.0,3.254,0.526,4.577,0.219,8.8
FireSmokeVideoNEW68_f36_jpg.rf.9ed01aedaae56ff44ba333675646ba74.jpg,1,1,0.9978,0.0,0.0,0.0,4.472,0.762,5.12,0.356,10.995
FireSmokeVideoNEW68_f3_jpg.rf.2bb13b31cfa6035877e0e84c4f1b37d0.jpg,1,0,0.8849,0.0,0.0,0.0,3.846,0.51,4.605,0.241,9.416
FireSmokeVideoNEW68_f7_jpg.rf.20a675000fe1db7e2751fdfe45ce1a71.jpg,1,1,0.9953,0.0,0.0,0.0,3.967,0.534,4.607,0.213,9.549
FireSmokeVideoNEW68_f9_jpg.rf.cadca7ef759f84b188f1561c1cd133ef.jpg,1,1,0.9213,0.0,0.0,0.0,5.066,0.548,4.567,0.22,10.617
FireSmokeVideoNEW69_f14_jpg.rf.8564b48b288a119d4cd9a5e80bf10c47.jpg,1,1,1.0,0.0,0.0,0.0,5.189,0.538,4.649,0.242,10.877
FireSmokeVideoNEW69_f1_jpg.rf.9e44b871ec373d8efeac083f49c5f705.jpg,1,1,1.0,0.0,0.0,0.0,3.608,0.549,4.466,0.222,9.072
FireSmokeVideoNEW69_f22_jpg.rf.862ea9c76eec91567d9221b2a755959d.jpg,1,1,1.0,0.0,0.0,0.0,3.681,2.57,4.906,0.3,11.697
FireSmokeVideoNEW69_f24_jpg.rf.e26bbf96d54ff4c6de836ba7e204c604.jpg,1,1,0.9999,0.0,0.0,0.0,4.739,0.566,4.557,0.238,10.335
FireSmokeVideoNEW69_f28_jpg.rf.5954fde5f89bf91ae38eb2261df37169.jpg,1,1,1.0,0.0,0.0,0.0,3.255,0.567,4.589,0.219,8.848
FireSmokeVideoNEW69_f33_jpg.rf.110cfd07f30bb04df887e4535ddd2a45.jpg,1,1,0.9997,0.0,0.0,0.0,3.429,0.533,4.644,0.234,9.074
FireSmokeVideoNEW69_f4_jpg.rf.cef4a8aaba081738c8f28ec5cb491daf.jpg,1,1,1.0,0.0,0.0,0.0,3.752,2.683,4.622,0.262,11.544
FireSmokeVideoNEW69_f8_jpg.rf.753be5b79184e5298e5828093e65739e.jpg,1,1,1.0,0.0,0.0,0.0,5.713,2.708,5.583,0.345,14.717
FireSmokeVideoNEW6_f26_jpg.rf.5fc336666efe2dea8e0559f2c13862d5.jpg,1,0,1.0,0.0,0.0,0.0,3.618,0.535,4.725,0.232,9.342
FireSmokeVideoNEW71_f1_jpg.rf.595d2b88d2c2f78a56d269ef66bb4297.jpg,1,1,0.762,0.0,0.0,0.0,3.291,0.905,4.632,0.237,9.33
FireSmokeVideoNEW71_f2_jpg.rf.2db0e0efbeb737f7bf96e673cf0dede3.jpg,1,0,0.6818,0.0,0.0,0.0,3.372,0.71,4.643,0.236,9.219
FireSmokeVideoNEW71_f4_jpg.rf.d22912ef5fd0628194172fd48f29fe54.jpg,1,1,0.9837,0.0,0.0,0.0,3.578,0.589,4.642,0.248,9.297
FireSmokeVideoNEW71_f6_jpg.rf.a50cdf04986e472627204f7ec4b5f5a6.jpg,1,1,1.0,0.0,0.0,0.0,4.055,2.072,8.634,0.237,15.232
FireSmokeVideoNEW72_f11_jpg.rf.ad5313a830b6d7fee0b6c8f0c56061c3.jpg,1,1,0.5476,0.0,0.0,0.0,4.356,0.571,4.647,0.217,10.001
FireSmokeVideoNEW72_f13_jpg.rf.d058cce69315377b7eadf9b7398179cb.jpg,1,1,0.5864,0.0,0.0,0.0,6.501,0.954,4.634,0.232,12.547
FireSmokeVideoNEW72_f17_jpg.rf.d570def4b06c76e6cd8e89118bff7fc1.jpg,1,1,0.9793,0.0,0.0,0.0,4.282,0.552,4.576,0.22,9.843
FireSmokeVideoNEW72_f22_jpg.rf.9619fa123844ddde152c20ddf323bb0d.jpg,1,1,0.9752,0.0,0.0,0.0,3.093,0.535,4.479,0.222,8.55
FireSmokeVideoNEW72_f33_jpg.rf.498d88ae9e2e3fb1e7ec250d119eab2f.jpg,1,1,0.9971,0.0,0.0,0.0,3.077,0.612,4.616,0.221,8.738
FireSmokeVideoNEW72_f43_jpg.rf.c3616a9cece886241f5d31d681cf3b82.jpg,1,1,0.8582,0.0,0.0,0.0,3.032,0.507,4.567,0.214,8.538
FireSmokeVideoNEW72_f49_jpg.rf.fea0e91163420323b138beb4c050855b.jpg,1,1,0.9811,0.0,0.0,0.0,3.015,0.514,4.559,0.217,8.52
FireSmokeVideoNEW72_f62_jpg.rf.6edd68c72b3f5912c3f1bf1213e016e0.jpg,1,1,0.6696,0.0,0.0,0.0,3.055,0.565,4.585,0.286,8.709
FireSmokeVideoNEW72_f65_jpg.rf.ff3c8aafe556db2e560fe50f230391b3.jpg,1,0,0.9054,0.0,0.0,0.0,4.115,2.618,4.504,0.222,11.699
FireSmokeVideoNEW72_f75_jpg.rf.62c9abfdcae23779e7dc701529aaf536.jpg,1,1,0.9501,0.0,0.0,0.0,3.296,0.506,6.498,0.249,10.764
FireSmokeVideoNEW72_f7_jpg.rf.7c62522f90506aa1728fe65b914acf7c.jpg,1,0,0.9874,0.0,0.0,0.0,4.843,0.503,4.554,0.218,10.329
FireSmokeVideoNEW74_f21_jpg.rf.c0f9fb0f3f221779c24897948f4ec8d7.jpg,1,1,0.9965,0.0,0.0,0.0,2.911,0.944,4.566,0.215,8.851
FireSmokeVideoNEW74_f24_jpg.rf.66168d8081eda452714a8c8f07bbdcd8.jpg,1,1,0.9985,0.0,0.0,0.0,5.062,0.544,4.67,0.235,10.736
FireSmokeVideoNEW74_f26_jpg.rf.345c458b97028004ad0acae920cae7b6.jpg,1,1,0.9989,0.0,0.0,0.0,3.406,0.688,4.637,0.235,9.218
FireSmokeVideoNEW74_f30_jpg.rf.59c54e77e2c7cc4c68af58a2a5390808.jpg,1,1,0.9844,0.0,0.0,0.0,3.104,0.545,4.624,0.24,8.741
FireSmokeVideoNEW74_f32_jpg.rf.4ac20702db05eeec56186d73cbca8766.jpg,1,1,0.9999,0.0,0.0,0.0,3.64,2.253,4.661,0.233,11.073
FireSmokeVideoNEW74_f34_jpg.rf.d9724abb9bfaa342616f6c01948fea7f.jpg,1,1,0.9999,0.0,0.0,0.0,3.142,0.501,4.642,0.232,8.741
FireSmokeVideoNEW74_f36_jpg.rf.fcbb11b2075d8d9f4dbf6e326a0320dc.jpg,1,1,1.0,0.0,0.0,0.0,5.535,1.465,6.337,0.282,14.087
FireSmokeVideoNEW74_f38_jpg.rf.18ff7f74a408a680122d645d40591e9a.jpg,1,1,1.0,0.0,0.0,0.0,3.873,0.487,4.546,0.24,9.373
FireSmokeVideoNEW74_f41_jpg.rf.a6c359519d19b8ed61be5ff17839f197.jpg,1,1,0.9999,0.0,0.0,0.0,3.3,0.503,4.454,0.22,8.694
FireSmokeVideoNEW74_f43_jpg.rf.d00bcca3fb8e0a6d10644bc0b3bd41eb.jpg,1,1,0.9999,0.0,0.0,0.0,3.328,2.442,4.55,0.218,10.756
FireSmokeVideoNEW74_f47_jpg.rf.015888a3b5629ef1c46d1f31c1046ab6.jpg,1,1,0.9947,0.0,0.0,0.0,3.658,0.624,4.361,0.234,9.104
FireSmokeVideoNEW74_f4_jpg.rf.bcdd36ff2e50cd106574eb5718448952.jpg,1,1,0.9995,0.0,0.0,0.0,3.329,0.583,4.642,0.238,9.02
FireSmokeVideoNEW74_f53_jpg.rf.5efb2429584d39e2b2a1a49a423fae0c.jpg,1,1,0.9994,0.0,0.0,0.0,3.67,0.514,4.525,0.235,9.178
FireSmokeVideoNEW74_f58_jpg.rf.c150e91787c7f8a20f332da7927e8783.jpg,1,1,0.9999,0.0,0.0,0.0,3.328,0.514,4.558,0.228,8.857
FireSmokeVideoNEW74_f60_jpg.rf.1cdc02e995445f11a06bb524a8b70053.jpg,1,1,0.9999,0.0,0.0,0.0,3.26,0.51,4.585,0.219,8.797
FireSmokeVideoNEW74_f69_jpg.rf.f6ff5cbdf69fb044623d261520936a7d.jpg,1,1,0.9997,0.0,0.0,0.0,4.27,0.532,4.581,0.221,9.833
FireSmokeVideoNEW74_f73_jpg.rf.01c8014550eabc4548809852b07c6a92.jpg,1,1,0.9999,0.0,0.0,0.0,5.888,1.719,11.394,0.266,19.57
FireSmokeVideoNEW74_f75_jpg.rf.b29efe2ebb2ba867d688a0fb1ee8e0ee.jpg,1,1,0.9999,0.0,0.0,0.0,3.543,0.526,4.562,0.241,9.111
FireSmokeVideoNEW76_f13_jpg.rf.48c07cdb4a4555c8fac7eb90799fd407.jpg,1,0,1.0,0.0,0.0,0.0,3.22,0.584,4.559,0.219,8.803
FireSmokeVideoNEW76_f15_jpg.rf.0ed5839aa46894923b87d6cecba5efbe.jpg,1,0,1.0,0.0,0.0,0.0,3.322,0.521,4.574,0.217,8.844
FireSmokeVideoNEW76_f17_jpg.rf.89a5b32599f08ff6d6b144b7e61b9712.jpg,1,0,0.9999,0.0,0.0,0.0,3.397,0.951,4.578,0.241,9.384
FireSmokeVideoNEW76_f19_jpg.rf.78a45915d1eb907788ababec5310ba76.jpg,1,0,0.9999,0.0,0.0,0.0,3.588,0.537,4.65,0.219,9.223
FireSmokeVideoNEW76_f21_jpg.rf.7ff137c89ba1e12c0f41300d976a8900.jpg,1,0,1.0,0.0,0.0,0.0,4.422,2.455,5.192,0.217,12.522
FireSmokeVideoNEW78_f129_jpg.rf.2d444dd2cf9fec590e4affcc70ee39eb.jpg,1,0,0.9998,0.0,0.0,0.0,4.411,0.516,4.659,0.292,10.105
FireSmokeVideoNEW79_f11_jpg.rf.25292878eba539325fd867ff672153d7.jpg,1,0,0.9986,0.0,0.0,0.0,4.203,1.907,5.035,0.345,11.799
FireSmokeVideoNEW79_f13_jpg.rf.f7e5cad16c5c444d4797fdebaedd9a6a.jpg,1,0,0.851,0.0,0.0,0.0,4.855,2.146,5.133,0.342,12.97
FireSmokeVideoNEW7_f106_jpg.rf.ba3ec205bb89efbbfc64fb46305a6ac0.jpg,1,1,0.9999,0.0,0.0,0.0,3.651,0.528,4.591,0.216,9.199
FireSmokeVideoNEW7_f114_jpg.rf.19f7a9cac937c20922db17e7843964c3.jpg,1,1,0.5284,0.0,0.0,0.0,5.514,2.452,5.086,0.24,13.591
FireSmokeVideoNEW7_f40_jpg.rf.8c23940fa961ed65bde2075a96cf7d5a.jpg,1,0,0.9982,0.0,0.0,0.0,3.713,0.593,4.622,0.214,9.372
FireSmokeVideoNEW7_f42_jpg.rf.fc01ed3256e4de328cbb887686c3e2b6.jpg,1,0,0.6525,0.0,0.0,0.0,4.927,0.533,4.72,0.234,10.641
FireSmokeVideoNEW7_f56_jpg.rf.72eb0b9c179be3b73389cb4ecb2e66f5.jpg,1,0,0.9996,0.0,0.0,0.0,3.754,0.525,4.636,0.233,9.381
FireSmokeVideoNEW7_f69_jpg.rf.1cb69b7fbaee6b6551e64b94bcd6d8a5.jpg,1,0,0.8328,0.0,0.0,0.0,3.379,0.522,4.615,0.22,8.959
FireSmokeVideoNEW7_f7_jpg.rf.557a52cc5382677ca0d46f89efc7ed2b.jpg,1,1,0.9984,0.0,0.0,0.0,3.642,0.524,4.583,0.252,9.233
FireSmokeVideoNEW7_f8_jpg.rf.5d0ea556bf5d8f7cd1d58eaa3d1842f2.jpg,1,0,0.9382,0.0,0.0,0.0,6.641,2.761,5.176,0.237,15.153
FireSmokeVideoNEW80_f11_jpg.rf.05759433efcacb33d8a26468f7585b99.jpg,1,1,1.0,0.0,0.0,0.0,5.274,0.51,4.55,0.225,10.776
FireSmokeVideoNEW80_f13_jpg.rf.9c6a7629abe648bbcf71629b0d7e505e.jpg,1,1,0.9999,0.0,0.0,0.0,4.403,0.515,4.682,0.247,10.061
FireSmokeVideoNEW80_f32_jpg.rf.3b5c0b1ebab68acae862f33e0374b3ec.jpg,1,1,1.0,0.0,0.0,0.0,2.98,0.503,4.653,0.245,8.646
FireSmokeVideoNEW80_f34_jpg.rf.f1c207f818f1cd217bea5c96f9e9d4ab.jpg,1,1,0.9996,0.0,0.0,0.0,3.079,0.523,4.625,0.227,8.678
FireSmokeVideoNEW80_f41_jpg.rf.bab3cbb40abe405482495f7a75346e8f.jpg,1,1,0.9999,0.0,0.0,0.0,3.504,0.558,4.64,0.23,9.156
FireSmokeVideoNEW80_f8_jpg.rf.035ed7478daa45c1e06ab3523c909e64.jpg,1,1,1.0,0.0,0.0,0.0,2.942,0.502,4.563,0.214,8.46
FireSmokeVideoNEW81_f18_jpg.rf.8a4deba38a80b2d33016f55eaa30e25b.jpg,1,1,0.9655,0.0,0.0,0.0,3.019,0.514,4.58,0.245,8.577
FireSmokeVideoNEW81_f34_jpg.rf.6faebf94308b689b3be118624121310c.jpg,1,0,1.0,0.0,0.0,0.0,2.991,0.533,4.661,0.216,8.615
FireSmokeVideoNEW81_f36_jpg.rf.671fb0b8fdcd8370174c641d2b48ecbf.jpg,1,0,1.0,0.0,0.0,0.0,3.606,1.821,6.607,0.255,12.546
FireSmokeVideoNEW81_f38_jpg.rf.227b1e5aee07bc90863b964edb44d457.jpg,1,0,1.0,0.0,0.0,0.0,3.532,2.511,7.587,0.235,14.109
FireSmokeVideoNEW81_f3_jpg.rf.caf4eabc98635fd866eb054ff6b28c89.jpg,1,0,0.9558,0.0,0.0,0.0,3.876,0.519,4.628,0.233,9.48
FireSmokeVideoNEW81_f44_jpg.rf.3b4966647e8c86694dc973addf81e4b7.jpg,1,0,1.0,0.0,0.0,0.0,3.014,0.504,4.559,0.219,8.512
FireSmokeVideoNEW81_f4_jpg.rf.1c8e0b53c1a60eeca4a1a87725c6a33b.jpg,1,0,0.9998,0.0,0.0,0.0,3.158,0.629,4.561,0.211,8.779
FireSmokeVideoNEW81_f51_jpg.rf.6eed84c90fc84bc339ab94acb5f368d5.jpg,1,0,0.9998,0.0,0.0,0.0,2.93,0.504,4.62,0.218,8.488
FireSmokeVideoNEW81_f5_jpg.rf.8fe51428c042df33ef7056792bac041e.jpg,1,0,0.9997,0.0,0.0,0.0,3.345,0.514,4.443,0.213,8.731
FireSmokeVideoNEW81_f61_jpg.rf.8821e2feee7a313a5a0fa06f95aaf907.jpg,1,0,1.0,0.0,0.0,0.0,3.035,0.503,4.561,0.218,8.53
FireSmokeVideoNEW81_f67_jpg.rf.ec30df4bbf4ae496ce1894987521006c.jpg,1,0,0.9999,0.0,0.0,0.0,2.98,0.504,4.561,0.221,8.476
FireSmokeVideoNEW81_f74_jpg.rf.81372f8c38cf4dc71f4aaea4c80c4f07.jpg,1,0,0.9998,0.0,0.0,0.0,2.981,0.507,4.575,0.22,8.497
FireSmokeVideoNEW81_f93_jpg.rf.ad4fbc63a6dc74e3290ea7a3ec019188.jpg,1,0,1.0,0.0,0.0,0.0,5.027,1.088,8.389,0.274,15.002
FireSmokeVideoNEW82_f15_jpg.rf.e7dc2fa4db618aad84776dd955ef51bc.jpg,1,1,1.0,0.0,0.0,0.0,3.952,0.726,4.585,0.275,9.771
FireSmokeVideoNEW82_f19_jpg.rf.f89ed1457a061c51371208925b37eb5a.jpg,1,1,0.9997,0.0,0.0,0.0,3.905,0.509,4.574,0.214,9.419
FireSmokeVideoNEW82_f34_jpg.rf.4dbf9c32786ae8ef9aef2aefc6c30abf.jpg,1,1,1.0,0.0,0.0,0.0,3.917,0.507,4.575,0.213,9.428
FireSmokeVideoNEW82_f53_jpg.rf.72fe99e96a5174851f2a3c7bf8f5b035.jpg,1,1,0.9998,0.0,0.0,0.0,3.374,0.518,4.583,0.214,8.904
FireSmokeVideoNEW82_f5_jpg.rf.3c3f9d351bd2f08caf96dd839eb0be35.jpg,1,1,0.9994,0.0,0.0,0.0,2.967,0.513,4.541,0.213,8.449
FireSmokeVideoNEW82_f63_jpg.rf.c2b1dde739bef360dd7ed5bb170a3536.jpg,1,1,1.0,0.0,0.0,0.0,3.313,0.507,4.573,0.211,8.814
FireSmokeVideoNEW82_f6_jpg.rf.97cddea8b6f913186557f3cb6b06be31.jpg,1,1,0.9992,0.0,0.0,0.0,3.362,0.516,4.524,0.212,8.825
FireSmokeVideoNEW83_f79_jpg.rf.a635ec3ab697f0c8c37fc56fcb4a9d8e.jpg,1,0,0.9053,0.0,0.0,0.0,4.926,1.687,4.834,0.329,12.015
FireSmokeVideoNEW83_f83_jpg.rf.7eb47aaaa2195f3b401f0534f4ab8c17.jpg,1,1,0.9981,0.0,0.0,0.0,4.476,0.51,4.549,0.231,9.989
FireSmokeVideoNEW84_f11_jpg.rf.331db204725890d7841a0ba5804e1d51.jpg,1,1,0.9571,0.0,0.0,0.0,3.169,0.666,4.645,0.234,9.014
FireSmokeVideoNEW84_f17_jpg.rf.f35283a94798dbd36e444f3d83fcc20c.jpg,1,1,0.9995,0.0,0.0,0.0,3.036,0.537,5.213,0.216,9.219
FireSmokeVideoNEW84_f22_jpg.rf.57b54d823b56221442b406406ae6fda3.jpg,1,0,0.9987,0.0,0.0,0.0,4.91,2.498,5.053,0.376,13.148
FireSmokeVideoNEW84_f24_jpg.rf.c78709aba0fa619a1522f8a54b5eb33c.jpg,1,0,1.0,0.0,0.0,0.0,2.967,0.499,4.632,0.221,8.538
FireSmokeVideoNEW84_f26_jpg.rf.903f11c42bfe14f9284c7893c731f7fc.jpg,1,0,0.9843,0.0,0.0,0.0,2.936,0.501,4.551,0.214,8.443
FireSmokeVideoNEW84_f28_jpg.rf.4a605bea32b958e1f875dc9ae4787c2c.jpg,1,0,0.9667,0.0,0.0,0.0,3.003,0.502,4.544,0.255,8.52
FireSmokeVideoNEW84_f30_jpg.rf.b1fa31c3b4b0231160d0fe95a8b2df48.jpg,1,0,0.7115,0.0,0.0,0.0,4.781,2.351,5.069,0.425,12.893
FireSmokeVideoNEW84_f40_jpg.rf.99b1a8a40e68bb37b4bcd6210f807577.jpg,1,1,0.9372,0.0,0.0,0.0,5.148,2.724,5.922,0.359,14.433
FireSmokeVideoNEW86_f21_jpg.rf.66bfdf3c31cf623a69833f84823419be.jpg,1,0,0.9098,0.0,0.0,0.0,3.378,0.498,4.575,0.215,8.876
FireSmokeVideoNEW86_f44_jpg.rf.528671157dc0f3573a31e135eb5c960b.jpg,1,1,1.0,0.0,0.0,0.0,2.937,0.512,4.574,0.208,8.473
FireSmokeVideoNEW86_f59_jpg.rf.ec954c76bba3453c1e3fbed6b0e4126f.jpg,1,1,0.9999,0.0,0.0,0.0,3.253,0.527,4.52,0.217,8.725
FireSmokeVideoNEW87_f15_jpg.rf.1df24b2694a7dcd8cdc18a92d098bff5.jpg,1,1,0.9992,0.0,0.0,0.0,3.565,0.52,4.531,0.213,9.044
FireSmokeVideoNEW87_f1_jpg.rf.9686a4eb8a357bcb8d6af17613d63b0b.jpg,1,1,0.9984,0.0,0.0,0.0,2.941,0.781,4.586,0.211,8.734
FireSmokeVideoNEW8_f106_jpg.rf.0ada3dacd447a467782cec413e893cbd.jpg,1,1,1.0,0.0,0.0,0.0,3.152,0.507,4.639,0.241,8.763
FireSmokeVideoNEW8_f108_jpg.rf.3e1a309d0492fd214dd909126405217a.jpg,1,1,1.0,0.0,0.0,0.0,4.506,2.851,5.326,0.369,13.412
FireSmokeVideoNEW8_f114_jpg.rf.659a33156ff972aabe16784a1005087a.jpg,1,1,0.9999,0.0,0.0,0.0,5.939,1.024,8.092,0.255,15.551
FireSmokeVideoNEW8_f123_jpg.rf.599b8235aadea7fc1ce0bb31909d7f19.jpg,1,1,0.9998,0.0,0.0,0.0,2.976,0.513,4.653,0.237,8.603
FireSmokeVideoNEW8_f136_jpg.rf.4393095b0e129a87566a93dfcd0319b9.jpg,1,1,1.0,0.0,0.0,0.0,2.962,0.931,4.571,0.22,8.902
FireSmokeVideoNEW8_f13_jpg.rf.62679b6bf5d5334bc0142f60ef4f0eff.jpg,1,1,1.0,0.0,0.0,0.0,3.407,1.457,4.632,0.212,9.943
FireSmokeVideoNEW8_f15_jpg.rf.2c2fab259f891543bdd6f1a6e3574bd7.jpg,1,1,0.9983,0.0,0.0,0.0,2.935,0.513,4.566,0.254,8.478
FireSmokeVideoNEW8_f34_jpg.rf.7412b450156c86fc3387c7c84eeceda0.jpg,1,1,0.9998,0.0,0.0,0.0,2.96,0.521,4.563,0.211,8.474
FireSmokeVideoNEW8_f37_jpg.rf.dc011763a3b94f5a5e29aeb3ba4596a0.jpg,1,1,0.9998,0.0,0.0,0.0,4.123,0.538,4.516,0.235,9.666
FireSmokeVideoNEW8_f41_jpg.rf.6de16dc442177d80361115c514c890b6.jpg,1,1,1.0,0.0,0.0,0.0,2.953,0.565,4.571,0.211,8.516
FireSmokeVideoNEW8_f81_jpg.rf.f56584d054d798df76424b80b3bfdd84.jpg,1,1,0.9992,0.0,0.0,0.0,3.392,0.515,4.61,0.223,8.958
FireSmokeVideoNEW8_f88_jpg.rf.39192ee49f07e11498a78bff1aacc512.jpg,1,1,1.0,0.0,0.0,0.0,5.122,3.064,6.945,0.255,15.635
FireSmokeVideoNEW8_f91_jpg.rf.4392a67e91341fcfd786ecdcae1640a0.jpg,1,1,1.0,0.0,0.0,0.0,3.839,0.542,4.65,0.245,9.507
FireSmokeVideoNEW8_f97_jpg.rf.641d276457e76b7aecb1d4383a65b4a3.jpg,1,1,1.0,0.0,0.0,0.0,3.641,1.13,4.551,0.237,9.783
FireSmokeVideoNEW90_f17_jpg.rf.c8ccb79fa9c2c104c44cca93d5de21de.jpg,1,1,0.9948,0.0,0.0,0.0,5.95,2.729,6.043,0.353,15.474
FireSmokeVideoNEW90_f19_jpg.rf.613de41d6647cd63a2b9fe063c105ce9.jpg,1,1,0.9999,0.0,0.0,0.0,4.367,0.522,4.594,0.277,9.987
FireSmokeVideoNEW90_f27_jpg.rf.2c40784cb40c7c2cef427bbb81a7c391.jpg,1,1,0.9816,0.0,0.0,0.0,4.505,0.54,4.658,0.234,10.245
FireSmokeVideoNEW90_f6_jpg.rf.c10be0b48cd321d5a8a2a5dc3f553d3f.jpg,1,1,1.0,0.0,0.0,0.0,4.652,0.953,4.658,0.24,10.742
FireSmokeVideoNEW93_f0_jpg.rf.ecd538ef73aa82fe82414b73f93480d0.jpg,1,0,0.9983,0.0,0.0,0.0,3.883,0.518,6.383,0.227,11.233
FireSmokeVideoNEW93_f16_jpg.rf.50e2056869bf72284714d466abcc3b71.jpg,1,0,1.0,0.0,0.0,0.0,5.882,2.772,6.951,0.244,16.138
FireSmokeVideoNEW93_f18_jpg.rf.4bc8731fed1d0bf7fd60efdcedb231c3.jpg,1,0,1.0,0.0,0.0,0.0,5.108,0.603,4.937,0.428,11.323
FireSmokeVideoNEW93_f29_jpg.rf.c7408f86cfc41eb503e26760771051c0.jpg,1,0,1.0,0.0,0.0,0.0,4.9,0.586,4.583,0.232,10.532
FireSmokeVideoNEW93_f30_jpg.rf.764d70fe8c4c3ae0ff9d8cf21ee12043.jpg,1,0,0.9999,0.0,0.0,0.0,3.364,0.527,4.472,0.223,8.814
FireSmokeVideoNEW93_f32_jpg.rf.cdd491ec773c398ae162b8b88947407c.jpg,1,0,0.9998,0.0,0.0,0.0,3.656,0.528,4.656,0.236,9.307
FireSmokeVideoNEW93_f35_jpg.rf.831bfa9e004cf24662687b26f9fc7bbc.jpg,1,0,1.0,0.0,0.0,0.0,3.255,0.523,4.575,0.217,8.786
FireSmokeVideoNEW93_f37_jpg.rf.43b0fc2c5a8f5b9e415acf2eb0a44e8f.jpg,1,0,1.0,0.0,0.0,0.0,3.298,0.745,4.564,0.219,9.099
FireSmokeVideoNEW93_f3_jpg.rf.74a94968f2fa218b63e4e3cc7c1237ed.jpg,1,0,0.999,0.0,0.0,0.0,3.239,1.028,4.561,0.211,9.261
FireSmokeVideoNEW93_f45_jpg.rf.7bbe8f6ef0640bd95f084b3308535460.jpg,1,0,1.0,0.0,0.0,0.0,4.094,0.571,6.67,0.256,11.828
FireSmokeVideoNEW93_f48_jpg.rf.68441a36977d0c1b506d13bb4bc73be3.jpg,1,0,1.0,0.0,0.0,0.0,5.606,2.68,6.834,0.251,15.618
FireSmokeVideoNEW93_f4_jpg.rf.983a14d28244c467fc317111087e628f.jpg,1,0,0.9986,0.0,0.0,0.0,4.135,0.513,4.568,0.227,9.666
FireSmokeVideoNEW93_f55_jpg.rf.a2c30d3a32c20b99db2b4c3ac0b4297e.jpg,1,0,1.0,0.0,0.0,0.0,4.325,2.441,4.645,0.234,11.863
FireSmokeVideoNEW93_f5_jpg.rf.761ac75e0e1983c5da2f88ea0d3fc8de.jpg,1,0,0.9987,0.0,0.0,0.0,3.583,1.729,4.838,0.233,10.696
FireSmokeVideoNEW93_f67_jpg.rf.3a5cd480f12a38d7997e5fbc779cac82.jpg,1,0,1.0,0.0,0.0,0.0,5.224,0.588,4.454,0.225,10.701
FireSmokeVideoNEW93_f6_jpg.rf.26bfc3792d1663a194ceffc2c8742ee3.jpg,1,0,0.8717,0.0,0.0,0.0,4.412,0.512,4.563,0.222,9.913
FireSmokeVideoNEW93_f71_jpg.rf.4ccc78c6d53dfcac78d807fa7e564346.jpg,1,0,1.0,0.0,0.0,0.0,4.199,0.504,4.529,0.254,9.689
FireSmokeVideoNEW93_f73_jpg.rf.e4178d797313f2f5fbf1d60a9ec4becf.jpg,1,0,1.0,0.0,0.0,0.0,4.762,3.286,5.341,0.38,14.073
FireSmokeVideoNEW93_f75_jpg.rf.7e4dcddadd2cc56f63bd162c9e15f181.jpg,1,0,1.0,0.0,0.0,0.0,4.679,1.143,4.55,0.233,10.828
FireSmokeVideoNEW98_f3_jpg.rf.f7b81ad20d48fc774206f313091cb551.jpg,1,1,0.6942,0.0,0.0,0.0,4.34,0.818,5.301,0.364,11.131
FireSmokeVideoNEW98_f5_jpg.rf.81e8bb5998c4a94c0bc81f47fe363e0f.jpg,1,1,0.6902,0.0,0.0,0.0,4.975,0.514,4.642,0.227,10.572
FireSmokeVideoNEW9_f11_jpg.rf.d5937d6ad8240f9ec038085c0ceb8116.jpg,1,1,0.9951,0.0,0.0,0.0,4.208,0.532,6.525,0.235,11.733
FireSmokeVideoNEW9_f18_jpg.rf.2987b1993f73055255ede2bb3de4c4c5.jpg,1,1,1.0,0.0,0.0,0.0,3.852,0.669,4.651,0.238,9.639
FireSmokeVideoNEW9_f20_jpg.rf.5af8728a36cbd1faa62b96370aff11b5.jpg,1,1,1.0,0.0,0.0,0.0,3.053,0.526,4.749,0.259,8.819
FireSmokeVideoNEW9_f22_jpg.rf.6335b077c393e21870b6c640818558e1.jpg,1,1,1.0,0.0,0.0,0.0,3.373,3.26,7.889,0.388,15.238
FireSmokeVideoNEW9_f26_jpg.rf.1df57b6fa3760b22e321f67fe0be8ef8.jpg,1,1,1.0,0.0,0.0,0.0,4.257,0.533,4.795,0.244,10.064
FireSmokeVideoNEW104_f0_jpg.rf.f38941ca7b50a50f4987ff402c110609.jpg,0,0,0.9998,0.0,0.0,0.0,3.444,0.513,4.708,0.24,9.142
FireSmokeVideoNEW104_f1_jpg.rf.63e1607e8da00040abe9170af6dc35cd.jpg,0,0,0.9997,0.0,0.0,0.0,5.891,2.64,6.531,0.232,15.521
FireSmokeVideoNEW104_f6_jpg.rf.1394a9059fb32e73077faeb60a5ba873.jpg,0,0,0.9999,0.0,0.0,0.0,4.521,1.601,4.672,0.249,11.283
FireSmokeVideoNEW105_f1_jpg.rf.064a4c0288a48a850beea550023fdbc6.jpg,0,0,1.0,0.0,0.0,0.0,3.905,0.52,4.615,0.269,9.536
FireSmokeVideoNEW105_f3_jpg.rf.11af0b8aa7e5a605a91b49b09e093199.jpg,0,0,1.0,0.0,0.0,0.0,4.608,0.514,4.557,0.218,10.123
FireSmokeVideoNEW107_f37_jpg.rf.cc8301bfc1e2fc3b2b79e44f0ac98929.jpg,0,0,1.0,0.0,0.0,0.0,3.26,0.506,4.567,0.248,8.806
FireSmokeVideoNEW107_f41_jpg.rf.de58aa9a22208465e73ae05ac3193d98.jpg,0,0,1.0,0.0,0.0,0.0,3.666,1.4,4.733,0.253,10.285
FireSmokeVideoNEW107_f43_jpg.rf.1f46ccd61ccc8ce83db35d711ecb4bea.jpg,0,0,1.0,0.0,0.0,0.0,4.768,1.538,8.978,0.242,15.761
FireSmokeVideoNEW107_f46_jpg.rf.556c3237893e435eaa208f88990e9ef1.jpg,0,0,1.0,0.0,0.0,0.0,4.514,0.516,4.62,0.235,10.114
FireSmokeVideoNEW107_f54_jpg.rf.4644d9c2b2c6d3fee105f2ef82fd4998.jpg,0,0,1.0,0.0,0.0,0.0,3.883,0.499,4.572,0.219,9.386
FireSmokeVideoNEW107_f57_jpg.rf.fae2a73f41a575268f85d3111d7b2c92.jpg,0,0,1.0,0.0,0.0,0.0,4.836,0.518,4.621,0.233,10.419
FireSmokeVideoNEW107_f59_jpg.rf.026bbe8626b5578d93329b2db4fa9402.jpg,0,0,0.9989,0.0,0.0,0.0,3.131,0.572,4.708,0.238,8.882
FireSmokeVideoNEW107_f64_jpg.rf.244f9975df3feacfa28ff036a6fafc53.jpg,0,0,1.0,0.0,0.0,0.0,3.085,0.502,4.641,0.253,8.706
FireSmokeVideoNEW107_f67_jpg.rf.c49f54560d495c9598599c65ad340067.jpg,0,0,1.0,0.0,0.0,0.0,4.106,0.536,5.192,0.222,10.277
FireSmokeVideoNEW107_f72_jpg.rf.499f047f2f4b0bda75d65908e53370de.jpg,0,0,0.9992,0.0,0.0,0.0,3.001,0.5,4.579,0.23,8.528
FireSmokeVideoNEW107_f86_jpg.rf.777704182a6a80b6411e9aff725043d0.jpg,0,0,0.9996,0.0,0.0,0.0,2.949,0.499,4.672,0.24,8.58
FireSmokeVideoNEW108_f36_jpg.rf.dcefdeb0de8b64832e93a6b99de7289b.jpg,0,0,0.9996,0.0,0.0,0.0,3.179,3.097,7.601,0.356,14.532
FireSmokeVideoNEW109_f67_jpg.rf.57eaca20b02c349d304b37f08712ab9e.jpg,0,0,0.9933,0.0,0.0,0.0,3.703,0.516,4.633,0.238,9.315
FireSmokeVideoNEW10_f12_jpg.rf.2eae48f630c1c0193e2ef4cb4e6f4ff6.jpg,0,0,1.0,0.0,0.0,0.0,4.794,1.038,4.534,0.232,10.836
FireSmokeVideoNEW10_f14_jpg.rf.0cea4ec15ad93560e37aedc69c33eff3.jpg,0,0,1.0,0.0,0.0,0.0,2.969,2.618,7.392,0.441,13.884
FireSmokeVideoNEW10_f16_jpg.rf.31696eae6e003edea279b761b4390075.jpg,0,0,1.0,0.0,0.0,0.0,3.569,1.028,4.653,0.214,9.69
FireSmokeVideoNEW10_f20_jpg.rf.4f1c66d77047ae6e5bad70288ada6868.jpg,0,0,0.9998,0.0,0.0,0.0,6.216,0.756,5.492,0.311,13.086
FireSmokeVideoNEW10_f9_jpg.rf.964fd783f3c44e3cf484cb44c5e7eb3a.jpg,0,0,1.0,0.0,0.0,0.0,5.597,0.916,5.132,0.214,12.155
FireSmokeVideoNEW110_f70_jpg.rf.7cb92ca6cc4d4ad99fac463a2e4b1f69.jpg,0,0,1.0,0.0,0.0,0.0,4.834,0.876,4.466,0.211,10.6
FireSmokeVideoNEW110_f72_jpg.rf.942ec348686624217e65325d78ad6d79.jpg,0,0,0.9998,0.0,0.0,0.0,3.652,0.536,4.938,0.322,9.656
FireSmokeVideoNEW111_f61_jpg.rf.958fb3f1ca3de1a388d09ff31d3492cb.jpg,0,0,0.9998,0.0,0.0,0.0,7.566,1.875,6.949,0.242,16.866
FireSmokeVideoNEW111_f63_jpg.rf.87908f4f677900101a4389b753e25d14.jpg,0,0,0.9998,0.0,0.0,0.0,4.865,0.71,5.51,0.342,11.647
FireSmokeVideoNEW113_f0_jpg.rf.64ad130f3afce40d98d717526b192d24.jpg,0,0,0.9794,0.0,0.0,0.0,6.646,1.607,5.528,0.344,14.453
FireSmokeVideoNEW113_f14_jpg.rf.e80870bda9d84eb83bdd360a959ee02f.jpg,0,0,0.9768,0.0,0.0,0.0,4.56,0.517,6.864,0.331,12.495
FireSmokeVideoNEW113_f1_jpg.rf.e426bd569f3a8f2c8c073936261c666f.jpg,0,0,0.9872,0.0,0.0,0.0,6.118,0.8,5.491,0.327,13.058
FireSmokeVideoNEW113_f23_jpg.rf.deabb7e1e724b4345d1e7951e202ea44.jpg,0,0,0.8927,0.0,0.0,0.0,5.546,0.679,5.37,0.295,12.191
FireSmokeVideoNEW113_f34_jpg.rf.e84c48b0432893e05397860d769ff647.jpg,0,0,1.0,0.0,0.0,0.0,4.548,1.821,4.907,0.331,11.829
FireSmokeVideoNEW113_f38_jpg.rf.d3f2132888b62bc6d7ad266bdb6ad6bc.jpg,0,0,1.0,0.0,0.0,0.0,3.257,0.492,4.585,0.219,8.76
FireSmokeVideoNEW113_f3_jpg.rf.82bb90bd3d0267d8e6045820916cd565.jpg,0,0,0.9672,0.0,0.0,0.0,4.0,2.281,6.679,0.278,13.469
FireSmokeVideoNEW113_f41_jpg.rf.479a0376f42c153bc784faf91e059bf6.jpg,0,0,1.0,0.0,0.0,0.0,5.365,0.595,4.784,0.246,11.237
FireSmokeVideoNEW113_f43_jpg.rf.c97f0efc50fc406abeef5751198b195d.jpg,0,0,1.0,0.0,0.0,0.0,3.534,0.678,5.577,0.327,10.433
FireSmokeVideoNEW113_f47_jpg.rf.b7c82296e081c18e509ed765e11cf527.jpg,0,0,1.0,0.0,0.0,0.0,6.012,0.694,4.838,0.22,12.062
FireSmokeVideoNEW113_f49_jpg.rf.e97df0162836b03c72aae5d219f19846.jpg,0,1,0.9999,0.0,0.0,0.0,5.032,2.495,4.691,0.233,12.686
FireSmokeVideoNEW113_f50_jpg.rf.af1411ee4d7f972917db27496a3d28c6.jpg,0,1,0.9998,0.0,0.0,0.0,4.274,2.632,4.68,0.242,12.067
FireSmokeVideoNEW113_f57_jpg.rf.367d116711c51593db8d52d878bcd9cf.jpg,0,1,0.9998,0.0,0.0,0.0,3.364,0.568,4.668,0.236,9.062
FireSmokeVideoNEW113_f5_jpg.rf.56e7a8fe3f1996fa4f5b425d869ef58c.jpg,0,0,0.9855,0.0,0.0,0.0,3.175,0.57,4.565,0.222,8.75
FireSmokeVideoNEW114_f1_jpg.rf.cf044e592fb83b50e048cce22f4e9e6a.jpg,0,0,1.0,0.0,0.0,0.0,3.509,1.766,4.868,0.374,10.757
FireSmokeVideoNEW114_f23_jpg.rf.3366618b5cd0b38698a5549e35f37769.jpg,0,0,1.0,0.0,0.0,0.0,5.589,1.555,5.161,0.245,12.865
FireSmokeVideoNEW114_f33_jpg.rf.438eae9e97228cbe711b15eed9716f40.jpg,0,0,1.0,0.0,0.0,0.0,5.046,1.489,4.792,0.241,12.075
FireSmokeVideoNEW114_f52_jpg.rf.3ef8a0e9a642bcee584f57e450499ee9.jpg,0,0,1.0,0.0,0.0,0.0,5.195,0.576,5.028,0.245,11.27
FireSmokeVideoNEW114_f63_jpg.rf.0018c16b62a065ab98bbae501ef249d1.jpg,0,0,0.556,0.0,0.0,0.0,3.178,0.537,5.143,0.342,9.433
FireSmokeVideoNEW114_f78_jpg.rf.60c9ec22b30b533e55007538edd2cd0a.jpg,0,0,1.0,0.0,0.0,0.0,3.094,0.512,4.653,0.233,8.717
FireSmokeVideoNEW123_f86_jpg.rf.99d60f8b84aaf644e4ab3eb9004e6457.jpg,0,0,0.992,0.0,0.0,0.0,3.333,0.565,4.628,0.266,9.023
FireSmokeVideoNEW131_f29_jpg.rf.a3a4ab64b1971b295c5093754ce6f3eb.jpg,0,0,1.0,0.0,0.0,0.0,3.895,2.367,6.577,0.356,13.504
FireSmokeVideoNEW133_f0_jpg.rf.18731e698dcb15c89fe9d9a7fa357187.jpg,0,1,0.6506,0.0,0.0,0.0,2.96,0.513,4.668,0.262,8.647
FireSmokeVideoNEW133_f14_jpg.rf.c0ef040277238c405f94c45269640413.jpg,0,0,1.0,0.0,0.0,0.0,5.204,2.187,11.349,0.271,19.393
FireSmokeVideoNEW133_f16_jpg.rf.675b515ca2741a0eab5600d3b6b8ec37.jpg,0,0,1.0,0.0,0.0,0.0,5.055,0.54,4.621,0.229,10.725
FireSmokeVideoNEW133_f1_jpg.rf.e08148c34f177fdfc0855076800bfcc2.jpg,0,1,0.6883,0.0,0.0,0.0,5.366,0.722,5.47,0.326,12.193
FireSmokeVideoNEW133_f21_jpg.rf.89cf1761a3a8f737819224e48be710eb.jpg,0,0,1.0,0.0,0.0,0.0,5.935,0.537,4.456,0.217,11.421
FireSmokeVideoNEW133_f24_jpg.rf.7a96dbf3abbf336117a803fd29880d72.jpg,0,0,0.9999,0.0,0.0,0.0,3.877,0.509,4.575,0.22,9.398
FireSmokeVideoNEW133_f26_jpg.rf.4c8adf184421836917a99f3244a2e8b1.jpg,0,0,0.9999,0.0,0.0,0.0,4.939,0.527,4.584,0.25,10.524
FireSmokeVideoNEW133_f28_jpg.rf.9be526a6cd44573e70c5e324f97f07e8.jpg,0,0,0.9999,0.0,0.0,0.0,5.356,0.671,4.562,0.211,11.024
FireSmokeVideoNEW133_f30_jpg.rf.7a61a8452694df4e1b8eb7f76edd6206.jpg,0,0,0.9996,0.0,0.0,0.0,4.856,0.521,4.62,0.253,10.47
FireSmokeVideoNEW133_f35_jpg.rf.32a41bc0e615129339748a31e63c31b8.jpg,0,0,0.9999,0.0,0.0,0.0,4.999,0.979,6.494,0.237,13.012
FireSmokeVideoNEW133_f45_jpg.rf.bf0fa4a99b1351103ce59df4271296f6.jpg,0,0,0.998,0.0,0.0,0.0,4.939,2.712,7.138,0.237,15.275
FireSmokeVideoNEW133_f47_jpg.rf.7e6771aa04cd95731ed20a2a0887b600.jpg,0,0,0.9996,0.0,0.0,0.0,3.414,0.512,6.545,0.238,11.135
FireSmokeVideoNEW133_f52_jpg.rf.a9287d410aca47cb65187bb40b99489f.jpg,0,0,0.9989,0.0,0.0,0.0,2.988,0.524,4.661,0.237,8.636
FireSmokeVideoNEW133_f54_jpg.rf.de6a5526bf8e4c304c24aa01a61a0691.jpg,0,0,0.9985,0.0,0.0,0.0,3.893,0.969,4.577,0.221,9.881
FireSmokeVideoNEW133_f60_jpg.rf.a1a3fc738a9ffd65b6bd91b2d4a2a7ba.jpg,0,0,0.9986,0.0,0.0,0.0,5.08,0.888,4.998,0.362,11.606
FireSmokeVideoNEW133_f65_jpg.rf.19a6259c062255ee2fcaf9ce8237cdc9.jpg,0,0,0.9896,0.0,0.0,0.0,3.11,0.504,4.576,0.217,8.677
FireSmokeVideoNEW133_f6_jpg.rf.3bb32108cb527deecf2ba02db67d7158.jpg,0,0,1.0,0.0,0.0,0.0,3.032,0.513,4.562,0.213,8.544
FireSmokeVideoNEW133_f72_jpg.rf.edcd60e5a9d9d28d5802a50f156aa91a.jpg,0,0,1.0,0.0,0.0,0.0,2.973,0.504,4.555,0.219,8.464
FireSmokeVideoNEW133_f75_jpg.rf.44d394c4ee044f0263703d04c2017319.jpg,0,0,1.0,0.0,0.0,0.0,2.928,0.572,4.547,0.213,8.478
FireSmokeVideoNEW138_f24_jpg.rf.e7dac7d8bba04efdaf96bbedbfb0c17c.jpg,0,0,1.0,0.0,0.0,0.0,3.463,2.662,4.666,0.299,11.33
FireSmokeVideoNEW138_f3_jpg.rf.e59cf2df641ee8f4a4b7a8486a277817.jpg,0,0,0.9986,0.0,0.0,0.0,4.034,2.758,7.953,0.238,15.227
FireSmokeVideoNEW138_f50_jpg.rf.0ed3e238da95d17eddb4a56c8239722d.jpg,0,0,0.9366,0.0,0.0,0.0,6.085,1.027,10.898,0.282,18.624
FireSmokeVideoNEW138_f55_jpg.rf.8692714e7ca4fce394cbde4c9b0768f4.jpg,0,0,0.9923,0.0,0.0,0.0,3.586,0.526,4.952,0.383,9.681
FireSmokeVideoNEW138_f57_jpg.rf.2340c76a46752bec89de2c8dfe4e182e.jpg,0,0,0.7683,0.0,0.0,0.0,6.437,1.438,5.509,0.256,13.974
FireSmokeVideoNEW138_f66_jpg.rf.217b9cf06ce30964ef36b6378b0d8f09.jpg,0,0,0.9995,0.0,0.0,0.0,4.11,1.283,4.65,0.243,10.507
FireSmokeVideoNEW138_f72_jpg.rf.7992a3ca30811d3fbefd37f1c8c0e236.jpg,0,0,0.9998,0.0,0.0,0.0,5.069,0.694,7.128,0.4,13.613
FireSmokeVideoNEW138_f87_jpg.rf.a1a1d0b32449cfbe2da04181bf56f099.jpg,0,0,0.6112,0.0,0.0,0.0,3.38,0.532,4.943,0.351,9.472
FireSmokeVideoNEW138_f89_jpg.rf.39f1903062709d554e614773c128ec01.jpg,0,1,0.7153,0.0,0.0,0.0,8.351,1.862,6.954,0.274,17.704
FireSmokeVideoNEW138_f98_jpg.rf.3d89dba42d1d2087cd0d1067f86dc0a4.jpg,0,1,0.8083,0.0,0.0,0.0,6.667,0.552,4.637,0.232,12.314
FireSmokeVideoNEW139_f11_jpg.rf.4f1394a2391bb7f8b23547e415daccca.jpg,0,0,0.9996,0.0,0.0,0.0,3.888,0.52,4.583,0.328,9.544
FireSmokeVideoNEW139_f13_jpg.rf.2c6a24cf2aba98120ffbbdf73ec65122.jpg,0,0,1.0,0.0,0.0,0.0,3.855,2.082,5.846,0.241,12.496
FireSmokeVideoNEW139_f15_jpg.rf.52c4affd03ce1856f9ba11cd0f50363c.jpg,0,0,1.0,0.0,0.0,0.0,3.169,0.777,4.659,0.255,9.087
FireSmokeVideoNEW139_f7_jpg.rf.4622bbeb672b9d0f658de7b4a192bc27.jpg,0,0,1.0,0.0,0.0,0.0,3.213,0.509,4.563,0.211,8.717
FireSmokeVideoNEW139_f9_jpg.rf.a2676f6df6e7eb7729031d2e2dad0ca3.jpg,0,0,0.9993,0.0,0.0,0.0,4.98,0.503,4.558,0.215,10.468
FireSmokeVideoNEW141_f11_jpg.rf.73cf5a40761c0014fbd5c35ebf83aa45.jpg,0,0,1.0,0.0,0.0,0.0,3.945,0.532,4.572,0.216,9.485
FireSmokeVideoNEW141_f22_jpg.rf.d85fd254cfa43d224ad1b669783fd679.jpg,0,0,1.0,0.0,0.0,0.0,3.85,0.523,4.502,0.214,9.313
FireSmokeVideoNEW141_f26_jpg.rf.283da917093a70ddfef4070c0df63819.jpg,0,0,1.0,0.0,0.0,0.0,3.585,1.606,4.649,0.259,10.333
FireSmokeVideoNEW141_f35_jpg.rf.fb7bf34a7cb1271f578cf69f6eaf4b46.jpg,0,0,1.0,0.0,0.0,0.0,5.404,0.899,5.317,0.349,12.269
FireSmokeVideoNEW141_f44_jpg.rf.7588a5674fa796e2bf93928970dd5a6c.jpg,0,0,1.0,0.0,0.0,0.0,3.298,0.527,4.629,0.213,8.89
FireSmokeVideoNEW141_f54_jpg.rf.376afc4c31715655b5a25d8e89fb9cc9.jpg,0,0,1.0,0.0,0.0,0.0,3.926,0.526,4.681,0.223,9.58
FireSmokeVideoNEW145_f12_jpg.rf.bfa6ecea511c415c863544a108f25b2b.jpg,0,0,0.5748,0.0,0.0,0.0,5.118,1.532,5.231,0.348,12.532
FireSmokeVideoNEW145_f15_jpg.rf.01ed9bc8697dfaa658637d4bdcdb465e.jpg,0,0,0.9139,0.0,0.0,0.0,4.408,1.609,4.635,0.281,11.169
FireSmokeVideoNEW145_f17_jpg.rf.8ad859dfeb2dacc154aa7be5cd18db9a.jpg,0,0,0.9721,0.0,0.0,0.0,3.992,0.511,4.588,0.211,9.524
FireSmokeVideoNEW145_f2_jpg.rf.7d67296bc581f3d543d39070f67d5e5b.jpg,0,1,0.5329,0.0,0.0,0.0,3.028,0.498,4.567,0.21,8.525
FireSmokeVideoNEW145_f4_jpg.rf.dd0fb19773528e50b2d252c0ae1821a1.jpg,0,0,0.9981,0.0,0.0,0.0,3.71,0.523,4.66,0.223,9.337
FireSmokeVideoNEW145_f70_jpg.rf.35967a4f68971ca1a880debf6cc05479.jpg,0,0,0.9995,0.0,0.0,0.0,4.366,1.287,4.522,0.239,10.646
FireSmokeVideoNEW146_f102_jpg.rf.d492f5de6048aee20c269b9489b62550.jpg,0,0,0.9987,0.0,0.0,0.0,4.266,2.374,7.329,0.276,14.489
FireSmokeVideoNEW146_f104_jpg.rf.bb75589e20c57f1dac406a679b2c4c34.jpg,0,0,1.0,0.0,0.0,0.0,5.167,0.522,4.526,0.231,10.666
FireSmokeVideoNEW14_f31_jpg.rf.a6bd074c897424b345df3c0d80c8472a.jpg,0,0,1.0,0.0,0.0,0.0,3.227,0.569,4.617,0.229,8.869
FireSmokeVideoNEW14_f34_jpg.rf.b7d71699bd96b5f195ff31eed9af64b9.jpg,0,0,0.9949,0.0,0.0,0.0,3.108,0.507,4.632,0.23,8.698
FireSmokeVideoNEW14_f48_jpg.rf.615cbe65e58c980a44db492e4adba02b.jpg,0,0,1.0,0.0,0.0,0.0,4.325,1.296,4.552,0.235,10.636
FireSmokeVideoNEW14_f50_jpg.rf.8c05edbf34c262f9609f1aefcb3e784b.jpg,0,0,1.0,0.0,0.0,0.0,5.933,0.493,4.638,0.234,11.537
FireSmokeVideoNEW14_f52_jpg.rf.040fbb53952c8cf3eb05257d5d59ffb2.jpg,0,0,1.0,0.0,0.0,0.0,3.352,0.521,4.592,0.212,8.896
FireSmokeVideoNEW14_f54_jpg.rf.284fdffd467ae8226f2514f39a0f03a8.jpg,0,0,0.9998,0.0,0.0,0.0,5.146,0.536,4.587,0.228,10.723
FireSmokeVideoNEW14_f56_jpg.rf.805f1c6f0d731bc267bcb78f5dd8613c.jpg,0,0,1.0,0.0,0.0,0.0,4.31,0.533,4.65,0.233,9.963
FireSmokeVideoNEW14_f58_jpg.rf.5255e436aa76a3c0a514d23752f4aecc.jpg,0,0,1.0,0.0,0.0,0.0,4.763,0.805,5.968,0.386,12.296
FireSmokeVideoNEW14_f70_jpg.rf.aebdcbd5a96886fd2b263e6c38a28f54.jpg,0,0,0.9311,0.0,0.0,0.0,6.354,2.848,7.655,0.372,17.536
FireSmokeVideoNEW14_f80_jpg.rf.d8f9bed0c2a0c2ccd8de093597e2cfb2.jpg,0,0,0.9999,0.0,0.0,0.0,3.454,0.516,6.939,0.344,11.493
FireSmokeVideoNEW152_f12_jpg.rf.bbbe1b5b3c91e3c832a521e8ad2a8981.jpg,0,0,1.0,0.0,0.0,0.0,3.016,0.507,4.604,0.223,8.57
FireSmokeVideoNEW152_f23_jpg.rf.83dd2175450efa7a2b61106b515ca317.jpg,0,0,1.0,0.0,0.0,0.0,3.118,2.695,4.587,0.26,10.871
FireSmokeVideoNEW152_f2_jpg.rf.0fa1d92f8ce6d7d0ef48c78928e91796.jpg,0,0,1.0,0.0,0.0,0.0,3.487,0.602,6.469,0.213,10.992
FireSmokeVideoNEW157_f48_jpg.rf.dc8ccdfd4e9375142054cff7d0ba0165.jpg,0,0,1.0,0.0,0.0,0.0,5.584,0.525,4.725,0.249,11.321
FireSmokeVideoNEW157_f68_jpg.rf.07fb0c009d78412ac43bcc20d211eba0.jpg,0,0,1.0,0.0,0.0,0.0,3.404,0.51,4.585,0.217,8.943
FireSmokeVideoNEW159_f28_jpg.rf.45115b0ae08dc6a6022b39f7487df2fc.jpg,0,0,1.0,0.0,0.0,0.0,5.084,0.532,4.646,0.22,10.706
FireSmokeVideoNEW159_f36_jpg.rf.e0c399bd3b6f812595c1d839d6f4495a.jpg,0,0,1.0,0.0,0.0,0.0,6.545,2.105,8.3,0.397,17.642
FireSmokeVideoNEW160_f132_jpg.rf.7ce27c0b807a035415178554ae865455.jpg,0,0,0.9972,0.0,0.0,0.0,3.177,0.508,5.478,0.36,9.748
FireSmokeVideoNEW160_f179_jpg.rf.f8bca75f291b224cb3a0368e85ea206a.jpg,0,1,0.9994,0.0,0.0,0.0,5.345,0.692,4.784,0.211,11.337
FireSmokeVideoNEW160_f182_jpg.rf.5ad244f4a2004bd04f80d7b88edc7b37.jpg,0,1,0.9991,0.0,0.0,0.0,3.005,0.525,4.564,0.208,8.523
FireSmokeVideoNEW167_f25_jpg.rf.66ae7015edf696c31788066c37815460.jpg,0,0,1.0,0.0,0.0,0.0,2.996,0.502,4.59,0.206,8.511
FireSmokeVideoNEW168_f32_jpg.rf.9bf96271f38fc77d55c61d5030a59ad0.jpg,0,0,1.0,0.0,0.0,0.0,3.916,0.504,4.616,0.263,9.516
FireSmokeVideoNEW168_f35_jpg.rf.344f9a485501035ee6f2ad4a8aee5fda.jpg,0,0,1.0,0.0,0.0,0.0,4.212,0.516,4.454,0.221,9.624
FireSmokeVideoNEW173_f1_jpg.rf.b8d91ed334fc3865091a43a6a1d74364.jpg,0,0,0.7366,0.0,0.0,0.0,2.96,0.499,4.543,0.203,8.457
FireSmokeVideoNEW174_f14_jpg.rf.20fa8cef6b13cc5e437e36ea2ecc8c0d.jpg,0,0,0.9999,0.0,0.0,0.0,3.004,0.509,4.564,0.209,8.502
FireSmokeVideoNEW174_f21_jpg.rf.1e32dfe88e5b1e1315c5b3c44b55da60.jpg,0,0,0.9999,0.0,0.0,0.0,5.62,1.155,6.171,0.285,13.452
FireSmokeVideoNEW174_f27_jpg.rf.16ff80f4c7864c40c3bdd663830a83af.jpg,0,0,0.9999,0.0,0.0,0.0,3.891,0.97,4.496,0.209,9.796
FireSmokeVideoNEW174_f3_jpg.rf.2bc73bc5168eef2ac8d65f93c8588cee.jpg,0,0,0.9999,0.0,0.0,0.0,6.233,0.551,4.545,0.236,11.794
FireSmokeVideoNEW174_f9_jpg.rf.ce3e731b6125e7839516f998ba5fd615.jpg,0,0,0.9999,0.0,0.0,0.0,3.048,0.506,4.675,0.217,8.665
FireSmokeVideoNEW175_f1_jpg.rf.b7755e6ebe9f220eda9f33dafd398efd.jpg,0,0,1.0,0.0,0.0,0.0,3.182,0.506,4.554,0.211,8.675
FireSmokeVideoNEW181_f246_jpg.rf.c4e8f0606306cf812ead99d7317a3dac.jpg,0,0,0.9997,0.0,0.0,0.0,2.934,0.506,4.626,0.206,8.481
FireSmokeVideoNEW181_f3_jpg.rf.564525a050a1471684d3e0dce6b12093.jpg,0,0,0.9992,0.0,0.0,0.0,3.903,0.535,4.592,0.222,9.465
FireSmokeVideoNEW181_f5_jpg.rf.4f32f5e7b553b2046f9ea1c3710aa953.jpg,0,0,0.9998,0.0,0.0,0.0,3.642,0.787,4.539,0.246,9.456
FireSmokeVideoNEW181_f8_jpg.rf.d4f8544e21508a6a376c9eed7b3fd1c4.jpg,0,0,1.0,0.0,0.0,0.0,3.22,0.526,4.57,0.219,8.748
FireSmokeVideoNEW185_f103_jpg.rf.834fd34179153dc3cf5b3376c931bd02.jpg,0,0,0.9781,0.0,0.0,0.0,2.926,0.509,4.569,0.21,8.46
FireSmokeVideoNEW185_f105_jpg.rf.5c53bd00784e65125825c0ae9e72866e.jpg,0,0,0.9875,0.0,0.0,0.0,5.17,2.55,8.136,0.495,16.67
FireSmokeVideoNEW185_f11_jpg.rf.7fe150b7626c710cda79dce605f3a053.jpg,0,0,1.0,0.0,0.0,0.0,3.073,0.512,4.494,0.213,8.514
FireSmokeVideoNEW185_f13_jpg.rf.a9a77212e1e05b2bed7914de92edebf4.jpg,0,0,0.9998,0.0,0.0,0.0,5.173,0.552,4.692,0.236,10.889
FireSmokeVideoNEW185_f142_jpg.rf.8a2f2852b31e3f1ec77473138afa5b07.jpg,0,0,0.9986,0.0,0.0,0.0,3.05,0.513,4.603,0.214,8.609
FireSmokeVideoNEW185_f154_jpg.rf.6b8964700ae914f8770debcf03f1fa96.jpg,0,0,0.9992,0.0,0.0,0.0,3.035,1.876,4.602,0.214,9.953
FireSmokeVideoNEW185_f16_jpg.rf.9a7a2c17026407b6f8ae3721f463bea0.jpg,0,0,0.9996,0.0,0.0,0.0,3.894,0.521,4.564,0.203,9.402
FireSmokeVideoNEW185_f18_jpg.rf.d7340a22f5b42d1f5daf3df0dd737ed7.jpg,0,0,0.9975,0.0,0.0,0.0,3.623,1.294,4.563,0.211,9.92
FireSmokeVideoNEW185_f1_jpg.rf.9cbb22bfee650e45eb5c993c0ec604f0.jpg,0,0,1.0,0.0,0.0,0.0,4.327,0.851,4.533,0.239,10.179
FireSmokeVideoNEW185_f21_jpg.rf.97e9aaef5e151b6c1d8a47b5a39a3851.jpg,0,0,0.9991,0.0,0.0,0.0,3.059,0.508,4.603,0.219,8.603
FireSmokeVideoNEW185_f26_jpg.rf.74bb295ea9c3a4d2a445209c908d149c.jpg,0,0,0.9999,0.0,0.0,0.0,4.169,3.163,4.82,0.3,12.69
FireSmokeVideoNEW185_f28_jpg.rf.94c9d63f5a41228899bb4b27af54e6e6.jpg,0,0,0.9999,0.0,0.0,0.0,4.196,0.516,4.512,0.211,9.654
FireSmokeVideoNEW185_f2_jpg.rf.1be8f603fac11632f8289730c2ea3981.jpg,0,0,1.0,0.0,0.0,0.0,3.496,0.509,4.557,0.214,8.998
FireSmokeVideoNEW185_f31_jpg.rf.20d3ef9f5f7aed09171c587cf787efa3.jpg,0,0,1.0,0.0,0.0,0.0,4.366,0.514,6.461,0.215,11.778
FireSmokeVideoNEW185_f33_jpg.rf.13bba24c675c337eb4e0d75ed2c6d59a.jpg,0,0,1.0,0.0,0.0,0.0,4.946,0.505,4.553,0.219,10.465
FireSmokeVideoNEW185_f37_jpg.rf.90b11c519e691fa641a221142e94b8e3.jpg,0,0,1.0,0.0,0.0,0.0,4.029,0.511,4.543,0.204,9.507
FireSmokeVideoNEW185_f39_jpg.rf.d40e85b937efa6ae5a731011f726d833.jpg,0,0,1.0,0.0,0.0,0.0,3.063,0.501,4.566,0.21,8.559
FireSmokeVideoNEW185_f41_jpg.rf.c976d09d85b00bcd5fae293ba78953cb.jpg,0,0,1.0,0.0,0.0,0.0,3.996,0.499,4.641,0.235,9.597
FireSmokeVideoNEW185_f43_jpg.rf.cf5abe863cf4e9707e6b343d59e4f211.jpg,0,0,1.0,0.0,0.0,0.0,4.102,0.577,4.537,0.24,9.698
FireSmokeVideoNEW185_f48_jpg.rf.40a7592afc13dbb433f59655b660a51e.jpg,0,0,0.9998,0.0,0.0,0.0,3.451,1.144,9.322,0.291,14.446
FireSmokeVideoNEW185_f4_jpg.rf.840d0b8991f52e6353634a923cce911a.jpg,0,0,1.0,0.0,0.0,0.0,5.151,2.809,7.638,0.358,16.219
FireSmokeVideoNEW185_f54_jpg.rf.02217b94b12dcd2c1361d24b46a8edd9.jpg,0,0,0.9999,0.0,0.0,0.0,7.772,0.784,4.646,0.238,13.674
FireSmokeVideoNEW185_f56_jpg.rf.818e136234c271902dcf37c554407e5b.jpg,0,0,1.0,0.0,0.0,0.0,5.407,0.73,5.108,0.22,11.772
FireSmokeVideoNEW185_f5_jpg.rf.849447cd7f762cbb18e9edb719adfc56.jpg,0,0,1.0,0.0,0.0,0.0,4.281,0.509,6.44,0.251,11.695
FireSmokeVideoNEW185_f61_jpg.rf.9f26d8404eeb7cddb424f5cdb9a2dea9.jpg,0,0,0.9999,0.0,0.0,0.0,5.081,0.711,4.794,0.219,11.104
FireSmokeVideoNEW185_f63_jpg.rf.6e576502749efe6813e66694c6ac96d9.jpg,0,0,1.0,0.0,0.0,0.0,5.058,0.523,4.595,0.218,10.617
FireSmokeVideoNEW185_f69_jpg.rf.db6c2e969febf2a815391951068bae2c.jpg,0,0,0.9999,0.0,0.0,0.0,5.08,0.68,4.676,0.221,10.942
FireSmokeVideoNEW185_f70_jpg.rf.e28c7f6fead896c59c1a05d3dadf15e5.jpg,0,0,0.9999,0.0,0.0,0.0,3.146,0.504,4.714,0.25,8.829
FireSmokeVideoNEW185_f74_jpg.rf.a3cbb5e5ef37719d9abc8ed9cb13f10e.jpg,0,0,0.9997,0.0,0.0,0.0,5.766,2.998,9.102,0.269,18.462
FireSmokeVideoNEW185_f76_jpg.rf.eff6abee6c5232efbeb0ffaa184ebb6d.jpg,0,0,1.0,0.0,0.0,0.0,5.018,1.591,4.628,0.234,11.701
FireSmokeVideoNEW185_f78_jpg.rf.8411f59f4794e43dea8fee3fd7e0be8f.jpg,0,0,1.0,0.0,0.0,0.0,5.156,2.152,5.091,0.464,13.159
FireSmokeVideoNEW185_f7_jpg.rf.52c412132fe5907b6a5e187fc8693d93.jpg,0,0,1.0,0.0,0.0,0.0,3.862,0.891,4.623,0.232,9.843
FireSmokeVideoNEW185_f8_jpg.rf.b2f174a46bc664e05b2a000b1a539f0a.jpg,0,0,1.0,0.0,0.0,0.0,3.962,0.516,4.567,0.219,9.482
FireSmokeVideoNEW186_f1_jpg.rf.9eaf3486dd5de321c58c13a8f3c0e10e.jpg,0,0,0.9851,0.0,0.0,0.0,6.125,0.673,5.197,0.397,12.691
FireSmokeVideoNEW186_f24_jpg.rf.35cb6036992c48df2555bef2057f0b53.jpg,0,0,0.9576,0.0,0.0,0.0,3.811,0.584,4.617,0.208,9.458
FireSmokeVideoNEW186_f3_jpg.rf.58728cf59ceb522c51dd6157ad6944bf.jpg,0,0,0.9772,0.0,0.0,0.0,5.14,2.248,4.612,0.217,12.457
FireSmokeVideoNEW188_f53_jpg.rf.082a762c0e4cc9b0018de58486f89da2.jpg,0,0,1.0,0.0,0.0,0.0,5.135,0.716,4.795,0.298,11.24
FireSmokeVideoNEW191_f14_jpg.rf.8c0274a87d76e49504ea99085c3adcaa.jpg,0,0,0.9937,0.0,0.0,0.0,3.087,0.498,4.649,0.251,8.712
FireSmokeVideoNEW191_f17_jpg.rf.0b561906a11a7cb3708f59b9e5ea5285.jpg,0,0,0.9611,0.0,0.0,0.0,4.104,0.591,4.559,0.233,9.715
FireSmokeVideoNEW191_f3_jpg.rf.199e7b7c54089ad40dc08b6206796865.jpg,0,0,0.7008,0.0,0.0,0.0,2.939,0.552,4.584,0.221,8.513
FireSmokeVideoNEW191_f6_jpg.rf.c733105e5332e503fe2f91c9d2b0df7d.jpg,0,0,0.9611,0.0,0.0,0.0,3.249,0.503,4.544,0.213,8.752
FireSmokeVideoNEW193_f26_jpg.rf.810d17c9c2f0c19d3f82366a4641bffa.jpg,0,0,1.0,0.0,0.0,0.0,2.961,0.502,4.597,0.214,8.49
FireSmokeVideoNEW193_f33_jpg.rf.9bd762994b1e0d1fa6d8fa924ced4d72.jpg,0,0,1.0,0.0,0.0,0.0,3.919,0.515,4.602,0.215,9.47
FireSmokeVideoNEW193_f37_jpg.rf.8351a8e46e2527901b0116eea4a67888.jpg,0,0,0.9999,0.0,0.0,0.0,3.815,2.776,4.584,0.24,11.657
FireSmokeVideoNEW194_f0_jpg.rf.bedc3bcac81b79f6421a12b83ca8292e.jpg,0,0,0.9985,0.0,0.0,0.0,4.742,1.34,9.343,0.31,15.978
FireSmokeVideoNEW194_f11_jpg.rf.77f39c6b40eab453b277d95cf5de303e.jpg,0,0,1.0,0.0,0.0,0.0,5.693,2.597,7.243,0.344,16.122
FireSmokeVideoNEW194_f13_jpg.rf.1a936489c44dd3ea6a426232555f6385.jpg,0,0,1.0,0.0,0.0,0.0,3.361,0.508,4.634,0.238,8.968
FireSmokeVideoNEW194_f15_jpg.rf.958cda76fca7843a088129f35293e6bc.jpg,0,0,1.0,0.0,0.0,0.0,4.386,0.514,4.594,0.214,9.926
FireSmokeVideoNEW194_f17_jpg.rf.0af509bf3c4051407e9a2c323d36552d.jpg,0,0,1.0,0.0,0.0,0.0,4.203,0.805,6.715,0.368,12.334
FireSmokeVideoNEW194_f19_jpg.rf.0eaecfa3ade01642b349fa1fac2243d3.jpg,0,0,1.0,0.0,0.0,0.0,3.006,0.571,5.333,0.322,9.454
FireSmokeVideoNEW194_f20_jpg.rf.9c8d54f92010beefbf37f4971a0512d5.jpg,0,0,1.0,0.0,0.0,0.0,3.939,1.434,4.614,0.225,10.435
FireSmokeVideoNEW194_f22_jpg.rf.568fae5d24e9c604657b4e0b3210f521.jpg,0,0,0.9999,0.0,0.0,0.0,4.131,0.513,4.544,0.212,9.613
FireSmokeVideoNEW194_f24_jpg.rf.715ef729ffb473d071e4f4636696c5ea.jpg,0,0,0.9999,0.0,0.0,0.0,5.152,0.738,4.554,0.217,10.974
FireSmokeVideoNEW194_f26_jpg.rf.07bffcdf632b597c877b6ebb07f7f903.jpg,0,0,0.9987,0.0,0.0,0.0,4.664,1.596,4.647,0.254,11.402
FireSmokeVideoNEW194_f28_jpg.rf.ad2eb6b3914b59cd334e04ddba2c9585.jpg,0,0,0.9985,0.0,0.0,0.0,4.089,3.442,4.792,0.237,12.946
FireSmokeVideoNEW194_f4_jpg.rf.33a7f5de9a08037605f3061fd9289762.jpg,0,0,0.9998,0.0,0.0,0.0,3.571,0.612,5.217,0.367,10.06
FireSmokeVideoNEW194_f6_jpg.rf.8cca41d45e1b9d48be4b6e39b449b550.jpg,0,0,0.9993,0.0,0.0,0.0,3.226,1.225,4.643,0.237,9.572
FireSmokeVideoNEW194_f8_jpg.rf.1c8751d3993e5ef2ea8196810f6d337c.jpg,0,0,0.9999,0.0,0.0,0.0,4.471,1.302,4.598,0.217,10.821
FireSmokeVideoNEW198_f0_jpg.rf.a197c8cac401e59c22192d1555beb0e3.jpg,0,0,1.0,0.0,0.0,0.0,4.871,0.794,5.115,0.371,11.44
FireSmokeVideoNEW198_f21_jpg.rf.a2b8b5d44e8d06e56049adcccab34051.jpg,0,0,1.0,0.0,0.0,0.0,3.048,0.82,4.579,0.215,8.874
FireSmokeVideoNEW198_f34_jpg.rf.dc59b6a3b8102f74895580de214bfb05.jpg,0,0,1.0,0.0,0.0,0.0,4.131,0.538,4.568,0.211,9.659
FireSmokeVideoNEW198_f44_jpg.rf.5dd543728cb7054631cff884b6543c99.jpg,0,0,0.9668,0.0,0.0,0.0,3.333,0.503,4.683,0.237,8.971
FireSmokeVideoNEW198_f53_jpg.rf.de8d1453cc5cc99b16dce8024a19a099.jpg,0,0,0.9983,0.0,0.0,0.0,4.375,0.702,5.234,0.467,11.091
FireSmokeVideoNEW198_f5_jpg.rf.884199e8cf813521587bb72304469a91.jpg,0,0,1.0,0.0,0.0,0.0,5.13,4.495,6.441,0.239,16.617
FireSmokeVideoNEW198_f62_jpg.rf.f0f37f4fd52e11ec4c2c1dc4a6a1e84b.jpg,0,0,1.0,0.0,0.0,0.0,3.79,0.584,4.533,0.235,9.378
FireSmokeVideoNEW198_f76_jpg.rf.f975d49de39948662a604f3b8699ae17.jpg,0,0,0.9996,0.0,0.0,0.0,3.281,0.517,4.583,0.223,8.818
FireSmokeVideoNEW199_f12_jpg.rf.49a41daf162adddafd342b71a52d065b.jpg,0,0,1.0,0.0,0.0,0.0,3.327,1.897,4.96,0.306,10.804
FireSmokeVideoNEW199_f22_jpg.rf.8cdd9234d4536b401d4424786242eb42.jpg,0,0,1.0,0.0,0.0,0.0,3.261,0.519,4.593,0.22,8.816
FireSmokeVideoNEW199_f24_jpg.rf.008e48718432deea401ae6c22de5b75d.jpg,0,0,1.0,0.0,0.0,0.0,4.507,0.527,4.571,0.222,10.051
FireSmokeVideoNEW199_f38_jpg.rf.437998fd3a55f2321789262434449bcc.jpg,0,0,1.0,0.0,0.0,0.0,4.465,0.576,4.557,0.215,10.039
FireSmokeVideoNEW19_f10_jpg.rf.cf14bceef74bfc964ef994979cc85365.jpg,0,0,0.9994,0.0,0.0,0.0,3.578,0.519,9.733,0.236,14.287
FireSmokeVideoNEW19_f14_jpg.rf.0f8ded1e4755de812e6a69682afa2fdf.jpg,0,0,0.9998,0.0,0.0,0.0,3.372,0.565,5.031,0.38,9.579
FireSmokeVideoNEW19_f1_jpg.rf.8d3f142daa5385682ce49a400b014079.jpg,0,0,1.0,0.0,0.0,0.0,4.666,3.262,9.223,0.297,17.828
FireSmokeVideoNEW19_f22_jpg.rf.ce3d1c80d56894bcf65024fa15dc5310.jpg,0,0,1.0,0.0,0.0,0.0,3.003,0.512,4.528,0.225,8.481
FireSmokeVideoNEW19_f25_jpg.rf.f697293980b11b6be600b4ac25288076.jpg,0,0,1.0,0.0,0.0,0.0,3.7,0.501,4.584,0.224,9.226
FireSmokeVideoNEW19_f28_jpg.rf.870932a2658929b11f426603c6e76178.jpg,0,0,1.0,0.0,0.0,0.0,4.938,0.512,4.622,0.225,10.563
FireSmokeVideoNEW19_f5_jpg.rf.4c01349c8f37322abb65548b065db87c.jpg,0,0,1.0,0.0,0.0,0.0,4.013,0.517,4.555,0.214,9.521
FireSmokeVideoNEW204_f48_jpg.rf.a6d888db8bc478f73df454d622b4af74.jpg,0,0,0.9999,0.0,0.0,0.0,3.113,0.519,4.58,0.222,8.656
FireSmokeVideoNEW204_f50_jpg.rf.ef08c4a49d4bce14c2100efb6049f535.jpg,0,0,0.9997,0.0,0.0,0.0,3.964,0.752,6.73,0.243,11.924
FireSmokeVideoNEW204_f74_jpg.rf.5a3b99ac607f85f17c275ace5db8b56c.jpg,0,0,1.0,0.0,0.0,0.0,3.036,0.723,4.608,0.215,8.811
FireSmokeVideoNEW204_f76_jpg.rf.cf1ad84e2d9dff94bca8293370941b6b.jpg,0,0,0.9999,0.0,0.0,0.0,4.194,1.338,4.725,0.292,10.797
FireSmokeVideoNEW205_f10_jpg.rf.e7fba039a83b2825fe8609a3ad1fe3ca.jpg,0,0,0.6698,0.0,0.0,0.0,4.801,1.444,5.404,0.351,12.339
FireSmokeVideoNEW205_f12_jpg.rf.12f55726a2d241d15d16c3a031c7acfe.jpg,0,1,0.5807,0.0,0.0,0.0,5.295,0.61,4.64,0.231,11.007
FireSmokeVideoNEW205_f14_jpg.rf.7a8c8488271699eab8c256966bb96d8f.jpg,0,0,0.5828,0.0,0.0,0.0,3.093,0.529,4.42,0.218,8.482
FireSmokeVideoNEW205_f16_jpg.rf.e905c3e16c4928c286b1f3fefbcc9f1c.jpg,0,1,0.9116,0.0,0.0,0.0,2.943,0.537,4.596,0.225,8.524
FireSmokeVideoNEW205_f18_jpg.rf.51e26c76cda96a888f7cc153c055c57e.jpg,0,0,0.7312,0.0,0.0,0.0,3.427,0.514,4.646,0.236,9.054
FireSmokeVideoNEW205_f1_jpg.rf.9ee331f7891fbff5a81e53f10a46bf6c.jpg,0,1,0.5965,0.0,0.0,0.0,3.156,0.526,4.574,0.255,8.735
FireSmokeVideoNEW205_f21_jpg.rf.3f9e31151c6d741f1821d0b631734f10.jpg,0,1,0.6095,0.0,0.0,0.0,3.857,0.513,4.562,0.212,9.365
FireSmokeVideoNEW205_f23_jpg.rf.49d41f9e8f04815aecdc7705619019c0.jpg,0,1,0.9904,0.0,0.0,0.0,4.002,0.63,4.467,0.228,9.549
FireSmokeVideoNEW205_f25_jpg.rf.3ffd9812a06a282282d13f0de04d1b95.jpg,0,1,0.5693,0.0,0.0,0.0,2.908,0.639,4.564,0.225,8.554
FireSmokeVideoNEW205_f27_jpg.rf.6b467cc45707dc3b2bb6179354ba0de2.jpg,0,0,0.9001,0.0,0.0,0.0,5.012,2.378,4.731,0.255,12.647
FireSmokeVideoNEW205_f29_jpg.rf.f1b55cdd166f109f23ddbc5b550dbb25.jpg,0,0,0.6525,0.0,0.0,0.0,3.735,0.507,4.692,0.232,9.39
FireSmokeVideoNEW205_f30_jpg.rf.c39e1a1a9569704ab1625e342b6768fa.jpg,0,0,0.5508,0.0,0.0,0.0,3.96,0.688,4.697,0.213,9.787
FireSmokeVideoNEW205_f32_jpg.rf.16aadfde338db2f3d2e35229ca90b5b0.jpg,0,0,0.9025,0.0,0.0,0.0,3.559,0.557,6.493,0.23,11.061
FireSmokeVideoNEW205_f4_jpg.rf.3e50ea94e80f738241c392a66bc4dbc4.jpg,0,1,0.8273,0.0,0.0,0.0,3.086,0.508,4.565,0.221,8.597
FireSmokeVideoNEW205_f6_jpg.rf.0b84566f03710d216aaa2cb4629d22b6.jpg,0,0,0.5831,0.0,0.0,0.0,3.063,2.209,4.595,0.218,10.31
FireSmokeVideoNEW205_f8_jpg.rf.e746678079c464fa2e02dbdd96397757.jpg,0,1,0.9558,0.0,0.0,0.0,5.803,1.391,4.586,0.214,12.222
FireSmokeVideoNEW207_f29_jpg.rf.5072e43a3f70899810cd248ae290c6fc.jpg,0,1,0.8713,0.0,0.0,0.0,3.267,0.554,4.569,0.231,8.837
FireSmokeVideoNEW207_f38_jpg.rf.7da7afabcee0fe3fc4e99b02cb7ec200.jpg,0,1,0.7804,0.0,0.0,0.0,4.202,0.838,4.466,0.21,9.93
FireSmokeVideoNEW207_f50_jpg.rf.38e43eaa6c7f0b0b6aef8d92ae7bc33b.jpg,0,0,0.9928,0.0,0.0,0.0,4.885,2.827,5.46,0.531,14.039
FireSmokeVideoNEW207_f52_jpg.rf.ac33bf9cb002460544fa6971c6294cd1.jpg,0,0,0.9969,0.0,0.0,0.0,4.133,0.52,4.613,0.249,9.745
FireSmokeVideoNEW207_f62_jpg.rf.589bc38eadda71f1f9f9b5fd6a31bdaf.jpg,0,0,0.958,0.0,0.0,0.0,5.123,1.328,4.62,0.251,11.55
FireSmokeVideoNEW207_f64_jpg.rf.fa87ea2073e4c69c27d5ec48824a23ce.jpg,0,0,0.8438,0.0,0.0,0.0,4.778,0.564,4.57,0.214,10.356
FireSmokeVideoNEW207_f68_jpg.rf.cb005a57beb7f72ad09dd7f63a7c65ae.jpg,0,0,0.5414,0.0,0.0,0.0,4.338,0.802,4.452,0.213,10.028
FireSmokeVideoNEW213_f0_jpg.rf.acf66f73cae0ef7ffba8d96df3334bc1.jpg,0,0,1.0,0.0,0.0,0.0,3.177,0.508,4.57,0.207,8.686
FireSmokeVideoNEW213_f37_jpg.rf.504df7a22d9a3682f368bb8e9a864b74.jpg,0,0,1.0,0.0,0.0,0.0,3.036,0.537,4.547,0.217,8.558
FireSmokeVideoNEW213_f39_jpg.rf.f610dda1c4694427bb2aeb65f22d2519.jpg,0,0,1.0,0.0,0.0,0.0,5.039,0.495,4.658,0.214,10.626
FireSmokeVideoNEW214_f28_jpg.rf.b67e2997751e40a1d9c240eecdfeb90d.jpg,0,1,0.8552,0.0,0.0,0.0,4.053,0.507,4.919,0.223,9.924
FireSmokeVideoNEW214_f31_jpg.rf.dddac8520abe0f1d5e75b81b84c20c28.jpg,0,0,0.921,0.0,0.0,0.0,4.742,2.253,4.805,0.325,12.371
FireSmokeVideoNEW217_f100_jpg.rf.a9373ce1ec863a48d8653481c26156f5.jpg,0,0,1.0,0.0,0.0,0.0,5.172,0.559,4.537,0.236,10.733
FireSmokeVideoNEW217_f108_jpg.rf.16b93711189f1762379f69af719c328d.jpg,0,0,1.0,0.0,0.0,0.0,3.839,1.155,4.65,0.224,10.097
FireSmokeVideoNEW217_f10_jpg.rf.74821e6a9bb2e7227205f7dd92777b6b.jpg,0,0,1.0,0.0,0.0,0.0,3.829,0.677,5.104,0.367,10.253
FireSmokeVideoNEW217_f111_jpg.rf.2299bed8cbf01a1b7e6778708e83477b.jpg,0,0,1.0,0.0,0.0,0.0,3.981,0.758,4.97,0.314,10.259
FireSmokeVideoNEW217_f113_jpg.rf.efd09cd8788647385379fdb3dcf3c087.jpg,0,0,0.9997,0.0,0.0,0.0,4.065,1.363,6.526,0.236,12.424
FireSmokeVideoNEW217_f116_jpg.rf.48b271377b83f27ee6794dd67b51d137.jpg,0,0,1.0,0.0,0.0,0.0,3.983,0.506,4.584,0.222,9.512
FireSmokeVideoNEW217_f118_jpg.rf.c3282ec3adcd1755ad307af23c40158c.jpg,0,0,1.0,0.0,0.0,0.0,5.079,0.526,4.552,0.24,10.651
FireSmokeVideoNEW217_f11_jpg.rf.fe9b613659b1f6ffc68f08f6db48adfc.jpg,0,0,1.0,0.0,0.0,0.0,6.287,1.326,4.597,0.246,12.683
FireSmokeVideoNEW217_f121_jpg.rf.2353ff1ea9e105ec7579a296ba31d42b.jpg,0,0,1.0,0.0,0.0,0.0,5.333,2.032,9.14,0.27,17.024
FireSmokeVideoNEW217_f128_jpg.rf.4c9569a8817155737f29d57b918b693b.jpg,0,0,1.0,0.0,0.0,0.0,5.907,1.266,4.568,0.238,12.23
FireSmokeVideoNEW217_f137_jpg.rf.355e1445e5755263e17f71f5cfb3cabd.jpg,0,0,1.0,0.0,0.0,0.0,3.01,0.495,4.551,0.217,8.485
FireSmokeVideoNEW217_f139_jpg.rf.a015957ad4d8c893764adadc3564d5e6.jpg,0,0,1.0,0.0,0.0,0.0,5.159,0.599,4.591,0.234,10.801
FireSmokeVideoNEW217_f140_jpg.rf.905cd403c725484f47e8c319d12c0bcc.jpg,0,0,0.9999,0.0,0.0,0.0,5.326,0.51,4.659,0.208,10.92
FireSmokeVideoNEW217_f142_jpg.rf.7b2f15a8e46783cf42066fccdd511a78.jpg,0,0,0.9999,0.0,0.0,0.0,3.867,0.514,4.588,0.217,9.404
FireSmokeVideoNEW217_f144_jpg.rf.0fc96687f30d64cc901010a04935ecea.jpg,0,0,0.9999,0.0,0.0,0.0,4.504,0.547,4.626,0.237,10.147
FireSmokeVideoNEW217_f146_jpg.rf.13b5b53c5d09bff9bf09edae5d018768.jpg,0,0,0.9998,0.0,0.0,0.0,3.082,0.508,8.016,0.284,12.115
FireSmokeVideoNEW217_f14_jpg.rf.33a5f93f8923477faa40a251919cbb30.jpg,0,0,1.0,0.0,0.0,0.0,5.358,2.527,6.839,0.259,15.233
FireSmokeVideoNEW217_f165_jpg.rf.c321a908fed949be52d3de878e3af068.jpg,0,0,1.0,0.0,0.0,0.0,3.631,0.533,4.651,0.242,9.288
FireSmokeVideoNEW217_f167_jpg.rf.f5f387fa96eefadd6d5da4f9eba93fe8.jpg,0,0,1.0,0.0,0.0,0.0,3.683,0.53,4.651,0.25,9.342
FireSmokeVideoNEW217_f169_jpg.rf.d4e8d9fc726c7674b5c544ca652f18ed.jpg,0,0,1.0,0.0,0.0,0.0,4.311,2.614,4.597,0.227,11.978
FireSmokeVideoNEW217_f170_jpg.rf.40da8c3a814bec9203dda24f6fdc4aa2.jpg,0,0,1.0,0.0,0.0,0.0,4.553,0.57,4.672,0.287,10.32
FireSmokeVideoNEW217_f175_jpg.rf.b2b07756e0402cc49db122e0add77753.jpg,0,0,1.0,0.0,0.0,0.0,3.067,0.503,4.631,0.231,8.655
FireSmokeVideoNEW217_f177_jpg.rf.88605f9b92cb5461c60d2194538ba864.jpg,0,0,1.0,0.0,0.0,0.0,2.973,0.512,4.561,0.214,8.473
FireSmokeVideoNEW217_f179_jpg.rf.ffad74096c7d49c5a971bb63e9e0893e.jpg,0,0,1.0,0.0,0.0,0.0,2.997,0.517,4.577,0.216,8.524
FireSmokeVideoNEW217_f181_jpg.rf.ae1f277e7c1fc1083975d6a487d5c575.jpg,0,0,1.0,0.0,0.0,0.0,4.103,2.502,4.623,0.257,11.739
FireSmokeVideoNEW217_f183_jpg.rf.96e621baf17954f5a25876fa98b76901.jpg,0,0,1.0,0.0,0.0,0.0,5.071,1.227,6.249,0.234,12.996
FireSmokeVideoNEW217_f188_jpg.rf.c5e2ff45dde47a1ffaaa95f6e696e5d8.jpg,0,0,1.0,0.0,0.0,0.0,4.363,1.606,4.662,0.234,11.097
FireSmokeVideoNEW217_f18_jpg.rf.e259ee4817325821386e228d69ec590b.jpg,0,0,1.0,0.0,0.0,0.0,5.624,0.707,5.178,0.236,12.058
FireSmokeVideoNEW217_f195_jpg.rf.abb4ee4eacb3c0bc28eb69dcce0900b1.jpg,0,0,1.0,0.0,0.0,0.0,2.946,0.517,4.622,0.209,8.516
FireSmokeVideoNEW217_f197_jpg.rf.69f085f5fc5fe3b6704f1697894ab870.jpg,0,0,1.0,0.0,0.0,0.0,6.215,1.099,7.141,0.372,15.075
FireSmokeVideoNEW217_f199_jpg.rf.2034ba41cbc2996d2b0be969381dd53a.jpg,0,0,1.0,0.0,0.0,0.0,5.808,2.503,5.681,0.383,14.723
FireSmokeVideoNEW217_f200_jpg.rf.8e08442e7fba319b06ec60772c8d87b9.jpg,0,0,1.0,0.0,0.0,0.0,5.49,0.689,5.09,0.226,11.79
FireSmokeVideoNEW217_f20_jpg.rf.cd45d53c627554532a83cb04b923b1d7.jpg,0,0,1.0,0.0,0.0,0.0,6.49,1.388,5.058,0.25,13.416
FireSmokeVideoNEW217_f213_jpg.rf.907c7f8bf6e7a1f549c1d58b68a8f402.jpg,0,0,1.0,0.0,0.0,0.0,6.962,1.598,5.5,0.227,14.662
FireSmokeVideoNEW217_f215_jpg.rf.3fa3043621fed653f78e6295cdb5490b.jpg,0,0,1.0,0.0,0.0,0.0,4.443,0.584,5.991,0.4,11.641
FireSmokeVideoNEW217_f217_jpg.rf.55bd84fe4077a3d1595a56350af545cd.jpg,0,0,1.0,0.0,0.0,0.0,5.283,0.69,5.213,0.232,11.728
FireSmokeVideoNEW217_f21_jpg.rf.2dfb9ce2f22edf5be1fd53fa1942bfd2.jpg,0,0,1.0,0.0,0.0,0.0,3.264,0.518,4.627,0.249,8.873
FireSmokeVideoNEW217_f23_jpg.rf.cd19d39e70dfebad7cff6545b5b6019d.jpg,0,0,1.0,0.0,0.0,0.0,3.201,0.502,4.571,0.21,8.697
FireSmokeVideoNEW217_f25_jpg.rf.a94df0d3028a9abe6b8c10a09dec7c59.jpg,0,0,1.0,0.0,0.0,0.0,3.095,0.504,4.567,0.23,8.609
FireSmokeVideoNEW217_f27_jpg.rf.06ba12fefcbb80378faafa6ce1db4f32.jpg,0,0,1.0,0.0,0.0,0.0,4.443,0.905,4.529,0.245,10.351
FireSmokeVideoNEW217_f29_jpg.rf.efc5389a39f0e16e63edc5a792879459.jpg,0,0,1.0,0.0,0.0,0.0,3.052,0.538,9.632,0.262,13.73
FireSmokeVideoNEW217_f30_jpg.rf.d0b9592c67eb506d0e8be54cab7fed05.jpg,0,0,1.0,0.0,0.0,0.0,4.752,2.696,5.19,0.412,13.311
FireSmokeVideoNEW217_f32_jpg.rf.79ac9c71917c29f71dff9368fd819e70.jpg,0,0,1.0,0.0,0.0,0.0,6.909,2.387,4.999,0.233,14.85
FireSmokeVideoNEW217_f34_jpg.rf.2406074bcd38a38b07569c36e10c4c9b.jpg,0,0,1.0,0.0,0.0,0.0,3.429,0.503,4.643,0.291,9.098
FireSmokeVideoNEW217_f36_jpg.rf.f4677a9876506e73056dbb5e4d1867ac.jpg,0,0,1.0,0.0,0.0,0.0,4.596,0.971,4.704,0.239,10.743
FireSmokeVideoNEW217_f38_jpg.rf.56cbb6b9ba8dcb8a6e849b50a427e820.jpg,0,0,1.0,0.0,0.0,0.0,4.78,1.674,4.676,0.237,11.624
FireSmokeVideoNEW217_f40_jpg.rf.5e0bf555a150e965529da135af30a843.jpg,0,0,1.0,0.0,0.0,0.0,3.514,0.544,4.649,0.233,9.171
FireSmokeVideoNEW217_f42_jpg.rf.547bf36d056de255bbbe8865cf2169e4.jpg,0,0,1.0,0.0,0.0,0.0,3.31,0.519,4.578,0.219,8.85
FireSmokeVideoNEW217_f44_jpg.rf.53343693989b66932b14e172d5b51021.jpg,0,0,1.0,0.0,0.0,0.0,3.475,0.864,4.678,0.283,9.528
FireSmokeVideoNEW217_f46_jpg.rf.6c09d1078ba60b84e5eeae62e8b43ee4.jpg,0,0,1.0,0.0,0.0,0.0,5.33,0.551,4.496,0.208,10.808
FireSmokeVideoNEW217_f48_jpg.rf.960f1757efc2361b33061b66881276af.jpg,0,0,1.0,0.0,0.0,0.0,3.138,1.291,4.587,0.214,9.467
FireSmokeVideoNEW217_f50_jpg.rf.5a4c5a00a2dff53d3d1e9b4912a5e80a.jpg,0,0,1.0,0.0,0.0,0.0,5.704,2.045,8.146,0.362,16.542
FireSmokeVideoNEW217_f52_jpg.rf.f80dd0cbedbe18de1503c537d55a5481.jpg,0,0,1.0,0.0,0.0,0.0,4.978,1.599,4.486,0.222,11.501
FireSmokeVideoNEW217_f55_jpg.rf.192d21a1a9cdd1e7400d2d5319251009.jpg,0,0,0.9998,0.0,0.0,0.0,3.88,1.504,4.66,0.241,10.515
FireSmokeVideoNEW217_f58_jpg.rf.09abcbd86f7cf4acca982ff3c84479bf.jpg,0,0,1.0,0.0,0.0,0.0,5.617,0.657,6.55,0.231,13.286
FireSmokeVideoNEW217_f60_jpg.rf.2af19e844fb73cffddc8cd48cea110ef.jpg,0,0,1.0,0.0,0.0,0.0,3.911,0.514,4.57,0.22,9.432
FireSmokeVideoNEW217_f6_jpg.rf.9ad603f7c039681979d3382daca3dfca.jpg,0,0,1.0,0.0,0.0,0.0,4.48,0.814,5.325,0.356,11.28
FireSmokeVideoNEW217_f7_jpg.rf.7a963cc9523ed71e48510b941a897169.jpg,0,0,1.0,0.0,0.0,0.0,4.253,1.486,4.57,0.226,10.764
FireSmokeVideoNEW217_f85_jpg.rf.04954f9a86137e0fdb1a724cfe2e3866.jpg,0,0,1.0,0.0,0.0,0.0,4.505,0.53,4.577,0.227,10.106
FireSmokeVideoNEW217_f96_jpg.rf.9aeddcb7059e6f24f5deb788b8d30f2b.jpg,0,0,1.0,0.0,0.0,0.0,4.203,2.634,4.616,0.312,12.013
FireSmokeVideoNEW217_f98_jpg.rf.523eafbbea416669a571f038b78ed6db.jpg,0,0,1.0,0.0,0.0,0.0,4.725,1.394,4.584,0.236,11.173
FireSmokeVideoNEW217_f9_jpg.rf.add7279aa36849c24e3ac2f2216f064d.jpg,0,0,1.0,0.0,0.0,0.0,5.394,0.527,4.581,0.231,10.956
FireSmokeVideoNEW219_f100_jpg.rf.e9c25439b3dad49808efeef37acaf92b.jpg,0,1,0.9979,0.0,0.0,0.0,3.245,0.562,4.584,0.243,8.858
FireSmokeVideoNEW219_f103_jpg.rf.5c3a06fd5e7e5de7bc2439421cae9ca3.jpg,0,1,0.8802,0.0,0.0,0.0,5.241,0.526,4.575,0.212,10.805
FireSmokeVideoNEW219_f105_jpg.rf.93e9b68294084ef359c3fbac8af68844.jpg,0,0,0.918,0.0,0.0,0.0,3.817,0.724,4.453,0.211,9.424
FireSmokeVideoNEW219_f107_jpg.rf.2279d0f434d08b421e5847b77ba49c98.jpg,0,0,0.9846,0.0,0.0,0.0,3.206,0.546,9.789,0.241,14.029
FireSmokeVideoNEW219_f109_jpg.rf.2497933b49e36296ad41b2a9e7c629af.jpg,0,0,0.9655,0.0,0.0,0.0,4.946,0.525,4.601,0.216,10.511
FireSmokeVideoNEW219_f111_jpg.rf.d13eb49c432b395eb0f4789afa26799e.jpg,0,0,0.977,0.0,0.0,0.0,4.487,0.526,4.578,0.216,10.032
FireSmokeVideoNEW219_f116_jpg.rf.ae9afca806c236a71f19e8f194bf2109.jpg,0,0,0.9904,0.0,0.0,0.0,5.452,1.568,7.109,0.241,14.618
FireSmokeVideoNEW219_f118_jpg.rf.75f5a183e6eb763184506172e56826c1.jpg,0,1,0.5956,0.0,0.0,0.0,3.894,0.514,6.509,0.234,11.373
FireSmokeVideoNEW219_f120_jpg.rf.8875901f36a17bf88cbe1e1e9321ee1c.jpg,0,0,0.652,0.0,0.0,0.0,4.614,0.534,4.638,0.236,10.253
FireSmokeVideoNEW219_f122_jpg.rf.3f2b747a1a6d8bb134411da04b6d5ceb.jpg,0,0,0.9992,0.0,0.0,0.0,3.409,0.616,4.619,0.209,9.077
FireSmokeVideoNEW219_f126_jpg.rf.52f94dd838172beb57e8ec37c56c19f4.jpg,0,0,0.9963,0.0,0.0,0.0,3.353,0.523,4.583,0.215,8.899
FireSmokeVideoNEW219_f129_jpg.rf.d5223592df753ce9aeeff5fbcfd2f6f3.jpg,0,0,0.8473,0.0,0.0,0.0,3.27,0.528,4.584,0.219,8.821
FireSmokeVideoNEW219_f131_jpg.rf.af45167297be8a47f6ecf78c4971240e.jpg,0,0,0.9822,0.0,0.0,0.0,4.522,2.607,5.1,0.363,13.069
FireSmokeVideoNEW219_f15_jpg.rf.978176c15dd5ec19d9fdef9fa30e2015.jpg,0,1,1.0,0.0,0.0,0.0,4.054,0.544,4.657,0.218,9.707
FireSmokeVideoNEW219_f17_jpg.rf.a780d3a9489a1ff49e169de9167318e6.jpg,0,1,1.0,0.0,0.0,0.0,3.313,0.549,4.637,0.21,8.927
FireSmokeVideoNEW219_f19_jpg.rf.cee064d43b06eea7a26764d10b69fa56.jpg,0,1,0.9829,0.0,0.0,0.0,6.576,1.342,6.88,0.286,15.324
FireSmokeVideoNEW219_f20_jpg.rf.fba5b315002bba70a5f2d53923ab3523.jpg,0,1,1.0,0.0,0.0,0.0,3.562,0.511,4.526,0.233,9.058
FireSmokeVideoNEW219_f23_jpg.rf.1e8e04436c82a1922489aa2b214fbd6f.jpg,0,1,1.0,0.0,0.0,0.0,4.108,0.517,5.403,0.226,10.487
FireSmokeVideoNEW219_f25_jpg.rf.a18994c7f34d6a907f4692a87e6fa3f9.jpg,0,1,0.9994,0.0,0.0,0.0,3.015,0.508,4.568,0.21,8.513
FireSmokeVideoNEW219_f30_jpg.rf.fdee063af522e346cd388bc1a4242f7d.jpg,0,0,0.9968,0.0,0.0,0.0,2.972,0.502,4.6,0.22,8.544
FireSmokeVideoNEW219_f32_jpg.rf.ddc873a0551526ca65fa1d06f97bac64.jpg,0,0,0.9993,0.0,0.0,0.0,2.985,1.137,4.605,0.214,9.156
FireSmokeVideoNEW219_f34_jpg.rf.cad5fbd8012adc27392d185d547a64f2.jpg,0,0,0.997,0.0,0.0,0.0,3.12,0.525,4.579,0.206,8.64
FireSmokeVideoNEW219_f36_jpg.rf.fb0ae754ede857299d29e3b6cc6ccc0d.jpg,0,0,0.9581,0.0,0.0,0.0,4.479,2.637,4.55,0.219,12.113
FireSmokeVideoNEW219_f38_jpg.rf.4e36385b74d11f5f344b6164d4443826.jpg,0,0,0.9286,0.0,0.0,0.0,5.514,0.799,4.666,0.212,11.411
FireSmokeVideoNEW219_f3_jpg.rf.9a3acc348be776f3126eaa01a6b9143d.jpg,0,1,1.0,0.0,0.0,0.0,4.292,2.681,4.625,0.24,12.062
FireSmokeVideoNEW219_f44_jpg.rf.c6201b2a651fb15d42c47372f48143ea.jpg,0,1,0.9775,0.0,0.0,0.0,4.943,0.824,4.608,0.239,10.862
FireSmokeVideoNEW219_f49_jpg.rf.f8352761af02510da64ff9dbb7764208.jpg,0,0,0.9828,0.0,0.0,0.0,3.247,0.91,4.607,0.219,9.221
FireSmokeVideoNEW219_f50_jpg.rf.69a64e822cf2cb5905705e4998e6a371.jpg,0,0,0.995,0.0,0.0,0.0,6.811,0.642,6.513,0.215,14.399
FireSmokeVideoNEW219_f52_jpg.rf.4ed33f2006955f25cbd6976e65731478.jpg,0,0,0.9984,0.0,0.0,0.0,4.93,0.497,4.564,0.222,10.501
FireSmokeVideoNEW219_f54_jpg.rf.2a009997f531c42dc612957036039b92.jpg,0,0,0.9949,0.0,0.0,0.0,5.538,0.718,4.584,0.255,11.341
FireSmokeVideoNEW219_f56_jpg.rf.4d435bbf60e5244de2a83067cd503697.jpg,0,1,0.5476,0.0,0.0,0.0,4.421,0.633,8.48,0.279,14.037
FireSmokeVideoNEW219_f58_jpg.rf.816855101b006e8917308145fbff4683.jpg,0,1,0.963,0.0,0.0,0.0,4.002,0.491,4.646,0.24,9.633
FireSmokeVideoNEW219_f5_jpg.rf.c45888dccdeb80cf3c1d57eaa8742807.jpg,0,1,1.0,0.0,0.0,0.0,3.151,0.724,6.507,0.23,10.841
FireSmokeVideoNEW219_f64_jpg.rf.fcb2ab218c52a47f8b4b7a045dbaca13.jpg,0,1,0.8305,0.0,0.0,0.0,5.163,0.53,4.614,0.246,10.777
FireSmokeVideoNEW219_f6_jpg.rf.42c28bdff3ab813f2e324a70ba7df0cd.jpg,0,1,0.9999,0.0,0.0,0.0,4.905,3.426,9.682,0.264,18.511
FireSmokeVideoNEW219_f79_jpg.rf.71af1f0cdfcf193eb39b9d23e563f5fe.jpg,0,0,0.9999,0.0,0.0,0.0,3.017,0.516,4.699,0.219,8.674
FireSmokeVideoNEW219_f82_jpg.rf.2d98843486d600dadb1fb1f51cae9b86.jpg,0,1,1.0,0.0,0.0,0.0,4.683,0.506,4.641,0.234,10.294
FireSmokeVideoNEW219_f84_jpg.rf.2d6d394cdec8ac45d1947e9a0a70f46b.jpg,0,1,1.0,0.0,0.0,0.0,4.627,0.563,4.595,0.225,10.235
FireSmokeVideoNEW219_f86_jpg.rf.facd7c1be6d3a656b924ea93978566be.jpg,0,1,0.9998,0.0,0.0,0.0,3.159,0.515,4.551,0.213,8.65
FireSmokeVideoNEW219_f88_jpg.rf.a022c08baa2e6f8d0487a9b1be99b2fb.jpg,0,1,1.0,0.0,0.0,0.0,2.977,0.706,4.564,0.215,8.676
FireSmokeVideoNEW219_f8_jpg.rf.046f3bd1cafb22613d463425cf33c9da.jpg,0,0,0.9986,0.0,0.0,0.0,4.37,0.572,4.562,0.211,9.93
FireSmokeVideoNEW219_f91_jpg.rf.9f1e6dfa4f1a9256334d175a92273a16.jpg,0,0,0.9249,0.0,0.0,0.0,2.964,0.513,4.574,0.213,8.478
FireSmokeVideoNEW219_f96_jpg.rf.a40be148c2196c81a3b370bf04ff8cee.jpg,0,1,0.9671,0.0,0.0,0.0,3.845,0.581,4.525,0.234,9.415
FireSmokeVideoNEW219_f98_jpg.rf.f2faa3e7c16967233b337aad59c2372d.jpg,0,1,0.9055,0.0,0.0,0.0,3.236,0.502,4.587,0.258,8.799
FireSmokeVideoNEW235_f33_jpg.rf.0a3116fe91b93b2b42685c8f07b15f59.jpg,0,0,1.0,0.0,0.0,0.0,5.398,2.805,6.171,0.38,14.987
FireSmokeVideoNEW235_f37_jpg.rf.90215e2867005d19440f24ddd8be4134.jpg,0,0,1.0,0.0,0.0,0.0,4.24,0.511,4.64,0.233,9.847
FireSmokeVideoNEW235_f40_jpg.rf.8cddc8b01761e5099ffc078afe05dcfe.jpg,0,0,1.0,0.0,0.0,0.0,4.273,0.512,4.635,0.233,9.877
FireSmokeVideoNEW237_f16_jpg.rf.5f11e272d92059f407f138e3d5a60da6.jpg,0,1,0.9993,0.0,0.0,0.0,3.311,0.513,6.504,0.241,10.795
FireSmokeVideoNEW237_f18_jpg.rf.a6fdf7b427848eb4ea6973ff968a3354.jpg,0,1,0.9924,0.0,0.0,0.0,4.064,0.513,4.585,0.223,9.603
FireSmokeVideoNEW237_f1_jpg.rf.d1f928ef436c01e7b2cf526c4f809b21.jpg,0,0,0.9999,0.0,0.0,0.0,2.998,1.03,4.561,0.212,9.01
FireSmokeVideoNEW237_f22_jpg.rf.db0488cc4f6f26c8e0fafe466b04c599.jpg,0,1,0.5844,0.0,0.0,0.0,3.316,0.569,4.547,0.213,8.858
FireSmokeVideoNEW237_f24_jpg.rf.50b525402b3eeb1da34eaca14126f841.jpg,0,1,0.9994,0.0,0.0,0.0,2.983,0.507,4.555,0.22,8.48
FireSmokeVideoNEW237_f26_jpg.rf.292fa36bc2afe2ee1be1016fa5349d28.jpg,0,0,0.9961,0.0,0.0,0.0,4.033,0.821,4.655,0.24,10.009
FireSmokeVideoNEW237_f2_jpg.rf.2e172a45e9ba82d4ad523119d91a1e54.jpg,0,0,1.0,0.0,0.0,0.0,3.063,0.515,4.708,0.266,8.786
FireSmokeVideoNEW237_f36_jpg.rf.8489fa3bf6c71ee4d009d4fd3ced8a26.jpg,0,0,0.8916,0.0,0.0,0.0,4.314,1.584,8.489,0.265,14.886
FireSmokeVideoNEW237_f38_jpg.rf.83e1c26126ab42521c01f2d6fb8bf25c.jpg,0,0,0.9191,0.0,0.0,0.0,4.346,0.665,5.751,0.352,11.488
FireSmokeVideoNEW237_f40_jpg.rf.75afeed09f8d7c77cf67b47a49c36595.jpg,0,0,0.9929,0.0,0.0,0.0,4.328,1.48,4.73,0.359,11.131
FireSmokeVideoNEW237_f42_jpg.rf.1e54ef2074d501111766d23a9c125016.jpg,0,0,0.9983,0.0,0.0,0.0,5.394,1.799,4.547,0.282,12.251
FireSmokeVideoNEW239_f11_jpg.rf.68967d6ccd4e0696316a88c71059fe48.jpg,0,1,0.9994,0.0,0.0,0.0,8.363,0.775,5.185,0.23,14.876
FireSmokeVideoNEW239_f13_jpg.rf.47e9d94edb230b4d3d7a90e4a030b812.jpg,0,1,0.9998,0.0,0.0,0.0,3.126,1.064,4.574,0.203,9.183
FireSmokeVideoNEW239_f19_jpg.rf.547e1d5a34191e556bcee188b8d70562.jpg,0,0,0.9999,0.0,0.0,0.0,3.32,2.031,4.637,0.23,10.443
FireSmokeVideoNEW239_f20_jpg.rf.fc7c6c45683e4bb495152a4a71da41c9.jpg,0,0,0.9999,0.0,0.0,0.0,5.134,0.816,4.596,0.223,10.985
FireSmokeVideoNEW239_f22_jpg.rf.e5b4ae7747d32b81ac24d361025cef74.jpg,0,0,1.0,0.0,0.0,0.0,6.229,1.902,9.965,0.363,18.691
FireSmokeVideoNEW239_f39_jpg.rf.aa6a200b4d0178ecbf3e7b4245b845ed.jpg,0,1,0.8435,0.0,0.0,0.0,7.179,1.584,5.194,0.233,14.504
FireSmokeVideoNEW239_f40_jpg.rf.5400696a6507c2c33b93aefa6aefe051.jpg,0,1,0.9667,0.0,0.0,0.0,3.812,1.387,4.934,0.23,10.582
FireSmokeVideoNEW239_f46_jpg.rf.d2960d91eab4ce54a9db418325f9564a.jpg,0,0,0.9578,0.0,0.0,0.0,5.349,2.914,5.423,0.344,14.277
FireSmokeVideoNEW239_f59_jpg.rf.f284514ce57dd6611a19f3b0eb179ea6.jpg,0,0,0.9995,0.0,0.0,0.0,5.339,0.708,5.469,0.285,12.102
FireSmokeVideoNEW239_f60_jpg.rf.9a19d896995c8f884c4af9a5adec577c.jpg,0,0,1.0,0.0,0.0,0.0,4.86,0.499,6.47,0.215,12.262
FireSmokeVideoNEW239_f62_jpg.rf.c5dbdb82e651aa6e0eeadf51a3d4b0b8.jpg,0,0,0.9924,0.0,0.0,0.0,5.161,0.671,4.545,0.221,10.814
FireSmokeVideoNEW239_f70_jpg.rf.f2b597cea774e2c3131039471aa2744d.jpg,0,1,0.9136,0.0,0.0,0.0,6.843,1.67,4.865,0.38,14.027
FireSmokeVideoNEW239_f7_jpg.rf.716102698433c487e0011b828b703f1d.jpg,0,1,0.8056,0.0,0.0,0.0,3.891,1.287,4.541,0.242,10.205
FireSmokeVideoNEW239_f83_jpg.rf.fd4fba17753f5ce5a45588d3a16fd999.jpg,0,0,1.0,0.0,0.0,0.0,3.167,1.297,4.657,0.259,9.596
FireSmokeVideoNEW23_f102_jpg.rf.f6918e51a89dedb0dba64a14386fd485.jpg,0,0,0.9996,0.0,0.0,0.0,5.433,2.093,6.935,0.353,15.083
FireSmokeVideoNEW23_f105_jpg.rf.4b98f0ba685d140a37dbbc9990c03762.jpg,0,0,1.0,0.0,0.0,0.0,3.251,0.51,4.586,0.22,8.78
FireSmokeVideoNEW23_f118_jpg.rf.e6a891db192eb91ffbb8e7475705dd9d.jpg,0,0,1.0,0.0,0.0,0.0,3.319,1.579,4.555,0.215,9.882
FireSmokeVideoNEW23_f122_jpg.rf.c171441c5b0ca3924c8c66c72534cf2b.jpg,0,0,1.0,0.0,0.0,0.0,4.726,0.532,4.636,0.233,10.351
FireSmokeVideoNEW23_f125_jpg.rf.5debf4bd1984f010c1b1dcd28310aa83.jpg,0,0,0.9922,0.0,0.0,0.0,3.149,0.513,4.571,0.213,8.66
FireSmokeVideoNEW23_f127_jpg.rf.37c0782706a1236efceb4c739407dd25.jpg,0,0,0.9966,0.0,0.0,0.0,3.766,0.556,4.455,0.22,9.219
FireSmokeVideoNEW23_f129_jpg.rf.2ea639692a7e29daa8b8ea1de69eeb72.jpg,0,0,0.9498,0.0,0.0,0.0,3.017,1.541,4.663,0.237,9.684
FireSmokeVideoNEW23_f131_jpg.rf.466531ad1511190a89c1eb2be15960fd.jpg,0,0,0.9995,0.0,0.0,0.0,4.332,1.349,9.281,0.254,15.446
FireSmokeVideoNEW23_f133_jpg.rf.4cb0c0e8f14d2f4314645ba2d96e90d0.jpg,0,0,1.0,0.0,0.0,0.0,5.752,0.558,4.581,0.219,11.33
FireSmokeVideoNEW23_f17_jpg.rf.7e12e7a6b3bf78ade1514efca4fa6b17.jpg,0,0,0.8059,0.0,0.0,0.0,3.923,0.501,4.655,0.234,9.527
FireSmokeVideoNEW23_f20_jpg.rf.45ba21827ce25fc5f38bfbc2f24d6b8e.jpg,0,0,0.9849,0.0,0.0,0.0,5.211,0.558,4.522,0.238,10.751
FireSmokeVideoNEW23_f22_jpg.rf.29f2d535a890c06a4cf54fb62aeae916.jpg,0,0,0.9959,0.0,0.0,0.0,3.107,2.714,7.035,0.655,13.761
FireSmokeVideoNEW23_f24_jpg.rf.967b8a5e7330bbab9f4342e93da5b612.jpg,0,0,0.8766,0.0,0.0,0.0,5.999,1.855,5.189,0.237,13.602
FireSmokeVideoNEW23_f27_jpg.rf.31f2d7fbc4ad759a14190cf119c86cd3.jpg,0,1,0.9969,0.0,0.0,0.0,5.907,0.732,5.63,0.412,13.005
FireSmokeVideoNEW23_f30_jpg.rf.73360b6fc9f719c0b07919def1843b67.jpg,0,0,0.7699,0.0,0.0,0.0,5.875,0.777,5.685,0.377,13.037
FireSmokeVideoNEW23_f36_jpg.rf.a573980f5cbddf58725ec307297ae2c2.jpg,0,0,0.9988,0.0,0.0,0.0,4.661,1.648,5.428,0.472,12.477
FireSmokeVideoNEW23_f44_jpg.rf.9cb37443c4da43f08c79e1c8c7270ad3.jpg,0,0,0.9994,0.0,0.0,0.0,5.563,0.511,4.62,0.238,11.158
FireSmokeVideoNEW23_f50_jpg.rf.1d318ace626b552ab85bedae9c6fe2ae.jpg,0,0,0.9994,0.0,0.0,0.0,5.044,0.692,5.035,0.254,11.331
FireSmokeVideoNEW23_f57_jpg.rf.4e21297b504ef4126b9a6b95cad8ca0c.jpg,0,0,0.9998,0.0,0.0,0.0,5.152,1.105,4.57,0.215,11.263
FireSmokeVideoNEW23_f59_jpg.rf.d2f656988b1f5b0fb714b178d9799544.jpg,0,0,0.9999,0.0,0.0,0.0,3.239,0.541,4.576,0.222,8.799
FireSmokeVideoNEW23_f63_jpg.rf.0ac33d38cacbd861c7b582f17c820bb4.jpg,0,0,1.0,0.0,0.0,0.0,4.037,0.942,6.715,0.214,12.133
FireSmokeVideoNEW23_f76_jpg.rf.a966534c07edefd0f3dff0c96376a243.jpg,0,0,1.0,0.0,0.0,0.0,3.073,0.626,4.572,0.21,8.694
FireSmokeVideoNEW23_f90_jpg.rf.b61cfc180d6eceb938b4af6caf51abf9.jpg,0,0,1.0,0.0,0.0,0.0,6.381,0.506,4.564,0.21,11.872
FireSmokeVideoNEW240_f24_jpg.rf.c32f26544e37c883914250c509498e68.jpg,0,0,1.0,0.0,0.0,0.0,4.566,0.513,4.761,0.326,10.383
FireSmokeVideoNEW240_f26_jpg.rf.827a12f2836232905b4da03069e4a2bb.jpg,0,0,1.0,0.0,0.0,0.0,3.657,1.547,4.798,0.28,10.532
FireSmokeVideoNEW247_f0_jpg.rf.beef7d32aee1fcf9184bde5c0007c8a7.jpg,0,0,0.9999,0.0,0.0,0.0,6.294,0.975,4.728,0.239,12.481
FireSmokeVideoNEW247_f11_jpg.rf.22e187d3de34114cbe2eee824dcf8ea4.jpg,0,0,0.9896,0.0,0.0,0.0,5.189,0.521,4.593,0.259,10.791
FireSmokeVideoNEW247_f13_jpg.rf.cf17b57023a106f84957783337e1dd83.jpg,0,0,0.6244,0.0,0.0,0.0,4.518,0.506,4.592,0.22,10.052
FireSmokeVideoNEW247_f15_jpg.rf.36fd571e1f519a0b5e072f998cf318bf.jpg,0,0,0.997,0.0,0.0,0.0,2.998,0.512,4.585,0.26,8.57
FireSmokeVideoNEW247_f22_jpg.rf.f99e1b6f5eb1bddbeb9ce9f856242d0b.jpg,0,0,0.9999,0.0,0.0,0.0,3.092,0.772,4.67,0.22,8.974
FireSmokeVideoNEW247_f24_jpg.rf.1ee4e739ab247b40d19859c571533d93.jpg,0,0,0.9999,0.0,0.0,0.0,4.18,0.532,6.507,0.217,11.653
FireSmokeVideoNEW247_f26_jpg.rf.a797b29033eb18f9d2b6c36421877eb6.jpg,0,0,0.9999,0.0,0.0,0.0,3.066,0.589,4.573,0.22,8.655
FireSmokeVideoNEW247_f29_jpg.rf.f14ac60e4f41877c5491fde4790673c3.jpg,0,0,0.9994,0.0,0.0,0.0,4.283,0.53,4.615,0.219,9.868
FireSmokeVideoNEW247_f30_jpg.rf.aafb436047adf51b707ef78707e2b913.jpg,0,0,0.9994,0.0,0.0,0.0,4.248,1.358,4.878,0.32,11.038
FireSmokeVideoNEW247_f32_jpg.rf.e9ff5ba78f26413500f425b399e23665.jpg,0,0,0.9988,0.0,0.0,0.0,4.131,2.661,4.529,0.234,11.78
FireSmokeVideoNEW247_f34_jpg.rf.6c3c5690e43240a790d6a5e9721b8c63.jpg,0,0,0.9976,0.0,0.0,0.0,3.721,0.522,4.527,0.229,9.228
FireSmokeVideoNEW247_f4_jpg.rf.6a0ddd7371fb83e53e311ea22189d480.jpg,0,0,0.9999,0.0,0.0,0.0,4.342,2.085,4.463,0.219,11.362
FireSmokeVideoNEW247_f6_jpg.rf.a694822f16bef6e50518310eca6ac39e.jpg,0,0,0.9992,0.0,0.0,0.0,3.258,0.527,4.588,0.223,8.816
FireSmokeVideoNEW247_f8_jpg.rf.6b64236393a322ec185f256a364cf11c.jpg,0,0,0.9999,0.0,0.0,0.0,3.419,0.525,4.585,0.215,8.963
FireSmokeVideoNEW257_f14_jpg.rf.219b5dbc0697a8fa0cc33d06791cae70.jpg,0,0,0.9993,0.0,0.0,0.0,3.329,0.511,4.575,0.214,8.845
FireSmokeVideoNEW258_f100_jpg.rf.355178e1214dd3903eaa752ee7eef30e.jpg,0,0,0.9998,0.0,0.0,0.0,4.287,0.614,4.69,0.244,10.067
FireSmokeVideoNEW258_f11_jpg.rf.0dba1da8050dc2ce1b709b5f242f741d.jpg,0,0,0.9998,0.0,0.0,0.0,3.309,0.762,4.621,0.216,9.134
FireSmokeVideoNEW258_f170_jpg.rf.6c3e4b2743ca89c8ee5dd1856a6141bd.jpg,0,0,1.0,0.0,0.0,0.0,2.999,0.515,4.582,0.257,8.569
FireSmokeVideoNEW258_f1_jpg.rf.0d3b83be9ba47d2910cdb2dec33113fc.jpg,0,0,1.0,0.0,0.0,0.0,4.758,1.69,6.433,0.257,13.535
FireSmokeVideoNEW258_f2_jpg.rf.b83eafff3fd4b43c1860e76314bb50ac.jpg,0,0,1.0,0.0,0.0,0.0,3.546,0.51,4.439,0.212,8.917
FireSmokeVideoNEW258_f3_jpg.rf.cd8a2e8513bdb4e131855fb45fd1bdfc.jpg,0,0,1.0,0.0,0.0,0.0,3.786,0.508,6.495,0.236,11.255
FireSmokeVideoNEW258_f41_jpg.rf.de1a58da1bf54a7517d2312b13c76577.jpg,0,0,0.9997,0.0,0.0,0.0,3.032,0.514,4.569,0.219,8.548
FireSmokeVideoNEW258_f51_jpg.rf.3235141ca98e65b2ab3e2a034029f5f0.jpg,0,0,0.9702,0.0,0.0,0.0,3.0,0.5,4.569,0.211,8.494
FireSmokeVideoNEW258_f5_jpg.rf.0858c131be1788253fc6056f1b952726.jpg,0,0,1.0,0.0,0.0,0.0,3.139,0.501,4.558,0.211,8.619
FireSmokeVideoNEW258_f7_jpg.rf.8516c19839e35db825c80a381605f57c.jpg,0,0,0.9999,0.0,0.0,0.0,3.036,0.507,4.578,0.207,8.537
FireSmokeVideoNEW258_f8_jpg.rf.06a72518e055cecd6c4555cd122fc078.jpg,0,0,0.9999,0.0,0.0,0.0,3.937,0.722,4.574,0.216,9.662
FireSmokeVideoNEW266_f22_jpg.rf.f1df0a77304fe82235036772cf5b8801.jpg,0,0,0.99,0.0,0.0,0.0,3.014,0.507,4.626,0.242,8.6
FireSmokeVideoNEW26_f19_jpg.rf.aeed9f3bfcb0a0dee24e772e00f3a420.jpg,0,0,0.9664,0.0,0.0,0.0,4.496,2.764,7.985,0.398,15.991
FireSmokeVideoNEW26_f21_jpg.rf.4f774db17e69a10fb5f9a8f7999edf9c.jpg,0,0,0.9987,0.0,0.0,0.0,5.101,0.735,4.641,0.242,10.948
FireSmokeVideoNEW26_f23_jpg.rf.8aa65d6972e281489f02f3f5ca285e15.jpg,0,1,0.8694,0.0,0.0,0.0,5.301,0.54,4.563,0.217,10.844
FireSmokeVideoNEW26_f25_jpg.rf.2dfc9f18e082edcb01be0a2710a98b76.jpg,0,1,0.6965,0.0,0.0,0.0,4.19,1.264,6.72,0.238,12.669
FireSmokeVideoNEW26_f31_jpg.rf.4143b47a6b97ba01168be4b9d2f60793.jpg,0,0,0.9979,0.0,0.0,0.0,5.485,0.942,4.644,0.271,11.577
FireSmokeVideoNEW26_f35_jpg.rf.337993c7df976473f1dae7d82060e013.jpg,0,0,0.9995,0.0,0.0,0.0,3.083,0.509,4.564,0.215,8.583
FireSmokeVideoNEW26_f46_jpg.rf.589a067217e777a751aad10475ecbefe.jpg,0,0,0.9999,0.0,0.0,0.0,4.983,0.55,4.584,0.215,10.543
FireSmokeVideoNEW26_f4_jpg.rf.d688d7df9f262c6d2b3e578c6873be05.jpg,0,0,0.9994,0.0,0.0,0.0,3.128,0.495,4.626,0.221,8.687
FireSmokeVideoNEW26_f56_jpg.rf.091996435ae26520beb3244b5e0ee2bc.jpg,0,0,0.9965,0.0,0.0,0.0,4.415,2.794,4.516,0.249,12.214
FireSmokeVideoNEW26_f59_jpg.rf.fa7bc3aac3cd3f1c051dd584b60dafe4.jpg,0,0,0.8072,0.0,0.0,0.0,4.773,2.576,6.86,0.215,14.676
FireSmokeVideoNEW26_f60_jpg.rf.62d0d8eae4ccc467a2e8fced935b824d.jpg,0,0,0.9969,0.0,0.0,0.0,5.59,1.744,5.204,0.232,13.082
FireSmokeVideoNEW26_f63_jpg.rf.69b2cff0f2bb17ae0ff536fc67019a1d.jpg,0,1,0.9802,0.0,0.0,0.0,3.456,0.53,4.475,0.214,8.895
FireSmokeVideoNEW272_f17_jpg.rf.681a79d14101780a9bcd7453d9a3c679.jpg,0,0,0.9509,0.0,0.0,0.0,3.051,0.5,4.566,0.216,8.548
FireSmokeVideoNEW272_f19_jpg.rf.9e21fc07045a840ba29d86234002d9e9.jpg,0,0,0.7331,0.0,0.0,0.0,4.813,0.939,4.99,0.235,11.259
FireSmokeVideoNEW272_f34_jpg.rf.17eab7e1f185c1bf78222fa35986e631.jpg,0,0,0.9969,0.0,0.0,0.0,2.991,0.895,4.61,0.213,8.928
FireSmokeVideoNEW272_f40_jpg.rf.5021128e8f11f4be0933cbc0e2ffd97a.jpg,0,0,0.9998,0.0,0.0,0.0,4.734,0.504,4.663,0.23,10.355
FireSmokeVideoNEW275_f0_jpg.rf.66efa8f4455c2211b1008e5a09fc635f.jpg,0,0,1.0,0.0,0.0,0.0,3.043,0.533,4.595,0.209,8.598
FireSmokeVideoNEW275_f2_jpg.rf.2c4eb2d850522c60eb1ad7590c09421c.jpg,0,0,1.0,0.0,0.0,0.0,3.099,0.511,4.587,0.215,8.629
FireSmokeVideoNEW275_f4_jpg.rf.3c3d229e122e904ca5813eb2f0b03a09.jpg,0,0,1.0,0.0,0.0,0.0,3.966,2.112,4.541,0.27,11.132
FireSmokeVideoNEW275_f7_jpg.rf.3d3cfcb2ac85080323093b5f4f6c41b8.jpg,0,0,1.0,0.0,0.0,0.0,5.472,0.569,4.537,0.23,11.045
FireSmokeVideoNEW28_f10_jpg.rf.4bb4d72f7f6c00ff76743ecb428ff3d0.jpg,0,0,1.0,0.0,0.0,0.0,2.959,0.494,4.609,0.212,8.486
FireSmokeVideoNEW28_f1_jpg.rf.d1e73d75ae2b9e6caeec1d2cdc9124e7.jpg,0,0,1.0,0.0,0.0,0.0,3.194,0.509,4.553,0.206,8.678
FireSmokeVideoNEW28_f21_jpg.rf.457752981e7607422ba3a8fc0040cba9.jpg,0,0,1.0,0.0,0.0,0.0,3.17,0.501,4.664,0.218,8.761
FireSmokeVideoNEW28_f23_jpg.rf.f783a837f645611d965ea29521af99c8.jpg,0,0,0.9999,0.0,0.0,0.0,3.567,0.532,4.318,0.235,8.887
FireSmokeVideoNEW28_f29_jpg.rf.e6f9ee24d7da87d2cb32dadd9e3b77c4.jpg,0,0,1.0,0.0,0.0,0.0,2.978,0.563,4.631,0.236,8.635
FireSmokeVideoNEW28_f31_jpg.rf.b75f68e92e02020b7ebcb2ab065a5e01.jpg,0,0,1.0,0.0,0.0,0.0,3.09,1.045,4.576,0.22,9.147
FireSmokeVideoNEW28_f34_jpg.rf.92bb8541bcf700c33b44667585e21002.jpg,0,0,1.0,0.0,0.0,0.0,3.001,0.51,4.558,0.214,8.523
FireSmokeVideoNEW28_f36_jpg.rf.d36a568fc3698f3163d4868ee8ad919b.jpg,0,0,1.0,0.0,0.0,0.0,2.957,0.607,4.574,0.219,8.576
FireSmokeVideoNEW28_f38_jpg.rf.3439617aab6c1d0e3ae38eb636cbbf8f.jpg,0,0,0.9999,0.0,0.0,0.0,4.058,0.553,4.536,0.236,9.615
FireSmokeVideoNEW28_f3_jpg.rf.8071c70044c10492beb8062b5511f680.jpg,0,0,1.0,0.0,0.0,0.0,5.463,2.67,9.57,0.255,18.235
FireSmokeVideoNEW2_f21_jpg.rf.0e9524cf62f6668246104036ea965a9a.jpg,0,0,0.9993,0.0,0.0,0.0,4.705,0.565,4.741,0.361,10.634
FireSmokeVideoNEW2_f23_jpg.rf.2419c84a5bda0a37d4631053393f7144.jpg,0,0,0.9995,0.0,0.0,0.0,3.48,0.519,4.587,0.218,9.028
FireSmokeVideoNEW2_f3_jpg.rf.96bdfc0d1d0807033c3499bfcca417d2.jpg,0,0,0.9978,0.0,0.0,0.0,3.313,0.525,4.58,0.255,8.889
FireSmokeVideoNEW2_f5_jpg.rf.acd86e0e4ec1ad803dd924f149d009d0.jpg,0,0,0.9891,0.0,0.0,0.0,5.507,2.165,5.291,0.345,13.614
FireSmokeVideoNEW32_f0_jpg.rf.2400a4bfa095f21a573437da42451295.jpg,0,0,1.0,0.0,0.0,0.0,4.296,1.303,4.594,0.216,10.638
FireSmokeVideoNEW32_f13_jpg.rf.ae355b286908e2d29d9a44f3f1b567b9.jpg,0,0,1.0,0.0,0.0,0.0,5.628,1.289,4.645,0.213,11.991
FireSmokeVideoNEW32_f16_jpg.rf.a2bcfc2b71be00d988e48550c76c42a9.jpg,0,0,0.9997,0.0,0.0,0.0,4.163,0.601,4.578,0.217,9.781
FireSmokeVideoNEW32_f1_jpg.rf.3299347e0a4bdbc4da1df1a6db03ccd7.jpg,0,0,1.0,0.0,0.0,0.0,3.758,0.561,4.625,0.215,9.379
FireSmokeVideoNEW32_f22_jpg.rf.83ac8450a5d131bcc7a1a42581404bdf.jpg,0,0,1.0,0.0,0.0,0.0,5.919,1.918,7.97,0.364,16.401
FireSmokeVideoNEW32_f30_jpg.rf.14dd351a29b47e6c65320fb88bd6908f.jpg,0,0,0.7197,0.0,0.0,0.0,3.718,0.577,6.72,0.349,11.596
FireSmokeVideoNEW32_f32_jpg.rf.c7579105a780c42823b2bf0cfe716a2f.jpg,0,0,0.9994,0.0,0.0,0.0,4.007,1.551,4.985,0.326,11.091
FireSmokeVideoNEW32_f35_jpg.rf.e85d0be8faf914b709dc04814aaf341f.jpg,0,0,0.9985,0.0,0.0,0.0,4.205,1.576,5.471,0.332,11.91
FireSmokeVideoNEW32_f5_jpg.rf.d64bb033fd7cbf4738e6dfe35fdf1703.jpg,0,0,1.0,0.0,0.0,0.0,6.246,1.444,4.923,0.319,13.182
FireSmokeVideoNEW32_f9_jpg.rf.6dee71363eb5db4b336191f69e9b1ed7.jpg,0,0,1.0,0.0,0.0,0.0,3.863,2.951,6.088,0.347,13.547
FireSmokeVideoNEW33_f22_jpg.rf.7b762c1aaea4343a5ef9d0c55f56f953.jpg,0,0,1.0,0.0,0.0,0.0,5.929,1.462,5.255,0.244,13.211
FireSmokeVideoNEW33_f4_jpg.rf.2a2a5a5e75eee5f94bff7e57472718ad.jpg,0,0,1.0,0.0,0.0,0.0,6.433,2.006,7.358,0.244,16.412
FireSmokeVideoNEW33_f7_jpg.rf.8f4a8f9f00ac9edbee0d4623323bdcd6.jpg,0,0,1.0,0.0,0.0,0.0,4.679,0.749,5.513,0.269,11.519
FireSmokeVideoNEW33_f9_jpg.rf.6c70578f3c4ef4ec42b2df3d2c549ceb.jpg,0,0,1.0,0.0,0.0,0.0,5.181,1.549,4.702,0.245,11.936
FireSmokeVideoNEW34_f1_jpg.rf.8215067316131a3313e18d5ad5353d99.jpg,0,0,1.0,0.0,0.0,0.0,6.126,0.693,5.302,0.235,12.688
FireSmokeVideoNEW34_f34_jpg.rf.37cec1d82efd789d44143e68cd758395.jpg,0,0,0.9999,0.0,0.0,0.0,5.523,0.973,5.58,0.368,12.769
FireSmokeVideoNEW34_f38_jpg.rf.26502230165a0194b177c8d1b86e9696.jpg,0,0,1.0,0.0,0.0,0.0,5.793,0.72,5.579,0.344,12.756
FireSmokeVideoNEW34_f40_jpg.rf.b206248a0c183d0f0c6fa6b3cea3f9b1.jpg,0,0,1.0,0.0,0.0,0.0,4.47,0.702,5.438,0.239,11.142
FireSmokeVideoNEW34_f42_jpg.rf.d53011814dbea48b0ec1dafff52177a1.jpg,0,0,1.0,0.0,0.0,0.0,6.043,2.29,6.875,0.236,15.686
FireSmokeVideoNEW34_f44_jpg.rf.1177396e61f8137af220647dce4b1245.jpg,0,0,1.0,0.0,0.0,0.0,6.161,1.567,10.372,0.408,18.755
FireSmokeVideoNEW34_f46_jpg.rf.cca6e614ca8501a020d46912f1b3ee4e.jpg,0,0,1.0,0.0,0.0,0.0,3.105,0.667,5.442,0.372,9.897
FireSmokeVideoNEW34_f50_jpg.rf.a36a4778c1868528e32b55d792489d17.jpg,0,0,1.0,0.0,0.0,0.0,6.028,0.77,5.26,0.222,12.587
FireSmokeVideoNEW34_f52_jpg.rf.8ce2843bdac208f9cecc552f7a6ca397.jpg,0,0,1.0,0.0,0.0,0.0,5.03,0.673,4.587,0.284,10.846
FireSmokeVideoNEW34_f9_jpg.rf.21533fd04be19eae845493f79a8b8d5d.jpg,0,0,1.0,0.0,0.0,0.0,5.248,1.337,4.676,0.233,11.732
FireSmokeVideoNEW39_f12_jpg.rf.6b1a04cbd026fc441becebb94e427c4a.jpg,0,0,1.0,0.0,0.0,0.0,3.349,0.495,4.443,0.215,8.718
FireSmokeVideoNEW39_f14_jpg.rf.0b630472ef3171594b7408d634811857.jpg,0,0,1.0,0.0,0.0,0.0,3.035,0.499,4.548,0.218,8.519
FireSmokeVideoNEW39_f27_jpg.rf.a348c34cb0c905bc10848eef58c16736.jpg,0,0,1.0,0.0,0.0,0.0,4.921,0.648,5.705,0.488,12.056
FireSmokeVideoNEW39_f29_jpg.rf.3153d7e1c815872b09fa97870799ef0f.jpg,0,0,1.0,0.0,0.0,0.0,4.185,0.526,4.541,0.231,9.738
FireSmokeVideoNEW39_f30_jpg.rf.bc038c090b010da4c10327f81f872cb0.jpg,0,0,1.0,0.0,0.0,0.0,3.697,0.509,4.576,0.226,9.226
FireSmokeVideoNEW39_f38_jpg.rf.82ad0aa274eed9218fd4ed14780e9bad.jpg,0,0,0.9996,0.0,0.0,0.0,4.567,1.373,4.545,0.239,10.96
FireSmokeVideoNEW39_f3_jpg.rf.c34909729e2fc010ba87b670b4c77269.jpg,0,0,1.0,0.0,0.0,0.0,4.412,0.509,4.582,0.221,9.942
FireSmokeVideoNEW39_f5_jpg.rf.92baa02b2efc10d6311e03b178523e76.jpg,0,0,1.0,0.0,0.0,0.0,2.955,0.508,4.576,0.215,8.467
FireSmokeVideoNEW39_f7_jpg.rf.6fa03b62a2a987bef0d1121c557bc62a.jpg,0,0,1.0,0.0,0.0,0.0,3.163,0.522,4.551,0.21,8.666
FireSmokeVideoNEW39_f9_jpg.rf.05d7d81358629eb2852e6331007a1a4a.jpg,0,0,1.0,0.0,0.0,0.0,3.053,0.554,4.588,0.221,8.634
FireSmokeVideoNEW42_f47_jpg.rf.fefbdf8f7c2f935e5f4f0b188f792887.jpg,0,0,0.9998,0.0,0.0,0.0,3.938,0.567,4.552,0.234,9.52
FireSmokeVideoNEW46_f0_jpg.rf.946d702a200935149a2bfd27e574bd51.jpg,0,0,1.0,0.0,0.0,0.0,3.308,0.524,4.586,0.222,8.861
FireSmokeVideoNEW46_f11_jpg.rf.0936909f6cd873e909fd9cec877c6170.jpg,0,0,0.9997,0.0,0.0,0.0,4.033,1.383,6.784,0.262,12.696
FireSmokeVideoNEW46_f13_jpg.rf.0473876fe175a3df05494cecb56edf4b.jpg,0,0,1.0,0.0,0.0,0.0,3.432,0.501,4.434,0.211,8.795
FireSmokeVideoNEW46_f17_jpg.rf.8ad412a7df70200affbd47d3955b8f23.jpg,0,0,1.0,0.0,0.0,0.0,3.981,0.652,4.732,0.234,9.834
FireSmokeVideoNEW46_f19_jpg.rf.a4ad74e22f482a72ff8982feeda7fc3d.jpg,0,0,1.0,0.0,0.0,0.0,4.088,0.771,4.58,0.226,9.897
FireSmokeVideoNEW46_f2_jpg.rf.c648a34debc2802b7fcc427f8100ba55.jpg,0,0,0.9999,0.0,0.0,0.0,3.286,0.511,4.594,0.241,8.851
FireSmokeVideoNEW46_f3_jpg.rf.b37ca62c29e752c22d88e612645f6f13.jpg,0,0,0.9999,0.0,0.0,0.0,3.894,0.635,4.62,0.263,9.631
FireSmokeVideoNEW46_f5_jpg.rf.6fc10ebb6c245cf0beafb1715d734d4e.jpg,0,0,0.9998,0.0,0.0,0.0,3.476,0.527,4.699,0.229,9.146
FireSmokeVideoNEW46_f7_jpg.rf.bdb3373b6a924b037a4685de7305f41b.jpg,0,0,0.9999,0.0,0.0,0.0,3.345,0.499,4.617,0.227,8.899
FireSmokeVideoNEW47_f51_jpg.rf.c88a9a00e436ad4847e42bef177b68ce.jpg,0,0,0.9999,0.0,0.0,0.0,5.523,1.29,4.535,0.227,11.802
FireSmokeVideoNEW48_f14_jpg.rf.56243d543269e852e51ed4a0117e8539.jpg,0,0,1.0,0.0,0.0,0.0,3.202,0.513,4.66,0.231,8.824
FireSmokeVideoNEW48_f19_jpg.rf.0b70ec5385e2deb805c52d665f085647.jpg,0,0,1.0,0.0,0.0,0.0,4.931,2.689,7.778,0.362,16.064
FireSmokeVideoNEW48_f20_jpg.rf.2b84e7c78da5d2d5c1921742e44bdc1e.jpg,0,0,1.0,0.0,0.0,0.0,4.236,2.95,5.231,0.345,13.048
FireSmokeVideoNEW48_f27_jpg.rf.6f0ea7fe884a78a1b811a178ab0eac35.jpg,0,0,0.9999,0.0,0.0,0.0,4.505,0.967,4.703,0.238,10.637
FireSmokeVideoNEW48_f2_jpg.rf.ec11cbfdc108affb5a7c9723dbb7e5da.jpg,0,0,1.0,0.0,0.0,0.0,3.752,0.505,6.572,0.239,11.288
FireSmokeVideoNEW48_f4_jpg.rf.8cf00b4fa17c2551537859be9fde3adc.jpg,0,0,1.0,0.0,0.0,0.0,4.388,0.665,5.25,0.531,11.14
FireSmokeVideoNEW48_f9_jpg.rf.ca91030726b8b41e67493de29adad562.jpg,0,0,1.0,0.0,0.0,0.0,4.827,0.638,4.57,0.221,10.47
FireSmokeVideoNEW53_f1_jpg.rf.be3cc4af60b8e00cd05cfa5e51ad005e.jpg,0,0,0.9991,0.0,0.0,0.0,3.031,0.495,4.614,0.232,8.587
FireSmokeVideoNEW53_f2_jpg.rf.3d973bf1ac678298859d488cb4bfe757.jpg,0,0,0.9992,0.0,0.0,0.0,3.124,0.481,4.613,0.235,8.699
FireSmokeVideoNEW53_f3_jpg.rf.c585371eb2404fbdf5969b1273dc86d6.jpg,0,0,0.9996,0.0,0.0,0.0,5.49,1.747,7.565,0.26,15.298
FireSmokeVideoNEW53_f52_jpg.rf.a3230f3288fb962379665fb159f9317f.jpg,0,0,0.9996,0.0,0.0,0.0,4.36,1.346,4.987,0.378,11.297
FireSmokeVideoNEW53_f5_jpg.rf.50876281755a19260cc1d23bde91547a.jpg,0,0,1.0,0.0,0.0,0.0,6.68,1.61,4.785,0.24,13.635
FireSmokeVideoNEW53_f7_jpg.rf.7b454ecfa010b15be836f1818eb9bdcc.jpg,0,0,0.9999,0.0,0.0,0.0,3.944,1.356,4.574,0.215,10.304
FireSmokeVideoNEW53_f9_jpg.rf.fe1cd71cc35a34c3db2d47541a5a491f.jpg,0,0,0.9998,0.0,0.0,0.0,3.779,1.36,4.575,0.215,10.156
FireSmokeVideoNEW54_f13_jpg.rf.a9e867909a17f3f9c11ca08ddf18b5dc.jpg,0,0,1.0,0.0,0.0,0.0,5.617,1.605,5.143,0.236,12.905
FireSmokeVideoNEW54_f38_jpg.rf.cca8610c8803098ff4c112e69e53928d.jpg,0,0,1.0,0.0,0.0,0.0,6.119,0.701,5.163,0.233,12.522
FireSmokeVideoNEW54_f55_jpg.rf.8c8d8266780830e66fd8172a9978a3f3.jpg,0,0,1.0,0.0,0.0,0.0,6.828,1.605,5.581,0.373,14.727
FireSmokeVideoNEW56_f20_jpg.rf.22946dd32acfc9afc317f1d62d04bfbf.jpg,0,0,0.9995,0.0,0.0,0.0,4.663,1.98,5.41,0.335,12.711
FireSmokeVideoNEW56_f2_jpg.rf.80406e8b8db41fbb2a526666406933ea.jpg,0,0,0.9982,0.0,0.0,0.0,5.737,0.649,5.448,0.229,12.355
FireSmokeVideoNEW57_f0_jpg.rf.0f2ac245a69e897a0b3f132c5bf85c27.jpg,0,0,0.978,0.0,0.0,0.0,4.389,0.517,4.522,0.309,9.956
FireSmokeVideoNEW57_f17_jpg.rf.a453dc14f6f15fc3de4a74d44c01b582.jpg,0,0,0.8333,0.0,0.0,0.0,3.149,0.664,6.066,0.348,10.528
FireSmokeVideoNEW57_f19_jpg.rf.193e9484ef231b4d852a672156a828fb.jpg,0,0,0.9941,0.0,0.0,0.0,5.886,0.7,4.942,0.238,12.073
FireSmokeVideoNEW57_f31_jpg.rf.4740da129b70974c33df9d8baa14ef93.jpg,0,0,0.9915,0.0,0.0,0.0,5.954,1.721,5.054,0.229,13.267
FireSmokeVideoNEW57_f42_jpg.rf.4f77a2a110e95e655d236b9a91d0cddc.jpg,0,0,0.9995,0.0,0.0,0.0,4.006,0.603,5.23,0.212,10.263
FireSmokeVideoNEW57_f6_jpg.rf.85c2607d9aad7c96de861d85c83cfd1e.jpg,0,0,0.6287,0.0,0.0,0.0,3.405,0.518,5.661,0.409,10.215
FireSmokeVideoNEW58_f17_jpg.rf.076d9217e2466be0e0fd241ae7f862a3.jpg,0,0,0.9999,0.0,0.0,0.0,4.997,0.639,7.025,0.237,13.194
FireSmokeVideoNEW63_f11_jpg.rf.25ae51ab6751c2d51da80735217b0266.jpg,0,0,0.9997,0.0,0.0,0.0,5.196,1.405,5.015,0.233,12.074
FireSmokeVideoNEW63_f13_jpg.rf.b6d8ff5649c5231eb191262548710ec5.jpg,0,0,0.9953,0.0,0.0,0.0,4.138,0.519,6.663,0.23,11.77
FireSmokeVideoNEW63_f19_jpg.rf.e15a7746a3b7c63745c8c7b7da181fdf.jpg,0,0,0.9995,0.0,0.0,0.0,5.08,1.219,5.388,0.231,12.242
FireSmokeVideoNEW63_f36_jpg.rf.a0eba986ede34082f38d6ce0b5e4fbca.jpg,0,0,0.9968,0.0,0.0,0.0,3.956,0.525,4.704,0.294,9.712
FireSmokeVideoNEW63_f42_jpg.rf.fe301e2deb9d6c60b048e228f8e3f78b.jpg,0,1,0.7425,0.0,0.0,0.0,5.237,1.083,5.492,0.236,12.366
FireSmokeVideoNEW63_f6_jpg.rf.7c4ff88b991b7d55bc27353d442f6479.jpg,0,0,0.9996,0.0,0.0,0.0,4.279,0.516,6.53,0.237,11.788
FireSmokeVideoNEW63_f9_jpg.rf.a020de6c38e4bc3866286605bb6758c0.jpg,0,0,0.9992,0.0,0.0,0.0,4.222,0.51,4.738,0.249,9.945
FireSmokeVideoNEW64_f150_jpg.rf.6ec4b2d180978f7148d8db8b68ec3d6c.jpg,0,0,1.0,0.0,0.0,0.0,5.206,1.907,5.501,0.348,13.26
FireSmokeVideoNEW67_f2_jpg.rf.daadde4a854a81a0f02598ae3a1873b7.jpg,0,0,0.999,0.0,0.0,0.0,3.912,0.64,4.597,0.214,9.584
FireSmokeVideoNEW67_f3_jpg.rf.e4ecce359edcc9aaee297ded26bd224d.jpg,0,0,0.9983,0.0,0.0,0.0,4.632,0.577,4.524,0.238,10.29
FireSmokeVideoNEW67_f4_jpg.rf.7ef6096d19f1e5d6c95361f949b8b860.jpg,0,0,1.0,0.0,0.0,0.0,3.938,0.534,4.661,0.242,9.606
FireSmokeVideoNEW6_f10_jpg.rf.8cbe534300bd63ed1a2225d5bacef23f.jpg,0,0,0.7039,0.0,0.0,0.0,3.926,0.513,4.602,0.224,9.488
FireSmokeVideoNEW6_f13_jpg.rf.0554da6efca5c9547c0d2db399f61286.jpg,0,1,0.7463,0.0,0.0,0.0,3.196,0.518,4.579,0.256,8.772
FireSmokeVideoNEW6_f1_jpg.rf.3d6226ac747b206b2b0e2a82d90ad4c3.jpg,0,0,0.9921,0.0,0.0,0.0,3.016,0.501,4.564,0.278,8.574
FireSmokeVideoNEW6_f24_jpg.rf.8d2308fb08f265e0b97f90584fe28e2e.jpg,0,0,1.0,0.0,0.0,0.0,3.889,0.569,4.839,0.232,9.835
FireSmokeVideoNEW6_f2_jpg.rf.e109f60eb45b81065e94ec815811ebcd.jpg,0,0,0.6716,0.0,0.0,0.0,3.401,0.504,4.598,0.242,8.962
FireSmokeVideoNEW6_f4_jpg.rf.0d6b29d2f459353f71ddf60ae2b2fc48.jpg,0,1,0.8925,0.0,0.0,0.0,5.219,1.859,11.505,0.258,19.129
FireSmokeVideoNEW6_f6_jpg.rf.77b5c7930d92854bf87af48e1700c4e0.jpg,0,1,0.8756,0.0,0.0,0.0,3.308,0.503,4.596,0.226,8.857
FireSmokeVideoNEW6_f8_jpg.rf.f309ef160b3c3c369fea22b5a31bfda5.jpg,0,0,0.5844,0.0,0.0,0.0,5.008,0.498,4.621,0.212,10.554
FireSmokeVideoNEW73_f1_jpg.rf.5804fa5e2c17b2760c764f6cd0e4ee7a.jpg,0,0,1.0,0.0,0.0,0.0,4.292,0.526,4.666,0.212,9.916
FireSmokeVideoNEW73_f31_jpg.rf.a5a7abcd560770f3ad8075c832046ab6.jpg,0,0,0.9977,0.0,0.0,0.0,2.992,0.51,4.586,0.21,8.518
FireSmokeVideoNEW73_f33_jpg.rf.be83c389fea72019723db1dbe2661485.jpg,0,0,0.9716,0.0,0.0,0.0,3.323,0.541,4.639,0.21,8.934
FireSmokeVideoNEW73_f3_jpg.rf.80cf7fd5835b56a66d2a5007f28b4327.jpg,0,0,1.0,0.0,0.0,0.0,2.942,0.514,4.631,0.209,8.513
FireSmokeVideoNEW73_f45_jpg.rf.9dc49a737143aa0848b6916ab608c543.jpg,0,0,1.0,0.0,0.0,0.0,6.523,0.504,4.572,0.206,12.025
FireSmokeVideoNEW73_f4_jpg.rf.800537e07a64962896778864b0591eae.jpg,0,0,1.0,0.0,0.0,0.0,5.709,3.02,5.887,0.635,15.594
FireSmokeVideoNEW73_f6_jpg.rf.515f0defa87139b149a5cfdee21313ac.jpg,0,0,1.0,0.0,0.0,0.0,6.11,0.602,4.516,0.219,11.678
FireSmokeVideoNEW75_f33_jpg.rf.2ee9cdd9def279ff273ef66e7a0cb377.jpg,0,0,1.0,0.0,0.0,0.0,3.366,0.505,4.601,0.249,8.943
FireSmokeVideoNEW75_f35_jpg.rf.b80679d1063fcd1f85d0d3f0c78ba13b.jpg,0,0,1.0,0.0,0.0,0.0,3.014,0.512,4.58,0.21,8.534
FireSmokeVideoNEW75_f45_jpg.rf.69e2c92e7d989e8269ffd61a27a2aa13.jpg,0,0,1.0,0.0,0.0,0.0,3.218,0.51,4.56,0.207,8.711
FireSmokeVideoNEW75_f48_jpg.rf.4fe0cc9fcd7df1aa6c6bed8ca01c8015.jpg,0,0,1.0,0.0,0.0,0.0,3.699,2.553,5.225,0.231,11.948
FireSmokeVideoNEW75_f68_jpg.rf.9aaeb12d401e8cc7f2939155adecc0f5.jpg,0,0,1.0,0.0,0.0,0.0,3.405,0.519,4.61,0.219,8.981
FireSmokeVideoNEW75_f75_jpg.rf.e88e49fecb20c35c69c34942f33a06a7.jpg,0,0,1.0,0.0,0.0,0.0,3.404,0.564,4.578,0.213,8.983
FireSmokeVideoNEW75_f78_jpg.rf.87dddcc348df8fb661dcc67f17bb9f2d.jpg,0,0,1.0,0.0,0.0,0.0,3.266,0.522,4.577,0.215,8.799
FireSmokeVideoNEW75_f80_jpg.rf.9471fe6a95f23f6cf0169b283586d685.jpg,0,0,1.0,0.0,0.0,0.0,5.007,2.407,8.079,0.383,16.185
FireSmokeVideoNEW77_f0_jpg.rf.4a14fd690d14ad736592948ee9e8479d.jpg,0,0,0.9999,0.0,0.0,0.0,3.323,0.675,10.963,0.264,15.469
FireSmokeVideoNEW77_f2_jpg.rf.88e0bee913f1efd71b9762beba9a9758.jpg,0,0,0.9999,0.0,0.0,0.0,3.29,0.52,4.596,0.216,8.838
FireSmokeVideoNEW77_f4_jpg.rf.11fca767124a67dfda05ea0ff98197d6.jpg,0,0,0.9999,0.0,0.0,0.0,6.022,0.733,5.431,0.22,12.711
FireSmokeVideoNEW77_f6_jpg.rf.0adf49b0786314e6dcf2ae804245b4c3.jpg,0,0,1.0,0.0,0.0,0.0,4.272,0.541,4.648,0.231,9.926
FireSmokeVideoNEW78_f100_jpg.rf.0246a93591f580c23841f1f7a03d4378.jpg,0,0,0.7655,0.0,0.0,0.0,3.315,0.529,4.66,0.217,8.945
FireSmokeVideoNEW78_f102_jpg.rf.a2d5cf1ede7214163378c154870f20df.jpg,0,0,0.9925,0.0,0.0,0.0,4.323,0.581,4.527,0.239,9.909
FireSmokeVideoNEW78_f104_jpg.rf.4dfdeaab2d0f11e560669b1db346ab29.jpg,0,0,1.0,0.0,0.0,0.0,4.26,0.746,4.557,0.218,10.007
FireSmokeVideoNEW78_f106_jpg.rf.03e27ed66fb5e083bcd70ef8e2b22de7.jpg,0,0,0.9997,0.0,0.0,0.0,3.753,1.287,4.747,0.363,10.419
FireSmokeVideoNEW78_f10_jpg.rf.69aed95726c0095073665b0547b6c0ed.jpg,0,1,0.6325,0.0,0.0,0.0,3.91,0.724,4.49,0.218,9.571
FireSmokeVideoNEW78_f122_jpg.rf.28dbb8a05a0291954b64ab4b75560d87.jpg,0,0,0.8994,0.0,0.0,0.0,5.481,0.708,5.207,0.345,12.094
FireSmokeVideoNEW78_f124_jpg.rf.da29f797f636157db5e44eeee1e233f9.jpg,0,0,0.9442,0.0,0.0,0.0,3.032,0.527,6.536,0.24,10.562
FireSmokeVideoNEW78_f127_jpg.rf.321d817e07be65ecfaaed302fe940299.jpg,0,0,0.8655,0.0,0.0,0.0,2.996,0.5,4.67,0.22,8.604
FireSmokeVideoNEW78_f12_jpg.rf.2f015eabaf21f5b942f8a0bcf23d91ff.jpg,0,0,0.9915,0.0,0.0,0.0,5.422,0.683,4.572,0.215,11.111
FireSmokeVideoNEW78_f131_jpg.rf.b3b8dd2cd92377e41c69b08136962380.jpg,0,0,0.9998,0.0,0.0,0.0,2.997,0.506,4.551,0.208,8.472
FireSmokeVideoNEW78_f133_jpg.rf.b1330a0b83a815537dcb8cf7a805c634.jpg,0,0,0.9852,0.0,0.0,0.0,5.172,0.52,4.561,0.213,10.685
FireSmokeVideoNEW78_f136_jpg.rf.07483348f2b8003d1b57ebe68cabe6dd.jpg,0,0,0.7892,0.0,0.0,0.0,4.782,0.612,4.436,0.214,10.259
FireSmokeVideoNEW78_f138_jpg.rf.507f5c7806e18c1a350e44407de0fe2a.jpg,0,0,0.9178,0.0,0.0,0.0,3.001,0.512,4.595,0.213,8.539
FireSmokeVideoNEW78_f13_jpg.rf.e9056c18bdbf9fbd1a8673f84e127374.jpg,0,0,0.9677,0.0,0.0,0.0,5.38,1.552,4.778,0.302,12.257
FireSmokeVideoNEW78_f142_jpg.rf.3ad7a5e4c0bf22702d7b5346f04bc6ed.jpg,0,0,1.0,0.0,0.0,0.0,3.672,0.52,4.547,0.212,9.171
FireSmokeVideoNEW78_f145_jpg.rf.037ccfa0fc4c862099bf7bf7346c0f5f.jpg,0,0,0.9943,0.0,0.0,0.0,3.412,0.519,4.643,0.227,9.031
FireSmokeVideoNEW78_f147_jpg.rf.53226233b248526015d8caca17485998.jpg,0,0,0.9974,0.0,0.0,0.0,5.051,0.568,6.573,0.234,12.656
FireSmokeVideoNEW78_f14_jpg.rf.e0b0e00597d55eb4106355586ac58022.jpg,0,0,0.9869,0.0,0.0,0.0,3.891,0.598,4.578,0.258,9.544
FireSmokeVideoNEW78_f152_jpg.rf.1468ff75ff69d32c3b5da5a0f41b31d5.jpg,0,1,0.9996,0.0,0.0,0.0,4.102,0.512,4.6,0.222,9.66
FireSmokeVideoNEW78_f158_jpg.rf.44c2d57f7bada69f448ebba94a5be347.jpg,0,0,0.9908,0.0,0.0,0.0,3.898,0.558,4.592,0.237,9.505
FireSmokeVideoNEW78_f15_jpg.rf.61bfc553293c8b84ca5e66929864acdf.jpg,0,1,0.9611,0.0,0.0,0.0,3.781,0.547,4.622,0.219,9.405
FireSmokeVideoNEW78_f161_jpg.rf.fc6ab255d1073c4cd042aea1a9ffc0ce.jpg,0,1,0.9942,0.0,0.0,0.0,3.702,0.542,4.541,0.236,9.247
FireSmokeVideoNEW78_f164_jpg.rf.58c533961fb4ab7e37ea72d1d25da9f6.jpg,0,0,0.9985,0.0,0.0,0.0,5.172,0.516,4.633,0.23,10.78
FireSmokeVideoNEW78_f17_jpg.rf.299e2d271ee22e3adee51bd0a3922796.jpg,0,1,0.9951,0.0,0.0,0.0,4.777,2.391,6.979,0.516,14.984
FireSmokeVideoNEW78_f19_jpg.rf.6a9a9334d939cc1725e048d33aaac632.jpg,0,0,0.9999,0.0,0.0,0.0,4.568,0.512,4.532,0.235,10.076
FireSmokeVideoNEW78_f26_jpg.rf.808c1332a8ddd27dc683519fdb709c59.jpg,0,0,0.9915,0.0,0.0,0.0,5.302,0.507,4.634,0.216,10.875
FireSmokeVideoNEW78_f31_jpg.rf.f9b23ec992e523a23dab00a5f1df7323.jpg,0,0,0.9993,0.0,0.0,0.0,4.338,0.88,4.805,0.326,10.623
FireSmokeVideoNEW78_f34_jpg.rf.048c3a009cf9f01f2c893c3a7f4d29f9.jpg,0,0,0.9991,0.0,0.0,0.0,5.39,0.573,4.628,0.228,11.044
FireSmokeVideoNEW78_f38_jpg.rf.d7bcbb88a8606325bca512f08fb12b85.jpg,0,0,0.9688,0.0,0.0,0.0,4.148,0.73,5.468,0.326,10.983
FireSmokeVideoNEW78_f42_jpg.rf.e3b7341b07eedc97e4f9e71568efcf3b.jpg,0,0,0.9999,0.0,0.0,0.0,5.962,0.712,4.87,0.225,12.069
FireSmokeVideoNEW78_f47_jpg.rf.0441a6536279080fb8d9e3973da359e1.jpg,0,0,0.9996,0.0,0.0,0.0,2.975,0.591,4.677,0.277,8.739
FireSmokeVideoNEW78_f49_jpg.rf.dde62e81d3b1003dec55327fb90205a1.jpg,0,0,0.9999,0.0,0.0,0.0,5.824,2.967,9.671,0.439,19.14
FireSmokeVideoNEW78_f52_jpg.rf.97cae6149ae8788c2184eaed6c87a189.jpg,0,0,0.965,0.0,0.0,0.0,7.786,0.889,4.663,0.242,13.807
FireSmokeVideoNEW78_f61_jpg.rf.be1e2bc45ce111239fd79c23f8ab84da.jpg,0,0,0.9855,0.0,0.0,0.0,5.709,1.188,5.444,0.322,13.043
FireSmokeVideoNEW78_f63_jpg.rf.fbb9f0f738cfd1b52d9679fde4e550d0.jpg,0,0,0.9992,0.0,0.0,0.0,5.183,0.661,4.758,0.213,11.104
FireSmokeVideoNEW78_f75_jpg.rf.9736fba22ca009ad8d833f2743ffdbc4.jpg,0,0,0.9985,0.0,0.0,0.0,5.291,1.418,4.564,0.222,11.718
FireSmokeVideoNEW78_f78_jpg.rf.ad211232a0cea8103bc29bcabecf64d2.jpg,0,0,0.7614,0.0,0.0,0.0,4.496,0.876,6.895,0.304,12.796
FireSmokeVideoNEW78_f88_jpg.rf.9c9b2172a345b216cb3b8b94a5c2d2ab.jpg,0,0,0.9994,0.0,0.0,0.0,3.21,0.504,4.589,0.225,8.739
FireSmokeVideoNEW78_f90_jpg.rf.80cbc2f807fa48bb77a0ddbb4f92d53b.jpg,0,0,0.999,0.0,0.0,0.0,5.771,3.556,10.67,0.309,20.623
FireSmokeVideoNEW78_f92_jpg.rf.27764e757cbe076dd10b68e650b76830.jpg,0,1,0.9979,0.0,0.0,0.0,4.71,1.329,5.028,0.369,11.669
FireSmokeVideoNEW79_f0_jpg.rf.6c233f9324baca74d71237694e6208bd.jpg,0,0,0.9996,0.0,0.0,0.0,5.56,0.665,5.224,0.233,11.993
FireSmokeVideoNEW79_f2_jpg.rf.5ab5b7083ef2140587b2a747e3586750.jpg,0,0,0.997,0.0,0.0,0.0,3.803,0.702,6.134,0.341,11.259
FireSmokeVideoNEW80_f50_jpg.rf.7f64db0a23902eb4e695223dd5747b37.jpg,0,0,0.9756,0.0,0.0,0.0,4.009,1.28,4.661,0.231,10.417
FireSmokeVideoNEW80_f61_jpg.rf.959eac64f354d759776d524f88c45b54.jpg,0,0,1.0,0.0,0.0,0.0,4.031,0.527,4.705,0.239,9.732
FireSmokeVideoNEW80_f65_jpg.rf.7f149793ecdde0a3088c67a29cf616da.jpg,0,0,1.0,0.0,0.0,0.0,3.247,1.034,4.59,0.217,9.303
FireSmokeVideoNEW81_f211_jpg.rf.38c21e9ceb0d450c3ed4ca3cf710875d.jpg,0,0,0.9999,0.0,0.0,0.0,4.77,0.545,4.566,0.252,10.402
FireSmokeVideoNEW89_f11_jpg.rf.70971440ad7fa3a635d4cc1ab55cad11.jpg,0,0,0.9971,0.0,0.0,0.0,4.9,2.603,6.823,0.269,14.831
FireSmokeVideoNEW89_f17_jpg.rf.ec3175100da4cb6b501a733b338779f7.jpg,0,0,0.9998,0.0,0.0,0.0,2.936,0.504,4.543,0.349,8.552
FireSmokeVideoNEW89_f1_jpg.rf.37a11c7ddf12f38ce97517fee96442bb.jpg,0,0,1.0,0.0,0.0,0.0,3.654,0.501,4.598,0.233,9.198
FireSmokeVideoNEW89_f2_jpg.rf.16478f8bf0e21d7ae5ef8e7051a527cb.jpg,0,0,1.0,0.0,0.0,0.0,3.015,0.514,4.608,0.213,8.569
FireSmokeVideoNEW89_f4_jpg.rf.fa8d6c732f82ea8bce65e81448214a57.jpg,0,0,1.0,0.0,0.0,0.0,3.422,0.507,4.639,0.236,9.027
FireSmokeVideoNEW89_f6_jpg.rf.ccdfa2eab1b682546c276d848611695a.jpg,0,0,1.0,0.0,0.0,0.0,4.405,0.595,4.548,0.237,10.088
FireSmokeVideoNEW91_f108_jpg.rf.5ef9b4b7ed321d80a6402fbdae06d84b.jpg,0,0,0.9931,0.0,0.0,0.0,2.978,0.522,4.647,0.237,8.611
FireSmokeVideoNEW91_f12_jpg.rf.2be217fe87bb1d10063e40ad2f98edfb.jpg,0,0,0.889,0.0,0.0,0.0,3.001,0.509,4.571,0.218,8.517
FireSmokeVideoNEW91_f13_jpg.rf.6304559d635dfce84893aab443a42e65.jpg,0,0,0.9366,0.0,0.0,0.0,4.535,1.876,4.607,0.222,11.466
FireSmokeVideoNEW91_f148_jpg.rf.9e5f4e32806ea4cc19e38216c32ddd68.jpg,0,0,0.9988,0.0,0.0,0.0,5.551,2.532,5.804,0.355,14.568
FireSmokeVideoNEW91_f170_jpg.rf.d36210d91c7d46d5ca51b63bc9498af5.jpg,0,0,0.9983,0.0,0.0,0.0,4.938,2.707,8.064,0.369,16.386
FireSmokeVideoNEW91_f21_jpg.rf.a12d1de3d7849f71b00134f7aad3c96e.jpg,0,0,0.9137,0.0,0.0,0.0,3.604,1.16,6.816,0.371,12.195
FireSmokeVideoNEW91_f38_jpg.rf.a087aed53a287ec998541fb45a7d99bd.jpg,0,0,0.9968,0.0,0.0,0.0,5.972,1.22,5.104,0.224,12.825
FireSmokeVideoNEW91_f40_jpg.rf.780ddb94651d757a91f575081bd62f4b.jpg,0,0,0.9931,0.0,0.0,0.0,5.946,0.728,5.068,0.258,12.3
FireSmokeVideoNEW91_f42_jpg.rf.32a7340390b259f4193b115a5e8b8e6e.jpg,0,0,0.927,0.0,0.0,0.0,3.921,0.519,4.561,0.222,9.44
FireSmokeVideoNEW91_f47_jpg.rf.950519a05fa951eb26376e406dab7dbf.jpg,0,1,0.6765,0.0,0.0,0.0,5.986,1.994,7.127,0.361,15.768
FireSmokeVideoNEW91_f6_jpg.rf.6737f231d43f4a31b404b6c2d00a7653.jpg,0,0,0.991,0.0,0.0,0.0,2.994,0.503,4.596,0.221,8.53
FireSmokeVideoNEW91_f83_jpg.rf.b3ce501ee874dfaa8930d94da168fbcf.jpg,0,0,0.6826,0.0,0.0,0.0,3.523,0.518,4.569,0.217,9.038
FireSmokeVideoNEW94_f46_jpg.rf.388c6a516184b8ceb517c84668463f97.jpg,0,0,1.0,0.0,0.0,0.0,5.855,1.597,5.163,0.391,13.263
FireSmokeVideoNEW94_f51_jpg.rf.3626a9e872bd6254896a5f991db229b2.jpg,0,0,1.0,0.0,0.0,0.0,5.618,0.658,8.854,0.261,15.707
FireSmokeVideoNEW95_f106_jpg.rf.7ac012d87c7064e231e67b159d856e28.jpg,0,0,0.9996,0.0,0.0,0.0,3.979,0.752,5.518,0.376,10.857
FireSmokeVideoNEW95_f114_jpg.rf.c99df44b78ce44d23869a9bf3e625f92.jpg,0,0,0.9999,0.0,0.0,0.0,5.301,0.67,5.154,0.229,11.658
FireSmokeVideoNEW95_f13_jpg.rf.60cf14a601d84bc46dadd09d8994103b.jpg,0,0,1.0,0.0,0.0,0.0,4.364,2.266,5.226,0.231,12.397
FireSmokeVideoNEW95_f15_jpg.rf.f4b4ef47a62a51c9b6f84fe85b00c663.jpg,0,0,1.0,0.0,0.0,0.0,3.201,0.494,4.622,0.232,8.76
FireSmokeVideoNEW95_f18_jpg.rf.fdc6e6e99e84c4e6f0c6a9801a40822d.jpg,0,0,1.0,0.0,0.0,0.0,3.126,0.496,4.636,0.237,8.709
FireSmokeVideoNEW95_f1_jpg.rf.9804acdca65427359fba9b986ef302a2.jpg,0,0,1.0,0.0,0.0,0.0,5.402,1.736,4.642,0.354,12.375
FireSmokeVideoNEW95_f24_jpg.rf.7b772eb5e401a33372318f80ab499a50.jpg,0,0,1.0,0.0,0.0,0.0,4.288,0.556,4.587,0.215,9.865
FireSmokeVideoNEW95_f32_jpg.rf.44f112f3dbd99de1d1a8077f4babbf85.jpg,0,0,1.0,0.0,0.0,0.0,7.021,2.789,6.939,0.289,17.36
FireSmokeVideoNEW95_f37_jpg.rf.da1a2dd187454ee9f36d002cac9e5bbe.jpg,0,0,1.0,0.0,0.0,0.0,5.52,0.508,4.607,0.231,11.089
FireSmokeVideoNEW95_f3_jpg.rf.f97f1088cab1defa5ede17fae3662dda.jpg,0,0,1.0,0.0,0.0,0.0,5.575,0.799,5.095,0.239,12.006
FireSmokeVideoNEW95_f45_jpg.rf.9844ba63008fca16a3502cdc3c933efc.jpg,0,0,0.9999,0.0,0.0,0.0,6.144,0.742,5.616,0.382,13.229
FireSmokeVideoNEW95_f50_jpg.rf.3d5c735424cc3a268d3362e0fa08dc16.jpg,0,0,1.0,0.0,0.0,0.0,5.184,0.725,5.65,0.358,12.241
FireSmokeVideoNEW95_f5_jpg.rf.cdc15902b07229d99725abc0684fcbeb.jpg,0,0,1.0,0.0,0.0,0.0,5.255,0.7,5.487,0.309,12.065
FireSmokeVideoNEW95_f63_jpg.rf.df736824eb6997aabc4ce76c0164e51b.jpg,0,0,1.0,0.0,0.0,0.0,5.7,0.693,5.242,0.25,12.189
FireSmokeVideoNEW95_f76_jpg.rf.32126628e086bbad37b3cb91027df6f7.jpg,0,0,0.9998,0.0,0.0,0.0,7.4,2.625,7.203,0.265,17.735
FireSmokeVideoNEW95_f80_jpg.rf.ff75a8d8a75895d16e986cf812a0dacb.jpg,0,0,0.9999,0.0,0.0,0.0,5.219,1.949,5.269,0.383,13.058
FireSmokeVideoNEW95_f86_jpg.rf.77ef4245f2953f19593223d6430fa91d.jpg,0,0,1.0,0.0,0.0,0.0,7.012,0.994,4.816,0.218,13.347
FireSmokeVideoNEW95_f93_jpg.rf.75818e05099b5c576452f919c5123dcc.jpg,0,0,1.0,0.0,0.0,0.0,5.223,0.734,5.226,0.233,11.72
FireSmokeVideoNEW99_f10_jpg.rf.01b20f0e79f99cce5df8d577002a3842.jpg,0,1,0.9756,0.0,0.0,0.0,3.639,0.506,4.574,0.228,9.161
FireSmokeVideoNEW99_f32_jpg.rf.89458da19c6af99040a01488035d8c55.jpg,0,0,0.9574,0.0,0.0,0.0,3.604,0.457,6.519,0.225,11.02
FireSmokeVideoNEW99_f40_jpg.rf.eb37bb0cdb2d2172b8c1b9940ce6d06f.jpg,0,0,0.9906,0.0,0.0,0.0,3.148,0.487,4.565,0.212,8.619
FireSmokeVideoNEW99_f76_jpg.rf.1418a6430312c9788d22cda8ccd39184.jpg,0,0,0.992,0.0,0.0,0.0,5.751,0.59,4.576,0.223,11.355
