image,true_label,pred_label,confidence,input_and_metadata_ms,region_validation_ms,crop_extraction_ms,resize_and_preprocess_ms,batch_construction_ms,model_inference_ms,majority_vote_ms,total_ms
FireSmokeVideoNEW0_f22_jpg.rf.8985f041e5b98af6012221a0df4f7bb4.jpg,1,1,1.0,0.0,0.0,0.0,10.141,4.294,15.744,0.532,31.053
FireSmokeVideoNEW0_f24_jpg.rf.bec4c423d7235a25d9b3146aa064ef94.jpg,1,1,1.0,0.0,0.0,0.0,6.011,0.493,9.637,0.429,16.807
FireSmokeVideoNEW0_f26_jpg.rf.e68ce6fbbf069fc3519569a9f0d61247.jpg,1,1,1.0,0.0,0.0,0.0,5.153,1.56,9.766,0.411,17.168
FireSmokeVideoNEW100_f13_jpg.rf.3cab1ba74047190369553b759c249651.jpg,1,1,1.0,0.0,0.0,0.0,3.53,0.523,8.373,0.239,12.89
FireSmokeVideoNEW100_f18_jpg.rf.ac57d16ac234ea35503434017b0d7936.jpg,1,1,1.0,0.0,0.0,0.0,2.998,0.51,10.234,0.235,14.202
FireSmokeVideoNEW100_f22_jpg.rf.414d4e3c8eabf2734516473bcee081b3.jpg,1,1,1.0,0.0,0.0,0.0,3.074,0.514,8.329,0.222,12.36
FireSmokeVideoNEW100_f27_jpg.rf.d440e669b944d0e126d6b9e9e899fd1a.jpg,1,1,0.9999,0.0,0.0,0.0,4.254,0.504,15.143,0.441,20.581
FireSmokeVideoNEW100_f29_jpg.rf.8b8b298e3b9d8547f2aa97df45c87bda.jpg,1,1,0.9999,0.0,0.0,0.0,3.505,0.522,9.317,0.351,13.936
FireSmokeVideoNEW100_f35_jpg.rf.26902d166504a005e989288a33974699.jpg,1,1,0.9999,0.0,0.0,0.0,3.752,0.557,8.771,0.404,13.722
FireSmokeVideoNEW100_f51_jpg.rf.5d5a8fce90b54ca27c1d78496d70be98.jpg,1,1,0.9999,0.0,0.0,0.0,6.087,0.792,9.816,0.38,17.403
FireSmokeVideoNEW100_f54_jpg.rf.deb4934b4d254ff0d2151ab4b226bd30.jpg,1,1,1.0,0.0,0.0,0.0,4.571,0.528,9.112,0.372,14.817
FireSmokeVideoNEW100_f56_jpg.rf.fb63e4c0e32aa91f304e675bea7c6451.jpg,1,1,0.9999,0.0,0.0,0.0,6.134,0.87,15.198,0.417,22.949
FireSmokeVideoNEW100_f74_jpg.rf.6dbac089262a0484294bad2686f293a4.jpg,1,1,1.0,0.0,0.0,0.0,6.369,0.836,10.402,0.417,18.38
FireSmokeVideoNEW100_f76_jpg.rf.a3b3783d77c6060652ec1972e52945b4.jpg,1,1,1.0,0.0,0.0,0.0,5.172,2.692,9.001,0.242,17.444
FireSmokeVideoNEW100_f80_jpg.rf.c7b1b6d87fe1581d087e2babcd5343cd.jpg,1,1,1.0,0.0,0.0,0.0,5.985,0.661,8.434,0.241,15.551
FireSmokeVideoNEW100_f8_jpg.rf.8cdf1b53d711306fcc3671fb17c63715.jpg,1,1,0.9999,0.0,0.0,0.0,3.37,0.569,9.596,0.228,14.08
FireSmokeVideoNEW100_f93_jpg.rf.8f1d3d0acbb786aa3e663017e362030b.jpg,1,1,1.0,0.0,0.0,0.0,6.223,0.74,9.788,0.36,17.448
FireSmokeVideoNEW101_f74_jpg.rf.b40eb61068efb3029e60fb0da7817ba0.jpg,1,0,1.0,0.0,0.0,0.0,6.133,0.73,9.685,0.325,17.19
FireSmokeVideoNEW103_f38_jpg.rf.46f003d9350c5f9ba187385455fd722f.jpg,1,1,0.9998,0.0,0.0,0.0,5.833,0.761,9.895,0.386,17.207
FireSmokeVideoNEW103_f40_jpg.rf.bbe9dcd13072bfcea5eb25d5e0e7edad.jpg,1,1,0.9976,0.0,0.0,0.0,6.154,2.751,19.332,0.464,29.074
FireSmokeVideoNEW103_f43_jpg.rf.6b86f977948ffb4075bf842f40f298f8.jpg,1,1,0.9962,0.0,0.0,0.0,5.45,0.708,10.825,0.371,17.636
FireSmokeVideoNEW103_f48_jpg.rf.c01bd10387110154c4d65f733af5dd33.jpg,1,1,0.9864,0.0,0.0,0.0,6.138,0.794,9.929,0.373,17.573
FireSmokeVideoNEW103_f53_jpg.rf.06d78f97a6bd82da23e6934c4be34911.jpg,1,1,0.9995,0.0,0.0,0.0,5.569,0.778,10.069,0.376,17.242
FireSmokeVideoNEW103_f55_jpg.rf.234b4a520a09933bc5c380c6e8ac4700.jpg,1,1,0.707,0.0,0.0,0.0,6.776,0.769,9.904,0.47,18.261
FireSmokeVideoNEW103_f57_jpg.rf.5590d8fa82c520d8f2bf21d3792422a9.jpg,1,1,1.0,0.0,0.0,0.0,3.435,0.609,9.399,0.376,14.066
FireSmokeVideoNEW103_f59_jpg.rf.f4a4ca0c64bcb51dcc538f942f4bed77.jpg,1,1,1.0,0.0,0.0,0.0,6.15,2.62,14.874,0.456,24.462
FireSmokeVideoNEW103_f69_jpg.rf.107c6757968ca4bfeaf97df6ae6cac5b.jpg,1,1,0.9996,0.0,0.0,0.0,5.086,0.546,10.955,0.317,17.146
FireSmokeVideoNEW103_f92_jpg.rf.df707faffb31edd4f980cd3123a6b460.jpg,1,1,0.9999,0.0,0.0,0.0,3.381,0.555,8.361,0.242,12.775
FireSmokeVideoNEW106_f12_jpg.rf.c3a3dae95e573db93191a1edb50936e5.jpg,1,0,0.9984,0.0,0.0,0.0,3.396,0.794,9.146,0.239,13.874
FireSmokeVideoNEW106_f14_jpg.rf.331af05784389f5dc2ef80f1570a76fb.jpg,1,0,0.9745,0.0,0.0,0.0,5.408,1.525,9.696,0.351,17.3
FireSmokeVideoNEW106_f28_jpg.rf.ad2c009c83ccf5aaa3ddd7221c4ee1f4.jpg,1,0,0.994,0.0,0.0,0.0,5.42,0.677,8.848,0.386,15.593
FireSmokeVideoNEW106_f3_jpg.rf.100e86d2d578c506662d2ec505c13c32.jpg,1,0,0.9867,0.0,0.0,0.0,5.576,0.892,10.167,0.474,17.456
FireSmokeVideoNEW107_f106_jpg.rf.113c590393888042cc28e8f491be7648.jpg,1,0,0.9997,0.0,0.0,0.0,5.312,2.597,12.113,0.247,20.717
FireSmokeVideoNEW107_f123_jpg.rf.9b0580b6b19e2485a2b4ba7b49973b91.jpg,1,0,0.9988,0.0,0.0,0.0,3.713,0.535,9.168,0.428,14.092
FireSmokeVideoNEW107_f127_jpg.rf.829b599800fa2ff96700b10087ad3476.jpg,1,0,0.9931,0.0,0.0,0.0,5.704,1.095,9.946,0.382,17.473
FireSmokeVideoNEW107_f26_jpg.rf.61a2a027fdf7da306caca75ebb153434.jpg,1,0,0.6473,0.0,0.0,0.0,5.541,0.755,9.745,0.442,16.878
FireSmokeVideoNEW107_f28_jpg.rf.77d96d55d8f5bd713af7a40d7bd68cf9.jpg,1,0,0.9995,0.0,0.0,0.0,3.522,0.859,9.022,0.328,13.97
FireSmokeVideoNEW107_f2_jpg.rf.2ae3871bad997558e861e368aa59a114.jpg,1,0,0.9998,0.0,0.0,0.0,5.133,0.714,9.722,0.322,16.218
FireSmokeVideoNEW107_f36_jpg.rf.55484257687fcb98dd9853c45d221ffb.jpg,1,0,0.9999,0.0,0.0,0.0,7.379,2.824,13.149,0.265,23.956
FireSmokeVideoNEW107_f4_jpg.rf.a620a7201724ee71ecef0da20f8f7cca.jpg,1,0,0.9257,0.0,0.0,0.0,5.54,0.75,9.225,0.257,16.098
FireSmokeVideoNEW107_f7_jpg.rf.e893ab93fd1147461c1d1018f93c0b43.jpg,1,0,0.9509,0.0,0.0,0.0,3.997,0.532,11.128,0.377,16.274
FireSmokeVideoNEW107_f92_jpg.rf.24302c17033c41be0e8a851dd409a218.jpg,1,0,0.9998,0.0,0.0,0.0,5.845,0.82,9.874,0.336,17.195
FireSmokeVideoNEW107_f98_jpg.rf.899748aa5ce4273733a59fe30b4d0c48.jpg,1,0,0.9421,0.0,0.0,0.0,4.128,0.812,9.823,0.381,15.466
FireSmokeVideoNEW108_f17_jpg.rf.ac2f7536732dd04f1f8ac409305412e5.jpg,1,1,0.6783,0.0,0.0,0.0,6.164,0.773,15.069,0.407,22.761
FireSmokeVideoNEW108_f38_jpg.rf.2abf71a14111954c4580a46c4d15b3d3.jpg,1,1,0.9677,0.0,0.0,0.0,5.814,0.745,13.669,0.407,20.985
FireSmokeVideoNEW110_f22_jpg.rf.61b3b4e8798ce29f7fe58d31c03ac8a2.jpg,1,1,0.9998,0.0,0.0,0.0,6.351,2.719,11.135,0.255,20.815
FireSmokeVideoNEW110_f24_jpg.rf.56e533c69820c0ad447920ce32c55898.jpg,1,1,1.0,0.0,0.0,0.0,3.702,0.605,9.267,0.379,14.204
FireSmokeVideoNEW110_f32_jpg.rf.5721c6c2eef55a07841c4c832f3d07d5.jpg,1,1,0.956,0.0,0.0,0.0,5.818,0.869,12.232,0.413,19.714
FireSmokeVideoNEW110_f34_jpg.rf.acc53b1abe3327d738d65e69f13bad79.jpg,1,1,0.7278,0.0,0.0,0.0,4.304,0.742,9.855,0.349,15.582
FireSmokeVideoNEW110_f36_jpg.rf.ae30defe49181bd09836a5fcdeb46fab.jpg,1,1,0.9742,0.0,0.0,0.0,6.226,0.922,9.639,0.276,17.402
FireSmokeVideoNEW110_f38_jpg.rf.0bc87128341ef88532538fe138ff4f2b.jpg,1,1,0.8551,0.0,0.0,0.0,6.046,0.779,9.686,0.326,17.238
FireSmokeVideoNEW110_f41_jpg.rf.f550195d19a1c0b6d424f595c2b4b1f9.jpg,1,1,0.845,0.0,0.0,0.0,6.032,0.849,10.016,0.427,17.655
FireSmokeVideoNEW110_f61_jpg.rf.54f8064cc44792ec52b6ddf320ffa3a3.jpg,1,0,0.9948,0.0,0.0,0.0,3.966,2.774,9.914,0.231,17.127
FireSmokeVideoNEW110_f63_jpg.rf.40951b985ae21888cdb87e745713aa2d.jpg,1,0,0.9845,0.0,0.0,0.0,6.269,0.719,9.064,0.241,16.605
FireSmokeVideoNEW110_f65_jpg.rf.22dae51c804d093b3928bb9cf5cb5565.jpg,1,0,0.8356,0.0,0.0,0.0,5.015,1.583,9.133,0.382,16.342
FireSmokeVideoNEW110_f67_jpg.rf.cd33b401abcfbfd4a951fd3906e86a41.jpg,1,1,0.9143,0.0,0.0,0.0,4.899,0.801,9.134,0.444,15.511
FireSmokeVideoNEW110_f76_jpg.rf.bada3c63979a4512aec38ac7d78ec2d7.jpg,1,0,0.7118,0.0,0.0,0.0,4.811,1.759,9.543,0.328,16.743
FireSmokeVideoNEW110_f80_jpg.rf.9f1ecfc3ee942fd4bbd1173ba4b7c394.jpg,1,0,0.9415,0.0,0.0,0.0,7.32,1.809,9.108,0.248,18.801
FireSmokeVideoNEW110_f82_jpg.rf.0ff7a178a73b8e42a819ac1739b3c564.jpg,1,1,0.9999,0.0,0.0,0.0,7.817,2.345,17.934,0.31,28.754
FireSmokeVideoNEW110_f93_jpg.rf.481ecb09dee0cdc168a1d0787874ef0c.jpg,1,1,0.9997,0.0,0.0,0.0,3.16,0.543,9.578,0.406,13.936
FireSmokeVideoNEW112_f10_jpg.rf.39e79e3dfd5c98f6e68045158e2af82d.jpg,1,1,1.0,0.0,0.0,0.0,3.269,0.623,11.302,0.402,15.861
FireSmokeVideoNEW112_f12_jpg.rf.11432bc655317e1fac9c6107e3b5200f.jpg,1,1,1.0,0.0,0.0,0.0,5.756,0.873,9.853,0.402,17.223
FireSmokeVideoNEW112_f14_jpg.rf.6e0c0892a684c74c1ca4670f293457d8.jpg,1,1,1.0,0.0,0.0,0.0,5.363,0.728,9.831,0.359,16.613
FireSmokeVideoNEW112_f16_jpg.rf.ba57af29c8fa8587b2c5148f046375b0.jpg,1,1,1.0,0.0,0.0,0.0,7.326,1.563,12.225,0.306,21.752
FireSmokeVideoNEW112_f18_jpg.rf.21a30cbb698713638442e8962561a9b6.jpg,1,1,1.0,0.0,0.0,0.0,5.031,2.282,13.418,0.339,21.415
FireSmokeVideoNEW112_f1_jpg.rf.90fce7c457371c8403ad89986542ee96.jpg,1,1,0.9652,0.0,0.0,0.0,4.985,0.737,8.841,0.356,15.166
FireSmokeVideoNEW112_f2_jpg.rf.da1c46afa259254b1aad5c4b5da7da24.jpg,1,1,0.9167,0.0,0.0,0.0,5.991,0.858,9.718,0.342,17.246
FireSmokeVideoNEW112_f4_jpg.rf.f44dba51b9e805433a996d474bd2fbd7.jpg,1,1,0.6713,0.0,0.0,0.0,5.845,0.728,14.995,0.355,22.247
FireSmokeVideoNEW112_f6_jpg.rf.dd87dd731952da1d5b61e93a00655678.jpg,1,1,0.9997,0.0,0.0,0.0,5.885,0.994,9.851,0.35,17.412
FireSmokeVideoNEW112_f8_jpg.rf.129c527401604ce7176db07d9d855c9c.jpg,1,1,1.0,0.0,0.0,0.0,6.972,1.837,9.456,0.302,18.921
FireSmokeVideoNEW115_f10_jpg.rf.6f4300e4b3f362eed7886f4f1a87b93d.jpg,1,1,0.9969,0.0,0.0,0.0,4.815,0.597,11.291,0.239,17.194
FireSmokeVideoNEW115_f13_jpg.rf.324cc0423d48b832369d92b99a4baa51.jpg,1,1,0.9878,0.0,0.0,0.0,4.817,0.732,9.863,0.341,16.082
FireSmokeVideoNEW115_f15_jpg.rf.15dbd25355578fccabf33bbbc4d6ad17.jpg,1,1,0.9962,0.0,0.0,0.0,3.385,1.183,9.252,0.335,14.403
FireSmokeVideoNEW115_f20_jpg.rf.f0100e331ebd11f9a9711991e4833e3f.jpg,1,1,0.6047,0.0,0.0,0.0,5.84,0.738,9.684,0.342,16.925
FireSmokeVideoNEW115_f39_jpg.rf.41762177627c892b70e006fe5cb26853.jpg,1,1,0.9978,0.0,0.0,0.0,5.061,0.73,9.827,0.343,16.281
FireSmokeVideoNEW115_f46_jpg.rf.d94c8cb5cbed9575cd088fc4b493eed2.jpg,1,1,0.9995,0.0,0.0,0.0,5.023,0.718,9.789,0.399,16.252
FireSmokeVideoNEW115_f50_jpg.rf.5e39ed208628142a56e09ae43ec4d605.jpg,1,1,0.9998,0.0,0.0,0.0,3.771,1.496,10.575,0.361,16.461
FireSmokeVideoNEW115_f60_jpg.rf.baab27845cdd653f00986ee3b96a380e.jpg,1,1,0.9998,0.0,0.0,0.0,4.941,0.613,8.248,0.241,14.275
FireSmokeVideoNEW115_f8_jpg.rf.9dcd347526c445f2baa86c5c9186f090.jpg,1,1,0.9994,0.0,0.0,0.0,3.926,0.579,9.073,0.35,14.161
FireSmokeVideoNEW116_f12_jpg.rf.95a18922be59788cbf63dc24766c8fac.jpg,1,1,1.0,0.0,0.0,0.0,5.388,0.811,12.398,0.251,19.239
FireSmokeVideoNEW116_f14_jpg.rf.6fe2d6cfc1a0f7ba2d16d873a0f51aca.jpg,1,1,1.0,0.0,0.0,0.0,4.204,0.563,9.073,0.353,14.433
FireSmokeVideoNEW116_f16_jpg.rf.1d60b7f98a425c19989760a77b8b7092.jpg,1,1,1.0,0.0,0.0,0.0,4.029,0.606,9.171,0.348,14.397
FireSmokeVideoNEW116_f19_jpg.rf.e9193762a644c57d90194cc412b3e211.jpg,1,1,1.0,0.0,0.0,0.0,6.683,1.501,11.148,0.397,20.104
FireSmokeVideoNEW116_f20_jpg.rf.f2bfd4b6ed7d602b070e70eb541c8849.jpg,1,1,1.0,0.0,0.0,0.0,5.342,2.584,11.179,0.283,19.729
FireSmokeVideoNEW116_f25_jpg.rf.94faed5bcc786dc07e04a6bead7cb5c6.jpg,1,1,1.0,0.0,0.0,0.0,4.037,2.694,12.996,0.386,20.354
FireSmokeVideoNEW116_f2_jpg.rf.4c9cb9b9a3ba5e3c7f2b82764aa90f2c.jpg,1,1,1.0,0.0,0.0,0.0,4.883,0.799,9.027,0.37,15.361
FireSmokeVideoNEW117_f12_jpg.rf.fcb70a547a268008126db8dc378559b9.jpg,1,1,1.0,0.0,0.0,0.0,5.55,0.751,10.054,0.376,17.081
FireSmokeVideoNEW117_f14_jpg.rf.9b010af028bb860ed3b84a8fdb2d373c.jpg,1,1,1.0,0.0,0.0,0.0,6.962,0.802,13.009,0.43,21.547
FireSmokeVideoNEW117_f19_jpg.rf.b971752c7c2b708d3b4ad9ee4fa816bd.jpg,1,1,0.9999,0.0,0.0,0.0,5.473,2.163,9.066,0.243,17.26
FireSmokeVideoNEW117_f6_jpg.rf.035a84019a5b26bcdb24a39a0789bcfd.jpg,1,1,1.0,0.0,0.0,0.0,5.49,1.929,9.169,0.289,17.217
FireSmokeVideoNEW117_f8_jpg.rf.b22f2fc6ce899d8be4ce21548f905e81.jpg,1,1,1.0,0.0,0.0,0.0,4.098,0.555,9.088,0.389,14.383
FireSmokeVideoNEW119_f0_jpg.rf.744fd2bb67b9c4f5c263823ce6d2e4a2.jpg,1,1,0.9997,0.0,0.0,0.0,6.177,1.546,12.951,0.385,21.389
FireSmokeVideoNEW119_f11_jpg.rf.187de46834021c761b20f75282b71fc2.jpg,1,1,0.9998,0.0,0.0,0.0,3.84,0.666,9.208,0.255,14.287
FireSmokeVideoNEW119_f17_jpg.rf.bb575498be7cb8bf09271655a827a205.jpg,1,1,0.9999,0.0,0.0,0.0,5.948,0.748,9.762,0.346,17.199
FireSmokeVideoNEW119_f20_jpg.rf.83ca338b8a7a1f351f20a0392a978c58.jpg,1,1,0.9999,0.0,0.0,0.0,5.993,0.758,9.824,0.331,17.238
FireSmokeVideoNEW119_f27_jpg.rf.32a58d37e8165ece6f17b61092424e7e.jpg,1,1,1.0,0.0,0.0,0.0,6.558,2.057,12.448,0.289,21.683
FireSmokeVideoNEW119_f29_jpg.rf.585557862f600c84c9c40f80eb57f8ec.jpg,1,1,0.9999,0.0,0.0,0.0,3.887,2.929,13.641,0.247,20.965
FireSmokeVideoNEW119_f30_jpg.rf.c902440835c3fd8c2560c5317b035538.jpg,1,1,0.9999,0.0,0.0,0.0,3.563,0.522,8.37,0.238,12.921
FireSmokeVideoNEW119_f32_jpg.rf.d27ae4e085fd41313631ebe74965ae01.jpg,1,1,0.9999,0.0,0.0,0.0,3.361,0.531,8.4,0.252,12.773
FireSmokeVideoNEW119_f38_jpg.rf.d91f985ff0f9428aa2de6e6bd8ebc98a.jpg,1,1,0.9999,0.0,0.0,0.0,5.439,0.744,9.956,0.442,17.005
FireSmokeVideoNEW119_f3_jpg.rf.c8cc5b5783961b03724d25c816b3e647.jpg,1,1,0.9997,0.0,0.0,0.0,6.27,0.723,8.46,0.258,16.028
FireSmokeVideoNEW119_f47_jpg.rf.1ffd353c21c7b5679d7e046c6c549393.jpg,1,1,0.9999,0.0,0.0,0.0,5.418,1.861,13.488,0.481,21.581
FireSmokeVideoNEW119_f7_jpg.rf.2244f93cbbd1e3e46b4d0bbdba5b6b95.jpg,1,1,0.9999,0.0,0.0,0.0,3.613,1.11,8.404,0.254,13.614
FireSmokeVideoNEW119_f9_jpg.rf.ab8d6371d788579af7d9b32869f2dcfd.jpg,1,1,0.9999,0.0,0.0,0.0,3.793,0.569,9.034,0.358,14.019
FireSmokeVideoNEW121_f18_jpg.rf.44673b9ce8af3ecd42f57e22a99a38e0.jpg,1,1,0.9996,0.0,0.0,0.0,3.641,0.754,8.925,0.332,13.896
FireSmokeVideoNEW121_f1_jpg.rf.5be93985d812c7f5ea035ac113e0f5e0.jpg,1,1,1.0,0.0,0.0,0.0,5.814,0.765,9.649,0.331,16.881
FireSmokeVideoNEW121_f21_jpg.rf.eebcabf40ddce34c31a6c13331a65953.jpg,1,1,0.9983,0.0,0.0,0.0,5.881,0.806,9.798,0.358,17.166
FireSmokeVideoNEW121_f23_jpg.rf.ac278f7e1c7a444be3f887b2c6d38717.jpg,1,1,0.9995,0.0,0.0,0.0,5.441,0.76,11.791,0.272,18.588
FireSmokeVideoNEW121_f25_jpg.rf.d0ef6211efb24426ee946e1fa8c31fce.jpg,1,1,0.8777,0.0,0.0,0.0,5.509,3.089,15.954,0.316,25.476
FireSmokeVideoNEW121_f27_jpg.rf.a5b8bd5483ad1bb30b723346e830127b.jpg,1,0,0.8238,0.0,0.0,0.0,5.992,0.743,8.694,0.394,16.069
FireSmokeVideoNEW121_f29_jpg.rf.a99e4a5f275c636275e5efa27c36b410.jpg,1,0,0.9378,0.0,0.0,0.0,6.194,1.193,9.814,0.356,17.899
FireSmokeVideoNEW121_f30_jpg.rf.33e9b2bac1a4a79c6a3de00c8a3a8d99.jpg,1,1,0.7568,0.0,0.0,0.0,5.56,1.709,15.153,0.346,23.097
FireSmokeVideoNEW121_f32_jpg.rf.f8cb024d7bf28236b1e1d37b2eae22ac.jpg,1,1,0.9855,0.0,0.0,0.0,6.975,0.726,8.813,0.242,17.06
FireSmokeVideoNEW121_f34_jpg.rf.6cedfb99ee40c10d727a61a74ea8f251.jpg,1,1,0.9387,0.0,0.0,0.0,5.82,2.713,9.795,0.35,19.021
FireSmokeVideoNEW121_f37_jpg.rf.9a405f57987f96bd108e065a51ca2b6f.jpg,1,1,0.9868,0.0,0.0,0.0,5.894,2.637,10.182,0.442,19.535
FireSmokeVideoNEW121_f39_jpg.rf.6e6af0255f04f4fe3cf20ee175bfcaad.jpg,1,1,0.9968,0.0,0.0,0.0,5.919,2.75,18.683,0.551,28.152
FireSmokeVideoNEW121_f40_jpg.rf.7817cfe0fa7c24a82024b8b4fe48581f.jpg,1,1,0.9918,0.0,0.0,0.0,6.15,0.94,10.002,0.399,17.861
FireSmokeVideoNEW121_f4_jpg.rf.8f335cc6c3f116510aa7b65424141dbb.jpg,1,1,0.9999,0.0,0.0,0.0,5.913,0.81,9.84,0.365,17.282
FireSmokeVideoNEW121_f6_jpg.rf.0ab7d7fafe53d2118e6ce10be956dfae.jpg,1,1,1.0,0.0,0.0,0.0,5.988,0.763,10.111,0.396,17.603
FireSmokeVideoNEW122_f41_jpg.rf.ddb6da50b215710fb313bd2b6498352f.jpg,1,1,0.9999,0.0,0.0,0.0,5.666,2.4,19.015,0.308,27.75
FireSmokeVideoNEW123_f106_jpg.rf.c25e4e81d45d2617b0ab2f5a640eff4b.jpg,1,1,0.8931,0.0,0.0,0.0,4.556,3.014,15.225,0.462,23.657
FireSmokeVideoNEW123_f108_jpg.rf.324c16b1e030787e2a19588a578b4df5.jpg,1,0,0.9982,0.0,0.0,0.0,4.974,0.61,9.191,0.392,15.441
FireSmokeVideoNEW123_f112_jpg.rf.ef7e157209fea66c4da0a9b66de88567.jpg,1,0,0.9178,0.0,0.0,0.0,6.858,0.854,10.13,0.475,18.676
FireSmokeVideoNEW123_f114_jpg.rf.bf8d48047fca455b0f42a273198515cc.jpg,1,1,0.7576,0.0,0.0,0.0,5.425,0.806,9.925,0.381,16.897
FireSmokeVideoNEW123_f116_jpg.rf.98c9644c9b593c5edf72505fbd46e59e.jpg,1,1,0.9987,0.0,0.0,0.0,6.478,0.827,9.744,0.347,17.722
FireSmokeVideoNEW123_f118_jpg.rf.b477bf1713c31303b31eb7a199ee4c91.jpg,1,0,0.8968,0.0,0.0,0.0,5.509,1.465,9.681,0.33,17.305
FireSmokeVideoNEW123_f11_jpg.rf.c8a9964859459a55d8b0b342188a4c08.jpg,1,0,0.7828,0.0,0.0,0.0,8.262,2.295,16.115,0.436,27.482
FireSmokeVideoNEW123_f121_jpg.rf.e2586395c9b367a7c81ae7509f4e39db.jpg,1,1,0.9995,0.0,0.0,0.0,5.476,2.8,10.534,0.267,19.422
FireSmokeVideoNEW123_f123_jpg.rf.e2375d9952733650dc776617228bb2f8.jpg,1,1,0.9999,0.0,0.0,0.0,3.991,0.963,8.391,0.238,13.818
FireSmokeVideoNEW123_f126_jpg.rf.73e9b95d773d15252049d96c679bd5df.jpg,1,1,0.9999,0.0,0.0,0.0,3.511,0.557,8.526,0.282,13.46
FireSmokeVideoNEW123_f128_jpg.rf.98e64005651b632e0dd4ef0e8e222a80.jpg,1,1,1.0,0.0,0.0,0.0,3.438,0.561,10.099,0.329,14.672
FireSmokeVideoNEW123_f131_jpg.rf.c92c6b57ace2f9ca7cf47e4631e4ceb8.jpg,1,1,0.9998,0.0,0.0,0.0,6.102,0.782,9.916,0.356,17.476
FireSmokeVideoNEW123_f133_jpg.rf.8a731b6788e829b919dcc6fbedee2290.jpg,1,1,0.9999,0.0,0.0,0.0,5.927,2.787,12.255,0.485,21.849
FireSmokeVideoNEW123_f135_jpg.rf.f13f1e5ca75a57717778dcb1a3bfbfef.jpg,1,1,0.9999,0.0,0.0,0.0,5.739,3.087,18.305,0.266,27.742
FireSmokeVideoNEW123_f137_jpg.rf.89be9c03d3b298ac53b1a84fd4bdb93f.jpg,1,1,0.9997,0.0,0.0,0.0,5.111,0.897,9.029,0.373,15.677
FireSmokeVideoNEW123_f148_jpg.rf.40d340666298e990735d8ca388cb9816.jpg,1,1,0.9947,0.0,0.0,0.0,5.445,0.745,9.758,0.362,16.644
FireSmokeVideoNEW123_f151_jpg.rf.aa3122a12b22ffea0d7a193d7beae8c5.jpg,1,1,0.9973,0.0,0.0,0.0,5.989,0.823,12.919,0.404,20.471
FireSmokeVideoNEW123_f153_jpg.rf.2a47a75fafb9f06997f57643fd0c2bd1.jpg,1,1,0.992,0.0,0.0,0.0,3.926,0.902,15.712,0.308,21.208
FireSmokeVideoNEW123_f156_jpg.rf.ae63f1b00917b26c25dda972daf3284b.jpg,1,1,0.992,0.0,0.0,0.0,5.466,2.679,10.05,0.516,19.005
FireSmokeVideoNEW123_f171_jpg.rf.9c1f0a991f5d1c042661894dd366e0fa.jpg,1,0,0.7652,0.0,0.0,0.0,3.899,0.551,11.182,0.288,16.17
FireSmokeVideoNEW123_f173_jpg.rf.55d9d95cd78bdff66e92e854c28eb5f0.jpg,1,0,0.662,0.0,0.0,0.0,4.835,0.545,9.297,0.368,15.286
FireSmokeVideoNEW123_f175_jpg.rf.46d008d35dba2bb66f53dc182961d9a6.jpg,1,0,0.9885,0.0,0.0,0.0,3.739,0.525,9.186,0.375,14.095
FireSmokeVideoNEW123_f177_jpg.rf.c76526af57ef0609dc042f01c15fc77e.jpg,1,1,1.0,0.0,0.0,0.0,6.817,1.281,9.821,0.37,18.632
FireSmokeVideoNEW123_f23_jpg.rf.51e35fa3a68a33dfdf723d94f317a85b.jpg,1,0,0.7872,0.0,0.0,0.0,6.239,0.798,13.124,0.577,21.089
FireSmokeVideoNEW123_f43_jpg.rf.e8008f78b15654db7e58f369714def41.jpg,1,0,0.7989,0.0,0.0,0.0,5.19,1.932,9.239,0.364,17.075
FireSmokeVideoNEW123_f47_jpg.rf.19c0d322d98a9e64ad8fb4efd7fc0e4d.jpg,1,0,0.7088,0.0,0.0,0.0,4.345,0.583,9.091,0.351,14.627
FireSmokeVideoNEW123_f49_jpg.rf.62d9ee330226fe916f41f8470db9eb64.jpg,1,1,0.7777,0.0,0.0,0.0,5.011,0.551,8.382,0.263,14.494
FireSmokeVideoNEW123_f53_jpg.rf.8c311ae20b0033cdae63327dc63e13cb.jpg,1,1,0.9978,0.0,0.0,0.0,5.518,1.125,9.214,0.227,16.41
FireSmokeVideoNEW123_f56_jpg.rf.5a5e62ac291b53c106d713eebc9ab978.jpg,1,1,0.9907,0.0,0.0,0.0,5.708,0.72,8.36,0.242,15.372
FireSmokeVideoNEW123_f65_jpg.rf.691203ff3979f7125a54151c4b53a24a.jpg,1,1,0.9673,0.0,0.0,0.0,5.637,2.827,8.992,0.229,18.028
FireSmokeVideoNEW123_f73_jpg.rf.d9ba153281fb3ea120f2214751a49b98.jpg,1,1,0.9998,0.0,0.0,0.0,5.57,0.779,9.199,0.242,16.109
FireSmokeVideoNEW123_f75_jpg.rf.2d872df94a99a62833cb4a08932ab6d5.jpg,1,1,0.9998,0.0,0.0,0.0,5.67,1.652,11.591,0.424,19.685
FireSmokeVideoNEW123_f79_jpg.rf.bcd14349dff0e46dfcf8deae404a9b58.jpg,1,1,0.9999,0.0,0.0,0.0,3.453,0.737,11.706,0.246,16.373
FireSmokeVideoNEW123_f81_jpg.rf.6a3dbcf3f43554d6a4828de674d3b1c6.jpg,1,1,0.9995,0.0,0.0,0.0,5.167,0.538,8.797,0.313,15.043
FireSmokeVideoNEW123_f83_jpg.rf.36c5ac6ba183f6e111b612aa4e282b9c.jpg,1,1,0.992,0.0,0.0,0.0,6.139,1.55,9.652,0.325,18.008
FireSmokeVideoNEW123_f93_jpg.rf.af94d96d426a243f0b572fdd6b0cffaa.jpg,1,0,0.9961,0.0,0.0,0.0,5.882,0.788,9.872,0.568,17.518
FireSmokeVideoNEW123_f96_jpg.rf.423f320fddc0053c6a0341c43c5006ec.jpg,1,0,0.9957,0.0,0.0,0.0,3.058,0.715,12.622,0.374,17.098
FireSmokeVideoNEW124_f1_jpg.rf.d882ce249beeb12e24fd0367d120b1ff.jpg,1,0,0.9985,0.0,0.0,0.0,5.101,0.809,10.293,0.397,16.935
FireSmokeVideoNEW124_f27_jpg.rf.5cdddd18ce788cc7cf757ab412be6519.jpg,1,0,0.9972,0.0,0.0,0.0,7.212,1.869,8.789,0.25,18.505
FireSmokeVideoNEW124_f34_jpg.rf.f3d8859fca5670c5d72b6dcac9134ddf.jpg,1,0,0.9986,0.0,0.0,0.0,3.574,0.616,8.369,0.239,13.031
FireSmokeVideoNEW124_f3_jpg.rf.16ade03d9e655a947e2544a8985f60f9.jpg,1,0,0.9998,0.0,0.0,0.0,3.725,0.547,8.367,0.261,13.168
FireSmokeVideoNEW124_f47_jpg.rf.314dec34ced589603b4b73ba0a908a21.jpg,1,0,0.9995,0.0,0.0,0.0,3.084,0.559,8.372,0.239,12.535
FireSmokeVideoNEW124_f49_jpg.rf.f17f0a12dec3ed500b6a16528b367689.jpg,1,0,0.9991,0.0,0.0,0.0,3.118,0.56,8.37,0.244,12.525
FireSmokeVideoNEW124_f54_jpg.rf.3c6cd3f1f020be4de59ee26347685778.jpg,1,0,0.9991,0.0,0.0,0.0,3.428,0.544,9.032,0.372,13.614
FireSmokeVideoNEW124_f56_jpg.rf.34f1587323d712197492c44f17215884.jpg,1,0,0.9989,0.0,0.0,0.0,4.394,3.964,16.519,0.405,25.757
FireSmokeVideoNEW125_f0_jpg.rf.81fe7efddc3253ced13780ec6e408e3c.jpg,1,1,1.0,0.0,0.0,0.0,4.468,0.828,8.506,0.293,14.351
FireSmokeVideoNEW125_f106_jpg.rf.3a904aa90315058997b7ecacfd5fa5b5.jpg,1,1,0.9997,0.0,0.0,0.0,3.627,0.576,8.486,0.265,13.578
FireSmokeVideoNEW125_f120_jpg.rf.c8d686137373b25435a8310ad00fd6ab.jpg,1,1,1.0,0.0,0.0,0.0,3.802,0.589,10.611,0.258,15.507
FireSmokeVideoNEW125_f130_jpg.rf.6f68116a78703c1e9340d77fb40469f5.jpg,1,1,1.0,0.0,0.0,0.0,3.846,1.225,8.33,0.258,13.915
FireSmokeVideoNEW125_f48_jpg.rf.cf4af7b857bae0990afd26b3c1980247.jpg,1,1,1.0,0.0,0.0,0.0,6.916,0.819,9.984,0.393,18.448
FireSmokeVideoNEW125_f74_jpg.rf.d0f371fe160c19e18a328a6024aa82cd.jpg,1,1,1.0,0.0,0.0,0.0,5.533,1.27,10.04,0.387,17.566
FireSmokeVideoNEW125_f7_jpg.rf.be240cb2d473d14c67984703664df0b7.jpg,1,1,0.9995,0.0,0.0,0.0,6.958,2.799,16.96,0.269,27.253
FireSmokeVideoNEW126_f27_jpg.rf.7346fe8b8287523c5fc6b4e80eaf0f26.jpg,1,0,0.6177,0.0,0.0,0.0,3.9,0.579,9.871,0.386,14.979
FireSmokeVideoNEW126_f29_jpg.rf.5077bf2b2ec0dbc0203d41adf4100e97.jpg,1,1,0.9641,0.0,0.0,0.0,4.935,0.545,9.013,0.368,15.119
FireSmokeVideoNEW126_f44_jpg.rf.cd6d14d78dc95c57e52ab92b9f82b3a4.jpg,1,1,0.671,0.0,0.0,0.0,7.075,0.977,9.895,0.446,18.748
FireSmokeVideoNEW126_f48_jpg.rf.da7b9ebcf213b3796a8526e2c8aa6491.jpg,1,0,0.5476,0.0,0.0,0.0,7.27,3.449,10.938,0.273,22.308
FireSmokeVideoNEW126_f52_jpg.rf.b195208c78b88a4e65b0aa661c45f466.jpg,1,1,0.9937,0.0,0.0,0.0,5.779,2.701,9.72,0.265,18.854
FireSmokeVideoNEW126_f54_jpg.rf.d787da27718524423c5c184be403cc6c.jpg,1,1,0.9827,0.0,0.0,0.0,7.627,2.6,8.241,0.235,18.947
FireSmokeVideoNEW126_f56_jpg.rf.d0e363100b9c22d89de0c94a6e8d2e1d.jpg,1,1,0.9874,0.0,0.0,0.0,6.255,0.784,9.196,0.248,16.806
FireSmokeVideoNEW126_f58_jpg.rf.c3a944666a891a540b1cfb2bffc2a913.jpg,1,1,0.9998,0.0,0.0,0.0,5.463,2.592,14.952,0.383,23.735
FireSmokeVideoNEW126_f62_jpg.rf.812b44d2dbb2f7ac4ae3c3b0d07c88f6.jpg,1,0,0.9949,0.0,0.0,0.0,6.301,1.031,9.309,0.243,17.233
FireSmokeVideoNEW126_f64_jpg.rf.de98eff962cdeb3f0682a2c381d22c4d.jpg,1,0,0.9974,0.0,0.0,0.0,6.365,0.832,9.773,0.352,17.651
FireSmokeVideoNEW127_f28_jpg.rf.e61d2816bb699753b49da2bf37a1a457.jpg,1,0,0.7398,0.0,0.0,0.0,6.689,2.698,9.35,0.239,19.294
FireSmokeVideoNEW127_f30_jpg.rf.3b48e7019fa19921bbcd22a8fc18a010.jpg,1,1,0.6362,0.0,0.0,0.0,7.741,3.173,18.473,0.302,30.06
FireSmokeVideoNEW127_f34_jpg.rf.0c83d4fb0a63562feb910932eecf60d0.jpg,1,1,0.9821,0.0,0.0,0.0,4.166,0.645,10.106,0.394,15.564
FireSmokeVideoNEW127_f44_jpg.rf.a9ef43d66b9ec7d1b8e17f8f36bca741.jpg,1,0,0.9998,0.0,0.0,0.0,3.12,0.539,9.261,0.395,13.557
FireSmokeVideoNEW127_f50_jpg.rf.bdcc99d123f67fb733203559f7693ef2.jpg,1,0,0.6626,0.0,0.0,0.0,5.811,0.783,15.034,0.419,22.397
FireSmokeVideoNEW127_f82_jpg.rf.9f015bb6a9818f109cc000cd7bdd16e6.jpg,1,0,0.9999,0.0,0.0,0.0,6.106,0.828,9.81,0.352,17.522
FireSmokeVideoNEW127_f9_jpg.rf.eee7846a8bbb29bad98f36c3bb075784.jpg,1,0,0.8367,0.0,0.0,0.0,6.612,3.829,16.623,0.436,27.926
FireSmokeVideoNEW128_f12_jpg.rf.0458b54b709948eb3bdcde19ff5095f0.jpg,1,0,0.9991,0.0,0.0,0.0,3.76,0.63,10.236,0.475,15.452
FireSmokeVideoNEW128_f14_jpg.rf.a5d3694afb9300f4e3b2b0775addef04.jpg,1,0,1.0,0.0,0.0,0.0,6.839,0.94,9.01,0.242,17.355
FireSmokeVideoNEW128_f20_jpg.rf.98a1afc67a6f33f19bd2f1be2f35851b.jpg,1,0,0.9992,0.0,0.0,0.0,5.455,1.068,9.803,0.377,17.035
FireSmokeVideoNEW128_f7_jpg.rf.e0935c0a1913034ce0978e5202e392f4.jpg,1,0,0.9082,0.0,0.0,0.0,3.516,0.613,9.043,0.359,13.773
FireSmokeVideoNEW128_f9_jpg.rf.bad1461a9bf07e05694221fb55e56534.jpg,1,0,0.7751,0.0,0.0,0.0,5.14,0.717,13.054,0.416,19.654
FireSmokeVideoNEW129_f14_jpg.rf.79c883812d7065ddbec62fd55612a017.jpg,1,1,0.7332,0.0,0.0,0.0,6.723,2.803,8.774,0.221,18.852
FireSmokeVideoNEW12_f24_jpg.rf.7b20fc3b471a7b97fbe9c7e041a0109c.jpg,1,1,1.0,0.0,0.0,0.0,3.251,0.578,8.503,0.283,12.846
FireSmokeVideoNEW12_f38_jpg.rf.96c628a11234c5f9c050b2b4211a2b76.jpg,1,1,0.9999,0.0,0.0,0.0,4.203,0.564,8.34,0.235,13.568
FireSmokeVideoNEW12_f51_jpg.rf.6d8e0c1a7b9920ce1193bbb2e094121b.jpg,1,1,0.9997,0.0,0.0,0.0,3.689,0.557,8.395,0.253,13.118
FireSmokeVideoNEW12_f64_jpg.rf.13d8bcf8193a21886c21bb66db8fdaa1.jpg,1,1,1.0,0.0,0.0,0.0,3.853,0.866,10.452,0.239,15.646
FireSmokeVideoNEW12_f8_jpg.rf.6d3fc0fe1d943fc0e986aeb39002b689.jpg,1,1,0.9999,0.0,0.0,0.0,3.733,0.545,9.093,0.358,13.968
FireSmokeVideoNEW132_f101_jpg.rf.ef8315ebdb257a7832caeb9c2b6c2c3f.jpg,1,1,0.8939,0.0,0.0,0.0,6.15,0.763,9.837,0.341,17.408
FireSmokeVideoNEW132_f107_jpg.rf.0be5dc622567ae0ca9a1fa0630d1181a.jpg,1,1,0.9729,0.0,0.0,0.0,6.543,3.373,17.682,0.301,28.245
FireSmokeVideoNEW132_f28_jpg.rf.74a57d7f3bf2e80e86a18b4d9ef15767.jpg,1,1,0.9995,0.0,0.0,0.0,4.758,2.474,5.201,0.271,12.959
FireSmokeVideoNEW132_f31_jpg.rf.06c6b40b0e311151a8cb5c990fa23e39.jpg,1,1,0.9779,0.0,0.0,0.0,3.923,0.799,5.032,0.275,10.288
FireSmokeVideoNEW132_f33_jpg.rf.cf84d4b69b24020d668380d7b87f8d2d.jpg,1,1,0.9787,0.0,0.0,0.0,3.456,0.587,5.086,0.253,9.63
FireSmokeVideoNEW132_f43_jpg.rf.1ceb082efbbbe991f9d91d896796f374.jpg,1,1,0.9801,0.0,0.0,0.0,3.8,0.59,12.652,0.407,17.689
FireSmokeVideoNEW132_f45_jpg.rf.d73c7cd8c7378af5a370f16c996e99fb.jpg,1,1,0.9981,0.0,0.0,0.0,5.428,0.773,8.911,0.238,15.65
FireSmokeVideoNEW132_f48_jpg.rf.a09d6c000c3b5596d9fb43fad2745011.jpg,1,1,0.9996,0.0,0.0,0.0,6.218,1.818,10.008,0.407,18.807
FireSmokeVideoNEW132_f51_jpg.rf.2544fe95b715eea490924ece11616b13.jpg,1,1,0.9984,0.0,0.0,0.0,5.257,2.498,10.989,0.355,19.335
FireSmokeVideoNEW132_f53_jpg.rf.09f633453d5c9279a67dca6558daa432.jpg,1,1,0.9881,0.0,0.0,0.0,6.053,2.6,18.045,0.263,27.283
FireSmokeVideoNEW132_f61_jpg.rf.eef43c9d98a86761615b4b2e7793aa19.jpg,1,1,0.9772,0.0,0.0,0.0,6.648,2.498,13.446,0.26,23.215
FireSmokeVideoNEW132_f65_jpg.rf.b11b1fb6703934a13f463437460ee272.jpg,1,1,0.5267,0.0,0.0,0.0,7.318,1.486,9.923,0.39,19.598
FireSmokeVideoNEW132_f67_jpg.rf.055d65a0c1fa6cf1aa8eea5471003adc.jpg,1,0,0.9754,0.0,0.0,0.0,5.686,0.828,9.948,0.414,17.234
FireSmokeVideoNEW132_f92_jpg.rf.69db5eb51f70a35bfd0d9f540f23a975.jpg,1,1,0.9999,0.0,0.0,0.0,5.249,0.595,13.399,0.393,19.88
FireSmokeVideoNEW132_f94_jpg.rf.e414a96046b887c8f237fbbeb00eed68.jpg,1,1,0.9994,0.0,0.0,0.0,5.559,0.795,9.807,0.384,16.88
FireSmokeVideoNEW135_f18_jpg.rf.10d9436c6c60d63acd8bc1031b900b8b.jpg,1,0,0.709,0.0,0.0,0.0,5.747,0.773,9.826,0.384,17.069
FireSmokeVideoNEW135_f28_jpg.rf.2944aab5c6eeadf7afa0d88bd6a3a691.jpg,1,0,0.9955,0.0,0.0,0.0,5.954,0.82,14.964,0.357,22.463
FireSmokeVideoNEW135_f2_jpg.rf.b170f64290a695a2b517bc86e7d0ab3b.jpg,1,1,0.9334,0.0,0.0,0.0,6.358,0.761,9.746,0.393,17.592
FireSmokeVideoNEW135_f37_jpg.rf.1d9c29827509cfacfd57bc7fc93541eb.jpg,1,1,0.5924,0.0,0.0,0.0,5.998,2.148,10.255,0.299,19.089
FireSmokeVideoNEW135_f3_jpg.rf.d644c4d3a7e063c498ba9048dfab4c88.jpg,1,0,0.6268,0.0,0.0,0.0,3.982,0.669,11.455,0.471,16.822
FireSmokeVideoNEW135_f47_jpg.rf.a02b0d48f9e7132076a8291778099b52.jpg,1,1,0.9997,0.0,0.0,0.0,3.523,0.604,8.445,0.26,13.081
FireSmokeVideoNEW135_f58_jpg.rf.51cb12d10437fa9fcb39682569a95cad.jpg,1,1,1.0,0.0,0.0,0.0,3.308,0.895,8.392,0.257,13.085
FireSmokeVideoNEW135_f60_jpg.rf.087d23aeac67fdce07ba0af44364e805.jpg,1,0,0.7722,0.0,0.0,0.0,3.413,0.558,8.373,0.263,12.872
FireSmokeVideoNEW135_f64_jpg.rf.3b7b2ceaa7776dde201211a4a258376b.jpg,1,0,0.9427,0.0,0.0,0.0,5.478,0.748,13.029,0.406,20.001
FireSmokeVideoNEW135_f74_jpg.rf.48f32d004d58d3ad3c6a754b68eac54f.jpg,1,1,0.9593,0.0,0.0,0.0,5.881,2.617,10.689,0.508,20.054
FireSmokeVideoNEW136_f21_jpg.rf.c676865790e30db1c60eb9dd00b38102.jpg,1,1,0.981,0.0,0.0,0.0,4.204,1.229,11.165,0.272,17.202
FireSmokeVideoNEW137_f1_jpg.rf.44d20ad3d89825a859367b20018c4d55.jpg,1,1,0.9903,0.0,0.0,0.0,5.357,0.528,8.829,0.384,15.339
FireSmokeVideoNEW137_f3_jpg.rf.03150810b84d787af6292f591ad6a4e2.jpg,1,1,0.8269,0.0,0.0,0.0,5.882,2.599,14.704,0.373,23.913
FireSmokeVideoNEW137_f5_jpg.rf.bb04eef8f3bac3bdd70c74ab5ca80a1c.jpg,1,1,0.9997,0.0,0.0,0.0,6.096,2.652,12.679,0.263,21.954
FireSmokeVideoNEW137_f7_jpg.rf.320c1db8f24d5c239dcd6e3467d680a7.jpg,1,1,0.9997,0.0,0.0,0.0,5.888,1.55,9.855,0.376,18.005
FireSmokeVideoNEW13_f16_jpg.rf.6a22c435851ee372f4425942eed66e62.jpg,1,1,0.9998,0.0,0.0,0.0,3.151,0.509,8.304,0.238,12.425
FireSmokeVideoNEW13_f18_jpg.rf.efa310f56dc29914b2bd9a49bb67b566.jpg,1,1,1.0,0.0,0.0,0.0,5.094,0.732,8.374,0.252,14.676
FireSmokeVideoNEW13_f21_jpg.rf.7b7410506fecac2cb64b3fe8ab09e737.jpg,1,1,0.9999,0.0,0.0,0.0,3.123,0.532,9.546,0.32,13.746
FireSmokeVideoNEW13_f23_jpg.rf.78dad5d90f1bb63af854c9ace53546c4.jpg,1,1,1.0,0.0,0.0,0.0,5.58,0.548,11.219,0.259,17.831
FireSmokeVideoNEW13_f25_jpg.rf.b6cfcce6c127ccf15fb3aae89ac3b0a4.jpg,1,1,0.9999,0.0,0.0,0.0,4.222,0.743,8.956,0.342,14.497
FireSmokeVideoNEW13_f31_jpg.rf.ea9667265ab5c5c893bac955cc1bd2d8.jpg,1,1,0.9998,0.0,0.0,0.0,3.979,0.742,9.719,0.311,15.117
FireSmokeVideoNEW13_f42_jpg.rf.ceb4ec2b5e8a3c397fd08d830a71e4cf.jpg,1,1,0.9999,0.0,0.0,0.0,6.046,1.071,9.8,0.346,17.597
FireSmokeVideoNEW13_f44_jpg.rf.348a3b9d0972a0d9c68d3917b787a6d8.jpg,1,1,0.9999,0.0,0.0,0.0,7.114,2.446,13.928,0.293,24.258
FireSmokeVideoNEW13_f64_jpg.rf.25326a118e4c9cdb02082bf74f0ec540.jpg,1,1,0.9996,0.0,0.0,0.0,7.141,1.023,15.049,0.381,23.929
FireSmokeVideoNEW140_f11_jpg.rf.a6207fe6ddb09f5f7e97d5d07ae02dc2.jpg,1,0,0.5731,0.0,0.0,0.0,5.594,0.713,8.981,0.271,15.869
FireSmokeVideoNEW140_f13_jpg.rf.018ea90614339140984d0f1e0bec858a.jpg,1,0,0.8184,0.0,0.0,0.0,5.804,0.805,9.759,0.359,17.061
FireSmokeVideoNEW140_f17_jpg.rf.5e202fe64f36b5f2a5750deeefa59055.jpg,1,0,0.9996,0.0,0.0,0.0,7.279,1.86,9.004,0.268,18.719
FireSmokeVideoNEW140_f30_jpg.rf.49b2343f6127b93f05a60c8895d0f0e9.jpg,1,1,0.9978,0.0,0.0,0.0,6.687,3.313,19.082,0.31,29.638
FireSmokeVideoNEW142_f10_jpg.rf.d98506831f9377f7da57191d436872e9.jpg,1,0,0.9997,0.0,0.0,0.0,5.121,0.613,9.211,0.394,15.652
FireSmokeVideoNEW142_f15_jpg.rf.906eebbf2d4656484d899568c537c722.jpg,1,0,0.9994,0.0,0.0,0.0,5.27,0.767,9.732,0.359,16.532
FireSmokeVideoNEW142_f19_jpg.rf.7d661a958573c2fba2e68898fad82dd1.jpg,1,0,0.9997,0.0,0.0,0.0,6.63,0.74,9.112,0.417,17.195
FireSmokeVideoNEW142_f29_jpg.rf.708929a469b97fe2cd62e6233f1d21d7.jpg,1,0,0.9855,0.0,0.0,0.0,5.283,0.935,11.053,0.428,18.025
FireSmokeVideoNEW142_f37_jpg.rf.97715052124ba4f34b332433d91cc643.jpg,1,0,0.9791,0.0,0.0,0.0,3.131,0.536,11.417,0.328,15.647
FireSmokeVideoNEW142_f54_jpg.rf.1f26bc7997e471dc07729284fe18c18f.jpg,1,0,0.9396,0.0,0.0,0.0,6.4,2.587,14.122,0.473,23.926
FireSmokeVideoNEW142_f8_jpg.rf.00aae90130d2da7f3e57853763ed478a.jpg,1,0,0.9997,0.0,0.0,0.0,3.877,0.523,8.669,0.241,13.675
FireSmokeVideoNEW143_f10_jpg.rf.2249f8748dbed0cbe077fc35929086ad.jpg,1,0,0.9095,0.0,0.0,0.0,3.108,0.597,9.892,0.382,14.311
FireSmokeVideoNEW143_f12_jpg.rf.d4416187c1c950728bad7b5f69e90e2d.jpg,1,0,0.5451,0.0,0.0,0.0,3.542,0.549,9.27,0.365,13.967
FireSmokeVideoNEW143_f14_jpg.rf.5189a85e97ec559ae6cf9c019946612e.jpg,1,1,0.9893,0.0,0.0,0.0,5.482,0.545,8.401,0.253,14.905
FireSmokeVideoNEW143_f16_jpg.rf.d6685538e86d776ff1c97c5216351548.jpg,1,1,0.9897,0.0,0.0,0.0,5.672,0.808,9.71,0.332,16.843
FireSmokeVideoNEW143_f18_jpg.rf.472bd0b240a7f17044f20ad23dff581d.jpg,1,1,0.9977,0.0,0.0,0.0,5.565,2.093,12.87,0.455,21.235
FireSmokeVideoNEW143_f1_jpg.rf.01fbe83b52f2f843ba3c88189f37fea8.jpg,1,1,0.983,0.0,0.0,0.0,3.899,0.763,17.6,0.442,23.048
FireSmokeVideoNEW143_f21_jpg.rf.6dbf0a12e69696fd0dfde2eddadb5e2e.jpg,1,0,0.9999,0.0,0.0,0.0,7.121,1.542,8.959,0.254,18.195
FireSmokeVideoNEW143_f23_jpg.rf.a8cea5091500d596c76163953ec1d31f.jpg,1,0,1.0,0.0,0.0,0.0,6.168,0.79,10.028,0.384,17.702
FireSmokeVideoNEW143_f3_jpg.rf.9c2cc06b1c13399df75a9d14bd736829.jpg,1,1,0.883,0.0,0.0,0.0,5.611,0.759,15.648,0.35,22.708
FireSmokeVideoNEW143_f5_jpg.rf.64a711abecb37a1a846511bdfcbfebbb.jpg,1,1,0.5827,0.0,0.0,0.0,5.987,0.764,10.119,0.432,17.687
FireSmokeVideoNEW143_f7_jpg.rf.4d5253963cd2437b2d67e58efadda1eb.jpg,1,0,0.9994,0.0,0.0,0.0,9.026,2.522,8.945,0.237,21.154
FireSmokeVideoNEW143_f9_jpg.rf.3d8408a7c28207a4594f6116d3dc8e22.jpg,1,0,0.9958,0.0,0.0,0.0,5.656,1.344,9.805,0.398,17.54
FireSmokeVideoNEW144_f13_jpg.rf.c9b4dbc9c1a23680b793172414c6a328.jpg,1,1,1.0,0.0,0.0,0.0,5.492,1.941,14.622,0.254,22.69
FireSmokeVideoNEW144_f15_jpg.rf.a053017bcfa3d28a92e025311f6a4898.jpg,1,1,0.9999,0.0,0.0,0.0,4.069,0.578,18.216,0.334,23.431
FireSmokeVideoNEW144_f1_jpg.rf.e48ee444ef2493ae5f7c6774c4860fc8.jpg,1,1,0.9994,0.0,0.0,0.0,5.834,0.858,9.991,0.399,17.44
FireSmokeVideoNEW144_f3_jpg.rf.54afa08b1aa96e20b43e15a861ee1819.jpg,1,1,0.9999,0.0,0.0,0.0,7.03,2.047,17.41,0.436,27.261
FireSmokeVideoNEW144_f5_jpg.rf.df207ef6f7909fed8b962d39d097a503.jpg,1,1,1.0,0.0,0.0,0.0,7.404,1.944,9.124,0.292,19.274
FireSmokeVideoNEW145_f1_jpg.rf.c98959994bf43a00ccccdbaa8e72f04a.jpg,1,0,1.0,0.0,0.0,0.0,6.446,0.916,9.87,0.392,17.977
FireSmokeVideoNEW146_f101_jpg.rf.fe2634fca5b5d1f2c9e70545fad522da.jpg,1,1,0.6286,0.0,0.0,0.0,5.542,0.939,9.916,0.399,17.161
FireSmokeVideoNEW146_f106_jpg.rf.9892c623f0f9bd29dbbcc214bc814b41.jpg,1,0,0.9998,0.0,0.0,0.0,6.037,1.214,19.408,0.322,27.323
FireSmokeVideoNEW146_f109_jpg.rf.384c83e02b0e4015cf5e4c8503673308.jpg,1,0,0.8785,0.0,0.0,0.0,3.392,1.684,9.35,0.383,15.075
FireSmokeVideoNEW146_f111_jpg.rf.ade51d43e61f28f35c8031cdf6817d02.jpg,1,1,0.585,0.0,0.0,0.0,7.723,3.087,16.715,0.422,28.335
FireSmokeVideoNEW146_f113_jpg.rf.ab8e22e960ad7213184583c588b4c445.jpg,1,1,0.8537,0.0,0.0,0.0,6.193,2.521,19.269,0.314,28.652
FireSmokeVideoNEW146_f117_jpg.rf.23a02761ea49a223ae6bf03a68d0fbdb.jpg,1,1,0.9371,0.0,0.0,0.0,5.485,0.605,9.45,0.503,16.302
FireSmokeVideoNEW146_f140_jpg.rf.2a95b7d14beac9ebfdfee7a038f57378.jpg,1,0,0.9998,0.0,0.0,0.0,6.184,1.415,10.236,0.433,18.63
FireSmokeVideoNEW146_f142_jpg.rf.9d3a06313e6023fc10a5ffc8f82f475b.jpg,1,0,0.9999,0.0,0.0,0.0,6.432,1.577,19.428,0.336,28.146
FireSmokeVideoNEW146_f144_jpg.rf.d8a99d5d28baa2ba0d34ff6b6332c3c8.jpg,1,0,0.9704,0.0,0.0,0.0,5.098,2.631,12.215,0.419,20.651
FireSmokeVideoNEW146_f151_jpg.rf.0fbffe058eb1e6cbac9fef14aead5b33.jpg,1,0,0.9912,0.0,0.0,0.0,4.782,1.336,9.902,0.407,16.785
FireSmokeVideoNEW146_f153_jpg.rf.fd1770e9a7a7dd230630573819f73610.jpg,1,0,0.9995,0.0,0.0,0.0,5.843,0.709,18.903,0.405,26.193
FireSmokeVideoNEW146_f159_jpg.rf.bdff825023e2cc456f066faf7f44afb1.jpg,1,1,0.6971,0.0,0.0,0.0,5.503,0.887,9.936,0.428,17.109
FireSmokeVideoNEW146_f161_jpg.rf.ff917c26295ce3ed066b0a6739d7b4e1.jpg,1,0,0.8449,0.0,0.0,0.0,5.786,0.711,9.888,0.386,17.102
FireSmokeVideoNEW146_f163_jpg.rf.e4bf576b4016d399937d584007322e6b.jpg,1,0,0.6519,0.0,0.0,0.0,6.61,2.916,16.678,0.506,26.953
FireSmokeVideoNEW146_f17_jpg.rf.1b3689a90a841172097fcbfa904ff096.jpg,1,0,0.7177,0.0,0.0,0.0,3.83,0.644,9.331,0.432,14.499
FireSmokeVideoNEW146_f19_jpg.rf.1163c954509ad8d43502cfe74353caf1.jpg,1,1,0.8832,0.0,0.0,0.0,6.123,1.231,9.839,0.366,17.885
FireSmokeVideoNEW146_f22_jpg.rf.860d47b110f7a7b5dc0909f99ed6c8aa.jpg,1,1,0.9768,0.0,0.0,0.0,5.537,0.749,14.901,0.39,22.306
FireSmokeVideoNEW146_f24_jpg.rf.4d4437854a9dd5bfd679122ce6356411.jpg,1,1,0.9786,0.0,0.0,0.0,5.57,0.778,9.104,0.285,16.057
FireSmokeVideoNEW146_f35_jpg.rf.569ada06b02691fc519a8f024219fe15.jpg,1,1,0.82,0.0,0.0,0.0,8.101,2.47,10.128,0.442,21.498
FireSmokeVideoNEW146_f49_jpg.rf.0bf5dac5124fa16d11d0830e0a753409.jpg,1,1,0.9967,0.0,0.0,0.0,5.524,0.567,14.127,0.332,20.796
FireSmokeVideoNEW146_f51_jpg.rf.15d197cb6c2c43ab6c0fdadab8dc7b2c.jpg,1,1,0.993,0.0,0.0,0.0,5.257,2.146,9.915,0.383,18.054
FireSmokeVideoNEW146_f53_jpg.rf.01946d65982e4d93d26c7b9db3102b40.jpg,1,1,0.9986,0.0,0.0,0.0,5.554,1.001,9.852,0.382,17.145
FireSmokeVideoNEW147_f102_jpg.rf.4f6c2948924181f2c14e48f8ed4bfb1f.jpg,1,1,0.6829,0.0,0.0,0.0,5.454,0.769,19.334,0.344,26.257
FireSmokeVideoNEW147_f10_jpg.rf.86ed5ec2ef774ba63776378184197396.jpg,1,1,0.9524,0.0,0.0,0.0,5.985,1.249,9.88,0.368,17.837
FireSmokeVideoNEW147_f49_jpg.rf.920daf7fb589a9b3becd83173d91f717.jpg,1,1,0.9994,0.0,0.0,0.0,8.884,2.888,10.933,0.275,23.318
FireSmokeVideoNEW147_f50_jpg.rf.11dc15cc50117b65a3595ffadfa635c9.jpg,1,1,0.985,0.0,0.0,0.0,5.095,2.393,14.957,0.428,23.215
FireSmokeVideoNEW147_f52_jpg.rf.1f1622d0cb5a2a41596f582631aae192.jpg,1,1,0.8247,0.0,0.0,0.0,5.84,3.198,11.079,0.417,20.82
FireSmokeVideoNEW147_f62_jpg.rf.1f159e881f75e24efb4e84a5f275f06f.jpg,1,1,0.5518,0.0,0.0,0.0,7.907,2.845,9.884,0.364,21.355
FireSmokeVideoNEW147_f64_jpg.rf.148efc59d85c9883a1e2a9951450522b.jpg,1,1,0.9204,0.0,0.0,0.0,7.752,2.293,16.34,0.303,27.146
FireSmokeVideoNEW147_f72_jpg.rf.c65d7aa435fdb2ec18d34e18004a07e1.jpg,1,0,0.9985,0.0,0.0,0.0,7.752,2.388,9.675,0.418,20.585
FireSmokeVideoNEW147_f75_jpg.rf.02fed88bb0f331b3e631edec406e62cf.jpg,1,0,0.9802,0.0,0.0,0.0,7.728,2.056,9.947,0.404,20.462
FireSmokeVideoNEW147_f7_jpg.rf.9747f57a7c176ccf7009a4d4b069f9ec.jpg,1,1,0.9736,0.0,0.0,0.0,6.442,0.792,18.938,0.318,26.835
FireSmokeVideoNEW147_f99_jpg.rf.b1df66b8d99531ae4e234cda5311bf60.jpg,1,0,0.9926,0.0,0.0,0.0,5.383,0.761,10.232,0.407,17.129
FireSmokeVideoNEW148_f10_jpg.rf.0dc92d22744e903a32a3c83646b68d39.jpg,1,0,0.9968,0.0,0.0,0.0,5.635,0.935,10.312,0.454,17.707
FireSmokeVideoNEW148_f12_jpg.rf.52dbece6256403bd64d1463b18e78b5f.jpg,1,0,0.9956,0.0,0.0,0.0,6.372,2.421,11.369,0.39,20.81
FireSmokeVideoNEW148_f14_jpg.rf.f705015083aa7f6b5d9e98fbe6b36b40.jpg,1,0,0.9998,0.0,0.0,0.0,7.307,0.79,8.903,0.242,17.563
FireSmokeVideoNEW148_f16_jpg.rf.efe282d05092639ca948cb54eec0b644.jpg,1,0,0.9862,0.0,0.0,0.0,5.229,0.687,8.726,0.375,15.247
FireSmokeVideoNEW148_f18_jpg.rf.25cf073fc5c999087720cdb1568d26cb.jpg,1,1,0.6589,0.0,0.0,0.0,6.238,2.144,18.022,0.277,26.924
FireSmokeVideoNEW148_f1_jpg.rf.08a7d028ddf308f88bed66f6adbe05ae.jpg,1,0,0.9906,0.0,0.0,0.0,5.153,1.831,9.656,0.46,17.367
FireSmokeVideoNEW148_f21_jpg.rf.d3c907302072bcf371911184b42a8bce.jpg,1,1,0.9962,0.0,0.0,0.0,7.528,1.684,9.277,0.27,19.199
FireSmokeVideoNEW148_f23_jpg.rf.bb7a8c385f12966c93224cd7de5533ac.jpg,1,1,0.7706,0.0,0.0,0.0,5.664,2.026,18.547,0.415,26.963
FireSmokeVideoNEW148_f2_jpg.rf.cc3395286ff35ee596125fb994bdfc73.jpg,1,0,0.9912,0.0,0.0,0.0,7.782,0.788,8.978,0.266,18.156
FireSmokeVideoNEW148_f38_jpg.rf.3e772f6833c02d74cc3a9eb84130c6a2.jpg,1,1,0.9802,0.0,0.0,0.0,5.613,0.749,9.887,0.379,16.981
FireSmokeVideoNEW148_f45_jpg.rf.c111b115dfee39f87d8bb3fefd29e481.jpg,1,0,0.9954,0.0,0.0,0.0,5.247,1.442,18.257,0.328,25.619
FireSmokeVideoNEW148_f4_jpg.rf.b5e711e0d8349a97597cf658055f912f.jpg,1,0,0.9956,0.0,0.0,0.0,5.581,1.883,10.14,0.462,18.348
FireSmokeVideoNEW148_f5_jpg.rf.a5397150607d4f0b596ec44a6c28888e.jpg,1,0,0.9064,0.0,0.0,0.0,4.278,2.68,11.221,0.326,18.77
FireSmokeVideoNEW148_f69_jpg.rf.0c25ebea3342d2fe4d94d8cc76dd4bcf.jpg,1,1,0.9849,0.0,0.0,0.0,6.224,0.835,19.344,0.329,27.076
FireSmokeVideoNEW148_f7_jpg.rf.bef5a3ae44c17a02e467edb3d5a4c8ac.jpg,1,0,0.9915,0.0,0.0,0.0,6.819,0.856,9.986,0.411,18.432
FireSmokeVideoNEW148_f86_jpg.rf.9a4b43078d141504677a016831cf6308.jpg,1,1,0.9974,0.0,0.0,0.0,6.63,0.814,9.811,0.444,18.059
FireSmokeVideoNEW148_f88_jpg.rf.8c2fdce293148f53b72c01a544a59ba9.jpg,1,1,0.996,0.0,0.0,0.0,6.208,0.796,14.837,0.364,22.563
FireSmokeVideoNEW148_f9_jpg.rf.720035ab761052597ad6cea16d2280e4.jpg,1,0,0.9995,0.0,0.0,0.0,9.279,2.527,18.522,0.298,31.013
FireSmokeVideoNEW150_f101_jpg.rf.33953232d7c51fdee6b7e2ce2865d0ba.jpg,1,0,1.0,0.0,0.0,0.0,4.122,2.29,9.573,0.374,16.638
FireSmokeVideoNEW150_f126_jpg.rf.32aee877b840a9c2ea22f01d2f5fb303.jpg,1,0,0.9911,0.0,0.0,0.0,7.006,1.989,20.103,0.239,29.653
FireSmokeVideoNEW150_f14_jpg.rf.444a98b29116e080a6a4a0501bb9f0f7.jpg,1,0,1.0,0.0,0.0,0.0,3.932,0.584,9.218,0.363,14.354
FireSmokeVideoNEW150_f16_jpg.rf.1e363290e42953136c50c91b146e07d9.jpg,1,0,1.0,0.0,0.0,0.0,5.209,0.778,9.97,0.375,16.673
FireSmokeVideoNEW150_f19_jpg.rf.b8f3ae94cfe25f126a004e4fa29e7bdb.jpg,1,0,1.0,0.0,0.0,0.0,5.342,1.619,12.833,0.482,20.681
FireSmokeVideoNEW150_f21_jpg.rf.d067747b0ef9247ab15d7d8d359a08aa.jpg,1,0,1.0,0.0,0.0,0.0,5.067,2.763,11.379,0.26,19.912
FireSmokeVideoNEW150_f27_jpg.rf.5c97dd97e9ed1deda7fb24fce2121f90.jpg,1,0,0.9988,0.0,0.0,0.0,3.536,0.54,10.581,0.255,15.147
FireSmokeVideoNEW150_f29_jpg.rf.5511e763f9c244616f5e77ce9b91c813.jpg,1,0,1.0,0.0,0.0,0.0,3.041,0.594,8.884,0.408,13.167
FireSmokeVideoNEW150_f30_jpg.rf.9d4832733e3b2a93417a5c8b84aee5d0.jpg,1,0,1.0,0.0,0.0,0.0,4.934,0.741,10.217,0.387,16.608
FireSmokeVideoNEW150_f35_jpg.rf.e659edf7e73a723edf7cb3df1ace88a3.jpg,1,0,1.0,0.0,0.0,0.0,3.26,0.627,9.934,0.241,14.384
FireSmokeVideoNEW150_f37_jpg.rf.3d99dc493af34a4278cbad08dacccd20.jpg,1,0,1.0,0.0,0.0,0.0,7.613,2.768,8.96,0.268,19.927
FireSmokeVideoNEW150_f39_jpg.rf.16f3dc6a8d25292027d805693095ce6f.jpg,1,0,0.9997,0.0,0.0,0.0,7.596,1.81,8.346,0.243,18.233
FireSmokeVideoNEW150_f40_jpg.rf.a8ed31240a813fc1b3b194e5dc286200.jpg,1,0,0.9998,0.0,0.0,0.0,5.276,0.759,10.42,0.451,17.234
FireSmokeVideoNEW150_f49_jpg.rf.894a7d0a845e4f06aaf52084b00c6d3f.jpg,1,0,0.8786,0.0,0.0,0.0,3.048,0.517,11.167,0.369,15.361
FireSmokeVideoNEW150_f52_jpg.rf.3a9421d2d5bba6909fe121dc0c5e5951.jpg,1,0,0.997,0.0,0.0,0.0,3.257,0.774,9.906,0.365,14.649
FireSmokeVideoNEW150_f75_jpg.rf.3abfaf3dfa1a54a3000ae55b88ef6e38.jpg,1,0,1.0,0.0,0.0,0.0,5.248,0.716,9.857,0.328,16.472
FireSmokeVideoNEW150_f93_jpg.rf.483917c98f627d6edb1ce0a19c709f2c.jpg,1,0,1.0,0.0,0.0,0.0,5.076,0.732,12.83,0.427,19.393
FireSmokeVideoNEW153_f102_jpg.rf.04284ab61b7234532f0b9026058be288.jpg,1,1,0.9996,0.0,0.0,0.0,6.713,1.852,15.608,0.249,24.776
FireSmokeVideoNEW153_f105_jpg.rf.25bcafa89f42721d551841633e56ab3f.jpg,1,1,0.9988,0.0,0.0,0.0,4.647,1.991,9.251,0.285,16.496
FireSmokeVideoNEW153_f108_jpg.rf.8c8d79a0e6dc7c4a31aab13cb893358b.jpg,1,1,0.9974,0.0,0.0,0.0,6.466,0.847,12.941,0.394,20.981
FireSmokeVideoNEW153_f111_jpg.rf.44b4559f78806fba0bd71c69f0768418.jpg,1,1,0.9998,0.0,0.0,0.0,5.608,2.014,9.204,0.278,17.444
FireSmokeVideoNEW153_f113_jpg.rf.f74466106550bec39e4d5cf1fa49d5b3.jpg,1,1,0.9997,0.0,0.0,0.0,5.3,0.707,9.823,0.359,16.513
FireSmokeVideoNEW153_f117_jpg.rf.0f30b08c290b5e28fe270c5062c46051.jpg,1,1,0.9999,0.0,0.0,0.0,5.539,1.427,15.06,0.408,22.779
FireSmokeVideoNEW153_f124_jpg.rf.9a2353fcb4544032a30aaa5e6bd64ee0.jpg,1,1,0.9998,0.0,0.0,0.0,6.698,2.939,12.506,0.242,22.627
FireSmokeVideoNEW153_f12_jpg.rf.b366ca33845d67e9a395b25b15cb447b.jpg,1,1,1.0,0.0,0.0,0.0,3.844,0.593,11.049,0.328,16.09
FireSmokeVideoNEW153_f137_jpg.rf.d9411938e113c254dffcf511b582d027.jpg,1,1,0.9996,0.0,0.0,0.0,5.176,0.765,10.175,0.473,16.94
FireSmokeVideoNEW153_f140_jpg.rf.6bf670b7eeffa899441ef3e9dba2adcd.jpg,1,1,1.0,0.0,0.0,0.0,3.279,0.587,9.317,0.347,13.775
FireSmokeVideoNEW153_f150_jpg.rf.25dbe19041bed476d4f58048b1a59414.jpg,1,1,1.0,0.0,0.0,0.0,3.119,0.83,9.511,0.383,14.073
FireSmokeVideoNEW153_f155_jpg.rf.4cbaf0dadb73c614812b924695d039a7.jpg,1,1,1.0,0.0,0.0,0.0,5.362,0.748,9.838,0.356,16.647
FireSmokeVideoNEW153_f166_jpg.rf.c1a67b7a7cbbfd8f7b0ed5186ba9ec9a.jpg,1,1,1.0,0.0,0.0,0.0,5.948,2.121,14.353,0.47,23.247
FireSmokeVideoNEW153_f175_jpg.rf.58e26ccc4e06d1d75c4b04c9b1712d9c.jpg,1,1,0.9999,0.0,0.0,0.0,4.849,0.553,16.942,0.309,22.894
FireSmokeVideoNEW153_f190_jpg.rf.256ddc0fa216968cc5333bb8e84e3476.jpg,1,1,0.9999,0.0,0.0,0.0,5.965,0.827,9.796,0.364,17.294
FireSmokeVideoNEW153_f20_jpg.rf.288cad55c0d4103264306149626fb2b0.jpg,1,1,1.0,0.0,0.0,0.0,5.233,0.761,9.783,0.363,16.534
FireSmokeVideoNEW153_f218_jpg.rf.bd10302a298b9d028ae7b44461c82a6f.jpg,1,1,1.0,0.0,0.0,0.0,5.232,0.757,12.028,0.381,18.833
FireSmokeVideoNEW153_f222_jpg.rf.66b912ceebfd666ff1c413bcf55c3d19.jpg,1,1,1.0,0.0,0.0,0.0,3.186,0.548,9.514,0.41,13.896
FireSmokeVideoNEW153_f224_jpg.rf.966c2cdd02d2ec6671f46f99e4fdce16.jpg,1,1,1.0,0.0,0.0,0.0,4.511,1.589,9.375,0.419,16.162
FireSmokeVideoNEW153_f228_jpg.rf.7571f42b5e5967cfa1d7a3598b22ebd0.jpg,1,1,1.0,0.0,0.0,0.0,7.723,0.747,9.019,0.261,18.068
FireSmokeVideoNEW153_f31_jpg.rf.29c7b86d56504af7fcfde12a31536ea7.jpg,1,1,1.0,0.0,0.0,0.0,3.5,0.527,9.085,0.364,13.706
FireSmokeVideoNEW153_f39_jpg.rf.67df6e0a99a896aa75dc69161de13ca4.jpg,1,1,0.9999,0.0,0.0,0.0,3.164,1.114,11.946,0.354,16.907
FireSmokeVideoNEW153_f45_jpg.rf.7e48982adb68742dcb6b0fad3eb26fe8.jpg,1,1,1.0,0.0,0.0,0.0,5.405,0.837,9.915,0.398,16.888
FireSmokeVideoNEW153_f48_jpg.rf.bac071423e7f6c0aafdc107c3521e7f0.jpg,1,1,0.9999,0.0,0.0,0.0,5.472,0.746,9.852,0.355,16.757
FireSmokeVideoNEW153_f64_jpg.rf.a2b94d7a56781c4cdfb3c151eb143367.jpg,1,1,0.9999,0.0,0.0,0.0,6.954,1.94,19.497,0.289,29.011
FireSmokeVideoNEW153_f68_jpg.rf.f5b162bdfbc33af2159fc2bc9426eed6.jpg,1,1,0.9999,0.0,0.0,0.0,4.759,0.586,14.569,0.294,20.455
FireSmokeVideoNEW153_f71_jpg.rf.c23db68bddcdb21801dbebc0c061e76b.jpg,1,1,0.9999,0.0,0.0,0.0,3.442,0.545,9.071,0.341,13.635
FireSmokeVideoNEW153_f87_jpg.rf.6baf2f06090e0337483ada248509cb59.jpg,1,1,0.9989,0.0,0.0,0.0,5.223,0.732,9.646,0.315,16.334
FireSmokeVideoNEW153_f90_jpg.rf.9023719adf04d4044c938ccb993dd1e8.jpg,1,1,1.0,0.0,0.0,0.0,5.427,0.745,12.164,0.51,19.282
FireSmokeVideoNEW153_f92_jpg.rf.e84aa4e8fdac769782fd8658cde448fd.jpg,1,1,1.0,0.0,0.0,0.0,4.646,0.796,9.884,0.377,16.13
FireSmokeVideoNEW153_f95_jpg.rf.99a25f547c16948f571a8789a3b182fc.jpg,1,1,1.0,0.0,0.0,0.0,7.462,2.774,15.622,0.476,26.723
FireSmokeVideoNEW155_f10_jpg.rf.c748381fdf197879771b4e7e6b3f29d8.jpg,1,0,0.5256,0.0,0.0,0.0,3.988,0.591,8.398,0.244,13.462
FireSmokeVideoNEW155_f12_jpg.rf.1968aa1bef09745bcd6ac5288a9c9358.jpg,1,1,0.9974,0.0,0.0,0.0,3.585,0.566,8.41,0.249,13.047
FireSmokeVideoNEW155_f14_jpg.rf.fb317c01dc2a95cdd45a4093b27718f0.jpg,1,1,0.9122,0.0,0.0,0.0,3.732,0.956,7.998,0.258,13.163
FireSmokeVideoNEW155_f16_jpg.rf.d8fe076c461d48744bee7c042abcc5f8.jpg,1,1,0.887,0.0,0.0,0.0,3.538,0.563,8.463,0.251,13.059
FireSmokeVideoNEW155_f24_jpg.rf.b28dccb64a14935ed7dee307a54574de.jpg,1,0,0.654,0.0,0.0,0.0,3.36,0.555,8.989,0.354,13.504
FireSmokeVideoNEW155_f2_jpg.rf.fa36401821aec5900cc2c85e1226c0a2.jpg,1,1,0.9928,0.0,0.0,0.0,5.943,2.151,12.28,0.357,21.069
FireSmokeVideoNEW155_f42_jpg.rf.c60947293513766a592f90a1541d9092.jpg,1,1,0.9952,0.0,0.0,0.0,6.573,2.214,9.831,0.59,19.604
FireSmokeVideoNEW155_f49_jpg.rf.3c06fb2c6a26091589977194a4abab76.jpg,1,1,0.9988,0.0,0.0,0.0,6.683,0.823,10.032,0.368,18.256
FireSmokeVideoNEW155_f50_jpg.rf.80677d5b907912711a6920a084d1e89c.jpg,1,1,0.8146,0.0,0.0,0.0,3.629,0.561,9.458,0.398,14.293
FireSmokeVideoNEW155_f5_jpg.rf.3cb78f9d303c52509e0578544d2da27c.jpg,1,1,0.9875,0.0,0.0,0.0,5.445,1.743,13.237,0.952,21.744
FireSmokeVideoNEW155_f62_jpg.rf.9ab8fb2faf5d035ac1c6744445b9c213.jpg,1,1,0.8152,0.0,0.0,0.0,4.612,1.433,9.104,0.256,15.711
FireSmokeVideoNEW155_f6_jpg.rf.1667a85146b807e8f44d7c22058489eb.jpg,1,1,0.997,0.0,0.0,0.0,5.702,0.802,10.018,0.395,17.267
FireSmokeVideoNEW156_f15_jpg.rf.fb5dd0148524a2cda3bb53f4e0121715.jpg,1,0,0.8071,0.0,0.0,0.0,6.977,1.833,9.001,0.253,18.568
FireSmokeVideoNEW156_f175_jpg.rf.60debd3147792c3a493655b096e73fa4.jpg,1,0,0.9746,0.0,0.0,0.0,3.665,0.567,9.527,0.247,14.469
FireSmokeVideoNEW158_f39_jpg.rf.7f473b556e3cd2815542ec5bf6db3e6d.jpg,1,0,1.0,0.0,0.0,0.0,3.615,0.548,9.183,0.384,13.973
FireSmokeVideoNEW158_f46_jpg.rf.6b82b2f486e4e624ea9461a55db99dca.jpg,1,0,0.9791,0.0,0.0,0.0,5.8,0.773,9.867,0.343,17.129
FireSmokeVideoNEW158_f48_jpg.rf.3168d65ca51af21e092746c775d953fc.jpg,1,1,0.9817,0.0,0.0,0.0,5.358,0.744,9.637,0.349,16.495
FireSmokeVideoNEW158_f59_jpg.rf.869a05d37638c92d9fe0dd626efd31d0.jpg,1,1,0.9549,0.0,0.0,0.0,6.669,0.764,12.842,0.392,21.005
FireSmokeVideoNEW158_f63_jpg.rf.2d1014dc2ef5040b98a27fe60ab19d6a.jpg,1,1,0.8674,0.0,0.0,0.0,5.303,1.56,9.325,0.342,16.924
FireSmokeVideoNEW158_f90_jpg.rf.d48168cb4bb38538fc1ed5cabc7142b2.jpg,1,1,0.9945,0.0,0.0,0.0,6.539,1.685,8.316,0.281,17.054
FireSmokeVideoNEW158_f92_jpg.rf.9c84ccbe9534bc160399d17379f8b111.jpg,1,1,0.9979,0.0,0.0,0.0,3.671,0.573,8.464,0.254,13.22
FireSmokeVideoNEW159_f112_jpg.rf.591c03eb9db15672f4cd8b4abb898d89.jpg,1,0,0.8758,0.0,0.0,0.0,3.179,0.563,8.497,0.27,12.754
FireSmokeVideoNEW15_f12_jpg.rf.f51125d1af8ad086351a7886b0f5009b.jpg,1,0,0.6835,0.0,0.0,0.0,3.323,0.541,8.429,0.258,12.791
FireSmokeVideoNEW15_f14_jpg.rf.9d67d376bf8c041638caeff48acaf623.jpg,1,0,0.8259,0.0,0.0,0.0,3.592,0.587,8.422,0.257,13.092
FireSmokeVideoNEW15_f17_jpg.rf.86e7dbb8918e3b1b2f626273bd55b8d0.jpg,1,1,0.7237,0.0,0.0,0.0,5.145,1.199,9.771,0.352,16.786
FireSmokeVideoNEW15_f1_jpg.rf.f344ff4bba1c59aa5c50709afb19e455.jpg,1,1,0.998,0.0,0.0,0.0,5.811,0.95,13.078,0.446,20.613
FireSmokeVideoNEW15_f2_jpg.rf.a31e556d5f3a6dbd7ff44311ef8efbae.jpg,1,0,0.9071,0.0,0.0,0.0,6.326,2.65,9.14,0.388,18.747
FireSmokeVideoNEW15_f6_jpg.rf.436addb93652b050d3dd3b2c60b0bfec.jpg,1,1,0.6364,0.0,0.0,0.0,5.106,0.826,9.786,0.374,16.427
FireSmokeVideoNEW160_f103_jpg.rf.20ecce466add4381dcaa03df05ea7770.jpg,1,0,0.8841,0.0,0.0,0.0,5.645,0.758,12.187,0.415,19.327
FireSmokeVideoNEW160_f12_jpg.rf.bfc71795a2763b42e2e484455ff7f31b.jpg,1,1,0.6562,0.0,0.0,0.0,3.888,0.998,9.187,0.24,14.633
FireSmokeVideoNEW160_f15_jpg.rf.f44bad4c3e3af5089ecdb301e701e787.jpg,1,1,0.8015,0.0,0.0,0.0,4.389,0.534,9.087,0.387,14.632
FireSmokeVideoNEW160_f16_jpg.rf.428bb15b7ae1c7facd99f425b6d7df6a.jpg,1,1,0.9917,0.0,0.0,0.0,5.304,1.016,9.905,0.35,16.91
FireSmokeVideoNEW160_f173_jpg.rf.b2e66370e2f2c1cb16de0df2907336f7.jpg,1,1,0.8736,0.0,0.0,0.0,7.544,2.723,22.319,0.421,34.042
FireSmokeVideoNEW160_f177_jpg.rf.d1a861e50ebc4461caaecf62f63ebc59.jpg,1,0,0.9985,0.0,0.0,0.0,6.597,1.034,8.874,0.253,17.073
FireSmokeVideoNEW160_f1_jpg.rf.190758d8c7a682c5b7daac081dfb3a78.jpg,1,1,0.6025,0.0,0.0,0.0,5.4,0.776,9.12,0.244,15.847
FireSmokeVideoNEW160_f2_jpg.rf.fce089d8284f0950ae97be3eba63439a.jpg,1,0,0.989,0.0,0.0,0.0,5.32,0.809,9.863,0.349,16.673
FireSmokeVideoNEW160_f33_jpg.rf.108f8a672b6f88d2b89ac7f95422009c.jpg,1,1,0.9018,0.0,0.0,0.0,5.662,0.764,14.873,0.419,22.055
FireSmokeVideoNEW160_f35_jpg.rf.c16d0976f3f76c13a1330b5768eca00a.jpg,1,0,0.8393,0.0,0.0,0.0,6.706,3.357,15.45,0.39,26.387
FireSmokeVideoNEW160_f39_jpg.rf.d3e3a3c1485f2d01aec9cad353813e12.jpg,1,1,0.8778,0.0,0.0,0.0,4.925,2.417,9.987,0.433,18.044
FireSmokeVideoNEW160_f41_jpg.rf.aa9f5312160d0bd036a5938074fddac9.jpg,1,0,0.9997,0.0,0.0,0.0,7.313,2.074,9.832,0.473,20.025
FireSmokeVideoNEW160_f44_jpg.rf.1cc92e380feb65d1eb40ba795881b5d5.jpg,1,0,0.9996,0.0,0.0,0.0,7.486,0.792,14.722,0.431,23.795
FireSmokeVideoNEW160_f46_jpg.rf.dd383a61ddf4ac103ba2ab38fafc1304.jpg,1,0,0.9992,0.0,0.0,0.0,5.87,0.81,8.899,0.279,16.187
FireSmokeVideoNEW160_f48_jpg.rf.7dd4aefed27d023e4052d016859d86ba.jpg,1,0,0.9989,0.0,0.0,0.0,6.348,0.864,10.132,0.42,18.175
FireSmokeVideoNEW160_f4_jpg.rf.a216d4761627cf8ad4fe93da11263bd4.jpg,1,0,0.9926,0.0,0.0,0.0,7.896,3.281,17.919,0.429,29.921
FireSmokeVideoNEW160_f52_jpg.rf.3228c111f52937aaf63b39337eba40f8.jpg,1,0,0.9965,0.0,0.0,0.0,6.65,0.978,8.886,0.248,17.097
FireSmokeVideoNEW160_f55_jpg.rf.92746e806b8a448bd9fa5ebc37187ef2.jpg,1,1,0.9999,0.0,0.0,0.0,5.784,0.839,9.985,0.458,17.416
FireSmokeVideoNEW160_f57_jpg.rf.8a91ec76e3647b46e08933b3462af691.jpg,1,1,0.9991,0.0,0.0,0.0,5.555,0.735,15.258,0.421,22.305
FireSmokeVideoNEW160_f59_jpg.rf.170fd687380bef8f766d9e266cb85053.jpg,1,1,0.999,0.0,0.0,0.0,6.395,0.969,10.154,0.375,18.234
FireSmokeVideoNEW160_f63_jpg.rf.db93f533170822e20526f9e532b5e51b.jpg,1,1,0.9998,0.0,0.0,0.0,5.269,2.179,17.873,0.315,25.876
FireSmokeVideoNEW160_f6_jpg.rf.ac5b4b5a9f3e3488066181df85e3f326.jpg,1,0,0.9996,0.0,0.0,0.0,4.359,0.679,9.457,0.351,15.109
FireSmokeVideoNEW160_f83_jpg.rf.2b5c18d120808fcee84fcee8e15e0eab.jpg,1,1,0.9929,0.0,0.0,0.0,3.788,2.187,9.347,0.398,15.972
FireSmokeVideoNEW160_f94_jpg.rf.fa93f0ccf8383d0537bd4526fe6dea4f.jpg,1,1,0.9851,0.0,0.0,0.0,5.545,1.232,9.759,0.353,17.238
FireSmokeVideoNEW160_f96_jpg.rf.318dc1b078231bc7e8217c6b27dbf6bc.jpg,1,1,0.9743,0.0,0.0,0.0,5.744,0.87,9.737,0.35,17.03
FireSmokeVideoNEW160_f98_jpg.rf.fda7903762711f01f813040b5d8aa8a2.jpg,1,0,0.9179,0.0,0.0,0.0,7.378,2.252,19.943,0.691,30.61
FireSmokeVideoNEW160_f9_jpg.rf.8ad168e145acd33d27bbeeebdf9ae57e.jpg,1,1,0.9861,0.0,0.0,0.0,5.174,2.875,9.632,0.238,18.169
FireSmokeVideoNEW161_f102_jpg.rf.b8a39867ca705345dd78135b6499812f.jpg,1,1,0.9998,0.0,0.0,0.0,5.962,1.485,9.705,0.244,17.742
FireSmokeVideoNEW161_f104_jpg.rf.03cdb4c2815784a34a20437185bb945e.jpg,1,1,0.9999,0.0,0.0,0.0,6.019,2.125,9.332,0.274,18.109
FireSmokeVideoNEW161_f108_jpg.rf.a443c4f6d93a5c29284e386e100774c7.jpg,1,1,1.0,0.0,0.0,0.0,5.351,0.522,14.841,0.433,21.386
FireSmokeVideoNEW161_f110_jpg.rf.7a3ea145a4c983d0832040f8059eab16.jpg,1,1,1.0,0.0,0.0,0.0,6.697,1.629,9.182,0.281,18.111
FireSmokeVideoNEW161_f112_jpg.rf.cc6e5f3275b57bf2b6725a9d400d562b.jpg,1,1,1.0,0.0,0.0,0.0,6.614,0.626,8.389,0.245,16.109
FireSmokeVideoNEW161_f126_jpg.rf.6be71a5552c67a041be924a65961ba25.jpg,1,1,0.9998,0.0,0.0,0.0,5.682,0.986,9.195,0.239,16.445
FireSmokeVideoNEW162_f22_jpg.rf.c32b1104152593e5333cf62b573e1c78.jpg,1,1,0.9959,0.0,0.0,0.0,3.907,0.565,9.001,0.362,14.073
FireSmokeVideoNEW162_f25_jpg.rf.14fe515b4881006326c100db4510d703.jpg,1,1,0.9991,0.0,0.0,0.0,3.678,0.55,11.259,0.388,16.112
FireSmokeVideoNEW162_f28_jpg.rf.2100b326cec56114b93d020bc09048ce.jpg,1,1,0.9993,0.0,0.0,0.0,5.501,0.731,9.828,0.364,16.743
FireSmokeVideoNEW162_f33_jpg.rf.8dad23cbfc6a51aefb21d5fad8279bb7.jpg,1,1,0.9087,0.0,0.0,0.0,5.667,0.757,9.776,0.394,16.917
FireSmokeVideoNEW162_f66_jpg.rf.3631362f48db82440191fe572b490d18.jpg,1,1,0.9793,0.0,0.0,0.0,6.121,2.866,13.978,0.972,24.289
FireSmokeVideoNEW162_f68_jpg.rf.e5c11af641e403c1dfd72762deb03d79.jpg,1,1,0.9968,0.0,0.0,0.0,4.92,2.677,17.062,0.27,25.222
FireSmokeVideoNEW163_f1_jpg.rf.48314c99b8b115efc7e5d9aaae268c6d.jpg,1,0,0.9996,0.0,0.0,0.0,4.159,0.587,9.35,0.355,14.723
FireSmokeVideoNEW163_f3_jpg.rf.37eb09b7f4a74de0e072b65a23530ffe.jpg,1,1,0.7478,0.0,0.0,0.0,6.119,0.768,9.895,0.394,17.631
FireSmokeVideoNEW163_f5_jpg.rf.3ff7bc2e2acad28b6f4bd8c668b163f1.jpg,1,0,1.0,0.0,0.0,0.0,6.106,0.815,13.03,0.448,20.744
FireSmokeVideoNEW163_f91_jpg.rf.2ea42f806b1cfd13bc551fa782ea4414.jpg,1,0,0.9999,0.0,0.0,0.0,4.69,0.773,9.899,0.354,16.066
FireSmokeVideoNEW164_f76_jpg.rf.73ec1d0a5c3c6223aad8ea5f96d2c287.jpg,1,0,1.0,0.0,0.0,0.0,5.551,0.742,9.894,0.378,16.906
FireSmokeVideoNEW166_f104_jpg.rf.4ae70d75d6f1e26735b5fd2d00149140.jpg,1,1,0.9866,0.0,0.0,0.0,6.72,2.318,9.947,0.255,19.584
FireSmokeVideoNEW166_f106_jpg.rf.ecdf0d1c54eed105a41ceb1c3a5e16a2.jpg,1,1,0.9844,0.0,0.0,0.0,3.634,0.637,9.672,0.334,14.523
FireSmokeVideoNEW166_f114_jpg.rf.96ea691bbc9cbfaf071eff12e406a474.jpg,1,0,0.9321,0.0,0.0,0.0,4.168,1.997,8.511,0.364,15.267
FireSmokeVideoNEW166_f128_jpg.rf.c8522d2e926b393fc34be90751b24e82.jpg,1,1,0.9991,0.0,0.0,0.0,5.845,0.765,9.751,0.329,17.02
FireSmokeVideoNEW166_f130_jpg.rf.ec9dae17b6bbb13104fa9b611d0195b1.jpg,1,1,0.9928,0.0,0.0,0.0,6.052,0.781,9.858,0.398,17.43
FireSmokeVideoNEW166_f142_jpg.rf.8777aadb7efd8b5364780535a11408ee.jpg,1,1,0.8411,0.0,0.0,0.0,5.394,1.817,12.002,0.299,19.827
FireSmokeVideoNEW166_f151_jpg.rf.951f63f13e871c67cbf4167ca519c038.jpg,1,1,0.9875,0.0,0.0,0.0,5.139,2.706,15.353,0.25,23.683
FireSmokeVideoNEW166_f156_jpg.rf.c3fc415b126d1c0dc2c799e8d819ba0a.jpg,1,1,0.9848,0.0,0.0,0.0,5.756,1.456,9.225,0.246,17.004
FireSmokeVideoNEW166_f18_jpg.rf.91b89ccc3f2286e2046f47caeec4e617.jpg,1,1,0.9999,0.0,0.0,0.0,5.509,0.852,10.039,0.391,17.12
FireSmokeVideoNEW166_f20_jpg.rf.621861e4339bc16655c7d59607418101.jpg,1,1,1.0,0.0,0.0,0.0,3.127,0.521,12.857,0.405,17.145
FireSmokeVideoNEW166_f31_jpg.rf.ec18fdfa2e1b079dc332639aca65e45b.jpg,1,1,1.0,0.0,0.0,0.0,5.678,0.783,9.919,0.399,17.107
FireSmokeVideoNEW16_f15_jpg.rf.1b1aa21c81078e3b97875626efbfa695.jpg,1,0,1.0,0.0,0.0,0.0,6.951,2.058,14.748,0.332,24.427
FireSmokeVideoNEW16_f20_jpg.rf.607dc5a69aa35cab8c152976e33f78b9.jpg,1,0,0.9985,0.0,0.0,0.0,4.301,0.768,9.423,0.393,15.201
FireSmokeVideoNEW16_f22_jpg.rf.ed416c54b284805baff969bf2d477571.jpg,1,0,0.8482,0.0,0.0,0.0,5.568,0.753,9.907,0.452,17.09
FireSmokeVideoNEW16_f24_jpg.rf.13b7de1341a169938a1b00b037d6e459.jpg,1,1,0.9996,0.0,0.0,0.0,3.627,0.537,11.322,0.401,16.132
FireSmokeVideoNEW16_f26_jpg.rf.d88449a03f1fc06e4e5b4971b57c423e.jpg,1,1,0.9229,0.0,0.0,0.0,5.239,0.519,8.795,0.379,15.161
FireSmokeVideoNEW16_f48_jpg.rf.8200e21f18799aa0faf03642cd3c3587.jpg,1,1,0.999,0.0,0.0,0.0,5.527,0.747,9.796,0.357,16.765
FireSmokeVideoNEW16_f54_jpg.rf.f5bd922fb406ec6debc8b5dbe6fed5f5.jpg,1,0,0.7531,0.0,0.0,0.0,6.382,2.67,15.481,0.513,25.387
FireSmokeVideoNEW16_f73_jpg.rf.5f38b183effd9a5adcc92d6d936e082f.jpg,1,1,0.9994,0.0,0.0,0.0,6.634,1.602,8.86,0.295,17.721
FireSmokeVideoNEW172_f111_jpg.rf.c0521dfdd8b774734b046dd69683eaf9.jpg,1,1,0.9993,0.0,0.0,0.0,6.179,0.844,9.953,0.399,17.728
FireSmokeVideoNEW172_f163_jpg.rf.f85eb82deba112f0c669c48fd7ee61b4.jpg,1,1,0.9995,0.0,0.0,0.0,3.681,0.6,9.329,0.402,14.26
FireSmokeVideoNEW172_f37_jpg.rf.1133eca3df34cbcd597de45fe6e0e94d.jpg,1,1,0.9998,0.0,0.0,0.0,5.832,1.248,19.378,0.316,27.123
FireSmokeVideoNEW172_f62_jpg.rf.443f82816a29901f59cb85bddc7bc3fc.jpg,1,1,0.9996,0.0,0.0,0.0,7.078,2.842,10.305,0.466,21.072
FireSmokeVideoNEW172_f79_jpg.rf.1b68d10570f4d82b070043578957f70d.jpg,1,1,1.0,0.0,0.0,0.0,5.386,0.549,11.375,0.412,17.961
FireSmokeVideoNEW176_f109_jpg.rf.11dd89709af38d8056b039c8815bf0fc.jpg,1,1,0.9979,0.0,0.0,0.0,4.63,0.642,9.563,0.41,15.505
FireSmokeVideoNEW176_f119_jpg.rf.fe37062e59113046aa83d89b8ecb0b7c.jpg,1,1,0.654,0.0,0.0,0.0,5.589,1.081,10.13,0.392,17.548
FireSmokeVideoNEW176_f157_jpg.rf.d57b84235a5007bd6d675bff496183e5.jpg,1,0,0.9348,0.0,0.0,0.0,6.215,0.792,10.284,0.454,18.077
FireSmokeVideoNEW176_f181_jpg.rf.cabd74e7296f4c73ee27fe028dd8e69d.jpg,1,1,0.9155,0.0,0.0,0.0,5.52,0.991,19.849,0.297,27.041
FireSmokeVideoNEW176_f3_jpg.rf.c36369eb36e9298d6403fe4d09674b63.jpg,1,0,0.9982,0.0,0.0,0.0,4.387,1.593,16.641,0.29,23.167
FireSmokeVideoNEW176_f72_jpg.rf.ac3b396938e401cbfa0224d45069e656.jpg,1,1,0.5637,0.0,0.0,0.0,6.364,1.767,9.883,0.408,18.779
FireSmokeVideoNEW178_f14_jpg.rf.338e69ab75ea47886780fab9072cfe97.jpg,1,1,0.9999,0.0,0.0,0.0,5.569,0.838,10.67,0.393,17.818
FireSmokeVideoNEW178_f16_jpg.rf.2dfc5ee41cefadea08a7ba62ac1f579f.jpg,1,0,0.9218,0.0,0.0,0.0,5.437,1.628,15.323,1.028,23.77
FireSmokeVideoNEW178_f19_jpg.rf.527dc6458507de2613fc2429950c55bd.jpg,1,1,0.9993,0.0,0.0,0.0,6.778,1.98,9.161,0.389,18.553
FireSmokeVideoNEW178_f21_jpg.rf.2df23cfacf65b02094284d7cc5407e99.jpg,1,1,0.9998,0.0,0.0,0.0,6.517,2.352,10.879,0.504,20.616
FireSmokeVideoNEW178_f23_jpg.rf.22f0cb6fd7d1eb2784883dee2cccc9b5.jpg,1,1,1.0,0.0,0.0,0.0,3.738,0.519,13.584,0.453,18.552
FireSmokeVideoNEW178_f27_jpg.rf.213ab9f16ff7511e8bd4d03be401ebd8.jpg,1,1,1.0,0.0,0.0,0.0,4.429,1.213,9.925,0.362,16.282
FireSmokeVideoNEW178_f29_jpg.rf.4b50b3250a85e04f2f561d0fb5b2ea19.jpg,1,1,1.0,0.0,0.0,0.0,5.694,0.762,9.808,0.408,17.004
FireSmokeVideoNEW181_f103_jpg.rf.ec93c689f6ec9a7380666966d76f179b.jpg,1,0,1.0,0.0,0.0,0.0,5.82,0.768,13.031,0.4,20.363
FireSmokeVideoNEW181_f112_jpg.rf.a83b0b3167273cfdd0d0b3f3245fa7ee.jpg,1,0,1.0,0.0,0.0,0.0,3.469,3.213,9.344,0.356,16.622
FireSmokeVideoNEW181_f114_jpg.rf.8fab4401cc8e1ddf41bc8f61c7083a9b.jpg,1,0,0.9973,0.0,0.0,0.0,6.656,2.453,11.223,0.252,21.292
FireSmokeVideoNEW181_f119_jpg.rf.2b9039011fbaf7cf47a8a84160eba0c7.jpg,1,0,0.996,0.0,0.0,0.0,5.61,3.055,15.613,0.259,24.908
FireSmokeVideoNEW181_f138_jpg.rf.7b3ffbd1e0a0909c8542ecacf988e17c.jpg,1,0,0.9996,0.0,0.0,0.0,5.76,0.744,8.753,0.244,15.816
FireSmokeVideoNEW181_f144_jpg.rf.be3fb045a09fe4b62ff818be5ff8df31.jpg,1,0,0.9998,0.0,0.0,0.0,3.458,0.568,9.399,0.211,13.862
FireSmokeVideoNEW181_f151_jpg.rf.4d059df2c479b79d69332ab86693b9af.jpg,1,0,0.9623,0.0,0.0,0.0,5.557,2.049,8.348,0.264,16.471
FireSmokeVideoNEW181_f153_jpg.rf.6e941e23754f67ed8b6a3cfa3a73da05.jpg,1,0,0.9215,0.0,0.0,0.0,3.604,0.527,8.289,0.223,12.856
FireSmokeVideoNEW181_f155_jpg.rf.1b9a27b3e2dbbba1defd0a17da890d20.jpg,1,0,0.9952,0.0,0.0,0.0,5.752,0.744,8.999,0.227,16.021
FireSmokeVideoNEW181_f159_jpg.rf.acfb872ee5fcb34ef13a6335bfa20c31.jpg,1,0,0.9998,0.0,0.0,0.0,5.736,2.792,14.484,0.386,23.731
FireSmokeVideoNEW181_f161_jpg.rf.c66e1f5ebbe4b626eea5fb46441f68d6.jpg,1,0,0.994,0.0,0.0,0.0,3.06,0.621,9.36,0.382,13.654
FireSmokeVideoNEW181_f165_jpg.rf.944a4fa3bff479666f5d4da650df0694.jpg,1,0,0.9996,0.0,0.0,0.0,5.304,0.721,8.774,0.368,15.49
FireSmokeVideoNEW181_f168_jpg.rf.09eb032299377b026f8e7a7f35185f1e.jpg,1,0,0.8391,0.0,0.0,0.0,6.848,1.91,16.102,0.691,25.969
FireSmokeVideoNEW181_f35_jpg.rf.ae9d9d8481448208afb995086041c546.jpg,1,0,1.0,0.0,0.0,0.0,4.153,0.543,8.345,0.234,13.494
FireSmokeVideoNEW181_f91_jpg.rf.4b8a5f368f4f969978581c51a5e3c72e.jpg,1,0,1.0,0.0,0.0,0.0,4.565,0.803,9.213,0.239,15.14
FireSmokeVideoNEW181_f95_jpg.rf.5e55ec887078e0feacd31ce84a75f8ca.jpg,1,0,1.0,0.0,0.0,0.0,3.698,0.899,9.424,0.215,14.562
FireSmokeVideoNEW181_f97_jpg.rf.18918a57d25e035d172b1857f216021f.jpg,1,0,1.0,0.0,0.0,0.0,5.155,1.332,11.751,0.531,19.096
FireSmokeVideoNEW181_f99_jpg.rf.0e66a54a15e57cb72c3d4f8a240a2151.jpg,1,0,1.0,0.0,0.0,0.0,3.354,0.511,10.333,0.249,14.669
FireSmokeVideoNEW184_f11_jpg.rf.ae299b7a9e7c022a3788ddc0897c134e.jpg,1,1,0.9972,0.0,0.0,0.0,3.535,0.527,8.358,0.24,12.884
FireSmokeVideoNEW184_f13_jpg.rf.ce6e21ccb4aaa52937d4c2ccc7875bed.jpg,1,1,1.0,0.0,0.0,0.0,5.235,0.712,9.092,0.234,15.58
FireSmokeVideoNEW184_f15_jpg.rf.e76e5dd6c7f478e2876323df33c94fc5.jpg,1,1,1.0,0.0,0.0,0.0,5.298,0.7,9.108,0.244,15.651
FireSmokeVideoNEW184_f17_jpg.rf.8a42ec6a17e625638d9b08db25bb1da8.jpg,1,1,0.9999,0.0,0.0,0.0,7.208,0.752,9.094,0.241,17.617
FireSmokeVideoNEW184_f19_jpg.rf.6721bc5e6094024520008a809861d4d1.jpg,1,1,0.9928,0.0,0.0,0.0,3.177,0.717,9.304,0.244,14.36
FireSmokeVideoNEW184_f20_jpg.rf.617edddc4230d2a3489120a4d6284d6a.jpg,1,1,0.9893,0.0,0.0,0.0,5.813,2.734,15.948,0.259,25.064
FireSmokeVideoNEW184_f22_jpg.rf.a60f9ac7d2baaa68f773a1f1c663adbd.jpg,1,1,0.9293,0.0,0.0,0.0,5.591,0.85,15.428,0.317,22.422
FireSmokeVideoNEW184_f24_jpg.rf.76afc7e8179fbe13ae35b4ff745c6b4f.jpg,1,1,0.9358,0.0,0.0,0.0,5.738,0.81,9.897,0.467,17.253
FireSmokeVideoNEW184_f26_jpg.rf.b13491a64cbb2d0463105e970f88c5a7.jpg,1,1,0.9982,0.0,0.0,0.0,5.737,0.861,9.95,0.385,17.28
FireSmokeVideoNEW184_f2_jpg.rf.078a0f6b44f5bafb07c903b43f3af799.jpg,1,1,0.9839,0.0,0.0,0.0,5.658,0.76,9.887,0.383,17.081
FireSmokeVideoNEW184_f35_jpg.rf.5495878b4d4300f0c679d9edf23807f2.jpg,1,1,0.9991,0.0,0.0,0.0,5.94,2.243,19.112,0.318,27.995
FireSmokeVideoNEW184_f37_jpg.rf.2777cc52ac569f30719c8ae879dbd8bb.jpg,1,1,0.999,0.0,0.0,0.0,3.889,0.533,11.098,0.37,16.119
FireSmokeVideoNEW184_f40_jpg.rf.6eaf7e00d16a4113754c199d8bcd7ef4.jpg,1,1,0.9995,0.0,0.0,0.0,6.303,1.382,10.102,0.448,18.937
FireSmokeVideoNEW184_f45_jpg.rf.ad114f11173cbca479065f3caebf2b34.jpg,1,1,0.9975,0.0,0.0,0.0,6.51,0.907,10.123,0.411,18.375
FireSmokeVideoNEW184_f50_jpg.rf.bbb13925ceb8e2bff335a8325417437b.jpg,1,1,0.9886,0.0,0.0,0.0,6.642,0.829,9.998,0.379,18.224
FireSmokeVideoNEW184_f55_jpg.rf.d1eec9ba4b6220797cbcb8975f71b2b2.jpg,1,1,0.987,0.0,0.0,0.0,6.478,2.762,20.198,0.303,30.128
FireSmokeVideoNEW184_f5_jpg.rf.c8e2cd361adfeeb0a31d3758f5f41aef.jpg,1,1,0.9981,0.0,0.0,0.0,5.274,2.311,9.109,0.401,17.358
FireSmokeVideoNEW184_f7_jpg.rf.51b20038b916a76472a04ce263734a9a.jpg,1,1,0.998,0.0,0.0,0.0,4.211,0.914,8.468,0.258,14.108
FireSmokeVideoNEW184_f9_jpg.rf.87fd8eb59087813c43e0bc0a651af1de.jpg,1,1,0.9969,0.0,0.0,0.0,5.972,1.014,9.81,0.35,17.488
FireSmokeVideoNEW187_f30_jpg.rf.ae1f570cf7d9572a74488eaa3debad82.jpg,1,1,0.7852,0.0,0.0,0.0,5.494,1.024,12.878,0.402,20.147
FireSmokeVideoNEW187_f46_jpg.rf.8bbd48f1c7a0c21c1c9230e5525ce5af.jpg,1,0,0.9978,0.0,0.0,0.0,4.65,1.53,17.73,0.474,24.713
FireSmokeVideoNEW187_f49_jpg.rf.14c155a1599a466ead22f23981911e67.jpg,1,1,0.9994,0.0,0.0,0.0,7.125,2.552,10.869,0.485,21.415
FireSmokeVideoNEW187_f51_jpg.rf.0d435a458ddbd34d22ad4b2d72417df0.jpg,1,1,0.9999,0.0,0.0,0.0,3.322,0.575,11.141,0.346,15.641
FireSmokeVideoNEW187_f53_jpg.rf.d871ec684608d7bf3f61bb568ac88173.jpg,1,1,0.9964,0.0,0.0,0.0,5.838,0.754,11.936,0.394,19.316
FireSmokeVideoNEW187_f55_jpg.rf.0712f3244a9cf5d39b072717daedc56b.jpg,1,0,0.9809,0.0,0.0,0.0,3.345,0.749,10.032,0.384,14.847
FireSmokeVideoNEW187_f57_jpg.rf.9b7d319c8d37619c608d57c3c7bed6d6.jpg,1,0,0.9684,0.0,0.0,0.0,5.163,0.723,9.827,0.372,16.419
FireSmokeVideoNEW187_f59_jpg.rf.edf0bb93b118133cb359c2cab31c378b.jpg,1,0,0.9559,0.0,0.0,0.0,5.326,0.761,9.793,0.364,16.576
FireSmokeVideoNEW187_f61_jpg.rf.4f009b3246be16af1da42ab71256b466.jpg,1,0,0.9845,0.0,0.0,0.0,5.962,0.768,15.003,0.437,22.519
FireSmokeVideoNEW187_f66_jpg.rf.ba0506e5e6e9b1a0829ff3945083a8a9.jpg,1,1,0.7209,0.0,0.0,0.0,6.013,1.617,9.379,0.267,17.618
FireSmokeVideoNEW187_f68_jpg.rf.5ac076d8dbc1f09ebc18cd0d1e5b23eb.jpg,1,1,0.9811,0.0,0.0,0.0,3.273,0.544,9.103,0.345,13.508
FireSmokeVideoNEW187_f70_jpg.rf.5fd108067fe7e96989e53f2f078a9ace.jpg,1,1,0.9991,0.0,0.0,0.0,3.04,0.558,8.359,0.237,12.429
FireSmokeVideoNEW187_f81_jpg.rf.dd8dd1d67a6a5770f2dd3aa04bbd44a7.jpg,1,1,0.6575,0.0,0.0,0.0,3.123,0.542,8.438,0.262,12.605
FireSmokeVideoNEW187_f83_jpg.rf.1248a0c6116d3f14de2e0d8c1002795f.jpg,1,1,0.7647,0.0,0.0,0.0,3.26,0.563,10.281,0.229,14.577
FireSmokeVideoNEW187_f85_jpg.rf.6511d23bfd23b9eb8e9057f3ac9da850.jpg,1,1,0.9147,0.0,0.0,0.0,5.712,0.82,9.659,0.343,16.871
FireSmokeVideoNEW187_f95_jpg.rf.5d4891558279bf1ac091add3e599d1e0.jpg,1,1,0.9862,0.0,0.0,0.0,5.547,0.835,9.699,0.406,16.824
FireSmokeVideoNEW187_f98_jpg.rf.b516e11f75bff2314b57b6027da715b0.jpg,1,1,0.8324,0.0,0.0,0.0,8.549,3.432,17.226,0.416,30.123
FireSmokeVideoNEW188_f0_jpg.rf.fc6d569e759e92aa1bf39f49d704191e.jpg,1,0,0.7992,0.0,0.0,0.0,4.329,2.178,10.055,0.361,17.163
FireSmokeVideoNEW188_f11_jpg.rf.3124d86b0386441621b962add617652f.jpg,1,0,0.9976,0.0,0.0,0.0,6.206,0.842,9.777,0.355,17.523
FireSmokeVideoNEW188_f13_jpg.rf.c218c266a3253e8f8f8b02beda19f6db.jpg,1,0,0.9998,0.0,0.0,0.0,5.592,1.107,16.065,0.275,23.357
FireSmokeVideoNEW188_f1_jpg.rf.78cee517f81fc7d7936ae6f38b16cb66.jpg,1,1,0.8502,0.0,0.0,0.0,5.784,0.763,14.344,0.413,21.55
FireSmokeVideoNEW188_f29_jpg.rf.8b9e7fc00b59d5fa8cce4524ca956dd2.jpg,1,0,0.9988,0.0,0.0,0.0,6.347,2.788,12.15,0.256,21.793
FireSmokeVideoNEW188_f3_jpg.rf.776e0e5bb8a5ae50c703ee454675cb74.jpg,1,0,0.9999,0.0,0.0,0.0,4.983,0.615,9.277,0.343,15.466
FireSmokeVideoNEW188_f46_jpg.rf.6d5a3f5a6614d5ec2a28115e4da91a58.jpg,1,0,0.9541,0.0,0.0,0.0,5.052,0.701,8.47,0.255,14.78
FireSmokeVideoNEW188_f4_jpg.rf.f8515d9c45ad1b08bf51554613f69454.jpg,1,0,0.9999,0.0,0.0,0.0,5.204,0.757,12.047,0.386,18.727
FireSmokeVideoNEW188_f72_jpg.rf.5991cc08698848b3ba20af9ae58e28cc.jpg,1,1,0.9994,0.0,0.0,0.0,3.055,0.543,9.708,0.34,13.874
FireSmokeVideoNEW188_f8_jpg.rf.1c4cfd22c7ec9fd23a6cafc391a63570.jpg,1,0,0.9986,0.0,0.0,0.0,5.538,0.813,9.779,0.347,16.795
FireSmokeVideoNEW189_f36_jpg.rf.2429df020eeaece9f5b66e2de3dfcfb3.jpg,1,0,0.9958,0.0,0.0,0.0,7.131,2.599,13.975,0.414,24.565
FireSmokeVideoNEW189_f40_jpg.rf.89284f352804c703e361e4a1d6c1a0e1.jpg,1,0,1.0,0.0,0.0,0.0,4.378,0.657,9.25,0.389,14.935
FireSmokeVideoNEW189_f44_jpg.rf.91986ad731e197e780360a017e5bddab.jpg,1,0,0.9993,0.0,0.0,0.0,6.147,0.729,8.841,0.27,16.306
FireSmokeVideoNEW189_f47_jpg.rf.b899faf82fbc0933a0b2655bf1b84d2b.jpg,1,0,0.9995,0.0,0.0,0.0,4.828,0.75,8.824,0.345,14.973
FireSmokeVideoNEW189_f49_jpg.rf.341c12e8e1fdde632278613ad7c7ff4a.jpg,1,1,0.9181,0.0,0.0,0.0,5.867,0.744,9.833,0.321,17.089
FireSmokeVideoNEW189_f54_jpg.rf.93bfead985de54201941ba700cd2f5d2.jpg,1,1,0.8673,0.0,0.0,0.0,5.216,0.717,12.913,0.371,19.545
FireSmokeVideoNEW189_f57_jpg.rf.e7ecb7baefd3bc926a9fba669c566e0e.jpg,1,1,0.912,0.0,0.0,0.0,3.151,0.725,9.803,0.337,14.338
FireSmokeVideoNEW189_f60_jpg.rf.4680d8331d6645b62e40ff208a5c0393.jpg,1,0,0.972,0.0,0.0,0.0,7.543,2.691,15.643,1.004,27.192
FireSmokeVideoNEW18_f16_jpg.rf.4d26975a756077f4ee33e8cae1133cde.jpg,1,0,0.9926,0.0,0.0,0.0,3.509,0.526,11.041,0.355,15.668
FireSmokeVideoNEW18_f1_jpg.rf.682bfe6fca836f6bdb93a761c8f76c6a.jpg,1,0,0.991,0.0,0.0,0.0,5.911,0.762,9.257,0.242,16.484
FireSmokeVideoNEW18_f22_jpg.rf.ffbaa38451e75e9b6553ed719e25bf8b.jpg,1,0,1.0,0.0,0.0,0.0,6.669,2.112,14.749,0.419,24.273
FireSmokeVideoNEW18_f26_jpg.rf.c4e5334d02bf0ef86638088599a9bfcb.jpg,1,0,0.9997,0.0,0.0,0.0,6.231,1.322,10.034,0.375,18.318
FireSmokeVideoNEW18_f28_jpg.rf.e97b03f948611c6791188170a5b5b243.jpg,1,0,0.9999,0.0,0.0,0.0,5.798,2.41,10.432,0.394,19.364
FireSmokeVideoNEW18_f2_jpg.rf.0204e44f189df1713c81eebf03fe1ba2.jpg,1,1,0.5617,0.0,0.0,0.0,5.689,0.987,18.822,0.4,26.134
FireSmokeVideoNEW18_f32_jpg.rf.e3e8455d03ffae50704ed2d2bf42fc46.jpg,1,0,1.0,0.0,0.0,0.0,5.997,1.092,9.924,0.383,17.744
FireSmokeVideoNEW18_f34_jpg.rf.db78daa23025b643f82f15732f0aebdb.jpg,1,0,1.0,0.0,0.0,0.0,6.633,1.14,9.839,0.38,18.342
FireSmokeVideoNEW18_f37_jpg.rf.b55026c86cfba5087ea2640486dba8a7.jpg,1,0,0.973,0.0,0.0,0.0,6.265,1.215,14.606,0.715,23.157
FireSmokeVideoNEW18_f40_jpg.rf.a09c8b21417594bd3beca510ad96c086.jpg,1,1,0.8945,0.0,0.0,0.0,3.181,0.535,9.302,0.404,13.658
FireSmokeVideoNEW18_f43_jpg.rf.b7d757ba37d94e776d2fe77b89e0a3d7.jpg,1,0,0.9739,0.0,0.0,0.0,7.806,2.927,16.214,0.445,27.733
FireSmokeVideoNEW18_f48_jpg.rf.3dac03c9596242fe2bd07010e6237aad.jpg,1,1,0.9324,0.0,0.0,0.0,3.983,0.549,9.52,0.248,14.542
FireSmokeVideoNEW18_f4_jpg.rf.9e8f2652cbfb1af75d37e44e633dcda3.jpg,1,1,0.6954,0.0,0.0,0.0,4.747,1.235,9.298,0.406,15.932
FireSmokeVideoNEW18_f55_jpg.rf.5e3d4792612d0938fa0a3e668c16a486.jpg,1,1,0.6125,0.0,0.0,0.0,5.776,1.139,9.841,0.372,17.462
FireSmokeVideoNEW190_f0_jpg.rf.a35b2866bfe8c0c0f6628f44c3528a79.jpg,1,1,0.9986,0.0,0.0,0.0,6.653,0.773,9.893,0.401,18.069
FireSmokeVideoNEW190_f11_jpg.rf.985360832a8df61b5b0ddbdd8fbf1f73.jpg,1,1,0.7269,0.0,0.0,0.0,6.227,2.576,19.246,0.364,28.752
FireSmokeVideoNEW190_f13_jpg.rf.7bb2b57e7b2b5c531d8b3b26d705d874.jpg,1,1,0.8909,0.0,0.0,0.0,4.717,2.687,11.324,0.321,19.304
FireSmokeVideoNEW190_f15_jpg.rf.6efd0d63e31fe6dc87fbed3909fc4c70.jpg,1,1,0.6485,0.0,0.0,0.0,6.073,1.052,9.941,0.345,17.762
FireSmokeVideoNEW190_f22_jpg.rf.0e2d7c4980641dfb7afd1452401e651f.jpg,1,1,0.9999,0.0,0.0,0.0,6.156,0.773,15.15,0.358,22.761
FireSmokeVideoNEW190_f24_jpg.rf.eff680509c302b7cd3a5ada6000821a7.jpg,1,1,0.9999,0.0,0.0,0.0,6.535,1.482,12.144,0.405,20.914
FireSmokeVideoNEW190_f2_jpg.rf.104bd7e3980b2cb1b90d31b3ef4f082e.jpg,1,1,0.9994,0.0,0.0,0.0,3.711,0.556,9.648,0.38,14.545
FireSmokeVideoNEW190_f6_jpg.rf.2d8e3a243a79acf85362f5ac853e3a55.jpg,1,1,0.9991,0.0,0.0,0.0,7.031,2.936,19.328,0.847,30.536
FireSmokeVideoNEW190_f9_jpg.rf.3cc86b991034435b13c5c152eaf141cd.jpg,1,1,0.9981,0.0,0.0,0.0,4.078,1.588,12.011,0.379,18.414
FireSmokeVideoNEW192_f30_jpg.rf.b0caab4318976f8287d38e500f70f038.jpg,1,1,0.9974,0.0,0.0,0.0,6.264,1.167,9.891,0.39,18.062
FireSmokeVideoNEW193_f0_jpg.rf.3fba05722abb7959e9f186089fe131cb.jpg,1,0,0.9906,0.0,0.0,0.0,5.69,1.002,14.541,0.585,22.149
FireSmokeVideoNEW193_f11_jpg.rf.c049af71be9b2965ef266467b9b1e748.jpg,1,0,0.9991,0.0,0.0,0.0,3.695,0.558,9.574,0.416,14.53
FireSmokeVideoNEW193_f13_jpg.rf.054906582d1e2a5671b5037baf1ba6d7.jpg,1,0,0.9999,0.0,0.0,0.0,3.496,0.563,9.466,0.376,14.154
FireSmokeVideoNEW193_f15_jpg.rf.5f5d4d7fa3f3f4bcbc94fbd951492423.jpg,1,0,0.9999,0.0,0.0,0.0,6.568,2.541,9.46,0.301,19.207
FireSmokeVideoNEW193_f17_jpg.rf.958bd48046898c67eabfbdf08dabdb68.jpg,1,0,0.9999,0.0,0.0,0.0,4.6,2.632,11.686,0.388,19.547
FireSmokeVideoNEW193_f23_jpg.rf.2150d12e92cb110483da5b499a0580f9.jpg,1,0,1.0,0.0,0.0,0.0,3.854,2.706,9.751,0.35,16.997
FireSmokeVideoNEW193_f2_jpg.rf.81915735009a8e0799dae85ad02b89fe.jpg,1,1,0.5183,0.0,0.0,0.0,6.646,0.842,9.813,0.334,17.985
FireSmokeVideoNEW193_f4_jpg.rf.f2b0b44d8259124c67a81c86a577542e.jpg,1,0,0.9938,0.0,0.0,0.0,6.17,0.82,9.731,0.34,17.399
FireSmokeVideoNEW193_f6_jpg.rf.d76a364d821d4ccdf9a36eccd47efee6.jpg,1,0,0.9998,0.0,0.0,0.0,6.144,0.778,12.94,0.372,20.569
FireSmokeVideoNEW193_f8_jpg.rf.f6cdddc13a53b3f650e99ed4b52771e8.jpg,1,0,0.999,0.0,0.0,0.0,5.157,1.538,9.183,0.287,16.481
FireSmokeVideoNEW195_f12_jpg.rf.b121d9a71576ecf41f9f17f62e05626f.jpg,1,1,0.9221,0.0,0.0,0.0,4.67,2.981,9.863,0.356,18.234
FireSmokeVideoNEW195_f1_jpg.rf.cb6aa2f9b28315913fd1c2ea6b1d192b.jpg,1,1,0.7724,0.0,0.0,0.0,5.874,0.715,9.22,0.241,16.361
FireSmokeVideoNEW195_f21_jpg.rf.f985d0adab92d4dc5e69d09bd41edf54.jpg,1,1,0.9659,0.0,0.0,0.0,5.379,0.741,12.231,0.415,19.094
FireSmokeVideoNEW195_f39_jpg.rf.6afa740ec99e43e78c91576a78915374.jpg,1,1,0.9836,0.0,0.0,0.0,3.561,1.032,17.789,0.284,23.035
FireSmokeVideoNEW195_f52_jpg.rf.adc4744948baa9be7cba6a3051d71953.jpg,1,0,0.9533,0.0,0.0,0.0,3.244,0.936,9.799,0.35,14.664
FireSmokeVideoNEW195_f54_jpg.rf.d049a979c76e3aff8e2d6f356ab8ddc4.jpg,1,0,0.973,0.0,0.0,0.0,5.276,1.125,10.0,0.399,17.137
FireSmokeVideoNEW195_f57_jpg.rf.adba774b4a6f6f50a6ebd204615e1d54.jpg,1,0,0.9319,0.0,0.0,0.0,7.62,1.484,19.184,0.309,29.055
FireSmokeVideoNEW195_f8_jpg.rf.3380bf270e9dd14b8df78b20d8870b70.jpg,1,1,0.8287,0.0,0.0,0.0,3.409,0.933,9.535,0.366,14.53
FireSmokeVideoNEW197_f3_jpg.rf.163c4fe26eac9d1a08fff50952edade8.jpg,1,1,0.9816,0.0,0.0,0.0,4.542,1.082,9.092,0.42,15.381
FireSmokeVideoNEW1_f13_jpg.rf.855ace32fc44c2b333eee22fc387a8c5.jpg,1,0,0.9371,0.0,0.0,0.0,3.097,0.513,9.807,0.348,14.072
FireSmokeVideoNEW1_f19_jpg.rf.c1446481d1ceac0fd8c3717faf246c1a.jpg,1,1,0.9553,0.0,0.0,0.0,3.864,0.557,9.167,0.367,14.199
FireSmokeVideoNEW1_f24_jpg.rf.18baea2feae86daa93dd3d5ca3042635.jpg,1,0,0.9973,0.0,0.0,0.0,6.954,2.431,10.36,0.405,20.492
FireSmokeVideoNEW1_f27_jpg.rf.a6d5476ddc259bc2a5466b1bec55bff9.jpg,1,0,0.7562,0.0,0.0,0.0,5.438,1.482,9.082,0.381,16.68
FireSmokeVideoNEW1_f2_jpg.rf.501504c7a5777e0e12b6e269b0a4c602.jpg,1,1,0.9175,0.0,0.0,0.0,3.231,0.557,9.763,0.356,14.154
FireSmokeVideoNEW1_f31_jpg.rf.53aaf37bd8da6096ecdd40471aa5a6bd.jpg,1,1,0.8617,0.0,0.0,0.0,3.436,0.559,10.922,0.317,15.464
FireSmokeVideoNEW1_f41_jpg.rf.d7cbb63350c40af73d363445d37c2f5f.jpg,1,1,0.9768,0.0,0.0,0.0,5.749,0.751,9.995,0.351,17.654
FireSmokeVideoNEW1_f4_jpg.rf.5e96301b03feb9a698de973351ad0961.jpg,1,1,0.9894,0.0,0.0,0.0,5.131,0.79,10.703,0.347,17.326
FireSmokeVideoNEW1_f53_jpg.rf.ba7d3b6decd4127c1c8addf13e3014a1.jpg,1,1,0.9994,0.0,0.0,0.0,3.571,0.672,10.147,0.488,15.211
FireSmokeVideoNEW1_f56_jpg.rf.fe2a3b2dfc7598c26f3a30c2d59d05f4.jpg,1,1,0.9976,0.0,0.0,0.0,6.647,2.106,8.739,0.377,18.327
FireSmokeVideoNEW1_f58_jpg.rf.68135a3ee4d6e797530eaebd00ad7820.jpg,1,1,1.0,0.0,0.0,0.0,3.999,0.625,9.794,0.357,15.112
FireSmokeVideoNEW1_f63_jpg.rf.8c6731bbbac8a67f7d532a01b9c52e6f.jpg,1,1,1.0,0.0,0.0,0.0,5.84,0.749,9.736,0.358,17.022
FireSmokeVideoNEW1_f8_jpg.rf.1fefecbbbda7afc85a9dcda50953853d.jpg,1,0,0.9284,0.0,0.0,0.0,5.85,0.745,13.02,0.383,20.33
FireSmokeVideoNEW201_f10_jpg.rf.954026fc01f49a4e10a99c9ba7b08630.jpg,1,1,0.9997,0.0,0.0,0.0,7.07,0.799,9.77,0.378,18.355
FireSmokeVideoNEW201_f12_jpg.rf.052b12a91bd93919d00678e3824b3c57.jpg,1,1,0.9997,0.0,0.0,0.0,5.379,0.788,9.864,0.389,16.753
FireSmokeVideoNEW201_f16_jpg.rf.e0586c7614e0d90fcfe3ecb61ddb1ae4.jpg,1,1,1.0,0.0,0.0,0.0,6.431,2.438,17.329,0.418,26.939
FireSmokeVideoNEW201_f19_jpg.rf.00e63132ce0efb79c6d94d0ddf94c09c.jpg,1,1,1.0,0.0,0.0,0.0,7.555,2.127,15.133,0.414,25.588
FireSmokeVideoNEW201_f23_jpg.rf.c2389ea8232ce77be19f23af01c4f629.jpg,1,1,1.0,0.0,0.0,0.0,5.882,0.949,9.803,0.659,17.532
FireSmokeVideoNEW201_f26_jpg.rf.539e1f4f8841f014d1557d2a01757e4a.jpg,1,1,0.9999,0.0,0.0,0.0,4.609,1.187,10.071,0.445,16.665
FireSmokeVideoNEW201_f31_jpg.rf.4515ca6d9aac4fc0a0d6d778c66caa6f.jpg,1,1,0.9994,0.0,0.0,0.0,6.186,0.842,10.147,0.44,17.981
FireSmokeVideoNEW201_f33_jpg.rf.109581e811570cbf53157b29246d945a.jpg,1,1,0.9996,0.0,0.0,0.0,8.316,2.541,18.923,0.56,30.765
FireSmokeVideoNEW201_f40_jpg.rf.02e8adb9f84617089040ae5f925bf99b.jpg,1,1,0.9999,0.0,0.0,0.0,6.389,0.721,8.949,0.247,16.625
FireSmokeVideoNEW201_f46_jpg.rf.e476d7a6562d94f5b7e7f51c15aebdff.jpg,1,1,0.9999,0.0,0.0,0.0,6.338,1.133,9.834,0.453,18.101
FireSmokeVideoNEW201_f5_jpg.rf.04537ab6ec4f0a5b84fda8d7ff07ef05.jpg,1,1,0.9998,0.0,0.0,0.0,6.095,0.79,15.234,0.374,22.838
FireSmokeVideoNEW203_f106_jpg.rf.6484f9a7be6d3b99aa2a5603afdcc716.jpg,1,1,1.0,0.0,0.0,0.0,4.114,0.615,9.516,0.402,14.911
FireSmokeVideoNEW203_f110_jpg.rf.39d41649265d99af9530df65b191bdbd.jpg,1,1,1.0,0.0,0.0,0.0,5.59,0.783,10.594,0.396,17.714
FireSmokeVideoNEW203_f118_jpg.rf.1072a0f084f87963fb877021f5f7726f.jpg,1,1,0.9611,0.0,0.0,0.0,5.561,1.518,18.911,0.304,27.171
FireSmokeVideoNEW203_f130_jpg.rf.27c452c868fcd9f97341c88be0c34aa3.jpg,1,1,0.9999,0.0,0.0,0.0,4.103,0.618,9.341,0.415,14.759
FireSmokeVideoNEW203_f134_jpg.rf.e759e8639553419bad87c473bbbe5294.jpg,1,1,1.0,0.0,0.0,0.0,8.211,2.708,8.808,0.314,20.371
FireSmokeVideoNEW203_f140_jpg.rf.e2874067e33a35be23d1556d0397333d.jpg,1,1,1.0,0.0,0.0,0.0,4.345,0.59,12.367,0.453,18.041
FireSmokeVideoNEW203_f152_jpg.rf.0a4f5153be5b77d39034f77c4f447dba.jpg,1,1,0.9917,0.0,0.0,0.0,5.7,2.431,9.104,0.276,17.825
FireSmokeVideoNEW203_f156_jpg.rf.c512e5ef573e2d2e921efdceda768fa2.jpg,1,1,0.999,0.0,0.0,0.0,9.028,2.099,18.291,0.441,30.263
FireSmokeVideoNEW203_f15_jpg.rf.8867322ed7ea1eb1ed858fbf46121653.jpg,1,1,0.9999,0.0,0.0,0.0,6.409,1.548,19.489,0.561,28.406
FireSmokeVideoNEW203_f161_jpg.rf.16547bbb033af71d563e4c6c4a174343.jpg,1,1,0.9896,0.0,0.0,0.0,3.811,0.555,9.168,0.397,14.183
FireSmokeVideoNEW203_f1_jpg.rf.6cb734f3d70ebeb9cd4987a2a41120ba.jpg,1,1,0.9991,0.0,0.0,0.0,6.208,0.84,9.949,0.376,17.732
FireSmokeVideoNEW203_f2_jpg.rf.d3784a037e06dc217fedabf8ab6a4727.jpg,1,1,0.9999,0.0,0.0,0.0,6.042,0.771,19.113,0.37,26.651
FireSmokeVideoNEW203_f37_jpg.rf.fdd9515fcb1a6649434d1d966cd76cfc.jpg,1,1,0.9995,0.0,0.0,0.0,4.401,0.6,11.621,0.486,17.384
FireSmokeVideoNEW203_f39_jpg.rf.4e7544cc5c7216f84c4965d5ac252039.jpg,1,1,0.9972,0.0,0.0,0.0,6.102,0.778,9.811,0.372,17.392
FireSmokeVideoNEW203_f41_jpg.rf.c1f9a9c2d5b9a7c290197d578d6d75a8.jpg,1,1,0.998,0.0,0.0,0.0,6.138,0.757,14.731,0.376,22.338
FireSmokeVideoNEW203_f44_jpg.rf.ca6edf4aa731568c93680c45aaadc202.jpg,1,1,0.9994,0.0,0.0,0.0,5.849,1.099,9.775,0.354,17.433
FireSmokeVideoNEW203_f48_jpg.rf.36f107bbec8be9161fbf76c1e384a40b.jpg,1,1,0.9999,0.0,0.0,0.0,5.642,1.175,9.718,0.339,17.199
FireSmokeVideoNEW203_f50_jpg.rf.5447f1766cb72b0254b85dbc4977e38b.jpg,1,1,0.9999,0.0,0.0,0.0,6.798,2.976,14.901,0.458,25.4
FireSmokeVideoNEW203_f52_jpg.rf.5f61df8d59150ded57ba47f13028e7b3.jpg,1,1,1.0,0.0,0.0,0.0,4.325,0.561,16.669,0.291,22.098
FireSmokeVideoNEW203_f61_jpg.rf.17943721e04dcb8ef68a1e512641f911.jpg,1,1,1.0,0.0,0.0,0.0,3.901,0.55,9.443,0.361,14.495
FireSmokeVideoNEW203_f63_jpg.rf.5fe2b4463d033ccbc68aa1ad4c4d5493.jpg,1,1,1.0,0.0,0.0,0.0,6.244,0.809,15.311,0.401,23.114
FireSmokeVideoNEW203_f65_jpg.rf.ef14751d7b1d576a5d08824bba6a8ed8.jpg,1,1,1.0,0.0,0.0,0.0,4.145,1.132,9.15,0.395,15.088
FireSmokeVideoNEW203_f67_jpg.rf.784571c13f4496c9e5c7edf11dc04d86.jpg,1,1,1.0,0.0,0.0,0.0,6.358,0.834,9.794,0.356,17.692
FireSmokeVideoNEW203_f69_jpg.rf.c08805dd1b4f4362d2462cc30b7fa541.jpg,1,1,1.0,0.0,0.0,0.0,4.679,4.182,15.01,0.427,24.556
FireSmokeVideoNEW203_f81_jpg.rf.2501c50925550ac5428dbc0da5c8f8ae.jpg,1,1,0.9998,0.0,0.0,0.0,4.086,0.578,16.685,0.304,21.908
FireSmokeVideoNEW203_f83_jpg.rf.9b2b945de7d81e78084a413be8d8a741.jpg,1,1,0.9999,0.0,0.0,0.0,5.315,0.777,9.768,0.347,16.643
FireSmokeVideoNEW203_f85_jpg.rf.e4b81ba03dc79d5f5a76e8620d5e9ee4.jpg,1,1,0.9999,0.0,0.0,0.0,5.807,0.785,15.136,0.408,22.472
FireSmokeVideoNEW203_f93_jpg.rf.f9dbc64517276675add630b8ae161dac.jpg,1,1,0.9998,0.0,0.0,0.0,5.488,2.851,9.934,0.393,19.036
FireSmokeVideoNEW203_f98_jpg.rf.e4f9977592dca1efb082663ffef6a816.jpg,1,1,1.0,0.0,0.0,0.0,6.807,2.134,9.235,0.255,18.76
FireSmokeVideoNEW204_f138_jpg.rf.37c44efb786e179cf63b42a0b2cc3143.jpg,1,1,0.9797,0.0,0.0,0.0,4.411,1.508,15.022,0.28,21.56
FireSmokeVideoNEW204_f141_jpg.rf.6b70537325375a5de7eebf169d458ff0.jpg,1,1,0.989,0.0,0.0,0.0,3.966,0.569,9.31,0.358,14.453
FireSmokeVideoNEW204_f143_jpg.rf.454f159b3de750e984d2acaf472ab51c.jpg,1,1,0.9884,0.0,0.0,0.0,5.961,0.771,9.874,0.397,17.34
FireSmokeVideoNEW204_f33_jpg.rf.d1a02a349fafbe43c9102536c9c7eb9c.jpg,1,1,0.9995,0.0,0.0,0.0,6.094,0.818,14.895,0.367,22.605
FireSmokeVideoNEW204_f43_jpg.rf.bf504985dc0bbdfc1ebd0b2320c79ed3.jpg,1,1,0.9307,0.0,0.0,0.0,6.25,0.946,9.835,0.372,17.757
FireSmokeVideoNEW204_f47_jpg.rf.353f8fca81b60797bc60037cb1e7d21f.jpg,1,1,0.9988,0.0,0.0,0.0,6.316,1.496,9.111,0.294,17.53
FireSmokeVideoNEW204_f5_jpg.rf.1c543a52433e5878aae7c5dc2855d2cc.jpg,1,0,0.7008,0.0,0.0,0.0,3.581,0.559,9.335,0.41,14.137
FireSmokeVideoNEW204_f8_jpg.rf.45bdc09c828ee0ed81b6b0689e16bc84.jpg,1,0,0.7911,0.0,0.0,0.0,5.544,1.999,8.357,0.233,16.372
FireSmokeVideoNEW204_f98_jpg.rf.5c58193ed1d33a6ae8ae63b173be02ee.jpg,1,0,0.8024,0.0,0.0,0.0,4.795,3.189,9.353,0.248,18.062
FireSmokeVideoNEW208_f0_jpg.rf.97bd6b8a832086b567e2f4f705d5711c.jpg,1,0,0.9999,0.0,0.0,0.0,3.323,0.535,9.165,0.346,13.629
FireSmokeVideoNEW208_f11_jpg.rf.adb0c48038e05906ced14ff99dcd285d.jpg,1,0,0.9996,0.0,0.0,0.0,6.007,0.742,9.783,0.458,17.307
FireSmokeVideoNEW208_f13_jpg.rf.75eacf6c544a2110e594d942c083a6bd.jpg,1,0,0.9865,0.0,0.0,0.0,6.05,1.751,9.215,0.276,17.638
FireSmokeVideoNEW208_f1_jpg.rf.3d92ec2bc1b751224bf9e58c3d8d1e33.jpg,1,0,0.9999,0.0,0.0,0.0,7.77,2.061,8.509,0.299,18.965
FireSmokeVideoNEW208_f3_jpg.rf.0b0363bd85c5fc81e8ce31fb0da27dee.jpg,1,0,0.9999,0.0,0.0,0.0,3.837,0.553,9.404,0.332,14.372
FireSmokeVideoNEW208_f5_jpg.rf.b27e60cedf4e9e70ac3a4bc4f6a22612.jpg,1,0,0.9998,0.0,0.0,0.0,4.955,0.74,9.771,0.347,16.128
FireSmokeVideoNEW208_f7_jpg.rf.7c7b8753de4111826b826f9fa04aab7f.jpg,1,0,0.9999,0.0,0.0,0.0,3.597,0.638,9.126,0.366,13.962
FireSmokeVideoNEW209_f10_jpg.rf.88c7b43773903beab54d83e74cce4076.jpg,1,0,0.9949,0.0,0.0,0.0,5.613,0.759,9.857,0.338,16.898
FireSmokeVideoNEW209_f18_jpg.rf.ba626acee756e94584c04ff0b2a6604a.jpg,1,0,0.9111,0.0,0.0,0.0,5.466,1.083,9.756,0.364,16.993
FireSmokeVideoNEW209_f1_jpg.rf.5fe1fb563d9a05c38ee7523b4d2f2f93.jpg,1,0,0.9973,0.0,0.0,0.0,6.801,5.626,15.737,0.25,28.939
FireSmokeVideoNEW209_f21_jpg.rf.fc6c4f2d10332150b75bd4ed7ca47704.jpg,1,0,0.7033,0.0,0.0,0.0,4.244,0.569,15.643,0.3,21.005
FireSmokeVideoNEW209_f3_jpg.rf.e77bd585be04ebc66ee79b05acada936.jpg,1,0,0.9983,0.0,0.0,0.0,3.549,0.623,8.575,0.308,13.31
FireSmokeVideoNEW20_f25_jpg.rf.1cc06defcb39979a82c0285424a97fab.jpg,1,1,0.9859,0.0,0.0,0.0,3.507,0.574,8.589,0.25,13.178
FireSmokeVideoNEW20_f27_jpg.rf.e57c41a1a5ea21d29f86a6ce294c8368.jpg,1,1,0.9991,0.0,0.0,0.0,6.256,2.022,19.092,0.303,28.057
FireSmokeVideoNEW20_f29_jpg.rf.4b29026cb05d1a0b42adcb921ba70c4c.jpg,1,1,0.9979,0.0,0.0,0.0,7.377,2.569,10.406,0.526,21.291
FireSmokeVideoNEW20_f39_jpg.rf.a803f0864c3ed5397401ea641d9167c0.jpg,1,1,1.0,0.0,0.0,0.0,4.018,0.536,11.109,0.388,16.295
FireSmokeVideoNEW20_f41_jpg.rf.f0bdaeed820327f326f03c112a2ed376.jpg,1,1,1.0,0.0,0.0,0.0,6.0,1.682,10.0,0.416,18.441
FireSmokeVideoNEW20_f47_jpg.rf.f231c47ab70a5b48bd068c7b87cee74e.jpg,1,1,0.9999,0.0,0.0,0.0,4.407,0.6,9.195,0.517,14.982
FireSmokeVideoNEW20_f55_jpg.rf.af58953e27ab82030f5d055eeb173e49.jpg,1,1,0.9998,0.0,0.0,0.0,4.607,0.81,9.857,0.369,15.995
FireSmokeVideoNEW20_f61_jpg.rf.7dd62293ab496e7c141043b5041822ec.jpg,1,1,1.0,0.0,0.0,0.0,5.146,0.756,9.894,0.339,16.464
FireSmokeVideoNEW20_f79_jpg.rf.36f704638e9ec7493aff1014dee25895.jpg,1,1,1.0,0.0,0.0,0.0,5.067,1.108,9.911,0.359,16.773
FireSmokeVideoNEW211_f105_jpg.rf.9d83b07dbaf7b8623adc776b990c9cba.jpg,1,1,0.817,0.0,0.0,0.0,6.004,2.37,14.04,0.591,23.334
FireSmokeVideoNEW211_f115_jpg.rf.dd4e1e2c40dcd3b9e2017abb5d6a808c.jpg,1,0,0.5145,0.0,0.0,0.0,6.07,1.351,9.143,0.249,17.135
FireSmokeVideoNEW211_f123_jpg.rf.c7d906540e4c16e62e3329460ebde3ed.jpg,1,1,0.8206,0.0,0.0,0.0,5.845,2.608,9.859,0.356,19.014
FireSmokeVideoNEW211_f18_jpg.rf.080c2495369762146513440f0e52a727.jpg,1,1,0.6214,0.0,0.0,0.0,5.8,0.71,8.772,0.375,15.98
FireSmokeVideoNEW211_f21_jpg.rf.17fca5c492b7730cd8abfd3ec3c175a7.jpg,1,0,0.6767,0.0,0.0,0.0,5.271,0.707,9.193,0.227,15.761
FireSmokeVideoNEW211_f23_jpg.rf.b4062b53d80a748705944dee83d83fc0.jpg,1,0,0.9528,0.0,0.0,0.0,5.313,0.853,9.274,0.385,16.063
FireSmokeVideoNEW211_f33_jpg.rf.fc5dcef4f50e6d789334ae1e9d82f9d5.jpg,1,1,0.9161,0.0,0.0,0.0,5.067,2.471,18.319,0.28,26.378
FireSmokeVideoNEW211_f40_jpg.rf.878e8ed1c4d7756bb89881b072f2b78f.jpg,1,1,0.8389,0.0,0.0,0.0,6.803,0.779,9.186,0.25,17.33
FireSmokeVideoNEW211_f72_jpg.rf.c4b8d4fb7202ac2688b6c3ffb4d7941c.jpg,1,1,0.7537,0.0,0.0,0.0,5.367,2.742,16.512,0.284,25.278
FireSmokeVideoNEW211_f83_jpg.rf.0e6e0a52c9612ed28f9dbc097d8f6206.jpg,1,0,0.661,0.0,0.0,0.0,3.506,0.539,9.314,0.404,14.002
FireSmokeVideoNEW211_f98_jpg.rf.7bebc759655b25bb4120643ccab05395.jpg,1,1,0.7661,0.0,0.0,0.0,7.244,2.907,15.842,0.862,27.228
FireSmokeVideoNEW212_f20_jpg.rf.eb77f640f92703fa61edbaddc9a273a5.jpg,1,0,0.9602,0.0,0.0,0.0,6.079,3.215,12.715,0.259,22.972
FireSmokeVideoNEW212_f26_jpg.rf.7bce4adbdd8e2de3d1441a1371d6c2a3.jpg,1,1,0.7659,0.0,0.0,0.0,6.902,0.582,8.321,0.373,16.436
FireSmokeVideoNEW212_f29_jpg.rf.c573350a48be3b6ef33284f23ef4eb53.jpg,1,0,0.9987,0.0,0.0,0.0,5.211,0.811,9.852,0.356,16.574
FireSmokeVideoNEW212_f39_jpg.rf.6c0d067020333fde34ecc6bd051d7c57.jpg,1,0,0.9988,0.0,0.0,0.0,5.387,0.753,9.789,0.338,16.596
FireSmokeVideoNEW212_f40_jpg.rf.7afe6dc7d2a400ff27e84e8518723223.jpg,1,0,0.9999,0.0,0.0,0.0,6.8,1.808,18.399,0.34,27.697
FireSmokeVideoNEW212_f42_jpg.rf.e5cc278015ab526c17bea13a66f735e0.jpg,1,0,0.9999,0.0,0.0,0.0,4.862,1.729,9.553,0.25,16.739
FireSmokeVideoNEW212_f47_jpg.rf.03a952d7d61f102e43956ceb5cd45f9c.jpg,1,0,0.9997,0.0,0.0,0.0,5.827,1.821,9.683,0.332,18.007
FireSmokeVideoNEW212_f49_jpg.rf.51c963a0ee193f56af17051f72209961.jpg,1,0,0.9988,0.0,0.0,0.0,3.411,0.77,9.24,0.371,14.03
FireSmokeVideoNEW212_f50_jpg.rf.19bb9e546d3cc717ee5ae092855168cb.jpg,1,0,0.9979,0.0,0.0,0.0,5.349,0.778,9.687,0.331,16.458
FireSmokeVideoNEW212_f52_jpg.rf.ae01318cbd57ba0a9333e36682302766.jpg,1,0,0.9999,0.0,0.0,0.0,5.16,0.706,14.84,0.366,21.391
FireSmokeVideoNEW212_f54_jpg.rf.bf714fc85f36b3393d098b91adb0554c.jpg,1,0,0.9971,0.0,0.0,0.0,4.924,1.724,9.447,0.489,16.838
FireSmokeVideoNEW212_f63_jpg.rf.701893b2b3635f143aaf7b6f9bd45aa2.jpg,1,0,0.9097,0.0,0.0,0.0,3.194,0.534,8.402,0.248,12.6
FireSmokeVideoNEW212_f69_jpg.rf.766fef2a3b6070d397ade684b70c2b43.jpg,1,0,0.9884,0.0,0.0,0.0,5.658,0.8,9.707,0.338,16.83
FireSmokeVideoNEW212_f70_jpg.rf.6fd1fed84808897ba86bc35faa8759f1.jpg,1,1,0.6147,0.0,0.0,0.0,3.136,0.793,9.864,0.512,14.622
FireSmokeVideoNEW213_f36_jpg.rf.b52ffa4b493c47c40af87a1983b6703b.jpg,1,1,1.0,0.0,0.0,0.0,4.383,0.644,8.864,0.341,14.454
FireSmokeVideoNEW215_f13_jpg.rf.1be99abe9b01cc61b79dc950e8500b61.jpg,1,1,0.9982,0.0,0.0,0.0,5.165,0.735,9.822,0.319,16.359
FireSmokeVideoNEW215_f33_jpg.rf.192cb3311ec069ab85e1df4aa4575855.jpg,1,1,0.999,0.0,0.0,0.0,5.725,1.002,9.674,0.337,17.064
FireSmokeVideoNEW215_f38_jpg.rf.c13201af97e201352fc60ff38e56a8ca.jpg,1,1,0.9996,0.0,0.0,0.0,7.594,2.609,17.555,0.28,28.387
FireSmokeVideoNEW215_f3_jpg.rf.e9664a85851447730ec745ffa4fa0c6f.jpg,1,1,0.9878,0.0,0.0,0.0,4.731,2.654,9.516,0.249,17.499
FireSmokeVideoNEW215_f44_jpg.rf.f8a93790f6305f4ebeddf38aedd630a2.jpg,1,1,0.9949,0.0,0.0,0.0,3.472,0.521,9.219,0.365,13.81
FireSmokeVideoNEW215_f4_jpg.rf.429d1c7df213307037d5748aa75dc4dc.jpg,1,1,0.9986,0.0,0.0,0.0,5.293,0.816,10.0,0.38,16.827
FireSmokeVideoNEW215_f7_jpg.rf.4b9242fb690d24c9b00c401507cfda6e.jpg,1,1,0.9999,0.0,0.0,0.0,5.896,0.831,13.024,0.432,20.525
FireSmokeVideoNEW215_f9_jpg.rf.2d10b5da2bbdb8ba2218af3c5fd68ee6.jpg,1,1,0.9979,0.0,0.0,0.0,3.529,1.097,9.912,0.404,15.273
FireSmokeVideoNEW216_f27_jpg.rf.9752e0401177f9ef2c00eba6afb3bf49.jpg,1,1,0.998,0.0,0.0,0.0,5.154,0.837,9.724,0.35,16.397
FireSmokeVideoNEW216_f29_jpg.rf.4602430c2f01e2aaaad22b36b613b5b4.jpg,1,1,0.9972,0.0,0.0,0.0,5.634,0.828,9.624,0.319,16.738
FireSmokeVideoNEW216_f31_jpg.rf.bcf64acb747807831fdb41468fe05d3d.jpg,1,1,1.0,0.0,0.0,0.0,5.687,1.022,14.329,0.444,21.797
FireSmokeVideoNEW216_f34_jpg.rf.b6ad2762deb497a97237b66c10958486.jpg,1,1,1.0,0.0,0.0,0.0,3.512,0.739,9.83,0.379,14.796
FireSmokeVideoNEW216_f36_jpg.rf.f57ae82cb0eac7f791a1f314e59586eb.jpg,1,1,1.0,0.0,0.0,0.0,3.302,0.546,9.349,0.471,13.91
FireSmokeVideoNEW216_f38_jpg.rf.a4c46748bfe9f1e13262189ee4958a6c.jpg,1,1,0.9999,0.0,0.0,0.0,5.472,0.766,10.118,0.414,17.113
FireSmokeVideoNEW216_f63_jpg.rf.43542df686881ae3bd014e792d6d0703.jpg,1,1,0.5558,0.0,0.0,0.0,6.281,2.782,19.716,0.275,29.405
FireSmokeVideoNEW216_f66_jpg.rf.b55857b55e7a044c827d9875bb78fc85.jpg,1,1,0.9126,0.0,0.0,0.0,4.946,0.579,9.328,0.39,15.493
FireSmokeVideoNEW216_f68_jpg.rf.d22f55fffdb7547ab82db3089e1d2ecf.jpg,1,1,0.6908,0.0,0.0,0.0,6.04,0.828,9.323,0.24,16.766
FireSmokeVideoNEW216_f72_jpg.rf.b91983b01a9b8eee23ac98ac1b660312.jpg,1,1,0.9998,0.0,0.0,0.0,7.305,2.396,9.9,0.403,20.349
FireSmokeVideoNEW216_f86_jpg.rf.27d882594f801518b63c93d84610f649.jpg,1,1,0.5472,0.0,0.0,0.0,5.84,1.574,18.579,0.317,26.551
FireSmokeVideoNEW216_f89_jpg.rf.99a8641e3c842e990d80706bb4c00959.jpg,1,0,0.9789,0.0,0.0,0.0,4.508,1.18,11.952,0.381,18.299
FireSmokeVideoNEW218_f1_jpg.rf.67f61678892a49c41d8ede805848047f.jpg,1,1,0.9479,0.0,0.0,0.0,4.186,0.566,9.156,0.349,14.536
FireSmokeVideoNEW218_f33_jpg.rf.bc051305b2444a9682c6cbdc80457601.jpg,1,1,0.979,0.0,0.0,0.0,4.328,0.558,11.348,0.369,16.853
FireSmokeVideoNEW218_f36_jpg.rf.690e54d498b40201eea9b608f1d4e97d.jpg,1,0,0.7188,0.0,0.0,0.0,5.164,0.745,12.942,0.397,19.582
FireSmokeVideoNEW218_f41_jpg.rf.506c5095b51cb13898c5d887dccd3c32.jpg,1,0,0.6987,0.0,0.0,0.0,3.506,1.254,9.853,0.338,15.286
FireSmokeVideoNEW218_f43_jpg.rf.1ff2126f11d02341d18fd00487251fc9.jpg,1,0,0.8845,0.0,0.0,0.0,5.258,0.734,9.875,0.367,16.571
FireSmokeVideoNEW218_f46_jpg.rf.09cd36ec79dd7846fcdb8dfcdcb4f039.jpg,1,0,0.8794,0.0,0.0,0.0,9.445,1.91,14.059,0.311,26.106
FireSmokeVideoNEW218_f6_jpg.rf.927cb3facf92db0f994b7e641c5f1db8.jpg,1,0,0.9004,0.0,0.0,0.0,3.23,0.637,9.134,0.444,13.677
FireSmokeVideoNEW218_f9_jpg.rf.59f45274803c507efa12635b802691f9.jpg,1,0,0.9408,0.0,0.0,0.0,3.994,0.531,8.354,0.241,13.347
FireSmokeVideoNEW21_f1_jpg.rf.88471b473598961e0c71228c4cdcb3fc.jpg,1,0,0.999,0.0,0.0,0.0,3.48,0.578,8.39,0.235,12.908
FireSmokeVideoNEW21_f43_jpg.rf.b339aaa65d20f3b8280e31505c5517d2.jpg,1,0,0.9933,0.0,0.0,0.0,3.373,0.575,8.504,0.249,12.935
FireSmokeVideoNEW21_f59_jpg.rf.7b7783cf60019879934a1f34f494e015.jpg,1,0,0.9945,0.0,0.0,0.0,3.282,0.515,9.192,0.344,13.557
FireSmokeVideoNEW21_f64_jpg.rf.2c2e3982d7ef8e914cc9dce7fbcc7b68.jpg,1,0,0.9943,0.0,0.0,0.0,3.141,0.519,10.942,0.313,15.144
FireSmokeVideoNEW21_f67_jpg.rf.45d03b24f98649e0d649e2f16f22567a.jpg,1,0,0.9966,0.0,0.0,0.0,8.432,3.504,17.418,0.442,30.188
FireSmokeVideoNEW21_f69_jpg.rf.75191347f6763cf9fde8a47940370227.jpg,1,0,0.6049,0.0,0.0,0.0,5.499,0.767,9.869,0.39,16.875
FireSmokeVideoNEW21_f70_jpg.rf.0f544b5b509c06479c505fda09cf0295.jpg,1,0,0.9929,0.0,0.0,0.0,6.15,1.273,15.049,0.406,23.228
FireSmokeVideoNEW21_f77_jpg.rf.e7c12def6552a57fe4563c66c9d29653.jpg,1,0,0.9997,0.0,0.0,0.0,5.995,0.81,9.102,0.243,16.469
FireSmokeVideoNEW21_f83_jpg.rf.f87b32087d0a74b76072b9a21c29a6a6.jpg,1,0,0.9264,0.0,0.0,0.0,5.907,1.191,9.772,0.337,17.544
FireSmokeVideoNEW220_f103_jpg.rf.9f60f17a1c5a9a730ba1b60de4479245.jpg,1,0,0.9853,0.0,0.0,0.0,5.311,1.663,9.954,0.372,17.641
FireSmokeVideoNEW220_f110_jpg.rf.c11cdcdae1385a69f66503d97696a8c9.jpg,1,0,0.9994,0.0,0.0,0.0,7.264,0.638,18.84,0.385,27.385
FireSmokeVideoNEW220_f114_jpg.rf.01d81e177954f3d81f3b9b6defdbead1.jpg,1,0,0.6417,0.0,0.0,0.0,6.016,2.371,8.762,0.368,17.759
FireSmokeVideoNEW220_f116_jpg.rf.e10fa2eb74d831fe711d136a69945d13.jpg,1,1,0.9247,0.0,0.0,0.0,6.149,0.892,9.781,0.415,17.639
FireSmokeVideoNEW220_f118_jpg.rf.04ca92392c039b2130aa7c2ece63f039.jpg,1,0,0.6303,0.0,0.0,0.0,6.149,0.8,9.805,0.353,17.452
FireSmokeVideoNEW220_f14_jpg.rf.ec161231d9668ccf5db936aa777972b3.jpg,1,0,0.9823,0.0,0.0,0.0,5.561,0.743,14.958,0.39,22.068
FireSmokeVideoNEW220_f17_jpg.rf.0f695be7ce239a5c0cc9a8b30cae8918.jpg,1,0,0.9854,0.0,0.0,0.0,5.756,0.866,10.097,0.436,17.546
FireSmokeVideoNEW220_f18_jpg.rf.e62670db7e7bafc54422b1a7cd3f800c.jpg,1,0,0.9978,0.0,0.0,0.0,5.674,0.84,10.081,0.398,17.372
FireSmokeVideoNEW220_f198_jpg.rf.9d39f849f2eaa96291dd0eaf00d26896.jpg,1,0,1.0,0.0,0.0,0.0,6.557,2.331,19.864,0.351,29.493
FireSmokeVideoNEW220_f220_jpg.rf.835ac86a80b72af449ade87dc10714bd.jpg,1,0,1.0,0.0,0.0,0.0,4.072,0.64,9.548,0.467,15.023
FireSmokeVideoNEW220_f23_jpg.rf.1778d9e44b1c8c0ff722cfc9ef5672fa.jpg,1,0,0.7244,0.0,0.0,0.0,7.028,2.237,8.397,0.271,18.378
FireSmokeVideoNEW220_f51_jpg.rf.ac1bc672867e7371f0be09d6f571ab56.jpg,1,0,0.9999,0.0,0.0,0.0,4.049,2.362,14.339,0.457,21.541
FireSmokeVideoNEW220_f88_jpg.rf.1d3b365a43fdcc299a0870251874be71.jpg,1,0,0.6013,0.0,0.0,0.0,5.782,1.787,9.378,0.418,17.63
FireSmokeVideoNEW220_f93_jpg.rf.df73373f1582dbe860db699d1d700f42.jpg,1,1,0.9861,0.0,0.0,0.0,6.114,1.704,9.905,0.376,18.438
FireSmokeVideoNEW220_f98_jpg.rf.dedba84d3f2dd3d971261de5a403cdd2.jpg,1,1,0.9835,0.0,0.0,0.0,5.184,0.873,14.314,0.415,21.047
FireSmokeVideoNEW221_f11_jpg.rf.51f25bf79fba848e1852a9a8b5c1410a.jpg,1,1,0.9677,0.0,0.0,0.0,5.426,2.652,10.176,0.418,19.054
FireSmokeVideoNEW221_f13_jpg.rf.1aa6a7f7dfece75b85a30283258ab8cb.jpg,1,0,0.9996,0.0,0.0,0.0,7.66,2.596,16.157,0.262,26.925
FireSmokeVideoNEW221_f15_jpg.rf.b63d7f4847797de34ed8b3066e6cb3fa.jpg,1,0,0.9989,0.0,0.0,0.0,5.918,0.779,15.348,0.401,22.824
FireSmokeVideoNEW221_f19_jpg.rf.59c8d4a3c34cd694d867ae844fee89d2.jpg,1,0,0.9999,0.0,0.0,0.0,6.083,0.917,9.848,0.359,17.569
FireSmokeVideoNEW221_f26_jpg.rf.443d39e5f56c13cfae7a34e476a0e880.jpg,1,0,0.9429,0.0,0.0,0.0,6.045,1.179,9.875,0.394,17.859
FireSmokeVideoNEW221_f28_jpg.rf.a523dbcbf3683d8f18235ad9302bf56a.jpg,1,0,0.9784,0.0,0.0,0.0,5.975,2.09,13.256,0.618,22.316
FireSmokeVideoNEW221_f2_jpg.rf.719286f8cd9c72a30f43a047427555f0.jpg,1,0,0.8612,0.0,0.0,0.0,5.102,1.871,9.337,0.263,16.919
FireSmokeVideoNEW221_f3_jpg.rf.94efb46f1672ee28d652964edf3948f3.jpg,1,0,0.6124,0.0,0.0,0.0,3.469,0.735,9.201,0.374,14.024
FireSmokeVideoNEW221_f5_jpg.rf.8a43dd4aadff4528705f52d9ab00daff.jpg,1,1,0.8849,0.0,0.0,0.0,3.796,0.586,9.104,0.372,14.095
FireSmokeVideoNEW221_f7_jpg.rf.a849a7edfb3c2ea171f4fd5b8f3929d5.jpg,1,0,0.9808,0.0,0.0,0.0,6.732,2.639,14.093,0.273,24.051
FireSmokeVideoNEW221_f9_jpg.rf.8173796a4cc04a5cbe9067cf21f0f30f.jpg,1,1,0.6599,0.0,0.0,0.0,3.923,2.525,9.218,0.424,16.325
FireSmokeVideoNEW222_f123_jpg.rf.e8747a288a227f270190e39c6c54d29a.jpg,1,1,0.9997,0.0,0.0,0.0,3.785,0.741,9.045,0.312,14.113
FireSmokeVideoNEW222_f46_jpg.rf.7f1818b2c2c51b2e646eb0a4844c216b.jpg,1,1,0.9998,0.0,0.0,0.0,8.369,2.285,10.78,0.531,22.346
FireSmokeVideoNEW222_f61_jpg.rf.75fc78eefea3f4529c48d95f4bf4eb04.jpg,1,1,1.0,0.0,0.0,0.0,3.495,0.525,13.693,0.282,18.235
FireSmokeVideoNEW223_f115_jpg.rf.f7e472a8fe18759fb48ba875390e3c30.jpg,1,1,1.0,0.0,0.0,0.0,3.464,0.551,9.19,0.376,13.83
FireSmokeVideoNEW223_f13_jpg.rf.01598ec4481511a2189e689632183a09.jpg,1,0,0.926,0.0,0.0,0.0,5.373,0.771,9.886,0.369,16.727
FireSmokeVideoNEW223_f161_jpg.rf.956b2c4af82583a775d6129e4bb39146.jpg,1,1,1.0,0.0,0.0,0.0,5.172,0.733,9.841,0.337,16.417
FireSmokeVideoNEW223_f172_jpg.rf.abd51942fd26b9ebc9ca011f2bdbf5e1.jpg,1,1,1.0,0.0,0.0,0.0,5.54,0.988,14.771,0.341,21.987
FireSmokeVideoNEW223_f29_jpg.rf.88d1a44b2b908c080f787711d74266e6.jpg,1,1,0.9988,0.0,0.0,0.0,4.494,3.143,16.766,0.303,25.411
FireSmokeVideoNEW223_f3_jpg.rf.0f7e22b3799657901c3dda898e2ced6f.jpg,1,1,0.9994,0.0,0.0,0.0,3.937,2.641,9.939,0.412,17.287
FireSmokeVideoNEW223_f74_jpg.rf.e56d1a0e7335349c6503eb813a83aa49.jpg,1,1,0.9998,0.0,0.0,0.0,5.663,0.502,14.224,0.414,21.055
FireSmokeVideoNEW223_f76_jpg.rf.966f9d338b55f99ba8222b889fa60680.jpg,1,1,0.9999,0.0,0.0,0.0,5.439,1.255,9.796,0.346,17.172
FireSmokeVideoNEW225_f1_jpg.rf.a0915ad0745d925ed5df86947f4de0b9.jpg,1,0,0.9981,0.0,0.0,0.0,5.89,0.783,9.921,0.374,17.3
FireSmokeVideoNEW225_f3_jpg.rf.a6736de779bdb62129b22cd7987ed4f5.jpg,1,0,1.0,0.0,0.0,0.0,5.832,0.791,10.266,0.806,18.036
FireSmokeVideoNEW225_f5_jpg.rf.d88a1d14607636b2af3b6c973f78a796.jpg,1,1,0.9904,0.0,0.0,0.0,7.426,3.946,9.032,0.261,21.001
FireSmokeVideoNEW226_f3_jpg.rf.8742a56b8ce97acfc27e30b6b5149246.jpg,1,1,0.9444,0.0,0.0,0.0,5.546,0.51,8.393,0.233,14.906
FireSmokeVideoNEW226_f5_jpg.rf.ed64fa15bd532f9262728f714137fa40.jpg,1,1,0.9969,0.0,0.0,0.0,3.992,0.547,9.239,0.385,14.407
FireSmokeVideoNEW227_f119_jpg.rf.0a667ed3b2ab7d75b77066dcff52cb45.jpg,1,1,0.9998,0.0,0.0,0.0,5.208,0.537,12.349,0.422,18.753
FireSmokeVideoNEW227_f181_jpg.rf.52ab9937a5eed31239256aa34cf4aab9.jpg,1,1,0.9999,0.0,0.0,0.0,4.442,0.752,9.778,0.337,15.72
FireSmokeVideoNEW227_f194_jpg.rf.1d83c4122e530376e476d3ea6c377052.jpg,1,1,1.0,0.0,0.0,0.0,4.268,0.538,9.049,0.327,14.415
FireSmokeVideoNEW227_f206_jpg.rf.8191ea57c6e942583d723636e7bdd453.jpg,1,0,0.8567,0.0,0.0,0.0,6.682,2.063,18.322,0.269,27.819
FireSmokeVideoNEW227_f31_jpg.rf.476c57cd23743575f218662b0dbeeb6e.jpg,1,1,0.9999,0.0,0.0,0.0,4.28,0.504,9.185,0.505,14.707
FireSmokeVideoNEW227_f59_jpg.rf.ae215379798f91806d993c47bd17dc01.jpg,1,1,0.9999,0.0,0.0,0.0,3.101,0.519,9.762,0.35,14.06
FireSmokeVideoNEW227_f88_jpg.rf.de74bcfbfa667d7c96f39310c92128a6.jpg,1,1,1.0,0.0,0.0,0.0,3.845,0.643,8.382,0.245,13.338
FireSmokeVideoNEW229_f0_jpg.rf.744e23aefbdcb714c5dcfb90ea3a87fd.jpg,1,1,0.9959,0.0,0.0,0.0,4.45,1.915,9.248,0.238,16.17
FireSmokeVideoNEW229_f101_jpg.rf.43d321f3b24853a59f9ceacef569f549.jpg,1,1,0.9999,0.0,0.0,0.0,7.472,0.81,18.588,0.394,27.589
FireSmokeVideoNEW229_f110_jpg.rf.b400adef17228b944c94c9b9d09174b3.jpg,1,1,1.0,0.0,0.0,0.0,7.025,2.578,14.409,0.392,24.679
FireSmokeVideoNEW229_f136_jpg.rf.1c40c355e04cffe2494a54b84170094f.jpg,1,1,0.9948,0.0,0.0,0.0,5.346,1.82,8.979,0.348,16.719
FireSmokeVideoNEW229_f143_jpg.rf.9b6eac650896f72356521e3b056d28b1.jpg,1,1,1.0,0.0,0.0,0.0,7.976,2.176,18.972,0.302,29.752
FireSmokeVideoNEW229_f190_jpg.rf.cebc8de881dc229c1045ee796412977f.jpg,1,1,0.9772,0.0,0.0,0.0,5.881,1.643,9.201,0.439,17.411
FireSmokeVideoNEW229_f197_jpg.rf.5ec1307ec070f7627ed9b0e2422276c1.jpg,1,1,0.9996,0.0,0.0,0.0,7.035,2.549,9.949,0.378,20.241
FireSmokeVideoNEW229_f204_jpg.rf.a9070952b4d2a98f9cd1205187bcb2e8.jpg,1,1,1.0,0.0,0.0,0.0,6.586,2.899,20.632,0.312,30.806
FireSmokeVideoNEW229_f2_jpg.rf.4fe9df5e39295b817431d6d30db26ffe.jpg,1,1,0.999,0.0,0.0,0.0,4.108,1.677,11.369,0.396,17.81
FireSmokeVideoNEW229_f3_jpg.rf.bd4422d257a9a966fd114bfe183a27c2.jpg,1,1,0.9982,0.0,0.0,0.0,6.078,0.773,9.072,0.243,16.482
FireSmokeVideoNEW229_f49_jpg.rf.8318dd0ac0d9fa11a18582f419ac9805.jpg,1,1,0.9998,0.0,0.0,0.0,6.065,0.803,19.458,0.296,26.965
FireSmokeVideoNEW229_f62_jpg.rf.c42da118ef779db6a6e880592daf2cd9.jpg,1,1,1.0,0.0,0.0,0.0,5.602,1.396,10.552,0.511,18.408
FireSmokeVideoNEW229_f76_jpg.rf.28d89efca31c4680197dcf15151316e4.jpg,1,1,1.0,0.0,0.0,0.0,7.308,0.566,9.443,0.403,17.968
FireSmokeVideoNEW229_f87_jpg.rf.fa7b1ae50d2aa2b99fc795483c246ec9.jpg,1,1,1.0,0.0,0.0,0.0,5.611,0.805,14.216,0.244,21.189
FireSmokeVideoNEW229_f92_jpg.rf.eb9c93d702c830a9ef174e45e6dc51c6.jpg,1,1,0.9999,0.0,0.0,0.0,3.454,1.236,9.183,0.246,14.436
FireSmokeVideoNEW229_f9_jpg.rf.9eb7fa13a6b22e2e57b2d0b12dd7a4ed.jpg,1,1,0.9983,0.0,0.0,0.0,4.145,0.583,9.304,0.429,14.707
FireSmokeVideoNEW22_f2_jpg.rf.5afaf3ae732bc8f876a9a4472b83d758.jpg,1,1,1.0,0.0,0.0,0.0,5.379,3.268,10.051,0.418,19.483
FireSmokeVideoNEW22_f4_jpg.rf.203f7831badeb4e02951fe9665c7f685.jpg,1,1,1.0,0.0,0.0,0.0,6.432,0.962,14.989,0.418,23.134
FireSmokeVideoNEW230_f1_jpg.rf.92be5e622a84e8eeda101de1d8b6f006.jpg,1,1,0.9999,0.0,0.0,0.0,8.419,2.664,9.986,0.319,21.74
FireSmokeVideoNEW230_f2_jpg.rf.b516a23e0ee4265b82e9c124ae5403e7.jpg,1,1,0.9998,0.0,0.0,0.0,3.484,0.573,9.401,0.398,14.129
FireSmokeVideoNEW230_f3_jpg.rf.eb9208f420689ab949ebbd9d144630f7.jpg,1,1,0.9998,0.0,0.0,0.0,5.763,0.774,14.754,0.409,22.036
FireSmokeVideoNEW231_f13_jpg.rf.7eda31debd5ace8bf178efb2d8eee062.jpg,1,1,1.0,0.0,0.0,0.0,4.729,0.792,9.139,0.418,15.345
FireSmokeVideoNEW231_f18_jpg.rf.e12984d2a281af25030f7fc539b979ff.jpg,1,1,1.0,0.0,0.0,0.0,5.732,0.802,10.315,0.416,17.628
FireSmokeVideoNEW231_f3_jpg.rf.ac0fdc2f62e6f6f0fe35fadafd65eea3.jpg,1,1,1.0,0.0,0.0,0.0,7.91,3.9,16.528,0.433,29.186
FireSmokeVideoNEW231_f8_jpg.rf.5a73d4cdd0134ebf3f0eccf6435271ba.jpg,1,1,0.9995,0.0,0.0,0.0,5.505,2.459,9.29,0.255,17.833
FireSmokeVideoNEW232_f10_jpg.rf.5d4a0d582228afc4599a8941859c79ec.jpg,1,1,0.9988,0.0,0.0,0.0,8.146,0.922,9.889,0.469,19.79
FireSmokeVideoNEW232_f12_jpg.rf.b5ec45b788bf7591660aeb1c7e7a6c5c.jpg,1,1,0.9993,0.0,0.0,0.0,6.013,0.791,15.051,0.398,22.627
FireSmokeVideoNEW232_f1_jpg.rf.088b08a0eb2f4470fd648ce9722d4817.jpg,1,1,0.9985,0.0,0.0,0.0,5.684,0.784,10.038,0.407,17.261
FireSmokeVideoNEW232_f21_jpg.rf.271771bf62fffe17129aabb112008ce5.jpg,1,1,0.9999,0.0,0.0,0.0,5.296,0.757,10.036,0.405,16.916
FireSmokeVideoNEW232_f26_jpg.rf.a179bf547e32adc65897235b8a4e5092.jpg,1,1,0.9998,0.0,0.0,0.0,7.75,3.552,18.054,0.391,30.14
FireSmokeVideoNEW232_f30_jpg.rf.5d755a93dca770aa7d77d49325fcd350.jpg,1,1,0.9991,0.0,0.0,0.0,5.61,0.597,9.156,0.315,15.946
FireSmokeVideoNEW232_f36_jpg.rf.9859fadb31bedf2c1e47c6fd901a5437.jpg,1,1,0.5674,0.0,0.0,0.0,7.169,1.059,9.26,0.253,18.056
FireSmokeVideoNEW232_f3_jpg.rf.515f75a19104a63f84b9cd97feac0292.jpg,1,1,0.9773,0.0,0.0,0.0,7.001,0.811,13.099,0.373,21.64
FireSmokeVideoNEW232_f46_jpg.rf.d6cb8a4fe0485699a61fcae6ce80714a.jpg,1,1,0.9946,0.0,0.0,0.0,6.546,0.771,8.921,0.249,16.808
FireSmokeVideoNEW232_f4_jpg.rf.37ee1d28f781085cffebace064f9a3b5.jpg,1,1,0.998,0.0,0.0,0.0,6.561,2.84,9.547,0.431,19.759
FireSmokeVideoNEW232_f51_jpg.rf.f3ab61a78ed50f6db8ee33583eadf077.jpg,1,1,0.9766,0.0,0.0,0.0,4.986,0.501,8.904,0.39,15.01
FireSmokeVideoNEW232_f57_jpg.rf.00352eb95e89173e199ffe02e0a77b79.jpg,1,1,0.9965,0.0,0.0,0.0,4.768,1.329,9.903,0.441,16.776
FireSmokeVideoNEW232_f67_jpg.rf.33421177bbf4e5f31db002f6457f2f1d.jpg,1,1,0.9996,0.0,0.0,0.0,3.235,0.548,11.172,0.265,15.487
FireSmokeVideoNEW232_f6_jpg.rf.381e2ade01fd02959728a4fdac8d582a.jpg,1,1,0.9965,0.0,0.0,0.0,5.267,1.38,9.7,0.328,16.994
FireSmokeVideoNEW232_f71_jpg.rf.512281df1df5bc0c90e3b7ac8b428316.jpg,1,1,0.9976,0.0,0.0,0.0,6.469,0.794,9.759,0.344,17.696
FireSmokeVideoNEW232_f75_jpg.rf.8de3236d482920e837e8d8b678a5931c.jpg,1,1,0.9998,0.0,0.0,0.0,6.41,1.691,15.824,0.534,24.799
FireSmokeVideoNEW232_f9_jpg.rf.87ebed201de152bbc4b07674c43088f9.jpg,1,1,0.9997,0.0,0.0,0.0,6.488,2.004,8.78,0.254,17.939
FireSmokeVideoNEW234_f127_jpg.rf.005a291196ed53f9e596dc27892d8242.jpg,1,1,0.5211,0.0,0.0,0.0,3.948,0.533,8.974,0.347,14.025
FireSmokeVideoNEW234_f3_jpg.rf.1c10021a15131173ab90792084ae1ea2.jpg,1,1,0.9893,0.0,0.0,0.0,6.008,0.754,12.598,0.371,20.069
FireSmokeVideoNEW234_f4_jpg.rf.544cdf7ddb8c01ea0161540b395cc399.jpg,1,1,0.99,0.0,0.0,0.0,3.451,0.559,9.269,0.343,13.862
FireSmokeVideoNEW234_f55_jpg.rf.e5dd649df426ba0b01e4c6d963216033.jpg,1,1,0.9642,0.0,0.0,0.0,6.552,1.263,9.746,0.339,18.238
FireSmokeVideoNEW234_f5_jpg.rf.ea5d1c26f102f98da6cf96bd2b6f891b.jpg,1,1,0.9829,0.0,0.0,0.0,6.075,0.875,9.668,0.338,17.282
FireSmokeVideoNEW236_f10_jpg.rf.240f95d69f9989a861a046d9172c6a3b.jpg,1,1,0.9891,0.0,0.0,0.0,8.054,1.732,17.608,0.423,28.157
FireSmokeVideoNEW236_f12_jpg.rf.3da857e1bd4ac6513237ae4ff40cbc33.jpg,1,1,0.9812,0.0,0.0,0.0,4.753,0.81,10.344,0.262,16.423
FireSmokeVideoNEW236_f14_jpg.rf.f0ca6c82bcddcc9feb9bc9028a68b120.jpg,1,1,0.9969,0.0,0.0,0.0,3.486,2.681,8.457,0.279,15.144
FireSmokeVideoNEW236_f21_jpg.rf.754a675026bcab92408959bfb9e6fcc3.jpg,1,1,0.9988,0.0,0.0,0.0,4.293,0.783,8.39,0.239,13.975
FireSmokeVideoNEW236_f3_jpg.rf.42bc417b828648ccddb4878d88cd314a.jpg,1,1,0.9947,0.0,0.0,0.0,6.088,0.761,10.032,0.48,17.707
FireSmokeVideoNEW236_f5_jpg.rf.cc8e7b2f8bdb3e0cec2a0ff51fa28c17.jpg,1,1,0.9762,0.0,0.0,0.0,4.275,0.559,11.201,0.302,16.567
FireSmokeVideoNEW236_f7_jpg.rf.bd6635dce83880a7113817e083b78be5.jpg,1,1,0.9226,0.0,0.0,0.0,7.296,1.954,13.045,0.492,23.068
FireSmokeVideoNEW236_f9_jpg.rf.168ae9734bfc501bc6d238f8d2f724d8.jpg,1,1,0.9988,0.0,0.0,0.0,4.688,0.766,9.886,0.339,15.935
FireSmokeVideoNEW240_f20_jpg.rf.8a6467c957e8c386af2b27d0d934c050.jpg,1,0,1.0,0.0,0.0,0.0,5.564,2.006,19.612,0.311,27.883
FireSmokeVideoNEW242_f16_jpg.rf.cb5a984c234f69549bd7d8916ecc738a.jpg,1,0,1.0,0.0,0.0,0.0,4.875,1.002,9.314,0.356,15.813
FireSmokeVideoNEW242_f20_jpg.rf.350ae6f9f4cfaf34dac57b430bf38bd5.jpg,1,1,0.7153,0.0,0.0,0.0,5.064,0.611,9.076,0.384,15.397
FireSmokeVideoNEW242_f24_jpg.rf.4f1770fc700b14899ba1bfbb6afbd478.jpg,1,0,0.9883,0.0,0.0,0.0,6.723,0.765,9.14,0.241,17.189
FireSmokeVideoNEW242_f26_jpg.rf.683758f071668ddaa0024a468c60f9a7.jpg,1,0,0.9963,0.0,0.0,0.0,6.736,1.811,13.119,0.579,22.608
FireSmokeVideoNEW242_f28_jpg.rf.300cfcb4673b58751e0aaa9c40dd0817.jpg,1,1,0.5606,0.0,0.0,0.0,5.185,1.068,11.913,0.355,18.872
FireSmokeVideoNEW242_f2_jpg.rf.e0fe0c90866be603ef3ea3115d07ae53.jpg,1,1,0.9998,0.0,0.0,0.0,6.041,0.776,9.776,0.35,17.272
FireSmokeVideoNEW242_f37_jpg.rf.942cd9e3807e9de01255872d9810dc8e.jpg,1,1,0.753,0.0,0.0,0.0,6.214,2.517,19.304,0.276,28.633
FireSmokeVideoNEW242_f39_jpg.rf.ed7e340bb514103b25521a6342b6d0b8.jpg,1,1,0.9552,0.0,0.0,0.0,3.944,0.559,9.109,0.348,14.206
FireSmokeVideoNEW242_f42_jpg.rf.9ef35700b7eefb3f791a6601099ee8d7.jpg,1,1,0.8057,0.0,0.0,0.0,5.585,0.787,9.904,0.351,16.968
FireSmokeVideoNEW242_f5_jpg.rf.0862f86903811d26c50e14ae697a7bf3.jpg,1,1,0.9998,0.0,0.0,0.0,8.08,2.814,16.724,0.453,28.517
FireSmokeVideoNEW243_f0_jpg.rf.b8ae4899a18f07d0cf66c78b3c5a1dd8.jpg,1,1,0.9999,0.0,0.0,0.0,4.312,2.84,11.893,0.279,19.658
FireSmokeVideoNEW243_f21_jpg.rf.20e2bc6a567e338cdc5431cdda1b0f9f.jpg,1,1,0.9769,0.0,0.0,0.0,7.318,1.187,10.104,0.342,19.3
FireSmokeVideoNEW243_f3_jpg.rf.ecc4982a917b338aff3cd29cfba69f31.jpg,1,1,0.9997,0.0,0.0,0.0,7.349,3.612,9.661,0.283,21.423
FireSmokeVideoNEW243_f44_jpg.rf.2eaf38b6d2a398d6af80bfb726fe7216.jpg,1,0,0.6044,0.0,0.0,0.0,3.351,0.531,9.555,0.706,14.388
FireSmokeVideoNEW243_f46_jpg.rf.dc718cf285258cfab125d30992916958.jpg,1,0,0.9999,0.0,0.0,0.0,8.487,2.5,9.553,0.254,21.118
FireSmokeVideoNEW243_f5_jpg.rf.1b86ff64ad83437c640195f462e17ed9.jpg,1,1,0.9972,0.0,0.0,0.0,4.789,0.569,11.296,0.26,17.154
FireSmokeVideoNEW245_f16_jpg.rf.affac28f81aa47b4cfb3b2e583a5e036.jpg,1,1,1.0,0.0,0.0,0.0,3.425,0.608,8.544,0.277,13.149
FireSmokeVideoNEW245_f18_jpg.rf.5f6fa5ffb536cb4e8ffc333b31b94060.jpg,1,1,1.0,0.0,0.0,0.0,3.365,0.573,8.472,0.261,12.929
FireSmokeVideoNEW245_f20_jpg.rf.8cdc752d89218b5374439c992813db4f.jpg,1,1,1.0,0.0,0.0,0.0,5.286,2.623,10.077,0.405,19.252
FireSmokeVideoNEW245_f22_jpg.rf.e4b0e4d4004a941c1776c3f52bf3b07f.jpg,1,1,1.0,0.0,0.0,0.0,6.049,2.389,19.487,0.287,28.6
FireSmokeVideoNEW245_f24_jpg.rf.b4e0a941b58e1944a9877a4b56f57db0.jpg,1,1,1.0,0.0,0.0,0.0,5.012,2.88,10.588,0.398,19.238
FireSmokeVideoNEW245_f26_jpg.rf.374fcdbd809ab2419a63cbad47609d73.jpg,1,1,1.0,0.0,0.0,0.0,5.141,0.612,8.611,0.263,14.884
FireSmokeVideoNEW245_f42_jpg.rf.7cb91c9b353d357b7d73e73d1396fb02.jpg,1,1,1.0,0.0,0.0,0.0,3.56,0.555,8.384,0.247,12.973
FireSmokeVideoNEW245_f44_jpg.rf.4f3d7c7339919582cdf9f49155ecf2c0.jpg,1,1,1.0,0.0,0.0,0.0,3.664,0.726,15.01,0.476,20.878
FireSmokeVideoNEW245_f46_jpg.rf.9e327caa1e549bd1bc4dc7387238832b.jpg,1,1,1.0,0.0,0.0,0.0,6.286,0.777,9.15,0.254,16.777
FireSmokeVideoNEW245_f48_jpg.rf.e3aa09c11084c01fb7be091002a9e24c.jpg,1,1,1.0,0.0,0.0,0.0,6.652,2.087,9.459,0.971,19.488
FireSmokeVideoNEW245_f50_jpg.rf.98199e99f42af44d74f16f98a0b28755.jpg,1,1,1.0,0.0,0.0,0.0,5.1,2.708,14.522,0.286,22.917
FireSmokeVideoNEW246_f0_jpg.rf.d0e9845d36bb6879808a62992a781c24.jpg,1,0,0.9998,0.0,0.0,0.0,3.932,0.62,9.103,0.345,14.256
FireSmokeVideoNEW246_f101_jpg.rf.f7312a11e1f33c0f810c995e6172f5f9.jpg,1,1,0.942,0.0,0.0,0.0,5.686,2.743,9.856,0.357,18.987
FireSmokeVideoNEW246_f114_jpg.rf.c54ecf66c9dfabaa65bdc3348dd4649f.jpg,1,0,1.0,0.0,0.0,0.0,6.645,0.826,15.057,0.402,23.295
FireSmokeVideoNEW246_f116_jpg.rf.0797530111fe7468dfb6e65ad1f61c49.jpg,1,0,1.0,0.0,0.0,0.0,6.29,0.973,9.906,0.355,17.877
FireSmokeVideoNEW246_f118_jpg.rf.4aa48d18f215cee5d04f5c081db094b0.jpg,1,0,1.0,0.0,0.0,0.0,5.477,0.56,9.747,0.269,16.29
FireSmokeVideoNEW246_f120_jpg.rf.9a867e176f5c7410d35704589b5f0dd6.jpg,1,0,1.0,0.0,0.0,0.0,6.169,4.197,18.094,0.289,29.01
FireSmokeVideoNEW246_f122_jpg.rf.9ecff2c111b84f25d3a4dfb2e8316c54.jpg,1,0,1.0,0.0,0.0,0.0,7.064,1.944,9.978,0.366,19.72
FireSmokeVideoNEW246_f17_jpg.rf.4ceac16aeb284b22058948b39bf7f4f3.jpg,1,0,0.9935,0.0,0.0,0.0,5.262,1.045,9.801,0.352,16.791
FireSmokeVideoNEW246_f19_jpg.rf.e5b92864cd4980b8843bf3d0457fe64c.jpg,1,0,0.9999,0.0,0.0,0.0,4.455,0.796,14.282,0.402,20.193
FireSmokeVideoNEW246_f20_jpg.rf.390c45f2c210996a34c511ad185f53ed.jpg,1,0,0.9996,0.0,0.0,0.0,6.05,0.783,9.901,0.375,17.442
FireSmokeVideoNEW246_f22_jpg.rf.ffde6341071f98a83e38a27464a91568.jpg,1,0,1.0,0.0,0.0,0.0,7.3,1.987,10.761,0.519,20.953
FireSmokeVideoNEW246_f24_jpg.rf.0e0a9f1b7656b23975c740c3db802d52.jpg,1,0,0.9995,0.0,0.0,0.0,5.257,0.621,15.98,0.347,22.442
FireSmokeVideoNEW246_f29_jpg.rf.56c1b326a697c030a3632d8e1a2d0008.jpg,1,0,0.95,0.0,0.0,0.0,5.904,0.749,9.081,0.24,16.281
FireSmokeVideoNEW246_f30_jpg.rf.fb8251d2bfa3ad8e70741296130d2d7b.jpg,1,0,0.9549,0.0,0.0,0.0,5.593,0.764,9.762,0.385,16.826
FireSmokeVideoNEW246_f39_jpg.rf.7f1e78c38f1141225244982c4bf3fd90.jpg,1,1,0.9976,0.0,0.0,0.0,5.862,0.791,14.856,0.357,22.206
FireSmokeVideoNEW246_f40_jpg.rf.ce1cd9a166466167c408fafad05fcb5c.jpg,1,1,0.9993,0.0,0.0,0.0,5.627,0.732,9.788,0.345,16.822
FireSmokeVideoNEW246_f45_jpg.rf.2bef0d7bfd03bcc11349ab63c01e0354.jpg,1,1,0.9995,0.0,0.0,0.0,7.605,2.124,10.42,0.648,21.168
FireSmokeVideoNEW246_f47_jpg.rf.d3ae86391f56dff6ac7f57a4e501bda8.jpg,1,1,0.999,0.0,0.0,0.0,3.191,0.544,11.61,0.458,16.058
FireSmokeVideoNEW246_f4_jpg.rf.c4616a4f53c69b437bf5edb23eb58402.jpg,1,0,0.9973,0.0,0.0,0.0,3.159,0.551,8.458,0.261,12.683
FireSmokeVideoNEW246_f54_jpg.rf.8342f7d2be3363c8e0242c7121d8fc0d.jpg,1,0,0.9967,0.0,0.0,0.0,3.127,0.56,8.431,0.261,12.614
FireSmokeVideoNEW246_f65_jpg.rf.3aae2c8595fe047d0b9031e3b5804f5e.jpg,1,0,0.6917,0.0,0.0,0.0,3.159,0.556,8.416,0.253,12.62
FireSmokeVideoNEW246_f67_jpg.rf.c522f7d025f759951024d1f5ce536e60.jpg,1,0,0.8745,0.0,0.0,0.0,5.918,0.754,14.767,0.396,22.18
FireSmokeVideoNEW246_f8_jpg.rf.68b2fb62abf6411d6f639c1c3f5aa3bb.jpg,1,0,0.998,0.0,0.0,0.0,5.458,0.95,9.91,0.346,17.003
FireSmokeVideoNEW246_f97_jpg.rf.dd9b7749d48aa0f976dbcaf5e75e8bf0.jpg,1,0,0.9998,0.0,0.0,0.0,5.588,1.62,15.652,0.491,23.602
FireSmokeVideoNEW246_f99_jpg.rf.02bf10f60d8b1a6ba82b5e928bfb273e.jpg,1,0,0.9998,0.0,0.0,0.0,4.39,0.579,10.874,0.396,16.583
FireSmokeVideoNEW249_f10_jpg.rf.a2031c818c873a4ac0b754042c9ea482.jpg,1,0,0.9939,0.0,0.0,0.0,6.38,0.928,19.021,0.352,27.029
FireSmokeVideoNEW24_f13_jpg.rf.a317f2d56bcda94cb97cf62436f5d32e.jpg,1,1,0.8416,0.0,0.0,0.0,3.511,0.607,9.446,0.405,14.242
FireSmokeVideoNEW24_f1_jpg.rf.d3ad263d294b1aede3fbfd33d485dba6.jpg,1,0,0.7957,0.0,0.0,0.0,5.69,0.826,10.587,0.42,17.855
FireSmokeVideoNEW24_f22_jpg.rf.7f2bc9a4785440e0b6e6daeb772b302b.jpg,1,1,0.9968,0.0,0.0,0.0,5.654,0.842,14.955,0.403,22.197
FireSmokeVideoNEW24_f33_jpg.rf.e5e6458494b5dbafef0058c958cb959a.jpg,1,1,0.9873,0.0,0.0,0.0,9.075,2.18,14.883,0.455,26.854
FireSmokeVideoNEW24_f44_jpg.rf.5d0c9c22217efd669f0695827497572d.jpg,1,1,0.9573,0.0,0.0,0.0,3.463,0.592,8.52,0.268,13.103
FireSmokeVideoNEW24_f46_jpg.rf.c1d942063e9aca880d77b7dd545a5754.jpg,1,1,0.9993,0.0,0.0,0.0,3.643,0.555,11.456,0.326,16.231
FireSmokeVideoNEW24_f48_jpg.rf.a1812b35fbd4431cc4c85c94ad816d49.jpg,1,1,0.9872,0.0,0.0,0.0,5.017,1.729,9.822,0.4,17.226
FireSmokeVideoNEW24_f54_jpg.rf.d96142ba5f27258066adecb90de272ec.jpg,1,1,0.9991,0.0,0.0,0.0,5.638,1.754,9.881,0.433,18.084
FireSmokeVideoNEW24_f60_jpg.rf.f1ebdc880e1bcc91aee58222f268ee0e.jpg,1,1,0.9985,0.0,0.0,0.0,6.689,3.849,18.923,0.49,30.308
FireSmokeVideoNEW24_f63_jpg.rf.03c49f969686c385e069b9113c736d19.jpg,1,0,0.9414,0.0,0.0,0.0,6.962,1.898,9.162,0.251,18.597
FireSmokeVideoNEW24_f70_jpg.rf.9a86d6dfad0e79a67ae55ed6416ec3ff.jpg,1,1,0.999,0.0,0.0,0.0,7.54,2.178,9.834,0.38,20.302
FireSmokeVideoNEW24_f72_jpg.rf.beaf6a0d618ec48746c39d88d1b289df.jpg,1,1,0.9995,0.0,0.0,0.0,6.183,0.773,15.229,0.4,22.914
FireSmokeVideoNEW24_f76_jpg.rf.686e1c1de85c5e1ad3d7b5e275d2df54.jpg,1,1,0.8345,0.0,0.0,0.0,5.255,0.787,9.804,0.366,16.649
FireSmokeVideoNEW24_f78_jpg.rf.f8c4a179f08b28b3aacca29ac9c92cb4.jpg,1,0,0.9993,0.0,0.0,0.0,7.55,2.558,15.608,0.261,26.312
FireSmokeVideoNEW251_f10_jpg.rf.541400866b2aba579bcdb76caf3a338f.jpg,1,1,0.9966,0.0,0.0,0.0,4.836,2.79,13.368,0.278,21.503
FireSmokeVideoNEW251_f12_jpg.rf.85d3ad499d374561971f57ad4d079829.jpg,1,1,1.0,0.0,0.0,0.0,4.121,0.576,9.266,0.443,14.668
FireSmokeVideoNEW251_f16_jpg.rf.3285e689765e3107919d3c071ee9fb45.jpg,1,1,1.0,0.0,0.0,0.0,5.396,0.756,9.849,0.364,16.701
FireSmokeVideoNEW251_f22_jpg.rf.e3d9c6fa41b8c234dbfa87f3e606bf26.jpg,1,1,1.0,0.0,0.0,0.0,5.654,1.214,9.795,0.347,17.385
FireSmokeVideoNEW251_f24_jpg.rf.72c1196ed7ec56e7fc95cf7d41b8c8b2.jpg,1,1,1.0,0.0,0.0,0.0,6.967,2.694,14.793,0.85,25.656
FireSmokeVideoNEW251_f26_jpg.rf.4956eee32e27e79472637f03db427864.jpg,1,1,0.9991,0.0,0.0,0.0,7.412,2.567,11.196,0.398,21.813
FireSmokeVideoNEW251_f28_jpg.rf.d5d77d1341fdd95d00017d860d86835d.jpg,1,1,0.9795,0.0,0.0,0.0,3.749,0.581,9.623,0.248,14.522
FireSmokeVideoNEW251_f2_jpg.rf.207660a329cb32e71b591d7620e9d6ee.jpg,1,0,0.9982,0.0,0.0,0.0,5.889,0.738,12.428,0.277,19.65
FireSmokeVideoNEW251_f34_jpg.rf.0b6f0a94d30e437f2f6d8c1a90f96a78.jpg,1,1,0.9946,0.0,0.0,0.0,4.919,0.62,9.203,0.377,15.37
FireSmokeVideoNEW251_f5_jpg.rf.57893ff66f5d16c89cbb35a5a9b62725.jpg,1,0,0.9946,0.0,0.0,0.0,3.351,0.536,8.332,0.232,12.669
FireSmokeVideoNEW251_f9_jpg.rf.249d7624c6fa363d9e41b0ab9a2f6327.jpg,1,1,0.9969,0.0,0.0,0.0,5.51,0.745,9.959,0.357,16.898
FireSmokeVideoNEW252_f1_jpg.rf.644c06965eca5f3b556450ea37c27747.jpg,1,1,0.9995,0.0,0.0,0.0,6.417,2.488,15.772,0.262,25.276
FireSmokeVideoNEW252_f45_jpg.rf.8b98db927ef78395da9058306d193102.jpg,1,1,0.9704,0.0,0.0,0.0,6.592,2.666,9.832,0.378,19.818
FireSmokeVideoNEW252_f51_jpg.rf.4751e1373246d5bc57295ba7ff6965bd.jpg,1,1,0.9996,0.0,0.0,0.0,6.113,0.806,9.948,0.363,17.565
FireSmokeVideoNEW252_f59_jpg.rf.93fdff5fc44a03cfb24372111bb816c8.jpg,1,1,0.9997,0.0,0.0,0.0,6.167,0.777,10.188,0.399,17.867
FireSmokeVideoNEW252_f64_jpg.rf.68fa95b9f56388067421607a368cef2d.jpg,1,1,0.9993,0.0,0.0,0.0,3.456,0.564,11.308,0.334,15.912
FireSmokeVideoNEW253_f39_jpg.rf.fb9a239e13210f3ebef4f597588b23fb.jpg,1,0,0.9993,0.0,0.0,0.0,3.959,0.551,9.061,0.385,14.192
FireSmokeVideoNEW253_f43_jpg.rf.5a5f91862546726da846953d1f07eb8f.jpg,1,0,0.9998,0.0,0.0,0.0,6.357,1.796,10.751,0.293,19.559
FireSmokeVideoNEW253_f46_jpg.rf.91995eb662334f3d0957cfc515200e44.jpg,1,0,0.9997,0.0,0.0,0.0,4.544,0.673,14.764,0.275,20.641
FireSmokeVideoNEW253_f48_jpg.rf.6a0d36ab045606a51acb516450eb9504.jpg,1,0,0.9993,0.0,0.0,0.0,3.361,0.563,10.414,0.368,15.073
FireSmokeVideoNEW253_f54_jpg.rf.a6475322dd9c9981224c709b6eeb3ce5.jpg,1,0,0.9998,0.0,0.0,0.0,6.517,1.819,9.248,0.258,18.165
FireSmokeVideoNEW253_f64_jpg.rf.1f4f74a5249319102992373b86580c22.jpg,1,0,1.0,0.0,0.0,0.0,5.999,1.871,9.966,0.4,18.57
FireSmokeVideoNEW253_f98_jpg.rf.730180c169cd3489387a9a5b99952692.jpg,1,0,0.7709,0.0,0.0,0.0,6.38,1.795,19.05,0.565,28.124
FireSmokeVideoNEW256_f0_jpg.rf.21175534bf39e57aee851b1de13350d0.jpg,1,0,0.6986,0.0,0.0,0.0,4.868,1.828,11.33,0.439,18.736
FireSmokeVideoNEW256_f11_jpg.rf.40e24a1aeae73281869326a117cf44fe.jpg,1,1,0.9999,0.0,0.0,0.0,5.109,0.851,12.17,0.304,18.663
FireSmokeVideoNEW256_f1_jpg.rf.8866be7cbb0dcf462762bd4d392d77d9.jpg,1,1,0.999,0.0,0.0,0.0,5.577,1.814,19.164,0.565,27.462
FireSmokeVideoNEW256_f2_jpg.rf.419b43a44c0f7b085c92185c2c0537c9.jpg,1,1,0.919,0.0,0.0,0.0,5.194,2.055,9.734,0.385,17.685
FireSmokeVideoNEW256_f32_jpg.rf.5ed2d90bbe733c00b9a37b8ad56b0333.jpg,1,1,0.9944,0.0,0.0,0.0,6.645,1.035,9.197,0.26,17.463
FireSmokeVideoNEW257_f11_jpg.rf.5f8927b60d1a6891efd7e858e8c3e0e1.jpg,1,0,0.9899,0.0,0.0,0.0,6.367,2.655,19.602,0.406,29.452
FireSmokeVideoNEW257_f18_jpg.rf.0f9cc808c8589d3b56f736680007c7fb.jpg,1,0,0.998,0.0,0.0,0.0,4.492,2.691,9.296,0.374,17.115
FireSmokeVideoNEW257_f23_jpg.rf.abe3a8bff303926969f378051c208a6a.jpg,1,0,0.9827,0.0,0.0,0.0,5.618,0.78,9.786,0.403,16.928
FireSmokeVideoNEW257_f25_jpg.rf.620dc89a7a566a25516b88b2f10d7799.jpg,1,0,0.9989,0.0,0.0,0.0,5.543,1.423,14.975,0.405,22.713
FireSmokeVideoNEW257_f27_jpg.rf.4438354a029a07cdaccb869873ce4ca1.jpg,1,0,0.999,0.0,0.0,0.0,6.813,2.847,10.907,0.354,21.19
FireSmokeVideoNEW257_f31_jpg.rf.b6e6b11163061d79f0c2f50fde34e92e.jpg,1,0,0.9993,0.0,0.0,0.0,6.748,1.6,9.428,0.307,18.425
FireSmokeVideoNEW257_f7_jpg.rf.b4c190057546d32b72d7e04d2cbc9f8a.jpg,1,0,0.9998,0.0,0.0,0.0,5.29,2.773,15.881,0.406,24.689
FireSmokeVideoNEW25_f13_jpg.rf.2eaa5308c6c538b5b25f2039317fa207.jpg,1,0,0.99,0.0,0.0,0.0,6.072,0.812,9.812,0.33,17.362
FireSmokeVideoNEW25_f19_jpg.rf.3549bcf35fc1e41c3fdb36e564e72210.jpg,1,0,0.9999,0.0,0.0,0.0,5.232,2.876,9.258,0.25,17.97
FireSmokeVideoNEW25_f22_jpg.rf.8ef2c5ee7dfc6ff95cf68469c972af1f.jpg,1,0,1.0,0.0,0.0,0.0,5.399,1.206,15.086,0.396,22.409
FireSmokeVideoNEW25_f24_jpg.rf.d978d587fd47ec7589cdb39d1324f4a7.jpg,1,0,0.9999,0.0,0.0,0.0,5.86,0.716,8.862,0.278,16.028
FireSmokeVideoNEW25_f42_jpg.rf.854b871d2bcc068818b226711357d71b.jpg,1,0,0.9984,0.0,0.0,0.0,6.037,2.14,10.157,0.447,19.176
FireSmokeVideoNEW25_f46_jpg.rf.8f3b7c6178fdc60fd3d3c4bafc1664c1.jpg,1,0,0.9999,0.0,0.0,0.0,3.81,0.669,13.344,0.259,18.364
FireSmokeVideoNEW264_f49_jpg.rf.e734114878cd20b393cf439ae4b015fb.jpg,1,1,1.0,0.0,0.0,0.0,6.484,0.755,9.851,0.334,17.758
FireSmokeVideoNEW264_f76_jpg.rf.569a3bae734fc779f72fbf6ed5099965.jpg,1,1,1.0,0.0,0.0,0.0,5.672,0.718,9.675,0.26,16.63
FireSmokeVideoNEW266_f107_jpg.rf.02faea8858fe3f87b8063f0604604b84.jpg,1,1,0.9999,0.0,0.0,0.0,5.597,0.723,12.913,0.414,19.971
FireSmokeVideoNEW266_f113_jpg.rf.0ee13ca7bce52f98cc9d6748dc732777.jpg,1,1,1.0,0.0,0.0,0.0,4.772,0.715,9.117,0.238,15.169
FireSmokeVideoNEW266_f13_jpg.rf.2da8d3951c2ab6db859bba437d172e44.jpg,1,1,1.0,0.0,0.0,0.0,4.62,1.73,9.394,0.412,16.491
FireSmokeVideoNEW266_f178_jpg.rf.4d4fc6e36132f06221b0ed5e4088bc50.jpg,1,1,0.9998,0.0,0.0,0.0,4.244,1.406,9.213,0.244,15.417
FireSmokeVideoNEW266_f237_jpg.rf.f82396f9f4b30ea31840dbd51f7a8493.jpg,1,1,1.0,0.0,0.0,0.0,3.003,0.517,8.344,0.237,12.327
FireSmokeVideoNEW266_f39_jpg.rf.77b165a2621221e3075da882a7bdbe99.jpg,1,1,1.0,0.0,0.0,0.0,3.553,0.531,8.892,0.324,13.522
FireSmokeVideoNEW267_f101_jpg.rf.63c35ee1bb4f8e8ba47f672adb8edbd6.jpg,1,1,0.9992,0.0,0.0,0.0,5.818,0.804,8.882,0.238,16.148
FireSmokeVideoNEW267_f118_jpg.rf.121e20767c49d77df1b806b2087a27b2.jpg,1,1,0.9992,0.0,0.0,0.0,3.732,0.514,9.004,0.358,13.837
FireSmokeVideoNEW267_f121_jpg.rf.e26cd978de539fcea0af98b7ba6fc31f.jpg,1,1,1.0,0.0,0.0,0.0,5.525,0.708,14.285,0.429,21.275
FireSmokeVideoNEW267_f145_jpg.rf.4e25c29571910a8193b1dd547f2ddb9a.jpg,1,1,1.0,0.0,0.0,0.0,4.334,0.74,10.103,0.422,16.137
FireSmokeVideoNEW267_f147_jpg.rf.4ae496d4bbd2b96a928b170a6937b2b8.jpg,1,1,1.0,0.0,0.0,0.0,6.76,2.183,9.254,0.237,18.903
FireSmokeVideoNEW267_f83_jpg.rf.113dd99201cd8e546b69b03c7f7bac4a.jpg,1,1,0.9513,0.0,0.0,0.0,3.451,0.539,8.543,0.242,13.007
FireSmokeVideoNEW267_f93_jpg.rf.1646a38a12d2312e7e0e54b4d6f7f497.jpg,1,1,0.9998,0.0,0.0,0.0,3.254,0.55,8.424,0.256,12.713
FireSmokeVideoNEW269_f10_jpg.rf.17d96b45a4eac9157520e5aa71774678.jpg,1,1,1.0,0.0,0.0,0.0,3.129,0.54,9.807,0.284,14.002
FireSmokeVideoNEW269_f31_jpg.rf.977449849ee1d1b4cd28604a98013e1b.jpg,1,1,0.997,0.0,0.0,0.0,5.251,0.748,9.944,0.338,16.611
FireSmokeVideoNEW269_f33_jpg.rf.8b38bd9fc843c1946c4c9566fcbcdebe.jpg,1,1,1.0,0.0,0.0,0.0,5.237,0.819,9.971,0.385,16.749
FireSmokeVideoNEW269_f36_jpg.rf.6b45f2c36c902aa2f7a646fac4bd3551.jpg,1,1,0.9998,0.0,0.0,0.0,4.84,1.332,16.879,0.412,23.712
FireSmokeVideoNEW269_f45_jpg.rf.3ea593179185b2a02eff432376e589f2.jpg,1,1,0.9992,0.0,0.0,0.0,5.845,0.742,9.151,0.236,16.288
FireSmokeVideoNEW269_f61_jpg.rf.6bc5727e306edc11b524c4746860178f.jpg,1,1,0.9967,0.0,0.0,0.0,5.449,1.707,9.222,0.251,16.999
FireSmokeVideoNEW269_f78_jpg.rf.948530e5f32ad9506e4d005519b1fe9a.jpg,1,1,0.9998,0.0,0.0,0.0,5.768,0.736,9.802,0.37,17.021
FireSmokeVideoNEW269_f8_jpg.rf.c26651df50fe12ba3103e33a592f4ebb.jpg,1,1,1.0,0.0,0.0,0.0,5.562,0.522,13.509,0.273,20.083
FireSmokeVideoNEW26_f137_jpg.rf.a9ed46e4eace1936121122bbf35a5430.jpg,1,1,0.9986,0.0,0.0,0.0,5.768,1.507,9.529,0.386,17.442
FireSmokeVideoNEW26_f139_jpg.rf.ba1b0babc498c22ebaf50c3930711e5b.jpg,1,1,0.9719,0.0,0.0,0.0,7.73,2.745,10.135,0.387,21.344
FireSmokeVideoNEW26_f141_jpg.rf.a5fa0a322501fa9aa5f2c0fab23d79dd.jpg,1,1,0.9984,0.0,0.0,0.0,5.043,2.048,11.326,0.263,18.927
FireSmokeVideoNEW26_f160_jpg.rf.a7025e07062fe6c456bc401c19e0b8cc.jpg,1,0,0.8767,0.0,0.0,0.0,3.273,0.669,16.325,0.403,20.915
FireSmokeVideoNEW26_f71_jpg.rf.dc98f99d0595cb8a275c8c9afe655280.jpg,1,0,0.8244,0.0,0.0,0.0,5.232,1.718,9.596,0.26,17.244
FireSmokeVideoNEW26_f73_jpg.rf.a4c7819457d40ffafe8bc3c8b510744c.jpg,1,1,0.835,0.0,0.0,0.0,4.216,0.532,8.391,0.253,13.618
FireSmokeVideoNEW26_f7_jpg.rf.57f0610ef4fec7f7361b67920ce3281f.jpg,1,0,0.9395,0.0,0.0,0.0,7.594,1.777,14.123,0.58,24.419
FireSmokeVideoNEW26_f9_jpg.rf.199dead260e12ae0bf89eeb54cb43bb3.jpg,1,0,0.9763,0.0,0.0,0.0,5.093,1.529,10.949,0.352,18.159
FireSmokeVideoNEW274_f22_jpg.rf.02cd1a9e0dfe7bf250bafeb57c2fc46f.jpg,1,0,0.9918,0.0,0.0,0.0,4.007,1.437,9.356,0.454,15.484
FireSmokeVideoNEW277_f106_jpg.rf.09d13a0b9f5dae6b37b4df7ad76bc80f.jpg,1,1,0.793,0.0,0.0,0.0,7.196,1.579,13.879,0.267,23.24
FireSmokeVideoNEW277_f112_jpg.rf.5bf0e71562583b311f55ca80b537896a.jpg,1,0,0.6561,0.0,0.0,0.0,5.196,0.686,9.061,0.421,15.609
FireSmokeVideoNEW277_f16_jpg.rf.f38d7b7283773e95c837a4a88b043def.jpg,1,1,1.0,0.0,0.0,0.0,5.52,0.893,9.834,0.371,16.956
FireSmokeVideoNEW277_f23_jpg.rf.26a5a9e63a6231703ed81eb83e506ae8.jpg,1,1,0.9993,0.0,0.0,0.0,8.232,3.118,15.288,0.275,27.344
FireSmokeVideoNEW277_f2_jpg.rf.6de584ba8f4bf4e8f28b6b12e02fce56.jpg,1,1,0.9998,0.0,0.0,0.0,3.332,0.514,9.119,0.349,13.543
FireSmokeVideoNEW277_f32_jpg.rf.821c4696b6666d1fc23b5e7dea66f891.jpg,1,1,0.9991,0.0,0.0,0.0,5.11,0.593,8.877,0.382,15.193
FireSmokeVideoNEW277_f34_jpg.rf.7e70c7a467ae2e47817342d4fb2a0827.jpg,1,1,0.9992,0.0,0.0,0.0,5.863,0.701,8.886,0.238,16.001
FireSmokeVideoNEW277_f3_jpg.rf.16feece04ba7228a83655f5a70f1ceba.jpg,1,1,1.0,0.0,0.0,0.0,4.982,0.967,8.876,0.41,15.473
FireSmokeVideoNEW277_f42_jpg.rf.bfa88f7ad8c4a729098ba826f60065bd.jpg,1,1,0.9796,0.0,0.0,0.0,5.965,1.303,14.42,0.411,22.465
FireSmokeVideoNEW277_f4_jpg.rf.81c483c3c5d7ba3da0512eb641f4114d.jpg,1,1,1.0,0.0,0.0,0.0,5.635,2.766,8.942,0.251,17.916
FireSmokeVideoNEW277_f54_jpg.rf.8290d81b12f806e3a23c324952744a5e.jpg,1,1,0.7152,0.0,0.0,0.0,5.08,2.726,8.977,0.219,17.322
FireSmokeVideoNEW277_f5_jpg.rf.43dfbd60ba2af38be3249f10ec1c6dd2.jpg,1,1,1.0,0.0,0.0,0.0,5.428,0.729,9.754,0.349,16.589
FireSmokeVideoNEW277_f6_jpg.rf.9246e9ca42b4ef5ffa450917955996b2.jpg,1,1,1.0,0.0,0.0,0.0,5.957,0.829,12.942,0.399,20.462
FireSmokeVideoNEW277_f76_jpg.rf.e896d63db2a85b0c36821d3664707386.jpg,1,1,0.9799,0.0,0.0,0.0,3.163,0.548,11.334,0.386,15.671
FireSmokeVideoNEW277_f84_jpg.rf.de4caae65922aafc13677ba531cf76c2.jpg,1,1,0.9997,0.0,0.0,0.0,5.769,0.839,9.921,0.39,17.251
FireSmokeVideoNEW27_f60_jpg.rf.038ba34328502532e3c1154c93793d2f.jpg,1,0,0.7712,0.0,0.0,0.0,7.644,1.549,15.601,0.285,25.429
FireSmokeVideoNEW27_f62_jpg.rf.c1c3a5e618dfc2300dc019930e34b3ae.jpg,1,1,0.5805,0.0,0.0,0.0,5.919,1.106,9.817,0.35,17.537
FireSmokeVideoNEW27_f64_jpg.rf.be4a9aaace2c63021410de1caab71d9e.jpg,1,0,0.647,0.0,0.0,0.0,5.123,0.79,9.869,0.339,16.453
FireSmokeVideoNEW27_f66_jpg.rf.22def0fbf44790ff0e2de2bb0c4201b9.jpg,1,1,0.9829,0.0,0.0,0.0,5.882,0.723,12.969,0.399,20.307
FireSmokeVideoNEW29_f10_jpg.rf.8e2833f2331a68683bbe20ec22fccdbd.jpg,1,1,0.9967,0.0,0.0,0.0,3.552,1.011,9.804,0.385,15.07
FireSmokeVideoNEW29_f15_jpg.rf.af74892cfd1d8c526d2b6f4807915809.jpg,1,1,0.9998,0.0,0.0,0.0,5.303,0.54,9.034,0.407,15.517
FireSmokeVideoNEW29_f17_jpg.rf.5151a7a20f43e42120cfac986cec2f39.jpg,1,1,0.9985,0.0,0.0,0.0,6.447,2.785,10.982,0.353,20.845
FireSmokeVideoNEW29_f25_jpg.rf.2ad0615bf93adcec78cabdaf0440d4c0.jpg,1,1,0.9999,0.0,0.0,0.0,5.341,0.743,12.894,0.364,19.679
FireSmokeVideoNEW29_f27_jpg.rf.fdacc6730c826df2ae581d71f2b777bc.jpg,1,1,0.9993,0.0,0.0,0.0,4.613,0.715,11.665,0.317,17.621
FireSmokeVideoNEW29_f5_jpg.rf.c884fffd4ce9b1eb0a67f95bafaa8e52.jpg,1,1,0.9982,0.0,0.0,0.0,5.155,0.744,9.73,0.329,16.284
FireSmokeVideoNEW31_f0_jpg.rf.8c3177ba1b33003e26ebb311b7ea751a.jpg,1,1,0.9742,0.0,0.0,0.0,5.247,0.753,9.729,0.32,16.365
FireSmokeVideoNEW31_f127_jpg.rf.0c2aa3f9cdfa16db038d4b9453ee01d7.jpg,1,1,0.9999,0.0,0.0,0.0,5.155,0.695,12.827,0.418,19.423
FireSmokeVideoNEW31_f13_jpg.rf.d1126db2923b8b99a8ba03fe2983f026.jpg,1,1,0.9982,0.0,0.0,0.0,6.371,2.515,10.77,0.467,20.366
FireSmokeVideoNEW31_f1_jpg.rf.3c6c950a2ed874683574dfa4d38bd25a.jpg,1,1,0.9967,0.0,0.0,0.0,4.652,0.577,8.453,0.254,14.175
FireSmokeVideoNEW31_f27_jpg.rf.d6492c725bf7e3bfe7eed589dc8571a6.jpg,1,0,0.724,0.0,0.0,0.0,3.201,0.545,16.04,0.262,20.288
FireSmokeVideoNEW31_f30_jpg.rf.3dd6e3ba6fb8657caa2190bd9eb22e6f.jpg,1,0,0.9987,0.0,0.0,0.0,3.137,0.553,11.78,0.46,16.217
FireSmokeVideoNEW31_f32_jpg.rf.9d38b6dc5b13b67a5546f72b78531e6a.jpg,1,1,0.993,0.0,0.0,0.0,4.442,0.774,10.667,0.401,16.644
FireSmokeVideoNEW31_f40_jpg.rf.3dd823019fe152f2623dc4ef465c1d9d.jpg,1,1,0.8092,0.0,0.0,0.0,5.816,0.799,9.315,0.253,16.519
FireSmokeVideoNEW31_f47_jpg.rf.23dcad470ad03987dfae09a9b9edcc7e.jpg,1,1,0.9376,0.0,0.0,0.0,6.945,2.045,12.97,0.504,22.831
FireSmokeVideoNEW31_f55_jpg.rf.9f756f8ea534a9ca9aee2b44e730e082.jpg,1,0,0.8633,0.0,0.0,0.0,3.979,0.596,14.398,0.235,19.533
FireSmokeVideoNEW31_f67_jpg.rf.a700eaa5299866ede9bbdf9be7b2a56b.jpg,1,1,0.9709,0.0,0.0,0.0,5.518,1.568,9.714,0.358,17.493
FireSmokeVideoNEW31_f86_jpg.rf.d0840f0493b5bd6f596350694d9a3715.jpg,1,1,0.9999,0.0,0.0,0.0,5.499,0.772,9.802,0.348,16.741
FireSmokeVideoNEW35_f10_jpg.rf.6594b28e06353a07284e2f3302fb5a0a.jpg,1,0,1.0,0.0,0.0,0.0,6.023,0.77,9.644,0.337,17.099
FireSmokeVideoNEW35_f118_jpg.rf.12e980bcb7a3263b616167caaf3b29a0.jpg,1,0,0.9999,0.0,0.0,0.0,6.215,0.76,9.835,0.441,17.579
FireSmokeVideoNEW35_f122_jpg.rf.16f0e135a405be407794b5ae549f4301.jpg,1,0,0.9963,0.0,0.0,0.0,3.934,3.235,12.281,0.468,20.187
FireSmokeVideoNEW35_f14_jpg.rf.9822efb7cea5a93c34c4e22be1de699b.jpg,1,0,1.0,0.0,0.0,0.0,6.323,0.719,8.435,0.278,16.067
FireSmokeVideoNEW35_f173_jpg.rf.deeced22196d23be062cbcc3b4891593.jpg,1,0,0.9996,0.0,0.0,0.0,5.178,1.464,13.016,0.372,20.363
FireSmokeVideoNEW35_f176_jpg.rf.d32791cdd927eee65063b56c6f5aff30.jpg,1,1,0.6404,0.0,0.0,0.0,3.594,0.682,9.494,0.25,14.342
FireSmokeVideoNEW35_f180_jpg.rf.a9be809218a94fed76e493a34764822c.jpg,1,0,0.9969,0.0,0.0,0.0,5.251,1.508,9.813,0.369,17.272
FireSmokeVideoNEW35_f203_jpg.rf.742030bca636ed9683686440d8fadd69.jpg,1,0,0.9835,0.0,0.0,0.0,5.21,0.76,9.981,0.329,16.61
FireSmokeVideoNEW35_f205_jpg.rf.b92e0f9847c66aa6d86bbf0c5a29f079.jpg,1,0,0.9977,0.0,0.0,0.0,6.81,2.585,15.567,0.279,25.586
FireSmokeVideoNEW35_f21_jpg.rf.9fdac7de0ff6d8162b6604963b09ea74.jpg,1,0,1.0,0.0,0.0,0.0,3.837,0.805,17.41,0.395,22.688
FireSmokeVideoNEW35_f23_jpg.rf.d330dabc9f71e0a77eb73bb7d8dc480c.jpg,1,0,0.9654,0.0,0.0,0.0,3.717,0.627,11.217,0.352,16.159
FireSmokeVideoNEW35_f25_jpg.rf.d376bc16debc42e7282a4d7d99fa2698.jpg,1,0,0.9907,0.0,0.0,0.0,6.015,0.886,10.017,0.351,17.614
FireSmokeVideoNEW35_f27_jpg.rf.af038d7b62253e3b66b764f22d5421b4.jpg,1,0,0.9021,0.0,0.0,0.0,5.63,1.081,14.909,0.388,22.36
FireSmokeVideoNEW35_f32_jpg.rf.95311ade1067fa155762509fe0f2bebe.jpg,1,0,0.9944,0.0,0.0,0.0,5.327,1.132,9.999,0.381,17.179
FireSmokeVideoNEW35_f3_jpg.rf.d2060302e4ed461339a3a92d32dfddf4.jpg,1,0,1.0,0.0,0.0,0.0,5.111,2.861,13.585,0.266,22.07
FireSmokeVideoNEW35_f4_jpg.rf.baf1ef1ca16bdaf535443c5e66bef147.jpg,1,0,1.0,0.0,0.0,0.0,3.67,0.573,9.181,0.388,14.054
FireSmokeVideoNEW35_f62_jpg.rf.844252b9cbe891df62c59d058ed33588.jpg,1,0,0.8928,0.0,0.0,0.0,6.19,0.808,15.105,0.368,22.815
FireSmokeVideoNEW35_f6_jpg.rf.71fd2e537b6edaf6dc30e29fe1e4d4b3.jpg,1,0,1.0,0.0,0.0,0.0,5.373,1.352,9.828,0.382,17.28
FireSmokeVideoNEW35_f77_jpg.rf.8a1940b7b15aea1c42fa0dfee03ec40a.jpg,1,0,0.9965,0.0,0.0,0.0,6.19,0.771,9.848,0.397,17.556
FireSmokeVideoNEW35_f81_jpg.rf.9d5e5f6c22b4e9bc17c660a1ada3ca23.jpg,1,0,0.9995,0.0,0.0,0.0,6.112,0.784,9.826,0.343,17.396
FireSmokeVideoNEW35_f87_jpg.rf.db9588772742238059a982e0c1fa6cae.jpg,1,0,0.9972,0.0,0.0,0.0,6.512,2.851,15.955,1.083,26.778
FireSmokeVideoNEW35_f91_jpg.rf.f6da1955af8a14bd82eff3b2d9bfdc45.jpg,1,0,0.8949,0.0,0.0,0.0,5.274,2.6,13.203,0.258,21.688
FireSmokeVideoNEW38_f10_jpg.rf.22df74a0785588255ea78153e2f436b4.jpg,1,0,0.9986,0.0,0.0,0.0,6.258,0.813,9.971,0.469,17.881
FireSmokeVideoNEW38_f15_jpg.rf.cb75043ebfbfb8e6ec8c04f58959d20f.jpg,1,1,0.6107,0.0,0.0,0.0,6.301,0.83,9.94,0.398,17.828
FireSmokeVideoNEW38_f17_jpg.rf.1646d3035bbf07bf0881df1f4abc2083.jpg,1,1,0.8917,0.0,0.0,0.0,6.197,0.817,14.83,0.359,22.558
FireSmokeVideoNEW38_f40_jpg.rf.4c5b5f13191256490df75de68043deaa.jpg,1,0,0.9988,0.0,0.0,0.0,6.362,2.429,10.097,0.393,19.654
FireSmokeVideoNEW38_f43_jpg.rf.594a8c02951151bb6211e90cf62c11a4.jpg,1,0,0.9034,0.0,0.0,0.0,6.414,1.156,8.489,0.355,16.662
FireSmokeVideoNEW38_f45_jpg.rf.078930b7aca6aff0ed4b6679f6b8451f.jpg,1,0,0.9884,0.0,0.0,0.0,6.697,0.76,14.074,0.273,22.118
FireSmokeVideoNEW38_f54_jpg.rf.972eae67925b5ecee5fbfb28c442d8d3.jpg,1,1,0.8547,0.0,0.0,0.0,3.821,0.596,9.249,0.356,14.291
FireSmokeVideoNEW38_f7_jpg.rf.c659a9acd380439d08ae6940744107ff.jpg,1,0,0.9996,0.0,0.0,0.0,3.364,0.626,9.686,0.39,14.327
FireSmokeVideoNEW3_f15_jpg.rf.1081b06a3c2748d83ac64669856e79b2.jpg,1,0,0.9969,0.0,0.0,0.0,6.113,0.759,9.788,0.351,17.339
FireSmokeVideoNEW3_f21_jpg.rf.f724885ceca326978ace0ffda40d9502.jpg,1,0,0.9981,0.0,0.0,0.0,6.084,0.757,15.296,0.457,22.959
FireSmokeVideoNEW3_f2_jpg.rf.e60be14df4808f7294fd069c36790326.jpg,1,0,0.9994,0.0,0.0,0.0,7.0,2.205,8.519,0.295,18.345
FireSmokeVideoNEW3_f3_jpg.rf.01b4621d8e3194f1d3fbbaeb1cc64806.jpg,1,0,0.9945,0.0,0.0,0.0,3.486,1.753,8.443,0.276,14.213
FireSmokeVideoNEW40_f16_jpg.rf.102bef74efdc92efde85b02586cab97f.jpg,1,0,0.9948,0.0,0.0,0.0,4.659,0.914,8.322,0.279,14.442
FireSmokeVideoNEW40_f18_jpg.rf.19806f837916e1673c74c9bbcd924cd7.jpg,1,0,0.9976,0.0,0.0,0.0,5.92,0.702,9.026,0.236,16.187
FireSmokeVideoNEW40_f1_jpg.rf.f77eee4e7a13d1f27e173db990f994ce.jpg,1,0,0.5231,0.0,0.0,0.0,6.388,2.26,9.406,0.253,18.627
FireSmokeVideoNEW40_f21_jpg.rf.6f5b514f8bfc06ba7d6cd4bb70180881.jpg,1,0,0.6825,0.0,0.0,0.0,5.221,1.643,20.137,0.416,27.671
FireSmokeVideoNEW40_f23_jpg.rf.8f33e997b3b48e9f166e42b8aef89256.jpg,1,0,0.9935,0.0,0.0,0.0,6.639,0.846,10.251,0.393,18.486
FireSmokeVideoNEW40_f2_jpg.rf.7b59cc53447b7dfd356e30de13e4413a.jpg,1,0,0.9716,0.0,0.0,0.0,5.87,1.019,9.962,0.392,17.603
FireSmokeVideoNEW40_f37_jpg.rf.d988e41b08831d2451907fa03ce84a58.jpg,1,0,0.9961,0.0,0.0,0.0,5.414,1.028,9.74,0.356,16.878
FireSmokeVideoNEW40_f4_jpg.rf.fe367aa5fbdc677e7650ba3741527964.jpg,1,0,0.9915,0.0,0.0,0.0,6.775,2.528,19.861,0.451,30.015
FireSmokeVideoNEW40_f6_jpg.rf.474d4d3f3a86310484fe42ba756e67f8.jpg,1,0,0.9986,0.0,0.0,0.0,7.739,2.171,10.562,0.392,21.28
FireSmokeVideoNEW40_f8_jpg.rf.f81401ca14dbf9768eef7ef78497b6a5.jpg,1,0,0.8679,0.0,0.0,0.0,3.225,0.587,11.513,0.38,15.95
FireSmokeVideoNEW42_f27_jpg.rf.99252134062c904aa86fb6321910e066.jpg,1,1,0.9995,0.0,0.0,0.0,6.146,0.985,19.277,0.302,27.07
FireSmokeVideoNEW42_f29_jpg.rf.b1fd27c83a9ab38250c7d1aecc5ed389.jpg,1,1,0.9999,0.0,0.0,0.0,4.24,0.664,9.385,0.373,14.944
FireSmokeVideoNEW42_f31_jpg.rf.eec1b63f9169e7e850712e19316f4dba.jpg,1,0,0.7898,0.0,0.0,0.0,8.33,2.589,13.818,0.292,25.715
FireSmokeVideoNEW43_f0_jpg.rf.c803d42e9dfcc0f184208a6cfc607558.jpg,1,1,0.9993,0.0,0.0,0.0,3.851,1.404,15.0,0.392,21.0
FireSmokeVideoNEW43_f119_jpg.rf.2fc8b2a7ad67c33e71458f4836ca2d95.jpg,1,1,0.8563,0.0,0.0,0.0,4.635,0.745,9.101,0.36,15.095
FireSmokeVideoNEW43_f135_jpg.rf.63707d9b182d93572f75219705eccf0c.jpg,1,1,0.9952,0.0,0.0,0.0,5.966,0.777,9.991,0.387,17.468
FireSmokeVideoNEW43_f151_jpg.rf.24f576fa225a18abda7a2fd239f10b85.jpg,1,1,0.9996,0.0,0.0,0.0,5.836,0.773,15.243,0.383,22.576
FireSmokeVideoNEW43_f1_jpg.rf.2310e3c5fe9e5383612f329bff47eaa8.jpg,1,1,0.9998,0.0,0.0,0.0,5.309,1.294,9.87,0.354,17.169
FireSmokeVideoNEW43_f46_jpg.rf.d63e0607fd5c8d3d4dbbcd7636402655.jpg,1,1,0.984,0.0,0.0,0.0,6.187,3.931,15.409,0.248,26.296
FireSmokeVideoNEW43_f58_jpg.rf.b3d534991846f7f0c3be9c8fbd069b26.jpg,1,1,0.9964,0.0,0.0,0.0,5.38,2.883,12.873,0.431,21.907
FireSmokeVideoNEW43_f62_jpg.rf.82ed45487cee94fee922be6cd05861a5.jpg,1,1,0.9998,0.0,0.0,0.0,6.75,0.876,9.707,0.23,17.895
FireSmokeVideoNEW43_f6_jpg.rf.28701c4a24bdca1bdda4665b2073487c.jpg,1,1,0.9903,0.0,0.0,0.0,4.443,0.575,9.347,0.364,14.971
FireSmokeVideoNEW43_f7_jpg.rf.4b141a903f849b42edc219e447f6ea6f.jpg,1,1,0.9989,0.0,0.0,0.0,3.013,0.738,8.964,0.364,13.327
FireSmokeVideoNEW43_f93_jpg.rf.4bb70f866badfb4bf186f497a8e15dde.jpg,1,1,0.9985,0.0,0.0,0.0,3.061,0.728,10.514,0.381,15.008
FireSmokeVideoNEW44_f10_jpg.rf.1a099b11831ea324b86b7db6aad4e190.jpg,1,1,0.9998,0.0,0.0,0.0,4.291,2.209,16.013,0.398,23.444
FireSmokeVideoNEW44_f12_jpg.rf.287d396056e5d666fc90652fd12aa11b.jpg,1,1,1.0,0.0,0.0,0.0,5.287,2.772,8.435,0.246,16.998
FireSmokeVideoNEW44_f1_jpg.rf.8fd84f8ede5e0d1b75fb66a03c104345.jpg,1,1,0.9998,0.0,0.0,0.0,4.044,0.588,10.378,0.294,15.569
FireSmokeVideoNEW44_f29_jpg.rf.90948668219ca6b432c4311b3d1fe87d.jpg,1,1,0.9998,0.0,0.0,0.0,3.247,0.916,12.29,0.458,17.171
FireSmokeVideoNEW44_f3_jpg.rf.09b7b07d778ccfbf1aa1d5fd7ab2a489.jpg,1,1,0.9998,0.0,0.0,0.0,6.262,0.814,10.307,0.396,18.126
FireSmokeVideoNEW44_f4_jpg.rf.50365b4aea4174a756f3a56fcd6fef37.jpg,1,1,0.9998,0.0,0.0,0.0,7.618,3.377,9.908,0.399,21.697
FireSmokeVideoNEW44_f6_jpg.rf.2d73e91d9b13ec8a2435bae47319d708.jpg,1,1,1.0,0.0,0.0,0.0,7.203,2.503,18.699,0.35,29.187
FireSmokeVideoNEW44_f8_jpg.rf.95a1c81618934dd120a2b651a50fac00.jpg,1,1,1.0,0.0,0.0,0.0,3.916,0.589,11.115,0.326,16.217
FireSmokeVideoNEW47_f40_jpg.rf.5f060801803bc643ec5f695fee43e04f.jpg,1,0,0.5701,0.0,0.0,0.0,5.822,0.812,9.737,0.355,17.153
FireSmokeVideoNEW47_f43_jpg.rf.cf493df141371b9522d667079baaa29b.jpg,1,1,0.6197,0.0,0.0,0.0,5.4,0.755,15.215,0.392,22.106
FireSmokeVideoNEW49_f11_jpg.rf.5ef9296295f4d96310d8ad6cd7ce240d.jpg,1,1,0.7114,0.0,0.0,0.0,5.886,0.826,9.897,0.35,17.325
FireSmokeVideoNEW49_f15_jpg.rf.315f582ceebe30dd42fc7f8cff62b979.jpg,1,1,0.9988,0.0,0.0,0.0,5.152,1.019,9.726,0.344,16.582
FireSmokeVideoNEW49_f18_jpg.rf.08625a6c3f2100b04902eabe25650d45.jpg,1,1,0.8898,0.0,0.0,0.0,8.081,2.08,17.128,0.267,27.925
FireSmokeVideoNEW49_f2_jpg.rf.72cea76bc326a10997d80a46a3ce5040.jpg,1,0,1.0,0.0,0.0,0.0,3.867,0.545,9.079,0.239,13.96
FireSmokeVideoNEW49_f31_jpg.rf.b59bbd3f29e6d6b839434a3a209d61a8.jpg,1,0,0.9999,0.0,0.0,0.0,5.71,0.858,9.764,0.345,17.009
FireSmokeVideoNEW49_f3_jpg.rf.185decf90ce201424a98f907394f8c41.jpg,1,0,1.0,0.0,0.0,0.0,6.55,0.847,9.761,0.359,17.846
FireSmokeVideoNEW49_f58_jpg.rf.4e365c8a4b1900a66a4213a5eaf063e3.jpg,1,1,0.9995,0.0,0.0,0.0,5.737,0.817,13.016,0.406,20.313
FireSmokeVideoNEW49_f6_jpg.rf.11a50cad8492926d357ba9778e6ed649.jpg,1,0,1.0,0.0,0.0,0.0,5.418,0.893,9.993,0.372,17.029
FireSmokeVideoNEW49_f8_jpg.rf.2761b9d61846feba13cac2d062a252f4.jpg,1,0,0.8306,0.0,0.0,0.0,8.018,2.43,14.259,0.36,25.427
FireSmokeVideoNEW4_f100_jpg.rf.7ad1d0ad84e3ca0e958dd7071581656a.jpg,1,0,0.9985,0.0,0.0,0.0,4.354,1.092,9.279,0.232,15.28
FireSmokeVideoNEW4_f12_jpg.rf.d12325c895ff0c668c6a9eedfd00ba52.jpg,1,1,0.8391,0.0,0.0,0.0,5.599,0.743,9.898,0.413,16.974
FireSmokeVideoNEW4_f13_jpg.rf.01a9bf3d024f7529b6e8c2a06a817604.jpg,1,0,0.8629,0.0,0.0,0.0,4.903,0.709,9.829,0.356,16.117
FireSmokeVideoNEW4_f15_jpg.rf.3fb8f4b1612aca11f76ffddb8151aa4b.jpg,1,1,0.9301,0.0,0.0,0.0,5.668,0.709,8.9,0.241,15.895
FireSmokeVideoNEW4_f165_jpg.rf.4ee0f69baae7ce220e922f215fb6edac.jpg,1,1,0.7627,0.0,0.0,0.0,5.685,0.854,9.858,0.368,17.097
FireSmokeVideoNEW4_f221_jpg.rf.88b5d675e9d564b0b24ab37bd0fcf432.jpg,1,0,0.5406,0.0,0.0,0.0,4.323,1.471,11.808,0.484,18.441
FireSmokeVideoNEW4_f223_jpg.rf.12dd131ba3912381ce3626066fe68f66.jpg,1,0,0.9715,0.0,0.0,0.0,4.093,0.543,11.261,0.334,16.467
FireSmokeVideoNEW4_f239_jpg.rf.29ab8fba092fed08b3ebd8790066b5ee.jpg,1,1,0.8914,0.0,0.0,0.0,5.185,1.021,9.743,0.32,16.591
FireSmokeVideoNEW4_f70_jpg.rf.0ec10a95d83c76b8700d0fb944968dee.jpg,1,0,0.9324,0.0,0.0,0.0,5.276,0.733,9.678,0.343,16.345
FireSmokeVideoNEW4_f84_jpg.rf.247fd431e9365939a31d6aef5a7ac968.jpg,1,1,0.9898,0.0,0.0,0.0,3.034,0.578,9.266,0.4,13.513
FireSmokeVideoNEW50_f10_jpg.rf.d3646ae84ac48a36362c6a6dd009147f.jpg,1,1,0.9998,0.0,0.0,0.0,3.472,0.547,9.167,0.378,13.8
FireSmokeVideoNEW50_f2_jpg.rf.bc12bfdd4a1f9c0b86e8552fd512e758.jpg,1,1,0.9994,0.0,0.0,0.0,3.868,0.535,9.063,0.343,14.042
FireSmokeVideoNEW50_f5_jpg.rf.3029f1d118e09c470767a7e262ca607e.jpg,1,1,0.9998,0.0,0.0,0.0,5.597,2.403,12.714,0.307,21.35
FireSmokeVideoNEW50_f63_jpg.rf.d6b79638d748b7db365c164660df69d5.jpg,1,1,0.9847,0.0,0.0,0.0,3.688,0.526,14.124,0.394,18.974
FireSmokeVideoNEW50_f67_jpg.rf.9e7991ed3b82ce54f2a2d9586f9faf4b.jpg,1,1,0.9998,0.0,0.0,0.0,5.791,1.47,9.265,0.237,17.085
FireSmokeVideoNEW50_f7_jpg.rf.19d6efa8c83f194ffb376a4a92f4f6f7.jpg,1,1,0.9978,0.0,0.0,0.0,5.443,0.744,9.719,0.377,16.606
FireSmokeVideoNEW51_f17_jpg.rf.9f7842f199026aea160bdeb040f718d8.jpg,1,1,0.9983,0.0,0.0,0.0,5.779,0.89,9.837,0.347,17.187
FireSmokeVideoNEW51_f20_jpg.rf.7081febf27c70a1048a3dd6929c35be7.jpg,1,1,1.0,0.0,0.0,0.0,5.754,2.09,14.167,0.267,22.614
FireSmokeVideoNEW51_f28_jpg.rf.48cfd45dadc8564becc83f554de68fd7.jpg,1,1,1.0,0.0,0.0,0.0,7.255,2.111,11.997,0.286,21.983
FireSmokeVideoNEW51_f31_jpg.rf.b1fce11800be6ffe6220fbc9ebfd115a.jpg,1,1,1.0,0.0,0.0,0.0,4.956,2.078,8.557,0.271,16.12
FireSmokeVideoNEW51_f38_jpg.rf.a0c590f3d00cd2d603a5da732c52f004.jpg,1,1,1.0,0.0,0.0,0.0,3.656,0.607,8.487,0.261,13.256
FireSmokeVideoNEW51_f45_jpg.rf.e8857c8dc3aeb5fa4a28b021cacadfc9.jpg,1,0,0.6353,0.0,0.0,0.0,3.532,0.54,8.755,0.391,13.449
FireSmokeVideoNEW52_f117_jpg.rf.4c2486100b798b321e83516cabc9b952.jpg,1,1,0.9999,0.0,0.0,0.0,3.977,1.156,10.178,0.438,16.107
FireSmokeVideoNEW52_f25_jpg.rf.70fc20b927b70fdef1c6b38b0bd91294.jpg,1,0,0.8495,0.0,0.0,0.0,7.42,1.942,14.954,0.384,25.029
FireSmokeVideoNEW52_f27_jpg.rf.8ca5ff396c7c6b4e7b3c6caa73dd58c5.jpg,1,1,0.9346,0.0,0.0,0.0,5.585,1.665,18.625,0.412,26.614
FireSmokeVideoNEW52_f48_jpg.rf.110f8a1d937dabd86246058d3abe0334.jpg,1,1,0.9987,0.0,0.0,0.0,6.803,1.595,9.871,0.355,18.987
FireSmokeVideoNEW52_f56_jpg.rf.4cfea41c17ca8e75d0a847bc08a45843.jpg,1,1,0.9997,0.0,0.0,0.0,6.066,0.84,9.916,0.462,17.653
FireSmokeVideoNEW52_f73_jpg.rf.42f03c3bd3633b39a37dbfa5012e3be6.jpg,1,1,0.9984,0.0,0.0,0.0,6.126,1.633,18.92,0.26,27.254
FireSmokeVideoNEW52_f86_jpg.rf.059741169bf547d1257c50b3c141b680.jpg,1,1,0.9993,0.0,0.0,0.0,5.317,3.05,16.142,0.308,25.177
FireSmokeVideoNEW55_f115_jpg.rf.d1ae9b75ffb1fc11f07252ac292e6431.jpg,1,1,0.9962,0.0,0.0,0.0,3.866,0.552,9.326,0.357,14.348
FireSmokeVideoNEW55_f152_jpg.rf.b66429422c18048f82abc66f57384df3.jpg,1,1,0.9994,0.0,0.0,0.0,3.443,0.553,8.924,0.249,13.413
FireSmokeVideoNEW55_f154_jpg.rf.74673752682094de5a6b34378ff0e89b.jpg,1,1,0.9996,0.0,0.0,0.0,3.671,2.694,10.496,0.296,17.415
FireSmokeVideoNEW55_f25_jpg.rf.b8f388962343ad7c62262e3120adfef6.jpg,1,1,0.9998,0.0,0.0,0.0,4.273,0.72,9.473,0.364,15.092
FireSmokeVideoNEW55_f33_jpg.rf.6dfe5220f8b8395651f23aab7782d716.jpg,1,1,0.9998,0.0,0.0,0.0,4.683,0.589,9.076,0.386,14.989
FireSmokeVideoNEW55_f35_jpg.rf.b1ba09ffc4711f7e00d1f2f9040ed460.jpg,1,1,0.9976,0.0,0.0,0.0,5.895,0.861,12.311,0.417,19.836
FireSmokeVideoNEW55_f39_jpg.rf.bda21bfaa7b58bf9e44f57e04a068571.jpg,1,1,0.9998,0.0,0.0,0.0,7.57,1.817,19.019,0.398,29.165
FireSmokeVideoNEW55_f50_jpg.rf.7e57e6c280e07b130928e7b766f59d72.jpg,1,1,0.9992,0.0,0.0,0.0,4.09,0.564,8.632,0.258,13.805
FireSmokeVideoNEW55_f64_jpg.rf.8ddb32c3be6ac4b80833b38834ad0018.jpg,1,1,0.9998,0.0,0.0,0.0,3.987,0.585,8.642,0.319,13.795
FireSmokeVideoNEW55_f66_jpg.rf.1d537844825b5588928eb942a09d8b55.jpg,1,1,1.0,0.0,0.0,0.0,3.761,0.857,8.444,0.264,13.599
FireSmokeVideoNEW55_f72_jpg.rf.9f614fd81f654f89a0f07ee8c0bf03c0.jpg,1,1,1.0,0.0,0.0,0.0,3.743,0.626,8.414,0.253,13.289
FireSmokeVideoNEW55_f74_jpg.rf.353677df9beecc811dd207738524b80a.jpg,1,1,0.9997,0.0,0.0,0.0,4.614,0.811,9.871,0.411,16.048
FireSmokeVideoNEW55_f90_jpg.rf.eaac7ac5a298d9e3c459041ceaf40eef.jpg,1,1,0.9997,0.0,0.0,0.0,6.101,0.828,13.113,0.473,20.868
FireSmokeVideoNEW55_f93_jpg.rf.3d60ab78d80b5cba8cadfcfe07d71f34.jpg,1,1,0.9999,0.0,0.0,0.0,7.082,2.398,11.79,0.283,21.896
FireSmokeVideoNEW55_f99_jpg.rf.2e8135bbbea4c4f8608077c3d23b9b79.jpg,1,1,0.9989,0.0,0.0,0.0,4.438,0.903,9.254,0.396,15.244
FireSmokeVideoNEW58_f10_jpg.rf.34642e8d6104c2cf111d96077f69f349.jpg,1,0,1.0,0.0,0.0,0.0,5.965,0.812,10.295,0.404,17.838
FireSmokeVideoNEW58_f23_jpg.rf.7aa1922cfe5c0a987bc27e57c9cdee43.jpg,1,1,0.9029,0.0,0.0,0.0,5.707,3.747,16.813,0.318,26.976
FireSmokeVideoNEW58_f25_jpg.rf.d2ede85b72b2e3e02c208a61074c897d.jpg,1,1,0.7778,0.0,0.0,0.0,7.791,2.559,10.393,0.461,21.626
FireSmokeVideoNEW58_f2_jpg.rf.03e2a75bb1afb651cd8cf3315930f183.jpg,1,1,0.9515,0.0,0.0,0.0,5.522,2.353,11.177,0.377,19.706
FireSmokeVideoNEW58_f7_jpg.rf.ca1e260c76e65133a009208a47475de2.jpg,1,1,0.9257,0.0,0.0,0.0,7.091,0.8,9.964,0.393,18.597
FireSmokeVideoNEW5_f1_jpg.rf.fc8b943c1d95d048b71778ab67928710.jpg,1,1,0.9999,0.0,0.0,0.0,5.527,0.735,15.282,0.414,22.307
FireSmokeVideoNEW5_f24_jpg.rf.27b2c054ee3691848ce763832ed16dc3.jpg,1,1,0.9999,0.0,0.0,0.0,5.625,2.407,10.029,0.388,18.885
FireSmokeVideoNEW5_f2_jpg.rf.2936e138aa616aa14219f359f8debd81.jpg,1,1,0.9997,0.0,0.0,0.0,7.16,2.382,10.5,0.414,20.84
FireSmokeVideoNEW5_f3_jpg.rf.45d4850aa6d9b9bb8f9d3afbc0c6d3a5.jpg,1,1,0.9971,0.0,0.0,0.0,6.24,2.716,15.384,0.439,25.12
FireSmokeVideoNEW5_f5_jpg.rf.60be1f9ed53ebbff57a6e62e52522e8e.jpg,1,1,0.9996,0.0,0.0,0.0,5.579,0.769,9.878,0.383,16.954
FireSmokeVideoNEW5_f8_jpg.rf.e335bc657b7862165884e0f8e6fa86d2.jpg,1,1,0.9999,0.0,0.0,0.0,5.636,1.362,9.791,0.406,17.536
FireSmokeVideoNEW60_f12_jpg.rf.9ee600591abbeb4a4d576b27a8b8534c.jpg,1,1,1.0,0.0,0.0,0.0,5.413,1.052,15.828,0.434,23.088
FireSmokeVideoNEW60_f38_jpg.rf.81f0837c96882d66a37c9c077e080238.jpg,1,1,1.0,0.0,0.0,0.0,7.21,2.702,9.305,0.387,19.861
FireSmokeVideoNEW60_f46_jpg.rf.961c2dcbda93abfb50002758e070b5bf.jpg,1,1,1.0,0.0,0.0,0.0,5.942,2.463,12.488,0.445,21.75
FireSmokeVideoNEW60_f48_jpg.rf.388f14f791f28de8e5b12b7f2c854282.jpg,1,1,1.0,0.0,0.0,0.0,6.827,2.731,14.588,0.374,24.843
FireSmokeVideoNEW60_f51_jpg.rf.2468377187eec51e2eecea3d65330d9f.jpg,1,1,1.0,0.0,0.0,0.0,6.151,0.723,8.914,0.26,16.369
FireSmokeVideoNEW60_f53_jpg.rf.e5daa42d0db75cd635b04588a59731ae.jpg,1,1,1.0,0.0,0.0,0.0,5.36,2.653,9.882,0.341,18.587
FireSmokeVideoNEW60_f55_jpg.rf.e7c05e6be084452e955cb31822b2da71.jpg,1,1,1.0,0.0,0.0,0.0,6.053,0.811,14.711,0.35,22.269
FireSmokeVideoNEW60_f58_jpg.rf.6d1442fd8ba37afa5c47043a5cc629e0.jpg,1,1,1.0,0.0,0.0,0.0,5.43,2.519,10.084,0.382,18.772
FireSmokeVideoNEW60_f5_jpg.rf.aa5a968f6e31f82dcc3487faa9615c6d.jpg,1,1,0.9831,0.0,0.0,0.0,7.486,2.914,8.804,0.357,19.903
FireSmokeVideoNEW60_f64_jpg.rf.b96c38426b1e25a56f10f7817118c56a.jpg,1,1,0.9999,0.0,0.0,0.0,4.296,0.577,9.283,0.372,14.773
FireSmokeVideoNEW60_f69_jpg.rf.532d6f1cf55d06ded7d5e4243b6535b5.jpg,1,1,1.0,0.0,0.0,0.0,3.807,0.559,9.357,0.325,14.296
FireSmokeVideoNEW60_f70_jpg.rf.865c91bc35778ec0bbe24559b9f2c81d.jpg,1,1,1.0,0.0,0.0,0.0,6.091,0.792,9.834,0.343,17.402
FireSmokeVideoNEW60_f75_jpg.rf.b914a4abfea9b61f512996d147ec0ca3.jpg,1,1,0.9999,0.0,0.0,0.0,6.212,0.75,9.816,0.336,17.443
FireSmokeVideoNEW60_f9_jpg.rf.9c8beb518c921372991999ac1c49e40c.jpg,1,1,1.0,0.0,0.0,0.0,5.538,0.767,12.916,0.395,20.038
FireSmokeVideoNEW65_f117_jpg.rf.1bbdd4f95a006a3b6b1f27ef5f536866.jpg,1,0,0.9997,0.0,0.0,0.0,6.546,1.892,18.987,0.474,28.258
FireSmokeVideoNEW65_f11_jpg.rf.50cd474bf007c757d8bc138479805020.jpg,1,0,0.9941,0.0,0.0,0.0,4.146,1.268,9.824,0.38,15.965
FireSmokeVideoNEW65_f12_jpg.rf.aa5bbc87c3e07da06a59f895f606509f.jpg,1,0,0.9959,0.0,0.0,0.0,6.15,0.855,12.885,0.421,20.665
FireSmokeVideoNEW65_f14_jpg.rf.87c95776046ba5dabfc6ff1a147df6bd.jpg,1,0,0.9533,0.0,0.0,0.0,3.515,1.145,9.429,0.243,14.693
FireSmokeVideoNEW65_f1_jpg.rf.c3cc440dc95f4454fc091247861e6caa.jpg,1,0,0.9803,0.0,0.0,0.0,5.984,0.952,9.737,0.328,17.338
FireSmokeVideoNEW65_f40_jpg.rf.25e48681a4a80d3e5a7c2d5ef33493ab.jpg,1,0,0.9785,0.0,0.0,0.0,5.836,0.741,10.212,0.375,17.494
FireSmokeVideoNEW65_f46_jpg.rf.4217997f473ffe7da24315de5aaece67.jpg,1,0,0.9599,0.0,0.0,0.0,7.378,2.602,15.872,0.432,26.66
FireSmokeVideoNEW65_f50_jpg.rf.d61341ea9e88e5ed5acc90a3297a851a.jpg,1,0,0.9881,0.0,0.0,0.0,8.803,2.671,10.9,0.375,23.0
FireSmokeVideoNEW65_f5_jpg.rf.3441cd75841d6f97430310c78b39d6fa.jpg,1,0,0.8844,0.0,0.0,0.0,5.87,0.821,9.884,0.375,17.289
FireSmokeVideoNEW65_f73_jpg.rf.4766aec0b5f45ce3be112ecf3dd68757.jpg,1,0,1.0,0.0,0.0,0.0,5.33,0.801,10.109,0.408,17.002
FireSmokeVideoNEW65_f79_jpg.rf.713d994f59767ed9bf9a3cd2b5854501.jpg,1,0,1.0,0.0,0.0,0.0,3.196,0.606,10.672,0.408,15.233
FireSmokeVideoNEW65_f88_jpg.rf.95d2b25d237ff418711f21e2e2614bf8.jpg,1,0,1.0,0.0,0.0,0.0,5.595,1.431,9.876,0.35,17.582
FireSmokeVideoNEW66_f14_jpg.rf.482cb0050ef9c8c8a0a968b3943b7694.jpg,1,1,1.0,0.0,0.0,0.0,8.088,2.817,16.505,0.406,28.209
FireSmokeVideoNEW66_f5_jpg.rf.7cb799fabf2d42e0a4f065497d86d27d.jpg,1,1,1.0,0.0,0.0,0.0,5.883,0.761,12.975,0.403,20.363
FireSmokeVideoNEW68_f0_jpg.rf.c6033aa3afcd43addcf5723dc3d55109.jpg,1,0,0.8572,0.0,0.0,0.0,3.513,2.706,9.921,0.352,16.82
FireSmokeVideoNEW68_f18_jpg.rf.9d0cd9f0cd43165e76a7e897d52688bc.jpg,1,0,0.9998,0.0,0.0,0.0,5.727,0.778,9.79,0.339,16.972
FireSmokeVideoNEW68_f23_jpg.rf.423c2e6022e5b48f02d1d5bd1b4ce56d.jpg,1,0,0.9981,0.0,0.0,0.0,5.932,0.844,9.815,0.353,17.275
FireSmokeVideoNEW68_f2_jpg.rf.b0f36b8ac9a557cbc6240b67da533458.jpg,1,0,0.9853,0.0,0.0,0.0,5.802,0.79,13.113,0.435,20.495
FireSmokeVideoNEW68_f36_jpg.rf.9ed01aedaae56ff44ba333675646ba74.jpg,1,1,0.9997,0.0,0.0,0.0,6.042,2.57,15.627,0.316,24.996
FireSmokeVideoNEW68_f3_jpg.rf.2bb13b31cfa6035877e0e84c4f1b37d0.jpg,1,0,0.9966,0.0,0.0,0.0,4.103,0.588,11.268,0.35,16.57
FireSmokeVideoNEW68_f7_jpg.rf.20a675000fe1db7e2751fdfe45ce1a71.jpg,1,1,0.9997,0.0,0.0,0.0,5.283,0.809,10.039,0.434,16.905
FireSmokeVideoNEW68_f9_jpg.rf.cadca7ef759f84b188f1561c1cd133ef.jpg,1,1,0.9953,0.0,0.0,0.0,3.176,0.547,9.325,0.336,13.627
FireSmokeVideoNEW69_f14_jpg.rf.8564b48b288a119d4cd9a5e80bf10c47.jpg,1,1,0.999,0.0,0.0,0.0,5.418,0.737,9.637,0.331,16.447
FireSmokeVideoNEW69_f1_jpg.rf.9e44b871ec373d8efeac083f49c5f705.jpg,1,1,0.9999,0.0,0.0,0.0,5.125,1.744,9.775,0.334,17.33
FireSmokeVideoNEW69_f22_jpg.rf.862ea9c76eec91567d9221b2a755959d.jpg,1,1,0.9999,0.0,0.0,0.0,6.121,0.812,12.916,0.391,20.578
FireSmokeVideoNEW69_f24_jpg.rf.e26bbf96d54ff4c6de836ba7e204c604.jpg,1,1,0.999,0.0,0.0,0.0,7.37,1.778,16.529,0.445,26.485
FireSmokeVideoNEW69_f28_jpg.rf.5954fde5f89bf91ae38eb2261df37169.jpg,1,1,1.0,0.0,0.0,0.0,5.291,0.704,8.883,0.238,15.428
FireSmokeVideoNEW69_f33_jpg.rf.110cfd07f30bb04df887e4535ddd2a45.jpg,1,1,0.9994,0.0,0.0,0.0,5.324,0.828,9.955,0.383,16.829
FireSmokeVideoNEW69_f4_jpg.rf.cef4a8aaba081738c8f28ec5cb491daf.jpg,1,1,1.0,0.0,0.0,0.0,5.353,0.76,14.998,0.393,21.851
FireSmokeVideoNEW69_f8_jpg.rf.753be5b79184e5298e5828093e65739e.jpg,1,1,1.0,0.0,0.0,0.0,5.941,2.119,9.893,0.368,18.718
FireSmokeVideoNEW6_f26_jpg.rf.5fc336666efe2dea8e0559f2c13862d5.jpg,1,0,1.0,0.0,0.0,0.0,5.932,1.039,9.756,0.36,17.417
FireSmokeVideoNEW71_f1_jpg.rf.595d2b88d2c2f78a56d269ef66bb4297.jpg,1,0,0.984,0.0,0.0,0.0,7.451,1.941,8.423,0.245,18.36
FireSmokeVideoNEW71_f2_jpg.rf.2db0e0efbeb737f7bf96e673cf0dede3.jpg,1,0,0.9224,0.0,0.0,0.0,3.955,0.556,9.37,0.359,14.535
FireSmokeVideoNEW71_f4_jpg.rf.d22912ef5fd0628194172fd48f29fe54.jpg,1,0,0.8882,0.0,0.0,0.0,5.279,0.819,9.978,0.35,17.362
FireSmokeVideoNEW71_f6_jpg.rf.a50cdf04986e472627204f7ec4b5f5a6.jpg,1,1,0.9999,0.0,0.0,0.0,5.102,0.749,14.68,0.367,21.223
FireSmokeVideoNEW72_f11_jpg.rf.ad5313a830b6d7fee0b6c8f0c56061c3.jpg,1,1,0.9941,0.0,0.0,0.0,8.164,2.616,9.302,0.31,20.852
FireSmokeVideoNEW72_f13_jpg.rf.d058cce69315377b7eadf9b7398179cb.jpg,1,1,0.6365,0.0,0.0,0.0,6.485,2.952,9.779,0.413,19.999
FireSmokeVideoNEW72_f17_jpg.rf.d570def4b06c76e6cd8e89118bff7fc1.jpg,1,0,0.9922,0.0,0.0,0.0,5.887,0.785,9.755,0.354,17.118
FireSmokeVideoNEW72_f22_jpg.rf.9619fa123844ddde152c20ddf323bb0d.jpg,1,0,0.7746,0.0,0.0,0.0,7.491,1.561,18.096,0.324,27.789
FireSmokeVideoNEW72_f33_jpg.rf.498d88ae9e2e3fb1e7ec250d119eab2f.jpg,1,1,0.6731,0.0,0.0,0.0,7.555,2.117,9.81,0.37,20.193
FireSmokeVideoNEW72_f43_jpg.rf.c3616a9cece886241f5d31d681cf3b82.jpg,1,0,0.9809,0.0,0.0,0.0,8.031,2.178,9.886,0.379,20.827
FireSmokeVideoNEW72_f49_jpg.rf.fea0e91163420323b138beb4c050855b.jpg,1,0,0.9853,0.0,0.0,0.0,8.257,2.593,12.694,0.337,24.241
FireSmokeVideoNEW72_f62_jpg.rf.6edd68c72b3f5912c3f1bf1213e016e0.jpg,1,1,0.9947,0.0,0.0,0.0,7.696,3.161,14.172,0.302,25.674
FireSmokeVideoNEW72_f65_jpg.rf.ff3c8aafe556db2e560fe50f230391b3.jpg,1,0,0.9505,0.0,0.0,0.0,6.037,1.904,9.36,0.388,17.95
FireSmokeVideoNEW72_f75_jpg.rf.62c9abfdcae23779e7dc701529aaf536.jpg,1,0,0.7241,0.0,0.0,0.0,8.504,2.395,10.139,0.412,21.822
FireSmokeVideoNEW72_f7_jpg.rf.7c62522f90506aa1728fe65b914acf7c.jpg,1,1,0.8994,0.0,0.0,0.0,7.337,2.656,15.091,0.294,25.737
FireSmokeVideoNEW74_f21_jpg.rf.c0f9fb0f3f221779c24897948f4ec8d7.jpg,1,0,0.9997,0.0,0.0,0.0,5.783,3.422,18.42,0.305,28.3
FireSmokeVideoNEW74_f24_jpg.rf.66168d8081eda452714a8c8f07bbdcd8.jpg,1,0,1.0,0.0,0.0,0.0,5.299,0.643,9.384,0.418,16.027
FireSmokeVideoNEW74_f26_jpg.rf.345c458b97028004ad0acae920cae7b6.jpg,1,0,0.9993,0.0,0.0,0.0,6.232,0.83,15.13,0.399,22.982
FireSmokeVideoNEW74_f30_jpg.rf.59c54e77e2c7cc4c68af58a2a5390808.jpg,1,0,0.9674,0.0,0.0,0.0,6.192,1.256,9.976,0.356,18.153
FireSmokeVideoNEW74_f32_jpg.rf.4ac20702db05eeec56186d73cbca8766.jpg,1,1,0.9671,0.0,0.0,0.0,5.523,2.145,16.589,0.416,25.034
FireSmokeVideoNEW74_f34_jpg.rf.d9724abb9bfaa342616f6c01948fea7f.jpg,1,1,0.8983,0.0,0.0,0.0,5.615,1.196,9.961,0.51,17.631
FireSmokeVideoNEW74_f36_jpg.rf.fcbb11b2075d8d9f4dbf6e326a0320dc.jpg,1,1,0.9949,0.0,0.0,0.0,6.339,2.928,15.647,0.481,26.124
FireSmokeVideoNEW74_f38_jpg.rf.18ff7f74a408a680122d645d40591e9a.jpg,1,1,0.9945,0.0,0.0,0.0,5.721,0.526,8.907,0.381,15.803
FireSmokeVideoNEW74_f41_jpg.rf.a6c359519d19b8ed61be5ff17839f197.jpg,1,1,0.997,0.0,0.0,0.0,5.547,0.756,12.793,0.41,19.909
FireSmokeVideoNEW74_f43_jpg.rf.d00bcca3fb8e0a6d10644bc0b3bd41eb.jpg,1,1,0.9968,0.0,0.0,0.0,3.755,0.564,9.141,0.349,14.045
FireSmokeVideoNEW74_f47_jpg.rf.015888a3b5629ef1c46d1f31c1046ab6.jpg,1,0,0.9069,0.0,0.0,0.0,5.554,1.482,9.757,0.393,17.525
FireSmokeVideoNEW74_f4_jpg.rf.bcdd36ff2e50cd106574eb5718448952.jpg,1,1,0.9998,0.0,0.0,0.0,5.688,2.622,9.635,0.343,18.644
FireSmokeVideoNEW74_f53_jpg.rf.5efb2429584d39e2b2a1a49a423fae0c.jpg,1,0,0.9717,0.0,0.0,0.0,6.032,2.612,15.377,0.502,24.895
FireSmokeVideoNEW74_f58_jpg.rf.c150e91787c7f8a20f332da7927e8783.jpg,1,0,0.6994,0.0,0.0,0.0,5.985,2.814,10.875,0.346,20.268
FireSmokeVideoNEW74_f60_jpg.rf.1cdc02e995445f11a06bb524a8b70053.jpg,1,0,0.6115,0.0,0.0,0.0,3.857,0.561,8.534,0.281,13.488
FireSmokeVideoNEW74_f69_jpg.rf.f6ff5cbdf69fb044623d261520936a7d.jpg,1,1,0.9881,0.0,0.0,0.0,3.923,0.611,8.515,0.269,13.572
FireSmokeVideoNEW74_f73_jpg.rf.01c8014550eabc4548809852b07c6a92.jpg,1,1,0.9766,0.0,0.0,0.0,3.508,0.573,10.412,0.27,15.026
FireSmokeVideoNEW74_f75_jpg.rf.b29efe2ebb2ba867d688a0fb1ee8e0ee.jpg,1,1,0.9258,0.0,0.0,0.0,6.254,0.925,10.274,0.434,18.259
FireSmokeVideoNEW76_f13_jpg.rf.48c07cdb4a4555c8fac7eb90799fd407.jpg,1,0,0.9999,0.0,0.0,0.0,6.93,2.408,10.881,0.243,21.472
FireSmokeVideoNEW76_f15_jpg.rf.0ed5839aa46894923b87d6cecba5efbe.jpg,1,0,0.9999,0.0,0.0,0.0,7.006,2.642,19.22,0.307,29.517
FireSmokeVideoNEW76_f17_jpg.rf.89a5b32599f08ff6d6b144b7e61b9712.jpg,1,0,0.9998,0.0,0.0,0.0,4.478,0.603,9.531,0.438,15.323
FireSmokeVideoNEW76_f19_jpg.rf.78a45915d1eb907788ababec5310ba76.jpg,1,0,0.9996,0.0,0.0,0.0,5.615,1.44,10.052,0.392,17.852
FireSmokeVideoNEW76_f21_jpg.rf.7ff137c89ba1e12c0f41300d976a8900.jpg,1,0,0.9999,0.0,0.0,0.0,7.346,3.096,21.148,0.34,32.278
FireSmokeVideoNEW78_f129_jpg.rf.2d444dd2cf9fec590e4affcc70ee39eb.jpg,1,0,1.0,0.0,0.0,0.0,3.986,0.602,11.48,0.358,16.702
FireSmokeVideoNEW79_f11_jpg.rf.25292878eba539325fd867ff672153d7.jpg,1,0,1.0,0.0,0.0,0.0,3.501,2.702,8.452,0.297,15.218
FireSmokeVideoNEW79_f13_jpg.rf.f7e5cad16c5c444d4797fdebaedd9a6a.jpg,1,1,0.7204,0.0,0.0,0.0,3.991,0.592,11.583,0.279,16.714
FireSmokeVideoNEW7_f106_jpg.rf.ba3ec205bb89efbbfc64fb46305a6ac0.jpg,1,0,0.7328,0.0,0.0,0.0,3.025,0.582,9.399,0.271,13.581
FireSmokeVideoNEW7_f114_jpg.rf.19f7a9cac937c20922db17e7843964c3.jpg,1,0,0.5187,0.0,0.0,0.0,5.827,0.821,9.834,0.352,17.177
FireSmokeVideoNEW7_f40_jpg.rf.8c23940fa961ed65bde2075a96cf7d5a.jpg,1,0,0.9992,0.0,0.0,0.0,7.548,1.756,10.892,0.491,21.046
FireSmokeVideoNEW7_f42_jpg.rf.fc01ed3256e4de328cbb887686c3e2b6.jpg,1,0,0.9985,0.0,0.0,0.0,6.022,0.798,15.082,0.281,22.531
FireSmokeVideoNEW7_f56_jpg.rf.72eb0b9c179be3b73389cb4ecb2e66f5.jpg,1,0,0.9993,0.0,0.0,0.0,6.444,1.487,9.105,0.239,17.598
FireSmokeVideoNEW7_f69_jpg.rf.1cb69b7fbaee6b6551e64b94bcd6d8a5.jpg,1,0,0.9926,0.0,0.0,0.0,5.601,0.694,9.77,0.38,16.776
FireSmokeVideoNEW7_f7_jpg.rf.557a52cc5382677ca0d46f89efc7ed2b.jpg,1,0,0.9342,0.0,0.0,0.0,5.498,0.778,15.234,0.393,22.227
FireSmokeVideoNEW7_f8_jpg.rf.5d0ea556bf5d8f7cd1d58eaa3d1842f2.jpg,1,0,0.9585,0.0,0.0,0.0,5.801,0.755,10.023,0.337,17.273
FireSmokeVideoNEW80_f11_jpg.rf.05759433efcacb33d8a26468f7585b99.jpg,1,0,0.5228,0.0,0.0,0.0,5.69,2.033,14.071,0.303,22.446
FireSmokeVideoNEW80_f13_jpg.rf.9c6a7629abe648bbcf71629b0d7e505e.jpg,1,1,0.8044,0.0,0.0,0.0,3.416,0.536,10.29,0.379,14.863
FireSmokeVideoNEW80_f32_jpg.rf.3b5c0b1ebab68acae862f33e0374b3ec.jpg,1,0,1.0,0.0,0.0,0.0,3.186,0.559,11.362,0.363,15.721
FireSmokeVideoNEW80_f34_jpg.rf.f1c207f818f1cd217bea5c96f9e9d4ab.jpg,1,0,1.0,0.0,0.0,0.0,5.837,0.752,10.245,0.381,17.546
FireSmokeVideoNEW80_f41_jpg.rf.bab3cbb40abe405482495f7a75346e8f.jpg,1,1,0.999,0.0,0.0,0.0,3.445,0.543,9.095,0.37,13.692
FireSmokeVideoNEW80_f8_jpg.rf.035ed7478daa45c1e06ab3523c909e64.jpg,1,0,0.61,0.0,0.0,0.0,3.217,0.541,9.731,0.392,14.122
FireSmokeVideoNEW81_f18_jpg.rf.8a4deba38a80b2d33016f55eaa30e25b.jpg,1,0,0.9235,0.0,0.0,0.0,3.175,0.521,12.229,0.391,16.627
FireSmokeVideoNEW81_f34_jpg.rf.6faebf94308b689b3be118624121310c.jpg,1,0,0.9998,0.0,0.0,0.0,4.426,2.156,10.187,0.242,17.244
FireSmokeVideoNEW81_f36_jpg.rf.671fb0b8fdcd8370174c641d2b48ecbf.jpg,1,0,0.9994,0.0,0.0,0.0,3.508,0.531,8.363,0.237,12.868
FireSmokeVideoNEW81_f38_jpg.rf.227b1e5aee07bc90863b964edb44d457.jpg,1,0,1.0,0.0,0.0,0.0,2.98,0.522,8.458,0.242,12.433
FireSmokeVideoNEW81_f3_jpg.rf.caf4eabc98635fd866eb054ff6b28c89.jpg,1,1,0.9735,0.0,0.0,0.0,5.145,0.6,10.573,0.382,16.933
FireSmokeVideoNEW81_f44_jpg.rf.3b4966647e8c86694dc973addf81e4b7.jpg,1,0,0.9998,0.0,0.0,0.0,5.731,0.728,9.794,0.341,16.916
FireSmokeVideoNEW81_f4_jpg.rf.1c8e0b53c1a60eeca4a1a87725c6a33b.jpg,1,0,0.9957,0.0,0.0,0.0,5.204,1.252,9.2,0.237,16.205
FireSmokeVideoNEW81_f51_jpg.rf.6eed84c90fc84bc339ab94acb5f368d5.jpg,1,0,0.997,0.0,0.0,0.0,6.227,1.982,14.304,0.289,23.152
FireSmokeVideoNEW81_f5_jpg.rf.8fe51428c042df33ef7056792bac041e.jpg,1,0,0.9997,0.0,0.0,0.0,6.227,2.946,12.542,0.245,22.368
FireSmokeVideoNEW81_f61_jpg.rf.8821e2feee7a313a5a0fa06f95aaf907.jpg,1,0,0.9999,0.0,0.0,0.0,4.299,2.655,9.413,0.382,16.981
FireSmokeVideoNEW81_f67_jpg.rf.ec30df4bbf4ae496ce1894987521006c.jpg,1,0,0.9975,0.0,0.0,0.0,5.98,0.813,9.948,0.382,17.472
FireSmokeVideoNEW81_f74_jpg.rf.81372f8c38cf4dc71f4aaea4c80c4f07.jpg,1,0,0.7822,0.0,0.0,0.0,6.115,0.807,13.021,0.4,20.679
FireSmokeVideoNEW81_f93_jpg.rf.ad4fbc63a6dc74e3290ea7a3ec019188.jpg,1,0,0.9993,0.0,0.0,0.0,6.204,0.755,9.91,0.349,17.549
FireSmokeVideoNEW82_f15_jpg.rf.e7dc2fa4db618aad84776dd955ef51bc.jpg,1,1,0.9976,0.0,0.0,0.0,6.223,2.205,13.932,0.29,23.005
FireSmokeVideoNEW82_f19_jpg.rf.f89ed1457a061c51371208925b37eb5a.jpg,1,0,0.9885,0.0,0.0,0.0,3.809,0.61,9.333,0.387,14.375
FireSmokeVideoNEW82_f34_jpg.rf.4dbf9c32786ae8ef9aef2aefc6c30abf.jpg,1,1,0.9976,0.0,0.0,0.0,5.57,0.968,14.202,0.399,21.386
FireSmokeVideoNEW82_f53_jpg.rf.72fe99e96a5174851f2a3c7bf8f5b035.jpg,1,1,0.9988,0.0,0.0,0.0,6.13,2.653,8.652,0.386,18.134
FireSmokeVideoNEW82_f5_jpg.rf.3c3f9d351bd2f08caf96dd839eb0be35.jpg,1,0,0.6814,0.0,0.0,0.0,6.774,0.816,9.763,0.337,18.026
FireSmokeVideoNEW82_f63_jpg.rf.c2b1dde739bef360dd7ed5bb170a3536.jpg,1,1,0.9998,0.0,0.0,0.0,5.411,1.639,9.786,0.339,17.511
FireSmokeVideoNEW82_f6_jpg.rf.97cddea8b6f913186557f3cb6b06be31.jpg,1,1,0.7837,0.0,0.0,0.0,7.013,1.965,20.633,0.549,30.52
FireSmokeVideoNEW83_f79_jpg.rf.a635ec3ab697f0c8c37fc56fcb4a9d8e.jpg,1,0,0.586,0.0,0.0,0.0,5.62,0.719,5.564,0.271,12.49
FireSmokeVideoNEW83_f83_jpg.rf.7eb47aaaa2195f3b401f0534f4ab8c17.jpg,1,0,0.9648,0.0,0.0,0.0,4.484,0.849,4.963,0.242,10.787
FireSmokeVideoNEW84_f11_jpg.rf.331db204725890d7841a0ba5804e1d51.jpg,1,0,0.9903,0.0,0.0,0.0,3.372,0.548,5.053,0.24,9.451
FireSmokeVideoNEW84_f17_jpg.rf.f35283a94798dbd36e444f3d83fcc20c.jpg,1,1,0.9499,0.0,0.0,0.0,3.327,0.548,10.217,0.237,14.562
FireSmokeVideoNEW84_f22_jpg.rf.57b54d823b56221442b406406ae6fda3.jpg,1,0,0.9992,0.0,0.0,0.0,4.469,0.519,8.415,0.245,13.885
FireSmokeVideoNEW84_f24_jpg.rf.c78709aba0fa619a1522f8a54b5eb33c.jpg,1,0,1.0,0.0,0.0,0.0,5.976,0.798,9.688,0.296,17.148
FireSmokeVideoNEW84_f26_jpg.rf.903f11c42bfe14f9284c7893c731f7fc.jpg,1,0,0.9999,0.0,0.0,0.0,9.306,2.192,17.854,0.275,29.864
FireSmokeVideoNEW84_f28_jpg.rf.4a605bea32b958e1f875dc9ae4787c2c.jpg,1,0,1.0,0.0,0.0,0.0,6.692,1.054,9.091,0.287,17.517
FireSmokeVideoNEW84_f30_jpg.rf.b1fa31c3b4b0231160d0fe95a8b2df48.jpg,1,0,0.8554,0.0,0.0,0.0,6.473,0.994,9.845,0.375,18.054
FireSmokeVideoNEW84_f40_jpg.rf.99b1a8a40e68bb37b4bcd6210f807577.jpg,1,1,0.5708,0.0,0.0,0.0,6.341,0.968,9.905,0.374,17.942
FireSmokeVideoNEW86_f21_jpg.rf.66bfdf3c31cf623a69833f84823419be.jpg,1,0,0.9889,0.0,0.0,0.0,5.566,0.764,12.886,0.429,20.145
FireSmokeVideoNEW86_f44_jpg.rf.528671157dc0f3573a31e135eb5c960b.jpg,1,1,0.9996,0.0,0.0,0.0,3.643,1.315,9.163,0.237,14.668
FireSmokeVideoNEW86_f59_jpg.rf.ec954c76bba3453c1e3fbed6b0e4126f.jpg,1,1,0.9959,0.0,0.0,0.0,6.079,3.416,13.025,0.304,23.197
FireSmokeVideoNEW87_f15_jpg.rf.1df24b2694a7dcd8cdc18a92d098bff5.jpg,1,1,1.0,0.0,0.0,0.0,4.124,0.606,9.277,0.362,14.636
FireSmokeVideoNEW87_f1_jpg.rf.9686a4eb8a357bcb8d6af17613d63b0b.jpg,1,1,0.9981,0.0,0.0,0.0,7.329,0.938,14.888,0.392,23.903
FireSmokeVideoNEW8_f106_jpg.rf.0ada3dacd447a467782cec413e893cbd.jpg,1,1,1.0,0.0,0.0,0.0,5.628,1.403,10.013,0.335,17.712
FireSmokeVideoNEW8_f108_jpg.rf.3e1a309d0492fd214dd909126405217a.jpg,1,1,0.9998,0.0,0.0,0.0,6.384,1.459,13.175,0.38,21.779
FireSmokeVideoNEW8_f114_jpg.rf.659a33156ff972aabe16784a1005087a.jpg,1,1,1.0,0.0,0.0,0.0,7.566,2.832,12.357,0.362,23.948
FireSmokeVideoNEW8_f123_jpg.rf.599b8235aadea7fc1ce0bb31909d7f19.jpg,1,1,0.9999,0.0,0.0,0.0,5.614,0.516,9.524,0.413,16.298
FireSmokeVideoNEW8_f136_jpg.rf.4393095b0e129a87566a93dfcd0319b9.jpg,1,1,0.9998,0.0,0.0,0.0,5.815,0.825,9.973,0.349,17.298
FireSmokeVideoNEW8_f13_jpg.rf.62679b6bf5d5334bc0142f60ef4f0eff.jpg,1,1,1.0,0.0,0.0,0.0,6.102,0.88,19.703,0.533,27.568
FireSmokeVideoNEW8_f15_jpg.rf.2c2fab259f891543bdd6f1a6e3574bd7.jpg,1,1,0.9997,0.0,0.0,0.0,5.413,1.077,9.199,0.482,16.442
FireSmokeVideoNEW8_f34_jpg.rf.7412b450156c86fc3387c7c84eeceda0.jpg,1,1,0.9997,0.0,0.0,0.0,8.205,2.216,8.821,0.235,19.794
FireSmokeVideoNEW8_f37_jpg.rf.dc011763a3b94f5a5e29aeb3ba4596a0.jpg,1,1,1.0,0.0,0.0,0.0,6.23,0.882,9.742,0.36,17.55
FireSmokeVideoNEW8_f41_jpg.rf.6de16dc442177d80361115c514c890b6.jpg,1,1,1.0,0.0,0.0,0.0,6.136,2.649,15.055,0.424,24.613
FireSmokeVideoNEW8_f81_jpg.rf.f56584d054d798df76424b80b3bfdd84.jpg,1,1,0.9991,0.0,0.0,0.0,5.999,1.129,8.727,0.386,16.566
FireSmokeVideoNEW8_f88_jpg.rf.39192ee49f07e11498a78bff1aacc512.jpg,1,1,1.0,0.0,0.0,0.0,5.578,0.768,9.77,0.379,16.912
FireSmokeVideoNEW8_f91_jpg.rf.4392a67e91341fcfd786ecdcae1640a0.jpg,1,1,0.9998,0.0,0.0,0.0,6.988,1.131,9.843,0.371,18.701
FireSmokeVideoNEW8_f97_jpg.rf.641d276457e76b7aecb1d4383a65b4a3.jpg,1,1,1.0,0.0,0.0,0.0,8.913,4.656,15.857,0.418,30.195
FireSmokeVideoNEW90_f17_jpg.rf.c8ccb79fa9c2c104c44cca93d5de21de.jpg,1,1,0.9487,0.0,0.0,0.0,5.49,0.843,9.125,0.241,16.026
FireSmokeVideoNEW90_f19_jpg.rf.613de41d6647cd63a2b9fe063c105ce9.jpg,1,1,0.9822,0.0,0.0,0.0,6.462,1.574,9.716,0.321,18.401
FireSmokeVideoNEW90_f27_jpg.rf.2c40784cb40c7c2cef427bbb81a7c391.jpg,1,0,0.7227,0.0,0.0,0.0,5.513,0.707,8.752,0.412,15.698
FireSmokeVideoNEW90_f6_jpg.rf.c10be0b48cd321d5a8a2a5dc3f553d3f.jpg,1,1,0.5905,0.0,0.0,0.0,6.119,1.338,19.531,0.288,27.608
FireSmokeVideoNEW93_f0_jpg.rf.ecd538ef73aa82fe82414b73f93480d0.jpg,1,0,0.9734,0.0,0.0,0.0,5.763,2.632,10.139,0.478,19.272
FireSmokeVideoNEW93_f16_jpg.rf.50e2056869bf72284714d466abcc3b71.jpg,1,0,0.9903,0.0,0.0,0.0,3.507,0.567,11.475,0.367,16.176
FireSmokeVideoNEW93_f18_jpg.rf.4bc8731fed1d0bf7fd60efdcedb231c3.jpg,1,0,0.9856,0.0,0.0,0.0,5.389,0.741,9.828,0.399,16.697
FireSmokeVideoNEW93_f29_jpg.rf.c7408f86cfc41eb503e26760771051c0.jpg,1,0,0.9999,0.0,0.0,0.0,7.083,2.146,15.14,0.274,25.003
FireSmokeVideoNEW93_f30_jpg.rf.764d70fe8c4c3ae0ff9d8cf21ee12043.jpg,1,0,0.9943,0.0,0.0,0.0,5.896,0.831,9.888,0.358,17.316
FireSmokeVideoNEW93_f32_jpg.rf.cdd491ec773c398ae162b8b88947407c.jpg,1,0,0.9995,0.0,0.0,0.0,5.461,0.765,9.745,0.342,16.711
FireSmokeVideoNEW93_f35_jpg.rf.831bfa9e004cf24662687b26f9fc7bbc.jpg,1,0,1.0,0.0,0.0,0.0,6.714,2.602,15.888,0.755,26.312
FireSmokeVideoNEW93_f37_jpg.rf.43b0fc2c5a8f5b9e415acf2eb0a44e8f.jpg,1,0,1.0,0.0,0.0,0.0,5.162,0.603,10.463,0.393,16.865
FireSmokeVideoNEW93_f3_jpg.rf.74a94968f2fa218b63e4e3cc7c1237ed.jpg,1,0,0.5506,0.0,0.0,0.0,6.079,1.295,9.75,0.34,17.797
FireSmokeVideoNEW93_f45_jpg.rf.7bbe8f6ef0640bd95f084b3308535460.jpg,1,0,0.9998,0.0,0.0,0.0,5.818,2.09,9.752,0.343,18.338
FireSmokeVideoNEW93_f48_jpg.rf.68441a36977d0c1b506d13bb4bc73be3.jpg,1,0,0.9988,0.0,0.0,0.0,5.876,0.808,15.075,0.363,22.466
FireSmokeVideoNEW93_f4_jpg.rf.983a14d28244c467fc317111087e628f.jpg,1,1,0.6108,0.0,0.0,0.0,5.318,0.713,8.613,0.246,15.211
FireSmokeVideoNEW93_f55_jpg.rf.a2c30d3a32c20b99db2b4c3ac0b4297e.jpg,1,0,0.9999,0.0,0.0,0.0,8.939,2.448,17.062,0.253,29.166
FireSmokeVideoNEW93_f5_jpg.rf.761ac75e0e1983c5da2f88ea0d3fc8de.jpg,1,1,0.9974,0.0,0.0,0.0,5.453,2.012,9.243,0.351,17.3
FireSmokeVideoNEW93_f67_jpg.rf.3a5cd480f12a38d7997e5fbc779cac82.jpg,1,0,0.9999,0.0,0.0,0.0,5.953,1.585,12.015,0.297,20.096
FireSmokeVideoNEW93_f6_jpg.rf.26bfc3792d1663a194ceffc2c8742ee3.jpg,1,1,0.9995,0.0,0.0,0.0,5.232,0.566,9.32,0.342,15.714
FireSmokeVideoNEW93_f71_jpg.rf.4ccc78c6d53dfcac78d807fa7e564346.jpg,1,0,1.0,0.0,0.0,0.0,5.116,0.819,9.334,0.419,15.928
FireSmokeVideoNEW93_f73_jpg.rf.e4178d797313f2f5fbf1d60a9ec4becf.jpg,1,0,0.9999,0.0,0.0,0.0,5.675,2.235,9.343,0.303,17.9
FireSmokeVideoNEW93_f75_jpg.rf.7e4dcddadd2cc56f63bd162c9e15f181.jpg,1,0,1.0,0.0,0.0,0.0,5.308,0.57,12.828,0.4,19.344
FireSmokeVideoNEW98_f3_jpg.rf.f7b81ad20d48fc774206f313091cb551.jpg,1,0,0.9338,0.0,0.0,0.0,3.32,0.547,8.425,0.246,12.769
FireSmokeVideoNEW98_f5_jpg.rf.81e8bb5998c4a94c0bc81f47fe363e0f.jpg,1,0,0.9839,0.0,0.0,0.0,3.36,0.527,11.267,0.264,15.649
FireSmokeVideoNEW9_f11_jpg.rf.d5937d6ad8240f9ec038085c0ceb8116.jpg,1,1,0.9999,0.0,0.0,0.0,4.865,0.521,8.427,0.279,14.32
FireSmokeVideoNEW9_f18_jpg.rf.2987b1993f73055255ede2bb3de4c4c5.jpg,1,1,1.0,0.0,0.0,0.0,4.952,0.539,9.019,0.352,15.108
FireSmokeVideoNEW9_f20_jpg.rf.5af8728a36cbd1faa62b96370aff11b5.jpg,1,1,1.0,0.0,0.0,0.0,5.019,2.415,12.738,0.272,20.68
FireSmokeVideoNEW9_f22_jpg.rf.6335b077c393e21870b6c640818558e1.jpg,1,1,1.0,0.0,0.0,0.0,5.514,1.885,13.065,0.26,21.061
FireSmokeVideoNEW9_f26_jpg.rf.1df57b6fa3760b22e321f67fe0be8ef8.jpg,1,1,1.0,0.0,0.0,0.0,4.277,1.005,9.328,0.394,15.24
FireSmokeVideoNEW104_f0_jpg.rf.f38941ca7b50a50f4987ff402c110609.jpg,0,0,1.0,0.0,0.0,0.0,3.353,0.497,8.573,0.225,12.858
FireSmokeVideoNEW104_f1_jpg.rf.63e1607e8da00040abe9170af6dc35cd.jpg,0,0,1.0,0.0,0.0,0.0,6.073,1.613,9.789,0.331,18.134
FireSmokeVideoNEW104_f6_jpg.rf.1394a9059fb32e73077faeb60a5ba873.jpg,0,0,1.0,0.0,0.0,0.0,6.549,2.001,9.508,0.241,18.637
FireSmokeVideoNEW105_f1_jpg.rf.064a4c0288a48a850beea550023fdbc6.jpg,0,0,0.9997,0.0,0.0,0.0,3.505,0.544,8.45,0.254,12.997
FireSmokeVideoNEW105_f3_jpg.rf.11af0b8aa7e5a605a91b49b09e093199.jpg,0,0,0.9935,0.0,0.0,0.0,4.537,4.1,16.91,0.264,26.154
FireSmokeVideoNEW107_f37_jpg.rf.cc8301bfc1e2fc3b2b79e44f0ac98929.jpg,0,0,1.0,0.0,0.0,0.0,3.608,0.918,9.324,0.459,14.56
FireSmokeVideoNEW107_f41_jpg.rf.de58aa9a22208465e73ae05ac3193d98.jpg,0,0,1.0,0.0,0.0,0.0,3.832,0.537,9.306,0.336,14.247
FireSmokeVideoNEW107_f43_jpg.rf.1f46ccd61ccc8ce83db35d711ecb4bea.jpg,0,0,1.0,0.0,0.0,0.0,6.25,0.731,9.183,0.259,16.736
FireSmokeVideoNEW107_f46_jpg.rf.556c3237893e435eaa208f88990e9ef1.jpg,0,0,1.0,0.0,0.0,0.0,4.39,1.081,8.966,0.327,15.005
FireSmokeVideoNEW107_f54_jpg.rf.4644d9c2b2c6d3fee105f2ef82fd4998.jpg,0,0,0.9999,0.0,0.0,0.0,3.631,0.529,10.907,0.305,15.605
FireSmokeVideoNEW107_f57_jpg.rf.fae2a73f41a575268f85d3111d7b2c92.jpg,0,0,0.9998,0.0,0.0,0.0,5.87,0.891,9.844,0.36,17.295
FireSmokeVideoNEW107_f59_jpg.rf.026bbe8626b5578d93329b2db4fa9402.jpg,0,0,1.0,0.0,0.0,0.0,5.704,2.689,9.629,0.261,18.639
FireSmokeVideoNEW107_f64_jpg.rf.244f9975df3feacfa28ff036a6fafc53.jpg,0,0,1.0,0.0,0.0,0.0,4.451,1.196,9.034,0.358,15.286
FireSmokeVideoNEW107_f67_jpg.rf.c49f54560d495c9598599c65ad340067.jpg,0,0,1.0,0.0,0.0,0.0,5.069,0.876,9.549,0.374,16.125
FireSmokeVideoNEW107_f72_jpg.rf.499f047f2f4b0bda75d65908e53370de.jpg,0,0,1.0,0.0,0.0,0.0,3.296,0.525,8.384,0.245,12.709
FireSmokeVideoNEW107_f86_jpg.rf.777704182a6a80b6411e9aff725043d0.jpg,0,0,0.9998,0.0,0.0,0.0,5.376,1.557,9.262,0.226,16.757
FireSmokeVideoNEW108_f36_jpg.rf.dcefdeb0de8b64832e93a6b99de7289b.jpg,0,0,1.0,0.0,0.0,0.0,3.569,0.523,8.327,0.223,12.868
FireSmokeVideoNEW109_f67_jpg.rf.57eaca20b02c349d304b37f08712ab9e.jpg,0,0,1.0,0.0,0.0,0.0,4.525,0.526,8.344,0.226,13.848
FireSmokeVideoNEW10_f12_jpg.rf.2eae48f630c1c0193e2ef4cb4e6f4ff6.jpg,0,0,1.0,0.0,0.0,0.0,4.617,0.751,14.321,0.301,20.318
FireSmokeVideoNEW10_f14_jpg.rf.0cea4ec15ad93560e37aedc69c33eff3.jpg,0,0,1.0,0.0,0.0,0.0,3.705,0.537,10.985,0.371,15.832
FireSmokeVideoNEW10_f16_jpg.rf.31696eae6e003edea279b761b4390075.jpg,0,0,1.0,0.0,0.0,0.0,6.385,0.786,12.755,0.356,20.618
FireSmokeVideoNEW10_f20_jpg.rf.4f1c66d77047ae6e5bad70288ada6868.jpg,0,0,1.0,0.0,0.0,0.0,3.534,0.572,9.825,0.327,14.557
FireSmokeVideoNEW10_f9_jpg.rf.964fd783f3c44e3cf484cb44c5e7eb3a.jpg,0,0,1.0,0.0,0.0,0.0,4.216,0.542,9.382,0.407,14.79
FireSmokeVideoNEW110_f70_jpg.rf.7cb92ca6cc4d4ad99fac463a2e4b1f69.jpg,0,0,1.0,0.0,0.0,0.0,6.644,0.773,9.333,0.248,17.339
FireSmokeVideoNEW110_f72_jpg.rf.942ec348686624217e65325d78ad6d79.jpg,0,0,1.0,0.0,0.0,0.0,5.633,1.454,12.849,0.281,20.468
FireSmokeVideoNEW111_f61_jpg.rf.958fb3f1ca3de1a388d09ff31d3492cb.jpg,0,0,0.9994,0.0,0.0,0.0,4.571,0.784,16.562,0.365,22.675
FireSmokeVideoNEW111_f63_jpg.rf.87908f4f677900101a4389b753e25d14.jpg,0,0,0.9996,0.0,0.0,0.0,3.414,0.85,8.619,0.234,13.359
FireSmokeVideoNEW113_f0_jpg.rf.64ad130f3afce40d98d717526b192d24.jpg,0,0,0.9995,0.0,0.0,0.0,3.411,0.567,8.539,0.244,13.013
FireSmokeVideoNEW113_f14_jpg.rf.e80870bda9d84eb83bdd360a959ee02f.jpg,0,0,0.9998,0.0,0.0,0.0,4.023,0.555,8.877,0.256,13.956
FireSmokeVideoNEW113_f1_jpg.rf.e426bd569f3a8f2c8c073936261c666f.jpg,0,0,0.9998,0.0,0.0,0.0,3.703,0.571,10.388,0.241,15.148
FireSmokeVideoNEW113_f23_jpg.rf.deabb7e1e724b4345d1e7951e202ea44.jpg,0,0,0.9975,0.0,0.0,0.0,4.324,0.926,10.273,0.418,16.272
FireSmokeVideoNEW113_f34_jpg.rf.e84c48b0432893e05397860d769ff647.jpg,0,0,1.0,0.0,0.0,0.0,5.567,2.221,11.576,0.47,20.217
FireSmokeVideoNEW113_f38_jpg.rf.d3f2132888b62bc6d7ad266bdb6ad6bc.jpg,0,0,1.0,0.0,0.0,0.0,6.341,0.927,13.479,0.3,21.407
FireSmokeVideoNEW113_f3_jpg.rf.82bb90bd3d0267d8e6045820916cd565.jpg,0,0,0.9995,0.0,0.0,0.0,3.533,0.625,11.239,0.421,16.083
FireSmokeVideoNEW113_f41_jpg.rf.479a0376f42c153bc784faf91e059bf6.jpg,0,0,1.0,0.0,0.0,0.0,5.946,1.456,8.917,0.231,16.865
FireSmokeVideoNEW113_f43_jpg.rf.c97f0efc50fc406abeef5751198b195d.jpg,0,0,1.0,0.0,0.0,0.0,5.751,0.832,9.798,0.363,17.097
FireSmokeVideoNEW113_f47_jpg.rf.b7c82296e081c18e509ed765e11cf527.jpg,0,0,0.9998,0.0,0.0,0.0,5.787,0.745,11.761,0.244,18.864
FireSmokeVideoNEW113_f49_jpg.rf.e97df0162836b03c72aae5d219f19846.jpg,0,0,0.9915,0.0,0.0,0.0,5.124,2.137,10.85,0.476,18.961
FireSmokeVideoNEW113_f50_jpg.rf.af1411ee4d7f972917db27496a3d28c6.jpg,0,0,0.9519,0.0,0.0,0.0,4.648,1.402,11.007,0.23,17.509
FireSmokeVideoNEW113_f57_jpg.rf.367d116711c51593db8d52d878bcd9cf.jpg,0,0,0.9949,0.0,0.0,0.0,6.739,1.527,8.707,0.372,17.658
FireSmokeVideoNEW113_f5_jpg.rf.56e7a8fe3f1996fa4f5b425d869ef58c.jpg,0,0,0.9996,0.0,0.0,0.0,6.25,1.946,12.91,0.422,21.924
FireSmokeVideoNEW114_f1_jpg.rf.cf044e592fb83b50e048cce22f4e9e6a.jpg,0,0,1.0,0.0,0.0,0.0,6.37,0.773,9.141,0.264,16.883
FireSmokeVideoNEW114_f23_jpg.rf.3366618b5cd0b38698a5549e35f37769.jpg,0,0,1.0,0.0,0.0,0.0,5.744,0.72,9.485,0.245,16.516
FireSmokeVideoNEW114_f33_jpg.rf.438eae9e97228cbe711b15eed9716f40.jpg,0,0,1.0,0.0,0.0,0.0,6.115,1.859,9.998,0.39,18.686
FireSmokeVideoNEW114_f52_jpg.rf.3ef8a0e9a642bcee584f57e450499ee9.jpg,0,0,1.0,0.0,0.0,0.0,6.604,0.729,15.069,0.373,23.011
FireSmokeVideoNEW114_f63_jpg.rf.0018c16b62a065ab98bbae501ef249d1.jpg,0,0,0.9997,0.0,0.0,0.0,5.589,1.033,9.88,0.395,17.233
FireSmokeVideoNEW114_f78_jpg.rf.60c9ec22b30b533e55007538edd2cd0a.jpg,0,0,1.0,0.0,0.0,0.0,5.582,1.103,9.876,0.394,17.31
FireSmokeVideoNEW123_f86_jpg.rf.99d60f8b84aaf644e4ab3eb9004e6457.jpg,0,0,1.0,0.0,0.0,0.0,5.562,0.828,9.857,0.41,17.007
FireSmokeVideoNEW131_f29_jpg.rf.a3a4ab64b1971b295c5093754ce6f3eb.jpg,0,0,1.0,0.0,0.0,0.0,5.636,1.095,12.987,0.416,20.477
FireSmokeVideoNEW133_f0_jpg.rf.18731e698dcb15c89fe9d9a7fa357187.jpg,0,0,0.9967,0.0,0.0,0.0,7.085,2.376,14.634,0.454,24.918
FireSmokeVideoNEW133_f14_jpg.rf.c0ef040277238c405f94c45269640413.jpg,0,0,1.0,0.0,0.0,0.0,3.728,0.574,9.223,0.384,14.158
FireSmokeVideoNEW133_f16_jpg.rf.675b515ca2741a0eab5600d3b6b8ec37.jpg,0,0,1.0,0.0,0.0,0.0,5.573,1.944,9.776,0.394,18.026
FireSmokeVideoNEW133_f1_jpg.rf.e08148c34f177fdfc0855076800bfcc2.jpg,0,0,0.9985,0.0,0.0,0.0,5.435,0.82,12.962,0.412,19.98
FireSmokeVideoNEW133_f21_jpg.rf.89cf1761a3a8f737819224e48be710eb.jpg,0,0,1.0,0.0,0.0,0.0,5.589,0.701,9.177,0.283,16.082
FireSmokeVideoNEW133_f24_jpg.rf.7a96dbf3abbf336117a803fd29880d72.jpg,0,0,1.0,0.0,0.0,0.0,5.743,0.725,9.176,0.279,16.235
FireSmokeVideoNEW133_f26_jpg.rf.4c8adf184421836917a99f3244a2e8b1.jpg,0,0,1.0,0.0,0.0,0.0,6.603,3.273,14.303,0.28,24.825
FireSmokeVideoNEW133_f28_jpg.rf.9be526a6cd44573e70c5e324f97f07e8.jpg,0,0,1.0,0.0,0.0,0.0,6.008,0.674,15.159,0.39,22.484
FireSmokeVideoNEW133_f30_jpg.rf.7a61a8452694df4e1b8eb7f76edd6206.jpg,0,0,1.0,0.0,0.0,0.0,6.776,0.876,10.231,0.405,18.85
FireSmokeVideoNEW133_f35_jpg.rf.32a41bc0e615129339748a31e63c31b8.jpg,0,0,1.0,0.0,0.0,0.0,6.277,2.627,10.069,0.419,19.754
FireSmokeVideoNEW133_f45_jpg.rf.bf0fa4a99b1351103ce59df4271296f6.jpg,0,0,1.0,0.0,0.0,0.0,5.924,0.711,19.49,0.29,26.747
FireSmokeVideoNEW133_f47_jpg.rf.7e6771aa04cd95731ed20a2a0887b600.jpg,0,0,1.0,0.0,0.0,0.0,4.863,1.652,16.174,0.985,24.022
FireSmokeVideoNEW133_f52_jpg.rf.a9287d410aca47cb65187bb40b99489f.jpg,0,0,1.0,0.0,0.0,0.0,6.052,0.72,8.948,0.267,16.348
FireSmokeVideoNEW133_f54_jpg.rf.de6a5526bf8e4c304c24aa01a61a0691.jpg,0,0,1.0,0.0,0.0,0.0,6.217,0.945,14.977,0.394,22.907
FireSmokeVideoNEW133_f60_jpg.rf.a1a3fc738a9ffd65b6bd91b2d4a2a7ba.jpg,0,0,1.0,0.0,0.0,0.0,5.976,0.736,8.897,0.315,16.259
FireSmokeVideoNEW133_f65_jpg.rf.19a6259c062255ee2fcaf9ce8237cdc9.jpg,0,0,1.0,0.0,0.0,0.0,5.773,0.771,9.938,0.327,17.164
FireSmokeVideoNEW133_f6_jpg.rf.3bb32108cb527deecf2ba02db67d7158.jpg,0,0,1.0,0.0,0.0,0.0,5.81,0.756,12.227,0.407,19.543
FireSmokeVideoNEW133_f72_jpg.rf.edcd60e5a9d9d28d5802a50f156aa91a.jpg,0,0,0.9998,0.0,0.0,0.0,3.454,0.882,9.14,0.419,14.157
FireSmokeVideoNEW133_f75_jpg.rf.44d394c4ee044f0263703d04c2017319.jpg,0,0,1.0,0.0,0.0,0.0,7.139,2.732,8.489,0.237,18.935
FireSmokeVideoNEW138_f24_jpg.rf.e7dac7d8bba04efdaf96bbedbfb0c17c.jpg,0,0,1.0,0.0,0.0,0.0,6.208,0.741,9.781,0.351,17.483
FireSmokeVideoNEW138_f3_jpg.rf.e59cf2df641ee8f4a4b7a8486a277817.jpg,0,0,1.0,0.0,0.0,0.0,5.719,0.782,12.905,0.416,20.152
FireSmokeVideoNEW138_f50_jpg.rf.0ed3e238da95d17eddb4a56c8239722d.jpg,0,0,1.0,0.0,0.0,0.0,4.359,0.909,9.91,0.387,15.889
FireSmokeVideoNEW138_f55_jpg.rf.8692714e7ca4fce394cbde4c9b0768f4.jpg,0,0,1.0,0.0,0.0,0.0,5.493,0.748,9.936,0.381,16.905
FireSmokeVideoNEW138_f57_jpg.rf.2340c76a46752bec89de2c8dfe4e182e.jpg,0,0,1.0,0.0,0.0,0.0,5.191,0.747,9.84,0.394,16.505
FireSmokeVideoNEW138_f66_jpg.rf.217b9cf06ce30964ef36b6378b0d8f09.jpg,0,0,1.0,0.0,0.0,0.0,6.836,2.283,14.647,0.302,24.425
FireSmokeVideoNEW138_f72_jpg.rf.7992a3ca30811d3fbefd37f1c8c0e236.jpg,0,0,1.0,0.0,0.0,0.0,4.998,2.531,11.84,0.421,20.029
FireSmokeVideoNEW138_f87_jpg.rf.a1a1d0b32449cfbe2da04181bf56f099.jpg,0,0,1.0,0.0,0.0,0.0,4.39,0.555,9.114,0.335,14.643
FireSmokeVideoNEW138_f89_jpg.rf.39f1903062709d554e614773c128ec01.jpg,0,0,1.0,0.0,0.0,0.0,6.091,0.739,9.968,0.441,17.595
FireSmokeVideoNEW138_f98_jpg.rf.3d89dba42d1d2087cd0d1067f86dc0a4.jpg,0,0,1.0,0.0,0.0,0.0,3.51,1.134,9.193,0.34,14.439
FireSmokeVideoNEW139_f11_jpg.rf.4f1394a2391bb7f8b23547e415daccca.jpg,0,0,1.0,0.0,0.0,0.0,5.445,0.721,9.84,0.354,16.69
FireSmokeVideoNEW139_f13_jpg.rf.2c6a24cf2aba98120ffbbdf73ec65122.jpg,0,0,1.0,0.0,0.0,0.0,6.485,2.261,13.762,0.454,23.348
FireSmokeVideoNEW139_f15_jpg.rf.52c4affd03ce1856f9ba11cd0f50363c.jpg,0,0,1.0,0.0,0.0,0.0,4.522,1.856,9.397,0.449,16.494
FireSmokeVideoNEW139_f7_jpg.rf.4622bbeb672b9d0f658de7b4a192bc27.jpg,0,0,1.0,0.0,0.0,0.0,4.114,0.726,11.752,0.313,17.242
FireSmokeVideoNEW139_f9_jpg.rf.a2676f6df6e7eb7729031d2e2dad0ca3.jpg,0,0,1.0,0.0,0.0,0.0,5.66,0.875,9.744,0.335,16.946
FireSmokeVideoNEW141_f11_jpg.rf.73cf5a40761c0014fbd5c35ebf83aa45.jpg,0,0,1.0,0.0,0.0,0.0,5.099,0.716,9.851,0.385,16.374
FireSmokeVideoNEW141_f22_jpg.rf.d85fd254cfa43d224ad1b669783fd679.jpg,0,0,1.0,0.0,0.0,0.0,5.979,0.762,9.868,0.502,17.452
FireSmokeVideoNEW141_f26_jpg.rf.283da917093a70ddfef4070c0df63819.jpg,0,0,1.0,0.0,0.0,0.0,4.729,2.769,15.405,0.247,23.404
FireSmokeVideoNEW141_f35_jpg.rf.fb7bf34a7cb1271f578cf69f6eaf4b46.jpg,0,0,1.0,0.0,0.0,0.0,5.151,0.7,8.72,0.327,15.155
FireSmokeVideoNEW141_f44_jpg.rf.7588a5674fa796e2bf93928970dd5a6c.jpg,0,0,1.0,0.0,0.0,0.0,4.694,0.636,9.081,0.393,15.041
FireSmokeVideoNEW141_f54_jpg.rf.376afc4c31715655b5a25d8e89fb9cc9.jpg,0,0,1.0,0.0,0.0,0.0,5.164,1.114,12.176,0.419,19.206
FireSmokeVideoNEW145_f12_jpg.rf.bfa6ecea511c415c863544a108f25b2b.jpg,0,0,1.0,0.0,0.0,0.0,3.503,0.545,10.985,0.246,15.518
FireSmokeVideoNEW145_f15_jpg.rf.01ed9bc8697dfaa658637d4bdcdb465e.jpg,0,0,1.0,0.0,0.0,0.0,5.593,0.808,9.982,0.424,17.156
FireSmokeVideoNEW145_f17_jpg.rf.8ad859dfeb2dacc154aa7be5cd18db9a.jpg,0,0,1.0,0.0,0.0,0.0,5.173,1.264,9.887,0.378,17.045
FireSmokeVideoNEW145_f2_jpg.rf.7d67296bc581f3d543d39070f67d5e5b.jpg,0,0,1.0,0.0,0.0,0.0,7.054,2.693,21.837,0.425,32.638
FireSmokeVideoNEW145_f4_jpg.rf.dd0fb19773528e50b2d252c0ae1821a1.jpg,0,0,1.0,0.0,0.0,0.0,6.805,1.611,8.971,0.271,17.992
FireSmokeVideoNEW145_f70_jpg.rf.35967a4f68971ca1a880debf6cc05479.jpg,0,0,1.0,0.0,0.0,0.0,5.972,0.903,9.859,0.382,17.468
FireSmokeVideoNEW146_f102_jpg.rf.d492f5de6048aee20c269b9489b62550.jpg,0,0,0.9995,0.0,0.0,0.0,5.823,0.755,9.773,0.356,17.058
FireSmokeVideoNEW146_f104_jpg.rf.bb75589e20c57f1dac406a679b2c4c34.jpg,0,0,0.9995,0.0,0.0,0.0,6.054,0.784,15.25,0.389,22.821
FireSmokeVideoNEW14_f31_jpg.rf.a6bd074c897424b345df3c0d80c8472a.jpg,0,0,1.0,0.0,0.0,0.0,4.713,1.092,9.841,0.354,16.345
FireSmokeVideoNEW14_f34_jpg.rf.b7d71699bd96b5f195ff31eed9af64b9.jpg,0,0,1.0,0.0,0.0,0.0,8.095,1.674,16.358,0.495,27.012
FireSmokeVideoNEW14_f48_jpg.rf.615cbe65e58c980a44db492e4adba02b.jpg,0,0,1.0,0.0,0.0,0.0,3.88,0.564,9.878,0.443,15.033
FireSmokeVideoNEW14_f50_jpg.rf.8c05edbf34c262f9609f1aefcb3e784b.jpg,0,0,1.0,0.0,0.0,0.0,5.672,0.735,12.327,0.58,19.662
FireSmokeVideoNEW14_f52_jpg.rf.040fbb53952c8cf3eb05257d5d59ffb2.jpg,0,0,1.0,0.0,0.0,0.0,5.165,0.964,9.09,0.237,15.781
FireSmokeVideoNEW14_f54_jpg.rf.284fdffd467ae8226f2514f39a0f03a8.jpg,0,0,1.0,0.0,0.0,0.0,5.751,1.828,9.632,0.256,17.96
FireSmokeVideoNEW14_f56_jpg.rf.805f1c6f0d731bc267bcb78f5dd8613c.jpg,0,0,1.0,0.0,0.0,0.0,5.972,0.724,9.704,0.335,17.087
FireSmokeVideoNEW14_f58_jpg.rf.5255e436aa76a3c0a514d23752f4aecc.jpg,0,0,1.0,0.0,0.0,0.0,5.869,0.737,12.26,0.498,19.695
FireSmokeVideoNEW14_f70_jpg.rf.aebdcbd5a96886fd2b263e6c38a28f54.jpg,0,0,1.0,0.0,0.0,0.0,6.072,2.358,12.554,0.253,21.676
FireSmokeVideoNEW14_f80_jpg.rf.d8f9bed0c2a0c2ccd8de093597e2cfb2.jpg,0,0,1.0,0.0,0.0,0.0,3.945,0.479,9.015,0.337,13.999
FireSmokeVideoNEW152_f12_jpg.rf.bbbe1b5b3c91e3c832a521e8ad2a8981.jpg,0,0,1.0,0.0,0.0,0.0,6.131,0.811,10.312,0.403,18.252
FireSmokeVideoNEW152_f23_jpg.rf.83dd2175450efa7a2b61106b515ca317.jpg,0,0,0.9999,0.0,0.0,0.0,5.989,0.757,13.098,0.444,20.655
FireSmokeVideoNEW152_f2_jpg.rf.0fa1d92f8ce6d7d0ef48c78928e91796.jpg,0,0,0.9997,0.0,0.0,0.0,6.169,1.256,10.289,0.391,18.456
FireSmokeVideoNEW157_f48_jpg.rf.dc8ccdfd4e9375142054cff7d0ba0165.jpg,0,0,1.0,0.0,0.0,0.0,6.694,2.371,12.512,0.576,22.501
FireSmokeVideoNEW157_f68_jpg.rf.07fb0c009d78412ac43bcc20d211eba0.jpg,0,0,1.0,0.0,0.0,0.0,3.715,0.527,11.23,0.362,16.075
FireSmokeVideoNEW159_f28_jpg.rf.45115b0ae08dc6a6022b39f7487df2fc.jpg,0,0,1.0,0.0,0.0,0.0,5.229,0.709,12.456,0.502,19.23
FireSmokeVideoNEW159_f36_jpg.rf.e0c399bd3b6f812595c1d839d6f4495a.jpg,0,0,1.0,0.0,0.0,0.0,4.198,0.74,9.948,0.37,15.595
FireSmokeVideoNEW160_f132_jpg.rf.7ce27c0b807a035415178554ae865455.jpg,0,0,1.0,0.0,0.0,0.0,5.154,0.68,8.722,0.255,15.116
FireSmokeVideoNEW160_f179_jpg.rf.f8bca75f291b224cb3a0368e85ea206a.jpg,0,0,0.9936,0.0,0.0,0.0,4.404,0.79,9.0,0.356,14.792
FireSmokeVideoNEW160_f182_jpg.rf.5ad244f4a2004bd04f80d7b88edc7b37.jpg,0,0,0.9934,0.0,0.0,0.0,5.175,0.665,12.415,0.481,19.061
FireSmokeVideoNEW167_f25_jpg.rf.66ae7015edf696c31788066c37815460.jpg,0,0,1.0,0.0,0.0,0.0,7.143,2.397,9.009,0.28,19.354
FireSmokeVideoNEW168_f32_jpg.rf.9bf96271f38fc77d55c61d5030a59ad0.jpg,0,0,1.0,0.0,0.0,0.0,4.556,0.528,8.415,0.262,13.991
FireSmokeVideoNEW168_f35_jpg.rf.344f9a485501035ee6f2ad4a8aee5fda.jpg,0,0,0.9999,0.0,0.0,0.0,5.194,0.517,8.857,0.352,15.159
FireSmokeVideoNEW173_f1_jpg.rf.b8d91ed334fc3865091a43a6a1d74364.jpg,0,0,0.9488,0.0,0.0,0.0,5.364,1.121,9.078,0.254,16.214
FireSmokeVideoNEW174_f14_jpg.rf.20fa8cef6b13cc5e437e36ea2ecc8c0d.jpg,0,0,1.0,0.0,0.0,0.0,3.088,0.565,10.593,0.342,14.82
FireSmokeVideoNEW174_f21_jpg.rf.1e32dfe88e5b1e1315c5b3c44b55da60.jpg,0,0,1.0,0.0,0.0,0.0,4.484,0.776,9.182,0.232,15.005
FireSmokeVideoNEW174_f27_jpg.rf.16ff80f4c7864c40c3bdd663830a83af.jpg,0,0,1.0,0.0,0.0,0.0,3.062,0.532,9.604,0.247,13.675
FireSmokeVideoNEW174_f3_jpg.rf.2bc73bc5168eef2ac8d65f93c8588cee.jpg,0,0,1.0,0.0,0.0,0.0,7.532,2.899,16.793,0.276,27.75
FireSmokeVideoNEW174_f9_jpg.rf.ce3e731b6125e7839516f998ba5fd615.jpg,0,0,1.0,0.0,0.0,0.0,3.414,0.563,9.487,0.378,14.077
FireSmokeVideoNEW175_f1_jpg.rf.b7755e6ebe9f220eda9f33dafd398efd.jpg,0,0,1.0,0.0,0.0,0.0,5.773,0.735,9.732,0.337,16.903
FireSmokeVideoNEW181_f246_jpg.rf.c4e8f0606306cf812ead99d7317a3dac.jpg,0,0,0.9992,0.0,0.0,0.0,5.716,0.76,9.773,0.347,16.925
FireSmokeVideoNEW181_f3_jpg.rf.564525a050a1471684d3e0dce6b12093.jpg,0,0,1.0,0.0,0.0,0.0,5.182,1.137,9.944,0.462,17.059
FireSmokeVideoNEW181_f5_jpg.rf.4f32f5e7b553b2046f9ea1c3710aa953.jpg,0,0,1.0,0.0,0.0,0.0,3.454,0.716,9.015,0.341,13.767
FireSmokeVideoNEW181_f8_jpg.rf.d4f8544e21508a6a376c9eed7b3fd1c4.jpg,0,0,1.0,0.0,0.0,0.0,6.757,2.778,15.974,0.412,26.317
FireSmokeVideoNEW185_f103_jpg.rf.834fd34179153dc3cf5b3376c931bd02.jpg,0,0,1.0,0.0,0.0,0.0,3.689,1.31,9.996,0.4,15.742
FireSmokeVideoNEW185_f105_jpg.rf.5c53bd00784e65125825c0ae9e72866e.jpg,0,0,1.0,0.0,0.0,0.0,5.403,0.808,10.015,0.533,17.101
FireSmokeVideoNEW185_f11_jpg.rf.7fe150b7626c710cda79dce605f3a053.jpg,0,0,1.0,0.0,0.0,0.0,3.598,0.621,9.518,0.389,14.38
FireSmokeVideoNEW185_f13_jpg.rf.a9a77212e1e05b2bed7914de92edebf4.jpg,0,0,1.0,0.0,0.0,0.0,5.159,0.802,9.865,0.369,16.529
FireSmokeVideoNEW185_f142_jpg.rf.8a2f2852b31e3f1ec77473138afa5b07.jpg,0,0,1.0,0.0,0.0,0.0,5.19,0.754,9.82,0.354,16.491
FireSmokeVideoNEW185_f154_jpg.rf.6b8964700ae914f8770debcf03f1fa96.jpg,0,0,1.0,0.0,0.0,0.0,5.031,0.745,9.982,0.415,16.504
FireSmokeVideoNEW185_f16_jpg.rf.9a7a2c17026407b6f8ae3721f463bea0.jpg,0,0,1.0,0.0,0.0,0.0,6.639,2.653,14.91,0.414,24.967
FireSmokeVideoNEW185_f18_jpg.rf.d7340a22f5b42d1f5daf3df0dd737ed7.jpg,0,0,1.0,0.0,0.0,0.0,3.761,0.71,8.403,0.225,13.331
FireSmokeVideoNEW185_f1_jpg.rf.9cbb22bfee650e45eb5c993c0ec604f0.jpg,0,0,1.0,0.0,0.0,0.0,3.612,0.559,8.379,0.235,13.024
FireSmokeVideoNEW185_f21_jpg.rf.97e9aaef5e151b6c1d8a47b5a39a3851.jpg,0,0,1.0,0.0,0.0,0.0,4.601,2.691,8.685,0.251,16.467
FireSmokeVideoNEW185_f26_jpg.rf.74bb295ea9c3a4d2a445209c908d149c.jpg,0,0,1.0,0.0,0.0,0.0,5.71,1.414,8.376,0.244,15.973
FireSmokeVideoNEW185_f28_jpg.rf.94c9d63f5a41228899bb4b27af54e6e6.jpg,0,0,1.0,0.0,0.0,0.0,3.663,1.597,8.42,0.245,14.625
FireSmokeVideoNEW185_f2_jpg.rf.1be8f603fac11632f8289730c2ea3981.jpg,0,0,1.0,0.0,0.0,0.0,3.363,1.717,8.443,0.256,14.015
FireSmokeVideoNEW185_f31_jpg.rf.20d3ef9f5f7aed09171c587cf787efa3.jpg,0,0,1.0,0.0,0.0,0.0,3.955,2.045,20.356,0.256,26.864
FireSmokeVideoNEW185_f33_jpg.rf.13bba24c675c337eb4e0d75ed2c6d59a.jpg,0,0,1.0,0.0,0.0,0.0,4.847,1.572,9.05,0.344,16.133
FireSmokeVideoNEW185_f37_jpg.rf.90b11c519e691fa641a221142e94b8e3.jpg,0,0,1.0,0.0,0.0,0.0,5.987,0.752,9.885,0.369,17.329
FireSmokeVideoNEW185_f39_jpg.rf.d40e85b937efa6ae5a731011f726d833.jpg,0,0,1.0,0.0,0.0,0.0,5.176,0.736,9.911,0.414,16.571
FireSmokeVideoNEW185_f41_jpg.rf.c976d09d85b00bcd5fae293ba78953cb.jpg,0,0,1.0,0.0,0.0,0.0,5.283,0.705,12.493,0.237,19.025
FireSmokeVideoNEW185_f43_jpg.rf.cf5abe863cf4e9707e6b343d59e4f211.jpg,0,0,1.0,0.0,0.0,0.0,6.858,1.894,9.719,0.439,19.191
FireSmokeVideoNEW185_f48_jpg.rf.40a7592afc13dbb433f59655b660a51e.jpg,0,0,1.0,0.0,0.0,0.0,6.967,1.261,11.231,0.366,20.145
FireSmokeVideoNEW185_f4_jpg.rf.840d0b8991f52e6353634a923cce911a.jpg,0,0,1.0,0.0,0.0,0.0,5.283,0.756,9.234,0.237,15.842
FireSmokeVideoNEW185_f54_jpg.rf.02217b94b12dcd2c1361d24b46a8edd9.jpg,0,0,1.0,0.0,0.0,0.0,4.675,0.725,9.037,0.387,15.065
FireSmokeVideoNEW185_f56_jpg.rf.818e136234c271902dcf37c554407e5b.jpg,0,0,1.0,0.0,0.0,0.0,3.137,0.543,11.153,0.35,15.417
FireSmokeVideoNEW185_f5_jpg.rf.849447cd7f762cbb18e9edb719adfc56.jpg,0,0,1.0,0.0,0.0,0.0,5.557,0.755,9.9,0.364,16.902
FireSmokeVideoNEW185_f61_jpg.rf.9f26d8404eeb7cddb424f5cdb9a2dea9.jpg,0,0,1.0,0.0,0.0,0.0,5.935,0.761,9.86,0.313,17.205
FireSmokeVideoNEW185_f63_jpg.rf.6e576502749efe6813e66694c6ac96d9.jpg,0,0,1.0,0.0,0.0,0.0,6.157,3.953,16.923,0.714,28.203
FireSmokeVideoNEW185_f69_jpg.rf.db6c2e969febf2a815391951068bae2c.jpg,0,0,1.0,0.0,0.0,0.0,3.78,2.684,11.975,0.235,19.157
FireSmokeVideoNEW185_f70_jpg.rf.e28c7f6fead896c59c1a05d3dadf15e5.jpg,0,0,1.0,0.0,0.0,0.0,5.068,0.547,9.348,0.402,15.607
FireSmokeVideoNEW185_f74_jpg.rf.a3cbb5e5ef37719d9abc8ed9cb13f10e.jpg,0,0,1.0,0.0,0.0,0.0,3.42,0.528,9.078,0.372,13.631
FireSmokeVideoNEW185_f76_jpg.rf.eff6abee6c5232efbeb0ffaa184ebb6d.jpg,0,0,1.0,0.0,0.0,0.0,5.707,0.827,12.062,0.386,19.324
FireSmokeVideoNEW185_f78_jpg.rf.8411f59f4794e43dea8fee3fd7e0be8f.jpg,0,0,1.0,0.0,0.0,0.0,3.16,0.73,11.727,0.4,16.359
FireSmokeVideoNEW185_f7_jpg.rf.52c412132fe5907b6a5e187fc8693d93.jpg,0,0,1.0,0.0,0.0,0.0,7.3,2.257,14.702,0.423,25.092
FireSmokeVideoNEW185_f8_jpg.rf.b2f174a46bc664e05b2a000b1a539f0a.jpg,0,0,1.0,0.0,0.0,0.0,3.58,1.062,9.26,0.387,14.55
FireSmokeVideoNEW186_f1_jpg.rf.9eaf3486dd5de321c58c13a8f3c0e10e.jpg,0,0,0.9977,0.0,0.0,0.0,5.125,0.739,9.766,0.358,16.398
FireSmokeVideoNEW186_f24_jpg.rf.35cb6036992c48df2555bef2057f0b53.jpg,0,0,0.9978,0.0,0.0,0.0,6.641,1.561,9.131,0.25,17.912
FireSmokeVideoNEW186_f3_jpg.rf.58728cf59ceb522c51dd6157ad6944bf.jpg,0,0,0.996,0.0,0.0,0.0,4.234,0.552,9.171,0.389,14.597
FireSmokeVideoNEW188_f53_jpg.rf.082a762c0e4cc9b0018de58486f89da2.jpg,0,0,1.0,0.0,0.0,0.0,5.674,0.843,9.748,0.352,16.955
FireSmokeVideoNEW191_f14_jpg.rf.8c0274a87d76e49504ea99085c3adcaa.jpg,0,0,0.9715,0.0,0.0,0.0,5.185,0.736,9.924,0.531,16.736
FireSmokeVideoNEW191_f17_jpg.rf.0b561906a11a7cb3708f59b9e5ea5285.jpg,0,0,0.985,0.0,0.0,0.0,3.967,1.442,13.745,0.406,19.812
FireSmokeVideoNEW191_f3_jpg.rf.199e7b7c54089ad40dc08b6206796865.jpg,0,0,0.9062,0.0,0.0,0.0,5.784,0.88,8.463,0.235,15.607
FireSmokeVideoNEW191_f6_jpg.rf.c733105e5332e503fe2f91c9d2b0df7d.jpg,0,0,0.9742,0.0,0.0,0.0,3.004,0.51,8.635,0.239,12.613
FireSmokeVideoNEW193_f26_jpg.rf.810d17c9c2f0c19d3f82366a4641bffa.jpg,0,0,1.0,0.0,0.0,0.0,3.133,0.866,8.435,0.252,12.921
FireSmokeVideoNEW193_f33_jpg.rf.9bd762994b1e0d1fa6d8fa924ced4d72.jpg,0,0,1.0,0.0,0.0,0.0,3.655,0.581,10.493,0.279,15.238
FireSmokeVideoNEW193_f37_jpg.rf.8351a8e46e2527901b0116eea4a67888.jpg,0,0,0.9998,0.0,0.0,0.0,3.101,0.522,8.364,0.218,12.426
FireSmokeVideoNEW194_f0_jpg.rf.bedc3bcac81b79f6421a12b83ca8292e.jpg,0,0,1.0,0.0,0.0,0.0,3.228,0.529,8.638,0.295,12.909
FireSmokeVideoNEW194_f11_jpg.rf.77f39c6b40eab453b277d95cf5de303e.jpg,0,0,1.0,0.0,0.0,0.0,3.562,1.672,9.262,0.442,15.201
FireSmokeVideoNEW194_f13_jpg.rf.1a936489c44dd3ea6a426232555f6385.jpg,0,0,1.0,0.0,0.0,0.0,5.162,2.561,13.638,0.269,21.968
FireSmokeVideoNEW194_f15_jpg.rf.958cda76fca7843a088129f35293e6bc.jpg,0,0,1.0,0.0,0.0,0.0,6.524,1.171,9.03,0.232,17.284
FireSmokeVideoNEW194_f17_jpg.rf.0af509bf3c4051407e9a2c323d36552d.jpg,0,0,1.0,0.0,0.0,0.0,5.666,0.785,9.776,0.341,16.9
FireSmokeVideoNEW194_f19_jpg.rf.0eaecfa3ade01642b349fa1fac2243d3.jpg,0,0,1.0,0.0,0.0,0.0,3.393,0.542,9.325,0.374,13.87
FireSmokeVideoNEW194_f20_jpg.rf.9c8d54f92010beefbf37f4971a0512d5.jpg,0,0,1.0,0.0,0.0,0.0,4.973,0.826,9.083,0.21,15.412
FireSmokeVideoNEW194_f22_jpg.rf.568fae5d24e9c604657b4e0b3210f521.jpg,0,0,1.0,0.0,0.0,0.0,5.969,1.153,9.747,0.329,17.526
FireSmokeVideoNEW194_f24_jpg.rf.715ef729ffb473d071e4f4636696c5ea.jpg,0,0,1.0,0.0,0.0,0.0,6.863,3.182,12.712,0.264,23.368
FireSmokeVideoNEW194_f26_jpg.rf.07bffcdf632b597c877b6ebb07f7f903.jpg,0,0,1.0,0.0,0.0,0.0,4.315,0.539,11.283,0.417,16.794
FireSmokeVideoNEW194_f28_jpg.rf.ad2eb6b3914b59cd334e04ddba2c9585.jpg,0,0,1.0,0.0,0.0,0.0,6.232,0.87,9.959,0.386,17.802
FireSmokeVideoNEW194_f4_jpg.rf.33a7f5de9a08037605f3061fd9289762.jpg,0,0,1.0,0.0,0.0,0.0,5.71,1.048,9.785,0.377,17.256
FireSmokeVideoNEW194_f6_jpg.rf.8cca41d45e1b9d48be4b6e39b449b550.jpg,0,0,1.0,0.0,0.0,0.0,5.305,0.723,9.916,0.34,16.611
FireSmokeVideoNEW194_f8_jpg.rf.1c8751d3993e5ef2ea8196810f6d337c.jpg,0,0,1.0,0.0,0.0,0.0,5.406,0.851,9.683,0.311,16.655
FireSmokeVideoNEW198_f0_jpg.rf.a197c8cac401e59c22192d1555beb0e3.jpg,0,0,1.0,0.0,0.0,0.0,3.144,0.529,10.998,0.425,15.327
FireSmokeVideoNEW198_f21_jpg.rf.a2b8b5d44e8d06e56049adcccab34051.jpg,0,0,1.0,0.0,0.0,0.0,7.032,2.094,14.165,0.852,24.511
FireSmokeVideoNEW198_f34_jpg.rf.dc59b6a3b8102f74895580de214bfb05.jpg,0,0,1.0,0.0,0.0,0.0,3.378,0.535,9.335,0.361,13.853
FireSmokeVideoNEW198_f44_jpg.rf.5dd543728cb7054631cff884b6543c99.jpg,0,0,1.0,0.0,0.0,0.0,5.731,2.752,12.454,0.263,21.565
FireSmokeVideoNEW198_f53_jpg.rf.de8d1453cc5cc99b16dce8024a19a099.jpg,0,0,0.9999,0.0,0.0,0.0,3.614,0.544,10.464,0.337,15.193
FireSmokeVideoNEW198_f5_jpg.rf.884199e8cf813521587bb72304469a91.jpg,0,0,1.0,0.0,0.0,0.0,5.534,0.867,9.805,0.477,17.712
FireSmokeVideoNEW198_f62_jpg.rf.f0f37f4fd52e11ec4c2c1dc4a6a1e84b.jpg,0,0,0.9999,0.0,0.0,0.0,5.419,1.32,9.856,0.357,17.252
FireSmokeVideoNEW198_f76_jpg.rf.f975d49de39948662a604f3b8699ae17.jpg,0,0,0.9998,0.0,0.0,0.0,5.799,1.958,16.12,0.478,24.701
FireSmokeVideoNEW199_f12_jpg.rf.49a41daf162adddafd342b71a52d065b.jpg,0,0,1.0,0.0,0.0,0.0,7.996,2.218,9.007,0.223,19.758
FireSmokeVideoNEW199_f22_jpg.rf.8cdd9234d4536b401d4424786242eb42.jpg,0,0,0.9994,0.0,0.0,0.0,3.498,0.525,9.295,0.349,13.893
FireSmokeVideoNEW199_f24_jpg.rf.008e48718432deea401ae6c22de5b75d.jpg,0,0,0.9997,0.0,0.0,0.0,5.3,1.637,9.12,0.233,16.604
FireSmokeVideoNEW199_f38_jpg.rf.437998fd3a55f2321789262434449bcc.jpg,0,0,1.0,0.0,0.0,0.0,3.288,0.513,9.057,0.353,13.445
FireSmokeVideoNEW19_f10_jpg.rf.cf14bceef74bfc964ef994979cc85365.jpg,0,0,1.0,0.0,0.0,0.0,3.595,0.511,9.062,0.335,13.772
FireSmokeVideoNEW19_f14_jpg.rf.0f8ded1e4755de812e6a69682afa2fdf.jpg,0,0,1.0,0.0,0.0,0.0,5.88,0.766,9.95,0.348,17.278
FireSmokeVideoNEW19_f1_jpg.rf.8d3f142daa5385682ce49a400b014079.jpg,0,0,1.0,0.0,0.0,0.0,8.648,2.308,16.172,0.486,27.874
FireSmokeVideoNEW19_f22_jpg.rf.ce3d1c80d56894bcf65024fa15dc5310.jpg,0,0,1.0,0.0,0.0,0.0,6.065,0.813,10.327,0.37,17.935
FireSmokeVideoNEW19_f25_jpg.rf.f697293980b11b6be600b4ac25288076.jpg,0,0,1.0,0.0,0.0,0.0,3.512,0.565,9.23,0.356,13.924
FireSmokeVideoNEW19_f28_jpg.rf.870932a2658929b11f426603c6e76178.jpg,0,0,1.0,0.0,0.0,0.0,7.268,0.77,9.24,0.233,17.834
FireSmokeVideoNEW19_f5_jpg.rf.4c01349c8f37322abb65548b065db87c.jpg,0,0,1.0,0.0,0.0,0.0,6.419,1.535,9.877,0.4,18.578
FireSmokeVideoNEW204_f48_jpg.rf.a6d888db8bc478f73df454d622b4af74.jpg,0,0,1.0,0.0,0.0,0.0,5.629,1.382,12.938,0.408,20.697
FireSmokeVideoNEW204_f50_jpg.rf.ef08c4a49d4bce14c2100efb6049f535.jpg,0,0,1.0,0.0,0.0,0.0,8.317,2.411,14.141,0.248,25.502
FireSmokeVideoNEW204_f74_jpg.rf.5a3b99ac607f85f17c275ace5db8b56c.jpg,0,0,1.0,0.0,0.0,0.0,3.934,0.894,9.129,0.429,14.646
FireSmokeVideoNEW204_f76_jpg.rf.cf1ad84e2d9dff94bca8293370941b6b.jpg,0,0,1.0,0.0,0.0,0.0,3.36,0.595,8.41,0.238,12.84
FireSmokeVideoNEW205_f10_jpg.rf.e7fba039a83b2825fe8609a3ad1fe3ca.jpg,0,0,0.9999,0.0,0.0,0.0,3.065,0.558,8.388,0.25,12.496
FireSmokeVideoNEW205_f12_jpg.rf.12f55726a2d241d15d16c3a031c7acfe.jpg,0,0,0.9998,0.0,0.0,0.0,3.271,0.536,8.406,0.248,12.695
FireSmokeVideoNEW205_f14_jpg.rf.7a8c8488271699eab8c256966bb96d8f.jpg,0,0,1.0,0.0,0.0,0.0,3.028,0.542,8.44,0.243,12.485
FireSmokeVideoNEW205_f16_jpg.rf.e905c3e16c4928c286b1f3fefbcc9f1c.jpg,0,0,0.9957,0.0,0.0,0.0,3.067,0.542,8.498,0.331,12.671
FireSmokeVideoNEW205_f18_jpg.rf.51e26c76cda96a888f7cc153c055c57e.jpg,0,0,0.9172,0.0,0.0,0.0,7.292,1.552,15.7,0.4,25.314
FireSmokeVideoNEW205_f1_jpg.rf.9ee331f7891fbff5a81e53f10a46bf6c.jpg,0,0,0.9783,0.0,0.0,0.0,4.483,0.672,16.558,0.275,22.289
FireSmokeVideoNEW205_f21_jpg.rf.3f9e31151c6d741f1821d0b631734f10.jpg,0,1,0.9507,0.0,0.0,0.0,5.877,0.755,9.806,0.342,17.109
FireSmokeVideoNEW205_f23_jpg.rf.49d41f9e8f04815aecdc7705619019c0.jpg,0,0,0.8415,0.0,0.0,0.0,5.102,0.741,9.916,0.346,16.428
FireSmokeVideoNEW205_f25_jpg.rf.3ffd9812a06a282282d13f0de04d1b95.jpg,0,0,0.8977,0.0,0.0,0.0,5.815,0.723,12.967,0.467,20.304
FireSmokeVideoNEW205_f27_jpg.rf.6b467cc45707dc3b2bb6179354ba0de2.jpg,0,0,0.9147,0.0,0.0,0.0,3.109,0.659,9.892,0.42,14.429
FireSmokeVideoNEW205_f29_jpg.rf.f1b55cdd166f109f23ddbc5b550dbb25.jpg,0,0,0.9625,0.0,0.0,0.0,7.3,1.61,9.377,0.29,18.924
FireSmokeVideoNEW205_f30_jpg.rf.c39e1a1a9569704ab1625e342b6768fa.jpg,0,0,0.9832,0.0,0.0,0.0,5.875,0.577,8.369,0.235,15.288
FireSmokeVideoNEW205_f32_jpg.rf.16aadfde338db2f3d2e35229ca90b5b0.jpg,0,0,0.9919,0.0,0.0,0.0,2.991,0.509,8.39,0.24,12.559
FireSmokeVideoNEW205_f4_jpg.rf.3e50ea94e80f738241c392a66bc4dbc4.jpg,0,0,0.9921,0.0,0.0,0.0,4.269,0.552,8.981,0.326,14.371
FireSmokeVideoNEW205_f6_jpg.rf.0b84566f03710d216aaa2cb4629d22b6.jpg,0,0,0.9976,0.0,0.0,0.0,3.194,0.531,8.411,0.266,12.632
FireSmokeVideoNEW205_f8_jpg.rf.e746678079c464fa2e02dbdd96397757.jpg,0,0,0.9995,0.0,0.0,0.0,5.74,0.798,9.853,0.315,17.036
FireSmokeVideoNEW207_f29_jpg.rf.5072e43a3f70899810cd248ae290c6fc.jpg,0,0,0.9736,0.0,0.0,0.0,4.435,0.59,8.946,0.366,14.57
FireSmokeVideoNEW207_f38_jpg.rf.7da7afabcee0fe3fc4e99b02cb7ec200.jpg,0,0,0.8658,0.0,0.0,0.0,3.312,0.508,11.215,0.403,15.669
FireSmokeVideoNEW207_f50_jpg.rf.38e43eaa6c7f0b0b6aef8d92ae7bc33b.jpg,0,0,0.9819,0.0,0.0,0.0,5.611,1.53,14.625,0.255,22.266
FireSmokeVideoNEW207_f52_jpg.rf.ac33bf9cb002460544fa6971c6294cd1.jpg,0,0,0.9918,0.0,0.0,0.0,4.76,1.473,9.947,0.357,16.874
FireSmokeVideoNEW207_f62_jpg.rf.589bc38eadda71f1f9f9b5fd6a31bdaf.jpg,0,0,0.5436,0.0,0.0,0.0,5.77,0.792,10.253,0.365,17.515
FireSmokeVideoNEW207_f64_jpg.rf.fa87ea2073e4c69c27d5ec48824a23ce.jpg,0,0,0.9612,0.0,0.0,0.0,3.225,0.527,9.309,0.34,13.667
FireSmokeVideoNEW207_f68_jpg.rf.cb005a57beb7f72ad09dd7f63a7c65ae.jpg,0,1,0.9799,0.0,0.0,0.0,3.058,0.527,9.165,0.374,13.359
FireSmokeVideoNEW213_f0_jpg.rf.acf66f73cae0ef7ffba8d96df3334bc1.jpg,0,0,1.0,0.0,0.0,0.0,5.179,0.774,9.788,0.334,16.397
FireSmokeVideoNEW213_f37_jpg.rf.504df7a22d9a3682f368bb8e9a864b74.jpg,0,0,1.0,0.0,0.0,0.0,8.302,1.562,15.183,0.509,25.927
FireSmokeVideoNEW213_f39_jpg.rf.f610dda1c4694427bb2aeb65f22d2519.jpg,0,0,1.0,0.0,0.0,0.0,6.654,2.595,9.075,0.235,18.884
FireSmokeVideoNEW214_f28_jpg.rf.b67e2997751e40a1d9c240eecdfeb90d.jpg,0,1,0.999,0.0,0.0,0.0,8.163,2.566,9.893,0.377,21.352
FireSmokeVideoNEW214_f31_jpg.rf.dddac8520abe0f1d5e75b81b84c20c28.jpg,0,1,0.9979,0.0,0.0,0.0,5.739,1.297,9.978,0.373,17.73
FireSmokeVideoNEW217_f100_jpg.rf.a9373ce1ec863a48d8653481c26156f5.jpg,0,0,1.0,0.0,0.0,0.0,6.094,0.746,10.047,0.433,17.649
FireSmokeVideoNEW217_f108_jpg.rf.16b93711189f1762379f69af719c328d.jpg,0,0,1.0,0.0,0.0,0.0,3.668,0.611,9.14,0.311,13.969
FireSmokeVideoNEW217_f10_jpg.rf.74821e6a9bb2e7227205f7dd92777b6b.jpg,0,0,1.0,0.0,0.0,0.0,6.0,1.893,16.397,0.421,25.065
FireSmokeVideoNEW217_f111_jpg.rf.2299bed8cbf01a1b7e6778708e83477b.jpg,0,0,1.0,0.0,0.0,0.0,3.883,0.635,9.201,0.363,14.325
FireSmokeVideoNEW217_f113_jpg.rf.efd09cd8788647385379fdb3dcf3c087.jpg,0,0,1.0,0.0,0.0,0.0,5.222,1.997,9.925,0.426,17.914
FireSmokeVideoNEW217_f116_jpg.rf.48b271377b83f27ee6794dd67b51d137.jpg,0,0,1.0,0.0,0.0,0.0,4.317,0.571,11.323,0.371,16.827
FireSmokeVideoNEW217_f118_jpg.rf.c3282ec3adcd1755ad307af23c40158c.jpg,0,0,1.0,0.0,0.0,0.0,6.354,0.757,9.989,0.419,17.854
FireSmokeVideoNEW217_f11_jpg.rf.fe9b613659b1f6ffc68f08f6db48adfc.jpg,0,0,1.0,0.0,0.0,0.0,5.577,1.338,9.966,0.368,17.582
FireSmokeVideoNEW217_f121_jpg.rf.2353ff1ea9e105ec7579a296ba31d42b.jpg,0,0,1.0,0.0,0.0,0.0,4.779,1.551,16.823,0.266,23.663
FireSmokeVideoNEW217_f128_jpg.rf.4c9569a8817155737f29d57b918b693b.jpg,0,0,1.0,0.0,0.0,0.0,4.506,2.658,11.314,0.269,19.117
FireSmokeVideoNEW217_f137_jpg.rf.355e1445e5755263e17f71f5cfb3cabd.jpg,0,0,1.0,0.0,0.0,0.0,5.94,1.008,10.017,0.371,17.686
FireSmokeVideoNEW217_f139_jpg.rf.a015957ad4d8c893764adadc3564d5e6.jpg,0,0,1.0,0.0,0.0,0.0,5.943,0.724,8.958,0.236,16.183
FireSmokeVideoNEW217_f140_jpg.rf.905cd403c725484f47e8c319d12c0bcc.jpg,0,0,1.0,0.0,0.0,0.0,6.211,0.752,9.932,0.48,17.716
FireSmokeVideoNEW217_f142_jpg.rf.7b2f15a8e46783cf42066fccdd511a78.jpg,0,0,1.0,0.0,0.0,0.0,3.662,0.703,10.932,0.325,15.864
FireSmokeVideoNEW217_f144_jpg.rf.0fc96687f30d64cc901010a04935ecea.jpg,0,0,1.0,0.0,0.0,0.0,5.486,1.292,9.84,0.37,17.307
FireSmokeVideoNEW217_f146_jpg.rf.13b5b53c5d09bff9bf09edae5d018768.jpg,0,0,1.0,0.0,0.0,0.0,7.232,2.408,15.081,0.269,25.316
FireSmokeVideoNEW217_f14_jpg.rf.33a5f93f8923477faa40a251919cbb30.jpg,0,0,1.0,0.0,0.0,0.0,3.911,0.548,9.076,0.348,14.167
FireSmokeVideoNEW217_f165_jpg.rf.c321a908fed949be52d3de878e3af068.jpg,0,0,1.0,0.0,0.0,0.0,3.755,0.548,9.159,0.338,14.047
FireSmokeVideoNEW217_f167_jpg.rf.f5f387fa96eefadd6d5da4f9eba93fe8.jpg,0,0,1.0,0.0,0.0,0.0,5.866,2.612,9.765,0.332,18.9
FireSmokeVideoNEW217_f169_jpg.rf.d4e8d9fc726c7674b5c544ca652f18ed.jpg,0,0,1.0,0.0,0.0,0.0,6.929,0.826,9.814,0.339,18.247
FireSmokeVideoNEW217_f170_jpg.rf.40da8c3a814bec9203dda24f6fdc4aa2.jpg,0,0,1.0,0.0,0.0,0.0,6.217,0.816,9.87,0.492,17.797
FireSmokeVideoNEW217_f175_jpg.rf.b2b07756e0402cc49db122e0add77753.jpg,0,0,1.0,0.0,0.0,0.0,3.459,0.781,11.314,0.398,16.199
FireSmokeVideoNEW217_f177_jpg.rf.88605f9b92cb5461c60d2194538ba864.jpg,0,0,1.0,0.0,0.0,0.0,6.482,2.411,10.693,0.366,20.289
FireSmokeVideoNEW217_f179_jpg.rf.ffad74096c7d49c5a971bb63e9e0893e.jpg,0,0,1.0,0.0,0.0,0.0,5.751,0.774,9.851,0.34,17.05
FireSmokeVideoNEW217_f181_jpg.rf.ae1f277e7c1fc1083975d6a487d5c575.jpg,0,0,1.0,0.0,0.0,0.0,5.486,0.727,15.288,0.258,22.093
FireSmokeVideoNEW217_f183_jpg.rf.96e621baf17954f5a25876fa98b76901.jpg,0,0,1.0,0.0,0.0,0.0,4.463,2.67,9.416,0.372,17.167
FireSmokeVideoNEW217_f188_jpg.rf.c5e2ff45dde47a1ffaaa95f6e696e5d8.jpg,0,0,1.0,0.0,0.0,0.0,7.009,1.068,9.952,0.375,18.753
FireSmokeVideoNEW217_f18_jpg.rf.e259ee4817325821386e228d69ec590b.jpg,0,0,1.0,0.0,0.0,0.0,5.605,0.761,9.934,0.373,17.023
FireSmokeVideoNEW217_f195_jpg.rf.abb4ee4eacb3c0bc28eb69dcce0900b1.jpg,0,0,1.0,0.0,0.0,0.0,5.903,2.566,14.116,0.279,23.231
FireSmokeVideoNEW217_f197_jpg.rf.69f085f5fc5fe3b6704f1697894ab870.jpg,0,0,1.0,0.0,0.0,0.0,4.964,0.624,15.539,0.276,21.65
FireSmokeVideoNEW217_f199_jpg.rf.2034ba41cbc2996d2b0be969381dd53a.jpg,0,0,1.0,0.0,0.0,0.0,3.411,0.676,8.458,0.266,13.06
FireSmokeVideoNEW217_f200_jpg.rf.8e08442e7fba319b06ec60772c8d87b9.jpg,0,0,1.0,0.0,0.0,0.0,3.429,0.57,8.464,0.233,13.019
FireSmokeVideoNEW217_f20_jpg.rf.cd45d53c627554532a83cb04b923b1d7.jpg,0,0,1.0,0.0,0.0,0.0,3.53,0.581,8.429,0.244,13.028
FireSmokeVideoNEW217_f213_jpg.rf.907c7f8bf6e7a1f549c1d58b68a8f402.jpg,0,0,1.0,0.0,0.0,0.0,4.235,0.839,10.256,0.248,16.054
FireSmokeVideoNEW217_f215_jpg.rf.3fa3043621fed653f78e6295cdb5490b.jpg,0,0,1.0,0.0,0.0,0.0,6.058,2.655,12.148,0.301,21.51
FireSmokeVideoNEW217_f217_jpg.rf.55bd84fe4077a3d1595a56350af545cd.jpg,0,0,1.0,0.0,0.0,0.0,4.39,0.532,11.437,0.379,16.984
FireSmokeVideoNEW217_f21_jpg.rf.2dfb9ce2f22edf5be1fd53fa1942bfd2.jpg,0,0,1.0,0.0,0.0,0.0,6.008,0.754,12.295,0.366,19.764
FireSmokeVideoNEW217_f23_jpg.rf.cd19d39e70dfebad7cff6545b5b6019d.jpg,0,0,1.0,0.0,0.0,0.0,3.538,0.552,9.318,0.337,13.986
FireSmokeVideoNEW217_f25_jpg.rf.a94df0d3028a9abe6b8c10a09dec7c59.jpg,0,0,1.0,0.0,0.0,0.0,5.439,1.953,9.751,0.348,17.82
FireSmokeVideoNEW217_f27_jpg.rf.06ba12fefcbb80378faafa6ce1db4f32.jpg,0,0,1.0,0.0,0.0,0.0,3.56,0.619,9.069,0.329,13.81
FireSmokeVideoNEW217_f29_jpg.rf.efc5389a39f0e16e63edc5a792879459.jpg,0,0,1.0,0.0,0.0,0.0,5.098,0.695,9.567,0.22,15.9
FireSmokeVideoNEW217_f30_jpg.rf.d0b9592c67eb506d0e8be54cab7fed05.jpg,0,0,1.0,0.0,0.0,0.0,6.308,2.031,14.656,0.249,23.489
FireSmokeVideoNEW217_f32_jpg.rf.79ac9c71917c29f71dff9368fd819e70.jpg,0,0,1.0,0.0,0.0,0.0,3.866,2.768,8.376,0.254,15.524
FireSmokeVideoNEW217_f34_jpg.rf.2406074bcd38a38b07569c36e10c4c9b.jpg,0,0,1.0,0.0,0.0,0.0,3.443,0.521,8.385,0.24,12.816
FireSmokeVideoNEW217_f36_jpg.rf.f4677a9876506e73056dbb5e4d1867ac.jpg,0,0,1.0,0.0,0.0,0.0,3.033,0.534,8.483,0.276,12.558
FireSmokeVideoNEW217_f38_jpg.rf.56cbb6b9ba8dcb8a6e849b50a427e820.jpg,0,0,1.0,0.0,0.0,0.0,4.273,0.562,10.249,0.279,15.6
FireSmokeVideoNEW217_f40_jpg.rf.5e0bf555a150e965529da135af30a843.jpg,0,0,1.0,0.0,0.0,0.0,3.072,0.55,8.402,0.243,12.5
FireSmokeVideoNEW217_f42_jpg.rf.547bf36d056de255bbbe8865cf2169e4.jpg,0,0,1.0,0.0,0.0,0.0,5.413,1.717,9.835,0.356,17.66
FireSmokeVideoNEW217_f44_jpg.rf.53343693989b66932b14e172d5b51021.jpg,0,0,1.0,0.0,0.0,0.0,5.854,1.891,13.41,0.515,22.026
FireSmokeVideoNEW217_f46_jpg.rf.6c09d1078ba60b84e5eeae62e8b43ee4.jpg,0,0,1.0,0.0,0.0,0.0,5.231,1.035,9.041,0.245,15.876
FireSmokeVideoNEW217_f48_jpg.rf.960f1757efc2361b33061b66881276af.jpg,0,0,1.0,0.0,0.0,0.0,3.46,0.54,8.368,0.229,12.872
FireSmokeVideoNEW217_f50_jpg.rf.5a4c5a00a2dff53d3d1e9b4912a5e80a.jpg,0,0,1.0,0.0,0.0,0.0,5.805,0.709,8.776,0.231,15.835
FireSmokeVideoNEW217_f52_jpg.rf.f80dd0cbedbe18de1503c537d55a5481.jpg,0,0,1.0,0.0,0.0,0.0,5.735,0.718,8.892,0.244,15.905
FireSmokeVideoNEW217_f55_jpg.rf.192d21a1a9cdd1e7400d2d5319251009.jpg,0,0,1.0,0.0,0.0,0.0,3.628,0.876,9.081,0.37,14.201
FireSmokeVideoNEW217_f58_jpg.rf.09abcbd86f7cf4acca982ff3c84479bf.jpg,0,0,1.0,0.0,0.0,0.0,6.054,0.763,9.769,0.31,17.211
FireSmokeVideoNEW217_f60_jpg.rf.2af19e844fb73cffddc8cd48cea110ef.jpg,0,0,1.0,0.0,0.0,0.0,5.592,0.724,10.06,0.402,17.105
FireSmokeVideoNEW217_f6_jpg.rf.9ad603f7c039681979d3382daca3dfca.jpg,0,0,1.0,0.0,0.0,0.0,4.948,2.196,18.756,0.271,26.52
FireSmokeVideoNEW217_f7_jpg.rf.7a963cc9523ed71e48510b941a897169.jpg,0,0,1.0,0.0,0.0,0.0,3.83,0.632,10.34,0.262,15.304
FireSmokeVideoNEW217_f85_jpg.rf.04954f9a86137e0fdb1a724cfe2e3866.jpg,0,0,1.0,0.0,0.0,0.0,3.014,0.55,8.575,0.256,12.667
FireSmokeVideoNEW217_f96_jpg.rf.9aeddcb7059e6f24f5deb788b8d30f2b.jpg,0,0,1.0,0.0,0.0,0.0,3.003,0.524,8.441,0.258,12.493
FireSmokeVideoNEW217_f98_jpg.rf.523eafbbea416669a571f038b78ed6db.jpg,0,0,1.0,0.0,0.0,0.0,3.045,0.536,8.394,0.257,12.465
FireSmokeVideoNEW217_f9_jpg.rf.add7279aa36849c24e3ac2f2216f064d.jpg,0,0,1.0,0.0,0.0,0.0,3.406,0.536,10.49,0.258,14.918
FireSmokeVideoNEW219_f100_jpg.rf.e9c25439b3dad49808efeef37acaf92b.jpg,0,0,0.9931,0.0,0.0,0.0,3.063,0.527,8.609,0.279,12.703
FireSmokeVideoNEW219_f103_jpg.rf.5c3a06fd5e7e5de7bc2439421cae9ca3.jpg,0,1,0.6959,0.0,0.0,0.0,5.152,0.688,9.093,0.263,15.509
FireSmokeVideoNEW219_f105_jpg.rf.93e9b68294084ef359c3fbac8af68844.jpg,0,0,0.989,0.0,0.0,0.0,4.24,1.863,13.545,0.242,20.166
FireSmokeVideoNEW219_f107_jpg.rf.2279d0f434d08b421e5847b77ba49c98.jpg,0,0,1.0,0.0,0.0,0.0,4.867,1.219,5.01,0.229,11.731
FireSmokeVideoNEW219_f109_jpg.rf.2497933b49e36296ad41b2a9e7c629af.jpg,0,0,0.9784,0.0,0.0,0.0,3.384,0.532,5.008,0.255,9.413
FireSmokeVideoNEW219_f111_jpg.rf.d13eb49c432b395eb0f4789afa26799e.jpg,0,0,0.9995,0.0,0.0,0.0,4.325,1.81,5.042,0.258,11.684
FireSmokeVideoNEW219_f116_jpg.rf.ae9afca806c236a71f19e8f194bf2109.jpg,0,0,1.0,0.0,0.0,0.0,3.553,0.538,9.36,0.412,14.1
FireSmokeVideoNEW219_f118_jpg.rf.75f5a183e6eb763184506172e56826c1.jpg,0,0,0.9871,0.0,0.0,0.0,3.59,2.485,11.215,0.376,17.911
FireSmokeVideoNEW219_f120_jpg.rf.8875901f36a17bf88cbe1e1e9321ee1c.jpg,0,0,0.9999,0.0,0.0,0.0,7.724,2.597,8.883,0.229,19.764
FireSmokeVideoNEW219_f122_jpg.rf.3f2b747a1a6d8bb134411da04b6d5ceb.jpg,0,0,1.0,0.0,0.0,0.0,4.584,1.919,9.502,0.236,16.54
FireSmokeVideoNEW219_f126_jpg.rf.52f94dd838172beb57e8ec37c56c19f4.jpg,0,0,0.9996,0.0,0.0,0.0,6.076,1.86,11.594,0.356,20.202
FireSmokeVideoNEW219_f129_jpg.rf.d5223592df753ce9aeeff5fbcfd2f6f3.jpg,0,0,0.9847,0.0,0.0,0.0,3.571,0.656,9.771,0.325,14.627
FireSmokeVideoNEW219_f131_jpg.rf.af45167297be8a47f6ecf78c4971240e.jpg,0,0,1.0,0.0,0.0,0.0,5.177,0.992,9.678,0.336,16.559
FireSmokeVideoNEW219_f15_jpg.rf.978176c15dd5ec19d9fdef9fa30e2015.jpg,0,1,0.9877,0.0,0.0,0.0,7.446,1.702,9.213,0.276,18.966
FireSmokeVideoNEW219_f17_jpg.rf.a780d3a9489a1ff49e169de9167318e6.jpg,0,1,0.9674,0.0,0.0,0.0,3.992,0.554,12.191,0.554,17.544
FireSmokeVideoNEW219_f19_jpg.rf.cee064d43b06eea7a26764d10b69fa56.jpg,0,0,0.9999,0.0,0.0,0.0,6.797,0.831,9.243,0.268,17.476
FireSmokeVideoNEW219_f20_jpg.rf.fba5b315002bba70a5f2d53923ab3523.jpg,0,0,0.9231,0.0,0.0,0.0,5.212,1.068,9.017,0.361,15.989
FireSmokeVideoNEW219_f23_jpg.rf.1e8e04436c82a1922489aa2b214fbd6f.jpg,0,0,0.7162,0.0,0.0,0.0,6.501,0.728,9.691,0.34,17.589
FireSmokeVideoNEW219_f25_jpg.rf.a18994c7f34d6a907f4692a87e6fa3f9.jpg,0,0,0.9992,0.0,0.0,0.0,5.51,1.175,9.862,0.435,17.308
FireSmokeVideoNEW219_f30_jpg.rf.fdee063af522e346cd388bc1a4242f7d.jpg,0,0,1.0,0.0,0.0,0.0,3.4,0.534,9.25,0.356,13.776
FireSmokeVideoNEW219_f32_jpg.rf.ddc873a0551526ca65fa1d06f97bac64.jpg,0,0,1.0,0.0,0.0,0.0,5.885,2.152,10.011,0.276,18.67
FireSmokeVideoNEW219_f34_jpg.rf.cad5fbd8012adc27392d185d547a64f2.jpg,0,0,0.9998,0.0,0.0,0.0,4.507,2.699,9.134,0.339,16.919
FireSmokeVideoNEW219_f36_jpg.rf.fb0ae754ede857299d29e3b6cc6ccc0d.jpg,0,0,0.9994,0.0,0.0,0.0,6.017,0.735,12.153,0.39,19.7
FireSmokeVideoNEW219_f38_jpg.rf.4e36385b74d11f5f344b6164d4443826.jpg,0,0,1.0,0.0,0.0,0.0,3.352,0.542,11.411,0.33,15.87
FireSmokeVideoNEW219_f3_jpg.rf.9a3acc348be776f3126eaa01a6b9143d.jpg,0,1,0.9989,0.0,0.0,0.0,5.918,1.196,9.795,0.347,17.589
FireSmokeVideoNEW219_f44_jpg.rf.c6201b2a651fb15d42c47372f48143ea.jpg,0,0,0.9988,0.0,0.0,0.0,5.61,2.014,9.718,0.32,17.988
FireSmokeVideoNEW219_f49_jpg.rf.f8352761af02510da64ff9dbb7764208.jpg,0,0,0.9999,0.0,0.0,0.0,5.945,0.76,13.222,0.409,20.689
FireSmokeVideoNEW219_f50_jpg.rf.69a64e822cf2cb5905705e4998e6a371.jpg,0,0,0.998,0.0,0.0,0.0,3.767,1.662,9.234,0.259,15.249
FireSmokeVideoNEW219_f52_jpg.rf.4ed33f2006955f25cbd6976e65731478.jpg,0,0,0.9999,0.0,0.0,0.0,5.966,2.377,8.383,0.239,17.199
FireSmokeVideoNEW219_f54_jpg.rf.2a009997f531c42dc612957036039b92.jpg,0,0,0.9999,0.0,0.0,0.0,2.984,0.522,8.301,0.263,12.287
FireSmokeVideoNEW219_f56_jpg.rf.4d435bbf60e5244de2a83067cd503697.jpg,0,1,0.9963,0.0,0.0,0.0,3.055,0.521,8.347,0.249,12.399
FireSmokeVideoNEW219_f58_jpg.rf.816855101b006e8917308145fbff4683.jpg,0,0,0.9981,0.0,0.0,0.0,3.372,0.556,8.237,0.216,12.607
FireSmokeVideoNEW219_f5_jpg.rf.c45888dccdeb80cf3c1d57eaa8742807.jpg,0,0,0.9787,0.0,0.0,0.0,3.465,0.55,8.373,0.24,12.858
FireSmokeVideoNEW219_f64_jpg.rf.fcb2ab218c52a47f8b4b7a045dbaca13.jpg,0,0,1.0,0.0,0.0,0.0,3.363,0.627,8.39,0.239,12.863
FireSmokeVideoNEW219_f6_jpg.rf.42c28bdff3ab813f2e324a70ba7df0cd.jpg,0,0,0.743,0.0,0.0,0.0,3.05,0.558,8.393,0.25,12.486
FireSmokeVideoNEW219_f79_jpg.rf.71af1f0cdfcf193eb39b9d23e563f5fe.jpg,0,0,0.9998,0.0,0.0,0.0,3.107,0.553,8.387,0.258,12.545
FireSmokeVideoNEW219_f82_jpg.rf.2d98843486d600dadb1fb1f51cae9b86.jpg,0,1,0.7207,0.0,0.0,0.0,6.125,1.439,17.983,0.258,26.131
FireSmokeVideoNEW219_f84_jpg.rf.2d6d394cdec8ac45d1947e9a0a70f46b.jpg,0,0,0.8333,0.0,0.0,0.0,6.252,0.525,8.996,0.347,16.346
FireSmokeVideoNEW219_f86_jpg.rf.facd7c1be6d3a656b924ea93978566be.jpg,0,0,0.6659,0.0,0.0,0.0,5.332,0.689,9.333,0.233,15.923
FireSmokeVideoNEW219_f88_jpg.rf.a022c08baa2e6f8d0487a9b1be99b2fb.jpg,0,1,0.9985,0.0,0.0,0.0,3.826,1.049,9.135,0.346,14.638
FireSmokeVideoNEW219_f8_jpg.rf.046f3bd1cafb22613d463425cf33c9da.jpg,0,0,1.0,0.0,0.0,0.0,3.63,0.533,10.915,0.328,15.633
FireSmokeVideoNEW219_f91_jpg.rf.9f1e6dfa4f1a9256334d175a92273a16.jpg,0,0,0.9998,0.0,0.0,0.0,5.503,1.438,9.152,0.241,16.639
FireSmokeVideoNEW219_f96_jpg.rf.a40be148c2196c81a3b370bf04ff8cee.jpg,0,0,0.9982,0.0,0.0,0.0,6.227,1.535,11.08,0.396,19.491
FireSmokeVideoNEW219_f98_jpg.rf.f2faa3e7c16967233b337aad59c2372d.jpg,0,0,0.9997,0.0,0.0,0.0,4.655,0.567,9.422,0.453,15.349
FireSmokeVideoNEW235_f33_jpg.rf.0a3116fe91b93b2b42685c8f07b15f59.jpg,0,0,1.0,0.0,0.0,0.0,4.284,0.541,9.178,0.371,14.62
FireSmokeVideoNEW235_f37_jpg.rf.90215e2867005d19440f24ddd8be4134.jpg,0,0,1.0,0.0,0.0,0.0,5.656,0.879,9.688,0.34,16.911
FireSmokeVideoNEW235_f40_jpg.rf.8cddc8b01761e5099ffc078afe05dcfe.jpg,0,0,1.0,0.0,0.0,0.0,6.131,0.875,9.711,0.335,17.377
FireSmokeVideoNEW237_f16_jpg.rf.5f11e272d92059f407f138e3d5a60da6.jpg,0,0,0.9996,0.0,0.0,0.0,5.311,2.669,13.344,0.47,22.139
FireSmokeVideoNEW237_f18_jpg.rf.a6fdf7b427848eb4ea6973ff968a3354.jpg,0,0,0.9998,0.0,0.0,0.0,5.845,2.611,9.578,0.233,18.616
FireSmokeVideoNEW237_f1_jpg.rf.d1f928ef436c01e7b2cf526c4f809b21.jpg,0,0,1.0,0.0,0.0,0.0,3.877,0.564,9.226,0.365,14.278
FireSmokeVideoNEW237_f22_jpg.rf.db0488cc4f6f26c8e0fafe466b04c599.jpg,0,1,0.8178,0.0,0.0,0.0,6.087,0.799,9.764,0.366,17.353
FireSmokeVideoNEW237_f24_jpg.rf.50b525402b3eeb1da34eaca14126f841.jpg,0,0,0.9971,0.0,0.0,0.0,6.412,0.749,9.966,0.462,17.95
FireSmokeVideoNEW237_f26_jpg.rf.292fa36bc2afe2ee1be1016fa5349d28.jpg,0,0,0.9994,0.0,0.0,0.0,4.012,0.565,9.007,0.342,14.178
FireSmokeVideoNEW237_f2_jpg.rf.2e172a45e9ba82d4ad523119d91a1e54.jpg,0,0,1.0,0.0,0.0,0.0,5.934,2.64,9.711,0.348,18.963
FireSmokeVideoNEW237_f36_jpg.rf.8489fa3bf6c71ee4d009d4fd3ced8a26.jpg,0,0,1.0,0.0,0.0,0.0,6.692,2.178,10.059,0.369,19.707
FireSmokeVideoNEW237_f38_jpg.rf.83e1c26126ab42521c01f2d6fb8bf25c.jpg,0,0,0.9998,0.0,0.0,0.0,7.684,1.345,10.458,0.287,20.005
FireSmokeVideoNEW237_f40_jpg.rf.75afeed09f8d7c77cf67b47a49c36595.jpg,0,0,1.0,0.0,0.0,0.0,3.076,0.549,10.135,0.366,14.36
FireSmokeVideoNEW237_f42_jpg.rf.1e54ef2074d501111766d23a9c125016.jpg,0,0,1.0,0.0,0.0,0.0,5.145,0.71,9.708,0.371,16.244
FireSmokeVideoNEW239_f11_jpg.rf.68967d6ccd4e0696316a88c71059fe48.jpg,0,1,0.8349,0.0,0.0,0.0,5.117,0.727,9.747,0.351,16.318
FireSmokeVideoNEW239_f13_jpg.rf.47e9d94edb230b4d3d7a90e4a030b812.jpg,0,1,0.9952,0.0,0.0,0.0,6.326,0.747,9.892,0.419,17.701
FireSmokeVideoNEW239_f19_jpg.rf.547e1d5a34191e556bcee188b8d70562.jpg,0,0,1.0,0.0,0.0,0.0,3.213,0.546,10.97,0.353,15.312
FireSmokeVideoNEW239_f20_jpg.rf.fc7c6c45683e4bb495152a4a71da41c9.jpg,0,0,1.0,0.0,0.0,0.0,6.309,2.457,13.835,0.287,23.247
FireSmokeVideoNEW239_f22_jpg.rf.e5b4ae7747d32b81ac24d361025cef74.jpg,0,0,1.0,0.0,0.0,0.0,3.861,0.548,11.008,0.341,15.999
FireSmokeVideoNEW239_f39_jpg.rf.aa6a200b4d0178ecbf3e7b4245b845ed.jpg,0,0,0.5297,0.0,0.0,0.0,5.857,0.75,9.851,0.444,17.232
FireSmokeVideoNEW239_f40_jpg.rf.5400696a6507c2c33b93aefa6aefe051.jpg,0,0,0.5807,0.0,0.0,0.0,3.391,0.565,9.091,0.359,13.654
FireSmokeVideoNEW239_f46_jpg.rf.d2960d91eab4ce54a9db418325f9564a.jpg,0,1,0.5642,0.0,0.0,0.0,5.5,0.73,9.692,0.318,16.555
FireSmokeVideoNEW239_f59_jpg.rf.f284514ce57dd6611a19f3b0eb179ea6.jpg,0,0,0.9996,0.0,0.0,0.0,3.017,0.52,8.349,0.231,12.343
FireSmokeVideoNEW239_f60_jpg.rf.9a19d896995c8f884c4af9a5adec577c.jpg,0,0,0.998,0.0,0.0,0.0,3.351,0.553,8.46,0.237,12.84
FireSmokeVideoNEW239_f62_jpg.rf.c5dbdb82e651aa6e0eeadf51a3d4b0b8.jpg,0,0,0.9992,0.0,0.0,0.0,3.086,0.846,10.248,0.261,14.675
FireSmokeVideoNEW239_f70_jpg.rf.f2b597cea774e2c3131039471aa2744d.jpg,0,0,0.9989,0.0,0.0,0.0,3.938,2.359,10.425,0.254,17.236
FireSmokeVideoNEW239_f7_jpg.rf.716102698433c487e0011b828b703f1d.jpg,0,0,0.6808,0.0,0.0,0.0,3.902,0.593,8.404,0.237,13.361
FireSmokeVideoNEW239_f83_jpg.rf.fd4fba17753f5ce5a45588d3a16fd999.jpg,0,0,1.0,0.0,0.0,0.0,3.45,0.536,8.508,0.263,12.986
FireSmokeVideoNEW23_f102_jpg.rf.f6918e51a89dedb0dba64a14386fd485.jpg,0,0,1.0,0.0,0.0,0.0,3.477,0.811,8.44,0.237,13.215
FireSmokeVideoNEW23_f105_jpg.rf.4b98f0ba685d140a37dbbc9990c03762.jpg,0,0,1.0,0.0,0.0,0.0,3.119,0.938,9.525,0.359,14.175
FireSmokeVideoNEW23_f118_jpg.rf.e6a891db192eb91ffbb8e7475705dd9d.jpg,0,0,0.9999,0.0,0.0,0.0,5.809,1.087,9.868,0.343,17.435
FireSmokeVideoNEW23_f122_jpg.rf.c171441c5b0ca3924c8c66c72534cf2b.jpg,0,0,1.0,0.0,0.0,0.0,6.294,2.199,14.988,0.394,24.24
FireSmokeVideoNEW23_f125_jpg.rf.5debf4bd1984f010c1b1dcd28310aa83.jpg,0,0,1.0,0.0,0.0,0.0,7.056,2.545,9.906,0.263,20.135
FireSmokeVideoNEW23_f127_jpg.rf.37c0782706a1236efceb4c739407dd25.jpg,0,0,1.0,0.0,0.0,0.0,4.675,0.555,9.069,0.383,14.927
FireSmokeVideoNEW23_f129_jpg.rf.2ea639692a7e29daa8b8ea1de69eeb72.jpg,0,0,0.9999,0.0,0.0,0.0,5.444,0.749,9.709,0.33,16.651
FireSmokeVideoNEW23_f131_jpg.rf.466531ad1511190a89c1eb2be15960fd.jpg,0,0,1.0,0.0,0.0,0.0,5.521,0.753,9.681,0.326,16.69
FireSmokeVideoNEW23_f133_jpg.rf.4cb0c0e8f14d2f4314645ba2d96e90d0.jpg,0,0,1.0,0.0,0.0,0.0,3.635,0.786,9.084,0.336,14.075
FireSmokeVideoNEW23_f17_jpg.rf.7e12e7a6b3bf78ade1514efca4fa6b17.jpg,0,0,0.9976,0.0,0.0,0.0,6.36,0.746,9.986,0.388,17.803
FireSmokeVideoNEW23_f20_jpg.rf.45ba21827ce25fc5f38bfbc2f24d6b8e.jpg,0,0,0.9991,0.0,0.0,0.0,6.734,1.918,9.281,0.228,18.529
FireSmokeVideoNEW23_f22_jpg.rf.29f2d535a890c06a4cf54fb62aeae916.jpg,0,0,0.9999,0.0,0.0,0.0,5.044,0.697,9.784,0.317,16.164
FireSmokeVideoNEW23_f24_jpg.rf.967b8a5e7330bbab9f4342e93da5b612.jpg,0,0,1.0,0.0,0.0,0.0,4.736,0.498,8.724,0.33,14.513
FireSmokeVideoNEW23_f27_jpg.rf.31f2d7fbc4ad759a14190cf119c86cd3.jpg,0,0,0.9999,0.0,0.0,0.0,5.601,0.723,9.672,0.335,16.646
FireSmokeVideoNEW23_f30_jpg.rf.73360b6fc9f719c0b07919def1843b67.jpg,0,0,0.9996,0.0,0.0,0.0,5.931,0.723,9.793,0.352,17.12
FireSmokeVideoNEW23_f36_jpg.rf.a573980f5cbddf58725ec307297ae2c2.jpg,0,0,1.0,0.0,0.0,0.0,5.751,1.371,9.787,0.428,17.664
FireSmokeVideoNEW23_f44_jpg.rf.9cb37443c4da43f08c79e1c8c7270ad3.jpg,0,0,0.9998,0.0,0.0,0.0,5.313,1.757,10.949,0.507,18.85
FireSmokeVideoNEW23_f50_jpg.rf.1d318ace626b552ab85bedae9c6fe2ae.jpg,0,0,1.0,0.0,0.0,0.0,5.556,0.558,9.094,0.356,15.809
FireSmokeVideoNEW23_f57_jpg.rf.4e21297b504ef4126b9a6b95cad8ca0c.jpg,0,0,1.0,0.0,0.0,0.0,6.134,0.874,9.717,0.336,17.387
FireSmokeVideoNEW23_f59_jpg.rf.d2f656988b1f5b0fb714b178d9799544.jpg,0,0,1.0,0.0,0.0,0.0,5.41,1.907,12.495,0.255,20.4
FireSmokeVideoNEW23_f63_jpg.rf.0ac33d38cacbd861c7b582f17c820bb4.jpg,0,0,0.9999,0.0,0.0,0.0,5.849,1.931,9.15,0.242,17.5
FireSmokeVideoNEW23_f76_jpg.rf.a966534c07edefd0f3dff0c96376a243.jpg,0,0,1.0,0.0,0.0,0.0,4.194,0.654,9.232,0.344,14.716
FireSmokeVideoNEW23_f90_jpg.rf.b61cfc180d6eceb938b4af6caf51abf9.jpg,0,0,1.0,0.0,0.0,0.0,5.991,0.96,8.778,0.686,16.739
FireSmokeVideoNEW240_f24_jpg.rf.c32f26544e37c883914250c509498e68.jpg,0,0,1.0,0.0,0.0,0.0,6.571,2.462,12.542,0.283,22.199
FireSmokeVideoNEW240_f26_jpg.rf.827a12f2836232905b4da03069e4a2bb.jpg,0,0,1.0,0.0,0.0,0.0,3.724,1.225,10.6,0.372,16.161
FireSmokeVideoNEW247_f0_jpg.rf.beef7d32aee1fcf9184bde5c0007c8a7.jpg,0,0,0.9999,0.0,0.0,0.0,6.274,0.766,8.962,0.23,16.548
FireSmokeVideoNEW247_f11_jpg.rf.22e187d3de34114cbe2eee824dcf8ea4.jpg,0,0,0.9993,0.0,0.0,0.0,5.675,0.528,8.377,0.239,15.053
FireSmokeVideoNEW247_f13_jpg.rf.cf17b57023a106f84957783337e1dd83.jpg,0,0,0.9907,0.0,0.0,0.0,5.43,0.727,12.39,0.304,19.17
FireSmokeVideoNEW247_f15_jpg.rf.36fd571e1f519a0b5e072f998cf318bf.jpg,0,0,0.9805,0.0,0.0,0.0,3.605,0.526,9.14,0.396,13.903
FireSmokeVideoNEW247_f22_jpg.rf.f99e1b6f5eb1bddbeb9ce9f856242d0b.jpg,0,0,0.9995,0.0,0.0,0.0,5.391,0.73,9.939,0.321,16.714
FireSmokeVideoNEW247_f24_jpg.rf.1ee4e739ab247b40d19859c571533d93.jpg,0,0,0.9962,0.0,0.0,0.0,6.278,2.003,9.338,0.26,18.222
FireSmokeVideoNEW247_f26_jpg.rf.a797b29033eb18f9d2b6c36421877eb6.jpg,0,0,0.9993,0.0,0.0,0.0,6.397,1.124,11.296,0.39,19.44
FireSmokeVideoNEW247_f29_jpg.rf.f14ac60e4f41877c5491fde4790673c3.jpg,0,0,0.9969,0.0,0.0,0.0,5.961,1.377,9.534,0.558,17.769
FireSmokeVideoNEW247_f30_jpg.rf.aafb436047adf51b707ef78707e2b913.jpg,0,0,0.9976,0.0,0.0,0.0,5.783,0.766,10.084,0.36,17.32
FireSmokeVideoNEW247_f32_jpg.rf.e9ff5ba78f26413500f425b399e23665.jpg,0,0,0.9957,0.0,0.0,0.0,3.838,0.555,9.142,0.369,14.172
FireSmokeVideoNEW247_f34_jpg.rf.6c3c5690e43240a790d6a5e9721b8c63.jpg,0,0,0.9963,0.0,0.0,0.0,5.93,2.314,15.104,0.759,24.459
FireSmokeVideoNEW247_f4_jpg.rf.6a0ddd7371fb83e53e311ea22189d480.jpg,0,0,0.9998,0.0,0.0,0.0,6.129,1.714,12.289,0.493,20.891
FireSmokeVideoNEW247_f6_jpg.rf.a694822f16bef6e50518310eca6ac39e.jpg,0,0,0.9999,0.0,0.0,0.0,3.592,0.495,9.104,0.37,13.803
FireSmokeVideoNEW247_f8_jpg.rf.6b64236393a322ec185f256a364cf11c.jpg,0,0,1.0,0.0,0.0,0.0,5.896,1.107,9.766,0.352,17.472
FireSmokeVideoNEW257_f14_jpg.rf.219b5dbc0697a8fa0cc33d06791cae70.jpg,0,0,0.999,0.0,0.0,0.0,3.944,0.558,9.028,0.416,14.189
FireSmokeVideoNEW258_f100_jpg.rf.355178e1214dd3903eaa752ee7eef30e.jpg,0,0,0.9998,0.0,0.0,0.0,3.21,1.626,9.7,0.345,15.124
FireSmokeVideoNEW258_f11_jpg.rf.0dba1da8050dc2ce1b709b5f242f741d.jpg,0,0,0.9994,0.0,0.0,0.0,6.191,0.813,9.733,0.342,17.409
FireSmokeVideoNEW258_f170_jpg.rf.6c3e4b2743ca89c8ee5dd1856a6141bd.jpg,0,0,1.0,0.0,0.0,0.0,5.297,2.328,9.983,0.27,18.232
FireSmokeVideoNEW258_f1_jpg.rf.0d3b83be9ba47d2910cdb2dec33113fc.jpg,0,0,1.0,0.0,0.0,0.0,7.163,1.932,13.253,0.262,22.838
FireSmokeVideoNEW258_f2_jpg.rf.b83eafff3fd4b43c1860e76314bb50ac.jpg,0,0,1.0,0.0,0.0,0.0,3.856,0.537,9.123,0.349,14.093
FireSmokeVideoNEW258_f3_jpg.rf.cd8a2e8513bdb4e131855fb45fd1bdfc.jpg,0,0,1.0,0.0,0.0,0.0,6.805,1.568,8.981,0.244,17.924
FireSmokeVideoNEW258_f41_jpg.rf.de1a58da1bf54a7517d2312b13c76577.jpg,0,0,0.9999,0.0,0.0,0.0,5.565,1.312,9.8,0.339,17.365
FireSmokeVideoNEW258_f51_jpg.rf.3235141ca98e65b2ab3e2a034029f5f0.jpg,0,0,0.9995,0.0,0.0,0.0,5.919,0.925,12.917,0.389,20.487
FireSmokeVideoNEW258_f5_jpg.rf.0858c131be1788253fc6056f1b952726.jpg,0,0,1.0,0.0,0.0,0.0,3.356,0.735,12.031,0.431,16.891
FireSmokeVideoNEW258_f7_jpg.rf.8516c19839e35db825c80a381605f57c.jpg,0,0,1.0,0.0,0.0,0.0,6.931,2.808,8.837,0.369,19.295
FireSmokeVideoNEW258_f8_jpg.rf.06a72518e055cecd6c4555cd122fc078.jpg,0,0,0.9997,0.0,0.0,0.0,4.294,0.608,9.3,0.347,14.794
FireSmokeVideoNEW266_f22_jpg.rf.f1df0a77304fe82235036772cf5b8801.jpg,0,0,0.9943,0.0,0.0,0.0,5.343,0.921,12.944,0.415,19.95
FireSmokeVideoNEW26_f19_jpg.rf.aeed9f3bfcb0a0dee24e772e00f3a420.jpg,0,0,1.0,0.0,0.0,0.0,5.941,0.744,10.096,0.328,17.453
FireSmokeVideoNEW26_f21_jpg.rf.4f774db17e69a10fb5f9a8f7999edf9c.jpg,0,0,1.0,0.0,0.0,0.0,3.497,0.53,9.065,0.369,13.702
FireSmokeVideoNEW26_f23_jpg.rf.8aa65d6972e281489f02f3f5ca285e15.jpg,0,0,0.9958,0.0,0.0,0.0,5.847,0.745,9.844,0.361,17.12
FireSmokeVideoNEW26_f25_jpg.rf.2dfc9f18e082edcb01be0a2710a98b76.jpg,0,0,0.9999,0.0,0.0,0.0,2.973,0.559,9.107,0.421,13.296
FireSmokeVideoNEW26_f31_jpg.rf.4143b47a6b97ba01168be4b9d2f60793.jpg,0,0,1.0,0.0,0.0,0.0,5.853,1.491,15.64,0.293,23.522
FireSmokeVideoNEW26_f35_jpg.rf.337993c7df976473f1dae7d82060e013.jpg,0,0,1.0,0.0,0.0,0.0,4.319,0.556,9.097,0.361,14.586
FireSmokeVideoNEW26_f46_jpg.rf.589a067217e777a751aad10475ecbefe.jpg,0,0,1.0,0.0,0.0,0.0,5.677,0.864,9.801,0.374,17.068
FireSmokeVideoNEW26_f4_jpg.rf.d688d7df9f262c6d2b3e578c6873be05.jpg,0,0,1.0,0.0,0.0,0.0,5.566,0.769,9.897,0.471,17.158
FireSmokeVideoNEW26_f56_jpg.rf.091996435ae26520beb3244b5e0ee2bc.jpg,0,0,1.0,0.0,0.0,0.0,3.546,1.019,9.096,0.358,14.289
FireSmokeVideoNEW26_f59_jpg.rf.fa7bc3aac3cd3f1c051dd584b60dafe4.jpg,0,0,1.0,0.0,0.0,0.0,5.768,0.819,9.864,0.355,17.142
FireSmokeVideoNEW26_f60_jpg.rf.62d0d8eae4ccc467a2e8fced935b824d.jpg,0,0,1.0,0.0,0.0,0.0,6.936,1.793,10.024,0.495,19.606
FireSmokeVideoNEW26_f63_jpg.rf.69b2cff0f2bb17ae0ff536fc67019a1d.jpg,0,0,0.9994,0.0,0.0,0.0,6.7,1.293,13.391,0.269,21.986
FireSmokeVideoNEW272_f17_jpg.rf.681a79d14101780a9bcd7453d9a3c679.jpg,0,0,1.0,0.0,0.0,0.0,6.255,0.75,9.899,0.439,17.691
FireSmokeVideoNEW272_f19_jpg.rf.9e21fc07045a840ba29d86234002d9e9.jpg,0,0,1.0,0.0,0.0,0.0,5.252,1.19,9.891,0.358,17.033
FireSmokeVideoNEW272_f34_jpg.rf.17eab7e1f185c1bf78222fa35986e631.jpg,0,0,1.0,0.0,0.0,0.0,6.747,1.259,9.437,0.257,18.021
FireSmokeVideoNEW272_f40_jpg.rf.5021128e8f11f4be0933cbc0e2ffd97a.jpg,0,0,1.0,0.0,0.0,0.0,5.133,0.72,10.6,0.492,17.267
FireSmokeVideoNEW275_f0_jpg.rf.66efa8f4455c2211b1008e5a09fc635f.jpg,0,0,1.0,0.0,0.0,0.0,4.206,2.906,10.137,0.382,17.982
FireSmokeVideoNEW275_f2_jpg.rf.2c4eb2d850522c60eb1ad7590c09421c.jpg,0,0,1.0,0.0,0.0,0.0,6.185,0.794,8.809,0.284,16.403
FireSmokeVideoNEW275_f4_jpg.rf.3c3d229e122e904ca5813eb2f0b03a09.jpg,0,0,1.0,0.0,0.0,0.0,3.361,0.548,8.495,0.302,12.942
FireSmokeVideoNEW275_f7_jpg.rf.3d3cfcb2ac85080323093b5f4f6c41b8.jpg,0,0,0.9997,0.0,0.0,0.0,3.817,0.831,8.656,0.27,13.803
FireSmokeVideoNEW28_f10_jpg.rf.4bb4d72f7f6c00ff76743ecb428ff3d0.jpg,0,0,1.0,0.0,0.0,0.0,4.129,0.669,8.525,0.262,13.836
FireSmokeVideoNEW28_f1_jpg.rf.d1e73d75ae2b9e6caeec1d2cdc9124e7.jpg,0,0,1.0,0.0,0.0,0.0,3.326,0.943,8.377,0.226,13.112
FireSmokeVideoNEW28_f21_jpg.rf.457752981e7607422ba3a8fc0040cba9.jpg,0,0,1.0,0.0,0.0,0.0,6.551,0.846,9.764,0.346,17.837
FireSmokeVideoNEW28_f23_jpg.rf.f783a837f645611d965ea29521af99c8.jpg,0,0,1.0,0.0,0.0,0.0,5.786,2.513,14.429,0.512,23.63
FireSmokeVideoNEW28_f29_jpg.rf.e6f9ee24d7da87d2cb32dadd9e3b77c4.jpg,0,0,1.0,0.0,0.0,0.0,5.069,2.682,10.301,0.235,18.516
FireSmokeVideoNEW28_f31_jpg.rf.b75f68e92e02020b7ebcb2ab065a5e01.jpg,0,0,1.0,0.0,0.0,0.0,5.971,1.275,8.912,0.211,16.675
FireSmokeVideoNEW28_f34_jpg.rf.92bb8541bcf700c33b44667585e21002.jpg,0,0,1.0,0.0,0.0,0.0,5.956,0.708,8.929,0.228,16.191
FireSmokeVideoNEW28_f36_jpg.rf.d36a568fc3698f3163d4868ee8ad919b.jpg,0,0,1.0,0.0,0.0,0.0,6.472,0.748,9.967,0.623,18.156
FireSmokeVideoNEW28_f38_jpg.rf.3439617aab6c1d0e3ae38eb636cbbf8f.jpg,0,0,1.0,0.0,0.0,0.0,3.659,0.546,9.1,0.384,13.931
FireSmokeVideoNEW28_f3_jpg.rf.8071c70044c10492beb8062b5511f680.jpg,0,0,1.0,0.0,0.0,0.0,5.275,0.768,9.713,0.328,16.406
FireSmokeVideoNEW2_f21_jpg.rf.0e9524cf62f6668246104036ea965a9a.jpg,0,0,0.9998,0.0,0.0,0.0,7.577,1.777,16.44,0.403,26.542
FireSmokeVideoNEW2_f23_jpg.rf.2419c84a5bda0a37d4631053393f7144.jpg,0,0,1.0,0.0,0.0,0.0,6.459,1.868,14.435,0.267,23.349
FireSmokeVideoNEW2_f3_jpg.rf.96bdfc0d1d0807033c3499bfcca417d2.jpg,0,0,0.9995,0.0,0.0,0.0,3.784,0.531,9.298,0.479,14.339
FireSmokeVideoNEW2_f5_jpg.rf.acd86e0e4ec1ad803dd924f149d009d0.jpg,0,0,0.9981,0.0,0.0,0.0,5.101,0.745,10.456,0.378,17.027
FireSmokeVideoNEW32_f0_jpg.rf.2400a4bfa095f21a573437da42451295.jpg,0,0,1.0,0.0,0.0,0.0,5.188,0.722,9.935,0.329,16.508
FireSmokeVideoNEW32_f13_jpg.rf.ae355b286908e2d29d9a44f3f1b567b9.jpg,0,0,1.0,0.0,0.0,0.0,5.14,1.72,10.026,0.479,17.715
FireSmokeVideoNEW32_f16_jpg.rf.a2bcfc2b71be00d988e48550c76c42a9.jpg,0,0,1.0,0.0,0.0,0.0,5.27,2.813,10.257,0.492,19.083
FireSmokeVideoNEW32_f1_jpg.rf.3299347e0a4bdbc4da1df1a6db03ccd7.jpg,0,0,1.0,0.0,0.0,0.0,4.052,0.555,9.044,0.325,14.223
FireSmokeVideoNEW32_f22_jpg.rf.83ac8450a5d131bcc7a1a42581404bdf.jpg,0,0,1.0,0.0,0.0,0.0,4.345,1.632,9.339,0.356,15.911
FireSmokeVideoNEW32_f30_jpg.rf.14dd351a29b47e6c65320fb88bd6908f.jpg,0,0,1.0,0.0,0.0,0.0,5.411,0.737,9.878,0.351,16.707
FireSmokeVideoNEW32_f32_jpg.rf.c7579105a780c42823b2bf0cfe716a2f.jpg,0,0,1.0,0.0,0.0,0.0,3.755,0.6,9.085,0.36,14.051
FireSmokeVideoNEW32_f35_jpg.rf.e85d0be8faf914b709dc04814aaf341f.jpg,0,0,1.0,0.0,0.0,0.0,5.766,1.275,9.74,0.338,17.495
FireSmokeVideoNEW32_f5_jpg.rf.d64bb033fd7cbf4738e6dfe35fdf1703.jpg,0,0,1.0,0.0,0.0,0.0,3.628,0.584,8.589,0.276,13.298
FireSmokeVideoNEW32_f9_jpg.rf.6dee71363eb5db4b336191f69e9b1ed7.jpg,0,0,1.0,0.0,0.0,0.0,3.057,0.525,8.528,0.287,12.623
FireSmokeVideoNEW33_f22_jpg.rf.7b762c1aaea4343a5ef9d0c55f56f953.jpg,0,0,1.0,0.0,0.0,0.0,5.765,1.853,13.502,0.272,21.642
FireSmokeVideoNEW33_f4_jpg.rf.2a2a5a5e75eee5f94bff7e57472718ad.jpg,0,0,1.0,0.0,0.0,0.0,4.207,0.55,8.37,0.234,13.588
FireSmokeVideoNEW33_f7_jpg.rf.8f4a8f9f00ac9edbee0d4623323bdcd6.jpg,0,0,1.0,0.0,0.0,0.0,4.21,0.545,8.273,0.241,13.484
FireSmokeVideoNEW33_f9_jpg.rf.6c70578f3c4ef4ec42b2df3d2c549ceb.jpg,0,0,1.0,0.0,0.0,0.0,3.439,0.542,8.342,0.23,12.779
FireSmokeVideoNEW34_f1_jpg.rf.8215067316131a3313e18d5ad5353d99.jpg,0,0,1.0,0.0,0.0,0.0,4.596,0.546,8.924,0.327,14.625
FireSmokeVideoNEW34_f34_jpg.rf.37cec1d82efd789d44143e68cd758395.jpg,0,0,1.0,0.0,0.0,0.0,7.234,1.498,9.206,0.241,18.518
FireSmokeVideoNEW34_f38_jpg.rf.26502230165a0194b177c8d1b86e9696.jpg,0,0,1.0,0.0,0.0,0.0,3.702,1.721,8.668,0.278,14.609
FireSmokeVideoNEW34_f40_jpg.rf.b206248a0c183d0f0c6fa6b3cea3f9b1.jpg,0,0,1.0,0.0,0.0,0.0,4.535,1.44,14.094,0.269,20.587
FireSmokeVideoNEW34_f42_jpg.rf.d53011814dbea48b0ec1dafff52177a1.jpg,0,0,1.0,0.0,0.0,0.0,3.356,0.57,8.415,0.255,12.842
FireSmokeVideoNEW34_f44_jpg.rf.1177396e61f8137af220647dce4b1245.jpg,0,0,1.0,0.0,0.0,0.0,3.042,0.647,8.392,0.25,12.561
FireSmokeVideoNEW34_f46_jpg.rf.cca6e614ca8501a020d46912f1b3ee4e.jpg,0,0,1.0,0.0,0.0,0.0,3.165,0.539,8.391,0.241,12.576
FireSmokeVideoNEW34_f50_jpg.rf.a36a4778c1868528e32b55d792489d17.jpg,0,0,1.0,0.0,0.0,0.0,4.336,1.586,8.491,0.262,14.932
FireSmokeVideoNEW34_f52_jpg.rf.8ce2843bdac208f9cecc552f7a6ca397.jpg,0,0,1.0,0.0,0.0,0.0,3.132,0.552,10.417,0.254,14.6
FireSmokeVideoNEW34_f9_jpg.rf.21533fd04be19eae845493f79a8b8d5d.jpg,0,0,1.0,0.0,0.0,0.0,5.204,0.764,9.757,0.354,16.401
FireSmokeVideoNEW39_f12_jpg.rf.6b1a04cbd026fc441becebb94e427c4a.jpg,0,0,1.0,0.0,0.0,0.0,10.536,2.866,17.279,0.261,32.589
FireSmokeVideoNEW39_f14_jpg.rf.0b630472ef3171594b7408d634811857.jpg,0,0,1.0,0.0,0.0,0.0,3.285,0.586,8.921,0.372,13.397
FireSmokeVideoNEW39_f27_jpg.rf.a348c34cb0c905bc10848eef58c16736.jpg,0,0,1.0,0.0,0.0,0.0,3.36,0.539,11.011,0.33,15.476
FireSmokeVideoNEW39_f29_jpg.rf.3153d7e1c815872b09fa97870799ef0f.jpg,0,0,1.0,0.0,0.0,0.0,5.129,0.735,9.765,0.379,16.332
FireSmokeVideoNEW39_f30_jpg.rf.bc038c090b010da4c10327f81f872cb0.jpg,0,0,1.0,0.0,0.0,0.0,5.185,0.737,9.659,0.318,16.318
FireSmokeVideoNEW39_f38_jpg.rf.82ad0aa274eed9218fd4ed14780e9bad.jpg,0,0,0.9993,0.0,0.0,0.0,6.607,0.778,12.852,0.373,20.935
FireSmokeVideoNEW39_f3_jpg.rf.c34909729e2fc010ba87b670b4c77269.jpg,0,0,1.0,0.0,0.0,0.0,3.206,0.539,9.625,0.238,13.903
FireSmokeVideoNEW39_f5_jpg.rf.92baa02b2efc10d6311e03b178523e76.jpg,0,0,1.0,0.0,0.0,0.0,6.331,1.488,9.253,0.249,17.678
FireSmokeVideoNEW39_f7_jpg.rf.6fa03b62a2a987bef0d1121c557bc62a.jpg,0,0,1.0,0.0,0.0,0.0,3.621,0.539,9.282,0.341,14.021
FireSmokeVideoNEW39_f9_jpg.rf.05d7d81358629eb2852e6331007a1a4a.jpg,0,0,1.0,0.0,0.0,0.0,3.524,0.56,9.029,0.35,13.692
FireSmokeVideoNEW42_f47_jpg.rf.fefbdf8f7c2f935e5f4f0b188f792887.jpg,0,0,0.9995,0.0,0.0,0.0,5.161,0.801,10.418,0.371,17.015
FireSmokeVideoNEW46_f0_jpg.rf.946d702a200935149a2bfd27e574bd51.jpg,0,0,1.0,0.0,0.0,0.0,3.011,0.524,8.344,0.227,12.33
FireSmokeVideoNEW46_f11_jpg.rf.0936909f6cd873e909fd9cec877c6170.jpg,0,0,1.0,0.0,0.0,0.0,3.547,0.53,8.999,0.325,13.657
FireSmokeVideoNEW46_f13_jpg.rf.0473876fe175a3df05494cecb56edf4b.jpg,0,0,1.0,0.0,0.0,0.0,5.753,0.799,12.425,0.287,19.585
FireSmokeVideoNEW46_f17_jpg.rf.8ad412a7df70200affbd47d3955b8f23.jpg,0,0,1.0,0.0,0.0,0.0,3.622,1.655,12.091,0.448,18.08
FireSmokeVideoNEW46_f19_jpg.rf.a4ad74e22f482a72ff8982feeda7fc3d.jpg,0,0,1.0,0.0,0.0,0.0,3.801,0.538,8.901,0.35,13.829
FireSmokeVideoNEW46_f2_jpg.rf.c648a34debc2802b7fcc427f8100ba55.jpg,0,0,1.0,0.0,0.0,0.0,5.67,1.66,9.763,0.326,17.751
FireSmokeVideoNEW46_f3_jpg.rf.b37ca62c29e752c22d88e612645f6f13.jpg,0,0,1.0,0.0,0.0,0.0,5.254,0.73,9.774,0.401,16.488
FireSmokeVideoNEW46_f5_jpg.rf.6fc10ebb6c245cf0beafb1715d734d4e.jpg,0,0,1.0,0.0,0.0,0.0,3.453,0.532,11.407,0.232,15.857
FireSmokeVideoNEW46_f7_jpg.rf.bdb3373b6a924b037a4685de7305f41b.jpg,0,0,1.0,0.0,0.0,0.0,5.221,0.781,9.674,0.34,16.326
FireSmokeVideoNEW47_f51_jpg.rf.c88a9a00e436ad4847e42bef177b68ce.jpg,0,0,0.9999,0.0,0.0,0.0,5.911,0.745,9.899,0.362,17.237
FireSmokeVideoNEW48_f14_jpg.rf.56243d543269e852e51ed4a0117e8539.jpg,0,0,1.0,0.0,0.0,0.0,9.156,2.297,14.183,0.291,26.271
FireSmokeVideoNEW48_f19_jpg.rf.0b70ec5385e2deb805c52d665f085647.jpg,0,0,1.0,0.0,0.0,0.0,4.984,0.704,16.175,0.283,22.426
FireSmokeVideoNEW48_f20_jpg.rf.2b84e7c78da5d2d5c1921742e44bdc1e.jpg,0,0,1.0,0.0,0.0,0.0,6.046,0.814,9.996,0.328,17.525
FireSmokeVideoNEW48_f27_jpg.rf.6f0ea7fe884a78a1b811a178ab0eac35.jpg,0,0,1.0,0.0,0.0,0.0,5.44,0.779,10.009,0.392,16.967
FireSmokeVideoNEW48_f2_jpg.rf.ec11cbfdc108affb5a7c9723dbb7e5da.jpg,0,0,1.0,0.0,0.0,0.0,5.331,2.622,9.901,0.489,18.682
FireSmokeVideoNEW48_f4_jpg.rf.8cf00b4fa17c2551537859be9fde3adc.jpg,0,0,1.0,0.0,0.0,0.0,4.045,2.843,12.204,0.404,19.876
FireSmokeVideoNEW48_f9_jpg.rf.ca91030726b8b41e67493de29adad562.jpg,0,0,1.0,0.0,0.0,0.0,5.519,0.72,10.702,0.275,17.546
FireSmokeVideoNEW53_f1_jpg.rf.be3cc4af60b8e00cd05cfa5e51ad005e.jpg,0,0,1.0,0.0,0.0,0.0,3.038,0.528,8.516,0.244,12.561
FireSmokeVideoNEW53_f2_jpg.rf.3d973bf1ac678298859d488cb4bfe757.jpg,0,0,1.0,0.0,0.0,0.0,3.059,0.556,8.497,0.238,12.587
FireSmokeVideoNEW53_f3_jpg.rf.c585371eb2404fbdf5969b1273dc86d6.jpg,0,0,1.0,0.0,0.0,0.0,3.099,0.554,10.328,0.259,14.48
FireSmokeVideoNEW53_f52_jpg.rf.a3230f3288fb962379665fb159f9317f.jpg,0,0,1.0,0.0,0.0,0.0,3.62,0.566,8.442,0.269,13.134
FireSmokeVideoNEW53_f5_jpg.rf.50876281755a19260cc1d23bde91547a.jpg,0,0,1.0,0.0,0.0,0.0,3.736,1.552,8.62,0.314,14.483
FireSmokeVideoNEW53_f7_jpg.rf.7b454ecfa010b15be836f1818eb9bdcc.jpg,0,0,1.0,0.0,0.0,0.0,5.529,0.816,8.713,0.361,15.756
FireSmokeVideoNEW53_f9_jpg.rf.fe1cd71cc35a34c3db2d47541a5a491f.jpg,0,0,1.0,0.0,0.0,0.0,3.515,0.557,11.013,0.331,15.656
FireSmokeVideoNEW54_f13_jpg.rf.a9e867909a17f3f9c11ca08ddf18b5dc.jpg,0,0,0.9999,0.0,0.0,0.0,5.639,0.777,9.734,0.35,16.825
FireSmokeVideoNEW54_f38_jpg.rf.cca8610c8803098ff4c112e69e53928d.jpg,0,0,1.0,0.0,0.0,0.0,5.707,0.721,9.766,0.341,16.896
FireSmokeVideoNEW54_f55_jpg.rf.8c8d8266780830e66fd8172a9978a3f3.jpg,0,0,1.0,0.0,0.0,0.0,5.118,0.757,9.948,0.466,16.62
FireSmokeVideoNEW56_f20_jpg.rf.22946dd32acfc9afc317f1d62d04bfbf.jpg,0,0,1.0,0.0,0.0,0.0,3.779,0.542,9.26,0.314,14.129
FireSmokeVideoNEW56_f2_jpg.rf.80406e8b8db41fbb2a526666406933ea.jpg,0,0,1.0,0.0,0.0,0.0,5.083,2.246,9.947,0.372,18.053
FireSmokeVideoNEW57_f0_jpg.rf.0f2ac245a69e897a0b3f132c5bf85c27.jpg,0,0,1.0,0.0,0.0,0.0,6.341,1.622,8.854,0.245,17.404
FireSmokeVideoNEW57_f17_jpg.rf.a453dc14f6f15fc3de4a74d44c01b582.jpg,0,0,1.0,0.0,0.0,0.0,3.143,0.521,9.173,0.382,13.452
FireSmokeVideoNEW57_f19_jpg.rf.193e9484ef231b4d852a672156a828fb.jpg,0,0,0.9995,0.0,0.0,0.0,3.762,0.811,10.99,0.341,16.141
FireSmokeVideoNEW57_f31_jpg.rf.4740da129b70974c33df9d8baa14ef93.jpg,0,0,0.9998,0.0,0.0,0.0,5.156,0.807,9.779,0.36,16.422
FireSmokeVideoNEW57_f42_jpg.rf.4f77a2a110e95e655d236b9a91d0cddc.jpg,0,0,1.0,0.0,0.0,0.0,5.187,0.724,9.825,0.323,16.39
FireSmokeVideoNEW57_f6_jpg.rf.85c2607d9aad7c96de861d85c83cfd1e.jpg,0,0,0.9985,0.0,0.0,0.0,5.421,0.748,9.693,0.382,16.56
FireSmokeVideoNEW58_f17_jpg.rf.076d9217e2466be0e0fd241ae7f862a3.jpg,0,0,1.0,0.0,0.0,0.0,3.427,0.903,11.133,0.358,16.091
FireSmokeVideoNEW63_f11_jpg.rf.25ae51ab6751c2d51da80735217b0266.jpg,0,0,1.0,0.0,0.0,0.0,7.536,2.332,9.019,0.263,19.412
FireSmokeVideoNEW63_f13_jpg.rf.b6d8ff5649c5231eb191262548710ec5.jpg,0,0,1.0,0.0,0.0,0.0,3.537,0.527,8.58,0.312,13.185
FireSmokeVideoNEW63_f19_jpg.rf.e15a7746a3b7c63745c8c7b7da181fdf.jpg,0,0,1.0,0.0,0.0,0.0,3.736,0.566,8.355,0.235,13.123
FireSmokeVideoNEW63_f36_jpg.rf.a0eba986ede34082f38d6ce0b5e4fbca.jpg,0,0,1.0,0.0,0.0,0.0,3.426,0.529,10.361,0.243,14.787
FireSmokeVideoNEW63_f42_jpg.rf.fe301e2deb9d6c60b048e228f8e3f78b.jpg,0,0,0.9999,0.0,0.0,0.0,3.005,0.561,8.363,0.237,12.396
FireSmokeVideoNEW63_f6_jpg.rf.7c4ff88b991b7d55bc27353d442f6479.jpg,0,0,1.0,0.0,0.0,0.0,3.059,0.527,8.508,0.262,12.583
FireSmokeVideoNEW63_f9_jpg.rf.a020de6c38e4bc3866286605bb6758c0.jpg,0,0,1.0,0.0,0.0,0.0,3.47,0.522,8.964,0.303,13.487
FireSmokeVideoNEW64_f150_jpg.rf.6ec4b2d180978f7148d8db8b68ec3d6c.jpg,0,0,1.0,0.0,0.0,0.0,6.019,2.81,10.321,0.414,19.908
FireSmokeVideoNEW67_f2_jpg.rf.daadde4a854a81a0f02598ae3a1873b7.jpg,0,0,0.9939,0.0,0.0,0.0,6.788,2.618,8.795,0.243,18.768
FireSmokeVideoNEW67_f3_jpg.rf.e4ecce359edcc9aaee297ded26bd224d.jpg,0,0,0.8822,0.0,0.0,0.0,4.097,0.552,9.449,0.212,14.542
FireSmokeVideoNEW67_f4_jpg.rf.7ef6096d19f1e5d6c95361f949b8b860.jpg,0,0,0.9997,0.0,0.0,0.0,4.326,0.57,9.247,0.377,14.787
FireSmokeVideoNEW6_f10_jpg.rf.8cbe534300bd63ed1a2225d5bacef23f.jpg,0,0,0.9995,0.0,0.0,0.0,3.758,0.542,9.188,0.391,14.123
FireSmokeVideoNEW6_f13_jpg.rf.0554da6efca5c9547c0d2db399f61286.jpg,0,0,0.9983,0.0,0.0,0.0,5.739,2.737,9.731,0.391,18.916
FireSmokeVideoNEW6_f1_jpg.rf.3d6226ac747b206b2b0e2a82d90ad4c3.jpg,0,0,0.9993,0.0,0.0,0.0,6.188,2.585,10.238,0.423,19.795
FireSmokeVideoNEW6_f24_jpg.rf.8d2308fb08f265e0b97f90584fe28e2e.jpg,0,0,1.0,0.0,0.0,0.0,7.528,2.468,14.769,0.394,25.405
FireSmokeVideoNEW6_f2_jpg.rf.e109f60eb45b81065e94ec815811ebcd.jpg,0,0,0.9993,0.0,0.0,0.0,6.282,1.037,8.896,0.248,16.781
FireSmokeVideoNEW6_f4_jpg.rf.0d6b29d2f459353f71ddf60ae2b2fc48.jpg,0,0,0.9984,0.0,0.0,0.0,3.381,0.534,9.131,0.366,13.656
FireSmokeVideoNEW6_f6_jpg.rf.77b5c7930d92854bf87af48e1700c4e0.jpg,0,0,0.9954,0.0,0.0,0.0,5.871,1.09,9.86,0.398,17.571
FireSmokeVideoNEW6_f8_jpg.rf.f309ef160b3c3c369fea22b5a31bfda5.jpg,0,0,0.9977,0.0,0.0,0.0,5.552,0.726,9.889,0.435,17.016
FireSmokeVideoNEW73_f1_jpg.rf.5804fa5e2c17b2760c764f6cd0e4ee7a.jpg,0,0,1.0,0.0,0.0,0.0,3.121,0.532,9.289,0.327,13.511
FireSmokeVideoNEW73_f31_jpg.rf.a5a7abcd560770f3ad8075c832046ab6.jpg,0,0,1.0,0.0,0.0,0.0,10.406,2.375,12.494,0.385,26.011
FireSmokeVideoNEW73_f33_jpg.rf.be83c389fea72019723db1dbe2661485.jpg,0,0,1.0,0.0,0.0,0.0,3.687,0.547,9.15,0.332,13.962
FireSmokeVideoNEW73_f3_jpg.rf.80cf7fd5835b56a66d2a5007f28b4327.jpg,0,0,0.9999,0.0,0.0,0.0,5.95,0.744,12.14,0.254,19.408
FireSmokeVideoNEW73_f45_jpg.rf.9dc49a737143aa0848b6916ab608c543.jpg,0,0,1.0,0.0,0.0,0.0,4.286,0.542,9.237,0.375,14.679
FireSmokeVideoNEW73_f4_jpg.rf.800537e07a64962896778864b0591eae.jpg,0,0,0.9999,0.0,0.0,0.0,6.027,0.745,9.134,0.236,16.457
FireSmokeVideoNEW73_f6_jpg.rf.515f0defa87139b149a5cfdee21313ac.jpg,0,0,0.9998,0.0,0.0,0.0,6.006,0.75,9.626,0.326,17.038
FireSmokeVideoNEW75_f33_jpg.rf.2ee9cdd9def279ff273ef66e7a0cb377.jpg,0,0,1.0,0.0,0.0,0.0,8.603,1.83,14.523,0.412,25.727
FireSmokeVideoNEW75_f35_jpg.rf.b80679d1063fcd1f85d0d3f0c78ba13b.jpg,0,0,1.0,0.0,0.0,0.0,3.667,0.948,15.807,0.276,20.953
FireSmokeVideoNEW75_f45_jpg.rf.69e2c92e7d989e8269ffd61a27a2aa13.jpg,0,0,1.0,0.0,0.0,0.0,5.502,0.746,9.79,0.338,16.785
FireSmokeVideoNEW75_f48_jpg.rf.4fe0cc9fcd7df1aa6c6bed8ca01c8015.jpg,0,0,1.0,0.0,0.0,0.0,5.369,2.679,9.168,0.231,17.753
FireSmokeVideoNEW75_f68_jpg.rf.9aaeb12d401e8cc7f2939155adecc0f5.jpg,0,0,1.0,0.0,0.0,0.0,5.72,0.746,12.172,0.363,19.391
FireSmokeVideoNEW75_f75_jpg.rf.e88e49fecb20c35c69c34942f33a06a7.jpg,0,0,0.9999,0.0,0.0,0.0,4.276,1.103,9.718,0.328,15.763
FireSmokeVideoNEW75_f78_jpg.rf.87dddcc348df8fb661dcc67f17bb9f2d.jpg,0,0,1.0,0.0,0.0,0.0,6.118,2.28,9.548,0.3,18.581
FireSmokeVideoNEW75_f80_jpg.rf.9471fe6a95f23f6cf0169b283586d685.jpg,0,0,1.0,0.0,0.0,0.0,4.245,0.631,9.061,0.367,14.552
FireSmokeVideoNEW77_f0_jpg.rf.4a14fd690d14ad736592948ee9e8479d.jpg,0,0,0.9999,0.0,0.0,0.0,4.003,0.557,9.109,0.348,14.287
FireSmokeVideoNEW77_f2_jpg.rf.88e0bee913f1efd71b9762beba9a9758.jpg,0,0,0.9999,0.0,0.0,0.0,3.317,0.578,11.32,0.334,15.783
FireSmokeVideoNEW77_f4_jpg.rf.11fca767124a67dfda05ea0ff98197d6.jpg,0,0,0.9999,0.0,0.0,0.0,5.491,0.741,10.12,0.343,17.024
FireSmokeVideoNEW77_f6_jpg.rf.0adf49b0786314e6dcf2ae804245b4c3.jpg,0,0,0.9999,0.0,0.0,0.0,3.786,0.553,9.275,0.371,14.229
FireSmokeVideoNEW78_f100_jpg.rf.0246a93591f580c23841f1f7a03d4378.jpg,0,0,1.0,0.0,0.0,0.0,5.62,0.732,9.914,0.487,17.094
FireSmokeVideoNEW78_f102_jpg.rf.a2d5cf1ede7214163378c154870f20df.jpg,0,0,1.0,0.0,0.0,0.0,4.424,2.661,10.097,0.447,17.984
FireSmokeVideoNEW78_f104_jpg.rf.4dfdeaab2d0f11e560669b1db346ab29.jpg,0,0,1.0,0.0,0.0,0.0,6.459,0.501,8.29,0.239,15.723
FireSmokeVideoNEW78_f106_jpg.rf.03e27ed66fb5e083bcd70ef8e2b22de7.jpg,0,0,1.0,0.0,0.0,0.0,3.701,1.352,8.411,0.303,14.011
FireSmokeVideoNEW78_f10_jpg.rf.69aed95726c0095073665b0547b6c0ed.jpg,0,0,1.0,0.0,0.0,0.0,3.023,0.858,8.398,0.231,12.734
FireSmokeVideoNEW78_f122_jpg.rf.28dbb8a05a0291954b64ab4b75560d87.jpg,0,0,1.0,0.0,0.0,0.0,3.386,0.517,10.197,0.249,14.572
FireSmokeVideoNEW78_f124_jpg.rf.da29f797f636157db5e44eeee1e233f9.jpg,0,0,0.9999,0.0,0.0,0.0,3.022,0.613,8.516,0.24,12.621
FireSmokeVideoNEW78_f127_jpg.rf.321d817e07be65ecfaaed302fe940299.jpg,0,0,0.9998,0.0,0.0,0.0,3.039,0.519,8.494,0.231,12.511
FireSmokeVideoNEW78_f12_jpg.rf.2f015eabaf21f5b942f8a0bcf23d91ff.jpg,0,0,0.9999,0.0,0.0,0.0,3.644,2.263,10.521,0.473,17.16
FireSmokeVideoNEW78_f131_jpg.rf.b3b8dd2cd92377e41c69b08136962380.jpg,0,0,1.0,0.0,0.0,0.0,5.087,1.357,12.758,0.237,19.67
FireSmokeVideoNEW78_f133_jpg.rf.b1330a0b83a815537dcb8cf7a805c634.jpg,0,0,1.0,0.0,0.0,0.0,4.695,1.818,9.088,0.352,16.2
FireSmokeVideoNEW78_f136_jpg.rf.07483348f2b8003d1b57ebe68cabe6dd.jpg,0,0,1.0,0.0,0.0,0.0,5.328,1.475,9.072,0.341,16.522
FireSmokeVideoNEW78_f138_jpg.rf.507f5c7806e18c1a350e44407de0fe2a.jpg,0,0,1.0,0.0,0.0,0.0,6.536,2.017,15.131,0.37,24.444
FireSmokeVideoNEW78_f13_jpg.rf.e9056c18bdbf9fbd1a8673f84e127374.jpg,0,0,1.0,0.0,0.0,0.0,6.262,2.253,9.803,0.373,19.069
FireSmokeVideoNEW78_f142_jpg.rf.3ad7a5e4c0bf22702d7b5346f04bc6ed.jpg,0,0,1.0,0.0,0.0,0.0,6.647,2.068,17.126,0.485,26.81
FireSmokeVideoNEW78_f145_jpg.rf.037ccfa0fc4c862099bf7bf7346c0f5f.jpg,0,0,1.0,0.0,0.0,0.0,4.337,0.76,9.327,0.363,15.064
FireSmokeVideoNEW78_f147_jpg.rf.53226233b248526015d8caca17485998.jpg,0,0,1.0,0.0,0.0,0.0,3.829,0.607,13.343,0.285,18.338
FireSmokeVideoNEW78_f14_jpg.rf.e0b0e00597d55eb4106355586ac58022.jpg,0,0,1.0,0.0,0.0,0.0,3.809,0.577,8.417,0.31,13.356
FireSmokeVideoNEW78_f152_jpg.rf.1468ff75ff69d32c3b5da5a0f41b31d5.jpg,0,0,0.9998,0.0,0.0,0.0,3.048,0.562,8.521,0.266,12.639
FireSmokeVideoNEW78_f158_jpg.rf.44c2d57f7bada69f448ebba94a5be347.jpg,0,0,1.0,0.0,0.0,0.0,3.172,0.569,8.456,0.254,12.693
FireSmokeVideoNEW78_f15_jpg.rf.61bfc553293c8b84ca5e66929864acdf.jpg,0,0,1.0,0.0,0.0,0.0,5.312,1.78,12.757,0.461,20.763
FireSmokeVideoNEW78_f161_jpg.rf.fc6ab255d1073c4cd042aea1a9ffc0ce.jpg,0,0,0.9997,0.0,0.0,0.0,7.413,1.798,8.908,0.413,18.8
FireSmokeVideoNEW78_f164_jpg.rf.58c533961fb4ab7e37ea72d1d25da9f6.jpg,0,0,1.0,0.0,0.0,0.0,3.733,0.809,9.153,0.34,14.28
FireSmokeVideoNEW78_f17_jpg.rf.299e2d271ee22e3adee51bd0a3922796.jpg,0,0,1.0,0.0,0.0,0.0,5.496,1.52,9.79,0.347,17.496
FireSmokeVideoNEW78_f19_jpg.rf.6a9a9334d939cc1725e048d33aaac632.jpg,0,0,1.0,0.0,0.0,0.0,6.031,0.737,12.707,0.383,20.196
FireSmokeVideoNEW78_f26_jpg.rf.808c1332a8ddd27dc683519fdb709c59.jpg,0,0,1.0,0.0,0.0,0.0,3.396,0.538,9.314,0.413,13.898
FireSmokeVideoNEW78_f31_jpg.rf.f9b23ec992e523a23dab00a5f1df7323.jpg,0,0,1.0,0.0,0.0,0.0,6.225,0.782,9.806,0.38,17.55
FireSmokeVideoNEW78_f34_jpg.rf.048c3a009cf9f01f2c893c3a7f4d29f9.jpg,0,0,1.0,0.0,0.0,0.0,5.947,2.585,9.506,0.303,18.765
FireSmokeVideoNEW78_f38_jpg.rf.d7bcbb88a8606325bca512f08fb12b85.jpg,0,0,1.0,0.0,0.0,0.0,4.02,0.566,9.236,0.428,14.525
FireSmokeVideoNEW78_f42_jpg.rf.e3b7341b07eedc97e4f9e71568efcf3b.jpg,0,0,1.0,0.0,0.0,0.0,5.605,0.748,10.929,0.255,17.873
FireSmokeVideoNEW78_f47_jpg.rf.0441a6536279080fb8d9e3973da359e1.jpg,0,0,0.9998,0.0,0.0,0.0,5.248,0.791,9.761,0.293,16.424
FireSmokeVideoNEW78_f49_jpg.rf.dde62e81d3b1003dec55327fb90205a1.jpg,0,0,1.0,0.0,0.0,0.0,5.353,0.732,9.734,0.354,16.494
FireSmokeVideoNEW78_f52_jpg.rf.97cae6149ae8788c2184eaed6c87a189.jpg,0,0,1.0,0.0,0.0,0.0,5.269,0.92,12.02,0.264,18.788
FireSmokeVideoNEW78_f61_jpg.rf.be1e2bc45ce111239fd79c23f8ab84da.jpg,0,0,1.0,0.0,0.0,0.0,3.231,0.601,8.811,0.352,13.226
FireSmokeVideoNEW78_f63_jpg.rf.fbb9f0f738cfd1b52d9679fde4e550d0.jpg,0,0,1.0,0.0,0.0,0.0,5.939,3.32,13.771,0.306,23.757
FireSmokeVideoNEW78_f75_jpg.rf.9736fba22ca009ad8d833f2743ffdbc4.jpg,0,0,1.0,0.0,0.0,0.0,3.767,0.537,11.075,0.349,16.0
FireSmokeVideoNEW78_f78_jpg.rf.ad211232a0cea8103bc29bcabecf64d2.jpg,0,0,1.0,0.0,0.0,0.0,3.27,0.525,8.396,0.243,12.699
FireSmokeVideoNEW78_f88_jpg.rf.9c9b2172a345b216cb3b8b94a5c2d2ab.jpg,0,0,1.0,0.0,0.0,0.0,3.702,0.62,8.376,0.253,13.182
FireSmokeVideoNEW78_f90_jpg.rf.80cbc2f807fa48bb77a0ddbb4f92d53b.jpg,0,0,1.0,0.0,0.0,0.0,6.067,0.776,9.955,0.381,17.503
FireSmokeVideoNEW78_f92_jpg.rf.27764e757cbe076dd10b68e650b76830.jpg,0,0,0.9977,0.0,0.0,0.0,3.66,0.534,9.183,0.361,13.98
FireSmokeVideoNEW79_f0_jpg.rf.6c233f9324baca74d71237694e6208bd.jpg,0,0,1.0,0.0,0.0,0.0,6.458,0.79,10.09,0.482,18.236
FireSmokeVideoNEW79_f2_jpg.rf.5ab5b7083ef2140587b2a747e3586750.jpg,0,0,0.9974,0.0,0.0,0.0,3.713,0.613,14.212,0.295,19.119
FireSmokeVideoNEW80_f50_jpg.rf.7f64db0a23902eb4e695223dd5747b37.jpg,0,0,0.9999,0.0,0.0,0.0,4.592,0.575,10.158,0.35,15.942
FireSmokeVideoNEW80_f61_jpg.rf.959eac64f354d759776d524f88c45b54.jpg,0,0,1.0,0.0,0.0,0.0,5.476,0.744,9.849,0.352,16.754
FireSmokeVideoNEW80_f65_jpg.rf.7f149793ecdde0a3088c67a29cf616da.jpg,0,0,1.0,0.0,0.0,0.0,5.406,0.747,12.928,0.392,19.813
FireSmokeVideoNEW81_f211_jpg.rf.38c21e9ceb0d450c3ed4ca3cf710875d.jpg,0,0,0.9956,0.0,0.0,0.0,3.309,0.586,9.388,0.401,13.922
FireSmokeVideoNEW89_f11_jpg.rf.70971440ad7fa3a635d4cc1ab55cad11.jpg,0,0,0.9997,0.0,0.0,0.0,6.075,0.78,9.934,0.363,17.491
FireSmokeVideoNEW89_f17_jpg.rf.ec3175100da4cb6b501a733b338779f7.jpg,0,0,0.9998,0.0,0.0,0.0,8.071,1.974,9.505,0.365,20.286
FireSmokeVideoNEW89_f1_jpg.rf.37a11c7ddf12f38ce97517fee96442bb.jpg,0,0,1.0,0.0,0.0,0.0,5.408,0.546,9.071,0.411,15.686
FireSmokeVideoNEW89_f2_jpg.rf.16478f8bf0e21d7ae5ef8e7051a527cb.jpg,0,0,1.0,0.0,0.0,0.0,3.86,2.459,9.5,0.232,16.394
FireSmokeVideoNEW89_f4_jpg.rf.fa8d6c732f82ea8bce65e81448214a57.jpg,0,0,1.0,0.0,0.0,0.0,3.031,0.53,8.447,0.232,12.478
FireSmokeVideoNEW89_f6_jpg.rf.ccdfa2eab1b682546c276d848611695a.jpg,0,0,1.0,0.0,0.0,0.0,3.311,0.726,8.364,0.235,12.862
FireSmokeVideoNEW91_f108_jpg.rf.5ef9b4b7ed321d80a6402fbdae06d84b.jpg,0,0,1.0,0.0,0.0,0.0,2.99,0.522,8.336,0.232,12.299
FireSmokeVideoNEW91_f12_jpg.rf.2be217fe87bb1d10063e40ad2f98edfb.jpg,0,0,0.9957,0.0,0.0,0.0,3.494,0.542,8.331,0.231,12.826
FireSmokeVideoNEW91_f13_jpg.rf.6304559d635dfce84893aab443a42e65.jpg,0,0,0.9946,0.0,0.0,0.0,3.04,0.521,8.371,0.229,12.389
FireSmokeVideoNEW91_f148_jpg.rf.9e5f4e32806ea4cc19e38216c32ddd68.jpg,0,0,1.0,0.0,0.0,0.0,3.086,2.643,8.578,0.29,14.84
FireSmokeVideoNEW91_f170_jpg.rf.d36210d91c7d46d5ca51b63bc9498af5.jpg,0,0,1.0,0.0,0.0,0.0,7.373,2.766,9.093,0.371,19.86
FireSmokeVideoNEW91_f21_jpg.rf.a12d1de3d7849f71b00134f7aad3c96e.jpg,0,0,0.9973,0.0,0.0,0.0,5.904,1.212,12.892,0.387,20.803
FireSmokeVideoNEW91_f38_jpg.rf.a087aed53a287ec998541fb45a7d99bd.jpg,0,0,0.9999,0.0,0.0,0.0,3.4,0.55,11.401,0.336,15.928
FireSmokeVideoNEW91_f40_jpg.rf.780ddb94651d757a91f575081bd62f4b.jpg,0,0,0.9999,0.0,0.0,0.0,6.009,0.802,9.752,0.416,17.36
FireSmokeVideoNEW91_f42_jpg.rf.32a7340390b259f4193b115a5e8b8e6e.jpg,0,0,0.9999,0.0,0.0,0.0,6.005,0.745,9.717,0.352,17.148
FireSmokeVideoNEW91_f47_jpg.rf.950519a05fa951eb26376e406dab7dbf.jpg,0,0,0.9989,0.0,0.0,0.0,6.193,0.769,9.99,0.48,17.78
FireSmokeVideoNEW91_f6_jpg.rf.6737f231d43f4a31b404b6c2d00a7653.jpg,0,0,0.9987,0.0,0.0,0.0,4.415,2.359,16.505,0.392,24.139
FireSmokeVideoNEW91_f83_jpg.rf.b3ce501ee874dfaa8930d94da168fbcf.jpg,0,0,0.9955,0.0,0.0,0.0,4.349,1.506,9.796,0.357,16.342
FireSmokeVideoNEW94_f46_jpg.rf.388c6a516184b8ceb517c84668463f97.jpg,0,0,1.0,0.0,0.0,0.0,5.788,0.939,9.707,0.34,17.17
FireSmokeVideoNEW94_f51_jpg.rf.3626a9e872bd6254896a5f991db229b2.jpg,0,0,1.0,0.0,0.0,0.0,5.962,0.753,12.82,0.365,20.241
FireSmokeVideoNEW95_f106_jpg.rf.7ac012d87c7064e231e67b159d856e28.jpg,0,0,1.0,0.0,0.0,0.0,5.537,1.812,9.088,0.254,16.994
FireSmokeVideoNEW95_f114_jpg.rf.c99df44b78ce44d23869a9bf3e625f92.jpg,0,0,1.0,0.0,0.0,0.0,6.584,0.805,9.836,0.334,17.901
FireSmokeVideoNEW95_f13_jpg.rf.60cf14a601d84bc46dadd09d8994103b.jpg,0,0,1.0,0.0,0.0,0.0,5.915,1.938,10.077,0.38,18.66
FireSmokeVideoNEW95_f15_jpg.rf.f4b4ef47a62a51c9b6f84fe85b00c663.jpg,0,0,1.0,0.0,0.0,0.0,7.532,0.815,17.657,0.265,26.506
FireSmokeVideoNEW95_f18_jpg.rf.fdc6e6e99e84c4e6f0c6a9801a40822d.jpg,0,0,1.0,0.0,0.0,0.0,4.473,1.266,8.383,0.246,14.598
FireSmokeVideoNEW95_f1_jpg.rf.9804acdca65427359fba9b986ef302a2.jpg,0,0,1.0,0.0,0.0,0.0,4.635,0.949,9.059,0.37,15.268
FireSmokeVideoNEW95_f24_jpg.rf.7b772eb5e401a33372318f80ab499a50.jpg,0,0,1.0,0.0,0.0,0.0,5.085,1.9,9.739,0.32,17.378
FireSmokeVideoNEW95_f32_jpg.rf.44f112f3dbd99de1d1a8077f4babbf85.jpg,0,0,1.0,0.0,0.0,0.0,3.369,0.518,9.036,0.403,13.546
FireSmokeVideoNEW95_f37_jpg.rf.da1a2dd187454ee9f36d002cac9e5bbe.jpg,0,0,1.0,0.0,0.0,0.0,3.904,1.455,9.36,0.396,15.378
FireSmokeVideoNEW95_f3_jpg.rf.f97f1088cab1defa5ede17fae3662dda.jpg,0,0,1.0,0.0,0.0,0.0,5.797,0.565,8.291,0.238,15.127
FireSmokeVideoNEW95_f45_jpg.rf.9844ba63008fca16a3502cdc3c933efc.jpg,0,0,1.0,0.0,0.0,0.0,4.269,1.56,8.41,0.254,14.732
FireSmokeVideoNEW95_f50_jpg.rf.3d5c735424cc3a268d3362e0fa08dc16.jpg,0,0,1.0,0.0,0.0,0.0,3.939,0.521,8.346,0.229,13.254
FireSmokeVideoNEW95_f5_jpg.rf.cdc15902b07229d99725abc0684fcbeb.jpg,0,0,1.0,0.0,0.0,0.0,3.266,0.582,8.336,0.226,12.66
FireSmokeVideoNEW95_f63_jpg.rf.df736824eb6997aabc4ce76c0164e51b.jpg,0,0,1.0,0.0,0.0,0.0,2.986,0.651,8.35,0.227,12.44
FireSmokeVideoNEW95_f76_jpg.rf.32126628e086bbad37b3cb91027df6f7.jpg,0,0,1.0,0.0,0.0,0.0,4.633,1.149,8.388,0.242,14.648
FireSmokeVideoNEW95_f80_jpg.rf.ff75a8d8a75895d16e986cf812a0dacb.jpg,0,0,1.0,0.0,0.0,0.0,3.465,0.53,9.307,0.421,13.961
FireSmokeVideoNEW95_f86_jpg.rf.77ef4245f2953f19593223d6430fa91d.jpg,0,0,1.0,0.0,0.0,0.0,4.662,1.536,16.235,0.268,22.935
FireSmokeVideoNEW95_f93_jpg.rf.75818e05099b5c576452f919c5123dcc.jpg,0,0,1.0,0.0,0.0,0.0,3.424,0.548,9.062,0.36,13.631
FireSmokeVideoNEW99_f10_jpg.rf.01b20f0e79f99cce5df8d577002a3842.jpg,0,0,0.9454,0.0,0.0,0.0,5.121,0.729,9.823,0.337,16.339
FireSmokeVideoNEW99_f32_jpg.rf.89458da19c6af99040a01488035d8c55.jpg,0,0,1.0,0.0,0.0,0.0,5.796,0.781,12.108,0.384,19.406
FireSmokeVideoNEW99_f40_jpg.rf.eb37bb0cdb2d2172b8c1b9940ce6d06f.jpg,0,0,1.0,0.0,0.0,0.0,3.522,0.542,9.563,0.33,14.198
FireSmokeVideoNEW99_f76_jpg.rf.1418a6430312c9788d22cda8ccd39184.jpg,0,0,1.0,0.0,0.0,0.0,5.247,1.311,9.758,0.319,16.954
