image,true_label,pred_label,confidence,input_and_metadata_ms,region_validation_ms,crop_extraction_ms,resize_and_preprocess_ms,batch_construction_ms,model_inference_ms,majority_vote_ms,total_ms
FireSmokeVideoNEW0_f22_jpg.rf.8985f041e5b98af6012221a0df4f7bb4.jpg,1,1,1.0,0.322,0.009,0.067,8.94,3.294,13.952,0.26,27.241
FireSmokeVideoNEW0_f24_jpg.rf.bec4c423d7235a25d9b3146aa064ef94.jpg,1,1,1.0,0.213,0.005,0.05,6.009,4.115,8.808,0.524,20.263
FireSmokeVideoNEW0_f26_jpg.rf.e68ce6fbbf069fc3519569a9f0d61247.jpg,1,1,1.0,0.26,0.006,0.051,7.858,2.921,9.034,0.281,20.947
FireSmokeVideoNEW100_f13_jpg.rf.3cab1ba74047190369553b759c249651.jpg,1,1,1.0,0.21,0.006,0.049,3.415,1.038,7.165,0.229,12.51
FireSmokeVideoNEW100_f18_jpg.rf.ac57d16ac234ea35503434017b0d7936.jpg,1,1,0.9999,0.204,0.006,0.054,5.29,1.088,7.148,0.228,14.417
FireSmokeVideoNEW100_f22_jpg.rf.414d4e3c8eabf2734516473bcee081b3.jpg,1,1,0.9999,0.207,0.005,0.05,4.381,1.441,8.202,0.347,15.148
FireSmokeVideoNEW100_f27_jpg.rf.d440e669b944d0e126d6b9e9e899fd1a.jpg,1,1,1.0,0.207,0.005,0.052,3.857,0.998,7.16,0.233,12.908
FireSmokeVideoNEW100_f29_jpg.rf.8b8b298e3b9d8547f2aa97df45c87bda.jpg,1,1,1.0,0.307,0.009,0.069,3.649,0.987,7.157,0.239,12.86
FireSmokeVideoNEW100_f35_jpg.rf.26902d166504a005e989288a33974699.jpg,1,1,1.0,0.206,0.005,0.056,4.605,1.033,7.277,0.234,13.8
FireSmokeVideoNEW100_f51_jpg.rf.5d5a8fce90b54ca27c1d78496d70be98.jpg,1,1,0.9999,0.211,0.006,0.056,14.089,4.838,10.774,0.271,30.803
FireSmokeVideoNEW100_f54_jpg.rf.deb4934b4d254ff0d2151ab4b226bd30.jpg,1,1,1.0,0.21,0.006,0.053,14.055,5.089,7.095,0.274,27.338
FireSmokeVideoNEW100_f56_jpg.rf.fb63e4c0e32aa91f304e675bea7c6451.jpg,1,1,0.9999,0.208,0.006,0.055,9.522,1.099,11.152,0.251,22.895
FireSmokeVideoNEW100_f74_jpg.rf.6dbac089262a0484294bad2686f293a4.jpg,1,1,0.9994,0.203,0.005,0.049,7.291,4.335,8.299,0.259,20.996
FireSmokeVideoNEW100_f76_jpg.rf.a3b3783d77c6060652ec1972e52945b4.jpg,1,1,1.0,0.24,0.007,0.052,4.9,1.004,7.139,0.235,13.966
FireSmokeVideoNEW100_f80_jpg.rf.c7b1b6d87fe1581d087e2babcd5343cd.jpg,1,1,1.0,0.209,0.005,0.054,7.709,1.224,8.671,0.253,18.651
FireSmokeVideoNEW100_f8_jpg.rf.8cdf1b53d711306fcc3671fb17c63715.jpg,1,1,1.0,0.209,0.006,0.051,6.967,5.404,13.753,0.275,27.225
FireSmokeVideoNEW100_f93_jpg.rf.8f1d3d0acbb786aa3e663017e362030b.jpg,1,1,1.0,0.201,0.006,0.05,10.885,4.325,7.147,0.266,23.397
FireSmokeVideoNEW101_f74_jpg.rf.b40eb61068efb3029e60fb0da7817ba0.jpg,1,0,0.992,0.207,0.006,0.05,4.998,1.877,8.259,0.361,16.149
FireSmokeVideoNEW103_f38_jpg.rf.46f003d9350c5f9ba187385455fd722f.jpg,1,1,1.0,0.311,0.01,0.06,2.792,1.762,8.089,0.237,13.756
FireSmokeVideoNEW103_f40_jpg.rf.bbe9dcd13072bfcea5eb25d5e0e7edad.jpg,1,1,1.0,0.331,0.01,0.064,3.229,1.172,8.106,0.237,13.638
FireSmokeVideoNEW103_f43_jpg.rf.6b86f977948ffb4075bf842f40f298f8.jpg,1,1,0.9999,0.197,0.006,0.044,2.874,0.935,7.355,0.332,12.136
FireSmokeVideoNEW103_f48_jpg.rf.c01bd10387110154c4d65f733af5dd33.jpg,1,1,1.0,0.312,0.009,0.059,2.823,1.13,7.79,0.248,12.841
FireSmokeVideoNEW103_f53_jpg.rf.06d78f97a6bd82da23e6934c4be34911.jpg,1,1,1.0,0.218,0.006,0.055,7.404,5.301,10.662,0.256,24.444
FireSmokeVideoNEW103_f55_jpg.rf.234b4a520a09933bc5c380c6e8ac4700.jpg,1,1,1.0,0.324,0.009,0.067,4.997,3.145,10.566,0.409,20.106
FireSmokeVideoNEW103_f57_jpg.rf.5590d8fa82c520d8f2bf21d3792422a9.jpg,1,1,1.0,0.286,0.008,0.061,3.029,1.142,8.371,0.344,13.764
FireSmokeVideoNEW103_f59_jpg.rf.f4a4ca0c64bcb51dcc538f942f4bed77.jpg,1,1,0.9998,3.156,0.01,0.081,5.44,2.715,8.924,0.452,21.345
FireSmokeVideoNEW103_f69_jpg.rf.107c6757968ca4bfeaf97df6ae6cac5b.jpg,1,1,1.0,0.327,0.009,0.07,3.394,1.145,8.267,0.321,14.044
FireSmokeVideoNEW103_f92_jpg.rf.df707faffb31edd4f980cd3123a6b460.jpg,1,1,1.0,0.207,0.005,0.048,2.944,1.501,8.041,0.247,13.464
FireSmokeVideoNEW106_f12_jpg.rf.c3a3dae95e573db93191a1edb50936e5.jpg,1,1,0.9873,0.309,0.008,0.071,2.458,1.096,8.379,0.243,12.961
FireSmokeVideoNEW106_f14_jpg.rf.331af05784389f5dc2ef80f1570a76fb.jpg,1,1,0.9994,0.216,0.005,0.05,6.213,3.209,9.633,0.245,20.09
FireSmokeVideoNEW106_f28_jpg.rf.ad2c009c83ccf5aaa3ddd7221c4ee1f4.jpg,1,1,0.9999,0.206,0.006,0.052,2.774,0.951,7.424,0.343,12.156
FireSmokeVideoNEW106_f3_jpg.rf.100e86d2d578c506662d2ec505c13c32.jpg,1,1,0.9998,0.326,0.008,0.071,3.413,1.2,8.483,0.389,14.4
FireSmokeVideoNEW107_f106_jpg.rf.113c590393888042cc28e8f491be7648.jpg,1,1,1.0,0.199,0.005,0.048,2.192,0.931,6.963,0.236,11.006
FireSmokeVideoNEW107_f123_jpg.rf.9b0580b6b19e2485a2b4ba7b49973b91.jpg,1,1,1.0,0.209,0.005,0.049,2.239,0.925,7.179,0.24,11.221
FireSmokeVideoNEW107_f127_jpg.rf.829b599800fa2ff96700b10087ad3476.jpg,1,1,1.0,0.323,0.01,0.061,2.973,1.054,7.169,0.237,12.22
FireSmokeVideoNEW107_f26_jpg.rf.61a2a027fdf7da306caca75ebb153434.jpg,1,1,1.0,0.279,0.007,0.049,2.301,0.92,7.148,0.236,11.306
FireSmokeVideoNEW107_f28_jpg.rf.77d96d55d8f5bd713af7a40d7bd68cf9.jpg,1,1,1.0,0.297,0.01,0.06,4.132,3.183,8.151,0.574,16.847
FireSmokeVideoNEW107_f2_jpg.rf.2ae3871bad997558e861e368aa59a114.jpg,1,1,1.0,0.318,0.009,0.065,2.531,1.43,11.088,0.23,16.056
FireSmokeVideoNEW107_f36_jpg.rf.55484257687fcb98dd9853c45d221ffb.jpg,1,1,1.0,0.201,0.004,0.047,2.934,0.969,7.522,0.352,12.432
FireSmokeVideoNEW107_f4_jpg.rf.a620a7201724ee71ecef0da20f8f7cca.jpg,1,1,1.0,0.204,0.005,0.049,2.782,0.942,7.168,0.241,11.765
FireSmokeVideoNEW107_f7_jpg.rf.e893ab93fd1147461c1d1018f93c0b43.jpg,1,1,1.0,0.205,0.006,0.049,2.277,0.994,7.166,0.236,11.327
FireSmokeVideoNEW107_f92_jpg.rf.24302c17033c41be0e8a851dd409a218.jpg,1,1,1.0,0.327,0.011,0.068,6.689,5.926,7.179,0.242,20.825
FireSmokeVideoNEW107_f98_jpg.rf.899748aa5ce4273733a59fe30b4d0c48.jpg,1,1,1.0,0.202,0.006,0.054,2.461,1.079,7.163,0.238,11.589
FireSmokeVideoNEW108_f17_jpg.rf.ac2f7536732dd04f1f8ac409305412e5.jpg,1,1,0.9707,0.209,0.006,0.049,2.988,1.034,7.182,0.23,12.168
FireSmokeVideoNEW108_f38_jpg.rf.2abf71a14111954c4580a46c4d15b3d3.jpg,1,1,0.6631,0.214,0.007,0.051,5.566,1.041,7.214,0.26,14.75
FireSmokeVideoNEW110_f22_jpg.rf.61b3b4e8798ce29f7fe58d31c03ac8a2.jpg,1,1,1.0,0.328,0.03,0.055,8.561,3.052,7.807,0.414,20.641
FireSmokeVideoNEW110_f24_jpg.rf.56e533c69820c0ad447920ce32c55898.jpg,1,1,1.0,0.205,0.006,0.05,4.584,2.908,7.153,0.268,15.569
FireSmokeVideoNEW110_f32_jpg.rf.5721c6c2eef55a07841c4c832f3d07d5.jpg,1,1,0.9999,0.2,0.006,0.05,3.443,1.012,7.162,0.282,12.517
FireSmokeVideoNEW110_f34_jpg.rf.acc53b1abe3327d738d65e69f13bad79.jpg,1,1,0.9999,0.199,0.006,0.051,3.486,0.978,7.121,0.235,12.48
FireSmokeVideoNEW110_f36_jpg.rf.ae30defe49181bd09836a5fcdeb46fab.jpg,1,1,1.0,0.314,0.008,0.065,3.321,1.463,7.178,0.22,12.94
FireSmokeVideoNEW110_f38_jpg.rf.0bc87128341ef88532538fe138ff4f2b.jpg,1,1,1.0,0.284,0.006,0.049,3.297,0.994,7.133,0.24,12.454
FireSmokeVideoNEW110_f41_jpg.rf.f550195d19a1c0b6d424f595c2b4b1f9.jpg,1,1,1.0,0.2,0.007,0.044,2.746,0.903,7.219,0.232,11.697
FireSmokeVideoNEW110_f61_jpg.rf.54f8064cc44792ec52b6ddf320ffa3a3.jpg,1,1,1.0,0.202,0.005,0.078,4.911,1.944,10.067,0.344,17.948
FireSmokeVideoNEW110_f63_jpg.rf.40951b985ae21888cdb87e745713aa2d.jpg,1,1,0.9999,0.33,0.008,0.067,5.269,4.871,12.569,0.246,24.284
FireSmokeVideoNEW110_f65_jpg.rf.22dae51c804d093b3928bb9cf5cb5565.jpg,1,1,0.9999,0.212,0.006,0.051,4.468,3.539,8.525,0.471,18.263
FireSmokeVideoNEW110_f67_jpg.rf.cd33b401abcfbfd4a951fd3906e86a41.jpg,1,1,1.0,0.332,0.008,0.064,6.108,2.754,7.177,0.241,17.19
FireSmokeVideoNEW110_f76_jpg.rf.bada3c63979a4512aec38ac7d78ec2d7.jpg,1,1,1.0,0.311,0.009,0.068,2.696,1.123,7.378,0.365,12.355
FireSmokeVideoNEW110_f80_jpg.rf.9f1ecfc3ee942fd4bbd1173ba4b7c394.jpg,1,1,1.0,0.322,0.01,0.064,3.744,1.167,8.245,0.258,14.297
FireSmokeVideoNEW110_f82_jpg.rf.0ff7a178a73b8e42a819ac1739b3c564.jpg,1,1,1.0,0.303,0.007,0.066,4.14,1.031,9.69,0.341,15.989
FireSmokeVideoNEW110_f93_jpg.rf.481ecb09dee0cdc168a1d0787874ef0c.jpg,1,1,1.0,0.203,0.006,0.049,3.755,1.06,8.233,0.283,14.069
FireSmokeVideoNEW112_f10_jpg.rf.39e79e3dfd5c98f6e68045158e2af82d.jpg,1,1,1.0,0.329,0.008,0.069,7.338,4.187,12.281,0.244,24.859
FireSmokeVideoNEW112_f12_jpg.rf.11432bc655317e1fac9c6107e3b5200f.jpg,1,1,1.0,0.304,0.008,0.06,5.886,2.964,7.666,0.33,17.616
FireSmokeVideoNEW112_f14_jpg.rf.6e0c0892a684c74c1ca4670f293457d8.jpg,1,1,1.0,0.859,0.01,0.061,3.316,1.118,8.406,0.238,14.498
FireSmokeVideoNEW112_f16_jpg.rf.ba57af29c8fa8587b2c5148f046375b0.jpg,1,1,1.0,0.323,0.009,0.067,3.807,1.259,8.375,0.339,14.677
FireSmokeVideoNEW112_f18_jpg.rf.21a30cbb698713638442e8962561a9b6.jpg,1,1,1.0,0.198,0.005,0.048,2.142,0.902,7.17,0.237,11.159
FireSmokeVideoNEW112_f1_jpg.rf.90fce7c457371c8403ad89986542ee96.jpg,1,1,1.0,0.196,0.006,0.05,4.424,3.06,8.546,0.423,17.234
FireSmokeVideoNEW112_f2_jpg.rf.da1c46afa259254b1aad5c4b5da7da24.jpg,1,1,1.0,0.197,0.006,0.048,4.742,2.991,8.194,0.294,17.462
FireSmokeVideoNEW112_f4_jpg.rf.f44dba51b9e805433a996d474bd2fbd7.jpg,1,1,1.0,0.335,0.012,0.069,6.271,3.902,12.619,0.361,24.095
FireSmokeVideoNEW112_f6_jpg.rf.dd87dd731952da1d5b61e93a00655678.jpg,1,1,1.0,0.191,0.006,0.049,5.551,1.063,7.216,0.24,14.718
FireSmokeVideoNEW112_f8_jpg.rf.129c527401604ce7176db07d9d855c9c.jpg,1,1,1.0,0.216,0.004,0.052,2.317,0.987,8.273,0.335,12.57
FireSmokeVideoNEW115_f10_jpg.rf.6f4300e4b3f362eed7886f4f1a87b93d.jpg,1,1,0.9999,0.209,0.005,0.049,3.982,1.019,7.654,0.322,13.635
FireSmokeVideoNEW115_f13_jpg.rf.324cc0423d48b832369d92b99a4baa51.jpg,1,1,1.0,0.204,0.006,0.049,2.839,1.123,7.132,0.269,12.013
FireSmokeVideoNEW115_f15_jpg.rf.15dbd25355578fccabf33bbbc4d6ad17.jpg,1,1,1.0,0.201,0.005,0.05,3.289,1.075,7.156,0.223,12.399
FireSmokeVideoNEW115_f20_jpg.rf.f0100e331ebd11f9a9711991e4833e3f.jpg,1,1,1.0,0.209,0.006,0.089,5.91,2.918,7.092,0.276,16.873
FireSmokeVideoNEW115_f39_jpg.rf.41762177627c892b70e006fe5cb26853.jpg,1,1,1.0,0.216,0.007,0.053,4.157,2.934,7.18,0.279,15.231
FireSmokeVideoNEW115_f46_jpg.rf.d94c8cb5cbed9575cd088fc4b493eed2.jpg,1,1,1.0,0.217,0.006,0.159,5.883,1.664,7.499,0.374,16.333
FireSmokeVideoNEW115_f50_jpg.rf.5e39ed208628142a56e09ae43ec4d605.jpg,1,1,1.0,0.208,0.006,0.05,3.928,2.699,7.889,0.24,15.506
FireSmokeVideoNEW115_f60_jpg.rf.baab27845cdd653f00986ee3b96a380e.jpg,1,1,1.0,0.322,0.009,0.104,5.273,1.247,8.665,0.386,16.506
FireSmokeVideoNEW115_f8_jpg.rf.9dcd347526c445f2baa86c5c9186f090.jpg,1,1,1.0,0.305,0.009,0.055,4.359,1.201,7.651,0.247,14.317
FireSmokeVideoNEW116_f12_jpg.rf.95a18922be59788cbf63dc24766c8fac.jpg,1,1,1.0,0.206,0.006,0.047,4.178,3.124,8.4,0.351,16.677
FireSmokeVideoNEW116_f14_jpg.rf.6fe2d6cfc1a0f7ba2d16d873a0f51aca.jpg,1,1,1.0,0.306,0.008,0.061,5.549,1.218,7.115,0.224,14.884
FireSmokeVideoNEW116_f16_jpg.rf.1d60b7f98a425c19989760a77b8b7092.jpg,1,1,1.0,0.311,0.009,0.061,3.097,1.287,7.276,0.24,12.628
FireSmokeVideoNEW116_f19_jpg.rf.e9193762a644c57d90194cc412b3e211.jpg,1,1,1.0,0.206,0.005,0.046,4.946,3.103,11.731,0.231,20.653
FireSmokeVideoNEW116_f20_jpg.rf.f2bfd4b6ed7d602b070e70eb541c8849.jpg,1,1,1.0,0.307,0.007,0.06,6.143,2.96,7.172,0.264,17.3
FireSmokeVideoNEW116_f25_jpg.rf.94faed5bcc786dc07e04a6bead7cb5c6.jpg,1,1,1.0,0.361,0.009,0.087,3.795,1.172,7.683,0.227,13.834
FireSmokeVideoNEW116_f2_jpg.rf.4c9cb9b9a3ba5e3c7f2b82764aa90f2c.jpg,1,1,1.0,0.2,0.006,0.045,4.239,3.718,8.108,0.342,17.028
FireSmokeVideoNEW117_f12_jpg.rf.fcb70a547a268008126db8dc378559b9.jpg,1,1,1.0,0.206,0.006,0.047,2.805,1.031,7.141,0.228,11.863
FireSmokeVideoNEW117_f14_jpg.rf.9b010af028bb860ed3b84a8fdb2d373c.jpg,1,1,1.0,0.205,0.007,0.048,3.124,0.965,7.054,0.253,12.029
FireSmokeVideoNEW117_f19_jpg.rf.b971752c7c2b708d3b4ad9ee4fa816bd.jpg,1,1,1.0,0.317,0.008,0.066,2.475,1.061,7.141,0.238,11.7
FireSmokeVideoNEW117_f6_jpg.rf.035a84019a5b26bcdb24a39a0789bcfd.jpg,1,1,1.0,0.208,0.005,0.051,10.909,1.189,7.868,0.46,21.291
FireSmokeVideoNEW117_f8_jpg.rf.b22f2fc6ce899d8be4ce21548f905e81.jpg,1,1,0.9997,0.205,0.005,0.048,2.421,0.907,7.127,0.245,11.35
FireSmokeVideoNEW119_f0_jpg.rf.744fd2bb67b9c4f5c263823ce6d2e4a2.jpg,1,1,1.0,0.327,0.008,0.061,3.097,2.198,7.656,0.363,14.104
FireSmokeVideoNEW119_f11_jpg.rf.187de46834021c761b20f75282b71fc2.jpg,1,1,1.0,0.31,0.01,0.057,3.259,1.115,8.146,0.239,13.636
FireSmokeVideoNEW119_f17_jpg.rf.bb575498be7cb8bf09271655a827a205.jpg,1,1,1.0,0.202,0.006,0.046,2.18,0.934,7.13,0.234,11.116
FireSmokeVideoNEW119_f20_jpg.rf.83ca338b8a7a1f351f20a0392a978c58.jpg,1,1,1.0,0.208,0.006,0.048,2.613,1.086,7.778,0.322,12.46
FireSmokeVideoNEW119_f27_jpg.rf.32a58d37e8165ece6f17b61092424e7e.jpg,1,1,1.0,0.201,0.005,0.045,2.711,0.841,7.48,0.326,11.964
FireSmokeVideoNEW119_f29_jpg.rf.585557862f600c84c9c40f80eb57f8ec.jpg,1,1,1.0,0.213,0.009,0.061,3.192,1.279,7.902,0.237,13.399
FireSmokeVideoNEW119_f30_jpg.rf.c902440835c3fd8c2560c5317b035538.jpg,1,1,1.0,0.213,0.006,0.048,5.573,4.507,13.121,0.281,24.13
FireSmokeVideoNEW119_f32_jpg.rf.d27ae4e085fd41313631ebe74965ae01.jpg,1,1,1.0,0.332,0.009,0.062,4.205,1.338,8.302,0.281,15.042
FireSmokeVideoNEW119_f38_jpg.rf.d91f985ff0f9428aa2de6e6bd8ebc98a.jpg,1,1,1.0,0.209,0.004,0.051,4.135,0.982,7.692,0.349,13.824
FireSmokeVideoNEW119_f3_jpg.rf.c8cc5b5783961b03724d25c816b3e647.jpg,1,1,1.0,0.207,0.006,0.05,4.439,2.313,8.204,0.239,15.98
FireSmokeVideoNEW119_f47_jpg.rf.1ffd353c21c7b5679d7e046c6c549393.jpg,1,1,1.0,0.211,0.007,0.052,2.635,1.654,8.126,0.237,13.415
FireSmokeVideoNEW119_f7_jpg.rf.2244f93cbbd1e3e46b4d0bbdba5b6b95.jpg,1,1,1.0,0.207,0.006,0.048,2.855,0.943,7.161,0.23,11.841
FireSmokeVideoNEW119_f9_jpg.rf.ab8d6371d788579af7d9b32869f2dcfd.jpg,1,1,1.0,0.358,0.009,0.078,3.027,0.922,7.232,0.247,12.26
FireSmokeVideoNEW121_f18_jpg.rf.44673b9ce8af3ecd42f57e22a99a38e0.jpg,1,1,1.0,0.206,0.006,0.051,2.3,0.931,7.143,0.249,11.271
FireSmokeVideoNEW121_f1_jpg.rf.5be93985d812c7f5ea035ac113e0f5e0.jpg,1,1,1.0,0.325,0.009,0.066,8.512,5.709,10.251,0.249,25.716
FireSmokeVideoNEW121_f21_jpg.rf.eebcabf40ddce34c31a6c13331a65953.jpg,1,1,1.0,0.312,0.008,0.066,2.901,1.113,7.193,0.237,12.228
FireSmokeVideoNEW121_f23_jpg.rf.ac278f7e1c7a444be3f887b2c6d38717.jpg,1,1,1.0,0.21,0.006,0.047,3.0,0.942,9.364,0.336,14.296
FireSmokeVideoNEW121_f25_jpg.rf.d0ef6211efb24426ee946e1fa8c31fce.jpg,1,1,0.9999,0.214,0.005,0.047,2.855,1.239,8.753,0.22,13.827
FireSmokeVideoNEW121_f27_jpg.rf.a5b8bd5483ad1bb30b723346e830127b.jpg,1,1,0.9999,0.213,0.006,0.048,3.778,0.97,7.773,0.359,13.543
FireSmokeVideoNEW121_f29_jpg.rf.a99e4a5f275c636275e5efa27c36b410.jpg,1,1,0.9999,0.209,0.005,0.05,3.71,3.176,8.621,0.236,16.423
FireSmokeVideoNEW121_f30_jpg.rf.33e9b2bac1a4a79c6a3de00c8a3a8d99.jpg,1,1,1.0,0.302,0.007,0.067,3.894,1.048,7.191,0.238,13.124
FireSmokeVideoNEW121_f32_jpg.rf.f8cb024d7bf28236b1e1d37b2eae22ac.jpg,1,1,1.0,0.214,0.005,0.056,5.138,7.435,15.768,0.522,29.892
FireSmokeVideoNEW121_f34_jpg.rf.6cedfb99ee40c10d727a61a74ea8f251.jpg,1,1,0.9999,0.21,0.006,0.053,4.005,3.028,7.78,0.386,15.864
FireSmokeVideoNEW121_f37_jpg.rf.9a405f57987f96bd108e065a51ca2b6f.jpg,1,1,1.0,0.315,0.008,0.066,4.597,3.375,7.53,0.566,16.887
FireSmokeVideoNEW121_f39_jpg.rf.6e6af0255f04f4fe3cf20ee175bfcaad.jpg,1,1,0.9989,0.219,0.005,0.056,7.148,3.389,8.004,0.429,19.861
FireSmokeVideoNEW121_f40_jpg.rf.7817cfe0fa7c24a82024b8b4fe48581f.jpg,1,1,0.9994,0.215,0.006,0.053,3.552,1.012,7.187,0.236,12.65
FireSmokeVideoNEW121_f4_jpg.rf.8f335cc6c3f116510aa7b65424141dbb.jpg,1,1,0.9999,0.239,0.007,0.048,2.248,1.079,7.17,0.234,11.44
FireSmokeVideoNEW121_f6_jpg.rf.0ab7d7fafe53d2118e6ce10be956dfae.jpg,1,1,1.0,0.213,0.005,0.08,2.273,0.953,7.223,0.248,11.379
FireSmokeVideoNEW122_f41_jpg.rf.ddb6da50b215710fb313bd2b6498352f.jpg,1,1,1.0,0.217,0.005,0.053,2.247,1.018,7.709,0.275,12.078
FireSmokeVideoNEW123_f106_jpg.rf.c25e4e81d45d2617b0ab2f5a640eff4b.jpg,1,1,1.0,0.352,0.006,0.072,3.016,1.019,9.091,0.252,14.191
FireSmokeVideoNEW123_f108_jpg.rf.324c16b1e030787e2a19588a578b4df5.jpg,1,1,1.0,0.31,0.009,0.066,2.747,1.123,7.187,0.236,12.057
FireSmokeVideoNEW123_f112_jpg.rf.ef7e157209fea66c4da0a9b66de88567.jpg,1,1,1.0,0.211,0.006,0.051,2.51,0.985,7.181,0.233,11.574
FireSmokeVideoNEW123_f114_jpg.rf.bf8d48047fca455b0f42a273198515cc.jpg,1,1,1.0,0.214,0.006,0.05,2.57,1.002,7.736,0.221,12.178
FireSmokeVideoNEW123_f116_jpg.rf.98c9644c9b593c5edf72505fbd46e59e.jpg,1,1,1.0,0.204,0.005,0.05,4.054,1.078,7.179,0.25,13.216
FireSmokeVideoNEW123_f118_jpg.rf.b477bf1713c31303b31eb7a199ee4c91.jpg,1,1,1.0,0.324,0.009,0.071,4.003,0.984,7.174,0.236,13.189
FireSmokeVideoNEW123_f11_jpg.rf.c8a9964859459a55d8b0b342188a4c08.jpg,1,1,0.8019,0.207,0.006,0.051,2.268,0.94,7.16,0.234,11.256
FireSmokeVideoNEW123_f121_jpg.rf.e2586395c9b367a7c81ae7509f4e39db.jpg,1,1,1.0,0.321,0.011,0.061,3.752,0.982,7.273,0.25,13.04
FireSmokeVideoNEW123_f123_jpg.rf.e2375d9952733650dc776617228bb2f8.jpg,1,1,0.9998,0.208,0.006,0.049,8.114,3.625,9.529,0.244,22.32
FireSmokeVideoNEW123_f126_jpg.rf.73e9b95d773d15252049d96c679bd5df.jpg,1,1,1.0,0.207,0.006,0.051,4.082,0.976,7.21,0.236,13.15
FireSmokeVideoNEW123_f128_jpg.rf.98e64005651b632e0dd4ef0e8e222a80.jpg,1,1,1.0,0.219,0.005,0.058,6.48,1.269,7.145,0.242,15.812
FireSmokeVideoNEW123_f131_jpg.rf.c92c6b57ace2f9ca7cf47e4631e4ceb8.jpg,1,1,1.0,0.223,0.006,0.059,6.343,1.093,7.254,0.255,15.622
FireSmokeVideoNEW123_f133_jpg.rf.8a731b6788e829b919dcc6fbedee2290.jpg,1,1,1.0,0.214,0.005,0.055,7.483,1.044,7.205,0.232,16.633
FireSmokeVideoNEW123_f135_jpg.rf.f13f1e5ca75a57717778dcb1a3bfbfef.jpg,1,1,1.0,0.213,0.006,0.053,6.451,1.469,7.178,0.245,16.005
FireSmokeVideoNEW123_f137_jpg.rf.89be9c03d3b298ac53b1a84fd4bdb93f.jpg,1,1,1.0,0.269,0.005,0.055,5.648,1.062,7.314,0.251,15.005
FireSmokeVideoNEW123_f148_jpg.rf.40d340666298e990735d8ca388cb9816.jpg,1,1,1.0,0.404,0.009,0.091,5.587,3.521,16.543,0.263,26.807
FireSmokeVideoNEW123_f151_jpg.rf.aa3122a12b22ffea0d7a193d7beae8c5.jpg,1,1,1.0,0.316,0.009,0.084,2.249,0.951,7.151,0.246,11.4
FireSmokeVideoNEW123_f153_jpg.rf.2a47a75fafb9f06997f57643fd0c2bd1.jpg,1,1,1.0,0.196,0.005,0.045,2.285,0.937,7.156,0.238,11.257
FireSmokeVideoNEW123_f156_jpg.rf.ae63f1b00917b26c25dda972daf3284b.jpg,1,1,1.0,0.23,0.006,0.052,2.74,0.953,7.772,0.387,12.545
FireSmokeVideoNEW123_f171_jpg.rf.9c1f0a991f5d1c042661894dd366e0fa.jpg,1,1,0.9979,0.331,0.007,0.065,2.992,1.397,7.676,0.256,13.635
FireSmokeVideoNEW123_f173_jpg.rf.55d9d95cd78bdff66e92e854c28eb5f0.jpg,1,1,0.9953,0.214,0.006,0.049,2.332,0.941,7.15,0.24,11.312
FireSmokeVideoNEW123_f175_jpg.rf.46d008d35dba2bb66f53dc182961d9a6.jpg,1,1,0.9992,0.213,0.007,0.05,2.267,1.255,7.171,0.24,11.565
FireSmokeVideoNEW123_f177_jpg.rf.c76526af57ef0609dc042f01c15fc77e.jpg,1,1,0.9998,0.213,0.005,0.05,6.349,6.931,13.1,0.247,27.485
FireSmokeVideoNEW123_f23_jpg.rf.51e35fa3a68a33dfdf723d94f317a85b.jpg,1,1,1.0,0.207,0.006,0.049,5.466,1.422,8.536,0.243,16.341
FireSmokeVideoNEW123_f43_jpg.rf.e8008f78b15654db7e58f369714def41.jpg,1,1,1.0,0.321,0.01,0.069,3.041,6.204,7.807,0.407,18.271
FireSmokeVideoNEW123_f47_jpg.rf.19c0d322d98a9e64ad8fb4efd7fc0e4d.jpg,1,1,1.0,0.213,0.006,0.054,2.569,0.945,7.478,0.386,12.026
FireSmokeVideoNEW123_f49_jpg.rf.62d9ee330226fe916f41f8470db9eb64.jpg,1,1,1.0,0.32,0.009,0.072,2.964,2.1,7.809,0.23,14.015
FireSmokeVideoNEW123_f53_jpg.rf.8c311ae20b0033cdae63327dc63e13cb.jpg,1,1,1.0,0.209,0.006,0.051,3.197,0.961,7.138,0.23,12.186
FireSmokeVideoNEW123_f56_jpg.rf.5a5e62ac291b53c106d713eebc9ab978.jpg,1,1,1.0,0.209,0.006,0.051,4.005,1.112,7.146,0.216,13.141
FireSmokeVideoNEW123_f65_jpg.rf.691203ff3979f7125a54151c4b53a24a.jpg,1,1,1.0,0.312,0.01,0.063,2.75,0.924,7.133,0.24,11.79
FireSmokeVideoNEW123_f73_jpg.rf.d9ba153281fb3ea120f2214751a49b98.jpg,1,1,0.9998,0.211,0.006,0.053,10.55,6.121,9.669,0.245,27.45
FireSmokeVideoNEW123_f75_jpg.rf.2d872df94a99a62833cb4a08932ab6d5.jpg,1,1,0.9983,0.32,0.009,0.07,3.739,1.286,8.395,0.371,14.835
FireSmokeVideoNEW123_f79_jpg.rf.bcd14349dff0e46dfcf8deae404a9b58.jpg,1,1,1.0,0.209,0.005,0.05,3.004,2.051,7.437,0.346,13.502
FireSmokeVideoNEW123_f81_jpg.rf.6a3dbcf3f43554d6a4828de674d3b1c6.jpg,1,1,1.0,0.303,0.009,0.067,3.091,1.194,8.546,0.378,14.087
FireSmokeVideoNEW123_f83_jpg.rf.36c5ac6ba183f6e111b612aa4e282b9c.jpg,1,1,1.0,0.307,0.009,0.067,5.786,3.091,7.606,0.225,17.579
FireSmokeVideoNEW123_f93_jpg.rf.af94d96d426a243f0b572fdd6b0cffaa.jpg,1,1,0.9989,0.331,0.01,0.071,5.531,1.46,7.763,0.25,15.916
FireSmokeVideoNEW123_f96_jpg.rf.423f320fddc0053c6a0341c43c5006ec.jpg,1,1,1.0,0.213,0.007,0.052,3.243,0.912,9.83,0.354,15.022
FireSmokeVideoNEW124_f1_jpg.rf.d882ce249beeb12e24fd0367d120b1ff.jpg,1,1,0.9998,0.329,0.011,0.064,6.919,2.897,8.13,0.242,19.095
FireSmokeVideoNEW124_f27_jpg.rf.5cdddd18ce788cc7cf757ab412be6519.jpg,1,1,1.0,0.336,0.011,0.064,4.397,1.749,8.059,0.273,15.68
FireSmokeVideoNEW124_f34_jpg.rf.f3d8859fca5670c5d72b6dcac9134ddf.jpg,1,1,1.0,0.209,0.005,0.052,2.441,0.929,8.837,0.294,13.248
FireSmokeVideoNEW124_f3_jpg.rf.16ade03d9e655a947e2544a8985f60f9.jpg,1,1,0.9999,0.206,0.006,0.047,2.492,0.978,9.25,0.23,13.598
FireSmokeVideoNEW124_f47_jpg.rf.314dec34ced589603b4b73ba0a908a21.jpg,1,1,1.0,0.201,0.006,0.047,2.176,1.01,8.674,0.241,12.821
FireSmokeVideoNEW124_f49_jpg.rf.f17f0a12dec3ed500b6a16528b367689.jpg,1,1,1.0,0.32,0.005,0.045,3.545,3.489,7.992,0.353,16.16
FireSmokeVideoNEW124_f54_jpg.rf.3c6cd3f1f020be4de59ee26347685778.jpg,1,1,1.0,0.32,0.009,0.067,5.642,6.105,13.146,0.436,26.137
FireSmokeVideoNEW124_f56_jpg.rf.34f1587323d712197492c44f17215884.jpg,1,1,0.9998,0.217,0.006,0.054,6.407,2.04,9.635,0.244,19.133
FireSmokeVideoNEW125_f0_jpg.rf.81fe7efddc3253ced13780ec6e408e3c.jpg,1,1,1.0,0.333,0.01,0.075,4.8,1.222,7.65,0.24,14.843
FireSmokeVideoNEW125_f106_jpg.rf.3a904aa90315058997b7ecacfd5fa5b5.jpg,1,1,1.0,0.212,0.006,0.053,2.222,0.944,8.503,0.32,12.709
FireSmokeVideoNEW125_f120_jpg.rf.c8d686137373b25435a8310ad00fd6ab.jpg,1,1,1.0,0.203,0.005,0.047,2.108,1.164,7.106,0.232,11.223
FireSmokeVideoNEW125_f130_jpg.rf.6f68116a78703c1e9340d77fb40469f5.jpg,1,1,1.0,0.209,0.005,0.048,2.012,0.825,7.002,0.225,10.699
FireSmokeVideoNEW125_f48_jpg.rf.cf4af7b857bae0990afd26b3c1980247.jpg,1,1,1.0,0.2,0.005,0.046,2.089,1.029,7.095,0.233,11.084
FireSmokeVideoNEW125_f74_jpg.rf.d0f371fe160c19e18a328a6024aa82cd.jpg,1,1,1.0,0.203,0.005,0.049,3.092,0.912,7.109,0.22,11.976
FireSmokeVideoNEW125_f7_jpg.rf.be240cb2d473d14c67984703664df0b7.jpg,1,1,1.0,0.208,0.006,0.047,4.564,3.784,11.691,0.237,21.181
FireSmokeVideoNEW126_f27_jpg.rf.7346fe8b8287523c5fc6b4e80eaf0f26.jpg,1,1,0.9999,0.308,0.008,0.06,5.238,2.969,7.674,0.473,17.121
FireSmokeVideoNEW126_f29_jpg.rf.5077bf2b2ec0dbc0203d41adf4100e97.jpg,1,1,1.0,0.319,0.01,0.069,2.726,1.78,8.098,0.239,13.72
FireSmokeVideoNEW126_f44_jpg.rf.cd6d14d78dc95c57e52ab92b9f82b3a4.jpg,1,1,1.0,0.207,0.006,0.047,2.644,1.036,7.112,0.256,11.699
FireSmokeVideoNEW126_f48_jpg.rf.da7b9ebcf213b3796a8526e2c8aa6491.jpg,1,1,1.0,0.215,0.006,0.048,2.26,0.971,7.192,0.249,11.295
FireSmokeVideoNEW126_f52_jpg.rf.b195208c78b88a4e65b0aa661c45f466.jpg,1,1,1.0,0.199,0.005,0.046,2.507,0.926,7.103,0.238,11.408
FireSmokeVideoNEW126_f54_jpg.rf.d787da27718524423c5c184be403cc6c.jpg,1,1,1.0,0.196,0.005,0.045,2.479,0.926,9.252,0.254,13.514
FireSmokeVideoNEW126_f56_jpg.rf.d0e363100b9c22d89de0c94a6e8d2e1d.jpg,1,1,1.0,0.297,0.008,0.062,4.777,3.423,8.451,0.253,17.88
FireSmokeVideoNEW126_f58_jpg.rf.c3a944666a891a540b1cfb2bffc2a913.jpg,1,1,1.0,0.319,0.009,0.066,3.282,1.242,7.199,0.329,12.867
FireSmokeVideoNEW126_f62_jpg.rf.812b44d2dbb2f7ac4ae3c3b0d07c88f6.jpg,1,1,1.0,0.201,0.005,0.05,4.434,3.808,10.474,0.233,19.689
FireSmokeVideoNEW126_f64_jpg.rf.de98eff962cdeb3f0682a2c381d22c4d.jpg,1,1,1.0,0.301,0.008,0.061,3.746,1.158,7.09,0.258,12.979
FireSmokeVideoNEW127_f28_jpg.rf.e61d2816bb699753b49da2bf37a1a457.jpg,1,1,0.7102,0.204,0.005,0.048,3.738,2.942,8.371,0.239,15.969
FireSmokeVideoNEW127_f30_jpg.rf.3b48e7019fa19921bbcd22a8fc18a010.jpg,1,1,0.9999,0.322,0.009,0.059,4.189,3.175,7.253,0.332,15.706
FireSmokeVideoNEW127_f34_jpg.rf.0c83d4fb0a63562feb910932eecf60d0.jpg,1,1,1.0,0.295,0.006,0.062,4.082,2.937,7.203,0.233,15.204
FireSmokeVideoNEW127_f44_jpg.rf.a9ef43d66b9ec7d1b8e17f8f36bca741.jpg,1,1,1.0,0.299,0.009,0.062,4.764,3.111,7.778,0.381,16.791
FireSmokeVideoNEW127_f50_jpg.rf.bdcc99d123f67fb733203559f7693ef2.jpg,1,1,0.6602,0.207,0.007,0.051,4.004,3.034,9.21,0.258,17.154
FireSmokeVideoNEW127_f82_jpg.rf.9f015bb6a9818f109cc000cd7bdd16e6.jpg,1,1,0.5997,0.206,0.005,0.046,4.083,3.287,7.406,0.337,15.739
FireSmokeVideoNEW127_f9_jpg.rf.eee7846a8bbb29bad98f36c3bb075784.jpg,1,1,1.0,0.203,0.006,0.048,4.076,3.298,7.713,0.402,16.21
FireSmokeVideoNEW128_f12_jpg.rf.0458b54b709948eb3bdcde19ff5095f0.jpg,1,1,1.0,0.241,0.006,0.042,3.597,0.982,9.695,0.336,15.252
FireSmokeVideoNEW128_f14_jpg.rf.a5d3694afb9300f4e3b2b0775addef04.jpg,1,1,1.0,0.314,0.009,0.063,3.56,1.114,8.106,0.243,13.902
FireSmokeVideoNEW128_f20_jpg.rf.98a1afc67a6f33f19bd2f1be2f35851b.jpg,1,1,1.0,0.224,0.005,0.049,2.506,1.518,7.439,0.345,12.453
FireSmokeVideoNEW128_f7_jpg.rf.e0935c0a1913034ce0978e5202e392f4.jpg,1,1,1.0,0.325,0.01,0.061,3.071,1.207,8.173,0.239,13.585
FireSmokeVideoNEW128_f9_jpg.rf.bad1461a9bf07e05694221fb55e56534.jpg,1,1,1.0,0.227,0.006,0.052,5.456,5.11,11.988,0.247,23.631
FireSmokeVideoNEW129_f14_jpg.rf.79c883812d7065ddbec62fd55612a017.jpg,1,1,0.9998,0.311,0.01,0.06,3.541,1.117,7.17,0.28,13.002
FireSmokeVideoNEW12_f24_jpg.rf.7b20fc3b471a7b97fbe9c7e041a0109c.jpg,1,1,1.0,0.38,0.009,0.061,3.271,2.196,8.595,0.38,15.403
FireSmokeVideoNEW12_f38_jpg.rf.96c628a11234c5f9c050b2b4211a2b76.jpg,1,1,1.0,0.32,0.009,0.061,2.937,1.451,7.568,0.257,13.116
FireSmokeVideoNEW12_f51_jpg.rf.6d8e0c1a7b9920ce1193bbb2e094121b.jpg,1,1,1.0,0.317,0.008,0.066,2.417,0.78,7.172,0.252,11.367
FireSmokeVideoNEW12_f64_jpg.rf.13d8bcf8193a21886c21bb66db8fdaa1.jpg,1,1,1.0,0.249,0.006,0.046,3.681,3.705,8.042,0.345,16.641
FireSmokeVideoNEW12_f8_jpg.rf.6d3fc0fe1d943fc0e986aeb39002b689.jpg,1,1,1.0,0.205,0.006,0.05,2.416,0.915,7.225,0.254,11.425
FireSmokeVideoNEW132_f101_jpg.rf.ef8315ebdb257a7832caeb9c2b6c2c3f.jpg,1,1,1.0,0.21,0.006,0.052,8.006,7.115,12.363,0.461,29.687
FireSmokeVideoNEW132_f107_jpg.rf.0be5dc622567ae0ca9a1fa0630d1181a.jpg,1,1,1.0,0.216,0.005,0.053,5.067,1.229,14.805,0.25,22.146
FireSmokeVideoNEW132_f28_jpg.rf.74a57d7f3bf2e80e86a18b4d9ef15767.jpg,1,1,1.0,0.284,0.007,0.082,3.409,1.833,8.245,0.271,14.707
FireSmokeVideoNEW132_f31_jpg.rf.06c6b40b0e311151a8cb5c990fa23e39.jpg,1,1,1.0,0.316,0.009,0.051,2.721,0.973,7.52,0.362,12.37
FireSmokeVideoNEW132_f33_jpg.rf.cf84d4b69b24020d668380d7b87f8d2d.jpg,1,1,1.0,0.22,0.006,0.055,2.336,1.007,10.0,0.358,14.392
FireSmokeVideoNEW132_f43_jpg.rf.1ceb082efbbbe991f9d91d896796f374.jpg,1,1,1.0,0.205,0.006,0.05,2.301,0.972,7.14,0.226,11.283
FireSmokeVideoNEW132_f45_jpg.rf.d73c7cd8c7378af5a370f16c996e99fb.jpg,1,1,1.0,0.207,0.006,0.049,2.352,1.009,8.184,0.32,12.512
FireSmokeVideoNEW132_f48_jpg.rf.a09d6c000c3b5596d9fb43fad2745011.jpg,1,1,1.0,0.266,0.006,0.052,6.223,5.619,13.099,0.258,26.078
FireSmokeVideoNEW132_f51_jpg.rf.2544fe95b715eea490924ece11616b13.jpg,1,1,0.9904,0.278,0.009,0.083,6.634,1.216,8.35,0.259,17.426
FireSmokeVideoNEW132_f53_jpg.rf.09f633453d5c9279a67dca6558daa432.jpg,1,1,0.9919,0.865,0.009,0.116,3.242,2.02,8.769,0.377,15.93
FireSmokeVideoNEW132_f61_jpg.rf.eef43c9d98a86761615b4b2e7793aa19.jpg,1,1,1.0,0.335,0.008,0.069,4.233,1.425,8.492,0.353,15.462
FireSmokeVideoNEW132_f65_jpg.rf.b11b1fb6703934a13f463437460ee272.jpg,1,1,1.0,0.204,0.005,0.05,2.673,0.983,7.203,0.243,11.751
FireSmokeVideoNEW132_f67_jpg.rf.055d65a0c1fa6cf1aa8eea5471003adc.jpg,1,1,1.0,0.207,0.005,0.045,4.222,5.92,8.16,0.24,19.372
FireSmokeVideoNEW132_f92_jpg.rf.69db5eb51f70a35bfd0d9f540f23a975.jpg,1,1,1.0,0.203,0.006,0.051,6.356,4.32,7.486,0.286,19.208
FireSmokeVideoNEW132_f94_jpg.rf.e414a96046b887c8f237fbbeb00eed68.jpg,1,1,0.9994,0.211,0.006,0.054,7.21,1.052,7.19,0.245,16.371
FireSmokeVideoNEW135_f18_jpg.rf.10d9436c6c60d63acd8bc1031b900b8b.jpg,1,1,1.0,0.212,0.006,0.051,2.199,1.074,7.142,0.234,11.302
FireSmokeVideoNEW135_f28_jpg.rf.2944aab5c6eeadf7afa0d88bd6a3a691.jpg,1,1,1.0,0.227,0.006,0.05,2.928,0.989,7.123,0.239,11.94
FireSmokeVideoNEW135_f2_jpg.rf.b170f64290a695a2b517bc86e7d0ab3b.jpg,1,1,1.0,0.31,0.008,0.076,2.984,0.97,7.112,0.231,12.129
FireSmokeVideoNEW135_f37_jpg.rf.1d9c29827509cfacfd57bc7fc93541eb.jpg,1,1,1.0,0.217,0.007,0.049,2.561,1.02,7.235,0.24,11.7
FireSmokeVideoNEW135_f3_jpg.rf.d644c4d3a7e063c498ba9048dfab4c88.jpg,1,1,1.0,0.213,0.006,0.052,2.315,0.974,7.137,0.243,11.317
FireSmokeVideoNEW135_f47_jpg.rf.a02b0d48f9e7132076a8291778099b52.jpg,1,1,1.0,0.216,0.006,0.05,3.176,1.049,7.26,0.252,12.401
FireSmokeVideoNEW135_f58_jpg.rf.51cb12d10437fa9fcb39682569a95cad.jpg,1,1,1.0,0.226,0.006,0.049,7.014,6.089,12.498,0.288,26.762
FireSmokeVideoNEW135_f60_jpg.rf.087d23aeac67fdce07ba0af44364e805.jpg,1,1,1.0,0.21,0.007,0.047,2.888,0.917,9.644,0.35,14.465
FireSmokeVideoNEW135_f64_jpg.rf.3b7b2ceaa7776dde201211a4a258376b.jpg,1,1,1.0,0.205,0.006,0.048,2.254,0.941,7.154,0.226,11.228
FireSmokeVideoNEW135_f74_jpg.rf.48f32d004d58d3ad3c6a754b68eac54f.jpg,1,1,1.0,0.206,0.006,0.047,2.702,0.939,7.16,0.235,11.684
FireSmokeVideoNEW136_f21_jpg.rf.c676865790e30db1c60eb9dd00b38102.jpg,1,1,1.0,0.317,0.009,0.065,2.486,0.94,7.082,0.242,11.538
FireSmokeVideoNEW137_f1_jpg.rf.44d20ad3d89825a859367b20018c4d55.jpg,1,1,1.0,0.318,0.009,0.057,2.566,0.944,7.122,0.243,11.644
FireSmokeVideoNEW137_f3_jpg.rf.03150810b84d787af6292f591ad6a4e2.jpg,1,1,1.0,0.302,0.008,0.06,2.774,0.951,7.096,0.223,11.803
FireSmokeVideoNEW137_f5_jpg.rf.bb04eef8f3bac3bdd70c74ab5ca80a1c.jpg,1,1,1.0,0.233,0.006,0.049,2.179,0.944,7.204,0.227,11.216
FireSmokeVideoNEW137_f7_jpg.rf.320c1db8f24d5c239dcd6e3467d680a7.jpg,1,1,1.0,0.309,0.01,0.059,2.404,0.932,7.22,0.261,11.581
FireSmokeVideoNEW13_f16_jpg.rf.6a22c435851ee372f4425942eed66e62.jpg,1,1,1.0,0.213,0.006,0.05,5.282,4.287,8.866,0.237,19.55
FireSmokeVideoNEW13_f18_jpg.rf.efa310f56dc29914b2bd9a49bb67b566.jpg,1,1,1.0,0.209,0.006,0.049,2.204,0.961,7.121,0.221,11.155
FireSmokeVideoNEW13_f21_jpg.rf.7b7410506fecac2cb64b3fe8ab09e737.jpg,1,1,1.0,0.217,0.006,0.046,2.72,1.016,7.181,0.221,11.798
FireSmokeVideoNEW13_f23_jpg.rf.78dad5d90f1bb63af854c9ace53546c4.jpg,1,1,1.0,0.21,0.006,0.048,3.28,0.944,7.08,0.252,12.207
FireSmokeVideoNEW13_f25_jpg.rf.b6cfcce6c127ccf15fb3aae89ac3b0a4.jpg,1,1,1.0,0.322,0.01,0.07,2.696,0.968,7.177,0.224,11.863
FireSmokeVideoNEW13_f31_jpg.rf.ea9667265ab5c5c893bac955cc1bd2d8.jpg,1,1,1.0,0.204,0.005,0.047,2.212,0.933,7.167,0.226,11.171
FireSmokeVideoNEW13_f42_jpg.rf.ceb4ec2b5e8a3c397fd08d830a71e4cf.jpg,1,1,1.0,0.312,0.008,0.058,2.361,2.245,7.268,0.254,12.898
FireSmokeVideoNEW13_f44_jpg.rf.348a3b9d0972a0d9c68d3917b787a6d8.jpg,1,1,1.0,0.206,0.006,0.052,4.515,1.355,9.76,0.358,16.673
FireSmokeVideoNEW13_f64_jpg.rf.25326a118e4c9cdb02082bf74f0ec540.jpg,1,1,0.9999,0.252,0.006,0.051,3.564,1.091,7.18,0.24,12.772
FireSmokeVideoNEW140_f11_jpg.rf.a6207fe6ddb09f5f7e97d5d07ae02dc2.jpg,1,1,1.0,0.204,0.006,0.047,2.233,0.94,8.508,0.242,12.558
FireSmokeVideoNEW140_f13_jpg.rf.018ea90614339140984d0f1e0bec858a.jpg,1,1,1.0,0.204,0.007,0.05,2.175,0.974,7.128,0.256,11.176
FireSmokeVideoNEW140_f17_jpg.rf.5e202fe64f36b5f2a5750deeefa59055.jpg,1,1,0.9999,0.213,0.007,0.052,2.512,1.05,7.159,0.241,11.6
FireSmokeVideoNEW140_f30_jpg.rf.49b2343f6127b93f05a60c8895d0f0e9.jpg,1,1,0.9999,0.213,0.006,0.05,2.251,0.937,7.213,0.238,11.285
FireSmokeVideoNEW142_f10_jpg.rf.d98506831f9377f7da57191d436872e9.jpg,1,1,0.9807,0.217,0.006,0.053,2.284,0.954,7.239,0.241,11.361
FireSmokeVideoNEW142_f15_jpg.rf.906eebbf2d4656484d899568c537c722.jpg,1,1,0.949,0.272,0.005,0.051,3.937,5.637,12.474,0.283,23.072
FireSmokeVideoNEW142_f19_jpg.rf.7d661a958573c2fba2e68898fad82dd1.jpg,1,1,0.9994,0.302,0.009,0.067,3.125,1.028,7.291,0.243,12.449
FireSmokeVideoNEW142_f29_jpg.rf.708929a469b97fe2cd62e6233f1d21d7.jpg,1,1,0.994,0.207,0.005,0.049,2.191,0.923,7.169,0.234,11.156
FireSmokeVideoNEW142_f37_jpg.rf.97715052124ba4f34b332433d91cc643.jpg,1,1,0.9998,0.201,0.005,0.046,2.401,0.936,7.181,0.235,11.373
FireSmokeVideoNEW142_f54_jpg.rf.1f26bc7997e471dc07729284fe18c18f.jpg,1,1,1.0,0.275,0.006,0.047,2.169,0.923,7.186,0.237,11.225
FireSmokeVideoNEW142_f8_jpg.rf.00aae90130d2da7f3e57853763ed478a.jpg,1,1,0.8714,0.268,0.006,0.052,5.531,8.985,8.422,0.239,24.161
FireSmokeVideoNEW143_f10_jpg.rf.2249f8748dbed0cbe077fc35929086ad.jpg,1,1,1.0,0.21,0.006,0.051,6.875,8.278,8.045,0.376,24.592
FireSmokeVideoNEW143_f12_jpg.rf.d4416187c1c950728bad7b5f69e90e2d.jpg,1,1,1.0,0.357,0.01,0.075,6.155,7.177,7.522,0.395,22.109
FireSmokeVideoNEW143_f14_jpg.rf.5189a85e97ec559ae6cf9c019946612e.jpg,1,1,1.0,0.221,0.006,0.054,4.735,3.292,7.16,0.231,16.195
FireSmokeVideoNEW143_f16_jpg.rf.d6685538e86d776ff1c97c5216351548.jpg,1,1,1.0,0.223,0.006,0.048,4.096,0.943,7.236,0.243,13.175
FireSmokeVideoNEW143_f18_jpg.rf.472bd0b240a7f17044f20ad23dff581d.jpg,1,1,1.0,0.202,0.005,0.05,3.288,3.556,7.567,0.35,15.407
FireSmokeVideoNEW143_f1_jpg.rf.01fbe83b52f2f843ba3c88189f37fea8.jpg,1,1,1.0,0.321,0.009,0.069,2.71,1.942,7.385,0.248,13.232
FireSmokeVideoNEW143_f21_jpg.rf.6dbf0a12e69696fd0dfde2eddadb5e2e.jpg,1,1,0.9997,0.322,0.01,0.072,2.939,1.249,8.799,0.479,14.383
FireSmokeVideoNEW143_f23_jpg.rf.a8cea5091500d596c76163953ec1d31f.jpg,1,1,0.9994,0.32,0.01,0.07,2.958,1.25,8.149,0.3,14.241
FireSmokeVideoNEW143_f3_jpg.rf.9c2cc06b1c13399df75a9d14bd736829.jpg,1,1,1.0,0.316,0.011,0.067,2.901,1.914,7.506,0.354,13.478
FireSmokeVideoNEW143_f5_jpg.rf.64a711abecb37a1a846511bdfcbfebbb.jpg,1,1,1.0,0.212,0.005,0.049,5.529,6.391,13.085,0.425,26.239
FireSmokeVideoNEW143_f7_jpg.rf.4d5253963cd2437b2d67e58efadda1eb.jpg,1,1,1.0,0.211,0.006,0.052,5.598,0.878,7.554,0.363,15.039
FireSmokeVideoNEW143_f9_jpg.rf.3d8408a7c28207a4594f6116d3dc8e22.jpg,1,1,1.0,0.325,0.01,0.068,2.715,1.199,8.525,0.363,13.724
FireSmokeVideoNEW144_f13_jpg.rf.c9b4dbc9c1a23680b793172414c6a328.jpg,1,1,1.0,0.204,0.006,0.075,4.655,3.142,8.409,0.256,17.258
FireSmokeVideoNEW144_f15_jpg.rf.a053017bcfa3d28a92e025311f6a4898.jpg,1,1,1.0,0.319,0.009,0.064,5.755,3.42,7.615,0.37,17.932
FireSmokeVideoNEW144_f1_jpg.rf.e48ee444ef2493ae5f7c6774c4860fc8.jpg,1,1,1.0,0.318,0.01,0.067,3.3,1.997,7.785,0.228,14.19
FireSmokeVideoNEW144_f3_jpg.rf.54afa08b1aa96e20b43e15a861ee1819.jpg,1,1,1.0,0.309,0.01,0.06,6.623,3.908,8.97,0.238,20.541
FireSmokeVideoNEW144_f5_jpg.rf.df207ef6f7909fed8b962d39d097a503.jpg,1,1,1.0,0.209,0.006,0.052,6.605,5.795,14.074,0.283,27.594
FireSmokeVideoNEW145_f1_jpg.rf.c98959994bf43a00ccccdbaa8e72f04a.jpg,1,1,0.9999,0.316,0.007,0.063,5.95,3.306,7.213,0.239,17.611
FireSmokeVideoNEW146_f101_jpg.rf.fe2634fca5b5d1f2c9e70545fad522da.jpg,1,1,0.9999,0.314,0.008,0.066,5.126,3.275,7.173,0.248,16.581
FireSmokeVideoNEW146_f106_jpg.rf.9892c623f0f9bd29dbbcc214bc814b41.jpg,1,1,1.0,0.206,0.007,0.05,3.089,0.794,7.321,0.709,12.567
FireSmokeVideoNEW146_f109_jpg.rf.384c83e02b0e4015cf5e4c8503673308.jpg,1,1,0.9999,0.207,0.013,0.05,2.226,1.208,8.079,0.243,13.11
FireSmokeVideoNEW146_f111_jpg.rf.ade51d43e61f28f35c8031cdf6817d02.jpg,1,1,0.9998,0.307,0.008,0.062,4.987,1.314,8.284,0.332,15.813
FireSmokeVideoNEW146_f113_jpg.rf.ab8e22e960ad7213184583c588b4c445.jpg,1,1,0.9997,0.21,0.006,0.048,2.141,0.903,7.176,0.24,11.077
FireSmokeVideoNEW146_f117_jpg.rf.23a02761ea49a223ae6bf03a68d0fbdb.jpg,1,1,1.0,0.215,0.006,0.05,5.751,3.826,15.328,0.286,26.046
FireSmokeVideoNEW146_f140_jpg.rf.2a95b7d14beac9ebfdfee7a038f57378.jpg,1,1,0.982,0.209,0.006,0.051,5.38,1.013,8.556,0.356,16.0
FireSmokeVideoNEW146_f142_jpg.rf.9d3a06313e6023fc10a5ffc8f82f475b.jpg,1,1,0.9899,0.212,0.006,0.056,4.411,1.319,8.507,0.342,15.404
FireSmokeVideoNEW146_f144_jpg.rf.d8a99d5d28baa2ba0d34ff6b6332c3c8.jpg,1,1,1.0,0.333,0.009,0.063,5.228,1.209,7.451,0.248,15.055
FireSmokeVideoNEW146_f151_jpg.rf.0fbffe058eb1e6cbac9fef14aead5b33.jpg,1,1,0.8279,0.207,0.006,0.051,4.201,3.087,8.366,0.237,16.674
FireSmokeVideoNEW146_f153_jpg.rf.fd1770e9a7a7dd230630573819f73610.jpg,1,1,0.9997,0.239,0.004,0.05,4.417,3.023,7.779,0.39,16.347
FireSmokeVideoNEW146_f159_jpg.rf.bdff825023e2cc456f066faf7f44afb1.jpg,1,1,1.0,0.203,0.006,0.046,3.691,2.896,7.107,0.229,14.632
FireSmokeVideoNEW146_f161_jpg.rf.ff917c26295ce3ed066b0a6739d7b4e1.jpg,1,1,1.0,0.203,0.006,0.049,3.449,3.744,12.037,0.264,20.134
FireSmokeVideoNEW146_f163_jpg.rf.e4bf576b4016d399937d584007322e6b.jpg,1,1,1.0,0.315,0.01,0.061,4.574,2.918,11.959,0.284,20.519
FireSmokeVideoNEW146_f17_jpg.rf.1b3689a90a841172097fcbfa904ff096.jpg,1,1,1.0,0.321,0.009,0.073,5.812,3.302,8.322,0.254,18.591
FireSmokeVideoNEW146_f19_jpg.rf.1163c954509ad8d43502cfe74353caf1.jpg,1,1,1.0,0.205,0.006,0.086,6.11,1.143,8.383,0.32,16.764
FireSmokeVideoNEW146_f22_jpg.rf.860d47b110f7a7b5dc0909f99ed6c8aa.jpg,1,1,1.0,0.331,0.008,0.066,2.803,1.175,9.079,0.393,14.374
FireSmokeVideoNEW146_f24_jpg.rf.4d4437854a9dd5bfd679122ce6356411.jpg,1,1,1.0,0.205,0.006,0.051,2.639,0.958,7.49,0.437,12.208
FireSmokeVideoNEW146_f35_jpg.rf.569ada06b02691fc519a8f024219fe15.jpg,1,1,0.9781,0.329,0.01,0.069,4.182,4.943,8.232,0.256,18.543
FireSmokeVideoNEW146_f49_jpg.rf.0bf5dac5124fa16d11d0830e0a753409.jpg,1,1,1.0,0.215,0.006,0.052,8.532,1.672,8.2,0.249,19.463
FireSmokeVideoNEW146_f51_jpg.rf.15d197cb6c2c43ab6c0fdadab8dc7b2c.jpg,1,1,1.0,0.309,0.009,0.069,7.84,1.011,9.834,0.369,19.83
FireSmokeVideoNEW146_f53_jpg.rf.01946d65982e4d93d26c7b9db3102b40.jpg,1,1,1.0,0.211,0.006,0.05,2.219,1.348,8.086,0.263,12.723
FireSmokeVideoNEW147_f102_jpg.rf.4f6c2948924181f2c14e48f8ed4bfb1f.jpg,1,1,1.0,0.321,0.011,0.061,2.913,1.144,8.055,0.26,13.237
FireSmokeVideoNEW147_f10_jpg.rf.86ed5ec2ef774ba63776378184197396.jpg,1,1,1.0,0.237,0.006,0.047,2.879,0.948,7.436,0.388,12.367
FireSmokeVideoNEW147_f49_jpg.rf.920daf7fb589a9b3becd83173d91f717.jpg,1,1,1.0,0.205,0.006,0.048,2.264,0.929,7.164,0.243,11.229
FireSmokeVideoNEW147_f50_jpg.rf.11dc15cc50117b65a3595ffadfa635c9.jpg,1,1,1.0,0.2,0.006,0.051,2.97,1.245,7.37,0.332,12.578
FireSmokeVideoNEW147_f52_jpg.rf.1f1622d0cb5a2a41596f582631aae192.jpg,1,1,1.0,0.21,0.006,0.051,5.531,5.751,13.486,0.257,25.927
FireSmokeVideoNEW147_f62_jpg.rf.1f159e881f75e24efb4e84a5f275f06f.jpg,1,1,1.0,0.203,0.005,0.05,5.521,3.458,8.815,0.234,18.67
FireSmokeVideoNEW147_f64_jpg.rf.148efc59d85c9883a1e2a9951450522b.jpg,1,1,1.0,0.208,0.006,0.051,5.523,2.029,11.369,0.43,20.222
FireSmokeVideoNEW147_f72_jpg.rf.c65d7aa435fdb2ec18d34e18004a07e1.jpg,1,1,1.0,0.215,0.006,0.054,2.561,1.629,9.108,0.227,14.321
FireSmokeVideoNEW147_f75_jpg.rf.02fed88bb0f331b3e631edec406e62cf.jpg,1,1,1.0,0.327,0.009,0.067,3.443,1.33,8.392,0.355,14.46
FireSmokeVideoNEW147_f7_jpg.rf.9747f57a7c176ccf7009a4d4b069f9ec.jpg,1,1,1.0,0.325,0.009,0.061,4.269,1.336,8.393,0.423,15.313
FireSmokeVideoNEW147_f99_jpg.rf.b1df66b8d99531ae4e234cda5311bf60.jpg,1,1,1.0,0.36,0.007,0.063,2.825,2.696,8.277,0.262,15.029
FireSmokeVideoNEW148_f10_jpg.rf.0dc92d22744e903a32a3c83646b68d39.jpg,1,1,0.9996,0.214,0.006,0.051,5.071,3.596,7.448,0.388,17.189
FireSmokeVideoNEW148_f12_jpg.rf.52dbece6256403bd64d1463b18e78b5f.jpg,1,1,0.9991,0.31,0.008,0.062,2.748,1.065,7.535,0.328,12.448
FireSmokeVideoNEW148_f14_jpg.rf.f705015083aa7f6b5d9e98fbe6b36b40.jpg,1,1,0.9997,0.216,0.006,0.052,4.099,1.211,7.974,0.239,14.304
FireSmokeVideoNEW148_f16_jpg.rf.efe282d05092639ca948cb54eec0b644.jpg,1,1,1.0,0.219,0.006,0.05,2.206,0.937,7.129,0.233,11.196
FireSmokeVideoNEW148_f18_jpg.rf.25cf073fc5c999087720cdb1568d26cb.jpg,1,1,1.0,0.207,0.006,0.048,2.618,0.995,7.128,0.239,11.636
FireSmokeVideoNEW148_f1_jpg.rf.08a7d028ddf308f88bed66f6adbe05ae.jpg,1,1,0.9466,0.208,0.006,0.049,4.482,0.974,9.953,0.244,16.305
FireSmokeVideoNEW148_f21_jpg.rf.d3c907302072bcf371911184b42a8bce.jpg,1,1,1.0,0.319,0.009,0.067,2.637,0.945,7.163,0.227,11.745
FireSmokeVideoNEW148_f23_jpg.rf.bb7a8c385f12966c93224cd7de5533ac.jpg,1,1,1.0,0.262,0.005,0.052,7.256,4.66,13.463,0.265,26.5
FireSmokeVideoNEW148_f2_jpg.rf.cc3395286ff35ee596125fb994bdfc73.jpg,1,1,0.8546,0.221,0.006,0.089,4.477,1.095,7.712,0.375,14.397
FireSmokeVideoNEW148_f38_jpg.rf.3e772f6833c02d74cc3a9eb84130c6a2.jpg,1,1,1.0,0.215,0.006,0.051,2.857,2.975,8.28,0.242,15.136
FireSmokeVideoNEW148_f45_jpg.rf.c111b115dfee39f87d8bb3fefd29e481.jpg,1,1,0.9996,0.34,0.009,0.068,5.302,3.446,8.235,0.254,18.168
FireSmokeVideoNEW148_f4_jpg.rf.b5e711e0d8349a97597cf658055f912f.jpg,1,1,0.9999,0.326,0.009,0.066,2.998,1.215,8.371,0.247,13.863
FireSmokeVideoNEW148_f5_jpg.rf.a5397150607d4f0b596ec44a6c28888e.jpg,1,1,0.9993,0.308,0.009,0.056,2.203,1.411,7.112,0.266,11.759
FireSmokeVideoNEW148_f69_jpg.rf.0c25ebea3342d2fe4d94d8cc76dd4bcf.jpg,1,1,1.0,0.206,0.006,0.048,2.844,0.944,7.182,0.242,11.83
FireSmokeVideoNEW148_f7_jpg.rf.bef5a3ae44c17a02e467edb3d5a4c8ac.jpg,1,1,0.8911,0.203,0.005,0.047,4.079,2.997,8.793,0.451,17.01
FireSmokeVideoNEW148_f86_jpg.rf.9a4b43078d141504677a016831cf6308.jpg,1,1,1.0,0.319,0.01,0.066,5.378,3.474,7.42,0.444,17.509
FireSmokeVideoNEW148_f88_jpg.rf.8c2fdce293148f53b72c01a544a59ba9.jpg,1,1,1.0,0.194,0.006,0.047,2.999,1.547,8.191,0.24,13.738
FireSmokeVideoNEW148_f9_jpg.rf.720035ab761052597ad6cea16d2280e4.jpg,1,1,0.9927,0.307,0.01,0.062,2.701,1.118,7.593,0.24,12.506
FireSmokeVideoNEW150_f101_jpg.rf.33953232d7c51fdee6b7e2ce2865d0ba.jpg,1,1,1.0,0.202,0.005,0.05,2.148,0.915,7.172,0.244,11.128
FireSmokeVideoNEW150_f126_jpg.rf.32aee877b840a9c2ea22f01d2f5fb303.jpg,1,1,1.0,0.204,0.006,0.051,2.101,0.931,7.125,0.235,11.054
FireSmokeVideoNEW150_f14_jpg.rf.444a98b29116e080a6a4a0501bb9f0f7.jpg,1,1,1.0,0.212,0.005,0.052,2.435,1.227,7.211,0.341,11.871
FireSmokeVideoNEW150_f16_jpg.rf.1e363290e42953136c50c91b146e07d9.jpg,1,1,1.0,0.204,0.005,0.049,2.134,1.023,7.112,0.22,11.11
FireSmokeVideoNEW150_f19_jpg.rf.b8f3ae94cfe25f126a004e4fa29e7bdb.jpg,1,1,1.0,0.202,0.006,0.05,3.807,3.424,8.277,0.397,16.563
FireSmokeVideoNEW150_f21_jpg.rf.d067747b0ef9247ab15d7d8d359a08aa.jpg,1,1,1.0,0.215,0.007,0.052,2.909,0.928,7.059,0.225,11.76
FireSmokeVideoNEW150_f27_jpg.rf.5c97dd97e9ed1deda7fb24fce2121f90.jpg,1,1,1.0,0.212,0.006,0.049,2.173,0.778,6.998,0.233,10.827
FireSmokeVideoNEW150_f29_jpg.rf.5511e763f9c244616f5e77ce9b91c813.jpg,1,1,1.0,0.322,0.009,0.062,2.529,0.922,7.401,0.344,11.951
FireSmokeVideoNEW150_f30_jpg.rf.9d4832733e3b2a93417a5c8b84aee5d0.jpg,1,1,1.0,0.2,0.006,0.052,4.475,2.905,7.17,0.248,15.445
FireSmokeVideoNEW150_f35_jpg.rf.e659edf7e73a723edf7cb3df1ace88a3.jpg,1,1,1.0,0.208,0.006,0.051,3.564,2.966,7.25,0.226,14.652
FireSmokeVideoNEW150_f37_jpg.rf.3d99dc493af34a4278cbad08dacccd20.jpg,1,1,1.0,0.205,0.007,0.141,3.748,3.207,9.25,0.226,17.168
FireSmokeVideoNEW150_f39_jpg.rf.16f3dc6a8d25292027d805693095ce6f.jpg,1,1,1.0,0.207,0.006,0.052,3.772,3.4,8.014,0.327,16.151
FireSmokeVideoNEW150_f40_jpg.rf.a8ed31240a813fc1b3b194e5dc286200.jpg,1,1,1.0,0.205,0.006,0.053,5.094,2.961,7.411,0.395,16.524
FireSmokeVideoNEW150_f49_jpg.rf.894a7d0a845e4f06aaf52084b00c6d3f.jpg,1,1,1.0,0.565,0.009,0.079,3.617,1.253,8.287,0.438,14.762
FireSmokeVideoNEW150_f52_jpg.rf.3a9421d2d5bba6909fe121dc0c5e5951.jpg,1,1,1.0,0.206,0.006,0.047,2.54,0.955,9.824,0.389,14.371
FireSmokeVideoNEW150_f75_jpg.rf.3abfaf3dfa1a54a3000ae55b88ef6e38.jpg,1,1,1.0,0.32,0.008,0.067,2.936,0.918,7.736,0.399,12.764
FireSmokeVideoNEW150_f93_jpg.rf.483917c98f627d6edb1ce0a19c709f2c.jpg,1,1,1.0,0.319,0.007,0.06,4.243,1.241,7.883,0.25,14.501
FireSmokeVideoNEW153_f102_jpg.rf.04284ab61b7234532f0b9026058be288.jpg,1,1,0.9999,0.209,0.006,0.046,2.702,1.181,7.46,0.381,12.348
FireSmokeVideoNEW153_f105_jpg.rf.25bcafa89f42721d551841633e56ab3f.jpg,1,1,1.0,0.316,0.008,0.063,2.328,1.247,7.313,0.384,12.066
FireSmokeVideoNEW153_f108_jpg.rf.8c8d79a0e6dc7c4a31aab13cb893358b.jpg,1,1,1.0,0.208,0.006,0.047,2.448,1.277,7.204,0.238,11.788
FireSmokeVideoNEW153_f111_jpg.rf.44b4559f78806fba0bd71c69f0768418.jpg,1,1,1.0,0.324,0.01,0.062,6.109,4.195,10.636,0.347,22.258
FireSmokeVideoNEW153_f113_jpg.rf.f74466106550bec39e4d5cf1fa49d5b3.jpg,1,1,1.0,0.21,0.006,0.046,7.991,1.479,11.886,0.26,22.397
FireSmokeVideoNEW153_f117_jpg.rf.0f30b08c290b5e28fe270c5062c46051.jpg,1,1,1.0,0.312,0.008,0.065,4.741,1.039,7.804,0.685,15.072
FireSmokeVideoNEW153_f124_jpg.rf.9a2353fcb4544032a30aaa5e6bd64ee0.jpg,1,1,0.9999,0.321,0.009,0.064,3.409,1.75,8.435,0.367,14.992
FireSmokeVideoNEW153_f12_jpg.rf.b366ca33845d67e9a395b25b15cb447b.jpg,1,1,1.0,0.326,0.008,0.065,3.945,1.298,8.439,0.342,14.938
FireSmokeVideoNEW153_f137_jpg.rf.d9411938e113c254dffcf511b582d027.jpg,1,1,1.0,0.318,0.01,0.061,2.762,1.902,8.078,0.245,13.854
FireSmokeVideoNEW153_f140_jpg.rf.6bf670b7eeffa899441ef3e9dba2adcd.jpg,1,1,1.0,0.312,0.01,0.061,3.934,0.983,7.243,0.341,13.283
FireSmokeVideoNEW153_f150_jpg.rf.25dbe19041bed476d4f58048b1a59414.jpg,1,1,1.0,0.206,0.005,0.049,5.837,5.046,14.021,0.251,25.962
FireSmokeVideoNEW153_f155_jpg.rf.4cbaf0dadb73c614812b924695d039a7.jpg,1,1,1.0,0.212,0.006,0.05,3.27,0.907,7.274,0.344,12.46
FireSmokeVideoNEW153_f166_jpg.rf.c1a67b7a7cbbfd8f7b0ed5186ba9ec9a.jpg,1,1,1.0,0.326,0.009,0.061,3.22,1.827,13.101,0.374,19.448
FireSmokeVideoNEW153_f175_jpg.rf.58e26ccc4e06d1d75c4b04c9b1712d9c.jpg,1,1,1.0,0.203,0.006,0.043,5.736,3.223,7.561,0.253,17.515
FireSmokeVideoNEW153_f190_jpg.rf.256ddc0fa216968cc5333bb8e84e3476.jpg,1,1,1.0,0.333,0.009,0.065,5.902,3.136,7.327,0.334,17.488
FireSmokeVideoNEW153_f20_jpg.rf.288cad55c0d4103264306149626fb2b0.jpg,1,1,1.0,0.329,0.009,0.062,6.12,3.284,7.462,0.34,18.003
FireSmokeVideoNEW153_f218_jpg.rf.bd10302a298b9d028ae7b44461c82a6f.jpg,1,1,1.0,0.316,0.008,0.062,7.126,3.233,10.81,0.395,22.381
FireSmokeVideoNEW153_f222_jpg.rf.66b912ceebfd666ff1c413bcf55c3d19.jpg,1,1,0.9999,0.205,0.006,0.047,4.239,1.356,8.567,0.366,17.779
FireSmokeVideoNEW153_f224_jpg.rf.966c2cdd02d2ec6671f46f99e4fdce16.jpg,1,1,0.9999,0.389,0.009,0.06,3.11,1.309,7.169,0.241,12.659
FireSmokeVideoNEW153_f228_jpg.rf.7571f42b5e5967cfa1d7a3598b22ebd0.jpg,1,1,0.9996,0.206,0.006,0.043,3.318,0.948,7.104,0.23,12.259
FireSmokeVideoNEW153_f31_jpg.rf.29c7b86d56504af7fcfde12a31536ea7.jpg,1,1,1.0,0.204,0.013,0.044,4.652,1.053,7.414,0.342,14.098
FireSmokeVideoNEW153_f39_jpg.rf.67df6e0a99a896aa75dc69161de13ca4.jpg,1,1,1.0,0.206,0.007,0.043,4.091,0.958,7.427,0.32,13.463
FireSmokeVideoNEW153_f45_jpg.rf.7e48982adb68742dcb6b0fad3eb26fe8.jpg,1,1,1.0,0.204,0.006,0.045,4.601,0.973,7.083,0.23,13.56
FireSmokeVideoNEW153_f48_jpg.rf.bac071423e7f6c0aafdc107c3521e7f0.jpg,1,1,1.0,0.202,0.006,0.048,5.568,0.981,7.093,0.23,14.535
FireSmokeVideoNEW153_f64_jpg.rf.a2b94d7a56781c4cdfb3c151eb143367.jpg,1,1,0.9999,0.205,0.013,0.046,2.442,0.908,7.18,0.238,11.383
FireSmokeVideoNEW153_f68_jpg.rf.f5b162bdfbc33af2159fc2bc9426eed6.jpg,1,1,1.0,0.211,0.006,0.049,5.278,3.23,12.429,0.379,21.986
FireSmokeVideoNEW153_f71_jpg.rf.c23db68bddcdb21801dbebc0c061e76b.jpg,1,1,1.0,0.207,0.005,0.048,2.747,0.944,7.448,0.346,12.102
FireSmokeVideoNEW153_f87_jpg.rf.6baf2f06090e0337483ada248509cb59.jpg,1,1,1.0,0.318,0.009,0.06,2.687,1.949,8.016,0.246,13.779
FireSmokeVideoNEW153_f90_jpg.rf.9023719adf04d4044c938ccb993dd1e8.jpg,1,1,0.9999,0.202,0.006,0.045,2.853,0.978,7.124,0.231,11.807
FireSmokeVideoNEW153_f92_jpg.rf.e84aa4e8fdac769782fd8658cde448fd.jpg,1,1,0.9999,0.208,0.005,0.046,3.928,0.854,7.695,0.355,13.489
FireSmokeVideoNEW153_f95_jpg.rf.99a25f547c16948f571a8789a3b182fc.jpg,1,1,1.0,0.319,0.008,0.065,4.925,1.782,7.219,0.258,14.947
FireSmokeVideoNEW155_f10_jpg.rf.c748381fdf197879771b4e7e6b3f29d8.jpg,1,1,1.0,0.2,0.005,0.047,2.153,0.905,7.096,0.235,11.031
FireSmokeVideoNEW155_f12_jpg.rf.1968aa1bef09745bcd6ac5288a9c9358.jpg,1,1,1.0,0.308,0.009,0.058,2.329,0.912,7.234,0.247,11.454
FireSmokeVideoNEW155_f14_jpg.rf.fb317c01dc2a95cdd45a4093b27718f0.jpg,1,1,1.0,0.255,0.007,0.05,5.448,4.551,14.67,0.272,25.779
FireSmokeVideoNEW155_f16_jpg.rf.d8fe076c461d48744bee7c042abcc5f8.jpg,1,1,1.0,0.311,0.008,0.061,3.904,1.352,9.653,0.405,16.085
FireSmokeVideoNEW155_f24_jpg.rf.b28dccb64a14935ed7dee307a54574de.jpg,1,1,1.0,0.201,0.006,0.046,5.325,3.832,7.25,0.242,17.263
FireSmokeVideoNEW155_f2_jpg.rf.fa36401821aec5900cc2c85e1226c0a2.jpg,1,1,1.0,0.309,0.009,0.057,2.999,2.397,7.642,0.389,14.193
FireSmokeVideoNEW155_f42_jpg.rf.c60947293513766a592f90a1541d9092.jpg,1,1,1.0,0.209,0.006,0.046,2.367,1.155,7.341,0.329,11.848
FireSmokeVideoNEW155_f49_jpg.rf.3c06fb2c6a26091589977194a4abab76.jpg,1,1,1.0,0.207,0.006,0.046,2.138,0.903,8.36,0.325,12.497
FireSmokeVideoNEW155_f50_jpg.rf.80677d5b907912711a6920a084d1e89c.jpg,1,1,1.0,0.234,0.005,0.049,2.157,0.897,7.268,0.227,11.184
FireSmokeVideoNEW155_f5_jpg.rf.3cb78f9d303c52509e0578544d2da27c.jpg,1,1,1.0,0.211,0.006,0.049,5.944,5.129,12.955,0.242,25.093
FireSmokeVideoNEW155_f62_jpg.rf.9ab8fb2faf5d035ac1c6744445b9c213.jpg,1,1,1.0,0.355,0.01,0.058,3.115,1.029,7.921,0.255,13.229
FireSmokeVideoNEW155_f6_jpg.rf.1667a85146b807e8f44d7c22058489eb.jpg,1,1,1.0,0.316,0.01,0.066,2.249,0.997,9.551,0.383,13.952
FireSmokeVideoNEW156_f15_jpg.rf.fb5dd0148524a2cda3bb53f4e0121715.jpg,1,1,1.0,0.328,0.008,0.067,2.789,1.302,8.367,0.353,13.733
FireSmokeVideoNEW156_f175_jpg.rf.60debd3147792c3a493655b096e73fa4.jpg,1,1,1.0,0.325,0.011,0.107,3.628,1.993,8.363,0.346,15.276
FireSmokeVideoNEW158_f39_jpg.rf.7f473b556e3cd2815542ec5bf6db3e6d.jpg,1,1,0.9999,0.327,0.01,0.06,3.352,1.685,8.54,0.349,14.864
FireSmokeVideoNEW158_f46_jpg.rf.6b82b2f486e4e624ea9461a55db99dca.jpg,1,1,1.0,0.379,0.009,0.058,2.433,1.029,7.687,0.228,12.387
FireSmokeVideoNEW158_f48_jpg.rf.3168d65ca51af21e092746c775d953fc.jpg,1,1,1.0,0.201,0.007,0.048,2.195,1.419,7.441,0.345,12.03
FireSmokeVideoNEW158_f59_jpg.rf.869a05d37638c92d9fe0dd626efd31d0.jpg,1,1,1.0,0.212,0.006,0.048,6.566,3.843,10.309,0.295,21.985
FireSmokeVideoNEW158_f63_jpg.rf.2d1014dc2ef5040b98a27fe60ab19d6a.jpg,1,1,0.9999,0.329,0.009,0.064,3.408,1.39,8.355,0.342,14.403
FireSmokeVideoNEW158_f90_jpg.rf.d48168cb4bb38538fc1ed5cabc7142b2.jpg,1,1,1.0,0.212,0.007,0.045,2.185,1.039,7.874,0.237,11.975
FireSmokeVideoNEW158_f92_jpg.rf.9c84ccbe9534bc160399d17379f8b111.jpg,1,1,0.9987,0.213,0.006,0.045,2.182,0.983,7.405,0.305,11.527
FireSmokeVideoNEW159_f112_jpg.rf.591c03eb9db15672f4cd8b4abb898d89.jpg,1,1,0.9999,0.216,0.005,0.049,2.735,1.072,7.224,0.242,11.943
FireSmokeVideoNEW15_f12_jpg.rf.f51125d1af8ad086351a7886b0f5009b.jpg,1,1,1.0,0.213,0.005,0.046,2.229,0.992,7.16,0.235,11.303
FireSmokeVideoNEW15_f14_jpg.rf.9d67d376bf8c041638caeff48acaf623.jpg,1,1,1.0,0.217,0.006,0.048,2.209,0.967,7.123,0.231,11.237
FireSmokeVideoNEW15_f17_jpg.rf.86e7dbb8918e3b1b2f626273bd55b8d0.jpg,1,1,1.0,0.216,0.005,0.045,3.708,2.93,7.738,0.404,15.481
FireSmokeVideoNEW15_f1_jpg.rf.f344ff4bba1c59aa5c50709afb19e455.jpg,1,1,1.0,0.502,0.011,0.086,4.177,3.107,13.013,0.399,21.813
FireSmokeVideoNEW15_f2_jpg.rf.a31e556d5f3a6dbd7ff44311ef8efbae.jpg,1,1,1.0,0.312,0.006,0.134,4.426,1.493,7.823,0.245,14.941
FireSmokeVideoNEW15_f6_jpg.rf.436addb93652b050d3dd3b2c60b0bfec.jpg,1,1,1.0,0.318,0.01,0.065,2.663,0.986,7.398,0.33,12.166
FireSmokeVideoNEW160_f103_jpg.rf.20ecce466add4381dcaa03df05ea7770.jpg,1,1,0.9989,0.325,0.009,0.057,2.871,0.986,7.104,0.237,11.973
FireSmokeVideoNEW160_f12_jpg.rf.bfc71795a2763b42e2e484455ff7f31b.jpg,1,1,0.9993,0.215,0.007,0.046,2.187,0.966,7.175,0.224,11.19
FireSmokeVideoNEW160_f15_jpg.rf.f44bad4c3e3af5089ecdb301e701e787.jpg,1,1,0.9995,0.304,0.009,0.058,2.392,0.974,7.155,0.236,11.512
FireSmokeVideoNEW160_f16_jpg.rf.428bb15b7ae1c7facd99f425b6d7df6a.jpg,1,1,0.9735,0.206,0.006,0.047,2.293,0.984,7.112,0.304,11.321
FireSmokeVideoNEW160_f173_jpg.rf.b2e66370e2f2c1cb16de0df2907336f7.jpg,1,1,1.0,0.313,0.01,0.061,4.754,3.465,8.945,0.312,18.528
FireSmokeVideoNEW160_f177_jpg.rf.d1a861e50ebc4461caaecf62f63ebc59.jpg,1,1,0.9947,0.211,0.006,0.047,3.282,1.017,7.26,0.241,12.451
FireSmokeVideoNEW160_f1_jpg.rf.190758d8c7a682c5b7daac081dfb3a78.jpg,1,1,1.0,0.211,0.006,0.046,2.46,0.996,7.177,0.231,11.515
FireSmokeVideoNEW160_f2_jpg.rf.fce089d8284f0950ae97be3eba63439a.jpg,1,1,1.0,0.312,0.007,0.056,2.61,1.114,7.176,0.224,11.88
FireSmokeVideoNEW160_f33_jpg.rf.108f8a672b6f88d2b89ac7f95422009c.jpg,1,1,1.0,0.205,0.006,0.044,2.532,0.978,7.128,0.222,11.499
FireSmokeVideoNEW160_f35_jpg.rf.c16d0976f3f76c13a1330b5768eca00a.jpg,1,1,0.9999,0.247,0.005,0.091,3.004,1.001,9.235,0.252,14.276
FireSmokeVideoNEW160_f39_jpg.rf.d3e3a3c1485f2d01aec9cad353813e12.jpg,1,1,1.0,0.217,0.006,0.049,2.298,0.988,7.159,0.237,11.356
FireSmokeVideoNEW160_f41_jpg.rf.aa9f5312160d0bd036a5938074fddac9.jpg,1,1,0.9066,0.207,0.006,0.048,2.559,1.018,7.34,0.255,11.814
FireSmokeVideoNEW160_f44_jpg.rf.1cc92e380feb65d1eb40ba795881b5d5.jpg,1,1,1.0,0.221,0.007,0.053,2.929,3.791,7.48,0.315,15.234
FireSmokeVideoNEW160_f46_jpg.rf.dd383a61ddf4ac103ba2ab38fafc1304.jpg,1,1,1.0,0.288,0.006,0.049,3.858,1.046,9.335,0.286,15.259
FireSmokeVideoNEW160_f48_jpg.rf.7dd4aefed27d023e4052d016859d86ba.jpg,1,1,0.9995,0.379,0.008,0.07,2.548,0.985,7.173,0.237,11.875
FireSmokeVideoNEW160_f4_jpg.rf.a216d4761627cf8ad4fe93da11263bd4.jpg,1,1,1.0,0.212,0.005,0.05,2.314,0.974,7.189,0.243,11.365
FireSmokeVideoNEW160_f52_jpg.rf.3228c111f52937aaf63b39337eba40f8.jpg,1,1,1.0,0.316,0.007,0.06,3.309,1.064,7.157,0.253,12.553
FireSmokeVideoNEW160_f55_jpg.rf.92746e806b8a448bd9fa5ebc37187ef2.jpg,1,1,1.0,0.316,0.008,0.064,2.867,1.026,7.207,0.273,12.15
FireSmokeVideoNEW160_f57_jpg.rf.8a91ec76e3647b46e08933b3462af691.jpg,1,1,1.0,0.31,0.01,0.055,2.8,1.571,7.107,0.226,12.46
FireSmokeVideoNEW160_f59_jpg.rf.170fd687380bef8f766d9e266cb85053.jpg,1,1,1.0,0.209,0.005,0.047,2.477,1.061,6.971,0.243,11.401
FireSmokeVideoNEW160_f63_jpg.rf.db93f533170822e20526f9e532b5e51b.jpg,1,1,1.0,0.204,0.006,0.045,3.878,1.177,7.933,0.388,14.14
FireSmokeVideoNEW160_f6_jpg.rf.ac5b4b5a9f3e3488066181df85e3f326.jpg,1,1,1.0,0.216,0.006,0.049,6.477,8.654,7.055,0.244,23.075
FireSmokeVideoNEW160_f83_jpg.rf.2b5c18d120808fcee84fcee8e15e0eab.jpg,1,1,1.0,0.207,0.005,0.047,2.809,0.984,7.109,0.238,11.789
FireSmokeVideoNEW160_f94_jpg.rf.fa93f0ccf8383d0537bd4526fe6dea4f.jpg,1,1,0.9999,0.202,0.007,0.042,2.239,0.974,7.032,0.222,11.094
FireSmokeVideoNEW160_f96_jpg.rf.318dc1b078231bc7e8217c6b27dbf6bc.jpg,1,1,0.9798,0.307,0.007,0.055,2.427,0.965,7.097,0.224,11.467
FireSmokeVideoNEW160_f98_jpg.rf.fda7903762711f01f813040b5d8aa8a2.jpg,1,1,0.9998,0.207,0.006,0.046,2.599,0.964,7.203,0.227,11.623
FireSmokeVideoNEW160_f9_jpg.rf.8ad168e145acd33d27bbeeebdf9ae57e.jpg,1,1,0.9961,0.307,0.007,0.059,2.388,0.961,7.098,0.243,11.456
FireSmokeVideoNEW161_f102_jpg.rf.b8a39867ca705345dd78135b6499812f.jpg,1,1,1.0,0.304,0.006,0.047,4.044,1.114,7.187,0.229,13.33
FireSmokeVideoNEW161_f104_jpg.rf.03cdb4c2815784a34a20437185bb945e.jpg,1,1,1.0,0.211,0.005,0.048,3.443,1.026,9.175,0.256,14.552
FireSmokeVideoNEW161_f108_jpg.rf.a443c4f6d93a5c29284e386e100774c7.jpg,1,1,1.0,0.214,0.007,0.05,7.646,1.242,12.16,0.259,22.115
FireSmokeVideoNEW161_f110_jpg.rf.7a3ea145a4c983d0832040f8059eab16.jpg,1,1,1.0,0.351,0.009,0.064,3.687,1.199,7.172,0.241,13.186
FireSmokeVideoNEW161_f112_jpg.rf.cc6e5f3275b57bf2b6725a9d400d562b.jpg,1,1,1.0,0.204,0.005,0.045,2.706,1.013,7.157,0.238,11.75
FireSmokeVideoNEW161_f126_jpg.rf.6be71a5552c67a041be924a65961ba25.jpg,1,1,1.0,0.203,0.006,0.047,2.233,1.013,7.141,0.241,11.271
FireSmokeVideoNEW162_f22_jpg.rf.c32b1104152593e5333cf62b573e1c78.jpg,1,1,1.0,0.215,0.006,0.048,6.463,1.457,7.133,0.231,15.935
FireSmokeVideoNEW162_f25_jpg.rf.14fe515b4881006326c100db4510d703.jpg,1,1,0.9999,0.361,0.008,0.069,4.485,1.281,7.427,0.243,14.388
FireSmokeVideoNEW162_f28_jpg.rf.2100b326cec56114b93d020bc09048ce.jpg,1,1,1.0,0.204,0.004,0.048,3.869,0.987,7.171,0.24,12.916
FireSmokeVideoNEW162_f33_jpg.rf.8dad23cbfc6a51aefb21d5fad8279bb7.jpg,1,1,1.0,0.311,0.009,0.062,3.866,1.035,7.612,0.358,13.665
FireSmokeVideoNEW162_f66_jpg.rf.3631362f48db82440191fe572b490d18.jpg,1,1,1.0,0.257,0.009,0.058,4.603,3.753,13.618,0.334,23.067
FireSmokeVideoNEW162_f68_jpg.rf.e5c11af641e403c1dfd72762deb03d79.jpg,1,1,1.0,0.202,0.006,0.048,4.413,3.044,9.276,0.243,17.615
FireSmokeVideoNEW163_f1_jpg.rf.48314c99b8b115efc7e5d9aaae268c6d.jpg,1,1,1.0,0.212,0.006,0.046,2.997,0.975,8.487,0.239,13.481
FireSmokeVideoNEW163_f3_jpg.rf.37eb09b7f4a74de0e072b65a23530ffe.jpg,1,1,0.9999,0.206,0.006,0.045,4.014,3.213,7.703,0.329,15.914
FireSmokeVideoNEW163_f5_jpg.rf.3ff7bc2e2acad28b6f4bd8c668b163f1.jpg,1,1,0.9994,0.206,0.006,0.046,4.749,1.455,7.841,0.355,15.176
FireSmokeVideoNEW163_f91_jpg.rf.2ea42f806b1cfd13bc551fa782ea4414.jpg,1,1,1.0,0.208,0.006,0.049,2.377,1.247,12.563,0.401,17.264
FireSmokeVideoNEW164_f76_jpg.rf.73ec1d0a5c3c6223aad8ea5f96d2c287.jpg,1,0,0.9503,0.205,0.005,0.048,2.245,1.037,9.427,0.388,13.74
FireSmokeVideoNEW166_f104_jpg.rf.4ae70d75d6f1e26735b5fd2d00149140.jpg,1,1,0.9999,0.209,0.006,0.046,5.083,6.929,13.531,0.282,26.908
FireSmokeVideoNEW166_f106_jpg.rf.ecdf0d1c54eed105a41ceb1c3a5e16a2.jpg,1,1,1.0,0.318,0.008,0.063,3.136,1.021,7.817,0.326,13.109
FireSmokeVideoNEW166_f114_jpg.rf.96ea691bbc9cbfaf071eff12e406a474.jpg,1,1,1.0,0.324,0.007,0.064,3.38,1.386,8.405,0.329,14.387
FireSmokeVideoNEW166_f128_jpg.rf.c8522d2e926b393fc34be90751b24e82.jpg,1,1,1.0,0.302,0.009,0.064,5.546,1.148,7.264,0.325,15.413
FireSmokeVideoNEW166_f130_jpg.rf.ec9dae17b6bbb13104fa9b611d0195b1.jpg,1,1,1.0,0.324,0.009,0.06,5.051,1.314,7.541,0.228,15.014
FireSmokeVideoNEW166_f142_jpg.rf.8777aadb7efd8b5364780535a11408ee.jpg,1,1,1.0,0.316,0.009,0.057,3.411,1.011,7.181,0.234,12.598
FireSmokeVideoNEW166_f151_jpg.rf.951f63f13e871c67cbf4167ca519c038.jpg,1,1,1.0,0.209,0.007,0.047,2.504,1.593,7.208,0.251,12.216
FireSmokeVideoNEW166_f156_jpg.rf.c3fc415b126d1c0dc2c799e8d819ba0a.jpg,1,1,1.0,0.207,0.006,0.048,3.479,1.045,9.243,0.28,14.706
FireSmokeVideoNEW166_f18_jpg.rf.91b89ccc3f2286e2046f47caeec4e617.jpg,1,1,1.0,0.385,0.007,0.08,5.59,1.325,9.14,0.24,17.166
FireSmokeVideoNEW166_f20_jpg.rf.621861e4339bc16655c7d59607418101.jpg,1,1,1.0,0.21,0.006,0.05,2.967,0.969,7.23,0.234,12.048
FireSmokeVideoNEW166_f31_jpg.rf.ec18fdfa2e1b079dc332639aca65e45b.jpg,1,1,1.0,0.265,0.006,0.083,2.386,0.963,7.172,0.237,11.499
FireSmokeVideoNEW16_f15_jpg.rf.1b1aa21c81078e3b97875626efbfa695.jpg,1,1,0.9999,0.213,0.007,0.046,4.599,1.206,8.17,0.357,15.112
FireSmokeVideoNEW16_f20_jpg.rf.607dc5a69aa35cab8c152976e33f78b9.jpg,1,1,1.0,0.205,0.006,0.048,2.301,1.054,7.125,0.233,11.364
FireSmokeVideoNEW16_f22_jpg.rf.ed416c54b284805baff969bf2d477571.jpg,1,1,1.0,0.213,0.006,0.043,2.25,0.958,7.186,0.226,11.255
FireSmokeVideoNEW16_f24_jpg.rf.13b7de1341a169938a1b00b037d6e459.jpg,1,1,1.0,0.312,0.009,0.057,2.38,0.96,7.101,0.238,11.452
FireSmokeVideoNEW16_f26_jpg.rf.d88449a03f1fc06e4e5b4971b57c423e.jpg,1,1,1.0,0.32,0.011,0.053,2.698,0.986,7.135,0.229,11.81
FireSmokeVideoNEW16_f48_jpg.rf.8200e21f18799aa0faf03642cd3c3587.jpg,1,1,1.0,0.23,0.007,0.048,4.676,2.721,7.997,0.403,16.479
FireSmokeVideoNEW16_f54_jpg.rf.f5bd922fb406ec6debc8b5dbe6fed5f5.jpg,1,1,1.0,0.325,0.009,0.064,4.438,3.668,8.031,0.402,17.622
FireSmokeVideoNEW16_f73_jpg.rf.5f38b183effd9a5adcc92d6d936e082f.jpg,1,1,1.0,0.216,0.004,0.053,10.414,1.37,7.962,0.357,20.787
FireSmokeVideoNEW172_f111_jpg.rf.c0521dfdd8b774734b046dd69683eaf9.jpg,1,1,1.0,0.32,0.009,0.063,3.084,2.216,8.513,0.464,15.672
FireSmokeVideoNEW172_f163_jpg.rf.f85eb82deba112f0c669c48fd7ee61b4.jpg,1,1,1.0,0.245,0.006,0.047,2.126,0.929,9.71,0.33,13.785
FireSmokeVideoNEW172_f37_jpg.rf.1133eca3df34cbcd597de45fe6e0e94d.jpg,1,1,1.0,0.21,0.005,0.046,2.116,1.063,7.152,0.237,11.195
FireSmokeVideoNEW172_f62_jpg.rf.443f82816a29901f59cb85bddc7bc3fc.jpg,1,1,1.0,0.267,0.005,0.045,2.089,0.918,7.122,0.238,11.111
FireSmokeVideoNEW172_f79_jpg.rf.1b68d10570f4d82b070043578957f70d.jpg,1,1,1.0,0.207,0.005,0.046,2.146,0.922,7.137,0.232,11.053
FireSmokeVideoNEW176_f109_jpg.rf.11dd89709af38d8056b039c8815bf0fc.jpg,1,1,1.0,0.211,0.005,0.047,4.23,0.992,9.255,0.244,15.364
FireSmokeVideoNEW176_f119_jpg.rf.fe37062e59113046aa83d89b8ecb0b7c.jpg,1,1,1.0,0.212,0.006,0.047,2.131,0.954,7.178,0.262,11.161
FireSmokeVideoNEW176_f157_jpg.rf.d57b84235a5007bd6d675bff496183e5.jpg,1,1,0.9999,0.196,0.005,0.041,2.097,0.982,7.117,0.269,11.092
FireSmokeVideoNEW176_f181_jpg.rf.cabd74e7296f4c73ee27fe028dd8e69d.jpg,1,1,1.0,0.205,0.006,0.044,2.131,0.981,7.151,0.25,11.126
FireSmokeVideoNEW176_f3_jpg.rf.c36369eb36e9298d6403fe4d09674b63.jpg,1,1,1.0,0.205,0.007,0.047,4.445,2.743,7.26,0.225,15.331
FireSmokeVideoNEW176_f72_jpg.rf.ac3b396938e401cbfa0224d45069e656.jpg,1,1,0.9999,0.304,0.01,0.063,2.418,0.924,7.419,0.337,11.846
FireSmokeVideoNEW178_f14_jpg.rf.338e69ab75ea47886780fab9072cfe97.jpg,1,1,1.0,0.207,0.006,0.047,3.228,0.918,7.492,0.438,12.738
FireSmokeVideoNEW178_f16_jpg.rf.2dfc5ee41cefadea08a7ba62ac1f579f.jpg,1,1,0.9998,0.212,0.006,0.048,5.987,3.389,11.943,0.251,22.453
FireSmokeVideoNEW178_f19_jpg.rf.527dc6458507de2613fc2429950c55bd.jpg,1,1,1.0,0.285,0.008,0.076,4.285,2.195,8.068,0.258,15.743
FireSmokeVideoNEW178_f21_jpg.rf.2df23cfacf65b02094284d7cc5407e99.jpg,1,1,1.0,0.317,0.008,0.065,4.094,0.982,9.802,0.369,16.02
FireSmokeVideoNEW178_f23_jpg.rf.22f0cb6fd7d1eb2784883dee2cccc9b5.jpg,1,1,0.9999,0.329,0.01,0.068,3.057,1.163,8.576,0.355,14.075
FireSmokeVideoNEW178_f27_jpg.rf.213ab9f16ff7511e8bd4d03be401ebd8.jpg,1,1,1.0,0.315,0.008,0.066,3.123,1.377,8.492,0.282,14.16
FireSmokeVideoNEW178_f29_jpg.rf.4b50b3250a85e04f2f561d0fb5b2ea19.jpg,1,1,1.0,0.201,0.006,0.049,2.167,0.941,7.243,0.253,11.23
FireSmokeVideoNEW181_f103_jpg.rf.ec93c689f6ec9a7380666966d76f179b.jpg,1,1,0.9872,0.206,0.007,0.049,2.383,0.944,7.181,0.25,11.397
FireSmokeVideoNEW181_f112_jpg.rf.a83b0b3167273cfdd0d0b3f3245fa7ee.jpg,1,1,1.0,0.216,0.006,0.049,3.543,3.113,10.789,0.251,18.355
FireSmokeVideoNEW181_f114_jpg.rf.8fab4401cc8e1ddf41bc8f61c7083a9b.jpg,1,1,1.0,0.221,0.005,0.055,4.431,2.957,8.697,0.237,17.094
FireSmokeVideoNEW181_f119_jpg.rf.2b9039011fbaf7cf47a8a84160eba0c7.jpg,1,1,0.871,0.206,0.006,0.05,4.047,3.388,12.283,0.257,20.608
FireSmokeVideoNEW181_f138_jpg.rf.7b3ffbd1e0a0909c8542ecacf988e17c.jpg,1,1,0.9999,0.207,0.005,0.048,3.01,0.92,7.256,0.222,12.041
FireSmokeVideoNEW181_f144_jpg.rf.be3fb045a09fe4b62ff818be5ff8df31.jpg,1,1,1.0,0.209,0.005,0.047,2.085,0.903,7.1,0.217,11.005
FireSmokeVideoNEW181_f151_jpg.rf.4d059df2c479b79d69332ab86693b9af.jpg,1,1,1.0,0.209,0.005,0.046,5.873,7.66,11.989,0.252,26.467
FireSmokeVideoNEW181_f153_jpg.rf.6e941e23754f67ed8b6a3cfa3a73da05.jpg,1,1,0.9999,0.206,0.004,0.047,3.182,0.919,8.106,0.392,13.3
FireSmokeVideoNEW181_f155_jpg.rf.1b9a27b3e2dbbba1defd0a17da890d20.jpg,1,1,0.9999,0.791,0.009,0.068,2.789,1.213,8.706,0.257,14.308
FireSmokeVideoNEW181_f159_jpg.rf.acfb872ee5fcb34ef13a6335bfa20c31.jpg,1,1,0.9999,0.207,0.006,0.046,2.153,1.003,7.174,0.241,11.224
FireSmokeVideoNEW181_f161_jpg.rf.c66e1f5ebbe4b626eea5fb46441f68d6.jpg,1,1,1.0,0.207,0.005,0.05,5.038,0.891,7.468,0.36,14.392
FireSmokeVideoNEW181_f165_jpg.rf.944a4fa3bff479666f5d4da650df0694.jpg,1,1,0.9998,0.209,0.006,0.048,4.639,4.394,7.195,0.242,17.256
FireSmokeVideoNEW181_f168_jpg.rf.09eb032299377b026f8e7a7f35185f1e.jpg,1,1,0.9999,0.327,0.01,0.064,2.986,1.259,8.456,0.361,13.981
FireSmokeVideoNEW181_f35_jpg.rf.ae9d9d8481448208afb995086041c546.jpg,1,1,0.9942,0.217,0.005,0.052,2.286,0.931,7.123,0.24,11.239
FireSmokeVideoNEW181_f91_jpg.rf.4b8a5f368f4f969978581c51a5e3c72e.jpg,1,1,0.9857,0.209,0.006,0.05,2.693,0.959,7.21,0.222,11.745
FireSmokeVideoNEW181_f95_jpg.rf.5e55ec887078e0feacd31ce84a75f8ca.jpg,1,1,0.9926,0.21,0.006,0.047,5.231,3.533,14.798,0.44,24.658
FireSmokeVideoNEW181_f97_jpg.rf.18918a57d25e035d172b1857f216021f.jpg,1,1,0.7983,0.312,0.009,0.065,3.393,1.061,7.268,0.241,12.813
FireSmokeVideoNEW181_f99_jpg.rf.0e66a54a15e57cb72c3d4f8a240a2151.jpg,1,1,0.9875,0.322,0.009,0.067,5.469,3.612,11.151,0.502,21.55
FireSmokeVideoNEW184_f11_jpg.rf.ae299b7a9e7c022a3788ddc0897c134e.jpg,1,1,0.9999,0.213,0.005,0.049,2.956,1.748,8.042,0.241,13.78
FireSmokeVideoNEW184_f13_jpg.rf.ce6e21ccb4aaa52937d4c2ccc7875bed.jpg,1,1,1.0,0.33,0.006,0.044,2.927,1.728,7.741,0.362,13.551
FireSmokeVideoNEW184_f15_jpg.rf.e76e5dd6c7f478e2876323df33c94fc5.jpg,1,1,1.0,0.206,0.005,0.045,2.73,0.964,7.922,0.356,12.617
FireSmokeVideoNEW184_f17_jpg.rf.8a42ec6a17e625638d9b08db25bb1da8.jpg,1,1,1.0,0.208,0.005,0.046,2.929,0.966,7.151,0.233,12.0
FireSmokeVideoNEW184_f19_jpg.rf.6721bc5e6094024520008a809861d4d1.jpg,1,1,0.9995,0.213,0.006,0.05,5.171,1.008,7.261,0.359,14.492
FireSmokeVideoNEW184_f20_jpg.rf.617edddc4230d2a3489120a4d6284d6a.jpg,1,1,1.0,0.203,0.005,0.05,2.797,0.965,7.18,0.23,11.821
FireSmokeVideoNEW184_f22_jpg.rf.a60f9ac7d2baaa68f773a1f1c663adbd.jpg,1,1,1.0,0.259,0.006,0.05,2.781,1.059,7.13,0.225,11.895
FireSmokeVideoNEW184_f24_jpg.rf.76afc7e8179fbe13ae35b4ff745c6b4f.jpg,1,1,1.0,0.212,0.006,0.047,2.592,0.955,7.161,0.246,11.607
FireSmokeVideoNEW184_f26_jpg.rf.b13491a64cbb2d0463105e970f88c5a7.jpg,1,1,1.0,0.39,0.011,0.082,10.23,3.743,9.144,0.245,24.247
FireSmokeVideoNEW184_f2_jpg.rf.078a0f6b44f5bafb07c903b43f3af799.jpg,1,1,1.0,0.208,0.006,0.048,4.509,3.265,7.189,0.254,15.854
FireSmokeVideoNEW184_f35_jpg.rf.5495878b4d4300f0c679d9edf23807f2.jpg,1,1,1.0,0.206,0.006,0.05,6.301,1.745,7.184,0.24,16.141
FireSmokeVideoNEW184_f37_jpg.rf.2777cc52ac569f30719c8ae879dbd8bb.jpg,1,1,1.0,0.207,0.006,0.047,3.46,1.282,7.169,0.238,12.8
FireSmokeVideoNEW184_f40_jpg.rf.6eaf7e00d16a4113754c199d8bcd7ef4.jpg,1,1,1.0,0.215,0.006,0.049,3.291,1.082,7.17,0.292,12.499
FireSmokeVideoNEW184_f45_jpg.rf.ad114f11173cbca479065f3caebf2b34.jpg,1,1,0.9998,0.204,0.007,0.048,3.627,1.028,7.174,0.23,12.712
FireSmokeVideoNEW184_f50_jpg.rf.bbb13925ceb8e2bff335a8325417437b.jpg,1,1,0.9999,0.203,0.005,0.046,3.688,1.038,7.184,0.235,12.798
FireSmokeVideoNEW184_f55_jpg.rf.d1eec9ba4b6220797cbcb8975f71b2b2.jpg,1,1,0.9999,0.272,0.005,0.046,3.428,1.029,7.156,0.232,12.565
FireSmokeVideoNEW184_f5_jpg.rf.c8e2cd361adfeeb0a31d3758f5f41aef.jpg,1,1,1.0,0.228,0.006,0.05,8.781,5.445,15.895,0.418,31.458
FireSmokeVideoNEW184_f7_jpg.rf.51b20038b916a76472a04ce263734a9a.jpg,1,1,1.0,0.329,0.009,0.061,3.235,1.336,7.786,0.23,13.552
FireSmokeVideoNEW184_f9_jpg.rf.87fd8eb59087813c43e0bc0a651af1de.jpg,1,1,1.0,0.328,0.009,0.068,3.568,2.111,8.162,0.241,15.272
FireSmokeVideoNEW187_f30_jpg.rf.ae1f570cf7d9572a74488eaa3debad82.jpg,1,1,1.0,0.319,0.007,0.063,3.381,1.272,8.037,0.237,13.886
FireSmokeVideoNEW187_f46_jpg.rf.8bbd48f1c7a0c21c1c9230e5525ce5af.jpg,1,1,1.0,0.212,0.005,0.045,2.359,0.988,7.143,0.243,11.416
FireSmokeVideoNEW187_f49_jpg.rf.14c155a1599a466ead22f23981911e67.jpg,1,1,1.0,0.201,0.006,0.045,3.389,1.065,9.115,0.239,14.454
FireSmokeVideoNEW187_f51_jpg.rf.0d435a458ddbd34d22ad4b2d72417df0.jpg,1,1,0.9999,0.208,0.006,0.048,2.811,1.039,7.158,0.23,11.896
FireSmokeVideoNEW187_f53_jpg.rf.d871ec684608d7bf3f61bb568ac88173.jpg,1,1,1.0,0.21,0.006,0.044,2.19,0.984,7.111,0.222,11.187
FireSmokeVideoNEW187_f55_jpg.rf.0712f3244a9cf5d39b072717daedc56b.jpg,1,1,1.0,0.211,0.006,0.047,6.132,3.873,15.832,0.278,27.425
FireSmokeVideoNEW187_f57_jpg.rf.9b7d319c8d37619c608d57c3c7bed6d6.jpg,1,1,1.0,0.209,0.006,0.046,4.352,2.834,7.224,0.248,15.311
FireSmokeVideoNEW187_f59_jpg.rf.edf0bb93b118133cb359c2cab31c378b.jpg,1,1,1.0,0.206,0.005,0.087,2.242,0.956,8.92,0.223,13.045
FireSmokeVideoNEW187_f61_jpg.rf.4f009b3246be16af1da42ab71256b466.jpg,1,1,1.0,0.317,0.01,0.06,2.612,0.947,7.158,0.238,11.716
FireSmokeVideoNEW187_f66_jpg.rf.ba0506e5e6e9b1a0829ff3945083a8a9.jpg,1,1,1.0,0.203,0.005,0.044,4.109,5.672,8.349,0.235,19.143
FireSmokeVideoNEW187_f68_jpg.rf.5ac076d8dbc1f09ebc18cd0d1e5b23eb.jpg,1,1,1.0,0.21,0.006,0.048,2.976,0.967,7.194,0.242,12.035
FireSmokeVideoNEW187_f70_jpg.rf.5fd108067fe7e96989e53f2f078a9ace.jpg,1,1,1.0,0.211,0.007,0.045,2.19,1.242,7.118,0.23,11.427
FireSmokeVideoNEW187_f81_jpg.rf.dd8dd1d67a6a5770f2dd3aa04bbd44a7.jpg,1,1,1.0,0.215,0.006,0.048,4.644,5.016,11.65,0.285,22.269
FireSmokeVideoNEW187_f83_jpg.rf.1248a0c6116d3f14de2e0d8c1002795f.jpg,1,1,1.0,0.2,0.005,0.047,4.451,1.11,10.112,0.358,16.683
FireSmokeVideoNEW187_f85_jpg.rf.6511d23bfd23b9eb8e9057f3ac9da850.jpg,1,1,1.0,0.209,0.005,0.046,5.964,3.691,8.2,0.239,18.875
FireSmokeVideoNEW187_f95_jpg.rf.5d4891558279bf1ac091add3e599d1e0.jpg,1,1,0.9947,0.208,0.006,0.049,2.941,0.963,7.159,0.228,11.952
FireSmokeVideoNEW187_f98_jpg.rf.b516e11f75bff2314b57b6027da715b0.jpg,1,1,0.9044,0.313,0.009,0.062,3.375,0.97,7.129,0.239,12.491
FireSmokeVideoNEW188_f0_jpg.rf.fc6d569e759e92aa1bf39f49d704191e.jpg,1,1,1.0,0.211,0.006,0.051,2.49,0.939,7.185,0.237,11.499
FireSmokeVideoNEW188_f11_jpg.rf.3124d86b0386441621b962add617652f.jpg,1,1,1.0,0.204,0.005,0.048,2.234,0.986,7.187,0.239,11.29
FireSmokeVideoNEW188_f13_jpg.rf.c218c266a3253e8f8f8b02beda19f6db.jpg,1,1,1.0,0.202,0.006,0.049,2.269,1.698,7.21,0.227,12.036
FireSmokeVideoNEW188_f1_jpg.rf.78cee517f81fc7d7936ae6f38b16cb66.jpg,1,1,1.0,0.21,0.005,0.049,4.687,5.594,12.703,0.274,24.494
FireSmokeVideoNEW188_f29_jpg.rf.8b9e7fc00b59d5fa8cce4524ca956dd2.jpg,1,1,1.0,0.209,0.005,0.05,2.774,1.043,9.362,0.338,14.171
FireSmokeVideoNEW188_f3_jpg.rf.776e0e5bb8a5ae50c703ee454675cb74.jpg,1,1,1.0,0.204,0.005,0.049,2.265,0.936,7.093,0.229,11.157
FireSmokeVideoNEW188_f46_jpg.rf.6d5a3f5a6614d5ec2a28115e4da91a58.jpg,1,1,1.0,0.203,0.005,0.047,2.221,1.096,7.13,0.225,11.311
FireSmokeVideoNEW188_f4_jpg.rf.f8515d9c45ad1b08bf51554613f69454.jpg,1,1,1.0,0.2,0.005,0.045,2.853,0.977,7.145,0.222,11.823
FireSmokeVideoNEW188_f72_jpg.rf.5991cc08698848b3ba20af9ae58e28cc.jpg,1,1,1.0,0.209,0.005,0.044,2.369,0.943,7.109,0.243,11.33
FireSmokeVideoNEW188_f8_jpg.rf.1c4cfd22c7ec9fd23a6cafc391a63570.jpg,1,1,1.0,0.205,0.005,0.047,2.219,0.953,7.156,0.262,11.266
FireSmokeVideoNEW189_f36_jpg.rf.2429df020eeaece9f5b66e2de3dfcfb3.jpg,1,1,0.992,0.207,0.006,0.047,2.261,1.049,7.005,0.232,11.196
FireSmokeVideoNEW189_f40_jpg.rf.89284f352804c703e361e4a1d6c1a0e1.jpg,1,1,0.9887,0.211,0.006,0.047,4.609,1.339,7.203,0.267,14.241
FireSmokeVideoNEW189_f44_jpg.rf.91986ad731e197e780360a017e5bddab.jpg,1,1,0.9995,0.234,0.006,0.053,5.005,1.142,9.886,0.355,17.183
FireSmokeVideoNEW189_f47_jpg.rf.b899faf82fbc0933a0b2655bf1b84d2b.jpg,1,1,0.9999,0.21,0.005,0.05,2.223,1.0,7.219,0.232,11.33
FireSmokeVideoNEW189_f49_jpg.rf.341c12e8e1fdde632278613ad7c7ff4a.jpg,1,1,1.0,0.214,0.006,0.049,2.948,0.988,9.119,0.233,13.935
FireSmokeVideoNEW189_f54_jpg.rf.93bfead985de54201941ba700cd2f5d2.jpg,1,1,1.0,0.202,0.005,0.047,4.572,3.734,8.385,0.24,17.729
FireSmokeVideoNEW189_f57_jpg.rf.e7ecb7baefd3bc926a9fba669c566e0e.jpg,1,1,1.0,0.207,0.004,0.048,5.461,1.279,7.949,0.363,15.836
FireSmokeVideoNEW189_f60_jpg.rf.4680d8331d6645b62e40ff208a5c0393.jpg,1,1,1.0,0.209,0.006,0.05,2.623,0.97,7.152,0.234,11.635
FireSmokeVideoNEW18_f16_jpg.rf.4d26975a756077f4ee33e8cae1133cde.jpg,1,1,0.9999,0.251,0.005,0.048,4.104,1.042,7.127,0.228,13.199
FireSmokeVideoNEW18_f1_jpg.rf.682bfe6fca836f6bdb93a761c8f76c6a.jpg,1,1,1.0,0.306,0.01,0.06,5.775,1.048,7.127,0.232,14.948
FireSmokeVideoNEW18_f22_jpg.rf.ffbaa38451e75e9b6553ed719e25bf8b.jpg,1,1,1.0,0.224,0.007,0.05,5.276,3.739,10.773,0.244,20.941
FireSmokeVideoNEW18_f26_jpg.rf.c4e5334d02bf0ef86638088599a9bfcb.jpg,1,1,1.0,0.209,0.005,0.049,2.309,0.99,7.254,0.228,11.431
FireSmokeVideoNEW18_f28_jpg.rf.e97b03f948611c6791188170a5b5b243.jpg,1,1,1.0,0.231,0.006,0.047,2.307,1.064,9.176,0.224,13.443
FireSmokeVideoNEW18_f2_jpg.rf.0204e44f189df1713c81eebf03fe1ba2.jpg,1,1,1.0,0.205,0.006,0.049,4.82,1.344,7.127,0.268,14.207
FireSmokeVideoNEW18_f32_jpg.rf.e3e8455d03ffae50704ed2d2bf42fc46.jpg,1,1,0.9991,0.207,0.007,0.046,2.658,1.053,7.176,0.272,11.81
FireSmokeVideoNEW18_f34_jpg.rf.db78daa23025b643f82f15732f0aebdb.jpg,1,1,0.9996,0.218,0.006,0.05,2.228,1.045,7.115,0.237,11.344
FireSmokeVideoNEW18_f37_jpg.rf.b55026c86cfba5087ea2640486dba8a7.jpg,1,1,0.9999,0.347,0.019,0.049,2.341,0.994,8.494,0.244,12.882
FireSmokeVideoNEW18_f40_jpg.rf.a09c8b21417594bd3beca510ad96c086.jpg,1,1,1.0,0.201,0.004,0.046,2.311,0.97,7.189,0.229,11.334
FireSmokeVideoNEW18_f43_jpg.rf.b7d757ba37d94e776d2fe77b89e0a3d7.jpg,1,1,1.0,0.22,0.006,0.047,7.262,6.278,13.653,0.26,28.285
FireSmokeVideoNEW18_f48_jpg.rf.3dac03c9596242fe2bd07010e6237aad.jpg,1,1,1.0,0.322,0.01,0.061,4.211,2.033,8.18,0.258,15.586
FireSmokeVideoNEW18_f4_jpg.rf.9e8f2652cbfb1af75d37e44e633dcda3.jpg,1,1,1.0,0.209,0.006,0.05,10.136,1.583,7.301,0.242,20.053
FireSmokeVideoNEW18_f55_jpg.rf.5e3d4792612d0938fa0a3e668c16a486.jpg,1,1,1.0,0.207,0.006,0.049,2.263,1.276,7.161,0.228,11.583
FireSmokeVideoNEW190_f0_jpg.rf.a35b2866bfe8c0c0f6628f44c3528a79.jpg,1,1,1.0,0.199,0.006,0.047,4.164,1.039,7.122,0.223,13.202
FireSmokeVideoNEW190_f11_jpg.rf.985360832a8df61b5b0ddbdd8fbf1f73.jpg,1,1,1.0,0.206,0.013,0.044,2.523,1.319,7.113,0.229,11.861
FireSmokeVideoNEW190_f13_jpg.rf.7bb2b57e7b2b5c531d8b3b26d705d874.jpg,1,1,1.0,0.241,0.014,0.043,2.441,0.949,7.157,0.239,11.472
FireSmokeVideoNEW190_f15_jpg.rf.6efd0d63e31fe6dc87fbed3909fc4c70.jpg,1,1,1.0,0.21,0.005,0.05,7.116,3.428,15.675,0.259,27.31
FireSmokeVideoNEW190_f22_jpg.rf.0e2d7c4980641dfb7afd1452401e651f.jpg,1,1,1.0,0.313,0.008,0.066,7.041,1.261,7.822,0.238,17.262
FireSmokeVideoNEW190_f24_jpg.rf.eff680509c302b7cd3a5ada6000821a7.jpg,1,1,1.0,0.322,0.01,0.07,6.236,1.679,8.471,0.429,17.751
FireSmokeVideoNEW190_f2_jpg.rf.104bd7e3980b2cb1b90d31b3ef4f082e.jpg,1,1,1.0,0.208,0.006,0.049,5.308,0.97,8.295,0.365,15.585
FireSmokeVideoNEW190_f6_jpg.rf.2d8e3a243a79acf85362f5ac853e3a55.jpg,1,1,0.9998,0.313,0.008,0.067,6.238,1.348,7.454,0.359,16.214
FireSmokeVideoNEW190_f9_jpg.rf.3cc86b991034435b13c5c152eaf141cd.jpg,1,1,1.0,0.203,0.006,0.046,3.97,0.959,7.222,0.235,13.004
FireSmokeVideoNEW192_f30_jpg.rf.b0caab4318976f8287d38e500f70f038.jpg,1,1,1.0,0.208,0.005,0.045,3.948,2.968,7.361,0.296,15.216
FireSmokeVideoNEW193_f0_jpg.rf.3fba05722abb7959e9f186089fe131cb.jpg,1,1,1.0,0.211,0.007,0.046,4.059,1.572,7.187,0.248,13.704
FireSmokeVideoNEW193_f11_jpg.rf.c049af71be9b2965ef266467b9b1e748.jpg,1,1,0.9995,0.303,0.01,0.062,4.467,2.986,7.112,0.239,15.555
FireSmokeVideoNEW193_f13_jpg.rf.054906582d1e2a5671b5037baf1ba6d7.jpg,1,1,0.9871,0.2,0.005,0.047,4.752,2.983,7.173,0.244,15.787
FireSmokeVideoNEW193_f15_jpg.rf.5f5d4d7fa3f3f4bcbc94fbd951492423.jpg,1,1,0.9999,0.202,0.006,0.045,4.624,3.274,7.889,0.36,16.791
FireSmokeVideoNEW193_f17_jpg.rf.958bd48046898c67eabfbdf08dabdb68.jpg,1,1,0.9995,0.207,0.007,0.047,4.374,3.129,10.452,0.247,18.854
FireSmokeVideoNEW193_f23_jpg.rf.2150d12e92cb110483da5b499a0580f9.jpg,1,1,0.8482,0.306,0.009,0.059,4.641,1.05,7.523,0.388,14.351
FireSmokeVideoNEW193_f2_jpg.rf.81915735009a8e0799dae85ad02b89fe.jpg,1,1,0.9994,0.318,0.009,0.06,3.82,1.226,7.853,0.267,14.161
FireSmokeVideoNEW193_f4_jpg.rf.f2b0b44d8259124c67a81c86a577542e.jpg,1,1,0.9998,0.327,0.01,0.064,5.554,3.877,12.816,0.539,23.748
FireSmokeVideoNEW193_f6_jpg.rf.d76a364d821d4ccdf9a36eccd47efee6.jpg,1,1,0.9972,0.201,0.005,0.046,3.343,0.928,12.919,0.274,18.101
FireSmokeVideoNEW193_f8_jpg.rf.f6cdddc13a53b3f650e99ed4b52771e8.jpg,1,1,0.9999,0.321,0.008,0.062,2.808,2.084,8.53,0.38,14.707
FireSmokeVideoNEW195_f12_jpg.rf.b121d9a71576ecf41f9f17f62e05626f.jpg,1,1,0.6907,0.322,0.008,0.064,5.829,3.773,7.951,0.249,18.764
FireSmokeVideoNEW195_f1_jpg.rf.cb6aa2f9b28315913fd1c2ea6b1d192b.jpg,1,1,1.0,0.331,0.009,0.066,3.526,1.881,8.427,0.352,15.113
FireSmokeVideoNEW195_f21_jpg.rf.f985d0adab92d4dc5e69d09bd41edf54.jpg,1,1,1.0,0.208,0.006,0.048,3.233,0.962,7.675,0.344,12.861
FireSmokeVideoNEW195_f39_jpg.rf.6afa740ec99e43e78c91576a78915374.jpg,1,1,1.0,0.32,0.011,0.061,3.292,1.505,8.255,0.236,14.158
FireSmokeVideoNEW195_f52_jpg.rf.adc4744948baa9be7cba6a3051d71953.jpg,1,1,0.9999,0.213,0.007,0.042,5.018,4.185,11.051,0.252,21.483
FireSmokeVideoNEW195_f54_jpg.rf.d049a979c76e3aff8e2d6f356ab8ddc4.jpg,1,1,1.0,0.244,0.007,0.046,2.658,0.967,7.172,0.228,11.761
FireSmokeVideoNEW195_f57_jpg.rf.adba774b4a6f6f50a6ebd204615e1d54.jpg,1,1,0.9994,0.266,0.006,0.09,3.233,0.965,9.252,0.238,14.441
FireSmokeVideoNEW195_f8_jpg.rf.3380bf270e9dd14b8df78b20d8870b70.jpg,1,0,0.7893,0.21,0.006,0.052,4.562,1.055,7.115,0.24,13.642
FireSmokeVideoNEW197_f3_jpg.rf.163c4fe26eac9d1a08fff50952edade8.jpg,1,1,1.0,0.233,0.005,0.047,2.441,0.974,7.186,0.238,11.495
FireSmokeVideoNEW1_f13_jpg.rf.855ace32fc44c2b333eee22fc387a8c5.jpg,1,1,1.0,0.319,0.008,0.057,2.433,0.941,7.116,0.237,11.486
FireSmokeVideoNEW1_f19_jpg.rf.c1446481d1ceac0fd8c3717faf246c1a.jpg,1,1,1.0,0.311,0.005,0.044,2.234,0.952,7.11,0.236,11.272
FireSmokeVideoNEW1_f24_jpg.rf.18baea2feae86daa93dd3d5ca3042635.jpg,1,1,1.0,0.326,0.011,0.063,4.242,0.999,7.488,0.447,13.98
FireSmokeVideoNEW1_f27_jpg.rf.a6d5476ddc259bc2a5466b1bec55bff9.jpg,1,1,1.0,0.21,0.005,0.048,4.272,5.231,12.541,0.267,23.162
FireSmokeVideoNEW1_f2_jpg.rf.501504c7a5777e0e12b6e269b0a4c602.jpg,1,1,0.9998,0.212,0.006,0.047,8.054,2.28,8.478,0.357,19.99
FireSmokeVideoNEW1_f31_jpg.rf.53aaf37bd8da6096ecdd40471aa5a6bd.jpg,1,1,1.0,0.334,0.01,0.068,6.106,2.703,11.141,0.303,21.622
FireSmokeVideoNEW1_f41_jpg.rf.d7cbb63350c40af73d363445d37c2f5f.jpg,1,1,1.0,0.207,0.006,0.047,2.746,0.991,9.406,0.323,14.118
FireSmokeVideoNEW1_f4_jpg.rf.5e96301b03feb9a698de973351ad0961.jpg,1,1,0.9999,0.328,0.009,0.064,3.513,1.253,8.14,0.244,14.043
FireSmokeVideoNEW1_f53_jpg.rf.ba7d3b6decd4127c1c8addf13e3014a1.jpg,1,1,1.0,0.209,0.005,0.077,2.246,0.994,7.194,0.248,11.349
FireSmokeVideoNEW1_f56_jpg.rf.fe2a3b2dfc7598c26f3a30c2d59d05f4.jpg,1,1,1.0,0.268,0.006,0.048,2.272,1.011,7.271,0.258,11.515
FireSmokeVideoNEW1_f58_jpg.rf.68135a3ee4d6e797530eaebd00ad7820.jpg,1,1,1.0,0.216,0.006,0.049,4.595,3.261,13.516,0.272,22.444
FireSmokeVideoNEW1_f63_jpg.rf.8c6731bbbac8a67f7d532a01b9c52e6f.jpg,1,1,1.0,0.315,0.01,0.065,4.105,1.05,7.725,0.323,14.005
FireSmokeVideoNEW1_f8_jpg.rf.1fefecbbbda7afc85a9dcda50953853d.jpg,1,1,1.0,0.205,0.006,0.05,3.196,0.99,7.762,0.342,12.941
FireSmokeVideoNEW201_f10_jpg.rf.954026fc01f49a4e10a99c9ba7b08630.jpg,1,1,0.9984,0.316,0.009,0.066,3.515,1.245,8.225,0.242,14.111
FireSmokeVideoNEW201_f12_jpg.rf.052b12a91bd93919d00678e3824b3c57.jpg,1,1,1.0,0.341,0.009,0.074,2.285,0.984,7.153,0.233,11.461
FireSmokeVideoNEW201_f16_jpg.rf.e0586c7614e0d90fcfe3ecb61ddb1ae4.jpg,1,1,0.9999,0.206,0.007,0.047,4.085,1.02,9.533,0.339,15.633
FireSmokeVideoNEW201_f19_jpg.rf.00e63132ce0efb79c6d94d0ddf94c09c.jpg,1,1,0.9986,0.313,0.009,0.065,6.813,1.321,7.584,0.242,16.859
FireSmokeVideoNEW201_f23_jpg.rf.c2389ea8232ce77be19f23af01c4f629.jpg,1,1,1.0,0.209,0.006,0.048,7.304,5.492,13.103,0.277,27.017
FireSmokeVideoNEW201_f26_jpg.rf.539e1f4f8841f014d1557d2a01757e4a.jpg,1,1,1.0,0.214,0.007,0.048,4.863,3.514,7.797,0.245,17.072
FireSmokeVideoNEW201_f31_jpg.rf.4515ca6d9aac4fc0a0d6d778c66caa6f.jpg,1,1,1.0,0.21,0.005,0.046,2.625,0.918,7.725,0.459,12.368
FireSmokeVideoNEW201_f33_jpg.rf.109581e811570cbf53157b29246d945a.jpg,1,1,1.0,0.331,0.009,0.062,2.688,2.247,7.998,0.241,14.209
FireSmokeVideoNEW201_f40_jpg.rf.02e8adb9f84617089040ae5f925bf99b.jpg,1,1,1.0,0.311,0.009,0.059,2.798,1.164,8.761,0.267,13.848
FireSmokeVideoNEW201_f46_jpg.rf.e476d7a6562d94f5b7e7f51c15aebdff.jpg,1,1,1.0,0.236,0.006,0.044,2.751,0.928,7.694,0.397,12.513
FireSmokeVideoNEW201_f5_jpg.rf.04537ab6ec4f0a5b84fda8d7ff07ef05.jpg,1,1,0.9998,0.303,0.008,0.057,2.573,0.924,7.094,0.232,11.557
FireSmokeVideoNEW203_f106_jpg.rf.6484f9a7be6d3b99aa2a5603afdcc716.jpg,1,1,1.0,0.201,0.006,0.046,5.103,3.507,9.282,0.298,19.064
FireSmokeVideoNEW203_f110_jpg.rf.39d41649265d99af9530df65b191bdbd.jpg,1,1,1.0,0.209,0.006,0.049,5.193,3.933,12.354,0.273,22.422
FireSmokeVideoNEW203_f118_jpg.rf.1072a0f084f87963fb877021f5f7726f.jpg,1,1,1.0,0.21,0.006,0.047,4.965,4.221,8.122,0.242,18.324
FireSmokeVideoNEW203_f130_jpg.rf.27c452c868fcd9f97341c88be0c34aa3.jpg,1,1,1.0,0.212,0.006,0.047,4.128,3.217,8.536,0.334,17.011
FireSmokeVideoNEW203_f134_jpg.rf.e759e8639553419bad87c473bbbe5294.jpg,1,1,1.0,0.302,0.009,0.062,5.544,1.218,8.047,0.353,16.061
FireSmokeVideoNEW203_f140_jpg.rf.e2874067e33a35be23d1556d0397333d.jpg,1,1,1.0,0.204,0.006,0.048,3.49,0.943,7.219,0.245,12.536
FireSmokeVideoNEW203_f152_jpg.rf.0a4f5153be5b77d39034f77c4f447dba.jpg,1,1,1.0,0.209,0.006,0.048,2.551,1.154,7.053,0.229,11.642
FireSmokeVideoNEW203_f156_jpg.rf.c512e5ef573e2d2e921efdceda768fa2.jpg,1,1,1.0,0.25,0.005,0.047,4.92,3.481,8.849,0.256,18.366
FireSmokeVideoNEW203_f15_jpg.rf.8867322ed7ea1eb1ed858fbf46121653.jpg,1,1,0.9924,0.233,0.005,0.047,2.232,0.937,7.179,0.236,11.248
FireSmokeVideoNEW203_f161_jpg.rf.16547bbb033af71d563e4c6c4a174343.jpg,1,1,1.0,0.213,0.005,0.046,2.199,0.952,7.14,0.278,11.27
FireSmokeVideoNEW203_f1_jpg.rf.6cb734f3d70ebeb9cd4987a2a41120ba.jpg,1,1,0.9997,0.222,0.006,0.051,2.212,1.01,8.215,0.252,12.347
FireSmokeVideoNEW203_f2_jpg.rf.d3784a037e06dc217fedabf8ab6a4727.jpg,1,1,1.0,0.244,0.007,0.054,2.477,1.071,7.099,0.386,11.72
FireSmokeVideoNEW203_f37_jpg.rf.fdd9515fcb1a6649434d1d966cd76cfc.jpg,1,1,1.0,0.215,0.006,0.051,2.22,1.485,7.141,0.233,11.717
FireSmokeVideoNEW203_f39_jpg.rf.4e7544cc5c7216f84c4965d5ac252039.jpg,1,1,1.0,0.216,0.006,0.049,2.204,0.954,7.155,0.238,11.243
FireSmokeVideoNEW203_f41_jpg.rf.c1f9a9c2d5b9a7c290197d578d6d75a8.jpg,1,1,1.0,0.213,0.006,0.075,2.254,0.941,8.054,0.239,12.153
FireSmokeVideoNEW203_f44_jpg.rf.ca6edf4aa731568c93680c45aaadc202.jpg,1,1,1.0,0.225,0.007,0.054,4.584,4.494,12.216,0.27,22.332
FireSmokeVideoNEW203_f48_jpg.rf.36f107bbec8be9161fbf76c1e384a40b.jpg,1,1,1.0,0.197,0.006,0.047,3.073,0.967,9.653,0.371,14.697
FireSmokeVideoNEW203_f50_jpg.rf.5447f1766cb72b0254b85dbc4977e38b.jpg,1,1,1.0,0.364,0.009,0.068,3.873,1.212,7.866,0.244,14.153
FireSmokeVideoNEW203_f52_jpg.rf.5f61df8d59150ded57ba47f13028e7b3.jpg,1,1,1.0,0.309,0.006,0.047,2.235,1.547,7.348,0.331,12.231
FireSmokeVideoNEW203_f61_jpg.rf.17943721e04dcb8ef68a1e512641f911.jpg,1,1,1.0,0.207,0.006,0.047,2.716,0.962,7.184,0.234,11.734
FireSmokeVideoNEW203_f63_jpg.rf.5fe2b4463d033ccbc68aa1ad4c4d5493.jpg,1,1,1.0,0.205,0.006,0.046,2.68,0.95,7.199,0.244,11.705
FireSmokeVideoNEW203_f65_jpg.rf.ef14751d7b1d576a5d08824bba6a8ed8.jpg,1,1,1.0,0.203,0.005,0.049,2.9,0.967,7.219,0.229,11.951
FireSmokeVideoNEW203_f67_jpg.rf.784571c13f4496c9e5c7edf11dc04d86.jpg,1,1,1.0,0.206,0.005,0.049,2.61,0.967,9.307,0.247,13.801
FireSmokeVideoNEW203_f69_jpg.rf.c08805dd1b4f4362d2462cc30b7fa541.jpg,1,1,1.0,0.206,0.006,0.045,4.441,3.317,12.077,0.312,20.936
FireSmokeVideoNEW203_f81_jpg.rf.2501c50925550ac5428dbc0da5c8f8ae.jpg,1,1,1.0,0.206,0.006,0.049,3.867,1.0,7.581,0.369,13.519
FireSmokeVideoNEW203_f83_jpg.rf.9b2b945de7d81e78084a413be8d8a741.jpg,1,1,1.0,0.324,0.01,0.064,3.946,2.034,7.183,0.247,14.261
FireSmokeVideoNEW203_f85_jpg.rf.e4b81ba03dc79d5f5a76e8620d5e9ee4.jpg,1,1,0.9999,0.21,0.006,0.047,2.687,1.041,7.042,0.255,11.676
FireSmokeVideoNEW203_f93_jpg.rf.f9dbc64517276675add630b8ae161dac.jpg,1,1,0.9999,0.207,0.005,0.046,2.192,0.942,7.207,0.239,11.201
FireSmokeVideoNEW203_f98_jpg.rf.e4f9977592dca1efb082663ffef6a816.jpg,1,1,1.0,0.221,0.006,0.045,2.33,0.931,7.126,0.228,11.271
FireSmokeVideoNEW204_f138_jpg.rf.37c44efb786e179cf63b42a0b2cc3143.jpg,1,1,0.9997,0.21,0.006,0.044,2.521,0.945,7.152,0.226,11.464
FireSmokeVideoNEW204_f141_jpg.rf.6b70537325375a5de7eebf169d458ff0.jpg,1,1,0.9958,0.207,0.006,0.046,2.175,0.94,9.086,0.223,13.159
FireSmokeVideoNEW204_f143_jpg.rf.454f159b3de750e984d2acaf472ab51c.jpg,1,1,1.0,0.211,0.007,0.048,3.838,3.413,10.934,0.322,19.194
FireSmokeVideoNEW204_f33_jpg.rf.d1a02a349fafbe43c9102536c9c7eb9c.jpg,1,1,0.8304,0.2,0.006,0.05,5.353,1.0,7.237,0.247,14.494
FireSmokeVideoNEW204_f43_jpg.rf.bf504985dc0bbdfc1ebd0b2320c79ed3.jpg,1,1,0.9998,0.214,0.006,0.082,2.872,0.963,7.144,0.241,11.926
FireSmokeVideoNEW204_f47_jpg.rf.353f8fca81b60797bc60037cb1e7d21f.jpg,1,1,0.9978,0.269,0.007,0.05,3.622,1.06,9.174,0.23,14.798
FireSmokeVideoNEW204_f5_jpg.rf.1c543a52433e5878aae7c5dc2855d2cc.jpg,1,1,0.9998,0.204,0.006,0.044,2.364,0.95,7.11,0.223,11.269
FireSmokeVideoNEW204_f8_jpg.rf.45bdc09c828ee0ed81b6b0689e16bc84.jpg,1,1,1.0,0.204,0.006,0.046,2.177,1.022,7.134,0.226,11.207
FireSmokeVideoNEW204_f98_jpg.rf.5c58193ed1d33a6ae8ae63b173be02ee.jpg,1,1,0.9998,0.2,0.006,0.046,2.81,1.012,7.118,0.232,11.803
FireSmokeVideoNEW208_f0_jpg.rf.97bd6b8a832086b567e2f4f705d5711c.jpg,1,1,1.0,0.198,0.006,0.049,2.232,0.927,9.202,0.271,13.262
FireSmokeVideoNEW208_f11_jpg.rf.adb0c48038e05906ced14ff99dcd285d.jpg,1,1,1.0,0.216,0.005,0.051,7.849,7.026,8.372,0.244,24.266
FireSmokeVideoNEW208_f13_jpg.rf.75eacf6c544a2110e594d942c083a6bd.jpg,1,1,0.9999,0.204,0.006,0.047,2.945,0.96,7.174,0.237,11.967
FireSmokeVideoNEW208_f1_jpg.rf.3d92ec2bc1b751224bf9e58c3d8d1e33.jpg,1,1,1.0,0.206,0.005,0.048,2.51,0.941,7.201,0.24,11.519
FireSmokeVideoNEW208_f3_jpg.rf.0b0363bd85c5fc81e8ce31fb0da27dee.jpg,1,1,1.0,0.211,0.005,0.049,2.782,0.928,7.124,0.24,11.724
FireSmokeVideoNEW208_f5_jpg.rf.b27e60cedf4e9e70ac3a4bc4f6a22612.jpg,1,1,1.0,0.34,0.009,0.07,3.542,1.024,9.174,0.255,14.8
FireSmokeVideoNEW208_f7_jpg.rf.7c7b8753de4111826b826f9fa04aab7f.jpg,1,1,1.0,0.194,0.006,0.047,2.479,0.932,7.122,0.234,11.398
FireSmokeVideoNEW209_f10_jpg.rf.88c7b43773903beab54d83e74cce4076.jpg,1,1,1.0,0.203,0.005,0.045,2.266,0.978,7.146,0.236,11.266
FireSmokeVideoNEW209_f18_jpg.rf.ba626acee756e94584c04ff0b2a6604a.jpg,1,1,1.0,0.2,0.005,0.046,2.138,1.027,7.214,0.235,11.246
FireSmokeVideoNEW209_f1_jpg.rf.5fe1fb563d9a05c38ee7523b4d2f2f93.jpg,1,1,1.0,0.208,0.005,0.045,4.296,8.185,14.317,0.402,28.112
FireSmokeVideoNEW209_f21_jpg.rf.fc6c4f2d10332150b75bd4ed7ca47704.jpg,1,1,1.0,0.206,0.005,0.048,5.217,3.807,7.91,0.255,18.025
FireSmokeVideoNEW209_f3_jpg.rf.e77bd585be04ebc66ee79b05acada936.jpg,1,1,1.0,0.219,0.006,0.051,5.0,3.34,8.49,0.347,17.975
FireSmokeVideoNEW20_f25_jpg.rf.1cc06defcb39979a82c0285424a97fab.jpg,1,1,1.0,0.314,0.008,0.062,5.659,3.514,7.145,0.239,17.317
FireSmokeVideoNEW20_f27_jpg.rf.e57c41a1a5ea21d29f86a6ce294c8368.jpg,1,1,0.9999,0.307,0.007,0.076,2.641,0.923,7.456,0.343,12.133
FireSmokeVideoNEW20_f29_jpg.rf.4b29026cb05d1a0b42adcb921ba70c4c.jpg,1,1,1.0,0.323,0.006,0.061,3.279,1.675,7.771,0.242,13.849
FireSmokeVideoNEW20_f39_jpg.rf.a803f0864c3ed5397401ea641d9167c0.jpg,1,1,1.0,0.207,0.005,0.047,2.14,1.603,7.219,0.32,11.91
FireSmokeVideoNEW20_f41_jpg.rf.f0bdaeed820327f326f03c112a2ed376.jpg,1,1,1.0,0.202,0.004,0.046,7.842,5.766,12.467,0.244,27.117
FireSmokeVideoNEW20_f47_jpg.rf.f231c47ab70a5b48bd068c7b87cee74e.jpg,1,1,1.0,0.201,0.006,0.05,2.687,0.917,13.977,0.545,18.741
FireSmokeVideoNEW20_f55_jpg.rf.af58953e27ab82030f5d055eeb173e49.jpg,1,1,1.0,0.312,0.01,0.068,4.526,4.146,13.442,0.389,23.4
FireSmokeVideoNEW20_f61_jpg.rf.7dd62293ab496e7c141043b5041822ec.jpg,1,1,1.0,0.322,0.009,0.545,3.526,1.819,8.624,0.348,15.711
FireSmokeVideoNEW20_f79_jpg.rf.36f704638e9ec7493aff1014dee25895.jpg,1,1,1.0,0.326,0.009,0.063,3.447,1.632,8.5,0.341,14.855
FireSmokeVideoNEW211_f105_jpg.rf.9d83b07dbaf7b8623adc776b990c9cba.jpg,1,1,1.0,0.314,0.009,0.063,4.389,3.369,8.003,0.24,16.872
FireSmokeVideoNEW211_f115_jpg.rf.dd4e1e2c40dcd3b9e2017abb5d6a808c.jpg,1,1,0.9997,0.897,0.01,0.066,5.762,4.29,12.639,0.445,24.66
FireSmokeVideoNEW211_f123_jpg.rf.c7d906540e4c16e62e3329460ebde3ed.jpg,1,1,0.9999,0.309,0.009,0.066,4.453,3.297,15.136,0.282,23.916
FireSmokeVideoNEW211_f18_jpg.rf.080c2495369762146513440f0e52a727.jpg,1,1,0.9998,0.303,0.007,0.063,4.659,3.173,7.177,0.234,16.017
FireSmokeVideoNEW211_f21_jpg.rf.17fca5c492b7730cd8abfd3ec3c175a7.jpg,1,1,0.9999,0.209,0.007,0.05,3.649,3.225,10.072,0.266,17.848
FireSmokeVideoNEW211_f23_jpg.rf.b4062b53d80a748705944dee83d83fc0.jpg,1,1,0.9999,0.206,0.006,0.046,2.281,1.42,7.447,0.336,12.146
FireSmokeVideoNEW211_f33_jpg.rf.fc5dcef4f50e6d789334ae1e9d82f9d5.jpg,1,1,0.9997,0.206,0.006,0.046,2.122,0.972,7.143,0.233,11.08
FireSmokeVideoNEW211_f40_jpg.rf.878e8ed1c4d7756bb89881b072f2b78f.jpg,1,1,0.9992,0.216,0.006,0.049,2.308,1.628,7.121,0.285,11.998
FireSmokeVideoNEW211_f72_jpg.rf.c4b8d4fb7202ac2688b6c3ffb4d7941c.jpg,1,1,0.9997,0.204,0.004,0.05,2.497,1.037,12.26,0.266,16.675
FireSmokeVideoNEW211_f83_jpg.rf.0e6e0a52c9612ed28f9dbc097d8f6206.jpg,1,1,1.0,0.204,0.006,0.048,2.466,0.932,9.142,0.239,13.432
FireSmokeVideoNEW211_f98_jpg.rf.7bebc759655b25bb4120643ccab05395.jpg,1,1,0.9996,0.207,0.006,0.049,2.218,0.926,7.165,0.23,11.157
FireSmokeVideoNEW212_f20_jpg.rf.eb77f640f92703fa61edbaddc9a273a5.jpg,1,1,0.9991,0.204,0.006,0.044,2.14,0.9,7.11,0.22,11.097
FireSmokeVideoNEW212_f26_jpg.rf.7bce4adbdd8e2de3d1441a1371d6c2a3.jpg,1,1,0.977,0.198,0.006,0.045,2.12,0.914,7.165,0.246,11.041
FireSmokeVideoNEW212_f29_jpg.rf.c573350a48be3b6ef33284f23ef4eb53.jpg,1,1,0.946,0.207,0.006,0.047,3.602,0.91,7.417,0.348,12.934
FireSmokeVideoNEW212_f39_jpg.rf.6c0d067020333fde34ecc6bd051d7c57.jpg,1,1,0.9605,0.207,0.005,0.05,7.576,3.375,14.654,0.273,26.675
FireSmokeVideoNEW212_f40_jpg.rf.7afe6dc7d2a400ff27e84e8518723223.jpg,1,1,0.7214,0.27,0.006,0.051,4.864,3.924,7.993,0.258,17.878
FireSmokeVideoNEW212_f42_jpg.rf.e5cc278015ab526c17bea13a66f735e0.jpg,1,1,0.6678,0.313,0.008,0.254,4.905,3.228,7.131,0.257,16.483
FireSmokeVideoNEW212_f47_jpg.rf.03a952d7d61f102e43956ceb5cd45f9c.jpg,1,1,0.9805,0.21,0.006,0.046,3.775,3.788,7.21,0.242,15.663
FireSmokeVideoNEW212_f49_jpg.rf.51c963a0ee193f56af17051f72209961.jpg,1,1,0.9983,0.21,0.007,0.049,4.054,1.003,7.191,0.244,13.139
FireSmokeVideoNEW212_f50_jpg.rf.19bb9e546d3cc717ee5ae092855168cb.jpg,1,1,0.8836,0.204,0.005,0.05,2.527,1.024,7.18,0.23,11.614
FireSmokeVideoNEW212_f52_jpg.rf.ae01318cbd57ba0a9333e36682302766.jpg,1,1,0.9997,0.207,0.006,0.088,2.199,0.95,7.205,0.238,11.267
FireSmokeVideoNEW212_f54_jpg.rf.bf714fc85f36b3393d098b91adb0554c.jpg,1,1,1.0,0.208,0.007,0.046,2.583,3.519,7.381,0.445,14.588
FireSmokeVideoNEW212_f63_jpg.rf.701893b2b3635f143aaf7b6f9bd45aa2.jpg,1,1,0.9997,0.214,0.006,0.047,2.253,0.954,9.289,0.235,13.372
FireSmokeVideoNEW212_f69_jpg.rf.766fef2a3b6070d397ade684b70c2b43.jpg,1,1,0.9999,0.207,0.007,0.045,2.363,1.025,7.141,0.241,11.413
FireSmokeVideoNEW212_f70_jpg.rf.6fd1fed84808897ba86bc35faa8759f1.jpg,1,1,0.9961,0.206,0.005,0.049,2.271,1.648,7.204,0.224,11.986
FireSmokeVideoNEW213_f36_jpg.rf.b52ffa4b493c47c40af87a1983b6703b.jpg,1,1,0.9999,0.32,0.009,0.056,2.81,0.964,7.145,0.225,11.903
FireSmokeVideoNEW215_f13_jpg.rf.1be99abe9b01cc61b79dc950e8500b61.jpg,1,1,1.0,0.202,0.005,0.043,2.268,0.95,7.119,0.236,11.197
FireSmokeVideoNEW215_f33_jpg.rf.192cb3311ec069ab85e1df4aa4575855.jpg,1,1,1.0,0.311,0.009,0.056,2.398,0.931,7.127,0.247,11.449
FireSmokeVideoNEW215_f38_jpg.rf.c13201af97e201352fc60ff38e56a8ca.jpg,1,1,1.0,0.204,0.006,0.044,2.268,0.96,7.173,0.243,11.281
FireSmokeVideoNEW215_f3_jpg.rf.e9664a85851447730ec745ffa4fa0c6f.jpg,1,1,1.0,0.322,0.006,0.051,4.461,5.21,13.179,0.281,23.984
FireSmokeVideoNEW215_f44_jpg.rf.f8a93790f6305f4ebeddf38aedd630a2.jpg,1,1,1.0,0.205,0.006,0.048,2.134,0.977,7.106,0.227,11.079
FireSmokeVideoNEW215_f4_jpg.rf.429d1c7df213307037d5748aa75dc4dc.jpg,1,1,1.0,0.205,0.005,0.045,2.321,0.975,7.212,0.248,11.388
FireSmokeVideoNEW215_f7_jpg.rf.4b9242fb690d24c9b00c401507cfda6e.jpg,1,1,1.0,0.262,0.006,0.049,2.257,0.998,7.254,0.228,11.439
FireSmokeVideoNEW215_f9_jpg.rf.2d10b5da2bbdb8ba2218af3c5fd68ee6.jpg,1,1,1.0,0.238,0.006,0.046,2.371,0.971,7.171,0.227,11.407
FireSmokeVideoNEW216_f27_jpg.rf.9752e0401177f9ef2c00eba6afb3bf49.jpg,1,1,1.0,0.212,0.006,0.049,2.693,1.045,7.06,0.235,11.671
FireSmokeVideoNEW216_f29_jpg.rf.4602430c2f01e2aaaad22b36b613b5b4.jpg,1,1,1.0,0.259,0.006,0.048,2.213,1.042,7.125,0.317,11.385
FireSmokeVideoNEW216_f31_jpg.rf.bcf64acb747807831fdb41468fe05d3d.jpg,1,1,1.0,0.205,0.006,0.048,2.939,1.327,7.517,0.352,12.793
FireSmokeVideoNEW216_f34_jpg.rf.b6ad2762deb497a97237b66c10958486.jpg,1,1,1.0,0.206,0.006,0.05,6.166,6.52,14.464,0.276,28.3
FireSmokeVideoNEW216_f36_jpg.rf.f57ae82cb0eac7f791a1f314e59586eb.jpg,1,1,1.0,0.21,0.006,0.046,3.515,1.109,7.171,0.238,12.765
FireSmokeVideoNEW216_f38_jpg.rf.a4c46748bfe9f1e13262189ee4958a6c.jpg,1,1,1.0,0.317,0.01,0.059,3.489,1.036,9.266,0.244,14.811
FireSmokeVideoNEW216_f63_jpg.rf.43542df686881ae3bd014e792d6d0703.jpg,1,1,1.0,0.202,0.005,0.048,2.884,1.014,7.407,0.354,12.3
FireSmokeVideoNEW216_f66_jpg.rf.b55857b55e7a044c827d9875bb78fc85.jpg,1,1,1.0,0.207,0.006,0.089,2.245,0.971,7.175,0.24,11.313
FireSmokeVideoNEW216_f68_jpg.rf.d22f55fffdb7547ab82db3089e1d2ecf.jpg,1,1,1.0,0.208,0.007,0.047,2.206,1.107,7.188,0.236,11.371
FireSmokeVideoNEW216_f72_jpg.rf.b91983b01a9b8eee23ac98ac1b660312.jpg,1,1,0.9999,0.203,0.006,0.047,2.24,0.969,7.871,0.237,11.955
FireSmokeVideoNEW216_f86_jpg.rf.27d882594f801518b63c93d84610f649.jpg,1,1,0.9998,0.2,0.006,0.044,2.216,0.988,7.12,0.233,11.186
FireSmokeVideoNEW216_f89_jpg.rf.99a8641e3c842e990d80706bb4c00959.jpg,1,1,0.9999,0.211,0.007,0.05,6.411,6.497,7.112,0.263,20.968
FireSmokeVideoNEW218_f1_jpg.rf.67f61678892a49c41d8ede805848047f.jpg,1,1,0.9569,0.317,0.008,0.066,5.43,1.183,7.184,0.242,14.828
FireSmokeVideoNEW218_f33_jpg.rf.bc051305b2444a9682c6cbdc80457601.jpg,1,1,0.998,0.212,0.005,0.049,4.05,1.038,9.114,0.245,15.106
FireSmokeVideoNEW218_f36_jpg.rf.690e54d498b40201eea9b608f1d4e97d.jpg,1,1,0.9918,0.201,0.004,0.048,4.696,1.091,7.115,0.226,13.769
FireSmokeVideoNEW218_f41_jpg.rf.506c5095b51cb13898c5d887dccd3c32.jpg,1,1,0.9996,0.211,0.005,0.049,4.235,1.085,7.112,0.296,13.38
FireSmokeVideoNEW218_f43_jpg.rf.1ff2126f11d02341d18fd00487251fc9.jpg,1,1,0.9201,0.202,0.005,0.049,5.607,1.123,7.204,0.247,14.841
FireSmokeVideoNEW218_f46_jpg.rf.09cd36ec79dd7846fcdb8dfcdcb4f039.jpg,1,1,0.9632,0.208,0.006,0.05,5.309,1.097,9.089,0.232,16.39
FireSmokeVideoNEW218_f6_jpg.rf.927cb3facf92db0f994b7e641c5f1db8.jpg,1,1,0.9948,0.204,0.006,0.046,2.959,1.013,7.13,0.227,11.977
FireSmokeVideoNEW218_f9_jpg.rf.59f45274803c507efa12635b802691f9.jpg,1,1,0.8636,0.214,0.006,0.046,7.949,4.873,11.815,0.257,26.555
FireSmokeVideoNEW21_f1_jpg.rf.88471b473598961e0c71228c4cdcb3fc.jpg,1,1,1.0,0.218,0.006,0.048,2.832,1.049,7.496,0.364,12.406
FireSmokeVideoNEW21_f43_jpg.rf.b339aaa65d20f3b8280e31505c5517d2.jpg,1,1,1.0,0.209,0.005,0.046,2.48,1.015,7.033,0.234,11.41
FireSmokeVideoNEW21_f59_jpg.rf.7b7783cf60019879934a1f34f494e015.jpg,1,1,1.0,0.208,0.006,0.047,2.45,1.531,7.123,0.233,11.986
FireSmokeVideoNEW21_f64_jpg.rf.2c2e3982d7ef8e914cc9dce7fbcc7b68.jpg,1,0,0.9325,0.204,0.006,0.047,2.522,0.944,7.101,0.231,11.437
FireSmokeVideoNEW21_f67_jpg.rf.45d03b24f98649e0d649e2f16f22567a.jpg,1,1,1.0,0.203,0.005,0.046,2.232,1.263,7.146,0.247,11.52
FireSmokeVideoNEW21_f69_jpg.rf.75191347f6763cf9fde8a47940370227.jpg,1,1,1.0,0.206,0.006,0.046,2.512,0.958,7.162,0.235,11.514
FireSmokeVideoNEW21_f70_jpg.rf.0f544b5b509c06479c505fda09cf0295.jpg,1,1,1.0,0.206,0.005,0.044,2.19,0.951,7.686,0.228,11.69
FireSmokeVideoNEW21_f77_jpg.rf.e7c12def6552a57fe4563c66c9d29653.jpg,1,0,0.8865,0.258,0.006,0.047,3.625,3.411,9.528,0.294,17.561
FireSmokeVideoNEW21_f83_jpg.rf.f87b32087d0a74b76072b9a21c29a6a6.jpg,1,0,0.9078,0.209,0.006,0.053,4.942,3.127,7.261,0.252,16.335
FireSmokeVideoNEW220_f103_jpg.rf.9f60f17a1c5a9a730ba1b60de4479245.jpg,1,1,1.0,0.27,0.006,0.048,2.414,0.91,7.222,0.245,11.51
FireSmokeVideoNEW220_f110_jpg.rf.c11cdcdae1385a69f66503d97696a8c9.jpg,1,1,1.0,0.427,0.01,0.064,2.213,1.236,9.637,0.385,14.402
FireSmokeVideoNEW220_f114_jpg.rf.01d81e177954f3d81f3b9b6defdbead1.jpg,1,1,1.0,0.315,0.007,0.064,2.921,1.766,8.422,0.351,14.366
FireSmokeVideoNEW220_f116_jpg.rf.e10fa2eb74d831fe711d136a69945d13.jpg,1,1,1.0,0.309,0.01,0.059,3.859,1.202,8.117,0.232,14.267
FireSmokeVideoNEW220_f118_jpg.rf.04ca92392c039b2130aa7c2ece63f039.jpg,1,1,1.0,0.233,0.006,0.045,2.128,0.913,7.202,0.247,11.165
FireSmokeVideoNEW220_f14_jpg.rf.ec161231d9668ccf5db936aa777972b3.jpg,1,1,1.0,0.329,0.008,0.066,2.597,1.149,7.44,0.373,12.347
FireSmokeVideoNEW220_f17_jpg.rf.0f695be7ce239a5c0cc9a8b30cae8918.jpg,1,1,0.9999,0.206,0.006,0.047,7.073,7.845,15.795,0.511,32.168
FireSmokeVideoNEW220_f18_jpg.rf.e62670db7e7bafc54422b1a7cd3f800c.jpg,1,1,1.0,0.308,0.008,0.062,4.082,1.014,7.524,0.356,13.762
FireSmokeVideoNEW220_f198_jpg.rf.9d39f849f2eaa96291dd0eaf00d26896.jpg,1,1,0.9996,0.327,0.009,0.653,3.788,1.235,8.544,0.357,15.449
FireSmokeVideoNEW220_f220_jpg.rf.835ac86a80b72af449ade87dc10714bd.jpg,1,1,0.9997,0.209,0.005,0.046,2.564,0.978,9.423,0.335,13.999
FireSmokeVideoNEW220_f23_jpg.rf.1778d9e44b1c8c0ff722cfc9ef5672fa.jpg,1,1,1.0,0.312,0.01,0.06,3.031,1.242,8.44,0.328,13.931
FireSmokeVideoNEW220_f51_jpg.rf.ac1bc672867e7371f0be09d6f571ab56.jpg,1,1,1.0,0.324,0.01,0.058,3.396,1.701,8.68,0.364,15.045
FireSmokeVideoNEW220_f88_jpg.rf.1d3b365a43fdcc299a0870251874be71.jpg,1,1,1.0,0.313,0.009,0.054,3.525,1.204,8.134,0.24,13.964
FireSmokeVideoNEW220_f93_jpg.rf.df73373f1582dbe860db699d1d700f42.jpg,1,1,1.0,0.199,0.006,0.042,4.269,3.291,8.791,0.296,17.97
FireSmokeVideoNEW220_f98_jpg.rf.dedba84d3f2dd3d971261de5a403cdd2.jpg,1,1,1.0,0.207,0.005,0.048,2.57,0.942,7.257,0.261,11.68
FireSmokeVideoNEW221_f11_jpg.rf.51f25bf79fba848e1852a9a8b5c1410a.jpg,1,1,0.9988,0.208,0.005,0.047,2.38,0.948,7.14,0.235,11.341
FireSmokeVideoNEW221_f13_jpg.rf.1aa6a7f7dfece75b85a30283258ab8cb.jpg,1,1,0.9991,0.313,0.01,0.056,2.676,1.795,7.107,0.234,12.567
FireSmokeVideoNEW221_f15_jpg.rf.b63d7f4847797de34ed8b3066e6cb3fa.jpg,1,1,0.9993,0.346,0.006,0.046,2.262,0.946,7.017,0.252,11.25
FireSmokeVideoNEW221_f19_jpg.rf.59c8d4a3c34cd694d867ae844fee89d2.jpg,1,1,0.9928,0.319,0.01,0.064,4.573,1.813,7.682,0.358,15.228
FireSmokeVideoNEW221_f26_jpg.rf.443d39e5f56c13cfae7a34e476a0e880.jpg,1,1,0.9988,0.21,0.005,0.047,2.337,0.947,7.131,0.226,11.375
FireSmokeVideoNEW221_f28_jpg.rf.a523dbcbf3683d8f18235ad9302bf56a.jpg,1,1,0.9994,0.314,0.009,0.059,2.318,0.929,7.122,0.238,11.375
FireSmokeVideoNEW221_f2_jpg.rf.719286f8cd9c72a30f43a047427555f0.jpg,1,1,0.9997,0.266,0.006,0.044,2.227,0.946,7.144,0.243,11.255
FireSmokeVideoNEW221_f3_jpg.rf.94efb46f1672ee28d652964edf3948f3.jpg,1,1,0.9964,0.349,0.006,0.044,4.546,5.426,12.055,0.243,23.067
FireSmokeVideoNEW221_f5_jpg.rf.8a43dd4aadff4528705f52d9ab00daff.jpg,1,1,0.9985,0.202,0.006,0.048,2.415,0.987,9.427,0.799,14.263
FireSmokeVideoNEW221_f7_jpg.rf.a849a7edfb3c2ea171f4fd5b8f3929d5.jpg,1,1,0.9972,0.2,0.006,0.045,2.117,1.817,7.455,0.349,12.405
FireSmokeVideoNEW221_f9_jpg.rf.8173796a4cc04a5cbe9067cf21f0f30f.jpg,1,1,0.9986,0.206,0.006,0.047,2.363,0.991,7.326,0.248,11.543
FireSmokeVideoNEW222_f123_jpg.rf.e8747a288a227f270190e39c6c54d29a.jpg,1,1,1.0,0.202,0.005,0.047,3.952,3.098,10.094,0.295,18.072
FireSmokeVideoNEW222_f46_jpg.rf.7f1818b2c2c51b2e646eb0a4844c216b.jpg,1,1,1.0,0.204,0.006,0.048,3.714,3.115,7.888,0.349,15.699
FireSmokeVideoNEW222_f61_jpg.rf.75fc78eefea3f4529c48d95f4bf4eb04.jpg,1,1,1.0,0.201,0.006,0.049,4.059,2.948,7.256,0.241,15.154
FireSmokeVideoNEW223_f115_jpg.rf.f7e472a8fe18759fb48ba875390e3c30.jpg,1,1,1.0,0.21,0.006,0.047,3.849,3.571,12.162,0.37,20.631
FireSmokeVideoNEW223_f13_jpg.rf.01598ec4481511a2189e689632183a09.jpg,1,1,1.0,0.206,0.005,0.048,4.48,3.029,12.413,0.278,20.84
FireSmokeVideoNEW223_f161_jpg.rf.956b2c4af82583a775d6129e4bb39146.jpg,1,1,0.9997,0.312,0.008,0.054,4.841,3.307,8.063,0.252,17.335
FireSmokeVideoNEW223_f172_jpg.rf.abd51942fd26b9ebc9ca011f2bdbf5e1.jpg,1,1,1.0,0.218,0.006,0.052,2.964,1.142,7.714,0.347,12.857
FireSmokeVideoNEW223_f29_jpg.rf.88d1a44b2b908c080f787711d74266e6.jpg,1,1,1.0,0.316,0.009,0.063,3.273,1.211,8.337,0.316,14.181
FireSmokeVideoNEW223_f3_jpg.rf.0f7e22b3799657901c3dda898e2ced6f.jpg,1,1,1.0,0.201,0.006,0.051,6.174,1.218,7.692,0.318,16.067
FireSmokeVideoNEW223_f74_jpg.rf.e56d1a0e7335349c6503eb813a83aa49.jpg,1,1,0.9976,0.211,0.004,0.049,6.856,3.705,7.652,0.369,19.245
FireSmokeVideoNEW223_f76_jpg.rf.966f9d338b55f99ba8222b889fa60680.jpg,1,1,0.9994,0.251,0.008,0.068,5.463,3.243,8.174,0.252,17.979
FireSmokeVideoNEW225_f1_jpg.rf.a0915ad0745d925ed5df86947f4de0b9.jpg,1,1,1.0,0.328,0.009,0.067,6.071,3.153,11.067,0.387,21.887
FireSmokeVideoNEW225_f3_jpg.rf.a6736de779bdb62129b22cd7987ed4f5.jpg,1,1,1.0,0.209,0.005,0.049,5.36,3.156,15.316,0.413,25.04
FireSmokeVideoNEW225_f5_jpg.rf.d88a1d14607636b2af3b6c973f78a796.jpg,1,1,1.0,0.331,0.01,0.065,4.314,1.218,8.062,0.253,14.874
FireSmokeVideoNEW226_f3_jpg.rf.8742a56b8ce97acfc27e30b6b5149246.jpg,1,1,1.0,0.325,0.01,0.064,2.737,0.951,7.618,0.381,12.502
FireSmokeVideoNEW226_f5_jpg.rf.ed64fa15bd532f9262728f714137fa40.jpg,1,1,1.0,0.317,0.009,0.064,3.9,1.69,8.245,0.259,14.988
FireSmokeVideoNEW227_f119_jpg.rf.0a667ed3b2ab7d75b77066dcff52cb45.jpg,1,1,1.0,0.212,0.006,0.047,5.054,3.767,8.277,0.224,17.983
FireSmokeVideoNEW227_f181_jpg.rf.52ab9937a5eed31239256aa34cf4aab9.jpg,1,1,1.0,0.204,0.006,0.044,5.842,1.337,8.349,0.238,16.51
FireSmokeVideoNEW227_f194_jpg.rf.1d83c4122e530376e476d3ea6c377052.jpg,1,1,1.0,0.208,0.006,0.046,2.271,0.913,7.23,0.239,11.303
FireSmokeVideoNEW227_f206_jpg.rf.8191ea57c6e942583d723636e7bdd453.jpg,1,1,0.9999,0.203,0.005,0.045,2.171,1.002,7.181,0.247,11.22
FireSmokeVideoNEW227_f31_jpg.rf.476c57cd23743575f218662b0dbeeb6e.jpg,1,1,1.0,0.201,0.006,0.047,2.905,0.914,7.468,0.358,12.299
FireSmokeVideoNEW227_f59_jpg.rf.ae215379798f91806d993c47bd17dc01.jpg,1,1,1.0,0.203,0.006,0.046,2.182,0.91,7.148,0.243,11.083
FireSmokeVideoNEW227_f88_jpg.rf.de74bcfbfa667d7c96f39310c92128a6.jpg,1,1,1.0,0.239,0.006,0.046,2.143,0.899,7.159,0.239,11.116
FireSmokeVideoNEW229_f0_jpg.rf.744e23aefbdcb714c5dcfb90ea3a87fd.jpg,1,1,1.0,0.204,0.005,0.045,5.229,3.624,14.845,0.247,24.861
FireSmokeVideoNEW229_f101_jpg.rf.43d321f3b24853a59f9ceacef569f549.jpg,1,1,1.0,0.205,0.007,0.051,8.33,4.297,8.361,0.258,22.054
FireSmokeVideoNEW229_f110_jpg.rf.b400adef17228b944c94c9b9d09174b3.jpg,1,1,1.0,0.203,0.006,0.07,7.261,4.508,8.144,0.239,20.949
FireSmokeVideoNEW229_f136_jpg.rf.1c40c355e04cffe2494a54b84170094f.jpg,1,1,1.0,0.211,0.006,0.045,2.423,0.903,7.675,0.332,11.989
FireSmokeVideoNEW229_f143_jpg.rf.9b6eac650896f72356521e3b056d28b1.jpg,1,1,1.0,0.322,0.01,0.062,3.431,1.169,8.063,0.243,13.777
FireSmokeVideoNEW229_f190_jpg.rf.cebc8de881dc229c1045ee796412977f.jpg,1,1,1.0,0.205,0.005,0.047,4.586,3.033,8.588,0.214,17.056
FireSmokeVideoNEW229_f197_jpg.rf.5ec1307ec070f7627ed9b0e2422276c1.jpg,1,1,1.0,0.321,0.01,0.059,5.072,3.25,7.178,0.246,16.504
FireSmokeVideoNEW229_f204_jpg.rf.a9070952b4d2a98f9cd1205187bcb2e8.jpg,1,1,1.0,0.199,0.006,0.044,3.969,2.052,9.346,0.25,16.269
FireSmokeVideoNEW229_f2_jpg.rf.4fe9df5e39295b817431d6d30db26ffe.jpg,1,1,1.0,0.212,0.005,0.048,2.166,0.98,7.163,0.299,11.224
FireSmokeVideoNEW229_f3_jpg.rf.bd4422d257a9a966fd114bfe183a27c2.jpg,1,1,1.0,0.205,0.006,0.045,2.431,1.205,8.174,0.258,12.723
FireSmokeVideoNEW229_f49_jpg.rf.8318dd0ac0d9fa11a18582f419ac9805.jpg,1,1,1.0,0.24,0.005,0.047,2.426,0.918,7.081,0.229,11.31
FireSmokeVideoNEW229_f62_jpg.rf.c42da118ef779db6a6e880592daf2cd9.jpg,1,1,1.0,0.207,0.006,0.047,2.804,0.918,7.479,0.348,12.206
FireSmokeVideoNEW229_f76_jpg.rf.28d89efca31c4680197dcf15151316e4.jpg,1,1,1.0,0.205,0.006,0.047,2.107,1.01,7.116,0.236,11.077
FireSmokeVideoNEW229_f87_jpg.rf.fa7b1ae50d2aa2b99fc795483c246ec9.jpg,1,1,1.0,0.204,0.006,0.048,2.129,1.777,8.705,0.34,13.587
FireSmokeVideoNEW229_f92_jpg.rf.eb9c93d702c830a9ef174e45e6dc51c6.jpg,1,1,1.0,0.201,0.006,0.044,3.979,1.007,7.427,0.356,13.413
FireSmokeVideoNEW229_f9_jpg.rf.9eb7fa13a6b22e2e57b2d0b12dd7a4ed.jpg,1,1,1.0,0.209,0.005,0.047,6.071,4.122,12.712,0.269,23.952
FireSmokeVideoNEW22_f2_jpg.rf.5afaf3ae732bc8f876a9a4472b83d758.jpg,1,1,1.0,0.306,0.009,0.061,3.271,1.168,7.231,0.232,12.695
FireSmokeVideoNEW22_f4_jpg.rf.203f7831badeb4e02951fe9665c7f685.jpg,1,1,1.0,0.312,0.009,0.056,2.647,0.783,7.696,0.36,12.239
FireSmokeVideoNEW230_f1_jpg.rf.92be5e622a84e8eeda101de1d8b6f006.jpg,1,1,1.0,0.369,0.009,0.061,2.647,1.675,8.189,0.24,13.687
FireSmokeVideoNEW230_f2_jpg.rf.b516a23e0ee4265b82e9c124ae5403e7.jpg,1,1,1.0,0.294,0.01,0.06,4.097,1.003,7.449,0.348,13.649
FireSmokeVideoNEW230_f3_jpg.rf.eb9208f420689ab949ebbd9d144630f7.jpg,1,1,1.0,0.202,0.005,0.045,2.141,1.005,7.75,0.348,11.87
FireSmokeVideoNEW231_f13_jpg.rf.7eda31debd5ace8bf178efb2d8eee062.jpg,1,1,1.0,0.203,0.005,0.047,5.029,3.51,8.121,0.354,17.65
FireSmokeVideoNEW231_f18_jpg.rf.e12984d2a281af25030f7fc539b979ff.jpg,1,1,1.0,0.208,0.006,0.08,2.513,0.926,7.205,0.281,11.584
FireSmokeVideoNEW231_f3_jpg.rf.ac0fdc2f62e6f6f0fe35fadafd65eea3.jpg,1,1,1.0,0.214,0.006,0.049,5.124,3.16,12.358,0.256,21.694
FireSmokeVideoNEW231_f8_jpg.rf.5a73d4cdd0134ebf3f0eccf6435271ba.jpg,1,1,1.0,0.331,0.008,0.061,4.525,3.658,11.06,0.245,20.411
FireSmokeVideoNEW232_f10_jpg.rf.5d4a0d582228afc4599a8941859c79ec.jpg,1,1,0.9979,0.544,0.006,0.049,6.005,4.163,8.123,0.241,19.683
FireSmokeVideoNEW232_f12_jpg.rf.b5ec45b788bf7591660aeb1c7e7a6c5c.jpg,1,1,0.9968,0.206,0.006,0.047,4.085,1.005,7.174,0.242,13.161
FireSmokeVideoNEW232_f1_jpg.rf.088b08a0eb2f4470fd648ce9722d4817.jpg,1,1,0.9997,0.247,0.006,0.048,4.067,1.205,7.166,0.285,13.398
FireSmokeVideoNEW232_f21_jpg.rf.271771bf62fffe17129aabb112008ce5.jpg,1,1,1.0,0.206,0.006,0.046,3.891,1.021,7.127,0.23,12.906
FireSmokeVideoNEW232_f26_jpg.rf.a179bf547e32adc65897235b8a4e5092.jpg,1,1,0.9751,0.203,0.006,0.044,4.528,2.708,7.545,0.712,16.248
FireSmokeVideoNEW232_f30_jpg.rf.5d755a93dca770aa7d77d49325fcd350.jpg,1,1,0.9987,0.211,0.006,0.048,9.876,5.863,14.96,0.259,31.796
FireSmokeVideoNEW232_f36_jpg.rf.9859fadb31bedf2c1e47c6fd901a5437.jpg,1,1,0.9839,0.21,0.006,0.05,5.641,0.989,7.804,0.355,15.457
FireSmokeVideoNEW232_f3_jpg.rf.515f75a19104a63f84b9cd97feac0292.jpg,1,1,0.9997,0.207,0.005,0.05,5.301,1.495,8.403,0.348,16.338
FireSmokeVideoNEW232_f46_jpg.rf.d6cb8a4fe0485699a61fcae6ce80714a.jpg,1,1,0.9994,0.286,0.006,0.047,3.855,0.971,9.397,0.338,15.386
FireSmokeVideoNEW232_f4_jpg.rf.37ee1d28f781085cffebace064f9a3b5.jpg,1,1,0.9986,0.31,0.007,0.065,6.025,1.214,7.534,0.23,15.888
FireSmokeVideoNEW232_f51_jpg.rf.f3ab61a78ed50f6db8ee33583eadf077.jpg,1,1,0.9982,0.314,0.008,0.057,4.048,1.207,8.141,0.233,14.492
FireSmokeVideoNEW232_f57_jpg.rf.00352eb95e89173e199ffe02e0a77b79.jpg,1,1,0.9833,0.325,0.008,0.062,6.607,3.169,10.521,0.396,21.473
FireSmokeVideoNEW232_f67_jpg.rf.33421177bbf4e5f31db002f6457f2f1d.jpg,1,1,0.999,0.209,0.005,0.047,10.189,3.975,9.197,0.249,24.27
FireSmokeVideoNEW232_f6_jpg.rf.381e2ade01fd02959728a4fdac8d582a.jpg,1,1,0.9988,0.345,0.008,0.073,6.888,1.41,7.974,0.234,17.436
FireSmokeVideoNEW232_f71_jpg.rf.512281df1df5bc0c90e3b7ac8b428316.jpg,1,1,0.9988,0.243,0.004,0.04,4.39,1.004,7.57,0.379,14.031
FireSmokeVideoNEW232_f75_jpg.rf.8de3236d482920e837e8d8b678a5931c.jpg,1,1,0.9997,0.318,0.01,0.059,5.71,2.735,10.537,0.368,20.246
FireSmokeVideoNEW232_f9_jpg.rf.87ebed201de152bbc4b07674c43088f9.jpg,1,1,0.9999,0.2,0.005,0.045,8.1,3.269,7.502,0.256,19.883
FireSmokeVideoNEW234_f127_jpg.rf.005a291196ed53f9e596dc27892d8242.jpg,1,1,1.0,0.323,0.011,0.07,5.359,3.056,7.459,0.283,17.158
FireSmokeVideoNEW234_f3_jpg.rf.1c10021a15131173ab90792084ae1ea2.jpg,1,1,1.0,0.313,0.01,0.067,4.551,4.089,9.767,0.395,19.746
FireSmokeVideoNEW234_f4_jpg.rf.544cdf7ddb8c01ea0161540b395cc399.jpg,1,1,1.0,0.202,0.007,0.046,4.313,3.264,8.995,0.416,17.639
FireSmokeVideoNEW234_f55_jpg.rf.e5dd649df426ba0b01e4c6d963216033.jpg,1,1,1.0,0.312,0.009,0.063,4.505,1.788,8.45,0.379,16.036
FireSmokeVideoNEW234_f5_jpg.rf.ea5d1c26f102f98da6cf96bd2b6f891b.jpg,1,1,1.0,0.314,0.009,0.065,2.866,1.242,8.047,0.246,13.267
FireSmokeVideoNEW236_f10_jpg.rf.240f95d69f9989a861a046d9172c6a3b.jpg,1,1,1.0,0.31,0.009,0.06,4.141,1.4,7.383,0.35,14.06
FireSmokeVideoNEW236_f12_jpg.rf.3da857e1bd4ac6513237ae4ff40cbc33.jpg,1,1,1.0,0.208,0.006,0.047,3.928,0.992,7.34,0.339,13.332
FireSmokeVideoNEW236_f14_jpg.rf.f0ca6c82bcddcc9feb9bc9028a68b120.jpg,1,1,1.0,0.213,0.007,0.048,6.204,0.983,7.699,0.356,15.928
FireSmokeVideoNEW236_f21_jpg.rf.754a675026bcab92408959bfb9e6fcc3.jpg,1,1,1.0,0.213,0.006,0.049,4.735,1.64,11.851,0.756,19.642
FireSmokeVideoNEW236_f3_jpg.rf.42bc417b828648ccddb4878d88cd314a.jpg,1,1,1.0,0.518,0.006,0.053,5.578,4.156,7.91,0.227,18.967
FireSmokeVideoNEW236_f5_jpg.rf.cc8e7b2f8bdb3e0cec2a0ff51fa28c17.jpg,1,1,1.0,0.316,0.01,0.066,3.959,1.16,7.611,0.396,13.966
FireSmokeVideoNEW236_f7_jpg.rf.bd6635dce83880a7113817e083b78be5.jpg,1,1,0.9999,0.223,0.006,0.053,4.081,1.133,8.414,0.366,14.708
FireSmokeVideoNEW236_f9_jpg.rf.168ae9734bfc501bc6d238f8d2f724d8.jpg,1,1,1.0,0.201,0.006,0.047,5.2,1.013,7.723,0.366,15.019
FireSmokeVideoNEW240_f20_jpg.rf.8a6467c957e8c386af2b27d0d934c050.jpg,1,1,0.9734,0.207,0.006,0.047,4.008,3.1,7.18,0.234,15.147
FireSmokeVideoNEW242_f16_jpg.rf.cb5a984c234f69549bd7d8916ecc738a.jpg,1,1,0.9793,0.21,0.007,0.048,4.154,3.403,7.226,0.247,15.679
FireSmokeVideoNEW242_f20_jpg.rf.350ae6f9f4cfaf34dac57b430bf38bd5.jpg,1,1,1.0,0.209,0.006,0.048,7.623,6.138,13.42,0.263,28.281
FireSmokeVideoNEW242_f24_jpg.rf.4f1770fc700b14899ba1bfbb6afbd478.jpg,1,1,1.0,0.244,0.005,0.047,6.842,1.073,7.207,0.245,16.061
FireSmokeVideoNEW242_f26_jpg.rf.683758f071668ddaa0024a468c60f9a7.jpg,1,1,0.9996,0.302,0.009,0.06,4.399,0.977,7.409,0.33,13.893
FireSmokeVideoNEW242_f28_jpg.rf.300cfcb4673b58751e0aaa9c40dd0817.jpg,1,1,0.9998,0.336,0.01,0.66,4.689,1.262,7.829,0.244,15.556
FireSmokeVideoNEW242_f2_jpg.rf.e0fe0c90866be603ef3ea3115d07ae53.jpg,1,1,1.0,0.203,0.006,0.05,2.722,0.964,7.188,0.236,11.758
FireSmokeVideoNEW242_f37_jpg.rf.942cd9e3807e9de01255872d9810dc8e.jpg,1,1,1.0,0.198,0.006,0.051,3.243,1.453,7.175,0.244,12.784
FireSmokeVideoNEW242_f39_jpg.rf.ed7e340bb514103b25521a6342b6d0b8.jpg,1,1,1.0,0.206,0.006,0.05,3.179,0.963,7.116,0.223,12.131
FireSmokeVideoNEW242_f42_jpg.rf.9ef35700b7eefb3f791a6601099ee8d7.jpg,1,1,1.0,0.207,0.006,0.045,3.126,0.983,7.248,0.274,12.276
FireSmokeVideoNEW242_f5_jpg.rf.0862f86903811d26c50e14ae697a7bf3.jpg,1,1,1.0,0.209,0.005,0.044,4.81,5.586,10.883,0.255,22.227
FireSmokeVideoNEW243_f0_jpg.rf.b8ae4899a18f07d0cf66c78b3c5a1dd8.jpg,1,1,1.0,0.206,0.007,0.048,2.555,1.087,8.344,0.329,12.981
FireSmokeVideoNEW243_f21_jpg.rf.20e2bc6a567e338cdc5431cdda1b0f9f.jpg,1,1,1.0,0.305,0.01,0.063,2.848,2.111,7.309,0.335,13.411
FireSmokeVideoNEW243_f3_jpg.rf.ecc4982a917b338aff3cd29cfba69f31.jpg,1,1,1.0,0.307,0.009,0.059,3.201,2.121,12.274,0.258,18.611
FireSmokeVideoNEW243_f44_jpg.rf.2eaf38b6d2a398d6af80bfb726fe7216.jpg,1,1,1.0,0.203,0.006,0.047,2.187,1.075,9.093,0.246,13.243
FireSmokeVideoNEW243_f46_jpg.rf.dc718cf285258cfab125d30992916958.jpg,1,1,0.9932,0.205,0.005,0.044,4.828,3.55,8.165,0.239,17.554
FireSmokeVideoNEW243_f5_jpg.rf.1b86ff64ad83437c640195f462e17ed9.jpg,1,1,1.0,0.328,0.01,0.063,3.397,1.668,13.859,0.284,20.115
FireSmokeVideoNEW245_f16_jpg.rf.affac28f81aa47b4cfb3b2e583a5e036.jpg,1,1,1.0,0.216,0.005,0.051,11.0,5.854,14.403,0.41,32.366
FireSmokeVideoNEW245_f18_jpg.rf.5f6fa5ffb536cb4e8ffc333b31b94060.jpg,1,1,1.0,0.349,0.009,0.068,8.362,2.48,8.119,0.248,20.164
FireSmokeVideoNEW245_f20_jpg.rf.8cdc752d89218b5374439c992813db4f.jpg,1,1,1.0,0.332,0.009,0.066,7.591,1.382,7.249,0.349,17.431
FireSmokeVideoNEW245_f22_jpg.rf.e4b0e4d4004a941c1776c3f52bf3b07f.jpg,1,1,1.0,0.4,0.01,0.067,7.288,1.118,7.15,0.23,16.65
FireSmokeVideoNEW245_f24_jpg.rf.b4e0a941b58e1944a9877a4b56f57db0.jpg,1,1,1.0,0.244,0.006,0.045,4.795,1.064,7.141,0.233,13.926
FireSmokeVideoNEW245_f26_jpg.rf.374fcdbd809ab2419a63cbad47609d73.jpg,1,1,1.0,0.303,0.009,0.056,5.238,1.04,9.281,0.35,16.684
FireSmokeVideoNEW245_f42_jpg.rf.7cb91c9b353d357b7d73e73d1396fb02.jpg,1,1,1.0,0.199,0.006,0.044,4.388,1.115,7.126,0.225,13.497
FireSmokeVideoNEW245_f44_jpg.rf.4f3d7c7339919582cdf9f49155ecf2c0.jpg,1,1,1.0,0.22,0.006,0.05,10.967,1.898,12.215,0.46,26.35
FireSmokeVideoNEW245_f46_jpg.rf.9e327caa1e549bd1bc4dc7387238832b.jpg,1,1,1.0,0.198,0.005,0.046,4.072,1.016,7.761,0.321,13.857
FireSmokeVideoNEW245_f48_jpg.rf.e3aa09c11084c01fb7be091002a9e24c.jpg,1,1,1.0,0.336,0.008,0.06,6.823,1.023,7.15,0.226,16.029
FireSmokeVideoNEW245_f50_jpg.rf.98199e99f42af44d74f16f98a0b28755.jpg,1,1,1.0,0.205,0.006,0.046,4.372,1.003,7.14,0.233,13.408
FireSmokeVideoNEW246_f0_jpg.rf.d0e9845d36bb6879808a62992a781c24.jpg,1,1,1.0,0.204,0.006,0.044,2.586,1.406,7.142,0.221,11.98
FireSmokeVideoNEW246_f101_jpg.rf.f7312a11e1f33c0f810c995e6172f5f9.jpg,1,1,1.0,0.211,0.005,0.045,2.549,0.953,7.157,0.224,11.522
FireSmokeVideoNEW246_f114_jpg.rf.c54ecf66c9dfabaa65bdc3348dd4649f.jpg,1,1,0.9949,0.205,0.006,0.042,2.404,1.309,7.157,0.224,11.752
FireSmokeVideoNEW246_f116_jpg.rf.0797530111fe7468dfb6e65ad1f61c49.jpg,1,1,0.6509,0.207,0.006,0.044,3.825,3.095,9.029,0.293,16.983
FireSmokeVideoNEW246_f118_jpg.rf.4aa48d18f215cee5d04f5c081db094b0.jpg,1,1,0.9238,0.205,0.006,0.048,2.345,0.981,7.177,0.227,11.371
FireSmokeVideoNEW246_f120_jpg.rf.9a867e176f5c7410d35704589b5f0dd6.jpg,1,1,0.9535,0.217,0.006,0.045,2.379,0.993,7.136,0.237,11.396
FireSmokeVideoNEW246_f122_jpg.rf.9ecff2c111b84f25d3a4dfb2e8316c54.jpg,1,1,0.8369,0.237,0.007,0.047,2.237,0.982,7.185,0.234,11.305
FireSmokeVideoNEW246_f17_jpg.rf.4ceac16aeb284b22058948b39bf7f4f3.jpg,1,1,0.9998,0.213,0.004,0.046,3.235,1.023,7.127,0.227,12.258
FireSmokeVideoNEW246_f19_jpg.rf.e5b92864cd4980b8843bf3d0457fe64c.jpg,1,1,1.0,0.21,0.005,0.043,2.478,0.981,7.172,0.224,11.508
FireSmokeVideoNEW246_f20_jpg.rf.390c45f2c210996a34c511ad185f53ed.jpg,1,1,1.0,0.235,0.005,0.044,2.543,1.626,7.11,0.264,12.232
FireSmokeVideoNEW246_f22_jpg.rf.ffde6341071f98a83e38a27464a91568.jpg,1,1,0.9969,0.208,0.005,0.042,2.587,1.102,7.029,0.299,11.656
FireSmokeVideoNEW246_f24_jpg.rf.0e0a9f1b7656b23975c740c3db802d52.jpg,1,1,1.0,0.198,0.005,0.048,2.912,5.07,7.607,0.445,16.704
FireSmokeVideoNEW246_f29_jpg.rf.56c1b326a697c030a3632d8e1a2d0008.jpg,1,1,1.0,0.213,0.006,0.048,4.796,1.089,8.919,0.354,15.844
FireSmokeVideoNEW246_f30_jpg.rf.fb8251d2bfa3ad8e70741296130d2d7b.jpg,1,1,1.0,0.329,0.009,0.061,3.887,1.734,7.253,0.236,14.024
FireSmokeVideoNEW246_f39_jpg.rf.7f1e78c38f1141225244982c4bf3fd90.jpg,1,1,0.9999,0.202,0.005,0.047,8.205,2.471,11.014,0.278,22.768
FireSmokeVideoNEW246_f40_jpg.rf.ce1cd9a166466167c408fafad05fcb5c.jpg,1,1,1.0,0.208,0.006,0.05,4.315,1.035,7.176,0.23,13.515
FireSmokeVideoNEW246_f45_jpg.rf.2bef0d7bfd03bcc11349ab63c01e0354.jpg,1,1,1.0,0.238,0.005,0.047,3.778,1.069,7.148,0.226,12.901
FireSmokeVideoNEW246_f47_jpg.rf.d3ae86391f56dff6ac7f57a4e501bda8.jpg,1,1,0.9998,0.207,0.005,0.047,4.134,1.04,7.113,0.227,13.169
FireSmokeVideoNEW246_f4_jpg.rf.c4616a4f53c69b437bf5edb23eb58402.jpg,1,1,1.0,0.207,0.006,0.046,2.481,1.003,7.125,0.238,11.486
FireSmokeVideoNEW246_f54_jpg.rf.8342f7d2be3363c8e0242c7121d8fc0d.jpg,1,1,0.9692,0.208,0.006,0.049,8.17,4.475,10.235,0.303,24.005
FireSmokeVideoNEW246_f65_jpg.rf.3aae2c8595fe047d0b9031e3b5804f5e.jpg,1,1,0.9907,0.21,0.005,0.047,3.871,1.009,7.167,0.237,12.949
FireSmokeVideoNEW246_f67_jpg.rf.c522f7d025f759951024d1f5ce536e60.jpg,1,1,1.0,0.305,0.005,0.048,3.186,0.991,7.209,0.24,12.378
FireSmokeVideoNEW246_f8_jpg.rf.68b2fb62abf6411d6f639c1c3f5aa3bb.jpg,1,1,1.0,0.206,0.007,0.047,2.434,1.032,7.12,0.233,11.461
FireSmokeVideoNEW246_f97_jpg.rf.dd9b7749d48aa0f976dbcaf5e75e8bf0.jpg,1,1,0.9999,0.206,0.006,0.049,2.344,0.971,7.891,0.233,12.086
FireSmokeVideoNEW246_f99_jpg.rf.02bf10f60d8b1a6ba82b5e928bfb273e.jpg,1,1,0.9905,0.207,0.006,0.047,2.474,0.951,7.124,0.263,11.452
FireSmokeVideoNEW249_f10_jpg.rf.a2031c818c873a4ac0b754042c9ea482.jpg,1,0,0.5858,0.2,0.006,0.045,2.34,0.944,7.113,0.252,11.282
FireSmokeVideoNEW24_f13_jpg.rf.a317f2d56bcda94cb97cf62436f5d32e.jpg,1,1,1.0,0.202,0.006,0.048,2.211,1.031,7.151,0.233,11.274
FireSmokeVideoNEW24_f1_jpg.rf.d3ad263d294b1aede3fbfd33d485dba6.jpg,1,1,1.0,0.216,0.006,0.047,4.69,1.018,9.454,0.303,16.117
FireSmokeVideoNEW24_f22_jpg.rf.7f2bc9a4785440e0b6e6daeb772b302b.jpg,1,1,1.0,0.208,0.006,0.052,2.408,0.957,7.077,0.242,11.341
FireSmokeVideoNEW24_f33_jpg.rf.e5e6458494b5dbafef0058c958cb959a.jpg,1,1,0.9981,0.205,0.006,0.047,2.277,0.96,8.254,0.242,12.373
FireSmokeVideoNEW24_f44_jpg.rf.5d0c9c22217efd669f0695827497572d.jpg,1,1,1.0,0.207,0.006,0.046,4.28,3.027,7.2,0.24,15.416
FireSmokeVideoNEW24_f46_jpg.rf.c1d942063e9aca880d77b7dd545a5754.jpg,1,1,1.0,0.211,0.005,0.048,2.61,0.954,7.192,0.241,11.636
FireSmokeVideoNEW24_f48_jpg.rf.a1812b35fbd4431cc4c85c94ad816d49.jpg,1,1,1.0,0.209,0.006,0.049,2.251,1.897,6.993,0.225,12.013
FireSmokeVideoNEW24_f54_jpg.rf.d96142ba5f27258066adecb90de272ec.jpg,1,1,1.0,0.211,0.007,0.046,7.535,1.172,8.343,0.355,18.184
FireSmokeVideoNEW24_f60_jpg.rf.f1ebdc880e1bcc91aee58222f268ee0e.jpg,1,1,1.0,0.207,0.006,0.047,3.599,0.979,7.176,0.312,12.718
FireSmokeVideoNEW24_f63_jpg.rf.03c49f969686c385e069b9113c736d19.jpg,1,1,1.0,0.212,0.006,0.046,4.597,6.005,16.642,0.268,28.423
FireSmokeVideoNEW24_f70_jpg.rf.9a86d6dfad0e79a67ae55ed6416ec3ff.jpg,1,1,1.0,0.207,0.005,0.048,3.345,0.989,7.73,0.343,13.086
FireSmokeVideoNEW24_f72_jpg.rf.beaf6a0d618ec48746c39d88d1b289df.jpg,1,1,1.0,0.206,0.006,0.048,2.457,0.945,7.264,0.227,11.536
FireSmokeVideoNEW24_f76_jpg.rf.686e1c1de85c5e1ad3d7b5e275d2df54.jpg,1,1,0.9999,0.207,0.006,0.049,2.73,0.975,7.212,0.228,11.798
FireSmokeVideoNEW24_f78_jpg.rf.f8c4a179f08b28b3aacca29ac9c92cb4.jpg,1,1,0.9995,0.212,0.006,0.045,2.561,1.015,7.126,0.237,11.586
FireSmokeVideoNEW251_f10_jpg.rf.541400866b2aba579bcdb76caf3a338f.jpg,1,1,1.0,0.2,0.006,0.045,5.701,1.222,7.136,0.24,14.941
FireSmokeVideoNEW251_f12_jpg.rf.85d3ad499d374561971f57ad4d079829.jpg,1,1,1.0,0.208,0.006,0.047,2.679,0.973,7.261,0.255,11.813
FireSmokeVideoNEW251_f16_jpg.rf.3285e689765e3107919d3c071ee9fb45.jpg,1,1,1.0,0.268,0.006,0.049,3.578,3.078,7.513,0.398,15.294
FireSmokeVideoNEW251_f22_jpg.rf.e3d9c6fa41b8c234dbfa87f3e606bf26.jpg,1,1,1.0,0.212,0.006,0.049,3.337,0.989,7.526,0.238,12.748
FireSmokeVideoNEW251_f24_jpg.rf.72c1196ed7ec56e7fc95cf7d41b8c8b2.jpg,1,1,1.0,0.212,0.005,0.046,3.07,0.995,7.202,0.236,12.146
FireSmokeVideoNEW251_f26_jpg.rf.4956eee32e27e79472637f03db427864.jpg,1,1,1.0,0.215,0.006,0.05,2.691,1.256,7.209,0.235,12.053
FireSmokeVideoNEW251_f28_jpg.rf.d5d77d1341fdd95d00017d860d86835d.jpg,1,1,0.9999,0.588,0.01,0.065,5.249,1.094,7.216,0.233,14.841
FireSmokeVideoNEW251_f2_jpg.rf.207660a329cb32e71b591d7620e9d6ee.jpg,1,1,1.0,0.22,0.005,0.048,2.272,1.608,7.132,0.269,11.932
FireSmokeVideoNEW251_f34_jpg.rf.0b6f0a94d30e437f2f6d8c1a90f96a78.jpg,1,1,0.9999,0.245,0.005,0.05,4.692,1.017,9.245,0.244,15.89
FireSmokeVideoNEW251_f5_jpg.rf.57893ff66f5d16c89cbb35a5a9b62725.jpg,1,1,0.9737,0.219,0.006,0.051,2.42,0.955,7.178,0.25,11.45
FireSmokeVideoNEW251_f9_jpg.rf.249d7624c6fa363d9e41b0ab9a2f6327.jpg,1,1,1.0,0.242,0.005,0.051,11.964,5.394,13.681,0.276,32.175
FireSmokeVideoNEW252_f1_jpg.rf.644c06965eca5f3b556450ea37c27747.jpg,1,1,0.9998,0.328,0.01,0.065,4.819,1.328,7.682,0.252,15.012
FireSmokeVideoNEW252_f45_jpg.rf.8b98db927ef78395da9058306d193102.jpg,1,1,0.9996,0.207,0.006,0.05,3.338,1.055,6.951,0.237,12.239
FireSmokeVideoNEW252_f51_jpg.rf.4751e1373246d5bc57295ba7ff6965bd.jpg,1,1,1.0,0.294,0.008,0.06,4.206,1.57,7.197,0.252,14.029
FireSmokeVideoNEW252_f59_jpg.rf.93fdff5fc44a03cfb24372111bb816c8.jpg,1,1,1.0,0.208,0.006,0.047,4.684,0.988,7.287,0.242,13.866
FireSmokeVideoNEW252_f64_jpg.rf.68fa95b9f56388067421607a368cef2d.jpg,1,1,1.0,0.202,0.006,0.048,4.114,1.191,7.19,0.225,13.387
FireSmokeVideoNEW253_f39_jpg.rf.fb9a239e13210f3ebef4f597588b23fb.jpg,1,1,1.0,0.207,0.005,0.048,3.068,1.084,7.094,0.233,12.186
FireSmokeVideoNEW253_f43_jpg.rf.5a5f91862546726da846953d1f07eb8f.jpg,1,1,0.9999,0.24,0.005,0.046,4.365,4.76,11.18,0.381,21.53
FireSmokeVideoNEW253_f46_jpg.rf.91995eb662334f3d0957cfc515200e44.jpg,1,1,0.9999,0.208,0.005,0.047,4.673,0.837,9.868,0.381,16.393
FireSmokeVideoNEW253_f48_jpg.rf.6a0d36ab045606a51acb516450eb9504.jpg,1,1,0.9987,0.301,0.009,0.061,2.687,1.013,7.253,0.238,11.934
FireSmokeVideoNEW253_f54_jpg.rf.a6475322dd9c9981224c709b6eeb3ce5.jpg,1,1,0.9996,0.307,0.008,0.06,2.963,0.915,7.459,0.36,12.448
FireSmokeVideoNEW253_f64_jpg.rf.1f4f74a5249319102992373b86580c22.jpg,1,1,0.9996,0.322,0.009,0.123,3.417,1.276,8.395,0.373,14.413
FireSmokeVideoNEW253_f98_jpg.rf.730180c169cd3489387a9a5b99952692.jpg,1,1,0.9999,0.323,0.01,0.066,2.696,1.82,8.048,0.251,13.701
FireSmokeVideoNEW256_f0_jpg.rf.21175534bf39e57aee851b1de13350d0.jpg,1,1,1.0,0.207,0.005,0.047,2.181,1.003,7.14,0.227,11.173
FireSmokeVideoNEW256_f11_jpg.rf.40e24a1aeae73281869326a117cf44fe.jpg,1,1,1.0,0.212,0.005,0.046,5.592,4.376,12.969,0.274,24.092
FireSmokeVideoNEW256_f1_jpg.rf.8866be7cbb0dcf462762bd4d392d77d9.jpg,1,1,1.0,0.308,0.009,0.064,3.172,0.985,7.79,0.385,13.174
FireSmokeVideoNEW256_f2_jpg.rf.419b43a44c0f7b085c92185c2c0537c9.jpg,1,1,1.0,0.205,0.006,0.048,2.571,1.677,8.103,0.239,13.342
FireSmokeVideoNEW256_f32_jpg.rf.5ed2d90bbe733c00b9a37b8ad56b0333.jpg,1,1,1.0,0.332,0.009,0.069,3.139,1.966,7.739,0.223,13.986
FireSmokeVideoNEW257_f11_jpg.rf.5f8927b60d1a6891efd7e858e8c3e0e1.jpg,1,1,0.9973,0.211,0.005,0.049,2.514,0.939,9.117,0.242,13.457
FireSmokeVideoNEW257_f18_jpg.rf.0f9cc808c8589d3b56f736680007c7fb.jpg,1,1,0.9989,0.203,0.006,0.045,2.326,0.935,7.175,0.23,11.297
FireSmokeVideoNEW257_f23_jpg.rf.abe3a8bff303926969f378051c208a6a.jpg,1,1,0.9999,0.312,0.01,0.059,2.308,0.947,7.186,0.236,11.433
FireSmokeVideoNEW257_f25_jpg.rf.620dc89a7a566a25516b88b2f10d7799.jpg,1,1,0.9999,0.21,0.005,0.048,2.22,1.302,7.25,0.248,11.681
FireSmokeVideoNEW257_f27_jpg.rf.4438354a029a07cdaccb869873ce4ca1.jpg,1,1,0.9999,0.209,0.005,0.049,6.479,7.423,12.409,0.276,27.544
FireSmokeVideoNEW257_f31_jpg.rf.b6e6b11163061d79f0c2f50fde34e92e.jpg,1,1,0.9996,0.329,0.01,0.067,6.288,1.533,7.884,0.244,16.866
FireSmokeVideoNEW257_f7_jpg.rf.b4c190057546d32b72d7e04d2cbc9f8a.jpg,1,1,0.9999,0.204,0.005,0.047,2.277,0.947,7.807,0.336,12.013
FireSmokeVideoNEW25_f13_jpg.rf.2eaa5308c6c538b5b25f2039317fa207.jpg,1,0,0.7706,0.251,0.007,0.048,3.249,1.035,10.037,0.278,15.306
FireSmokeVideoNEW25_f19_jpg.rf.3549bcf35fc1e41c3fdb36e564e72210.jpg,1,1,0.9763,0.207,0.006,0.074,2.541,0.956,7.199,0.238,11.617
FireSmokeVideoNEW25_f22_jpg.rf.8ef2c5ee7dfc6ff95cf68469c972af1f.jpg,1,1,0.7069,0.207,0.006,0.044,2.17,0.945,7.221,0.241,11.21
FireSmokeVideoNEW25_f24_jpg.rf.d978d587fd47ec7589cdb39d1324f4a7.jpg,1,1,0.7849,0.201,0.006,0.046,2.561,1.067,7.214,0.249,11.733
FireSmokeVideoNEW25_f42_jpg.rf.854b871d2bcc068818b226711357d71b.jpg,1,1,0.9999,0.215,0.006,0.049,6.699,7.279,14.185,0.426,29.754
FireSmokeVideoNEW25_f46_jpg.rf.8f3b7c6178fdc60fd3d3c4bafc1664c1.jpg,1,1,0.9632,0.392,0.011,0.062,4.72,1.001,7.084,0.237,13.893
FireSmokeVideoNEW264_f49_jpg.rf.e734114878cd20b393cf439ae4b015fb.jpg,1,1,1.0,0.215,0.005,0.05,2.166,1.102,7.137,0.238,11.3
FireSmokeVideoNEW264_f76_jpg.rf.569a3bae734fc779f72fbf6ed5099965.jpg,1,1,1.0,0.207,0.005,0.047,2.326,1.011,10.063,0.286,14.336
FireSmokeVideoNEW266_f107_jpg.rf.02faea8858fe3f87b8063f0604604b84.jpg,1,1,1.0,0.202,0.006,0.045,2.214,1.031,7.611,0.236,11.722
FireSmokeVideoNEW266_f113_jpg.rf.0ee13ca7bce52f98cc9d6748dc732777.jpg,1,1,1.0,0.206,0.006,0.045,2.168,1.069,7.098,0.228,11.219
FireSmokeVideoNEW266_f13_jpg.rf.2da8d3951c2ab6db859bba437d172e44.jpg,1,1,1.0,0.24,0.005,0.046,2.181,0.992,7.19,0.243,11.273
FireSmokeVideoNEW266_f178_jpg.rf.4d4fc6e36132f06221b0ed5e4088bc50.jpg,1,1,1.0,0.219,0.006,0.046,7.17,5.688,13.01,0.42,27.137
FireSmokeVideoNEW266_f237_jpg.rf.f82396f9f4b30ea31840dbd51f7a8493.jpg,1,1,1.0,0.209,0.005,0.048,4.949,1.494,15.592,0.614,23.445
FireSmokeVideoNEW266_f39_jpg.rf.77b165a2621221e3075da882a7bdbe99.jpg,1,1,1.0,0.215,0.006,0.048,2.566,1.76,8.6,0.295,13.982
FireSmokeVideoNEW267_f101_jpg.rf.63c35ee1bb4f8e8ba47f672adb8edbd6.jpg,1,1,1.0,0.208,0.007,0.048,2.282,0.941,7.109,0.236,11.207
FireSmokeVideoNEW267_f118_jpg.rf.121e20767c49d77df1b806b2087a27b2.jpg,1,1,1.0,0.315,0.01,0.061,2.425,0.944,7.1,0.226,11.464
FireSmokeVideoNEW267_f121_jpg.rf.e26cd978de539fcea0af98b7ba6fc31f.jpg,1,1,1.0,0.209,0.006,0.047,2.208,0.961,7.16,0.219,11.187
FireSmokeVideoNEW267_f145_jpg.rf.4e25c29571910a8193b1dd547f2ddb9a.jpg,1,1,1.0,0.262,0.006,0.046,2.198,0.941,9.222,0.231,13.291
FireSmokeVideoNEW267_f147_jpg.rf.4ae496d4bbd2b96a928b170a6937b2b8.jpg,1,1,1.0,0.206,0.006,0.047,3.98,4.295,10.962,0.27,20.443
FireSmokeVideoNEW267_f83_jpg.rf.113dd99201cd8e546b69b03c7f7bac4a.jpg,1,1,1.0,0.205,0.005,0.048,2.506,0.996,7.252,0.241,11.649
FireSmokeVideoNEW267_f93_jpg.rf.1646a38a12d2312e7e0e54b4d6f7f497.jpg,1,1,1.0,0.209,0.005,0.047,2.423,1.032,7.181,0.265,11.538
FireSmokeVideoNEW269_f10_jpg.rf.17d96b45a4eac9157520e5aa71774678.jpg,1,1,1.0,0.208,0.005,0.043,2.16,0.929,7.139,0.241,11.141
FireSmokeVideoNEW269_f31_jpg.rf.977449849ee1d1b4cd28604a98013e1b.jpg,1,1,1.0,0.205,0.006,0.047,2.499,0.964,9.214,0.222,13.552
FireSmokeVideoNEW269_f33_jpg.rf.8b38bd9fc843c1946c4c9566fcbcdebe.jpg,1,1,1.0,0.201,0.005,0.043,2.303,0.944,7.127,0.234,11.243
FireSmokeVideoNEW269_f36_jpg.rf.6b45f2c36c902aa2f7a646fac4bd3551.jpg,1,1,1.0,0.204,0.005,0.043,2.631,0.954,7.174,0.233,11.627
FireSmokeVideoNEW269_f45_jpg.rf.3ea593179185b2a02eff432376e589f2.jpg,1,1,1.0,0.21,0.006,0.041,2.243,1.019,7.106,0.23,11.24
FireSmokeVideoNEW269_f61_jpg.rf.6bc5727e306edc11b524c4746860178f.jpg,1,1,0.9999,0.207,0.005,0.043,2.321,0.984,7.202,0.255,11.412
FireSmokeVideoNEW269_f78_jpg.rf.948530e5f32ad9506e4d005519b1fe9a.jpg,1,1,1.0,0.207,0.006,0.046,4.181,3.203,13.872,0.268,22.181
FireSmokeVideoNEW269_f8_jpg.rf.c26651df50fe12ba3103e33a592f4ebb.jpg,1,1,1.0,0.209,0.006,0.047,2.214,1.002,7.191,0.242,11.298
FireSmokeVideoNEW26_f137_jpg.rf.a9ed46e4eace1936121122bbf35a5430.jpg,1,1,1.0,0.203,0.006,0.049,2.8,0.937,7.176,0.234,11.797
FireSmokeVideoNEW26_f139_jpg.rf.ba1b0babc498c22ebaf50c3930711e5b.jpg,1,1,0.9968,0.205,0.005,0.045,2.578,0.947,7.204,0.245,11.614
FireSmokeVideoNEW26_f141_jpg.rf.a5fa0a322501fa9aa5f2c0fab23d79dd.jpg,1,1,0.9998,0.212,0.006,0.05,2.633,1.018,7.155,0.234,11.691
FireSmokeVideoNEW26_f160_jpg.rf.a7025e07062fe6c456bc401c19e0b8cc.jpg,1,1,1.0,0.307,0.006,0.043,2.289,0.949,7.144,0.238,11.34
FireSmokeVideoNEW26_f71_jpg.rf.dc98f99d0595cb8a275c8c9afe655280.jpg,1,1,0.9999,0.308,0.011,0.053,3.051,0.954,7.154,0.235,12.15
FireSmokeVideoNEW26_f73_jpg.rf.a4c7819457d40ffafe8bc3c8b510744c.jpg,1,1,0.9999,0.316,0.009,0.077,6.746,4.357,14.248,0.312,26.815
FireSmokeVideoNEW26_f7_jpg.rf.57f0610ef4fec7f7361b67920ce3281f.jpg,1,1,1.0,0.353,0.009,0.063,2.849,0.934,9.739,0.359,14.738
FireSmokeVideoNEW26_f9_jpg.rf.199dead260e12ae0bf89eeb54cb43bb3.jpg,1,1,1.0,0.32,0.009,0.066,2.853,1.366,8.762,0.397,14.277
FireSmokeVideoNEW274_f22_jpg.rf.02cd1a9e0dfe7bf250bafeb57c2fc46f.jpg,1,1,1.0,0.328,0.01,0.062,3.529,1.167,8.711,0.386,14.713
FireSmokeVideoNEW277_f106_jpg.rf.09d13a0b9f5dae6b37b4df7ad76bc80f.jpg,1,1,1.0,0.313,0.007,0.058,2.74,1.157,7.222,0.241,12.212
FireSmokeVideoNEW277_f112_jpg.rf.5bf0e71562583b311f55ca80b537896a.jpg,1,1,1.0,0.199,0.005,0.045,2.117,1.642,7.448,0.426,12.282
FireSmokeVideoNEW277_f16_jpg.rf.f38d7b7283773e95c837a4a88b043def.jpg,1,1,1.0,0.203,0.006,0.049,2.644,0.994,7.042,0.229,11.534
FireSmokeVideoNEW277_f23_jpg.rf.26a5a9e63a6231703ed81eb83e506ae8.jpg,1,1,1.0,0.204,0.006,0.048,7.55,3.456,13.443,0.253,25.358
FireSmokeVideoNEW277_f2_jpg.rf.6de584ba8f4bf4e8f28b6b12e02fce56.jpg,1,1,0.9999,0.198,0.006,0.05,6.911,1.114,8.966,0.346,18.648
FireSmokeVideoNEW277_f32_jpg.rf.821c4696b6666d1fc23b5e7dea66f891.jpg,1,1,1.0,0.322,0.01,0.063,7.08,1.024,7.386,0.359,16.655
FireSmokeVideoNEW277_f34_jpg.rf.7e70c7a467ae2e47817342d4fb2a0827.jpg,1,1,1.0,0.209,0.005,0.047,4.905,1.354,8.575,0.383,16.126
FireSmokeVideoNEW277_f3_jpg.rf.16feece04ba7228a83655f5a70f1ceba.jpg,1,1,1.0,0.206,0.006,0.048,4.954,0.996,10.511,0.347,17.537
FireSmokeVideoNEW277_f42_jpg.rf.bfa88f7ad8c4a729098ba826f60065bd.jpg,1,1,1.0,0.312,0.008,0.064,3.376,1.234,8.687,0.413,14.595
FireSmokeVideoNEW277_f4_jpg.rf.81c483c3c5d7ba3da0512eb641f4114d.jpg,1,1,1.0,0.314,0.011,0.064,9.17,3.013,7.245,0.237,20.453
FireSmokeVideoNEW277_f54_jpg.rf.8290d81b12f806e3a23c324952744a5e.jpg,1,1,1.0,0.214,0.005,0.049,7.558,3.889,13.439,0.279,25.822
FireSmokeVideoNEW277_f5_jpg.rf.43dfbd60ba2af38be3249f10ec1c6dd2.jpg,1,1,1.0,0.329,0.008,0.065,10.913,1.393,7.625,0.358,21.154
FireSmokeVideoNEW277_f6_jpg.rf.9246e9ca42b4ef5ffa450917955996b2.jpg,1,1,1.0,0.32,0.008,0.07,9.056,1.422,8.219,0.244,19.855
FireSmokeVideoNEW277_f76_jpg.rf.e896d63db2a85b0c36821d3664707386.jpg,1,1,1.0,0.213,0.006,0.049,2.219,0.94,8.02,0.37,12.223
FireSmokeVideoNEW277_f84_jpg.rf.de4caae65922aafc13677ba531cf76c2.jpg,1,1,1.0,0.338,0.01,0.064,2.967,1.158,7.798,0.248,13.081
FireSmokeVideoNEW27_f60_jpg.rf.038ba34328502532e3c1154c93793d2f.jpg,1,1,1.0,0.21,0.006,0.049,3.959,3.197,7.294,0.262,15.373
FireSmokeVideoNEW27_f62_jpg.rf.c1c3a5e618dfc2300dc019930e34b3ae.jpg,1,1,1.0,0.266,0.008,0.071,5.099,1.601,8.162,0.249,15.962
FireSmokeVideoNEW27_f64_jpg.rf.be4a9aaace2c63021410de1caab71d9e.jpg,1,1,1.0,0.303,0.008,0.059,2.248,1.006,7.162,0.244,11.42
FireSmokeVideoNEW27_f66_jpg.rf.22def0fbf44790ff0e2de2bb0c4201b9.jpg,1,1,0.9999,0.211,0.006,0.048,5.162,3.71,8.477,0.344,18.502
FireSmokeVideoNEW29_f10_jpg.rf.8e2833f2331a68683bbe20ec22fccdbd.jpg,1,1,1.0,0.308,0.01,0.058,5.452,1.141,7.328,0.336,15.01
FireSmokeVideoNEW29_f15_jpg.rf.af74892cfd1d8c526d2b6f4807915809.jpg,1,1,0.9999,0.314,0.006,0.059,4.906,2.202,7.205,0.333,15.411
FireSmokeVideoNEW29_f17_jpg.rf.5151a7a20f43e42120cfac986cec2f39.jpg,1,1,1.0,0.296,0.007,0.057,3.171,1.169,7.21,0.226,12.502
FireSmokeVideoNEW29_f25_jpg.rf.2ad0615bf93adcec78cabdaf0440d4c0.jpg,1,1,1.0,0.204,0.006,0.044,4.915,3.154,8.539,0.264,17.637
FireSmokeVideoNEW29_f27_jpg.rf.fdacc6730c826df2ae581d71f2b777bc.jpg,1,1,1.0,0.31,0.01,0.06,6.493,3.643,10.394,0.242,21.544
FireSmokeVideoNEW29_f5_jpg.rf.c884fffd4ce9b1eb0a67f95bafaa8e52.jpg,1,1,1.0,0.212,0.006,0.05,5.115,3.411,7.823,0.458,17.486
FireSmokeVideoNEW31_f0_jpg.rf.8c3177ba1b33003e26ebb311b7ea751a.jpg,1,1,1.0,0.208,0.005,0.047,4.251,3.671,8.119,0.242,17.045
FireSmokeVideoNEW31_f127_jpg.rf.0c2aa3f9cdfa16db038d4b9453ee01d7.jpg,1,1,1.0,0.376,0.009,0.066,5.232,3.261,11.013,0.417,20.87
FireSmokeVideoNEW31_f13_jpg.rf.d1126db2923b8b99a8ba03fe2983f026.jpg,1,1,1.0,0.209,0.006,0.049,5.543,3.864,7.925,0.247,18.337
FireSmokeVideoNEW31_f1_jpg.rf.3c6c950a2ed874683574dfa4d38bd25a.jpg,1,1,1.0,0.363,0.009,0.061,4.791,3.119,7.842,0.362,16.932
FireSmokeVideoNEW31_f27_jpg.rf.d6492c725bf7e3bfe7eed589dc8571a6.jpg,1,1,1.0,0.347,0.011,0.066,6.017,3.306,12.718,0.419,23.273
FireSmokeVideoNEW31_f30_jpg.rf.3dd6e3ba6fb8657caa2190bd9eb22e6f.jpg,1,1,1.0,0.204,0.005,0.047,4.753,3.809,8.654,0.284,18.73
FireSmokeVideoNEW31_f32_jpg.rf.9d38b6dc5b13b67a5546f72b78531e6a.jpg,1,1,1.0,0.212,0.006,0.048,2.418,0.903,7.85,0.365,12.187
FireSmokeVideoNEW31_f40_jpg.rf.3dd823019fe152f2623dc4ef465c1d9d.jpg,1,1,1.0,0.198,0.005,0.048,2.53,1.529,7.159,0.24,12.086
FireSmokeVideoNEW31_f47_jpg.rf.23dcad470ad03987dfae09a9b9edcc7e.jpg,1,1,1.0,0.201,0.004,0.048,2.581,0.951,7.107,0.233,11.499
FireSmokeVideoNEW31_f55_jpg.rf.9f756f8ea534a9ca9aee2b44e730e082.jpg,1,1,1.0,0.2,0.004,0.045,2.367,1.548,7.102,0.246,11.886
FireSmokeVideoNEW31_f67_jpg.rf.a700eaa5299866ede9bbdf9be7b2a56b.jpg,1,1,0.9999,0.205,0.004,0.044,2.439,1.377,6.971,0.252,11.65
FireSmokeVideoNEW31_f86_jpg.rf.d0840f0493b5bd6f596350694d9a3715.jpg,1,1,1.0,0.197,0.004,0.046,2.406,1.441,7.395,0.371,12.234
FireSmokeVideoNEW35_f10_jpg.rf.6594b28e06353a07284e2f3302fb5a0a.jpg,1,1,0.9231,0.21,0.004,0.046,6.72,4.526,10.07,0.257,22.342
FireSmokeVideoNEW35_f118_jpg.rf.12e980bcb7a3263b616167caaf3b29a0.jpg,1,1,0.9972,0.201,0.004,0.045,2.986,0.907,7.085,0.225,11.865
FireSmokeVideoNEW35_f122_jpg.rf.16f0e135a405be407794b5ae549f4301.jpg,1,1,0.9739,0.257,0.005,0.046,4.275,3.379,7.903,0.338,16.628
FireSmokeVideoNEW35_f14_jpg.rf.9822efb7cea5a93c34c4e22be1de699b.jpg,1,1,0.7069,0.199,0.004,0.043,3.723,1.002,7.202,0.234,12.762
FireSmokeVideoNEW35_f173_jpg.rf.deeced22196d23be062cbcc3b4891593.jpg,1,1,0.9999,0.201,0.004,0.045,2.106,1.028,7.089,0.227,11.058
FireSmokeVideoNEW35_f176_jpg.rf.d32791cdd927eee65063b56c6f5aff30.jpg,1,1,0.9999,0.205,0.004,0.045,2.096,0.908,7.144,0.235,11.03
FireSmokeVideoNEW35_f180_jpg.rf.a9be809218a94fed76e493a34764822c.jpg,1,1,0.9997,0.209,0.004,0.045,3.5,1.149,6.96,0.223,12.44
FireSmokeVideoNEW35_f203_jpg.rf.742030bca636ed9683686440d8fadd69.jpg,1,1,0.9999,0.196,0.004,0.045,2.113,0.964,7.183,0.235,11.087
FireSmokeVideoNEW35_f205_jpg.rf.b92e0f9847c66aa6d86bbf0c5a29f079.jpg,1,1,0.9997,0.198,0.003,0.044,4.965,5.927,10.073,0.221,22.005
FireSmokeVideoNEW35_f21_jpg.rf.9fdac7de0ff6d8162b6604963b09ea74.jpg,1,1,0.79,0.314,0.006,0.056,2.635,0.828,7.124,0.248,11.574
FireSmokeVideoNEW35_f23_jpg.rf.d330dabc9f71e0a77eb73bb7d8dc480c.jpg,1,1,0.9998,0.328,0.007,0.062,4.035,3.502,7.16,0.232,15.713
FireSmokeVideoNEW35_f25_jpg.rf.d376bc16debc42e7282a4d7d99fa2698.jpg,1,1,0.9997,0.324,0.006,0.062,3.354,1.193,8.19,0.239,13.849
FireSmokeVideoNEW35_f27_jpg.rf.af038d7b62253e3b66b764f22d5421b4.jpg,1,1,0.9992,0.193,0.004,0.043,2.134,1.041,7.093,0.227,11.09
FireSmokeVideoNEW35_f32_jpg.rf.95311ade1067fa155762509fe0f2bebe.jpg,1,1,0.9971,0.237,0.004,0.046,2.114,0.901,7.176,0.243,11.083
FireSmokeVideoNEW35_f3_jpg.rf.d2060302e4ed461339a3a92d32dfddf4.jpg,1,1,0.8992,0.201,0.004,0.043,3.656,2.997,7.542,0.402,15.229
FireSmokeVideoNEW35_f4_jpg.rf.baf1ef1ca16bdaf535443c5e66bef147.jpg,1,1,0.9974,0.206,0.004,0.046,4.84,4.658,13.382,0.306,23.984
FireSmokeVideoNEW35_f62_jpg.rf.844252b9cbe891df62c59d058ed33588.jpg,1,1,0.9996,0.306,0.007,0.062,4.473,4.028,8.775,0.231,18.254
FireSmokeVideoNEW35_f6_jpg.rf.71fd2e537b6edaf6dc30e29fe1e4d4b3.jpg,1,1,0.9572,0.302,0.006,0.06,4.747,3.67,7.864,0.391,17.445
FireSmokeVideoNEW35_f77_jpg.rf.8a1940b7b15aea1c42fa0dfee03ec40a.jpg,1,1,0.9991,0.2,0.004,0.044,2.383,0.933,7.212,0.247,11.452
FireSmokeVideoNEW35_f81_jpg.rf.9d5e5f6c22b4e9bc17c660a1ada3ca23.jpg,1,1,0.7545,0.31,0.004,0.085,2.646,1.548,7.478,0.352,12.792
FireSmokeVideoNEW35_f87_jpg.rf.db9588772742238059a982e0c1fa6cae.jpg,1,1,0.9926,0.314,0.006,0.06,3.368,1.123,8.251,0.284,13.885
FireSmokeVideoNEW35_f91_jpg.rf.f6da1955af8a14bd82eff3b2d9bfdc45.jpg,1,1,0.9997,0.255,0.004,0.043,2.797,1.009,7.191,0.235,11.906
FireSmokeVideoNEW38_f10_jpg.rf.22df74a0785588255ea78153e2f436b4.jpg,1,1,1.0,0.205,0.004,0.045,5.241,3.586,12.018,0.258,21.736
FireSmokeVideoNEW38_f15_jpg.rf.cb75043ebfbfb8e6ec8c04f58959d20f.jpg,1,1,1.0,0.449,0.006,0.068,4.63,3.627,7.545,0.342,17.066
FireSmokeVideoNEW38_f17_jpg.rf.1646d3035bbf07bf0881df1f4abc2083.jpg,1,1,1.0,0.204,0.004,0.042,4.305,3.431,8.158,0.233,17.446
FireSmokeVideoNEW38_f40_jpg.rf.4c5b5f13191256490df75de68043deaa.jpg,1,1,1.0,0.203,0.004,0.047,4.708,3.215,8.374,0.235,17.853
FireSmokeVideoNEW38_f43_jpg.rf.594a8c02951151bb6211e90cf62c11a4.jpg,1,1,1.0,0.201,0.004,0.044,4.585,2.816,8.5,0.239,16.884
FireSmokeVideoNEW38_f45_jpg.rf.078930b7aca6aff0ed4b6679f6b8451f.jpg,1,1,1.0,0.314,0.005,0.067,5.15,2.068,8.085,0.254,16.495
FireSmokeVideoNEW38_f54_jpg.rf.972eae67925b5ecee5fbfb28c442d8d3.jpg,1,1,1.0,0.317,0.006,0.062,2.892,1.538,8.345,0.356,14.078
FireSmokeVideoNEW38_f7_jpg.rf.c659a9acd380439d08ae6940744107ff.jpg,1,1,1.0,0.311,0.006,0.058,6.123,4.577,10.302,0.432,22.344
FireSmokeVideoNEW3_f15_jpg.rf.1081b06a3c2748d83ac64669856e79b2.jpg,1,1,1.0,0.352,0.004,0.048,4.701,3.963,11.979,0.251,21.801
FireSmokeVideoNEW3_f21_jpg.rf.f724885ceca326978ace0ffda40d9502.jpg,1,1,1.0,0.205,0.004,0.048,2.565,1.306,8.39,0.322,13.428
FireSmokeVideoNEW3_f2_jpg.rf.e60be14df4808f7294fd069c36790326.jpg,1,1,1.0,0.312,0.006,0.065,3.087,1.24,7.365,0.216,12.785
FireSmokeVideoNEW3_f3_jpg.rf.01b4621d8e3194f1d3fbbaeb1cc64806.jpg,1,1,1.0,0.205,0.003,0.045,2.243,1.108,7.156,0.219,11.366
FireSmokeVideoNEW40_f16_jpg.rf.102bef74efdc92efde85b02586cab97f.jpg,1,1,1.0,0.206,0.004,0.046,2.354,1.067,7.111,0.222,11.385
FireSmokeVideoNEW40_f18_jpg.rf.19806f837916e1673c74c9bbcd924cd7.jpg,1,1,1.0,0.2,0.004,0.045,3.781,1.237,8.047,0.313,14.131
FireSmokeVideoNEW40_f1_jpg.rf.f77eee4e7a13d1f27e173db990f994ce.jpg,1,1,1.0,0.199,0.004,0.045,4.219,1.0,7.588,0.354,13.789
FireSmokeVideoNEW40_f21_jpg.rf.6f5b514f8bfc06ba7d6cd4bb70180881.jpg,1,1,1.0,0.211,0.004,0.047,3.099,1.267,11.76,0.292,17.15
FireSmokeVideoNEW40_f23_jpg.rf.8f33e997b3b48e9f166e42b8aef89256.jpg,1,1,1.0,0.205,0.004,0.044,3.369,0.785,7.487,0.353,12.622
FireSmokeVideoNEW40_f2_jpg.rf.7b59cc53447b7dfd356e30de13e4413a.jpg,1,1,1.0,0.202,0.004,0.048,2.598,0.914,7.165,0.237,11.517
FireSmokeVideoNEW40_f37_jpg.rf.d988e41b08831d2451907fa03ce84a58.jpg,1,1,1.0,0.208,0.004,0.044,2.327,0.907,7.215,0.249,11.317
FireSmokeVideoNEW40_f4_jpg.rf.fe367aa5fbdc677e7650ba3741527964.jpg,1,1,1.0,0.202,0.004,0.045,2.354,0.915,7.135,0.225,11.245
FireSmokeVideoNEW40_f6_jpg.rf.474d4d3f3a86310484fe42ba756e67f8.jpg,1,1,1.0,0.198,0.004,0.044,2.824,0.932,9.87,0.376,14.621
FireSmokeVideoNEW40_f8_jpg.rf.f81401ca14dbf9768eef7ef78497b6a5.jpg,1,1,1.0,0.305,0.006,0.053,2.844,0.96,7.799,0.357,13.057
FireSmokeVideoNEW42_f27_jpg.rf.99252134062c904aa86fb6321910e066.jpg,1,1,1.0,0.325,0.006,0.064,7.327,3.683,13.508,0.379,25.706
FireSmokeVideoNEW42_f29_jpg.rf.b1fd27c83a9ab38250c7d1aecc5ed389.jpg,1,1,1.0,0.688,0.007,0.093,3.91,1.171,7.696,0.272,14.47
FireSmokeVideoNEW42_f31_jpg.rf.eec1b63f9169e7e850712e19316f4dba.jpg,1,1,1.0,0.211,0.005,0.05,2.081,0.827,7.284,0.398,11.315
FireSmokeVideoNEW43_f0_jpg.rf.c803d42e9dfcc0f184208a6cfc607558.jpg,1,1,1.0,0.305,0.006,0.058,4.5,2.081,8.103,0.246,15.832
FireSmokeVideoNEW43_f119_jpg.rf.2fc8b2a7ad67c33e71458f4836ca2d95.jpg,1,1,1.0,0.318,0.006,0.064,4.451,1.295,8.878,0.347,15.879
FireSmokeVideoNEW43_f135_jpg.rf.63707d9b182d93572f75219705eccf0c.jpg,1,1,1.0,0.328,0.004,0.686,2.875,1.943,8.143,0.271,14.728
FireSmokeVideoNEW43_f151_jpg.rf.24f576fa225a18abda7a2fd239f10b85.jpg,1,1,1.0,0.312,0.005,0.046,5.249,2.809,8.757,0.261,17.994
FireSmokeVideoNEW43_f1_jpg.rf.2310e3c5fe9e5383612f329bff47eaa8.jpg,1,1,1.0,0.311,0.006,0.058,6.215,1.218,7.057,0.255,15.487
FireSmokeVideoNEW43_f46_jpg.rf.d63e0607fd5c8d3d4dbbcd7636402655.jpg,1,1,1.0,0.21,0.004,0.049,2.303,1.975,8.34,0.33,13.696
FireSmokeVideoNEW43_f58_jpg.rf.b3d534991846f7f0c3be9c8fbd069b26.jpg,1,1,1.0,0.324,0.006,0.066,3.289,1.162,8.086,0.23,13.629
FireSmokeVideoNEW43_f62_jpg.rf.82ed45487cee94fee922be6cd05861a5.jpg,1,1,1.0,0.261,0.004,0.043,2.215,0.768,7.142,0.23,11.022
FireSmokeVideoNEW43_f6_jpg.rf.28701c4a24bdca1bdda4665b2073487c.jpg,1,1,0.9999,0.203,0.004,0.043,2.541,0.989,7.616,0.374,12.124
FireSmokeVideoNEW43_f7_jpg.rf.4b141a903f849b42edc219e447f6ea6f.jpg,1,1,1.0,0.203,0.004,0.044,4.356,2.563,8.188,0.398,16.179
FireSmokeVideoNEW43_f93_jpg.rf.4bb70f866badfb4bf186f497a8e15dde.jpg,1,1,1.0,0.211,0.005,0.051,2.533,0.993,8.478,0.321,12.996
FireSmokeVideoNEW44_f10_jpg.rf.1a099b11831ea324b86b7db6aad4e190.jpg,1,1,1.0,0.253,0.004,0.047,4.898,3.333,14.11,0.256,23.754
FireSmokeVideoNEW44_f12_jpg.rf.287d396056e5d666fc90652fd12aa11b.jpg,1,1,1.0,0.234,0.005,0.048,2.23,0.999,7.092,0.23,11.214
FireSmokeVideoNEW44_f1_jpg.rf.8fd84f8ede5e0d1b75fb66a03c104345.jpg,1,1,1.0,0.325,0.006,0.06,3.312,2.233,8.323,0.328,15.095
FireSmokeVideoNEW44_f29_jpg.rf.90948668219ca6b432c4311b3d1fe87d.jpg,1,1,1.0,0.318,0.006,0.054,3.333,1.306,8.018,0.231,13.82
FireSmokeVideoNEW44_f3_jpg.rf.09b7b07d778ccfbf1aa1d5fd7ab2a489.jpg,1,1,1.0,0.31,0.006,0.056,3.18,1.094,7.117,0.223,12.361
FireSmokeVideoNEW44_f4_jpg.rf.50365b4aea4174a756f3a56fcd6fef37.jpg,1,1,0.9999,0.199,0.004,0.043,2.357,1.01,7.181,0.225,11.4
FireSmokeVideoNEW44_f6_jpg.rf.2d73e91d9b13ec8a2435bae47319d708.jpg,1,1,1.0,0.199,0.004,0.046,2.537,1.171,7.148,0.23,11.718
FireSmokeVideoNEW44_f8_jpg.rf.95a1c81618934dd120a2b651a50fac00.jpg,1,1,0.9999,0.295,0.004,0.045,2.971,1.004,7.467,0.31,12.472
FireSmokeVideoNEW47_f40_jpg.rf.5f060801803bc643ec5f695fee43e04f.jpg,1,1,1.0,0.208,0.004,0.047,2.534,1.017,7.189,0.254,11.636
FireSmokeVideoNEW47_f43_jpg.rf.cf493df141371b9522d667079baaa29b.jpg,1,1,1.0,0.21,0.004,0.049,6.672,5.303,11.202,0.254,24.287
FireSmokeVideoNEW49_f11_jpg.rf.5ef9296295f4d96310d8ad6cd7ce240d.jpg,1,1,0.9981,0.206,0.004,0.047,3.285,0.91,7.186,0.243,12.256
FireSmokeVideoNEW49_f15_jpg.rf.315f582ceebe30dd42fc7f8cff62b979.jpg,1,1,0.9999,0.316,0.006,0.058,2.977,1.237,7.986,0.226,13.299
FireSmokeVideoNEW49_f18_jpg.rf.08625a6c3f2100b04902eabe25650d45.jpg,1,1,1.0,0.228,0.004,0.045,2.187,0.954,7.17,0.242,11.203
FireSmokeVideoNEW49_f2_jpg.rf.72cea76bc326a10997d80a46a3ce5040.jpg,1,1,0.9819,0.209,0.004,0.047,2.781,1.063,7.056,0.235,11.779
FireSmokeVideoNEW49_f31_jpg.rf.b59bbd3f29e6d6b839434a3a209d61a8.jpg,1,1,0.9992,0.203,0.004,0.048,2.224,0.946,14.022,0.39,18.223
FireSmokeVideoNEW49_f3_jpg.rf.185decf90ce201424a98f907394f8c41.jpg,1,1,0.9952,0.266,0.004,0.047,2.2,1.018,7.201,0.224,11.338
FireSmokeVideoNEW49_f58_jpg.rf.4e365c8a4b1900a66a4213a5eaf063e3.jpg,1,1,1.0,0.304,0.006,0.057,2.419,0.94,7.169,0.248,11.532
FireSmokeVideoNEW49_f6_jpg.rf.11a50cad8492926d357ba9778e6ed649.jpg,1,1,1.0,0.21,0.004,0.045,5.77,0.982,12.66,0.457,20.519
FireSmokeVideoNEW49_f8_jpg.rf.2761b9d61846feba13cac2d062a252f4.jpg,1,1,1.0,0.315,0.006,0.062,3.413,1.029,7.179,0.233,12.621
FireSmokeVideoNEW4_f100_jpg.rf.7ad1d0ad84e3ca0e958dd7071581656a.jpg,1,1,1.0,0.291,0.052,0.061,2.768,1.474,7.187,0.251,12.463
FireSmokeVideoNEW4_f12_jpg.rf.d12325c895ff0c668c6a9eedfd00ba52.jpg,1,1,0.9998,0.317,0.006,0.056,2.565,1.018,7.119,0.22,11.687
FireSmokeVideoNEW4_f13_jpg.rf.01a9bf3d024f7529b6e8c2a06a817604.jpg,1,1,0.9999,0.207,0.004,0.044,2.169,1.019,7.136,0.245,11.202
FireSmokeVideoNEW4_f15_jpg.rf.3fb8f4b1612aca11f76ffddb8151aa4b.jpg,1,1,1.0,0.199,0.004,0.045,2.179,0.94,7.105,0.218,11.079
FireSmokeVideoNEW4_f165_jpg.rf.4ee0f69baae7ce220e922f215fb6edac.jpg,1,1,1.0,0.25,0.004,0.045,2.177,0.944,7.197,0.222,11.203
FireSmokeVideoNEW4_f221_jpg.rf.88b5d675e9d564b0b24ab37bd0fcf432.jpg,1,1,1.0,0.21,0.004,0.094,6.165,8.312,12.988,0.242,28.73
FireSmokeVideoNEW4_f223_jpg.rf.12dd131ba3912381ce3626066fe68f66.jpg,1,1,1.0,0.203,0.004,0.049,4.469,2.673,8.453,0.238,16.515
FireSmokeVideoNEW4_f239_jpg.rf.29ab8fba092fed08b3ebd8790066b5ee.jpg,1,1,1.0,0.316,0.007,0.062,2.251,1.273,7.254,0.364,11.907
FireSmokeVideoNEW4_f70_jpg.rf.0ec10a95d83c76b8700d0fb944968dee.jpg,1,1,0.9987,0.313,0.007,0.064,2.737,1.587,8.006,0.229,13.405
FireSmokeVideoNEW4_f84_jpg.rf.247fd431e9365939a31d6aef5a7ac968.jpg,1,1,0.9999,0.301,0.007,0.062,4.084,1.166,8.039,0.236,14.395
FireSmokeVideoNEW50_f10_jpg.rf.d3646ae84ac48a36362c6a6dd009147f.jpg,1,1,1.0,0.383,0.006,0.061,4.551,1.188,7.288,0.238,14.205
FireSmokeVideoNEW50_f2_jpg.rf.bc12bfdd4a1f9c0b86e8552fd512e758.jpg,1,1,0.9999,0.299,0.006,0.06,3.939,1.171,7.162,0.237,13.247
FireSmokeVideoNEW50_f5_jpg.rf.3029f1d118e09c470767a7e262ca607e.jpg,1,1,1.0,0.207,0.003,0.046,7.956,5.789,15.547,0.261,30.381
FireSmokeVideoNEW50_f63_jpg.rf.d6b79638d748b7db365c164660df69d5.jpg,1,1,1.0,0.199,0.004,0.049,4.259,1.05,7.517,0.363,13.831
FireSmokeVideoNEW50_f67_jpg.rf.9e7991ed3b82ce54f2a2d9586f9faf4b.jpg,1,1,1.0,0.305,0.006,0.061,5.448,1.239,8.604,0.417,16.6
FireSmokeVideoNEW50_f7_jpg.rf.19d6efa8c83f194ffb376a4a92f4f6f7.jpg,1,1,1.0,0.486,0.004,0.053,7.397,0.91,7.189,0.245,16.661
FireSmokeVideoNEW51_f17_jpg.rf.9f7842f199026aea160bdeb040f718d8.jpg,1,1,0.9994,0.202,0.004,0.047,2.182,2.2,11.409,0.255,16.658
FireSmokeVideoNEW51_f20_jpg.rf.7081febf27c70a1048a3dd6929c35be7.jpg,1,1,1.0,0.31,0.006,0.053,4.869,1.021,7.606,0.349,14.603
FireSmokeVideoNEW51_f28_jpg.rf.48cfd45dadc8564becc83f554de68fd7.jpg,1,1,1.0,0.321,0.007,0.064,3.523,1.159,8.506,0.458,14.527
FireSmokeVideoNEW51_f31_jpg.rf.b1fce11800be6ffe6220fbc9ebfd115a.jpg,1,1,1.0,0.225,0.005,0.049,4.511,3.126,15.017,0.258,23.729
FireSmokeVideoNEW51_f38_jpg.rf.a0c590f3d00cd2d603a5da732c52f004.jpg,1,1,0.9999,0.305,0.007,0.06,3.98,1.259,8.385,0.242,14.76
FireSmokeVideoNEW51_f45_jpg.rf.e8857c8dc3aeb5fa4a28b021cacadfc9.jpg,1,1,1.0,0.335,0.007,0.065,2.947,1.233,8.514,0.311,13.939
FireSmokeVideoNEW52_f117_jpg.rf.4c2486100b798b321e83516cabc9b952.jpg,1,1,1.0,0.324,0.007,0.066,3.301,1.223,8.255,0.228,13.902
FireSmokeVideoNEW52_f25_jpg.rf.70fc20b927b70fdef1c6b38b0bd91294.jpg,1,1,1.0,0.225,0.003,0.044,2.71,0.95,7.004,0.215,11.528
FireSmokeVideoNEW52_f27_jpg.rf.8ca5ff396c7c6b4e7b3c6caa73dd58c5.jpg,1,1,1.0,0.298,0.006,0.058,3.754,0.942,7.107,0.219,12.774
FireSmokeVideoNEW52_f48_jpg.rf.110f8a1d937dabd86246058d3abe0334.jpg,1,1,0.9992,0.2,0.003,0.045,2.171,0.927,7.147,0.243,11.187
FireSmokeVideoNEW52_f56_jpg.rf.4cfea41c17ca8e75d0a847bc08a45843.jpg,1,1,0.9998,0.214,0.004,0.047,6.668,2.536,14.062,0.249,24.175
FireSmokeVideoNEW52_f73_jpg.rf.42f03c3bd3633b39a37dbfa5012e3be6.jpg,1,1,0.9952,0.204,0.004,0.048,2.261,1.094,7.171,0.238,11.408
FireSmokeVideoNEW52_f86_jpg.rf.059741169bf547d1257c50b3c141b680.jpg,1,1,0.9994,0.2,0.004,0.042,2.506,1.156,7.191,0.25,11.735
FireSmokeVideoNEW55_f115_jpg.rf.d1ae9b75ffb1fc11f07252ac292e6431.jpg,1,1,1.0,0.307,0.007,0.064,3.799,1.002,7.221,0.229,13.033
FireSmokeVideoNEW55_f152_jpg.rf.b66429422c18048f82abc66f57384df3.jpg,1,1,1.0,0.208,0.004,0.043,2.76,0.964,7.167,0.229,11.761
FireSmokeVideoNEW55_f154_jpg.rf.74673752682094de5a6b34378ff0e89b.jpg,1,1,1.0,0.21,0.004,0.049,5.314,1.38,8.492,0.316,16.288
FireSmokeVideoNEW55_f25_jpg.rf.b8f388962343ad7c62262e3120adfef6.jpg,1,1,1.0,0.208,0.004,0.043,2.675,0.96,7.17,0.229,11.658
FireSmokeVideoNEW55_f33_jpg.rf.6dfe5220f8b8395651f23aab7782d716.jpg,1,1,1.0,0.297,0.007,0.055,2.559,0.932,7.136,0.235,11.59
FireSmokeVideoNEW55_f35_jpg.rf.b1ba09ffc4711f7e00d1f2f9040ed460.jpg,1,1,1.0,0.317,0.006,0.056,4.273,3.092,9.427,0.292,17.843
FireSmokeVideoNEW55_f39_jpg.rf.bda21bfaa7b58bf9e44f57e04a068571.jpg,1,1,1.0,0.211,0.004,0.05,4.053,1.213,7.875,0.344,14.233
FireSmokeVideoNEW55_f50_jpg.rf.7e57e6c280e07b130928e7b766f59d72.jpg,1,1,1.0,0.204,0.004,0.049,2.632,1.022,9.149,0.285,13.723
FireSmokeVideoNEW55_f64_jpg.rf.8ddb32c3be6ac4b80833b38834ad0018.jpg,1,1,1.0,0.202,0.004,0.048,2.895,0.972,7.15,0.226,11.894
FireSmokeVideoNEW55_f66_jpg.rf.1d537844825b5588928eb942a09d8b55.jpg,1,1,1.0,0.201,0.004,0.046,2.634,1.012,13.037,0.411,17.737
FireSmokeVideoNEW55_f72_jpg.rf.9f614fd81f654f89a0f07ee8c0bf03c0.jpg,1,1,1.0,0.204,0.004,0.05,3.677,1.01,7.726,0.342,13.432
FireSmokeVideoNEW55_f74_jpg.rf.353677df9beecc811dd207738524b80a.jpg,1,1,1.0,0.201,0.004,0.047,2.728,0.975,9.212,0.261,13.8
FireSmokeVideoNEW55_f90_jpg.rf.eaac7ac5a298d9e3c459041ceaf40eef.jpg,1,1,1.0,0.207,0.005,0.045,2.51,0.963,7.15,0.229,11.497
FireSmokeVideoNEW55_f93_jpg.rf.3d60ab78d80b5cba8cadfcfe07d71f34.jpg,1,1,1.0,0.315,0.006,0.063,2.937,1.218,7.213,0.25,12.375
FireSmokeVideoNEW55_f99_jpg.rf.2e8135bbbea4c4f8608077c3d23b9b79.jpg,1,1,0.9999,0.214,0.004,0.05,7.163,6.588,9.606,0.24,24.385
FireSmokeVideoNEW58_f10_jpg.rf.34642e8d6104c2cf111d96077f69f349.jpg,1,1,0.9998,0.31,0.006,0.061,2.861,1.037,7.427,0.333,12.427
FireSmokeVideoNEW58_f23_jpg.rf.7aa1922cfe5c0a987bc27e57c9cdee43.jpg,1,1,1.0,0.324,0.006,0.06,2.819,0.947,7.963,0.227,12.719
FireSmokeVideoNEW58_f25_jpg.rf.d2ede85b72b2e3e02c208a61074c897d.jpg,1,1,1.0,0.263,0.004,0.041,2.246,0.94,7.116,0.223,11.198
FireSmokeVideoNEW58_f2_jpg.rf.03e2a75bb1afb651cd8cf3315930f183.jpg,1,1,1.0,0.2,0.004,0.045,2.173,0.976,7.119,0.226,11.114
FireSmokeVideoNEW58_f7_jpg.rf.ca1e260c76e65133a009208a47475de2.jpg,1,1,1.0,0.231,0.004,0.043,2.902,1.119,7.395,0.32,12.436
FireSmokeVideoNEW5_f1_jpg.rf.fc8b943c1d95d048b71778ab67928710.jpg,1,1,1.0,0.209,0.005,0.08,2.199,0.956,7.192,0.229,11.254
FireSmokeVideoNEW5_f24_jpg.rf.27b2c054ee3691848ce763832ed16dc3.jpg,1,1,1.0,0.205,0.004,0.049,2.397,1.287,7.283,0.276,11.869
FireSmokeVideoNEW5_f2_jpg.rf.2936e138aa616aa14219f359f8debd81.jpg,1,1,1.0,0.203,0.004,0.042,4.42,5.781,13.623,0.247,25.007
FireSmokeVideoNEW5_f3_jpg.rf.45d4850aa6d9b9bb8f9d3afbc0c6d3a5.jpg,1,1,1.0,0.33,0.006,0.065,5.129,3.587,8.488,0.348,18.441
FireSmokeVideoNEW5_f5_jpg.rf.60be1f9ed53ebbff57a6e62e52522e8e.jpg,1,1,1.0,0.315,0.006,0.063,5.643,3.348,10.863,0.257,20.978
FireSmokeVideoNEW5_f8_jpg.rf.e335bc657b7862165884e0f8e6fa86d2.jpg,1,1,1.0,0.209,0.005,0.045,2.372,0.951,9.654,0.339,13.947
FireSmokeVideoNEW60_f12_jpg.rf.9ee600591abbeb4a4d576b27a8b8534c.jpg,1,1,1.0,0.314,0.007,0.067,12.137,1.602,8.362,0.366,23.393
FireSmokeVideoNEW60_f38_jpg.rf.81f0837c96882d66a37c9c077e080238.jpg,1,1,1.0,0.322,0.006,0.06,3.983,2.349,8.466,0.361,16.087
FireSmokeVideoNEW60_f46_jpg.rf.961c2dcbda93abfb50002758e070b5bf.jpg,1,1,1.0,0.322,0.007,0.064,6.838,3.359,13.687,0.542,25.49
FireSmokeVideoNEW60_f48_jpg.rf.388f14f791f28de8e5b12b7f2c854282.jpg,1,1,0.9997,0.204,0.004,0.048,3.22,0.968,15.045,0.438,20.321
FireSmokeVideoNEW60_f51_jpg.rf.2468377187eec51e2eecea3d65330d9f.jpg,1,1,1.0,0.322,0.007,0.116,5.38,2.037,10.111,0.393,18.742
FireSmokeVideoNEW60_f53_jpg.rf.e5daa42d0db75cd635b04588a59731ae.jpg,1,1,1.0,0.32,0.007,0.061,3.593,1.226,8.816,0.343,14.865
FireSmokeVideoNEW60_f55_jpg.rf.e7c05e6be084452e955cb31822b2da71.jpg,1,1,1.0,0.319,0.007,0.061,3.455,1.292,8.362,0.341,14.328
FireSmokeVideoNEW60_f58_jpg.rf.6d1442fd8ba37afa5c47043a5cc629e0.jpg,1,1,1.0,0.212,0.004,0.047,2.939,1.27,7.785,0.37,13.018
FireSmokeVideoNEW60_f5_jpg.rf.aa5a968f6e31f82dcc3487faa9615c6d.jpg,1,1,0.9999,0.312,0.006,0.054,2.769,1.146,8.924,0.221,13.914
FireSmokeVideoNEW60_f64_jpg.rf.b96c38426b1e25a56f10f7817118c56a.jpg,1,1,1.0,0.212,0.004,0.048,4.899,3.851,12.175,0.234,21.926
FireSmokeVideoNEW60_f69_jpg.rf.532d6f1cf55d06ded7d5e4243b6535b5.jpg,1,1,1.0,0.302,0.006,0.103,3.71,1.708,7.446,0.367,14.322
FireSmokeVideoNEW60_f70_jpg.rf.865c91bc35778ec0bbe24559b9f2c81d.jpg,1,1,1.0,0.197,0.004,0.045,3.799,1.072,7.644,0.403,13.664
FireSmokeVideoNEW60_f75_jpg.rf.b914a4abfea9b61f512996d147ec0ca3.jpg,1,1,1.0,0.198,0.004,0.046,2.138,1.229,7.108,0.241,11.33
FireSmokeVideoNEW60_f9_jpg.rf.9c8beb518c921372991999ac1c49e40c.jpg,1,1,0.9999,0.321,0.006,0.071,10.455,1.319,8.39,0.32,21.547
FireSmokeVideoNEW65_f117_jpg.rf.1bbdd4f95a006a3b6b1f27ef5f536866.jpg,1,1,1.0,0.202,0.004,0.046,2.243,0.924,7.11,0.231,11.117
FireSmokeVideoNEW65_f11_jpg.rf.50cd474bf007c757d8bc138479805020.jpg,1,1,1.0,0.2,0.004,0.045,2.639,0.913,9.111,0.236,13.496
FireSmokeVideoNEW65_f12_jpg.rf.aa5bbc87c3e07da06a59f895f606509f.jpg,1,1,0.9998,0.23,0.004,0.046,4.752,1.508,7.461,0.317,14.697
FireSmokeVideoNEW65_f14_jpg.rf.87c95776046ba5dabfc6ff1a147df6bd.jpg,1,1,0.9998,0.314,0.007,0.065,3.775,1.384,8.013,0.229,14.264
FireSmokeVideoNEW65_f1_jpg.rf.c3cc440dc95f4454fc091247861e6caa.jpg,1,1,0.9999,0.316,0.006,0.059,3.351,1.164,7.973,0.235,13.578
FireSmokeVideoNEW65_f40_jpg.rf.25e48681a4a80d3e5a7c2d5ef33493ab.jpg,1,1,0.9998,0.29,0.006,0.056,2.446,1.405,7.41,0.37,12.396
FireSmokeVideoNEW65_f46_jpg.rf.4217997f473ffe7da24315de5aaece67.jpg,1,1,1.0,0.203,0.004,0.046,2.18,0.911,7.167,0.226,11.099
FireSmokeVideoNEW65_f50_jpg.rf.d61341ea9e88e5ed5acc90a3297a851a.jpg,1,1,0.9999,0.266,0.004,0.045,2.245,0.907,7.168,0.22,11.199
FireSmokeVideoNEW65_f5_jpg.rf.3441cd75841d6f97430310c78b39d6fa.jpg,1,1,0.9996,0.2,0.004,0.048,5.146,1.24,7.511,0.336,14.868
FireSmokeVideoNEW65_f73_jpg.rf.4766aec0b5f45ce3be112ecf3dd68757.jpg,1,1,0.9995,0.197,0.004,0.046,3.263,0.9,7.336,0.26,12.356
FireSmokeVideoNEW65_f79_jpg.rf.713d994f59767ed9bf9a3cd2b5854501.jpg,1,1,0.9965,0.2,0.004,0.115,4.831,3.729,11.658,0.239,21.171
FireSmokeVideoNEW65_f88_jpg.rf.95d2b25d237ff418711f21e2e2614bf8.jpg,1,1,0.9998,0.205,0.004,0.047,7.421,5.482,8.594,0.229,22.478
FireSmokeVideoNEW66_f14_jpg.rf.482cb0050ef9c8c8a0a968b3943b7694.jpg,1,1,1.0,0.198,0.004,0.045,5.301,3.799,8.215,0.209,18.274
FireSmokeVideoNEW66_f5_jpg.rf.7cb799fabf2d42e0a4f065497d86d27d.jpg,1,1,1.0,0.316,0.007,0.132,2.719,1.776,8.052,0.223,13.693
FireSmokeVideoNEW68_f0_jpg.rf.c6033aa3afcd43addcf5723dc3d55109.jpg,1,1,1.0,0.313,0.006,0.058,2.574,1.029,7.178,0.221,11.852
FireSmokeVideoNEW68_f18_jpg.rf.9d0cd9f0cd43165e76a7e897d52688bc.jpg,1,1,0.9999,0.197,0.004,0.045,2.137,0.906,7.102,0.232,11.036
FireSmokeVideoNEW68_f23_jpg.rf.423c2e6022e5b48f02d1d5bd1b4ce56d.jpg,1,1,1.0,0.199,0.004,0.045,2.63,0.902,7.2,0.228,11.57
FireSmokeVideoNEW68_f2_jpg.rf.b0f36b8ac9a557cbc6240b67da533458.jpg,1,1,1.0,0.198,0.005,0.045,2.26,0.909,7.219,0.393,11.383
FireSmokeVideoNEW68_f36_jpg.rf.9ed01aedaae56ff44ba333675646ba74.jpg,1,1,1.0,0.21,0.004,0.046,7.699,4.242,16.741,0.245,29.699
FireSmokeVideoNEW68_f3_jpg.rf.2bb13b31cfa6035877e0e84c4f1b37d0.jpg,1,1,1.0,0.202,0.004,0.046,4.074,3.264,8.826,0.405,17.332
FireSmokeVideoNEW68_f7_jpg.rf.20a675000fe1db7e2751fdfe45ce1a71.jpg,1,1,1.0,0.321,0.006,0.065,4.921,3.343,7.166,0.232,16.44
FireSmokeVideoNEW68_f9_jpg.rf.cadca7ef759f84b188f1561c1cd133ef.jpg,1,1,1.0,0.268,0.006,0.072,5.964,1.136,8.236,0.239,16.402
FireSmokeVideoNEW69_f14_jpg.rf.8564b48b288a119d4cd9a5e80bf10c47.jpg,1,1,0.9998,0.329,0.006,0.069,5.223,2.24,8.104,0.235,16.711
FireSmokeVideoNEW69_f1_jpg.rf.9e44b871ec373d8efeac083f49c5f705.jpg,1,1,1.0,0.204,0.005,0.047,2.268,1.595,10.453,0.247,15.287
FireSmokeVideoNEW69_f22_jpg.rf.862ea9c76eec91567d9221b2a755959d.jpg,1,1,1.0,0.335,0.006,0.068,5.144,4.135,8.331,0.248,18.813
FireSmokeVideoNEW69_f24_jpg.rf.e26bbf96d54ff4c6de836ba7e204c604.jpg,1,1,0.9999,0.394,0.008,0.078,3.601,1.141,7.045,0.278,12.911
FireSmokeVideoNEW69_f28_jpg.rf.5954fde5f89bf91ae38eb2261df37169.jpg,1,1,0.9999,0.203,0.004,0.048,2.811,0.959,8.54,0.354,13.428
FireSmokeVideoNEW69_f33_jpg.rf.110cfd07f30bb04df887e4535ddd2a45.jpg,1,1,0.9998,0.3,0.006,0.059,2.231,1.344,9.501,0.364,14.171
FireSmokeVideoNEW69_f4_jpg.rf.cef4a8aaba081738c8f28ec5cb491daf.jpg,1,1,1.0,0.202,0.005,0.049,2.934,1.275,8.418,0.343,13.717
FireSmokeVideoNEW69_f8_jpg.rf.753be5b79184e5298e5828093e65739e.jpg,1,1,1.0,0.311,0.007,0.065,2.785,1.181,7.829,0.218,12.943
FireSmokeVideoNEW6_f26_jpg.rf.5fc336666efe2dea8e0559f2c13862d5.jpg,1,0,0.6779,0.201,0.015,0.047,2.484,1.032,7.192,0.214,11.547
FireSmokeVideoNEW71_f1_jpg.rf.595d2b88d2c2f78a56d269ef66bb4297.jpg,1,1,0.9995,0.198,0.004,0.044,2.176,0.782,7.105,0.219,10.884
FireSmokeVideoNEW71_f2_jpg.rf.2db0e0efbeb737f7bf96e673cf0dede3.jpg,1,1,1.0,0.198,0.004,0.045,7.662,7.376,15.277,0.394,31.5
FireSmokeVideoNEW71_f4_jpg.rf.d22912ef5fd0628194172fd48f29fe54.jpg,1,1,0.9997,0.304,0.006,0.058,3.291,1.113,7.484,0.245,12.984
FireSmokeVideoNEW71_f6_jpg.rf.a50cdf04986e472627204f7ec4b5f5a6.jpg,1,1,1.0,0.328,0.006,0.062,5.953,1.357,10.725,0.402,19.363
FireSmokeVideoNEW72_f11_jpg.rf.ad5313a830b6d7fee0b6c8f0c56061c3.jpg,1,1,1.0,0.208,0.004,0.047,3.135,1.179,8.588,0.358,14.014
FireSmokeVideoNEW72_f13_jpg.rf.d058cce69315377b7eadf9b7398179cb.jpg,1,1,1.0,0.319,0.007,0.066,2.913,1.177,8.576,0.268,13.808
FireSmokeVideoNEW72_f17_jpg.rf.d570def4b06c76e6cd8e89118bff7fc1.jpg,1,1,1.0,0.203,0.004,0.046,2.191,1.347,7.487,0.359,12.011
FireSmokeVideoNEW72_f22_jpg.rf.9619fa123844ddde152c20ddf323bb0d.jpg,1,1,1.0,0.203,0.004,0.047,2.479,1.026,8.493,0.364,13.083
FireSmokeVideoNEW72_f33_jpg.rf.498d88ae9e2e3fb1e7ec250d119eab2f.jpg,1,1,1.0,0.358,0.006,0.058,4.832,5.388,11.419,0.361,22.809
FireSmokeVideoNEW72_f43_jpg.rf.c3616a9cece886241f5d31d681cf3b82.jpg,1,1,1.0,0.319,0.007,0.056,3.178,1.265,7.903,0.241,13.524
FireSmokeVideoNEW72_f49_jpg.rf.fea0e91163420323b138beb4c050855b.jpg,1,1,1.0,0.299,0.006,0.058,2.941,1.15,7.187,0.228,12.334
FireSmokeVideoNEW72_f62_jpg.rf.6edd68c72b3f5912c3f1bf1213e016e0.jpg,1,1,1.0,0.308,0.005,0.055,2.364,0.92,7.17,0.244,11.427
FireSmokeVideoNEW72_f65_jpg.rf.ff3c8aafe556db2e560fe50f230391b3.jpg,1,1,1.0,0.201,0.004,0.051,3.43,1.147,7.897,0.32,13.523
FireSmokeVideoNEW72_f75_jpg.rf.62c9abfdcae23779e7dc701529aaf536.jpg,1,1,1.0,0.194,0.004,0.044,3.113,1.201,8.036,0.227,13.289
FireSmokeVideoNEW72_f7_jpg.rf.7c62522f90506aa1728fe65b914acf7c.jpg,1,1,1.0,0.198,0.004,0.045,2.137,0.904,7.156,0.229,11.021
FireSmokeVideoNEW74_f21_jpg.rf.c0f9fb0f3f221779c24897948f4ec8d7.jpg,1,1,1.0,0.33,0.004,0.043,2.163,0.912,7.176,0.235,11.22
FireSmokeVideoNEW74_f24_jpg.rf.66168d8081eda452714a8c8f07bbdcd8.jpg,1,1,1.0,0.224,0.004,0.043,4.836,2.985,15.494,0.257,24.218
FireSmokeVideoNEW74_f26_jpg.rf.345c458b97028004ad0acae920cae7b6.jpg,1,1,1.0,0.198,0.004,0.048,4.884,3.728,8.318,0.237,17.924
FireSmokeVideoNEW74_f30_jpg.rf.59c54e77e2c7cc4c68af58a2a5390808.jpg,1,1,1.0,0.311,0.006,0.058,5.089,3.383,8.506,0.23,18.027
FireSmokeVideoNEW74_f32_jpg.rf.4ac20702db05eeec56186d73cbca8766.jpg,1,1,1.0,0.348,0.005,0.053,2.763,0.915,7.099,0.235,11.807
FireSmokeVideoNEW74_f34_jpg.rf.d9724abb9bfaa342616f6c01948fea7f.jpg,1,1,1.0,0.309,0.006,0.059,2.429,1.112,9.151,0.264,13.772
FireSmokeVideoNEW74_f36_jpg.rf.fcbb11b2075d8d9f4dbf6e326a0320dc.jpg,1,1,1.0,0.201,0.004,0.046,2.869,0.936,7.491,0.337,12.257
FireSmokeVideoNEW74_f38_jpg.rf.18ff7f74a408a680122d645d40591e9a.jpg,1,1,1.0,0.313,0.007,0.055,3.165,1.25,13.589,0.252,19.099
FireSmokeVideoNEW74_f41_jpg.rf.a6c359519d19b8ed61be5ff17839f197.jpg,1,1,1.0,0.21,0.004,0.046,4.087,3.075,9.842,0.397,18.041
FireSmokeVideoNEW74_f43_jpg.rf.d00bcca3fb8e0a6d10644bc0b3bd41eb.jpg,1,1,1.0,0.317,0.007,0.066,4.594,3.377,8.141,0.241,17.238
FireSmokeVideoNEW74_f47_jpg.rf.015888a3b5629ef1c46d1f31c1046ab6.jpg,1,1,1.0,0.31,0.007,0.063,4.319,3.071,7.095,0.217,15.577
FireSmokeVideoNEW74_f4_jpg.rf.bcdd36ff2e50cd106574eb5718448952.jpg,1,1,1.0,0.304,0.006,0.065,4.715,3.021,7.165,0.214,15.843
FireSmokeVideoNEW74_f53_jpg.rf.5efb2429584d39e2b2a1a49a423fae0c.jpg,1,1,1.0,0.314,0.006,0.059,4.251,3.058,7.09,0.222,15.377
FireSmokeVideoNEW74_f58_jpg.rf.c150e91787c7f8a20f332da7927e8783.jpg,1,1,1.0,0.27,0.004,0.044,4.487,2.947,10.332,0.347,18.804
FireSmokeVideoNEW74_f60_jpg.rf.1cdc02e995445f11a06bb524a8b70053.jpg,1,1,1.0,0.209,0.004,0.047,4.018,3.442,8.923,0.25,17.416
FireSmokeVideoNEW74_f69_jpg.rf.f6ff5cbdf69fb044623d261520936a7d.jpg,1,1,1.0,0.206,0.004,0.048,4.149,0.833,7.709,0.335,13.649
FireSmokeVideoNEW74_f73_jpg.rf.01c8014550eabc4548809852b07c6a92.jpg,1,1,1.0,0.32,0.007,0.065,3.195,1.142,8.071,0.247,13.511
FireSmokeVideoNEW74_f75_jpg.rf.b29efe2ebb2ba867d688a0fb1ee8e0ee.jpg,1,1,1.0,0.338,0.005,0.063,2.632,0.909,7.119,0.223,11.718
FireSmokeVideoNEW76_f13_jpg.rf.48c07cdb4a4555c8fac7eb90799fd407.jpg,1,1,0.7903,0.202,0.004,0.048,2.165,1.057,7.102,0.231,11.17
FireSmokeVideoNEW76_f15_jpg.rf.0ed5839aa46894923b87d6cecba5efbe.jpg,1,1,0.8706,0.195,0.004,0.046,2.311,0.911,7.113,0.226,11.155
FireSmokeVideoNEW76_f17_jpg.rf.89a5b32599f08ff6d6b144b7e61b9712.jpg,1,0,0.6859,0.204,0.004,0.049,2.201,0.9,7.079,0.254,11.047
FireSmokeVideoNEW76_f19_jpg.rf.78a45915d1eb907788ababec5310ba76.jpg,1,0,0.9016,0.203,0.003,0.046,2.33,0.912,7.106,0.23,11.18
FireSmokeVideoNEW76_f21_jpg.rf.7ff137c89ba1e12c0f41300d976a8900.jpg,1,0,0.8261,0.318,0.004,0.046,4.475,3.197,9.163,0.316,17.897
FireSmokeVideoNEW78_f129_jpg.rf.2d444dd2cf9fec590e4affcc70ee39eb.jpg,1,1,0.9992,0.313,0.006,0.059,4.871,3.622,8.268,0.75,18.34
FireSmokeVideoNEW79_f11_jpg.rf.25292878eba539325fd867ff672153d7.jpg,1,1,1.0,0.307,0.006,0.061,4.913,3.101,7.117,0.223,16.174
FireSmokeVideoNEW79_f13_jpg.rf.f7e5cad16c5c444d4797fdebaedd9a6a.jpg,1,1,1.0,0.316,0.006,0.064,5.069,3.099,7.55,0.406,16.87
FireSmokeVideoNEW7_f106_jpg.rf.ba3ec205bb89efbbfc64fb46305a6ac0.jpg,1,1,1.0,0.206,0.004,0.044,3.991,2.99,9.061,0.234,17.022
FireSmokeVideoNEW7_f114_jpg.rf.19f7a9cac937c20922db17e7843964c3.jpg,1,1,1.0,0.315,0.007,0.061,4.049,2.151,7.849,0.248,15.2
FireSmokeVideoNEW7_f40_jpg.rf.8c23940fa961ed65bde2075a96cf7d5a.jpg,1,1,1.0,0.316,0.006,0.064,2.925,1.308,13.348,0.281,19.385
FireSmokeVideoNEW7_f42_jpg.rf.fc01ed3256e4de328cbb887686c3e2b6.jpg,1,1,1.0,0.199,0.004,0.044,2.268,0.983,7.25,0.244,11.369
FireSmokeVideoNEW7_f56_jpg.rf.72eb0b9c179be3b73389cb4ecb2e66f5.jpg,1,1,1.0,0.211,0.004,0.047,7.733,6.203,9.257,0.249,24.093
FireSmokeVideoNEW7_f69_jpg.rf.1cb69b7fbaee6b6551e64b94bcd6d8a5.jpg,1,1,1.0,0.307,0.006,0.062,3.34,1.021,7.334,0.226,12.671
FireSmokeVideoNEW7_f7_jpg.rf.557a52cc5382677ca0d46f89efc7ed2b.jpg,1,1,1.0,0.206,0.004,0.047,2.3,0.977,7.171,0.23,11.316
FireSmokeVideoNEW7_f8_jpg.rf.5d0ea556bf5d8f7cd1d58eaa3d1842f2.jpg,1,1,1.0,0.201,0.004,0.045,2.277,0.979,7.174,0.228,11.291
FireSmokeVideoNEW80_f11_jpg.rf.05759433efcacb33d8a26468f7585b99.jpg,1,1,1.0,0.34,0.005,0.049,4.657,3.287,7.534,0.262,16.521
FireSmokeVideoNEW80_f13_jpg.rf.9c6a7629abe648bbcf71629b0d7e505e.jpg,1,1,1.0,0.203,0.004,0.045,3.792,1.204,7.998,0.334,14.085
FireSmokeVideoNEW80_f32_jpg.rf.3b5c0b1ebab68acae862f33e0374b3ec.jpg,1,1,0.952,0.201,0.004,0.047,3.628,1.039,7.129,0.231,12.668
FireSmokeVideoNEW80_f34_jpg.rf.f1c207f818f1cd217bea5c96f9e9d4ab.jpg,1,1,0.968,0.308,0.007,0.065,4.543,1.039,7.107,0.224,13.724
FireSmokeVideoNEW80_f41_jpg.rf.bab3cbb40abe405482495f7a75346e8f.jpg,1,1,1.0,0.205,0.004,0.045,8.471,5.609,16.684,0.388,32.076
FireSmokeVideoNEW80_f8_jpg.rf.035ed7478daa45c1e06ab3523c909e64.jpg,1,1,1.0,0.205,0.004,0.049,4.912,3.391,8.241,0.241,17.644
FireSmokeVideoNEW81_f18_jpg.rf.8a4deba38a80b2d33016f55eaa30e25b.jpg,1,1,1.0,0.313,0.006,0.062,2.902,1.12,7.163,0.216,12.156
FireSmokeVideoNEW81_f34_jpg.rf.6faebf94308b689b3be118624121310c.jpg,1,1,0.9847,0.204,0.004,0.044,2.207,1.241,7.142,0.234,11.447
FireSmokeVideoNEW81_f36_jpg.rf.671fb0b8fdcd8370174c641d2b48ecbf.jpg,1,1,1.0,0.204,0.004,0.044,2.2,1.496,7.363,0.345,12.054
FireSmokeVideoNEW81_f38_jpg.rf.227b1e5aee07bc90863b964edb44d457.jpg,1,1,1.0,0.193,0.004,0.045,2.232,1.043,7.015,0.225,11.125
FireSmokeVideoNEW81_f3_jpg.rf.caf4eabc98635fd866eb054ff6b28c89.jpg,1,1,1.0,0.206,0.004,0.072,2.183,0.958,7.134,0.229,11.159
FireSmokeVideoNEW81_f44_jpg.rf.3b4966647e8c86694dc973addf81e4b7.jpg,1,1,1.0,0.208,0.004,0.044,2.292,0.987,7.207,0.222,11.338
FireSmokeVideoNEW81_f4_jpg.rf.1c8e0b53c1a60eeca4a1a87725c6a33b.jpg,1,1,1.0,0.208,0.004,0.047,5.175,7.788,12.142,0.241,26.176
FireSmokeVideoNEW81_f51_jpg.rf.6eed84c90fc84bc339ab94acb5f368d5.jpg,1,1,0.6468,0.201,0.004,0.046,3.116,0.997,7.689,0.341,12.79
FireSmokeVideoNEW81_f5_jpg.rf.8fe51428c042df33ef7056792bac041e.jpg,1,1,0.9997,0.211,0.004,0.052,2.502,1.211,10.313,0.235,15.221
FireSmokeVideoNEW81_f61_jpg.rf.8821e2feee7a313a5a0fa06f95aaf907.jpg,1,1,0.9998,0.367,0.006,0.069,2.818,2.018,8.059,0.245,14.071
FireSmokeVideoNEW81_f67_jpg.rf.ec30df4bbf4ae496ce1894987521006c.jpg,1,1,0.9957,0.312,0.004,0.06,2.332,0.978,13.538,0.436,18.058
FireSmokeVideoNEW81_f74_jpg.rf.81372f8c38cf4dc71f4aaea4c80c4f07.jpg,1,1,1.0,0.204,0.003,0.046,2.238,0.963,7.111,0.221,11.16
FireSmokeVideoNEW81_f93_jpg.rf.ad4fbc63a6dc74e3290ea7a3ec019188.jpg,1,1,1.0,0.208,0.003,0.045,2.442,0.971,7.121,0.224,11.395
FireSmokeVideoNEW82_f15_jpg.rf.e7dc2fa4db618aad84776dd955ef51bc.jpg,1,1,1.0,0.205,0.004,0.048,5.603,3.965,13.451,0.239,24.112
FireSmokeVideoNEW82_f19_jpg.rf.f89ed1457a061c51371208925b37eb5a.jpg,1,1,1.0,0.205,0.004,0.048,2.441,0.961,9.066,0.257,13.367
FireSmokeVideoNEW82_f34_jpg.rf.4dbf9c32786ae8ef9aef2aefc6c30abf.jpg,1,1,0.9999,0.203,0.004,0.047,3.703,1.02,7.134,0.233,12.728
FireSmokeVideoNEW82_f53_jpg.rf.72fe99e96a5174851f2a3c7bf8f5b035.jpg,1,1,0.9999,0.237,0.004,0.045,3.716,1.093,7.108,0.225,12.822
FireSmokeVideoNEW82_f5_jpg.rf.3c3f9d351bd2f08caf96dd839eb0be35.jpg,1,1,0.9998,0.193,0.004,0.047,2.211,1.044,7.107,0.272,11.252
FireSmokeVideoNEW82_f63_jpg.rf.c2b1dde739bef360dd7ed5bb170a3536.jpg,1,1,1.0,0.195,0.004,0.046,2.476,1.609,7.106,0.218,12.042
FireSmokeVideoNEW82_f6_jpg.rf.97cddea8b6f913186557f3cb6b06be31.jpg,1,1,0.9989,0.205,0.004,0.048,2.29,0.932,7.089,0.218,11.156
FireSmokeVideoNEW83_f79_jpg.rf.a635ec3ab697f0c8c37fc56fcb4a9d8e.jpg,1,1,1.0,0.216,0.004,0.049,3.401,0.968,8.079,0.346,13.465
FireSmokeVideoNEW83_f83_jpg.rf.7eb47aaaa2195f3b401f0534f4ab8c17.jpg,1,1,1.0,0.203,0.004,0.045,3.777,4.227,14.733,0.251,23.621
FireSmokeVideoNEW84_f11_jpg.rf.331db204725890d7841a0ba5804e1d51.jpg,1,1,1.0,0.202,0.004,0.046,4.994,1.272,10.513,0.262,17.683
FireSmokeVideoNEW84_f17_jpg.rf.f35283a94798dbd36e444f3d83fcc20c.jpg,1,1,1.0,0.312,0.006,0.062,2.754,1.189,8.61,0.352,13.78
FireSmokeVideoNEW84_f22_jpg.rf.57b54d823b56221442b406406ae6fda3.jpg,1,1,0.9751,0.29,0.006,0.062,5.448,1.798,7.168,0.229,15.362
FireSmokeVideoNEW84_f24_jpg.rf.c78709aba0fa619a1522f8a54b5eb33c.jpg,1,1,0.6719,0.366,0.006,0.061,3.293,1.946,7.89,0.241,14.288
FireSmokeVideoNEW84_f26_jpg.rf.903f11c42bfe14f9284c7893c731f7fc.jpg,1,1,0.9969,0.312,0.007,0.06,2.647,1.275,7.728,0.236,12.723
FireSmokeVideoNEW84_f28_jpg.rf.4a605bea32b958e1f875dc9ae4787c2c.jpg,1,1,1.0,0.198,0.003,0.046,2.191,0.915,7.151,0.225,11.08
FireSmokeVideoNEW84_f30_jpg.rf.b1fa31c3b4b0231160d0fe95a8b2df48.jpg,1,1,1.0,0.306,0.006,0.064,2.336,1.321,9.2,0.261,13.859
FireSmokeVideoNEW84_f40_jpg.rf.99b1a8a40e68bb37b4bcd6210f807577.jpg,1,1,1.0,0.208,0.004,0.05,3.246,4.167,10.757,0.275,19.526
FireSmokeVideoNEW86_f21_jpg.rf.66bfdf3c31cf623a69833f84823419be.jpg,1,1,0.9999,0.204,0.004,0.049,2.156,0.906,7.26,0.233,11.179
FireSmokeVideoNEW86_f44_jpg.rf.528671157dc0f3573a31e135eb5c960b.jpg,1,1,1.0,0.221,0.005,0.043,2.26,0.903,7.206,0.242,11.229
FireSmokeVideoNEW86_f59_jpg.rf.ec954c76bba3453c1e3fbed6b0e4126f.jpg,1,1,1.0,0.207,0.004,0.049,2.791,0.802,7.489,0.305,12.019
FireSmokeVideoNEW87_f15_jpg.rf.1df24b2694a7dcd8cdc18a92d098bff5.jpg,1,1,0.9999,0.204,0.004,0.047,4.354,0.81,9.615,0.344,15.743
FireSmokeVideoNEW87_f1_jpg.rf.9686a4eb8a357bcb8d6af17613d63b0b.jpg,1,1,0.9658,0.203,0.004,0.048,3.522,0.976,7.195,0.235,12.56
FireSmokeVideoNEW8_f106_jpg.rf.0ada3dacd447a467782cec413e893cbd.jpg,1,1,1.0,0.212,0.004,0.044,2.599,0.949,7.033,0.228,11.433
FireSmokeVideoNEW8_f108_jpg.rf.3e1a309d0492fd214dd909126405217a.jpg,1,1,1.0,0.313,0.006,0.057,6.37,4.344,12.142,0.386,24.022
FireSmokeVideoNEW8_f114_jpg.rf.659a33156ff972aabe16784a1005087a.jpg,1,1,1.0,0.198,0.004,0.044,5.155,3.068,8.288,0.242,17.505
FireSmokeVideoNEW8_f123_jpg.rf.599b8235aadea7fc1ce0bb31909d7f19.jpg,1,1,1.0,0.32,0.006,0.061,3.981,1.237,8.434,0.216,14.749
FireSmokeVideoNEW8_f136_jpg.rf.4393095b0e129a87566a93dfcd0319b9.jpg,1,1,1.0,0.203,0.004,0.047,2.524,0.913,7.48,0.316,11.842
FireSmokeVideoNEW8_f13_jpg.rf.62679b6bf5d5334bc0142f60ef4f0eff.jpg,1,1,1.0,0.199,0.004,0.046,2.18,1.108,7.132,0.231,11.254
FireSmokeVideoNEW8_f15_jpg.rf.2c2fab259f891543bdd6f1a6e3574bd7.jpg,1,1,1.0,0.204,0.004,0.047,2.204,0.905,7.221,0.235,11.172
FireSmokeVideoNEW8_f34_jpg.rf.7412b450156c86fc3387c7c84eeceda0.jpg,1,1,1.0,0.345,0.007,0.043,2.157,1.001,7.211,0.229,11.38
FireSmokeVideoNEW8_f37_jpg.rf.dc011763a3b94f5a5e29aeb3ba4596a0.jpg,1,1,1.0,0.199,0.004,0.044,4.534,3.146,8.035,0.599,16.955
FireSmokeVideoNEW8_f41_jpg.rf.6de16dc442177d80361115c514c890b6.jpg,1,1,1.0,0.205,0.004,0.044,5.352,3.631,7.101,0.23,16.947
FireSmokeVideoNEW8_f81_jpg.rf.f56584d054d798df76424b80b3bfdd84.jpg,1,1,1.0,0.204,0.004,0.047,3.514,0.966,9.296,0.346,14.752
FireSmokeVideoNEW8_f88_jpg.rf.39192ee49f07e11498a78bff1aacc512.jpg,1,1,1.0,0.2,0.004,0.046,3.582,1.303,8.102,0.238,13.969
FireSmokeVideoNEW8_f91_jpg.rf.4392a67e91341fcfd786ecdcae1640a0.jpg,1,1,1.0,0.198,0.004,0.044,2.6,0.974,7.404,0.341,12.121
FireSmokeVideoNEW8_f97_jpg.rf.641d276457e76b7aecb1d4383a65b4a3.jpg,1,1,0.9999,0.318,0.007,0.137,2.732,1.327,7.838,0.232,13.092
FireSmokeVideoNEW90_f17_jpg.rf.c8ccb79fa9c2c104c44cca93d5de21de.jpg,1,1,1.0,0.197,0.004,0.045,3.505,0.833,7.489,0.341,12.779
FireSmokeVideoNEW90_f19_jpg.rf.613de41d6647cd63a2b9fe063c105ce9.jpg,1,1,1.0,0.206,0.004,0.046,2.336,1.127,7.234,0.237,11.562
FireSmokeVideoNEW90_f27_jpg.rf.2c40784cb40c7c2cef427bbb81a7c391.jpg,1,1,1.0,0.204,0.004,0.044,5.48,3.369,14.273,0.276,24.032
FireSmokeVideoNEW90_f6_jpg.rf.c10be0b48cd321d5a8a2a5dc3f553d3f.jpg,1,1,0.9867,0.314,0.006,0.062,5.117,3.614,7.47,0.363,17.416
FireSmokeVideoNEW93_f0_jpg.rf.ecd538ef73aa82fe82414b73f93480d0.jpg,1,1,0.9946,0.312,0.005,0.059,4.449,3.638,7.572,0.43,16.846
FireSmokeVideoNEW93_f16_jpg.rf.50e2056869bf72284714d466abcc3b71.jpg,1,1,0.8418,0.202,0.004,0.047,3.376,0.946,7.421,0.368,12.789
FireSmokeVideoNEW93_f18_jpg.rf.4bc8731fed1d0bf7fd60efdcedb231c3.jpg,1,1,0.9974,0.305,0.006,0.064,3.17,1.198,7.426,0.236,12.896
FireSmokeVideoNEW93_f29_jpg.rf.c7408f86cfc41eb503e26760771051c0.jpg,1,1,0.9697,0.204,0.004,0.047,2.57,0.946,7.274,0.231,11.635
FireSmokeVideoNEW93_f30_jpg.rf.764d70fe8c4c3ae0ff9d8cf21ee12043.jpg,1,1,1.0,0.2,0.004,0.043,4.299,2.965,7.249,0.279,15.49
FireSmokeVideoNEW93_f32_jpg.rf.cdd491ec773c398ae162b8b88947407c.jpg,1,1,1.0,0.208,0.004,0.046,4.392,3.205,9.366,0.249,17.844
FireSmokeVideoNEW93_f35_jpg.rf.831bfa9e004cf24662687b26f9fc7bbc.jpg,1,1,0.9999,0.235,0.004,0.046,4.09,3.135,8.429,0.227,16.667
FireSmokeVideoNEW93_f37_jpg.rf.43b0fc2c5a8f5b9e415acf2eb0a44e8f.jpg,1,1,0.9999,0.307,0.008,0.06,4.953,3.136,8.211,0.33,17.4
FireSmokeVideoNEW93_f3_jpg.rf.74a94968f2fa218b63e4e3cc7c1237ed.jpg,1,1,0.9996,0.202,0.004,0.044,5.378,3.134,8.286,0.235,17.796
FireSmokeVideoNEW93_f45_jpg.rf.7bbe8f6ef0640bd95f084b3308535460.jpg,1,1,1.0,0.199,0.004,0.047,7.275,4.527,13.381,0.248,26.189
FireSmokeVideoNEW93_f48_jpg.rf.68441a36977d0c1b506d13bb4bc73be3.jpg,1,1,1.0,0.206,0.004,0.046,3.373,0.955,7.82,0.37,13.154
FireSmokeVideoNEW93_f4_jpg.rf.983a14d28244c467fc317111087e628f.jpg,1,1,0.9991,0.326,0.007,0.068,8.29,5.52,10.202,0.388,25.318
FireSmokeVideoNEW93_f55_jpg.rf.a2c30d3a32c20b99db2b4c3ac0b4297e.jpg,1,1,1.0,0.199,0.005,0.045,4.695,3.114,9.726,0.261,18.537
FireSmokeVideoNEW93_f5_jpg.rf.761ac75e0e1983c5da2f88ea0d3fc8de.jpg,1,1,0.9983,0.212,0.004,0.045,9.275,2.751,12.873,0.249,26.008
FireSmokeVideoNEW93_f67_jpg.rf.3a5cd480f12a38d7997e5fbc779cac82.jpg,1,1,0.9982,0.306,0.006,0.065,2.38,1.374,8.622,0.344,13.496
FireSmokeVideoNEW93_f6_jpg.rf.26bfc3792d1663a194ceffc2c8742ee3.jpg,1,1,0.9999,0.317,0.006,0.06,6.409,1.388,8.656,0.349,17.712
FireSmokeVideoNEW93_f71_jpg.rf.4ccc78c6d53dfcac78d807fa7e564346.jpg,1,1,1.0,0.315,0.006,0.061,2.993,1.218,8.04,0.252,13.36
FireSmokeVideoNEW93_f73_jpg.rf.e4178d797313f2f5fbf1d60a9ec4becf.jpg,1,1,1.0,0.201,0.003,0.044,2.268,1.511,7.096,0.213,11.698
FireSmokeVideoNEW93_f75_jpg.rf.7e4dcddadd2cc56f63bd162c9e15f181.jpg,1,1,1.0,0.206,0.004,0.047,4.647,3.205,9.649,0.439,18.592
FireSmokeVideoNEW98_f3_jpg.rf.f7b81ad20d48fc774206f313091cb551.jpg,1,1,0.9629,0.207,0.004,0.047,4.659,3.585,7.158,0.215,16.295
FireSmokeVideoNEW98_f5_jpg.rf.81e8bb5998c4a94c0bc81f47fe363e0f.jpg,1,1,0.869,0.211,0.004,0.047,2.4,1.032,7.159,0.229,11.447
FireSmokeVideoNEW9_f11_jpg.rf.d5937d6ad8240f9ec038085c0ceb8116.jpg,1,1,0.9998,0.196,0.004,0.046,2.496,0.912,7.421,0.24,11.745
FireSmokeVideoNEW9_f18_jpg.rf.2987b1993f73055255ede2bb3de4c4c5.jpg,1,1,1.0,0.205,0.004,0.043,2.256,0.904,7.17,0.238,11.181
FireSmokeVideoNEW9_f20_jpg.rf.5af8728a36cbd1faa62b96370aff11b5.jpg,1,1,1.0,0.193,0.004,0.043,2.177,0.904,7.108,0.226,11.003
FireSmokeVideoNEW9_f22_jpg.rf.6335b077c393e21870b6c640818558e1.jpg,1,1,1.0,0.201,0.004,0.043,3.154,0.92,7.194,0.228,12.108
FireSmokeVideoNEW9_f26_jpg.rf.1df57b6fa3760b22e321f67fe0be8ef8.jpg,1,1,1.0,0.208,0.004,0.047,4.169,3.44,11.676,0.258,20.364
FireSmokeVideoNEW104_f0_jpg.rf.f38941ca7b50a50f4987ff402c110609.jpg,0,0,0.9996,0.209,0.004,0.046,5.79,1.066,15.537,0.247,23.288
FireSmokeVideoNEW104_f1_jpg.rf.63e1607e8da00040abe9170af6dc35cd.jpg,0,0,0.9999,0.303,0.006,0.056,5.051,0.989,7.725,0.379,14.905
FireSmokeVideoNEW104_f6_jpg.rf.1394a9059fb32e73077faeb60a5ba873.jpg,0,0,1.0,0.32,0.007,0.061,8.257,1.309,8.435,0.376,19.366
FireSmokeVideoNEW105_f1_jpg.rf.064a4c0288a48a850beea550023fdbc6.jpg,0,0,0.9994,0.206,0.004,0.045,4.467,1.041,7.318,0.237,13.691
FireSmokeVideoNEW105_f3_jpg.rf.11af0b8aa7e5a605a91b49b09e093199.jpg,0,0,0.6919,0.197,0.004,0.043,4.798,1.075,7.205,0.237,13.928
FireSmokeVideoNEW107_f37_jpg.rf.cc8301bfc1e2fc3b2b79e44f0ac98929.jpg,0,0,1.0,0.204,0.004,0.044,5.436,0.99,9.886,0.359,17.315
FireSmokeVideoNEW107_f41_jpg.rf.de58aa9a22208465e73ae05ac3193d98.jpg,0,0,0.9944,0.209,0.004,0.045,10.141,4.793,7.4,0.239,23.374
FireSmokeVideoNEW107_f43_jpg.rf.1f46ccd61ccc8ce83db35d711ecb4bea.jpg,0,0,0.9992,0.203,0.004,0.043,6.008,1.047,7.812,0.362,15.878
FireSmokeVideoNEW107_f46_jpg.rf.556c3237893e435eaa208f88990e9ef1.jpg,0,0,1.0,0.323,0.006,0.061,7.915,1.179,7.384,0.395,17.745
FireSmokeVideoNEW107_f54_jpg.rf.4644d9c2b2c6d3fee105f2ef82fd4998.jpg,0,0,0.9836,0.311,0.007,0.06,6.632,0.98,7.161,0.229,15.757
FireSmokeVideoNEW107_f57_jpg.rf.fae2a73f41a575268f85d3111d7b2c92.jpg,0,0,0.9363,0.307,0.006,0.056,5.317,1.485,7.583,0.306,15.444
FireSmokeVideoNEW107_f59_jpg.rf.026bbe8626b5578d93329b2db4fa9402.jpg,0,0,0.6508,0.201,0.003,0.041,4.604,0.962,7.183,0.22,13.585
FireSmokeVideoNEW107_f64_jpg.rf.244f9975df3feacfa28ff036a6fafc53.jpg,0,0,0.9872,0.195,0.005,0.043,5.129,3.155,7.273,0.243,16.422
FireSmokeVideoNEW107_f67_jpg.rf.c49f54560d495c9598599c65ad340067.jpg,0,0,0.9998,0.207,0.003,0.047,7.696,4.793,16.436,0.258,29.902
FireSmokeVideoNEW107_f72_jpg.rf.499f047f2f4b0bda75d65908e53370de.jpg,0,0,0.9996,0.196,0.005,0.042,6.767,1.097,8.484,0.422,17.395
FireSmokeVideoNEW107_f86_jpg.rf.777704182a6a80b6411e9aff725043d0.jpg,0,0,0.9986,0.218,0.004,0.048,5.26,1.117,8.046,0.344,15.437
FireSmokeVideoNEW108_f36_jpg.rf.dcefdeb0de8b64832e93a6b99de7289b.jpg,0,0,1.0,0.326,0.006,0.056,8.475,1.37,8.487,0.347,19.589
FireSmokeVideoNEW109_f67_jpg.rf.57eaca20b02c349d304b37f08712ab9e.jpg,0,0,0.7885,0.314,0.005,0.052,7.596,3.493,8.027,0.239,20.247
FireSmokeVideoNEW10_f12_jpg.rf.2eae48f630c1c0193e2ef4cb4e6f4ff6.jpg,0,0,1.0,0.391,0.006,0.049,9.178,1.259,10.626,0.412,22.305
FireSmokeVideoNEW10_f14_jpg.rf.0cea4ec15ad93560e37aedc69c33eff3.jpg,0,0,1.0,0.216,0.004,0.047,10.613,3.967,14.035,0.333,29.6
FireSmokeVideoNEW10_f16_jpg.rf.31696eae6e003edea279b761b4390075.jpg,0,0,1.0,0.201,0.004,0.043,7.908,3.682,8.264,0.272,21.255
FireSmokeVideoNEW10_f20_jpg.rf.4f1c66d77047ae6e5bad70288ada6868.jpg,0,0,0.9376,0.308,0.006,0.054,5.564,1.151,7.864,0.365,15.749
FireSmokeVideoNEW10_f9_jpg.rf.964fd783f3c44e3cf484cb44c5e7eb3a.jpg,0,0,1.0,0.33,0.007,0.058,8.475,1.625,11.072,0.424,22.524
FireSmokeVideoNEW110_f70_jpg.rf.7cb92ca6cc4d4ad99fac463a2e4b1f69.jpg,0,0,1.0,0.202,0.004,0.252,5.852,0.977,8.85,0.544,17.192
FireSmokeVideoNEW110_f72_jpg.rf.942ec348686624217e65325d78ad6d79.jpg,0,0,0.9999,0.303,0.006,0.059,8.943,1.369,8.438,0.356,20.012
FireSmokeVideoNEW111_f61_jpg.rf.958fb3f1ca3de1a388d09ff31d3492cb.jpg,0,0,0.9997,0.342,0.007,0.063,11.268,2.972,11.537,0.242,26.818
FireSmokeVideoNEW111_f63_jpg.rf.87908f4f677900101a4389b753e25d14.jpg,0,0,0.9999,0.269,0.005,0.043,9.778,4.018,15.566,0.252,30.307
FireSmokeVideoNEW113_f0_jpg.rf.64ad130f3afce40d98d717526b192d24.jpg,0,0,0.9935,0.298,0.007,0.056,7.026,1.054,7.554,0.397,16.806
FireSmokeVideoNEW113_f14_jpg.rf.e80870bda9d84eb83bdd360a959ee02f.jpg,0,0,0.9977,0.319,0.006,0.061,8.743,1.282,7.861,0.259,19.101
FireSmokeVideoNEW113_f1_jpg.rf.e426bd569f3a8f2c8c073936261c666f.jpg,0,0,0.9991,0.325,0.007,0.062,8.296,1.357,8.516,0.626,19.728
FireSmokeVideoNEW113_f23_jpg.rf.deabb7e1e724b4345d1e7951e202ea44.jpg,0,0,0.9984,0.321,0.007,0.058,9.049,5.368,14.985,0.275,30.472
FireSmokeVideoNEW113_f34_jpg.rf.e84c48b0432893e05397860d769ff647.jpg,0,0,1.0,0.202,0.004,0.044,7.304,1.541,8.393,0.354,18.226
FireSmokeVideoNEW113_f38_jpg.rf.d3f2132888b62bc6d7ad266bdb6ad6bc.jpg,0,0,1.0,0.307,0.006,0.059,6.454,1.17,7.4,0.402,16.181
FireSmokeVideoNEW113_f3_jpg.rf.82bb90bd3d0267d8e6045820916cd565.jpg,0,0,0.9959,0.314,0.007,0.06,7.877,1.431,8.412,0.35,18.971
FireSmokeVideoNEW113_f41_jpg.rf.479a0376f42c153bc784faf91e059bf6.jpg,0,0,1.0,0.32,0.006,0.059,7.149,1.116,7.355,0.443,16.828
FireSmokeVideoNEW113_f43_jpg.rf.c97f0efc50fc406abeef5751198b195d.jpg,0,0,1.0,0.201,0.004,0.043,6.95,1.003,7.753,0.335,16.676
FireSmokeVideoNEW113_f47_jpg.rf.b7c82296e081c18e509ed765e11cf527.jpg,0,0,1.0,0.307,0.006,0.053,8.267,1.301,7.265,0.336,17.915
FireSmokeVideoNEW113_f49_jpg.rf.e97df0162836b03c72aae5d219f19846.jpg,0,1,0.9992,0.332,0.007,0.059,9.799,4.515,11.939,0.357,27.415
FireSmokeVideoNEW113_f50_jpg.rf.af1411ee4d7f972917db27496a3d28c6.jpg,0,1,0.9995,0.197,0.004,0.044,5.836,0.989,7.227,0.242,14.919
FireSmokeVideoNEW113_f57_jpg.rf.367d116711c51593db8d52d878bcd9cf.jpg,0,1,0.9743,0.359,0.006,0.059,5.575,1.021,7.323,0.239,15.238
FireSmokeVideoNEW113_f5_jpg.rf.56e7a8fe3f1996fa4f5b425d869ef58c.jpg,0,0,0.994,0.305,0.006,0.057,5.194,1.011,7.279,0.238,14.463
FireSmokeVideoNEW114_f1_jpg.rf.cf044e592fb83b50e048cce22f4e9e6a.jpg,0,0,0.9999,0.205,0.004,0.134,4.898,0.994,7.165,0.242,14.021
FireSmokeVideoNEW114_f23_jpg.rf.3366618b5cd0b38698a5549e35f37769.jpg,0,0,1.0,0.234,0.004,0.044,4.799,0.994,7.185,0.239,14.05
FireSmokeVideoNEW114_f33_jpg.rf.438eae9e97228cbe711b15eed9716f40.jpg,0,0,0.9999,0.31,0.006,0.056,5.7,0.995,7.177,0.239,14.865
FireSmokeVideoNEW114_f52_jpg.rf.3ef8a0e9a642bcee584f57e450499ee9.jpg,0,0,0.9989,0.199,0.005,0.043,5.889,2.883,7.386,0.271,17.062
FireSmokeVideoNEW114_f63_jpg.rf.0018c16b62a065ab98bbae501ef249d1.jpg,0,0,0.9987,0.199,0.004,0.044,7.648,4.244,7.589,0.333,20.524
FireSmokeVideoNEW114_f78_jpg.rf.60c9ec22b30b533e55007538edd2cd0a.jpg,0,0,1.0,0.206,0.005,0.045,7.84,1.367,11.485,0.401,21.877
FireSmokeVideoNEW123_f86_jpg.rf.99d60f8b84aaf644e4ab3eb9004e6457.jpg,0,0,0.9969,0.202,0.004,0.045,7.439,1.36,7.977,0.241,17.779
FireSmokeVideoNEW131_f29_jpg.rf.a3a4ab64b1971b295c5093754ce6f3eb.jpg,0,0,0.9999,0.326,0.007,0.056,9.982,3.208,7.4,0.261,21.792
FireSmokeVideoNEW133_f0_jpg.rf.18731e698dcb15c89fe9d9a7fa357187.jpg,0,0,0.8286,0.199,0.004,0.046,10.076,1.067,7.176,0.237,19.214
FireSmokeVideoNEW133_f14_jpg.rf.c0ef040277238c405f94c45269640413.jpg,0,0,1.0,0.314,0.006,0.059,7.125,8.99,11.513,0.254,28.862
FireSmokeVideoNEW133_f16_jpg.rf.675b515ca2741a0eab5600d3b6b8ec37.jpg,0,0,1.0,0.282,0.004,0.046,8.882,3.309,7.056,0.234,20.186
FireSmokeVideoNEW133_f1_jpg.rf.e08148c34f177fdfc0855076800bfcc2.jpg,0,0,0.8658,0.437,0.009,0.087,9.689,2.117,7.088,0.223,20.032
FireSmokeVideoNEW133_f21_jpg.rf.89cf1761a3a8f737819224e48be710eb.jpg,0,0,1.0,1.092,0.01,0.097,7.228,0.956,7.846,0.24,17.874
FireSmokeVideoNEW133_f24_jpg.rf.7a96dbf3abbf336117a803fd29880d72.jpg,0,0,1.0,0.315,0.006,0.056,7.636,1.362,11.139,0.267,21.313
FireSmokeVideoNEW133_f26_jpg.rf.4c8adf184421836917a99f3244a2e8b1.jpg,0,0,1.0,0.272,0.006,0.072,7.049,1.316,8.199,0.239,17.696
FireSmokeVideoNEW133_f28_jpg.rf.9be526a6cd44573e70c5e324f97f07e8.jpg,0,0,1.0,0.203,0.004,0.041,7.556,3.746,8.21,0.268,20.547
FireSmokeVideoNEW133_f30_jpg.rf.7a61a8452694df4e1b8eb7f76edd6206.jpg,0,0,1.0,0.336,0.007,0.069,9.499,3.248,8.316,0.268,22.127
FireSmokeVideoNEW133_f35_jpg.rf.32a41bc0e615129339748a31e63c31b8.jpg,0,0,1.0,0.306,0.005,0.06,9.234,6.629,16.493,0.278,33.509
FireSmokeVideoNEW133_f45_jpg.rf.bf0fa4a99b1351103ce59df4271296f6.jpg,0,0,0.9983,0.219,0.004,0.045,7.415,4.135,8.242,0.235,20.829
FireSmokeVideoNEW133_f47_jpg.rf.7e6771aa04cd95731ed20a2a0887b600.jpg,0,0,0.8145,0.203,0.004,0.043,6.72,4.276,8.138,0.24,20.163
FireSmokeVideoNEW133_f52_jpg.rf.a9287d410aca47cb65187bb40b99489f.jpg,0,0,0.8176,0.315,0.006,0.055,8.456,3.444,7.379,0.326,20.378
FireSmokeVideoNEW133_f54_jpg.rf.de6a5526bf8e4c304c24aa01a61a0691.jpg,0,0,0.9417,0.326,0.006,0.059,10.362,5.233,14.006,0.295,30.9
FireSmokeVideoNEW133_f60_jpg.rf.a1a3fc738a9ffd65b6bd91b2d4a2a7ba.jpg,0,0,0.9477,0.203,0.004,0.045,9.103,3.953,10.524,0.229,24.595
FireSmokeVideoNEW133_f65_jpg.rf.19a6259c062255ee2fcaf9ce8237cdc9.jpg,0,0,0.9333,0.208,0.005,0.044,5.307,1.042,7.195,0.24,14.518
FireSmokeVideoNEW133_f6_jpg.rf.3bb32108cb527deecf2ba02db67d7158.jpg,0,0,1.0,0.204,0.004,0.046,5.196,1.167,7.306,0.263,14.577
FireSmokeVideoNEW133_f72_jpg.rf.edcd60e5a9d9d28d5802a50f156aa91a.jpg,0,0,0.9977,0.216,0.004,0.048,5.005,1.083,7.17,0.232,14.144
FireSmokeVideoNEW133_f75_jpg.rf.44d394c4ee044f0263703d04c2017319.jpg,0,0,0.9999,0.272,0.005,0.053,5.048,1.408,7.697,0.238,15.16
FireSmokeVideoNEW138_f24_jpg.rf.e7dac7d8bba04efdaf96bbedbfb0c17c.jpg,0,0,1.0,0.212,0.004,0.047,7.767,1.478,9.12,0.244,19.257
FireSmokeVideoNEW138_f3_jpg.rf.e59cf2df641ee8f4a4b7a8486a277817.jpg,0,0,1.0,0.216,0.005,0.072,8.06,5.521,13.441,0.273,28.153
FireSmokeVideoNEW138_f50_jpg.rf.0ed3e238da95d17eddb4a56c8239722d.jpg,0,0,0.9835,0.319,0.007,0.059,5.421,1.039,9.275,0.245,16.759
FireSmokeVideoNEW138_f55_jpg.rf.8692714e7ca4fce394cbde4c9b0768f4.jpg,0,0,0.9999,0.201,0.004,0.043,5.986,1.073,8.638,0.303,16.674
FireSmokeVideoNEW138_f57_jpg.rf.2340c76a46752bec89de2c8dfe4e182e.jpg,0,0,0.9296,0.213,0.005,0.045,5.684,1.038,7.185,0.232,14.836
FireSmokeVideoNEW138_f66_jpg.rf.217b9cf06ce30964ef36b6378b0d8f09.jpg,0,0,1.0,0.202,0.004,0.046,6.246,1.027,7.118,0.22,15.251
FireSmokeVideoNEW138_f72_jpg.rf.7992a3ca30811d3fbefd37f1c8c0e236.jpg,0,0,0.9967,0.205,0.003,0.043,4.764,1.004,7.176,0.226,13.806
FireSmokeVideoNEW138_f87_jpg.rf.a1a1d0b32449cfbe2da04181bf56f099.jpg,0,0,0.6908,0.2,0.004,0.043,6.701,3.119,7.761,0.224,18.711
FireSmokeVideoNEW138_f89_jpg.rf.39f1903062709d554e614773c128ec01.jpg,0,1,0.911,0.196,0.004,0.043,7.657,1.788,9.119,0.249,19.603
FireSmokeVideoNEW138_f98_jpg.rf.3d89dba42d1d2087cd0d1067f86dc0a4.jpg,0,0,0.9772,0.21,0.005,0.047,10.691,5.785,8.917,0.242,26.452
FireSmokeVideoNEW139_f11_jpg.rf.4f1394a2391bb7f8b23547e415daccca.jpg,0,0,0.9938,0.2,0.005,0.046,5.796,0.939,8.231,0.377,15.973
FireSmokeVideoNEW139_f13_jpg.rf.2c6a24cf2aba98120ffbbdf73ec65122.jpg,0,0,0.9999,0.358,0.006,0.057,7.851,5.857,8.282,0.243,23.197
FireSmokeVideoNEW139_f15_jpg.rf.52c4affd03ce1856f9ba11cd0f50363c.jpg,0,0,0.9998,0.317,0.007,0.058,8.626,3.113,7.535,0.348,20.401
FireSmokeVideoNEW139_f7_jpg.rf.4622bbeb672b9d0f658de7b4a192bc27.jpg,0,0,0.9997,0.312,0.005,0.058,8.034,1.233,7.217,0.235,17.534
FireSmokeVideoNEW139_f9_jpg.rf.a2676f6df6e7eb7729031d2e2dad0ca3.jpg,0,0,0.9054,0.268,0.004,0.045,7.399,1.324,8.675,0.247,18.598
FireSmokeVideoNEW141_f11_jpg.rf.73cf5a40761c0014fbd5c35ebf83aa45.jpg,0,0,1.0,0.207,0.004,0.045,4.808,3.776,7.722,0.395,17.381
FireSmokeVideoNEW141_f22_jpg.rf.d85fd254cfa43d224ad1b669783fd679.jpg,0,0,1.0,0.203,0.004,0.046,9.625,1.207,8.666,0.347,20.624
FireSmokeVideoNEW141_f26_jpg.rf.283da917093a70ddfef4070c0df63819.jpg,0,0,1.0,0.853,0.007,0.066,7.114,1.366,7.145,0.249,17.189
FireSmokeVideoNEW141_f35_jpg.rf.fb7bf34a7cb1271f578cf69f6eaf4b46.jpg,0,0,1.0,0.213,0.004,0.049,4.826,1.083,7.107,0.229,13.89
FireSmokeVideoNEW141_f44_jpg.rf.7588a5674fa796e2bf93928970dd5a6c.jpg,0,0,1.0,0.267,0.005,0.045,5.221,1.088,7.104,0.22,14.338
FireSmokeVideoNEW141_f54_jpg.rf.376afc4c31715655b5a25d8e89fb9cc9.jpg,0,0,1.0,0.201,0.004,0.043,5.637,5.643,8.56,0.238,20.714
FireSmokeVideoNEW145_f12_jpg.rf.bfa6ecea511c415c863544a108f25b2b.jpg,0,1,0.6693,0.204,0.004,0.043,4.705,1.009,7.1,0.221,13.682
FireSmokeVideoNEW145_f15_jpg.rf.01ed9bc8697dfaa658637d4bdcdb465e.jpg,0,1,0.6267,0.206,0.004,0.046,4.501,1.376,7.21,0.238,13.973
FireSmokeVideoNEW145_f17_jpg.rf.8ad859dfeb2dacc154aa7be5cd18db9a.jpg,0,1,0.7285,0.316,0.007,0.061,7.367,3.794,11.412,0.249,23.746
FireSmokeVideoNEW145_f2_jpg.rf.7d67296bc581f3d543d39070f67d5e5b.jpg,0,1,0.6842,0.205,0.004,0.045,8.369,5.062,7.83,0.217,22.272
FireSmokeVideoNEW145_f4_jpg.rf.dd0fb19773528e50b2d252c0ae1821a1.jpg,0,0,0.8491,0.2,0.005,0.045,6.882,3.992,7.662,0.348,19.61
FireSmokeVideoNEW145_f70_jpg.rf.35967a4f68971ca1a880debf6cc05479.jpg,0,0,0.996,0.204,0.005,0.048,5.205,1.043,7.27,0.238,14.41
FireSmokeVideoNEW146_f102_jpg.rf.d492f5de6048aee20c269b9489b62550.jpg,0,0,0.9907,0.211,0.004,0.05,5.444,1.09,7.329,0.243,14.768
FireSmokeVideoNEW146_f104_jpg.rf.bb75589e20c57f1dac406a679b2c4c34.jpg,0,0,0.9794,0.318,0.006,0.061,5.759,1.334,7.309,0.232,15.42
FireSmokeVideoNEW14_f31_jpg.rf.a6bd074c897424b345df3c0d80c8472a.jpg,0,0,1.0,0.212,0.005,0.047,4.733,1.1,7.253,0.225,13.965
FireSmokeVideoNEW14_f34_jpg.rf.b7d71699bd96b5f195ff31eed9af64b9.jpg,0,0,0.9959,0.218,0.005,0.047,5.005,2.626,7.285,0.259,15.839
FireSmokeVideoNEW14_f48_jpg.rf.615cbe65e58c980a44db492e4adba02b.jpg,0,0,1.0,0.212,0.005,0.045,7.954,4.723,7.66,0.23,21.231
FireSmokeVideoNEW14_f50_jpg.rf.8c05edbf34c262f9609f1aefcb3e784b.jpg,0,0,1.0,0.198,0.004,0.043,4.994,1.054,7.311,0.251,14.246
FireSmokeVideoNEW14_f52_jpg.rf.040fbb53952c8cf3eb05257d5d59ffb2.jpg,0,0,0.9999,0.215,0.005,0.049,4.363,1.565,7.171,0.238,14.044
FireSmokeVideoNEW14_f54_jpg.rf.284fdffd467ae8226f2514f39a0f03a8.jpg,0,0,1.0,0.216,0.004,0.049,5.072,1.059,7.177,0.231,14.193
FireSmokeVideoNEW14_f56_jpg.rf.805f1c6f0d731bc267bcb78f5dd8613c.jpg,0,0,1.0,0.211,0.005,0.046,4.878,1.559,6.876,0.234,14.206
FireSmokeVideoNEW14_f58_jpg.rf.5255e436aa76a3c0a514d23752f4aecc.jpg,0,0,0.9999,0.314,0.007,0.057,5.073,1.105,7.158,0.22,14.342
FireSmokeVideoNEW14_f70_jpg.rf.aebdcbd5a96886fd2b263e6c38a28f54.jpg,0,0,0.5969,0.209,0.004,0.044,4.453,1.004,7.193,0.227,13.524
FireSmokeVideoNEW14_f80_jpg.rf.d8f9bed0c2a0c2ccd8de093597e2cfb2.jpg,0,0,0.8971,0.322,0.006,0.056,9.28,5.33,12.747,0.4,28.733
FireSmokeVideoNEW152_f12_jpg.rf.bbbe1b5b3c91e3c832a521e8ad2a8981.jpg,0,0,0.9955,0.208,0.004,0.046,5.081,2.132,7.215,0.268,15.355
FireSmokeVideoNEW152_f23_jpg.rf.83dd2175450efa7a2b61106b515ca317.jpg,0,0,0.9998,0.196,0.004,0.044,4.969,1.046,7.168,0.218,14.039
FireSmokeVideoNEW152_f2_jpg.rf.0fa1d92f8ce6d7d0ef48c78928e91796.jpg,0,0,0.9521,0.209,0.004,0.043,4.87,1.066,7.132,0.216,13.938
FireSmokeVideoNEW157_f48_jpg.rf.dc8ccdfd4e9375142054cff7d0ba0165.jpg,0,0,1.0,0.199,0.004,0.044,5.214,1.304,7.193,0.258,14.595
FireSmokeVideoNEW157_f68_jpg.rf.07fb0c009d78412ac43bcc20d211eba0.jpg,0,0,1.0,0.208,0.004,0.047,5.22,1.097,7.323,0.247,14.545
FireSmokeVideoNEW159_f28_jpg.rf.45115b0ae08dc6a6022b39f7487df2fc.jpg,0,0,1.0,0.218,0.004,0.048,4.793,1.028,9.15,0.235,15.862
FireSmokeVideoNEW159_f36_jpg.rf.e0c399bd3b6f812595c1d839d6f4495a.jpg,0,0,1.0,0.214,0.004,0.047,4.589,1.162,7.22,0.232,13.853
FireSmokeVideoNEW160_f132_jpg.rf.7ce27c0b807a035415178554ae865455.jpg,0,0,0.9998,0.214,0.004,0.043,12.078,7.314,9.986,0.373,30.616
FireSmokeVideoNEW160_f179_jpg.rf.f8bca75f291b224cb3a0368e85ea206a.jpg,0,1,0.7284,0.304,0.006,0.055,8.222,4.106,13.528,0.359,27.107
FireSmokeVideoNEW160_f182_jpg.rf.5ad244f4a2004bd04f80d7b88edc7b37.jpg,0,1,0.7473,0.305,0.007,0.052,9.043,1.168,7.606,0.265,18.84
FireSmokeVideoNEW167_f25_jpg.rf.66ae7015edf696c31788066c37815460.jpg,0,0,1.0,0.323,0.007,0.056,8.455,1.838,8.44,0.376,20.032
FireSmokeVideoNEW168_f32_jpg.rf.9bf96271f38fc77d55c61d5030a59ad0.jpg,0,0,0.9998,0.322,0.004,0.051,8.95,1.412,7.661,0.251,19.172
FireSmokeVideoNEW168_f35_jpg.rf.344f9a485501035ee6f2ad4a8aee5fda.jpg,0,0,0.9874,0.342,0.006,0.064,9.154,1.224,12.848,0.479,24.544
FireSmokeVideoNEW173_f1_jpg.rf.b8d91ed334fc3865091a43a6a1d74364.jpg,0,0,0.8055,0.353,0.008,0.064,11.455,5.139,7.15,0.252,24.81
FireSmokeVideoNEW174_f14_jpg.rf.20fa8cef6b13cc5e437e36ea2ecc8c0d.jpg,0,0,1.0,0.205,0.004,0.043,8.618,2.184,8.263,0.237,20.187
FireSmokeVideoNEW174_f21_jpg.rf.1e32dfe88e5b1e1315c5b3c44b55da60.jpg,0,0,0.9999,0.328,0.006,0.059,7.963,1.361,7.754,0.228,18.223
FireSmokeVideoNEW174_f27_jpg.rf.16ff80f4c7864c40c3bdd663830a83af.jpg,0,0,1.0,0.385,0.007,0.057,6.739,1.152,7.123,0.237,16.098
FireSmokeVideoNEW174_f3_jpg.rf.2bc73bc5168eef2ac8d65f93c8588cee.jpg,0,0,1.0,0.316,0.006,0.058,4.552,1.087,7.115,0.23,13.752
FireSmokeVideoNEW174_f9_jpg.rf.ce3e731b6125e7839516f998ba5fd615.jpg,0,0,0.9999,0.31,0.007,0.056,4.651,1.002,7.208,0.229,13.84
FireSmokeVideoNEW175_f1_jpg.rf.b7755e6ebe9f220eda9f33dafd398efd.jpg,0,0,1.0,0.231,0.005,0.045,9.382,5.743,12.854,0.245,29.631
FireSmokeVideoNEW181_f246_jpg.rf.c4e8f0606306cf812ead99d7317a3dac.jpg,0,0,0.9609,0.203,0.004,0.043,5.293,1.751,8.517,0.444,16.68
FireSmokeVideoNEW181_f3_jpg.rf.564525a050a1471684d3e0dce6b12093.jpg,0,0,1.0,0.269,0.006,0.07,8.182,5.088,14.813,0.268,29.086
FireSmokeVideoNEW181_f5_jpg.rf.4f32f5e7b553b2046f9ea1c3710aa953.jpg,0,0,1.0,0.206,0.004,0.043,5.678,1.063,8.526,0.369,16.322
FireSmokeVideoNEW181_f8_jpg.rf.d4f8544e21508a6a376c9eed7b3fd1c4.jpg,0,0,1.0,0.325,0.008,0.064,8.255,1.361,7.882,0.235,18.658
FireSmokeVideoNEW185_f103_jpg.rf.834fd34179153dc3cf5b3376c931bd02.jpg,0,0,0.9997,0.34,0.007,0.064,8.509,1.248,10.157,0.406,21.221
FireSmokeVideoNEW185_f105_jpg.rf.5c53bd00784e65125825c0ae9e72866e.jpg,0,0,1.0,0.2,0.004,0.046,4.669,1.225,8.302,0.274,15.113
FireSmokeVideoNEW185_f11_jpg.rf.7fe150b7626c710cda79dce605f3a053.jpg,0,0,1.0,0.295,0.004,0.069,5.607,0.985,9.234,0.242,16.828
FireSmokeVideoNEW185_f13_jpg.rf.a9a77212e1e05b2bed7914de92edebf4.jpg,0,0,1.0,0.311,0.006,0.055,4.723,0.987,7.178,0.219,13.875
FireSmokeVideoNEW185_f142_jpg.rf.8a2f2852b31e3f1ec77473138afa5b07.jpg,0,0,0.7929,0.204,0.003,0.041,5.15,1.0,7.27,0.23,14.291
FireSmokeVideoNEW185_f154_jpg.rf.6b8964700ae914f8770debcf03f1fa96.jpg,0,0,0.9998,0.214,0.004,0.044,4.838,1.021,7.128,0.214,13.853
FireSmokeVideoNEW185_f16_jpg.rf.9a7a2c17026407b6f8ae3721f463bea0.jpg,0,0,1.0,0.201,0.004,0.043,4.393,1.019,7.139,0.223,13.409
FireSmokeVideoNEW185_f18_jpg.rf.d7340a22f5b42d1f5daf3df0dd737ed7.jpg,0,0,0.9999,0.204,0.003,0.043,4.66,1.076,7.121,0.217,13.714
FireSmokeVideoNEW185_f1_jpg.rf.9cbb22bfee650e45eb5c993c0ec604f0.jpg,0,0,0.9998,0.207,0.004,0.043,4.383,1.064,7.113,0.227,13.434
FireSmokeVideoNEW185_f21_jpg.rf.97e9aaef5e151b6c1d8a47b5a39a3851.jpg,0,0,0.9999,0.315,0.006,0.056,5.46,0.98,7.116,0.217,14.579
FireSmokeVideoNEW185_f26_jpg.rf.74bb295ea9c3a4d2a445209c908d149c.jpg,0,0,0.9998,0.205,0.004,0.047,9.037,4.924,8.006,0.249,23.041
FireSmokeVideoNEW185_f28_jpg.rf.94c9d63f5a41228899bb4b27af54e6e6.jpg,0,0,0.9994,0.2,0.004,0.046,5.547,1.061,7.111,0.258,14.616
FireSmokeVideoNEW185_f2_jpg.rf.1be8f603fac11632f8289730c2ea3981.jpg,0,0,0.9997,0.244,0.005,0.055,5.603,1.169,7.248,0.236,14.954
FireSmokeVideoNEW185_f31_jpg.rf.20d3ef9f5f7aed09171c587cf787efa3.jpg,0,0,1.0,0.222,0.005,0.047,5.715,1.24,7.157,0.241,15.016
FireSmokeVideoNEW185_f33_jpg.rf.13bba24c675c337eb4e0d75ed2c6d59a.jpg,0,0,1.0,0.212,0.004,0.047,4.704,1.064,9.194,0.237,15.852
FireSmokeVideoNEW185_f37_jpg.rf.90b11c519e691fa641a221142e94b8e3.jpg,0,0,1.0,0.21,0.004,0.044,5.02,1.058,7.162,0.231,14.166
FireSmokeVideoNEW185_f39_jpg.rf.d40e85b937efa6ae5a731011f726d833.jpg,0,0,1.0,0.197,0.004,0.044,4.87,1.093,7.209,0.237,14.059
FireSmokeVideoNEW185_f41_jpg.rf.c976d09d85b00bcd5fae293ba78953cb.jpg,0,0,1.0,0.198,0.004,0.046,5.191,1.077,7.253,0.246,14.404
FireSmokeVideoNEW185_f43_jpg.rf.cf5abe863cf4e9707e6b343d59e4f211.jpg,0,0,1.0,0.215,0.004,0.049,8.81,2.404,14.823,0.272,26.977
FireSmokeVideoNEW185_f48_jpg.rf.40a7592afc13dbb433f59655b660a51e.jpg,0,0,1.0,0.201,0.004,0.044,6.379,1.265,8.725,0.238,17.275
FireSmokeVideoNEW185_f4_jpg.rf.840d0b8991f52e6353634a923cce911a.jpg,0,0,1.0,0.208,0.004,0.049,4.485,1.04,7.227,0.25,13.662
FireSmokeVideoNEW185_f54_jpg.rf.02217b94b12dcd2c1361d24b46a8edd9.jpg,0,0,0.9978,0.217,0.004,0.049,4.597,1.04,7.165,0.245,13.698
FireSmokeVideoNEW185_f56_jpg.rf.818e136234c271902dcf37c554407e5b.jpg,0,0,0.9889,0.211,0.004,0.047,4.36,1.666,7.228,0.23,14.398
FireSmokeVideoNEW185_f5_jpg.rf.849447cd7f762cbb18e9edb719adfc56.jpg,0,0,0.9999,0.209,0.004,0.044,7.201,1.209,8.171,0.33,17.635
FireSmokeVideoNEW185_f61_jpg.rf.9f26d8404eeb7cddb424f5cdb9a2dea9.jpg,0,0,0.5665,0.213,0.004,0.046,6.88,1.06,7.496,0.341,16.443
FireSmokeVideoNEW185_f63_jpg.rf.6e576502749efe6813e66694c6ac96d9.jpg,0,0,0.6752,0.204,0.004,0.045,7.362,3.55,11.126,0.329,23.177
FireSmokeVideoNEW185_f69_jpg.rf.db6c2e969febf2a815391951068bae2c.jpg,0,0,0.9999,0.204,0.004,0.043,8.904,5.142,10.585,0.355,25.793
FireSmokeVideoNEW185_f70_jpg.rf.e28c7f6fead896c59c1a05d3dadf15e5.jpg,0,0,0.9996,0.21,0.004,0.045,7.929,1.407,8.506,0.339,18.983
FireSmokeVideoNEW185_f74_jpg.rf.a3cbb5e5ef37719d9abc8ed9cb13f10e.jpg,0,0,0.9999,0.202,0.004,0.044,4.966,0.982,7.283,0.239,14.118
FireSmokeVideoNEW185_f76_jpg.rf.eff6abee6c5232efbeb0ffaa184ebb6d.jpg,0,0,1.0,0.21,0.004,0.047,4.534,1.006,7.105,0.224,13.519
FireSmokeVideoNEW185_f78_jpg.rf.8411f59f4794e43dea8fee3fd7e0be8f.jpg,0,0,1.0,0.202,0.004,0.048,5.04,0.98,7.104,0.218,13.987
FireSmokeVideoNEW185_f7_jpg.rf.52c412132fe5907b6a5e187fc8693d93.jpg,0,0,0.9992,0.222,0.004,0.044,4.533,0.978,7.109,0.225,13.495
FireSmokeVideoNEW185_f8_jpg.rf.b2f174a46bc664e05b2a000b1a539f0a.jpg,0,0,0.9999,0.301,0.007,0.051,6.382,3.343,7.438,0.285,18.221
FireSmokeVideoNEW186_f1_jpg.rf.9eaf3486dd5de321c58c13a8f3c0e10e.jpg,0,0,0.9791,0.211,0.004,0.047,5.464,1.13,7.198,0.239,14.692
FireSmokeVideoNEW186_f24_jpg.rf.35cb6036992c48df2555bef2057f0b53.jpg,0,0,0.9746,0.203,0.004,0.041,4.73,0.979,9.361,0.236,15.959
FireSmokeVideoNEW186_f3_jpg.rf.58728cf59ceb522c51dd6157ad6944bf.jpg,0,0,0.9749,0.204,0.004,0.045,4.566,1.009,7.125,0.229,13.568
FireSmokeVideoNEW188_f53_jpg.rf.082a762c0e4cc9b0018de58486f89da2.jpg,0,0,1.0,0.303,0.005,0.055,4.802,0.977,7.197,0.23,14.023
FireSmokeVideoNEW191_f14_jpg.rf.8c0274a87d76e49504ea99085c3adcaa.jpg,0,0,0.6568,0.207,0.005,0.047,4.51,1.08,7.119,0.222,13.573
FireSmokeVideoNEW191_f17_jpg.rf.0b561906a11a7cb3708f59b9e5ea5285.jpg,0,1,0.7949,0.203,0.004,0.043,4.603,1.393,7.547,0.221,14.679
FireSmokeVideoNEW191_f3_jpg.rf.199e7b7c54089ad40dc08b6206796865.jpg,0,0,0.8455,0.209,0.004,0.044,4.53,1.046,7.119,0.226,13.551
FireSmokeVideoNEW191_f6_jpg.rf.c733105e5332e503fe2f91c9d2b0df7d.jpg,0,0,0.6801,1.201,0.005,0.069,8.351,3.938,14.299,0.279,28.529
FireSmokeVideoNEW193_f26_jpg.rf.810d17c9c2f0c19d3f82366a4641bffa.jpg,0,0,0.8028,0.313,0.005,0.054,7.779,3.415,11.376,0.376,23.724
FireSmokeVideoNEW193_f33_jpg.rf.9bd762994b1e0d1fa6d8fa924ced4d72.jpg,0,0,1.0,0.207,0.004,0.049,6.494,1.174,8.479,0.358,17.888
FireSmokeVideoNEW193_f37_jpg.rf.8351a8e46e2527901b0116eea4a67888.jpg,0,0,0.9499,0.31,0.007,0.061,8.241,1.64,8.269,0.248,19.341
FireSmokeVideoNEW194_f0_jpg.rf.bedc3bcac81b79f6421a12b83ca8292e.jpg,0,0,1.0,0.333,0.006,0.057,6.971,1.404,7.81,0.234,17.309
FireSmokeVideoNEW194_f11_jpg.rf.77f39c6b40eab453b277d95cf5de303e.jpg,0,0,0.9876,0.582,0.006,0.059,7.037,1.013,7.275,0.239,16.584
FireSmokeVideoNEW194_f13_jpg.rf.1a936489c44dd3ea6a426232555f6385.jpg,0,0,0.9999,0.28,0.004,0.045,9.626,4.801,12.104,0.257,27.649
FireSmokeVideoNEW194_f15_jpg.rf.958cda76fca7843a088129f35293e6bc.jpg,0,0,1.0,0.324,0.006,0.056,8.424,3.044,8.572,0.343,21.165
FireSmokeVideoNEW194_f17_jpg.rf.0af509bf3c4051407e9a2c323d36552d.jpg,0,0,1.0,0.314,0.008,0.064,7.119,1.379,8.396,0.233,18.055
FireSmokeVideoNEW194_f19_jpg.rf.0eaecfa3ade01642b349fa1fac2243d3.jpg,0,0,1.0,0.2,0.003,0.044,5.136,1.042,8.003,0.341,15.168
FireSmokeVideoNEW194_f20_jpg.rf.9c8d54f92010beefbf37f4971a0512d5.jpg,0,0,1.0,0.209,0.004,0.045,5.778,2.059,7.246,0.234,15.967
FireSmokeVideoNEW194_f22_jpg.rf.568fae5d24e9c604657b4e0b3210f521.jpg,0,0,0.9946,0.208,0.005,0.045,4.474,1.004,7.193,0.232,13.553
FireSmokeVideoNEW194_f24_jpg.rf.715ef729ffb473d071e4f4636696c5ea.jpg,0,0,0.708,0.199,0.004,0.044,4.517,1.021,7.225,0.219,13.618
FireSmokeVideoNEW194_f26_jpg.rf.07bffcdf632b597c877b6ebb07f7f903.jpg,0,0,0.5962,0.216,0.004,0.044,8.895,5.002,13.055,0.515,28.312
FireSmokeVideoNEW194_f28_jpg.rf.ad2eb6b3914b59cd334e04ddba2c9585.jpg,0,0,0.9856,0.207,0.004,0.044,10.304,6.074,7.374,0.245,24.79
FireSmokeVideoNEW194_f4_jpg.rf.33a7f5de9a08037605f3061fd9289762.jpg,0,0,1.0,0.319,0.005,0.061,8.626,1.483,8.495,0.347,19.89
FireSmokeVideoNEW194_f6_jpg.rf.8cca41d45e1b9d48be4b6e39b449b550.jpg,0,0,0.9995,0.317,0.006,0.057,8.202,1.291,8.273,0.244,18.909
FireSmokeVideoNEW194_f8_jpg.rf.1c8751d3993e5ef2ea8196810f6d337c.jpg,0,1,0.4148,0.269,0.004,0.047,10.719,2.975,13.428,0.443,28.41
FireSmokeVideoNEW198_f0_jpg.rf.a197c8cac401e59c22192d1555beb0e3.jpg,0,0,1.0,0.206,0.004,0.047,6.622,1.399,12.098,0.421,21.365
FireSmokeVideoNEW198_f21_jpg.rf.a2b8b5d44e8d06e56049adcccab34051.jpg,0,0,0.9997,0.337,0.007,0.059,10.892,1.043,9.329,0.239,22.313
FireSmokeVideoNEW198_f34_jpg.rf.dc59b6a3b8102f74895580de214bfb05.jpg,0,0,0.9999,0.199,0.004,0.043,4.74,1.037,7.203,0.23,13.851
FireSmokeVideoNEW198_f44_jpg.rf.5dd543728cb7054631cff884b6543c99.jpg,0,0,1.0,0.246,0.004,0.046,4.865,1.072,7.18,0.24,14.045
FireSmokeVideoNEW198_f53_jpg.rf.de8d1453cc5cc99b16dce8024a19a099.jpg,0,0,1.0,0.261,0.004,0.049,4.458,1.04,9.237,0.243,15.684
FireSmokeVideoNEW198_f5_jpg.rf.884199e8cf813521587bb72304469a91.jpg,0,0,1.0,0.215,0.004,0.045,4.571,1.043,7.204,0.229,13.704
FireSmokeVideoNEW198_f62_jpg.rf.f0f37f4fd52e11ec4c2c1dc4a6a1e84b.jpg,0,0,1.0,0.21,0.004,0.044,4.644,1.512,7.254,0.233,14.284
FireSmokeVideoNEW198_f76_jpg.rf.f975d49de39948662a604f3b8699ae17.jpg,0,0,1.0,0.26,0.005,0.048,4.734,1.043,7.172,0.246,13.89
FireSmokeVideoNEW199_f12_jpg.rf.49a41daf162adddafd342b71a52d065b.jpg,0,0,0.9994,0.206,0.004,0.131,6.569,3.228,7.363,0.293,18.198
FireSmokeVideoNEW199_f22_jpg.rf.8cdd9234d4536b401d4424786242eb42.jpg,0,0,1.0,0.21,0.004,0.045,7.619,1.209,7.984,0.385,17.942
FireSmokeVideoNEW199_f24_jpg.rf.008e48718432deea401ae6c22de5b75d.jpg,0,0,1.0,0.209,0.004,0.044,4.833,1.055,7.105,0.224,13.869
FireSmokeVideoNEW199_f38_jpg.rf.437998fd3a55f2321789262434449bcc.jpg,0,0,1.0,0.208,0.004,0.045,4.932,1.122,7.14,0.219,14.068
FireSmokeVideoNEW19_f10_jpg.rf.cf14bceef74bfc964ef994979cc85365.jpg,0,0,0.9566,0.202,0.004,0.046,4.98,1.058,7.706,0.218,14.601
FireSmokeVideoNEW19_f14_jpg.rf.0f8ded1e4755de812e6a69682afa2fdf.jpg,0,1,0.5224,0.297,0.006,0.055,5.343,1.054,7.088,0.223,14.5
FireSmokeVideoNEW19_f1_jpg.rf.8d3f142daa5385682ce49a400b014079.jpg,0,0,0.9825,0.304,0.004,0.057,5.159,1.067,7.098,0.22,14.317
FireSmokeVideoNEW19_f22_jpg.rf.ce3d1c80d56894bcf65024fa15dc5310.jpg,0,0,1.0,0.201,0.004,0.044,7.711,3.322,7.362,0.253,19.288
FireSmokeVideoNEW19_f25_jpg.rf.f697293980b11b6be600b4ac25288076.jpg,0,0,0.9981,0.216,0.004,0.051,7.469,3.218,11.788,0.328,23.499
FireSmokeVideoNEW19_f28_jpg.rf.870932a2658929b11f426603c6e76178.jpg,0,0,0.9999,0.215,0.004,0.047,7.652,0.916,8.466,0.239,17.909
FireSmokeVideoNEW19_f5_jpg.rf.4c01349c8f37322abb65548b065db87c.jpg,0,0,0.9952,0.199,0.004,0.047,4.626,0.976,7.116,0.238,13.584
FireSmokeVideoNEW204_f48_jpg.rf.a6d888db8bc478f73df454d622b4af74.jpg,0,0,0.9999,0.203,0.004,0.044,6.364,6.24,13.39,0.247,27.107
FireSmokeVideoNEW204_f50_jpg.rf.ef08c4a49d4bce14c2100efb6049f535.jpg,0,0,0.9981,0.2,0.005,0.042,8.58,4.233,7.904,0.265,21.76
FireSmokeVideoNEW204_f74_jpg.rf.5a3b99ac607f85f17c275ace5db8b56c.jpg,0,0,1.0,0.264,0.005,0.074,8.237,0.932,9.441,0.257,19.663
FireSmokeVideoNEW204_f76_jpg.rf.cf1ad84e2d9dff94bca8293370941b6b.jpg,0,0,1.0,0.205,0.004,0.048,6.662,3.49,8.298,0.271,19.5
FireSmokeVideoNEW205_f10_jpg.rf.e7fba039a83b2825fe8609a3ad1fe3ca.jpg,0,0,0.9997,0.207,0.005,0.043,11.388,4.58,15.649,0.273,32.53
FireSmokeVideoNEW205_f12_jpg.rf.12f55726a2d241d15d16c3a031c7acfe.jpg,0,0,0.9999,0.296,0.006,0.048,7.812,3.573,8.246,0.225,20.718
FireSmokeVideoNEW205_f14_jpg.rf.7a8c8488271699eab8c256966bb96d8f.jpg,0,0,0.9991,0.315,0.007,0.062,7.531,1.253,7.727,0.22,17.608
FireSmokeVideoNEW205_f16_jpg.rf.e905c3e16c4928c286b1f3fefbcc9f1c.jpg,0,0,0.9893,0.31,0.007,0.076,5.037,1.182,8.033,0.332,15.375
FireSmokeVideoNEW205_f18_jpg.rf.51e26c76cda96a888f7cc153c055c57e.jpg,0,0,0.9993,0.324,0.007,0.058,7.706,1.353,10.616,0.339,21.063
FireSmokeVideoNEW205_f1_jpg.rf.9ee331f7891fbff5a81e53f10a46bf6c.jpg,0,0,0.772,0.284,0.004,0.044,5.425,1.301,8.44,0.387,16.407
FireSmokeVideoNEW205_f21_jpg.rf.3f9e31151c6d741f1821d0b631734f10.jpg,0,0,0.9985,0.321,0.005,0.061,11.852,3.739,12.153,0.25,28.772
FireSmokeVideoNEW205_f23_jpg.rf.49d41f9e8f04815aecdc7705619019c0.jpg,0,0,0.7824,0.311,0.006,0.06,6.746,1.102,7.244,0.244,16.123
FireSmokeVideoNEW205_f25_jpg.rf.3ffd9812a06a282282d13f0de04d1b95.jpg,0,0,0.9366,0.309,0.006,0.061,6.733,4.754,10.816,0.41,23.684
FireSmokeVideoNEW205_f27_jpg.rf.6b467cc45707dc3b2bb6179354ba0de2.jpg,0,1,0.5156,0.202,0.004,0.043,6.876,1.127,7.998,0.371,17.035
FireSmokeVideoNEW205_f29_jpg.rf.f1b55cdd166f109f23ddbc5b550dbb25.jpg,0,0,0.7506,0.203,0.004,0.047,4.871,0.991,7.113,0.225,13.85
FireSmokeVideoNEW205_f30_jpg.rf.c39e1a1a9569704ab1625e342b6768fa.jpg,0,0,0.755,0.205,0.004,0.042,4.529,0.993,7.112,0.216,13.496
FireSmokeVideoNEW205_f32_jpg.rf.16aadfde338db2f3d2e35229ca90b5b0.jpg,0,0,0.8721,0.203,0.004,0.045,6.599,3.059,7.331,0.256,17.9
FireSmokeVideoNEW205_f4_jpg.rf.3e50ea94e80f738241c392a66bc4dbc4.jpg,0,0,0.9559,0.21,0.004,0.046,8.745,3.337,7.158,0.238,20.127
FireSmokeVideoNEW205_f6_jpg.rf.0b84566f03710d216aaa2cb4629d22b6.jpg,0,0,0.9955,0.203,0.004,0.044,6.682,1.025,7.161,0.235,15.754
FireSmokeVideoNEW205_f8_jpg.rf.e746678079c464fa2e02dbdd96397757.jpg,0,0,0.999,0.241,0.004,0.047,4.464,1.027,7.12,0.221,13.516
FireSmokeVideoNEW207_f29_jpg.rf.5072e43a3f70899810cd248ae290c6fc.jpg,0,0,0.9875,0.206,0.004,0.047,4.518,1.017,7.134,0.221,13.545
FireSmokeVideoNEW207_f38_jpg.rf.7da7afabcee0fe3fc4e99b02cb7ec200.jpg,0,0,0.8073,0.2,0.004,0.043,4.681,1.024,7.14,0.218,13.7
FireSmokeVideoNEW207_f50_jpg.rf.38e43eaa6c7f0b0b6aef8d92ae7bc33b.jpg,0,0,0.9705,0.201,0.004,0.044,6.278,1.058,7.571,0.248,15.8
FireSmokeVideoNEW207_f52_jpg.rf.ac33bf9cb002460544fa6971c6294cd1.jpg,0,0,0.9974,0.219,0.005,0.048,4.512,1.067,7.172,0.234,13.645
FireSmokeVideoNEW207_f62_jpg.rf.589bc38eadda71f1f9f9b5fd6a31bdaf.jpg,0,0,0.8037,0.223,0.004,0.05,4.854,1.549,7.218,0.288,14.575
FireSmokeVideoNEW207_f64_jpg.rf.fa87ea2073e4c69c27d5ec48824a23ce.jpg,0,0,0.9635,0.371,0.004,0.05,8.65,4.856,7.16,0.236,21.751
FireSmokeVideoNEW207_f68_jpg.rf.cb005a57beb7f72ad09dd7f63a7c65ae.jpg,0,0,0.9874,0.202,0.004,0.044,5.633,1.093,7.225,0.25,14.852
FireSmokeVideoNEW213_f0_jpg.rf.acf66f73cae0ef7ffba8d96df3334bc1.jpg,0,0,1.0,0.223,0.004,0.049,5.184,1.098,7.159,0.231,14.343
FireSmokeVideoNEW213_f37_jpg.rf.504df7a22d9a3682f368bb8e9a864b74.jpg,0,0,1.0,0.219,0.004,0.048,5.468,1.101,7.237,0.242,14.717
FireSmokeVideoNEW213_f39_jpg.rf.f610dda1c4694427bb2aeb65f22d2519.jpg,0,0,0.9999,0.267,0.004,0.048,6.121,1.001,7.169,0.238,15.249
FireSmokeVideoNEW214_f28_jpg.rf.b67e2997751e40a1d9c240eecdfeb90d.jpg,0,1,0.9995,0.203,0.004,0.046,4.307,1.008,7.167,0.221,13.354
FireSmokeVideoNEW214_f31_jpg.rf.dddac8520abe0f1d5e75b81b84c20c28.jpg,0,1,0.9965,0.203,0.004,0.044,4.339,1.066,7.106,0.218,13.376
FireSmokeVideoNEW217_f100_jpg.rf.a9373ce1ec863a48d8653481c26156f5.jpg,0,0,0.9709,0.202,0.004,0.044,9.268,5.059,13.484,0.249,28.856
FireSmokeVideoNEW217_f108_jpg.rf.16b93711189f1762379f69af719c328d.jpg,0,0,1.0,0.205,0.004,0.044,10.177,4.678,10.524,0.287,26.443
FireSmokeVideoNEW217_f10_jpg.rf.74821e6a9bb2e7227205f7dd92777b6b.jpg,0,0,1.0,0.343,0.006,0.053,6.117,0.999,7.811,0.338,16.056
FireSmokeVideoNEW217_f111_jpg.rf.2299bed8cbf01a1b7e6778708e83477b.jpg,0,0,0.9978,0.307,0.006,0.058,6.512,0.978,7.117,0.225,15.587
FireSmokeVideoNEW217_f113_jpg.rf.efd09cd8788647385379fdb3dcf3c087.jpg,0,0,0.9951,0.206,0.004,0.045,6.307,0.985,7.468,0.35,15.758
FireSmokeVideoNEW217_f116_jpg.rf.48b271377b83f27ee6794dd67b51d137.jpg,0,0,1.0,0.279,0.006,0.072,4.952,1.264,8.932,0.484,16.507
FireSmokeVideoNEW217_f118_jpg.rf.c3282ec3adcd1755ad307af23c40158c.jpg,0,0,1.0,0.321,0.007,0.058,11.1,3.364,8.226,0.28,23.897
FireSmokeVideoNEW217_f11_jpg.rf.fe9b613659b1f6ffc68f08f6db48adfc.jpg,0,0,1.0,0.341,0.006,0.064,7.877,1.022,7.188,0.283,17.176
FireSmokeVideoNEW217_f121_jpg.rf.2353ff1ea9e105ec7579a296ba31d42b.jpg,0,0,1.0,0.206,0.004,0.045,4.53,0.98,7.118,0.223,13.495
FireSmokeVideoNEW217_f128_jpg.rf.4c9569a8817155737f29d57b918b693b.jpg,0,0,1.0,0.21,0.004,0.045,4.704,1.091,7.082,0.225,13.771
FireSmokeVideoNEW217_f137_jpg.rf.355e1445e5755263e17f71f5cfb3cabd.jpg,0,0,1.0,0.206,0.005,0.043,4.607,1.003,7.106,0.234,13.59
FireSmokeVideoNEW217_f139_jpg.rf.a015957ad4d8c893764adadc3564d5e6.jpg,0,0,0.9998,0.316,0.007,0.051,4.705,0.984,7.14,0.222,13.848
FireSmokeVideoNEW217_f140_jpg.rf.905cd403c725484f47e8c319d12c0bcc.jpg,0,0,0.9852,0.197,0.004,0.045,4.554,1.014,7.129,0.224,13.563
FireSmokeVideoNEW217_f142_jpg.rf.7b2f15a8e46783cf42066fccdd511a78.jpg,0,0,0.9665,0.209,0.003,0.047,4.508,0.979,7.126,0.237,13.502
FireSmokeVideoNEW217_f144_jpg.rf.0fc96687f30d64cc901010a04935ecea.jpg,0,0,0.9966,0.312,0.006,0.053,4.822,1.563,8.102,0.278,15.54
FireSmokeVideoNEW217_f146_jpg.rf.13b5b53c5d09bff9bf09edae5d018768.jpg,0,0,0.9987,0.204,0.004,0.044,9.087,3.897,7.449,0.371,21.552
FireSmokeVideoNEW217_f14_jpg.rf.33a5f93f8923477faa40a251919cbb30.jpg,0,0,1.0,0.207,0.004,0.045,4.708,1.079,7.126,0.224,13.795
FireSmokeVideoNEW217_f165_jpg.rf.c321a908fed949be52d3de878e3af068.jpg,0,0,1.0,0.205,0.004,0.042,5.701,1.145,7.797,0.346,15.654
FireSmokeVideoNEW217_f167_jpg.rf.f5f387fa96eefadd6d5da4f9eba93fe8.jpg,0,0,1.0,0.205,0.004,0.043,4.626,1.107,9.095,0.234,15.712
FireSmokeVideoNEW217_f169_jpg.rf.d4e8d9fc726c7674b5c544ca652f18ed.jpg,0,0,1.0,0.202,0.004,0.044,4.567,1.016,7.151,0.225,13.615
FireSmokeVideoNEW217_f170_jpg.rf.40da8c3a814bec9203dda24f6fdc4aa2.jpg,0,0,0.9999,0.294,0.005,0.058,4.585,1.108,7.115,0.23,13.796
FireSmokeVideoNEW217_f175_jpg.rf.b2b07756e0402cc49db122e0add77753.jpg,0,0,1.0,0.204,0.004,0.047,4.489,0.999,7.109,0.234,13.483
FireSmokeVideoNEW217_f177_jpg.rf.88605f9b92cb5461c60d2194538ba864.jpg,0,0,1.0,0.307,0.006,0.057,4.964,1.038,9.227,0.282,16.282
FireSmokeVideoNEW217_f179_jpg.rf.ffad74096c7d49c5a971bb63e9e0893e.jpg,0,0,1.0,0.205,0.004,0.045,5.082,1.033,9.416,0.247,16.426
FireSmokeVideoNEW217_f181_jpg.rf.ae1f277e7c1fc1083975d6a487d5c575.jpg,0,0,0.9998,0.203,0.004,0.043,5.093,1.074,7.172,0.235,14.229
FireSmokeVideoNEW217_f183_jpg.rf.96e621baf17954f5a25876fa98b76901.jpg,0,0,1.0,0.235,0.004,0.045,4.412,1.006,7.096,0.232,13.428
FireSmokeVideoNEW217_f188_jpg.rf.c5e2ff45dde47a1ffaaa95f6e696e5d8.jpg,0,0,1.0,0.323,0.008,0.06,4.87,1.694,7.158,0.243,14.748
FireSmokeVideoNEW217_f18_jpg.rf.e259ee4817325821386e228d69ec590b.jpg,0,0,1.0,0.237,0.004,0.044,4.41,0.998,7.178,0.259,13.53
FireSmokeVideoNEW217_f195_jpg.rf.abb4ee4eacb3c0bc28eb69dcce0900b1.jpg,0,0,1.0,0.329,0.006,0.058,8.059,3.478,7.346,0.292,20.023
FireSmokeVideoNEW217_f197_jpg.rf.69f085f5fc5fe3b6704f1697894ab870.jpg,0,0,1.0,0.335,0.006,0.062,6.451,1.063,7.231,0.24,15.791
FireSmokeVideoNEW217_f199_jpg.rf.2034ba41cbc2996d2b0be969381dd53a.jpg,0,0,1.0,0.207,0.004,0.045,10.338,3.111,13.267,0.252,27.632
FireSmokeVideoNEW217_f200_jpg.rf.8e08442e7fba319b06ec60772c8d87b9.jpg,0,0,1.0,0.204,0.005,0.043,8.402,3.674,7.497,0.377,20.633
FireSmokeVideoNEW217_f20_jpg.rf.cd45d53c627554532a83cb04b923b1d7.jpg,0,0,1.0,0.314,0.006,0.062,9.199,3.198,7.391,0.238,20.798
FireSmokeVideoNEW217_f213_jpg.rf.907c7f8bf6e7a1f549c1d58b68a8f402.jpg,0,0,1.0,0.313,0.006,0.061,8.624,2.887,12.349,0.31,24.96
FireSmokeVideoNEW217_f215_jpg.rf.3fa3043621fed653f78e6295cdb5490b.jpg,0,0,1.0,0.317,0.006,0.058,5.485,1.828,7.991,0.339,16.448
FireSmokeVideoNEW217_f217_jpg.rf.55bd84fe4077a3d1595a56350af545cd.jpg,0,0,1.0,0.34,0.005,0.06,7.99,1.469,7.755,0.225,18.359
FireSmokeVideoNEW217_f21_jpg.rf.2dfb9ce2f22edf5be1fd53fa1942bfd2.jpg,0,0,1.0,0.328,0.006,0.057,9.78,5.078,13.389,0.293,29.72
FireSmokeVideoNEW217_f23_jpg.rf.cd19d39e70dfebad7cff6545b5b6019d.jpg,0,0,1.0,0.225,0.004,0.047,6.379,1.084,8.471,0.28,17.101
FireSmokeVideoNEW217_f25_jpg.rf.a94df0d3028a9abe6b8c10a09dec7c59.jpg,0,0,1.0,0.203,0.005,0.045,9.216,2.862,8.467,0.404,21.713
FireSmokeVideoNEW217_f27_jpg.rf.06ba12fefcbb80378faafa6ce1db4f32.jpg,0,0,1.0,0.311,0.007,0.061,8.143,3.178,8.168,0.236,20.695
FireSmokeVideoNEW217_f29_jpg.rf.efc5389a39f0e16e63edc5a792879459.jpg,0,0,1.0,0.212,0.004,0.047,5.08,1.025,8.158,0.335,15.284
FireSmokeVideoNEW217_f30_jpg.rf.d0b9592c67eb506d0e8be54cab7fed05.jpg,0,0,1.0,0.319,0.007,0.059,6.681,1.019,7.256,0.24,15.973
FireSmokeVideoNEW217_f32_jpg.rf.79ac9c71917c29f71dff9368fd819e70.jpg,0,0,1.0,0.199,0.004,0.048,6.454,3.44,8.271,0.385,19.211
FireSmokeVideoNEW217_f34_jpg.rf.2406074bcd38a38b07569c36e10c4c9b.jpg,0,0,1.0,0.216,0.004,0.044,6.342,2.385,7.701,0.342,17.528
FireSmokeVideoNEW217_f36_jpg.rf.f4677a9876506e73056dbb5e4d1867ac.jpg,0,0,1.0,0.202,0.004,0.048,4.587,1.008,7.135,0.231,13.607
FireSmokeVideoNEW217_f38_jpg.rf.56cbb6b9ba8dcb8a6e849b50a427e820.jpg,0,0,1.0,0.2,0.004,0.046,5.327,1.006,7.275,0.242,14.501
FireSmokeVideoNEW217_f40_jpg.rf.5e0bf555a150e965529da135af30a843.jpg,0,0,1.0,0.209,0.004,0.046,4.42,1.052,9.203,0.225,15.549
FireSmokeVideoNEW217_f42_jpg.rf.547bf36d056de255bbbe8865cf2169e4.jpg,0,0,1.0,0.201,0.004,0.047,4.489,1.028,7.169,0.223,13.558
FireSmokeVideoNEW217_f44_jpg.rf.53343693989b66932b14e172d5b51021.jpg,0,0,1.0,0.201,0.004,0.047,4.438,1.05,7.139,0.223,13.493
FireSmokeVideoNEW217_f46_jpg.rf.6c09d1078ba60b84e5eeae62e8b43ee4.jpg,0,0,1.0,0.21,0.004,0.046,4.512,1.027,7.117,0.233,13.542
FireSmokeVideoNEW217_f48_jpg.rf.960f1757efc2361b33061b66881276af.jpg,0,0,1.0,0.204,0.004,0.043,5.601,4.582,8.631,0.545,20.04
FireSmokeVideoNEW217_f50_jpg.rf.5a4c5a00a2dff53d3d1e9b4912a5e80a.jpg,0,0,1.0,0.208,0.004,0.046,5.485,2.327,7.976,0.352,16.95
FireSmokeVideoNEW217_f52_jpg.rf.f80dd0cbedbe18de1503c537d55a5481.jpg,0,0,0.9998,0.194,0.004,0.045,8.649,3.136,8.084,0.247,20.857
FireSmokeVideoNEW217_f55_jpg.rf.192d21a1a9cdd1e7400d2d5319251009.jpg,0,0,0.9992,0.323,0.007,0.063,8.658,1.352,13.139,0.262,24.333
FireSmokeVideoNEW217_f58_jpg.rf.09abcbd86f7cf4acca982ff3c84479bf.jpg,0,0,1.0,0.312,0.006,0.062,5.902,1.151,7.837,0.369,16.041
FireSmokeVideoNEW217_f60_jpg.rf.2af19e844fb73cffddc8cd48cea110ef.jpg,0,0,1.0,0.32,0.006,0.061,10.552,3.074,7.179,0.229,21.837
FireSmokeVideoNEW217_f6_jpg.rf.9ad603f7c039681979d3382daca3dfca.jpg,0,0,1.0,0.2,0.004,0.046,7.336,3.9,8.363,0.268,20.643
FireSmokeVideoNEW217_f7_jpg.rf.7a963cc9523ed71e48510b941a897169.jpg,0,0,1.0,0.206,0.004,0.043,7.907,0.934,8.471,0.462,18.441
FireSmokeVideoNEW217_f85_jpg.rf.04954f9a86137e0fdb1a724cfe2e3866.jpg,0,0,1.0,0.202,0.004,0.045,5.198,1.356,8.957,0.222,16.41
FireSmokeVideoNEW217_f96_jpg.rf.9aeddcb7059e6f24f5deb788b8d30f2b.jpg,0,0,0.9946,0.316,0.007,0.056,7.969,1.479,7.905,0.237,18.509
FireSmokeVideoNEW217_f98_jpg.rf.523eafbbea416669a571f038b78ed6db.jpg,0,0,0.9937,0.299,0.006,0.056,5.024,1.069,7.116,0.241,14.218
FireSmokeVideoNEW217_f9_jpg.rf.add7279aa36849c24e3ac2f2216f064d.jpg,0,0,1.0,0.233,0.004,0.046,4.999,1.073,7.114,0.23,14.106
FireSmokeVideoNEW219_f100_jpg.rf.e9c25439b3dad49808efeef37acaf92b.jpg,0,1,0.7522,0.2,0.004,0.043,4.922,1.063,9.227,0.341,16.201
FireSmokeVideoNEW219_f103_jpg.rf.5c3a06fd5e7e5de7bc2439421cae9ca3.jpg,0,1,0.9999,0.203,0.004,0.042,4.91,1.126,7.086,0.225,13.996
FireSmokeVideoNEW219_f105_jpg.rf.93e9b68294084ef359c3fbac8af68844.jpg,0,1,0.7661,0.203,0.004,0.048,11.977,4.253,13.738,0.267,31.033
FireSmokeVideoNEW219_f107_jpg.rf.2279d0f434d08b421e5847b77ba49c98.jpg,0,0,0.9693,0.201,0.004,0.073,6.841,3.514,11.13,0.271,22.589
FireSmokeVideoNEW219_f109_jpg.rf.2497933b49e36296ad41b2a9e7c629af.jpg,0,1,0.6497,0.204,0.004,0.046,8.89,1.411,8.087,0.224,19.384
FireSmokeVideoNEW219_f111_jpg.rf.d13eb49c432b395eb0f4789afa26799e.jpg,0,0,0.9441,0.306,0.006,0.058,6.106,1.003,7.118,0.219,15.21
FireSmokeVideoNEW219_f116_jpg.rf.ae9afca806c236a71f19e8f194bf2109.jpg,0,0,0.7341,0.305,0.006,0.056,5.783,3.098,7.188,0.232,17.066
FireSmokeVideoNEW219_f118_jpg.rf.75f5a183e6eb763184506172e56826c1.jpg,0,1,0.5603,0.207,0.004,0.045,4.492,1.073,7.075,0.224,13.564
FireSmokeVideoNEW219_f120_jpg.rf.8875901f36a17bf88cbe1e1e9321ee1c.jpg,0,0,0.7861,0.212,0.004,0.045,8.999,4.42,12.287,0.647,27.053
FireSmokeVideoNEW219_f122_jpg.rf.3f2b747a1a6d8bb134411da04b6d5ceb.jpg,0,0,0.9737,0.21,0.004,0.045,4.664,1.008,7.13,0.248,13.699
FireSmokeVideoNEW219_f126_jpg.rf.52f94dd838172beb57e8ec37c56c19f4.jpg,0,0,0.974,0.295,0.005,0.054,5.218,1.055,7.117,0.259,14.379
FireSmokeVideoNEW219_f129_jpg.rf.d5223592df753ce9aeeff5fbcfd2f6f3.jpg,0,0,0.9635,0.2,0.004,0.047,4.605,1.01,7.109,0.231,13.594
FireSmokeVideoNEW219_f131_jpg.rf.af45167297be8a47f6ecf78c4971240e.jpg,0,0,0.8597,0.326,0.007,0.062,5.217,1.075,7.128,0.227,14.431
FireSmokeVideoNEW219_f15_jpg.rf.978176c15dd5ec19d9fdef9fa30e2015.jpg,0,1,0.9999,0.196,0.004,0.042,4.562,1.032,7.147,0.23,13.6
FireSmokeVideoNEW219_f17_jpg.rf.a780d3a9489a1ff49e169de9167318e6.jpg,0,1,0.9998,0.299,0.007,0.057,5.022,1.165,7.109,0.225,14.297
FireSmokeVideoNEW219_f19_jpg.rf.cee064d43b06eea7a26764d10b69fa56.jpg,0,1,0.8183,0.206,0.004,0.045,4.617,0.985,7.121,0.229,13.586
FireSmokeVideoNEW219_f20_jpg.rf.fba5b315002bba70a5f2d53923ab3523.jpg,0,1,0.947,0.221,0.004,0.045,11.619,5.585,7.807,0.237,26.042
FireSmokeVideoNEW219_f23_jpg.rf.1e8e04436c82a1922489aa2b214fbd6f.jpg,0,0,0.5293,0.361,0.007,0.062,7.823,1.057,7.171,0.234,17.119
FireSmokeVideoNEW219_f25_jpg.rf.a18994c7f34d6a907f4692a87e6fa3f9.jpg,0,1,0.9739,0.242,0.004,0.048,4.803,1.13,7.123,0.22,13.965
FireSmokeVideoNEW219_f30_jpg.rf.fdee063af522e346cd388bc1a4242f7d.jpg,0,0,0.6915,0.203,0.005,0.046,5.748,1.055,7.169,0.224,14.84
FireSmokeVideoNEW219_f32_jpg.rf.ddc873a0551526ca65fa1d06f97bac64.jpg,0,0,0.9968,0.203,0.004,0.045,5.066,1.082,7.129,0.219,14.145
FireSmokeVideoNEW219_f34_jpg.rf.cad5fbd8012adc27392d185d547a64f2.jpg,0,0,0.9387,0.199,0.004,0.045,4.833,1.142,7.109,0.221,13.943
FireSmokeVideoNEW219_f36_jpg.rf.fb0ae754ede857299d29e3b6cc6ccc0d.jpg,0,1,0.6298,0.207,0.004,0.042,5.113,5.17,8.078,0.367,19.472
FireSmokeVideoNEW219_f38_jpg.rf.4e36385b74d11f5f344b6164d4443826.jpg,0,0,0.9305,0.234,0.006,0.059,13.298,3.944,15.061,0.366,33.875
FireSmokeVideoNEW219_f3_jpg.rf.9a3acc348be776f3126eaa01a6b9143d.jpg,0,1,1.0,0.214,0.004,0.05,4.578,1.22,7.189,0.278,13.934
FireSmokeVideoNEW219_f44_jpg.rf.c6201b2a651fb15d42c47372f48143ea.jpg,0,0,0.6779,0.213,0.004,0.046,4.605,1.087,7.217,0.249,13.819
FireSmokeVideoNEW219_f49_jpg.rf.f8352761af02510da64ff9dbb7764208.jpg,0,0,0.9828,0.323,0.006,0.058,4.729,1.283,7.172,0.27,14.236
FireSmokeVideoNEW219_f50_jpg.rf.69a64e822cf2cb5905705e4998e6a371.jpg,0,1,0.4903,0.259,0.004,0.046,4.552,1.067,7.139,0.236,13.698
FireSmokeVideoNEW219_f52_jpg.rf.4ed33f2006955f25cbd6976e65731478.jpg,0,1,0.6639,0.211,0.004,0.048,4.576,2.077,7.22,0.234,14.765
FireSmokeVideoNEW219_f54_jpg.rf.2a009997f531c42dc612957036039b92.jpg,0,1,0.7341,0.214,0.004,0.048,6.107,1.065,7.162,0.243,15.23
FireSmokeVideoNEW219_f56_jpg.rf.4d435bbf60e5244de2a83067cd503697.jpg,0,1,0.9957,0.324,0.007,0.058,8.489,4.069,13.316,0.313,26.958
FireSmokeVideoNEW219_f58_jpg.rf.816855101b006e8917308145fbff4683.jpg,0,1,0.8848,0.205,0.004,0.045,5.195,0.974,8.071,0.383,15.269
FireSmokeVideoNEW219_f5_jpg.rf.c45888dccdeb80cf3c1d57eaa8742807.jpg,0,1,0.9974,0.203,0.004,0.046,5.744,1.018,8.246,0.404,16.08
FireSmokeVideoNEW219_f64_jpg.rf.fcb2ab218c52a47f8b4b7a045dbaca13.jpg,0,0,0.9811,0.311,0.006,0.061,7.706,1.833,7.674,0.234,18.353
FireSmokeVideoNEW219_f6_jpg.rf.42c28bdff3ab813f2e324a70ba7df0cd.jpg,0,1,0.7722,0.2,0.004,0.043,8.871,1.187,7.685,0.344,18.921
FireSmokeVideoNEW219_f79_jpg.rf.71af1f0cdfcf193eb39b9d23e563f5fe.jpg,0,0,0.9533,0.209,0.004,0.045,4.577,1.023,7.133,0.234,13.619
FireSmokeVideoNEW219_f82_jpg.rf.2d98843486d600dadb1fb1f51cae9b86.jpg,0,1,0.9869,0.203,0.004,0.042,5.752,1.94,8.257,0.232,17.098
FireSmokeVideoNEW219_f84_jpg.rf.2d6d394cdec8ac45d1947e9a0a70f46b.jpg,0,1,1.0,0.208,0.004,0.045,9.509,4.792,11.29,0.37,26.721
FireSmokeVideoNEW219_f86_jpg.rf.facd7c1be6d3a656b924ea93978566be.jpg,0,1,0.9954,0.198,0.004,0.045,5.202,1.029,8.413,0.229,15.523
FireSmokeVideoNEW219_f88_jpg.rf.a022c08baa2e6f8d0487a9b1be99b2fb.jpg,0,1,0.9909,0.304,0.006,0.058,5.779,1.151,7.096,0.236,15.041
FireSmokeVideoNEW219_f8_jpg.rf.046f3bd1cafb22613d463425cf33c9da.jpg,0,0,0.9894,0.308,0.005,0.063,5.407,1.055,7.168,0.218,14.669
FireSmokeVideoNEW219_f91_jpg.rf.9f1e6dfa4f1a9256334d175a92273a16.jpg,0,0,0.9464,0.301,0.006,0.053,4.936,1.044,7.123,0.228,14.09
FireSmokeVideoNEW219_f96_jpg.rf.a40be148c2196c81a3b370bf04ff8cee.jpg,0,0,0.6381,0.197,0.004,0.045,5.173,1.343,7.111,0.224,14.498
FireSmokeVideoNEW219_f98_jpg.rf.f2faa3e7c16967233b337aad59c2372d.jpg,0,0,0.7535,0.305,0.005,0.052,5.535,1.146,7.083,0.22,14.747
FireSmokeVideoNEW235_f33_jpg.rf.0a3116fe91b93b2b42685c8f07b15f59.jpg,0,0,1.0,0.199,0.004,0.043,8.23,5.467,11.868,0.285,26.532
FireSmokeVideoNEW235_f37_jpg.rf.90215e2867005d19440f24ddd8be4134.jpg,0,0,1.0,0.248,0.004,0.047,5.119,1.314,7.22,0.235,14.594
FireSmokeVideoNEW235_f40_jpg.rf.8cddc8b01761e5099ffc078afe05dcfe.jpg,0,0,1.0,0.198,0.004,0.045,4.96,1.012,7.164,0.218,14.072
FireSmokeVideoNEW237_f16_jpg.rf.5f11e272d92059f407f138e3d5a60da6.jpg,0,1,0.9989,0.206,0.004,0.047,4.634,1.091,7.135,0.216,13.725
FireSmokeVideoNEW237_f18_jpg.rf.a6fdf7b427848eb4ea6973ff968a3354.jpg,0,1,0.5904,0.364,0.004,0.047,5.518,1.067,7.167,0.233,14.807
FireSmokeVideoNEW237_f1_jpg.rf.d1f928ef436c01e7b2cf526c4f809b21.jpg,0,0,0.9981,0.206,0.004,0.044,4.248,1.003,7.208,0.237,13.353
FireSmokeVideoNEW237_f22_jpg.rf.db0488cc4f6f26c8e0fafe466b04c599.jpg,0,1,0.864,0.298,0.006,0.056,6.308,1.022,7.16,0.219,15.469
FireSmokeVideoNEW237_f24_jpg.rf.50b525402b3eeb1da34eaca14126f841.jpg,0,1,0.8864,0.205,0.004,0.044,4.762,1.026,7.136,0.234,13.812
FireSmokeVideoNEW237_f26_jpg.rf.292fa36bc2afe2ee1be1016fa5349d28.jpg,0,0,0.9378,0.329,0.006,0.061,9.283,4.423,14.103,0.284,29.228
FireSmokeVideoNEW237_f2_jpg.rf.2e172a45e9ba82d4ad523119d91a1e54.jpg,0,0,0.999,0.202,0.004,0.045,6.081,2.079,8.19,0.347,17.361
FireSmokeVideoNEW237_f36_jpg.rf.8489fa3bf6c71ee4d009d4fd3ced8a26.jpg,0,0,0.6082,0.207,0.004,0.044,5.934,1.063,7.113,0.221,15.12
FireSmokeVideoNEW237_f38_jpg.rf.83e1c26126ab42521c01f2d6fb8bf25c.jpg,0,1,0.6464,0.204,0.004,0.043,5.036,1.054,7.105,0.22,14.066
FireSmokeVideoNEW237_f40_jpg.rf.75afeed09f8d7c77cf67b47a49c36595.jpg,0,0,0.9678,0.204,0.003,0.044,4.761,1.036,9.056,0.229,15.722
FireSmokeVideoNEW237_f42_jpg.rf.1e54ef2074d501111766d23a9c125016.jpg,0,0,0.9876,0.305,0.006,0.05,5.058,1.639,7.092,0.213,14.746
FireSmokeVideoNEW239_f11_jpg.rf.68967d6ccd4e0696316a88c71059fe48.jpg,0,0,0.6678,0.32,0.007,0.059,5.093,1.305,7.161,0.237,14.56
FireSmokeVideoNEW239_f13_jpg.rf.47e9d94edb230b4d3d7a90e4a030b812.jpg,0,1,0.6912,0.358,0.006,0.056,7.488,5.202,11.307,0.245,25.167
FireSmokeVideoNEW239_f19_jpg.rf.547e1d5a34191e556bcee188b8d70562.jpg,0,0,0.9645,0.201,0.004,0.047,6.23,5.077,8.074,0.344,20.418
FireSmokeVideoNEW239_f20_jpg.rf.fc7c6c45683e4bb495152a4a71da41c9.jpg,0,0,1.0,0.204,0.004,0.047,6.143,1.663,8.359,0.309,17.271
FireSmokeVideoNEW239_f22_jpg.rf.e5b4ae7747d32b81ac24d361025cef74.jpg,0,0,1.0,0.198,0.004,0.047,7.137,1.509,8.552,0.237,18.316
FireSmokeVideoNEW239_f39_jpg.rf.aa6a200b4d0178ecbf3e7b4245b845ed.jpg,0,1,0.9222,0.202,0.004,0.046,7.04,1.036,7.211,0.231,16.158
FireSmokeVideoNEW239_f40_jpg.rf.5400696a6507c2c33b93aefa6aefe051.jpg,0,0,0.6171,0.307,0.006,0.075,6.244,1.067,7.174,0.227,15.496
FireSmokeVideoNEW239_f46_jpg.rf.d2960d91eab4ce54a9db418325f9564a.jpg,0,0,1.0,0.204,0.004,0.042,5.474,1.083,7.12,0.236,14.552
FireSmokeVideoNEW239_f59_jpg.rf.f284514ce57dd6611a19f3b0eb179ea6.jpg,0,0,0.6707,0.301,0.007,0.057,8.006,3.617,11.777,0.293,24.464
FireSmokeVideoNEW239_f60_jpg.rf.9a19d896995c8f884c4af9a5adec577c.jpg,0,0,0.8081,0.332,0.006,0.063,4.682,0.988,7.107,0.237,13.824
FireSmokeVideoNEW239_f62_jpg.rf.c5dbdb82e651aa6e0eeadf51a3d4b0b8.jpg,0,0,0.6981,0.202,0.004,0.043,6.442,1.151,7.801,0.343,16.403
FireSmokeVideoNEW239_f70_jpg.rf.f2b597cea774e2c3131039471aa2744d.jpg,0,0,0.9976,0.204,0.004,0.043,5.496,1.055,7.742,0.326,15.275
FireSmokeVideoNEW239_f7_jpg.rf.716102698433c487e0011b828b703f1d.jpg,0,1,0.5613,0.201,0.004,0.047,6.301,1.05,7.193,0.23,15.414
FireSmokeVideoNEW239_f83_jpg.rf.fd4fba17753f5ce5a45588d3a16fd999.jpg,0,0,0.9999,0.195,0.004,0.044,6.014,1.096,7.205,0.232,15.177
FireSmokeVideoNEW23_f102_jpg.rf.f6918e51a89dedb0dba64a14386fd485.jpg,0,0,0.9881,0.199,0.004,0.044,5.549,1.049,9.151,0.217,16.609
FireSmokeVideoNEW23_f105_jpg.rf.4b98f0ba685d140a37dbbc9990c03762.jpg,0,0,1.0,0.207,0.004,0.047,7.385,4.801,12.144,0.246,25.671
FireSmokeVideoNEW23_f118_jpg.rf.e6a891db192eb91ffbb8e7475705dd9d.jpg,0,0,0.9617,0.207,0.004,0.047,5.414,0.988,8.042,0.531,15.653
FireSmokeVideoNEW23_f122_jpg.rf.c171441c5b0ca3924c8c66c72534cf2b.jpg,0,0,1.0,0.204,0.004,0.045,5.157,1.149,7.165,0.232,14.363
FireSmokeVideoNEW23_f125_jpg.rf.5debf4bd1984f010c1b1dcd28310aa83.jpg,0,0,0.9976,0.208,0.004,0.044,5.273,1.089,9.364,0.237,16.619
FireSmokeVideoNEW23_f127_jpg.rf.37c0782706a1236efceb4c739407dd25.jpg,0,0,0.7422,0.202,0.004,0.046,5.08,1.098,7.193,0.23,14.251
FireSmokeVideoNEW23_f129_jpg.rf.2ea639692a7e29daa8b8ea1de69eeb72.jpg,0,1,0.5943,0.21,0.004,0.047,4.845,1.098,7.149,0.229,13.966
FireSmokeVideoNEW23_f131_jpg.rf.466531ad1511190a89c1eb2be15960fd.jpg,0,0,0.7677,0.326,0.006,0.059,5.079,1.188,7.142,0.298,14.499
FireSmokeVideoNEW23_f133_jpg.rf.4cb0c0e8f14d2f4314645ba2d96e90d0.jpg,0,0,0.9996,0.257,0.004,0.047,4.845,2.262,7.217,0.231,15.451
FireSmokeVideoNEW23_f17_jpg.rf.7e12e7a6b3bf78ade1514efca4fa6b17.jpg,0,0,0.9801,0.221,0.004,0.046,8.38,6.305,14.307,0.285,30.127
FireSmokeVideoNEW23_f20_jpg.rf.45ba21827ce25fc5f38bfbc2f24d6b8e.jpg,0,0,0.9931,0.303,0.007,0.058,6.693,1.019,7.546,0.372,16.411
FireSmokeVideoNEW23_f22_jpg.rf.29f2d535a890c06a4cf54fb62aeae916.jpg,0,0,0.9998,0.334,0.005,0.064,8.365,1.233,10.716,0.247,21.467
FireSmokeVideoNEW23_f24_jpg.rf.967b8a5e7330bbab9f4342e93da5b612.jpg,0,0,1.0,0.354,0.007,0.061,7.037,1.315,7.435,0.355,16.961
FireSmokeVideoNEW23_f27_jpg.rf.31f2d7fbc4ad759a14190cf119c86cd3.jpg,0,0,0.8502,0.21,0.005,0.045,5.054,1.003,8.498,0.253,15.474
FireSmokeVideoNEW23_f30_jpg.rf.73360b6fc9f719c0b07919def1843b67.jpg,0,0,0.9421,0.293,0.006,0.058,6.558,1.04,7.182,0.29,15.812
FireSmokeVideoNEW23_f36_jpg.rf.a573980f5cbddf58725ec307297ae2c2.jpg,0,0,0.9999,0.203,0.004,0.045,5.307,1.401,7.269,0.242,14.851
FireSmokeVideoNEW23_f44_jpg.rf.9cb37443c4da43f08c79e1c8c7270ad3.jpg,0,0,1.0,0.315,0.007,0.059,8.465,7.271,12.956,0.24,29.824
FireSmokeVideoNEW23_f50_jpg.rf.1d318ace626b552ab85bedae9c6fe2ae.jpg,0,0,0.9996,0.195,0.004,0.045,7.84,3.165,9.045,0.231,21.971
FireSmokeVideoNEW23_f57_jpg.rf.4e21297b504ef4126b9a6b95cad8ca0c.jpg,0,0,0.9999,0.325,0.006,0.063,9.762,1.469,8.408,0.347,20.934
FireSmokeVideoNEW23_f59_jpg.rf.d2f656988b1f5b0fb714b178d9799544.jpg,0,0,0.9998,0.331,0.007,0.059,7.983,1.175,7.442,0.366,17.76
FireSmokeVideoNEW23_f63_jpg.rf.0ac33d38cacbd861c7b582f17c820bb4.jpg,0,0,0.9986,0.201,0.004,0.047,5.259,1.508,7.702,0.32,15.419
FireSmokeVideoNEW23_f76_jpg.rf.a966534c07edefd0f3dff0c96376a243.jpg,0,0,1.0,0.308,0.006,0.056,7.611,1.442,7.162,0.26,17.227
FireSmokeVideoNEW23_f90_jpg.rf.b61cfc180d6eceb938b4af6caf51abf9.jpg,0,0,1.0,0.203,0.004,0.046,4.958,0.982,7.461,0.332,14.374
FireSmokeVideoNEW240_f24_jpg.rf.c32f26544e37c883914250c509498e68.jpg,0,0,0.9966,0.211,0.004,0.04,9.015,3.851,15.01,0.272,28.796
FireSmokeVideoNEW240_f26_jpg.rf.827a12f2836232905b4da03069e4a2bb.jpg,0,0,0.9972,0.303,0.006,0.061,7.596,1.008,7.857,0.315,17.528
FireSmokeVideoNEW247_f0_jpg.rf.beef7d32aee1fcf9184bde5c0007c8a7.jpg,0,0,0.5841,0.322,0.008,0.06,8.514,1.205,8.116,0.243,19.106
FireSmokeVideoNEW247_f11_jpg.rf.22e187d3de34114cbe2eee824dcf8ea4.jpg,0,0,0.999,0.315,0.006,0.058,5.047,0.975,7.59,0.348,14.76
FireSmokeVideoNEW247_f13_jpg.rf.cf17b57023a106f84957783337e1dd83.jpg,0,0,0.9998,0.291,0.005,0.058,6.783,0.974,7.121,0.233,15.844
FireSmokeVideoNEW247_f15_jpg.rf.36fd571e1f519a0b5e072f998cf318bf.jpg,0,0,0.9988,0.297,0.006,0.055,5.478,1.022,9.195,0.217,16.645
FireSmokeVideoNEW247_f22_jpg.rf.f99e1b6f5eb1bddbeb9ce9f856242d0b.jpg,0,0,0.9983,0.201,0.003,0.045,7.326,3.823,10.829,0.305,23.085
FireSmokeVideoNEW247_f24_jpg.rf.1ee4e739ab247b40d19859c571533d93.jpg,0,0,0.9692,0.404,0.009,0.071,7.966,3.456,8.305,0.223,20.965
FireSmokeVideoNEW247_f26_jpg.rf.a797b29033eb18f9d2b6c36421877eb6.jpg,0,0,0.5855,0.31,0.005,0.054,8.696,3.145,13.048,0.38,26.041
FireSmokeVideoNEW247_f29_jpg.rf.f14ac60e4f41877c5491fde4790673c3.jpg,0,1,0.5022,0.211,0.004,0.049,10.324,1.219,7.206,0.237,19.653
FireSmokeVideoNEW247_f30_jpg.rf.aafb436047adf51b707ef78707e2b913.jpg,0,1,0.409,0.317,0.006,0.056,5.632,1.072,7.171,0.23,14.89
FireSmokeVideoNEW247_f32_jpg.rf.e9ff5ba78f26413500f425b399e23665.jpg,0,1,0.8367,0.237,0.004,0.046,4.532,1.429,7.122,0.227,13.991
FireSmokeVideoNEW247_f34_jpg.rf.6c3c5690e43240a790d6a5e9721b8c63.jpg,0,1,0.7694,0.21,0.004,0.047,4.958,1.039,7.178,0.246,14.085
FireSmokeVideoNEW247_f4_jpg.rf.6a0ddd7371fb83e53e311ea22189d480.jpg,0,1,0.4896,0.204,0.004,0.045,10.965,6.326,8.828,0.447,27.369
FireSmokeVideoNEW247_f6_jpg.rf.a694822f16bef6e50518310eca6ac39e.jpg,0,1,0.5257,0.205,0.004,0.045,5.51,1.055,7.234,0.254,14.712
FireSmokeVideoNEW247_f8_jpg.rf.6b64236393a322ec185f256a364cf11c.jpg,0,0,0.7175,0.315,0.006,0.104,5.73,1.026,7.22,0.232,15.039
FireSmokeVideoNEW257_f14_jpg.rf.219b5dbc0697a8fa0cc33d06791cae70.jpg,0,0,0.9595,0.212,0.004,0.048,4.595,1.067,7.127,0.232,13.681
FireSmokeVideoNEW258_f100_jpg.rf.355178e1214dd3903eaa752ee7eef30e.jpg,0,0,0.9999,0.207,0.004,0.045,4.784,1.713,7.203,0.284,14.642
FireSmokeVideoNEW258_f11_jpg.rf.0dba1da8050dc2ce1b709b5f242f741d.jpg,0,0,0.9999,0.209,0.004,0.045,4.487,1.042,7.183,0.245,13.61
FireSmokeVideoNEW258_f170_jpg.rf.6c3e4b2743ca89c8ee5dd1856a6141bd.jpg,0,0,1.0,0.213,0.004,0.048,5.029,1.065,7.201,0.234,14.24
FireSmokeVideoNEW258_f1_jpg.rf.0d3b83be9ba47d2910cdb2dec33113fc.jpg,0,0,1.0,0.217,0.004,0.047,9.727,6.749,12.679,0.367,30.243
FireSmokeVideoNEW258_f2_jpg.rf.b83eafff3fd4b43c1860e76314bb50ac.jpg,0,0,1.0,0.205,0.004,0.087,6.454,3.306,8.904,0.246,19.742
FireSmokeVideoNEW258_f3_jpg.rf.cd8a2e8513bdb4e131855fb45fd1bdfc.jpg,0,0,1.0,0.321,0.007,0.061,8.488,1.022,7.26,0.24,18.16
FireSmokeVideoNEW258_f41_jpg.rf.de1a58da1bf54a7517d2312b13c76577.jpg,0,0,1.0,0.336,0.006,0.065,7.861,1.429,8.848,0.476,19.556
FireSmokeVideoNEW258_f51_jpg.rf.3235141ca98e65b2ab3e2a034029f5f0.jpg,0,0,0.9288,0.319,0.006,0.057,8.547,1.055,7.245,0.242,17.882
FireSmokeVideoNEW258_f5_jpg.rf.0858c131be1788253fc6056f1b952726.jpg,0,0,1.0,0.203,0.004,0.042,6.203,1.152,7.169,0.239,15.418
FireSmokeVideoNEW258_f7_jpg.rf.8516c19839e35db825c80a381605f57c.jpg,0,0,0.9999,0.201,0.004,0.044,4.405,1.003,7.193,0.237,13.488
FireSmokeVideoNEW258_f8_jpg.rf.06a72518e055cecd6c4555cd122fc078.jpg,0,0,0.9999,0.231,0.005,0.05,9.529,4.071,9.849,0.241,24.544
FireSmokeVideoNEW266_f22_jpg.rf.f1df0a77304fe82235036772cf5b8801.jpg,0,0,1.0,0.209,0.005,0.044,4.468,1.088,7.115,0.26,13.584
FireSmokeVideoNEW26_f19_jpg.rf.aeed9f3bfcb0a0dee24e772e00f3a420.jpg,0,0,0.6367,0.207,0.005,0.046,4.628,1.082,9.125,0.239,15.722
FireSmokeVideoNEW26_f21_jpg.rf.4f774db17e69a10fb5f9a8f7999edf9c.jpg,0,0,0.9998,0.319,0.006,0.064,6.37,1.267,8.498,0.314,17.353
FireSmokeVideoNEW26_f23_jpg.rf.8aa65d6972e281489f02f3f5ca285e15.jpg,0,1,0.4956,0.203,0.004,0.046,4.533,1.159,7.11,0.239,13.72
FireSmokeVideoNEW26_f25_jpg.rf.2dfc9f18e082edcb01be0a2710a98b76.jpg,0,0,0.8235,0.284,0.004,0.044,4.527,1.008,7.151,0.24,13.648
FireSmokeVideoNEW26_f31_jpg.rf.4143b47a6b97ba01168be4b9d2f60793.jpg,0,0,1.0,0.213,0.004,0.05,6.867,4.259,8.242,0.244,20.487
FireSmokeVideoNEW26_f35_jpg.rf.337993c7df976473f1dae7d82060e013.jpg,0,0,1.0,0.3,0.005,0.058,9.48,6.365,10.475,0.292,27.52
FireSmokeVideoNEW26_f46_jpg.rf.589a067217e777a751aad10475ecbefe.jpg,0,0,0.9994,0.208,0.005,0.047,4.934,0.977,7.183,0.235,13.99
FireSmokeVideoNEW26_f4_jpg.rf.d688d7df9f262c6d2b3e578c6873be05.jpg,0,0,0.8194,0.208,0.005,0.046,6.073,1.683,8.831,0.225,17.681
FireSmokeVideoNEW26_f56_jpg.rf.091996435ae26520beb3244b5e0ee2bc.jpg,0,0,0.9026,0.196,0.004,0.044,5.062,1.023,9.933,0.238,16.911
FireSmokeVideoNEW26_f59_jpg.rf.fa7bc3aac3cd3f1c051dd584b60dafe4.jpg,0,0,0.9879,0.206,0.005,0.045,6.7,3.314,7.183,0.23,18.086
FireSmokeVideoNEW26_f60_jpg.rf.62d0d8eae4ccc467a2e8fced935b824d.jpg,0,0,0.9959,0.199,0.004,0.048,6.099,1.022,7.255,0.234,15.269
FireSmokeVideoNEW26_f63_jpg.rf.69b2cff0f2bb17ae0ff536fc67019a1d.jpg,0,0,0.9843,0.208,0.004,0.045,4.709,1.012,7.195,0.232,13.807
FireSmokeVideoNEW272_f17_jpg.rf.681a79d14101780a9bcd7453d9a3c679.jpg,0,0,0.8225,0.207,0.004,0.072,8.289,6.747,10.769,0.285,26.929
FireSmokeVideoNEW272_f19_jpg.rf.9e21fc07045a840ba29d86234002d9e9.jpg,0,0,0.9303,0.212,0.004,0.047,5.343,1.361,7.101,0.235,14.698
FireSmokeVideoNEW272_f34_jpg.rf.17eab7e1f185c1bf78222fa35986e631.jpg,0,0,0.9853,0.203,0.004,0.044,4.521,1.67,7.096,0.224,14.159
FireSmokeVideoNEW272_f40_jpg.rf.5021128e8f11f4be0933cbc0e2ffd97a.jpg,0,0,0.9978,0.207,0.004,0.046,4.446,0.986,7.166,0.229,13.47
FireSmokeVideoNEW275_f0_jpg.rf.66efa8f4455c2211b1008e5a09fc635f.jpg,0,0,1.0,0.198,0.004,0.044,4.961,1.164,7.108,0.221,14.094
FireSmokeVideoNEW275_f2_jpg.rf.2c4eb2d850522c60eb1ad7590c09421c.jpg,0,0,1.0,0.205,0.004,0.043,4.472,0.984,7.109,0.221,13.427
FireSmokeVideoNEW275_f4_jpg.rf.3c3d229e122e904ca5813eb2f0b03a09.jpg,0,0,1.0,0.306,0.006,0.055,5.502,1.012,7.113,0.226,14.652
FireSmokeVideoNEW275_f7_jpg.rf.3d3cfcb2ac85080323093b5f4f6c41b8.jpg,0,0,0.9999,0.21,0.004,0.047,4.593,1.001,7.113,0.217,13.575
FireSmokeVideoNEW28_f10_jpg.rf.4bb4d72f7f6c00ff76743ecb428ff3d0.jpg,0,0,1.0,0.199,0.004,0.046,8.562,3.688,9.517,0.281,22.68
FireSmokeVideoNEW28_f1_jpg.rf.d1e73d75ae2b9e6caeec1d2cdc9124e7.jpg,0,0,1.0,0.205,0.005,0.045,5.4,1.006,7.177,0.221,14.462
FireSmokeVideoNEW28_f21_jpg.rf.457752981e7607422ba3a8fc0040cba9.jpg,0,0,1.0,0.202,0.004,0.044,4.46,1.031,7.176,0.22,13.539
FireSmokeVideoNEW28_f23_jpg.rf.f783a837f645611d965ea29521af99c8.jpg,0,0,1.0,0.202,0.005,0.047,4.455,1.1,7.12,0.218,13.534
FireSmokeVideoNEW28_f29_jpg.rf.e6f9ee24d7da87d2cb32dadd9e3b77c4.jpg,0,0,1.0,0.205,0.004,0.044,4.897,1.624,7.508,0.226,14.9
FireSmokeVideoNEW28_f31_jpg.rf.b75f68e92e02020b7ebcb2ab065a5e01.jpg,0,0,1.0,0.196,0.004,0.045,4.492,1.082,7.123,0.219,13.557
FireSmokeVideoNEW28_f34_jpg.rf.92bb8541bcf700c33b44667585e21002.jpg,0,0,1.0,0.209,0.004,0.044,4.426,1.065,7.185,0.207,13.524
FireSmokeVideoNEW28_f36_jpg.rf.d36a568fc3698f3163d4868ee8ad919b.jpg,0,0,1.0,0.205,0.004,0.042,4.558,1.087,7.132,0.216,13.63
FireSmokeVideoNEW28_f38_jpg.rf.3439617aab6c1d0e3ae38eb636cbbf8f.jpg,0,0,1.0,0.2,0.005,0.043,5.098,1.02,8.329,0.244,15.329
FireSmokeVideoNEW28_f3_jpg.rf.8071c70044c10492beb8062b5511f680.jpg,0,0,1.0,0.204,0.004,0.046,6.25,1.08,9.193,0.224,17.403
FireSmokeVideoNEW2_f21_jpg.rf.0e9524cf62f6668246104036ea965a9a.jpg,0,0,0.9981,0.208,0.004,0.041,4.456,1.011,7.098,0.219,13.47
FireSmokeVideoNEW2_f23_jpg.rf.2419c84a5bda0a37d4631053393f7144.jpg,0,0,0.9983,0.205,0.004,0.043,4.483,1.011,7.117,0.216,13.475
FireSmokeVideoNEW2_f3_jpg.rf.96bdfc0d1d0807033c3499bfcca417d2.jpg,0,0,0.9956,0.2,0.004,0.044,4.6,1.14,7.151,0.219,13.756
FireSmokeVideoNEW2_f5_jpg.rf.acd86e0e4ec1ad803dd924f149d009d0.jpg,0,0,0.992,0.204,0.004,0.043,4.388,1.007,7.19,0.216,13.44
FireSmokeVideoNEW32_f0_jpg.rf.2400a4bfa095f21a573437da42451295.jpg,0,0,1.0,0.202,0.003,0.043,4.47,1.009,7.189,0.228,13.528
FireSmokeVideoNEW32_f13_jpg.rf.ae355b286908e2d29d9a44f3f1b567b9.jpg,0,0,1.0,0.305,0.006,0.054,4.592,1.149,7.155,0.22,13.873
FireSmokeVideoNEW32_f16_jpg.rf.a2bcfc2b71be00d988e48550c76c42a9.jpg,0,0,1.0,0.204,0.004,0.043,6.229,4.679,12.445,0.275,24.393
FireSmokeVideoNEW32_f1_jpg.rf.3299347e0a4bdbc4da1df1a6db03ccd7.jpg,0,0,1.0,0.207,0.004,0.045,4.95,1.046,12.864,0.426,19.949
FireSmokeVideoNEW32_f22_jpg.rf.83ac8450a5d131bcc7a1a42581404bdf.jpg,0,0,1.0,0.199,0.005,0.045,5.65,1.023,8.274,0.334,16.003
FireSmokeVideoNEW32_f30_jpg.rf.14dd351a29b47e6c65320fb88bd6908f.jpg,0,0,0.6005,0.201,0.004,0.044,4.564,1.074,7.19,0.229,13.71
FireSmokeVideoNEW32_f32_jpg.rf.c7579105a780c42823b2bf0cfe716a2f.jpg,0,0,0.999,0.2,0.005,0.045,5.241,1.007,8.08,0.338,15.327
FireSmokeVideoNEW32_f35_jpg.rf.e85d0be8faf914b709dc04814aaf341f.jpg,0,0,0.9997,0.2,0.004,0.044,4.582,0.994,9.29,0.223,15.725
FireSmokeVideoNEW32_f5_jpg.rf.d64bb033fd7cbf4738e6dfe35fdf1703.jpg,0,0,1.0,0.196,0.004,0.044,4.491,1.069,7.131,0.223,13.558
FireSmokeVideoNEW32_f9_jpg.rf.6dee71363eb5db4b336191f69e9b1ed7.jpg,0,0,1.0,0.237,0.003,0.044,4.412,0.988,7.202,0.256,13.542
FireSmokeVideoNEW33_f22_jpg.rf.7b762c1aaea4343a5ef9d0c55f56f953.jpg,0,0,0.9999,0.207,0.004,0.041,7.408,3.998,14.277,0.357,27.024
FireSmokeVideoNEW33_f4_jpg.rf.2a2a5a5e75eee5f94bff7e57472718ad.jpg,0,0,0.9997,0.216,0.004,0.047,4.903,1.011,9.392,0.242,16.214
FireSmokeVideoNEW33_f7_jpg.rf.8f4a8f9f00ac9edbee0d4623323bdcd6.jpg,0,0,0.9992,0.212,0.004,0.045,4.644,1.026,7.166,0.242,13.726
FireSmokeVideoNEW33_f9_jpg.rf.6c70578f3c4ef4ec42b2df3d2c549ceb.jpg,0,0,0.9996,0.316,0.006,0.06,4.86,1.248,7.214,0.246,14.352
FireSmokeVideoNEW34_f1_jpg.rf.8215067316131a3313e18d5ad5353d99.jpg,0,0,1.0,0.211,0.004,0.048,4.698,1.016,7.223,0.247,13.847
FireSmokeVideoNEW34_f34_jpg.rf.37cec1d82efd789d44143e68cd758395.jpg,0,0,1.0,0.205,0.004,0.048,4.941,1.0,7.172,0.238,14.009
FireSmokeVideoNEW34_f38_jpg.rf.26502230165a0194b177c8d1b86e9696.jpg,0,0,1.0,0.205,0.004,0.044,4.41,1.029,7.136,0.24,13.465
FireSmokeVideoNEW34_f40_jpg.rf.b206248a0c183d0f0c6fa6b3cea3f9b1.jpg,0,0,1.0,0.3,0.006,0.062,6.464,3.14,7.391,0.377,18.162
FireSmokeVideoNEW34_f42_jpg.rf.d53011814dbea48b0ec1dafff52177a1.jpg,0,0,1.0,0.235,0.004,0.051,7.582,2.762,13.245,0.802,25.27
FireSmokeVideoNEW34_f44_jpg.rf.1177396e61f8137af220647dce4b1245.jpg,0,0,1.0,0.21,0.004,0.048,5.279,1.08,7.232,0.26,14.51
FireSmokeVideoNEW34_f46_jpg.rf.cca6e614ca8501a020d46912f1b3ee4e.jpg,0,0,1.0,0.209,0.004,0.048,4.601,1.064,7.188,0.232,13.735
FireSmokeVideoNEW34_f50_jpg.rf.a36a4778c1868528e32b55d792489d17.jpg,0,0,1.0,0.215,0.004,0.046,5.351,1.027,7.201,0.233,14.477
FireSmokeVideoNEW34_f52_jpg.rf.8ce2843bdac208f9cecc552f7a6ca397.jpg,0,0,1.0,0.207,0.004,0.047,4.714,0.994,7.13,0.261,13.759
FireSmokeVideoNEW34_f9_jpg.rf.21533fd04be19eae845493f79a8b8d5d.jpg,0,0,1.0,0.321,0.004,0.043,4.747,1.071,7.102,0.225,13.906
FireSmokeVideoNEW39_f12_jpg.rf.6b1a04cbd026fc441becebb94e427c4a.jpg,0,0,1.0,0.235,0.004,0.045,4.493,0.992,7.125,0.236,13.531
FireSmokeVideoNEW39_f14_jpg.rf.0b630472ef3171594b7408d634811857.jpg,0,0,1.0,0.31,0.007,0.057,10.254,8.482,12.65,0.408,32.781
FireSmokeVideoNEW39_f27_jpg.rf.a348c34cb0c905bc10848eef58c16736.jpg,0,0,1.0,0.209,0.004,0.046,7.517,1.459,10.776,0.274,20.817
FireSmokeVideoNEW39_f29_jpg.rf.3153d7e1c815872b09fa97870799ef0f.jpg,0,0,1.0,0.203,0.004,0.043,4.68,1.138,7.173,0.225,13.855
FireSmokeVideoNEW39_f30_jpg.rf.bc038c090b010da4c10327f81f872cb0.jpg,0,0,1.0,0.2,0.004,0.044,4.536,1.017,7.208,0.235,13.642
FireSmokeVideoNEW39_f38_jpg.rf.82ad0aa274eed9218fd4ed14780e9bad.jpg,0,0,1.0,0.21,0.004,0.04,5.059,0.988,7.137,0.221,14.052
FireSmokeVideoNEW39_f3_jpg.rf.c34909729e2fc010ba87b670b4c77269.jpg,0,0,1.0,0.204,0.004,0.047,4.524,1.015,7.158,0.223,13.565
FireSmokeVideoNEW39_f5_jpg.rf.92baa02b2efc10d6311e03b178523e76.jpg,0,0,1.0,0.203,0.004,0.044,5.078,1.011,7.129,0.226,14.084
FireSmokeVideoNEW39_f7_jpg.rf.6fa03b62a2a987bef0d1121c557bc62a.jpg,0,0,1.0,0.261,0.004,0.046,8.457,5.958,9.438,0.594,25.238
FireSmokeVideoNEW39_f9_jpg.rf.05d7d81358629eb2852e6331007a1a4a.jpg,0,0,1.0,0.211,0.004,0.047,5.051,1.007,7.211,0.234,14.174
FireSmokeVideoNEW42_f47_jpg.rf.fefbdf8f7c2f935e5f4f0b188f792887.jpg,0,0,0.9989,0.2,0.004,0.045,4.436,1.046,7.112,0.228,13.475
FireSmokeVideoNEW46_f0_jpg.rf.946d702a200935149a2bfd27e574bd51.jpg,0,0,0.9999,0.202,0.004,0.044,4.765,1.033,7.096,0.23,13.766
FireSmokeVideoNEW46_f11_jpg.rf.0936909f6cd873e909fd9cec877c6170.jpg,0,0,0.9419,0.198,0.004,0.043,5.12,1.001,7.112,0.258,14.13
FireSmokeVideoNEW46_f13_jpg.rf.0473876fe175a3df05494cecb56edf4b.jpg,0,0,0.9998,0.306,0.007,0.059,4.675,1.003,7.093,0.222,13.8
FireSmokeVideoNEW46_f17_jpg.rf.8ad412a7df70200affbd47d3955b8f23.jpg,0,0,1.0,0.203,0.004,0.043,4.578,1.276,7.094,0.221,13.807
FireSmokeVideoNEW46_f19_jpg.rf.a4ad74e22f482a72ff8982feeda7fc3d.jpg,0,0,0.9998,0.23,0.004,0.045,5.337,1.048,7.246,0.235,14.551
FireSmokeVideoNEW46_f2_jpg.rf.c648a34debc2802b7fcc427f8100ba55.jpg,0,0,0.9994,0.2,0.004,0.047,8.694,5.743,15.428,0.26,31.109
FireSmokeVideoNEW46_f3_jpg.rf.b37ca62c29e752c22d88e612645f6f13.jpg,0,0,0.9818,0.201,0.004,0.045,5.247,1.091,8.219,0.34,15.55
FireSmokeVideoNEW46_f5_jpg.rf.6fc10ebb6c245cf0beafb1715d734d4e.jpg,0,0,0.9148,0.217,0.004,0.049,5.4,1.682,7.158,0.233,15.14
FireSmokeVideoNEW46_f7_jpg.rf.bdb3373b6a924b037a4685de7305f41b.jpg,0,0,0.9744,0.224,0.004,0.049,5.141,1.171,9.206,0.249,16.438
FireSmokeVideoNEW47_f51_jpg.rf.c88a9a00e436ad4847e42bef177b68ce.jpg,0,0,0.8791,0.207,0.004,0.046,5.851,1.048,7.233,0.247,15.035
FireSmokeVideoNEW48_f14_jpg.rf.56243d543269e852e51ed4a0117e8539.jpg,0,0,0.9806,0.258,0.005,0.048,4.487,1.019,7.356,0.241,13.8
FireSmokeVideoNEW48_f19_jpg.rf.0b70ec5385e2deb805c52d665f085647.jpg,0,0,0.9999,0.329,0.006,0.06,4.897,1.106,7.155,0.239,14.177
FireSmokeVideoNEW48_f20_jpg.rf.2b84e7c78da5d2d5c1921742e44bdc1e.jpg,0,0,1.0,0.268,0.004,0.048,9.166,5.93,12.616,0.259,28.937
FireSmokeVideoNEW48_f27_jpg.rf.6f0ea7fe884a78a1b811a178ab0eac35.jpg,0,0,0.8627,0.212,0.004,0.046,4.973,1.064,7.948,0.335,14.99
FireSmokeVideoNEW48_f2_jpg.rf.ec11cbfdc108affb5a7c9723dbb7e5da.jpg,0,0,1.0,0.216,0.004,0.045,4.484,1.098,7.228,0.226,13.689
FireSmokeVideoNEW48_f4_jpg.rf.8cf00b4fa17c2551537859be9fde3adc.jpg,0,0,1.0,0.248,0.004,0.102,4.562,1.038,7.152,0.231,13.728
FireSmokeVideoNEW48_f9_jpg.rf.ca91030726b8b41e67493de29adad562.jpg,0,0,0.9999,0.216,0.004,0.049,4.45,1.717,7.223,0.26,14.669
FireSmokeVideoNEW53_f1_jpg.rf.be3cc4af60b8e00cd05cfa5e51ad005e.jpg,0,0,0.9985,0.217,0.005,0.047,4.531,1.048,7.166,0.24,13.648
FireSmokeVideoNEW53_f2_jpg.rf.3d973bf1ac678298859d488cb4bfe757.jpg,0,0,0.9987,0.21,0.003,0.045,4.649,1.482,7.111,0.219,14.104
FireSmokeVideoNEW53_f3_jpg.rf.c585371eb2404fbdf5969b1273dc86d6.jpg,0,0,0.999,0.224,0.004,0.048,11.942,1.893,17.252,0.818,32.698
FireSmokeVideoNEW53_f52_jpg.rf.a3230f3288fb962379665fb159f9317f.jpg,0,0,1.0,0.208,0.004,0.128,4.518,1.035,7.195,0.255,13.751
FireSmokeVideoNEW53_f5_jpg.rf.50876281755a19260cc1d23bde91547a.jpg,0,0,0.9989,0.207,0.004,0.049,4.785,1.116,7.203,0.294,14.048
FireSmokeVideoNEW53_f7_jpg.rf.7b454ecfa010b15be836f1818eb9bdcc.jpg,0,0,0.9999,0.216,0.004,0.047,4.578,1.097,7.284,0.253,13.875
FireSmokeVideoNEW53_f9_jpg.rf.fe1cd71cc35a34c3db2d47541a5a491f.jpg,0,0,0.9997,0.219,0.004,0.049,4.605,1.032,7.184,0.241,13.733
FireSmokeVideoNEW54_f13_jpg.rf.a9e867909a17f3f9c11ca08ddf18b5dc.jpg,0,0,0.9981,0.215,0.005,0.049,4.532,1.866,7.204,0.239,14.506
FireSmokeVideoNEW54_f38_jpg.rf.cca8610c8803098ff4c112e69e53928d.jpg,0,0,0.9998,0.205,0.005,0.045,4.637,1.009,7.143,0.24,13.677
FireSmokeVideoNEW54_f55_jpg.rf.8c8d8266780830e66fd8172a9978a3f3.jpg,0,0,0.9997,0.301,0.006,0.057,5.241,3.815,7.429,0.289,17.548
FireSmokeVideoNEW56_f20_jpg.rf.22946dd32acfc9afc317f1d62d04bfbf.jpg,0,0,1.0,0.213,0.004,0.045,6.201,1.011,7.875,0.238,16.169
FireSmokeVideoNEW56_f2_jpg.rf.80406e8b8db41fbb2a526666406933ea.jpg,0,0,0.9995,0.209,0.004,0.045,4.567,1.01,7.186,0.234,13.659
FireSmokeVideoNEW57_f0_jpg.rf.0f2ac245a69e897a0b3f132c5bf85c27.jpg,0,0,1.0,0.202,0.004,0.043,4.708,1.062,7.253,0.265,13.939
FireSmokeVideoNEW57_f17_jpg.rf.a453dc14f6f15fc3de4a74d44c01b582.jpg,0,0,1.0,0.208,0.004,0.046,4.585,1.088,7.147,0.224,13.697
FireSmokeVideoNEW57_f19_jpg.rf.193e9484ef231b4d852a672156a828fb.jpg,0,0,1.0,0.208,0.004,0.044,4.98,1.078,7.289,0.232,14.224
FireSmokeVideoNEW57_f31_jpg.rf.4740da129b70974c33df9d8baa14ef93.jpg,0,0,1.0,0.371,0.006,0.058,5.898,1.147,7.233,0.238,15.358
FireSmokeVideoNEW57_f42_jpg.rf.4f77a2a110e95e655d236b9a91d0cddc.jpg,0,0,0.9989,0.293,0.004,0.041,4.487,1.004,7.17,0.247,13.648
FireSmokeVideoNEW57_f6_jpg.rf.85c2607d9aad7c96de861d85c83cfd1e.jpg,0,0,0.9984,0.208,0.004,0.045,14.523,1.587,8.737,0.254,25.882
FireSmokeVideoNEW58_f17_jpg.rf.076d9217e2466be0e0fd241ae7f862a3.jpg,0,0,0.987,0.318,0.006,0.061,8.036,1.351,11.393,0.374,22.068
FireSmokeVideoNEW63_f11_jpg.rf.25ae51ab6751c2d51da80735217b0266.jpg,0,0,0.9893,0.207,0.004,0.048,4.75,1.027,9.45,0.344,16.253
FireSmokeVideoNEW63_f13_jpg.rf.b6d8ff5649c5231eb191262548710ec5.jpg,0,0,0.9816,0.32,0.006,0.062,9.123,1.155,7.412,0.24,19.14
FireSmokeVideoNEW63_f19_jpg.rf.e15a7746a3b7c63745c8c7b7da181fdf.jpg,0,0,0.9944,0.326,0.007,0.057,8.023,1.281,7.802,0.345,18.563
FireSmokeVideoNEW63_f36_jpg.rf.a0eba986ede34082f38d6ce0b5e4fbca.jpg,0,1,0.6959,0.201,0.004,0.045,4.892,0.999,7.458,0.333,14.374
FireSmokeVideoNEW63_f42_jpg.rf.fe301e2deb9d6c60b048e228f8e3f78b.jpg,0,1,0.9449,0.215,0.004,0.047,8.995,4.466,15.046,0.249,29.568
FireSmokeVideoNEW63_f6_jpg.rf.7c4ff88b991b7d55bc27353d442f6479.jpg,0,0,0.9916,0.203,0.004,0.043,7.341,1.369,8.699,0.221,18.386
FireSmokeVideoNEW63_f9_jpg.rf.a020de6c38e4bc3866286605bb6758c0.jpg,0,0,0.9138,0.216,0.004,0.048,5.825,1.469,8.03,0.232,16.334
FireSmokeVideoNEW64_f150_jpg.rf.6ec4b2d180978f7148d8db8b68ec3d6c.jpg,0,0,1.0,0.303,0.006,0.056,8.729,6.13,15.239,0.257,31.352
FireSmokeVideoNEW67_f2_jpg.rf.daadde4a854a81a0f02598ae3a1873b7.jpg,0,0,0.9921,0.24,0.004,0.043,5.329,3.047,7.754,0.335,17.182
FireSmokeVideoNEW67_f3_jpg.rf.e4ecce359edcc9aaee297ded26bd224d.jpg,0,0,0.9988,0.316,0.006,0.058,9.574,3.654,7.657,0.396,22.076
FireSmokeVideoNEW67_f4_jpg.rf.7ef6096d19f1e5d6c95361f949b8b860.jpg,0,0,0.9986,0.345,0.007,0.061,9.699,0.97,7.151,0.235,18.846
FireSmokeVideoNEW6_f10_jpg.rf.8cbe534300bd63ed1a2225d5bacef23f.jpg,0,0,0.9863,0.205,0.004,0.045,5.246,3.618,8.226,0.243,18.132
FireSmokeVideoNEW6_f13_jpg.rf.0554da6efca5c9547c0d2db399f61286.jpg,0,0,0.9412,0.2,0.004,0.046,5.261,0.995,9.359,0.318,16.581
FireSmokeVideoNEW6_f1_jpg.rf.3d6226ac747b206b2b0e2a82d90ad4c3.jpg,0,0,0.9915,0.199,0.004,0.046,5.02,1.001,7.479,0.319,14.451
FireSmokeVideoNEW6_f24_jpg.rf.8d2308fb08f265e0b97f90584fe28e2e.jpg,0,0,1.0,0.203,0.004,0.043,5.106,0.998,7.49,0.324,14.556
FireSmokeVideoNEW6_f2_jpg.rf.e109f60eb45b81065e94ec815811ebcd.jpg,0,0,0.9971,0.229,0.004,0.047,4.824,0.987,7.106,0.23,13.801
FireSmokeVideoNEW6_f4_jpg.rf.0d6b29d2f459353f71ddf60ae2b2fc48.jpg,0,0,0.9776,0.319,0.007,0.061,6.148,0.904,7.146,0.237,15.197
FireSmokeVideoNEW6_f6_jpg.rf.77b5c7930d92854bf87af48e1700c4e0.jpg,0,0,0.7778,0.199,0.005,0.042,7.653,4.978,11.903,0.251,25.863
FireSmokeVideoNEW6_f8_jpg.rf.f309ef160b3c3c369fea22b5a31bfda5.jpg,0,0,0.9424,0.32,0.006,0.063,7.404,1.448,8.123,0.355,18.197
FireSmokeVideoNEW73_f1_jpg.rf.5804fa5e2c17b2760c764f6cd0e4ee7a.jpg,0,0,0.9995,0.214,0.004,0.049,4.658,1.109,7.177,0.279,13.877
FireSmokeVideoNEW73_f31_jpg.rf.a5a7abcd560770f3ad8075c832046ab6.jpg,0,0,0.4571,0.216,0.004,0.049,4.577,1.143,7.183,0.231,13.79
FireSmokeVideoNEW73_f33_jpg.rf.be83c389fea72019723db1dbe2661485.jpg,0,1,0.5704,0.211,0.004,0.048,5.125,1.093,7.172,0.233,14.277
FireSmokeVideoNEW73_f3_jpg.rf.80cf7fd5835b56a66d2a5007f28b4327.jpg,0,0,0.9999,0.213,0.005,0.047,4.454,1.133,7.142,0.23,13.627
FireSmokeVideoNEW73_f45_jpg.rf.9dc49a737143aa0848b6916ab608c543.jpg,0,0,0.992,0.214,0.004,0.048,6.131,1.085,7.176,0.269,15.336
FireSmokeVideoNEW73_f4_jpg.rf.800537e07a64962896778864b0591eae.jpg,0,0,0.9999,0.211,0.005,0.046,10.845,3.774,11.526,0.245,27.039
FireSmokeVideoNEW73_f6_jpg.rf.515f0defa87139b149a5cfdee21313ac.jpg,0,0,1.0,0.281,0.006,0.075,9.255,1.287,8.103,0.224,19.753
FireSmokeVideoNEW75_f33_jpg.rf.2ee9cdd9def279ff273ef66e7a0cb377.jpg,0,0,1.0,0.317,0.004,0.044,4.833,1.098,7.85,0.361,14.901
FireSmokeVideoNEW75_f35_jpg.rf.b80679d1063fcd1f85d0d3f0c78ba13b.jpg,0,0,1.0,0.352,0.006,0.059,5.168,1.032,7.817,0.341,15.189
FireSmokeVideoNEW75_f45_jpg.rf.69e2c92e7d989e8269ffd61a27a2aa13.jpg,0,0,1.0,0.267,0.004,0.047,4.695,1.13,8.156,0.329,15.014
FireSmokeVideoNEW75_f48_jpg.rf.4fe0cc9fcd7df1aa6c6bed8ca01c8015.jpg,0,0,0.9999,0.304,0.006,0.059,7.288,3.866,7.396,0.245,19.555
FireSmokeVideoNEW75_f68_jpg.rf.9aaeb12d401e8cc7f2939155adecc0f5.jpg,0,0,0.9999,0.296,0.006,0.06,8.167,3.765,7.3,0.292,20.316
FireSmokeVideoNEW75_f75_jpg.rf.e88e49fecb20c35c69c34942f33a06a7.jpg,0,0,1.0,0.198,0.004,0.044,8.532,1.482,10.402,0.35,21.406
FireSmokeVideoNEW75_f78_jpg.rf.87dddcc348df8fb661dcc67f17bb9f2d.jpg,0,0,1.0,0.202,0.004,0.046,8.818,1.311,7.197,0.239,18.245
FireSmokeVideoNEW75_f80_jpg.rf.9471fe6a95f23f6cf0169b283586d685.jpg,0,0,1.0,0.328,0.007,0.059,7.614,1.394,8.06,0.234,18.22
FireSmokeVideoNEW77_f0_jpg.rf.4a14fd690d14ad736592948ee9e8479d.jpg,0,0,0.9999,0.202,0.004,0.044,4.616,1.051,7.174,0.233,13.722
FireSmokeVideoNEW77_f2_jpg.rf.88e0bee913f1efd71b9762beba9a9758.jpg,0,0,0.9959,0.206,0.004,0.044,4.56,0.992,7.13,0.244,13.567
FireSmokeVideoNEW77_f4_jpg.rf.11fca767124a67dfda05ea0ff98197d6.jpg,0,0,0.8486,0.197,0.004,0.044,5.077,1.082,7.084,0.226,14.118
FireSmokeVideoNEW77_f6_jpg.rf.0adf49b0786314e6dcf2ae804245b4c3.jpg,0,0,0.9999,0.203,0.004,0.044,4.698,1.044,7.253,0.243,13.892
FireSmokeVideoNEW78_f100_jpg.rf.0246a93591f580c23841f1f7a03d4378.jpg,0,0,0.9943,0.221,0.005,0.051,8.453,3.164,11.503,0.256,24.06
FireSmokeVideoNEW78_f102_jpg.rf.a2d5cf1ede7214163378c154870f20df.jpg,0,0,0.9456,0.206,0.004,0.046,4.884,1.059,7.146,0.23,13.977
FireSmokeVideoNEW78_f104_jpg.rf.4dfdeaab2d0f11e560669b1db346ab29.jpg,0,0,0.9988,0.201,0.004,0.048,4.997,1.371,7.008,0.224,14.28
FireSmokeVideoNEW78_f106_jpg.rf.03e27ed66fb5e083bcd70ef8e2b22de7.jpg,0,0,0.9939,0.2,0.004,0.047,5.72,1.35,8.834,0.233,16.889
FireSmokeVideoNEW78_f10_jpg.rf.69aed95726c0095073665b0547b6c0ed.jpg,0,0,0.9979,0.319,0.005,0.064,8.613,2.817,8.239,0.246,20.823
FireSmokeVideoNEW78_f122_jpg.rf.28dbb8a05a0291954b64ab4b75560d87.jpg,0,0,0.911,0.348,0.006,0.063,7.484,1.708,10.627,0.384,21.147
FireSmokeVideoNEW78_f124_jpg.rf.da29f797f636157db5e44eeee1e233f9.jpg,0,1,0.7623,0.2,0.004,0.046,7.232,1.221,8.113,0.237,17.83
FireSmokeVideoNEW78_f127_jpg.rf.321d817e07be65ecfaaed302fe940299.jpg,0,0,0.9469,0.37,0.007,0.064,11.087,3.81,12.802,0.251,28.781
FireSmokeVideoNEW78_f12_jpg.rf.2f015eabaf21f5b942f8a0bcf23d91ff.jpg,0,0,0.9984,0.317,0.006,0.058,9.062,2.947,7.998,0.334,21.107
FireSmokeVideoNEW78_f131_jpg.rf.b3b8dd2cd92377e41c69b08136962380.jpg,0,0,0.9999,0.312,0.007,0.057,8.737,1.282,10.848,0.387,22.139
FireSmokeVideoNEW78_f133_jpg.rf.b1330a0b83a815537dcb8cf7a805c634.jpg,0,0,0.9998,0.206,0.004,0.043,5.045,1.015,10.753,0.348,17.887
FireSmokeVideoNEW78_f136_jpg.rf.07483348f2b8003d1b57ebe68cabe6dd.jpg,0,0,0.9691,0.304,0.006,0.057,7.719,1.311,8.323,0.343,18.596
FireSmokeVideoNEW78_f138_jpg.rf.507f5c7806e18c1a350e44407de0fe2a.jpg,0,0,0.9948,0.309,0.005,0.058,8.283,1.302,8.559,0.457,19.5
FireSmokeVideoNEW78_f13_jpg.rf.e9056c18bdbf9fbd1a8673f84e127374.jpg,0,0,0.9826,0.345,0.006,0.063,12.522,4.446,8.858,0.336,27.009
FireSmokeVideoNEW78_f142_jpg.rf.3ad7a5e4c0bf22702d7b5346f04bc6ed.jpg,0,0,1.0,0.256,0.006,0.068,10.405,3.256,7.317,0.266,22.08
FireSmokeVideoNEW78_f145_jpg.rf.037ccfa0fc4c862099bf7bf7346c0f5f.jpg,0,0,0.9564,0.316,0.007,0.064,8.501,1.344,8.347,0.363,19.535
FireSmokeVideoNEW78_f147_jpg.rf.53226233b248526015d8caca17485998.jpg,0,0,0.9997,0.319,0.006,0.058,9.005,1.25,7.699,0.233,19.079
FireSmokeVideoNEW78_f14_jpg.rf.e0b0e00597d55eb4106355586ac58022.jpg,0,0,0.9959,0.333,0.007,0.058,7.676,2.035,10.46,0.358,21.438
FireSmokeVideoNEW78_f152_jpg.rf.1468ff75ff69d32c3b5da5a0f41b31d5.jpg,0,0,0.9178,0.205,0.004,0.045,6.199,1.303,8.015,0.227,16.512
FireSmokeVideoNEW78_f158_jpg.rf.44c2d57f7bada69f448ebba94a5be347.jpg,0,0,0.9826,0.309,0.004,0.056,10.322,6.299,10.856,0.251,28.672
FireSmokeVideoNEW78_f15_jpg.rf.61bfc553293c8b84ca5e66929864acdf.jpg,0,1,0.5126,0.321,0.006,0.065,7.921,1.128,7.741,0.33,17.903
FireSmokeVideoNEW78_f161_jpg.rf.fc6ab255d1073c4cd042aea1a9ffc0ce.jpg,0,0,0.5247,0.214,0.004,0.051,5.416,1.057,7.32,0.233,14.674
FireSmokeVideoNEW78_f164_jpg.rf.58c533961fb4ab7e37ea72d1d25da9f6.jpg,0,0,0.9237,0.238,0.004,0.046,5.309,1.069,9.315,0.229,16.602
FireSmokeVideoNEW78_f17_jpg.rf.299e2d271ee22e3adee51bd0a3922796.jpg,0,1,0.558,0.206,0.004,0.046,5.173,1.01,7.214,0.23,14.589
FireSmokeVideoNEW78_f19_jpg.rf.6a9a9334d939cc1725e048d33aaac632.jpg,0,0,0.9999,0.307,0.007,0.055,8.294,1.233,7.813,0.321,18.423
FireSmokeVideoNEW78_f26_jpg.rf.808c1332a8ddd27dc683519fdb709c59.jpg,0,0,0.9995,0.308,0.006,0.051,7.758,1.257,7.469,0.445,17.689
FireSmokeVideoNEW78_f31_jpg.rf.f9b23ec992e523a23dab00a5f1df7323.jpg,0,0,0.9998,0.211,0.004,0.046,8.242,5.533,12.708,0.281,27.592
FireSmokeVideoNEW78_f34_jpg.rf.048c3a009cf9f01f2c893c3a7f4d29f9.jpg,0,0,0.9773,0.299,0.007,0.062,8.153,1.031,7.456,0.34,17.756
FireSmokeVideoNEW78_f38_jpg.rf.d7bcbb88a8606325bca512f08fb12b85.jpg,0,0,0.9998,0.322,0.006,0.055,7.462,1.248,7.719,0.223,17.534
FireSmokeVideoNEW78_f42_jpg.rf.e3b7341b07eedc97e4f9e71568efcf3b.jpg,0,0,0.9999,0.312,0.007,0.056,7.569,3.968,12.953,0.367,25.639
FireSmokeVideoNEW78_f47_jpg.rf.0441a6536279080fb8d9e3973da359e1.jpg,0,0,0.9994,0.309,0.005,0.061,8.905,5.857,8.062,0.228,23.95
FireSmokeVideoNEW78_f49_jpg.rf.dde62e81d3b1003dec55327fb90205a1.jpg,0,0,0.9997,0.195,0.004,0.042,6.675,1.177,9.112,0.234,17.938
FireSmokeVideoNEW78_f52_jpg.rf.97cae6149ae8788c2184eaed6c87a189.jpg,0,0,0.9997,0.207,0.005,0.045,5.372,2.892,7.235,0.259,16.438
FireSmokeVideoNEW78_f61_jpg.rf.be1e2bc45ce111239fd79c23f8ab84da.jpg,0,0,0.9987,0.205,0.004,0.047,8.376,3.633,12.287,0.249,25.19
FireSmokeVideoNEW78_f63_jpg.rf.fbb9f0f738cfd1b52d9679fde4e550d0.jpg,0,0,0.9759,0.203,0.004,0.047,6.563,3.87,8.266,0.432,19.905
FireSmokeVideoNEW78_f75_jpg.rf.9736fba22ca009ad8d833f2743ffdbc4.jpg,0,0,0.9965,0.293,0.006,0.058,5.785,0.998,8.202,0.345,16.086
FireSmokeVideoNEW78_f78_jpg.rf.ad211232a0cea8103bc29bcabecf64d2.jpg,0,1,0.6087,0.298,0.006,0.055,6.987,1.002,7.183,0.237,16.153
FireSmokeVideoNEW78_f88_jpg.rf.9c9b2172a345b216cb3b8b94a5c2d2ab.jpg,0,0,0.9976,0.338,0.006,0.073,6.188,1.306,8.156,0.245,16.913
FireSmokeVideoNEW78_f90_jpg.rf.80cbc2f807fa48bb77a0ddbb4f92d53b.jpg,0,0,0.6741,0.283,0.006,0.05,6.192,1.006,7.395,0.246,15.559
FireSmokeVideoNEW78_f92_jpg.rf.27764e757cbe076dd10b68e650b76830.jpg,0,1,0.94,0.304,0.007,0.056,9.679,2.96,7.393,0.28,21.08
FireSmokeVideoNEW79_f0_jpg.rf.6c233f9324baca74d71237694e6208bd.jpg,0,0,0.8368,0.42,0.006,0.056,6.175,2.957,7.168,0.233,17.595
FireSmokeVideoNEW79_f2_jpg.rf.5ab5b7083ef2140587b2a747e3586750.jpg,0,1,0.5819,0.199,0.004,0.045,5.7,2.945,7.181,0.23,16.696
FireSmokeVideoNEW80_f50_jpg.rf.7f64db0a23902eb4e695223dd5747b37.jpg,0,1,0.5625,0.203,0.005,0.045,5.909,2.924,8.254,0.223,17.953
FireSmokeVideoNEW80_f61_jpg.rf.959eac64f354d759776d524f88c45b54.jpg,0,0,1.0,0.198,0.004,0.044,6.11,3.158,7.135,0.224,17.255
FireSmokeVideoNEW80_f65_jpg.rf.7f149793ecdde0a3088c67a29cf616da.jpg,0,0,1.0,0.196,0.004,0.044,8.275,4.811,8.121,0.237,22.211
FireSmokeVideoNEW81_f211_jpg.rf.38c21e9ceb0d450c3ed4ca3cf710875d.jpg,0,0,0.9998,0.198,0.004,0.045,6.918,6.075,11.018,0.242,25.014
FireSmokeVideoNEW89_f11_jpg.rf.70971440ad7fa3a635d4cc1ab55cad11.jpg,0,0,0.9999,0.222,0.004,0.044,8.726,6.232,8.375,0.235,24.373
FireSmokeVideoNEW89_f17_jpg.rf.ec3175100da4cb6b501a733b338779f7.jpg,0,0,1.0,0.312,0.006,0.061,7.078,0.999,7.541,0.345,16.745
FireSmokeVideoNEW89_f1_jpg.rf.37a11c7ddf12f38ce97517fee96442bb.jpg,0,0,1.0,0.303,0.007,0.059,7.713,1.281,8.452,0.347,18.68
FireSmokeVideoNEW89_f2_jpg.rf.16478f8bf0e21d7ae5ef8e7051a527cb.jpg,0,0,1.0,0.309,0.006,0.058,7.743,1.089,10.362,0.363,20.321
FireSmokeVideoNEW89_f4_jpg.rf.fa8d6c732f82ea8bce65e81448214a57.jpg,0,0,0.9999,0.203,0.004,0.045,4.8,1.133,8.326,0.332,15.36
FireSmokeVideoNEW89_f6_jpg.rf.ccdfa2eab1b682546c276d848611695a.jpg,0,0,1.0,0.301,0.007,0.057,8.132,1.199,7.33,0.337,17.756
FireSmokeVideoNEW91_f108_jpg.rf.5ef9b4b7ed321d80a6402fbdae06d84b.jpg,0,0,0.6718,0.302,0.007,0.058,8.718,3.491,7.589,0.378,20.946
FireSmokeVideoNEW91_f12_jpg.rf.2be217fe87bb1d10063e40ad2f98edfb.jpg,0,0,0.7191,0.209,0.004,0.044,7.671,1.113,7.835,0.331,17.62
FireSmokeVideoNEW91_f13_jpg.rf.6304559d635dfce84893aab443a42e65.jpg,0,0,0.8392,0.207,0.004,0.044,4.964,0.973,9.535,0.311,16.423
FireSmokeVideoNEW91_f148_jpg.rf.9e5f4e32806ea4cc19e38216c32ddd68.jpg,0,0,0.8691,0.198,0.004,0.047,5.097,1.29,7.491,0.328,14.838
FireSmokeVideoNEW91_f170_jpg.rf.d36210d91c7d46d5ca51b63bc9498af5.jpg,0,0,0.8492,0.2,0.005,0.046,4.614,1.734,7.107,0.224,14.299
FireSmokeVideoNEW91_f21_jpg.rf.a12d1de3d7849f71b00134f7aad3c96e.jpg,0,0,0.9098,0.295,0.007,0.054,4.99,0.993,7.118,0.215,14.043
FireSmokeVideoNEW91_f38_jpg.rf.a087aed53a287ec998541fb45a7d99bd.jpg,0,0,0.9996,0.204,0.004,0.044,5.361,0.866,7.128,0.232,14.205
FireSmokeVideoNEW91_f40_jpg.rf.780ddb94651d757a91f575081bd62f4b.jpg,0,0,0.9996,0.283,0.005,0.051,5.108,1.067,7.146,0.216,14.245
FireSmokeVideoNEW91_f42_jpg.rf.32a7340390b259f4193b115a5e8b8e6e.jpg,0,0,0.6502,0.268,0.004,0.047,6.588,4.03,10.936,0.256,22.504
FireSmokeVideoNEW91_f47_jpg.rf.950519a05fa951eb26376e406dab7dbf.jpg,0,0,0.8211,0.302,0.007,0.062,5.961,1.045,7.49,0.346,15.606
FireSmokeVideoNEW91_f6_jpg.rf.6737f231d43f4a31b404b6c2d00a7653.jpg,0,0,0.9863,0.309,0.006,0.056,5.662,1.301,7.378,0.313,15.405
FireSmokeVideoNEW91_f83_jpg.rf.b3ce501ee874dfaa8930d94da168fbcf.jpg,0,0,0.6589,0.297,0.006,0.055,7.445,1.273,7.259,0.237,16.953
FireSmokeVideoNEW94_f46_jpg.rf.388c6a516184b8ceb517c84668463f97.jpg,0,0,1.0,0.191,0.004,0.045,4.741,0.978,7.095,0.229,13.657
FireSmokeVideoNEW94_f51_jpg.rf.3626a9e872bd6254896a5f991db229b2.jpg,0,0,1.0,0.197,0.004,0.046,5.082,0.967,7.127,0.223,14.019
FireSmokeVideoNEW95_f106_jpg.rf.7ac012d87c7064e231e67b159d856e28.jpg,0,0,0.9986,0.29,0.004,0.052,5.699,0.969,9.243,0.256,16.894
FireSmokeVideoNEW95_f114_jpg.rf.c99df44b78ce44d23869a9bf3e625f92.jpg,0,0,0.8628,0.211,0.004,0.047,10.458,3.566,8.145,0.235,23.188
FireSmokeVideoNEW95_f13_jpg.rf.60cf14a601d84bc46dadd09d8994103b.jpg,0,0,1.0,0.205,0.004,0.045,8.217,3.268,7.506,0.363,20.261
FireSmokeVideoNEW95_f15_jpg.rf.f4b4ef47a62a51c9b6f84fe85b00c663.jpg,0,0,1.0,0.327,0.006,0.062,7.713,2.711,14.481,0.416,26.276
FireSmokeVideoNEW95_f18_jpg.rf.fdc6e6e99e84c4e6f0c6a9801a40822d.jpg,0,0,1.0,0.322,0.006,0.061,7.847,1.574,7.342,0.223,17.913
FireSmokeVideoNEW95_f1_jpg.rf.9804acdca65427359fba9b986ef302a2.jpg,0,0,1.0,0.33,0.007,0.064,8.777,1.714,7.462,0.222,19.078
FireSmokeVideoNEW95_f24_jpg.rf.7b772eb5e401a33372318f80ab499a50.jpg,0,0,1.0,0.31,0.005,0.054,8.207,1.466,7.902,0.23,18.727
FireSmokeVideoNEW95_f32_jpg.rf.44f112f3dbd99de1d1a8077f4babbf85.jpg,0,0,1.0,0.21,0.004,0.044,9.431,5.587,15.35,0.253,31.314
FireSmokeVideoNEW95_f37_jpg.rf.da1a2dd187454ee9f36d002cac9e5bbe.jpg,0,0,1.0,0.205,0.004,0.045,5.955,1.082,8.462,0.355,16.538
FireSmokeVideoNEW95_f3_jpg.rf.f97f1088cab1defa5ede17fae3662dda.jpg,0,0,1.0,0.233,0.004,0.044,4.748,1.032,7.169,0.238,13.874
FireSmokeVideoNEW95_f45_jpg.rf.9844ba63008fca16a3502cdc3c933efc.jpg,0,0,0.9938,0.309,0.006,0.052,4.661,1.177,7.121,0.226,13.996
FireSmokeVideoNEW95_f50_jpg.rf.3d5c735424cc3a268d3362e0fa08dc16.jpg,0,0,0.9993,0.201,0.004,0.046,5.186,1.095,7.108,0.228,14.265
FireSmokeVideoNEW95_f5_jpg.rf.cdc15902b07229d99725abc0684fcbeb.jpg,0,0,1.0,0.207,0.004,0.045,4.452,1.03,9.148,0.23,15.521
FireSmokeVideoNEW95_f63_jpg.rf.df736824eb6997aabc4ce76c0164e51b.jpg,0,0,1.0,0.21,0.005,0.046,4.567,1.008,7.123,0.218,13.573
FireSmokeVideoNEW95_f76_jpg.rf.32126628e086bbad37b3cb91027df6f7.jpg,0,0,1.0,0.211,0.004,0.045,10.05,5.87,8.107,0.235,25.116
FireSmokeVideoNEW95_f80_jpg.rf.ff75a8d8a75895d16e986cf812a0dacb.jpg,0,0,0.9999,0.203,0.004,0.043,4.925,0.987,7.184,0.244,14.027
FireSmokeVideoNEW95_f86_jpg.rf.77ef4245f2953f19593223d6430fa91d.jpg,0,0,1.0,0.203,0.004,0.046,4.68,1.012,9.155,0.235,15.727
FireSmokeVideoNEW95_f93_jpg.rf.75818e05099b5c576452f919c5123dcc.jpg,0,0,1.0,0.207,0.004,0.048,5.203,1.024,8.15,0.399,15.446
FireSmokeVideoNEW99_f10_jpg.rf.01b20f0e79f99cce5df8d577002a3842.jpg,0,1,0.8373,0.202,0.004,0.043,4.535,1.068,7.234,0.228,13.709
FireSmokeVideoNEW99_f32_jpg.rf.89458da19c6af99040a01488035d8c55.jpg,0,0,0.9973,0.199,0.004,0.045,4.949,0.998,7.169,0.243,14.026
FireSmokeVideoNEW99_f40_jpg.rf.eb37bb0cdb2d2172b8c1b9940ce6d06f.jpg,0,0,0.9994,0.2,0.004,0.046,4.633,0.975,9.138,0.244,15.626
FireSmokeVideoNEW99_f76_jpg.rf.1418a6430312c9788d22cda8ccd39184.jpg,0,0,0.9995,0.301,0.004,0.045,6.225,3.116,11.82,0.401,22.337
